frame_number,landmark,x,y,z,action,label
0,NOSE,0.5913907289505005,0.5009398460388184,0.20590847730636597,[],0
0,LEFT_EYE_INNER,0.5890492796897888,0.4917795956134796,0.18758386373519897,[],0
0,LEFT_EYE,0.5872248411178589,0.49116042256355286,0.1876193732023239,[],0
0,LEFT_EYE_OUTER,0.5852339863777161,0.49090003967285156,0.18758566677570343,[],0
0,RIGHT_EYE_INNER,0.5941832065582275,0.49267300963401794,0.1871352344751358,[],0
0,RIGHT_EYE,0.5959264636039734,0.49268245697021484,0.18713338673114777,[],0
0,RIGHT_EYE_OUTER,0.5975849628448486,0.49291539192199707,0.1870708167552948,[],0
0,LEFT_EAR,0.581572949886322,0.4944574534893036,0.11237375438213348,[],0
0,RIGHT_EAR,0.6005519032478333,0.49786829948425293,0.11044057458639145,[],0
0,MOUTH_LEFT,0.5880345106124878,0.5074627995491028,0.18206752836704254,[],0
0,MOUTH_RIGHT,0.5933631658554077,0.5094243288040161,0.18127204477787018,[],0
0,LEFT_SHOULDER,0.5583788752555847,0.5471336841583252,0.08254251629114151,[],0
0,RIGHT_SHOULDER,0.6156371235847473,0.5543161630630493,0.05293945223093033,[],0
0,LEFT_ELBOW,0.5489503145217896,0.6143179535865784,0.16009722650051117,[],0
0,RIGHT_ELBOW,0.6058685779571533,0.6166805624961853,0.115484818816185,[],0
0,LEFT_WRIST,0.5695463418960571,0.6131210923194885,0.2924351096153259,[],0
0,RIGHT_WRIST,0.5954919457435608,0.6142669916152954,0.25157609581947327,[],0
0,LEFT_PINKY,0.572205662727356,0.6183346509933472,0.31497320532798767,[],0
0,RIGHT_PINKY,0.593800961971283,0.6133692860603333,0.27536195516586304,[],0
0,LEFT_INDEX,0.5790291428565979,0.6132197976112366,0.31511709094047546,[],0
0,RIGHT_INDEX,0.5906900763511658,0.6077041029930115,0.27933406829833984,[],0
0,LEFT_THUMB,0.57892245054245,0.6124598979949951,0.2959749400615692,[],0
0,RIGHT_THUMB,0.5900409817695618,0.6066153049468994,0.25743207335472107,[],0
0,LEFT_HIP,0.5602183938026428,0.691625714302063,0.02057647332549095,[],0
0,RIGHT_HIP,0.5961700081825256,0.6986281871795654,-0.020736373960971832,[],0
0,LEFT_KNEE,0.5474047064781189,0.7928224802017212,0.04590160399675369,[],0
0,RIGHT_KNEE,0.6122793555259705,0.80813068151474,0.04040097817778587,[],0
0,LEFT_ANKLE,0.5348227024078369,0.9031813144683838,-0.0035378793254494667,[],0
0,RIGHT_ANKLE,0.6184120774269104,0.9254890084266663,-0.012572335079312325,[],0
0,LEFT_HEEL,0.5328898429870605,0.9223651885986328,-0.007126399781554937,[],0
0,RIGHT_HEEL,0.6123281121253967,0.9479043483734131,-0.016317885369062424,[],0
0,LEFT_FOOT_INDEX,0.5396271347999573,0.9140275716781616,-0.00718088960275054,[],0
0,RIGHT_FOOT_INDEX,0.6423830389976501,0.940109372138977,-0.013060420751571655,[],0
1,NOSE,0.5912038087844849,0.500481903553009,0.20604772865772247,0,0
1,LEFT_EYE_INNER,0.5888672471046448,0.49132096767425537,0.18887673318386078,0,0
1,LEFT_EYE,0.586986243724823,0.4906909465789795,0.18891052901744843,0,0
1,LEFT_EYE_OUTER,0.5850202441215515,0.49028918147087097,0.18888218700885773,0,0
1,RIGHT_EYE_INNER,0.5938910245895386,0.4920913279056549,0.18724270164966583,0,0
1,RIGHT_EYE,0.5955238342285156,0.4920530617237091,0.1872456669807434,0,0
1,RIGHT_EYE_OUTER,0.5971786975860596,0.4921781122684479,0.18719159066677094,0,0
1,LEFT_EAR,0.5812515616416931,0.49347275495529175,0.12136350572109222,0,0
1,RIGHT_EAR,0.5995689034461975,0.49689891934394836,0.11097490787506104,0,0
1,MOUTH_LEFT,0.5879095196723938,0.5070968866348267,0.18422307074069977,0,0
1,MOUTH_RIGHT,0.5932070016860962,0.508884072303772,0.18156422674655914,0,0
1,LEFT_SHOULDER,0.5565388798713684,0.5470554232597351,0.09508789330720901,0,0
1,RIGHT_SHOULDER,0.6142006516456604,0.5544922351837158,0.049625691026449203,0,0
1,LEFT_ELBOW,0.5463846325874329,0.6157382130622864,0.13774362206459045,0,0
1,RIGHT_ELBOW,0.6077353358268738,0.6295677423477173,0.07721816748380661,0,0
1,LEFT_WRIST,0.564860999584198,0.6378338932991028,0.20645298063755035,0,0
1,RIGHT_WRIST,0.5959225296974182,0.6599411368370056,0.14649556577205658,0,0
1,LEFT_PINKY,0.5685716867446899,0.6450778245925903,0.21708916127681732,0,0
1,RIGHT_PINKY,0.5936367511749268,0.6787170171737671,0.15489420294761658,0,0
1,LEFT_INDEX,0.5712394118309021,0.6426078081130981,0.21519812941551208,0,0
1,RIGHT_INDEX,0.5901769399642944,0.6672801971435547,0.15491166710853577,0,0
1,LEFT_THUMB,0.5705414414405823,0.6399157047271729,0.20688222348690033,0,0
1,RIGHT_THUMB,0.5896856784820557,0.6615709662437439,0.14847256243228912,0,0
1,LEFT_HIP,0.5596570372581482,0.6916954517364502,0.027565035969018936,0,0
1,RIGHT_HIP,0.5930944681167603,0.6984900236129761,-0.027598479762673378,0,0
1,LEFT_KNEE,0.5473451018333435,0.7930644750595093,0.049328211694955826,0,0
1,RIGHT_KNEE,0.6114894151687622,0.8080223202705383,0.0032604061998426914,0,0
1,LEFT_ANKLE,0.5350667834281921,0.9032262563705444,0.03229033201932907,0,0
1,RIGHT_ANKLE,0.6183826327323914,0.925342857837677,-0.030849674716591835,0,0
1,LEFT_HEEL,0.5340514779090881,0.9219369888305664,0.031053943559527397,0,0
1,RIGHT_HEEL,0.6125117540359497,0.94732266664505,-0.034105535596609116,0,0
1,LEFT_FOOT_INDEX,0.539620578289032,0.9136912822723389,0.022321486845612526,0,0
1,RIGHT_FOOT_INDEX,0.6420686841011047,0.9387277960777283,-0.046514637768268585,0,0
2,NOSE,0.5900648832321167,0.49918919801712036,0.2071361243724823,0,0
2,LEFT_EYE_INNER,0.5877550840377808,0.4901350736618042,0.1895143687725067,0,0
2,LEFT_EYE,0.5858517289161682,0.4895600378513336,0.1895456612110138,0,0
2,LEFT_EYE_OUTER,0.5839569568634033,0.4891173243522644,0.18951894342899323,0,0
2,RIGHT_EYE_INNER,0.5927994251251221,0.4908207058906555,0.18786032497882843,0,0
2,RIGHT_EYE,0.5943530201911926,0.49079322814941406,0.18787528574466705,0,0
2,RIGHT_EYE_OUTER,0.5960131883621216,0.4908860921859741,0.18783003091812134,0,0
2,LEFT_EAR,0.5804112553596497,0.49208641052246094,0.11948586255311966,0,0
2,RIGHT_EAR,0.5986349582672119,0.4960222542285919,0.11098804324865341,0,0
2,MOUTH_LEFT,0.5868576765060425,0.5059493184089661,0.18489952385425568,0,0
2,MOUTH_RIGHT,0.5923700928688049,0.5077152848243713,0.1823711395263672,0,0
2,LEFT_SHOULDER,0.5551647543907166,0.5465239882469177,0.09497299045324326,0,0
2,RIGHT_SHOULDER,0.6133520603179932,0.5544862747192383,0.04883818328380585,0,0
2,LEFT_ELBOW,0.5440484285354614,0.6172826886177063,0.1175614669919014,0,0
2,RIGHT_ELBOW,0.6090020537376404,0.6352804899215698,0.07797179371118546,0,0
2,LEFT_WRIST,0.5629981160163879,0.6422267556190491,0.17313136160373688,0,0
2,RIGHT_WRIST,0.5997401475906372,0.6717150807380676,0.14750157296657562,0,0
2,LEFT_PINKY,0.567209780216217,0.649969220161438,0.18062497675418854,0,0
2,RIGHT_PINKY,0.5966948866844177,0.6933576464653015,0.1561405509710312,0,0
2,LEFT_INDEX,0.5694723129272461,0.6477894186973572,0.17934085428714752,0,0
2,RIGHT_INDEX,0.5934222936630249,0.6848686933517456,0.15551532804965973,0,0
2,LEFT_THUMB,0.5686048269271851,0.6450051069259644,0.1733509749174118,0,0
2,RIGHT_THUMB,0.5934402942657471,0.6758818626403809,0.14928774535655975,0,0
2,LEFT_HIP,0.5594057440757751,0.6916887164115906,0.026799583807587624,0,0
2,RIGHT_HIP,0.5919719338417053,0.6984190344810486,-0.0269782654941082,0,0
2,LEFT_KNEE,0.547163724899292,0.793091356754303,0.026265466585755348,0,0
2,RIGHT_KNEE,0.6109908819198608,0.8074793815612793,0.01275146659463644,0,0
2,LEFT_ANKLE,0.5352376103401184,0.9032896757125854,0.01822296343743801,0,0
2,RIGHT_ANKLE,0.6183669567108154,0.9250641465187073,-0.0036405688151717186,0,0
2,LEFT_HEEL,0.5349767208099365,0.9219191670417786,0.01707562804222107,0,0
2,RIGHT_HEEL,0.612747311592102,0.9471210241317749,-0.0042704869993031025,0,0
2,LEFT_FOOT_INDEX,0.5391110181808472,0.9131469130516052,0.010818863287568092,0,0
2,RIGHT_FOOT_INDEX,0.6420871615409851,0.936939537525177,-0.015578791499137878,0,0
3,NOSE,0.5895678400993347,0.49879884719848633,0.19453440606594086,0,0
3,LEFT_EYE_INNER,0.5872290134429932,0.4896371364593506,0.17731788754463196,0,0
3,LEFT_EYE,0.5853216052055359,0.48907849192619324,0.17734460532665253,0,0
3,LEFT_EYE_OUTER,0.5834432244300842,0.4886259436607361,0.1773286759853363,0,0
3,RIGHT_EYE_INNER,0.5922701358795166,0.4903394877910614,0.17352314293384552,0,0
3,RIGHT_EYE,0.5937983393669128,0.49032893776893616,0.1735362559556961,0,0
3,RIGHT_EYE_OUTER,0.5954305529594421,0.49039390683174133,0.17348375916481018,0,0
3,LEFT_EAR,0.5798243284225464,0.491609126329422,0.11008413881063461,0,0
3,RIGHT_EAR,0.5980099439620972,0.4956313967704773,0.0924469605088234,0,0
3,MOUTH_LEFT,0.5863742828369141,0.5056021213531494,0.17374125123023987,0,0
3,MOUTH_RIGHT,0.5919292569160461,0.5073392391204834,0.16860611736774445,0,0
3,LEFT_SHOULDER,0.5542870759963989,0.5465079545974731,0.08684980124235153,0,0
3,RIGHT_SHOULDER,0.6123331785202026,0.5537375211715698,0.02300211600959301,0,0
3,LEFT_ELBOW,0.5432417392730713,0.6184558272361755,0.09940977394580841,0,0
3,RIGHT_ELBOW,0.609502911567688,0.6330915689468384,0.04303767904639244,0,0
3,LEFT_WRIST,0.5622419118881226,0.6445019841194153,0.1268760859966278,0,0
3,RIGHT_WRIST,0.6033203601837158,0.6753343939781189,0.10485005378723145,0,0
3,LEFT_PINKY,0.5664659738540649,0.6553928852081299,0.1304759532213211,0,0
3,RIGHT_PINKY,0.6004875302314758,0.6965451240539551,0.11089185625314713,0,0
3,LEFT_INDEX,0.569351315498352,0.6499482989311218,0.12851949036121368,0,0
3,RIGHT_INDEX,0.597396194934845,0.690493643283844,0.11143289506435394,0,0
3,LEFT_THUMB,0.5684147477149963,0.6474505066871643,0.12584061920642853,0,0
3,RIGHT_THUMB,0.5975596308708191,0.6830629110336304,0.10715579986572266,0,0
3,LEFT_HIP,0.5591432452201843,0.6918317675590515,0.03027534857392311,0,0
3,RIGHT_HIP,0.5909615159034729,0.6984345316886902,-0.030316345393657684,0,0
3,LEFT_KNEE,0.5469347834587097,0.7930904030799866,0.03306462988257408,0,0
3,RIGHT_KNEE,0.6107059121131897,0.8070443868637085,0.0029076668433845043,0,0
3,LEFT_ANKLE,0.5352493524551392,0.9032904505729675,0.03735654801130295,0,0
3,RIGHT_ANKLE,0.6183607578277588,0.9246670603752136,-0.0011028533335775137,0,0
3,LEFT_HEEL,0.5351327657699585,0.9218371510505676,0.03857013210654259,0,0
3,RIGHT_HEEL,0.6127488017082214,0.9466707706451416,-0.0008342820801772177,0,0
3,LEFT_FOOT_INDEX,0.5385876893997192,0.9127992391586304,0.029260925948619843,0,0
3,RIGHT_FOOT_INDEX,0.6422075033187866,0.9368252754211426,-0.011895404197275639,0,0
4,NOSE,0.5890229940414429,0.49748867750167847,0.1747092306613922,0,0
4,LEFT_EYE_INNER,0.5866318941116333,0.4884524941444397,0.1569969654083252,0,0
4,LEFT_EYE,0.5847445130348206,0.488015741109848,0.15701772272586823,0,0
4,LEFT_EYE_OUTER,0.5828800797462463,0.48766982555389404,0.157002791762352,0,0
4,RIGHT_EYE_INNER,0.5916529297828674,0.48895180225372314,0.15316404402256012,0,0
4,RIGHT_EYE,0.5931443572044373,0.48894670605659485,0.15317586064338684,0,0
4,RIGHT_EYE_OUTER,0.5947587490081787,0.48901429772377014,0.15311898291110992,0,0
4,LEFT_EAR,0.5793565511703491,0.49095121026039124,0.0895949974656105,0,0
4,RIGHT_EAR,0.5972638726234436,0.4946973919868469,0.07213681191205978,0,0
4,MOUTH_LEFT,0.5859046578407288,0.5045766234397888,0.15425415337085724,0,0
4,MOUTH_RIGHT,0.5914058685302734,0.5062211155891418,0.14909055829048157,0,0
4,LEFT_SHOULDER,0.5540968775749207,0.546515703201294,0.07021971791982651,0,0
4,RIGHT_SHOULDER,0.6118536591529846,0.5531395077705383,0.005641953554004431,0,0
4,LEFT_ELBOW,0.543269693851471,0.6193863749504089,0.08501427620649338,0,0
4,RIGHT_ELBOW,0.6115413904190063,0.6351832151412964,0.02404269017279148,0,0
4,LEFT_WRIST,0.562066376209259,0.647358238697052,0.10982494056224823,0,0
4,RIGHT_WRIST,0.6061283946037292,0.6809034943580627,0.08085856586694717,0,0
4,LEFT_PINKY,0.5662012100219727,0.6586837768554688,0.11344318836927414,0,0
4,RIGHT_PINKY,0.6033301949501038,0.7015331983566284,0.0854429230093956,0,0
4,LEFT_INDEX,0.5691385865211487,0.6550363302230835,0.11091931909322739,0,0
4,RIGHT_INDEX,0.6002758145332336,0.6952067017555237,0.0861932560801506,0,0
4,LEFT_THUMB,0.5683937668800354,0.6500057578086853,0.1086265817284584,0,0
4,RIGHT_THUMB,0.6004742383956909,0.6875911355018616,0.0830821618437767,0,0
4,LEFT_HIP,0.5589876174926758,0.6921288371086121,0.031914860010147095,0,0
4,RIGHT_HIP,0.5907259583473206,0.698381781578064,-0.03194514662027359,0,0
4,LEFT_KNEE,0.546873152256012,0.7933384776115417,0.03827904164791107,0,0
4,RIGHT_KNEE,0.6106166243553162,0.8059269189834595,0.0037603192031383514,0,0
4,LEFT_ANKLE,0.5352502465248108,0.9033864736557007,0.052801523357629776,0,0
4,RIGHT_ANKLE,0.6184138655662537,0.9230515360832214,0.009601675905287266,0,0
4,LEFT_HEEL,0.5351355671882629,0.9221658706665039,0.05463910475373268,0,0
4,RIGHT_HEEL,0.612786591053009,0.9449291229248047,0.010812102816998959,0,0
4,LEFT_FOOT_INDEX,0.5385234951972961,0.9110003709793091,0.04558400437235832,0,0
4,RIGHT_FOOT_INDEX,0.6426071524620056,0.9363256096839905,0.0003711952595040202,0,0
5,NOSE,0.5889686346054077,0.4960714876651764,0.1543208211660385,0,0
5,LEFT_EYE_INNER,0.586551308631897,0.4869404435157776,0.13698309659957886,0,0
5,LEFT_EYE,0.5846651196479797,0.4865860044956207,0.13700208067893982,0,0
5,LEFT_EYE_OUTER,0.5828055739402771,0.4863464832305908,0.13699206709861755,0,0
5,RIGHT_EYE_INNER,0.5915863513946533,0.48745208978652954,0.13235558569431305,0,0
5,RIGHT_EYE,0.59309321641922,0.4874888062477112,0.1323678344488144,0,0
5,RIGHT_EYE_OUTER,0.5947312116622925,0.48758986592292786,0.13230392336845398,0,0
5,LEFT_EAR,0.5792725682258606,0.49012497067451477,0.07211937755346298,0,0
5,RIGHT_EAR,0.5971181988716125,0.4933880865573883,0.05121633782982826,0,0
5,MOUTH_LEFT,0.5858771800994873,0.5033901929855347,0.13497294485569,0,0
5,MOUTH_RIGHT,0.5913705825805664,0.504919171333313,0.12884187698364258,0,0
5,LEFT_SHOULDER,0.5540974736213684,0.5465437173843384,0.05786776915192604,0,0
5,RIGHT_SHOULDER,0.6118896007537842,0.5514398813247681,-0.015705758705735207,0,0
5,LEFT_ELBOW,0.5436083078384399,0.6205111742019653,0.07170309126377106,0,0
5,RIGHT_ELBOW,0.613369345664978,0.6351824998855591,-7.56261870265007e-05,0,0
5,LEFT_WRIST,0.5624670386314392,0.6496196985244751,0.08986269682645798,0,0
5,RIGHT_WRIST,0.6110342741012573,0.6846747398376465,0.05782396346330643,0,0
5,LEFT_PINKY,0.5666225552558899,0.6609727144241333,0.09345123916864395,0,0
5,RIGHT_PINKY,0.6094472408294678,0.704107940196991,0.061849143356084824,0,0
5,LEFT_INDEX,0.5698419213294983,0.6575162410736084,0.08984696120023727,0,0
5,RIGHT_INDEX,0.6061356067657471,0.6992615461349487,0.06428778171539307,0,0
5,LEFT_THUMB,0.569037139415741,0.6539040803909302,0.08817577362060547,0,0
5,RIGHT_THUMB,0.6057371497154236,0.6920910477638245,0.060937754809856415,0,0
5,LEFT_HIP,0.5590261816978455,0.69227135181427,0.03448871150612831,0,0
5,RIGHT_HIP,0.5909449458122253,0.6983254551887512,-0.03454040363430977,0,0
5,LEFT_KNEE,0.5468763709068298,0.7931743264198303,0.05239231511950493,0,0
5,RIGHT_KNEE,0.6106413006782532,0.8042232990264893,0.007814132608473301,0,0
5,LEFT_ANKLE,0.535172164440155,0.903307318687439,0.07045590132474899,0,0
5,RIGHT_ANKLE,0.6183050274848938,0.9209426045417786,0.0247091855853796,0,0
5,LEFT_HEEL,0.5350874066352844,0.9221534729003906,0.072785884141922,0,0
5,RIGHT_HEEL,0.6125244498252869,0.942619800567627,0.027007540687918663,0,0
5,LEFT_FOOT_INDEX,0.5383959412574768,0.9097140431404114,0.06689990311861038,0,0
5,RIGHT_FOOT_INDEX,0.6426039934158325,0.9358597993850708,0.01939643733203411,0,0
6,NOSE,0.5893706679344177,0.4956085681915283,0.13304568827152252,0,0
6,LEFT_EYE_INNER,0.5870465636253357,0.48627761006355286,0.1177954226732254,0,0
6,LEFT_EYE,0.5851320028305054,0.48590177297592163,0.11781250685453415,0,0
6,LEFT_EYE_OUTER,0.5832744240760803,0.485667884349823,0.117802195250988,0,0
6,RIGHT_EYE_INNER,0.5918764472007751,0.48679232597351074,0.11085496842861176,0,0
6,RIGHT_EYE,0.5933525562286377,0.4868335723876953,0.11087064445018768,0,0
6,RIGHT_EYE_OUTER,0.5949705839157104,0.48694249987602234,0.11080344766378403,0,0
6,LEFT_EAR,0.5795160531997681,0.4895901083946228,0.06136409565806389,0,0
6,RIGHT_EAR,0.5972198843955994,0.49261337518692017,0.030345432460308075,0,0
6,MOUTH_LEFT,0.5864407420158386,0.502944827079773,0.11667164415121078,0,0
6,MOUTH_RIGHT,0.5917279720306396,0.5045520067214966,0.10765179991722107,0,0
6,LEFT_SHOULDER,0.5542219281196594,0.5465731620788574,0.05962476506829262,0,0
6,RIGHT_SHOULDER,0.6119335889816284,0.5507192015647888,-0.04183666408061981,0,0
6,LEFT_ELBOW,0.5438238978385925,0.6208952069282532,0.08170522749423981,0,0
6,RIGHT_ELBOW,0.6146251559257507,0.6345878839492798,-0.03396405652165413,0,0
6,LEFT_WRIST,0.5627089142799377,0.6485312581062317,0.10179172456264496,0,0
6,RIGHT_WRIST,0.6149427890777588,0.687664270401001,0.014448302797973156,0,0
6,LEFT_PINKY,0.5671961307525635,0.6598374843597412,0.10681687295436859,0,0
6,RIGHT_PINKY,0.6141247153282166,0.7061168551445007,0.014727317728102207,0,0
6,LEFT_INDEX,0.5703170895576477,0.6568506956100464,0.10040983557701111,0,0
6,RIGHT_INDEX,0.6108320951461792,0.7009932398796082,0.018058059737086296,0,0
6,LEFT_THUMB,0.5696887373924255,0.6535813808441162,0.09895168244838715,0,0
6,RIGHT_THUMB,0.6100469827651978,0.6945136189460754,0.017663465812802315,0,0
6,LEFT_HIP,0.5597328543663025,0.693250298500061,0.04351025074720383,0,0
6,RIGHT_HIP,0.5910857915878296,0.6985673308372498,-0.04354526847600937,0,0
6,LEFT_KNEE,0.5470981001853943,0.7928078174591064,0.07999613136053085,0,0
6,RIGHT_KNEE,0.6110517382621765,0.8034065365791321,-0.0007576457574032247,0,0
6,LEFT_ANKLE,0.5351504683494568,0.9028580188751221,0.1090230643749237,0,0
6,RIGHT_ANKLE,0.6175222992897034,0.9199727177619934,0.021436452865600586,0,0
6,LEFT_HEEL,0.5350614786148071,0.9213219285011292,0.1122303456068039,0,0
6,RIGHT_HEEL,0.6109591722488403,0.9417193531990051,0.024129142984747887,0,0
6,LEFT_FOOT_INDEX,0.5384056568145752,0.9094366431236267,0.10724026709794998,0,0
6,RIGHT_FOOT_INDEX,0.6420523524284363,0.9358127117156982,0.014215948060154915,0,0
7,NOSE,0.5910501480102539,0.4951944947242737,0.10523383319377899,0,0
7,LEFT_EYE_INNER,0.5885259509086609,0.4856334626674652,0.0912790298461914,0,0
7,LEFT_EYE,0.5866554975509644,0.4852127134799957,0.09129288792610168,0,0
7,LEFT_EYE_OUTER,0.5846948027610779,0.4849322736263275,0.09127949923276901,0,0
7,RIGHT_EYE_INNER,0.593272864818573,0.48630303144454956,0.08358179777860641,0,0
7,RIGHT_EYE,0.5946766138076782,0.48637068271636963,0.08361036330461502,0,0
7,RIGHT_EYE_OUTER,0.5961678624153137,0.4864903688430786,0.08354466408491135,0,0
7,LEFT_EAR,0.5804003477096558,0.4889414608478546,0.0424971804022789,0,0
7,RIGHT_EAR,0.5973043441772461,0.4919517934322357,0.008230183273553848,0,0
7,MOUTH_LEFT,0.5880910754203796,0.502440333366394,0.09192696213722229,0,0
7,MOUTH_RIGHT,0.5931935906410217,0.5041626691818237,0.08197411894798279,0,0
7,LEFT_SHOULDER,0.5543642044067383,0.5470173358917236,0.05269329622387886,0,0
7,RIGHT_SHOULDER,0.6120110750198364,0.5501919984817505,-0.06099937483668327,0,0
7,LEFT_ELBOW,0.5449960827827454,0.6225274801254272,0.09194592386484146,0,0
7,RIGHT_ELBOW,0.6182685494422913,0.6356728672981262,-0.052803050726652145,0,0
7,LEFT_WRIST,0.5640029907226562,0.6462847590446472,0.13202235102653503,0,0
7,RIGHT_WRIST,0.6174653768539429,0.6952891945838928,-0.003655538195744157,0,0
7,LEFT_PINKY,0.5685899257659912,0.6581913828849792,0.14166401326656342,0,0
7,RIGHT_PINKY,0.6168226003646851,0.7143604159355164,-0.003028605133295059,0,0
7,LEFT_INDEX,0.571394145488739,0.6541054844856262,0.13408462703227997,0,0
7,RIGHT_INDEX,0.61359041929245,0.7099053859710693,0.0003087533114012331,0,0
7,LEFT_THUMB,0.5707639455795288,0.6492696404457092,0.12957458198070526,0,0
7,RIGHT_THUMB,0.6127436757087708,0.7029684782028198,-0.00020843511447310448,0,0
7,LEFT_HIP,0.5612742900848389,0.6940152049064636,0.04562606289982796,0,0
7,RIGHT_HIP,0.59141606092453,0.6990820169448853,-0.04568587616086006,0,0
7,LEFT_KNEE,0.5477670431137085,0.7926415205001831,0.08738505095243454,0,0
7,RIGHT_KNEE,0.6122960448265076,0.8031583428382874,0.0011456268839538097,0,0
7,LEFT_ANKLE,0.5351587533950806,0.9024888277053833,0.12068834900856018,0,0
7,RIGHT_ANKLE,0.6155959367752075,0.9193553924560547,0.028315534815192223,0,0
7,LEFT_HEEL,0.5350338220596313,0.9207667708396912,0.12434429675340652,0,0
7,RIGHT_HEEL,0.6089910864830017,0.9410950541496277,0.031789667904376984,0,0
7,LEFT_FOOT_INDEX,0.5387483239173889,0.9081800580024719,0.12151029706001282,0,0
7,RIGHT_FOOT_INDEX,0.638327419757843,0.9355334043502808,0.022120535373687744,0,0
8,NOSE,0.5947102308273315,0.4953230619430542,0.10150982439517975,0,0
8,LEFT_EYE_INNER,0.5917598009109497,0.48567748069763184,0.08889521658420563,0,0
8,LEFT_EYE,0.5898380875587463,0.4852204918861389,0.08890935778617859,0,0
8,LEFT_EYE_OUTER,0.5879751443862915,0.4849139153957367,0.08889245986938477,0,0
8,RIGHT_EYE_INNER,0.5962695479393005,0.4863898456096649,0.08008601516485214,0,0
8,RIGHT_EYE,0.5976946353912354,0.4864579439163208,0.08011335879564285,0,0
8,RIGHT_EYE_OUTER,0.5991612672805786,0.48658424615859985,0.08004909008741379,0,0
8,LEFT_EAR,0.5829964280128479,0.4888739585876465,0.04475470259785652,0,0
8,RIGHT_EAR,0.5987622141838074,0.4918504059314728,0.005395778454840183,0,0
8,MOUTH_LEFT,0.5918074250221252,0.5025361180305481,0.08966302126646042,0,0
8,MOUTH_RIGHT,0.5965631008148193,0.5042665004730225,0.07818470895290375,0,0
8,LEFT_SHOULDER,0.556255578994751,0.5470987558364868,0.05804501473903656,0,0
8,RIGHT_SHOULDER,0.6121519804000854,0.5492161512374878,-0.06685985624790192,0,0
8,LEFT_ELBOW,0.5471746921539307,0.6226149201393127,0.09841541945934296,0,0
8,RIGHT_ELBOW,0.6189054250717163,0.6348129510879517,-0.08672325313091278,0,0
8,LEFT_WRIST,0.5673004388809204,0.6449205279350281,0.13851067423820496,0,0
8,RIGHT_WRIST,0.6214650869369507,0.6916366815567017,-0.07638642191886902,0,0
8,LEFT_PINKY,0.5704444646835327,0.6576133370399475,0.14908790588378906,0,0
8,RIGHT_PINKY,0.6215320229530334,0.7106842398643494,-0.08197467774152756,0,0
8,LEFT_INDEX,0.5747531056404114,0.6529251337051392,0.1405348926782608,0,0
8,RIGHT_INDEX,0.6190344095230103,0.7071451544761658,-0.07638832181692123,0,0
8,LEFT_THUMB,0.5741831660270691,0.6471849083900452,0.13576970994472504,0,0
8,RIGHT_THUMB,0.6180188059806824,0.7004590034484863,-0.07308538258075714,0,0
8,LEFT_HIP,0.5630544424057007,0.6941903233528137,0.04998786002397537,0,0
8,RIGHT_HIP,0.5924264192581177,0.6992876529693604,-0.05004246160387993,0,0
8,LEFT_KNEE,0.5495078563690186,0.7919503450393677,0.09385823458433151,0,0
8,RIGHT_KNEE,0.6134721040725708,0.8028742074966431,-0.01211707852780819,0,0
8,LEFT_ANKLE,0.5351597666740417,0.9005423784255981,0.12716035544872284,0,0
8,RIGHT_ANKLE,0.6130722165107727,0.9187349677085876,0.02080657333135605,0,0
8,LEFT_HEEL,0.534886360168457,0.9185492992401123,0.1304217129945755,0,0
8,RIGHT_HEEL,0.6061448454856873,0.9398452043533325,0.01998085342347622,0,0
8,LEFT_FOOT_INDEX,0.5395095348358154,0.9083480834960938,0.12506349384784698,0,0
8,RIGHT_FOOT_INDEX,0.6352218985557556,0.9353069067001343,0.00955627765506506,0,0
9,NOSE,0.5981473326683044,0.49540191888809204,0.1217658519744873,0,0
9,LEFT_EYE_INNER,0.5946146249771118,0.48564279079437256,0.10809475928544998,0,0
9,LEFT_EYE,0.5927636623382568,0.4851049482822418,0.10811168700456619,0,0
9,LEFT_EYE_OUTER,0.5908439755439758,0.48470816016197205,0.10810104012489319,0,0
9,RIGHT_EYE_INNER,0.5993122458457947,0.4864906668663025,0.09989840537309647,0,0
9,RIGHT_EYE,0.6007674932479858,0.48656874895095825,0.09991633892059326,0,0
9,RIGHT_EYE_OUTER,0.6022424697875977,0.48670196533203125,0.09984661638736725,0,0
9,LEFT_EAR,0.5857382416725159,0.4887731373310089,0.05767001211643219,0,0
9,RIGHT_EAR,0.6013721823692322,0.4918544590473175,0.02067471481859684,0,0
9,MOUTH_LEFT,0.595113217830658,0.5026001930236816,0.10745862871408463,0,0
9,MOUTH_RIGHT,0.5998464822769165,0.5043420195579529,0.09672047197818756,0,0
9,LEFT_SHOULDER,0.5589245557785034,0.547210156917572,0.061534471809864044,0,0
9,RIGHT_SHOULDER,0.6128250956535339,0.5480890274047852,-0.05303185433149338,0,0
9,LEFT_ELBOW,0.5499598979949951,0.623093843460083,0.08423630148172379,0,0
9,RIGHT_ELBOW,0.619709849357605,0.6327345967292786,-0.07483518123626709,0,0
9,LEFT_WRIST,0.5691255331039429,0.6491888761520386,0.09738008677959442,0,0
9,RIGHT_WRIST,0.6248529553413391,0.6870813369750977,-0.06467156857252121,0,0
9,LEFT_PINKY,0.5717916488647461,0.6640948057174683,0.10368064790964127,0,0
9,RIGHT_PINKY,0.625995934009552,0.7041886448860168,-0.07021582871675491,0,0
9,LEFT_INDEX,0.5768650770187378,0.6598684787750244,0.09599843621253967,0,0
9,RIGHT_INDEX,0.6240293383598328,0.7008504271507263,-0.0639127567410469,0,0
9,LEFT_THUMB,0.5762606859207153,0.652356743812561,0.0941932201385498,0,0
9,RIGHT_THUMB,0.6227565407752991,0.6952593922615051,-0.061296090483665466,0,0
9,LEFT_HIP,0.5661287903785706,0.6951867341995239,0.048767607659101486,0,0
9,RIGHT_HIP,0.5953828692436218,0.6997455358505249,-0.048832718282938004,0,0
9,LEFT_KNEE,0.5523256659507751,0.7911353707313538,0.08075918257236481,0,0
9,RIGHT_KNEE,0.6143894791603088,0.8024564981460571,-0.015407628379762173,0,0
9,LEFT_ANKLE,0.5352396368980408,0.8994627594947815,0.10045787692070007,0,0
9,RIGHT_ANKLE,0.611379861831665,0.9184147715568542,0.014134409837424755,0,0
9,LEFT_HEEL,0.5347462892532349,0.9177579879760742,0.10246089100837708,0,0
9,RIGHT_HEEL,0.6038846373558044,0.9390259981155396,0.018304912373423576,0,0
9,LEFT_FOOT_INDEX,0.5396541953086853,0.9082896709442139,0.09655266255140305,0,0
9,RIGHT_FOOT_INDEX,0.6343438029289246,0.9352817535400391,0.0001995113998418674,0,0
10,NOSE,0.6013952493667603,0.49655410647392273,0.10664431750774384,0,0
10,LEFT_EYE_INNER,0.5976606011390686,0.48621323704719543,0.09549018740653992,0,0
10,LEFT_EYE,0.5958331227302551,0.48554274439811707,0.09550294280052185,0,0
10,LEFT_EYE_OUTER,0.5940426588058472,0.4850173890590668,0.09549244493246078,0,0
10,RIGHT_EYE_INNER,0.6022661924362183,0.48729264736175537,0.08559803664684296,0,0
10,RIGHT_EYE,0.6036422252655029,0.487369567155838,0.08561906218528748,0,0
10,RIGHT_EYE_OUTER,0.6049941182136536,0.4874407649040222,0.08554883301258087,0,0
10,LEFT_EAR,0.5889662504196167,0.48903000354766846,0.05448253080248833,0,0
10,RIGHT_EAR,0.6039164662361145,0.49204179644584656,0.01049460656940937,0,0
10,MOUTH_LEFT,0.5983377695083618,0.5036318898200989,0.09572970122098923,0,0
10,MOUTH_RIGHT,0.6027803421020508,0.5050926208496094,0.08293487131595612,0,0
10,LEFT_SHOULDER,0.5620206594467163,0.5475851893424988,0.0628179982304573,0,0
10,RIGHT_SHOULDER,0.6141363382339478,0.5478696227073669,-0.062130820006132126,0,0
10,LEFT_ELBOW,0.5520877838134766,0.6236525774002075,0.09251148998737335,0,0
10,RIGHT_ELBOW,0.6216310262680054,0.6326127648353577,-0.08004897087812424,0,0
10,LEFT_WRIST,0.5715002417564392,0.6490140557289124,0.11749294400215149,0,0
10,RIGHT_WRIST,0.6273859739303589,0.6867961883544922,-0.057485297322273254,0,0
10,LEFT_PINKY,0.5761146545410156,0.6622456312179565,0.12577615678310394,0,0
10,RIGHT_PINKY,0.6296578049659729,0.7015792727470398,-0.061104122549295425,0,0
10,LEFT_INDEX,0.579509973526001,0.6582979559898376,0.11845068633556366,0,0
10,RIGHT_INDEX,0.6275479793548584,0.6978251338005066,-0.055459123104810715,0,0
10,LEFT_THUMB,0.5785183310508728,0.6529228687286377,0.1146441176533699,0,0
10,RIGHT_THUMB,0.6256657838821411,0.6927418112754822,-0.053876105695962906,0,0
10,LEFT_HIP,0.5686638355255127,0.6953651309013367,0.05104172229766846,0,0
10,RIGHT_HIP,0.5983073115348816,0.6997544765472412,-0.051120322197675705,0,0
10,LEFT_KNEE,0.5555353760719299,0.7896424531936646,0.07744427770376205,0,0
10,RIGHT_KNEE,0.6153786778450012,0.803269624710083,-0.017781812697649002,0,0
10,LEFT_ANKLE,0.5356353521347046,0.8965279459953308,0.0943608507514,0,0
10,RIGHT_ANKLE,0.6107051372528076,0.9184020161628723,0.0006296024075709283,0,0
10,LEFT_HEEL,0.5345718860626221,0.9142172336578369,0.09589680284261703,0,0
10,RIGHT_HEEL,0.6031157374382019,0.9389616250991821,0.003361980663612485,0,0
10,LEFT_FOOT_INDEX,0.5411892533302307,0.9071845412254333,0.08923330157995224,0,0
10,RIGHT_FOOT_INDEX,0.6343759298324585,0.935232937335968,-0.012326962314546108,0,0
11,NOSE,0.6059626936912537,0.49764499068260193,0.09620873630046844,0,0
11,LEFT_EYE_INNER,0.6025164127349854,0.48706331849098206,0.08643496036529541,0,0
11,LEFT_EYE,0.600709080696106,0.4863109886646271,0.08644644916057587,0,0
11,LEFT_EYE_OUTER,0.5988999009132385,0.4856621026992798,0.08642874658107758,0,0
11,RIGHT_EYE_INNER,0.6067222952842712,0.4880324900150299,0.07547616958618164,0,0
11,RIGHT_EYE,0.6077239513397217,0.4880059063434601,0.07550302892923355,0,0
11,RIGHT_EYE_OUTER,0.6086677312850952,0.48797091841697693,0.0754435807466507,0,0
11,LEFT_EAR,0.5937545299530029,0.48944368958473206,0.05055901035666466,0,0
11,RIGHT_EAR,0.6067443490028381,0.4921342730522156,0.0013510247226804495,0,0
11,MOUTH_LEFT,0.6024162769317627,0.5048311352729797,0.08690567314624786,0,0
11,MOUTH_RIGHT,0.606345534324646,0.506025493144989,0.072594054043293,0,0
11,LEFT_SHOULDER,0.5640161633491516,0.5492244958877563,0.06372669339179993,0,0
11,RIGHT_SHOULDER,0.6163007616996765,0.5479748845100403,-0.06879039108753204,0,0
11,LEFT_ELBOW,0.5563256740570068,0.6257935166358948,0.09830789268016815,0,0
11,RIGHT_ELBOW,0.6222379803657532,0.6324416399002075,-0.09774783998727798,0,0
11,LEFT_WRIST,0.5774106979370117,0.6489481925964355,0.13226212561130524,0,0
11,RIGHT_WRIST,0.6305190920829773,0.685835599899292,-0.09485999494791031,0,0
11,LEFT_PINKY,0.5828837752342224,0.661523163318634,0.14083290100097656,0,0
11,RIGHT_PINKY,0.6342719793319702,0.700126051902771,-0.10158386081457138,0,0
11,LEFT_INDEX,0.5850055813789368,0.6580120921134949,0.1358826607465744,0,0
11,RIGHT_INDEX,0.6326814889907837,0.6968956589698792,-0.09527792781591415,0,0
11,LEFT_THUMB,0.5844215750694275,0.6517853140830994,0.1306692659854889,0,0
11,RIGHT_THUMB,0.6299821734428406,0.6919696927070618,-0.0914880558848381,0,0
11,LEFT_HIP,0.5714642405509949,0.6953300833702087,0.05241810530424118,0,0
11,RIGHT_HIP,0.601690948009491,0.699769914150238,-0.05247510224580765,0,0
11,LEFT_KNEE,0.5591352581977844,0.7879999279975891,0.07576651871204376,0,0
11,RIGHT_KNEE,0.6177796721458435,0.8034837245941162,-0.03034891001880169,0,0
11,LEFT_ANKLE,0.5364846587181091,0.8943372964859009,0.09183455258607864,0,0
11,RIGHT_ANKLE,0.6112468242645264,0.9185154438018799,-0.024971259757876396,0,0
11,LEFT_HEEL,0.5343441367149353,0.911724328994751,0.09314168244600296,0,0
11,RIGHT_HEEL,0.6035029888153076,0.9391549229621887,-0.024178339168429375,0,0
11,LEFT_FOOT_INDEX,0.5424858927726746,0.9080723524093628,0.0846945121884346,0,0
11,RIGHT_FOOT_INDEX,0.6350314617156982,0.9352478384971619,-0.04135842248797417,0,0
12,NOSE,0.6088737845420837,0.4980780780315399,0.09000849723815918,0,0
12,LEFT_EYE_INNER,0.6052924394607544,0.4875198304653168,0.08041269332170486,0,0
12,LEFT_EYE,0.6034647822380066,0.4868144989013672,0.08042427897453308,0,0
12,LEFT_EYE_OUTER,0.6017388105392456,0.4861849844455719,0.08041847497224808,0,0
12,RIGHT_EYE_INNER,0.6091433763504028,0.48833975195884705,0.06883793324232101,0,0
12,RIGHT_EYE,0.6100196838378906,0.4882740080356598,0.06886466592550278,0,0
12,RIGHT_EYE_OUTER,0.6108354330062866,0.48820602893829346,0.06879781931638718,0,0
12,LEFT_EAR,0.5965686440467834,0.4900321662425995,0.04541289806365967,0,0
12,RIGHT_EAR,0.608389675617218,0.49219033122062683,-0.006552882958203554,0,0
12,MOUTH_LEFT,0.6052995920181274,0.5054425597190857,0.08104002475738525,0,0
12,MOUTH_RIGHT,0.6089455485343933,0.5064460039138794,0.0660647377371788,0,0
12,LEFT_SHOULDER,0.5674366354942322,0.5498564839363098,0.06254824250936508,0,0
12,RIGHT_SHOULDER,0.6173631548881531,0.5480238199234009,-0.07424391806125641,0,0
12,LEFT_ELBOW,0.5618621110916138,0.6258918642997742,0.09389118105173111,0,0
12,RIGHT_ELBOW,0.621639609336853,0.631824791431427,-0.0784950777888298,0,0
12,LEFT_WRIST,0.5817916989326477,0.6521698832511902,0.11451144516468048,0,0
12,RIGHT_WRIST,0.6327446103096008,0.6838563084602356,-0.03674452006816864,0,0
12,LEFT_PINKY,0.5863685011863708,0.6632158160209656,0.12070941179990768,0,0
12,RIGHT_PINKY,0.6368491649627686,0.6991679072380066,-0.03908226266503334,0,0
12,LEFT_INDEX,0.588650643825531,0.6592510342597961,0.11313691735267639,0,0
12,RIGHT_INDEX,0.6362257599830627,0.6947266459465027,-0.03549771010875702,0,0
12,LEFT_THUMB,0.5911387205123901,0.6568662524223328,0.11118445545434952,0,0
12,RIGHT_THUMB,0.6333253979682922,0.689452588558197,-0.03354614973068237,0,0
12,LEFT_HIP,0.5744177103042603,0.6953016519546509,0.053123943507671356,0,0
12,RIGHT_HIP,0.6041128635406494,0.7001298069953918,-0.05319793149828911,0,0
12,LEFT_KNEE,0.563726007938385,0.7862352728843689,0.0854649767279625,0,0
12,RIGHT_KNEE,0.6194115877151489,0.8033820986747742,-0.01936623640358448,0,0
12,LEFT_ANKLE,0.5381777286529541,0.8907432556152344,0.1104133352637291,0,0
12,RIGHT_ANKLE,0.6116315722465515,0.9188188910484314,0.008131339214742184,0,0
12,LEFT_HEEL,0.5343557000160217,0.9088257551193237,0.11275088787078857,0,0
12,RIGHT_HEEL,0.6037784814834595,0.9396057724952698,0.010998636484146118,0,0
12,LEFT_FOOT_INDEX,0.5438874363899231,0.9080527424812317,0.10487156361341476,0,0
12,RIGHT_FOOT_INDEX,0.6357712149620056,0.935268759727478,-0.007183512207120657,0,0
13,NOSE,0.610605001449585,0.4994499981403351,0.08536707609891891,0,0
13,LEFT_EYE_INNER,0.6072661876678467,0.48916053771972656,0.07570035010576248,0,0
13,LEFT_EYE,0.6054914593696594,0.4884847104549408,0.07570849359035492,0,0
13,LEFT_EYE_OUTER,0.6038736701011658,0.4878455698490143,0.07570966333150864,0,0
13,RIGHT_EYE_INNER,0.6109613180160522,0.48978129029273987,0.06416502594947815,0,0
13,RIGHT_EYE,0.6118676662445068,0.48964375257492065,0.06417800486087799,0,0
13,RIGHT_EYE_OUTER,0.61269211769104,0.4894842505455017,0.06410131603479385,0,0
13,LEFT_EAR,0.5991153120994568,0.4912398159503937,0.039592646062374115,0,0
13,RIGHT_EAR,0.6100409030914307,0.49310076236724854,-0.01222576666623354,0,0
13,MOUTH_LEFT,0.6072393655776978,0.5070860385894775,0.07587666809558868,0,0
13,MOUTH_RIGHT,0.6107407808303833,0.5078892111778259,0.06095552071928978,0,0
13,LEFT_SHOULDER,0.5700576305389404,0.5503132343292236,0.05488802120089531,0,0
13,RIGHT_SHOULDER,0.6187894940376282,0.5482518076896667,-0.0762125700712204,0,0
13,LEFT_ELBOW,0.5671242475509644,0.6259181499481201,0.07781913131475449,0,0
13,RIGHT_ELBOW,0.6219856142997742,0.6318496465682983,-0.0774565115571022,0,0
13,LEFT_WRIST,0.5845016837120056,0.6570493578910828,0.08922126144170761,0,0
13,RIGHT_WRIST,0.6346319317817688,0.6832859516143799,-0.03285574913024902,0,0
13,LEFT_PINKY,0.588448703289032,0.6698856353759766,0.09306171536445618,0,0
13,RIGHT_PINKY,0.6392074823379517,0.6959961652755737,-0.03566070273518562,0,0
13,LEFT_INDEX,0.5928375124931335,0.6678624749183655,0.08626774698495865,0,0
13,RIGHT_INDEX,0.6388864517211914,0.6926445960998535,-0.03271351754665375,0,0
13,LEFT_THUMB,0.5933691263198853,0.664537250995636,0.08591959625482559,0,0
13,RIGHT_THUMB,0.6362415552139282,0.6885699033737183,-0.029964875429868698,0,0
13,LEFT_HIP,0.5770778059959412,0.6961027979850769,0.052211944013834,0,0
13,RIGHT_HIP,0.6063364148139954,0.7018212080001831,-0.05229954794049263,0,0
13,LEFT_KNEE,0.5682017207145691,0.7842835783958435,0.09105464816093445,0,0
13,RIGHT_KNEE,0.6210794448852539,0.8035817742347717,-0.01142104808241129,0,0
13,LEFT_ANKLE,0.540473222732544,0.8843623399734497,0.12505683302879333,0,0
13,RIGHT_ANKLE,0.61185222864151,0.9189633727073669,0.027943555265665054,0,0
13,LEFT_HEEL,0.535382091999054,0.9009795188903809,0.12839898467063904,0,0
13,RIGHT_HEEL,0.6039737462997437,0.9397175312042236,0.03147297725081444,0,0
13,LEFT_FOOT_INDEX,0.5443947911262512,0.9073053002357483,0.11866696923971176,0,0
13,RIGHT_FOOT_INDEX,0.6360127925872803,0.9351750016212463,0.013076224364340305,0,0
14,NOSE,0.6135711669921875,0.5003945231437683,0.07271532714366913,0,0
14,LEFT_EYE_INNER,0.6104888319969177,0.49047568440437317,0.06442512571811676,0,0
14,LEFT_EYE,0.6088297367095947,0.489878386259079,0.06442530453205109,0,0
14,LEFT_EYE_OUTER,0.6071693301200867,0.48924538493156433,0.06442917138338089,0,0
14,RIGHT_EYE_INNER,0.6138178110122681,0.49087247252464294,0.05147545412182808,0,0
14,RIGHT_EYE,0.6145359873771667,0.4906594157218933,0.05147117003798485,0,0
14,RIGHT_EYE_OUTER,0.6151210069656372,0.4904184341430664,0.051386117935180664,0,0
14,LEFT_EAR,0.6019402146339417,0.4920564889907837,0.03191789984703064,0,0
14,RIGHT_EAR,0.6117150187492371,0.49383342266082764,-0.025821126997470856,0,0
14,MOUTH_LEFT,0.6100614070892334,0.508202075958252,0.06443370133638382,0,0
14,MOUTH_RIGHT,0.6131995916366577,0.50881028175354,0.0477740541100502,0,0
14,LEFT_SHOULDER,0.5720078349113464,0.5508338212966919,0.04961806908249855,0,0
14,RIGHT_SHOULDER,0.6194494962692261,0.548758864402771,-0.08685743808746338,0,0
14,LEFT_ELBOW,0.5711596608161926,0.6264054179191589,0.06406297534704208,0,0
14,RIGHT_ELBOW,0.6228124499320984,0.633087158203125,-0.08395090699195862,0,0
14,LEFT_WRIST,0.5843032002449036,0.66550213098526,0.06035158783197403,0,0
14,RIGHT_WRIST,0.6341063976287842,0.6812717318534851,-0.034826986491680145,0,0
14,LEFT_PINKY,0.589293360710144,0.6832028031349182,0.06097395718097687,0,0
14,RIGHT_PINKY,0.6384455561637878,0.6923862099647522,-0.03882483020424843,0,0
14,LEFT_INDEX,0.5932291150093079,0.6817272901535034,0.054479461163282394,0,0
14,RIGHT_INDEX,0.6381236910820007,0.6880155205726624,-0.037719421088695526,0,0
14,LEFT_THUMB,0.5935479402542114,0.6773465275764465,0.056588221341371536,0,0
14,RIGHT_THUMB,0.6358517408370972,0.6857131719589233,-0.03268833085894585,0,0
14,LEFT_HIP,0.5787540674209595,0.6975104808807373,0.05380892753601074,0,0
14,RIGHT_HIP,0.6068347692489624,0.7039698958396912,-0.05391327291727066,0,0
14,LEFT_KNEE,0.5726044774055481,0.7800179719924927,0.11620970815420151,0,0
14,RIGHT_KNEE,0.6216515302658081,0.8038702011108398,-0.011187438853085041,0,0
14,LEFT_ANKLE,0.5436020493507385,0.878021776676178,0.16300725936889648,0,0
14,RIGHT_ANKLE,0.612030029296875,0.9192942380905151,0.024723529815673828,0,0
14,LEFT_HEEL,0.5384100079536438,0.8920095562934875,0.16727685928344727,0,0
14,RIGHT_HEEL,0.6040392518043518,0.9397528767585754,0.02819373644888401,0,0
14,LEFT_FOOT_INDEX,0.5456337332725525,0.9018439054489136,0.15662090480327606,0,0
14,RIGHT_FOOT_INDEX,0.636735737323761,0.9351809620857239,0.007487941067665815,0,0
15,NOSE,0.6152676343917847,0.5006915330886841,0.0789414644241333,0,0
15,LEFT_EYE_INNER,0.6124500632286072,0.49091237783432007,0.07173463702201843,0,0
15,LEFT_EYE,0.6108156442642212,0.49039098620414734,0.07173503190279007,0,0
15,LEFT_EYE_OUTER,0.6091333031654358,0.4898039698600769,0.07172376662492752,0,0
15,RIGHT_EYE_INNER,0.6156978607177734,0.49111831188201904,0.05868794769048691,0,0
15,RIGHT_EYE,0.6163536310195923,0.4908767640590668,0.0586857832968235,0,0
15,RIGHT_EYE_OUTER,0.6168700456619263,0.490610808134079,0.058604780584573746,0,0
15,LEFT_EAR,0.6037338972091675,0.49249500036239624,0.04080347344279289,0,0
15,RIGHT_EAR,0.6131497621536255,0.4940391778945923,-0.016156449913978577,0,0
15,MOUTH_LEFT,0.6115173697471619,0.5086121559143066,0.07131828367710114,0,0
15,MOUTH_RIGHT,0.6145448088645935,0.5090436935424805,0.054535090923309326,0,0
15,LEFT_SHOULDER,0.5738089084625244,0.5502795577049255,0.06008441746234894,0,0
15,RIGHT_SHOULDER,0.6200988292694092,0.5488083958625793,-0.07830043137073517,0,0
15,LEFT_ELBOW,0.5760339498519897,0.6246451139450073,0.08433587104082108,0,0
15,RIGHT_ELBOW,0.6230245232582092,0.6330697536468506,-0.07647141814231873,0,0
15,LEFT_WRIST,0.5891860127449036,0.6614044904708862,0.09411349892616272,0,0
15,RIGHT_WRIST,0.6357803344726562,0.6703163385391235,-0.031085845082998276,0,0
15,LEFT_PINKY,0.5956434607505798,0.676741361618042,0.10081242024898529,0,0
15,RIGHT_PINKY,0.6415417194366455,0.6810914874076843,-0.034868933260440826,0,0
15,LEFT_INDEX,0.5997394919395447,0.6743581891059875,0.09468182176351547,0,0
15,RIGHT_INDEX,0.6413811445236206,0.6758820414543152,-0.03361288830637932,0,0
15,LEFT_THUMB,0.600265383720398,0.670078694820404,0.09194020926952362,0,0
15,RIGHT_THUMB,0.6387056112289429,0.6720370650291443,-0.028891045600175858,0,0
15,LEFT_HIP,0.5804553627967834,0.6974785923957825,0.05442899093031883,0,0
15,RIGHT_HIP,0.6072977781295776,0.7038566470146179,-0.05452103540301323,0,0
15,LEFT_KNEE,0.5764418244361877,0.7765037417411804,0.10577905178070068,0,0
15,RIGHT_KNEE,0.6221679449081421,0.8038854598999023,-0.02961558662354946,0,0
15,LEFT_ANKLE,0.5465189218521118,0.872930645942688,0.1462210863828659,0,0
15,RIGHT_ANKLE,0.6121314764022827,0.9195301532745361,-0.006904396694153547,0,0
15,LEFT_HEEL,0.5407423377037048,0.8877467513084412,0.14948347210884094,0,0
15,RIGHT_HEEL,0.60402512550354,0.9397743940353394,-0.004580559674650431,0,0
15,LEFT_FOOT_INDEX,0.5495677590370178,0.894086480140686,0.1382390558719635,0,0
15,RIGHT_FOOT_INDEX,0.637035608291626,0.9352461695671082,-0.027701087296009064,0,0
16,NOSE,0.6154945492744446,0.4998162090778351,0.07299301773309708,0,0
16,LEFT_EYE_INNER,0.6125401854515076,0.4900360107421875,0.06568048149347305,0,0
16,LEFT_EYE,0.6107993721961975,0.4895786941051483,0.06567917764186859,0,0
16,LEFT_EYE_OUTER,0.6090463995933533,0.48906832933425903,0.06567157059907913,0,0
16,RIGHT_EYE_INNER,0.6160295605659485,0.4902166724205017,0.05270780622959137,0,0
16,RIGHT_EYE,0.6168278455734253,0.49003854393959045,0.05270351096987724,0,0
16,RIGHT_EYE_OUTER,0.6174830794334412,0.4898388981819153,0.05262710154056549,0,0
16,LEFT_EAR,0.6039849519729614,0.4918586015701294,0.036845698952674866,0,0
16,RIGHT_EAR,0.6142257452011108,0.4932883381843567,-0.020719340071082115,0,0
16,MOUTH_LEFT,0.611792802810669,0.5078223943710327,0.06591209769248962,0,0
16,MOUTH_RIGHT,0.6151540279388428,0.5081396698951721,0.04929293692111969,0,0
16,LEFT_SHOULDER,0.5752993226051331,0.5499234795570374,0.06038253754377365,0,0
16,RIGHT_SHOULDER,0.6206219792366028,0.5488507747650146,-0.08173174411058426,0,0
16,LEFT_ELBOW,0.577552080154419,0.6241618394851685,0.0857786312699318,0,0
16,RIGHT_ELBOW,0.6235219240188599,0.6329925656318665,-0.07858629524707794,0,0
16,LEFT_WRIST,0.593653678894043,0.6624923348426819,0.09429857134819031,0,0
16,RIGHT_WRIST,0.6359051465988159,0.6641854047775269,-0.029935376718640327,0,0
16,LEFT_PINKY,0.5971075892448425,0.6757290959358215,0.09800878912210464,0,0
16,RIGHT_PINKY,0.6413601636886597,0.6725959181785583,-0.03321249410510063,0,0
16,LEFT_INDEX,0.6008074283599854,0.6732144355773926,0.09158091247081757,0,0
16,RIGHT_INDEX,0.6412560343742371,0.6666067242622375,-0.03234062343835831,0,0
16,LEFT_THUMB,0.6010759472846985,0.6688294410705566,0.09104511141777039,0,0
16,RIGHT_THUMB,0.638410747051239,0.6637138724327087,-0.02784433588385582,0,0
16,LEFT_HIP,0.5820866227149963,0.6974669098854065,0.05477571114897728,0,0
16,RIGHT_HIP,0.6078478097915649,0.7042734026908875,-0.05486549437046051,0,0
16,LEFT_KNEE,0.5786702036857605,0.775204598903656,0.11428506672382355,0,0
16,RIGHT_KNEE,0.6219280958175659,0.803765058517456,-0.026613585650920868,0,0
16,LEFT_ANKLE,0.5495035648345947,0.8720476031303406,0.15747791528701782,0,0
16,RIGHT_ANKLE,0.6120144128799438,0.9196036458015442,-0.005499585065990686,0,0
16,LEFT_HEEL,0.5441144704818726,0.8876835107803345,0.16087649762630463,0,0
16,RIGHT_HEEL,0.6037659049034119,0.9398341178894043,-0.003354910295456648,0,0
16,LEFT_FOOT_INDEX,0.5555248856544495,0.8906595706939697,0.1500202715396881,0,0
16,RIGHT_FOOT_INDEX,0.6370864510536194,0.9352501630783081,-0.025763781741261482,0,0
17,NOSE,0.6160516142845154,0.49916157126426697,0.07870414108037949,0,0
17,LEFT_EYE_INNER,0.6132983565330505,0.4893814027309418,0.07127027958631516,0,0
17,LEFT_EYE,0.611579954624176,0.48893335461616516,0.07127026468515396,0,0
17,LEFT_EYE_OUTER,0.6098257303237915,0.48843246698379517,0.07125746458768845,0,0
17,RIGHT_EYE_INNER,0.6167305111885071,0.48957741260528564,0.058409735560417175,0,0
17,RIGHT_EYE,0.6175348162651062,0.4894208610057831,0.058400753885507584,0,0
17,RIGHT_EYE_OUTER,0.6182057857513428,0.4892432391643524,0.058324798941612244,0,0
17,LEFT_EAR,0.6045792698860168,0.4909392297267914,0.04056357219815254,0,0
17,RIGHT_EAR,0.6150863170623779,0.4925757944583893,-0.016304560005664825,0,0
17,MOUTH_LEFT,0.6123276352882385,0.5071236491203308,0.07104723155498505,0,0
17,MOUTH_RIGHT,0.6157025098800659,0.50745689868927,0.054494500160217285,0,0
17,LEFT_SHOULDER,0.5767895579338074,0.5487419366836548,0.06399182975292206,0,0
17,RIGHT_SHOULDER,0.6205615401268005,0.5488417148590088,-0.0787813663482666,0,0
17,LEFT_ELBOW,0.5809037685394287,0.6222913265228271,0.08963664621114731,0,0
17,RIGHT_ELBOW,0.6231045126914978,0.6333399415016174,-0.07727699726819992,0,0
17,LEFT_WRIST,0.5983701348304749,0.6608005166053772,0.10007272660732269,0,0
17,RIGHT_WRIST,0.6348391175270081,0.6580325365066528,-0.034490060061216354,0,0
17,LEFT_PINKY,0.601182758808136,0.673778235912323,0.10406185686588287,0,0
17,RIGHT_PINKY,0.6403732895851135,0.6642289757728577,-0.038686856627464294,0,0
17,LEFT_INDEX,0.6054103970527649,0.6712172627449036,0.09734678268432617,0,0
17,RIGHT_INDEX,0.640061616897583,0.658507764339447,-0.03722696006298065,0,0
17,LEFT_THUMB,0.6057732105255127,0.6669149398803711,0.09670934826135635,0,0
17,RIGHT_THUMB,0.6376622319221497,0.6562414765357971,-0.03247095271945,0,0
17,LEFT_HIP,0.5829206109046936,0.6975005269050598,0.05559766665101051,0,0
17,RIGHT_HIP,0.6078320145606995,0.7042253613471985,-0.05569877102971077,0,0
17,LEFT_KNEE,0.5803470611572266,0.774579644203186,0.130193293094635,0,0
17,RIGHT_KNEE,0.6215072274208069,0.8038007020950317,-0.024151895195245743,0,0
17,LEFT_ANKLE,0.5546539425849915,0.8734910488128662,0.16532301902770996,0,0
17,RIGHT_ANKLE,0.6120283603668213,0.9193146228790283,-0.003381351474672556,0,0
17,LEFT_HEEL,0.5501910448074341,0.8904802203178406,0.16795547306537628,0,0
17,RIGHT_HEEL,0.603790283203125,0.9395908117294312,-0.0016910345293581486,0,0
17,LEFT_FOOT_INDEX,0.5652750134468079,0.8910212516784668,0.15554969012737274,0,0
17,RIGHT_FOOT_INDEX,0.6371729969978333,0.935002863407135,-0.025024903938174248,0,0
18,NOSE,0.6151489019393921,0.4973897337913513,0.08100195974111557,0,0
18,LEFT_EYE_INNER,0.6123542189598083,0.4875882863998413,0.0719631090760231,0,0
18,LEFT_EYE,0.6105716824531555,0.48716509342193604,0.07196619361639023,0,0
18,LEFT_EYE_OUTER,0.6088618040084839,0.48671433329582214,0.07194891571998596,0,0
18,RIGHT_EYE_INNER,0.6161252856254578,0.48797595500946045,0.060275010764598846,0,0
18,RIGHT_EYE,0.6170608997344971,0.48794588446617126,0.06026099622249603,0,0
18,RIGHT_EYE_OUTER,0.6179326772689819,0.48789846897125244,0.06018989905714989,0,0
18,LEFT_EAR,0.6042953729629517,0.48953720927238464,0.03662711754441261,0,0
18,RIGHT_EAR,0.6157293319702148,0.49136295914649963,-0.015286578796803951,0,0
18,MOUTH_LEFT,0.611501932144165,0.5054107308387756,0.07169986516237259,0,0
18,MOUTH_RIGHT,0.6152400374412537,0.5059807300567627,0.056669458746910095,0,0
18,LEFT_SHOULDER,0.5783178210258484,0.5481348037719727,0.06383538991212845,0,0
18,RIGHT_SHOULDER,0.6206842064857483,0.5488957166671753,-0.07776570320129395,0,0
18,LEFT_ELBOW,0.5829759836196899,0.6200163960456848,0.09837557375431061,0,0
18,RIGHT_ELBOW,0.622994601726532,0.6364070177078247,-0.0718604102730751,0,0
18,LEFT_WRIST,0.606993556022644,0.6521366834640503,0.11569073796272278,0,0
18,RIGHT_WRIST,0.6337555646896362,0.6540117263793945,-0.028484545648097992,0,0
18,LEFT_PINKY,0.6100504398345947,0.6617332696914673,0.11990941315889359,0,0
18,RIGHT_PINKY,0.6384817361831665,0.6588424444198608,-0.031052952632308006,0,0
18,LEFT_INDEX,0.6148204803466797,0.6566647291183472,0.11242648214101791,0,0
18,RIGHT_INDEX,0.6384174227714539,0.652755856513977,-0.029199490323662758,0,0
18,LEFT_THUMB,0.6152370572090149,0.6530229449272156,0.11216271668672562,0,0
18,RIGHT_THUMB,0.6361576914787292,0.6509752869606018,-0.025743605569005013,0,0
18,LEFT_HIP,0.5829233527183533,0.697471022605896,0.05613897740840912,0,0
18,RIGHT_HIP,0.6074313521385193,0.704150378704071,-0.05621885880827904,0,0
18,LEFT_KNEE,0.5813480019569397,0.7738860249519348,0.15057116746902466,0,0
18,RIGHT_KNEE,0.6212204694747925,0.8043572902679443,-0.02341153845191002,0,0
18,LEFT_ANKLE,0.5593849420547485,0.8729737997055054,0.19834262132644653,0,0
18,RIGHT_ANKLE,0.6120733618736267,0.9192717671394348,-0.0033466904424130917,0,0
18,LEFT_HEEL,0.5539510846138,0.891149640083313,0.20233659446239471,0,0
18,RIGHT_HEEL,0.6038089394569397,0.9396096467971802,-0.0019768497440963984,0,0
18,LEFT_FOOT_INDEX,0.5756919384002686,0.8900054097175598,0.19217504560947418,0,0
18,RIGHT_FOOT_INDEX,0.6372266411781311,0.9345108866691589,-0.02613106183707714,0,0
19,NOSE,0.6149908304214478,0.4969513416290283,0.07696523517370224,0,0
19,LEFT_EYE_INNER,0.6121680736541748,0.4871526062488556,0.06822406500577927,0,0
19,LEFT_EYE,0.6103821992874146,0.48675277829170227,0.06822947412729263,0,0
19,LEFT_EYE_OUTER,0.6086695790290833,0.48632365465164185,0.06821506470441818,0,0
19,RIGHT_EYE_INNER,0.6160672307014465,0.487521767616272,0.05656929314136505,0,0
19,RIGHT_EYE,0.6170036792755127,0.48749491572380066,0.05655282735824585,0,0
19,RIGHT_EYE_OUTER,0.6178955435752869,0.4874703884124756,0.056484322994947433,0,0
19,LEFT_EAR,0.6040484309196472,0.48918700218200684,0.03504212200641632,0,0
19,RIGHT_EAR,0.6159382462501526,0.4909082353115082,-0.016731122508645058,0,0
19,MOUTH_LEFT,0.6112937927246094,0.5048656463623047,0.06855455785989761,0,0
19,MOUTH_RIGHT,0.6151248216629028,0.5055099129676819,0.053515512496232986,0,0
19,LEFT_SHOULDER,0.5790625214576721,0.5476144552230835,0.0638735294342041,0,0
19,RIGHT_SHOULDER,0.6204801797866821,0.5488199591636658,-0.0774712935090065,0,0
19,LEFT_ELBOW,0.584275484085083,0.6193258166313171,0.1019027903676033,0,0
19,RIGHT_ELBOW,0.622890293598175,0.6364538669586182,-0.06972432881593704,0,0
19,LEFT_WRIST,0.6073692440986633,0.6499904990196228,0.12055053561925888,0,0
19,RIGHT_WRIST,0.6336979269981384,0.6506126523017883,-0.02622276358306408,0,0
19,LEFT_PINKY,0.6106725931167603,0.6589364409446716,0.12515676021575928,0,0
19,RIGHT_PINKY,0.6386814117431641,0.6545872688293457,-0.028103122487664223,0,0
19,LEFT_INDEX,0.6152756214141846,0.6536111831665039,0.11755160987377167,0,0
19,RIGHT_INDEX,0.6384051442146301,0.6494702696800232,-0.0262076947838068,0,0
19,LEFT_THUMB,0.6156693696975708,0.6500717401504517,0.11700788885354996,0,0
19,RIGHT_THUMB,0.6365383267402649,0.6472467184066772,-0.02314378134906292,0,0
19,LEFT_HIP,0.5833793878555298,0.697856605052948,0.05659853294491768,0,0
19,RIGHT_HIP,0.6071973443031311,0.7041082382202148,-0.056667204946279526,0,0
19,LEFT_KNEE,0.5814855098724365,0.7748895287513733,0.15651337802410126,0,0
19,RIGHT_KNEE,0.6210878491401672,0.8050481081008911,-0.02178317680954933,0,0
19,LEFT_ANKLE,0.563908576965332,0.8745235204696655,0.2259768545627594,0,0
19,RIGHT_ANKLE,0.6121256947517395,0.9194290041923523,-0.0037392100784927607,0,0
19,LEFT_HEEL,0.5565594434738159,0.8917725682258606,0.23199936747550964,0,0
19,RIGHT_HEEL,0.6040105223655701,0.9396326541900635,-0.0024122020695358515,0,0
19,LEFT_FOOT_INDEX,0.5843665599822998,0.8896569013595581,0.22435817122459412,0,0
19,RIGHT_FOOT_INDEX,0.6372957825660706,0.9343771934509277,-0.0288399588316679,0,0
20,NOSE,0.6152328848838806,0.49693840742111206,0.07891400903463364,0,0
20,LEFT_EYE_INNER,0.6124371290206909,0.4869852662086487,0.07042498141527176,0,0
20,LEFT_EYE,0.6107096076011658,0.4865584075450897,0.0704287737607956,0,0
20,LEFT_EYE_OUTER,0.6090410351753235,0.4860929846763611,0.07041270285844803,0,0
20,RIGHT_EYE_INNER,0.616299033164978,0.4874042570590973,0.05847923085093498,0,0
20,RIGHT_EYE,0.6172221899032593,0.48738452792167664,0.05846218019723892,0,0
20,RIGHT_EYE_OUTER,0.6181154251098633,0.4873683750629425,0.05839328467845917,0,0
20,LEFT_EAR,0.6043368577957153,0.4888278543949127,0.037708546966314316,0,0
20,RIGHT_EAR,0.6160356402397156,0.49080991744995117,-0.014822200872004032,0,0
20,MOUTH_LEFT,0.6114795804023743,0.5048562288284302,0.07088220864534378,0,0
20,MOUTH_RIGHT,0.6151747107505798,0.505526065826416,0.05545448511838913,0,0
20,LEFT_SHOULDER,0.5811364054679871,0.5456286668777466,0.07044369727373123,0,0
20,RIGHT_SHOULDER,0.6203181147575378,0.5491434335708618,-0.07718858867883682,0,0
20,LEFT_ELBOW,0.5850614309310913,0.6180240511894226,0.11219219863414764,0,0
20,RIGHT_ELBOW,0.6228243708610535,0.6390647888183594,-0.07218590378761292,0,0
20,LEFT_WRIST,0.605384111404419,0.650119423866272,0.13094623386859894,0,0
20,RIGHT_WRIST,0.6332911252975464,0.6502587199211121,-0.03431244194507599,0,0
20,LEFT_PINKY,0.6083052158355713,0.6595479846000671,0.13612252473831177,0,0
20,RIGHT_PINKY,0.6382508873939514,0.6531516313552856,-0.03984347730875015,0,0
20,LEFT_INDEX,0.612896740436554,0.6543005704879761,0.12808069586753845,0,0
20,RIGHT_INDEX,0.6382066607475281,0.6473320722579956,-0.03885974362492561,0,0
20,LEFT_THUMB,0.6134268045425415,0.6505418419837952,0.12726914882659912,0,0
20,RIGHT_THUMB,0.6360904574394226,0.64555424451828,-0.03243893012404442,0,0
20,LEFT_HIP,0.582916796207428,0.6980529427528381,0.05887029320001602,0,0
20,RIGHT_HIP,0.6069295406341553,0.7040887475013733,-0.05891922488808632,0,0
20,LEFT_KNEE,0.5813252925872803,0.7752447724342346,0.16100482642650604,0,0
20,RIGHT_KNEE,0.6210682392120361,0.8053016662597656,-0.028438767418265343,0,0
20,LEFT_ANKLE,0.565567135810852,0.875540554523468,0.23942628502845764,0,0
20,RIGHT_ANKLE,0.6121546030044556,0.9194498658180237,-0.006417936645448208,0,0
20,LEFT_HEEL,0.5583044290542603,0.8931403160095215,0.2460821568965912,0,0
20,RIGHT_HEEL,0.6040403842926025,0.939669132232666,-0.004672655835747719,0,0
20,LEFT_FOOT_INDEX,0.5861352682113647,0.8890679478645325,0.23757106065750122,0,0
20,RIGHT_FOOT_INDEX,0.6373113393783569,0.934166669845581,-0.03228878229856491,0,0
21,NOSE,0.616502583026886,0.4968557357788086,0.06461603939533234,0,0
21,LEFT_EYE_INNER,0.6138803958892822,0.4867444634437561,0.05878395587205887,0,0
21,LEFT_EYE,0.6122132539749146,0.4862517714500427,0.05878183990716934,0,0
21,LEFT_EYE_OUTER,0.6106262803077698,0.48572614789009094,0.058768440037965775,0,0
21,RIGHT_EYE_INNER,0.6172384023666382,0.4872785806655884,0.0444360189139843,0,0
21,RIGHT_EYE,0.6180257797241211,0.48727819323539734,0.04442622512578964,0,0
21,RIGHT_EYE_OUTER,0.6188008189201355,0.4872766137123108,0.04435906559228897,0,0
21,LEFT_EAR,0.6055408716201782,0.48830559849739075,0.03707839176058769,0,0
21,RIGHT_EAR,0.6163288354873657,0.49058955907821655,-0.025767160579562187,0,0
21,MOUTH_LEFT,0.6127191185951233,0.5048386454582214,0.06080812215805054,0,0
21,MOUTH_RIGHT,0.6160406470298767,0.5055347084999084,0.04227094724774361,0,0
21,LEFT_SHOULDER,0.5826553702354431,0.5430248379707336,0.07558462023735046,0,0
21,RIGHT_SHOULDER,0.6190792918205261,0.549460768699646,-0.08860451728105545,0,0
21,LEFT_ELBOW,0.5868851542472839,0.6168386340141296,0.11902376264333725,0,0
21,RIGHT_ELBOW,0.6216123104095459,0.6394060254096985,-0.08658687025308609,0,0
21,LEFT_WRIST,0.609970211982727,0.649623453617096,0.12907753884792328,0,0
21,RIGHT_WRIST,0.633009135723114,0.6518276929855347,-0.04888622462749481,0,0
21,LEFT_PINKY,0.6142275929450989,0.6586799025535583,0.133188858628273,0,0
21,RIGHT_PINKY,0.6377432346343994,0.6556998491287231,-0.05739445984363556,0,0
21,LEFT_INDEX,0.6188725233078003,0.653890073299408,0.12402423471212387,0,0
21,RIGHT_INDEX,0.6377905607223511,0.6496616005897522,-0.05719062313437462,0,0
21,LEFT_THUMB,0.6186007261276245,0.6504236459732056,0.12442632019519806,0,0
21,RIGHT_THUMB,0.635871946811676,0.6474891304969788,-0.04737607389688492,0,0
21,LEFT_HIP,0.5825188159942627,0.6983461976051331,0.062117744237184525,0,0
21,RIGHT_HIP,0.606751561164856,0.7040461301803589,-0.06217002496123314,0,0
21,LEFT_KNEE,0.5810125470161438,0.7755666375160217,0.16455097496509552,0,0
21,RIGHT_KNEE,0.6209806203842163,0.8055182099342346,-0.03233747184276581,0,0
21,LEFT_ANKLE,0.5660987496376038,0.8759033679962158,0.2515541911125183,0,0
21,RIGHT_ANKLE,0.6121521592140198,0.9194645285606384,-0.005259848665446043,0,0
21,LEFT_HEEL,0.558931291103363,0.8946921229362488,0.25897249579429626,0,0
21,RIGHT_HEEL,0.6040695905685425,0.9397229552268982,-0.0044892956502735615,0,0
21,LEFT_FOOT_INDEX,0.5862648487091064,0.8888784646987915,0.2500738203525543,0,0
21,RIGHT_FOOT_INDEX,0.6373526453971863,0.9341221451759338,-0.028997665271162987,0,0
22,NOSE,0.6170341968536377,0.496870756149292,0.06268977373838425,0,0
22,LEFT_EYE_INNER,0.6145294904708862,0.4867461621761322,0.057031940668821335,0,0
22,LEFT_EYE,0.61287921667099,0.4862365126609802,0.05702926591038704,0,0
22,LEFT_EYE_OUTER,0.6113137602806091,0.48569414019584656,0.057014670222997665,0,0
22,RIGHT_EYE_INNER,0.6177704334259033,0.48730039596557617,0.04236708581447601,0,0
22,RIGHT_EYE,0.618509829044342,0.4872968792915344,0.04235699400305748,0,0
22,RIGHT_EYE_OUTER,0.6192443370819092,0.487290620803833,0.042294371873140335,0,0
22,LEFT_EAR,0.6061109900474548,0.488254189491272,0.03710177168250084,0,0
22,RIGHT_EAR,0.6167531609535217,0.4906333088874817,-0.028228675946593285,0,0
22,MOUTH_LEFT,0.6131813526153564,0.5048445463180542,0.059279877692461014,0,0
22,MOUTH_RIGHT,0.6164606809616089,0.5055437684059143,0.0401269756257534,0,0
22,LEFT_SHOULDER,0.5838869214057922,0.5417605042457581,0.0777495875954628,0,0
22,RIGHT_SHOULDER,0.617599606513977,0.5497642755508423,-0.09099426865577698,0,0
22,LEFT_ELBOW,0.5879253149032593,0.6164687871932983,0.12945224344730377,0,0
22,RIGHT_ELBOW,0.620418131351471,0.6399802565574646,-0.10631819814443588,0,0
22,LEFT_WRIST,0.6125733256340027,0.6457415819168091,0.14680615067481995,0,0
22,RIGHT_WRIST,0.6335865259170532,0.6527611017227173,-0.09692902117967606,0,0
22,LEFT_PINKY,0.617499589920044,0.6532323956489563,0.15248815715312958,0,0
22,RIGHT_PINKY,0.6384590864181519,0.6559335589408875,-0.1099308505654335,0,0
22,LEFT_INDEX,0.6227312684059143,0.6486163139343262,0.14045828580856323,0,0
22,RIGHT_INDEX,0.6388339996337891,0.648861289024353,-0.10781437903642654,0,0
22,LEFT_THUMB,0.619789183139801,0.6433037519454956,0.14160770177841187,0,0
22,RIGHT_THUMB,0.6367747783660889,0.6474897861480713,-0.09537536650896072,0,0
22,LEFT_HIP,0.5822038054466248,0.6984437108039856,0.06398331373929977,0,0
22,RIGHT_HIP,0.6065685749053955,0.70402991771698,-0.06404014676809311,0,0
22,LEFT_KNEE,0.5813177227973938,0.7756844758987427,0.17440350353717804,0,0
22,RIGHT_KNEE,0.6208731532096863,0.8055912852287292,-0.037960585206747055,0,0
22,LEFT_ANKLE,0.565877377986908,0.8763800859451294,0.26556554436683655,0,0
22,RIGHT_ANKLE,0.61199951171875,0.9194780588150024,-0.012913652695715427,0,0
22,LEFT_HEEL,0.5589520931243896,0.8947423100471497,0.27339833974838257,0,0
22,RIGHT_HEEL,0.6039180159568787,0.9398283958435059,-0.011210625059902668,0,0
22,LEFT_FOOT_INDEX,0.58572918176651,0.887468695640564,0.2636115252971649,0,0
22,RIGHT_FOOT_INDEX,0.6373428702354431,0.9341274499893188,-0.04196810722351074,0,0
23,NOSE,0.6177433133125305,0.4968709349632263,0.05759350210428238,0,0
23,LEFT_EYE_INNER,0.615326464176178,0.48668885231018066,0.05365961417555809,0,0
23,LEFT_EYE,0.6137507557868958,0.48615479469299316,0.05365284904837608,0,0
23,LEFT_EYE_OUTER,0.6122345328330994,0.4855906069278717,0.0536372996866703,0,0
23,RIGHT_EYE_INNER,0.6183004975318909,0.4872817397117615,0.03804155811667442,0,0
23,RIGHT_EYE,0.6189686059951782,0.48728418350219727,0.0380362831056118,0,0
23,RIGHT_EYE_OUTER,0.6196303963661194,0.4872800409793854,0.037973303347826004,0,0
23,LEFT_EAR,0.6069416403770447,0.48806333541870117,0.03795381262898445,0,0
23,RIGHT_EAR,0.6170244216918945,0.4906100928783417,-0.029768355190753937,0,0
23,MOUTH_LEFT,0.6139251589775085,0.50484699010849,0.05628526955842972,0,0
23,MOUTH_RIGHT,0.617017388343811,0.505558431148529,0.03590833395719528,0,0
23,LEFT_SHOULDER,0.5852266550064087,0.5406508445739746,0.08133184909820557,0,0
23,RIGHT_SHOULDER,0.6163951754570007,0.549656093120575,-0.09156075119972229,0,0
23,LEFT_ELBOW,0.5880411267280579,0.6166724562644958,0.12685519456863403,0,0
23,RIGHT_ELBOW,0.6183595657348633,0.6394773125648499,-0.10991781204938889,0,0
23,LEFT_WRIST,0.6134340167045593,0.6460838317871094,0.13781322538852692,0,0
23,RIGHT_WRIST,0.633426308631897,0.6536210775375366,-0.10021558403968811,0,0
23,LEFT_PINKY,0.6183943152427673,0.6541474461555481,0.14297613501548767,0,0
23,RIGHT_PINKY,0.6381857991218567,0.6578516364097595,-0.11341501772403717,0,0
23,LEFT_INDEX,0.6233013868331909,0.6497946381568909,0.132207453250885,0,0
23,RIGHT_INDEX,0.6387748122215271,0.6508422493934631,-0.11083018779754639,0,0
23,LEFT_THUMB,0.6222003698348999,0.6452026963233948,0.1328386813402176,0,0
23,RIGHT_THUMB,0.6367283463478088,0.6491121649742126,-0.09841933101415634,0,0
23,LEFT_HIP,0.5820387601852417,0.6982043981552124,0.06405925005674362,0,0
23,RIGHT_HIP,0.6064662337303162,0.7029838562011719,-0.06411851197481155,0,0
23,LEFT_KNEE,0.5817394852638245,0.7760079503059387,0.1580313891172409,0,0
23,RIGHT_KNEE,0.6204709410667419,0.8055893778800964,-0.0436595194041729,0,0
23,LEFT_ANKLE,0.5653014779090881,0.8766898512840271,0.239446222782135,0,0
23,RIGHT_ANKLE,0.6118568778038025,0.919449508190155,-0.017727013677358627,0,0
23,LEFT_HEEL,0.5583005547523499,0.8951807022094727,0.24615386128425598,0,0
23,RIGHT_HEEL,0.6037410497665405,0.9398544430732727,-0.015946853905916214,0,0
23,LEFT_FOOT_INDEX,0.5850471258163452,0.8876063823699951,0.23551397025585175,0,0
23,RIGHT_FOOT_INDEX,0.6371534466743469,0.9341316223144531,-0.047258928418159485,0,0
24,NOSE,0.6187233328819275,0.4968332350254059,0.04921957477927208,0,0
24,LEFT_EYE_INNER,0.6165454387664795,0.48661601543426514,0.04755961894989014,0,0
24,LEFT_EYE,0.6151106357574463,0.4860530197620392,0.047549840062856674,0,0
24,LEFT_EYE_OUTER,0.6136674284934998,0.4854559004306793,0.047533925622701645,0,0
24,RIGHT_EYE_INNER,0.619062066078186,0.4872516095638275,0.030610354617238045,0,0
24,RIGHT_EYE,0.6196128726005554,0.48726150393486023,0.03060806356370449,0,0
24,RIGHT_EYE_OUTER,0.620145857334137,0.4872586727142334,0.03054816834628582,0,0
24,LEFT_EAR,0.6078785061836243,0.4876722991466522,0.037991758435964584,0,0
24,RIGHT_EAR,0.6171374917030334,0.49050524830818176,-0.03400940075516701,0,0
24,MOUTH_LEFT,0.6148971915245056,0.5048350095748901,0.05046180263161659,0,0
24,MOUTH_RIGHT,0.6176915764808655,0.5055468082427979,0.028394371271133423,0,0
24,LEFT_SHOULDER,0.5856397151947021,0.5391327738761902,0.08483415096998215,0,0
24,RIGHT_SHOULDER,0.6155596375465393,0.5492890477180481,-0.09464673697948456,0,0
24,LEFT_ELBOW,0.5897880792617798,0.6163544654846191,0.1275968849658966,0,0
24,RIGHT_ELBOW,0.617831826210022,0.6379314661026001,-0.11170081794261932,0,0
24,LEFT_WRIST,0.6138504147529602,0.6464676856994629,0.13465575873851776,0,0
24,RIGHT_WRIST,0.6335724592208862,0.6542629599571228,-0.09498445689678192,0,0
24,LEFT_PINKY,0.6189331412315369,0.6549708843231201,0.13967245817184448,0,0
24,RIGHT_PINKY,0.6380388736724854,0.6590498685836792,-0.10772552341222763,0,0
24,LEFT_INDEX,0.6236104965209961,0.6506935358047485,0.1290968805551529,0,0
24,RIGHT_INDEX,0.6388729810714722,0.6521656513214111,-0.10516504943370819,0,0
24,LEFT_THUMB,0.6226477026939392,0.6459450125694275,0.12956304848194122,0,0
24,RIGHT_THUMB,0.6368858218193054,0.6502760052680969,-0.09298919886350632,0,0
24,LEFT_HIP,0.58194899559021,0.6979233026504517,0.0640917643904686,0,0
24,RIGHT_HIP,0.6060094237327576,0.7022149562835693,-0.06414632499217987,0,0
24,LEFT_KNEE,0.581353485584259,0.7760465741157532,0.15173983573913574,0,0
24,RIGHT_KNEE,0.6197242140769958,0.805474042892456,-0.048357248306274414,0,0
24,LEFT_ANKLE,0.565131425857544,0.8769147396087646,0.22957268357276917,0,0
24,RIGHT_ANKLE,0.6116740107536316,0.919368326663971,-0.026040447875857353,0,0
24,LEFT_HEEL,0.5583683252334595,0.8953511118888855,0.2357064187526703,0,0
24,RIGHT_HEEL,0.603533923625946,0.9397683143615723,-0.024837255477905273,0,0
24,LEFT_FOOT_INDEX,0.5848894119262695,0.8879106640815735,0.22427885234355927,0,0
24,RIGHT_FOOT_INDEX,0.637105405330658,0.9341344833374023,-0.05690234899520874,0,0
25,NOSE,0.6191507577896118,0.49676212668418884,0.053394995629787445,0,0
25,LEFT_EYE_INNER,0.6169774532318115,0.48657485842704773,0.051707182079553604,0,0
25,LEFT_EYE,0.6155364513397217,0.48598751425743103,0.05169874057173729,0,0
25,LEFT_EYE_OUTER,0.6140762567520142,0.4853573143482208,0.05168233811855316,0,0
25,RIGHT_EYE_INNER,0.6194068193435669,0.48724043369293213,0.03508762642741203,0,0
25,RIGHT_EYE,0.6199196577072144,0.48725461959838867,0.03508704528212547,0,0
25,RIGHT_EYE_OUTER,0.6204079389572144,0.48725202679634094,0.03502688929438591,0,0
25,LEFT_EAR,0.6079994440078735,0.4872395694255829,0.04358315095305443,0,0
25,RIGHT_EAR,0.6171845197677612,0.49042990803718567,-0.029905330389738083,0,0
25,MOUTH_LEFT,0.6152988076210022,0.5047217607498169,0.05407027155160904,0,0
25,MOUTH_RIGHT,0.6180328726768494,0.5053999423980713,0.03241700679063797,0,0
25,LEFT_SHOULDER,0.5854990482330322,0.5370441675186157,0.08742056041955948,0,0
25,RIGHT_SHOULDER,0.6152742505073547,0.5491080284118652,-0.09071523696184158,0,0
25,LEFT_ELBOW,0.5891913771629333,0.6135503053665161,0.12463602423667908,0,0
25,RIGHT_ELBOW,0.6164054870605469,0.6342551708221436,-0.10739348083734512,0,0
25,LEFT_WRIST,0.6123316884040833,0.6445824503898621,0.12944139540195465,0,0
25,RIGHT_WRIST,0.6330369710922241,0.654565691947937,-0.09016836434602737,0,0
25,LEFT_PINKY,0.6184895038604736,0.6554105877876282,0.13330061733722687,0,0
25,RIGHT_PINKY,0.6376473903656006,0.659759521484375,-0.10209058225154877,0,0
25,LEFT_INDEX,0.6230644583702087,0.6509986519813538,0.12090610712766647,0,0
25,RIGHT_INDEX,0.6387014985084534,0.6528193950653076,-0.0992196798324585,0,0
25,LEFT_THUMB,0.6205624341964722,0.6450833082199097,0.12317144870758057,0,0
25,RIGHT_THUMB,0.6366974115371704,0.6506473422050476,-0.08805243670940399,0,0
25,LEFT_HIP,0.581824541091919,0.6962107419967651,0.06351476162672043,0,0
25,RIGHT_HIP,0.6053968071937561,0.700863242149353,-0.06357277929782867,0,0
25,LEFT_KNEE,0.5813353657722473,0.776425838470459,0.1490190178155899,0,0
25,RIGHT_KNEE,0.617791473865509,0.8044583201408386,-0.04934943467378616,0,0
25,LEFT_ANKLE,0.565072774887085,0.877078652381897,0.2254846841096878,0,0
25,RIGHT_ANKLE,0.611353874206543,0.9186999201774597,-0.03185250982642174,0,0
25,LEFT_HEEL,0.5582458972930908,0.8955383896827698,0.23142431676387787,0,0
25,RIGHT_HEEL,0.6033132076263428,0.9394212961196899,-0.031224865466356277,0,0
25,LEFT_FOOT_INDEX,0.5847218036651611,0.8879894018173218,0.21963360905647278,0,0
25,RIGHT_FOOT_INDEX,0.6370890140533447,0.9341167211532593,-0.06458132714033127,0,0
26,NOSE,0.6193020939826965,0.49658966064453125,0.05185193195939064,0,0
26,LEFT_EYE_INNER,0.6172810792922974,0.4865013360977173,0.05048269405961037,0,0
26,LEFT_EYE,0.6158876419067383,0.4859021306037903,0.05047614872455597,0,0
26,LEFT_EYE_OUTER,0.614478349685669,0.48526138067245483,0.0504634864628315,0,0
26,RIGHT_EYE_INNER,0.6196005344390869,0.4871893525123596,0.03358377888798714,0,0
26,RIGHT_EYE,0.620093584060669,0.48720747232437134,0.0335809700191021,0,0
26,RIGHT_EYE_OUTER,0.6205639243125916,0.4872038662433624,0.03351898491382599,0,0
26,LEFT_EAR,0.6084000468254089,0.48688575625419617,0.0440642312169075,0,0
26,RIGHT_EAR,0.6172759532928467,0.4902675449848175,-0.030636560171842575,0,0
26,MOUTH_LEFT,0.6154313683509827,0.5045160055160522,0.05305306985974312,0,0
26,MOUTH_RIGHT,0.6181380748748779,0.5051864385604858,0.031104404479265213,0,0
26,LEFT_SHOULDER,0.5855228304862976,0.5358278155326843,0.08662015944719315,0,0
26,RIGHT_SHOULDER,0.6150690913200378,0.5484361052513123,-0.09127750247716904,0,0
26,LEFT_ELBOW,0.5889297127723694,0.6124365925788879,0.1228417232632637,0,0
26,RIGHT_ELBOW,0.6159558892250061,0.6335021257400513,-0.1007828488945961,0,0
26,LEFT_WRIST,0.6105213761329651,0.6439801454544067,0.12417663633823395,0,0
26,RIGHT_WRIST,0.6321213245391846,0.6541752219200134,-0.07416281849145889,0,0
26,LEFT_PINKY,0.6172599792480469,0.6558016538619995,0.1272243857383728,0,0
26,RIGHT_PINKY,0.6367824077606201,0.6598996520042419,-0.0859190970659256,0,0
26,LEFT_INDEX,0.6218059062957764,0.6513407230377197,0.1152472048997879,0,0
26,RIGHT_INDEX,0.6383439898490906,0.6524502635002136,-0.08407100290060043,0,0
26,LEFT_THUMB,0.6195436716079712,0.6440605521202087,0.11788053065538406,0,0
26,RIGHT_THUMB,0.6363588571548462,0.6500567197799683,-0.07147210091352463,0,0
26,LEFT_HIP,0.5817276239395142,0.6945886015892029,0.06325879693031311,0,0
26,RIGHT_HIP,0.6047847270965576,0.6997268199920654,-0.06331732124090195,0,0
26,LEFT_KNEE,0.5811825394630432,0.7766280174255371,0.14833812415599823,0,0
26,RIGHT_KNEE,0.6162344217300415,0.8040848970413208,-0.04327037185430527,0,0
26,LEFT_ANKLE,0.5651848912239075,0.877193033695221,0.22666563093662262,0,0
26,RIGHT_ANKLE,0.6110838651657104,0.9184989333152771,-0.02449042722582817,0,0
26,LEFT_HEEL,0.5579463243484497,0.8961436152458191,0.2328244298696518,0,0
26,RIGHT_HEEL,0.6031818985939026,0.9394192099571228,-0.023128662258386612,0,0
26,LEFT_FOOT_INDEX,0.5850817561149597,0.8881821632385254,0.22135373950004578,0,0
26,RIGHT_FOOT_INDEX,0.6370143294334412,0.9340893626213074,-0.052919745445251465,0,0
27,NOSE,0.6194829344749451,0.4965638816356659,0.05003796145319939,0,0
27,LEFT_EYE_INNER,0.6174849271774292,0.48649129271507263,0.048727333545684814,0,0
27,LEFT_EYE,0.6161025762557983,0.4858866333961487,0.04872353747487068,0,0
27,LEFT_EYE_OUTER,0.6147179007530212,0.48524272441864014,0.04871659725904465,0,0
27,RIGHT_EYE_INNER,0.6198147535324097,0.4871843755245209,0.03179147467017174,0,0
27,RIGHT_EYE,0.6203188300132751,0.4872017800807953,0.03178562596440315,0,0
27,RIGHT_EYE_OUTER,0.6207992434501648,0.48719656467437744,0.031720325350761414,0,0
27,LEFT_EAR,0.6089456677436829,0.48679572343826294,0.043937213718891144,0,0
27,RIGHT_EAR,0.6175482869148254,0.4901903569698334,-0.032027628272771835,0,0
27,MOUTH_LEFT,0.6156359910964966,0.5044600367546082,0.05143178999423981,0,0
27,MOUTH_RIGHT,0.6183353066444397,0.5050798058509827,0.029430652037262917,0,0
27,LEFT_SHOULDER,0.5858094692230225,0.5353232622146606,0.08497526496648788,0,0
27,RIGHT_SHOULDER,0.6151124835014343,0.5477554202079773,-0.09225182980298996,0,0
27,LEFT_ELBOW,0.5884939432144165,0.6127154231071472,0.12122838944196701,0,0
27,RIGHT_ELBOW,0.6155683994293213,0.6335211992263794,-0.0987822562456131,0,0
27,LEFT_WRIST,0.6102821230888367,0.6452558040618896,0.11678043007850647,0,0
27,RIGHT_WRIST,0.6307952404022217,0.6531274914741516,-0.053061049431562424,0,0
27,LEFT_PINKY,0.616044819355011,0.6558647155761719,0.11915358901023865,0,0
27,RIGHT_PINKY,0.6354998350143433,0.6588742733001709,-0.06137172877788544,0,0
27,LEFT_INDEX,0.6206406950950623,0.6515069603919983,0.10765812546014786,0,0
27,RIGHT_INDEX,0.6374076008796692,0.6511707901954651,-0.059995438903570175,0,0
27,LEFT_THUMB,0.6189700961112976,0.6440796852111816,0.1106342002749443,0,0
27,RIGHT_THUMB,0.6353670954704285,0.6486087441444397,-0.05060366168618202,0,0
27,LEFT_HIP,0.5816587805747986,0.6937209367752075,0.0630146861076355,0,0
27,RIGHT_HIP,0.6045693159103394,0.6988968849182129,-0.0630761906504631,0,0
27,LEFT_KNEE,0.5810606479644775,0.7767471671104431,0.14754486083984375,0,0
27,RIGHT_KNEE,0.6150935888290405,0.8037388324737549,-0.03604064881801605,0,0
27,LEFT_ANKLE,0.5652701258659363,0.8778085112571716,0.22509054839611053,0,0
27,RIGHT_ANKLE,0.6108848452568054,0.9184180498123169,-0.009074816480278969,0,0
27,LEFT_HEEL,0.5579677820205688,0.898406982421875,0.2312738448381424,0,0
27,RIGHT_HEEL,0.6030821204185486,0.9393080472946167,-0.0074370745569467545,0,0
27,LEFT_FOOT_INDEX,0.5852278470993042,0.8883574604988098,0.21973326802253723,0,0
27,RIGHT_FOOT_INDEX,0.6368476152420044,0.9340429902076721,-0.03950643539428711,0,0
28,NOSE,0.6205393075942993,0.4965223968029022,0.049808066338300705,0,0
28,LEFT_EYE_INNER,0.6185187101364136,0.4864131212234497,0.04820839315652847,0,0
28,LEFT_EYE,0.617236852645874,0.485805481672287,0.0482061393558979,0,0
28,LEFT_EYE_OUTER,0.6158605217933655,0.48515793681144714,0.04820413142442703,0,0
28,RIGHT_EYE_INNER,0.6207454800605774,0.4871155321598053,0.03152807056903839,0,0
28,RIGHT_EYE,0.6212185025215149,0.48713067173957825,0.031519778072834015,0,0
28,RIGHT_EYE_OUTER,0.6216399669647217,0.48711881041526794,0.03145308792591095,0,0
28,LEFT_EAR,0.6100641489028931,0.4866851270198822,0.043603844940662384,0,0
28,RIGHT_EAR,0.6180902719497681,0.4899948537349701,-0.032173529267311096,0,0
28,MOUTH_LEFT,0.6166496276855469,0.5044417977333069,0.050971925258636475,0,0
28,MOUTH_RIGHT,0.6192293167114258,0.5050373673439026,0.029314277693629265,0,0
28,LEFT_SHOULDER,0.5861970782279968,0.5348180532455444,0.08358417451381683,0,0
28,RIGHT_SHOULDER,0.6151904463768005,0.5476834774017334,-0.09198727458715439,0,0
28,LEFT_ELBOW,0.5882734060287476,0.6127670407295227,0.11815141141414642,0,0
28,RIGHT_ELBOW,0.6157224774360657,0.6338087916374207,-0.09207948297262192,0,0
28,LEFT_WRIST,0.609875500202179,0.6459504961967468,0.11052881926298141,0,0
28,RIGHT_WRIST,0.6296755075454712,0.6505743265151978,-0.03692013770341873,0,0
28,LEFT_PINKY,0.6152645349502563,0.6560919880867004,0.1123867928981781,0,0
28,RIGHT_PINKY,0.6343050003051758,0.6561791300773621,-0.04288564622402191,0,0
28,LEFT_INDEX,0.6198492646217346,0.6517809629440308,0.10190106183290482,0,0
28,RIGHT_INDEX,0.6358804702758789,0.6489851474761963,-0.04247957095503807,0,0
28,LEFT_THUMB,0.6184593439102173,0.6472772359848022,0.10480321943759918,0,0
28,RIGHT_THUMB,0.6338249444961548,0.6466314196586609,-0.034737106412649155,0,0
28,LEFT_HIP,0.5816403031349182,0.6931651830673218,0.06282200664281845,0,0
28,RIGHT_HIP,0.6042765974998474,0.6983025074005127,-0.0628863051533699,0,0
28,LEFT_KNEE,0.5808650851249695,0.776792585849762,0.14924867451190948,0,0
28,RIGHT_KNEE,0.6140617728233337,0.8037021160125732,-0.028034299612045288,0,0
28,LEFT_ANKLE,0.565049409866333,0.8785012364387512,0.23013219237327576,0,0
28,RIGHT_ANKLE,0.6107001900672913,0.9184252023696899,0.00011849354632431641,0,0
28,LEFT_HEEL,0.5578555464744568,0.8998173475265503,0.23667968809604645,0,0
28,RIGHT_HEEL,0.6030191779136658,0.9394217133522034,0.0018772525945678353,0,0
28,LEFT_FOOT_INDEX,0.5850827097892761,0.888433575630188,0.22583729028701782,0,0
28,RIGHT_FOOT_INDEX,0.6366579532623291,0.9339956045150757,-0.02940252795815468,0,0
29,NOSE,0.6224952936172485,0.49671199917793274,0.0489698201417923,0,0
29,LEFT_EYE_INNER,0.6206196546554565,0.4864635765552521,0.047275662422180176,0,0
29,LEFT_EYE,0.6195095777511597,0.4858649969100952,0.047271743416786194,0,0
29,LEFT_EYE_OUTER,0.6183230876922607,0.4852159321308136,0.047271158546209335,0,0
29,RIGHT_EYE_INNER,0.6225148439407349,0.48711898922920227,0.030704015865921974,0,0
29,RIGHT_EYE,0.6227720379829407,0.48712965846061707,0.030692100524902344,0,0
29,RIGHT_EYE_OUTER,0.6229751110076904,0.4870993196964264,0.030625460669398308,0,0
29,LEFT_EAR,0.6118513345718384,0.48668432235717773,0.04249779134988785,0,0
29,RIGHT_EAR,0.618660569190979,0.48983731865882874,-0.032738279551267624,0,0
29,MOUTH_LEFT,0.618529200553894,0.5047416090965271,0.050058748573064804,0,0
29,MOUTH_RIGHT,0.6206713318824768,0.5052334070205688,0.028597736731171608,0,0
29,LEFT_SHOULDER,0.5863948464393616,0.5348305106163025,0.08279114216566086,0,0
29,RIGHT_SHOULDER,0.615505039691925,0.5476908087730408,-0.09147550165653229,0,0
29,LEFT_ELBOW,0.5881049633026123,0.6129543781280518,0.11478698998689651,0,0
29,RIGHT_ELBOW,0.6158974766731262,0.6338021159172058,-0.08368047326803207,0,0
29,LEFT_WRIST,0.6096571087837219,0.6477645039558411,0.1082879975438118,0,0
29,RIGHT_WRIST,0.6284850835800171,0.6478449702262878,-0.024347685277462006,0,0
29,LEFT_PINKY,0.614226222038269,0.6581523418426514,0.10996585339307785,0,0
29,RIGHT_PINKY,0.6331201791763306,0.6530893445014954,-0.02935679629445076,0,0
29,LEFT_INDEX,0.6184595823287964,0.6538373231887817,0.10025377571582794,0,0
29,RIGHT_INDEX,0.6341471076011658,0.6465133428573608,-0.029913457110524178,0,0
29,LEFT_THUMB,0.6175925731658936,0.650614857673645,0.10285389423370361,0,0
29,RIGHT_THUMB,0.6320294737815857,0.6442704200744629,-0.022431114688515663,0,0
29,LEFT_HIP,0.5814058780670166,0.6927415132522583,0.06265167891979218,0,0
29,RIGHT_HIP,0.60397869348526,0.6980665326118469,-0.06271541863679886,0,0
29,LEFT_KNEE,0.5807569622993469,0.7768166065216064,0.15080972015857697,0,0
29,RIGHT_KNEE,0.613457441329956,0.8037077188491821,-0.02663140930235386,0,0
29,LEFT_ANKLE,0.564740777015686,0.8790681958198547,0.23417136073112488,0,0
29,RIGHT_ANKLE,0.6105319857597351,0.9184876680374146,0.001038593822158873,0,0
29,LEFT_HEEL,0.557655394077301,0.9007648229598999,0.24087847769260406,0,0
29,RIGHT_HEEL,0.6029582619667053,0.9394958019256592,0.002743825316429138,0,0
29,LEFT_FOOT_INDEX,0.585005521774292,0.8885220289230347,0.23026108741760254,0,0
29,RIGHT_FOOT_INDEX,0.6365169286727905,0.9339766502380371,-0.028094198554754257,0,0
30,NOSE,0.6222525238990784,0.49665701389312744,0.05164162069559097,0,0
30,LEFT_EYE_INNER,0.6203314065933228,0.48641154170036316,0.04902157559990883,0,0
30,LEFT_EYE,0.619158148765564,0.485812783241272,0.049017153680324554,0,0
30,LEFT_EYE_OUTER,0.6178866028785706,0.4851610064506531,0.04901508241891861,0,0
30,RIGHT_EYE_INNER,0.622394323348999,0.4870486259460449,0.03308378905057907,0,0
30,RIGHT_EYE,0.6227430701255798,0.48705145716667175,0.0330723412334919,0,0
30,RIGHT_EYE_OUTER,0.6230356693267822,0.4870123267173767,0.03300447016954422,0,0
30,LEFT_EAR,0.6117355227470398,0.4865415096282959,0.04059755802154541,0,0
30,RIGHT_EAR,0.61890709400177,0.4896987974643707,-0.03152491897344589,0,0
30,MOUTH_LEFT,0.6182928085327148,0.5046308040618896,0.05153452605009079,0,0
30,MOUTH_RIGHT,0.6206367015838623,0.5051344037055969,0.03087889961898327,0,0
30,LEFT_SHOULDER,0.5861412882804871,0.5347326397895813,0.08076748996973038,0,0
30,RIGHT_SHOULDER,0.6159796118736267,0.5475302934646606,-0.09079691767692566,0,0
30,LEFT_ELBOW,0.5879684686660767,0.6126015782356262,0.11121305823326111,0,0
30,RIGHT_ELBOW,0.616024374961853,0.6338295936584473,-0.07839195430278778,0,0
30,LEFT_WRIST,0.6071236729621887,0.648655116558075,0.1080402210354805,0,0
30,RIGHT_WRIST,0.6278437972068787,0.6469858288764954,-0.017238924279808998,0,0
30,LEFT_PINKY,0.6105841994285583,0.6594764590263367,0.11032462865114212,0,0
30,RIGHT_PINKY,0.6325187683105469,0.652343213558197,-0.02113303542137146,0,0
30,LEFT_INDEX,0.6146407723426819,0.6551811099052429,0.10112998634576797,0,0
30,RIGHT_INDEX,0.6329803466796875,0.6461557745933533,-0.02178550884127617,0,0
30,LEFT_THUMB,0.6143990755081177,0.652103066444397,0.10298271477222443,0,0
30,RIGHT_THUMB,0.6311288475990295,0.643850564956665,-0.015301520004868507,0,0
30,LEFT_HIP,0.5808963179588318,0.6921383738517761,0.06243010237812996,0,0
30,RIGHT_HIP,0.6036214232444763,0.6976154446601868,-0.062489740550518036,0,0
30,LEFT_KNEE,0.5807097554206848,0.7768691778182983,0.15070436894893646,0,0
30,RIGHT_KNEE,0.6131761074066162,0.8038402199745178,-0.02767159789800644,0,0
30,LEFT_ANKLE,0.5645724534988403,0.8794069886207581,0.23443524539470673,0,0
30,RIGHT_ANKLE,0.6103612184524536,0.9191029071807861,-0.0016137262573465705,0,0
30,LEFT_HEEL,0.557506263256073,0.90093994140625,0.24116486310958862,0,0
30,RIGHT_HEEL,0.6029183268547058,0.9401636719703674,0.0002334905439056456,0,0
30,LEFT_FOOT_INDEX,0.5850425362586975,0.8885895609855652,0.23061496019363403,0,0
30,RIGHT_FOOT_INDEX,0.6364260911941528,0.9340085983276367,-0.029494035989046097,0,0
31,NOSE,0.6229110956192017,0.49673840403556824,0.05176256597042084,0,0
31,LEFT_EYE_INNER,0.6209493279457092,0.4864153265953064,0.048392511904239655,0,0
31,LEFT_EYE,0.6197602152824402,0.4858154356479645,0.04838871955871582,0,0
31,LEFT_EYE_OUTER,0.6184661388397217,0.48516303300857544,0.04838598147034645,0,0
31,RIGHT_EYE_INNER,0.623212456703186,0.48705071210861206,0.03293681889772415,0,0
31,RIGHT_EYE,0.6236199140548706,0.4870521128177643,0.0329253114759922,0,0
31,RIGHT_EYE_OUTER,0.6239669322967529,0.48701211810112,0.03285986930131912,0,0
31,LEFT_EAR,0.6125414967536926,0.48656219244003296,0.03688516840338707,0,0
31,RIGHT_EAR,0.6200024485588074,0.48970308899879456,-0.032192621380090714,0,0
31,MOUTH_LEFT,0.6189430952072144,0.5047664046287537,0.05095340311527252,0,0
31,MOUTH_RIGHT,0.6214115619659424,0.5053187012672424,0.030935728922486305,0,0
31,LEFT_SHOULDER,0.5864906311035156,0.5348362922668457,0.07873409241437912,0,0
31,RIGHT_SHOULDER,0.6172225475311279,0.5479927659034729,-0.09096026420593262,0,0
31,LEFT_ELBOW,0.5878077745437622,0.6126490831375122,0.11173843592405319,0,0
31,RIGHT_ELBOW,0.6167176365852356,0.6349216103553772,-0.07814697921276093,0,0
31,LEFT_WRIST,0.6075608730316162,0.6498857140541077,0.11096636950969696,0,0
31,RIGHT_WRIST,0.6280359625816345,0.6477349996566772,-0.019450390711426735,0,0
31,LEFT_PINKY,0.6108812093734741,0.6607032418251038,0.11376762390136719,0,0
31,RIGHT_PINKY,0.6325781941413879,0.653171718120575,-0.024602798745036125,0,0
31,LEFT_INDEX,0.6128773093223572,0.6551361083984375,0.1041363775730133,0,0
31,RIGHT_INDEX,0.6331208944320679,0.6468469500541687,-0.025246107950806618,0,0
31,LEFT_THUMB,0.6148074865341187,0.6535649299621582,0.1058892086148262,0,0
31,RIGHT_THUMB,0.6313203573226929,0.6445679068565369,-0.017595594748854637,0,0
31,LEFT_HIP,0.5807765126228333,0.6924149990081787,0.06238739937543869,0,0
31,RIGHT_HIP,0.6035187840461731,0.6978372931480408,-0.062447916716337204,0,0
31,LEFT_KNEE,0.5804609060287476,0.7771247625350952,0.15535636246204376,0,0
31,RIGHT_KNEE,0.6135008335113525,0.8041574954986572,-0.02735949121415615,0,0
31,LEFT_ANKLE,0.5651867985725403,0.8793925046920776,0.24376288056373596,0,0
31,RIGHT_ANKLE,0.610273003578186,0.9191359281539917,0.0018075982807204127,0,0
31,LEFT_HEEL,0.557433545589447,0.9009371995925903,0.25106295943260193,0,0
31,RIGHT_HEEL,0.6028661727905273,0.9401693344116211,0.0038562172558158636,0,0
31,LEFT_FOOT_INDEX,0.5847435593605042,0.8885492086410522,0.2403094619512558,0,0
31,RIGHT_FOOT_INDEX,0.6364476680755615,0.9340892434120178,-0.027413388714194298,0,0
32,NOSE,0.6246494054794312,0.49881434440612793,0.05066681280732155,0,0
32,LEFT_EYE_INNER,0.6225616931915283,0.487784206867218,0.04785805568099022,0,0
32,LEFT_EYE,0.6213666200637817,0.4870855212211609,0.047855935990810394,0,0
32,LEFT_EYE_OUTER,0.6201464533805847,0.48634225130081177,0.04785167798399925,0,0
32,RIGHT_EYE_INNER,0.6247727274894714,0.48849955201148987,0.03182150796055794,0,0
32,RIGHT_EYE,0.6251066327095032,0.48844847083091736,0.03181125968694687,0,0
32,RIGHT_EYE_OUTER,0.6254024505615234,0.4883500933647156,0.03175222501158714,0,0
32,LEFT_EAR,0.614036500453949,0.487501859664917,0.037372224032878876,0,0
32,RIGHT_EAR,0.6212427020072937,0.4908379316329956,-0.03249683231115341,0,0
32,MOUTH_LEFT,0.620733916759491,0.5066491365432739,0.05087338015437126,0,0
32,MOUTH_RIGHT,0.6229738593101501,0.5076370239257812,0.03016393631696701,0,0
32,LEFT_SHOULDER,0.586656928062439,0.5353646278381348,0.0820995569229126,0,0
32,RIGHT_SHOULDER,0.6177242994308472,0.5491242408752441,-0.09076093882322311,0,0
32,LEFT_ELBOW,0.587683916091919,0.6127644181251526,0.12934739887714386,0,0
32,RIGHT_ELBOW,0.6182631254196167,0.6371281147003174,-0.07663030177354813,0,0
32,LEFT_WRIST,0.60857093334198,0.6476946473121643,0.14179961383342743,0,0
32,RIGHT_WRIST,0.6280714273452759,0.6470131874084473,-0.01391564216464758,0,0
32,LEFT_PINKY,0.6122959852218628,0.657332718372345,0.14640259742736816,0,0
32,RIGHT_PINKY,0.6327565908432007,0.6504554748535156,-0.018154369667172432,0,0
32,LEFT_INDEX,0.6152182817459106,0.6522948741912842,0.13661378622055054,0,0
32,RIGHT_INDEX,0.6332191228866577,0.6441316604614258,-0.01902764104306698,0,0
32,LEFT_THUMB,0.6158591508865356,0.6502820253372192,0.13702470064163208,0,0
32,RIGHT_THUMB,0.6313890218734741,0.6426228880882263,-0.011817707680165768,0,0
32,LEFT_HIP,0.580767035484314,0.6925405263900757,0.0625234842300415,0,0
32,RIGHT_HIP,0.6035224199295044,0.6979097723960876,-0.06258624792098999,0,0
32,LEFT_KNEE,0.5803768634796143,0.7772839665412903,0.15702271461486816,0,0
32,RIGHT_KNEE,0.6145395636558533,0.8041800260543823,-0.04101758077740669,0,0
32,LEFT_ANKLE,0.5655204653739929,0.8792024254798889,0.2430008351802826,0,0
32,RIGHT_ANKLE,0.6101391911506653,0.918954074382782,-0.01638423651456833,0,0
32,LEFT_HEEL,0.557349443435669,0.9005037546157837,0.2501360774040222,0,0
32,RIGHT_HEEL,0.6027089357376099,0.9397605657577515,-0.014353831298649311,0,0
32,LEFT_FOOT_INDEX,0.584455668926239,0.8883703351020813,0.24197058379650116,0,0
32,RIGHT_FOOT_INDEX,0.6364328265190125,0.9342400431632996,-0.042306121438741684,0,0
33,NOSE,0.6246260404586792,0.5000184178352356,0.06387574225664139,0,0
33,LEFT_EYE_INNER,0.622633159160614,0.48920249938964844,0.060603123158216476,0,0
33,LEFT_EYE,0.6214151382446289,0.4885348975658417,0.06059747189283371,0,0
33,LEFT_EYE_OUTER,0.6201648116111755,0.4878365993499756,0.06058550253510475,0,0
33,RIGHT_EYE_INNER,0.6251755356788635,0.48988229036331177,0.045350898057222366,0,0
33,RIGHT_EYE,0.6256551742553711,0.48983028531074524,0.045333728194236755,0,0
33,RIGHT_EYE_OUTER,0.6260845065116882,0.48975181579589844,0.045272134244441986,0,0
33,LEFT_EAR,0.614490270614624,0.4889907240867615,0.04660862311720848,0,0
33,RIGHT_EAR,0.62253737449646,0.4922653138637543,-0.02087973803281784,0,0
33,MOUTH_LEFT,0.6207908391952515,0.5076650977134705,0.062243856489658356,0,0
33,MOUTH_RIGHT,0.6233211755752563,0.5089753866195679,0.042499933391809464,0,0
33,LEFT_SHOULDER,0.5869107842445374,0.5362144708633423,0.08764581382274628,0,0
33,RIGHT_SHOULDER,0.6188452839851379,0.5498486161231995,-0.08156101405620575,0,0
33,LEFT_ELBOW,0.5876316428184509,0.6128495335578918,0.13546635210514069,0,0
33,RIGHT_ELBOW,0.6222962737083435,0.6404929757118225,-0.06892520934343338,0,0
33,LEFT_WRIST,0.6086670756340027,0.6478694081306458,0.15580864250659943,0,0
33,RIGHT_WRIST,0.6307710409164429,0.6470661163330078,-0.009607594460248947,0,0
33,LEFT_PINKY,0.6123948693275452,0.6574196815490723,0.1620488315820694,0,0
33,RIGHT_PINKY,0.6347801685333252,0.6491310596466064,-0.012957857921719551,0,0
33,LEFT_INDEX,0.6156784892082214,0.652441680431366,0.15393318235874176,0,0
33,RIGHT_INDEX,0.6346774697303772,0.6425517201423645,-0.013344811275601387,0,0
33,LEFT_THUMB,0.6160332560539246,0.6503241658210754,0.15196138620376587,0,0
33,RIGHT_THUMB,0.6327269673347473,0.6415379643440247,-0.007515346631407738,0,0
33,LEFT_HIP,0.5809016823768616,0.6930124759674072,0.06262845546007156,0,0
33,RIGHT_HIP,0.6038901209831238,0.6980701684951782,-0.06269026547670364,0,0
33,LEFT_KNEE,0.5804628133773804,0.7773058414459229,0.16505636274814606,0,0
33,RIGHT_KNEE,0.6167782545089722,0.8041501045227051,-0.050085004419088364,0,0
33,LEFT_ANKLE,0.5663643479347229,0.8787935376167297,0.2473830133676529,0,0
33,RIGHT_ANKLE,0.6101464629173279,0.9189227223396301,-0.04377555474638939,0,0
33,LEFT_HEEL,0.5577850937843323,0.899911642074585,0.2541012167930603,0,0
33,RIGHT_HEEL,0.6027131676673889,0.9395517706871033,-0.043640632182359695,0,0
33,LEFT_FOOT_INDEX,0.5847083926200867,0.8880208134651184,0.2464531511068344,0,0
33,RIGHT_FOOT_INDEX,0.636549174785614,0.9346397519111633,-0.07361437380313873,0,0
34,NOSE,0.6261093020439148,0.501555860042572,0.06446578353643417,0,0
34,LEFT_EYE_INNER,0.6240382790565491,0.49035292863845825,0.06197800859808922,0,0
34,LEFT_EYE,0.6227605938911438,0.4896242022514343,0.06197003647685051,0,0
34,LEFT_EYE_OUTER,0.6214935779571533,0.4889248311519623,0.0619555301964283,0,0
34,RIGHT_EYE_INNER,0.6264604330062866,0.491139680147171,0.046327363699674606,0,0
34,RIGHT_EYE,0.6268609762191772,0.4910828769207001,0.046312443912029266,0,0
34,RIGHT_EYE_OUTER,0.6272138953208923,0.49102839827537537,0.046248119324445724,0,0
34,LEFT_EAR,0.6157299876213074,0.4901309013366699,0.05038580670952797,0,0
34,RIGHT_EAR,0.6235002875328064,0.4935119152069092,-0.01910911127924919,0,0
34,MOUTH_LEFT,0.6223830580711365,0.5092348456382751,0.06345870345830917,0,0
34,MOUTH_RIGHT,0.624688982963562,0.5107170939445496,0.04323752969503403,0,0
34,LEFT_SHOULDER,0.5876067280769348,0.5363403558731079,0.09043390303850174,0,0
34,RIGHT_SHOULDER,0.6204851865768433,0.5509278774261475,-0.07966229319572449,0,0
34,LEFT_ELBOW,0.5875774621963501,0.6129053235054016,0.13712376356124878,0,0
34,RIGHT_ELBOW,0.624241054058075,0.6402754783630371,-0.062160711735486984,0,0
34,LEFT_WRIST,0.608692467212677,0.6478883624076843,0.15881535410881042,0,0
34,RIGHT_WRIST,0.6337575912475586,0.647332489490509,0.008934726007282734,0,0
34,LEFT_PINKY,0.6123901009559631,0.6575220227241516,0.16561467945575714,0,0
34,RIGHT_PINKY,0.6371484398841858,0.6499825119972229,0.00755124120041728,0,0
34,LEFT_INDEX,0.6157554984092712,0.6526241302490234,0.15826822817325592,0,0
34,RIGHT_INDEX,0.6365795731544495,0.6434093713760376,0.007180129177868366,0,0
34,LEFT_THUMB,0.6160402297973633,0.6503251194953918,0.15529140830039978,0,0
34,RIGHT_THUMB,0.6349675059318542,0.6421617269515991,0.01140870526432991,0,0
34,LEFT_HIP,0.5808992981910706,0.6930040717124939,0.06262233108282089,0,0
34,RIGHT_HIP,0.6042352914810181,0.698028028011322,-0.06268631666898727,0,0
34,LEFT_KNEE,0.5804345011711121,0.7769227623939514,0.16379427909851074,0,0
34,RIGHT_KNEE,0.6177263855934143,0.8041518330574036,-0.05269952490925789,0,0
34,LEFT_ANKLE,0.5669409036636353,0.8788458108901978,0.24862998723983765,0,0
34,RIGHT_ANKLE,0.6104260683059692,0.9193841218948364,-0.045145511627197266,0,0
34,LEFT_HEEL,0.558451235294342,0.8998513221740723,0.2555302679538727,0,0
34,RIGHT_HEEL,0.603186309337616,0.9395527243614197,-0.0449339933693409,0,0
34,LEFT_FOOT_INDEX,0.5856761336326599,0.8881625533103943,0.24797384440898895,0,0
34,RIGHT_FOOT_INDEX,0.637173593044281,0.9351081252098083,-0.0747540071606636,0,0
35,NOSE,0.6268268823623657,0.5028135180473328,0.08009879291057587,0,0
35,LEFT_EYE_INNER,0.6246554255485535,0.4919234812259674,0.0769180878996849,0,0
35,LEFT_EYE,0.623295247554779,0.4911735951900482,0.07691419124603271,0,0
35,LEFT_EYE_OUTER,0.6219584941864014,0.49045488238334656,0.07689787447452545,0,0
35,RIGHT_EYE_INNER,0.6273772716522217,0.4927356243133545,0.06219850108027458,0,0
35,RIGHT_EYE,0.6278697848320007,0.49268725514411926,0.06218763440847397,0,0
35,RIGHT_EYE_OUTER,0.6283189654350281,0.49264606833457947,0.06211797147989273,0,0
35,LEFT_EAR,0.6165531277656555,0.4917747676372528,0.060784343630075455,0,0
35,RIGHT_EAR,0.6249477863311768,0.4953204095363617,-0.004510618280619383,0,0
35,MOUTH_LEFT,0.6230751276016235,0.5101158618927002,0.07735016196966171,0,0
35,MOUTH_RIGHT,0.6256787776947021,0.5117602944374084,0.0583229586482048,0,0
35,LEFT_SHOULDER,0.5878477692604065,0.5376126170158386,0.09516385942697525,0,0
35,RIGHT_SHOULDER,0.6224411725997925,0.5520044565200806,-0.06684704124927521,0,0
35,LEFT_ELBOW,0.5879711508750916,0.6129680275917053,0.14554737508296967,0,0
35,RIGHT_ELBOW,0.6255295276641846,0.6401811838150024,-0.04601641371846199,0,0
35,LEFT_WRIST,0.6085159182548523,0.6428857445716858,0.1761338710784912,0,0
35,RIGHT_WRIST,0.6356850266456604,0.6475691199302673,0.02857353538274765,0,0
35,LEFT_PINKY,0.6142337918281555,0.6561751365661621,0.1844918429851532,0,0
35,RIGHT_PINKY,0.6388884782791138,0.6504969596862793,0.029257873073220253,0,0
35,LEFT_INDEX,0.6180781126022339,0.651515007019043,0.1778077632188797,0,0
35,RIGHT_INDEX,0.6382376551628113,0.6438405513763428,0.02917523868381977,0,0
35,LEFT_THUMB,0.6180790066719055,0.6491242051124573,0.17320731282234192,0,0
35,RIGHT_THUMB,0.6367157697677612,0.642479658126831,0.03128106892108917,0,0
35,LEFT_HIP,0.5811906456947327,0.6930268406867981,0.06172972545027733,0,0
35,RIGHT_HIP,0.6050897836685181,0.6980637311935425,-0.06180707737803459,0,0
35,LEFT_KNEE,0.5802811980247498,0.7769971489906311,0.16113312542438507,0,0
35,RIGHT_KNEE,0.6188048124313354,0.8045629262924194,-0.05018659681081772,0,0
35,LEFT_ANKLE,0.5669710040092468,0.8792611956596375,0.2439609318971634,0,0
35,RIGHT_ANKLE,0.6105724573135376,0.9193738102912903,-0.033668749034404755,0,0
35,LEFT_HEEL,0.5586719512939453,0.8999134302139282,0.2507079541683197,0,0
35,RIGHT_HEEL,0.6033274531364441,0.9393512010574341,-0.03292408213019371,0,0
35,LEFT_FOOT_INDEX,0.5854400992393494,0.8880860209465027,0.24291478097438812,0,0
35,RIGHT_FOOT_INDEX,0.6372100114822388,0.9351726770401001,-0.06205342337489128,0,0
36,NOSE,0.6284662485122681,0.504000723361969,0.07699756324291229,0,0
36,LEFT_EYE_INNER,0.6263116002082825,0.4930831491947174,0.07412319630384445,0,0
36,LEFT_EYE,0.6248575448989868,0.49228328466415405,0.07411915808916092,0,0
36,LEFT_EYE_OUTER,0.6234446167945862,0.49150875210762024,0.07410461455583572,0,0
36,RIGHT_EYE_INNER,0.6288807988166809,0.4938372075557709,0.059187162667512894,0,0
36,RIGHT_EYE,0.6293037533760071,0.49376338720321655,0.05917830765247345,0,0
36,RIGHT_EYE_OUTER,0.629689633846283,0.49370327591896057,0.059115584939718246,0,0
36,LEFT_EAR,0.6175554394721985,0.49249398708343506,0.05959989130496979,0,0
36,RIGHT_EAR,0.6258354783058167,0.4962262809276581,-0.006744151469320059,0,0
36,MOUTH_LEFT,0.6245523691177368,0.5111318826675415,0.07488110661506653,0,0
36,MOUTH_RIGHT,0.6270831227302551,0.5127328038215637,0.05555872246623039,0,0
36,LEFT_SHOULDER,0.5878470540046692,0.5379797220230103,0.09299202263355255,0,0
36,RIGHT_SHOULDER,0.6242859959602356,0.5533653497695923,-0.06786833703517914,0,0
36,LEFT_ELBOW,0.5879436731338501,0.6130518317222595,0.1392180621623993,0,0
36,RIGHT_ELBOW,0.626278817653656,0.6398155689239502,-0.05227096751332283,0,0
36,LEFT_WRIST,0.6086835265159607,0.6455903649330139,0.16351164877414703,0,0
36,RIGHT_WRIST,0.6369019150733948,0.6487431526184082,0.01429834309965372,0,0
36,LEFT_PINKY,0.6141908168792725,0.6569880843162537,0.170680433511734,0,0
36,RIGHT_PINKY,0.6400033235549927,0.6522457003593445,0.013536144979298115,0,0
36,LEFT_INDEX,0.6179490685462952,0.652664303779602,0.16394194960594177,0,0
36,RIGHT_INDEX,0.6395174264907837,0.6453768014907837,0.013913300819694996,0,0
36,LEFT_THUMB,0.6179618835449219,0.6502777934074402,0.1604113131761551,0,0
36,RIGHT_THUMB,0.6380308270454407,0.6438409686088562,0.01693517155945301,0,0
36,LEFT_HIP,0.5816915035247803,0.6931624412536621,0.06081134080886841,0,0
36,RIGHT_HIP,0.6062633395195007,0.6983768939971924,-0.06090797483921051,0,0
36,LEFT_KNEE,0.5801019668579102,0.7770454287528992,0.16180385649204254,0,0
36,RIGHT_KNEE,0.6198309063911438,0.8045688271522522,-0.03684831038117409,0,0
36,LEFT_ANKLE,0.5669911503791809,0.8795071244239807,0.24235057830810547,0,0
36,RIGHT_ANKLE,0.6107646822929382,0.919373095035553,-0.029352841898798943,0,0
36,LEFT_HEEL,0.5586585402488708,0.8999704122543335,0.24925056099891663,0,0
36,RIGHT_HEEL,0.6035460233688354,0.9392446279525757,-0.02873396687209606,0,0
36,LEFT_FOOT_INDEX,0.5853242874145508,0.8879483938217163,0.24053117632865906,0,0
36,RIGHT_FOOT_INDEX,0.6372567415237427,0.935299813747406,-0.05145835131406784,0,0
37,NOSE,0.6287562251091003,0.5038405656814575,0.08433552086353302,0,0
37,LEFT_EYE_INNER,0.6266148090362549,0.49309036135673523,0.07871778309345245,0,0
37,LEFT_EYE,0.6251254677772522,0.4923385679721832,0.0787193551659584,0,0
37,LEFT_EYE_OUTER,0.6236838102340698,0.4916161000728607,0.07870660722255707,0,0
37,RIGHT_EYE_INNER,0.6295681595802307,0.493831604719162,0.06586911529302597,0,0
37,RIGHT_EYE,0.6301430463790894,0.49377650022506714,0.06585923582315445,0,0
37,RIGHT_EYE_OUTER,0.6306887269020081,0.4937432110309601,0.06579253822565079,0,0
37,LEFT_EAR,0.618155837059021,0.4927156865596771,0.05631010979413986,0,0
37,RIGHT_EAR,0.6275686621665955,0.4965798854827881,-0.0025879249442368746,0,0
37,MOUTH_LEFT,0.6247981190681458,0.5110044479370117,0.07883253693580627,0,0
37,MOUTH_RIGHT,0.6277435421943665,0.5125595331192017,0.06217436119914055,0,0
37,LEFT_SHOULDER,0.5882607698440552,0.5386545658111572,0.08809853345155716,0,0
37,RIGHT_SHOULDER,0.6266372799873352,0.5546265840530396,-0.0624077282845974,0,0
37,LEFT_ELBOW,0.5882569551467896,0.6130820512771606,0.13953731954097748,0,0
37,RIGHT_ELBOW,0.6289337873458862,0.6396068930625916,-0.03884715959429741,0,0
37,LEFT_WRIST,0.6082494258880615,0.6456194519996643,0.18355196714401245,0,0
37,RIGHT_WRIST,0.6381157040596008,0.6491709351539612,0.03539194166660309,0,0
37,LEFT_PINKY,0.6120458841323853,0.6562966108322144,0.19348306953907013,0,0
37,RIGHT_PINKY,0.6407663822174072,0.6533517837524414,0.037650421261787415,0,0
37,LEFT_INDEX,0.6160754561424255,0.6521658897399902,0.18766531348228455,0,0
37,RIGHT_INDEX,0.6406047344207764,0.6463268399238586,0.03692071884870529,0,0
37,LEFT_THUMB,0.6163573861122131,0.6496187448501587,0.18161506950855255,0,0
37,RIGHT_THUMB,0.6388532519340515,0.6445084810256958,0.03785715252161026,0,0
37,LEFT_HIP,0.5823132991790771,0.6932708621025085,0.05810539051890373,0,0
37,RIGHT_HIP,0.6075589060783386,0.6991080641746521,-0.05822155624628067,0,0
37,LEFT_KNEE,0.5798399448394775,0.776941180229187,0.16168394684791565,0,0
37,RIGHT_KNEE,0.6207402348518372,0.8049783110618591,-0.027917413040995598,0,0
37,LEFT_ANKLE,0.5670488476753235,0.8795090913772583,0.24446184933185577,0,0
37,RIGHT_ANKLE,0.6111300587654114,0.919851541519165,-0.013851572759449482,0,0
37,LEFT_HEEL,0.5587783455848694,0.8997541069984436,0.2518223226070404,0,0
37,RIGHT_HEEL,0.6039686799049377,0.9394035339355469,-0.012287805788218975,0,0
37,LEFT_FOOT_INDEX,0.585198163986206,0.8876193165779114,0.24660560488700867,0,0
37,RIGHT_FOOT_INDEX,0.6374552845954895,0.9356271624565125,-0.03650848567485809,0,0
38,NOSE,0.6308215260505676,0.5040553212165833,0.07964474707841873,0,0
38,LEFT_EYE_INNER,0.6287092566490173,0.49315276741981506,0.07475818693637848,0,0
38,LEFT_EYE,0.6271112561225891,0.49241846799850464,0.07475733757019043,0,0
38,LEFT_EYE_OUTER,0.6255320906639099,0.4917222261428833,0.07474497705698013,0,0
38,RIGHT_EYE_INNER,0.6316443681716919,0.49388545751571655,0.06137868016958237,0,0
38,RIGHT_EYE,0.6322391033172607,0.49384981393814087,0.06137150153517723,0,0
38,RIGHT_EYE_OUTER,0.6327778697013855,0.49384093284606934,0.06130509823560715,0,0
38,LEFT_EAR,0.6198588013648987,0.49295660853385925,0.05465928837656975,0,0
38,RIGHT_EAR,0.6292849779129028,0.496762752532959,-0.00550871854647994,0,0
38,MOUTH_LEFT,0.6264634728431702,0.5113698840141296,0.0753818228840828,0,0
38,MOUTH_RIGHT,0.6295291781425476,0.5129224061965942,0.05805766582489014,0,0
38,LEFT_SHOULDER,0.5890175104141235,0.5389052033424377,0.0857822522521019,0,0
38,RIGHT_SHOULDER,0.6280677318572998,0.5553110241889954,-0.06574801355600357,0,0
38,LEFT_ELBOW,0.5885599255561829,0.6131018996238708,0.1336776316165924,0,0
38,RIGHT_ELBOW,0.6289517283439636,0.6375956535339355,-0.05066201463341713,0,0
38,LEFT_WRIST,0.6088036298751831,0.6463885307312012,0.17076000571250916,0,0
38,RIGHT_WRIST,0.6387684941291809,0.6512815356254578,0.019026005640625954,0,0
38,LEFT_PINKY,0.6122694611549377,0.6567137837409973,0.1763836294412613,0,0
38,RIGHT_PINKY,0.6414028406143188,0.6572889089584351,0.022406820207834244,0,0
38,LEFT_INDEX,0.6164618730545044,0.6531467437744141,0.16782037913799286,0,0
38,RIGHT_INDEX,0.6412951350212097,0.6510491967201233,0.026074053719639778,0,0
38,LEFT_THUMB,0.6166742444038391,0.6505486369132996,0.16611376404762268,0,0
38,RIGHT_THUMB,0.6398204565048218,0.647884726524353,0.021809009835124016,0,0
38,LEFT_HIP,0.5827971696853638,0.6935011148452759,0.058142147958278656,0,0
38,RIGHT_HIP,0.6081234812736511,0.6995395421981812,-0.058251913636922836,0,0
38,LEFT_KNEE,0.5795381665229797,0.7767577767372131,0.1608351618051529,0,0
38,RIGHT_KNEE,0.6213049292564392,0.8051973581314087,-0.02749626524746418,0,0
38,LEFT_ANKLE,0.5671700239181519,0.8794547915458679,0.24494875967502594,0,0
38,RIGHT_ANKLE,0.6114370822906494,0.9197568297386169,-0.007972204126417637,0,0
38,LEFT_HEEL,0.5591736435890198,0.8996063470840454,0.25238731503486633,0,0
38,RIGHT_HEEL,0.6042667627334595,0.9392400979995728,-0.006166503299027681,0,0
38,LEFT_FOOT_INDEX,0.5851055979728699,0.8866215944290161,0.24688701331615448,0,0
38,RIGHT_FOOT_INDEX,0.6376688480377197,0.9359442591667175,-0.03129412233829498,0,0
39,NOSE,0.6329451203346252,0.5048619508743286,0.07843717932701111,0,0
39,LEFT_EYE_INNER,0.6307709217071533,0.49349522590637207,0.07406684011220932,0,0
39,LEFT_EYE,0.6291656494140625,0.4927666485309601,0.07406926155090332,0,0
39,LEFT_EYE_OUTER,0.627505362033844,0.4920620918273926,0.07405761629343033,0,0
39,RIGHT_EYE_INNER,0.6335583329200745,0.4942256808280945,0.06031199172139168,0,0
39,RIGHT_EYE,0.6340524554252625,0.4942050576210022,0.0602940171957016,0,0
39,RIGHT_EYE_OUTER,0.6344713568687439,0.4942048192024231,0.06023301184177399,0,0
39,LEFT_EAR,0.6214868426322937,0.4932801425457001,0.054123613983392715,0,0
39,RIGHT_EAR,0.6305038332939148,0.4971427023410797,-0.005771752912551165,0,0
39,MOUTH_LEFT,0.6283363699913025,0.5123873949050903,0.07460584491491318,0,0
39,MOUTH_RIGHT,0.6312447190284729,0.5140623450279236,0.05689715966582298,0,0
39,LEFT_SHOULDER,0.590095579624176,0.5389917492866516,0.08497284352779388,0,0
39,RIGHT_SHOULDER,0.6287372708320618,0.5556992888450623,-0.0674048513174057,0,0
39,LEFT_ELBOW,0.5888683795928955,0.6131659150123596,0.12844708561897278,0,0
39,RIGHT_ELBOW,0.629194974899292,0.6374393701553345,-0.06626792252063751,0,0
39,LEFT_WRIST,0.6105372309684753,0.6489964127540588,0.14813408255577087,0,0
39,RIGHT_WRIST,0.6403405666351318,0.6564216017723083,-0.020578395575284958,0,0
39,LEFT_PINKY,0.6142421364784241,0.6590153574943542,0.15425869822502136,0,0
39,RIGHT_PINKY,0.6428834199905396,0.6644177436828613,-0.025116093456745148,0,0
39,LEFT_INDEX,0.6191654801368713,0.6563628911972046,0.145534947514534,0,0
39,RIGHT_INDEX,0.6429503560066223,0.6573144793510437,-0.02337443083524704,0,0
39,LEFT_THUMB,0.6189566254615784,0.6536304354667664,0.1440165936946869,0,0
39,RIGHT_THUMB,0.6414550542831421,0.6539693474769592,-0.018146149814128876,0,0
39,LEFT_HIP,0.5830429196357727,0.6935241222381592,0.058915045112371445,0,0
39,RIGHT_HIP,0.608310878276825,0.6997771263122559,-0.059028591960668564,0,0
39,LEFT_KNEE,0.5794360041618347,0.7766985297203064,0.16562850773334503,0,0
39,RIGHT_KNEE,0.6215930581092834,0.8054388761520386,-0.02668658085167408,0,0
39,LEFT_ANKLE,0.567672610282898,0.8794547915458679,0.2601926028728485,0,0
39,RIGHT_ANKLE,0.6114746928215027,0.9199992418289185,-0.002315193647518754,0,0
39,LEFT_HEEL,0.5605882406234741,0.8996070027351379,0.26853787899017334,0,0
39,RIGHT_HEEL,0.6044520139694214,0.9392538070678711,-0.0004106703563593328,0,0
39,LEFT_FOOT_INDEX,0.5856016278266907,0.8862157464027405,0.2620100677013397,0,0
39,RIGHT_FOOT_INDEX,0.6377378702163696,0.9359449148178101,-0.02793016843497753,0,0
40,NOSE,0.6340792179107666,0.50634765625,0.06493779271841049,0,0
40,LEFT_EYE_INNER,0.6319244503974915,0.4947202801704407,0.06104310229420662,0,0
40,LEFT_EYE,0.6304315328598022,0.49396413564682007,0.06104497238993645,0,0
40,LEFT_EYE_OUTER,0.6288657784461975,0.4931962192058563,0.06104069948196411,0,0
40,RIGHT_EYE_INNER,0.6343474984169006,0.49540942907333374,0.04662082716822624,0,0
40,RIGHT_EYE,0.6347008943557739,0.4953717291355133,0.046615276485681534,0,0
40,RIGHT_EYE_OUTER,0.6349833011627197,0.4953538775444031,0.04655444249510765,0,0
40,LEFT_EAR,0.6225930452346802,0.49427372217178345,0.04555422440171242,0,0
40,RIGHT_EAR,0.6308497190475464,0.4982142150402069,-0.01826801896095276,0,0
40,MOUTH_LEFT,0.6297444105148315,0.5141159892082214,0.06288508325815201,0,0
40,MOUTH_RIGHT,0.6322386264801025,0.5155922174453735,0.044213615357875824,0,0
40,LEFT_SHOULDER,0.5916034579277039,0.5395535230636597,0.07819347083568573,0,0
40,RIGHT_SHOULDER,0.6293119192123413,0.5561850070953369,-0.07637198269367218,0,0
40,LEFT_ELBOW,0.589844286441803,0.6132897138595581,0.11797675490379333,0,0
40,RIGHT_ELBOW,0.6300622224807739,0.6374419927597046,-0.0669819638133049,0,0
40,LEFT_WRIST,0.6119161248207092,0.6507368087768555,0.12868821620941162,0,0
40,RIGHT_WRIST,0.642609179019928,0.6628981232643127,-0.012091470882296562,0,0
40,LEFT_PINKY,0.615614652633667,0.6604427695274353,0.13392756879329681,0,0
40,RIGHT_PINKY,0.6451386213302612,0.671200156211853,-0.015537346713244915,0,0
40,LEFT_INDEX,0.6205613017082214,0.658120334148407,0.1250297725200653,0,0
40,RIGHT_INDEX,0.6452590823173523,0.6647813320159912,-0.013194834813475609,0,0
40,LEFT_THUMB,0.6203042268753052,0.6555244326591492,0.12453360855579376,0,0
40,RIGHT_THUMB,0.6437931656837463,0.6607280373573303,-0.008812785148620605,0,0
40,LEFT_HIP,0.5836441516876221,0.6949690580368042,0.059007082134485245,0,0
40,RIGHT_HIP,0.6086796522140503,0.7012386322021484,-0.05911059305071831,0,0
40,LEFT_KNEE,0.5793834924697876,0.7768656611442566,0.16635990142822266,0,0
40,RIGHT_KNEE,0.6219093203544617,0.8059807419776917,-0.015203951857984066,0,0
40,LEFT_ANKLE,0.5676172375679016,0.8792239427566528,0.26110032200813293,0,0
40,RIGHT_ANKLE,0.6115254759788513,0.9202090501785278,0.02098013274371624,0,0
40,LEFT_HEEL,0.5606871247291565,0.8995007276535034,0.2697035074234009,0,0
40,RIGHT_HEEL,0.6045796275138855,0.9393792152404785,0.024207958951592445,0,0
40,LEFT_FOOT_INDEX,0.5854077935218811,0.8856863975524902,0.26402828097343445,0,0
40,RIGHT_FOOT_INDEX,0.6377707123756409,0.9359466433525085,-0.000793398532550782,0,0
41,NOSE,0.6353402733802795,0.5075496435165405,0.05240730568766594,0,0
41,LEFT_EYE_INNER,0.6333444714546204,0.49619463086128235,0.05076603591442108,0,0
41,LEFT_EYE,0.6319760680198669,0.4953538179397583,0.050761185586452484,0,0
41,LEFT_EYE_OUTER,0.630540132522583,0.4944712817668915,0.050755418837070465,0,0
41,RIGHT_EYE_INNER,0.6354190707206726,0.4969766139984131,0.03452068194746971,0,0
41,RIGHT_EYE,0.6356536746025085,0.4969746768474579,0.03451786935329437,0,0
41,RIGHT_EYE_OUTER,0.635827898979187,0.4969711899757385,0.034455034881830215,0,0
41,LEFT_EAR,0.6242652535438538,0.4954529404640198,0.04342947527766228,0,0
41,RIGHT_EAR,0.6316289305686951,0.4998125433921814,-0.028422722592949867,0,0
41,MOUTH_LEFT,0.6310642957687378,0.5153782963752747,0.053321097046136856,0,0
41,MOUTH_RIGHT,0.633235514163971,0.5167729258537292,0.032232727855443954,0,0
41,LEFT_SHOULDER,0.5934793949127197,0.5405898690223694,0.07850474864244461,0,0
41,RIGHT_SHOULDER,0.629393994808197,0.5573026537895203,-0.08768372237682343,0,0
41,LEFT_ELBOW,0.5913097262382507,0.6135318875312805,0.11912419646978378,0,0
41,RIGHT_ELBOW,0.6293668746948242,0.6383971571922302,-0.08764661848545074,0,0
41,LEFT_WRIST,0.6116016507148743,0.6571387648582458,0.12052419781684875,0,0
41,RIGHT_WRIST,0.6441227793693542,0.6685410141944885,-0.04360438138246536,0,0
41,LEFT_PINKY,0.6151915192604065,0.66794753074646,0.12457152456045151,0,0
41,RIGHT_PINKY,0.6470922827720642,0.6760607361793518,-0.05211138725280762,0,0
41,LEFT_INDEX,0.6203988194465637,0.6656429767608643,0.11451581120491028,0,0
41,RIGHT_INDEX,0.6474553346633911,0.6698293685913086,-0.05045837163925171,0,0
41,LEFT_THUMB,0.6202545762062073,0.6623520255088806,0.11555719375610352,0,0
41,RIGHT_THUMB,0.6460166573524475,0.6659882664680481,-0.04120449349284172,0,0
41,LEFT_HIP,0.5838046669960022,0.6960979104042053,0.061655398458242416,0,0
41,RIGHT_HIP,0.6085526943206787,0.702810525894165,-0.06176286190748215,0,0
41,LEFT_KNEE,0.5795639753341675,0.777596652507782,0.16758592426776886,0,0
41,RIGHT_KNEE,0.6226339936256409,0.8060805797576904,-0.020334232598543167,0,0
41,LEFT_ANKLE,0.5675870776176453,0.8787275552749634,0.26294049620628357,0,0
41,RIGHT_ANKLE,0.6115529537200928,0.9201497435569763,0.010618084110319614,0,0
41,LEFT_HEEL,0.5606676340103149,0.8989030718803406,0.27132517099380493,0,0
41,RIGHT_HEEL,0.6045752167701721,0.9393143653869629,0.013357722200453281,0,0
41,LEFT_FOOT_INDEX,0.5853830575942993,0.8852889537811279,0.263129323720932,0,0
41,RIGHT_FOOT_INDEX,0.6377877593040466,0.9359002113342285,-0.01489369384944439,0,0
42,NOSE,0.6374902725219727,0.5103548169136047,0.04536731168627739,0,0
42,LEFT_EYE_INNER,0.6354940533638,0.49920710921287537,0.04575077444314957,0,0
42,LEFT_EYE,0.6341756582260132,0.4983005225658417,0.04574107378721237,0,0
42,LEFT_EYE_OUTER,0.6327331066131592,0.49724218249320984,0.04572711139917374,0,0
42,RIGHT_EYE_INNER,0.6374014019966125,0.500008761882782,0.028047708794474602,0,0
42,RIGHT_EYE,0.6375550031661987,0.5000052452087402,0.028050754219293594,0,0
42,RIGHT_EYE_OUTER,0.6376400589942932,0.499928742647171,0.027984773740172386,0,0
42,LEFT_EAR,0.6260979771614075,0.4976864755153656,0.04425840452313423,0,0
42,RIGHT_EAR,0.6330235004425049,0.5023505687713623,-0.03295384347438812,0,0
42,MOUTH_LEFT,0.6331244707107544,0.5181812644004822,0.048637375235557556,0,0
42,MOUTH_RIGHT,0.6350630521774292,0.5194685459136963,0.025651009753346443,0,0
42,LEFT_SHOULDER,0.5960010886192322,0.5411524772644043,0.085601307451725,0,0
42,RIGHT_SHOULDER,0.628854513168335,0.5586702227592468,-0.09381014853715897,0,0
42,LEFT_ELBOW,0.5936101078987122,0.6136658787727356,0.11927910149097443,0,0
42,RIGHT_ELBOW,0.6289434432983398,0.6414781808853149,-0.10156502574682236,0,0
42,LEFT_WRIST,0.6111017465591431,0.6618331670761108,0.12511752545833588,0,0
42,RIGHT_WRIST,0.6460590362548828,0.67756587266922,-0.06941954046487808,0,0
42,LEFT_PINKY,0.6128482818603516,0.673716127872467,0.13014622032642365,0,0
42,RIGHT_PINKY,0.6493740677833557,0.6860174536705017,-0.0813058391213417,0,0
42,LEFT_INDEX,0.6176892518997192,0.6714522242546082,0.12015249580144882,0,0
42,RIGHT_INDEX,0.6503030061721802,0.6792830228805542,-0.07816670835018158,0,0
42,LEFT_THUMB,0.6181277632713318,0.6676127314567566,0.12028384208679199,0,0
42,RIGHT_THUMB,0.6486867070198059,0.675994873046875,-0.0667390301823616,0,0
42,LEFT_HIP,0.5838122963905334,0.696537435054779,0.06409051269292831,0,0
42,RIGHT_HIP,0.6084440350532532,0.7036334276199341,-0.06419748812913895,0,0
42,LEFT_KNEE,0.5810227990150452,0.7781242728233337,0.16635093092918396,0,0
42,RIGHT_KNEE,0.6231547594070435,0.8060799241065979,-0.030577000230550766,0,0
42,LEFT_ANKLE,0.5675098299980164,0.8777300715446472,0.25980353355407715,0,0
42,RIGHT_ANKLE,0.6115707755088806,0.9199768304824829,0.005055167246609926,0,0
42,LEFT_HEEL,0.5606090426445007,0.8976097106933594,0.2678386867046356,0,0
42,RIGHT_HEEL,0.6045761704444885,0.9391862154006958,0.007062511518597603,0,0
42,LEFT_FOOT_INDEX,0.5853464007377625,0.8853318691253662,0.2585070729255676,0,0
42,RIGHT_FOOT_INDEX,0.6377953290939331,0.9358603954315186,-0.01788286305963993,0,0
43,NOSE,0.6391312479972839,0.513248085975647,0.03989493474364281,0,0
43,LEFT_EYE_INNER,0.6371305584907532,0.5022417902946472,0.04062841087579727,0,0
43,LEFT_EYE,0.6358547210693359,0.5012619495391846,0.04061802849173546,0,0
43,LEFT_EYE_OUTER,0.6344525814056396,0.5001376271247864,0.04060034826397896,0,0
43,RIGHT_EYE_INNER,0.6390508413314819,0.5031622052192688,0.022760935127735138,0,0
43,RIGHT_EYE,0.6392059922218323,0.5031531453132629,0.022772831842303276,0,0
43,RIGHT_EYE_OUTER,0.6392909288406372,0.5030583739280701,0.02270766906440258,0,0
43,LEFT_EAR,0.6280691623687744,0.5002871751785278,0.04221779480576515,0,0
43,RIGHT_EAR,0.6347204446792603,0.5052129030227661,-0.037319183349609375,0,0
43,MOUTH_LEFT,0.6347739100456238,0.5204772353172302,0.04375307261943817,0,0
43,MOUTH_RIGHT,0.6366464495658875,0.521924614906311,0.02049182914197445,0,0
43,LEFT_SHOULDER,0.5979941487312317,0.5428191423416138,0.08603177219629288,0,0
43,RIGHT_SHOULDER,0.6285073161125183,0.5611222386360168,-0.0979001522064209,0,0
43,LEFT_ELBOW,0.5949770212173462,0.6139254570007324,0.12325482070446014,0,0
43,RIGHT_ELBOW,0.6287277340888977,0.6431582570075989,-0.11330773681402206,0,0
43,LEFT_WRIST,0.6073574423789978,0.6668795347213745,0.12556034326553345,0,0
43,RIGHT_WRIST,0.6467110514640808,0.6907761693000793,-0.09629933536052704,0,0
43,LEFT_PINKY,0.6075417399406433,0.6791069507598877,0.1371026486158371,0,0
43,RIGHT_PINKY,0.6503674983978271,0.7035763263702393,-0.11111006140708923,0,0
43,LEFT_INDEX,0.6126612424850464,0.6775720119476318,0.12056088447570801,0,0
43,RIGHT_INDEX,0.6516924500465393,0.6978257298469543,-0.10606363415718079,0,0
43,LEFT_THUMB,0.6135709881782532,0.6735462546348572,0.1221238374710083,0,0
43,RIGHT_THUMB,0.6499159932136536,0.6936026811599731,-0.09322377294301987,0,0
43,LEFT_HIP,0.5837679505348206,0.6973335146903992,0.06441493332386017,0,0
43,RIGHT_HIP,0.6083424091339111,0.7051013708114624,-0.06452466547489166,0,0
43,LEFT_KNEE,0.5824463367462158,0.7795923948287964,0.1547698676586151,0,0
43,RIGHT_KNEE,0.6234700083732605,0.8062418699264526,-0.0301650520414114,0,0
43,LEFT_ANKLE,0.5674766302108765,0.8777239322662354,0.24188166856765747,0,0
43,RIGHT_ANKLE,0.6116021871566772,0.9200852513313293,0.009781287983059883,0,0
43,LEFT_HEEL,0.560493528842926,0.8975675702095032,0.24908238649368286,0,0
43,RIGHT_HEEL,0.604716956615448,0.9391499757766724,0.012557679787278175,0,0
43,LEFT_FOOT_INDEX,0.5853143930435181,0.8854498267173767,0.23617537319660187,0,0
43,RIGHT_FOOT_INDEX,0.6377831697463989,0.935748279094696,-0.01682049036026001,0,0
44,NOSE,0.6412561535835266,0.5165055990219116,0.008235637098550797,0,0
44,LEFT_EYE_INNER,0.6394973397254944,0.5055442452430725,0.012310503982007504,0,0
44,LEFT_EYE,0.6383752226829529,0.5045410394668579,0.012296397238969803,0,0
44,LEFT_EYE_OUTER,0.6371297240257263,0.503363311290741,0.012286975979804993,0,0
44,RIGHT_EYE_INNER,0.6409125924110413,0.5064337849617004,-0.007037143688648939,0,0
44,RIGHT_EYE,0.6408454179763794,0.5063751339912415,-0.007016092073172331,0,0
44,RIGHT_EYE_OUTER,0.6407088041305542,0.5062312483787537,-0.007065205369144678,0,0
44,LEFT_EAR,0.6301965117454529,0.5029668807983398,0.02898354083299637,0,0
44,RIGHT_EAR,0.6355092525482178,0.5077595710754395,-0.0579349584877491,0,0
44,MOUTH_LEFT,0.6367274522781372,0.5235667824745178,0.01742946170270443,0,0
44,MOUTH_RIGHT,0.6380749940872192,0.5248906016349792,-0.0078744413331151,0,0
44,LEFT_SHOULDER,0.600564181804657,0.5458024144172668,0.08289183676242828,0,0
44,RIGHT_SHOULDER,0.6282637119293213,0.5635737776756287,-0.11156407743692398,0,0
44,LEFT_ELBOW,0.5963594913482666,0.6208140850067139,0.10996972024440765,0,0
44,RIGHT_ELBOW,0.6286936402320862,0.6473614573478699,-0.13177448511123657,0,0
44,LEFT_WRIST,0.6073769927024841,0.6866611838340759,0.09839380532503128,0,0
44,RIGHT_WRIST,0.6468663811683655,0.7062749862670898,-0.11526437103748322,0,0
44,LEFT_PINKY,0.6053890585899353,0.6970787048339844,0.10466039925813675,0,0
44,RIGHT_PINKY,0.651379406452179,0.7179757952690125,-0.13207903504371643,0,0
44,LEFT_INDEX,0.6132091283798218,0.7010810971260071,0.0912536084651947,0,0
44,RIGHT_INDEX,0.6529046297073364,0.7133563160896301,-0.12516723573207855,0,0
44,LEFT_THUMB,0.6137410402297974,0.6965849995613098,0.09244847297668457,0,0
44,RIGHT_THUMB,0.6506856679916382,0.7095180749893188,-0.11154895275831223,0,0
44,LEFT_HIP,0.5837096571922302,0.6992892622947693,0.06427250057458878,0,0
44,RIGHT_HIP,0.6072300672531128,0.7072954773902893,-0.0643903836607933,0,0
44,LEFT_KNEE,0.5833873152732849,0.7820472717285156,0.14674025774002075,0,0
44,RIGHT_KNEE,0.6238529086112976,0.8062005043029785,-0.03144822269678116,0,0
44,LEFT_ANKLE,0.5674734115600586,0.8778759837150574,0.22859248518943787,0,0
44,RIGHT_ANKLE,0.6116418242454529,0.9200831055641174,0.014490713365375996,0,0
44,LEFT_HEEL,0.560409665107727,0.8977109789848328,0.23523981869220734,0,0
44,RIGHT_HEEL,0.6047118902206421,0.9391648769378662,0.017831729725003242,0,0
44,LEFT_FOOT_INDEX,0.5859629511833191,0.8870248198509216,0.22442278265953064,0,0
44,RIGHT_FOOT_INDEX,0.6377660632133484,0.9357364773750305,-0.009189676493406296,0,0
45,NOSE,0.6426353454589844,0.5204672813415527,-0.016796493902802467,0,0
45,LEFT_EYE_INNER,0.6411696076393127,0.5095093250274658,-0.010305481031537056,0,0
45,LEFT_EYE,0.6402401328086853,0.5085681676864624,-0.010324838571250439,0,0
45,LEFT_EYE_OUTER,0.6391451954841614,0.5074012279510498,-0.010324880480766296,0,0
45,RIGHT_EYE_INNER,0.6420971751213074,0.5102366209030151,-0.03140127286314964,0,0
45,RIGHT_EYE,0.6418752074241638,0.510075032711029,-0.03138347342610359,0,0
45,RIGHT_EYE_OUTER,0.6415855884552002,0.5098526477813721,-0.031423576176166534,0,0
45,LEFT_EAR,0.6315119862556458,0.5064327716827393,0.017863580957055092,0,0
45,RIGHT_EAR,0.6358796954154968,0.5110539793968201,-0.07733342796564102,0,0
45,MOUTH_LEFT,0.6383277177810669,0.5277857780456543,-0.0033200778998434544,0,0
45,MOUTH_RIGHT,0.6390883326530457,0.5286940932273865,-0.031008059158921242,0,0
45,LEFT_SHOULDER,0.6025366187095642,0.5514960885047913,0.08033528178930283,0,0
45,RIGHT_SHOULDER,0.6278609037399292,0.5677317976951599,-0.1257997453212738,0,0
45,LEFT_ELBOW,0.6004440784454346,0.637516438961029,0.10227074474096298,0,0
45,RIGHT_ELBOW,0.6285161375999451,0.6536728739738464,-0.14958664774894714,0,0
45,LEFT_WRIST,0.6121264696121216,0.699736475944519,0.07563210278749466,0,0
45,RIGHT_WRIST,0.6467618942260742,0.7164418697357178,-0.13564443588256836,0,0
45,LEFT_PINKY,0.6090978384017944,0.7059540748596191,0.07949192821979523,0,0
45,RIGHT_PINKY,0.6519632935523987,0.7301998734474182,-0.15560199320316315,0,0
45,LEFT_INDEX,0.6193272471427917,0.713919997215271,0.06426753103733063,0,0
45,RIGHT_INDEX,0.6542037129402161,0.7255328297615051,-0.14731837809085846,0,0
45,LEFT_THUMB,0.6187475323677063,0.7098744511604309,0.06811673939228058,0,0
45,RIGHT_THUMB,0.6516391038894653,0.7200065851211548,-0.1315794438123703,0,0
45,LEFT_HIP,0.5836871862411499,0.7013558745384216,0.06562134623527527,0,0
45,RIGHT_HIP,0.6059134602546692,0.7099528908729553,-0.0657532587647438,0,0
45,LEFT_KNEE,0.5842502117156982,0.7833337783813477,0.15533453226089478,0,0
45,RIGHT_KNEE,0.6238259077072144,0.8060743808746338,-0.03276501223444939,0,0
45,LEFT_ANKLE,0.5674397349357605,0.8779135346412659,0.25409191846847534,0,0
45,RIGHT_ANKLE,0.6116554737091064,0.9200351238250732,0.01790013164281845,0,0
45,LEFT_HEEL,0.560390293598175,0.8977900147438049,0.26243165135383606,0,0
45,RIGHT_HEEL,0.604555070400238,0.9391692280769348,0.02132764272391796,0,0
45,LEFT_FOOT_INDEX,0.5871821045875549,0.8884202241897583,0.25140872597694397,0,0
45,RIGHT_FOOT_INDEX,0.637668788433075,0.9355528950691223,-0.008826619014143944,0,0
46,NOSE,0.6448526382446289,0.5251273512840271,-0.02541928179562092,0,0
46,LEFT_EYE_INNER,0.6438259482383728,0.513995885848999,-0.0180125180631876,0,0
46,LEFT_EYE,0.6429740786552429,0.5130367279052734,-0.018030496314167976,0,0
46,LEFT_EYE_OUTER,0.6420692205429077,0.5119054317474365,-0.01802833192050457,0,0
46,RIGHT_EYE_INNER,0.6445057988166809,0.5148180723190308,-0.03915689140558243,0,0
46,RIGHT_EYE,0.6441765427589417,0.514617383480072,-0.03914067521691322,0,0
46,RIGHT_EYE_OUTER,0.6437565684318542,0.5143664479255676,-0.039178263396024704,0,0
46,LEFT_EAR,0.6343439817428589,0.5103815793991089,0.01430028211325407,0,0
46,RIGHT_EAR,0.6375159025192261,0.5149426460266113,-0.08105074614286423,0,0
46,MOUTH_LEFT,0.6404056549072266,0.5321224331855774,-0.01050843670964241,0,0
46,MOUTH_RIGHT,0.6408348083496094,0.5328881740570068,-0.03823067992925644,0,0
46,LEFT_SHOULDER,0.604819655418396,0.5530753135681152,0.0786907821893692,0,0
46,RIGHT_SHOULDER,0.6274592280387878,0.5717556476593018,-0.12701095640659332,0,0
46,LEFT_ELBOW,0.6017942428588867,0.634552001953125,0.09930062294006348,0,0
46,RIGHT_ELBOW,0.6265647411346436,0.6552927494049072,-0.1500800997018814,0,0
46,LEFT_WRIST,0.6176872849464417,0.7058460116386414,0.0716792568564415,0,0
46,RIGHT_WRIST,0.645436704158783,0.718214213848114,-0.1355772167444229,0,0
46,LEFT_PINKY,0.6200326681137085,0.7182164192199707,0.07549452781677246,0,0
46,RIGHT_PINKY,0.6513528227806091,0.7372457981109619,-0.15501543879508972,0,0
46,LEFT_INDEX,0.6256476640701294,0.7210178971290588,0.060236021876335144,0,0
46,RIGHT_INDEX,0.6530463099479675,0.7319890856742859,-0.14703252911567688,0,0
46,LEFT_THUMB,0.6244338750839233,0.7167524099349976,0.06406914442777634,0,0
46,RIGHT_THUMB,0.6510733366012573,0.7235546112060547,-0.13156059384346008,0,0
46,LEFT_HIP,0.5834524035453796,0.7013695240020752,0.06540694087743759,0,0
46,RIGHT_HIP,0.6043514013290405,0.7100692391395569,-0.06553690135478973,0,0
46,LEFT_KNEE,0.5847146511077881,0.7841981053352356,0.1559181660413742,0,0
46,RIGHT_KNEE,0.6237855553627014,0.8060721158981323,-0.030869364738464355,0,0
46,LEFT_ANKLE,0.5674207806587219,0.8779056072235107,0.25253528356552124,0,0
46,RIGHT_ANKLE,0.6117451190948486,0.9192841649055481,0.02423510141670704,0,0
46,LEFT_HEEL,0.5600521564483643,0.8977088332176208,0.2605854868888855,0,0
46,RIGHT_HEEL,0.6044437289237976,0.9391569495201111,0.027854548767209053,0,0
46,LEFT_FOOT_INDEX,0.5873123407363892,0.8884462118148804,0.25009503960609436,0,0
46,RIGHT_FOOT_INDEX,0.6374252438545227,0.9350054860115051,-0.0015629680128768086,0,0
47,NOSE,0.6468999981880188,0.529762864112854,-0.005490819923579693,0,0
47,LEFT_EYE_INNER,0.6460517644882202,0.5185317993164062,0.0005782825173810124,0,0
47,LEFT_EYE,0.6451817154884338,0.517528235912323,0.0005627394421026111,0,0
47,LEFT_EYE_OUTER,0.6442769765853882,0.5163964033126831,0.0005681264447048306,0,0
47,RIGHT_EYE_INNER,0.6467243432998657,0.5193271636962891,-0.020505497232079506,0,0
47,RIGHT_EYE,0.6464117169380188,0.5190405249595642,-0.02048601396381855,0,0
47,RIGHT_EYE_OUTER,0.6459680795669556,0.5186859965324402,-0.02053084969520569,0,0
47,LEFT_EAR,0.6366347670555115,0.5147296786308289,0.022791679948568344,0,0
47,RIGHT_EAR,0.6393476724624634,0.5187617540359497,-0.06837209314107895,0,0
47,MOUTH_LEFT,0.6422576308250427,0.5365908741950989,0.007113918662071228,0,0
47,MOUTH_RIGHT,0.6427155137062073,0.5371783375740051,-0.020526420325040817,0,0
47,LEFT_SHOULDER,0.605891227722168,0.556101381778717,0.0863342359662056,0,0
47,RIGHT_SHOULDER,0.6273996829986572,0.5729575753211975,-0.11883296817541122,0,0
47,LEFT_ELBOW,0.6035780310630798,0.6352800130844116,0.10535883903503418,0,0
47,RIGHT_ELBOW,0.6235665082931519,0.6532400846481323,-0.14247123897075653,0,0
47,LEFT_WRIST,0.6266604065895081,0.7009474635124207,0.08222085982561111,0,0
47,RIGHT_WRIST,0.6394273638725281,0.7067418098449707,-0.1316998451948166,0,0
47,LEFT_PINKY,0.6284932494163513,0.7083326578140259,0.08572101593017578,0,0
47,RIGHT_PINKY,0.6512283086776733,0.7283149361610413,-0.1511572301387787,0,0
47,LEFT_INDEX,0.6325191259384155,0.7078731656074524,0.06998524814844131,0,0
47,RIGHT_INDEX,0.6458572149276733,0.7224947810173035,-0.1434236466884613,0,0
47,LEFT_THUMB,0.6310126781463623,0.7036307454109192,0.07441536337137222,0,0
47,RIGHT_THUMB,0.6449330449104309,0.7132673263549805,-0.12773160636425018,0,0
47,LEFT_HIP,0.5833658576011658,0.7043918967247009,0.06560471653938293,0,0
47,RIGHT_HIP,0.603864312171936,0.7131717801094055,-0.06572579592466354,0,0
47,LEFT_KNEE,0.5854817628860474,0.7845278978347778,0.15624244511127472,0,0
47,RIGHT_KNEE,0.6237509846687317,0.8063019514083862,-0.03196125850081444,0,0
47,LEFT_ANKLE,0.5669803023338318,0.8771228194236755,0.25229743123054504,0,0
47,RIGHT_ANKLE,0.6120172142982483,0.919262707233429,0.01736420951783657,0,0
47,LEFT_HEEL,0.5585918426513672,0.8971570730209351,0.26012444496154785,0,0
47,RIGHT_HEEL,0.6044447422027588,0.9393087029457092,0.020435621961951256,0,0
47,LEFT_FOOT_INDEX,0.5872344970703125,0.8884256482124329,0.2488325983285904,0,0
47,RIGHT_FOOT_INDEX,0.6371780633926392,0.9348709583282471,-0.008579110726714134,0,0
48,NOSE,0.6492124199867249,0.5335224270820618,-0.019895995035767555,0,0
48,LEFT_EYE_INNER,0.6489431858062744,0.5219433903694153,-0.012754401192069054,0,0
48,LEFT_EYE,0.6482107043266296,0.5209475159645081,-0.012769576162099838,0,0
48,LEFT_EYE_OUTER,0.6473439931869507,0.5198179483413696,-0.012762014754116535,0,0
48,RIGHT_EYE_INNER,0.6492690443992615,0.5226541757583618,-0.03457806631922722,0,0
48,RIGHT_EYE,0.6488244533538818,0.5223102569580078,-0.034556906670331955,0,0
48,RIGHT_EYE_OUTER,0.6482427716255188,0.5218920707702637,-0.03459435701370239,0,0
48,LEFT_EAR,0.6395570635795593,0.5179691910743713,0.019595520570874214,0,0
48,RIGHT_EAR,0.6412538290023804,0.5215248465538025,-0.07871700823307037,0,0
48,MOUTH_LEFT,0.6442068815231323,0.5402111411094666,-0.004811668768525124,0,0
48,MOUTH_RIGHT,0.6442997455596924,0.5409026145935059,-0.03353657200932503,0,0
48,LEFT_SHOULDER,0.6097049117088318,0.5553765892982483,0.08566147834062576,0,0
48,RIGHT_SHOULDER,0.6255455017089844,0.5724571347236633,-0.12624147534370422,0,0
48,LEFT_ELBOW,0.6091704964637756,0.6412965059280396,0.10834179073572159,0,0
48,RIGHT_ELBOW,0.6195809841156006,0.6519885063171387,-0.151134192943573,0,0
48,LEFT_WRIST,0.6284884214401245,0.6995890736579895,0.07897699624300003,0,0
48,RIGHT_WRIST,0.6372146606445312,0.7030446529388428,-0.13989606499671936,0,0
48,LEFT_PINKY,0.6312773823738098,0.7057172060012817,0.08109190315008163,0,0
48,RIGHT_PINKY,0.6423186659812927,0.7208953499794006,-0.1602611392736435,0,0
48,LEFT_INDEX,0.6348341703414917,0.7047604918479919,0.06439593434333801,0,0
48,RIGHT_INDEX,0.6446375250816345,0.7139420509338379,-0.1533770114183426,0,0
48,LEFT_THUMB,0.6312100291252136,0.6980626583099365,0.07048853486776352,0,0
48,RIGHT_THUMB,0.6428368091583252,0.7071792483329773,-0.13629093766212463,0,0
48,LEFT_HIP,0.5832313895225525,0.7039215564727783,0.06615382432937622,0,0
48,RIGHT_HIP,0.6026418209075928,0.7125808596611023,-0.06626307219266891,0,0
48,LEFT_KNEE,0.5862420201301575,0.7844027876853943,0.16047364473342896,0,0
48,RIGHT_KNEE,0.6237865686416626,0.8054366707801819,-0.03190683573484421,0,0
48,LEFT_ANKLE,0.5657320022583008,0.8755167126655579,0.2557690441608429,0,0
48,RIGHT_ANKLE,0.6122493147850037,0.9193100333213806,0.02192922681570053,0,0
48,LEFT_HEEL,0.5566002726554871,0.8945527076721191,0.26366326212882996,0,0
48,RIGHT_HEEL,0.604455828666687,0.9395351409912109,0.026096025481820107,0,0
48,LEFT_FOOT_INDEX,0.5883021950721741,0.8895047307014465,0.2502458691596985,0,0
48,RIGHT_FOOT_INDEX,0.6371030211448669,0.9349416494369507,-0.003339783987030387,0,0
49,NOSE,0.6513832807540894,0.5370779633522034,-0.020699772983789444,0,0
49,LEFT_EYE_INNER,0.6512871384620667,0.5254536867141724,-0.012893411330878735,0,0
49,LEFT_EYE,0.6505568027496338,0.5243809223175049,-0.012912732549011707,0,0
49,LEFT_EYE_OUTER,0.6497151851654053,0.5231912732124329,-0.01290844939649105,0,0
49,RIGHT_EYE_INNER,0.6515570282936096,0.5262048840522766,-0.035121895372867584,0,0
49,RIGHT_EYE,0.6510633230209351,0.5257825255393982,-0.035107988864183426,0,0
49,RIGHT_EYE_OUTER,0.6504417061805725,0.5252993702888489,-0.03514259308576584,0,0
49,LEFT_EAR,0.6421076655387878,0.5210334062576294,0.021661723032593727,0,0
49,RIGHT_EAR,0.6431178450584412,0.5245245099067688,-0.07828556001186371,0,0
49,MOUTH_LEFT,0.6457849144935608,0.5434226393699646,-0.004854334052652121,0,0
49,MOUTH_RIGHT,0.6457937955856323,0.5439452528953552,-0.03409477323293686,0,0
49,LEFT_SHOULDER,0.611527681350708,0.555472195148468,0.08719205111265182,0,0
49,RIGHT_SHOULDER,0.6247119903564453,0.5737231373786926,-0.12431585043668747,0,0
49,LEFT_ELBOW,0.6075174808502197,0.6398914456367493,0.11780265718698502,0,0
49,RIGHT_ELBOW,0.6177395582199097,0.6515322923660278,-0.1538299173116684,0,0
49,LEFT_WRIST,0.6244407892227173,0.6948831081390381,0.08985690027475357,0,0
49,RIGHT_WRIST,0.6376444697380066,0.698973536491394,-0.14958149194717407,0,0
49,LEFT_PINKY,0.6273068189620972,0.7040340304374695,0.09334032237529755,0,0
49,RIGHT_PINKY,0.6428454518318176,0.7187701463699341,-0.17052891850471497,0,0
49,LEFT_INDEX,0.631850004196167,0.7038492560386658,0.07952295243740082,0,0
49,RIGHT_INDEX,0.6451517343521118,0.7100165486335754,-0.16194705665111542,0,0
49,LEFT_THUMB,0.6298313736915588,0.6990602612495422,0.08303344994783401,0,0
49,RIGHT_THUMB,0.6433037519454956,0.7040907740592957,-0.1453389972448349,0,0
49,LEFT_HIP,0.582118570804596,0.7036389112472534,0.0661621242761612,0,0
49,RIGHT_HIP,0.6009225249290466,0.7125099897384644,-0.06625580042600632,0,0
49,LEFT_KNEE,0.5863067507743835,0.7842668294906616,0.1603657305240631,0,0
49,RIGHT_KNEE,0.6237300038337708,0.8031033277511597,-0.04031915217638016,0,0
49,LEFT_ANKLE,0.5634792447090149,0.8725069761276245,0.25536060333251953,0,0
49,RIGHT_ANKLE,0.6123291850090027,0.9197386503219604,0.0039687687531113625,0,0
49,LEFT_HEEL,0.5540515184402466,0.8893191814422607,0.2631742060184479,0,0
49,RIGHT_HEEL,0.6044546961784363,0.9400405287742615,0.0068168058060109615,0,0
49,LEFT_FOOT_INDEX,0.5882553458213806,0.8898555636405945,0.249709814786911,0,0
49,RIGHT_FOOT_INDEX,0.6370987296104431,0.9348847270011902,-0.027202647179365158,0,0
50,NOSE,0.6520612239837646,0.5403808951377869,-0.027006754651665688,0,0
50,LEFT_EYE_INNER,0.652359664440155,0.528963565826416,-0.019436318427324295,0,0
50,LEFT_EYE,0.6516600847244263,0.527751088142395,-0.0194594357162714,0,0
50,LEFT_EYE_OUTER,0.6508551239967346,0.5264013409614563,-0.019457967951893806,0,0
50,RIGHT_EYE_INNER,0.6527360677719116,0.529723584651947,-0.04161890596151352,0,0
50,RIGHT_EYE,0.6523597240447998,0.5291979908943176,-0.0416056364774704,0,0
50,RIGHT_EYE_OUTER,0.6518867015838623,0.528590738773346,-0.04162928834557533,0,0
50,LEFT_EAR,0.6432661414146423,0.5234572291374207,0.017025483772158623,0,0
50,RIGHT_EAR,0.644677460193634,0.5268392562866211,-0.08383163064718246,0,0
50,MOUTH_LEFT,0.6464324593544006,0.545892596244812,-0.010769577696919441,0,0
50,MOUTH_RIGHT,0.6464808583259583,0.5464135408401489,-0.04009042680263519,0,0
50,LEFT_SHOULDER,0.6147299408912659,0.5554301142692566,0.08347062766551971,0,0
50,RIGHT_SHOULDER,0.6230387091636658,0.5733301639556885,-0.12649059295654297,0,0
50,LEFT_ELBOW,0.6138409376144409,0.6381013989448547,0.11980457603931427,0,0
50,RIGHT_ELBOW,0.6137325167655945,0.6513576507568359,-0.17391563951969147,0,0
50,LEFT_WRIST,0.6332652568817139,0.6819228529930115,0.10350333154201508,0,0
50,RIGHT_WRIST,0.637954592704773,0.6927047967910767,-0.19821643829345703,0,0
50,LEFT_PINKY,0.6395320296287537,0.6957010626792908,0.11057405173778534,0,0
50,RIGHT_PINKY,0.6428899765014648,0.716977596282959,-0.222957044839859,0,0
50,LEFT_INDEX,0.6422561407089233,0.6960588097572327,0.09151249378919601,0,0
50,RIGHT_INDEX,0.6452974677085876,0.708142876625061,-0.21237073838710785,0,0
50,LEFT_THUMB,0.6401574015617371,0.6895460486412048,0.09514959901571274,0,0
50,RIGHT_THUMB,0.6434226632118225,0.7036153674125671,-0.19410468637943268,0,0
50,LEFT_HIP,0.5822134017944336,0.7035059928894043,0.06581851840019226,0,0
50,RIGHT_HIP,0.5998243689537048,0.7124010324478149,-0.06586124002933502,0,0
50,LEFT_KNEE,0.5869594216346741,0.7840278744697571,0.15499190986156464,0,0
50,RIGHT_KNEE,0.6223989129066467,0.8038122653961182,-0.038266777992248535,0,0
50,LEFT_ANKLE,0.5612296462059021,0.8676915764808655,0.2470768541097641,0,0
50,RIGHT_ANKLE,0.6124462485313416,0.9197624325752258,0.004100404679775238,0,0
50,LEFT_HEEL,0.5515040159225464,0.8827728033065796,0.25467199087142944,0,0
50,RIGHT_HEEL,0.6044414639472961,0.9397463202476501,0.007059796713292599,0,0
50,LEFT_FOOT_INDEX,0.5867618918418884,0.8907226920127869,0.23916159570217133,0,0
50,RIGHT_FOOT_INDEX,0.6371128559112549,0.9346873164176941,-0.023952094838023186,0,0
51,NOSE,0.652741014957428,0.5423892140388489,-0.027161361649632454,0,0
51,LEFT_EYE_INNER,0.6529732346534729,0.5306599736213684,-0.020584803074598312,0,0
51,LEFT_EYE,0.652289092540741,0.5294893980026245,-0.02061285264790058,0,0
51,LEFT_EYE_OUTER,0.6515165567398071,0.5282009243965149,-0.0206159595400095,0,0
51,RIGHT_EYE_INNER,0.6532641053199768,0.531371533870697,-0.04233583062887192,0,0
51,RIGHT_EYE,0.6528509259223938,0.5308824181556702,-0.04232122376561165,0,0
51,RIGHT_EYE_OUTER,0.6523548364639282,0.5303154587745667,-0.0423383004963398,0,0
51,LEFT_EAR,0.6438566446304321,0.525543749332428,0.012155118398368359,0,0
51,RIGHT_EAR,0.6451687216758728,0.5287917852401733,-0.08644285798072815,0,0
51,MOUTH_LEFT,0.6470301151275635,0.5484472513198853,-0.012267692014575005,0,0
51,MOUTH_RIGHT,0.6469125747680664,0.5490442514419556,-0.04092336818575859,0,0
51,LEFT_SHOULDER,0.6163406372070312,0.556792676448822,0.07439299672842026,0,0
51,RIGHT_SHOULDER,0.6224145293235779,0.5755471587181091,-0.12642347812652588,0,0
51,LEFT_ELBOW,0.6143583059310913,0.6328427195549011,0.12140170484781265,0,0
51,RIGHT_ELBOW,0.6128708124160767,0.6509327292442322,-0.1708652675151825,0,0
51,LEFT_WRIST,0.6381312608718872,0.6756226420402527,0.12261142581701279,0,0
51,RIGHT_WRIST,0.6304047107696533,0.709753692150116,-0.1968081146478653,0,0
51,LEFT_PINKY,0.6444967985153198,0.6907728314399719,0.13127410411834717,0,0
51,RIGHT_PINKY,0.6318767070770264,0.7250392436981201,-0.22093971073627472,0,0
51,LEFT_INDEX,0.645755410194397,0.6917279958724976,0.1126248836517334,0,0
51,RIGHT_INDEX,0.6366775631904602,0.7201507091522217,-0.21284469962120056,0,0
51,LEFT_THUMB,0.64336758852005,0.6844548583030701,0.11506365984678268,0,0
51,RIGHT_THUMB,0.6357833743095398,0.715091347694397,-0.19378869235515594,0,0
51,LEFT_HIP,0.5822190046310425,0.7000789046287537,0.06413950026035309,0,0
51,RIGHT_HIP,0.5987104177474976,0.7118363380432129,-0.0641314685344696,0,0
51,LEFT_KNEE,0.5894259810447693,0.7807294130325317,0.13905304670333862,0,0
51,RIGHT_KNEE,0.6193603873252869,0.8038026690483093,-0.03801009804010391,0,0
51,LEFT_ANKLE,0.5594247579574585,0.8636406064033508,0.22022762894630432,0,0
51,RIGHT_ANKLE,0.6123951077461243,0.9194191098213196,0.0005409220466390252,0,0
51,LEFT_HEEL,0.5498189330101013,0.8769603967666626,0.2270001769065857,0,0
51,RIGHT_HEEL,0.6044767498970032,0.9396198987960815,0.002719313371926546,0,0
51,LEFT_FOOT_INDEX,0.5856590867042542,0.8905523419380188,0.21286995708942413,0,0
51,RIGHT_FOOT_INDEX,0.6370739340782166,0.9348164796829224,-0.0304945670068264,0,0
52,NOSE,0.6535812020301819,0.5472054481506348,-0.03448457643389702,0,0
52,LEFT_EYE_INNER,0.6540257334709167,0.5356972813606262,-0.029698282480239868,0,0
52,LEFT_EYE,0.6533316373825073,0.534406304359436,-0.029726868495345116,0,0
52,LEFT_EYE_OUTER,0.6525461077690125,0.5329192280769348,-0.029719296842813492,0,0
52,RIGHT_EYE_INNER,0.6543004512786865,0.5363847017288208,-0.05014459788799286,0,0
52,RIGHT_EYE,0.6538791656494141,0.5358082056045532,-0.05013084411621094,0,0
52,RIGHT_EYE_OUTER,0.6533805131912231,0.5351361632347107,-0.05014772340655327,0,0
52,LEFT_EAR,0.6451082825660706,0.5294609069824219,-0.0020930732134729624,0,0
52,RIGHT_EAR,0.6464903354644775,0.5332310795783997,-0.09476645290851593,0,0
52,MOUTH_LEFT,0.6478680372238159,0.5533331632614136,-0.021170908585190773,0,0
52,MOUTH_RIGHT,0.6476925611495972,0.5539820194244385,-0.04808921366930008,0,0
52,LEFT_SHOULDER,0.6165502071380615,0.5604028105735779,0.05556721240282059,0,0
52,RIGHT_SHOULDER,0.6220123767852783,0.5810777544975281,-0.12923018634319305,0,0
52,LEFT_ELBOW,0.6166284680366516,0.6326691508293152,0.10640169680118561,0,0
52,RIGHT_ELBOW,0.6086744666099548,0.6518672108650208,-0.1600237339735031,0,0
52,LEFT_WRIST,0.6404801607131958,0.6743155717849731,0.09856484085321426,0,0
52,RIGHT_WRIST,0.5943240523338318,0.7290497422218323,-0.17290621995925903,0,0
52,LEFT_PINKY,0.6464880704879761,0.6884536147117615,0.10258036106824875,0,0
52,RIGHT_PINKY,0.5999146103858948,0.7401365637779236,-0.19496910274028778,0,0
52,LEFT_INDEX,0.6475111842155457,0.6894192695617676,0.08190099149942398,0,0
52,RIGHT_INDEX,0.6045059561729431,0.7395662665367126,-0.1948723942041397,0,0
52,LEFT_THUMB,0.6452731490135193,0.6830900311470032,0.08984489738941193,0,0
52,RIGHT_THUMB,0.6057175397872925,0.7340908646583557,-0.1727914810180664,0,0
52,LEFT_HIP,0.5819522142410278,0.6993749737739563,0.06351338326931,0,0
52,RIGHT_HIP,0.5967111587524414,0.7117716073989868,-0.06348025798797607,0,0
52,LEFT_KNEE,0.5888028740882874,0.7807263135910034,0.14535482227802277,0,0
52,RIGHT_KNEE,0.6191337704658508,0.8055374026298523,-0.03881429135799408,0,0
52,LEFT_ANKLE,0.5591771006584167,0.8582324385643005,0.2316061556339264,0,0
52,RIGHT_ANKLE,0.6122115254402161,0.919538140296936,0.0013829906238242984,0,0
52,LEFT_HEEL,0.5496819019317627,0.8710365295410156,0.23876674473285675,0,0
52,RIGHT_HEEL,0.6041709184646606,0.9396184682846069,0.003649181453511119,0,0
52,LEFT_FOOT_INDEX,0.5834969878196716,0.8850080966949463,0.2261907011270523,0,0
52,RIGHT_FOOT_INDEX,0.6369879841804504,0.9349594116210938,-0.03016318567097187,0,0
53,NOSE,0.6536895036697388,0.5521396994590759,-0.065162293612957,0,0
53,LEFT_EYE_INNER,0.654332160949707,0.5407498478889465,-0.059909164905548096,0,0
53,LEFT_EYE,0.6537193059921265,0.539375364780426,-0.059928588569164276,0,0
53,LEFT_EYE_OUTER,0.6530165076255798,0.5377867817878723,-0.05990146845579147,0,0
53,RIGHT_EYE_INNER,0.6544325947761536,0.541278064250946,-0.08031061291694641,0,0
53,RIGHT_EYE,0.6539734601974487,0.5405152440071106,-0.08029758185148239,0,0
53,RIGHT_EYE_OUTER,0.6534422039985657,0.5396604537963867,-0.08031957596540451,0,0
53,LEFT_EAR,0.6455312967300415,0.5330761671066284,-0.026504313573241234,0,0
53,RIGHT_EAR,0.6465393304824829,0.5366578102111816,-0.11923839896917343,0,0
53,MOUTH_LEFT,0.6480039954185486,0.5577841997146606,-0.04932359606027603,0,0
53,MOUTH_RIGHT,0.6477376818656921,0.5580810308456421,-0.07620479166507721,0,0
53,LEFT_SHOULDER,0.6182042360305786,0.5655463337898254,0.033284515142440796,0,0
53,RIGHT_SHOULDER,0.619573712348938,0.5836201906204224,-0.14463315904140472,0,0
53,LEFT_ELBOW,0.6183916926383972,0.6330810785293579,0.08609044551849365,0,0
53,RIGHT_ELBOW,0.5932010412216187,0.6577050685882568,-0.16845883429050446,0,0
53,LEFT_WRIST,0.642735481262207,0.6750540137290955,0.06050710007548332,0,0
53,RIGHT_WRIST,0.5852879285812378,0.730283796787262,-0.1747484803199768,0,0
53,LEFT_PINKY,0.6490100622177124,0.6885209679603577,0.05944952741265297,0,0
53,RIGHT_PINKY,0.5827702283859253,0.7492740154266357,-0.19732104241847992,0,0
53,LEFT_INDEX,0.6494492888450623,0.6895299553871155,0.03751993551850319,0,0
53,RIGHT_INDEX,0.5869678258895874,0.7506998777389526,-0.20203714072704315,0,0
53,LEFT_THUMB,0.6472076773643494,0.6833621263504028,0.05077727884054184,0,0
53,RIGHT_THUMB,0.5886382460594177,0.742705762386322,-0.17624594271183014,0,0
53,LEFT_HIP,0.5822440981864929,0.699752926826477,0.06287909299135208,0,0
53,RIGHT_HIP,0.5945022106170654,0.7136808633804321,-0.06287720799446106,0,0
53,LEFT_KNEE,0.5885373950004578,0.7807035446166992,0.14897699654102325,0,0
53,RIGHT_KNEE,0.6193186640739441,0.8056236505508423,-0.005506880581378937,0,0
53,LEFT_ANKLE,0.5581718683242798,0.8541262745857239,0.2342740148305893,0,0
53,RIGHT_ANKLE,0.6122015714645386,0.9198963642120361,0.07667211443185806,0,0
53,LEFT_HEEL,0.5475872755050659,0.8672690391540527,0.2423381805419922,0,0
53,RIGHT_HEEL,0.6041657328605652,0.9397820830345154,0.08320837467908859,0,0
53,LEFT_FOOT_INDEX,0.579703688621521,0.8811189532279968,0.23280183970928192,0,0
53,RIGHT_FOOT_INDEX,0.6368656158447266,0.9351456761360168,0.05614236742258072,0,0
54,NOSE,0.6537688970565796,0.5564256310462952,-0.057858992367982864,0,0
54,LEFT_EYE_INNER,0.6544882655143738,0.5457049608230591,-0.05207560583949089,0,0
54,LEFT_EYE,0.6538839936256409,0.5443116426467896,-0.052090417593717575,0,0
54,LEFT_EYE_OUTER,0.6531901955604553,0.5426449775695801,-0.05206391587853432,0,0
54,RIGHT_EYE_INNER,0.6544434428215027,0.5460196733474731,-0.07175043225288391,0,0
54,RIGHT_EYE,0.6538980603218079,0.5451079607009888,-0.07173008471727371,0,0
54,RIGHT_EYE_OUTER,0.6532878279685974,0.5440801978111267,-0.07174144685268402,0,0
54,LEFT_EAR,0.6455724239349365,0.536914587020874,-0.017765840515494347,0,0
54,RIGHT_EAR,0.6462676525115967,0.5401448607444763,-0.10760197788476944,0,0
54,MOUTH_LEFT,0.648016631603241,0.5620872378349304,-0.04196452721953392,0,0
54,MOUTH_RIGHT,0.6476402878761292,0.5620452761650085,-0.06799483299255371,0,0
54,LEFT_SHOULDER,0.6197141408920288,0.5709440112113953,0.039455197751522064,0,0
54,RIGHT_SHOULDER,0.618297278881073,0.5834993720054626,-0.135209858417511,0,0
54,LEFT_ELBOW,0.6211140155792236,0.6360824108123779,0.09094799309968948,0,0
54,RIGHT_ELBOW,0.5902836322784424,0.6544309258460999,-0.16000476479530334,0,0
54,LEFT_WRIST,0.6432470083236694,0.6754988431930542,0.06825640797615051,0,0
54,RIGHT_WRIST,0.5800291895866394,0.723010241985321,-0.16358210146427155,0,0
54,LEFT_PINKY,0.6494213938713074,0.6894299387931824,0.06824350357055664,0,0
54,RIGHT_PINKY,0.5761002898216248,0.7403649687767029,-0.18407414853572845,0,0
54,LEFT_INDEX,0.6497944593429565,0.6899710297584534,0.04776320606470108,0,0
54,RIGHT_INDEX,0.5792612433433533,0.7419734597206116,-0.18850664794445038,0,0
54,LEFT_THUMB,0.6474899649620056,0.6839220523834229,0.05934895575046539,0,0
54,RIGHT_THUMB,0.5810902118682861,0.7359090447425842,-0.16472144424915314,0,0
54,LEFT_HIP,0.5817984342575073,0.7018928527832031,0.061244212090969086,0,0
54,RIGHT_HIP,0.59476238489151,0.7149283289909363,-0.061278168112039566,0,0
54,LEFT_KNEE,0.5825574994087219,0.7813876271247864,0.1514582484960556,0,0
54,RIGHT_KNEE,0.6194849014282227,0.805496096611023,-0.012924340553581715,0,0
54,LEFT_ANKLE,0.5576158165931702,0.8571017384529114,0.2367200404405594,0,0
54,RIGHT_ANKLE,0.6121518015861511,0.9198938608169556,0.05089498311281204,0,0
54,LEFT_HEEL,0.5468624830245972,0.8719945549964905,0.244647815823555,0,0
54,RIGHT_HEEL,0.6041554808616638,0.9397481679916382,0.055696599185466766,0,0
54,LEFT_FOOT_INDEX,0.578987717628479,0.8789241313934326,0.23384401202201843,0,0
54,RIGHT_FOOT_INDEX,0.6369069218635559,0.9351227879524231,0.028044918552041054,0,0
55,NOSE,0.6534557938575745,0.5592216849327087,-0.05386900156736374,0,0
55,LEFT_EYE_INNER,0.654194176197052,0.5484403371810913,-0.0474068857729435,0,0
55,LEFT_EYE,0.6536207795143127,0.5473008155822754,-0.04742627218365669,0,0
55,LEFT_EYE_OUTER,0.6529670357704163,0.5458974242210388,-0.04740183800458908,0,0
55,RIGHT_EYE_INNER,0.6540109515190125,0.5485275387763977,-0.06722979992628098,0,0
55,RIGHT_EYE,0.6534294486045837,0.5477026104927063,-0.06721759587526321,0,0
55,RIGHT_EYE_OUTER,0.6528034806251526,0.5467450022697449,-0.06722850352525711,0,0
55,LEFT_EAR,0.6452642679214478,0.5410254597663879,-0.011670089326798916,0,0
55,RIGHT_EAR,0.6456976532936096,0.5431505441665649,-0.10206318646669388,0,0
55,MOUTH_LEFT,0.6480289697647095,0.5649421215057373,-0.037699855864048004,0,0
55,MOUTH_RIGHT,0.6475384831428528,0.5648432970046997,-0.06392048299312592,0,0
55,LEFT_SHOULDER,0.6209905743598938,0.5751480460166931,0.04484118893742561,0,0
55,RIGHT_SHOULDER,0.6164411902427673,0.5838851928710938,-0.13282963633537292,0,0
55,LEFT_ELBOW,0.6220386624336243,0.6379227638244629,0.09617090970277786,0,0
55,RIGHT_ELBOW,0.5870993733406067,0.6523796319961548,-0.1573329120874405,0,0
55,LEFT_WRIST,0.6441399455070496,0.6759850978851318,0.07744016498327255,0,0
55,RIGHT_WRIST,0.5763357281684875,0.7187597751617432,-0.16438749432563782,0,0
55,LEFT_PINKY,0.650097131729126,0.6914315819740295,0.07844208925962448,0,0
55,RIGHT_PINKY,0.570350706577301,0.7354353666305542,-0.18486052751541138,0,0
55,LEFT_INDEX,0.6502269506454468,0.6915256381034851,0.05815312638878822,0,0
55,RIGHT_INDEX,0.5739221572875977,0.7359534502029419,-0.1908225268125534,0,0
55,LEFT_THUMB,0.6479297876358032,0.6855168342590332,0.06871893256902695,0,0
55,RIGHT_THUMB,0.5771139860153198,0.7306381464004517,-0.16630703210830688,0,0
55,LEFT_HIP,0.5817934274673462,0.7039451003074646,0.06051331385970116,0,0
55,RIGHT_HIP,0.5944082736968994,0.7158464789390564,-0.06053653731942177,0,0
55,LEFT_KNEE,0.5823086500167847,0.7819023728370667,0.14303630590438843,0,0
55,RIGHT_KNEE,0.6196025609970093,0.805063784122467,-0.026958977803587914,0,0
55,LEFT_ANKLE,0.5574697852134705,0.8586329221725464,0.2176748812198639,0,0
55,RIGHT_ANKLE,0.6120168566703796,0.9198883771896362,0.02380209229886532,0,0
55,LEFT_HEEL,0.5472139716148376,0.872911810874939,0.22359351813793182,0,0
55,RIGHT_HEEL,0.6041067242622375,0.9393220543861389,0.02691420167684555,0,0
55,LEFT_FOOT_INDEX,0.5792074799537659,0.8790053725242615,0.21162495017051697,0,0
55,RIGHT_FOOT_INDEX,0.6368973255157471,0.9351338148117065,-0.00038607962778769433,0,0
56,NOSE,0.6529198884963989,0.5624220371246338,-0.06238941475749016,0,0
56,LEFT_EYE_INNER,0.6534439921379089,0.5514012575149536,-0.0559290274977684,0,0
56,LEFT_EYE,0.6528447270393372,0.5503170490264893,-0.05594617500901222,0,0
56,LEFT_EYE_OUTER,0.6521786451339722,0.5489984154701233,-0.055918071419000626,0,0
56,RIGHT_EYE_INNER,0.6534489393234253,0.5515238642692566,-0.0754612609744072,0,0
56,RIGHT_EYE,0.6529420018196106,0.5507316589355469,-0.07545194774866104,0,0
56,RIGHT_EYE_OUTER,0.6523889899253845,0.549797773361206,-0.07546012848615646,0,0
56,LEFT_EAR,0.644515335559845,0.5441328883171082,-0.01913171075284481,0,0
56,RIGHT_EAR,0.6456339955329895,0.5459925532341003,-0.1082787960767746,0,0
56,MOUTH_LEFT,0.6475135684013367,0.5678607821464539,-0.0459936298429966,0,0
56,MOUTH_RIGHT,0.6471849083900452,0.5676851868629456,-0.07180677354335785,0,0
56,LEFT_SHOULDER,0.6202742457389832,0.5790815949440002,0.0373942032456398,0,0
56,RIGHT_SHOULDER,0.614338755607605,0.5858297348022461,-0.13175760209560394,0,0
56,LEFT_ELBOW,0.6214784979820251,0.6402342319488525,0.0877327099442482,0,0
56,RIGHT_ELBOW,0.5848181843757629,0.6521940231323242,-0.15702393651008606,0,0
56,LEFT_WRIST,0.6438736319541931,0.6760969161987305,0.06694529205560684,0,0
56,RIGHT_WRIST,0.573192834854126,0.7184140682220459,-0.16858084499835968,0,0
56,LEFT_PINKY,0.650089681148529,0.6919815540313721,0.06707586348056793,0,0
56,RIGHT_PINKY,0.565672755241394,0.7331101298332214,-0.18916769325733185,0,0
56,LEFT_INDEX,0.6502484083175659,0.6917086839675903,0.046007659286260605,0,0
56,RIGHT_INDEX,0.5699039101600647,0.7337270975112915,-0.19504687190055847,0,0
56,LEFT_THUMB,0.6478415131568909,0.685754120349884,0.05777176097035408,0,0
56,RIGHT_THUMB,0.5736501216888428,0.7298533916473389,-0.1706511378288269,0,0
56,LEFT_HIP,0.5819689631462097,0.7079906463623047,0.05938710272312164,0,0
56,RIGHT_HIP,0.5949593782424927,0.7197054624557495,-0.059412382543087006,0,0
56,LEFT_KNEE,0.5818882584571838,0.7841115593910217,0.13752610981464386,0,0
56,RIGHT_KNEE,0.6199293732643127,0.8052769899368286,-0.034027013927698135,0,0
56,LEFT_ANKLE,0.5569902062416077,0.8617038726806641,0.21035341918468475,0,0
56,RIGHT_ANKLE,0.6117408871650696,0.9199845790863037,0.016178375110030174,0,0
56,LEFT_HEEL,0.5474212765693665,0.8756687641143799,0.21604377031326294,0,0
56,RIGHT_HEEL,0.6039844751358032,0.9392921328544617,0.01936567947268486,0,0
56,LEFT_FOOT_INDEX,0.5790813565254211,0.8795270919799805,0.20484647154808044,0,0
56,RIGHT_FOOT_INDEX,0.6368465423583984,0.9353286027908325,-0.006394340191036463,0,0
57,NOSE,0.6523324251174927,0.5657541155815125,-0.04964825138449669,0,0
57,LEFT_EYE_INNER,0.6532866358757019,0.5548207759857178,-0.04377713426947594,0,0
57,LEFT_EYE,0.6528072357177734,0.5535631775856018,-0.043794095516204834,0,0
57,LEFT_EYE_OUTER,0.6520108580589294,0.5520380139350891,-0.04377318173646927,0,0
57,RIGHT_EYE_INNER,0.6530314683914185,0.5552417039871216,-0.06371216475963593,0,0
57,RIGHT_EYE,0.6525144577026367,0.5545419454574585,-0.06369992345571518,0,0
57,RIGHT_EYE_OUTER,0.6519309282302856,0.5537015199661255,-0.06371846050024033,0,0
57,LEFT_EAR,0.6443504691123962,0.5462993383407593,-0.01189509592950344,0,0
57,RIGHT_EAR,0.6447612643241882,0.5496309995651245,-0.1026473268866539,0,0
57,MOUTH_LEFT,0.6472413539886475,0.5704652070999146,-0.03471929952502251,0,0
57,MOUTH_RIGHT,0.6467229723930359,0.5704715847969055,-0.061023566871881485,0,0
57,LEFT_SHOULDER,0.6189164519309998,0.5780817270278931,0.042025770992040634,0,0
57,RIGHT_SHOULDER,0.6148693561553955,0.5903196930885315,-0.12557992339134216,0,0
57,LEFT_ELBOW,0.6196648478507996,0.6395127177238464,0.0885111540555954,0,0
57,RIGHT_ELBOW,0.5862268209457397,0.6567462086677551,-0.14834658801555634,0,0
57,LEFT_WRIST,0.6419807076454163,0.6746627688407898,0.09012563526630402,0,0
57,RIGHT_WRIST,0.5729358196258545,0.7194114923477173,-0.15875454246997833,0,0
57,LEFT_PINKY,0.6486651301383972,0.6899439692497253,0.09352173656225204,0,0
57,RIGHT_PINKY,0.566035270690918,0.7327368855476379,-0.17576807737350464,0,0
57,LEFT_INDEX,0.6489849090576172,0.6893963813781738,0.07292039692401886,0,0
57,RIGHT_INDEX,0.5702081322669983,0.7336621284484863,-0.18877212703227997,0,0
57,LEFT_THUMB,0.6465882658958435,0.6841567158699036,0.08167123794555664,0,0
57,RIGHT_THUMB,0.573462188243866,0.730319619178772,-0.16321253776550293,0,0
57,LEFT_HIP,0.5813913345336914,0.7101337313652039,0.05861689895391464,0,0
57,RIGHT_HIP,0.5952346920967102,0.7228215932846069,-0.05865065008401871,0,0
57,LEFT_KNEE,0.5812757611274719,0.785450279712677,0.1294848620891571,0,0
57,RIGHT_KNEE,0.6203374862670898,0.8060169816017151,-0.036972180008888245,0,0
57,LEFT_ANKLE,0.5562390089035034,0.8647031784057617,0.19500592350959778,0,0
57,RIGHT_ANKLE,0.6115754842758179,0.9201093912124634,0.006179261486977339,0,0
57,LEFT_HEEL,0.5470744967460632,0.8786534667015076,0.19999828934669495,0,0
57,RIGHT_HEEL,0.6038561463356018,0.9392995834350586,0.00890567060559988,0,0
57,LEFT_FOOT_INDEX,0.5786086320877075,0.8796882033348083,0.18872486054897308,0,0
57,RIGHT_FOOT_INDEX,0.6366927623748779,0.9353602528572083,-0.015259627252817154,0,0
58,NOSE,0.6507682800292969,0.5691605806350708,-0.026152780279517174,0,0
58,LEFT_EYE_INNER,0.6517539620399475,0.5581393241882324,-0.020666679367423058,0,0
58,LEFT_EYE,0.6513642072677612,0.5567798614501953,-0.0206760223954916,0,0
58,LEFT_EYE_OUTER,0.6507751941680908,0.5552128553390503,-0.020642496645450592,0,0
58,RIGHT_EYE_INNER,0.65143221616745,0.5586388111114502,-0.040023576468229294,0,0
58,RIGHT_EYE,0.6509160995483398,0.5578720569610596,-0.040013525635004044,0,0
58,RIGHT_EYE_OUTER,0.6502867341041565,0.5569780468940735,-0.04003209248185158,0,0
58,LEFT_EAR,0.6430688500404358,0.5486136078834534,0.007614076603204012,0,0
58,RIGHT_EAR,0.6429958343505859,0.5521863698959351,-0.08046204596757889,0,0
58,MOUTH_LEFT,0.646129310131073,0.5732724666595459,-0.013239248655736446,0,0
58,MOUTH_RIGHT,0.6455109715461731,0.5731648206710815,-0.0387919619679451,0,0
58,LEFT_SHOULDER,0.6151993274688721,0.5773605704307556,0.05805029720067978,0,0
58,RIGHT_SHOULDER,0.6147028207778931,0.5926815867424011,-0.11248166114091873,0,0
58,LEFT_ELBOW,0.6192032098770142,0.6407420635223389,0.11844274401664734,0,0
58,RIGHT_ELBOW,0.5863181948661804,0.6588965058326721,-0.13683317601680756,0,0
58,LEFT_WRIST,0.6409496665000916,0.6723220348358154,0.11799772828817368,0,0
58,RIGHT_WRIST,0.5738098621368408,0.7212989926338196,-0.14389866590499878,0,0
58,LEFT_PINKY,0.64711993932724,0.6863779425621033,0.12274393439292908,0,0
58,RIGHT_PINKY,0.5676942467689514,0.7352194786071777,-0.16064180433750153,0,0
58,LEFT_INDEX,0.6477909088134766,0.685740053653717,0.10325774550437927,0,0
58,RIGHT_INDEX,0.5711702108383179,0.7362344861030579,-0.1675272136926651,0,0
58,LEFT_THUMB,0.645624577999115,0.680776059627533,0.10984628647565842,0,0
58,RIGHT_THUMB,0.5741909146308899,0.7322248220443726,-0.14593763649463654,0,0
58,LEFT_HIP,0.5796104073524475,0.71003258228302,0.058920424431562424,0,0
58,RIGHT_HIP,0.5942391753196716,0.7227437496185303,-0.058948956429958344,0,0
58,LEFT_KNEE,0.5810982584953308,0.7856863141059875,0.11779385060071945,0,0
58,RIGHT_KNEE,0.6206580996513367,0.8062766194343567,-0.04719991609454155,0,0
58,LEFT_ANKLE,0.5557533502578735,0.8664863109588623,0.172856867313385,0,0
58,RIGHT_ANKLE,0.6114065647125244,0.9201084971427917,-0.014966155402362347,0,0
58,LEFT_HEEL,0.5468645095825195,0.8811400532722473,0.17645791172981262,0,0
58,RIGHT_HEEL,0.6037992238998413,0.9391008019447327,-0.013387932442128658,0,0
58,LEFT_FOOT_INDEX,0.5784691572189331,0.8799307942390442,0.162924662232399,0,0
58,RIGHT_FOOT_INDEX,0.6361110806465149,0.9354039430618286,-0.03843412920832634,0,0
59,NOSE,0.6488645076751709,0.5686870813369751,-0.027342356741428375,0,0
59,LEFT_EYE_INNER,0.6495772004127502,0.5577872395515442,-0.02147674933075905,0,0
59,LEFT_EYE,0.6491848230361938,0.5565225481987,-0.021482868120074272,0,0
59,LEFT_EYE_OUTER,0.6486127376556396,0.5550219416618347,-0.021453585475683212,0,0
59,RIGHT_EYE_INNER,0.649260938167572,0.5582149028778076,-0.0412897989153862,0,0
59,RIGHT_EYE,0.6487295627593994,0.5574597120285034,-0.04127653315663338,0,0
59,RIGHT_EYE_OUTER,0.648100733757019,0.5565648674964905,-0.041291769593954086,0,0
59,LEFT_EAR,0.6409469246864319,0.5491133332252502,0.008990130387246609,0,0
59,RIGHT_EAR,0.641042947769165,0.5522403717041016,-0.08119555562734604,0,0
59,MOUTH_LEFT,0.6442009210586548,0.5729089975357056,-0.013572300784289837,0,0
59,MOUTH_RIGHT,0.6437397003173828,0.572842001914978,-0.039733897894620895,0,0
59,LEFT_SHOULDER,0.6126108765602112,0.5763881206512451,0.06299486756324768,0,0
59,RIGHT_SHOULDER,0.6131173372268677,0.5933809280395508,-0.11490483582019806,0,0
59,LEFT_ELBOW,0.614056408405304,0.6375284194946289,0.13253118097782135,0,0
59,RIGHT_ELBOW,0.5850407481193542,0.6619126796722412,-0.14105136692523956,0,0
59,LEFT_WRIST,0.6394115090370178,0.6677960157394409,0.14222468435764313,0,0
59,RIGHT_WRIST,0.5779773592948914,0.7323170304298401,-0.149842768907547,0,0
59,LEFT_PINKY,0.6464822888374329,0.6825090646743774,0.1487773060798645,0,0
59,RIGHT_PINKY,0.5741452574729919,0.7501698732376099,-0.16628187894821167,0,0
59,LEFT_INDEX,0.6476535797119141,0.6816944479942322,0.12917128205299377,0,0
59,RIGHT_INDEX,0.5784828662872314,0.7496068477630615,-0.17341415584087372,0,0
59,LEFT_THUMB,0.6452104449272156,0.6769437789916992,0.13439549505710602,0,0
59,RIGHT_THUMB,0.5802783966064453,0.7430821657180786,-0.15145286917686462,0,0
59,LEFT_HIP,0.5785337090492249,0.7095689177513123,0.059111736714839935,0,0
59,RIGHT_HIP,0.5924462080001831,0.7223197817802429,-0.05911647528409958,0,0
59,LEFT_KNEE,0.580940306186676,0.7854847311973572,0.12742559611797333,0,0
59,RIGHT_KNEE,0.6206533312797546,0.8079752326011658,-0.04911205545067787,0,0
59,LEFT_ANKLE,0.5556954145431519,0.8668103218078613,0.1898866593837738,0,0
59,RIGHT_ANKLE,0.611012876033783,0.9205214977264404,-0.015544021502137184,0,0
59,LEFT_HEEL,0.5469516515731812,0.8814876675605774,0.1943170726299286,0,0
59,RIGHT_HEEL,0.6034566760063171,0.9394789338111877,-0.013635768555104733,0,0
59,LEFT_FOOT_INDEX,0.5779244303703308,0.8801366686820984,0.18198032677173615,0,0
59,RIGHT_FOOT_INDEX,0.6360155940055847,0.9356627464294434,-0.040125537663698196,0,0
60,NOSE,0.6477356553077698,0.5685492157936096,-0.02922152169048786,0,0
60,LEFT_EYE_INNER,0.6482216119766235,0.5574890971183777,-0.02357986383140087,0,0
60,LEFT_EYE,0.6477954387664795,0.5562925338745117,-0.023588156327605247,0,0
60,LEFT_EYE_OUTER,0.6472073793411255,0.5548434853553772,-0.023561617359519005,0,0
60,RIGHT_EYE_INNER,0.6479920148849487,0.5579719543457031,-0.04328366741538048,0,0
60,RIGHT_EYE,0.6474739909172058,0.5573332905769348,-0.04327036440372467,0,0
60,RIGHT_EYE_OUTER,0.6468579173088074,0.5565492510795593,-0.04328649491071701,0,0
60,LEFT_EAR,0.639595091342926,0.5492081046104431,0.006701974663883448,0,0
60,RIGHT_EAR,0.6400138735771179,0.55282062292099,-0.08313826471567154,0,0
60,MOUTH_LEFT,0.6432181000709534,0.5730558633804321,-0.015472468920052052,0,0
60,MOUTH_RIGHT,0.6428070068359375,0.5730827450752258,-0.04149631783366203,0,0
60,LEFT_SHOULDER,0.6111221313476562,0.5762004852294922,0.06238679587841034,0,0
60,RIGHT_SHOULDER,0.6128024458885193,0.5940823554992676,-0.11611387133598328,0,0
60,LEFT_ELBOW,0.6118762493133545,0.6359530687332153,0.1273207813501358,0,0
60,RIGHT_ELBOW,0.5852153301239014,0.6629694700241089,-0.1426965892314911,0,0
60,LEFT_WRIST,0.638056755065918,0.6671238541603088,0.13919422030448914,0,0
60,RIGHT_WRIST,0.5783984065055847,0.734548032283783,-0.15128810703754425,0,0
60,LEFT_PINKY,0.646424412727356,0.6817013621330261,0.14563162624835968,0,0
60,RIGHT_PINKY,0.5751422643661499,0.7528877854347229,-0.16657871007919312,0,0
60,LEFT_INDEX,0.6472899317741394,0.6810904145240784,0.12618938088417053,0,0
60,RIGHT_INDEX,0.5797650218009949,0.7521889805793762,-0.17484956979751587,0,0
60,LEFT_THUMB,0.6443679332733154,0.6760585308074951,0.13148275017738342,0,0
60,RIGHT_THUMB,0.5811988711357117,0.7453446388244629,-0.1530507206916809,0,0
60,LEFT_HIP,0.5783564448356628,0.7091986536979675,0.059257712215185165,0,0
60,RIGHT_HIP,0.592253565788269,0.7218393087387085,-0.05926666781306267,0,0
60,LEFT_KNEE,0.5807448625564575,0.7854564785957336,0.13062666356563568,0,0
60,RIGHT_KNEE,0.6205887198448181,0.8082990050315857,-0.04517500475049019,0,0
60,LEFT_ANKLE,0.5555820465087891,0.8671349883079529,0.19447998702526093,0,0
60,RIGHT_ANKLE,0.610718309879303,0.9205219149589539,-0.008454949595034122,0,0
60,LEFT_HEEL,0.5470560193061829,0.8818854689598083,0.19911262392997742,0,0
60,RIGHT_HEEL,0.6031143069267273,0.9395065903663635,-0.006207176484167576,0,0
60,LEFT_FOOT_INDEX,0.5781129002571106,0.8804682493209839,0.18700680136680603,0,0
60,RIGHT_FOOT_INDEX,0.6355982422828674,0.9358333945274353,-0.031983882188797,0,0
61,NOSE,0.6439773440361023,0.5665592551231384,0.004215804859995842,0,0
61,LEFT_EYE_INNER,0.6441933512687683,0.5552632808685303,0.009575823321938515,0,0
61,LEFT_EYE,0.6435533761978149,0.5539851188659668,0.00955390278249979,0,0
61,LEFT_EYE_OUTER,0.6428155303001404,0.5524818897247314,0.0095451595261693,0,0
61,RIGHT_EYE_INNER,0.6444684863090515,0.5558633208274841,-0.008413571864366531,0,0
61,RIGHT_EYE,0.6441307067871094,0.5552419424057007,-0.008414801210165024,0,0
61,RIGHT_EYE_OUTER,0.6437495350837708,0.5544899106025696,-0.008426489308476448,0,0
61,LEFT_EAR,0.635728120803833,0.5470062494277954,0.034766070544719696,0,0
61,RIGHT_EAR,0.6377796530723572,0.5509354472160339,-0.047023557126522064,0,0
61,MOUTH_LEFT,0.6392892599105835,0.5710030198097229,0.015683535486459732,0,0
61,MOUTH_RIGHT,0.6393576860427856,0.5712189674377441,-0.00819323305040598,0,0
61,LEFT_SHOULDER,0.6039102673530579,0.5750608444213867,0.08526487648487091,0,0
61,RIGHT_SHOULDER,0.6131669282913208,0.5925866365432739,-0.0894753634929657,0,0
61,LEFT_ELBOW,0.5927706956863403,0.6383774876594543,0.14055941998958588,0,0
61,RIGHT_ELBOW,0.6018893122673035,0.6585023403167725,-0.1435222327709198,0,0
61,LEFT_WRIST,0.6082414984703064,0.6707602143287659,0.16308929026126862,0,0
61,RIGHT_WRIST,0.6261077523231506,0.6733675003051758,-0.18688780069351196,0,0
61,LEFT_PINKY,0.6115255951881409,0.6818240284919739,0.17256829142570496,0,0
61,RIGHT_PINKY,0.6349917650222778,0.6844801902770996,-0.20788265764713287,0,0
61,LEFT_INDEX,0.6157995462417603,0.6821045875549316,0.15852779150009155,0,0
61,RIGHT_INDEX,0.6366602778434753,0.6813519597053528,-0.20069411396980286,0,0
61,LEFT_THUMB,0.6150147318840027,0.6767649054527283,0.1578696221113205,0,0
61,RIGHT_THUMB,0.6333310604095459,0.6772077083587646,-0.1844789981842041,0,0
61,LEFT_HIP,0.57371586561203,0.7063635587692261,0.05895985662937164,0,0
61,RIGHT_HIP,0.5907194018363953,0.716292679309845,-0.05894208326935768,0,0
61,LEFT_KNEE,0.5811578631401062,0.7845672965049744,0.11058144271373749,0,0
61,RIGHT_KNEE,0.6167184114456177,0.8075194954872131,-0.06853535771369934,0,0
61,LEFT_ANKLE,0.5551216006278992,0.8623453974723816,0.16608165204524994,0,0
61,RIGHT_ANKLE,0.6103848218917847,0.920441210269928,-0.06484489887952805,0,0
61,LEFT_HEEL,0.5466177463531494,0.8761950731277466,0.16972878575325012,0,0
61,RIGHT_HEEL,0.602769136428833,0.9394779205322266,-0.0659431591629982,0,0
61,LEFT_FOOT_INDEX,0.577491044998169,0.8803927302360535,0.15388725697994232,0,0
61,RIGHT_FOOT_INDEX,0.6349729895591736,0.9358643889427185,-0.10022620111703873,0,0
62,NOSE,0.6420952081680298,0.5655304789543152,-0.02494359388947487,0,0
62,LEFT_EYE_INNER,0.6422795057296753,0.5550225377082825,-0.020399214699864388,0,0
62,LEFT_EYE,0.6416661143302917,0.5538018345832825,-0.02040691301226616,0,0
62,LEFT_EYE_OUTER,0.6409549713134766,0.5522857904434204,-0.020432306453585625,0,0
62,RIGHT_EYE_INNER,0.6425172090530396,0.5552507638931274,-0.03732098639011383,0,0
62,RIGHT_EYE,0.6421878337860107,0.554484486579895,-0.03730775788426399,0,0
62,RIGHT_EYE_OUTER,0.6418339610099792,0.5535569190979004,-0.03731174021959305,0,0
62,LEFT_EAR,0.6336110234260559,0.5466500520706177,0.004791198298335075,0,0
62,RIGHT_EAR,0.635766327381134,0.549815833568573,-0.07012826949357986,0,0
62,MOUTH_LEFT,0.6375654935836792,0.5699193477630615,-0.01259656623005867,0,0
62,MOUTH_RIGHT,0.6375477910041809,0.5700952410697937,-0.03485502302646637,0,0
62,LEFT_SHOULDER,0.6009304523468018,0.5710487365722656,0.06590526551008224,0,0
62,RIGHT_SHOULDER,0.6134651899337769,0.5938687920570374,-0.10444469749927521,0,0
62,LEFT_ELBOW,0.5958538055419922,0.6227366924285889,0.1477423459291458,0,0
62,RIGHT_ELBOW,0.6030657291412354,0.6744744777679443,-0.14403928816318512,0,0
62,LEFT_WRIST,0.6194738745689392,0.6488615870475769,0.21169809997081757,0,0
62,RIGHT_WRIST,0.6172536611557007,0.7373440861701965,-0.17059387266635895,0,0
62,LEFT_PINKY,0.6248748302459717,0.6565045714378357,0.2268638163805008,0,0
62,RIGHT_PINKY,0.619581937789917,0.7538590431213379,-0.1874525099992752,0,0
62,LEFT_INDEX,0.627336859703064,0.6565983295440674,0.21081013977527618,0,0
62,RIGHT_INDEX,0.6236077547073364,0.748572826385498,-0.18068231642246246,0,0
62,LEFT_THUMB,0.6256186366081238,0.6555250287055969,0.20670679211616516,0,0
62,RIGHT_THUMB,0.6225998401641846,0.7424735426902771,-0.16665172576904297,0,0
62,LEFT_HIP,0.5705520510673523,0.703580915927887,0.058193888515233994,0,0
62,RIGHT_HIP,0.589046061038971,0.7135186195373535,-0.05820784717798233,0,0
62,LEFT_KNEE,0.5778579711914062,0.7834348082542419,0.1375720202922821,0,0
62,RIGHT_KNEE,0.6151333451271057,0.8059248328208923,-0.03421735018491745,0,0
62,LEFT_ANKLE,0.5547252297401428,0.863529622554779,0.2330401986837387,0,0
62,RIGHT_ANKLE,0.6092472076416016,0.9190846085548401,0.010748444125056267,0,0
62,LEFT_HEEL,0.5466431975364685,0.8775550127029419,0.2414613664150238,0,0
62,RIGHT_HEEL,0.6018255949020386,0.9381228685379028,0.014641284942626953,0,0
62,LEFT_FOOT_INDEX,0.5765512585639954,0.8806537389755249,0.23178215324878693,0,0
62,RIGHT_FOOT_INDEX,0.6344689726829529,0.9354642033576965,-0.008507379330694675,0,0
63,NOSE,0.6387706995010376,0.5615995526313782,-0.03651229664683342,0,0
63,LEFT_EYE_INNER,0.6391095519065857,0.5505169630050659,-0.03300238400697708,0,0
63,LEFT_EYE,0.6384629607200623,0.5492860078811646,-0.03300081938505173,0,0
63,LEFT_EYE_OUTER,0.6377184987068176,0.5478844046592712,-0.03303728997707367,0,0
63,RIGHT_EYE_INNER,0.6396557688713074,0.5512948036193848,-0.0507727786898613,0,0
63,RIGHT_EYE,0.6395021080970764,0.5508360862731934,-0.050764914602041245,0,0
63,RIGHT_EYE_OUTER,0.6393314003944397,0.550304114818573,-0.050764087587594986,0,0
63,LEFT_EAR,0.6304801106452942,0.5428434610366821,-0.010300486348569393,0,0
63,RIGHT_EAR,0.6330470442771912,0.5476453900337219,-0.09034790843725204,0,0
63,MOUTH_LEFT,0.6337769627571106,0.5669130086898804,-0.024607276543974876,0,0
63,MOUTH_RIGHT,0.6341660618782043,0.5678322911262512,-0.047966085374355316,0,0
63,LEFT_SHOULDER,0.5943917632102966,0.5675009489059448,0.0494079627096653,0,0
63,RIGHT_SHOULDER,0.6143431067466736,0.5952099561691284,-0.12403220683336258,0,0
63,LEFT_ELBOW,0.5919008255004883,0.6215218305587769,0.14589495956897736,0,0
63,RIGHT_ELBOW,0.6049556732177734,0.6782467365264893,-0.1352456659078598,0,0
63,LEFT_WRIST,0.6198190450668335,0.634520947933197,0.21921397745609283,0,0
63,RIGHT_WRIST,0.6255290508270264,0.7493749856948853,-0.1125846728682518,0,0
63,LEFT_PINKY,0.626815140247345,0.6419081687927246,0.23382429778575897,0,0
63,RIGHT_PINKY,0.6302547454833984,0.764750599861145,-0.12518906593322754,0,0
63,LEFT_INDEX,0.6288583874702454,0.6409350633621216,0.21869367361068726,0,0
63,RIGHT_INDEX,0.6329734325408936,0.761322557926178,-0.12327391654253006,0,0
63,LEFT_THUMB,0.6256732940673828,0.6414127349853516,0.2146902233362198,0,0
63,RIGHT_THUMB,0.6370701193809509,0.7384456992149353,-0.11015089601278305,0,0
63,LEFT_HIP,0.5684649348258972,0.7016067504882812,0.05803603306412697,0,0
63,RIGHT_HIP,0.5899567008018494,0.7132377028465271,-0.05806215852499008,0,0
63,LEFT_KNEE,0.5724952816963196,0.7826345562934875,0.14742788672447205,0,0
63,RIGHT_KNEE,0.6137985587120056,0.805524468421936,-0.0021709497086703777,0,0
63,LEFT_ANKLE,0.5539157390594482,0.8654367923736572,0.24696913361549377,0,0
63,RIGHT_ANKLE,0.609059751033783,0.9170986413955688,0.06012197211384773,0,0
63,LEFT_HEEL,0.5464175343513489,0.8814221024513245,0.25650715827941895,0,0
63,RIGHT_HEEL,0.6018073558807373,0.9358999729156494,0.0664389356970787,0,0
63,LEFT_FOOT_INDEX,0.5760050415992737,0.8807961940765381,0.25021257996559143,0,0
63,RIGHT_FOOT_INDEX,0.6338910460472107,0.9334353804588318,0.05091714859008789,0,0
64,NOSE,0.632942795753479,0.5518154501914978,0.009772611781954765,0,0
64,LEFT_EYE_INNER,0.632851779460907,0.5400280356407166,0.008560838177800179,0,0
64,LEFT_EYE,0.6317684650421143,0.538477897644043,0.008562956005334854,0,0
64,LEFT_EYE_OUTER,0.6306446194648743,0.5370060801506042,0.008540627546608448,0,0
64,RIGHT_EYE_INNER,0.6346138715744019,0.5421884059906006,-0.007827704772353172,0,0
64,RIGHT_EYE,0.6349060535430908,0.5423197150230408,-0.007824604399502277,0,0
64,RIGHT_EYE_OUTER,0.635194718837738,0.5424816012382507,-0.00785480160266161,0,0
64,LEFT_EAR,0.6241616606712341,0.5344536304473877,0.007491788826882839,0,0
64,RIGHT_EAR,0.6303880214691162,0.5422576069831848,-0.06495586037635803,0,0
64,MOUTH_LEFT,0.627539336681366,0.5568197965621948,0.013647175393998623,0,0
64,MOUTH_RIGHT,0.6292388439178467,0.5598494410514832,-0.007956618443131447,0,0
64,LEFT_SHOULDER,0.5898646116256714,0.5634795427322388,0.05211508274078369,0,0
64,RIGHT_SHOULDER,0.6154465079307556,0.5956798195838928,-0.11052112281322479,0,0
64,LEFT_ELBOW,0.5906996130943298,0.6208956837654114,0.14442013204097748,0,0
64,RIGHT_ELBOW,0.6130248308181763,0.6749973297119141,-0.10016075521707535,0,0
64,LEFT_WRIST,0.6203279495239258,0.6326686143875122,0.19704057276248932,0,0
64,RIGHT_WRIST,0.6368952989578247,0.7410154938697815,-0.05063360929489136,0,0
64,LEFT_PINKY,0.6280439496040344,0.6395168304443359,0.2082030177116394,0,0
64,RIGHT_PINKY,0.6425138711929321,0.7584514617919922,-0.05870017036795616,0,0
64,LEFT_INDEX,0.6300683617591858,0.6389414072036743,0.194846048951149,0,0
64,RIGHT_INDEX,0.6441990733146667,0.7551833391189575,-0.05651224032044411,0,0
64,LEFT_THUMB,0.6270477175712585,0.638779878616333,0.19254201650619507,0,0
64,RIGHT_THUMB,0.6421855688095093,0.7441838383674622,-0.0475192666053772,0,0
64,LEFT_HIP,0.5685309767723083,0.7018589377403259,0.05773491784930229,0,0
64,RIGHT_HIP,0.5904268622398376,0.7135597467422485,-0.05778638646006584,0,0
64,LEFT_KNEE,0.5695507526397705,0.7819376587867737,0.15202610194683075,0,0
64,RIGHT_KNEE,0.6125656962394714,0.8057777881622314,-0.0037059769965708256,0,0
64,LEFT_ANKLE,0.5536783933639526,0.8661102652549744,0.24856384098529816,0,0
64,RIGHT_ANKLE,0.6083937287330627,0.9164177179336548,0.05061586946249008,0,0
64,LEFT_HEEL,0.5463809370994568,0.8830690979957581,0.25798314809799194,0,0
64,RIGHT_HEEL,0.6014042496681213,0.9350574016571045,0.055985044687986374,0,0
64,LEFT_FOOT_INDEX,0.5756004452705383,0.8810184597969055,0.2522794306278229,0,0
64,RIGHT_FOOT_INDEX,0.6329900622367859,0.9317095875740051,0.038666076958179474,0,0
65,NOSE,0.626000702381134,0.5381516218185425,0.05018220841884613,0,0
65,LEFT_EYE_INNER,0.6254715323448181,0.5273885726928711,0.04387620463967323,0,0
65,LEFT_EYE,0.6238718628883362,0.5257102847099304,0.043887995183467865,0,0
65,LEFT_EYE_OUTER,0.6221914887428284,0.5240964889526367,0.0438653826713562,0,0
65,RIGHT_EYE_INNER,0.6288460493087769,0.5306988954544067,0.03155946731567383,0,0
65,RIGHT_EYE,0.6296802163124084,0.5314463376998901,0.03156439587473869,0,0
65,RIGHT_EYE_OUTER,0.6305291056632996,0.5323092341423035,0.03153020888566971,0,0
65,LEFT_EAR,0.6168809533119202,0.524372935295105,0.023141102865338326,0,0
65,RIGHT_EAR,0.6279414296150208,0.5356111526489258,-0.03157365322113037,0,0
65,MOUTH_LEFT,0.6205984950065613,0.5430834889411926,0.04671882092952728,0,0
65,MOUTH_RIGHT,0.6239416599273682,0.5469000935554504,0.03052327409386635,0,0
65,LEFT_SHOULDER,0.5871583819389343,0.5602920651435852,0.05645076930522919,0,0
65,RIGHT_SHOULDER,0.6161012649536133,0.5952108502388,-0.08397098630666733,0,0
65,LEFT_ELBOW,0.5917729139328003,0.6142016053199768,0.13949082791805267,0,0
65,RIGHT_ELBOW,0.6211805939674377,0.6679926514625549,-0.05841660872101784,0,0
65,LEFT_WRIST,0.6206962466239929,0.625647246837616,0.19491776823997498,0,0
65,RIGHT_WRIST,0.6421114802360535,0.7297549247741699,0.01571158692240715,0,0
65,LEFT_PINKY,0.6286531090736389,0.6318323612213135,0.20680490136146545,0,0
65,RIGHT_PINKY,0.6488921046257019,0.7431008815765381,0.013422634452581406,0,0
65,LEFT_INDEX,0.630184531211853,0.6296746134757996,0.19555410742759705,0,0
65,RIGHT_INDEX,0.6513050198554993,0.737015426158905,0.01568756066262722,0,0
65,LEFT_THUMB,0.6277264952659607,0.6305299997329712,0.19144964218139648,0,0
65,RIGHT_THUMB,0.6483146548271179,0.7333205342292786,0.019263794645667076,0,0
65,LEFT_HIP,0.5685699582099915,0.7020470499992371,0.05496838316321373,0,0
65,RIGHT_HIP,0.5906687378883362,0.71379554271698,-0.05508742108941078,0,0
65,LEFT_KNEE,0.5680131316184998,0.7798065543174744,0.15608571469783783,0,0
65,RIGHT_KNEE,0.6124647259712219,0.8057780861854553,-0.008503980003297329,0,0
65,LEFT_ANKLE,0.5534867644309998,0.8660693168640137,0.2502729594707489,0,0
65,RIGHT_ANKLE,0.6078396439552307,0.9163825511932373,0.033481258898973465,0,0
65,LEFT_HEEL,0.5463517904281616,0.8830608129501343,0.259990930557251,0,0
65,RIGHT_HEEL,0.6013087034225464,0.9349084496498108,0.03777168318629265,0,0
65,LEFT_FOOT_INDEX,0.5749890804290771,0.8806227445602417,0.2601158916950226,0,0
65,RIGHT_FOOT_INDEX,0.6325604915618896,0.9303216934204102,0.022384708747267723,0,0
66,NOSE,0.6223181486129761,0.5310580134391785,0.08517321199178696,0,0
66,LEFT_EYE_INNER,0.6213634610176086,0.52069091796875,0.07536241412162781,0,0
66,LEFT_EYE,0.6194058060646057,0.5189043283462524,0.07538370043039322,0,0
66,LEFT_EYE_OUTER,0.6173875331878662,0.5172306299209595,0.07536111027002335,0,0
66,RIGHT_EYE_INNER,0.6255749464035034,0.5242597460746765,0.06669724732637405,0,0
66,RIGHT_EYE,0.6266019940376282,0.5250674486160278,0.0666959136724472,0,0
66,RIGHT_EYE_OUTER,0.6276105642318726,0.5259862542152405,0.06667613983154297,0,0
66,LEFT_EAR,0.6125609874725342,0.5187239646911621,0.041203923523426056,0,0
66,RIGHT_EAR,0.6258431673049927,0.5302292108535767,0.0035684166941791773,0,0
66,MOUTH_LEFT,0.617024838924408,0.5359643697738647,0.07701148837804794,0,0
66,MOUTH_RIGHT,0.6212311387062073,0.5402728319168091,0.06583831459283829,0,0
66,LEFT_SHOULDER,0.5830884575843811,0.5586040019989014,0.06756429374217987,0,0
66,RIGHT_SHOULDER,0.6180134415626526,0.5947169065475464,-0.0530523806810379,0,0
66,LEFT_ELBOW,0.5806067585945129,0.6093682646751404,0.15956918895244598,0,0
66,RIGHT_ELBOW,0.631101667881012,0.6676565408706665,-0.004229481797665358,0,0
66,LEFT_WRIST,0.610895037651062,0.6157673001289368,0.2482149302959442,0,0
66,RIGHT_WRIST,0.6427164673805237,0.6812416315078735,0.10023309290409088,0,0
66,LEFT_PINKY,0.6170006394386292,0.6178562641143799,0.26445266604423523,0,0
66,RIGHT_PINKY,0.651766836643219,0.6859453320503235,0.10662486404180527,0,0
66,LEFT_INDEX,0.6214730739593506,0.6182594895362854,0.25735607743263245,0,0
66,RIGHT_INDEX,0.6468690633773804,0.6762651801109314,0.10764484852552414,0,0
66,LEFT_THUMB,0.6200550198554993,0.6182988882064819,0.24758879840373993,0,0
66,RIGHT_THUMB,0.6440610289573669,0.6707416772842407,0.10440203547477722,0,0
66,LEFT_HIP,0.5679364800453186,0.702183723449707,0.04847845807671547,0,0
66,RIGHT_HIP,0.5912541151046753,0.7139297723770142,-0.04862493649125099,0,0
66,LEFT_KNEE,0.5654782652854919,0.7788538336753845,0.16004927456378937,0,0
66,RIGHT_KNEE,0.6126920580863953,0.8055213689804077,0.004005453549325466,0,0
66,LEFT_ANKLE,0.5527193546295166,0.8660722374916077,0.2428918182849884,0,0
66,RIGHT_ANKLE,0.6078706979751587,0.9165709614753723,0.019455228000879288,0,0
66,LEFT_HEEL,0.5455285310745239,0.883431613445282,0.25135812163352966,0,0
66,RIGHT_HEEL,0.6013085842132568,0.9359617829322815,0.020593542605638504,0,0
66,LEFT_FOOT_INDEX,0.5740950107574463,0.880446195602417,0.24628837406635284,0,0
66,RIGHT_FOOT_INDEX,0.6325176358222961,0.9300229549407959,0.012095140293240547,0,0
67,NOSE,0.6177572011947632,0.5236084461212158,0.12151505053043365,0,0
67,LEFT_EYE_INNER,0.616665244102478,0.513627290725708,0.10971707850694656,0,0
67,LEFT_EYE,0.6144886612892151,0.511895477771759,0.10972744971513748,0,0
67,LEFT_EYE_OUTER,0.6122381687164307,0.5102548003196716,0.1097065880894661,0,0
67,RIGHT_EYE_INNER,0.6217238306999207,0.5171745419502258,0.1018376350402832,0,0
67,RIGHT_EYE,0.623107373714447,0.5180329084396362,0.10183653980493546,0,0
67,RIGHT_EYE_OUTER,0.6244545578956604,0.519008994102478,0.10181032121181488,0,0
67,LEFT_EAR,0.6079689860343933,0.5125572681427002,0.06587676703929901,0,0
67,RIGHT_EAR,0.6240217089653015,0.5243138670921326,0.03170078992843628,0,0
67,MOUTH_LEFT,0.6129341721534729,0.5289067029953003,0.11010954529047012,0,0
67,MOUTH_RIGHT,0.6176259517669678,0.5328512191772461,0.09995954483747482,0,0
67,LEFT_SHOULDER,0.5803784728050232,0.5563085675239563,0.08471376448869705,0,0
67,RIGHT_SHOULDER,0.6190507411956787,0.5926440954208374,-0.018900079652667046,0,0
67,LEFT_ELBOW,0.5787451863288879,0.6133803725242615,0.1743115335702896,0,0
67,RIGHT_ELBOW,0.6329058408737183,0.6664783358573914,0.04199342057108879,0,0
67,LEFT_WRIST,0.6061056852340698,0.6052684783935547,0.2751721441745758,0,0
67,RIGHT_WRIST,0.6336953639984131,0.6279303431510925,0.1647489070892334,0,0
67,LEFT_PINKY,0.6107584834098816,0.6012933254241943,0.29546335339546204,0,0
67,RIGHT_PINKY,0.6368330717086792,0.6212136745452881,0.1791638731956482,0,0
67,LEFT_INDEX,0.6144981384277344,0.5988239049911499,0.2955939471721649,0,0
67,RIGHT_INDEX,0.6357250809669495,0.6167505979537964,0.17875395715236664,0,0
67,LEFT_THUMB,0.6140075325965881,0.6012125611305237,0.27801692485809326,0,0
67,RIGHT_THUMB,0.6342871189117432,0.6166561245918274,0.16880257427692413,0,0
67,LEFT_HIP,0.5673201680183411,0.7019562125205994,0.043045222759246826,0,0
67,RIGHT_HIP,0.5918787121772766,0.7133626341819763,-0.043207474052906036,0,0
67,LEFT_KNEE,0.561891496181488,0.7785750031471252,0.161211296916008,0,0
67,RIGHT_KNEE,0.6129649877548218,0.8048079609870911,0.0011442584218457341,0,0
67,LEFT_ANKLE,0.5518141388893127,0.86625736951828,0.2151159793138504,0,0
67,RIGHT_ANKLE,0.6079729199409485,0.9166331887245178,-0.02258230373263359,0,0
67,LEFT_HEEL,0.5447102189064026,0.884668231010437,0.22100774943828583,0,0
67,RIGHT_HEEL,0.6013231873512268,0.9370535612106323,-0.024359287694096565,0,0
67,LEFT_FOOT_INDEX,0.5728262066841125,0.8791404962539673,0.24092203378677368,0,0
67,RIGHT_FOOT_INDEX,0.632640540599823,0.929904580116272,-0.02983166091144085,0,0
68,NOSE,0.6138807535171509,0.5183013081550598,0.12663204967975616,0,0
68,LEFT_EYE_INNER,0.6127350330352783,0.5084261894226074,0.11303520202636719,0,0
68,LEFT_EYE,0.6106911897659302,0.5069185495376587,0.11305272579193115,0,0
68,LEFT_EYE_OUTER,0.6086292266845703,0.5055696964263916,0.11304197460412979,0,0
68,RIGHT_EYE_INNER,0.6180501580238342,0.5117149353027344,0.1066434383392334,0,0
68,RIGHT_EYE,0.6195453405380249,0.5125105977058411,0.10663653165102005,0,0
68,RIGHT_EYE_OUTER,0.6210781931877136,0.5134764909744263,0.10659428685903549,0,0
68,LEFT_EAR,0.605191171169281,0.5083465576171875,0.06399325281381607,0,0
68,RIGHT_EAR,0.6218084096908569,0.5190294981002808,0.03542115166783333,0,0
68,MOUTH_LEFT,0.6097632050514221,0.5237482786178589,0.1131841167807579,0,0
68,MOUTH_RIGHT,0.6147444248199463,0.5275321006774902,0.10471855849027634,0,0
68,LEFT_SHOULDER,0.5782902240753174,0.5539225339889526,0.07729904353618622,0,0
68,RIGHT_SHOULDER,0.6202880144119263,0.5842956304550171,-0.014652922749519348,0,0
68,LEFT_ELBOW,0.5777001976966858,0.6062278151512146,0.16233617067337036,0,0
68,RIGHT_ELBOW,0.6275438666343689,0.648213267326355,0.04538145288825035,0,0
68,LEFT_WRIST,0.6012688279151917,0.5918510556221008,0.26337718963623047,0,0
68,RIGHT_WRIST,0.6287931799888611,0.6111376881599426,0.1745299994945526,0,0
68,LEFT_PINKY,0.6045710444450378,0.5875717997550964,0.2839421331882477,0,0
68,RIGHT_PINKY,0.6357927322387695,0.6017200946807861,0.19243770837783813,0,0
68,LEFT_INDEX,0.6085575819015503,0.5841990113258362,0.28458765149116516,0,0
68,RIGHT_INDEX,0.6289342641830444,0.5964658260345459,0.19208982586860657,0,0
68,LEFT_THUMB,0.6087726354598999,0.5867686867713928,0.26662778854370117,0,0
68,RIGHT_THUMB,0.6287855505943298,0.5987460613250732,0.17889776825904846,0,0
68,LEFT_HIP,0.5678437352180481,0.7007663249969482,0.04082101210951805,0,0
68,RIGHT_HIP,0.5934311151504517,0.7117933630943298,-0.04100169613957405,0,0
68,LEFT_KNEE,0.5603647232055664,0.7781722545623779,0.15800365805625916,0,0
68,RIGHT_KNEE,0.6132925152778625,0.8050000071525574,0.0005085206939838827,0,0
68,LEFT_ANKLE,0.551487147808075,0.8659769892692566,0.18932346999645233,0,0
68,RIGHT_ANKLE,0.6081873774528503,0.9166641235351562,-0.022314511239528656,0,0
68,LEFT_HEEL,0.5448246002197266,0.8849660158157349,0.1944075971841812,0,0
68,RIGHT_HEEL,0.6013770699501038,0.9370703101158142,-0.023056279867887497,0,0
68,LEFT_FOOT_INDEX,0.5707780122756958,0.8744543790817261,0.21131642162799835,0,0
68,RIGHT_FOOT_INDEX,0.6326838135719299,0.9299326539039612,-0.02462599240243435,0,0
69,NOSE,0.6095342040061951,0.5137022137641907,0.13375873863697052,0,0
69,LEFT_EYE_INNER,0.6084060072898865,0.5039124488830566,0.12068342417478561,0,0
69,LEFT_EYE,0.6065418124198914,0.5027061700820923,0.12069873511791229,0,0
69,LEFT_EYE_OUTER,0.6047423481941223,0.5016934871673584,0.12069037556648254,0,0
69,RIGHT_EYE_INNER,0.6139289140701294,0.5068690180778503,0.11503561586141586,0,0
69,RIGHT_EYE,0.6156328916549683,0.5076647996902466,0.11501502990722656,0,0
69,RIGHT_EYE_OUTER,0.6172868609428406,0.5086370706558228,0.11496802419424057,0,0
69,LEFT_EAR,0.6020710468292236,0.5050358176231384,0.07033323496580124,0,0
69,RIGHT_EAR,0.6189416646957397,0.5148735046386719,0.0448354110121727,0,0
69,MOUTH_LEFT,0.6058595180511475,0.519277036190033,0.11935217678546906,0,0
69,MOUTH_RIGHT,0.611041784286499,0.5230950117111206,0.11166802048683167,0,0
69,LEFT_SHOULDER,0.5769176483154297,0.5516800284385681,0.07940240204334259,0,0
69,RIGHT_SHOULDER,0.6200002431869507,0.5761069655418396,-0.002726714825257659,0,0
69,LEFT_ELBOW,0.580291211605072,0.6023140549659729,0.16327160596847534,0,0
69,RIGHT_ELBOW,0.6228391528129578,0.6264669895172119,0.06102091446518898,0,0
69,LEFT_WRIST,0.5990868210792542,0.5879986882209778,0.26986658573150635,0,0
69,RIGHT_WRIST,0.6171486973762512,0.5965151190757751,0.19827033579349518,0,0
69,LEFT_PINKY,0.6014304757118225,0.5855149030685425,0.29125213623046875,0,0
69,RIGHT_PINKY,0.618594765663147,0.5894191265106201,0.21844537556171417,0,0
69,LEFT_INDEX,0.60496985912323,0.5821359157562256,0.29185351729393005,0,0
69,RIGHT_INDEX,0.6117728352546692,0.5810987949371338,0.2167389690876007,0,0
69,LEFT_THUMB,0.6055705547332764,0.5841139554977417,0.27313360571861267,0,0
69,RIGHT_THUMB,0.6102272272109985,0.5837651491165161,0.20210067927837372,0,0
69,LEFT_HIP,0.5681123733520508,0.6998065710067749,0.03997737169265747,0,0
69,RIGHT_HIP,0.5948275327682495,0.7093959450721741,-0.040193140506744385,0,0
69,LEFT_KNEE,0.5584487915039062,0.778327226638794,0.1550196260213852,0,0
69,RIGHT_KNEE,0.6137540936470032,0.8057143688201904,-0.007604950573295355,0,0
69,LEFT_ANKLE,0.5499321222305298,0.8652454614639282,0.17720429599285126,0,0
69,RIGHT_ANKLE,0.6084983944892883,0.9169731736183167,-0.06102472543716431,0,0
69,LEFT_HEEL,0.5436195731163025,0.8849176168441772,0.1804930865764618,0,0
69,RIGHT_HEEL,0.6015380024909973,0.9375460147857666,-0.06406388431787491,0,0
69,LEFT_FOOT_INDEX,0.5650416016578674,0.8694621920585632,0.18983741104602814,0,0
69,RIGHT_FOOT_INDEX,0.6327265501022339,0.9309638142585754,-0.07185427099466324,0,0
70,NOSE,0.6074155569076538,0.511708676815033,0.12337439507246017,0,0
70,LEFT_EYE_INNER,0.605936586856842,0.5015436410903931,0.10952842980623245,0,0
70,LEFT_EYE,0.6040135025978088,0.5005147457122803,0.10955405980348587,0,0
70,LEFT_EYE_OUTER,0.6021836400032043,0.4996972978115082,0.10955360531806946,0,0
70,RIGHT_EYE_INNER,0.6116523146629333,0.5041088461875916,0.10539571195840836,0,0
70,RIGHT_EYE,0.6134185791015625,0.5048143863677979,0.1053638756275177,0,0
70,RIGHT_EYE_OUTER,0.6151475310325623,0.5057193040847778,0.1053287610411644,0,0
70,LEFT_EAR,0.599628210067749,0.5035263299942017,0.0569857694208622,0,0
70,RIGHT_EAR,0.617281973361969,0.512249231338501,0.03688011318445206,0,0
70,MOUTH_LEFT,0.603785514831543,0.5180420875549316,0.10733922570943832,0,0
70,MOUTH_RIGHT,0.609329879283905,0.5212114453315735,0.10154250264167786,0,0
70,LEFT_SHOULDER,0.5741584897041321,0.5504727959632874,0.06600431352853775,0,0
70,RIGHT_SHOULDER,0.6206825375556946,0.5737364888191223,-0.005432208068668842,0,0
70,LEFT_ELBOW,0.5784400105476379,0.5989298820495605,0.14348654448986053,0,0
70,RIGHT_ELBOW,0.610916793346405,0.615757167339325,0.05111319571733475,0,0
70,LEFT_WRIST,0.5932900905609131,0.5825070142745972,0.2516908049583435,0,0
70,RIGHT_WRIST,0.6016759872436523,0.5862202644348145,0.17263202369213104,0,0
70,LEFT_PINKY,0.5942361950874329,0.5793824791908264,0.27327781915664673,0,0
70,RIGHT_PINKY,0.6021608114242554,0.5809526443481445,0.1920463889837265,0,0
70,LEFT_INDEX,0.5981735587120056,0.5767382979393005,0.2742616832256317,0,0
70,RIGHT_INDEX,0.5974449515342712,0.5748186111450195,0.1921052634716034,0,0
70,LEFT_THUMB,0.5992711186408997,0.5791381597518921,0.25518080592155457,0,0
70,RIGHT_THUMB,0.5959988236427307,0.5768822431564331,0.17672313749790192,0,0
70,LEFT_HIP,0.5681701302528381,0.6993346810340881,0.03733757883310318,0,0
70,RIGHT_HIP,0.5968090891838074,0.7076342701911926,-0.037555571645498276,0,0
70,LEFT_KNEE,0.5573217272758484,0.7784426212310791,0.14123275876045227,0,0
70,RIGHT_KNEE,0.6151492595672607,0.8057242035865784,-0.02330755814909935,0,0
70,LEFT_ANKLE,0.5477427840232849,0.8646009564399719,0.13435915112495422,0,0
70,RIGHT_ANKLE,0.6092148423194885,0.9182600975036621,-0.10162637382745743,0,0
70,LEFT_HEEL,0.5433406829833984,0.8839439153671265,0.1345333456993103,0,0
70,RIGHT_HEEL,0.6022033095359802,0.9382581114768982,-0.10791672766208649,0,0
70,LEFT_FOOT_INDEX,0.5576475858688354,0.8673137426376343,0.13573946058750153,0,0
70,RIGHT_FOOT_INDEX,0.632851243019104,0.9313341379165649,-0.12125395983457565,0,0
71,NOSE,0.6059842705726624,0.5101868510246277,0.16386400163173676,0,0
71,LEFT_EYE_INNER,0.6042136549949646,0.4997481107711792,0.14997930824756622,0,0
71,LEFT_EYE,0.6021502614021301,0.49880167841911316,0.14998088777065277,0,0
71,LEFT_EYE_OUTER,0.6002101302146912,0.49810001254081726,0.14996348321437836,0,0
71,RIGHT_EYE_INNER,0.6101011633872986,0.5019159913063049,0.14652006328105927,0,0
71,RIGHT_EYE,0.6118276119232178,0.5024679899215698,0.14649687707424164,0,0
71,RIGHT_EYE_OUTER,0.6135528087615967,0.503244161605835,0.14644870162010193,0,0
71,LEFT_EAR,0.5975238084793091,0.5024313926696777,0.08983111381530762,0,0
71,RIGHT_EAR,0.6157081127166748,0.5098032355308533,0.07413490116596222,0,0
71,MOUTH_LEFT,0.6021329760551453,0.5166075825691223,0.14496582746505737,0,0
71,MOUTH_RIGHT,0.6080345511436462,0.5195637345314026,0.14012780785560608,0,0
71,LEFT_SHOULDER,0.5711951851844788,0.5509905815124512,0.07262145727872849,0,0
71,RIGHT_SHOULDER,0.6218044757843018,0.5724956393241882,0.018297260627150536,0,0
71,LEFT_ELBOW,0.5708361268043518,0.6010773181915283,0.10315357893705368,0,0
71,RIGHT_ELBOW,0.6100814938545227,0.6224744915962219,0.03154218941926956,0,0
71,LEFT_WRIST,0.5815542340278625,0.6347324848175049,0.15789355337619781,0,0
71,RIGHT_WRIST,0.5965314507484436,0.6214321255683899,0.09098084270954132,0,0
71,LEFT_PINKY,0.5813220143318176,0.6435076594352722,0.1669595092535019,0,0
71,RIGHT_PINKY,0.5958957076072693,0.62302565574646,0.09802760928869247,0,0
71,LEFT_INDEX,0.587225079536438,0.6399654150009155,0.16459938883781433,0,0
71,RIGHT_INDEX,0.5920695662498474,0.6157699227333069,0.0979284942150116,0,0
71,LEFT_THUMB,0.589102566242218,0.6366795897483826,0.158010333776474,0,0
71,RIGHT_THUMB,0.5905044674873352,0.6138693690299988,0.09441777318716049,0,0
71,LEFT_HIP,0.5682531595230103,0.6983849406242371,0.03475058823823929,0,0
71,RIGHT_HIP,0.5985479950904846,0.7061417102813721,-0.0349506251513958,0,0
71,LEFT_KNEE,0.55595463514328,0.7785213589668274,0.12274971604347229,0,0
71,RIGHT_KNEE,0.6159959435462952,0.8056484460830688,-0.002534417202696204,0,0
71,LEFT_ANKLE,0.5453863143920898,0.8661206364631653,0.09561705589294434,0,0
71,RIGHT_ANKLE,0.6095763444900513,0.9184046387672424,-0.06467500329017639,0,0
71,LEFT_HEEL,0.5425975322723389,0.8854103684425354,0.09308528900146484,0,0
71,RIGHT_HEEL,0.6030834913253784,0.9384949803352356,-0.07024125009775162,0,0
71,LEFT_FOOT_INDEX,0.5489474534988403,0.8690754175186157,0.08433166891336441,0,0
71,RIGHT_FOOT_INDEX,0.6329392194747925,0.9314871430397034,-0.08853210508823395,0,0
72,NOSE,0.603751003742218,0.5080162286758423,0.1789533644914627,0,0
72,LEFT_EYE_INNER,0.6017619967460632,0.4979812204837799,0.16534686088562012,0,0
72,LEFT_EYE,0.5997697710990906,0.49710384011268616,0.16534066200256348,0,0
72,LEFT_EYE_OUTER,0.5978479981422424,0.49650058150291443,0.16532105207443237,0,0
72,RIGHT_EYE_INNER,0.607400119304657,0.5000342726707458,0.16199292242527008,0,0
72,RIGHT_EYE,0.6090903878211975,0.5005272626876831,0.1619858592748642,0,0
72,RIGHT_EYE_OUTER,0.6107746362686157,0.5012178421020508,0.1619292050600052,0,0
72,LEFT_EAR,0.5951845645904541,0.50115567445755,0.10620477050542831,0,0
72,RIGHT_EAR,0.6135860681533813,0.5075591206550598,0.090824656188488,0,0
72,MOUTH_LEFT,0.6001712679862976,0.5144475698471069,0.160409614443779,0,0
72,MOUTH_RIGHT,0.6057349443435669,0.5169385671615601,0.15575452148914337,0,0
72,LEFT_SHOULDER,0.5699877142906189,0.5507491230964661,0.08084466308355331,0,0
72,RIGHT_SHOULDER,0.6219217777252197,0.5683653354644775,0.03108450025320053,0,0
72,LEFT_ELBOW,0.5693339705467224,0.6038860082626343,0.07527757436037064,0,0
72,RIGHT_ELBOW,0.608738124370575,0.6298432350158691,0.02239534817636013,0,0
72,LEFT_WRIST,0.578808069229126,0.640103816986084,0.08442330360412598,0,0
72,RIGHT_WRIST,0.5960654020309448,0.6337493062019348,0.042563509196043015,0,0
72,LEFT_PINKY,0.5787137746810913,0.6480857729911804,0.08388739079236984,0,0
72,RIGHT_PINKY,0.594836950302124,0.6332508325576782,0.04155951738357544,0,0
72,LEFT_INDEX,0.5850509405136108,0.6442328691482544,0.08364124596118927,0,0
72,RIGHT_INDEX,0.5912283658981323,0.6289958357810974,0.0426989421248436,0,0
72,LEFT_THUMB,0.5869227051734924,0.6414560079574585,0.08376120775938034,0,0
72,RIGHT_THUMB,0.5896955728530884,0.627549409866333,0.04277924820780754,0,0
72,LEFT_HIP,0.5682037472724915,0.6965402364730835,0.03457159548997879,0,0
72,RIGHT_HIP,0.6000810265541077,0.7039070725440979,-0.034758128225803375,0,0
72,LEFT_KNEE,0.5547678470611572,0.7786315679550171,0.12025480717420578,0,0
72,RIGHT_KNEE,0.6161963939666748,0.8057639002799988,0.0042130122892558575,0,0
72,LEFT_ANKLE,0.5446082353591919,0.8697097301483154,0.10833971202373505,0,0
72,RIGHT_ANKLE,0.6095796823501587,0.9190346002578735,-0.046588215976953506,0,0
72,LEFT_HEEL,0.5424193739891052,0.8894172310829163,0.10715384036302567,0,0
72,RIGHT_HEEL,0.603533148765564,0.938610851764679,-0.048663992434740067,0,0
72,LEFT_FOOT_INDEX,0.5457383990287781,0.8716330528259277,0.09567945450544357,0,0
72,RIGHT_FOOT_INDEX,0.6329835057258606,0.9318862557411194,-0.06733265519142151,0,0
73,NOSE,0.6016865372657776,0.5045400857925415,0.17416520416736603,0,0
73,LEFT_EYE_INNER,0.5993998646736145,0.4948703944683075,0.15852491557598114,0,0
73,LEFT_EYE,0.5973787903785706,0.4941820502281189,0.15853193402290344,0,0
73,LEFT_EYE_OUTER,0.595414936542511,0.4937804639339447,0.15851280093193054,0,0
73,RIGHT_EYE_INNER,0.605122983455658,0.4965790808200836,0.1562536358833313,0,0
73,RIGHT_EYE,0.6068493723869324,0.49699831008911133,0.15623760223388672,0,0
73,RIGHT_EYE_OUTER,0.6085407733917236,0.4976016581058502,0.15618528425693512,0,0
73,LEFT_EAR,0.5925981402397156,0.49864986538887024,0.09414137899875641,0,0
73,RIGHT_EAR,0.6113069653511047,0.5041623115539551,0.08293657749891281,0,0
73,MOUTH_LEFT,0.5980725884437561,0.5111604928970337,0.15369029343128204,0,0
73,MOUTH_RIGHT,0.6037036180496216,0.5130862593650818,0.15029025077819824,0,0
73,LEFT_SHOULDER,0.569390594959259,0.5488548874855042,0.07774604111909866,0,0
73,RIGHT_SHOULDER,0.6217759847640991,0.5639280080795288,0.030668895691633224,0,0
73,LEFT_ELBOW,0.5670171976089478,0.6058589220046997,0.1034976914525032,0,0
73,RIGHT_ELBOW,0.6035435795783997,0.6293584704399109,0.04233809560537338,0,0
73,LEFT_WRIST,0.5824874043464661,0.623820424079895,0.15755324065685272,0,0
73,RIGHT_WRIST,0.5911675691604614,0.6285004019737244,0.08306507021188736,0,0
73,LEFT_PINKY,0.5825417637825012,0.6262502074241638,0.16758890450000763,0,0
73,RIGHT_PINKY,0.5897865295410156,0.631534993648529,0.08903264999389648,0,0
73,LEFT_INDEX,0.5891956090927124,0.6213245391845703,0.16277915239334106,0,0
73,RIGHT_INDEX,0.5860899090766907,0.6249602437019348,0.08973708748817444,0,0
73,LEFT_THUMB,0.5909000039100647,0.6205014586448669,0.15667061507701874,0,0
73,RIGHT_THUMB,0.5848857760429382,0.6223891377449036,0.08411911875009537,0,0
73,LEFT_HIP,0.5681867599487305,0.6941019296646118,0.03149016946554184,0,0
73,RIGHT_HIP,0.6004638671875,0.701020359992981,-0.031667985022068024,0,0
73,LEFT_KNEE,0.5545821785926819,0.7785922884941101,0.09805386513471603,0,0
73,RIGHT_KNEE,0.6161704659461975,0.80509352684021,-0.0004651389317587018,0,0
73,LEFT_ANKLE,0.5445461273193359,0.8750473260879517,0.05494532734155655,0,0
73,RIGHT_ANKLE,0.6096041798591614,0.9190981984138489,-0.08297599107027054,0,0
73,LEFT_HEEL,0.5425217747688293,0.8933194279670715,0.050667617470026016,0,0
73,RIGHT_HEEL,0.6037418842315674,0.9385720491409302,-0.09038479626178741,0,0
73,LEFT_FOOT_INDEX,0.5462965369224548,0.8763407468795776,0.03641914576292038,0,0
73,RIGHT_FOOT_INDEX,0.6329991221427917,0.9321967363357544,-0.11410786956548691,0,0
74,NOSE,0.5993378162384033,0.5014170408248901,0.17030861973762512,0,0
74,LEFT_EYE_INNER,0.5968272089958191,0.49212267994880676,0.1550147384405136,0,0
74,LEFT_EYE,0.594831645488739,0.4915476441383362,0.15502572059631348,0,0
74,LEFT_EYE_OUTER,0.5928639769554138,0.4912538230419159,0.1549961119890213,0,0
74,RIGHT_EYE_INNER,0.6023882031440735,0.4933987557888031,0.15232905745506287,0,0
74,RIGHT_EYE,0.6041364669799805,0.49368444085121155,0.15233583748340607,0,0
74,RIGHT_EYE_OUTER,0.6058198809623718,0.4941251277923584,0.152291938662529,0,0
74,LEFT_EAR,0.590123176574707,0.49610283970832825,0.09212617576122284,0,0
74,RIGHT_EAR,0.6086978912353516,0.500416100025177,0.0797574371099472,0,0
74,MOUTH_LEFT,0.5959072113037109,0.5081360340118408,0.1506916582584381,0,0
74,MOUTH_RIGHT,0.6015568375587463,0.5096064209938049,0.14687776565551758,0,0
74,LEFT_SHOULDER,0.5681198239326477,0.5472256541252136,0.07695117592811584,0,0
74,RIGHT_SHOULDER,0.6214494109153748,0.5588052868843079,0.02425391599535942,0,0
74,LEFT_ELBOW,0.5668089985847473,0.6066511869430542,0.11273200809955597,0,0
74,RIGHT_ELBOW,0.6047702431678772,0.631114661693573,0.03930521756410599,0,0
74,LEFT_WRIST,0.5799713134765625,0.6165491342544556,0.19341394305229187,0,0
74,RIGHT_WRIST,0.5917487740516663,0.6446534395217896,0.08374772220849991,0,0
74,LEFT_PINKY,0.5804033875465393,0.6182515025138855,0.20485912263393402,0,0
74,RIGHT_PINKY,0.5894327163696289,0.6539113521575928,0.08921890705823898,0,0
74,LEFT_INDEX,0.5873016715049744,0.6138681769371033,0.20547516644001007,0,0
74,RIGHT_INDEX,0.5862550735473633,0.648005485534668,0.0888843685388565,0,0
74,LEFT_THUMB,0.5888307690620422,0.6132915616035461,0.1953904777765274,0,0
74,RIGHT_THUMB,0.5855762958526611,0.6429873704910278,0.08467131108045578,0,0
74,LEFT_HIP,0.567882239818573,0.6924236416816711,0.03129999712109566,0,0
74,RIGHT_HIP,0.6003707051277161,0.6987510919570923,-0.031447168439626694,0,0
74,LEFT_KNEE,0.5549113750457764,0.7779245376586914,0.08774688839912415,0,0
74,RIGHT_KNEE,0.6160086989402771,0.804661214351654,0.0008465738501399755,0,0
74,LEFT_ANKLE,0.5434970855712891,0.878430187702179,0.05630605295300484,0,0
74,RIGHT_ANKLE,0.6096068620681763,0.9191647171974182,-0.05864102393388748,0,0
74,LEFT_HEEL,0.5424222946166992,0.8963666558265686,0.05345720797777176,0,0
74,RIGHT_HEEL,0.6038186550140381,0.9387250542640686,-0.06265287101268768,0,0
74,LEFT_FOOT_INDEX,0.5463120341300964,0.8844788670539856,0.042081672698259354,0,0
74,RIGHT_FOOT_INDEX,0.6325646042823792,0.9321771264076233,-0.08136022835969925,0,0
75,NOSE,0.5965099930763245,0.4993899166584015,0.1927894502878189,0,0
75,LEFT_EYE_INNER,0.593751072883606,0.4907430112361908,0.17671774327754974,0,0
75,LEFT_EYE,0.5918045043945312,0.4903242886066437,0.17673346400260925,0,0
75,LEFT_EYE_OUTER,0.5899332165718079,0.4901445209980011,0.17669640481472015,0,0
75,RIGHT_EYE_INNER,0.5992298722267151,0.49160099029541016,0.17436614632606506,0,0
75,RIGHT_EYE,0.6010329127311707,0.49176251888275146,0.17436851561069489,0,0
75,RIGHT_EYE_OUTER,0.6027612686157227,0.4920714199542999,0.1743207722902298,0,0
75,LEFT_EAR,0.5874097943305969,0.49504977464675903,0.11011351644992828,0,0
75,RIGHT_EAR,0.6058902740478516,0.49831750988960266,0.09919951111078262,0,0
75,MOUTH_LEFT,0.5933853983879089,0.5061774849891663,0.17163807153701782,0,0
75,MOUTH_RIGHT,0.5989967584609985,0.5073950886726379,0.1682203859090805,0,0
75,LEFT_SHOULDER,0.5658213496208191,0.545644223690033,0.08869529515504837,0,0
75,RIGHT_SHOULDER,0.6198872923851013,0.5562335848808289,0.03845925256609917,0,0
75,LEFT_ELBOW,0.5652601718902588,0.6074856519699097,0.11788441240787506,0,0
75,RIGHT_ELBOW,0.6038616299629211,0.6320624351501465,0.04490276426076889,0,0
75,LEFT_WRIST,0.5757483243942261,0.6213076710700989,0.19309061765670776,0,0
75,RIGHT_WRIST,0.5912216305732727,0.6449395418167114,0.07778540998697281,0,0
75,LEFT_PINKY,0.5758447647094727,0.6270180344581604,0.2040058672428131,0,0
75,RIGHT_PINKY,0.5891903638839722,0.6538642048835754,0.08125439286231995,0,0
75,LEFT_INDEX,0.5826603770256042,0.6222308278083801,0.2027406394481659,0,0
75,RIGHT_INDEX,0.5858632326126099,0.647831380367279,0.0811280682682991,0,0
75,LEFT_THUMB,0.5844876766204834,0.6194161176681519,0.1940878927707672,0,0
75,RIGHT_THUMB,0.584976077079773,0.6429075598716736,0.07855438441038132,0,0
75,LEFT_HIP,0.567132830619812,0.6907526850700378,0.031842369586229324,0,0
75,RIGHT_HIP,0.5999893546104431,0.6958977580070496,-0.031938523054122925,0,0
75,LEFT_KNEE,0.5550861358642578,0.7779760360717773,0.06428790837526321,0,0
75,RIGHT_KNEE,0.6150912642478943,0.8043073415756226,-0.002070697955787182,0,0
75,LEFT_ANKLE,0.5429526567459106,0.8846953511238098,0.05121099576354027,0,0
75,RIGHT_ANKLE,0.6096270084381104,0.9197253584861755,-0.04114263504743576,0,0
75,LEFT_HEEL,0.5422447323799133,0.9024702310562134,0.05006910488009453,0,0
75,RIGHT_HEEL,0.6038864850997925,0.940065860748291,-0.044328685849905014,0,0
75,LEFT_FOOT_INDEX,0.5481550693511963,0.892453670501709,0.03533155471086502,0,0
75,RIGHT_FOOT_INDEX,0.6324939727783203,0.931858479976654,-0.06706883758306503,0,0
76,NOSE,0.5941588282585144,0.4982385039329529,0.19206738471984863,0,0
76,LEFT_EYE_INNER,0.5914108753204346,0.4897741377353668,0.17602095007896423,0,0
76,LEFT_EYE,0.5895376205444336,0.48942482471466064,0.17603959143161774,0,0
76,LEFT_EYE_OUTER,0.587708055973053,0.4893043339252472,0.17600077390670776,0,0
76,RIGHT_EYE_INNER,0.5967128276824951,0.490386962890625,0.17434383928775787,0,0
76,RIGHT_EYE,0.5984637141227722,0.4904772639274597,0.17434167861938477,0,0
76,RIGHT_EYE_OUTER,0.6001315712928772,0.49074745178222656,0.17429408431053162,0,0
76,LEFT_EAR,0.5852980017662048,0.49424245953559875,0.11055919528007507,0,0
76,RIGHT_EAR,0.6033180952072144,0.49695026874542236,0.10267247259616852,0,0
76,MOUTH_LEFT,0.5912764072418213,0.5049072504043579,0.1713668704032898,0,0
76,MOUTH_RIGHT,0.5967774987220764,0.5060257315635681,0.16888390481472015,0,0
76,LEFT_SHOULDER,0.5635759830474854,0.5453126430511475,0.08915810286998749,0,0
76,RIGHT_SHOULDER,0.617719292640686,0.5535163879394531,0.046894416213035583,0,0
76,LEFT_ELBOW,0.5630433559417725,0.6076680421829224,0.11814140528440475,0,0
76,RIGHT_ELBOW,0.6049512624740601,0.6177589893341064,0.06681420654058456,0,0
76,LEFT_WRIST,0.575898289680481,0.6152283549308777,0.1962370127439499,0,0
76,RIGHT_WRIST,0.5919711589813232,0.6409516930580139,0.11850890517234802,0,0
76,LEFT_PINKY,0.5761533379554749,0.6183698773384094,0.20526203513145447,0,0
76,RIGHT_PINKY,0.5897767543792725,0.6476984620094299,0.12475421279668808,0,0
76,LEFT_INDEX,0.582717776298523,0.6124427914619446,0.20598004758358002,0,0
76,RIGHT_INDEX,0.5859928131103516,0.6403223276138306,0.12282061576843262,0,0
76,LEFT_THUMB,0.5844281315803528,0.6109074354171753,0.19779565930366516,0,0
76,RIGHT_THUMB,0.5849714279174805,0.6361693143844604,0.11875709891319275,0,0
76,LEFT_HIP,0.5661123991012573,0.6887869834899902,0.029297269880771637,0,0
76,RIGHT_HIP,0.5999358892440796,0.693495512008667,-0.029362233355641365,0,0
76,LEFT_KNEE,0.5553795695304871,0.7782905101776123,0.05789593607187271,0,0
76,RIGHT_KNEE,0.6139845252037048,0.8040916323661804,0.003188993548974395,0,0
76,LEFT_ANKLE,0.542395293712616,0.88718581199646,0.03805303946137428,0,0
76,RIGHT_ANKLE,0.6097991466522217,0.9200252294540405,-0.026322687044739723,0,0
76,LEFT_HEEL,0.5420677661895752,0.9046139717102051,0.03622916713356972,0,0
76,RIGHT_HEEL,0.6040222644805908,0.9401969909667969,-0.02945844642817974,0,0
76,LEFT_FOOT_INDEX,0.548062264919281,0.8961843848228455,0.02414051443338394,0,0
76,RIGHT_FOOT_INDEX,0.6322190165519714,0.9312443733215332,-0.04748227074742317,0,0
77,NOSE,0.5917516350746155,0.49678611755371094,0.1841457635164261,0,0
77,LEFT_EYE_INNER,0.5889623761177063,0.48859766125679016,0.1683635413646698,0,0
77,LEFT_EYE,0.5870621800422668,0.48819321393966675,0.16838543117046356,0,0
77,LEFT_EYE_OUTER,0.5852051377296448,0.4879927933216095,0.16835100948810577,0,0
77,RIGHT_EYE_INNER,0.5941874980926514,0.48926833271980286,0.16620250046253204,0,0
77,RIGHT_EYE,0.5959091186523438,0.48935291171073914,0.1662013977766037,0,0
77,RIGHT_EYE_OUTER,0.5975219011306763,0.4895617365837097,0.16615258157253265,0,0
77,LEFT_EAR,0.5826442837715149,0.4929131269454956,0.1039411649107933,0,0
77,RIGHT_EAR,0.6004178524017334,0.49575793743133545,0.09398388862609863,0,0
77,MOUTH_LEFT,0.5887258052825928,0.5033495426177979,0.16368776559829712,0,0
77,MOUTH_RIGHT,0.5941874384880066,0.5046775341033936,0.16065962612628937,0,0
77,LEFT_SHOULDER,0.560506284236908,0.5449790358543396,0.08557450771331787,0,0
77,RIGHT_SHOULDER,0.6147956252098083,0.552448034286499,0.04042525961995125,0,0
77,LEFT_ELBOW,0.5593652129173279,0.6088895201683044,0.12922237813472748,0,0
77,RIGHT_ELBOW,0.6041930913925171,0.615496039390564,0.07780944555997849,0,0
77,LEFT_WRIST,0.57231605052948,0.615942656993866,0.2201584428548813,0,0
77,RIGHT_WRIST,0.5897953510284424,0.6299588680267334,0.15857023000717163,0,0
77,LEFT_PINKY,0.5734480619430542,0.619231104850769,0.2316511571407318,0,0
77,RIGHT_PINKY,0.5880218148231506,0.632651150226593,0.1696571260690689,0,0
77,LEFT_INDEX,0.5797613859176636,0.6137003898620605,0.2315697968006134,0,0
77,RIGHT_INDEX,0.583782970905304,0.6251081824302673,0.16805553436279297,0,0
77,LEFT_THUMB,0.5811458826065063,0.6122346520423889,0.2216629683971405,0,0
77,RIGHT_THUMB,0.582801103591919,0.6224746108055115,0.15991562604904175,0,0
77,LEFT_HIP,0.5650011301040649,0.6879596710205078,0.028973722830414772,0,0
77,RIGHT_HIP,0.5984964966773987,0.6921871900558472,-0.02902541123330593,0,0
77,LEFT_KNEE,0.5552743077278137,0.7785453796386719,0.0614885613322258,0,0
77,RIGHT_KNEE,0.6122979521751404,0.8038392066955566,0.000647663080599159,0,0
77,LEFT_ANKLE,0.5419630408287048,0.8856261968612671,0.05235130339860916,0,0
77,RIGHT_ANKLE,0.6099774241447449,0.9208816885948181,-0.030034611001610756,0,0
77,LEFT_HEEL,0.541768491268158,0.9034764170646667,0.05175688490271568,0,0
77,RIGHT_HEEL,0.6042625904083252,0.9404953122138977,-0.03296505659818649,0,0
77,LEFT_FOOT_INDEX,0.5492432713508606,0.8959181904792786,0.04128628224134445,0,0
77,RIGHT_FOOT_INDEX,0.6322359442710876,0.9311438202857971,-0.05048020929098129,0,0
78,NOSE,0.5891993641853333,0.49506130814552307,0.19595485925674438,0,0
78,LEFT_EYE_INNER,0.5864865779876709,0.48701125383377075,0.17906993627548218,0,0
78,LEFT_EYE,0.5846102833747864,0.4866182208061218,0.17908191680908203,0,0
78,LEFT_EYE_OUTER,0.582744300365448,0.4864065647125244,0.1790376752614975,0,0
78,RIGHT_EYE_INNER,0.5916615128517151,0.4875452220439911,0.17777098715305328,0,0
78,RIGHT_EYE,0.5933917164802551,0.48755770921707153,0.17777450382709503,0,0
78,RIGHT_EYE_OUTER,0.5950713753700256,0.4876827597618103,0.1777322143316269,0,0
78,LEFT_EAR,0.580155611038208,0.491401344537735,0.1101917251944542,0,0
78,RIGHT_EAR,0.5982238054275513,0.4937818646430969,0.10352998226881027,0,0
78,MOUTH_LEFT,0.5863786935806274,0.5016454458236694,0.17393605411052704,0,0
78,MOUTH_RIGHT,0.5918484330177307,0.5030499696731567,0.17180515825748444,0,0
78,LEFT_SHOULDER,0.5583583116531372,0.544313371181488,0.08536525815725327,0,0
78,RIGHT_SHOULDER,0.6128090620040894,0.5518438816070557,0.05379752814769745,0,0
78,LEFT_ELBOW,0.5563346147537231,0.6105249524116516,0.11758194118738174,0,0
78,RIGHT_ELBOW,0.6030600070953369,0.6138814091682434,0.07893005758523941,0,0
78,LEFT_WRIST,0.5672199726104736,0.6249426603317261,0.2057497352361679,0,0
78,RIGHT_WRIST,0.5879932641983032,0.6285313367843628,0.13852813839912415,0,0
78,LEFT_PINKY,0.5679745078086853,0.6319221258163452,0.2112715095281601,0,0
78,RIGHT_PINKY,0.5861111879348755,0.6316776275634766,0.14561142027378082,0,0
78,LEFT_INDEX,0.5740329027175903,0.6267485022544861,0.21036949753761292,0,0
78,RIGHT_INDEX,0.5817440152168274,0.62380051612854,0.1455008089542389,0,0
78,LEFT_THUMB,0.5756432414054871,0.6235442757606506,0.20649386942386627,0,0
78,RIGHT_THUMB,0.5805908441543579,0.6207418441772461,0.13948138058185577,0,0
78,LEFT_HIP,0.5638217329978943,0.6880496144294739,0.021043671295046806,0,0
78,RIGHT_HIP,0.5968762636184692,0.6917330622673035,-0.02107173204421997,0,0
78,LEFT_KNEE,0.5534912347793579,0.7802137136459351,0.033984147012233734,0,0
78,RIGHT_KNEE,0.6107079386711121,0.8036001324653625,0.013732055202126503,0,0
78,LEFT_ANKLE,0.5417729616165161,0.8873224258422852,0.032492704689502716,0,0
78,RIGHT_ANKLE,0.6101449131965637,0.9211845397949219,0.009263109415769577,0,0
78,LEFT_HEEL,0.541744589805603,0.9055432081222534,0.032734017819166183,0,0
78,RIGHT_HEEL,0.6045480966567993,0.9407966136932373,0.008932446129620075,0,0
78,LEFT_FOOT_INDEX,0.547398567199707,0.8957082629203796,0.02020925283432007,0,0
78,RIGHT_FOOT_INDEX,0.6323080658912659,0.9305986762046814,-0.006448323838412762,0,0
79,NOSE,0.5858074426651001,0.4936319887638092,0.20757798850536346,0,0
79,LEFT_EYE_INNER,0.5831850171089172,0.48593440651893616,0.19044999778270721,0,0
79,LEFT_EYE,0.5813971161842346,0.48568183183670044,0.19046089053153992,0,0
79,LEFT_EYE_OUTER,0.5796311497688293,0.4856151342391968,0.1904156357049942,0,0
79,RIGHT_EYE_INNER,0.5884121656417847,0.4861612319946289,0.18983674049377441,0,0
79,RIGHT_EYE,0.5902608633041382,0.486137330532074,0.18983320891857147,0,0
79,RIGHT_EYE_OUTER,0.5920487642288208,0.4862242639064789,0.18978804349899292,0,0
79,LEFT_EAR,0.5774438977241516,0.4907046854496002,0.11945223063230515,0,0
79,RIGHT_EAR,0.5955687761306763,0.4923532009124756,0.11578395962715149,0,0
79,MOUTH_LEFT,0.5831401348114014,0.5004868507385254,0.18470674753189087,0,0
79,MOUTH_RIGHT,0.5887628793716431,0.5015252828598022,0.18340906500816345,0,0
79,LEFT_SHOULDER,0.5562523603439331,0.5431872010231018,0.08443379402160645,0,0
79,RIGHT_SHOULDER,0.6102663278579712,0.5496089458465576,0.06550557911396027,0,0
79,LEFT_ELBOW,0.5552064180374146,0.610617458820343,0.10600785166025162,0,0
79,RIGHT_ELBOW,0.6017755270004272,0.6130662560462952,0.07885093986988068,0,0
79,LEFT_WRIST,0.5657460689544678,0.6316414475440979,0.167475625872612,0,0
79,RIGHT_WRIST,0.587515115737915,0.6269521117210388,0.12040546536445618,0,0
79,LEFT_PINKY,0.5662710070610046,0.639954149723053,0.1721152663230896,0,0
79,RIGHT_PINKY,0.5861886143684387,0.6305305361747742,0.12498379498720169,0,0
79,LEFT_INDEX,0.572583019733429,0.6348468065261841,0.1705569624900818,0,0
79,RIGHT_INDEX,0.5815107226371765,0.6220635175704956,0.12506280839443207,0,0
79,LEFT_THUMB,0.5744208097457886,0.6311529278755188,0.1675177365541458,0,0
79,RIGHT_THUMB,0.5798651576042175,0.6188727021217346,0.12104138731956482,0,0
79,LEFT_HIP,0.5624210834503174,0.6875713467597961,0.018039442598819733,0,0
79,RIGHT_HIP,0.5951908826828003,0.6905000805854797,-0.018053201958537102,0,0
79,LEFT_KNEE,0.5520066618919373,0.7806447148323059,0.028178835287690163,0,0
79,RIGHT_KNEE,0.609216570854187,0.8021233677864075,0.013231760822236538,0,0
79,LEFT_ANKLE,0.5406715273857117,0.8875012397766113,0.025118928402662277,0,0
79,RIGHT_ANKLE,0.6101691126823425,0.9212955236434937,0.005112380255013704,0,0
79,LEFT_HEEL,0.5412887930870056,0.9071144461631775,0.02485905960202217,0,0
79,RIGHT_HEEL,0.6047208309173584,0.9408643841743469,0.0038310489617288113,0,0
79,LEFT_FOOT_INDEX,0.5458924770355225,0.8947774767875671,0.010034715756773949,0,0
79,RIGHT_FOOT_INDEX,0.632358729839325,0.9301086664199829,-0.01582338847219944,0,0
80,NOSE,0.5847730040550232,0.49366363883018494,0.19977855682373047,0,0
80,LEFT_EYE_INNER,0.5822687149047852,0.4855789840221405,0.18296080827713013,0,0
80,LEFT_EYE,0.5803962349891663,0.48535409569740295,0.18297113478183746,0,0
80,LEFT_EYE_OUTER,0.5785274505615234,0.48526689410209656,0.1829283982515335,0,0
80,RIGHT_EYE_INNER,0.5875564217567444,0.48557761311531067,0.1816289722919464,0,0
80,RIGHT_EYE,0.5892325043678284,0.48543044924736023,0.18162798881530762,0,0
80,RIGHT_EYE_OUTER,0.5909174084663391,0.4854223132133484,0.18158462643623352,0,0
80,LEFT_EAR,0.5761744379997253,0.48975610733032227,0.11418092995882034,0,0
80,RIGHT_EAR,0.5940445065498352,0.4909978210926056,0.10744699835777283,0,0
80,MOUTH_LEFT,0.5819644331932068,0.5002690553665161,0.17790354788303375,0,0
80,MOUTH_RIGHT,0.5875728130340576,0.5012602806091309,0.17575399577617645,0,0
80,LEFT_SHOULDER,0.5544167160987854,0.542218029499054,0.08347292244434357,0,0
80,RIGHT_SHOULDER,0.6083421111106873,0.5486736297607422,0.057318590581417084,0,0
80,LEFT_ELBOW,0.5523375868797302,0.6117349863052368,0.11009330302476883,0,0
80,RIGHT_ELBOW,0.6008239388465881,0.6153544783592224,0.08720732480287552,0,0
80,LEFT_WRIST,0.5649001598358154,0.6332018971443176,0.17765718698501587,0,0
80,RIGHT_WRIST,0.5859365463256836,0.6285634636878967,0.15261323750019073,0,0
80,LEFT_PINKY,0.5658158659934998,0.6410889029502869,0.18494896590709686,0,0
80,RIGHT_PINKY,0.5842126607894897,0.6323814988136292,0.15994557738304138,0,0
80,LEFT_INDEX,0.5720374584197998,0.6358122825622559,0.18297286331653595,0,0
80,RIGHT_INDEX,0.5795268416404724,0.62397700548172,0.1592467725276947,0,0
80,LEFT_THUMB,0.5736080408096313,0.632290244102478,0.17783600091934204,0,0
80,RIGHT_THUMB,0.5779945850372314,0.6206860542297363,0.15344971418380737,0,0
80,LEFT_HIP,0.5604654550552368,0.6876264810562134,0.019676586613059044,0,0
80,RIGHT_HIP,0.5935194492340088,0.6903411746025085,-0.019696323201060295,0,0
80,LEFT_KNEE,0.5506478548049927,0.7810576558113098,0.03686957061290741,0,0
80,RIGHT_KNEE,0.6072515845298767,0.8004984855651855,0.012663011439144611,0,0
80,LEFT_ANKLE,0.5401092767715454,0.8881948590278625,0.03877104073762894,0,0
80,RIGHT_ANKLE,0.6099904179573059,0.9216756224632263,0.006724235601723194,0,0
80,LEFT_HEEL,0.5409027338027954,0.907518208026886,0.03917631879448891,0,0
80,RIGHT_HEEL,0.6046874523162842,0.9413553476333618,0.005881897173821926,0,0
80,LEFT_FOOT_INDEX,0.5454803705215454,0.8947426676750183,0.02765124849975109,0,0
80,RIGHT_FOOT_INDEX,0.6323747038841248,0.9300402402877808,-0.010689954273402691,0,0
81,NOSE,0.5822464823722839,0.4916554093360901,0.19227264821529388,0,0
81,LEFT_EYE_INNER,0.579764187335968,0.48363804817199707,0.17466787993907928,0,0
81,LEFT_EYE,0.577947199344635,0.483516663312912,0.1746826320886612,0,0
81,LEFT_EYE_OUTER,0.5761178731918335,0.4835074543952942,0.17463940382003784,0,0
81,RIGHT_EYE_INNER,0.58491051197052,0.48341912031173706,0.17410466074943542,0,0
81,RIGHT_EYE,0.5866499543190002,0.48321664333343506,0.17411047220230103,0,0
81,RIGHT_EYE_OUTER,0.5883437991142273,0.4831627607345581,0.1740751564502716,0,0
81,LEFT_EAR,0.5739832520484924,0.4881005883216858,0.10872786492109299,0,0
81,RIGHT_EAR,0.5921153426170349,0.4888974130153656,0.10103417187929153,0,0
81,MOUTH_LEFT,0.5798168182373047,0.4986441135406494,0.16983745992183685,0,0
81,MOUTH_RIGHT,0.5852416157722473,0.49923965334892273,0.16873995959758759,0,0
81,LEFT_SHOULDER,0.5529256463050842,0.5410576462745667,0.0742017850279808,0,0
81,RIGHT_SHOULDER,0.607857882976532,0.5471349358558655,0.052054513245821,0,0
81,LEFT_ELBOW,0.5498940348625183,0.6116809248924255,0.1122051551938057,0,0
81,RIGHT_ELBOW,0.5982206463813782,0.6156516075134277,0.09854917973279953,0,0
81,LEFT_WRIST,0.5631746053695679,0.63228839635849,0.21063417196273804,0,0
81,RIGHT_WRIST,0.5844280123710632,0.6294751167297363,0.18604247272014618,0,0
81,LEFT_PINKY,0.5644153356552124,0.6388999819755554,0.222202867269516,0,0
81,RIGHT_PINKY,0.5825027823448181,0.6337012052536011,0.19718194007873535,0,0
81,LEFT_INDEX,0.5703637003898621,0.6342949867248535,0.2197725772857666,0,0
81,RIGHT_INDEX,0.5783752202987671,0.6256694197654724,0.19617502391338348,0,0
81,LEFT_THUMB,0.5717546939849854,0.6317813396453857,0.21148456633090973,0,0
81,RIGHT_THUMB,0.5770387649536133,0.6222606897354126,0.18748372793197632,0,0
81,LEFT_HIP,0.5589100122451782,0.6873854994773865,0.019150901585817337,0,0
81,RIGHT_HIP,0.5913597345352173,0.6896355748176575,-0.019171597436070442,0,0
81,LEFT_KNEE,0.5497053861618042,0.7813433408737183,0.037715788930654526,0,0
81,RIGHT_KNEE,0.6051976680755615,0.7999236583709717,0.012812063097953796,0,0
81,LEFT_ANKLE,0.5398213267326355,0.8887521624565125,0.04398972913622856,0,0
81,RIGHT_ANKLE,0.6097268462181091,0.9216756820678711,0.005982269532978535,0,0
81,LEFT_HEEL,0.5408251881599426,0.9080587029457092,0.045068901032209396,0,0
81,RIGHT_HEEL,0.604643702507019,0.9414335489273071,0.005373033229261637,0,0
81,LEFT_FOOT_INDEX,0.5458235144615173,0.8948935866355896,0.03540158271789551,0,0
81,RIGHT_FOOT_INDEX,0.632375180721283,0.9299041628837585,-0.0089052002876997,0,0
82,NOSE,0.5807297229766846,0.49072808027267456,0.18946629762649536,0,0
82,LEFT_EYE_INNER,0.5784488320350647,0.4826672673225403,0.17077308893203735,0,0
82,LEFT_EYE,0.576745867729187,0.48253998160362244,0.17078837752342224,0,0
82,LEFT_EYE_OUTER,0.5749741792678833,0.482529878616333,0.17074693739414215,0,0
82,RIGHT_EYE_INNER,0.5832726955413818,0.48249173164367676,0.17089714109897614,0,0
82,RIGHT_EYE,0.5849462151527405,0.48227787017822266,0.17090554535388947,0,0
82,RIGHT_EYE_OUTER,0.5866157412528992,0.4821884036064148,0.17086809873580933,0,0
82,LEFT_EAR,0.572844922542572,0.4870429039001465,0.09982993453741074,0,0
82,RIGHT_EAR,0.5905160307884216,0.48777398467063904,0.09776172041893005,0,0
82,MOUTH_LEFT,0.578475832939148,0.4977737367153168,0.16632896661758423,0,0
82,MOUTH_RIGHT,0.58353191614151,0.49840444326400757,0.16617566347122192,0,0
82,LEFT_SHOULDER,0.5518091917037964,0.5401979684829712,0.06231850013136864,0,0
82,RIGHT_SHOULDER,0.6069323420524597,0.5466118454933167,0.05077916756272316,0,0
82,LEFT_ELBOW,0.5475005507469177,0.6116920113563538,0.10471773147583008,0,0
82,RIGHT_ELBOW,0.5973122119903564,0.6161760091781616,0.09303797781467438,0,0
82,LEFT_WRIST,0.560227632522583,0.6310190558433533,0.20571599900722504,0,0
82,RIGHT_WRIST,0.5847550630569458,0.6313391923904419,0.1734452098608017,0,0
82,LEFT_PINKY,0.5614900588989258,0.6375234723091125,0.22106917202472687,0,0
82,RIGHT_PINKY,0.5828260779380798,0.6378983855247498,0.1844998002052307,0,0
82,LEFT_INDEX,0.5672585964202881,0.632897138595581,0.21668410301208496,0,0
82,RIGHT_INDEX,0.5789574384689331,0.6302705407142639,0.18418164551258087,0,0
82,LEFT_THUMB,0.5686389803886414,0.6303268074989319,0.20934581756591797,0,0
82,RIGHT_THUMB,0.5777290463447571,0.625856876373291,0.17506104707717896,0,0
82,LEFT_HIP,0.5582022070884705,0.6876139044761658,0.016495170071721077,0,0
82,RIGHT_HIP,0.5902296304702759,0.6899104714393616,-0.01653228886425495,0,0
82,LEFT_KNEE,0.5484858751296997,0.7824456691741943,0.031204622238874435,0,0
82,RIGHT_KNEE,0.6043093800544739,0.8001561760902405,0.015075389295816422,0,0
82,LEFT_ANKLE,0.5400406718254089,0.8899320960044861,0.034005168825387955,0,0
82,RIGHT_ANKLE,0.6095200777053833,0.9221324920654297,0.007697578053921461,0,0
82,LEFT_HEEL,0.5408595204353333,0.9091646671295166,0.034994833171367645,0,0
82,RIGHT_HEEL,0.6046111583709717,0.9419708847999573,0.007238170597702265,0,0
82,LEFT_FOOT_INDEX,0.5449784994125366,0.8948261737823486,0.027021151036024094,0,0
82,RIGHT_FOOT_INDEX,0.6322380304336548,0.9296755790710449,-0.004040937405079603,0,0
83,NOSE,0.5797642469406128,0.4897698760032654,0.1871035099029541,0,0
83,LEFT_EYE_INNER,0.5774393677711487,0.48172318935394287,0.16870561242103577,0,0
83,LEFT_EYE,0.5756744742393494,0.4815903902053833,0.1687236726284027,0,0
83,LEFT_EYE_OUTER,0.5738504528999329,0.48155438899993896,0.16868561506271362,0,0
83,RIGHT_EYE_INNER,0.5824022889137268,0.4814837872982025,0.16842412948608398,0,0
83,RIGHT_EYE,0.5840467810630798,0.48121580481529236,0.168434277176857,0,0
83,RIGHT_EYE_OUTER,0.5856796503067017,0.4810790419578552,0.1683969497680664,0,0
83,LEFT_EAR,0.5716009140014648,0.48589009046554565,0.09803581237792969,0,0
83,RIGHT_EAR,0.5893738865852356,0.48654747009277344,0.09579972922801971,0,0
83,MOUTH_LEFT,0.5774984955787659,0.49672365188598633,0.16473545134067535,0,0
83,MOUTH_RIGHT,0.5825912952423096,0.4972207546234131,0.1641673445701599,0,0
83,LEFT_SHOULDER,0.5506144762039185,0.5394084453582764,0.06504634767770767,0,0
83,RIGHT_SHOULDER,0.6064766049385071,0.5463778972625732,0.04792302846908569,0,0
83,LEFT_ELBOW,0.5446012616157532,0.6117089986801147,0.10578325390815735,0,0
83,RIGHT_ELBOW,0.5968158841133118,0.6169469356536865,0.09878058731555939,0,0
83,LEFT_WRIST,0.5598788857460022,0.6314905881881714,0.20816545188426971,0,0
83,RIGHT_WRIST,0.5853961706161499,0.6415327787399292,0.19881486892700195,0,0
83,LEFT_PINKY,0.5594645142555237,0.6408597230911255,0.22120985388755798,0,0
83,RIGHT_PINKY,0.5836538672447205,0.6495198607444763,0.21252450346946716,0,0
83,LEFT_INDEX,0.5650795698165894,0.6368987560272217,0.21856459975242615,0,0
83,RIGHT_INDEX,0.5799217820167542,0.6425468325614929,0.2119547575712204,0,0
83,LEFT_THUMB,0.5661703944206238,0.6336022615432739,0.20968790352344513,0,0
83,RIGHT_THUMB,0.5786969065666199,0.6377130746841431,0.20104597508907318,0,0
83,LEFT_HIP,0.5576184391975403,0.6875528693199158,0.018700966611504555,0,0
83,RIGHT_HIP,0.5891162753105164,0.6898444890975952,-0.018753720447421074,0,0
83,LEFT_KNEE,0.5482321381568909,0.7826129198074341,0.038867149502038956,0,0
83,RIGHT_KNEE,0.603491485118866,0.8002029061317444,0.014002466574311256,0,0
83,LEFT_ANKLE,0.5401788949966431,0.8895156979560852,0.043466947972774506,0,0
83,RIGHT_ANKLE,0.6092891097068787,0.9221550822257996,0.0062176925130188465,0,0
83,LEFT_HEEL,0.5408888459205627,0.9087047576904297,0.0446353554725647,0,0
83,RIGHT_HEEL,0.6044439077377319,0.9421108961105347,0.005872187204658985,0,0
83,LEFT_FOOT_INDEX,0.5446927547454834,0.8947990536689758,0.03726226091384888,0,0
83,RIGHT_FOOT_INDEX,0.6322539448738098,0.9294262528419495,-0.004002111963927746,0,0
84,NOSE,0.5796483755111694,0.4887133538722992,0.19276683032512665,0,0
84,LEFT_EYE_INNER,0.5773249864578247,0.4808417558670044,0.1744869500398636,0,0
84,LEFT_EYE,0.5755274295806885,0.48075488209724426,0.17451144754886627,0,0
84,LEFT_EYE_OUTER,0.573657751083374,0.4807496666908264,0.1744747906923294,0,0
84,RIGHT_EYE_INNER,0.5822697877883911,0.48047271370887756,0.17394034564495087,0,0
84,RIGHT_EYE,0.5838354825973511,0.4801500737667084,0.17395132780075073,0,0
84,RIGHT_EYE_OUTER,0.585468590259552,0.47995683550834656,0.17391818761825562,0,0
84,LEFT_EAR,0.5711406469345093,0.4851451814174652,0.10213340818881989,0,0
84,RIGHT_EAR,0.5889400243759155,0.48572513461112976,0.09961723536252975,0,0
84,MOUTH_LEFT,0.5773977041244507,0.49572616815567017,0.1700962632894516,0,0
84,MOUTH_RIGHT,0.5824292302131653,0.49608373641967773,0.16914844512939453,0,0
84,LEFT_SHOULDER,0.5496533513069153,0.5395731329917908,0.06637611240148544,0,0
84,RIGHT_SHOULDER,0.6056030988693237,0.545900821685791,0.048449236899614334,0,0
84,LEFT_ELBOW,0.5431789755821228,0.6125031113624573,0.10873119533061981,0,0
84,RIGHT_ELBOW,0.596979558467865,0.6187386512756348,0.09885700792074203,0,0
84,LEFT_WRIST,0.5584408640861511,0.6388430595397949,0.19221995770931244,0,0
84,RIGHT_WRIST,0.5854818224906921,0.650036633014679,0.19606433808803558,0,0
84,LEFT_PINKY,0.5599457621574402,0.6517941355705261,0.20239616930484772,0,0
84,RIGHT_PINKY,0.5834434628486633,0.6585035920143127,0.2085084468126297,0,0
84,LEFT_INDEX,0.5634896755218506,0.6432883143424988,0.2013346403837204,0,0
84,RIGHT_INDEX,0.5794929265975952,0.6513776779174805,0.20703838765621185,0,0
84,LEFT_THUMB,0.563135027885437,0.6407380104064941,0.19334153831005096,0,0
84,RIGHT_THUMB,0.5784246921539307,0.6462156772613525,0.19769670069217682,0,0
84,LEFT_HIP,0.557064414024353,0.6875888109207153,0.019488627091050148,0,0
84,RIGHT_HIP,0.5882724523544312,0.6898638010025024,-0.019554143771529198,0,0
84,LEFT_KNEE,0.5482047200202942,0.7825853824615479,0.0453246645629406,0,0
84,RIGHT_KNEE,0.603023111820221,0.8002150654792786,0.014848679304122925,0,0
84,LEFT_ANKLE,0.540083110332489,0.8890552520751953,0.05521930754184723,0,0
84,RIGHT_ANKLE,0.6090351343154907,0.9221440553665161,0.015649152919650078,0,0
84,LEFT_HEEL,0.540874719619751,0.908065676689148,0.05831903591752052,0,0
84,RIGHT_HEEL,0.6042773127555847,0.9421105980873108,0.01634572632610798,0,0
84,LEFT_FOOT_INDEX,0.5450518727302551,0.8947551250457764,0.05270816385746002,0,0
84,RIGHT_FOOT_INDEX,0.6322217583656311,0.9289236664772034,0.006377848330885172,0,0
85,NOSE,0.5780481696128845,0.4878150522708893,0.191789910197258,0,0
85,LEFT_EYE_INNER,0.575664758682251,0.48000454902648926,0.1737540364265442,0,0
85,LEFT_EYE,0.5738670825958252,0.4799679219722748,0.1737835556268692,0,0
85,LEFT_EYE_OUTER,0.5720425248146057,0.4800030291080475,0.17374983429908752,0,0
85,RIGHT_EYE_INNER,0.5807698965072632,0.4794432520866394,0.17308862507343292,0,0
85,RIGHT_EYE,0.5824344158172607,0.47905194759368896,0.17309702932834625,0,0
85,RIGHT_EYE_OUTER,0.5840919017791748,0.4788002371788025,0.17306192219257355,0,0
85,LEFT_EAR,0.5697658658027649,0.48442569375038147,0.10288691520690918,0,0
85,RIGHT_EAR,0.587699830532074,0.48449745774269104,0.10002438724040985,0,0
85,MOUTH_LEFT,0.5757208466529846,0.4950622618198395,0.1697940230369568,0,0
85,MOUTH_RIGHT,0.5810256600379944,0.4952050745487213,0.16870072484016418,0,0
85,LEFT_SHOULDER,0.5490595698356628,0.5392893552780151,0.0683383122086525,0,0
85,RIGHT_SHOULDER,0.6052241921424866,0.544377326965332,0.048112332820892334,0,0
85,LEFT_ELBOW,0.5405533909797668,0.6124850511550903,0.11510301381349564,0,0
85,RIGHT_ELBOW,0.5971463918685913,0.6189894676208496,0.10129308700561523,0,0
85,LEFT_WRIST,0.5567383170127869,0.6383776664733887,0.20572234690189362,0,0
85,RIGHT_WRIST,0.5864633917808533,0.6490404009819031,0.20947255194187164,0,0
85,LEFT_PINKY,0.5596718192100525,0.650286853313446,0.2181052565574646,0,0
85,RIGHT_PINKY,0.5837910175323486,0.6579488515853882,0.2243756800889969,0,0
85,LEFT_INDEX,0.5626407861709595,0.6462014317512512,0.21735230088233948,0,0
85,RIGHT_INDEX,0.5802660584449768,0.6509261131286621,0.22366978228092194,0,0
85,LEFT_THUMB,0.5619961023330688,0.643157422542572,0.20720429718494415,0,0
85,RIGHT_THUMB,0.5794565677642822,0.6459620594978333,0.2118542194366455,0,0
85,LEFT_HIP,0.5566864013671875,0.6871827244758606,0.020390398800373077,0,0
85,RIGHT_HIP,0.5877755284309387,0.6892587542533875,-0.020453060045838356,0,0
85,LEFT_KNEE,0.5478708744049072,0.7825965881347656,0.043714843690395355,0,0
85,RIGHT_KNEE,0.6030449271202087,0.8000770211219788,0.014562508091330528,0,0
85,LEFT_ANKLE,0.5399621725082397,0.8886361122131348,0.0517786368727684,0,0
85,RIGHT_ANKLE,0.6083020567893982,0.922141969203949,0.013333502225577831,0,0
85,LEFT_HEEL,0.5407555103302002,0.9077014327049255,0.05402190983295441,0,0
85,RIGHT_HEEL,0.6034647822380066,0.942242443561554,0.013863100670278072,0,0
85,LEFT_FOOT_INDEX,0.5452771782875061,0.8944831490516663,0.05063779652118683,0,0
85,RIGHT_FOOT_INDEX,0.6319498419761658,0.9286419749259949,0.00670001981779933,0,0
86,NOSE,0.5786302089691162,0.4879027307033539,0.1911933273077011,0,0
86,LEFT_EYE_INNER,0.5762195587158203,0.4798458516597748,0.17328648269176483,0,0
86,LEFT_EYE,0.5743768215179443,0.47984233498573303,0.1733235865831375,0,0
86,LEFT_EYE_OUTER,0.5724919438362122,0.47990936040878296,0.17329226434230804,0,0
86,RIGHT_EYE_INNER,0.5812886357307434,0.47921329736709595,0.17226512730121613,0,0
86,RIGHT_EYE,0.5828298926353455,0.4787973463535309,0.17227371037006378,0,0
86,RIGHT_EYE_OUTER,0.5844398140907288,0.4785216152667999,0.1722409725189209,0,0
86,LEFT_EAR,0.5698735117912292,0.48431724309921265,0.10324537754058838,0,0
86,RIGHT_EAR,0.5877154469490051,0.4842131435871124,0.09895025938749313,0,0
86,MOUTH_LEFT,0.57619708776474,0.4952180087566376,0.16953711211681366,0,0
86,MOUTH_RIGHT,0.5814158320426941,0.49536699056625366,0.16801317036151886,0,0
86,LEFT_SHOULDER,0.5484937429428101,0.5395272374153137,0.07519929111003876,0,0
86,RIGHT_SHOULDER,0.6049852967262268,0.5446599125862122,0.04539084807038307,0,0
86,LEFT_ELBOW,0.5381038188934326,0.6128926873207092,0.1271345466375351,0,0
86,RIGHT_ELBOW,0.5981340408325195,0.6213873624801636,0.0930904969573021,0,0
86,LEFT_WRIST,0.5559776425361633,0.6379091143608093,0.21836991608142853,0,0
86,RIGHT_WRIST,0.5911387205123901,0.6547868251800537,0.1913190633058548,0,0
86,LEFT_PINKY,0.5592800974845886,0.6490153074264526,0.23108863830566406,0,0
86,RIGHT_PINKY,0.5864973068237305,0.6695801615715027,0.20428016781806946,0,0
86,LEFT_INDEX,0.5621803402900696,0.646015465259552,0.22999903559684753,0,0
86,RIGHT_INDEX,0.5848387479782104,0.661329448223114,0.2028362900018692,0,0
86,LEFT_THUMB,0.5615700483322144,0.6410688161849976,0.2196284830570221,0,0
86,RIGHT_THUMB,0.5840470194816589,0.6555031538009644,0.19329126179218292,0,0
86,LEFT_HIP,0.5562174320220947,0.686697781085968,0.02358665131032467,0,0
86,RIGHT_HIP,0.5869705080986023,0.689037561416626,-0.023617403581738472,0,0
86,LEFT_KNEE,0.5478696227073669,0.782590389251709,0.045856501907110214,0,0
86,RIGHT_KNEE,0.6032806038856506,0.7999606728553772,0.013856026344001293,0,0
86,LEFT_ANKLE,0.5400485396385193,0.8883710503578186,0.05270991101861,0,0
86,RIGHT_ANKLE,0.6072073578834534,0.9220629930496216,0.008594195358455181,0,0
86,LEFT_HEEL,0.5407748818397522,0.907439649105072,0.05446244031190872,0,0
86,RIGHT_HEEL,0.6018246412277222,0.9422234892845154,0.008703963831067085,0,0
86,LEFT_FOOT_INDEX,0.5454976558685303,0.8944824934005737,0.050904564559459686,0,0
86,RIGHT_FOOT_INDEX,0.6314180493354797,0.9286534786224365,0.00010133906471310183,0,0
87,NOSE,0.5780348181724548,0.48634734749794006,0.14637309312820435,0,0
87,LEFT_EYE_INNER,0.5756547451019287,0.4784180223941803,0.12745127081871033,0,0
87,LEFT_EYE,0.5738286375999451,0.4784335792064667,0.12748438119888306,0,0
87,LEFT_EYE_OUTER,0.5719408392906189,0.4785183370113373,0.12745623290538788,0,0
87,RIGHT_EYE_INNER,0.5807862877845764,0.47790831327438354,0.12561069428920746,0,0
87,RIGHT_EYE,0.5823404788970947,0.47756144404411316,0.12563298642635345,0,0
87,RIGHT_EYE_OUTER,0.5839887261390686,0.477334201335907,0.12559136748313904,0,0
87,LEFT_EAR,0.5694356560707092,0.4830196797847748,0.06031251698732376,0,0
87,RIGHT_EAR,0.587395966053009,0.48316267132759094,0.05258198454976082,0,0
87,MOUTH_LEFT,0.575557291507721,0.49389031529426575,0.12655524909496307,0,0
87,MOUTH_RIGHT,0.5808365941047668,0.49390745162963867,0.12411810457706451,0,0
87,LEFT_SHOULDER,0.5486142635345459,0.5397301912307739,0.047222334891557693,0,0
87,RIGHT_SHOULDER,0.6047908663749695,0.5445370078086853,-0.0017197843408212066,0,0
87,LEFT_ELBOW,0.536777913570404,0.6134968400001526,0.10531909763813019,0,0
87,RIGHT_ELBOW,0.6013125777244568,0.6235308051109314,0.033255595713853836,0,0
87,LEFT_WRIST,0.5573467016220093,0.6346798539161682,0.1896955817937851,0,0
87,RIGHT_WRIST,0.5993456244468689,0.6709023118019104,0.10412948578596115,0,0
87,LEFT_PINKY,0.560965359210968,0.643339216709137,0.20175138115882874,0,0
87,RIGHT_PINKY,0.5971390604972839,0.6908921599388123,0.11215204745531082,0,0
87,LEFT_INDEX,0.564007580280304,0.6427278518676758,0.19860394299030304,0,0
87,RIGHT_INDEX,0.5947116017341614,0.6869049072265625,0.11075805872678757,0,0
87,LEFT_THUMB,0.5632699131965637,0.6359492540359497,0.19020770490169525,0,0
87,RIGHT_THUMB,0.5944576859474182,0.6791261434555054,0.10589735954999924,0,0
87,LEFT_HIP,0.5564440488815308,0.686847984790802,0.0271597970277071,0,0
87,RIGHT_HIP,0.5870334506034851,0.6893423199653625,-0.027189793065190315,0,0
87,LEFT_KNEE,0.5480386018753052,0.7825162410736084,0.07000910490751266,0,0
87,RIGHT_KNEE,0.603455126285553,0.8000068068504333,0.014790939167141914,0,0
87,LEFT_ANKLE,0.5400895476341248,0.8883295059204102,0.10569825023412704,0,0
87,RIGHT_ANKLE,0.60530686378479,0.9221168160438538,0.03002098575234413,0,0
87,LEFT_HEEL,0.5407425761222839,0.907387912273407,0.1102098599076271,0,0
87,RIGHT_HEEL,0.5989677309989929,0.9423967599868774,0.03253057226538658,0,0
87,LEFT_FOOT_INDEX,0.5457068681716919,0.8944237232208252,0.10663192719221115,0,0
87,RIGHT_FOOT_INDEX,0.6284744739532471,0.9289355278015137,0.023132631555199623,0,0
88,NOSE,0.5784776210784912,0.4860931932926178,0.13664181530475616,0,0
88,LEFT_EYE_INNER,0.5760284066200256,0.47806599736213684,0.11789986491203308,0,0
88,LEFT_EYE,0.574225127696991,0.4780465066432953,0.11792153865098953,0,0
88,LEFT_EYE_OUTER,0.5723370313644409,0.47809696197509766,0.11790276318788528,0,0
88,RIGHT_EYE_INNER,0.5810431241989136,0.47763875126838684,0.11467419564723969,0,0
88,RIGHT_EYE,0.5825673341751099,0.4773179292678833,0.1147007942199707,0,0
88,RIGHT_EYE_OUTER,0.5842428207397461,0.4771047532558441,0.11464086174964905,0,0
88,LEFT_EAR,0.5696697235107422,0.4825609624385834,0.051366500556468964,0,0
88,RIGHT_EAR,0.5873530507087708,0.4828561246395111,0.03734381124377251,0,0
88,MOUTH_LEFT,0.5760003924369812,0.49370524287223816,0.11706218123435974,0,0
88,MOUTH_RIGHT,0.5811554193496704,0.49370115995407104,0.1128477230668068,0,0
88,LEFT_SHOULDER,0.5486950278282166,0.5398509502410889,0.04103510081768036,0,0
88,RIGHT_SHOULDER,0.6046885848045349,0.5445378422737122,-0.021402418613433838,0,0
88,LEFT_ELBOW,0.5358473658561707,0.6146828532218933,0.08562247455120087,0,0
88,RIGHT_ELBOW,0.6036643385887146,0.6247791051864624,-0.005373009480535984,0,0
88,LEFT_WRIST,0.5581308007240295,0.6353287100791931,0.13737119734287262,0,0
88,RIGHT_WRIST,0.6054846048355103,0.6771565079689026,0.03698049113154411,0,0
88,LEFT_PINKY,0.561870813369751,0.6430040001869202,0.1452605128288269,0,0
88,RIGHT_PINKY,0.6047137975692749,0.6974970698356628,0.038991041481494904,0,0
88,LEFT_INDEX,0.5651715397834778,0.6415625214576721,0.13945694267749786,0,0
88,RIGHT_INDEX,0.602482259273529,0.6929770112037659,0.03966960683465004,0,0
88,LEFT_THUMB,0.56426602602005,0.6361029744148254,0.13606557250022888,0,0
88,RIGHT_THUMB,0.6021081209182739,0.6863321661949158,0.038985587656497955,0,0
88,LEFT_HIP,0.5567663311958313,0.6877619028091431,0.03169272094964981,0,0
88,RIGHT_HIP,0.5873756408691406,0.6903677582740784,-0.03175511211156845,0,0
88,LEFT_KNEE,0.5481778383255005,0.7826571464538574,0.07638227939605713,0,0
88,RIGHT_KNEE,0.6036995053291321,0.80026775598526,0.013687115162611008,0,0
88,LEFT_ANKLE,0.5401071310043335,0.8881709575653076,0.11342816799879074,0,0
88,RIGHT_ANKLE,0.602956235408783,0.9221280813217163,0.031328681856393814,0,0
88,LEFT_HEEL,0.5406826138496399,0.9073206186294556,0.11754437536001205,0,0
88,RIGHT_HEEL,0.5964595675468445,0.942465603351593,0.03394447639584541,0,0
88,LEFT_FOOT_INDEX,0.5458366870880127,0.8945013880729675,0.1115204319357872,0,0
88,RIGHT_FOOT_INDEX,0.6255185008049011,0.9301523566246033,0.02056233026087284,0,0
