frame_number,landmark,x,y,z,action,label
0,NOSE,0.6335976719856262,0.5126636028289795,-0.16840071976184845,[],0
0,LEFT_EYE_INNER,0.6350386738777161,0.5050134062767029,-0.15936686098575592,[],0
0,LEFT_EYE,0.6363879442214966,0.5051624774932861,-0.15941506624221802,[],0
0,LEFT_EYE_OUTER,0.6377207040786743,0.5053675174713135,-0.1594363898038864,[],0
0,RIGHT_EYE_INNER,0.6303734183311462,0.5045857429504395,-0.1657981276512146,[],0
0,RIGHT_EYE,0.6282433867454529,0.5045925378799438,-0.16580834984779358,[],0
0,RIGHT_EYE_OUTER,0.6257985234260559,0.5044591426849365,-0.16580219566822052,[],0
0,LEFT_EAR,0.6367717385292053,0.5096721053123474,-0.09201731532812119,[],0
0,RIGHT_EAR,0.618994414806366,0.5073138475418091,-0.12254321575164795,[],0
0,MOUTH_LEFT,0.6347262859344482,0.5215212106704712,-0.141627699136734,[],0
0,MOUTH_RIGHT,0.6289038062095642,0.5210755467414856,-0.15031678974628448,[],0
0,LEFT_SHOULDER,0.6439343690872192,0.5526171922683716,-0.037535570561885834,[],0
0,RIGHT_SHOULDER,0.5993095636367798,0.5603995323181152,-0.07824765145778656,[],0
0,LEFT_ELBOW,0.6538835167884827,0.6165425181388855,-0.006966178305447102,[],0
0,RIGHT_ELBOW,0.5832017064094543,0.6210159063339233,-0.06293579936027527,[],0
0,LEFT_WRIST,0.6724659204483032,0.6567088961601257,-0.07897491753101349,[],0
0,RIGHT_WRIST,0.5594030022621155,0.6680201888084412,-0.1164538562297821,[],0
0,LEFT_PINKY,0.6793943047523499,0.66651451587677,-0.09509075433015823,[],0
0,RIGHT_PINKY,0.5509180426597595,0.6756365895271301,-0.13207310438156128,[],0
0,LEFT_INDEX,0.6799234747886658,0.6647730469703674,-0.11674021929502487,[],0
0,RIGHT_INDEX,0.5501860976219177,0.6747639775276184,-0.15474160015583038,[],0
0,LEFT_THUMB,0.6773297786712646,0.6621012091636658,-0.09015928208827972,[],0
0,RIGHT_THUMB,0.5535591840744019,0.6737015843391418,-0.12710554897785187,[],0
0,LEFT_HIP,0.6289386749267578,0.6927054524421692,0.013856770470738411,[],0
0,RIGHT_HIP,0.6003929376602173,0.6880847811698914,-0.013840267434716225,[],0
0,LEFT_KNEE,0.6382119655609131,0.7793127298355103,-0.008012323640286922,[],0
0,RIGHT_KNEE,0.5832974314689636,0.7808619141578674,-0.03639620169997215,[],0
0,LEFT_ANKLE,0.6341143846511841,0.8658486008644104,0.06289678066968918,[],0
0,RIGHT_ANKLE,0.5807249546051025,0.8672351837158203,0.042995698750019073,[],0
0,LEFT_HEEL,0.6282210946083069,0.8801115155220032,0.06614604592323303,[],0
0,RIGHT_HEEL,0.5820544362068176,0.8740297555923462,0.04727565869688988,[],0
0,LEFT_FOOT_INDEX,0.6527639031410217,0.8932741284370422,0.007971836254000664,[],0
0,RIGHT_FOOT_INDEX,0.5807379484176636,0.9046000838279724,-0.017117291688919067,[],0
1,NOSE,0.6320704221725464,0.5123547315597534,-0.19502262771129608,0,0
1,LEFT_EYE_INNER,0.632836103439331,0.5039753913879395,-0.18500271439552307,0,0
1,LEFT_EYE,0.6339959502220154,0.5038910508155823,-0.18505199253559113,0,0
1,LEFT_EYE_OUTER,0.6351723074913025,0.5037797093391418,-0.1850781887769699,0,0
1,RIGHT_EYE_INNER,0.6285427808761597,0.5039933323860168,-0.19127413630485535,0,0
1,RIGHT_EYE,0.6263088583946228,0.5041154026985168,-0.19128814339637756,0,0
1,RIGHT_EYE_OUTER,0.6238892078399658,0.5041651129722595,-0.19128720462322235,0,0
1,LEFT_EAR,0.6343704462051392,0.5069947242736816,-0.11213375627994537,0,0
1,RIGHT_EAR,0.6169577240943909,0.507300078868866,-0.14162969589233398,0,0
1,MOUTH_LEFT,0.6333025097846985,0.5212060809135437,-0.16614870727062225,0,0
1,MOUTH_RIGHT,0.6278595328330994,0.5210155248641968,-0.17460687458515167,0,0
1,LEFT_SHOULDER,0.6432130932807922,0.5498095154762268,-0.05129891633987427,0,0
1,RIGHT_SHOULDER,0.5978108048439026,0.5610160827636719,-0.09143999963998795,0,0
1,LEFT_ELBOW,0.6529580354690552,0.6151793599128723,-0.013096591457724571,0,0
1,RIGHT_ELBOW,0.580367922782898,0.6209090948104858,-0.07457569241523743,0,0
1,LEFT_WRIST,0.6704823970794678,0.6562787294387817,-0.07999490201473236,0,0
1,RIGHT_WRIST,0.5538920164108276,0.663831889629364,-0.12499538064002991,0,0
1,LEFT_PINKY,0.6776100397109985,0.6653949022293091,-0.09544748812913895,0,0
1,RIGHT_PINKY,0.5443150401115417,0.6709297895431519,-0.14017871022224426,0,0
1,LEFT_INDEX,0.6784666180610657,0.6642260551452637,-0.11745145171880722,0,0
1,RIGHT_INDEX,0.5441303849220276,0.6692510843276978,-0.16362348198890686,0,0
1,LEFT_THUMB,0.6759073138237,0.6616827249526978,-0.09114038199186325,0,0
1,RIGHT_THUMB,0.5479511618614197,0.6679407954216003,-0.1360427588224411,0,0
1,LEFT_HIP,0.6282187700271606,0.6916170120239258,0.013883120380342007,0,0
1,RIGHT_HIP,0.5997937321662903,0.6869078278541565,-0.013870978727936745,0,0
1,LEFT_KNEE,0.6374289989471436,0.7794612646102905,0.001495085540227592,0,0
1,RIGHT_KNEE,0.5837621092796326,0.7801929712295532,-0.014339420013129711,0,0
1,LEFT_ANKLE,0.6340456008911133,0.8650021553039551,0.09986735135316849,0,0
1,RIGHT_ANKLE,0.5810650587081909,0.8669689893722534,0.07993844151496887,0,0
1,LEFT_HEEL,0.6282236576080322,0.8793274760246277,0.10618988424539566,0,0
1,RIGHT_HEEL,0.5820707678794861,0.8737994432449341,0.08582289516925812,0,0
1,LEFT_FOOT_INDEX,0.6527771353721619,0.893036425113678,0.04730405658483505,0,0
1,RIGHT_FOOT_INDEX,0.5813215970993042,0.9038164615631104,0.017999159172177315,0,0
2,NOSE,0.6288927793502808,0.5120571851730347,-0.18511931598186493,0,0
2,LEFT_EYE_INNER,0.629569411277771,0.5030457377433777,-0.1754351109266281,0,0
2,LEFT_EYE,0.6305551528930664,0.5028045773506165,-0.17548400163650513,0,0
2,LEFT_EYE_OUTER,0.6316589117050171,0.5024905800819397,-0.17550747096538544,0,0
2,RIGHT_EYE_INNER,0.6255415678024292,0.5033226013183594,-0.18193036317825317,0,0
2,RIGHT_EYE,0.6234540343284607,0.5035083889961243,-0.18194128572940826,0,0
2,RIGHT_EYE_OUTER,0.6213759183883667,0.5036852955818176,-0.18193793296813965,0,0
2,LEFT_EAR,0.6313202381134033,0.504859983921051,-0.10526881366968155,0,0
2,RIGHT_EAR,0.614648163318634,0.5070329308509827,-0.13636845350265503,0,0
2,MOUTH_LEFT,0.6301994323730469,0.5207637548446655,-0.15736070275306702,0,0
2,MOUTH_RIGHT,0.6248980760574341,0.5206718444824219,-0.16629670560359955,0,0
2,LEFT_SHOULDER,0.6413431763648987,0.5474430322647095,-0.04750115051865578,0,0
2,RIGHT_SHOULDER,0.5948625206947327,0.5608441233634949,-0.08994761854410172,0,0
2,LEFT_ELBOW,0.650684118270874,0.6124514937400818,-0.011908243410289288,0,0
2,RIGHT_ELBOW,0.576072096824646,0.6203487515449524,-0.07345094531774521,0,0
2,LEFT_WRIST,0.6673294901847839,0.6534759402275085,-0.07411781698465347,0,0
2,RIGHT_WRIST,0.5467299222946167,0.6560723185539246,-0.11922962963581085,0,0
2,LEFT_PINKY,0.6746373772621155,0.6623401045799255,-0.08877966552972794,0,0
2,RIGHT_PINKY,0.5369505286216736,0.6615368127822876,-0.1330849528312683,0,0
2,LEFT_INDEX,0.6760380268096924,0.6618505120277405,-0.1106211468577385,0,0
2,RIGHT_INDEX,0.5366081595420837,0.6601865291595459,-0.1570931375026703,0,0
2,LEFT_THUMB,0.673284113407135,0.6593127846717834,-0.08504700660705566,0,0
2,RIGHT_THUMB,0.5411682724952698,0.6595643162727356,-0.13064058125019073,0,0
2,LEFT_HIP,0.6271003484725952,0.6898930072784424,0.014014787040650845,0,0
2,RIGHT_HIP,0.5992527008056641,0.6857941150665283,-0.014008999802172184,0,0
2,LEFT_KNEE,0.6353796720504761,0.7799909114837646,0.005683391820639372,0,0
2,RIGHT_KNEE,0.5850586295127869,0.7800042033195496,-0.011255267076194286,0,0
2,LEFT_ANKLE,0.6342718005180359,0.8629435896873474,0.09910199791193008,0,0
2,RIGHT_ANKLE,0.5815297365188599,0.8666533827781677,0.07494501769542694,0,0
2,LEFT_HEEL,0.6296095252037048,0.8772967457771301,0.10499455034732819,0,0
2,RIGHT_HEEL,0.5820526480674744,0.8728915452957153,0.08012103289365768,0,0
2,LEFT_FOOT_INDEX,0.6528235673904419,0.8928024768829346,0.04763725772500038,0,0
2,RIGHT_FOOT_INDEX,0.5820459127426147,0.9038226008415222,0.01265756692737341,0,0
3,NOSE,0.6279957294464111,0.5118164420127869,-0.18561500310897827,0,0
3,LEFT_EYE_INNER,0.6285781860351562,0.5024550557136536,-0.17651869356632233,0,0
3,LEFT_EYE,0.6295599341392517,0.5021706223487854,-0.1765662580728531,0,0
3,LEFT_EYE_OUTER,0.630720853805542,0.5018094182014465,-0.17659026384353638,0,0
3,RIGHT_EYE_INNER,0.6246411800384521,0.5027244091033936,-0.1825525164604187,0,0
3,RIGHT_EYE,0.6225907802581787,0.5029098391532898,-0.18256698548793793,0,0
3,RIGHT_EYE_OUTER,0.6204982995986938,0.5031309723854065,-0.1825660765171051,0,0
3,LEFT_EAR,0.6303328275680542,0.5038784146308899,-0.10683323442935944,0,0
3,RIGHT_EAR,0.6136550903320312,0.506750762462616,-0.13550445437431335,0,0
3,MOUTH_LEFT,0.6292324066162109,0.5203761458396912,-0.15776251256465912,0,0
3,MOUTH_RIGHT,0.6240394711494446,0.5203908681869507,-0.16595087945461273,0,0
3,LEFT_SHOULDER,0.6403833031654358,0.5457030534744263,-0.048339881002902985,0,0
3,RIGHT_SHOULDER,0.5943971872329712,0.5608285069465637,-0.08766678720712662,0,0
3,LEFT_ELBOW,0.6496869325637817,0.6102772951126099,-0.011804846115410328,0,0
3,RIGHT_ELBOW,0.5752364993095398,0.6200403571128845,-0.07119597494602203,0,0
3,LEFT_WRIST,0.6662747263908386,0.6525554060935974,-0.07433482259511948,0,0
3,RIGHT_WRIST,0.5452641248703003,0.6539115905761719,-0.1191432923078537,0,0
3,LEFT_PINKY,0.6734627485275269,0.6611250638961792,-0.0888112485408783,0,0
3,RIGHT_PINKY,0.5354380011558533,0.6592053174972534,-0.13280947506427765,0,0
3,LEFT_INDEX,0.6750083565711975,0.6610338091850281,-0.1103949323296547,0,0
3,RIGHT_INDEX,0.5351898074150085,0.6578184366226196,-0.15691444277763367,0,0
3,LEFT_THUMB,0.6722614765167236,0.6585708260536194,-0.08514127880334854,0,0
3,RIGHT_THUMB,0.539715051651001,0.6572478413581848,-0.13041268289089203,0,0
3,LEFT_HIP,0.6264423727989197,0.6891894340515137,0.0139811672270298,0,0
3,RIGHT_HIP,0.5988910794258118,0.6853050589561462,-0.013980395160615444,0,0
3,LEFT_KNEE,0.6346914172172546,0.7801855802536011,0.006394075229763985,0,0
3,RIGHT_KNEE,0.5855904221534729,0.7798765897750854,-0.008092078380286694,0,0
3,LEFT_ANKLE,0.6344363689422607,0.8616009950637817,0.10435684025287628,0,0
3,RIGHT_ANKLE,0.5821264982223511,0.8662863969802856,0.08173117786645889,0,0
3,LEFT_HEEL,0.6301817297935486,0.8760312795639038,0.11089888960123062,0,0
3,RIGHT_HEEL,0.5820865631103516,0.8721322417259216,0.08751408010721207,0,0
3,LEFT_FOOT_INDEX,0.6528388857841492,0.8927052021026611,0.05458595231175423,0,0
3,RIGHT_FOOT_INDEX,0.5824829339981079,0.9036755561828613,0.02121291682124138,0,0
4,NOSE,0.6262671947479248,0.5117061734199524,-0.17417986690998077,0,0
4,LEFT_EYE_INNER,0.6269893646240234,0.5023470520973206,-0.16604678332805634,0,0
4,LEFT_EYE,0.627930760383606,0.5021010637283325,-0.16609512269496918,0,0
4,LEFT_EYE_OUTER,0.6290239691734314,0.5017675757408142,-0.16612251102924347,0,0
4,RIGHT_EYE_INNER,0.6229747533798218,0.5024752616882324,-0.17162801325321198,0,0
4,RIGHT_EYE,0.6209529638290405,0.5025709867477417,-0.17164234817028046,0,0
4,RIGHT_EYE_OUTER,0.6189388036727905,0.502724289894104,-0.17163832485675812,0,0
4,LEFT_EAR,0.6285613179206848,0.5036648511886597,-0.10159005224704742,0,0
4,RIGHT_EAR,0.6121041774749756,0.5063414573669434,-0.127715066075325,0,0
4,MOUTH_LEFT,0.6273934245109558,0.5202805399894714,-0.14816002547740936,0,0
4,MOUTH_RIGHT,0.6220253109931946,0.5201457142829895,-0.1557324379682541,0,0
4,LEFT_SHOULDER,0.6380043029785156,0.543880045413971,-0.046803273260593414,0,0
4,RIGHT_SHOULDER,0.5923704504966736,0.560239851474762,-0.07964830100536346,0,0
4,LEFT_ELBOW,0.646862804889679,0.6064437031745911,-0.01644643396139145,0,0
4,RIGHT_ELBOW,0.5717218518257141,0.6178412437438965,-0.06498266756534576,0,0
4,LEFT_WRIST,0.6627660989761353,0.6475021243095398,-0.07968159019947052,0,0
4,RIGHT_WRIST,0.5418874621391296,0.6493184566497803,-0.11131926625967026,0,0
4,LEFT_PINKY,0.6700054407119751,0.6566221117973328,-0.09385456144809723,0,0
4,RIGHT_PINKY,0.53178870677948,0.6542569398880005,-0.12399100512266159,0,0
4,LEFT_INDEX,0.6714080572128296,0.656365156173706,-0.11437416076660156,0,0
4,RIGHT_INDEX,0.5310609936714172,0.6528518199920654,-0.14654545485973358,0,0
4,LEFT_THUMB,0.6685940027236938,0.6541702747344971,-0.09010103344917297,0,0
4,RIGHT_THUMB,0.5355449914932251,0.6523746848106384,-0.12213481217622757,0,0
4,LEFT_HIP,0.6257571578025818,0.6864317059516907,0.011959265917539597,0,0
4,RIGHT_HIP,0.5984689593315125,0.6838785409927368,-0.01195133663713932,0,0
4,LEFT_KNEE,0.6341801285743713,0.7795265316963196,0.0011481530964374542,0,0
4,RIGHT_KNEE,0.5860350131988525,0.7793769836425781,-0.01198607124388218,0,0
4,LEFT_ANKLE,0.6367696523666382,0.8594180345535278,0.09924690425395966,0,0
4,RIGHT_ANKLE,0.5823865532875061,0.8653709888458252,0.0737471953034401,0,0
4,LEFT_HEEL,0.6329193115234375,0.8728125095367432,0.10903609544038773,0,0
4,RIGHT_HEEL,0.5821142792701721,0.8709421157836914,0.0816035196185112,0,0
4,LEFT_FOOT_INDEX,0.6529886722564697,0.892507016658783,0.0535598024725914,0,0
4,RIGHT_FOOT_INDEX,0.5825785398483276,0.9036058783531189,0.020674938336014748,0,0
5,NOSE,0.6247756481170654,0.5107362866401672,-0.17654266953468323,0,0
5,LEFT_EYE_INNER,0.6254651546478271,0.5014644265174866,-0.1679045855998993,0,0
5,LEFT_EYE,0.6264015436172485,0.5012349486351013,-0.16795247793197632,0,0
5,LEFT_EYE_OUTER,0.6274654865264893,0.5009158253669739,-0.16797833144664764,0,0
5,RIGHT_EYE_INNER,0.6212655305862427,0.5014141201972961,-0.1735757440328598,0,0
5,RIGHT_EYE,0.6191656589508057,0.5014210939407349,-0.17359384894371033,0,0
5,RIGHT_EYE_OUTER,0.6171433329582214,0.5015662312507629,-0.17359034717082977,0,0
5,LEFT_EAR,0.626899778842926,0.502709150314331,-0.10178417712450027,0,0
5,RIGHT_EAR,0.6105112433433533,0.5056131482124329,-0.12865810096263885,0,0
5,MOUTH_LEFT,0.62590491771698,0.5192907452583313,-0.15013740956783295,0,0
5,MOUTH_RIGHT,0.6202695369720459,0.5192357301712036,-0.15784722566604614,0,0
5,LEFT_SHOULDER,0.6356965899467468,0.5428637862205505,-0.04794589802622795,0,0
5,RIGHT_SHOULDER,0.5908488035202026,0.5600454211235046,-0.08051799237728119,0,0
5,LEFT_ELBOW,0.644074559211731,0.6048544049263,-0.022743048146367073,0,0
5,RIGHT_ELBOW,0.5688668489456177,0.6157541871070862,-0.06692325323820114,0,0
5,LEFT_WRIST,0.6606646180152893,0.645247220993042,-0.0914488211274147,0,0
5,RIGHT_WRIST,0.5386348962783813,0.6456423997879028,-0.11234764754772186,0,0
5,LEFT_PINKY,0.6673992872238159,0.6543527841567993,-0.10635225474834442,0,0
5,RIGHT_PINKY,0.5280279517173767,0.650439977645874,-0.1259964406490326,0,0
5,LEFT_INDEX,0.6685336828231812,0.6538867354393005,-0.12667235732078552,0,0
5,RIGHT_INDEX,0.5274308323860168,0.6481658220291138,-0.14845998585224152,0,0
5,LEFT_THUMB,0.6661257147789001,0.6517159342765808,-0.10193555802106857,0,0
5,RIGHT_THUMB,0.5321735143661499,0.6476426720619202,-0.12327844649553299,0,0
5,LEFT_HIP,0.6248162388801575,0.6842262744903564,0.012028028257191181,0,0
5,RIGHT_HIP,0.5980028510093689,0.6828018426895142,-0.012022563256323338,0,0
5,LEFT_KNEE,0.6343356370925903,0.7789328098297119,-0.001827032188884914,0,0
5,RIGHT_KNEE,0.5865639448165894,0.7788458466529846,-0.013647375628352165,0,0
5,LEFT_ANKLE,0.6409657001495361,0.8593226075172424,0.08803535252809525,0,0
5,RIGHT_ANKLE,0.5825280547142029,0.86455237865448,0.0718778669834137,0,0
5,LEFT_HEEL,0.6362065672874451,0.8720706701278687,0.09564268589019775,0,0
5,RIGHT_HEEL,0.58213871717453,0.8699188828468323,0.07568538933992386,0,0
5,LEFT_FOOT_INDEX,0.6542259454727173,0.8924777507781982,0.034948017448186874,0,0
5,RIGHT_FOOT_INDEX,0.5825424194335938,0.9027144908905029,0.005538787227123976,0,0
6,NOSE,0.6234245300292969,0.5112529397010803,-0.17374569177627563,0,0
6,LEFT_EYE_INNER,0.6239382028579712,0.5018178820610046,-0.16545772552490234,0,0
6,LEFT_EYE,0.6248305439949036,0.5015180110931396,-0.16550616919994354,0,0
6,LEFT_EYE_OUTER,0.6258720755577087,0.5010719299316406,-0.16553129255771637,0,0
6,RIGHT_EYE_INNER,0.6197808980941772,0.5017944574356079,-0.17036111652851105,0,0
6,RIGHT_EYE,0.6176989674568176,0.5017647743225098,-0.1703796088695526,0,0
6,RIGHT_EYE_OUTER,0.6156858205795288,0.501889169216156,-0.1703779697418213,0,0
6,LEFT_EAR,0.6250199675559998,0.5029248595237732,-0.10050451755523682,0,0
6,RIGHT_EAR,0.6091927289962769,0.5056852698326111,-0.12335176765918732,0,0
6,MOUTH_LEFT,0.6244093775749207,0.5196593403816223,-0.14763018488883972,0,0
6,MOUTH_RIGHT,0.6188822984695435,0.5196747183799744,-0.1543123722076416,0,0
6,LEFT_SHOULDER,0.6340129971504211,0.5410445928573608,-0.047110166400671005,0,0
6,RIGHT_SHOULDER,0.5897963047027588,0.5597020387649536,-0.07325892895460129,0,0
6,LEFT_ELBOW,0.6419764161109924,0.6036275029182434,-0.0208829864859581,0,0
6,RIGHT_ELBOW,0.5675200819969177,0.6126300692558289,-0.05796276777982712,0,0
6,LEFT_WRIST,0.6587651968002319,0.6440558433532715,-0.08775679767131805,0,0
6,RIGHT_WRIST,0.537245512008667,0.6402246356010437,-0.10609768331050873,0,0
6,LEFT_PINKY,0.6649484038352966,0.6530142426490784,-0.10278790444135666,0,0
6,RIGHT_PINKY,0.5275482535362244,0.6446840763092041,-0.11896800249814987,0,0
6,LEFT_INDEX,0.665939211845398,0.6523107290267944,-0.12371599674224854,0,0
6,RIGHT_INDEX,0.5271192789077759,0.642047643661499,-0.14070837199687958,0,0
6,LEFT_THUMB,0.6639115810394287,0.6500773429870605,-0.09838715940713882,0,0
6,RIGHT_THUMB,0.5307778120040894,0.641538679599762,-0.11660799384117126,0,0
6,LEFT_HIP,0.623796284198761,0.6826497912406921,0.01065626461058855,0,0
6,RIGHT_HIP,0.5969433188438416,0.6816906929016113,-0.010648905299603939,0,0
6,LEFT_KNEE,0.6346157193183899,0.7785753607749939,-0.01131423469632864,0,0
6,RIGHT_KNEE,0.5864385366439819,0.7783835530281067,-0.01574545167386532,0,0
6,LEFT_ANKLE,0.6442578434944153,0.8585664629936218,0.0620599240064621,0,0
6,RIGHT_ANKLE,0.582506000995636,0.8646246790885925,0.045874256640672684,0,0
6,LEFT_HEEL,0.6396694183349609,0.8708168864250183,0.06618417054414749,0,0
6,RIGHT_HEEL,0.5821229815483093,0.8701487183570862,0.048322346061468124,0,0
6,LEFT_FOOT_INDEX,0.6579416394233704,0.8920913338661194,0.0060121132992208,0,0
6,RIGHT_FOOT_INDEX,0.5825338363647461,0.9023182392120361,-0.02016294375061989,0,0
7,NOSE,0.6219722628593445,0.5116592049598694,-0.16420824825763702,0,0
7,LEFT_EYE_INNER,0.6224496960639954,0.5023236274719238,-0.1558510959148407,0,0
7,LEFT_EYE,0.6232960224151611,0.5019659399986267,-0.15590164065361023,0,0
7,LEFT_EYE_OUTER,0.6242815852165222,0.5014482736587524,-0.15592913329601288,0,0
7,RIGHT_EYE_INNER,0.6183287501335144,0.5023888349533081,-0.1603342443704605,0,0
7,RIGHT_EYE,0.6161910891532898,0.5023295283317566,-0.16034527122974396,0,0
7,RIGHT_EYE_OUTER,0.6141538023948669,0.5024626851081848,-0.16033980250358582,0,0
7,LEFT_EAR,0.623494565486908,0.5030811429023743,-0.09185632318258286,0,0
7,RIGHT_EAR,0.6077439188957214,0.5061085820198059,-0.11279091984033585,0,0
7,MOUTH_LEFT,0.6229490637779236,0.5199453830718994,-0.13869759440422058,0,0
7,MOUTH_RIGHT,0.6174052357673645,0.5200928449630737,-0.14480528235435486,0,0
7,LEFT_SHOULDER,0.6324509978294373,0.5412024259567261,-0.046516671776771545,0,0
7,RIGHT_SHOULDER,0.5888110995292664,0.5597580075263977,-0.061271436512470245,0,0
7,LEFT_ELBOW,0.6411744356155396,0.6024562120437622,-0.022062839940190315,0,0
7,RIGHT_ELBOW,0.5663426518440247,0.6106079816818237,-0.04368453845381737,0,0
7,LEFT_WRIST,0.6580548882484436,0.6441816687583923,-0.08885164558887482,0,0
7,RIGHT_WRIST,0.5369316339492798,0.6376990675926208,-0.09166128188371658,0,0
7,LEFT_PINKY,0.663519561290741,0.6530625820159912,-0.10396159440279007,0,0
7,RIGHT_PINKY,0.527673602104187,0.6418681740760803,-0.10398121178150177,0,0
7,LEFT_INDEX,0.6643463969230652,0.6524102091789246,-0.12413252890110016,0,0
7,RIGHT_INDEX,0.5271313786506653,0.6390694975852966,-0.12615425884723663,0,0
7,LEFT_THUMB,0.6626255512237549,0.6500756144523621,-0.09914510697126389,0,0
7,RIGHT_THUMB,0.5306815505027771,0.6387165784835815,-0.10246352106332779,0,0
7,LEFT_HIP,0.6234462857246399,0.6824303865432739,0.006831952836364508,0,0
7,RIGHT_HIP,0.5960204601287842,0.6816704869270325,-0.006823266856372356,0,0
7,LEFT_KNEE,0.6353185772895813,0.7787467241287231,-0.01363642979413271,0,0
7,RIGHT_KNEE,0.5863532423973083,0.778687059879303,-0.014988274313509464,0,0
7,LEFT_ANKLE,0.6476234793663025,0.8588106632232666,0.057555969804525375,0,0
7,RIGHT_ANKLE,0.5825761556625366,0.8661356568336487,0.045891571789979935,0,0
7,LEFT_HEEL,0.6441159844398499,0.8712010979652405,0.061166539788246155,0,0
7,RIGHT_HEEL,0.5825326442718506,0.8724554181098938,0.0484766848385334,0,0
7,LEFT_FOOT_INDEX,0.660716712474823,0.8921645283699036,-0.0023727354127913713,0,0
7,RIGHT_FOOT_INDEX,0.5822749733924866,0.9023089408874512,-0.020186971873044968,0,0
8,NOSE,0.6212815642356873,0.5118094682693481,-0.16497045755386353,0,0
8,LEFT_EYE_INNER,0.621711015701294,0.50245600938797,-0.15647222101688385,0,0
8,LEFT_EYE,0.6226369738578796,0.5020484328269958,-0.15652401745319366,0,0
8,LEFT_EYE_OUTER,0.6237236857414246,0.5014814734458923,-0.15655194222927094,0,0
8,RIGHT_EYE_INNER,0.6175985932350159,0.5025894641876221,-0.16078215837478638,0,0
8,RIGHT_EYE,0.6154453754425049,0.5025104284286499,-0.16079233586788177,0,0
8,RIGHT_EYE_OUTER,0.6133163571357727,0.5026518702507019,-0.16078774631023407,0,0
8,LEFT_EAR,0.6230605244636536,0.5032386779785156,-0.09145929664373398,0,0
8,RIGHT_EAR,0.6069967150688171,0.5061952471733093,-0.11142679303884506,0,0
8,MOUTH_LEFT,0.6223362684249878,0.5199817419052124,-0.13906477391719818,0,0
8,MOUTH_RIGHT,0.6168858408927917,0.5202098488807678,-0.14494575560092926,0,0
8,LEFT_SHOULDER,0.6321847438812256,0.5405496954917908,-0.04615487530827522,0,0
8,RIGHT_SHOULDER,0.5885823965072632,0.5597594380378723,-0.05670957639813423,0,0
8,LEFT_ELBOW,0.6407384872436523,0.6019177436828613,-0.021228717640042305,0,0
8,RIGHT_ELBOW,0.5660674571990967,0.6092172265052795,-0.035726893693208694,0,0
8,LEFT_WRIST,0.6579954624176025,0.6443584561347961,-0.08749113976955414,0,0
8,RIGHT_WRIST,0.5366582274436951,0.6365364789962769,-0.08467498421669006,0,0
8,LEFT_PINKY,0.6633920073509216,0.6530523300170898,-0.10262538492679596,0,0
8,RIGHT_PINKY,0.5275456309318542,0.6409876346588135,-0.0971018522977829,0,0
8,LEFT_INDEX,0.664198637008667,0.6522021889686584,-0.1229594498872757,0,0
8,RIGHT_INDEX,0.5270073413848877,0.6380072832107544,-0.12011168152093887,0,0
8,LEFT_THUMB,0.6623719334602356,0.6498016715049744,-0.0978265106678009,0,0
8,RIGHT_THUMB,0.5306007862091064,0.637631356716156,-0.09586397558450699,0,0
8,LEFT_HIP,0.6232204437255859,0.681664228439331,0.0043032243847846985,0,0
8,RIGHT_HIP,0.5953906178474426,0.6813971996307373,-0.004295581020414829,0,0
8,LEFT_KNEE,0.6356766223907471,0.778692901134491,-0.01585480011999607,0,0
8,RIGHT_KNEE,0.5862122774124146,0.7787037491798401,-0.016005339100956917,0,0
8,LEFT_ANKLE,0.6488136053085327,0.8588045835494995,0.05625535547733307,0,0
8,RIGHT_ANKLE,0.5826200842857361,0.8668120503425598,0.04601238667964935,0,0
8,LEFT_HEEL,0.6457030773162842,0.8711885213851929,0.05991582199931145,0,0
8,RIGHT_HEEL,0.5826199650764465,0.8734215497970581,0.048905376344919205,0,0
8,LEFT_FOOT_INDEX,0.6611862182617188,0.8921685218811035,-0.005340921692550182,0,0
8,RIGHT_FOOT_INDEX,0.5820719599723816,0.9022881984710693,-0.01992601342499256,0,0
9,NOSE,0.6200721263885498,0.5122309327125549,-0.18106123805046082,0,0
9,LEFT_EYE_INNER,0.6206478476524353,0.5029273629188538,-0.1722847819328308,0,0
9,LEFT_EYE,0.6216526627540588,0.5024492740631104,-0.1723351925611496,0,0
9,LEFT_EYE_OUTER,0.6228401064872742,0.5018351078033447,-0.17236214876174927,0,0
9,RIGHT_EYE_INNER,0.6165010333061218,0.5032094120979309,-0.17602451145648956,0,0
9,RIGHT_EYE,0.6143380999565125,0.5030912756919861,-0.17603735625743866,0,0
9,RIGHT_EYE_OUTER,0.6122891902923584,0.5032266974449158,-0.1760372370481491,0,0
9,LEFT_EAR,0.6224521398544312,0.5033343434333801,-0.10250434279441833,0,0
9,RIGHT_EAR,0.6062632203102112,0.5065393447875977,-0.11833691596984863,0,0
9,MOUTH_LEFT,0.6213836669921875,0.5203126072883606,-0.15307854115962982,0,0
9,MOUTH_RIGHT,0.6159002184867859,0.5206025838851929,-0.15813212096691132,0,0
9,LEFT_SHOULDER,0.6316255331039429,0.5406177639961243,-0.04999864846467972,0,0
9,RIGHT_SHOULDER,0.5888835191726685,0.5597602128982544,-0.06273838132619858,0,0
9,LEFT_ELBOW,0.6400664448738098,0.6010400652885437,-0.028000589460134506,0,0
9,RIGHT_ELBOW,0.5661836862564087,0.6078166365623474,-0.03908391669392586,0,0
9,LEFT_WRIST,0.65630704164505,0.6439783573150635,-0.1032915860414505,0,0
9,RIGHT_WRIST,0.5364800691604614,0.6340401768684387,-0.08578114211559296,0,0
9,LEFT_PINKY,0.6619911789894104,0.6528000235557556,-0.11972304433584213,0,0
9,RIGHT_PINKY,0.5275171399116516,0.6378855109214783,-0.09769371151924133,0,0
9,LEFT_INDEX,0.6626567244529724,0.6520007252693176,-0.1400546282529831,0,0
9,RIGHT_INDEX,0.5267348885536194,0.6351260542869568,-0.12187711894512177,0,0
9,LEFT_THUMB,0.6607715487480164,0.649618923664093,-0.11373163014650345,0,0
9,RIGHT_THUMB,0.5303458571434021,0.6348174810409546,-0.09728662669658661,0,0
9,LEFT_HIP,0.6231043338775635,0.681688666343689,0.005019912030547857,0,0
9,RIGHT_HIP,0.5953275561332703,0.6815172433853149,-0.005010718945413828,0,0
9,LEFT_KNEE,0.6358891725540161,0.7785959839820862,-0.014200041070580482,0,0
9,RIGHT_KNEE,0.5861839652061462,0.7789705991744995,-0.014950165525078773,0,0
9,LEFT_ANKLE,0.6475372314453125,0.8587188124656677,0.05854320526123047,0,0
9,RIGHT_ANKLE,0.5830322504043579,0.8673155307769775,0.046445317566394806,0,0
9,LEFT_HEEL,0.6431782841682434,0.8711544275283813,0.0622127465903759,0,0
9,RIGHT_HEEL,0.5831052660942078,0.8739975690841675,0.049135372042655945,0,0
9,LEFT_FOOT_INDEX,0.6606782674789429,0.8920072913169861,-0.001967711141332984,0,0
9,RIGHT_FOOT_INDEX,0.5821824669837952,0.9022932648658752,-0.020441383123397827,0,0
10,NOSE,0.6195932626724243,0.5129637718200684,-0.17730574309825897,0,0
10,LEFT_EYE_INNER,0.6202642917633057,0.5038295984268188,-0.16988086700439453,0,0
10,LEFT_EYE,0.621328592300415,0.5033711194992065,-0.16993875801563263,0,0
10,LEFT_EYE_OUTER,0.6225394606590271,0.5028281211853027,-0.16997024416923523,0,0
10,RIGHT_EYE_INNER,0.6159676313400269,0.5038774013519287,-0.17167480289936066,0,0
10,RIGHT_EYE,0.6137663722038269,0.5036203265190125,-0.17168019711971283,0,0
10,RIGHT_EYE_OUTER,0.6116172671318054,0.5036454200744629,-0.17168660461902618,0,0
10,LEFT_EAR,0.6221486926078796,0.5041848421096802,-0.10190023481845856,0,0
10,RIGHT_EAR,0.6057100892066956,0.5067615509033203,-0.11548887193202972,0,0
10,MOUTH_LEFT,0.6208316683769226,0.5211055874824524,-0.1502344310283661,0,0
10,MOUTH_RIGHT,0.6152821779251099,0.5212582349777222,-0.15344926714897156,0,0
10,LEFT_SHOULDER,0.631585955619812,0.5407847762107849,-0.05119803920388222,0,0
10,RIGHT_SHOULDER,0.588799774646759,0.5597586035728455,-0.05682104080915451,0,0
10,LEFT_ELBOW,0.6396237015724182,0.6013076901435852,-0.03736663609743118,0,0
10,RIGHT_ELBOW,0.5660635232925415,0.607568621635437,-0.03264405205845833,0,0
10,LEFT_WRIST,0.6546452641487122,0.6443286538124084,-0.11797785013914108,0,0
10,RIGHT_WRIST,0.5360934138298035,0.63215172290802,-0.08055615425109863,0,0
10,LEFT_PINKY,0.6608388423919678,0.6531247496604919,-0.1353655457496643,0,0
10,RIGHT_PINKY,0.5268405079841614,0.6354356408119202,-0.09251229465007782,0,0
10,LEFT_INDEX,0.6613849997520447,0.6521072387695312,-0.15528422594070435,0,0
10,RIGHT_INDEX,0.5259214043617249,0.632420003414154,-0.11662305146455765,0,0
10,LEFT_THUMB,0.6593446731567383,0.6499930620193481,-0.1282062977552414,0,0
10,RIGHT_THUMB,0.5295878052711487,0.6323372721672058,-0.0921575203537941,0,0
10,LEFT_HIP,0.6232225894927979,0.6819506883621216,0.003677248489111662,0,0
10,RIGHT_HIP,0.595330536365509,0.6818584203720093,-0.00367433438077569,0,0
10,LEFT_KNEE,0.6364191770553589,0.7786495089530945,-0.013674706220626831,0,0
10,RIGHT_KNEE,0.5861660838127136,0.7805851101875305,-0.010613487102091312,0,0
10,LEFT_ANKLE,0.6469275951385498,0.8583540320396423,0.06030185520648956,0,0
10,RIGHT_ANKLE,0.5833659768104553,0.8678901195526123,0.05509002134203911,0,0
10,LEFT_HEEL,0.642164945602417,0.8705572485923767,0.06549081206321716,0,0
10,RIGHT_HEEL,0.5837417244911194,0.8744920492172241,0.058441560715436935,0,0
10,LEFT_FOOT_INDEX,0.6605170965194702,0.8919181227684021,0.00012527774379123002,0,0
10,RIGHT_FOOT_INDEX,0.5821815729141235,0.9022834897041321,-0.009574560448527336,0,0
11,NOSE,0.6194390654563904,0.5154466032981873,-0.19722703099250793,0,0
11,LEFT_EYE_INNER,0.6202811002731323,0.5068567395210266,-0.18896889686584473,0,0
11,LEFT_EYE,0.6214462518692017,0.506568431854248,-0.18901392817497253,0,0
11,LEFT_EYE_OUTER,0.6226688027381897,0.5061703324317932,-0.189034566283226,0,0
11,RIGHT_EYE_INNER,0.6159124970436096,0.5062112808227539,-0.1922425478696823,0,0
11,RIGHT_EYE,0.6137135624885559,0.5057007074356079,-0.19226016104221344,0,0
11,RIGHT_EYE_OUTER,0.6114556789398193,0.505379855632782,-0.19227036833763123,0,0
11,LEFT_EAR,0.6223151087760925,0.5067901611328125,-0.11938158422708511,0,0
11,RIGHT_EAR,0.6054185628890991,0.5079078674316406,-0.13509155809879303,0,0
11,MOUTH_LEFT,0.620695948600769,0.5236189961433411,-0.16919070482254028,0,0
11,MOUTH_RIGHT,0.6152546405792236,0.5236986875534058,-0.17370563745498657,0,0
11,LEFT_SHOULDER,0.6317583918571472,0.5410835146903992,-0.06580014526844025,0,0
11,RIGHT_SHOULDER,0.5890109539031982,0.5597518086433411,-0.0736287385225296,0,0
11,LEFT_ELBOW,0.6394426226615906,0.6018035411834717,-0.057888709008693695,0,0
11,RIGHT_ELBOW,0.5662587881088257,0.6066819429397583,-0.049694228917360306,0,0
11,LEFT_WRIST,0.6541076302528381,0.6445512771606445,-0.14550915360450745,0,0
11,RIGHT_WRIST,0.5357639193534851,0.6304196715354919,-0.0845387801527977,0,0
11,LEFT_PINKY,0.6603905558586121,0.6560382843017578,-0.1629864126443863,0,0
11,RIGHT_PINKY,0.5259325504302979,0.6328014135360718,-0.09776171296834946,0,0
11,LEFT_INDEX,0.6608715653419495,0.6554694175720215,-0.18226830661296844,0,0
11,RIGHT_INDEX,0.5250216126441956,0.6300845742225647,-0.12075527012348175,0,0
11,LEFT_THUMB,0.6588495969772339,0.6524068117141724,-0.15559370815753937,0,0
11,RIGHT_THUMB,0.5289005041122437,0.630297839641571,-0.09595949947834015,0,0
11,LEFT_HIP,0.6232308745384216,0.6823607683181763,0.004650262650102377,0,0
11,RIGHT_HIP,0.5954407453536987,0.6824157238006592,-0.004645743407309055,0,0
11,LEFT_KNEE,0.6365944147109985,0.7779628038406372,-0.01214704941958189,0,0
11,RIGHT_KNEE,0.5862619876861572,0.7806326746940613,-0.011028041131794453,0,0
11,LEFT_ANKLE,0.6463826298713684,0.8569228053092957,0.0642162337899208,0,0
11,RIGHT_ANKLE,0.5833531618118286,0.8678683042526245,0.05569900572299957,0,0
11,LEFT_HEEL,0.6414855122566223,0.8690609335899353,0.06915412098169327,0,0
11,RIGHT_HEEL,0.5837201476097107,0.8744887709617615,0.05918768793344498,0,0
11,LEFT_FOOT_INDEX,0.660744845867157,0.8918346762657166,0.004846601746976376,0,0
11,RIGHT_FOOT_INDEX,0.5822127461433411,0.9021583199501038,-0.008174349553883076,0,0
12,NOSE,0.61939537525177,0.5174543261528015,-0.19012100994586945,0,0
12,LEFT_EYE_INNER,0.6203476786613464,0.5090304017066956,-0.1820334792137146,0,0
12,LEFT_EYE,0.621543824672699,0.5088387131690979,-0.18207760155200958,0,0
12,LEFT_EYE_OUTER,0.6227404475212097,0.5085163116455078,-0.1821008324623108,0,0
12,RIGHT_EYE_INNER,0.6160845160484314,0.508156955242157,-0.18562592566013336,0,0
12,RIGHT_EYE,0.6139547824859619,0.5075253248214722,-0.18564234673976898,0,0
12,RIGHT_EYE_OUTER,0.6117382049560547,0.5070582032203674,-0.18564897775650024,0,0
12,LEFT_EAR,0.6224184036254883,0.5087518692016602,-0.11397772282361984,0,0
12,RIGHT_EAR,0.6056385040283203,0.5090901255607605,-0.13117602467536926,0,0
12,MOUTH_LEFT,0.6206802725791931,0.5254697203636169,-0.16260527074337006,0,0
12,MOUTH_RIGHT,0.615378737449646,0.5255127549171448,-0.1675676554441452,0,0
12,LEFT_SHOULDER,0.6319941878318787,0.541110634803772,-0.061589665710926056,0,0
12,RIGHT_SHOULDER,0.5890430212020874,0.558471143245697,-0.073006771504879,0,0
12,LEFT_ELBOW,0.6399010419845581,0.6019062399864197,-0.05087142437696457,0,0
12,RIGHT_ELBOW,0.566738486289978,0.6057354211807251,-0.04707936942577362,0,0
12,LEFT_WRIST,0.6539958119392395,0.6456250548362732,-0.13343766331672668,0,0
12,RIGHT_WRIST,0.5362364649772644,0.6284061074256897,-0.08831259608268738,0,0
12,LEFT_PINKY,0.6601244211196899,0.6596791744232178,-0.1503043919801712,0,0
12,RIGHT_PINKY,0.5264537334442139,0.6302914619445801,-0.10013949871063232,0,0
12,LEFT_INDEX,0.6604095697402954,0.6595435738563538,-0.1696472465991974,0,0
12,RIGHT_INDEX,0.5254079103469849,0.6277555227279663,-0.12354099005460739,0,0
12,LEFT_THUMB,0.6583632826805115,0.6557155251502991,-0.14345985651016235,0,0
12,RIGHT_THUMB,0.5293273329734802,0.6280398368835449,-0.09951769560575485,0,0
12,LEFT_HIP,0.6232858300209045,0.68236243724823,0.005196555983275175,0,0
12,RIGHT_HIP,0.5956794023513794,0.6822942495346069,-0.005192221608012915,0,0
12,LEFT_KNEE,0.6374218463897705,0.7748078107833862,-0.012710419483482838,0,0
12,RIGHT_KNEE,0.5868334174156189,0.780257523059845,-0.01234795618802309,0,0
12,LEFT_ANKLE,0.6461554765701294,0.8548164367675781,0.05725506320595741,0,0
12,RIGHT_ANKLE,0.5833547711372375,0.8677896857261658,0.04328758642077446,0,0
12,LEFT_HEEL,0.640984833240509,0.8668344020843506,0.06075628846883774,0,0
12,RIGHT_HEEL,0.5836223363876343,0.874473512172699,0.04576360806822777,0,0
12,LEFT_FOOT_INDEX,0.661354660987854,0.8917213082313538,-0.0006327742012217641,0,0
12,RIGHT_FOOT_INDEX,0.5822840332984924,0.9020913243293762,-0.020959537476301193,0,0
13,NOSE,0.6195113062858582,0.5187835693359375,-0.19194763898849487,0,0
13,LEFT_EYE_INNER,0.6205251216888428,0.5104199647903442,-0.1839376837015152,0,0
13,LEFT_EYE,0.6217030882835388,0.5102754831314087,-0.1839795708656311,0,0
13,LEFT_EYE_OUTER,0.6228564381599426,0.5099952816963196,-0.18400372564792633,0,0
13,RIGHT_EYE_INNER,0.6163238286972046,0.5094309449195862,-0.1875309944152832,0,0
13,RIGHT_EYE,0.6142174005508423,0.5087138414382935,-0.1875481754541397,0,0
13,RIGHT_EYE_OUTER,0.6120198369026184,0.5081625580787659,-0.18755486607551575,0,0
13,LEFT_EAR,0.6224535703659058,0.509944498538971,-0.11507882922887802,0,0
13,RIGHT_EAR,0.60579913854599,0.5098191499710083,-0.1320585161447525,0,0
13,MOUTH_LEFT,0.6207098364830017,0.5266634821891785,-0.1639588326215744,0,0
13,MOUTH_RIGHT,0.6155101656913757,0.5266944169998169,-0.16887632012367249,0,0
13,LEFT_SHOULDER,0.6319932341575623,0.5412789583206177,-0.06173718348145485,0,0
13,RIGHT_SHOULDER,0.5891271829605103,0.5579590797424316,-0.07268588989973068,0,0
13,LEFT_ELBOW,0.6400383710861206,0.6020523905754089,-0.05190272256731987,0,0
13,RIGHT_ELBOW,0.5669174790382385,0.6055024266242981,-0.04745640605688095,0,0
13,LEFT_WRIST,0.6538313627243042,0.6462349891662598,-0.1358790546655655,0,0
13,RIGHT_WRIST,0.5363617539405823,0.6280669569969177,-0.0907411128282547,0,0
13,LEFT_PINKY,0.6599205136299133,0.6610937118530273,-0.15289761126041412,0,0
13,RIGHT_PINKY,0.526631772518158,0.6297709345817566,-0.10251450538635254,0,0
13,LEFT_INDEX,0.6601144075393677,0.6611916422843933,-0.1722412258386612,0,0
13,RIGHT_INDEX,0.5255104303359985,0.6272669434547424,-0.12592603266239166,0,0
13,LEFT_THUMB,0.6580460667610168,0.6571862101554871,-0.14592887461185455,0,0
13,RIGHT_THUMB,0.5294041037559509,0.627551257610321,-0.10187701880931854,0,0
13,LEFT_HIP,0.6233416795730591,0.6822186708450317,0.005547613371163607,0,0
13,RIGHT_HIP,0.5958656072616577,0.6821920275688171,-0.0055434973910450935,0,0
13,LEFT_KNEE,0.6378611326217651,0.7734335064888,-0.012347264215350151,0,0
13,RIGHT_KNEE,0.5870653986930847,0.7799428105354309,-0.01357813086360693,0,0
13,LEFT_ANKLE,0.6459356546401978,0.8535788655281067,0.05846981704235077,0,0
13,RIGHT_ANKLE,0.5833761692047119,0.8677773475646973,0.0425320602953434,0,0
13,LEFT_HEEL,0.6406930685043335,0.8656021952629089,0.06198140233755112,0,0
13,RIGHT_HEEL,0.5835949182510376,0.8745046257972717,0.04515325278043747,0,0
13,LEFT_FOOT_INDEX,0.6616779565811157,0.8916071057319641,0.0008607268682681024,0,0
13,RIGHT_FOOT_INDEX,0.5823866724967957,0.9020925164222717,-0.021697785705327988,0,0
14,NOSE,0.6198636889457703,0.521995484828949,-0.20580311119556427,0,0
14,LEFT_EYE_INNER,0.6207867860794067,0.513393759727478,-0.1980106681585312,0,0
14,LEFT_EYE,0.6219615340232849,0.5132450461387634,-0.1980484575033188,0,0
14,LEFT_EYE_OUTER,0.6230983138084412,0.5129273533821106,-0.19807399809360504,0,0
14,RIGHT_EYE_INNER,0.6165472865104675,0.5120457410812378,-0.20223468542099,0,0
14,RIGHT_EYE,0.6143752932548523,0.5111367702484131,-0.20225933194160461,0,0
14,RIGHT_EYE_OUTER,0.6121731400489807,0.5103377103805542,-0.20226676762104034,0,0
14,LEFT_EAR,0.6226528286933899,0.5118874907493591,-0.12770579755306244,0,0
14,RIGHT_EAR,0.6060759425163269,0.5110833048820496,-0.14742358028888702,0,0
14,MOUTH_LEFT,0.6210511922836304,0.5293763875961304,-0.17696674168109894,0,0
14,MOUTH_RIGHT,0.6158083081245422,0.529269814491272,-0.18269366025924683,0,0
14,LEFT_SHOULDER,0.632197916507721,0.5413419604301453,-0.07026180624961853,0,0
14,RIGHT_SHOULDER,0.589293360710144,0.557986855506897,-0.08451704680919647,0,0
14,LEFT_ELBOW,0.6404088139533997,0.6029264330863953,-0.05823826417326927,0,0
14,RIGHT_ELBOW,0.5669371485710144,0.6054380536079407,-0.058141663670539856,0,0
14,LEFT_WRIST,0.6545461416244507,0.6484062671661377,-0.1407882422208786,0,0
14,RIGHT_WRIST,0.5366848707199097,0.6270347237586975,-0.09672199934720993,0,0
14,LEFT_PINKY,0.6605864763259888,0.6637825965881348,-0.15732119977474213,0,0
14,RIGHT_PINKY,0.5269714593887329,0.6288050413131714,-0.10666418820619583,0,0
14,LEFT_INDEX,0.6607600450515747,0.6638802289962769,-0.17638346552848816,0,0
14,RIGHT_INDEX,0.5257620215415955,0.626376211643219,-0.13032673299312592,0,0
14,LEFT_THUMB,0.6586761474609375,0.6599157452583313,-0.15074191987514496,0,0
14,RIGHT_THUMB,0.5296009182929993,0.6265893578529358,-0.10757226496934891,0,0
14,LEFT_HIP,0.6238785982131958,0.6822628378868103,0.005572179332375526,0,0
14,RIGHT_HIP,0.5968244671821594,0.6822177171707153,-0.005571261048316956,0,0
14,LEFT_KNEE,0.6399446725845337,0.7721917033195496,-0.014933126047253609,0,0
14,RIGHT_KNEE,0.587695300579071,0.779370129108429,-0.016780085861682892,0,0
14,LEFT_ANKLE,0.6472756862640381,0.8538509011268616,0.05393286421895027,0,0
14,RIGHT_ANKLE,0.5833831429481506,0.8677365183830261,0.03763807192444801,0,0
14,LEFT_HEEL,0.6423887014389038,0.8659487962722778,0.057291481643915176,0,0
14,RIGHT_HEEL,0.5832635164260864,0.874534010887146,0.040116336196660995,0,0
14,LEFT_FOOT_INDEX,0.6623042225837708,0.8915922045707703,-0.002608536509796977,0,0
14,RIGHT_FOOT_INDEX,0.5824354887008667,0.9019718766212463,-0.026390280574560165,0,0
15,NOSE,0.6213598251342773,0.5244016051292419,-0.21769604086875916,0,0
15,LEFT_EYE_INNER,0.6221390962600708,0.5157694816589355,-0.20986510813236237,0,0
15,LEFT_EYE,0.6232060194015503,0.5155421495437622,-0.2098982185125351,0,0
15,LEFT_EYE_OUTER,0.624237596988678,0.5151624083518982,-0.20992298424243927,0,0
15,RIGHT_EYE_INNER,0.6181085705757141,0.5147317051887512,-0.2149495780467987,0,0
15,RIGHT_EYE,0.6160507798194885,0.513882040977478,-0.21498170495033264,0,0
15,RIGHT_EYE_OUTER,0.6138449907302856,0.5129889845848083,-0.21498781442642212,0,0
15,LEFT_EAR,0.623120129108429,0.5139997005462646,-0.1380803883075714,0,0
15,RIGHT_EAR,0.6071682572364807,0.5128755569458008,-0.16182269155979156,0,0
15,MOUTH_LEFT,0.622029721736908,0.5313852429389954,-0.1881399005651474,0,0
15,MOUTH_RIGHT,0.6171703934669495,0.5316468477249146,-0.19501487910747528,0,0
15,LEFT_SHOULDER,0.6327493786811829,0.5417397022247314,-0.07596252858638763,0,0
15,RIGHT_SHOULDER,0.5897372364997864,0.5596797466278076,-0.09663089364767075,0,0
15,LEFT_ELBOW,0.6421037912368774,0.6035288572311401,-0.0559396855533123,0,0
15,RIGHT_ELBOW,0.5670279860496521,0.6057502031326294,-0.06715860217809677,0,0
15,LEFT_WRIST,0.6553708910942078,0.65094393491745,-0.13346877694129944,0,0
15,RIGHT_WRIST,0.5367648601531982,0.6258904337882996,-0.09835483878850937,0,0
15,LEFT_PINKY,0.6612341403961182,0.6661437153816223,-0.1488916426897049,0,0
15,RIGHT_PINKY,0.526992678642273,0.6275246143341064,-0.10672233998775482,0,0
15,LEFT_INDEX,0.6609020233154297,0.6660720705986023,-0.16858825087547302,0,0
15,RIGHT_INDEX,0.5258207321166992,0.62514328956604,-0.13069085776805878,0,0
15,LEFT_THUMB,0.6587735414505005,0.6619667410850525,-0.1435200721025467,0,0
15,RIGHT_THUMB,0.5296735167503357,0.6255361437797546,-0.10904920101165771,0,0
15,LEFT_HIP,0.6257126331329346,0.6817920207977295,0.00604747561737895,0,0
15,RIGHT_HIP,0.5982761383056641,0.6821958422660828,-0.006041505374014378,0,0
15,LEFT_KNEE,0.6439374685287476,0.770934522151947,-0.02275892347097397,0,0
15,RIGHT_KNEE,0.5889216065406799,0.7780820727348328,-0.028107380494475365,0,0
15,LEFT_ANKLE,0.6479284763336182,0.8538340330123901,0.03740416094660759,0,0
15,RIGHT_ANKLE,0.5835502743721008,0.8677175641059875,0.0228973887860775,0,0
15,LEFT_HEEL,0.6425259709358215,0.8662715554237366,0.03973982855677605,0,0
15,RIGHT_HEEL,0.5832516551017761,0.874534010887146,0.02479117549955845,0,0
15,LEFT_FOOT_INDEX,0.6632164716720581,0.8915708065032959,-0.020254934206604958,0,0
15,RIGHT_FOOT_INDEX,0.5824650526046753,0.9016634225845337,-0.041877467185258865,0,0
16,NOSE,0.6236826181411743,0.5273561477661133,-0.21908482909202576,0,0
16,LEFT_EYE_INNER,0.6243075728416443,0.5187326669692993,-0.21100148558616638,0,0
16,LEFT_EYE,0.6252762675285339,0.5185089707374573,-0.2110331505537033,0,0
16,LEFT_EYE_OUTER,0.6261770725250244,0.5181460380554199,-0.21105793118476868,0,0
16,RIGHT_EYE_INNER,0.620335042476654,0.5180774331092834,-0.21593457460403442,0,0
16,RIGHT_EYE,0.6183774471282959,0.5174214243888855,-0.21596337854862213,0,0
16,RIGHT_EYE_OUTER,0.6162658333778381,0.5167137980461121,-0.21596549451351166,0,0
16,LEFT_EAR,0.6246619820594788,0.5172443389892578,-0.13910552859306335,0,0
16,RIGHT_EAR,0.6097491979598999,0.5163904428482056,-0.16233853995800018,0,0
16,MOUTH_LEFT,0.6241956353187561,0.5343378186225891,-0.1896519958972931,0,0
16,MOUTH_RIGHT,0.6194460988044739,0.5345878005027771,-0.19636137783527374,0,0
16,LEFT_SHOULDER,0.6346981525421143,0.544756293296814,-0.07901281863451004,0,0
16,RIGHT_SHOULDER,0.5905413031578064,0.5624927282333374,-0.09772608429193497,0,0
16,LEFT_ELBOW,0.6444076299667358,0.6067516803741455,-0.06091546267271042,0,0
16,RIGHT_ELBOW,0.5670925974845886,0.6058488488197327,-0.07184683531522751,0,0
16,LEFT_WRIST,0.6593952178955078,0.6544585227966309,-0.13962744176387787,0,0
16,RIGHT_WRIST,0.5369285941123962,0.6268999576568604,-0.10863812267780304,0,0
16,LEFT_PINKY,0.6659331917762756,0.6687670946121216,-0.15545770525932312,0,0
16,RIGHT_PINKY,0.527204692363739,0.6289103627204895,-0.11808406561613083,0,0
16,LEFT_INDEX,0.6661975383758545,0.6690482497215271,-0.17536064982414246,0,0
16,RIGHT_INDEX,0.5260270237922668,0.6267500519752502,-0.14249855279922485,0,0
16,LEFT_THUMB,0.6636549234390259,0.6648444533348083,-0.1499004065990448,0,0
16,RIGHT_THUMB,0.5298426747322083,0.6269985437393188,-0.1197710931301117,0,0
16,LEFT_HIP,0.628146767616272,0.6831265687942505,0.0063628265634179115,0,0
16,RIGHT_HIP,0.6003984212875366,0.6841018795967102,-0.006354839541018009,0,0
16,LEFT_KNEE,0.6477031111717224,0.770767092704773,-0.019930295646190643,0,0
16,RIGHT_KNEE,0.589727520942688,0.7786340713500977,-0.02569751814007759,0,0
16,LEFT_ANKLE,0.6489848494529724,0.8536689281463623,0.04617206007242203,0,0
16,RIGHT_ANKLE,0.5838446021080017,0.8678138852119446,0.03237783908843994,0,0
16,LEFT_HEEL,0.6432303786277771,0.8665041327476501,0.049183525145053864,0,0
16,RIGHT_HEEL,0.5835568308830261,0.8749406933784485,0.034904856234788895,0,0
16,LEFT_FOOT_INDEX,0.6656309962272644,0.8909237384796143,-0.010457564145326614,0,0
16,RIGHT_FOOT_INDEX,0.5824640393257141,0.9015859365463257,-0.03212594613432884,0,0
17,NOSE,0.6274042725563049,0.5303715467453003,-0.2187757045030594,0,0
17,LEFT_EYE_INNER,0.6276403665542603,0.5213879346847534,-0.2107732743024826,0,0
17,LEFT_EYE,0.6285532116889954,0.5210953950881958,-0.21080444753170013,0,0
17,LEFT_EYE_OUTER,0.6294920444488525,0.520675778388977,-0.2108321487903595,0,0
17,RIGHT_EYE_INNER,0.6235522031784058,0.5212243795394897,-0.2159138321876526,0,0
17,RIGHT_EYE,0.6216369867324829,0.5209286212921143,-0.21594855189323425,0,0
17,RIGHT_EYE_OUTER,0.6197003126144409,0.5205617547035217,-0.21596118807792664,0,0
17,LEFT_EAR,0.6272545456886292,0.5201901793479919,-0.1399180293083191,0,0
17,RIGHT_EAR,0.6138602495193481,0.5204310417175293,-0.1644744873046875,0,0
17,MOUTH_LEFT,0.627898633480072,0.5381201505661011,-0.1897265464067459,0,0
17,MOUTH_RIGHT,0.6228307485580444,0.5383378267288208,-0.1968025267124176,0,0
17,LEFT_SHOULDER,0.6376484632492065,0.5478239059448242,-0.08083795756101608,0,0
17,RIGHT_SHOULDER,0.5930747389793396,0.5645601153373718,-0.10206014662981033,0,0
17,LEFT_ELBOW,0.6482505798339844,0.6100741028785706,-0.06083763763308525,0,0
17,RIGHT_ELBOW,0.5677273869514465,0.6096248030662537,-0.08135765045881271,0,0
17,LEFT_WRIST,0.6664822101593018,0.6578351855278015,-0.13609184324741364,0,0
17,RIGHT_WRIST,0.5363093614578247,0.6275297403335571,-0.11962223798036575,0,0
17,LEFT_PINKY,0.672476589679718,0.6710463762283325,-0.15048876404762268,0,0
17,RIGHT_PINKY,0.526315450668335,0.630095899105072,-0.12937796115875244,0,0
17,LEFT_INDEX,0.6729863286018372,0.6716766953468323,-0.17109805345535278,0,0
17,RIGHT_INDEX,0.5248942971229553,0.6278088092803955,-0.15303626656532288,0,0
17,LEFT_THUMB,0.6707422733306885,0.667667031288147,-0.14660923182964325,0,0
17,RIGHT_THUMB,0.5286496877670288,0.6280950903892517,-0.1306716948747635,0,0
17,LEFT_HIP,0.6309986710548401,0.6850264668464661,0.00836003478616476,0,0
17,RIGHT_HIP,0.6031768321990967,0.6850404143333435,-0.008352496661245823,0,0
17,LEFT_KNEE,0.6504338979721069,0.7703983783721924,-0.024026475846767426,0,0
17,RIGHT_KNEE,0.5915870070457458,0.7785072326660156,-0.034671179950237274,0,0
17,LEFT_ANKLE,0.650375247001648,0.853839635848999,0.03764999285340309,0,0
17,RIGHT_ANKLE,0.5840685367584229,0.8677508234977722,0.024568935856223106,0,0
17,LEFT_HEEL,0.6441728472709656,0.8687331676483154,0.04002960026264191,0,0
17,RIGHT_HEEL,0.5839111804962158,0.8750200867652893,0.026996618136763573,0,0
17,LEFT_FOOT_INDEX,0.669035792350769,0.8900877237319946,-0.018254397436976433,0,0
17,RIGHT_FOOT_INDEX,0.5819574594497681,0.9012455940246582,-0.037503138184547424,0,0
18,NOSE,0.6285639405250549,0.531930685043335,-0.220160573720932,0,0
18,LEFT_EYE_INNER,0.6289291381835938,0.5230153799057007,-0.21232111752033234,0,0
18,LEFT_EYE,0.6298359632492065,0.5227387547492981,-0.21235232055187225,0,0
18,LEFT_EYE_OUTER,0.6307987570762634,0.5223512649536133,-0.21238133311271667,0,0
18,RIGHT_EYE_INNER,0.6247352361679077,0.5228613018989563,-0.21740110218524933,0,0
18,RIGHT_EYE,0.6227847933769226,0.5225602984428406,-0.2174350768327713,0,0
18,RIGHT_EYE_OUTER,0.620812714099884,0.5221778750419617,-0.21744856238365173,0,0
18,LEFT_EAR,0.6286814212799072,0.5217419862747192,-0.1415899246931076,0,0
18,RIGHT_EAR,0.6148191690444946,0.5218053460121155,-0.1660982221364975,0,0
18,MOUTH_LEFT,0.6290203332901001,0.5395787358283997,-0.19107386469841003,0,0
18,MOUTH_RIGHT,0.6239258646965027,0.5396772027015686,-0.19813841581344604,0,0
18,LEFT_SHOULDER,0.638737142086029,0.5491592288017273,-0.08218833059072495,0,0
18,RIGHT_SHOULDER,0.5937102437019348,0.5656940340995789,-0.10364314913749695,0,0
18,LEFT_ELBOW,0.6494104862213135,0.612190842628479,-0.058108873665332794,0,0
18,RIGHT_ELBOW,0.5679177045822144,0.6111811995506287,-0.08416717499494553,0,0
18,LEFT_WRIST,0.6683124303817749,0.6605041027069092,-0.1341765969991684,0,0
18,RIGHT_WRIST,0.535961925983429,0.6279563903808594,-0.12431428581476212,0,0
18,LEFT_PINKY,0.6741741299629211,0.6726645231246948,-0.14647576212882996,0,0
18,RIGHT_PINKY,0.5261305570602417,0.6308005452156067,-0.13430337607860565,0,0
18,LEFT_INDEX,0.6745821237564087,0.673041045665741,-0.16903260350227356,0,0
18,RIGHT_INDEX,0.524657666683197,0.628485918045044,-0.15814082324504852,0,0
18,LEFT_THUMB,0.6724873185157776,0.6694447994232178,-0.1443110555410385,0,0
18,RIGHT_THUMB,0.5281888842582703,0.6287427544593811,-0.13548561930656433,0,0
18,LEFT_HIP,0.631734311580658,0.6865900158882141,0.008923325687646866,0,0
18,RIGHT_HIP,0.6039090752601624,0.686342716217041,-0.008917618542909622,0,0
18,LEFT_KNEE,0.6514972448348999,0.7705628275871277,-0.028661401942372322,0,0
18,RIGHT_KNEE,0.5919827818870544,0.7785225510597229,-0.032859038561582565,0,0
18,LEFT_ANKLE,0.6509241461753845,0.8539194464683533,0.038954004645347595,0,0
18,RIGHT_ANKLE,0.5843837261199951,0.8677389621734619,0.03011631779372692,0,0
18,LEFT_HEEL,0.6442432403564453,0.8701261878013611,0.0420229397714138,0,0
18,RIGHT_HEEL,0.5848917365074158,0.8753052949905396,0.032857056707143784,0,0
18,LEFT_FOOT_INDEX,0.6701387763023376,0.8897063732147217,-0.015667906031012535,0,0
18,RIGHT_FOOT_INDEX,0.581605851650238,0.9011246562004089,-0.03265206515789032,0,0
19,NOSE,0.631791353225708,0.5343046188354492,-0.22629143297672272,0,0
19,LEFT_EYE_INNER,0.6318930387496948,0.5255140662193298,-0.2176223248243332,0,0
19,LEFT_EYE,0.6327201724052429,0.5251372456550598,-0.21765638887882233,0,0
19,LEFT_EYE_OUTER,0.6335681080818176,0.5246114730834961,-0.21769028902053833,0,0
19,RIGHT_EYE_INNER,0.6279836297035217,0.5254682302474976,-0.2229946106672287,0,0
19,RIGHT_EYE,0.6258687973022461,0.5251930952072144,-0.22303740680217743,0,0
19,RIGHT_EYE_OUTER,0.6237360239028931,0.5248242020606995,-0.22305426001548767,0,0
19,LEFT_EAR,0.6310207843780518,0.5233827233314514,-0.14377763867378235,0,0
19,RIGHT_EAR,0.6176415681838989,0.5239206552505493,-0.16925404965877533,0,0
19,MOUTH_LEFT,0.6322263479232788,0.5415757894515991,-0.1960478574037552,0,0
19,MOUTH_RIGHT,0.6271493434906006,0.5420581102371216,-0.20340228080749512,0,0
19,LEFT_SHOULDER,0.6416226625442505,0.5508476495742798,-0.0794239193201065,0,0
19,RIGHT_SHOULDER,0.5982125401496887,0.5663376450538635,-0.10694523900747299,0,0
19,LEFT_ELBOW,0.6520811319351196,0.6136075854301453,-0.05557424575090408,0,0
19,RIGHT_ELBOW,0.5705754160881042,0.6135733127593994,-0.0868869349360466,0,0
19,LEFT_WRIST,0.6730473637580872,0.6606254577636719,-0.12849055230617523,0,0
19,RIGHT_WRIST,0.5360285043716431,0.6331534385681152,-0.12365445494651794,0,0
19,LEFT_PINKY,0.6794203519821167,0.6727269887924194,-0.13899795711040497,0,0
19,RIGHT_PINKY,0.5262426733970642,0.6347742676734924,-0.13318611681461334,0,0
19,LEFT_INDEX,0.6800686717033386,0.6738247871398926,-0.16204385459423065,0,0
19,RIGHT_INDEX,0.5249137878417969,0.6324519515037537,-0.15749403834342957,0,0
19,LEFT_THUMB,0.6780756711959839,0.670149564743042,-0.1397583931684494,0,0
19,RIGHT_THUMB,0.5283151865005493,0.633634090423584,-0.1349313110113144,0,0
19,LEFT_HIP,0.6340789198875427,0.687586784362793,0.010282488539814949,0,0
19,RIGHT_HIP,0.6064085364341736,0.6864803433418274,-0.010265739634633064,0,0
19,LEFT_KNEE,0.6539390683174133,0.7697880864143372,-0.047461558133363724,0,0
19,RIGHT_KNEE,0.59359210729599,0.7762965559959412,-0.06184621900320053,0,0
19,LEFT_ANKLE,0.6526368856430054,0.8605924248695374,-0.0028407725039869547,0,0
19,RIGHT_ANKLE,0.584635317325592,0.8682605028152466,-0.011408505029976368,0,0
19,LEFT_HEEL,0.6452973484992981,0.8792031407356262,-0.00245171831920743,0,0
19,RIGHT_HEEL,0.5853173732757568,0.8788806200027466,-0.010104021988809109,0,0
19,LEFT_FOOT_INDEX,0.6729090809822083,0.8931127786636353,-0.0642513707280159,0,0
19,RIGHT_FOOT_INDEX,0.5811510682106018,0.9006444811820984,-0.07645293325185776,0,0
20,NOSE,0.6376646161079407,0.5389450192451477,-0.24553586542606354,0,0
20,LEFT_EYE_INNER,0.6370672583580017,0.5299504399299622,-0.23641008138656616,0,0
20,LEFT_EYE,0.6377393007278442,0.5294449925422668,-0.23644065856933594,0,0
20,LEFT_EYE_OUTER,0.6383582353591919,0.5288113355636597,-0.2364732176065445,0,0
20,RIGHT_EYE_INNER,0.6332330703735352,0.5302909016609192,-0.24216264486312866,0,0
20,RIGHT_EYE,0.6311285495758057,0.5302102565765381,-0.24221044778823853,0,0
20,RIGHT_EYE_OUTER,0.628875195980072,0.5301202535629272,-0.2422293871641159,0,0
20,LEFT_EAR,0.635144829750061,0.5270931720733643,-0.1600441187620163,0,0
20,RIGHT_EAR,0.6222437024116516,0.5300251245498657,-0.18708036839962006,0,0
20,MOUTH_LEFT,0.638045608997345,0.5464504957199097,-0.21446724236011505,0,0
20,MOUTH_RIGHT,0.6330716609954834,0.5470697283744812,-0.22223646938800812,0,0
20,LEFT_SHOULDER,0.6451070308685303,0.5536309480667114,-0.09106311202049255,0,0
20,RIGHT_SHOULDER,0.6028149127960205,0.5711291432380676,-0.12012266367673874,0,0
20,LEFT_ELBOW,0.6570571064949036,0.614044725894928,-0.06692023575305939,0,0
20,RIGHT_ELBOW,0.576202392578125,0.6205130815505981,-0.10201042145490646,0,0
20,LEFT_WRIST,0.6778537631034851,0.6597075462341309,-0.13984894752502441,0,0
20,RIGHT_WRIST,0.5384408831596375,0.6437204480171204,-0.13294589519500732,0,0
20,LEFT_PINKY,0.6851986646652222,0.6717830300331116,-0.15133091807365417,0,0
20,RIGHT_PINKY,0.5284736752510071,0.6473995447158813,-0.14085854589939117,0,0
20,LEFT_INDEX,0.6864586472511292,0.672777533531189,-0.17330454289913177,0,0
20,RIGHT_INDEX,0.5278648138046265,0.6452836394309998,-0.1654823273420334,0,0
20,LEFT_THUMB,0.6838817000389099,0.6692798733711243,-0.15069474279880524,0,0
20,RIGHT_THUMB,0.5309067964553833,0.6457352638244629,-0.1440517008304596,0,0
20,LEFT_HIP,0.6371468901634216,0.690051794052124,0.010163451544940472,0,0
20,RIGHT_HIP,0.6096743941307068,0.6879290342330933,-0.010147109627723694,0,0
20,LEFT_KNEE,0.6564584374427795,0.7718271613121033,-0.0448325090110302,0,0
20,RIGHT_KNEE,0.5947620868682861,0.7764906287193298,-0.05185675993561745,0,0
20,LEFT_ANKLE,0.6555446982383728,0.8711926341056824,-0.006400942336767912,0,0
20,RIGHT_ANKLE,0.5847404599189758,0.8682636022567749,0.0047891754657030106,0,0
20,LEFT_HEEL,0.6483176350593567,0.8885450959205627,-0.006863042712211609,0,0
20,RIGHT_HEEL,0.5853596329689026,0.8792248964309692,0.006630782503634691,0,0
20,LEFT_FOOT_INDEX,0.6761205792427063,0.9000608921051025,-0.07245641201734543,0,0
20,RIGHT_FOOT_INDEX,0.5800431370735168,0.8993728756904602,-0.05874548852443695,0,0
21,NOSE,0.6436497569084167,0.5440240502357483,-0.23450835049152374,0,0
21,LEFT_EYE_INNER,0.6427497267723083,0.5345848202705383,-0.22456638514995575,0,0
21,LEFT_EYE,0.6433297395706177,0.5341861248016357,-0.2246071845293045,0,0
21,LEFT_EYE_OUTER,0.6439282298088074,0.533665120601654,-0.22464832663536072,0,0
21,RIGHT_EYE_INNER,0.6390580534934998,0.5347784757614136,-0.23224303126335144,0,0
21,RIGHT_EYE,0.6368302702903748,0.5347021222114563,-0.23228725790977478,0,0
21,RIGHT_EYE_OUTER,0.634460985660553,0.5346834063529968,-0.23231464624404907,0,0
21,LEFT_EAR,0.6406906843185425,0.5325409770011902,-0.14858771860599518,0,0
21,RIGHT_EAR,0.6273841261863708,0.5359750390052795,-0.18440061807632446,0,0
21,MOUTH_LEFT,0.6439607739448547,0.5517406463623047,-0.2036065012216568,0,0
21,MOUTH_RIGHT,0.6391264200210571,0.5518755316734314,-0.2139742225408554,0,0
21,LEFT_SHOULDER,0.6508641839027405,0.5631163120269775,-0.08600767701864243,0,0
21,RIGHT_SHOULDER,0.6060516238212585,0.579975426197052,-0.1263706535100937,0,0
21,LEFT_ELBOW,0.662773072719574,0.6178265810012817,-0.042478129267692566,0,0
21,RIGHT_ELBOW,0.5824112296104431,0.6305213570594788,-0.12307737022638321,0,0
21,LEFT_WRIST,0.683760404586792,0.6591557860374451,-0.0933600440621376,0,0
21,RIGHT_WRIST,0.5480554103851318,0.6614859104156494,-0.16348321735858917,0,0
21,LEFT_PINKY,0.6915733218193054,0.671356737613678,-0.10242703557014465,0,0
21,RIGHT_PINKY,0.5387128591537476,0.6696394085884094,-0.1748429387807846,0,0
21,LEFT_INDEX,0.6926743388175964,0.6720970869064331,-0.1231730505824089,0,0
21,RIGHT_INDEX,0.539450466632843,0.6664130687713623,-0.19767829775810242,0,0
21,LEFT_THUMB,0.6897901892662048,0.6685795187950134,-0.10351736843585968,0,0
21,RIGHT_THUMB,0.542246401309967,0.6647468209266663,-0.17403407394886017,0,0
21,LEFT_HIP,0.6412538290023804,0.6961929202079773,0.011773645877838135,0,0
21,RIGHT_HIP,0.6136287450790405,0.6946620345115662,-0.011713208630681038,0,0
21,LEFT_KNEE,0.6589388251304626,0.7731004357337952,-0.05563292279839516,0,0
21,RIGHT_KNEE,0.5968490242958069,0.7778189182281494,-0.07021281123161316,0,0
21,LEFT_ANKLE,0.6573867797851562,0.8745524287223816,-0.014680289663374424,0,0
21,RIGHT_ANKLE,0.5847285985946655,0.8682520389556885,-0.008082139305770397,0,0
21,LEFT_HEEL,0.6503428816795349,0.8917289972305298,-0.014973402954638004,0,0
21,RIGHT_HEEL,0.585315465927124,0.8796860575675964,-0.00569566385820508,0,0
21,LEFT_FOOT_INDEX,0.6761879324913025,0.9026109576225281,-0.0814753994345665,0,0
21,RIGHT_FOOT_INDEX,0.5791981220245361,0.8979304432868958,-0.07323098182678223,0,0
22,NOSE,0.6493914723396301,0.5454460382461548,-0.2162623256444931,0,0
22,LEFT_EYE_INNER,0.6483365297317505,0.5361475348472595,-0.20425787568092346,0,0
22,LEFT_EYE,0.6490215063095093,0.5355996489524841,-0.20429864525794983,0,0
22,LEFT_EYE_OUTER,0.6497291922569275,0.5349224209785461,-0.2043667584657669,0,0
22,RIGHT_EYE_INNER,0.644558846950531,0.5369493961334229,-0.21187512576580048,0,0
22,RIGHT_EYE,0.6423161029815674,0.5372869372367859,-0.21190981566905975,0,0
22,RIGHT_EYE_OUTER,0.639944851398468,0.5377113819122314,-0.2119280844926834,0,0
22,LEFT_EAR,0.6468383073806763,0.5347689986228943,-0.12152040749788284,0,0
22,RIGHT_EAR,0.6331045031547546,0.5405492782592773,-0.15549615025520325,0,0
22,MOUTH_LEFT,0.6500086188316345,0.5534259080886841,-0.1824847310781479,0,0
22,MOUTH_RIGHT,0.6450945734977722,0.5541616082191467,-0.19282159209251404,0,0
22,LEFT_SHOULDER,0.6553182601928711,0.5663717985153198,-0.045372042804956436,0,0
22,RIGHT_SHOULDER,0.6189561486244202,0.5811085104942322,-0.11430030316114426,0,0
22,LEFT_ELBOW,0.6644850969314575,0.6190321445465088,0.0033115774858742952,0,0
22,RIGHT_ELBOW,0.6130020618438721,0.6319136619567871,-0.16285060346126556,0,0
22,LEFT_WRIST,0.68655925989151,0.6590353846549988,-0.02452738955616951,0,0
22,RIGHT_WRIST,0.6243261694908142,0.6343052983283997,-0.26024144887924194,0,0
22,LEFT_PINKY,0.6952208280563354,0.6712612509727478,-0.02917145937681198,0,0
22,RIGHT_PINKY,0.6265860795974731,0.6345762610435486,-0.2807178795337677,0,0
22,LEFT_INDEX,0.6963902711868286,0.6719249486923218,-0.04947981610894203,0,0
22,RIGHT_INDEX,0.6260296702384949,0.6273227334022522,-0.288135826587677,0,0
22,LEFT_THUMB,0.6934719085693359,0.6682295799255371,-0.033069461584091187,0,0
22,RIGHT_THUMB,0.6258167624473572,0.6278895735740662,-0.265500009059906,0,0
22,LEFT_HIP,0.6435919404029846,0.6976695656776428,0.016808362677693367,0,0
22,RIGHT_HIP,0.616539716720581,0.6963173747062683,-0.016763396561145782,0,0
22,LEFT_KNEE,0.6620746850967407,0.7734045386314392,-0.0485297366976738,0,0
22,RIGHT_KNEE,0.6006589531898499,0.778486430644989,-0.06761537492275238,0,0
22,LEFT_ANKLE,0.6591922044754028,0.8752428293228149,-0.008818416856229305,0,0
22,RIGHT_ANKLE,0.5847191214561462,0.8680458068847656,-0.00943855382502079,0,0
22,LEFT_HEEL,0.651411235332489,0.8919457197189331,-0.009541823528707027,0,0
22,RIGHT_HEEL,0.5847977995872498,0.8792522549629211,-0.007266432978212833,0,0
22,LEFT_FOOT_INDEX,0.6770091652870178,0.9038478136062622,-0.07664677500724792,0,0
22,RIGHT_FOOT_INDEX,0.5795066356658936,0.8972985148429871,-0.07592277973890305,0,0
23,NOSE,0.6544190645217896,0.5464690327644348,-0.20941667258739471,0,0
23,LEFT_EYE_INNER,0.6533498167991638,0.537638783454895,-0.1949978917837143,0,0
23,LEFT_EYE,0.6541131138801575,0.5370085835456848,-0.19504114985466003,0,0
23,LEFT_EYE_OUTER,0.6548754572868347,0.5362698435783386,-0.19512121379375458,0,0
23,RIGHT_EYE_INNER,0.6495358347892761,0.539150595664978,-0.2029852718114853,0,0
23,RIGHT_EYE,0.647508442401886,0.5398350358009338,-0.20301935076713562,0,0
23,RIGHT_EYE_OUTER,0.6453603506088257,0.5405313372612,-0.20303478837013245,0,0
23,LEFT_EAR,0.6529737114906311,0.5368800759315491,-0.10708671063184738,0,0
23,RIGHT_EAR,0.6397485136985779,0.5444835424423218,-0.14269505441188812,0,0
23,MOUTH_LEFT,0.6560388207435608,0.5544273257255554,-0.17458033561706543,0,0
23,MOUTH_RIGHT,0.6510866284370422,0.5561579465866089,-0.18515923619270325,0,0
23,LEFT_SHOULDER,0.6568506360054016,0.5735438466072083,-0.013341446407139301,0,0
23,RIGHT_SHOULDER,0.6355541348457336,0.5816170573234558,-0.1285230815410614,0,0
23,LEFT_ELBOW,0.6625474095344543,0.6259466409683228,0.02809845469892025,0,0
23,RIGHT_ELBOW,0.6367248892784119,0.6287710070610046,-0.19272349774837494,0,0
23,LEFT_WRIST,0.6881668567657471,0.6600123047828674,-0.004035121761262417,0,0
23,RIGHT_WRIST,0.6439486742019653,0.6344504952430725,-0.28498366475105286,0,0
23,LEFT_PINKY,0.6971660256385803,0.6717846989631653,-0.009905947372317314,0,0
23,RIGHT_PINKY,0.6430255770683289,0.6363491415977478,-0.3098985552787781,0,0
23,LEFT_INDEX,0.6980162858963013,0.6722481846809387,-0.03207593783736229,0,0
23,RIGHT_INDEX,0.6443893313407898,0.6279025077819824,-0.3158426284790039,0,0
23,LEFT_THUMB,0.6951742172241211,0.6689932942390442,-0.014261464588344097,0,0
23,RIGHT_THUMB,0.6446900963783264,0.628366231918335,-0.28991201519966125,0,0
23,LEFT_HIP,0.6449163556098938,0.6980873346328735,0.03773343190550804,0,0
23,RIGHT_HIP,0.6279768347740173,0.6959548592567444,-0.0377361886203289,0,0
23,LEFT_KNEE,0.6651952266693115,0.7779961824417114,-0.02847318723797798,0,0
23,RIGHT_KNEE,0.6087098717689514,0.7796416282653809,-0.08608074486255646,0,0
23,LEFT_ANKLE,0.6602755784988403,0.8801771402359009,0.004948421381413937,0,0
23,RIGHT_ANKLE,0.5853567719459534,0.8666709065437317,-0.045391179621219635,0,0
23,LEFT_HEEL,0.6519672274589539,0.8957198858261108,0.0059092300944030285,0,0
23,RIGHT_HEEL,0.581564724445343,0.8710238933563232,-0.044193148612976074,0,0
23,LEFT_FOOT_INDEX,0.6791091561317444,0.9052253365516663,-0.06368444859981537,0,0
23,RIGHT_FOOT_INDEX,0.5802478790283203,0.8973904252052307,-0.10729020088911057,0,0
24,NOSE,0.6529412865638733,0.5463451147079468,-0.16983532905578613,0,0
24,LEFT_EYE_INNER,0.6522989869117737,0.5373730659484863,-0.15678119659423828,0,0
24,LEFT_EYE,0.6531907320022583,0.5366878509521484,-0.15682820975780487,0,0
24,LEFT_EYE_OUTER,0.6541318893432617,0.5359196066856384,-0.15690447390079498,0,0
24,RIGHT_EYE_INNER,0.6484910249710083,0.5391343832015991,-0.16561956703662872,0,0
24,RIGHT_EYE,0.6465901136398315,0.539939284324646,-0.16564637422561646,0,0
24,RIGHT_EYE_OUTER,0.6445308327674866,0.5407412052154541,-0.1656644642353058,0,0
24,LEFT_EAR,0.6532641053199768,0.537093997001648,-0.07506127655506134,0,0
24,RIGHT_EAR,0.6396668553352356,0.5452477335929871,-0.11481943726539612,0,0
24,MOUTH_LEFT,0.6552308797836304,0.5542678833007812,-0.1371472030878067,0,0
24,MOUTH_RIGHT,0.6501094102859497,0.5564266443252563,-0.14882294833660126,0,0
24,LEFT_SHOULDER,0.6582098603248596,0.5764386057853699,0.013913623057305813,0,0
24,RIGHT_SHOULDER,0.6347307562828064,0.5806251168251038,-0.11559808999300003,0,0
24,LEFT_ELBOW,0.6626913547515869,0.6290163993835449,0.05073573440313339,0,0
24,RIGHT_ELBOW,0.6352354288101196,0.623958945274353,-0.17602761089801788,0,0
24,LEFT_WRIST,0.6891975402832031,0.6621765494346619,0.011367122642695904,0,0
24,RIGHT_WRIST,0.6420355439186096,0.6200405955314636,-0.2753850221633911,0,0
24,LEFT_PINKY,0.6966927647590637,0.6726806163787842,0.005504957865923643,0,0
24,RIGHT_PINKY,0.6416128873825073,0.6209754347801208,-0.2993296980857849,0,0
24,LEFT_INDEX,0.697555422782898,0.6731030344963074,-0.015850212424993515,0,0
24,RIGHT_INDEX,0.6424084305763245,0.6155534386634827,-0.30432751774787903,0,0
24,LEFT_THUMB,0.6954163908958435,0.670325756072998,0.0014353006845340133,0,0
24,RIGHT_THUMB,0.6427381634712219,0.6162974834442139,-0.28004029393196106,0,0
24,LEFT_HIP,0.6427288055419922,0.6972984075546265,0.04248430207371712,0,0
24,RIGHT_HIP,0.6305429339408875,0.6950336694717407,-0.04251502826809883,0,0
24,LEFT_KNEE,0.6640200018882751,0.7773690819740295,-0.010925274342298508,0,0
24,RIGHT_KNEE,0.6119349598884583,0.7792047262191772,-0.09568405896425247,0,0
24,LEFT_ANKLE,0.6596252918243408,0.8806569576263428,0.00922976341098547,0,0
24,RIGHT_ANKLE,0.587213933467865,0.866643488407135,-0.07063129544258118,0,0
24,LEFT_HEEL,0.6517812609672546,0.8965121507644653,0.008404591120779514,0,0
24,RIGHT_HEEL,0.5828853249549866,0.8726819753646851,-0.07089769840240479,0,0
24,LEFT_FOOT_INDEX,0.6791549324989319,0.9045028686523438,-0.05799619108438492,0,0
24,RIGHT_FOOT_INDEX,0.581780731678009,0.8973244428634644,-0.1305304616689682,0,0
25,NOSE,0.6586838960647583,0.5505309104919434,-0.0902729332447052,0,0
25,LEFT_EYE_INNER,0.6580274105072021,0.5412734746932983,-0.07786146551370621,0,0
25,LEFT_EYE,0.6590840220451355,0.5405214428901672,-0.07792063057422638,0,0
25,LEFT_EYE_OUTER,0.6601649522781372,0.5397247672080994,-0.07798963040113449,0,0
25,RIGHT_EYE_INNER,0.653845489025116,0.5433668494224548,-0.08932919800281525,0,0
25,RIGHT_EYE,0.6518646478652954,0.5442783832550049,-0.08934243023395538,0,0
25,RIGHT_EYE_OUTER,0.6498671770095825,0.5451564192771912,-0.08935502916574478,0,0
25,LEFT_EAR,0.659566342830658,0.5412800908088684,-0.008713902905583382,0,0
25,RIGHT_EAR,0.6455934643745422,0.5497763752937317,-0.058331914246082306,0,0
25,MOUTH_LEFT,0.6614152789115906,0.5583309531211853,-0.062316469848155975,0,0
25,MOUTH_RIGHT,0.6557402014732361,0.5603629350662231,-0.07663986086845398,0,0
25,LEFT_SHOULDER,0.6615639925003052,0.5851830244064331,0.0795677974820137,0,0
25,RIGHT_SHOULDER,0.6414662003517151,0.585702121257782,-0.06909890472888947,0,0
25,LEFT_ELBOW,0.6653282046318054,0.6368887424468994,0.12606610357761383,0,0
25,RIGHT_ELBOW,0.6366861462593079,0.6500059366226196,-0.06846939772367477,0,0
25,LEFT_WRIST,0.6874885559082031,0.6699236631393433,0.09759827703237534,0,0
25,RIGHT_WRIST,0.6416112184524536,0.6744621992111206,-0.07517687231302261,0,0
25,LEFT_PINKY,0.6937580704689026,0.680280327796936,0.09355101734399796,0,0
25,RIGHT_PINKY,0.6410102248191833,0.6840017437934875,-0.08909330517053604,0,0
25,LEFT_INDEX,0.6948471069335938,0.680350124835968,0.0759577676653862,0,0
25,RIGHT_INDEX,0.6428158283233643,0.6809457540512085,-0.10009435564279556,0,0
25,LEFT_THUMB,0.6922357082366943,0.6777552366256714,0.08876033127307892,0,0
25,RIGHT_THUMB,0.6428942084312439,0.6777707934379578,-0.07926508039236069,0,0
25,LEFT_HIP,0.6440105438232422,0.7038596868515015,0.054333530366420746,0,0
25,RIGHT_HIP,0.6321755051612854,0.7046881318092346,-0.05421111360192299,0,0
25,LEFT_KNEE,0.6408340334892273,0.7888538241386414,0.04080912098288536,0,0
25,RIGHT_KNEE,0.6658757925033569,0.7630243897438049,-0.17326627671718597,0,0
25,LEFT_ANKLE,0.5932153463363647,0.8622674345970154,0.09552695602178574,0,0
25,RIGHT_ANKLE,0.6624248623847961,0.8729721307754517,-0.16709056496620178,0,0
25,LEFT_HEEL,0.5809122920036316,0.85796058177948,0.098859503865242,0,0
25,RIGHT_HEEL,0.6526603698730469,0.8864841461181641,-0.16813848912715912,0,0
25,LEFT_FOOT_INDEX,0.5915670394897461,0.8907335996627808,0.06575772911310196,0,0
25,RIGHT_FOOT_INDEX,0.6788808703422546,0.9006035327911377,-0.22599533200263977,0,0
26,NOSE,0.6661262512207031,0.5552720427513123,-0.1836046576499939,0,0
26,LEFT_EYE_INNER,0.6654371619224548,0.5452989339828491,-0.16611406207084656,0,0
26,LEFT_EYE,0.6663802862167358,0.5445139408111572,-0.1661287248134613,0,0
26,LEFT_EYE_OUTER,0.667352020740509,0.5436672568321228,-0.166179358959198,0,0
26,RIGHT_EYE_INNER,0.6611515283584595,0.5472673177719116,-0.18021011352539062,0,0
26,RIGHT_EYE,0.6588736176490784,0.5480040311813354,-0.18027660250663757,0,0
26,RIGHT_EYE_OUTER,0.6566267609596252,0.5486443638801575,-0.18028134107589722,0,0
26,LEFT_EAR,0.665764570236206,0.5452883839607239,-0.07724716514348984,0,0
26,RIGHT_EAR,0.6520002484321594,0.5519554018974304,-0.13842026889324188,0,0
26,MOUTH_LEFT,0.6680606007575989,0.562438428401947,-0.15084220468997955,0,0
26,MOUTH_RIGHT,0.6626521944999695,0.5643585324287415,-0.16723518073558807,0,0
26,LEFT_SHOULDER,0.6685863137245178,0.5884045362472534,0.009813730604946613,0,0
26,RIGHT_SHOULDER,0.6463983058929443,0.5942386984825134,-0.15198808908462524,0,0
26,LEFT_ELBOW,0.6678332686424255,0.6436409950256348,0.047935497015714645,0,0
26,RIGHT_ELBOW,0.6584329009056091,0.6693421602249146,-0.1490488201379776,0,0
26,LEFT_WRIST,0.6850809454917908,0.682592511177063,0.0032580653205513954,0,0
26,RIGHT_WRIST,0.6784487366676331,0.69057697057724,-0.1349998414516449,0,0
26,LEFT_PINKY,0.6918984055519104,0.6926392316818237,-0.004423843696713448,0,0
26,RIGHT_PINKY,0.6859549283981323,0.7061782479286194,-0.14987006783485413,0,0
26,LEFT_INDEX,0.6905363202095032,0.6905171871185303,-0.02124139294028282,0,0
26,RIGHT_INDEX,0.6879605650901794,0.7014622092247009,-0.15588395297527313,0,0
26,LEFT_THUMB,0.6895343065261841,0.6880089044570923,-0.005810008384287357,0,0
26,RIGHT_THUMB,0.6854297518730164,0.6963774561882019,-0.13693265616893768,0,0
26,LEFT_HIP,0.6546875238418579,0.7047958970069885,0.04920076206326485,0,0
26,RIGHT_HIP,0.6370524764060974,0.7041779160499573,-0.04920239746570587,0,0
26,LEFT_KNEE,0.6657190322875977,0.7878836989402771,0.03054913319647312,0,0
26,RIGHT_KNEE,0.6418420672416687,0.7963605523109436,-0.12000584602355957,0,0
26,LEFT_ANKLE,0.6537969708442688,0.8746843338012695,0.07499509304761887,0,0
26,RIGHT_ANKLE,0.6011256575584412,0.8547415733337402,-0.09450919181108475,0,0
26,LEFT_HEEL,0.6429042220115662,0.8887872695922852,0.07609798014163971,0,0
26,RIGHT_HEEL,0.5846213698387146,0.848872721195221,-0.09340957552194595,0,0
26,LEFT_FOOT_INDEX,0.672882616519928,0.9001392722129822,0.03908294066786766,0,0
26,RIGHT_FOOT_INDEX,0.6053363680839539,0.9005458354949951,-0.14209866523742676,0,0
27,NOSE,0.6762019395828247,0.5571223497390747,-0.23951546847820282,0,0
27,LEFT_EYE_INNER,0.6749904155731201,0.5465192198753357,-0.2257515788078308,0,0
27,LEFT_EYE,0.6754652261734009,0.5457210540771484,-0.22577457129955292,0,0
27,LEFT_EYE_OUTER,0.6758970022201538,0.544871985912323,-0.22582289576530457,0,0
27,RIGHT_EYE_INNER,0.6715461611747742,0.5479592084884644,-0.2396937757730484,0,0
27,RIGHT_EYE,0.6694062948226929,0.5484029650688171,-0.2397642880678177,0,0
27,RIGHT_EYE_OUTER,0.6671596765518188,0.5488918423652649,-0.23981206119060516,0,0
27,LEFT_EAR,0.67160564661026,0.5464741587638855,-0.14252826571464539,0,0
27,RIGHT_EAR,0.6605321168899536,0.5522226691246033,-0.20462627708911896,0,0
27,MOUTH_LEFT,0.6758779883384705,0.5642944574356079,-0.20626170933246613,0,0
27,MOUTH_RIGHT,0.6715290546417236,0.5662757158279419,-0.2243170440196991,0,0
27,LEFT_SHOULDER,0.6715561747550964,0.583791196346283,-0.03547947481274605,0,0
27,RIGHT_SHOULDER,0.6506901383399963,0.5946393609046936,-0.20348995923995972,0,0
27,LEFT_ELBOW,0.6739355325698853,0.6521023511886597,0.009529654867947102,0,0
27,RIGHT_ELBOW,0.6699162721633911,0.6587784290313721,-0.21256908774375916,0,0
27,LEFT_WRIST,0.6808859705924988,0.6889314651489258,-0.026540212333202362,0,0
27,RIGHT_WRIST,0.704310417175293,0.6863583326339722,-0.21367909014225006,0,0
27,LEFT_PINKY,0.681294858455658,0.7013656497001648,-0.03628537803888321,0,0
27,RIGHT_PINKY,0.7154697179794312,0.6993850469589233,-0.2352692037820816,0,0
27,LEFT_INDEX,0.6823045611381531,0.6971095204353333,-0.049695804715156555,0,0
27,RIGHT_INDEX,0.7173768281936646,0.6957446336746216,-0.23900383710861206,0,0
27,LEFT_THUMB,0.682079553604126,0.6943735480308533,-0.03378142789006233,0,0
27,RIGHT_THUMB,0.712907075881958,0.6905174255371094,-0.21444080770015717,0,0
27,LEFT_HIP,0.6571968793869019,0.7037362456321716,0.049553222954273224,0,0
27,RIGHT_HIP,0.6383596658706665,0.7021663784980774,-0.04961021989583969,0,0
27,LEFT_KNEE,0.6729028820991516,0.7944850921630859,0.043399449437856674,0,0
27,RIGHT_KNEE,0.6502509713172913,0.801991879940033,-0.12958060204982758,0,0
27,LEFT_ANKLE,0.6613513827323914,0.8814899921417236,0.1337103247642517,0,0
27,RIGHT_ANKLE,0.600714385509491,0.854343056678772,-0.08957982063293457,0,0
27,LEFT_HEEL,0.6515856385231018,0.8976224660873413,0.13936248421669006,0,0
27,RIGHT_HEEL,0.5864228010177612,0.8507504463195801,-0.08760979026556015,0,0
27,LEFT_FOOT_INDEX,0.6810028553009033,0.9068790078163147,0.09814653545618057,0,0
27,RIGHT_FOOT_INDEX,0.603922426700592,0.9076052308082581,-0.14505945146083832,0,0
28,NOSE,0.6838430166244507,0.5540896654129028,-0.21406470239162445,0,0
28,LEFT_EYE_INNER,0.6819605231285095,0.544479250907898,-0.20128630101680756,0,0
28,LEFT_EYE,0.6819522380828857,0.5436761975288391,-0.2013138085603714,0,0
28,LEFT_EYE_OUTER,0.6819098591804504,0.5428621768951416,-0.2013576179742813,0,0
28,RIGHT_EYE_INNER,0.6797117590904236,0.546269416809082,-0.21546760201454163,0,0
28,RIGHT_EYE,0.6780293583869934,0.5470165014266968,-0.21552690863609314,0,0
28,RIGHT_EYE_OUTER,0.676234781742096,0.5477862358093262,-0.2155763804912567,0,0
28,LEFT_EAR,0.6762499213218689,0.5436438918113708,-0.123903289437294,0,0
28,RIGHT_EAR,0.6695178151130676,0.5491991639137268,-0.1969214528799057,0,0
28,MOUTH_LEFT,0.6821581125259399,0.5613889098167419,-0.18314947187900543,0,0
28,MOUTH_RIGHT,0.6787211298942566,0.5631409287452698,-0.20317228138446808,0,0
28,LEFT_SHOULDER,0.674741804599762,0.5832165479660034,-0.029577147215604782,0,0
28,RIGHT_SHOULDER,0.6563994288444519,0.5949414968490601,-0.207308828830719,0,0
28,LEFT_ELBOW,0.6731204986572266,0.657269299030304,0.02033993974328041,0,0
28,RIGHT_ELBOW,0.679296612739563,0.6586236357688904,-0.22858326137065887,0,0
28,LEFT_WRIST,0.6771202087402344,0.6994953751564026,-0.006325642112642527,0,0
28,RIGHT_WRIST,0.7195863723754883,0.6734892725944519,-0.22981996834278107,0,0
28,LEFT_PINKY,0.6758139133453369,0.713075578212738,-0.012769164517521858,0,0
28,RIGHT_PINKY,0.7303454875946045,0.6838886141777039,-0.25263580679893494,0,0
28,LEFT_INDEX,0.6778591275215149,0.7080565094947815,-0.028797579929232597,0,0
28,RIGHT_INDEX,0.7323181629180908,0.6789197325706482,-0.25487467646598816,0,0
28,LEFT_THUMB,0.6777364015579224,0.7045438289642334,-0.013996762223541737,0,0
28,RIGHT_THUMB,0.7291969060897827,0.6756290793418884,-0.23006494343280792,0,0
28,LEFT_HIP,0.6622573137283325,0.7048007249832153,0.05295279994606972,0,0
28,RIGHT_HIP,0.6429519653320312,0.7024897336959839,-0.05306004732847214,0,0
28,LEFT_KNEE,0.6770058870315552,0.7996436357498169,0.032495349645614624,0,0
28,RIGHT_KNEE,0.6579179763793945,0.8047577738761902,-0.13768015801906586,0,0
28,LEFT_ANKLE,0.6619971990585327,0.8872198462486267,0.12485366314649582,0,0
28,RIGHT_ANKLE,0.6160705089569092,0.8617740273475647,-0.07897088676691055,0,0
28,LEFT_HEEL,0.6536005735397339,0.9028697609901428,0.1311502754688263,0,0
28,RIGHT_HEEL,0.6033404469490051,0.8648834824562073,-0.07526801526546478,0,0
28,LEFT_FOOT_INDEX,0.6836099028587341,0.9115808010101318,0.09236998856067657,0,0
28,RIGHT_FOOT_INDEX,0.6232707500457764,0.9167979955673218,-0.12911759316921234,0,0
29,NOSE,0.6841775178909302,0.5525895953178406,-0.20710879564285278,0,0
29,LEFT_EYE_INNER,0.6822317242622375,0.5443562865257263,-0.1946665346622467,0,0
29,LEFT_EYE,0.6822751760482788,0.5435459613800049,-0.19470015168190002,0,0
29,LEFT_EYE_OUTER,0.6823217868804932,0.542678952217102,-0.1947486698627472,0,0
29,RIGHT_EYE_INNER,0.6800329685211182,0.5459538102149963,-0.20836707949638367,0,0
29,RIGHT_EYE,0.6784374117851257,0.5466517210006714,-0.20842324197292328,0,0
29,RIGHT_EYE_OUTER,0.6767812967300415,0.5474352836608887,-0.20847277343273163,0,0
29,LEFT_EAR,0.6765488982200623,0.5422703623771667,-0.11782503873109818,0,0
29,RIGHT_EAR,0.6698058843612671,0.5475273132324219,-0.1899755895137787,0,0
29,MOUTH_LEFT,0.6827179193496704,0.5599415302276611,-0.1765555888414383,0,0
29,MOUTH_RIGHT,0.6793049573898315,0.5615783333778381,-0.19669651985168457,0,0
29,LEFT_SHOULDER,0.6745688319206238,0.5836634039878845,-0.02735831029713154,0,0
29,RIGHT_SHOULDER,0.657555341720581,0.5949732661247253,-0.20165686309337616,0,0
29,LEFT_ELBOW,0.6722757816314697,0.6583117842674255,0.029222076758742332,0,0
29,RIGHT_ELBOW,0.6793264150619507,0.6580963134765625,-0.2253340184688568,0,0
29,LEFT_WRIST,0.6763705611228943,0.7002637386322021,0.005908900871872902,0,0
29,RIGHT_WRIST,0.7209848761558533,0.6700876951217651,-0.22958874702453613,0,0
29,LEFT_PINKY,0.676478922367096,0.7133345603942871,0.0002576159022282809,0,0
29,RIGHT_PINKY,0.731538712978363,0.6804975867271423,-0.2522735893726349,0,0
29,LEFT_INDEX,0.6783143877983093,0.709566593170166,-0.01645292155444622,0,0
29,RIGHT_INDEX,0.7335269451141357,0.6751983165740967,-0.2546420991420746,0,0
29,LEFT_THUMB,0.6773700714111328,0.7054688930511475,-0.0018467326881363988,0,0
29,RIGHT_THUMB,0.7302756905555725,0.6721115708351135,-0.22999700903892517,0,0
29,LEFT_HIP,0.6625359654426575,0.7061998248100281,0.05343003571033478,0,0
29,RIGHT_HIP,0.6432251334190369,0.7033736109733582,-0.05353330448269844,0,0
29,LEFT_KNEE,0.6771672964096069,0.8024501204490662,0.028638074174523354,0,0
29,RIGHT_KNEE,0.657941997051239,0.8046090006828308,-0.1430170238018036,0,0
29,LEFT_ANKLE,0.6618108749389648,0.8876633644104004,0.12147250026464462,0,0
29,RIGHT_ANKLE,0.6181094646453857,0.8685458302497864,-0.0908292829990387,0,0
29,LEFT_HEEL,0.6538980603218079,0.9039899706840515,0.12775106728076935,0,0
29,RIGHT_HEEL,0.6070384979248047,0.8761969804763794,-0.08755286782979965,0,0
29,LEFT_FOOT_INDEX,0.682332456111908,0.9120580554008484,0.0894363597035408,0,0
29,RIGHT_FOOT_INDEX,0.6256887316703796,0.9199816584587097,-0.14000989496707916,0,0
30,NOSE,0.6927505135536194,0.5498783588409424,-0.11661490052938461,0,0
30,LEFT_EYE_INNER,0.689821183681488,0.5404644012451172,-0.10929446667432785,0,0
30,LEFT_EYE,0.6894569396972656,0.5398438572883606,-0.10933291167020798,0,0
30,LEFT_EYE_OUTER,0.6890211701393127,0.5390500426292419,-0.10937272757291794,0,0
30,RIGHT_EYE_INNER,0.6885315179824829,0.5410565137863159,-0.13028308749198914,0,0
30,RIGHT_EYE,0.6872800588607788,0.5410597920417786,-0.13030953705310822,0,0
30,RIGHT_EYE_OUTER,0.6859076023101807,0.5409606695175171,-0.1303481161594391,0,0
30,LEFT_EAR,0.681922197341919,0.5409451723098755,-0.06518290191888809,0,0
30,RIGHT_EAR,0.6786463260650635,0.543152391910553,-0.17016007006168365,0,0
30,MOUTH_LEFT,0.6908774971961975,0.559180498123169,-0.09740889072418213,0,0
30,MOUTH_RIGHT,0.6888988614082336,0.5599804520606995,-0.12517154216766357,0,0
30,LEFT_SHOULDER,0.6737522482872009,0.5821366906166077,0.003249209374189377,0,0
30,RIGHT_SHOULDER,0.6646896600723267,0.5928120613098145,-0.1851489096879959,0,0
30,LEFT_ELBOW,0.6721519231796265,0.6604323387145996,0.04499822482466698,0,0
30,RIGHT_ELBOW,0.6813266277313232,0.6603373289108276,-0.20942272245883942,0,0
30,LEFT_WRIST,0.6765572428703308,0.6986422538757324,0.01970728673040867,0,0
30,RIGHT_WRIST,0.7195297479629517,0.6642802357673645,-0.20722420513629913,0,0
30,LEFT_PINKY,0.6775947213172913,0.7116086483001709,0.015587941743433475,0,0
30,RIGHT_PINKY,0.7302932739257812,0.6666936874389648,-0.2272784411907196,0,0
30,LEFT_INDEX,0.6794865131378174,0.7082010507583618,0.0007811023970134556,0,0
30,RIGHT_INDEX,0.7320600152015686,0.6569519639015198,-0.2513652443885803,0,0
30,LEFT_THUMB,0.6783539652824402,0.7025316953659058,0.012135740369558334,0,0
30,RIGHT_THUMB,0.7280013561248779,0.6556417346000671,-0.21318623423576355,0,0
30,LEFT_HIP,0.6600698828697205,0.7064752578735352,0.05863679200410843,0,0
30,RIGHT_HIP,0.6463529467582703,0.7060050368309021,-0.058706674724817276,0,0
30,LEFT_KNEE,0.6771078109741211,0.8001623749732971,0.05829871445894241,0,0
30,RIGHT_KNEE,0.6660903096199036,0.8069677352905273,-0.09843633323907852,0,0
30,LEFT_ANKLE,0.6621589660644531,0.888243556022644,0.1242675706744194,0,0
30,RIGHT_ANKLE,0.6395277380943298,0.893821656703949,-0.03508777916431427,0,0
30,LEFT_HEEL,0.6542248129844666,0.9021607041358948,0.1282690018415451,0,0
30,RIGHT_HEEL,0.6289018392562866,0.9057049751281738,-0.030659107491374016,0,0
30,LEFT_FOOT_INDEX,0.6817284226417542,0.9148550629615784,0.09438471496105194,0,0
30,RIGHT_FOOT_INDEX,0.6589572429656982,0.940636932849884,-0.07677654922008514,0,0
31,NOSE,0.697421133518219,0.5429027080535889,-0.04417458921670914,0,0
31,LEFT_EYE_INNER,0.6940235495567322,0.5332233309745789,-0.0378229059278965,0,0
31,LEFT_EYE,0.6933729648590088,0.5325474143028259,-0.03787127509713173,0,0
31,LEFT_EYE_OUTER,0.692719042301178,0.5317404270172119,-0.03789650276303291,0,0
31,RIGHT_EYE_INNER,0.693600594997406,0.5337083339691162,-0.058869339525699615,0,0
31,RIGHT_EYE,0.6926998496055603,0.5334783792495728,-0.05889836698770523,0,0
31,RIGHT_EYE_OUTER,0.6917899250984192,0.5330821871757507,-0.05893882364034653,0,0
31,LEFT_EAR,0.6864866018295288,0.5339637398719788,-0.0009916821727529168,0,0
31,RIGHT_EAR,0.6854172945022583,0.5348520278930664,-0.09642548859119415,0,0
31,MOUTH_LEFT,0.6952264904975891,0.5509387254714966,-0.027920255437493324,0,0
31,MOUTH_RIGHT,0.6944072842597961,0.5512522459030151,-0.05526904761791229,0,0
31,LEFT_SHOULDER,0.6749878525733948,0.5814496278762817,0.06568775326013565,0,0
31,RIGHT_SHOULDER,0.6731501817703247,0.5898587703704834,-0.13633491098880768,0,0
31,LEFT_ELBOW,0.6795680522918701,0.6582415699958801,0.10198836773633957,0,0
31,RIGHT_ELBOW,0.685906171798706,0.6574210524559021,-0.13003620505332947,0,0
31,LEFT_WRIST,0.6939789652824402,0.6827192306518555,0.07012713700532913,0,0
31,RIGHT_WRIST,0.7168881893157959,0.637257993221283,-0.07263421267271042,0,0
31,LEFT_PINKY,0.6973021626472473,0.6897544860839844,0.06817802041769028,0,0
31,RIGHT_PINKY,0.7251514196395874,0.6343862414360046,-0.08308413624763489,0,0
31,LEFT_INDEX,0.6914107203483582,0.6756648421287537,0.053869787603616714,0,0
31,RIGHT_INDEX,0.7253652811050415,0.6271156072616577,-0.08441507816314697,0,0
31,LEFT_THUMB,0.6979843974113464,0.681696355342865,0.061899133026599884,0,0
31,RIGHT_THUMB,0.7209664583206177,0.6290264129638672,-0.07143893837928772,0,0
31,LEFT_HIP,0.6577877402305603,0.7052947282791138,0.0638071671128273,0,0
31,RIGHT_HIP,0.6503754258155823,0.7052127122879028,-0.06376469880342484,0,0
31,LEFT_KNEE,0.6746994256973267,0.7990760803222656,0.05671391636133194,0,0
31,RIGHT_KNEE,0.6713522672653198,0.8040614724159241,-0.0836489200592041,0,0
31,LEFT_ANKLE,0.6626169681549072,0.8933408856391907,0.10586372762918472,0,0
31,RIGHT_ANKLE,0.6611440181732178,0.9125311970710754,-0.050263501703739166,0,0
31,LEFT_HEEL,0.6542825698852539,0.9173838496208191,0.09662983566522598,0,0
31,RIGHT_HEEL,0.6519958972930908,0.9344161152839661,-0.05352667719125748,0,0
31,LEFT_FOOT_INDEX,0.6820366382598877,0.9178090691566467,0.06156351789832115,0,0
31,RIGHT_FOOT_INDEX,0.6872415542602539,0.9445958137512207,-0.09673383086919785,0,0
32,NOSE,0.7012045383453369,0.5381485819816589,-0.028708573430776596,0,0
32,LEFT_EYE_INNER,0.6984506249427795,0.5298333168029785,-0.02381756342947483,0,0
32,LEFT_EYE,0.697771430015564,0.5291695594787598,-0.023865465074777603,0,0
32,LEFT_EYE_OUTER,0.6971156001091003,0.5284505486488342,-0.023890674114227295,0,0
32,RIGHT_EYE_INNER,0.6984016299247742,0.53066486120224,-0.0447789765894413,0,0
32,RIGHT_EYE,0.6977202892303467,0.5306059122085571,-0.0448165126144886,0,0
32,RIGHT_EYE_OUTER,0.6970669031143188,0.5304709076881409,-0.044841233640909195,0,0
32,LEFT_EAR,0.690962553024292,0.530475378036499,0.009290327318012714,0,0
32,RIGHT_EAR,0.6910727024078369,0.5326380133628845,-0.08414619415998459,0,0
32,MOUTH_LEFT,0.6990498304367065,0.5450488328933716,-0.013358231633901596,0,0
32,MOUTH_RIGHT,0.6985961198806763,0.545534074306488,-0.040403079241514206,0,0
32,LEFT_SHOULDER,0.6774928569793701,0.5754906535148621,0.07898635417222977,0,0
32,RIGHT_SHOULDER,0.6787262558937073,0.5894274711608887,-0.11766009777784348,0,0
32,LEFT_ELBOW,0.6877247095108032,0.6213177442550659,0.1336674690246582,0,0
32,RIGHT_ELBOW,0.6933622360229492,0.6506386995315552,-0.08643877506256104,0,0
32,LEFT_WRIST,0.7052106857299805,0.6309105753898621,0.11171891540288925,0,0
32,RIGHT_WRIST,0.7133941650390625,0.6161324977874756,0.012275279499590397,0,0
32,LEFT_PINKY,0.7095908522605896,0.637088418006897,0.11075152456760406,0,0
32,RIGHT_PINKY,0.7189935445785522,0.6106222867965698,0.010797062888741493,0,0
32,LEFT_INDEX,0.70868319272995,0.6294633746147156,0.09696705639362335,0,0
32,RIGHT_INDEX,0.717229962348938,0.6037532687187195,0.006018341518938541,0,0
32,LEFT_THUMB,0.7080643773078918,0.628588080406189,0.10421032458543777,0,0
32,RIGHT_THUMB,0.7141311168670654,0.6062868237495422,0.014007175341248512,0,0
32,LEFT_HIP,0.6575053334236145,0.6968952417373657,0.06486055254936218,0,0
32,RIGHT_HIP,0.6524298787117004,0.7045817375183105,-0.06475389748811722,0,0
32,LEFT_KNEE,0.6731261610984802,0.7974974513053894,0.06391759216785431,0,0
32,RIGHT_KNEE,0.6743748784065247,0.8088623285293579,-0.08862140029668808,0,0
32,LEFT_ANKLE,0.6630051732063293,0.8904805779457092,0.10048303753137589,0,0
32,RIGHT_ANKLE,0.6772554516792297,0.9346741437911987,-0.10202954709529877,0,0
32,LEFT_HEEL,0.6557971835136414,0.9108704924583435,0.09991306811571121,0,0
32,RIGHT_HEEL,0.6693530678749084,0.9550600647926331,-0.10696827620267868,0,0
32,LEFT_FOOT_INDEX,0.6848021745681763,0.9165710806846619,0.07399097084999084,0,0
32,RIGHT_FOOT_INDEX,0.7014681100845337,0.9588121175765991,-0.15744680166244507,0,0
33,NOSE,0.703335165977478,0.5331196784973145,-0.015370958484709263,0,0
33,LEFT_EYE_INNER,0.7003673911094666,0.52608323097229,-0.013271141797304153,0,0
33,LEFT_EYE,0.6994868516921997,0.5255876183509827,-0.013318738900125027,0,0
33,LEFT_EYE_OUTER,0.6987162828445435,0.5251431465148926,-0.013348341919481754,0,0
33,RIGHT_EYE_INNER,0.701448380947113,0.5275723338127136,-0.03147702291607857,0,0
33,RIGHT_EYE,0.7012866139411926,0.5280353426933289,-0.03152447193861008,0,0
33,RIGHT_EYE_OUTER,0.7012218236923218,0.528473436832428,-0.03155658766627312,0,0
33,LEFT_EAR,0.693159282207489,0.5285151600837708,0.0077833798713982105,0,0
33,RIGHT_EAR,0.6972134709358215,0.5324786305427551,-0.07271882146596909,0,0
33,MOUTH_LEFT,0.7008046507835388,0.539492666721344,-0.004494468681514263,0,0
33,MOUTH_RIGHT,0.7015103697776794,0.540688157081604,-0.027917543426156044,0,0
33,LEFT_SHOULDER,0.6766729950904846,0.5686511397361755,0.07567533105611801,0,0
33,RIGHT_SHOULDER,0.6870871186256409,0.5892002582550049,-0.10684923082590103,0,0
33,LEFT_ELBOW,0.6869914531707764,0.608784556388855,0.1510944664478302,0,0
33,RIGHT_ELBOW,0.7012889981269836,0.6505826115608215,-0.05667705461382866,0,0
33,LEFT_WRIST,0.7030410170555115,0.6213520169258118,0.16739808022975922,0,0
33,RIGHT_WRIST,0.711190402507782,0.6182519793510437,0.0604751892387867,0,0
33,LEFT_PINKY,0.7063825130462646,0.6276647448539734,0.17283061146736145,0,0
33,RIGHT_PINKY,0.7151672840118408,0.6147933602333069,0.0639970675110817,0,0
33,LEFT_INDEX,0.7059507966041565,0.6224234104156494,0.16049958765506744,0,0
33,RIGHT_INDEX,0.7132068872451782,0.6106433868408203,0.05759741738438606,0,0
33,LEFT_THUMB,0.7054103016853333,0.6208447217941284,0.16180212795734406,0,0
33,RIGHT_THUMB,0.7107992172241211,0.609805703163147,0.061935290694236755,0,0
33,LEFT_HIP,0.657856822013855,0.690451443195343,0.06561954319477081,0,0
33,RIGHT_HIP,0.6544987559318542,0.7044742703437805,-0.06553766876459122,0,0
33,LEFT_KNEE,0.686176598072052,0.7529240250587463,0.09627678990364075,0,0
33,RIGHT_KNEE,0.6786131262779236,0.8146845102310181,-0.09979493916034698,0,0
33,LEFT_ANKLE,0.6764628291130066,0.8349266648292542,0.17096400260925293,0,0
33,RIGHT_ANKLE,0.691570520401001,0.9421994090080261,-0.12743285298347473,0,0
33,LEFT_HEEL,0.6707388162612915,0.8486446142196655,0.17653046548366547,0,0
33,RIGHT_HEEL,0.6832544207572937,0.9599392414093018,-0.13255959749221802,0,0
33,LEFT_FOOT_INDEX,0.694424569606781,0.8546791076660156,0.15943622589111328,0,0
33,RIGHT_FOOT_INDEX,0.7149358987808228,0.9624747037887573,-0.18939754366874695,0,0
34,NOSE,0.7079519629478455,0.5350662469863892,-0.03787318244576454,0,0
34,LEFT_EYE_INNER,0.7057250142097473,0.5272507667541504,-0.03304266557097435,0,0
34,LEFT_EYE,0.7051003575325012,0.5267388224601746,-0.033088285475969315,0,0
34,LEFT_EYE_OUTER,0.7046109437942505,0.5262414813041687,-0.0331161729991436,0,0
34,RIGHT_EYE_INNER,0.705880343914032,0.5285962224006653,-0.052119992673397064,0,0
34,RIGHT_EYE,0.7053177952766418,0.5289979577064514,-0.05216504633426666,0,0
34,RIGHT_EYE_OUTER,0.7048487067222595,0.5293790698051453,-0.05219979211688042,0,0
34,LEFT_EAR,0.6988141536712646,0.5293062329292297,-6.913380639161915e-05,0,0
34,RIGHT_EAR,0.6997026801109314,0.5332682728767395,-0.08485530316829681,0,0
34,MOUTH_LEFT,0.7050875425338745,0.5419696569442749,-0.02271333336830139,0,0
34,MOUTH_RIGHT,0.7048081755638123,0.543127715587616,-0.04747972637414932,0,0
34,LEFT_SHOULDER,0.6810099482536316,0.5685117244720459,0.07218994200229645,0,0
34,RIGHT_SHOULDER,0.689480185508728,0.5896128416061401,-0.11596214771270752,0,0
34,LEFT_ELBOW,0.6935758590698242,0.581821084022522,0.1512572467327118,0,0
34,RIGHT_ELBOW,0.704702615737915,0.6477753520011902,-0.07914376258850098,0,0
34,LEFT_WRIST,0.701830267906189,0.5730223655700684,0.19178315997123718,0,0
34,RIGHT_WRIST,0.7107462286949158,0.6182156205177307,0.025878874585032463,0,0
34,LEFT_PINKY,0.7027493119239807,0.5719892978668213,0.19987846910953522,0,0
34,RIGHT_PINKY,0.7127082347869873,0.6128963828086853,0.026240553706884384,0,0
34,LEFT_INDEX,0.7023695111274719,0.5702868700027466,0.19149012863636017,0,0
34,RIGHT_INDEX,0.7105711698532104,0.611358642578125,0.019723163917660713,0,0
34,LEFT_THUMB,0.7026278972625732,0.5713316798210144,0.18777231872081757,0,0
34,RIGHT_THUMB,0.7094508409500122,0.6109837293624878,0.02698388323187828,0,0
34,LEFT_HIP,0.6613307595252991,0.692023515701294,0.06484466791152954,0,0
34,RIGHT_HIP,0.6555901169776917,0.7056874632835388,-0.0647459551692009,0,0
34,LEFT_KNEE,0.6837961077690125,0.7791652083396912,0.08351047337055206,0,0
34,RIGHT_KNEE,0.6834739446640015,0.8123151659965515,-0.08957386761903763,0,0
34,LEFT_ANKLE,0.6855422854423523,0.841647207736969,0.1453576236963272,0,0
34,RIGHT_ANKLE,0.6935491561889648,0.9345524907112122,-0.0973028615117073,0,0
34,LEFT_HEEL,0.6806831359863281,0.8506701588630676,0.14940990507602692,0,0
34,RIGHT_HEEL,0.6865820288658142,0.950683057308197,-0.09952972084283829,0,0
34,LEFT_FOOT_INDEX,0.7043799161911011,0.8754956126213074,0.12498686462640762,0,0
34,RIGHT_FOOT_INDEX,0.7160969972610474,0.9556844234466553,-0.15314331650733948,0,0
35,NOSE,0.7088042497634888,0.5361464023590088,0.013874041847884655,0,0
35,LEFT_EYE_INNER,0.7066985368728638,0.5279416441917419,0.018254846334457397,0,0
35,LEFT_EYE,0.7060203552246094,0.5274235010147095,0.018199969083070755,0,0
35,LEFT_EYE_OUTER,0.705410361289978,0.5269042253494263,0.018175996840000153,0,0
35,RIGHT_EYE_INNER,0.706811249256134,0.5292179584503174,-0.0005036118673160672,0,0
35,RIGHT_EYE,0.7062227725982666,0.5295842289924622,-0.0005646059289574623,0,0
35,RIGHT_EYE_OUTER,0.7057023644447327,0.5299269556999207,-0.0006199062918312848,0,0
35,LEFT_EAR,0.699356198310852,0.5293986201286316,0.03993421420454979,0,0
35,RIGHT_EAR,0.7007626295089722,0.5334075093269348,-0.043680183589458466,0,0
35,MOUTH_LEFT,0.7056732773780823,0.5432334542274475,0.023868026211857796,0,0
35,MOUTH_RIGHT,0.7054923176765442,0.5443131327629089,-0.0003859280259348452,0,0
35,LEFT_SHOULDER,0.6819379329681396,0.5677218437194824,0.0925537571310997,0,0
35,RIGHT_SHOULDER,0.6916764378547668,0.5883884429931641,-0.09467805922031403,0,0
35,LEFT_ELBOW,0.6948314905166626,0.6243664622306824,0.12298312783241272,0,0
35,RIGHT_ELBOW,0.7079668045043945,0.6451004147529602,-0.05674869939684868,0,0
35,LEFT_WRIST,0.7019786238670349,0.6582865118980408,0.10365154594182968,0,0
35,RIGHT_WRIST,0.7084900140762329,0.6167056560516357,0.06702608615159988,0,0
35,LEFT_PINKY,0.6996046900749207,0.6743846535682678,0.10306499898433685,0,0
35,RIGHT_PINKY,0.7105082869529724,0.6136188507080078,0.07164863497018814,0,0
35,LEFT_INDEX,0.6995146870613098,0.6620582342147827,0.09208057820796967,0,0
35,RIGHT_INDEX,0.7077876329421997,0.6119147539138794,0.06436226516962051,0,0
35,LEFT_THUMB,0.6994231343269348,0.659216046333313,0.09737244993448257,0,0
35,RIGHT_THUMB,0.7060192227363586,0.6099652051925659,0.0678025335073471,0,0
35,LEFT_HIP,0.6617771983146667,0.6923523545265198,0.06556028872728348,0,0
35,RIGHT_HIP,0.6566866636276245,0.7066125869750977,-0.06548886001110077,0,0
35,LEFT_KNEE,0.6834427118301392,0.7884697914123535,0.09447546303272247,0,0
35,RIGHT_KNEE,0.6838896870613098,0.8102626204490662,-0.0918295606970787,0,0
35,LEFT_ANKLE,0.6858875751495361,0.8783698678016663,0.14002077281475067,0,0
35,RIGHT_ANKLE,0.6952547430992126,0.9346032738685608,-0.10464227199554443,0,0
35,LEFT_HEEL,0.6803178191184998,0.8943106532096863,0.14227120578289032,0,0
35,RIGHT_HEEL,0.6869174838066101,0.9540574550628662,-0.10824163258075714,0,0
35,LEFT_FOOT_INDEX,0.7071506381034851,0.8978276252746582,0.12106294929981232,0,0
35,RIGHT_FOOT_INDEX,0.7183581590652466,0.9555237889289856,-0.15579184889793396,0,0
36,NOSE,0.7110514044761658,0.5367971062660217,0.019407544285058975,0,0
36,LEFT_EYE_INNER,0.7087860703468323,0.5282712578773499,0.025018496438860893,0,0
36,LEFT_EYE,0.7081864476203918,0.5277418494224548,0.0249655619263649,0,0
36,LEFT_EYE_OUTER,0.7076752185821533,0.5272343754768372,0.024936262518167496,0,0
36,RIGHT_EYE_INNER,0.7086503505706787,0.5294266939163208,0.00603270810097456,0,0
36,RIGHT_EYE,0.7079560160636902,0.5296810269355774,0.00597530510276556,0,0
36,RIGHT_EYE_OUTER,0.7073387503623962,0.5299402475357056,0.005929130595177412,0,0
36,LEFT_EAR,0.70195072889328,0.5293487906455994,0.05119499936699867,0,0
36,RIGHT_EAR,0.7022758722305298,0.5327713489532471,-0.033079881221055984,0,0
36,MOUTH_LEFT,0.7082561254501343,0.5438913702964783,0.030678370967507362,0,0
36,MOUTH_RIGHT,0.7078424692153931,0.5447719693183899,0.006253891624510288,0,0
36,LEFT_SHOULDER,0.684657096862793,0.5684153437614441,0.1032915860414505,0,0
36,RIGHT_SHOULDER,0.6931107640266418,0.5847501754760742,-0.08810233324766159,0,0
36,LEFT_ELBOW,0.6978695392608643,0.6341145634651184,0.11075793951749802,0,0
36,RIGHT_ELBOW,0.7117395997047424,0.6437273621559143,-0.054886508733034134,0,0
36,LEFT_WRIST,0.7020664215087891,0.665532648563385,0.07210420817136765,0,0
36,RIGHT_WRIST,0.7086566090583801,0.6226706504821777,0.07244392484426498,0,0
36,LEFT_PINKY,0.6992562413215637,0.6760045289993286,0.06552103161811829,0,0
36,RIGHT_PINKY,0.7128826975822449,0.6223924160003662,0.07809735834598541,0,0
36,LEFT_INDEX,0.6990987658500671,0.6629168391227722,0.06790348142385483,0,0
36,RIGHT_INDEX,0.7070200443267822,0.6170815229415894,0.0707695484161377,0,0
36,LEFT_THUMB,0.7000070214271545,0.666789174079895,0.06837813556194305,0,0
36,RIGHT_THUMB,0.7057271599769592,0.6177232265472412,0.07364802062511444,0,0
36,LEFT_HIP,0.6631439328193665,0.6956337094306946,0.06502566486597061,0,0
36,RIGHT_HIP,0.6610309481620789,0.7066423296928406,-0.06497256457805634,0,0
36,LEFT_KNEE,0.6847160458564758,0.7948330640792847,0.09337250143289566,0,0
36,RIGHT_KNEE,0.6870282292366028,0.8101921677589417,-0.08642930537462234,0,0
36,LEFT_ANKLE,0.6891925930976868,0.8934699296951294,0.12985709309577942,0,0
36,RIGHT_ANKLE,0.6942024827003479,0.9355495572090149,-0.10070020705461502,0,0
36,LEFT_HEEL,0.6829198598861694,0.910407304763794,0.1313319057226181,0,0
36,RIGHT_HEEL,0.6854106783866882,0.9562066197395325,-0.10409381985664368,0,0
36,LEFT_FOOT_INDEX,0.7098186612129211,0.9182766675949097,0.10999689996242523,0,0
36,RIGHT_FOOT_INDEX,0.717412531375885,0.9587195515632629,-0.14894837141036987,0,0
37,NOSE,0.7128369212150574,0.5371835827827454,0.027988474816083908,0,0
37,LEFT_EYE_INNER,0.71076899766922,0.5283069014549255,0.0336395725607872,0,0
37,LEFT_EYE,0.7101879715919495,0.5277541279792786,0.03359045460820198,0,0
37,LEFT_EYE_OUTER,0.7096951603889465,0.5272536277770996,0.03356802463531494,0,0
37,RIGHT_EYE_INNER,0.7107881307601929,0.5292776226997375,0.014381663873791695,0,0
37,RIGHT_EYE,0.710247278213501,0.5293866395950317,0.014325985684990883,0,0
37,RIGHT_EYE_OUTER,0.7097786664962769,0.5295308232307434,0.01427542045712471,0,0
37,LEFT_EAR,0.7044249176979065,0.5287132859230042,0.05880182981491089,0,0
37,RIGHT_EAR,0.7049466371536255,0.5317083597183228,-0.026493342593312263,0,0
37,MOUTH_LEFT,0.7097788453102112,0.5440496206283569,0.03889642283320427,0,0
37,MOUTH_RIGHT,0.7095754742622375,0.5446943640708923,0.014150329865515232,0,0
37,LEFT_SHOULDER,0.6857314705848694,0.570593535900116,0.10719706863164902,0,0
37,RIGHT_SHOULDER,0.6950148940086365,0.5785074830055237,-0.08256734162569046,0,0
37,LEFT_ELBOW,0.7004377245903015,0.6417925357818604,0.10936086624860764,0,0
37,RIGHT_ELBOW,0.7103090286254883,0.6389798521995544,-0.054330311715602875,0,0
37,LEFT_WRIST,0.7021155953407288,0.6649736762046814,0.0255760308355093,0,0
37,RIGHT_WRIST,0.7071882486343384,0.6165030598640442,0.07321098446846008,0,0
37,LEFT_PINKY,0.7013323903083801,0.6754105687141418,0.017245573922991753,0,0
37,RIGHT_PINKY,0.7103604078292847,0.6185541749000549,0.07946634292602539,0,0
37,LEFT_INDEX,0.6994968056678772,0.6652814745903015,0.016844289377331734,0,0
37,RIGHT_INDEX,0.7052432298660278,0.6135191321372986,0.07381458580493927,0,0
37,LEFT_THUMB,0.6999024152755737,0.6650121212005615,0.021618660539388657,0,0
37,RIGHT_THUMB,0.7056699395179749,0.6149343252182007,0.0752621442079544,0,0
37,LEFT_HIP,0.6653667688369751,0.700552761554718,0.06476788967847824,0,0
37,RIGHT_HIP,0.6672365069389343,0.7079562544822693,-0.06473778188228607,0,0
37,LEFT_KNEE,0.690791130065918,0.8025239706039429,0.11653348803520203,0,0
37,RIGHT_KNEE,0.6912695169448853,0.8254287242889404,-0.0716828852891922,0,0
37,LEFT_ANKLE,0.6844163537025452,0.8897989988327026,0.1784231960773468,0,0
37,RIGHT_ANKLE,0.6957821249961853,0.9404178261756897,-0.08416742831468582,0,0
37,LEFT_HEEL,0.6784465312957764,0.905614972114563,0.1827734112739563,0,0
37,RIGHT_HEEL,0.6865799427032471,0.9595000147819519,-0.08766502887010574,0,0
37,LEFT_FOOT_INDEX,0.7026352286338806,0.9139621257781982,0.16747282445430756,0,0
37,RIGHT_FOOT_INDEX,0.7214599251747131,0.9630018472671509,-0.12702727317810059,0,0
38,NOSE,0.7132605910301208,0.5351465940475464,0.03813439607620239,0,0
38,LEFT_EYE_INNER,0.7112271785736084,0.5253908634185791,0.042521003633737564,0,0
38,LEFT_EYE,0.7105157375335693,0.5247877240180969,0.04247689247131348,0,0
38,LEFT_EYE_OUTER,0.709918737411499,0.5243500471115112,0.04246121644973755,0,0
38,RIGHT_EYE_INNER,0.7118750214576721,0.5263960361480713,0.023776104673743248,0,0
38,RIGHT_EYE,0.7116245627403259,0.5264825224876404,0.023716671392321587,0,0
38,RIGHT_EYE_OUTER,0.7114602327346802,0.5266749858856201,0.023657111451029778,0,0
38,LEFT_EAR,0.7049222588539124,0.525714099407196,0.06166872754693031,0,0
38,RIGHT_EAR,0.7073883414268494,0.5289487242698669,-0.021821051836013794,0,0
38,MOUTH_LEFT,0.7098508477210999,0.5415570735931396,0.04687368497252464,0,0
38,MOUTH_RIGHT,0.7103593945503235,0.5421847701072693,0.02266536094248295,0,0
38,LEFT_SHOULDER,0.6848351955413818,0.5707194805145264,0.10179755091667175,0,0
38,RIGHT_SHOULDER,0.6978504657745361,0.5753079652786255,-0.07799437642097473,0,0
38,LEFT_ELBOW,0.6995789408683777,0.6426761746406555,0.10883777588605881,0,0
38,RIGHT_ELBOW,0.712037980556488,0.6343491673469543,-0.04888740926980972,0,0
38,LEFT_WRIST,0.7016761898994446,0.6735478639602661,0.03257881477475166,0,0
38,RIGHT_WRIST,0.7088353037834167,0.6160781383514404,0.081268310546875,0,0
38,LEFT_PINKY,0.7015535235404968,0.6875427961349487,0.025793366134166718,0,0
38,RIGHT_PINKY,0.7099756598472595,0.6144849061965942,0.08760197460651398,0,0
38,LEFT_INDEX,0.6993424892425537,0.6791728734970093,0.021528733894228935,0,0
38,RIGHT_INDEX,0.7042114734649658,0.6070091724395752,0.08334405720233917,0,0
38,LEFT_THUMB,0.6997106671333313,0.6747990846633911,0.02753751166164875,0,0
38,RIGHT_THUMB,0.7044371962547302,0.6074157357215881,0.08356955647468567,0,0
38,LEFT_HIP,0.6650265455245972,0.701095461845398,0.06359509378671646,0,0
38,RIGHT_HIP,0.6700872778892517,0.7084183692932129,-0.06357316672801971,0,0
38,LEFT_KNEE,0.6867577433586121,0.8046609163284302,0.1129988506436348,0,0
38,RIGHT_KNEE,0.6940218806266785,0.8230170011520386,-0.06316179782152176,0,0
38,LEFT_ANKLE,0.6822305917739868,0.8947799801826477,0.17081986367702484,0,0
38,RIGHT_ANKLE,0.6963444948196411,0.9398453235626221,-0.0673457607626915,0,0
38,LEFT_HEEL,0.6663423180580139,0.9033501148223877,0.17469288408756256,0,0
38,RIGHT_HEEL,0.6863745450973511,0.9585408568382263,-0.06974924355745316,0,0
38,LEFT_FOOT_INDEX,0.6963306069374084,0.9175142645835876,0.1573290079832077,0,0
38,RIGHT_FOOT_INDEX,0.7174005508422852,0.9649745225906372,-0.10969125479459763,0,0
39,NOSE,0.713142991065979,0.530747652053833,0.021136345341801643,0,0
39,LEFT_EYE_INNER,0.7115781307220459,0.5206516981124878,0.026500405743718147,0,0
39,LEFT_EYE,0.710995614528656,0.520161509513855,0.02645561657845974,0,0
39,LEFT_EYE_OUTER,0.7105292081832886,0.5198244452476501,0.026445722207427025,0,0
39,RIGHT_EYE_INNER,0.711882472038269,0.5214459896087646,0.007728817407041788,0,0
39,RIGHT_EYE,0.7115094065666199,0.5215239524841309,0.007668022532016039,0,0
39,RIGHT_EYE_OUTER,0.7112566232681274,0.5217356085777283,0.0076098358258605,0,0
39,LEFT_EAR,0.7054130434989929,0.5214284658432007,0.04994231089949608,0,0
39,RIGHT_EAR,0.707451581954956,0.524634063243866,-0.03326747193932533,0,0
39,MOUTH_LEFT,0.7099115252494812,0.5374111533164978,0.03150983154773712,0,0
39,MOUTH_RIGHT,0.7100043892860413,0.5379086136817932,0.007387188728898764,0,0
39,LEFT_SHOULDER,0.6864368319511414,0.5697163939476013,0.09602101892232895,0,0
39,RIGHT_SHOULDER,0.6999965310096741,0.5672343373298645,-0.08639226108789444,0,0
39,LEFT_ELBOW,0.6986958980560303,0.6384808421134949,0.1025775596499443,0,0
39,RIGHT_ELBOW,0.711610734462738,0.623961865901947,-0.06115894392132759,0,0
39,LEFT_WRIST,0.7016193866729736,0.66999751329422,0.043375611305236816,0,0
39,RIGHT_WRIST,0.7136455774307251,0.6068333387374878,0.0638125017285347,0,0
39,LEFT_PINKY,0.7021938562393188,0.681780993938446,0.036506883800029755,0,0
39,RIGHT_PINKY,0.7155917882919312,0.6039170622825623,0.0690014660358429,0,0
39,LEFT_INDEX,0.6999816298484802,0.6741861701011658,0.039314936846494675,0,0
39,RIGHT_INDEX,0.7129487991333008,0.5981970429420471,0.06619866192340851,0,0
39,LEFT_THUMB,0.700266420841217,0.6714090704917908,0.04048139601945877,0,0
39,RIGHT_THUMB,0.7109053730964661,0.5997905135154724,0.06660570204257965,0,0
39,LEFT_HIP,0.6676534414291382,0.7009798288345337,0.0630093440413475,0,0
39,RIGHT_HIP,0.6704347133636475,0.7063418626785278,-0.06299435347318649,0,0
39,LEFT_KNEE,0.6793183088302612,0.7992469072341919,0.11315417289733887,0,0
39,RIGHT_KNEE,0.6937394738197327,0.8225014805793762,-0.0709112212061882,0,0
39,LEFT_ANKLE,0.6607710719108582,0.8878079056739807,0.17101497948169708,0,0
39,RIGHT_ANKLE,0.6961362361907959,0.9397636651992798,-0.0698438361287117,0,0
39,LEFT_HEEL,0.6525136828422546,0.8989317417144775,0.17495295405387878,0,0
39,RIGHT_HEEL,0.6874231696128845,0.9599277973175049,-0.07589896023273468,0,0
39,LEFT_FOOT_INDEX,0.6686885356903076,0.9009129405021667,0.156748965382576,0,0
39,RIGHT_FOOT_INDEX,0.7189906239509583,0.9643099308013916,-0.11315304785966873,0,0
40,NOSE,0.7129901647567749,0.5300083160400391,0.04453347250819206,0,0
40,LEFT_EYE_INNER,0.7113182544708252,0.5196992754936218,0.04813270643353462,0,0
40,LEFT_EYE,0.7106870412826538,0.5192519426345825,0.04809374734759331,0,0
40,LEFT_EYE_OUTER,0.7101792097091675,0.5189547538757324,0.0480867475271225,0,0
40,RIGHT_EYE_INNER,0.7118368148803711,0.5204834342002869,0.030178282409906387,0,0
40,RIGHT_EYE,0.7115278244018555,0.5205965042114258,0.030120190232992172,0,0
40,RIGHT_EYE_OUTER,0.7113472819328308,0.5208464860916138,0.030052607879042625,0,0
40,LEFT_EAR,0.7051071524620056,0.5206338763237,0.06190621480345726,0,0
40,RIGHT_EAR,0.7077919840812683,0.5237314105033875,-0.017937595024704933,0,0
40,MOUTH_LEFT,0.7097177505493164,0.5368298292160034,0.05141648277640343,0,0
40,MOUTH_RIGHT,0.7100743651390076,0.5373191237449646,0.028292182832956314,0,0
40,LEFT_SHOULDER,0.68519127368927,0.5692129731178284,0.09880824387073517,0,0
40,RIGHT_SHOULDER,0.7029833197593689,0.5655511021614075,-0.07430417090654373,0,0
40,LEFT_ELBOW,0.6962623000144958,0.6374997496604919,0.10491413623094559,0,0
40,RIGHT_ELBOW,0.7126176953315735,0.619539201259613,-0.0504574254155159,0,0
40,LEFT_WRIST,0.7002350687980652,0.6773840188980103,0.06785085052251816,0,0
40,RIGHT_WRIST,0.711762011051178,0.6009172797203064,0.07230523228645325,0,0
40,LEFT_PINKY,0.696915328502655,0.6890588998794556,0.06539133936166763,0,0
40,RIGHT_PINKY,0.717146098613739,0.6045385599136353,0.07837343215942383,0,0
40,LEFT_INDEX,0.6973447799682617,0.688169002532959,0.0610528439283371,0,0
40,RIGHT_INDEX,0.7145574688911438,0.5992339253425598,0.07735151797533035,0,0
40,LEFT_THUMB,0.6979280710220337,0.6822888255119324,0.06340507417917252,0,0
40,RIGHT_THUMB,0.7121221423149109,0.6004054546356201,0.07561333477497101,0,0
40,LEFT_HIP,0.6690547466278076,0.7011083364486694,0.06282427161931992,0,0
40,RIGHT_HIP,0.6709932088851929,0.7059922814369202,-0.06278372555971146,0,0
40,LEFT_KNEE,0.6774495244026184,0.7986719012260437,0.10248614847660065,0,0
40,RIGHT_KNEE,0.6939830780029297,0.8206141591072083,-0.07467274367809296,0,0
40,LEFT_ANKLE,0.659170389175415,0.8856312036514282,0.15929211676120758,0,0
40,RIGHT_ANKLE,0.6952773332595825,0.9398961663246155,-0.07827138155698776,0,0
40,LEFT_HEEL,0.6513742208480835,0.8978107571601868,0.16320092976093292,0,0
40,RIGHT_HEEL,0.6865900158882141,0.9594777226448059,-0.08342154324054718,0,0
40,LEFT_FOOT_INDEX,0.6670094132423401,0.8974902629852295,0.14475777745246887,0,0
40,RIGHT_FOOT_INDEX,0.7181660532951355,0.9631209969520569,-0.12211985886096954,0,0
41,NOSE,0.7150794863700867,0.5252991914749146,0.039917681366205215,0,0
41,LEFT_EYE_INNER,0.7125570774078369,0.5153487920761108,0.04441951960325241,0,0
41,LEFT_EYE,0.7118300199508667,0.5150641798973083,0.04437919333577156,0,0
41,LEFT_EYE_OUTER,0.7112361192703247,0.5149054527282715,0.04435957223176956,0,0
41,RIGHT_EYE_INNER,0.7129237651824951,0.5160543322563171,0.025182276964187622,0,0
41,RIGHT_EYE,0.7124359011650085,0.5162346959114075,0.025129318237304688,0,0
41,RIGHT_EYE_OUTER,0.7120586037635803,0.5165088176727295,0.025052916258573532,0,0
41,LEFT_EAR,0.7055490016937256,0.5179519057273865,0.061782609671354294,0,0
41,RIGHT_EAR,0.7076907753944397,0.5206335186958313,-0.023352505639195442,0,0
41,MOUTH_LEFT,0.7115777730941772,0.5325249433517456,0.04834875836968422,0,0
41,MOUTH_RIGHT,0.7117676138877869,0.533050000667572,0.02364572137594223,0,0
41,LEFT_SHOULDER,0.6841549277305603,0.5646835565567017,0.10635209083557129,0,0
41,RIGHT_SHOULDER,0.6990631818771362,0.5642332434654236,-0.08146966248750687,0,0
41,LEFT_ELBOW,0.6927146911621094,0.6319277882575989,0.11908991634845734,0,0
41,RIGHT_ELBOW,0.7095847725868225,0.6236191987991333,-0.06177617236971855,0,0
41,LEFT_WRIST,0.6997921466827393,0.673306941986084,0.09517573565244675,0,0
41,RIGHT_WRIST,0.7195805907249451,0.6043388247489929,0.0473204143345356,0,0
41,LEFT_PINKY,0.6967777609825134,0.6852290034294128,0.09499114006757736,0,0
41,RIGHT_PINKY,0.7257928252220154,0.6225747466087341,0.05119819566607475,0,0
41,LEFT_INDEX,0.6977787613868713,0.6813687682151794,0.08822736889123917,0,0
41,RIGHT_INDEX,0.7237733602523804,0.6118712425231934,0.050734564661979675,0,0
41,LEFT_THUMB,0.6984694600105286,0.6774060130119324,0.08981774747371674,0,0
41,RIGHT_THUMB,0.720979630947113,0.6143196225166321,0.05060507729649544,0,0
41,LEFT_HIP,0.6676324009895325,0.69806307554245,0.0627286285161972,0,0
41,RIGHT_HIP,0.6726608276367188,0.7032802700996399,-0.06271111220121384,0,0
41,LEFT_KNEE,0.6736505627632141,0.7941620945930481,0.10229770094156265,0,0
41,RIGHT_KNEE,0.6958156228065491,0.8192532062530518,-0.07694306969642639,0,0
41,LEFT_ANKLE,0.6597511172294617,0.8799490332603455,0.15239422023296356,0,0
41,RIGHT_ANKLE,0.6957228779792786,0.9394410848617554,-0.08965275436639786,0,0
41,LEFT_HEEL,0.6527278423309326,0.8977370262145996,0.15627720952033997,0,0
41,RIGHT_HEEL,0.6872760057449341,0.9583160281181335,-0.09355130791664124,0,0
41,LEFT_FOOT_INDEX,0.671951174736023,0.8977974057197571,0.1346309334039688,0,0
41,RIGHT_FOOT_INDEX,0.7173063158988953,0.9618436694145203,-0.1330786496400833,0,0
42,NOSE,0.7166948914527893,0.5208609104156494,0.04939378798007965,0,0
42,LEFT_EYE_INNER,0.7134008407592773,0.5113796591758728,0.04861569404602051,0,0
42,LEFT_EYE,0.7124136090278625,0.5111100077629089,0.048592206090688705,0,0
42,LEFT_EYE_OUTER,0.7115302681922913,0.5109160542488098,0.048565108329057693,0,0
42,RIGHT_EYE_INNER,0.714297354221344,0.5123841166496277,0.031569238752126694,0,0
42,RIGHT_EYE,0.7139273881912231,0.51273512840271,0.03152189031243324,0,0
42,RIGHT_EYE_OUTER,0.713640570640564,0.5131189227104187,0.031459614634513855,0,0
42,LEFT_EAR,0.7055298686027527,0.5145929455757141,0.049330927431583405,0,0
42,RIGHT_EAR,0.7093133330345154,0.5176529884338379,-0.027069348841905594,0,0
42,MOUTH_LEFT,0.7132079601287842,0.5284484028816223,0.05191626399755478,0,0
42,MOUTH_RIGHT,0.7141459584236145,0.5294436812400818,0.03001352585852146,0,0
42,LEFT_SHOULDER,0.6843634247779846,0.5531654953956604,0.09579625725746155,0,0
42,RIGHT_SHOULDER,0.7048128247261047,0.5668501853942871,-0.08601653575897217,0,0
42,LEFT_ELBOW,0.6974343061447144,0.6162700653076172,0.12700025737285614,0,0
42,RIGHT_ELBOW,0.7144168615341187,0.626003086566925,-0.0538024939596653,0,0
42,LEFT_WRIST,0.7193565368652344,0.6429027318954468,0.12192892283201218,0,0
42,RIGHT_WRIST,0.72709721326828,0.6348000764846802,0.06051536276936531,0,0
42,LEFT_PINKY,0.7240525484085083,0.640686571598053,0.12449969351291656,0,0
42,RIGHT_PINKY,0.7322033643722534,0.6382082104682922,0.0648670643568039,0,0
42,LEFT_INDEX,0.7226716876029968,0.6411500573158264,0.11511710286140442,0,0
42,RIGHT_INDEX,0.7300166487693787,0.6338867545127869,0.06273467093706131,0,0
42,LEFT_THUMB,0.7244350910186768,0.6447228193283081,0.11638159304857254,0,0
42,RIGHT_THUMB,0.7282775044441223,0.6342918872833252,0.0633823499083519,0,0
42,LEFT_HIP,0.6643778085708618,0.6932541728019714,0.06187071278691292,0,0
42,RIGHT_HIP,0.6780423521995544,0.7021158933639526,-0.06186444312334061,0,0
42,LEFT_KNEE,0.6674278974533081,0.79176926612854,0.11599912494421005,0,0
42,RIGHT_KNEE,0.694247305393219,0.8190073370933533,-0.07144223153591156,0,0
42,LEFT_ANKLE,0.6562890410423279,0.8800654411315918,0.16470381617546082,0,0
42,RIGHT_ANKLE,0.6945542097091675,0.9395355582237244,-0.08846690505743027,0,0
42,LEFT_HEEL,0.6522696018218994,0.897777795791626,0.1680130809545517,0,0
42,RIGHT_HEEL,0.6866531372070312,0.9584835767745972,-0.09177105873823166,0,0
42,LEFT_FOOT_INDEX,0.6722978949546814,0.8930529952049255,0.1552458107471466,0,0
42,RIGHT_FOOT_INDEX,0.715557336807251,0.9611963629722595,-0.12793061137199402,0,0
43,NOSE,0.7145931720733643,0.5164980292320251,0.07044149935245514,0,0
43,LEFT_EYE_INNER,0.7114905118942261,0.5077835917472839,0.06649473309516907,0,0
43,LEFT_EYE,0.7104471921920776,0.5073747634887695,0.0664786696434021,0,0
43,LEFT_EYE_OUTER,0.7095264196395874,0.5070165395736694,0.06645370274782181,0,0
43,RIGHT_EYE_INNER,0.7127254605293274,0.5090266466140747,0.05155019834637642,0,0
43,RIGHT_EYE,0.7125263810157776,0.5094506740570068,0.05150821432471275,0,0
43,RIGHT_EYE_OUTER,0.7123953104019165,0.5099177360534668,0.05144229903817177,0,0
43,LEFT_EAR,0.7036869525909424,0.510346531867981,0.052947498857975006,0,0
43,RIGHT_EAR,0.7090043425559998,0.514741063117981,-0.013710924424231052,0,0
43,MOUTH_LEFT,0.7112798094749451,0.5240129232406616,0.06847141683101654,0,0
43,MOUTH_RIGHT,0.7125625014305115,0.5254380702972412,0.04915005341172218,0,0
43,LEFT_SHOULDER,0.6841459274291992,0.5491895079612732,0.09302319586277008,0,0
43,RIGHT_SHOULDER,0.705880343914032,0.5666077733039856,-0.07867781072854996,0,0
43,LEFT_ELBOW,0.6964066028594971,0.6171795129776001,0.12009500712156296,0,0
43,RIGHT_ELBOW,0.7147940993309021,0.6273642778396606,-0.045732833445072174,0,0
43,LEFT_WRIST,0.7203828692436218,0.6466236710548401,0.10837098956108093,0,0
43,RIGHT_WRIST,0.7313365340232849,0.6473198533058167,0.06428704410791397,0,0
43,LEFT_PINKY,0.7242840528488159,0.647085428237915,0.1102607473731041,0,0
43,RIGHT_PINKY,0.7367355823516846,0.6532521843910217,0.06857126206159592,0,0
43,LEFT_INDEX,0.7279764413833618,0.6424381136894226,0.10048036277294159,0,0
43,RIGHT_INDEX,0.7361843585968018,0.6480596661567688,0.06748148798942566,0,0
43,LEFT_THUMB,0.7269362807273865,0.6494669318199158,0.10277204215526581,0,0
43,RIGHT_THUMB,0.7336130738258362,0.6461939215660095,0.0674014538526535,0,0
43,LEFT_HIP,0.6613467931747437,0.6900148391723633,0.061718009412288666,0,0
43,RIGHT_HIP,0.6794649958610535,0.6997948884963989,-0.06169821321964264,0,0
43,LEFT_KNEE,0.6628051400184631,0.7865533828735352,0.1312319040298462,0,0
43,RIGHT_KNEE,0.6929354071617126,0.8132176399230957,-0.06873081624507904,0,0
43,LEFT_ANKLE,0.6515872478485107,0.8788223266601562,0.18758763372898102,0,0
43,RIGHT_ANKLE,0.6939190030097961,0.9437105059623718,-0.08864720910787582,0,0
43,LEFT_HEEL,0.6479867696762085,0.8974539041519165,0.19217929244041443,0,0
43,RIGHT_HEEL,0.6864436268806458,0.9634765386581421,-0.0919964537024498,0,0
43,LEFT_FOOT_INDEX,0.6639358997344971,0.8855487108230591,0.1827542632818222,0,0
43,RIGHT_FOOT_INDEX,0.7168270349502563,0.96068274974823,-0.12803129851818085,0,0
44,NOSE,0.7147628664970398,0.5162217020988464,0.06212552636861801,0,0
44,LEFT_EYE_INNER,0.7116730213165283,0.5070344805717468,0.05946242809295654,0,0
44,LEFT_EYE,0.7104954123497009,0.5066093802452087,0.05944373458623886,0,0
44,LEFT_EYE_OUTER,0.7093439102172852,0.5062217116355896,0.05942097678780556,0,0
44,RIGHT_EYE_INNER,0.7128363251686096,0.5081576108932495,0.044147178530693054,0,0
44,RIGHT_EYE,0.7125523090362549,0.5085029006004333,0.04410719871520996,0,0
44,RIGHT_EYE_OUTER,0.7122938632965088,0.5088682770729065,0.0440417155623436,0,0
44,LEFT_EAR,0.7029715776443481,0.5097452402114868,0.05133074149489403,0,0
44,RIGHT_EAR,0.708436906337738,0.5136557817459106,-0.01664460077881813,0,0
44,MOUTH_LEFT,0.7113113403320312,0.5240670442581177,0.062353331595659256,0,0
44,MOUTH_RIGHT,0.7124665379524231,0.5251816511154175,0.04254065454006195,0,0
44,LEFT_SHOULDER,0.6839096546173096,0.5506792664527893,0.09424986690282822,0,0
44,RIGHT_SHOULDER,0.7055022716522217,0.5658770203590393,-0.0812903568148613,0,0
44,LEFT_ELBOW,0.693928062915802,0.6194016337394714,0.11736538261175156,0,0
44,RIGHT_ELBOW,0.7158522009849548,0.6278905272483826,-0.05135909095406532,0,0
44,LEFT_WRIST,0.7152499556541443,0.6486132144927979,0.10098813474178314,0,0
44,RIGHT_WRIST,0.7356588244438171,0.6578924059867859,0.05319168418645859,0,0
44,LEFT_PINKY,0.7163352370262146,0.6520606875419617,0.10233280807733536,0,0
44,RIGHT_PINKY,0.7405323386192322,0.665901780128479,0.05540301650762558,0,0
44,LEFT_INDEX,0.7220560312271118,0.655372142791748,0.09272803366184235,0,0
44,RIGHT_INDEX,0.7410511374473572,0.6627034544944763,0.0545501634478569,0,0
44,LEFT_THUMB,0.7211595177650452,0.6553500890731812,0.09523089230060577,0,0
44,RIGHT_THUMB,0.7386322617530823,0.6597460508346558,0.05615448206663132,0,0
44,LEFT_HIP,0.6583003401756287,0.6903188228607178,0.0627010241150856,0,0
44,RIGHT_HIP,0.6780611276626587,0.6997271776199341,-0.06274830549955368,0,0
44,LEFT_KNEE,0.6606547832489014,0.7851398587226868,0.1463523656129837,0,0
44,RIGHT_KNEE,0.6922858953475952,0.8124212622642517,-0.05797427147626877,0,0
44,LEFT_ANKLE,0.646636962890625,0.8787894248962402,0.2178390622138977,0,0
44,RIGHT_ANKLE,0.6932348012924194,0.9434777498245239,-0.06404896080493927,0,0
44,LEFT_HEEL,0.6415018439292908,0.8955236673355103,0.22390948235988617,0,0
44,RIGHT_HEEL,0.6856243014335632,0.9651596546173096,-0.0660664364695549,0,0
44,LEFT_FOOT_INDEX,0.6575199961662292,0.8888447880744934,0.21323293447494507,0,0
44,RIGHT_FOOT_INDEX,0.718271791934967,0.9611642360687256,-0.10408323258161545,0,0
45,NOSE,0.7147039771080017,0.5147979855537415,0.056906938552856445,0,0
45,LEFT_EYE_INNER,0.7115499377250671,0.5057487487792969,0.053875233978033066,0,0
45,LEFT_EYE,0.7103389501571655,0.5053697824478149,0.05385371670126915,0,0
45,LEFT_EYE_OUTER,0.7091299295425415,0.5050063729286194,0.05382899194955826,0,0
45,RIGHT_EYE_INNER,0.7126644253730774,0.5066966414451599,0.03839998319745064,0,0
45,RIGHT_EYE,0.7123246788978577,0.5069541931152344,0.03835993632674217,0,0
45,RIGHT_EYE_OUTER,0.7120110392570496,0.5072073936462402,0.03829394653439522,0,0
45,LEFT_EAR,0.7025431394577026,0.5085814595222473,0.04658883810043335,0,0
45,RIGHT_EAR,0.707869827747345,0.5122654438018799,-0.022876815870404243,0,0
45,MOUTH_LEFT,0.7112109661102295,0.5228907465934753,0.05703990161418915,0,0
45,MOUTH_RIGHT,0.7122306227684021,0.5238386392593384,0.03704046085476875,0,0
45,LEFT_SHOULDER,0.6837657690048218,0.5504534840583801,0.09211954474449158,0,0
45,RIGHT_SHOULDER,0.7052699327468872,0.5663804411888123,-0.08379235863685608,0,0
45,LEFT_ELBOW,0.6935392022132874,0.6196918487548828,0.11844127625226974,0,0
45,RIGHT_ELBOW,0.7160369753837585,0.628748893737793,-0.05590241402387619,0,0
45,LEFT_WRIST,0.7170541882514954,0.6506921648979187,0.10606273263692856,0,0
45,RIGHT_WRIST,0.7365737557411194,0.6612836718559265,0.047470059245824814,0,0
45,LEFT_PINKY,0.7204251885414124,0.6557934284210205,0.10842283070087433,0,0
45,RIGHT_PINKY,0.7416185736656189,0.670134961605072,0.0493575781583786,0,0
45,LEFT_INDEX,0.7254917621612549,0.6564050316810608,0.09784482419490814,0,0
45,RIGHT_INDEX,0.7417021989822388,0.6657459735870361,0.04777740314602852,0,0
45,LEFT_THUMB,0.7243173122406006,0.6561955213546753,0.1000182256102562,0,0
45,RIGHT_THUMB,0.7400821447372437,0.663360595703125,0.05016575753688812,0,0
45,LEFT_HIP,0.657383382320404,0.6903996467590332,0.06365010887384415,0,0
45,RIGHT_HIP,0.6775323748588562,0.6998766660690308,-0.06371452659368515,0,0
45,LEFT_KNEE,0.6604087948799133,0.7844584584236145,0.14970406889915466,0,0
45,RIGHT_KNEE,0.6922416090965271,0.8124181628227234,-0.05984807386994362,0,0
45,LEFT_ANKLE,0.6457739472389221,0.8788198232650757,0.2249101847410202,0,0
45,RIGHT_ANKLE,0.6931687593460083,0.9436846971511841,-0.06553439050912857,0,0
45,LEFT_HEEL,0.6405496001243591,0.8946372270584106,0.23126067221164703,0,0
45,RIGHT_HEEL,0.6853725910186768,0.9655957221984863,-0.06764405220746994,0,0
45,LEFT_FOOT_INDEX,0.656741201877594,0.8901668190956116,0.22037029266357422,0,0
45,RIGHT_FOOT_INDEX,0.7190110087394714,0.9618202447891235,-0.10656299442052841,0,0
46,NOSE,0.7140229344367981,0.5149472951889038,0.08309807628393173,0,0
46,LEFT_EYE_INNER,0.7114955186843872,0.5058184862136841,0.08339269459247589,0,0
46,LEFT_EYE,0.7101223468780518,0.5054779052734375,0.0833742618560791,0,0
46,LEFT_EYE_OUTER,0.7087582945823669,0.5051388740539551,0.08334724605083466,0,0
46,RIGHT_EYE_INNER,0.7122268676757812,0.5065581202507019,0.06687119603157043,0,0
46,RIGHT_EYE,0.7117658853530884,0.5067333579063416,0.06683723628520966,0,0
46,RIGHT_EYE_OUTER,0.7113521695137024,0.5069379210472107,0.06677090376615524,0,0
46,LEFT_EAR,0.7022596597671509,0.5083821415901184,0.08207584917545319,0,0
46,RIGHT_EAR,0.7070934772491455,0.5117698311805725,0.008669758215546608,0,0
46,MOUTH_LEFT,0.7105613946914673,0.5232381224632263,0.08513624966144562,0,0
46,MOUTH_RIGHT,0.7113515138626099,0.5240232348442078,0.06381449848413467,0,0
46,LEFT_SHOULDER,0.6835391521453857,0.5503544211387634,0.12434304505586624,0,0
46,RIGHT_SHOULDER,0.7036800384521484,0.5632852911949158,-0.06276357918977737,0,0
46,LEFT_ELBOW,0.6931015849113464,0.6234971880912781,0.14271600544452667,0,0
46,RIGHT_ELBOW,0.7145874500274658,0.631206214427948,-0.04771246016025543,0,0
46,LEFT_WRIST,0.7193456292152405,0.6590718030929565,0.11965920031070709,0,0
46,RIGHT_WRIST,0.7365236878395081,0.6662023663520813,0.03893422707915306,0,0
46,LEFT_PINKY,0.7256055474281311,0.6670494675636292,0.12070228904485703,0,0
46,RIGHT_PINKY,0.7433114647865295,0.6755412817001343,0.0360247828066349,0,0
46,LEFT_INDEX,0.7291574478149414,0.6654084920883179,0.1102505549788475,0,0
46,RIGHT_INDEX,0.7441998720169067,0.6702288389205933,0.03905351832509041,0,0
46,LEFT_THUMB,0.7276527881622314,0.663368821144104,0.11312990635633469,0,0
46,RIGHT_THUMB,0.7418929934501648,0.6669653654098511,0.04255859926342964,0,0
46,LEFT_HIP,0.6575524210929871,0.6905373334884644,0.06557955592870712,0,0
46,RIGHT_HIP,0.676947832107544,0.6999325752258301,-0.0656275600194931,0,0
46,LEFT_KNEE,0.6600358486175537,0.7799572348594666,0.1506170928478241,0,0
46,RIGHT_KNEE,0.6922776103019714,0.812656581401825,-0.06589769572019577,0,0
46,LEFT_ANKLE,0.6431489586830139,0.8739079236984253,0.2278081625699997,0,0
46,RIGHT_ANKLE,0.6924067139625549,0.9445943236351013,-0.08646443486213684,0,0
46,LEFT_HEEL,0.6359783411026001,0.8885202407836914,0.23428331315517426,0,0
46,RIGHT_HEEL,0.6849526762962341,0.9670449495315552,-0.08988365530967712,0,0
46,LEFT_FOOT_INDEX,0.6561152338981628,0.8884332776069641,0.22340531647205353,0,0
46,RIGHT_FOOT_INDEX,0.7185767292976379,0.9649140238761902,-0.13086551427841187,0,0
47,NOSE,0.7137630581855774,0.5153573751449585,0.06945206224918365,0,0
47,LEFT_EYE_INNER,0.7107080817222595,0.5056840181350708,0.06963885575532913,0,0
47,LEFT_EYE,0.7092772722244263,0.5053232312202454,0.06961320340633392,0,0
47,LEFT_EYE_OUTER,0.7078869342803955,0.5049825310707092,0.06958567351102829,0,0
47,RIGHT_EYE_INNER,0.7121842503547668,0.5065324306488037,0.05256539210677147,0,0
47,RIGHT_EYE,0.7114458680152893,0.5067331194877625,0.052537817507982254,0,0
47,RIGHT_EYE_OUTER,0.7108556032180786,0.5069844126701355,0.052467767149209976,0,0
47,LEFT_EAR,0.7014038562774658,0.5085508227348328,0.06919088214635849,0,0
47,RIGHT_EAR,0.706685483455658,0.5121843218803406,-0.006546247284859419,0,0
47,MOUTH_LEFT,0.7103082537651062,0.5237911939620972,0.07200230658054352,0,0
47,MOUTH_RIGHT,0.7109987735748291,0.5246801376342773,0.04995187371969223,0,0
47,LEFT_SHOULDER,0.6826768517494202,0.549061119556427,0.11311966925859451,0,0
47,RIGHT_SHOULDER,0.7025349140167236,0.5633761286735535,-0.07333862781524658,0,0
47,LEFT_ELBOW,0.693076491355896,0.626387894153595,0.12992878258228302,0,0
47,RIGHT_ELBOW,0.7139380574226379,0.6390114426612854,-0.06772831082344055,0,0
47,LEFT_WRIST,0.7221452593803406,0.6678475141525269,0.11376778036355972,0,0
47,RIGHT_WRIST,0.734235405921936,0.677166223526001,-0.007408031728118658,0,0
47,LEFT_PINKY,0.7292171120643616,0.6761314868927002,0.11328817158937454,0,0
47,RIGHT_PINKY,0.7427141666412354,0.6863975524902344,-0.014486286789178848,0,0
47,LEFT_INDEX,0.7319891452789307,0.6697865724563599,0.09755454212427139,0,0
47,RIGHT_INDEX,0.7446140050888062,0.6813178658485413,-0.011030375026166439,0,0
47,LEFT_THUMB,0.7310200929641724,0.6729754209518433,0.10347305983304977,0,0
47,RIGHT_THUMB,0.7418051958084106,0.6784775853157043,-0.004253954626619816,0,0
47,LEFT_HIP,0.657776951789856,0.6908699870109558,0.06802339106798172,0,0
47,RIGHT_HIP,0.6763097047805786,0.7022664546966553,-0.06808944046497345,0,0
47,LEFT_KNEE,0.6589130759239197,0.778002142906189,0.1760304719209671,0,0
47,RIGHT_KNEE,0.693430483341217,0.8181737065315247,-0.06449826806783676,0,0
47,LEFT_ANKLE,0.6407440304756165,0.8691988587379456,0.27278125286102295,0,0
47,RIGHT_ANKLE,0.6918841004371643,0.9440531134605408,-0.06791818141937256,0,0
47,LEFT_HEEL,0.6336862444877625,0.8840674757957458,0.28163355588912964,0,0
47,RIGHT_HEEL,0.6844225525856018,0.9658381938934326,-0.06948073208332062,0,0
47,LEFT_FOOT_INDEX,0.6563395857810974,0.878588080406189,0.27354639768600464,0,0
47,RIGHT_FOOT_INDEX,0.7190088629722595,0.9641919136047363,-0.10903932899236679,0,0
48,NOSE,0.710785984992981,0.5157404541969299,0.03918458893895149,0,0
48,LEFT_EYE_INNER,0.7073482871055603,0.5065513253211975,0.03903944417834282,0,0
48,LEFT_EYE,0.7061092257499695,0.5062333941459656,0.03901255130767822,0,0
48,LEFT_EYE_OUTER,0.7049279808998108,0.5059256553649902,0.038992200046777725,0,0
48,RIGHT_EYE_INNER,0.709030032157898,0.5072200894355774,0.02177903987467289,0,0
48,RIGHT_EYE,0.7087505459785461,0.5073598027229309,0.02176625281572342,0,0
48,RIGHT_EYE_OUTER,0.7085657119750977,0.5075218081474304,0.0216915812343359,0,0
48,LEFT_EAR,0.6983422040939331,0.5088030695915222,0.038902245461940765,0,0
48,RIGHT_EAR,0.704228401184082,0.5136163234710693,-0.03840625286102295,0,0
48,MOUTH_LEFT,0.7077667117118835,0.5239657163619995,0.04213693365454674,0,0
48,MOUTH_RIGHT,0.7089502811431885,0.5252859592437744,0.01958315446972847,0,0
48,LEFT_SHOULDER,0.6786057353019714,0.5496038794517517,0.08437803387641907,0,0
48,RIGHT_SHOULDER,0.7019081115722656,0.5668197274208069,-0.10016926378011703,0,0
48,LEFT_ELBOW,0.6895778179168701,0.6332712769508362,0.10140132904052734,0,0
48,RIGHT_ELBOW,0.711836576461792,0.6501559615135193,-0.09573305398225784,0,0
48,LEFT_WRIST,0.7198734879493713,0.6814727783203125,0.07319097220897675,0,0
48,RIGHT_WRIST,0.7334132790565491,0.6935153007507324,-0.028964487835764885,0,0
48,LEFT_PINKY,0.7239152193069458,0.6921414136886597,0.07321738451719284,0,0
48,RIGHT_PINKY,0.7420645356178284,0.6994158029556274,-0.03602909296751022,0,0
48,LEFT_INDEX,0.7265793681144714,0.6918461918830872,0.06131579726934433,0,0
48,RIGHT_INDEX,0.7440738677978516,0.6938216686248779,-0.03321383148431778,0,0
48,LEFT_THUMB,0.7258082032203674,0.6903867721557617,0.06604979932308197,0,0
48,RIGHT_THUMB,0.7412206530570984,0.6924214959144592,-0.02597947046160698,0,0
48,LEFT_HIP,0.6568459868431091,0.6930124163627625,0.06798572093248367,0,0
48,RIGHT_HIP,0.6762682795524597,0.7083382606506348,-0.06808213144540787,0,0
48,LEFT_KNEE,0.6548139452934265,0.7775046825408936,0.19193975627422333,0,0
48,RIGHT_KNEE,0.6940852999687195,0.8246463537216187,-0.0509258434176445,0,0
48,LEFT_ANKLE,0.6385319828987122,0.864210844039917,0.29681965708732605,0,0
48,RIGHT_ANKLE,0.6916964054107666,0.9434852600097656,-0.03475101664662361,0,0
48,LEFT_HEEL,0.631902277469635,0.8808742165565491,0.3067377507686615,0,0
48,RIGHT_HEEL,0.6839711666107178,0.9648717641830444,-0.034451961517333984,0,0
48,LEFT_FOOT_INDEX,0.656458854675293,0.8646423816680908,0.29935795068740845,0,0
48,RIGHT_FOOT_INDEX,0.719010055065155,0.9636760354042053,-0.07260926067829132,0,0
49,NOSE,0.7065095901489258,0.5166168808937073,0.01819366030395031,0,0
49,LEFT_EYE_INNER,0.7029021978378296,0.5071102380752563,0.019562138244509697,0,0
49,LEFT_EYE,0.7017976641654968,0.5066525340080261,0.019533107057213783,0,0
49,LEFT_EYE_OUTER,0.7007567882537842,0.506227970123291,0.019514165818691254,0,0
49,RIGHT_EYE_INNER,0.7045278549194336,0.5081880688667297,0.0019099798519164324,0,0
49,RIGHT_EYE,0.7044342756271362,0.5084487199783325,0.0018989038653671741,0,0
49,RIGHT_EYE_OUTER,0.7044156789779663,0.5087891221046448,0.0018321409588679671,0,0
49,LEFT_EAR,0.694769561290741,0.509917140007019,0.026718348264694214,0,0
49,RIGHT_EAR,0.7003014087677002,0.5155537724494934,-0.0527772456407547,0,0
49,MOUTH_LEFT,0.7037547826766968,0.5245900750160217,0.02383243851363659,0,0
49,MOUTH_RIGHT,0.7051360011100769,0.5265821814537048,0.0007265848689712584,0,0
49,LEFT_SHOULDER,0.6766316294670105,0.5505146384239197,0.07648099213838577,0,0
49,RIGHT_SHOULDER,0.6987483501434326,0.5682321190834045,-0.11037535965442657,0,0
49,LEFT_ELBOW,0.6874778866767883,0.6380890011787415,0.09685298055410385,0,0
49,RIGHT_ELBOW,0.7046467065811157,0.6524721384048462,-0.11171405017375946,0,0
49,LEFT_WRIST,0.7196614742279053,0.6898213028907776,0.0689755380153656,0,0
49,RIGHT_WRIST,0.7318326234817505,0.7017220258712769,-0.05821312218904495,0,0
49,LEFT_PINKY,0.7218023538589478,0.701108455657959,0.06873968243598938,0,0
49,RIGHT_PINKY,0.7394182682037354,0.7076777815818787,-0.0684543326497078,0,0
49,LEFT_INDEX,0.7244907021522522,0.7021839022636414,0.056701723486185074,0,0
49,RIGHT_INDEX,0.7414085268974304,0.7019919157028198,-0.06608781218528748,0,0
49,LEFT_THUMB,0.72361159324646,0.7000159621238708,0.06198970973491669,0,0
49,RIGHT_THUMB,0.7381910085678101,0.700813889503479,-0.05580002814531326,0,0
49,LEFT_HIP,0.6558511257171631,0.6972350478172302,0.06805288046598434,0,0
49,RIGHT_HIP,0.6759378910064697,0.7129353880882263,-0.06815487891435623,0,0
49,LEFT_KNEE,0.6520898342132568,0.7774579524993896,0.2068966031074524,0,0
49,RIGHT_KNEE,0.6942921280860901,0.8301476836204529,-0.050671499222517014,0,0
49,LEFT_ANKLE,0.6373832821846008,0.8613149523735046,0.32507461309432983,0,0
49,RIGHT_ANKLE,0.6915237307548523,0.9445052146911621,-0.03582369163632393,0,0
49,LEFT_HEEL,0.6305579543113708,0.8803075551986694,0.3363169729709625,0,0
49,RIGHT_HEEL,0.6836965084075928,0.9649860262870789,-0.035940878093242645,0,0
49,LEFT_FOOT_INDEX,0.6578357815742493,0.8615753054618835,0.32880929112434387,0,0
49,RIGHT_FOOT_INDEX,0.7191461324691772,0.9633481502532959,-0.07686067372560501,0,0
50,NOSE,0.7060451507568359,0.5188179016113281,-0.00366173661313951,0,0
50,LEFT_EYE_INNER,0.702431321144104,0.5087450742721558,-0.0004583561676554382,0,0
50,LEFT_EYE,0.7014254331588745,0.5082125663757324,-0.00048784507089294493,0,0
50,LEFT_EYE_OUTER,0.7004898190498352,0.5077190399169922,-0.0005045298021286726,0,0
50,RIGHT_EYE_INNER,0.7036531567573547,0.5097455978393555,-0.019034842029213905,0,0
50,RIGHT_EYE,0.7034515142440796,0.5099161267280579,-0.019045796245336533,0,0
50,RIGHT_EYE_OUTER,0.7033311128616333,0.5101900100708008,-0.019108884036540985,0,0
50,LEFT_EAR,0.6941551566123962,0.5118852257728577,0.015555995516479015,0,0
50,RIGHT_EAR,0.6986685991287231,0.5171135067939758,-0.06828081607818604,0,0
50,MOUTH_LEFT,0.7033812403678894,0.5270256996154785,0.005202566273510456,0,0
50,MOUTH_RIGHT,0.7043916583061218,0.5289058685302734,-0.0191497839987278,0,0
50,LEFT_SHOULDER,0.6761730909347534,0.5511935353279114,0.07076794654130936,0,0
50,RIGHT_SHOULDER,0.6969075798988342,0.5688539147377014,-0.12227890640497208,0,0
50,LEFT_ELBOW,0.6868590712547302,0.6421499848365784,0.0933099314570427,0,0
50,RIGHT_ELBOW,0.7026481032371521,0.6542440056800842,-0.12647013366222382,0,0
50,LEFT_WRIST,0.7175905704498291,0.6964249610900879,0.06640667468309402,0,0
50,RIGHT_WRIST,0.7306681871414185,0.7032821178436279,-0.077793650329113,0,0
50,LEFT_PINKY,0.7207593321800232,0.7081327438354492,0.06620143353939056,0,0
50,RIGHT_PINKY,0.7386120557785034,0.7086740136146545,-0.08997970074415207,0,0
50,LEFT_INDEX,0.7234356999397278,0.7092908024787903,0.05362963676452637,0,0
50,RIGHT_INDEX,0.7408384680747986,0.7027808427810669,-0.0877801924943924,0,0
50,LEFT_THUMB,0.7235108613967896,0.7067832946777344,0.059277430176734924,0,0
50,RIGHT_THUMB,0.7374928593635559,0.701737642288208,-0.07561080902814865,0,0
50,LEFT_HIP,0.6556097269058228,0.699097216129303,0.06875503808259964,0,0
50,RIGHT_HIP,0.6757074594497681,0.7141525149345398,-0.06886424124240875,0,0
50,LEFT_KNEE,0.6506144404411316,0.777262806892395,0.21195754408836365,0,0
50,RIGHT_KNEE,0.6942383646965027,0.8316221237182617,-0.04882163554430008,0,0
50,LEFT_ANKLE,0.6367859244346619,0.8612527847290039,0.3344663381576538,0,0
50,RIGHT_ANKLE,0.6916313171386719,0.9445809721946716,-0.029468415305018425,0,0
50,LEFT_HEEL,0.6305082440376282,0.8801203966140747,0.34618303179740906,0,0
50,RIGHT_HEEL,0.6834933757781982,0.964830756187439,-0.029206130653619766,0,0
50,LEFT_FOOT_INDEX,0.6570302844047546,0.8620086908340454,0.33799245953559875,0,0
50,RIGHT_FOOT_INDEX,0.7186374664306641,0.9638895392417908,-0.0718257874250412,0,0
51,NOSE,0.7032365202903748,0.5209088921546936,0.010109924711287022,0,0
51,LEFT_EYE_INNER,0.6996114253997803,0.5110549926757812,0.010598626919090748,0,0
51,LEFT_EYE,0.698624849319458,0.5105684399604797,0.01057089027017355,0,0
51,LEFT_EYE_OUTER,0.6977042555809021,0.5100997090339661,0.010557812638580799,0,0
51,RIGHT_EYE_INNER,0.7007788419723511,0.5121258497238159,-0.006922646891325712,0,0
51,RIGHT_EYE,0.7005893588066101,0.5124292373657227,-0.007031387649476528,0,0
51,RIGHT_EYE_OUTER,0.700469970703125,0.5128409266471863,-0.007127538323402405,0,0
51,LEFT_EAR,0.6915144324302673,0.5152633786201477,0.022534890100359917,0,0
51,RIGHT_EAR,0.6961097121238708,0.5201326608657837,-0.05570961907505989,0,0
51,MOUTH_LEFT,0.700880765914917,0.529288113117218,0.017361901700496674,0,0
51,MOUTH_RIGHT,0.7018076777458191,0.5310919284820557,-0.005343006923794746,0,0
51,LEFT_SHOULDER,0.6740335822105408,0.5554938316345215,0.07497189193964005,0,0
51,RIGHT_SHOULDER,0.6930820345878601,0.5722033977508545,-0.11059153825044632,0,0
51,LEFT_ELBOW,0.6850507855415344,0.6440320611000061,0.09527585655450821,0,0
51,RIGHT_ELBOW,0.6988556981086731,0.6562684774398804,-0.11408795416355133,0,0
51,LEFT_WRIST,0.7132347226142883,0.7007524967193604,0.07021760940551758,0,0
51,RIGHT_WRIST,0.7266741991043091,0.7098758220672607,-0.07874366641044617,0,0
51,LEFT_PINKY,0.7195051312446594,0.7131636738777161,0.07354721426963806,0,0
51,RIGHT_PINKY,0.7356761693954468,0.7174849510192871,-0.09171263873577118,0,0
51,LEFT_INDEX,0.7227736115455627,0.7032599449157715,0.055214159190654755,0,0
51,RIGHT_INDEX,0.7400781512260437,0.7109022736549377,-0.08877281099557877,0,0
51,LEFT_THUMB,0.7204000353813171,0.7126104235649109,0.061613839119672775,0,0
51,RIGHT_THUMB,0.7355839014053345,0.7089739441871643,-0.0765618085861206,0,0
51,LEFT_HIP,0.6548043489456177,0.6995803117752075,0.06849518418312073,0,0
51,RIGHT_HIP,0.6743418574333191,0.7141149044036865,-0.0685880035161972,0,0
51,LEFT_KNEE,0.6513181924819946,0.7776715159416199,0.1971580535173416,0,0
51,RIGHT_KNEE,0.6939456462860107,0.8318881988525391,-0.0700337141752243,0,0
51,LEFT_ANKLE,0.6364167928695679,0.8607258796691895,0.3074217438697815,0,0
51,RIGHT_ANKLE,0.6915105581283569,0.9444118142127991,-0.06920171529054642,0,0
51,LEFT_HEEL,0.6284466981887817,0.879711389541626,0.3174789845943451,0,0
51,RIGHT_HEEL,0.6831495761871338,0.9641697406768799,-0.07099554687738419,0,0
51,LEFT_FOOT_INDEX,0.6568470001220703,0.8657909631729126,0.30872708559036255,0,0
51,RIGHT_FOOT_INDEX,0.7182487845420837,0.9644394516944885,-0.11536024510860443,0,0
52,NOSE,0.7016162872314453,0.5224089026451111,0.027416639029979706,0,0
52,LEFT_EYE_INNER,0.6978746056556702,0.5126206874847412,0.031785719096660614,0,0
52,LEFT_EYE,0.6969401836395264,0.5121139287948608,0.031754154711961746,0,0
52,LEFT_EYE_OUTER,0.6960773468017578,0.5116451978683472,0.03172989562153816,0,0
52,RIGHT_EYE_INNER,0.6990071535110474,0.5137646198272705,0.013039756566286087,0,0
52,RIGHT_EYE,0.6988423466682434,0.5141006708145142,0.013027964159846306,0,0
52,RIGHT_EYE_OUTER,0.698754072189331,0.514564037322998,0.012956978753209114,0,0
52,LEFT_EAR,0.6900217533111572,0.5168351531028748,0.04582595452666283,0,0
52,RIGHT_EAR,0.6942711472511292,0.5214266180992126,-0.037437450140714645,0,0
52,MOUTH_LEFT,0.6993404030799866,0.5306185483932495,0.03531183674931526,0,0
52,MOUTH_RIGHT,0.700232207775116,0.5323531031608582,0.010866769589483738,0,0
52,LEFT_SHOULDER,0.6730648875236511,0.5578153133392334,0.09597337245941162,0,0
52,RIGHT_SHOULDER,0.6911669969558716,0.5736005306243896,-0.10319773107767105,0,0
52,LEFT_ELBOW,0.684780478477478,0.641974151134491,0.11857012659311295,0,0
52,RIGHT_ELBOW,0.6979382038116455,0.6562215685844421,-0.11172252148389816,0,0
52,LEFT_WRIST,0.7124219536781311,0.702023983001709,0.09215011447668076,0,0
52,RIGHT_WRIST,0.724927544593811,0.7099630236625671,-0.08249880373477936,0,0
52,LEFT_PINKY,0.7191969752311707,0.7148396372795105,0.0938999354839325,0,0
52,RIGHT_PINKY,0.7343078851699829,0.7189847826957703,-0.09606745839118958,0,0
52,LEFT_INDEX,0.7221621870994568,0.7020743489265442,0.08058033138513565,0,0
52,RIGHT_INDEX,0.7398391962051392,0.7119757533073425,-0.09337254613637924,0,0
52,LEFT_THUMB,0.7199392914772034,0.7140399217605591,0.08496235311031342,0,0
52,RIGHT_THUMB,0.7344688773155212,0.7097377777099609,-0.08044178038835526,0,0
52,LEFT_HIP,0.6545794606208801,0.7007687091827393,0.06971947103738785,0,0
52,RIGHT_HIP,0.6737433671951294,0.7143575549125671,-0.06981411576271057,0,0
52,LEFT_KNEE,0.6521255373954773,0.7779907584190369,0.19926968216896057,0,0
52,RIGHT_KNEE,0.6937878131866455,0.8318374156951904,-0.08565082401037216,0,0
52,LEFT_ANKLE,0.6359032988548279,0.8599058985710144,0.3108968138694763,0,0
52,RIGHT_ANKLE,0.6914921402931213,0.9443281292915344,-0.0932193323969841,0,0
52,LEFT_HEEL,0.627402663230896,0.8793765902519226,0.3209536373615265,0,0
52,RIGHT_HEEL,0.6829947233200073,0.9637861251831055,-0.09571803361177444,0,0
52,LEFT_FOOT_INDEX,0.6570032835006714,0.8673294186592102,0.31196239590644836,0,0
52,RIGHT_FOOT_INDEX,0.7179538011550903,0.9643427133560181,-0.14168095588684082,0,0
53,NOSE,0.701654851436615,0.5242128372192383,-0.04330366477370262,0,0
53,LEFT_EYE_INNER,0.6982179284095764,0.5144482851028442,-0.03747427836060524,0,0
53,LEFT_EYE,0.6973536610603333,0.514061450958252,-0.03750038519501686,0,0
53,LEFT_EYE_OUTER,0.6965104341506958,0.5136929750442505,-0.03751511871814728,0,0
53,RIGHT_EYE_INNER,0.6986801028251648,0.5153960585594177,-0.05784629285335541,0,0
53,RIGHT_EYE,0.6981626749038696,0.5157336592674255,-0.05784858390688896,0,0
53,RIGHT_EYE_OUTER,0.6976825594902039,0.5161823630332947,-0.05788333714008331,0,0
53,LEFT_EAR,0.6896698474884033,0.5195515751838684,-0.006295754574239254,0,0
53,RIGHT_EAR,0.6921212673187256,0.5233836770057678,-0.09874836355447769,0,0
53,MOUTH_LEFT,0.6992257833480835,0.5331887602806091,-0.028757981956005096,0,0
53,MOUTH_RIGHT,0.6994616985321045,0.5345745086669922,-0.05559350550174713,0,0
53,LEFT_SHOULDER,0.6729647517204285,0.5598409175872803,0.06187647581100464,0,0
53,RIGHT_SHOULDER,0.6875433325767517,0.5743685960769653,-0.14326681196689606,0,0
53,LEFT_ELBOW,0.6808628439903259,0.6454256772994995,0.09411071240901947,0,0
53,RIGHT_ELBOW,0.6924626231193542,0.6606548428535461,-0.15880754590034485,0,0
53,LEFT_WRIST,0.7015140056610107,0.7059990763664246,0.07030586153268814,0,0
53,RIGHT_WRIST,0.720655620098114,0.7141733169555664,-0.13340884447097778,0,0
53,LEFT_PINKY,0.7073366045951843,0.7192010879516602,0.07200610637664795,0,0
53,RIGHT_PINKY,0.7298716306686401,0.7232564687728882,-0.151580810546875,0,0
53,LEFT_INDEX,0.7100723385810852,0.7197141051292419,0.056491777300834656,0,0
53,RIGHT_INDEX,0.7341240644454956,0.7153641581535339,-0.1476975977420807,0,0
53,LEFT_THUMB,0.7074921131134033,0.7182351350784302,0.062466129660606384,0,0
53,RIGHT_THUMB,0.7294913530349731,0.7132524251937866,-0.13100646436214447,0,0
53,LEFT_HIP,0.6522669196128845,0.7004556655883789,0.06972583383321762,0,0
53,RIGHT_HIP,0.6698930859565735,0.7142282724380493,-0.06980141252279282,0,0
53,LEFT_KNEE,0.6530431509017944,0.778089702129364,0.20679275691509247,0,0
53,RIGHT_KNEE,0.6908836364746094,0.8313165903091431,-0.07788269221782684,0,0
53,LEFT_ANKLE,0.6352206468582153,0.8595672845840454,0.33427894115448,0,0
53,RIGHT_ANKLE,0.6917649507522583,0.9435606598854065,-0.0717846229672432,0,0
53,LEFT_HEEL,0.6270502805709839,0.8791083097457886,0.3459479510784149,0,0
53,RIGHT_HEEL,0.6829153299331665,0.9636445045471191,-0.07267490029335022,0,0
53,LEFT_FOOT_INDEX,0.6574738025665283,0.8689716458320618,0.33505910634994507,0,0
53,RIGHT_FOOT_INDEX,0.7177609801292419,0.9639561176300049,-0.13018037378787994,0,0
54,NOSE,0.699653685092926,0.5270782113075256,-0.06713557988405228,0,0
54,LEFT_EYE_INNER,0.6961929202079773,0.5176464915275574,-0.06118221580982208,0,0
54,LEFT_EYE,0.6954300999641418,0.517333447933197,-0.06119973585009575,0,0
54,LEFT_EYE_OUTER,0.6946876049041748,0.5170116424560547,-0.06121407821774483,0,0
54,RIGHT_EYE_INNER,0.6961976289749146,0.5186774134635925,-0.0815582275390625,0,0
54,RIGHT_EYE,0.6954867839813232,0.5192112326622009,-0.08157625794410706,0,0
54,RIGHT_EYE_OUTER,0.6948283314704895,0.5198222398757935,-0.08161686360836029,0,0
54,LEFT_EAR,0.6874875426292419,0.5228903293609619,-0.026576310396194458,0,0
54,RIGHT_EAR,0.6886404156684875,0.5265976190567017,-0.11896918714046478,0,0
54,MOUTH_LEFT,0.6975180506706238,0.535561203956604,-0.05121808871626854,0,0
54,MOUTH_RIGHT,0.6973082423210144,0.5367618203163147,-0.07801993191242218,0,0
54,LEFT_SHOULDER,0.67327481508255,0.5632275938987732,0.04512215033173561,0,0
54,RIGHT_SHOULDER,0.6816064715385437,0.5772621035575867,-0.15754924714565277,0,0
54,LEFT_ELBOW,0.6727142930030823,0.6471991539001465,0.07803478091955185,0,0
54,RIGHT_ELBOW,0.6849873661994934,0.6625347137451172,-0.17108872532844543,0,0
54,LEFT_WRIST,0.6874282956123352,0.7036585807800293,0.05268153175711632,0,0
54,RIGHT_WRIST,0.7141981720924377,0.7157449722290039,-0.144699364900589,0,0
54,LEFT_PINKY,0.691796064376831,0.7164459824562073,0.05380026996135712,0,0
54,RIGHT_PINKY,0.7236303091049194,0.7252877950668335,-0.16263793408870697,0,0
54,LEFT_INDEX,0.6944139003753662,0.7173675894737244,0.03809906169772148,0,0
54,RIGHT_INDEX,0.7269208431243896,0.7187966704368591,-0.1582212597131729,0,0
54,LEFT_THUMB,0.6925344467163086,0.7143490314483643,0.04474407061934471,0,0
54,RIGHT_THUMB,0.722565233707428,0.7164266109466553,-0.141866073012352,0,0
54,LEFT_HIP,0.6502501964569092,0.7002411484718323,0.0694204568862915,0,0
54,RIGHT_HIP,0.6646878123283386,0.713980495929718,-0.06949244439601898,0,0
54,LEFT_KNEE,0.6537050008773804,0.7810437679290771,0.19393454492092133,0,0
54,RIGHT_KNEE,0.6861063241958618,0.8310468196868896,-0.06774888932704926,0,0
54,LEFT_ANKLE,0.6362400054931641,0.8602527379989624,0.309038370847702,0,0
54,RIGHT_ANKLE,0.6917539834976196,0.9436090588569641,-0.05389939621090889,0,0
54,LEFT_HEEL,0.6271539330482483,0.8792822957038879,0.3193911612033844,0,0
54,RIGHT_HEEL,0.6827987432479858,0.9634392857551575,-0.05503801628947258,0,0
54,LEFT_FOOT_INDEX,0.6578286290168762,0.869048535823822,0.30694931745529175,0,0
54,RIGHT_FOOT_INDEX,0.7176486253738403,0.9640806913375854,-0.10761979222297668,0,0
55,NOSE,0.6971899271011353,0.529391884803772,-0.08228448033332825,0,0
55,LEFT_EYE_INNER,0.6939569711685181,0.5200808048248291,-0.07653263956308365,0,0
55,LEFT_EYE,0.6932508945465088,0.5196927189826965,-0.07655338197946548,0,0
55,LEFT_EYE_OUTER,0.6925650238990784,0.5192759037017822,-0.076566182076931,0,0
55,RIGHT_EYE_INNER,0.6938143968582153,0.5212211608886719,-0.09694814682006836,0,0
55,RIGHT_EYE,0.6930686235427856,0.5217927098274231,-0.09696868807077408,0,0
55,RIGHT_EYE_OUTER,0.6923986077308655,0.5224213600158691,-0.09700389206409454,0,0
55,LEFT_EAR,0.6854700446128845,0.5244309306144714,-0.040760915726423264,0,0
55,RIGHT_EAR,0.6862251162528992,0.5286701321601868,-0.133275106549263,0,0
55,MOUTH_LEFT,0.6949758529663086,0.5371607542037964,-0.06570584326982498,0,0
55,MOUTH_RIGHT,0.6945623159408569,0.5384629964828491,-0.09257004410028458,0,0
55,LEFT_SHOULDER,0.672812819480896,0.5632395148277283,0.03348724544048309,0,0
55,RIGHT_SHOULDER,0.6776452660560608,0.579599142074585,-0.16803961992263794,0,0
55,LEFT_ELBOW,0.6676363348960876,0.6456199288368225,0.06732042133808136,0,0
55,RIGHT_ELBOW,0.6822588443756104,0.6633893847465515,-0.17751963436603546,0,0
55,LEFT_WRIST,0.6800165772438049,0.7004216909408569,0.04013780876994133,0,0
55,RIGHT_WRIST,0.7091627717018127,0.7164072394371033,-0.14777496457099915,0,0
55,LEFT_PINKY,0.6836426854133606,0.7120875716209412,0.04005962982773781,0,0
55,RIGHT_PINKY,0.718237042427063,0.7262887954711914,-0.16635063290596008,0,0
55,LEFT_INDEX,0.6862642765045166,0.710704505443573,0.02447068691253662,0,0
55,RIGHT_INDEX,0.721024751663208,0.7205087542533875,-0.16256281733512878,0,0
55,LEFT_THUMB,0.6847809553146362,0.7102663516998291,0.032185960561037064,0,0
55,RIGHT_THUMB,0.7171882390975952,0.7180681824684143,-0.14518000185489655,0,0
55,LEFT_HIP,0.6494970917701721,0.699130654335022,0.06955066323280334,0,0
55,RIGHT_HIP,0.6586993932723999,0.713679850101471,-0.0696122869849205,0,0
55,LEFT_KNEE,0.6544227004051208,0.782152533531189,0.20142291486263275,0,0
55,RIGHT_KNEE,0.6844751238822937,0.8248425722122192,-0.05626991018652916,0,0
55,LEFT_ANKLE,0.636773407459259,0.8609161972999573,0.3284296989440918,0,0
55,RIGHT_ANKLE,0.6912165284156799,0.9426393508911133,-0.03721318021416664,0,0
55,LEFT_HEEL,0.6276487708091736,0.8791934847831726,0.34010758996009827,0,0
55,RIGHT_HEEL,0.682170033454895,0.9608087539672852,-0.03791378065943718,0,0
55,LEFT_FOOT_INDEX,0.6578860878944397,0.8699312210083008,0.3283158540725708,0,0
55,RIGHT_FOOT_INDEX,0.7175643444061279,0.9639848470687866,-0.08832940459251404,0,0
56,NOSE,0.697306752204895,0.5291610360145569,-0.0963517501950264,0,0
56,LEFT_EYE_INNER,0.6939157247543335,0.5200162529945374,-0.0903661772608757,0,0
56,LEFT_EYE,0.6931838989257812,0.5196297764778137,-0.09038566052913666,0,0
56,LEFT_EYE_OUTER,0.6924728155136108,0.5192276835441589,-0.09040248394012451,0,0
56,RIGHT_EYE_INNER,0.6938064694404602,0.5211433172225952,-0.11177249997854233,0,0
56,RIGHT_EYE,0.6930703520774841,0.5216734409332275,-0.11179066449403763,0,0
56,RIGHT_EYE_OUTER,0.692393958568573,0.5222538709640503,-0.11182038486003876,0,0
56,LEFT_EAR,0.6854199171066284,0.5243728756904602,-0.052337147295475006,0,0
56,RIGHT_EAR,0.6861942410469055,0.528495192527771,-0.14933617413043976,0,0
56,MOUTH_LEFT,0.6948471665382385,0.5370030999183655,-0.07877257466316223,0,0
56,MOUTH_RIGHT,0.6945240497589111,0.5382845997810364,-0.10694479942321777,0,0
56,LEFT_SHOULDER,0.6730932593345642,0.5639545917510986,0.024618681520223618,0,0
56,RIGHT_SHOULDER,0.6773738265037537,0.5802886486053467,-0.18295806646347046,0,0
56,LEFT_ELBOW,0.6703475713729858,0.6460598111152649,0.05939670279622078,0,0
56,RIGHT_ELBOW,0.679956316947937,0.6616493463516235,-0.197068452835083,0,0
56,LEFT_WRIST,0.6858922839164734,0.7008128762245178,0.029504185542464256,0,0
56,RIGHT_WRIST,0.7075135707855225,0.7163276076316833,-0.17190268635749817,0,0
56,LEFT_PINKY,0.6906582713127136,0.712917685508728,0.028985165059566498,0,0
56,RIGHT_PINKY,0.7167568802833557,0.7263167500495911,-0.19221530854701996,0,0
56,LEFT_INDEX,0.6932761669158936,0.7138045430183411,0.012098663486540318,0,0
56,RIGHT_INDEX,0.7191504836082458,0.7200844287872314,-0.18875005841255188,0,0
56,LEFT_THUMB,0.6912833452224731,0.711165189743042,0.02074171043932438,0,0
56,RIGHT_THUMB,0.7154064774513245,0.7175288200378418,-0.16967421770095825,0,0
56,LEFT_HIP,0.649911642074585,0.6973784565925598,0.0704956203699112,0,0
56,RIGHT_HIP,0.6570398211479187,0.7119678258895874,-0.07055166363716125,0,0
56,LEFT_KNEE,0.6557053923606873,0.7830467224121094,0.2008894979953766,0,0
56,RIGHT_KNEE,0.683678388595581,0.8217893838882446,-0.05766693130135536,0,0
56,LEFT_ANKLE,0.6370702385902405,0.8612128496170044,0.32894018292427063,0,0
56,RIGHT_ANKLE,0.6909058094024658,0.9424592852592468,-0.03984745591878891,0,0
56,LEFT_HEEL,0.6274528503417969,0.8795252442359924,0.3406769335269928,0,0
56,RIGHT_HEEL,0.6815970540046692,0.9600203633308411,-0.040832433849573135,0,0
56,LEFT_FOOT_INDEX,0.6594510674476624,0.8702735900878906,0.32721754908561707,0,0
56,RIGHT_FOOT_INDEX,0.7175379991531372,0.963913083076477,-0.09245504438877106,0,0
57,NOSE,0.6955404281616211,0.5303567051887512,-0.0679444745182991,0,0
57,LEFT_EYE_INNER,0.6930908560752869,0.5209935903549194,-0.06156577542424202,0,0
57,LEFT_EYE,0.6925097107887268,0.5205392837524414,-0.061589788645505905,0,0
57,LEFT_EYE_OUTER,0.6919276714324951,0.5200567245483398,-0.06160271167755127,0,0
57,RIGHT_EYE_INNER,0.692450225353241,0.5219665765762329,-0.08213610202074051,0,0
57,RIGHT_EYE,0.6915025115013123,0.5223421454429626,-0.0821542963385582,0,0
57,RIGHT_EYE_OUTER,0.6906124949455261,0.5227658748626709,-0.08220920711755753,0,0
57,LEFT_EAR,0.684845507144928,0.5243838429450989,-0.02579801343381405,0,0
57,RIGHT_EAR,0.6838903427124023,0.5282681584358215,-0.1186765506863594,0,0
57,MOUTH_LEFT,0.6927163600921631,0.5377212762832642,-0.05135459452867508,0,0
57,MOUTH_RIGHT,0.6918912529945374,0.5387163162231445,-0.07847913354635239,0,0
57,LEFT_SHOULDER,0.6732810139656067,0.5645440220832825,0.04491801932454109,0,0
57,RIGHT_SHOULDER,0.6736318469047546,0.5786321759223938,-0.15967653691768646,0,0
57,LEFT_ELBOW,0.6695544719696045,0.645275354385376,0.07433250546455383,0,0
57,RIGHT_ELBOW,0.6779927015304565,0.6587887406349182,-0.17562538385391235,0,0
57,LEFT_WRIST,0.6839906573295593,0.7000766396522522,0.04623293876647949,0,0
57,RIGHT_WRIST,0.7025929689407349,0.7147201895713806,-0.15435364842414856,0,0
57,LEFT_PINKY,0.6882302761077881,0.7131195068359375,0.04486288130283356,0,0
57,RIGHT_PINKY,0.7103832960128784,0.7260962724685669,-0.172755628824234,0,0
57,LEFT_INDEX,0.6911134123802185,0.7146557569503784,0.031309597194194794,0,0
57,RIGHT_INDEX,0.7137266397476196,0.7205803990364075,-0.16849388182163239,0,0
57,LEFT_THUMB,0.6891087293624878,0.7109914422035217,0.03855518624186516,0,0
57,RIGHT_THUMB,0.7105216383934021,0.7171795964241028,-0.15163014829158783,0,0
57,LEFT_HIP,0.6503467559814453,0.6966588497161865,0.07087649405002594,0,0
57,RIGHT_HIP,0.6527330279350281,0.7102044820785522,-0.07094933837652206,0,0
57,LEFT_KNEE,0.6557410359382629,0.7830657362937927,0.206241637468338,0,0
57,RIGHT_KNEE,0.6812581419944763,0.8182131052017212,-0.07177207618951797,0,0
57,LEFT_ANKLE,0.6372249722480774,0.8614495396614075,0.3402330279350281,0,0
57,RIGHT_ANKLE,0.6886295080184937,0.9374403357505798,-0.06984901428222656,0,0
57,LEFT_HEEL,0.6279305815696716,0.8793107867240906,0.35246604681015015,0,0
57,RIGHT_HEEL,0.6795393824577332,0.9535778760910034,-0.07261594384908676,0,0
57,LEFT_FOOT_INDEX,0.6596798300743103,0.8700096011161804,0.3386916220188141,0,0
57,RIGHT_FOOT_INDEX,0.7152475714683533,0.9632207751274109,-0.12880413234233856,0,0
58,NOSE,0.6915096640586853,0.5300970673561096,-0.07381130754947662,0,0
58,LEFT_EYE_INNER,0.6894810199737549,0.5206413269042969,-0.06732587516307831,0,0
58,LEFT_EYE,0.6892205476760864,0.520211935043335,-0.06735570728778839,0,0
58,LEFT_EYE_OUTER,0.6889350414276123,0.5197613835334778,-0.06737616658210754,0,0
58,RIGHT_EYE_INNER,0.6880825757980347,0.5216041207313538,-0.08677460253238678,0,0
58,RIGHT_EYE,0.6869086623191833,0.5219815969467163,-0.08679608255624771,0,0
58,RIGHT_EYE_OUTER,0.6858128309249878,0.522411584854126,-0.08685772120952606,0,0
58,LEFT_EAR,0.6825233101844788,0.5240510702133179,-0.029843298718333244,0,0
58,RIGHT_EAR,0.6792823672294617,0.5281944870948792,-0.1179933100938797,0,0
58,MOUTH_LEFT,0.6892167329788208,0.5376306176185608,-0.05695218965411186,0,0
58,MOUTH_RIGHT,0.6875215172767639,0.5385406017303467,-0.08260562270879745,0,0
58,LEFT_SHOULDER,0.6733280420303345,0.5649582147598267,0.038790810853242874,0,0
58,RIGHT_SHOULDER,0.6685764789581299,0.5752776861190796,-0.15477968752384186,0,0
58,LEFT_ELBOW,0.668140172958374,0.6419240832328796,0.06623610854148865,0,0
58,RIGHT_ELBOW,0.6739267110824585,0.6565169095993042,-0.16817615926265717,0,0
58,LEFT_WRIST,0.6780704259872437,0.6996661424636841,0.038214780390262604,0,0
58,RIGHT_WRIST,0.6969569325447083,0.7126290202140808,-0.14418700337409973,0,0
58,LEFT_PINKY,0.6831121444702148,0.7091614603996277,0.03861263021826744,0,0
58,RIGHT_PINKY,0.7042415738105774,0.7240219712257385,-0.16054561734199524,0,0
58,LEFT_INDEX,0.68300461769104,0.712162435054779,0.025490520521998405,0,0
58,RIGHT_INDEX,0.707176923751831,0.7186872363090515,-0.15712779760360718,0,0
58,LEFT_THUMB,0.6814271211624146,0.7097330093383789,0.031212588772177696,0,0
58,RIGHT_THUMB,0.7039221525192261,0.7148277163505554,-0.14176401495933533,0,0
58,LEFT_HIP,0.6504517793655396,0.6929266452789307,0.06735856831073761,0,0
58,RIGHT_HIP,0.647192656993866,0.7002043724060059,-0.06743795424699783,0,0
58,LEFT_KNEE,0.6551790833473206,0.782328188419342,0.182738795876503,0,0
58,RIGHT_KNEE,0.6656930446624756,0.8021033406257629,-0.09593534469604492,0,0
58,LEFT_ANKLE,0.6389690041542053,0.8606843948364258,0.3035966157913208,0,0
58,RIGHT_ANKLE,0.6821154952049255,0.9268757104873657,-0.10788401961326599,0,0
58,LEFT_HEEL,0.6305026412010193,0.8764392137527466,0.31418898701667786,0,0
58,RIGHT_HEEL,0.6741220951080322,0.9451954960823059,-0.11202738434076309,0,0
58,LEFT_FOOT_INDEX,0.6592282652854919,0.87378990650177,0.29439011216163635,0,0
58,RIGHT_FOOT_INDEX,0.7069650888442993,0.9598198533058167,-0.17199590802192688,0,0
59,NOSE,0.6889929175376892,0.5295225977897644,-0.08986876159906387,0,0
59,LEFT_EYE_INNER,0.6867898106575012,0.5201142430305481,-0.0839766263961792,0,0
59,LEFT_EYE,0.6865747570991516,0.5198213458061218,-0.08400793373584747,0,0
59,LEFT_EYE_OUTER,0.6863237619400024,0.5194559693336487,-0.08403624594211578,0,0
59,RIGHT_EYE_INNER,0.6853467226028442,0.520675539970398,-0.10366570949554443,0,0
59,RIGHT_EYE,0.684218168258667,0.5209664106369019,-0.10367999225854874,0,0
59,RIGHT_EYE_OUTER,0.6831392645835876,0.5213291049003601,-0.1037256047129631,0,0
59,LEFT_EAR,0.6799742579460144,0.5235402584075928,-0.04712522029876709,0,0
59,RIGHT_EAR,0.6768642663955688,0.5266814827919006,-0.13613417744636536,0,0
59,MOUTH_LEFT,0.6870014071464539,0.5374019145965576,-0.07307333499193192,0,0
59,MOUTH_RIGHT,0.6851120591163635,0.5381857752799988,-0.09893832355737686,0,0
59,LEFT_SHOULDER,0.6696487069129944,0.5648148655891418,0.021330762654542923,0,0
59,RIGHT_SHOULDER,0.6676616072654724,0.5752671360969543,-0.16659602522850037,0,0
59,LEFT_ELBOW,0.6627618670463562,0.6422076225280762,0.04997031390666962,0,0
59,RIGHT_ELBOW,0.6686424016952515,0.6589759588241577,-0.1779099404811859,0,0
59,LEFT_WRIST,0.6767351627349854,0.6985956430435181,0.018271835520863533,0,0
59,RIGHT_WRIST,0.6914619207382202,0.7122292518615723,-0.15353958308696747,0,0
59,LEFT_PINKY,0.6815794706344604,0.7092849612236023,0.017510201781988144,0,0
59,RIGHT_PINKY,0.6988505721092224,0.72303307056427,-0.170607328414917,0,0
59,LEFT_INDEX,0.6837889552116394,0.7116295695304871,0.0023193249944597483,0,0
59,RIGHT_INDEX,0.7015801072120667,0.7177788019180298,-0.16776879131793976,0,0
59,LEFT_THUMB,0.6837426424026489,0.7020764946937561,0.010225933976471424,0,0
59,RIGHT_THUMB,0.6984226107597351,0.7139241099357605,-0.1516595184803009,0,0
59,LEFT_HIP,0.6478956937789917,0.6887853741645813,0.0645633116364479,0,0
59,RIGHT_HIP,0.6446835398674011,0.698181688785553,-0.06464479118585587,0,0
59,LEFT_KNEE,0.6540815234184265,0.782317578792572,0.16648173332214355,0,0
59,RIGHT_KNEE,0.6595520377159119,0.8013955354690552,-0.06363169848918915,0,0
59,LEFT_ANKLE,0.6420518755912781,0.8607867956161499,0.27629244327545166,0,0
59,RIGHT_ANKLE,0.6715782284736633,0.9172758460044861,-0.040255870670080185,0,0
59,LEFT_HEEL,0.6354371309280396,0.8745918869972229,0.28599488735198975,0,0
59,RIGHT_HEEL,0.6624395847320557,0.9350690245628357,-0.04048563912510872,0,0
59,LEFT_FOOT_INDEX,0.6592169404029846,0.8803465962409973,0.27006590366363525,0,0
59,RIGHT_FOOT_INDEX,0.6910246014595032,0.9505297541618347,-0.09162057936191559,0,0
60,NOSE,0.687307596206665,0.5272879600524902,-0.07791078090667725,0,0
60,LEFT_EYE_INNER,0.685265302658081,0.5176342725753784,-0.07196078449487686,0,0
60,LEFT_EYE,0.6850923299789429,0.5174552202224731,-0.07198859751224518,0,0
60,LEFT_EYE_OUTER,0.6848598122596741,0.5171889066696167,-0.07201159000396729,0,0
60,RIGHT_EYE_INNER,0.6835117936134338,0.5177562832832336,-0.09083772450685501,0,0
60,RIGHT_EYE,0.6822190880775452,0.5178540945053101,-0.09085307270288467,0,0
60,RIGHT_EYE_OUTER,0.6809406280517578,0.5180331468582153,-0.09089574217796326,0,0
60,LEFT_EAR,0.6780233383178711,0.5206563472747803,-0.03583693504333496,0,0
60,RIGHT_EAR,0.6741971969604492,0.522729754447937,-0.12135476619005203,0,0
60,MOUTH_LEFT,0.685358464717865,0.5357435941696167,-0.06156052649021149,0,0
60,MOUTH_RIGHT,0.6832174062728882,0.5359295606613159,-0.08623597770929337,0,0
60,LEFT_SHOULDER,0.6671240329742432,0.5646708011627197,0.029299290850758553,0,0
60,RIGHT_SHOULDER,0.6649570465087891,0.5750495195388794,-0.15938527882099152,0,0
60,LEFT_ELBOW,0.6625080704689026,0.6385616660118103,0.05846312269568443,0,0
60,RIGHT_ELBOW,0.6593659520149231,0.6552205085754395,-0.17203249037265778,0,0
60,LEFT_WRIST,0.6778648495674133,0.6856147646903992,0.02702544815838337,0,0
60,RIGHT_WRIST,0.68515944480896,0.7082793712615967,-0.13584117591381073,0,0
60,LEFT_PINKY,0.6841303706169128,0.7006686329841614,0.026033546775579453,0,0
60,RIGHT_PINKY,0.6923834085464478,0.7225697636604309,-0.15190289914608002,0,0
60,LEFT_INDEX,0.6876465678215027,0.70317143201828,0.011011865921318531,0,0
60,RIGHT_INDEX,0.6955324411392212,0.717326283454895,-0.14859312772750854,0,0
60,LEFT_THUMB,0.6858276128768921,0.6974453926086426,0.019069263711571693,0,0
60,RIGHT_THUMB,0.6924931406974792,0.7111032009124756,-0.13357585668563843,0,0
60,LEFT_HIP,0.6450306177139282,0.6875774264335632,0.059994887560606,0,0
60,RIGHT_HIP,0.6434690952301025,0.6970304846763611,-0.060034435242414474,0,0
60,LEFT_KNEE,0.652224600315094,0.7836496829986572,0.13061903417110443,0,0
60,RIGHT_KNEE,0.6549634337425232,0.8031162619590759,-0.057532407343387604,0,0
60,LEFT_ANKLE,0.6427955031394958,0.8608556985855103,0.21271100640296936,0,0
60,RIGHT_ANKLE,0.6629143953323364,0.9178494811058044,-0.039472054690122604,0,0
60,LEFT_HEEL,0.6354338526725769,0.8751917481422424,0.21918685734272003,0,0
60,RIGHT_HEEL,0.6532847285270691,0.9334396123886108,-0.040362078696489334,0,0
60,LEFT_FOOT_INDEX,0.6556137204170227,0.8843574523925781,0.19943898916244507,0,0
60,RIGHT_FOOT_INDEX,0.681244432926178,0.949007511138916,-0.08881305903196335,0,0
61,NOSE,0.6869887709617615,0.5259998440742493,-0.09719716757535934,0,0
61,LEFT_EYE_INNER,0.6849760413169861,0.5158368349075317,-0.09110195189714432,0,0
61,LEFT_EYE,0.684859037399292,0.5156326293945312,-0.0911240205168724,0,0
61,LEFT_EYE_OUTER,0.6846978068351746,0.5153248906135559,-0.0911448672413826,0,0
61,RIGHT_EYE_INNER,0.683060348033905,0.5159874558448792,-0.110770083963871,0,0
61,RIGHT_EYE,0.6816099882125854,0.5160996913909912,-0.11079270392656326,0,0
61,RIGHT_EYE_OUTER,0.6801044940948486,0.516292154788971,-0.11083941906690598,0,0
61,LEFT_EAR,0.6778391003608704,0.5183398723602295,-0.05174265429377556,0,0
61,RIGHT_EAR,0.6730353236198425,0.520690381526947,-0.14048093557357788,0,0
61,MOUTH_LEFT,0.6849749684333801,0.5348036289215088,-0.07941201329231262,0,0
61,MOUTH_RIGHT,0.682672381401062,0.5349283218383789,-0.10515573620796204,0,0
61,LEFT_SHOULDER,0.6654817461967468,0.5622826814651489,0.017166703939437866,0,0
61,RIGHT_SHOULDER,0.6652135252952576,0.5751199722290039,-0.16887931525707245,0,0
61,LEFT_ELBOW,0.6589395999908447,0.6386429071426392,0.04872531816363335,0,0
61,RIGHT_ELBOW,0.6614096760749817,0.6555373072624207,-0.17744126915931702,0,0
61,LEFT_WRIST,0.6748515367507935,0.6871005892753601,0.01879584603011608,0,0
61,RIGHT_WRIST,0.6851587295532227,0.7057081460952759,-0.14548061788082123,0,0
61,LEFT_PINKY,0.679236650466919,0.7001522779464722,0.017419470474123955,0,0
61,RIGHT_PINKY,0.6926535964012146,0.7216402292251587,-0.1612129807472229,0,0
61,LEFT_INDEX,0.682876467704773,0.7047005295753479,0.0020149617921561003,0,0
61,RIGHT_INDEX,0.6957479119300842,0.7162503004074097,-0.15993447601795197,0,0
61,LEFT_THUMB,0.6804097890853882,0.6994019746780396,0.010566513054072857,0,0
61,RIGHT_THUMB,0.6928062438964844,0.7091831564903259,-0.14390549063682556,0,0
61,LEFT_HIP,0.6439589858055115,0.6869872212409973,0.05989145115017891,0,0
61,RIGHT_HIP,0.6436886191368103,0.6975063681602478,-0.05994819104671478,0,0
61,LEFT_KNEE,0.6512994170188904,0.7836682796478271,0.1429426074028015,0,0
61,RIGHT_KNEE,0.6539344191551208,0.8032942414283752,-0.039883386343717575,0,0
61,LEFT_ANKLE,0.6437944769859314,0.8609273433685303,0.23913227021694183,0,0
61,RIGHT_ANKLE,0.6609746813774109,0.9170407056808472,-0.0017560368869453669,0,0
61,LEFT_HEEL,0.635809600353241,0.8754625916481018,0.24723170697689056,0,0
61,RIGHT_HEEL,0.6517584323883057,0.9321685433387756,-0.00029386693495325744,0,0
61,LEFT_FOOT_INDEX,0.6557296514511108,0.8860337138175964,0.22778978943824768,0,0
61,RIGHT_FOOT_INDEX,0.6781291365623474,0.9478420615196228,-0.04735613986849785,0,0
62,NOSE,0.6838765740394592,0.5245393514633179,-0.07847227156162262,0,0
62,LEFT_EYE_INNER,0.6827290654182434,0.5147277116775513,-0.07282186299562454,0,0
62,LEFT_EYE,0.6828822493553162,0.5145717263221741,-0.07284414023160934,0,0
62,LEFT_EYE_OUTER,0.683032751083374,0.514320969581604,-0.07286183536052704,0,0
62,RIGHT_EYE_INNER,0.6802886724472046,0.514676034450531,-0.09180059283971786,0,0
62,RIGHT_EYE,0.6787406802177429,0.5147110819816589,-0.09181950241327286,0,0
62,RIGHT_EYE_OUTER,0.6772096753120422,0.5148231387138367,-0.09186974167823792,0,0
62,LEFT_EAR,0.6772083044052124,0.5168018341064453,-0.037697844207286835,0,0
62,RIGHT_EAR,0.6704035401344299,0.5185123085975647,-0.13987883925437927,0,0
62,MOUTH_LEFT,0.6823219060897827,0.5327715277671814,-0.06197987124323845,0,0
62,MOUTH_RIGHT,0.679490327835083,0.5325170159339905,-0.08715440332889557,0,0
62,LEFT_SHOULDER,0.6664148569107056,0.5622681975364685,0.029161829501390457,0,0
62,RIGHT_SHOULDER,0.6591293811798096,0.5715376734733582,-0.14847725629806519,0,0
62,LEFT_ELBOW,0.6625279784202576,0.6304975748062134,0.0662897452712059,0,0
62,RIGHT_ELBOW,0.6521872282028198,0.6466348767280579,-0.1704317033290863,0,0
62,LEFT_WRIST,0.6785151362419128,0.68230140209198,0.03518664836883545,0,0
62,RIGHT_WRIST,0.6802400350570679,0.6983653903007507,-0.14674776792526245,0,0
62,LEFT_PINKY,0.6833496689796448,0.6967064142227173,0.033621225506067276,0,0
62,RIGHT_PINKY,0.6865132451057434,0.7155267596244812,-0.16348381340503693,0,0
62,LEFT_INDEX,0.686336874961853,0.6985995173454285,0.014869993552565575,0,0
62,RIGHT_INDEX,0.6908649802207947,0.7092809677124023,-0.16169187426567078,0,0
62,LEFT_THUMB,0.6841900944709778,0.6927273869514465,0.02688002586364746,0,0
62,RIGHT_THUMB,0.6884040832519531,0.7028593420982361,-0.14485111832618713,0,0
62,LEFT_HIP,0.6440461874008179,0.6875832676887512,0.057401664555072784,0,0
62,RIGHT_HIP,0.6418906450271606,0.6959299445152283,-0.0574549064040184,0,0
62,LEFT_KNEE,0.6500971913337708,0.7853837609291077,0.10284987092018127,0,0
62,RIGHT_KNEE,0.6510053277015686,0.8024125695228577,-0.04714690521359444,0,0
62,LEFT_ANKLE,0.6407555341720581,0.8734210133552551,0.16768129169940948,0,0
62,RIGHT_ANKLE,0.6519955992698669,0.9121280908584595,-0.01732300966978073,0,0
62,LEFT_HEEL,0.6345330476760864,0.8892785310745239,0.1721029281616211,0,0
62,RIGHT_HEEL,0.6426846981048584,0.9256647825241089,-0.017125720158219337,0,0
62,LEFT_FOOT_INDEX,0.6544982194900513,0.889779806137085,0.1460307240486145,0,0
62,RIGHT_FOOT_INDEX,0.6699280142784119,0.9425996541976929,-0.06591825932264328,0,0
63,NOSE,0.6821445822715759,0.5223757028579712,-0.07472178339958191,0,0
63,LEFT_EYE_INNER,0.6809561848640442,0.5125057101249695,-0.06883276998996735,0,0
63,LEFT_EYE,0.6812292337417603,0.5124135613441467,-0.06885024160146713,0,0
63,LEFT_EYE_OUTER,0.6815375089645386,0.5122405886650085,-0.06886660307645798,0,0
63,RIGHT_EYE_INNER,0.6782268285751343,0.5123952627182007,-0.08758116513490677,0,0
63,RIGHT_EYE,0.676501452922821,0.5124621391296387,-0.08759661763906479,0,0
63,RIGHT_EYE_OUTER,0.6747606992721558,0.5125986933708191,-0.08764446526765823,0,0
63,LEFT_EAR,0.6759042143821716,0.5146613717079163,-0.03374819830060005,0,0
63,RIGHT_EAR,0.667648434638977,0.5161691308021545,-0.13017107546329498,0,0
63,MOUTH_LEFT,0.6811243891716003,0.5311383008956909,-0.05741855874657631,0,0
63,MOUTH_RIGHT,0.6779033541679382,0.5305048823356628,-0.0821545422077179,0,0
63,LEFT_SHOULDER,0.6649658679962158,0.56110680103302,0.030462292954325676,0,0
63,RIGHT_SHOULDER,0.6563637256622314,0.5651512145996094,-0.14133401215076447,0,0
63,LEFT_ELBOW,0.6641893982887268,0.6212106943130493,0.08165917545557022,0,0
63,RIGHT_ELBOW,0.6464330554008484,0.6391988396644592,-0.1594923883676529,0,0
63,LEFT_WRIST,0.6801594495773315,0.6720012426376343,0.050439365208148956,0,0
63,RIGHT_WRIST,0.675571084022522,0.6914807558059692,-0.1466463953256607,0,0
63,LEFT_PINKY,0.6836598515510559,0.6916529536247253,0.0486057810485363,0,0
63,RIGHT_PINKY,0.6815584897994995,0.707472026348114,-0.16295404732227325,0,0
63,LEFT_INDEX,0.688015341758728,0.6908257007598877,0.03162730485200882,0,0
63,RIGHT_INDEX,0.6866483688354492,0.7006821632385254,-0.1620960831642151,0,0
63,LEFT_THUMB,0.6856995820999146,0.6846778988838196,0.04238151013851166,0,0
63,RIGHT_THUMB,0.6842334270477295,0.6950975656509399,-0.1448781043291092,0,0
63,LEFT_HIP,0.6434268951416016,0.6856151223182678,0.05592602118849754,0,0
63,RIGHT_HIP,0.639552116394043,0.6887741088867188,-0.055976882576942444,0,0
63,LEFT_KNEE,0.6496392488479614,0.785359799861908,0.06040186807513237,0,0
63,RIGHT_KNEE,0.646988034248352,0.7969663739204407,-0.047231029719114304,0,0
63,LEFT_ANKLE,0.6398170590400696,0.8801473379135132,0.0918700322508812,0,0
63,RIGHT_ANKLE,0.6426087021827698,0.9009780287742615,-0.013915371149778366,0,0
63,LEFT_HEEL,0.6336536407470703,0.8882884979248047,0.09260929375886917,0,0
63,RIGHT_HEEL,0.6331942677497864,0.9131845831871033,-0.013323581777513027,0,0
63,LEFT_FOOT_INDEX,0.6578385233879089,0.9017324447631836,0.0618450790643692,0,0
63,RIGHT_FOOT_INDEX,0.6584857702255249,0.9354299902915955,-0.06189875677227974,0,0
64,NOSE,0.680780827999115,0.5173761248588562,-0.07632573693990707,0,0
64,LEFT_EYE_INNER,0.6793251037597656,0.5079857707023621,-0.06990787386894226,0,0
64,LEFT_EYE,0.6795475482940674,0.5078108906745911,-0.06992106139659882,0,0
64,LEFT_EYE_OUTER,0.6798240542411804,0.5076219439506531,-0.0699351578950882,0,0
64,RIGHT_EYE_INNER,0.6768319606781006,0.5086218118667603,-0.08947634696960449,0,0
64,RIGHT_EYE,0.6752256155014038,0.5089906454086304,-0.08949194848537445,0,0
64,RIGHT_EYE_OUTER,0.6736060380935669,0.5093809962272644,-0.08953683078289032,0,0
64,LEFT_EAR,0.6746873259544373,0.5104302167892456,-0.03143617883324623,0,0
64,RIGHT_EAR,0.6668606400489807,0.5131930708885193,-0.12210774421691895,0,0
64,MOUTH_LEFT,0.6800218820571899,0.5271325707435608,-0.05830040201544762,0,0
64,MOUTH_RIGHT,0.6768654584884644,0.5270975232124329,-0.08383259922266006,0,0
64,LEFT_SHOULDER,0.6630090475082397,0.557401180267334,0.03267451748251915,0,0
64,RIGHT_SHOULDER,0.6535869240760803,0.5607577562332153,-0.14466848969459534,0,0
64,LEFT_ELBOW,0.6646526455879211,0.6227000951766968,0.08123622089624405,0,0
64,RIGHT_ELBOW,0.6468404531478882,0.6350196003913879,-0.16002167761325836,0,0
64,LEFT_WRIST,0.6800447702407837,0.6637139320373535,0.049573514610528946,0,0
64,RIGHT_WRIST,0.6713797450065613,0.6874728798866272,-0.14783784747123718,0,0
64,LEFT_PINKY,0.6852633357048035,0.6811793446540833,0.04813007637858391,0,0
64,RIGHT_PINKY,0.6768827438354492,0.7020878195762634,-0.16389788687229156,0,0
64,LEFT_INDEX,0.6887444257736206,0.6801699995994568,0.03157314285635948,0,0
64,RIGHT_INDEX,0.6821688413619995,0.6934608817100525,-0.16352853178977966,0,0
64,LEFT_THUMB,0.6855551600456238,0.6733017563819885,0.041506458073854446,0,0
64,RIGHT_THUMB,0.6799972653388977,0.6885999441146851,-0.14626969397068024,0,0
64,LEFT_HIP,0.6419774889945984,0.684343159198761,0.05756789445877075,0,0
64,RIGHT_HIP,0.6364441514015198,0.6875253915786743,-0.05762234702706337,0,0
64,LEFT_KNEE,0.6470499038696289,0.7852758169174194,0.09466889500617981,0,0
64,RIGHT_KNEE,0.6423686742782593,0.7965852618217468,-0.04963482916355133,0,0
64,LEFT_ANKLE,0.6380684971809387,0.8777890205383301,0.15244807302951813,0,0
64,RIGHT_ANKLE,0.6339359879493713,0.9010881781578064,-0.026514364406466484,0,0
64,LEFT_HEEL,0.6325083374977112,0.8913205862045288,0.155929297208786,0,0
64,RIGHT_HEEL,0.6237495541572571,0.9122490286827087,-0.02671974152326584,0,0
64,LEFT_FOOT_INDEX,0.6553062200546265,0.8965636491775513,0.12960469722747803,0,0
64,RIGHT_FOOT_INDEX,0.6493278741836548,0.9335315227508545,-0.07403059303760529,0,0
65,NOSE,0.6778883337974548,0.5139317512512207,-0.11035926640033722,0,0
65,LEFT_EYE_INNER,0.676657497882843,0.5048696398735046,-0.10282321274280548,0,0
65,LEFT_EYE,0.6770103573799133,0.504724383354187,-0.10284611582756042,0,0
65,LEFT_EYE_OUTER,0.6773881912231445,0.5045376420021057,-0.10286533832550049,0,0
65,RIGHT_EYE_INNER,0.6737911105155945,0.5054471492767334,-0.11889756470918655,0,0
65,RIGHT_EYE,0.6720755696296692,0.5057764649391174,-0.11892301589250565,0,0
65,RIGHT_EYE_OUTER,0.6702888607978821,0.5061389207839966,-0.11896494030952454,0,0
65,LEFT_EAR,0.6723194718360901,0.5073652863502502,-0.051948800683021545,0,0
65,RIGHT_EAR,0.6632182002067566,0.5103463530540466,-0.12511277198791504,0,0
65,MOUTH_LEFT,0.677596390247345,0.5240949392318726,-0.08846691995859146,0,0
65,MOUTH_RIGHT,0.6741018891334534,0.5241747498512268,-0.10933836549520493,0,0
65,LEFT_SHOULDER,0.6611582040786743,0.5541529059410095,0.027573855593800545,0,0
65,RIGHT_SHOULDER,0.6507589817047119,0.5566889643669128,-0.14506547152996063,0,0
65,LEFT_ELBOW,0.6609876155853271,0.6203411221504211,0.06995916366577148,0,0
65,RIGHT_ELBOW,0.6446420550346375,0.6318241953849792,-0.1559033840894699,0,0
65,LEFT_WRIST,0.6752199530601501,0.663094699382782,0.02603759616613388,0,0
65,RIGHT_WRIST,0.6693584322929382,0.6831746101379395,-0.14510637521743774,0,0
65,LEFT_PINKY,0.6801356077194214,0.6783002018928528,0.02115834504365921,0,0
65,RIGHT_PINKY,0.6749546527862549,0.6957890391349792,-0.1605301797389984,0,0
65,LEFT_INDEX,0.6836140155792236,0.6745520234107971,0.0053217182867228985,0,0
65,RIGHT_INDEX,0.6804004907608032,0.6867102384567261,-0.16185149550437927,0,0
65,LEFT_THUMB,0.6793816685676575,0.6690681576728821,0.017639370635151863,0,0
65,RIGHT_THUMB,0.6785156726837158,0.6829776167869568,-0.14412476122379303,0,0
65,LEFT_HIP,0.6418849229812622,0.6820399761199951,0.056683916598558426,0,0
65,RIGHT_HIP,0.6353685855865479,0.6843977570533752,-0.05672549828886986,0,0
65,LEFT_KNEE,0.6447433829307556,0.7804574370384216,0.10120133310556412,0,0
65,RIGHT_KNEE,0.638091504573822,0.7908759117126465,-0.06588910520076752,0,0
65,LEFT_ANKLE,0.633247435092926,0.867307186126709,0.16877968609333038,0,0
65,RIGHT_ANKLE,0.6233471632003784,0.894059956073761,-0.05006680265069008,0,0
65,LEFT_HEEL,0.6274121403694153,0.8829982876777649,0.1729915738105774,0,0
65,RIGHT_HEEL,0.6138250827789307,0.9040441513061523,-0.051705315709114075,0,0
65,LEFT_FOOT_INDEX,0.6506772637367249,0.8865861892700195,0.14531676471233368,0,0
65,RIGHT_FOOT_INDEX,0.6381076574325562,0.9269741773605347,-0.10895540565252304,0,0
66,NOSE,0.6760148406028748,0.5113677382469177,-0.1120285838842392,0,0
66,LEFT_EYE_INNER,0.6746525168418884,0.5024111270904541,-0.10566124320030212,0,0
66,LEFT_EYE,0.6750247478485107,0.5022158026695251,-0.10567869246006012,0,0
66,LEFT_EYE_OUTER,0.6754171252250671,0.5019765496253967,-0.10569579899311066,0,0
66,RIGHT_EYE_INNER,0.6716577410697937,0.5031809210777283,-0.12347184866666794,0,0
66,RIGHT_EYE,0.6698684096336365,0.5035919547080994,-0.1234949380159378,0,0
66,RIGHT_EYE_OUTER,0.6680404543876648,0.5040494799613953,-0.12353590130805969,0,0
66,LEFT_EAR,0.6703469753265381,0.5050589442253113,-0.06066989526152611,0,0
66,RIGHT_EAR,0.6609470248222351,0.5089219212532043,-0.14073708653450012,0,0
66,MOUTH_LEFT,0.6758167147636414,0.5213078260421753,-0.09241589903831482,0,0
66,MOUTH_RIGHT,0.6720976233482361,0.5216882824897766,-0.1156226247549057,0,0
66,LEFT_SHOULDER,0.6608921885490417,0.5528721809387207,0.010882300324738026,0,0
66,RIGHT_SHOULDER,0.6488671898841858,0.5581372380256653,-0.15880553424358368,0,0
66,LEFT_ELBOW,0.662053644657135,0.619223952293396,0.05910658463835716,0,0
66,RIGHT_ELBOW,0.6384165287017822,0.6325711607933044,-0.15950994193553925,0,0
66,LEFT_WRIST,0.6762489676475525,0.6553118228912354,0.021031834185123444,0,0
66,RIGHT_WRIST,0.665598452091217,0.6799643039703369,-0.14268462359905243,0,0
66,LEFT_PINKY,0.6822858452796936,0.6669284701347351,0.015324579551815987,0,0
66,RIGHT_PINKY,0.6717740297317505,0.6914116740226746,-0.15972310304641724,0,0
66,LEFT_INDEX,0.6848727464675903,0.6658526062965393,-0.00012238275667186826,0,0
66,RIGHT_INDEX,0.6763197183609009,0.6829462647438049,-0.1582520306110382,0,0
66,LEFT_THUMB,0.6806802153587341,0.6625591516494751,0.01279618963599205,0,0
66,RIGHT_THUMB,0.674442708492279,0.6792188286781311,-0.14118057489395142,0,0
66,LEFT_HIP,0.6423465013504028,0.6820772290229797,0.0550106018781662,0,0
66,RIGHT_HIP,0.6331924796104431,0.684219241142273,-0.055056069046258926,0,0
66,LEFT_KNEE,0.6445997357368469,0.7776076197624207,0.11016472429037094,0,0
66,RIGHT_KNEE,0.6323897242546082,0.7896854281425476,-0.048679765313863754,0,0
66,LEFT_ANKLE,0.634297251701355,0.8600327968597412,0.1974678933620453,0,0
66,RIGHT_ANKLE,0.6154919266700745,0.8879151344299316,-0.006937921978533268,0,0
66,LEFT_HEEL,0.6280792355537415,0.8726202845573425,0.2040722519159317,0,0
66,RIGHT_HEEL,0.6066436767578125,0.8980279564857483,-0.005349199753254652,0,0
66,LEFT_FOOT_INDEX,0.6519743204116821,0.8827449083328247,0.1618029773235321,0,0
66,RIGHT_FOOT_INDEX,0.6294941306114197,0.9194316864013672,-0.06065462902188301,0,0
67,NOSE,0.6750730872154236,0.5106735229492188,-0.13106900453567505,0,0
67,LEFT_EYE_INNER,0.6739052534103394,0.5019160509109497,-0.12384413927793503,0,0
67,LEFT_EYE,0.6742669343948364,0.5017390251159668,-0.12386748939752579,0,0
67,LEFT_EYE_OUTER,0.67464679479599,0.5015234351158142,-0.12388710677623749,0,0
67,RIGHT_EYE_INNER,0.6708354353904724,0.5025482773780823,-0.13977843523025513,0,0
67,RIGHT_EYE,0.6689141988754272,0.5028926730155945,-0.13980534672737122,0,0
67,RIGHT_EYE_OUTER,0.6668316125869751,0.5033349394798279,-0.13985255360603333,0,0
67,LEFT_EAR,0.6692894697189331,0.504703938961029,-0.07230982184410095,0,0
67,RIGHT_EAR,0.6590792536735535,0.5082365274429321,-0.14409396052360535,0,0
67,MOUTH_LEFT,0.674753725528717,0.5206577181816101,-0.10899610072374344,0,0
67,MOUTH_RIGHT,0.671029269695282,0.5209590792655945,-0.12971442937850952,0,0
67,LEFT_SHOULDER,0.6614953875541687,0.5524535775184631,0.007345603313297033,0,0
67,RIGHT_SHOULDER,0.6486222147941589,0.5581700801849365,-0.15862178802490234,0,0
67,LEFT_ELBOW,0.6619533896446228,0.6160839200019836,0.05676126480102539,0,0
67,RIGHT_ELBOW,0.6378352046012878,0.6325910687446594,-0.1593901664018631,0,0
67,LEFT_WRIST,0.6764335632324219,0.6542152166366577,0.01534227840602398,0,0
67,RIGHT_WRIST,0.6655960083007812,0.6795998215675354,-0.1455710530281067,0,0
67,LEFT_PINKY,0.6834218502044678,0.6657581329345703,0.008142939768731594,0,0
67,RIGHT_PINKY,0.6722362637519836,0.6901152729988098,-0.16120348870754242,0,0
67,LEFT_INDEX,0.6854633688926697,0.664998471736908,-0.007706018630415201,0,0
67,RIGHT_INDEX,0.6765130162239075,0.6821807026863098,-0.16422981023788452,0,0
67,LEFT_THUMB,0.6810771226882935,0.6620630621910095,0.006774478126317263,0,0
67,RIGHT_THUMB,0.6744282841682434,0.6788491010665894,-0.1452394425868988,0,0
67,LEFT_HIP,0.6426575779914856,0.6815353631973267,0.05336366593837738,0,0
67,RIGHT_HIP,0.6336725354194641,0.6828837394714355,-0.053413696587085724,0,0
67,LEFT_KNEE,0.6451192498207092,0.7757269144058228,0.1159641444683075,0,0
67,RIGHT_KNEE,0.6308170557022095,0.7838097810745239,-0.050386447459459305,0,0
67,LEFT_ANKLE,0.6349057555198669,0.8567195534706116,0.20121140778064728,0,0
67,RIGHT_ANKLE,0.6151701807975769,0.8848322033882141,-0.01050094235688448,0,0
67,LEFT_HEEL,0.6284388899803162,0.868681788444519,0.20758093893527985,0,0
67,RIGHT_HEEL,0.6064631342887878,0.8947952389717102,-0.009178911335766315,0,0
67,LEFT_FOOT_INDEX,0.6526705026626587,0.8803313374519348,0.1768321990966797,0,0
67,RIGHT_FOOT_INDEX,0.6273605823516846,0.9173909425735474,-0.0673426017165184,0,0
68,NOSE,0.6728399395942688,0.5094500184059143,-0.11608677357435226,0,0
68,LEFT_EYE_INNER,0.6714953184127808,0.5008215308189392,-0.10928033292293549,0,0
68,LEFT_EYE,0.6717882752418518,0.5005953311920166,-0.10929907858371735,0,0
68,LEFT_EYE_OUTER,0.6720978617668152,0.50034099817276,-0.10931455343961716,0,0
68,RIGHT_EYE_INNER,0.6685792803764343,0.5015117526054382,-0.12582425773143768,0,0
68,RIGHT_EYE,0.666725754737854,0.5018596649169922,-0.12584218382835388,0,0
68,RIGHT_EYE_OUTER,0.6647736430168152,0.5022969245910645,-0.1258823126554489,0,0
68,LEFT_EAR,0.6665318012237549,0.5032407641410828,-0.06101555377244949,0,0
68,RIGHT_EAR,0.657279908657074,0.5070961713790894,-0.13598203659057617,0,0
68,MOUTH_LEFT,0.6723592877388,0.5191806554794312,-0.0952221155166626,0,0
68,MOUTH_RIGHT,0.6687571406364441,0.519655168056488,-0.11682353168725967,0,0
68,LEFT_SHOULDER,0.658352792263031,0.5511204600334167,0.014710252173244953,0,0
68,RIGHT_SHOULDER,0.6474206447601318,0.5566195249557495,-0.1574982851743698,0,0
68,LEFT_ELBOW,0.6588360071182251,0.6159841418266296,0.05987346172332764,0,0
68,RIGHT_ELBOW,0.6337715983390808,0.6310572624206543,-0.15438710153102875,0,0
68,LEFT_WRIST,0.6746987700462341,0.6522257328033447,0.017833610996603966,0,0
68,RIGHT_WRIST,0.6610009074211121,0.6768783926963806,-0.1350870132446289,0,0
68,LEFT_PINKY,0.680820643901825,0.6598776578903198,0.011330226436257362,0,0
68,RIGHT_PINKY,0.6673288941383362,0.688133716583252,-0.14801277220249176,0,0
68,LEFT_INDEX,0.6809586882591248,0.6592931151390076,-0.004084573592990637,0,0
68,RIGHT_INDEX,0.6722763180732727,0.6797522306442261,-0.15174028277397156,0,0
68,LEFT_THUMB,0.6790422797203064,0.6542624831199646,0.009447635151445866,0,0
68,RIGHT_THUMB,0.6704873442649841,0.6759966611862183,-0.13465246558189392,0,0
68,LEFT_HIP,0.6410054564476013,0.6811361312866211,0.053019799292087555,0,0
68,RIGHT_HIP,0.6327069997787476,0.6819276809692383,-0.05307786911725998,0,0
68,LEFT_KNEE,0.6410931348800659,0.7735462188720703,0.11801643669605255,0,0
68,RIGHT_KNEE,0.6257169246673584,0.782314121723175,-0.0559505820274353,0,0
68,LEFT_ANKLE,0.634962260723114,0.8573503494262695,0.2018241286277771,0,0
68,RIGHT_ANKLE,0.6080343723297119,0.8840544819831848,-0.019768942147493362,0,0
68,LEFT_HEEL,0.6285693645477295,0.8690768480300903,0.20775552093982697,0,0
68,RIGHT_HEEL,0.5979922413825989,0.8944932222366333,-0.019489215686917305,0,0
68,LEFT_FOOT_INDEX,0.6526845693588257,0.8783993124961853,0.17782409489154816,0,0
68,RIGHT_FOOT_INDEX,0.6171377897262573,0.9137557148933411,-0.07236111164093018,0,0
69,NOSE,0.6696135997772217,0.5100715160369873,-0.0902913436293602,0,0
69,LEFT_EYE_INNER,0.6687794327735901,0.5009994506835938,-0.08472840487957001,0,0
69,LEFT_EYE,0.6691836714744568,0.5006932616233826,-0.0847499668598175,0,0
69,LEFT_EYE_OUTER,0.669593870639801,0.5003752708435059,-0.0847606509923935,0,0
69,RIGHT_EYE_INNER,0.665581464767456,0.5015965700149536,-0.09931864589452744,0,0
69,RIGHT_EYE,0.6636876463890076,0.5018064975738525,-0.09932149946689606,0,0
69,RIGHT_EYE_OUTER,0.6617764234542847,0.5020748972892761,-0.0993650034070015,0,0
69,LEFT_EAR,0.6650184392929077,0.5025532245635986,-0.039801083505153656,0,0
69,RIGHT_EAR,0.6546460390090942,0.5060495138168335,-0.10778407007455826,0,0
69,MOUTH_LEFT,0.6691243052482605,0.5193099975585938,-0.07072747498750687,0,0
69,MOUTH_RIGHT,0.6651307344436646,0.5198006629943848,-0.08997464925050735,0,0
69,LEFT_SHOULDER,0.6590754389762878,0.5514467358589172,0.024688610807061195,0,0
69,RIGHT_SHOULDER,0.641568124294281,0.551697850227356,-0.1252836287021637,0,0
69,LEFT_ELBOW,0.6600246429443359,0.6125920414924622,0.0708313137292862,0,0
69,RIGHT_ELBOW,0.6298242807388306,0.6241873502731323,-0.1271940916776657,0,0
69,LEFT_WRIST,0.6753955483436584,0.6480750441551208,0.02065381221473217,0,0
69,RIGHT_WRIST,0.6547201871871948,0.6767637729644775,-0.1114579364657402,0,0
69,LEFT_PINKY,0.683528482913971,0.6583725810050964,0.01842084527015686,0,0
69,RIGHT_PINKY,0.6614103317260742,0.6899136304855347,-0.12381346523761749,0,0
69,LEFT_INDEX,0.6830825209617615,0.6564428806304932,0.0030167170334607363,0,0
69,RIGHT_INDEX,0.6665436625480652,0.68116694688797,-0.12742671370506287,0,0
69,LEFT_THUMB,0.6801454424858093,0.6531236171722412,0.013247127644717693,0,0
69,RIGHT_THUMB,0.6651148200035095,0.6767146587371826,-0.11116590350866318,0,0
69,LEFT_HIP,0.641531765460968,0.6812511682510376,0.04794975742697716,0,0
69,RIGHT_HIP,0.6294328570365906,0.6829416155815125,-0.04798608273267746,0,0
69,LEFT_KNEE,0.6417465806007385,0.772390604019165,0.10762624442577362,0,0
69,RIGHT_KNEE,0.6196711659431458,0.7813762426376343,-0.050643958151340485,0,0
69,LEFT_ANKLE,0.6352347135543823,0.8564775586128235,0.18541081249713898,0,0
69,RIGHT_ANKLE,0.599353015422821,0.8786004781723022,-0.007992659695446491,0,0
69,LEFT_HEEL,0.6285809874534607,0.869617223739624,0.19071857631206512,0,0
69,RIGHT_HEEL,0.5923469066619873,0.8882817625999451,-0.0064078583382070065,0,0
69,LEFT_FOOT_INDEX,0.652914822101593,0.8784880042076111,0.15883423388004303,0,0
69,RIGHT_FOOT_INDEX,0.6050084829330444,0.9119954109191895,-0.06233927980065346,0,0
70,NOSE,0.6661455035209656,0.5103644132614136,-0.14339353144168854,0,0
70,LEFT_EYE_INNER,0.6652114391326904,0.501782238483429,-0.1343630701303482,0,0
70,LEFT_EYE,0.6657101511955261,0.5015094876289368,-0.13437369465827942,0,0
70,LEFT_EYE_OUTER,0.666214108467102,0.5012112259864807,-0.13437850773334503,0,0
70,RIGHT_EYE_INNER,0.6618225574493408,0.5023642778396606,-0.1468031406402588,0,0
70,RIGHT_EYE,0.6598159074783325,0.5025879740715027,-0.1468091607093811,0,0
70,RIGHT_EYE_OUTER,0.6577652096748352,0.5028666853904724,-0.14682833850383759,0,0
70,LEFT_EAR,0.662173330783844,0.5035750269889832,-0.07191775739192963,0,0
70,RIGHT_EAR,0.6501461267471313,0.5067325830459595,-0.12656660377979279,0,0
70,MOUTH_LEFT,0.6660525798797607,0.5196487903594971,-0.11795510351657867,0,0
70,MOUTH_RIGHT,0.66199791431427,0.5199333429336548,-0.13409839570522308,0,0
70,LEFT_SHOULDER,0.6596333980560303,0.5547221302986145,0.002634349511936307,0,0
70,RIGHT_SHOULDER,0.6359983086585999,0.5530134439468384,-0.12974867224693298,0,0
70,LEFT_ELBOW,0.660714328289032,0.6133044362068176,0.054996855556964874,0,0
70,RIGHT_ELBOW,0.6272782683372498,0.6259159445762634,-0.12713168561458588,0,0
70,LEFT_WRIST,0.6756048202514648,0.6468064188957214,0.0052068415097892284,0,0
70,RIGHT_WRIST,0.6504688262939453,0.67896568775177,-0.12069809436798096,0,0
70,LEFT_PINKY,0.6836130023002625,0.6527481079101562,-0.0061675552278757095,0,0
70,RIGHT_PINKY,0.6568547487258911,0.6917654871940613,-0.13454879820346832,0,0
70,LEFT_INDEX,0.6832578182220459,0.6529396176338196,-0.022481722757220268,0,0
70,RIGHT_INDEX,0.6616825461387634,0.6833914518356323,-0.13519486784934998,0,0
70,LEFT_THUMB,0.6808736324310303,0.6520971059799194,-0.003507975023239851,0,0
70,RIGHT_THUMB,0.6604403257369995,0.6790395379066467,-0.12059592455625534,0,0
70,LEFT_HIP,0.6416807174682617,0.6879953742027283,0.039050839841365814,0,0
70,RIGHT_HIP,0.6258729100227356,0.6857518553733826,-0.03908316418528557,0,0
70,LEFT_KNEE,0.6424477100372314,0.773100733757019,0.10580411553382874,0,0
70,RIGHT_KNEE,0.6145943403244019,0.7827746272087097,-0.010951775126159191,0,0
70,LEFT_ANKLE,0.6353044509887695,0.8555577397346497,0.19117982685565948,0,0
70,RIGHT_ANKLE,0.5918604135513306,0.8746779561042786,0.05793142691254616,0,0
70,LEFT_HEEL,0.6287839412689209,0.8691843152046204,0.19718442857265472,0,0
70,RIGHT_HEEL,0.5854366421699524,0.8812861442565918,0.06257663667201996,0,0
70,LEFT_FOOT_INDEX,0.6531493663787842,0.8782905340194702,0.1615249663591385,0,0
70,RIGHT_FOOT_INDEX,0.5967987179756165,0.9153108596801758,0.005109267309308052,0,0
71,NOSE,0.6627526879310608,0.5116000771522522,-0.15612024068832397,0,0
71,LEFT_EYE_INNER,0.6617820262908936,0.5024434924125671,-0.14575062692165375,0,0
71,LEFT_EYE,0.6623220443725586,0.5020233392715454,-0.14578096568584442,0,0
71,LEFT_EYE_OUTER,0.6628866195678711,0.5015612244606018,-0.1457977443933487,0,0
71,RIGHT_EYE_INNER,0.6582610607147217,0.5032264590263367,-0.15608379244804382,0,0
71,RIGHT_EYE,0.6562689542770386,0.5034846067428589,-0.1560889333486557,0,0
71,RIGHT_EYE_OUTER,0.6541874408721924,0.5038495063781738,-0.15612028539180756,0,0
71,LEFT_EAR,0.6591357588768005,0.5038480162620544,-0.07595612853765488,0,0
71,RIGHT_EAR,0.6467301249504089,0.5082531571388245,-0.12480665743350983,0,0
71,MOUTH_LEFT,0.6627185344696045,0.5205634832382202,-0.12811030447483063,0,0
71,MOUTH_RIGHT,0.6585606932640076,0.5209744572639465,-0.14116714894771576,0,0
71,LEFT_SHOULDER,0.6600300669670105,0.5588713884353638,-0.005703306291252375,0,0
71,RIGHT_SHOULDER,0.6314300298690796,0.5548723340034485,-0.1178509071469307,0,0
71,LEFT_ELBOW,0.6619735360145569,0.6146116852760315,0.004069592338055372,0,0
71,RIGHT_ELBOW,0.6261045336723328,0.6276278495788574,-0.12169011682271957,0,0
71,LEFT_WRIST,0.6750577092170715,0.6507253646850586,-0.09278633445501328,0,0
71,RIGHT_WRIST,0.6435665488243103,0.6813075542449951,-0.13326075673103333,0,0
71,LEFT_PINKY,0.6787793040275574,0.6585448980331421,-0.1152915507555008,0,0
71,RIGHT_PINKY,0.6473745107650757,0.6944150924682617,-0.15320809185504913,0,0
71,LEFT_INDEX,0.6771506667137146,0.6592895984649658,-0.12983135879039764,0,0
71,RIGHT_INDEX,0.6520858407020569,0.6881004571914673,-0.16529712080955505,0,0
71,LEFT_THUMB,0.676106333732605,0.6558571457862854,-0.10239170491695404,0,0
71,RIGHT_THUMB,0.6518032550811768,0.6830787658691406,-0.1381082534790039,0,0
71,LEFT_HIP,0.6425896286964417,0.6959179043769836,0.031430263072252274,0,0
71,RIGHT_HIP,0.6227474212646484,0.6923483610153198,-0.03142598271369934,0,0
71,LEFT_KNEE,0.642872154712677,0.7756947875022888,0.08429842442274094,0,0
71,RIGHT_KNEE,0.6103683710098267,0.7897683382034302,0.014043261297047138,0,0
71,LEFT_ANKLE,0.6358055472373962,0.8558822870254517,0.18931390345096588,0,0
71,RIGHT_ANKLE,0.5896298885345459,0.8739451169967651,0.11516277492046356,0,0
71,LEFT_HEEL,0.6298686265945435,0.8690616488456726,0.19704703986644745,0,0
71,RIGHT_HEEL,0.5840461254119873,0.8772757649421692,0.12323226034641266,0,0
71,LEFT_FOOT_INDEX,0.653607189655304,0.8783989548683167,0.15281566977500916,0,0
71,RIGHT_FOOT_INDEX,0.5942855477333069,0.9175423383712769,0.06338552385568619,0,0
72,NOSE,0.6616840362548828,0.5132761001586914,-0.15302877128124237,0,0
72,LEFT_EYE_INNER,0.660865068435669,0.5035154819488525,-0.1421872228384018,0,0
72,LEFT_EYE,0.6614313125610352,0.5030706524848938,-0.14221258461475372,0,0
72,LEFT_EYE_OUTER,0.6620330214500427,0.5026055574417114,-0.14222155511379242,0,0
72,RIGHT_EYE_INNER,0.6573340892791748,0.5041162371635437,-0.1522987335920334,0,0
72,RIGHT_EYE,0.6552345752716064,0.5042954087257385,-0.15230433642864227,0,0
72,RIGHT_EYE_OUTER,0.653054416179657,0.5046149492263794,-0.1523413360118866,0,0
72,LEFT_EAR,0.6584556698799133,0.5049620866775513,-0.07144240289926529,0,0
72,RIGHT_EAR,0.6455286741256714,0.5090932250022888,-0.11779427528381348,0,0
72,MOUTH_LEFT,0.661904513835907,0.5221348404884338,-0.12469130009412766,0,0
72,MOUTH_RIGHT,0.657532811164856,0.5224896669387817,-0.13752692937850952,0,0
72,LEFT_SHOULDER,0.6601458787918091,0.5614895224571228,0.001855465117841959,0,0
72,RIGHT_SHOULDER,0.6304885745048523,0.5552638173103333,-0.11405517905950546,0,0
72,LEFT_ELBOW,0.6621175408363342,0.6147393584251404,0.014982701279222965,0,0
72,RIGHT_ELBOW,0.6244309544563293,0.6287677884101868,-0.12194231897592545,0,0
72,LEFT_WRIST,0.6751922965049744,0.652177095413208,-0.07800797373056412,0,0
72,RIGHT_WRIST,0.6434423327445984,0.6815468072891235,-0.13504914939403534,0,0
72,LEFT_PINKY,0.6785299181938171,0.6622110605239868,-0.09859026968479156,0,0
72,RIGHT_PINKY,0.6470741033554077,0.6953684091567993,-0.15446315705776215,0,0
72,LEFT_INDEX,0.6781636476516724,0.6615584492683411,-0.11311287432909012,0,0
72,RIGHT_INDEX,0.6523447632789612,0.689433753490448,-0.16473747789859772,0,0
72,LEFT_THUMB,0.6750443577766418,0.6582536697387695,-0.0875587984919548,0,0
72,RIGHT_THUMB,0.652066171169281,0.6845577359199524,-0.13893160223960876,0,0
72,LEFT_HIP,0.6430988907814026,0.7003772258758545,0.032310601323843,0,0
72,RIGHT_HIP,0.6219484806060791,0.6961557269096375,-0.03230501338839531,0,0
72,LEFT_KNEE,0.6432276368141174,0.7772547602653503,0.08776555210351944,0,0
72,RIGHT_KNEE,0.609318196773529,0.7961874604225159,0.014255187474191189,0,0
72,LEFT_ANKLE,0.6362733840942383,0.8564438223838806,0.19175849854946136,0,0
72,RIGHT_ANKLE,0.5891197919845581,0.8752755522727966,0.11340200901031494,0,0
72,LEFT_HEEL,0.6305484771728516,0.8697035312652588,0.19933344423770905,0,0
72,RIGHT_HEEL,0.583290159702301,0.877338171005249,0.12118423730134964,0,0
72,LEFT_FOOT_INDEX,0.654403567314148,0.8788646459579468,0.1557024121284485,0,0
72,RIGHT_FOOT_INDEX,0.5944363474845886,0.9188302159309387,0.060944437980651855,0,0
