frame_number,landmark,x,y,z,action,label
0,NOSE,0.6547762155532837,0.5250062942504883,-0.2450227439403534,[],0
0,LEFT_EYE_INNER,0.6556430459022522,0.5145528316497803,-0.23727144300937653,[],0
0,LEFT_EYE,0.6570707559585571,0.5142596960067749,-0.2372729629278183,[],0
0,LEFT_EYE_OUTER,0.6585719585418701,0.5140349268913269,-0.23728039860725403,[],0
0,RIGHT_EYE_INNER,0.6511713266372681,0.5137632489204407,-0.24309983849525452,[],0
0,RIGHT_EYE,0.6488366723060608,0.5132519006729126,-0.2431231290102005,[],0
0,RIGHT_EYE_OUTER,0.6464795470237732,0.5128035545349121,-0.24309268593788147,[],0
0,LEFT_EAR,0.6581031084060669,0.5138241052627563,-0.16070406138896942,[],0
0,RIGHT_EAR,0.639201283454895,0.5140425562858582,-0.1907232403755188,[],0
0,MOUTH_LEFT,0.6560965776443481,0.5349084138870239,-0.21340611577033997,[],0
0,MOUTH_RIGHT,0.650148332118988,0.5337570905685425,-0.2219611555337906,[],0
0,LEFT_SHOULDER,0.6738811731338501,0.560427188873291,-0.09865819662809372,[],0
0,RIGHT_SHOULDER,0.6161872148513794,0.5674477815628052,-0.1296692192554474,[],0
0,LEFT_ELBOW,0.6965152025222778,0.6216289401054382,-0.06660308688879013,[],0
0,RIGHT_ELBOW,0.5902491807937622,0.6171365976333618,-0.11348167061805725,[],0
0,LEFT_WRIST,0.7237887978553772,0.6796033382415771,-0.13952365517616272,[],0
0,RIGHT_WRIST,0.551611602306366,0.6453602910041809,-0.17073583602905273,[],0
0,LEFT_PINKY,0.7319824695587158,0.7006394863128662,-0.1571934074163437,[],0
0,RIGHT_PINKY,0.5397623181343079,0.6499926447868347,-0.18817751109600067,[],0
0,LEFT_INDEX,0.7306056618690491,0.7023027539253235,-0.18130232393741608,[],0
0,RIGHT_INDEX,0.5397793054580688,0.6465866565704346,-0.21465244889259338,[],0
0,LEFT_THUMB,0.727915346622467,0.6947025060653687,-0.15141601860523224,[],0
0,RIGHT_THUMB,0.543648362159729,0.6463462710380554,-0.1837104856967926,[],0
0,LEFT_HIP,0.6733428835868835,0.7102870345115662,0.016624445095658302,[],0
0,RIGHT_HIP,0.6417015194892883,0.7194737195968628,-0.01666342280805111,[],0
0,LEFT_KNEE,0.686090886592865,0.8144060969352722,0.05428961664438248,[],0
0,RIGHT_KNEE,0.635858416557312,0.8185075521469116,0.028845569118857384,[],0
0,LEFT_ANKLE,0.6955531239509583,0.8995591402053833,0.1738043576478958,[],0
0,RIGHT_ANKLE,0.6209550499916077,0.8926969170570374,0.15927688777446747,[],0
0,LEFT_HEEL,0.6911513805389404,0.9142370223999023,0.18300403654575348,[],0
0,RIGHT_HEEL,0.618683397769928,0.8974493145942688,0.16982930898666382,[],0
0,LEFT_FOOT_INDEX,0.7197650671005249,0.9292709827423096,0.12824241816997528,[],0
0,RIGHT_FOOT_INDEX,0.6247640252113342,0.930482029914856,0.11003319174051285,[],0
1,NOSE,0.6549651026725769,0.52511066198349,-0.25158414244651794,0,0
1,LEFT_EYE_INNER,0.6561866998672485,0.5145666599273682,-0.24338676035404205,0,0
1,LEFT_EYE,0.6575711965560913,0.5142643451690674,-0.24339598417282104,0,0
1,LEFT_EYE_OUTER,0.6590088605880737,0.5140343904495239,-0.24340984225273132,0,0
1,RIGHT_EYE_INNER,0.6512796878814697,0.5139205455780029,-0.2488825023174286,0,0
1,RIGHT_EYE,0.6489315032958984,0.513425886631012,-0.248915895819664,0,0
1,RIGHT_EYE_OUTER,0.6465041041374207,0.5130109190940857,-0.24890035390853882,0,0
1,LEFT_EAR,0.6582752466201782,0.5138378143310547,-0.16462306678295135,0,0
1,RIGHT_EAR,0.6393079161643982,0.5141347050666809,-0.19338294863700867,0,0
1,MOUTH_LEFT,0.6561024785041809,0.5351278185844421,-0.219265878200531,0,0
1,MOUTH_RIGHT,0.6502348780632019,0.5341023802757263,-0.2274533361196518,0,0
1,LEFT_SHOULDER,0.6738807559013367,0.5600719451904297,-0.09905719757080078,0,0
1,RIGHT_SHOULDER,0.6168835163116455,0.5665320754051208,-0.13251541554927826,0,0
1,LEFT_ELBOW,0.6966804265975952,0.6216190457344055,-0.06666132062673569,0,0
1,RIGHT_ELBOW,0.5902574062347412,0.6183692812919617,-0.11520814895629883,0,0
1,LEFT_WRIST,0.725297749042511,0.6799217462539673,-0.1392563432455063,0,0
1,RIGHT_WRIST,0.5517891049385071,0.6458712816238403,-0.1719665676355362,0,0
1,LEFT_PINKY,0.7331111431121826,0.7014604806900024,-0.1563180834054947,0,0
1,RIGHT_PINKY,0.5401188731193542,0.6501994132995605,-0.1892702728509903,0,0
1,LEFT_INDEX,0.7317638993263245,0.7026939988136292,-0.1807241588830948,0,0
1,RIGHT_INDEX,0.5401195287704468,0.6469007134437561,-0.21629144251346588,0,0
1,LEFT_THUMB,0.7294152975082397,0.696390688419342,-0.15114903450012207,0,0
1,RIGHT_THUMB,0.5438162088394165,0.6469245553016663,-0.18506236374378204,0,0
1,LEFT_HIP,0.6731463670730591,0.7097208499908447,0.01727580837905407,0,0
1,RIGHT_HIP,0.6412678956985474,0.7186602354049683,-0.017316753044724464,0,0
1,LEFT_KNEE,0.686590850353241,0.8144968748092651,0.046524252742528915,0,0
1,RIGHT_KNEE,0.6357080340385437,0.818528950214386,0.018985362723469734,0,0
1,LEFT_ANKLE,0.6955639719963074,0.8995629549026489,0.16526775062084198,0,0
1,RIGHT_ANKLE,0.6209501028060913,0.8925558924674988,0.16235260665416718,0,0
1,LEFT_HEEL,0.691150963306427,0.9142488241195679,0.17448373138904572,0,0
1,RIGHT_HEEL,0.6185898184776306,0.8972952365875244,0.17491473257541656,0,0
1,LEFT_FOOT_INDEX,0.7197630405426025,0.9301190376281738,0.12108339369297028,0,0
1,RIGHT_FOOT_INDEX,0.6247053742408752,0.9305870532989502,0.12066410481929779,0,0
2,NOSE,0.6549688577651978,0.5253296494483948,-0.25850337743759155,0,0
2,LEFT_EYE_INNER,0.656295895576477,0.5146795511245728,-0.2501954436302185,0,0
2,LEFT_EYE,0.6576865315437317,0.5143319964408875,-0.2502087652683258,0,0
2,LEFT_EYE_OUTER,0.6591043472290039,0.5140693783760071,-0.25022920966148376,0,0
2,RIGHT_EYE_INNER,0.6512784361839294,0.5143042206764221,-0.25528034567832947,0,0
2,RIGHT_EYE,0.6489096879959106,0.5138968825340271,-0.2553168833255768,0,0
2,RIGHT_EYE_OUTER,0.6464283466339111,0.5135971307754517,-0.2553040385246277,0,0
2,LEFT_EAR,0.6583589315414429,0.5139005184173584,-0.17037343978881836,0,0
2,RIGHT_EAR,0.6392946839332581,0.5145047903060913,-0.19689390063285828,0,0
2,MOUTH_LEFT,0.6560583114624023,0.535416305065155,-0.22580726444721222,0,0
2,MOUTH_RIGHT,0.6502344012260437,0.5346838235855103,-0.23336859047412872,0,0
2,LEFT_SHOULDER,0.6740238666534424,0.5591944456100464,-0.10308003425598145,0,0
2,RIGHT_SHOULDER,0.6174094676971436,0.5662702322006226,-0.13391152024269104,0,0
2,LEFT_ELBOW,0.6981504559516907,0.6208556294441223,-0.07135593891143799,0,0
2,RIGHT_ELBOW,0.5903104543685913,0.6194579005241394,-0.11572348326444626,0,0
2,LEFT_WRIST,0.7267133593559265,0.6792875528335571,-0.14412733912467957,0,0
2,RIGHT_WRIST,0.5518813729286194,0.6465911269187927,-0.17337800562381744,0,0
2,LEFT_PINKY,0.7347131371498108,0.6998482942581177,-0.16078047454357147,0,0
2,RIGHT_PINKY,0.540457546710968,0.6508085131645203,-0.19072183966636658,0,0
2,LEFT_INDEX,0.7336536645889282,0.7014126181602478,-0.18578055500984192,0,0
2,RIGHT_INDEX,0.5405353903770447,0.6477534770965576,-0.21825383603572845,0,0
2,LEFT_THUMB,0.7312694787979126,0.6960796117782593,-0.15619415044784546,0,0
2,RIGHT_THUMB,0.5439425110816956,0.6476795673370361,-0.18669605255126953,0,0
2,LEFT_HIP,0.6731541156768799,0.7087280750274658,0.01694164052605629,0,0
2,RIGHT_HIP,0.6411936283111572,0.7175816297531128,-0.01697838492691517,0,0
2,LEFT_KNEE,0.6869152784347534,0.8144142031669617,0.03737998008728027,0,0
2,RIGHT_KNEE,0.635595440864563,0.818480908870697,0.01843772642314434,0,0
2,LEFT_ANKLE,0.6956512331962585,0.8995873928070068,0.15747953951358795,0,0
2,RIGHT_ANKLE,0.6209614276885986,0.8912383913993835,0.1729697734117508,0,0
2,LEFT_HEEL,0.6911975145339966,0.914271354675293,0.16671733558177948,0,0
2,RIGHT_HEEL,0.6186360716819763,0.8952689170837402,0.1867222934961319,0,0
2,LEFT_FOOT_INDEX,0.71986985206604,0.9308487772941589,0.1103665679693222,0,0
2,RIGHT_FOOT_INDEX,0.6244059205055237,0.9305658340454102,0.13281479477882385,0,0
3,NOSE,0.6548635363578796,0.5254128575325012,-0.2580353319644928,0,0
3,LEFT_EYE_INNER,0.6562917232513428,0.5147734880447388,-0.24981074035167694,0,0
3,LEFT_EYE,0.6576837301254272,0.5143870115280151,-0.24982868134975433,0,0
3,LEFT_EYE_OUTER,0.6590974926948547,0.5140983462333679,-0.24985262751579285,0,0
3,RIGHT_EYE_INNER,0.6511732935905457,0.5145130157470703,-0.2545671761035919,0,0
3,RIGHT_EYE,0.648740828037262,0.514138400554657,-0.25460174679756165,0,0
3,RIGHT_EYE_OUTER,0.6462014317512512,0.5138586759567261,-0.25458794832229614,0,0
3,LEFT_EAR,0.6583588719367981,0.5139167904853821,-0.17025122046470642,0,0
3,RIGHT_EAR,0.639173150062561,0.5146285891532898,-0.19610223174095154,0,0
3,MOUTH_LEFT,0.6557973027229309,0.5354516506195068,-0.22543588280677795,0,0
3,MOUTH_RIGHT,0.6501230001449585,0.534802258014679,-0.23251420259475708,0,0
3,LEFT_SHOULDER,0.6744206547737122,0.557835578918457,-0.10296979546546936,0,0
3,RIGHT_SHOULDER,0.617922842502594,0.5659271478652954,-0.13363097608089447,0,0
3,LEFT_ELBOW,0.6996258497238159,0.6198464035987854,-0.07192479819059372,0,0
3,RIGHT_ELBOW,0.5912035703659058,0.6201261281967163,-0.11489572376012802,0,0
3,LEFT_WRIST,0.7279896140098572,0.678248405456543,-0.14602674543857574,0,0
3,RIGHT_WRIST,0.5534718632698059,0.647206723690033,-0.17378585040569305,0,0
3,LEFT_PINKY,0.7360568642616272,0.6975163817405701,-0.16358324885368347,0,0
3,RIGHT_PINKY,0.5424094796180725,0.6522597670555115,-0.1918996125459671,0,0
3,LEFT_INDEX,0.7352136373519897,0.699393093585968,-0.18886922299861908,0,0
3,RIGHT_INDEX,0.5424709320068359,0.648546576499939,-0.21969518065452576,0,0
3,LEFT_THUMB,0.7326524257659912,0.6947021484375,-0.1582871973514557,0,0
3,RIGHT_THUMB,0.545861005783081,0.6481139063835144,-0.1872550994157791,0,0
3,LEFT_HIP,0.673194944858551,0.708378255367279,0.016412459313869476,0,0
3,RIGHT_HIP,0.6411202549934387,0.7168854475021362,-0.01643836870789528,0,0
3,LEFT_KNEE,0.6872616410255432,0.8143301010131836,0.037608858197927475,0,0
3,RIGHT_KNEE,0.6353544592857361,0.818212628364563,0.019084973260760307,0,0
3,LEFT_ANKLE,0.6957090497016907,0.8995850682258606,0.16009770333766937,0,0
3,RIGHT_ANKLE,0.6209860444068909,0.8908033967018127,0.1733109951019287,0,0
3,LEFT_HEEL,0.6912580132484436,0.9142578840255737,0.16946618258953094,0,0
3,RIGHT_HEEL,0.6187877058982849,0.8944782018661499,0.18657493591308594,0,0
3,LEFT_FOOT_INDEX,0.7199221849441528,0.9311829805374146,0.11246306449174881,0,0
3,RIGHT_FOOT_INDEX,0.6241093873977661,0.9305723905563354,0.1301954835653305,0,0
4,NOSE,0.6542328000068665,0.5254135727882385,-0.2608168423175812,0,0
4,LEFT_EYE_INNER,0.6558541059494019,0.514785647392273,-0.25319817662239075,0,0
4,LEFT_EYE,0.6573326587677002,0.514388918876648,-0.2532140910625458,0,0
4,LEFT_EYE_OUTER,0.6587932705879211,0.5140917897224426,-0.25323641300201416,0,0
4,RIGHT_EYE_INNER,0.6504544615745544,0.5146148800849915,-0.25711002945899963,0,0
4,RIGHT_EYE,0.6480242013931274,0.5142945051193237,-0.2571452260017395,0,0
4,RIGHT_EYE_OUTER,0.6454776525497437,0.514043390750885,-0.2571325898170471,0,0
4,LEFT_EAR,0.6583234071731567,0.5139057040214539,-0.17492236196994781,0,0
4,RIGHT_EAR,0.638925313949585,0.5148186087608337,-0.1962449848651886,0,0
4,MOUTH_LEFT,0.6552582383155823,0.5354108214378357,-0.22859294712543488,0,0
4,MOUTH_RIGHT,0.6496650576591492,0.5348477959632874,-0.23449315130710602,0,0
4,LEFT_SHOULDER,0.6752017140388489,0.557300865650177,-0.10619544982910156,0,0
4,RIGHT_SHOULDER,0.6187166571617126,0.5651955604553223,-0.1333514004945755,0,0
4,LEFT_ELBOW,0.7011538147926331,0.6195119619369507,-0.07412521541118622,0,0
4,RIGHT_ELBOW,0.592515766620636,0.6203944087028503,-0.11242019385099411,0,0
4,LEFT_WRIST,0.7298422455787659,0.6772835850715637,-0.1489296853542328,0,0
4,RIGHT_WRIST,0.5552178621292114,0.6482278108596802,-0.17307083308696747,0,0
4,LEFT_PINKY,0.7382344603538513,0.6950110197067261,-0.16680648922920227,0,0
4,RIGHT_PINKY,0.5445261597633362,0.6536133885383606,-0.19160209596157074,0,0
4,LEFT_INDEX,0.7375319600105286,0.6970416307449341,-0.1927485316991806,0,0
4,RIGHT_INDEX,0.544434666633606,0.649598240852356,-0.21930116415023804,0,0
4,LEFT_THUMB,0.7348459362983704,0.692966878414154,-0.1614333540201187,0,0
4,RIGHT_THUMB,0.5479645133018494,0.6490628123283386,-0.18685795366764069,0,0
4,LEFT_HIP,0.673386812210083,0.7080901265144348,0.015623939223587513,0,0
4,RIGHT_HIP,0.6411145925521851,0.716310977935791,-0.01564165949821472,0,0
4,LEFT_KNEE,0.6873469948768616,0.8140532970428467,0.04022575914859772,0,0
4,RIGHT_KNEE,0.6351386308670044,0.8175446391105652,0.020047588273882866,0,0
4,LEFT_ANKLE,0.6957216858863831,0.8993396162986755,0.16228215396404266,0,0
4,RIGHT_ANKLE,0.621021032333374,0.8907686471939087,0.1706424206495285,0,0
4,LEFT_HEEL,0.6913061141967773,0.9140880107879639,0.17160169780254364,0,0
4,RIGHT_HEEL,0.6188622117042542,0.894524335861206,0.18316449224948883,0,0
4,LEFT_FOOT_INDEX,0.7198630571365356,0.93120276927948,0.11399444937705994,0,0
4,RIGHT_FOOT_INDEX,0.6240447759628296,0.9305034279823303,0.12822075188159943,0,0
5,NOSE,0.6536149978637695,0.5254123210906982,-0.2640320360660553,0,0
5,LEFT_EYE_INNER,0.6554040908813477,0.5147885680198669,-0.25665566325187683,0,0
5,LEFT_EYE,0.6569826006889343,0.5143903493881226,-0.25666743516921997,0,0
5,LEFT_EYE_OUTER,0.658528745174408,0.5140882134437561,-0.2566872835159302,0,0
5,RIGHT_EYE_INNER,0.6498105525970459,0.5146633982658386,-0.26023128628730774,0,0
5,RIGHT_EYE,0.6474031209945679,0.5143852233886719,-0.26026901602745056,0,0
5,RIGHT_EYE_OUTER,0.644838273525238,0.5141611695289612,-0.2602556645870209,0,0
5,LEFT_EAR,0.6583241820335388,0.5139063596725464,-0.17888914048671722,0,0
5,RIGHT_EAR,0.6386727094650269,0.5150073170661926,-0.1980278342962265,0,0
5,MOUTH_LEFT,0.6548095941543579,0.5354018807411194,-0.23195958137512207,0,0
5,MOUTH_RIGHT,0.6492075324058533,0.5348927974700928,-0.23737463355064392,0,0
5,LEFT_SHOULDER,0.6757516264915466,0.557206392288208,-0.10903903841972351,0,0
5,RIGHT_SHOULDER,0.6191511154174805,0.5649266242980957,-0.1340988576412201,0,0
5,LEFT_ELBOW,0.701789140701294,0.6194906830787659,-0.07708896696567535,0,0
5,RIGHT_ELBOW,0.5928207635879517,0.6207256317138672,-0.11250139027833939,0,0
5,LEFT_WRIST,0.7304856777191162,0.676724374294281,-0.1520998477935791,0,0
5,RIGHT_WRIST,0.5555099844932556,0.6485245227813721,-0.1738157719373703,0,0
5,LEFT_PINKY,0.7391045689582825,0.6940208673477173,-0.16989532113075256,0,0
5,RIGHT_PINKY,0.5446638464927673,0.6540402173995972,-0.19242987036705017,0,0
5,LEFT_INDEX,0.7384890913963318,0.6960289478302002,-0.195839986205101,0,0
5,RIGHT_INDEX,0.5446662902832031,0.6499353647232056,-0.22017286717891693,0,0
5,LEFT_THUMB,0.7357389330863953,0.6920886635780334,-0.16463440656661987,0,0
5,RIGHT_THUMB,0.5483267307281494,0.6493522524833679,-0.18752142786979675,0,0
5,LEFT_HIP,0.6735373735427856,0.7077925801277161,0.015342910774052143,0,0
5,RIGHT_HIP,0.6411113739013672,0.7159108519554138,-0.015361416153609753,0,0
5,LEFT_KNEE,0.6875128149986267,0.8140233159065247,0.04171217232942581,0,0
5,RIGHT_KNEE,0.6351017355918884,0.8169339299201965,0.02060466818511486,0,0
5,LEFT_ANKLE,0.6957986950874329,0.8993176221847534,0.16317467391490936,0,0
5,RIGHT_ANKLE,0.621021568775177,0.8907790184020996,0.1694021075963974,0,0
5,LEFT_HEEL,0.691417396068573,0.9140825271606445,0.17234531044960022,0,0
5,RIGHT_HEEL,0.6188625693321228,0.8951354622840881,0.18168054521083832,0,0
5,LEFT_FOOT_INDEX,0.719859778881073,0.9312495589256287,0.11316215246915817,0,0
5,RIGHT_FOOT_INDEX,0.6240300536155701,0.9304795265197754,0.12381185591220856,0,0
6,NOSE,0.6527336835861206,0.5252636075019836,-0.2671106159687042,0,0
6,LEFT_EYE_INNER,0.6547637581825256,0.5146912336349487,-0.2598326802253723,0,0
6,LEFT_EYE,0.65646892786026,0.514314591884613,-0.2598430812358856,0,0
6,LEFT_EYE_OUTER,0.6581728458404541,0.514005720615387,-0.25986340641975403,0,0
6,RIGHT_EYE_INNER,0.6489740014076233,0.514614462852478,-0.2633023262023926,0,0
6,RIGHT_EYE,0.6465829610824585,0.5143476128578186,-0.26334089040756226,0,0
6,RIGHT_EYE_OUTER,0.6440212726593018,0.514139711856842,-0.26332399249076843,0,0
6,LEFT_EAR,0.6583268642425537,0.5138968825340271,-0.18207190930843353,0,0
6,RIGHT_EAR,0.6381858587265015,0.5150378346443176,-0.20041166245937347,0,0
6,MOUTH_LEFT,0.6542489528656006,0.5352879166603088,-0.23499609529972076,0,0
6,MOUTH_RIGHT,0.6483733057975769,0.5348103642463684,-0.2402196079492569,0,0
6,LEFT_SHOULDER,0.6761016845703125,0.5570415258407593,-0.11182212829589844,0,0
6,RIGHT_SHOULDER,0.6193413138389587,0.564879834651947,-0.13595323264598846,0,0
6,LEFT_ELBOW,0.7025740146636963,0.6188889145851135,-0.08026430755853653,0,0
6,RIGHT_ELBOW,0.59304279088974,0.621940016746521,-0.11422977596521378,0,0
6,LEFT_WRIST,0.7313210964202881,0.6759895086288452,-0.15557603538036346,0,0
6,RIGHT_WRIST,0.5557937026023865,0.6492608785629272,-0.1772558093070984,0,0
6,LEFT_PINKY,0.7401485443115234,0.6926225423812866,-0.1737075299024582,0,0
6,RIGHT_PINKY,0.5447155833244324,0.6545253396034241,-0.19640445709228516,0,0
6,LEFT_INDEX,0.7395187616348267,0.6945191621780396,-0.19950564205646515,0,0
6,RIGHT_INDEX,0.5446719527244568,0.650403618812561,-0.22416161000728607,0,0
6,LEFT_THUMB,0.736616313457489,0.6906604170799255,-0.16805915534496307,0,0
6,RIGHT_THUMB,0.5485210418701172,0.650024950504303,-0.19089995324611664,0,0
6,LEFT_HIP,0.6737936735153198,0.7077778577804565,0.015119588933885098,0,0
6,RIGHT_HIP,0.6411134004592896,0.7158406972885132,-0.015141438692808151,0,0
6,LEFT_KNEE,0.6875703930854797,0.8140134215354919,0.0425570011138916,0,0
6,RIGHT_KNEE,0.6349576115608215,0.8168679475784302,0.021654654294252396,0,0
6,LEFT_ANKLE,0.6959382891654968,0.8993197679519653,0.16780708730220795,0,0
6,RIGHT_ANKLE,0.6210103631019592,0.890778660774231,0.1697680503129959,0,0
6,LEFT_HEEL,0.691521942615509,0.9140846133232117,0.1773979812860489,0,0
6,RIGHT_HEEL,0.618842363357544,0.8953000903129578,0.18184871971607208,0,0
6,LEFT_FOOT_INDEX,0.7199409604072571,0.9313351511955261,0.11509063094854355,0,0
6,RIGHT_FOOT_INDEX,0.6240264177322388,0.9304859638214111,0.12291038781404495,0,0
7,NOSE,0.6518331170082092,0.5252918601036072,-0.265406996011734,0,0
7,LEFT_EYE_INNER,0.6539881229400635,0.514696478843689,-0.25841814279556274,0,0
7,LEFT_EYE,0.6557227373123169,0.5143200755119324,-0.25842899084091187,0,0
7,LEFT_EYE_OUTER,0.6575717329978943,0.514005720615387,-0.25844869017601013,0,0
7,RIGHT_EYE_INNER,0.6480305790901184,0.5146989226341248,-0.26167479157447815,0,0
7,RIGHT_EYE,0.6456461548805237,0.5144851207733154,-0.2617109417915344,0,0
7,RIGHT_EYE_OUTER,0.6431253552436829,0.5143672227859497,-0.2616907060146332,0,0
7,LEFT_EAR,0.6583092212677002,0.5138934254646301,-0.18156258761882782,0,0
7,RIGHT_EAR,0.6377182602882385,0.5152720212936401,-0.1994122713804245,0,0
7,MOUTH_LEFT,0.6537472009658813,0.5352898836135864,-0.23353604972362518,0,0
7,MOUTH_RIGHT,0.6477100253105164,0.5348344445228577,-0.23850807547569275,0,0
7,LEFT_SHOULDER,0.6764410734176636,0.5567006468772888,-0.11162738502025604,0,0
7,RIGHT_SHOULDER,0.6195285320281982,0.5648708343505859,-0.1358204036951065,0,0
7,LEFT_ELBOW,0.703379213809967,0.6181668043136597,-0.08009260147809982,0,0
7,RIGHT_ELBOW,0.5934001207351685,0.6229069232940674,-0.11203531175851822,0,0
7,LEFT_WRIST,0.7322769165039062,0.6747825145721436,-0.15606942772865295,0,0
7,RIGHT_WRIST,0.5572566390037537,0.6499443054199219,-0.17674244940280914,0,0
7,LEFT_PINKY,0.7411702275276184,0.691494882106781,-0.17443229258060455,0,0
7,RIGHT_PINKY,0.5452909469604492,0.6552556753158569,-0.19578006863594055,0,0
7,LEFT_INDEX,0.740379273891449,0.6932281255722046,-0.2003432810306549,0,0
7,RIGHT_INDEX,0.5452485680580139,0.6511988639831543,-0.22318200767040253,0,0
7,LEFT_THUMB,0.7373496294021606,0.6891286969184875,-0.16858777403831482,0,0
7,RIGHT_THUMB,0.5492578744888306,0.6508124470710754,-0.19068489968776703,0,0
7,LEFT_HIP,0.6739624738693237,0.7077896595001221,0.014521806500852108,0,0
7,RIGHT_HIP,0.6411111354827881,0.7158598899841309,-0.014545920304954052,0,0
7,LEFT_KNEE,0.6876000165939331,0.8140546679496765,0.0428481288254261,0,0
7,RIGHT_KNEE,0.6347367167472839,0.8168290853500366,0.022721687331795692,0,0
7,LEFT_ANKLE,0.6960442662239075,0.8993197083473206,0.16832518577575684,0,0
7,RIGHT_ANKLE,0.6209978461265564,0.8906431198120117,0.16991859674453735,0,0
7,LEFT_HEEL,0.6915385723114014,0.914085865020752,0.17791038751602173,0,0
7,RIGHT_HEEL,0.6188405752182007,0.8953219056129456,0.18189267814159393,0,0
7,LEFT_FOOT_INDEX,0.7201359272003174,0.9314076900482178,0.11588860303163528,0,0
7,RIGHT_FOOT_INDEX,0.6239926218986511,0.9304824471473694,0.12190605700016022,0,0
8,NOSE,0.6507909893989563,0.5253256559371948,-0.2634180188179016,0,0
8,LEFT_EYE_INNER,0.6530380249023438,0.5147144198417664,-0.25633490085601807,0,0
8,LEFT_EYE,0.6548539400100708,0.5143340229988098,-0.25634562969207764,0,0
8,LEFT_EYE_OUTER,0.6567928791046143,0.5140124559402466,-0.25636395812034607,0,0
8,RIGHT_EYE_INNER,0.6469996571540833,0.514843225479126,-0.25998252630233765,0,0
8,RIGHT_EYE,0.6446318030357361,0.5147057771682739,-0.2600177824497223,0,0
8,RIGHT_EYE_OUTER,0.6421663165092468,0.5147113800048828,-0.25999850034713745,0,0
8,LEFT_EAR,0.6582683324813843,0.5138885974884033,-0.18010886013507843,0,0
8,RIGHT_EAR,0.6372221112251282,0.515605628490448,-0.1963144689798355,0,0
8,MOUTH_LEFT,0.6532025933265686,0.5352963209152222,-0.23156237602233887,0,0
8,MOUTH_RIGHT,0.6469303369522095,0.5348951816558838,-0.23769749701023102,0,0
8,LEFT_SHOULDER,0.6767090559005737,0.5562355518341064,-0.11050861328840256,0,0
8,RIGHT_SHOULDER,0.6197870969772339,0.5648704767227173,-0.13131427764892578,0,0
8,LEFT_ELBOW,0.7040095925331116,0.6174792051315308,-0.07864483445882797,0,0
8,RIGHT_ELBOW,0.5940231680870056,0.6230676770210266,-0.10525393486022949,0,0
8,LEFT_WRIST,0.7328077554702759,0.6737666130065918,-0.15415209531784058,0,0
8,RIGHT_WRIST,0.5591638088226318,0.6501480937004089,-0.16925601661205292,0,0
8,LEFT_PINKY,0.7417317032814026,0.6899294853210449,-0.17246340215206146,0,0
8,RIGHT_PINKY,0.5467557311058044,0.6561112403869629,-0.18855063617229462,0,0
8,LEFT_INDEX,0.7409775853157043,0.6917008757591248,-0.1983254998922348,0,0
8,RIGHT_INDEX,0.5467782616615295,0.6521682739257812,-0.21644967794418335,0,0
8,LEFT_THUMB,0.737873911857605,0.687664270401001,-0.16662828624248505,0,0
8,RIGHT_THUMB,0.5510819554328918,0.6515360474586487,-0.18314433097839355,0,0
8,LEFT_HIP,0.6741001009941101,0.7078601717948914,0.013849469833076,0,0
8,RIGHT_HIP,0.6411115527153015,0.7158713340759277,-0.013875688426196575,0,0
8,LEFT_KNEE,0.6875956654548645,0.8140520453453064,0.04338475316762924,0,0
8,RIGHT_KNEE,0.6345817446708679,0.8166354298591614,0.029336513951420784,0,0
8,LEFT_ANKLE,0.6960896253585815,0.8992183208465576,0.17079143226146698,0,0
8,RIGHT_ANKLE,0.6210031509399414,0.8904994130134583,0.17201469838619232,0,0
8,LEFT_HEEL,0.6915457844734192,0.9139871597290039,0.1803261935710907,0,0
8,RIGHT_HEEL,0.6189212799072266,0.8953412175178528,0.18352824449539185,0,0
8,LEFT_FOOT_INDEX,0.7202755212783813,0.9314400553703308,0.1165337935090065,0,0
8,RIGHT_FOOT_INDEX,0.62395179271698,0.9303874969482422,0.12130378186702728,0,0
9,NOSE,0.6502795815467834,0.525326669216156,-0.2623942196369171,0,0
9,LEFT_EYE_INNER,0.6524447798728943,0.5147163271903992,-0.25537288188934326,0,0
9,LEFT_EYE,0.6542798280715942,0.514335036277771,-0.2553836703300476,0,0
9,LEFT_EYE_OUTER,0.6562024354934692,0.5140116214752197,-0.25540128350257874,0,0
9,RIGHT_EYE_INNER,0.6464883685112,0.514919638633728,-0.25908511877059937,0,0
9,RIGHT_EYE,0.6441527009010315,0.51483553647995,-0.2591201663017273,0,0
9,RIGHT_EYE_OUTER,0.6416995525360107,0.5149280428886414,-0.2591012418270111,0,0
9,LEFT_EAR,0.6581915020942688,0.5138681530952454,-0.17981179058551788,0,0
9,RIGHT_EAR,0.6368691921234131,0.5158577561378479,-0.19449518620967865,0,0
9,MOUTH_LEFT,0.6528938412666321,0.535283088684082,-0.23058559000492096,0,0
9,MOUTH_RIGHT,0.6465216875076294,0.5348987579345703,-0.23760142922401428,0,0
9,LEFT_SHOULDER,0.6768074631690979,0.5555557608604431,-0.1101560890674591,0,0
9,RIGHT_SHOULDER,0.6199949979782104,0.5648571848869324,-0.12819547951221466,0,0
9,LEFT_ELBOW,0.7041448354721069,0.6168345808982849,-0.07785920798778534,0,0
9,RIGHT_ELBOW,0.5943837761878967,0.6234564781188965,-0.10034315288066864,0,0
9,LEFT_WRIST,0.7328081130981445,0.6728147864341736,-0.1533796191215515,0,0
9,RIGHT_WRIST,0.5596152544021606,0.6503207087516785,-0.16316336393356323,0,0
9,LEFT_PINKY,0.741756796836853,0.6888940930366516,-0.17172583937644958,0,0
9,RIGHT_PINKY,0.5471325516700745,0.6568644046783447,-0.18202024698257446,0,0
9,LEFT_INDEX,0.7409775853157043,0.690613865852356,-0.1977408081293106,0,0
9,RIGHT_INDEX,0.5470563173294067,0.653009295463562,-0.21017780900001526,0,0
9,LEFT_THUMB,0.73785001039505,0.6863950490951538,-0.16589559614658356,0,0
9,RIGHT_THUMB,0.5513771772384644,0.6522478461265564,-0.17701178789138794,0,0
9,LEFT_HIP,0.6742464900016785,0.7079790234565735,0.013215226121246815,0,0
9,RIGHT_HIP,0.6411163806915283,0.7158904671669006,-0.013241304084658623,0,0
9,LEFT_KNEE,0.6876014471054077,0.8137528300285339,0.045032158493995667,0,0
9,RIGHT_KNEE,0.634515643119812,0.8163045644760132,0.03288206085562706,0,0
9,LEFT_ANKLE,0.6961244344711304,0.8990350365638733,0.17176379263401031,0,0
9,RIGHT_ANKLE,0.6210032105445862,0.8904773592948914,0.172652930021286,0,0
9,LEFT_HEEL,0.691546618938446,0.9138866066932678,0.18114341795444489,0,0
9,RIGHT_HEEL,0.6189413070678711,0.8954972624778748,0.18388231098651886,0,0
9,LEFT_FOOT_INDEX,0.7203751802444458,0.931489884853363,0.11676200479269028,0,0
9,RIGHT_FOOT_INDEX,0.62385094165802,0.9302493929862976,0.12095272541046143,0,0
10,NOSE,0.6500746607780457,0.5253254771232605,-0.26210448145866394,0,0
10,LEFT_EYE_INNER,0.6521973013877869,0.5147152543067932,-0.25560471415519714,0,0
10,LEFT_EYE,0.6540333032608032,0.5143283605575562,-0.2556148171424866,0,0
10,LEFT_EYE_OUTER,0.6559411883354187,0.5139923691749573,-0.25563186407089233,0,0
10,RIGHT_EYE_INNER,0.646294355392456,0.5149750113487244,-0.2587202489376068,0,0
10,RIGHT_EYE,0.6439834833145142,0.5149351358413696,-0.2587542235851288,0,0
10,RIGHT_EYE_OUTER,0.641531229019165,0.5150930881500244,-0.2587340474128723,0,0
10,LEFT_EAR,0.6581555604934692,0.5138266682624817,-0.18090768158435822,0,0
10,RIGHT_EAR,0.6367552280426025,0.5160371661186218,-0.19450847804546356,0,0
10,MOUTH_LEFT,0.6527557373046875,0.5352620482444763,-0.23059557378292084,0,0
10,MOUTH_RIGHT,0.6463488340377808,0.534898042678833,-0.23659436404705048,0,0
10,LEFT_SHOULDER,0.6768829822540283,0.5549353361129761,-0.11084196716547012,0,0
10,RIGHT_SHOULDER,0.6201494336128235,0.5648225545883179,-0.12819448113441467,0,0
10,LEFT_ELBOW,0.7041012644767761,0.6162278056144714,-0.07763577997684479,0,0
10,RIGHT_ELBOW,0.5945208072662354,0.6237296462059021,-0.10104400664567947,0,0
10,LEFT_WRIST,0.7327201962471008,0.6721458435058594,-0.1532004475593567,0,0
10,RIGHT_WRIST,0.5596941113471985,0.650562047958374,-0.16319800913333893,0,0
10,LEFT_PINKY,0.7416898608207703,0.6881284713745117,-0.1714303195476532,0,0
10,RIGHT_PINKY,0.5471885204315186,0.6572228670120239,-0.1817813664674759,0,0
10,LEFT_INDEX,0.7408953309059143,0.6898801922798157,-0.1974867731332779,0,0
10,RIGHT_INDEX,0.5469686388969421,0.6534353494644165,-0.2098972499370575,0,0
10,LEFT_THUMB,0.7377668619155884,0.6855438351631165,-0.16573108732700348,0,0
10,RIGHT_THUMB,0.5512769222259521,0.6527566909790039,-0.1769617646932602,0,0
10,LEFT_HIP,0.6743459701538086,0.7079903483390808,0.012486746534705162,0,0
10,RIGHT_HIP,0.6411165595054626,0.715831458568573,-0.012512371875345707,0,0
10,LEFT_KNEE,0.6876094937324524,0.8131721615791321,0.04506770893931389,0,0
10,RIGHT_KNEE,0.6344538331031799,0.8160536289215088,0.032984428107738495,0,0
10,LEFT_ANKLE,0.6961467266082764,0.8988341093063354,0.17027147114276886,0,0
10,RIGHT_ANKLE,0.6210200190544128,0.8904768824577332,0.1723003387451172,0,0
10,LEFT_HEEL,0.6915509700775146,0.9137789607048035,0.17923592031002045,0,0
10,RIGHT_HEEL,0.6190681457519531,0.8956487774848938,0.1833411306142807,0,0
10,LEFT_FOOT_INDEX,0.7204160094261169,0.9315603971481323,0.11480478197336197,0,0
10,RIGHT_FOOT_INDEX,0.6237288117408752,0.9301782846450806,0.11747927218675613,0,0
11,NOSE,0.6500040292739868,0.5254696607589722,-0.2628457546234131,0,0
11,LEFT_EYE_INNER,0.6520670652389526,0.514818549156189,-0.25671353936195374,0,0
11,LEFT_EYE,0.6539031863212585,0.5143915414810181,-0.25672346353530884,0,0
11,LEFT_EYE_OUTER,0.6557813882827759,0.5140278339385986,-0.2567408084869385,0,0
11,RIGHT_EYE_INNER,0.6461610794067383,0.515316367149353,-0.25940901041030884,0,0
11,RIGHT_EYE,0.643843412399292,0.5153794288635254,-0.2594437897205353,0,0
11,RIGHT_EYE_OUTER,0.6413910984992981,0.5156844258308411,-0.2594236135482788,0,0
11,LEFT_EAR,0.6580922603607178,0.5138247609138489,-0.18199630081653595,0,0
11,RIGHT_EAR,0.6366745233535767,0.5166001915931702,-0.19498281180858612,0,0
11,MOUTH_LEFT,0.652696430683136,0.5353332161903381,-0.2314036339521408,0,0
11,MOUTH_RIGHT,0.6462873816490173,0.5351446270942688,-0.23627465963363647,0,0
11,LEFT_SHOULDER,0.6769658327102661,0.5545859336853027,-0.11083582043647766,0,0
11,RIGHT_SHOULDER,0.6202394962310791,0.5648339986801147,-0.12850433588027954,0,0
11,LEFT_ELBOW,0.7041060328483582,0.6154652833938599,-0.0773603618144989,0,0
11,RIGHT_ELBOW,0.5944768190383911,0.6241165995597839,-0.10247921198606491,0,0
11,LEFT_WRIST,0.732740044593811,0.6719444990158081,-0.15282294154167175,0,0
11,RIGHT_WRIST,0.5594533085823059,0.6508012413978577,-0.16464394330978394,0,0
11,LEFT_PINKY,0.7416799664497375,0.6880712509155273,-0.1710142344236374,0,0
11,RIGHT_PINKY,0.5470632314682007,0.6574990749359131,-0.18310566246509552,0,0
11,LEFT_INDEX,0.7408583760261536,0.6898025870323181,-0.19705155491828918,0,0
11,RIGHT_INDEX,0.546826183795929,0.6535958051681519,-0.21098355948925018,0,0
11,LEFT_THUMB,0.7377450466156006,0.6853492856025696,-0.16535000503063202,0,0
11,RIGHT_THUMB,0.551105260848999,0.6529490947723389,-0.17831698060035706,0,0
11,LEFT_HIP,0.6744279861450195,0.7080109119415283,0.012211933732032776,0,0
11,RIGHT_HIP,0.6411184072494507,0.715816855430603,-0.01223726011812687,0,0
11,LEFT_KNEE,0.6876402497291565,0.8129453063011169,0.04393570497632027,0,0
11,RIGHT_KNEE,0.6344404816627502,0.8158887624740601,0.031956370919942856,0,0
11,LEFT_ANKLE,0.6961706280708313,0.8987449407577515,0.16976197063922882,0,0
11,RIGHT_ANKLE,0.621073842048645,0.8904768228530884,0.17178721725940704,0,0
11,LEFT_HEEL,0.691555917263031,0.9137367010116577,0.1787598729133606,0,0
11,RIGHT_HEEL,0.6192427277565002,0.8957052826881409,0.18300339579582214,0,0
11,LEFT_FOOT_INDEX,0.7204470038414001,0.9316715598106384,0.11468140035867691,0,0
11,RIGHT_FOOT_INDEX,0.6236859560012817,0.9301500916481018,0.11682301014661789,0,0
12,NOSE,0.6500873565673828,0.5256589651107788,-0.2612769305706024,0,0
12,LEFT_EYE_INNER,0.6520645618438721,0.5149211287498474,-0.25511905550956726,0,0
12,LEFT_EYE,0.653867781162262,0.5144535303115845,-0.25513291358947754,0,0
12,LEFT_EYE_OUTER,0.6556882262229919,0.5140624642372131,-0.2551511824131012,0,0
12,RIGHT_EYE_INNER,0.6461994647979736,0.515584409236908,-0.25765058398246765,0,0
12,RIGHT_EYE,0.643865704536438,0.5157140493392944,-0.2576841711997986,0,0
12,RIGHT_EYE_OUTER,0.6414068937301636,0.5161016583442688,-0.25766244530677795,0,0
12,LEFT_EAR,0.6578454971313477,0.5138082504272461,-0.18021130561828613,0,0
12,RIGHT_EAR,0.6366103887557983,0.5170012712478638,-0.19316036999225616,0,0
12,MOUTH_LEFT,0.6527158617973328,0.5354818105697632,-0.22978168725967407,0,0
12,MOUTH_RIGHT,0.6463345885276794,0.5354532599449158,-0.23409806191921234,0,0
12,LEFT_SHOULDER,0.67694491147995,0.5540315508842468,-0.10822602361440659,0,0
12,RIGHT_SHOULDER,0.6202256679534912,0.564890444278717,-0.1267208606004715,0,0
12,LEFT_ELBOW,0.7039625644683838,0.6140295267105103,-0.07415039092302322,0,0
12,RIGHT_ELBOW,0.5944480299949646,0.6245527267456055,-0.10097004473209381,0,0
12,LEFT_WRIST,0.7325634360313416,0.67084801197052,-0.15164653956890106,0,0
12,RIGHT_WRIST,0.5594657063484192,0.6512024402618408,-0.16445253789424896,0,0
12,LEFT_PINKY,0.7414693832397461,0.6873149275779724,-0.17024631798267365,0,0
12,RIGHT_PINKY,0.5470424294471741,0.6579377055168152,-0.1832623928785324,0,0
12,LEFT_INDEX,0.7406690120697021,0.6890420317649841,-0.19654618203639984,0,0
12,RIGHT_INDEX,0.5467559695243835,0.6540777087211609,-0.21117235720157623,0,0
12,LEFT_THUMB,0.7375869750976562,0.6841992139816284,-0.164285808801651,0,0
12,RIGHT_THUMB,0.5510431528091431,0.6535337567329407,-0.17809048295021057,0,0
12,LEFT_HIP,0.6744692325592041,0.7079841494560242,0.012301157228648663,0,0
12,RIGHT_HIP,0.6411486864089966,0.7156961560249329,-0.012325017713010311,0,0
12,LEFT_KNEE,0.6876572370529175,0.8126967549324036,0.03954463079571724,0,0
12,RIGHT_KNEE,0.6344509124755859,0.8155608773231506,0.027546267956495285,0,0
12,LEFT_ANKLE,0.6962217688560486,0.898756742477417,0.16071191430091858,0,0
12,RIGHT_ANKLE,0.6210810542106628,0.8905549645423889,0.1649126410484314,0,0
12,LEFT_HEEL,0.6915679574012756,0.9137853980064392,0.16935154795646667,0,0
12,RIGHT_HEEL,0.6192455887794495,0.8960368037223816,0.17574442923069,0,0
12,LEFT_FOOT_INDEX,0.7205058932304382,0.9317991137504578,0.10646136850118637,0,0
12,RIGHT_FOOT_INDEX,0.6236832737922668,0.9301486611366272,0.11055313050746918,0,0
13,NOSE,0.6501150131225586,0.5261548161506653,-0.26194021105766296,0,0
13,LEFT_EYE_INNER,0.6521189212799072,0.5153228640556335,-0.2556920647621155,0,0
13,LEFT_EYE,0.6539178490638733,0.514790415763855,-0.25570687651634216,0,0
13,LEFT_EYE_OUTER,0.6557207703590393,0.5143330097198486,-0.25572746992111206,0,0
13,RIGHT_EYE_INNER,0.6462832689285278,0.51600182056427,-0.25861841440200806,0,0
13,RIGHT_EYE,0.6439520716667175,0.5161293148994446,-0.2586505115032196,0,0
13,RIGHT_EYE_OUTER,0.6414927840232849,0.5165075659751892,-0.2586282789707184,0,0
13,LEFT_EAR,0.6575996279716492,0.5138184428215027,-0.17990471422672272,0,0
13,RIGHT_EAR,0.6365956664085388,0.5172944068908691,-0.19460563361644745,0,0
13,MOUTH_LEFT,0.6527272462844849,0.5358967781066895,-0.23005400598049164,0,0
13,MOUTH_RIGHT,0.6464024186134338,0.5360845923423767,-0.23459792137145996,0,0
13,LEFT_SHOULDER,0.6768807172775269,0.5535915493965149,-0.1081959679722786,0,0
13,RIGHT_SHOULDER,0.6202176213264465,0.5649729371070862,-0.12711761891841888,0,0
13,LEFT_ELBOW,0.7038452625274658,0.6141461133956909,-0.07357228547334671,0,0
13,RIGHT_ELBOW,0.5944080352783203,0.6249752640724182,-0.10189219564199448,0,0
13,LEFT_WRIST,0.7324230670928955,0.6708676815032959,-0.15126171708106995,0,0
13,RIGHT_WRIST,0.5593168139457703,0.6519024968147278,-0.16507157683372498,0,0
13,LEFT_PINKY,0.7411084771156311,0.6874086260795593,-0.17000414431095123,0,0
13,RIGHT_PINKY,0.546960711479187,0.6587587594985962,-0.18383203446865082,0,0
13,LEFT_INDEX,0.7403177618980408,0.6890283823013306,-0.19650809466838837,0,0
13,RIGHT_INDEX,0.5466638803482056,0.6549607515335083,-0.2116355299949646,0,0
13,LEFT_THUMB,0.7373451590538025,0.684251070022583,-0.163986474275589,0,0
13,RIGHT_THUMB,0.5509311556816101,0.6544256210327148,-0.17869533598423004,0,0
13,LEFT_HIP,0.674524188041687,0.7079058885574341,0.012301530689001083,0,0
13,RIGHT_HIP,0.6411725282669067,0.7156246900558472,-0.012322138994932175,0,0
13,LEFT_KNEE,0.687663197517395,0.8124118447303772,0.039326030761003494,0,0
13,RIGHT_KNEE,0.6344758868217468,0.8150759339332581,0.028579872101545334,0,0
13,LEFT_ANKLE,0.6962966918945312,0.8987810611724854,0.1605931967496872,0,0
13,RIGHT_ANKLE,0.6211031675338745,0.8905548453330994,0.16768084466457367,0,0
13,LEFT_HEEL,0.6916054487228394,0.9138485193252563,0.16935689747333527,0,0
13,RIGHT_HEEL,0.6192682981491089,0.8960711359977722,0.17863482236862183,0,0
13,LEFT_FOOT_INDEX,0.7205448746681213,0.9319705963134766,0.1065995916724205,0,0
13,RIGHT_FOOT_INDEX,0.6236817240715027,0.9301469922065735,0.11269950121641159,0,0
14,NOSE,0.6501749157905579,0.5264958739280701,-0.2665726840496063,0,0
14,LEFT_EYE_INNER,0.6521672606468201,0.5155906081199646,-0.2601899206638336,0,0
14,LEFT_EYE,0.6539474129676819,0.5149948596954346,-0.26020610332489014,0,0
14,LEFT_EYE_OUTER,0.655718982219696,0.5144842863082886,-0.2602311074733734,0,0
14,RIGHT_EYE_INNER,0.6463525295257568,0.5162781476974487,-0.2633897066116333,0,0
14,RIGHT_EYE,0.6440088152885437,0.5163876414299011,-0.26342377066612244,0,0
14,RIGHT_EYE_OUTER,0.641531765460968,0.5167707800865173,-0.26340538263320923,0,0
14,LEFT_EAR,0.65738445520401,0.5138177275657654,-0.18292967975139618,0,0
14,RIGHT_EAR,0.6365082859992981,0.5175077319145203,-0.19925430417060852,0,0
14,MOUTH_LEFT,0.6527547836303711,0.5362534523010254,-0.23404119908809662,0,0
14,MOUTH_RIGHT,0.6464468836784363,0.5366224050521851,-0.238803431391716,0,0
14,LEFT_SHOULDER,0.6767457723617554,0.5532429218292236,-0.11008938401937485,0,0
14,RIGHT_SHOULDER,0.6200635433197021,0.5651098489761353,-0.12939785420894623,0,0
14,LEFT_ELBOW,0.7034265995025635,0.6142493486404419,-0.0751674622297287,0,0
14,RIGHT_ELBOW,0.5940932631492615,0.6257627010345459,-0.10336241126060486,0,0
14,LEFT_WRIST,0.7314345836639404,0.6709580421447754,-0.1524171233177185,0,0
14,RIGHT_WRIST,0.5589096546173096,0.6537455916404724,-0.16690568625926971,0,0
14,LEFT_PINKY,0.7395098805427551,0.6877365708351135,-0.17102639377117157,0,0
14,RIGHT_PINKY,0.5463188290596008,0.6603469848632812,-0.18571589887142181,0,0
14,LEFT_INDEX,0.7387483716011047,0.6894591450691223,-0.19720977544784546,0,0
14,RIGHT_INDEX,0.5459458827972412,0.6569331884384155,-0.21385101974010468,0,0
14,LEFT_THUMB,0.7361208200454712,0.6848534941673279,-0.1650441586971283,0,0
14,RIGHT_THUMB,0.550331175327301,0.6564945578575134,-0.18057098984718323,0,0
14,LEFT_HIP,0.6745244264602661,0.7077982425689697,0.012227893806993961,0,0
14,RIGHT_HIP,0.6411759257316589,0.7155950665473938,-0.012246537953615189,0,0
14,LEFT_KNEE,0.6876738667488098,0.8121350407600403,0.03874100744724274,0,0
14,RIGHT_KNEE,0.6344767212867737,0.8150085210800171,0.030989011749625206,0,0
14,LEFT_ANKLE,0.6963962316513062,0.8988200426101685,0.1616610437631607,0,0
14,RIGHT_ANKLE,0.6211164593696594,0.8905588388442993,0.1748417168855667,0,0
14,LEFT_HEEL,0.6916507482528687,0.9139276146888733,0.1706077754497528,0,0
14,RIGHT_HEEL,0.6192895770072937,0.8960897326469421,0.1864134669303894,0,0
14,LEFT_FOOT_INDEX,0.7205842733383179,0.9321576356887817,0.10810652375221252,0,0
14,RIGHT_FOOT_INDEX,0.623665988445282,0.9301380515098572,0.12129481881856918,0,0
15,NOSE,0.6502103209495544,0.5267437696456909,-0.2685021758079529,0,0
15,LEFT_EYE_INNER,0.6522048115730286,0.5157997608184814,-0.2620477080345154,0,0
15,LEFT_EYE,0.6539729237556458,0.5151581168174744,-0.2620645761489868,0,0
15,LEFT_EYE_OUTER,0.6557219624519348,0.5146046876907349,-0.26209110021591187,0,0
15,RIGHT_EYE_INNER,0.6464049220085144,0.5164880156517029,-0.2653491795063019,0,0
15,RIGHT_EYE,0.6440532207489014,0.5165801048278809,-0.2653839588165283,0,0
15,RIGHT_EYE_OUTER,0.6415628790855408,0.5169605612754822,-0.26536691188812256,0,0
15,LEFT_EAR,0.6572343111038208,0.5138164162635803,-0.18423175811767578,0,0
15,RIGHT_EAR,0.6364486217498779,0.5176612734794617,-0.20121923089027405,0,0
15,MOUTH_LEFT,0.6527761220932007,0.5365334749221802,-0.2357484996318817,0,0
15,MOUTH_RIGHT,0.646480143070221,0.5369899272918701,-0.24062059819698334,0,0
15,LEFT_SHOULDER,0.6766445636749268,0.5529466867446899,-0.11104332655668259,0,0
15,RIGHT_SHOULDER,0.6199600696563721,0.5651822686195374,-0.1307738870382309,0,0
15,LEFT_ELBOW,0.7031005620956421,0.6143342852592468,-0.07604580372571945,0,0
15,RIGHT_ELBOW,0.5938509106636047,0.6262360215187073,-0.10442470014095306,0,0
15,LEFT_WRIST,0.7308024764060974,0.670990526676178,-0.1530754119157791,0,0
15,RIGHT_WRIST,0.5584779381752014,0.6545543074607849,-0.16811023652553558,0,0
15,LEFT_PINKY,0.7386067509651184,0.6880049109458923,-0.17158739268779755,0,0
15,RIGHT_PINKY,0.5457001328468323,0.6610145568847656,-0.18693217635154724,0,0
15,LEFT_INDEX,0.737855851650238,0.6897639632225037,-0.1976572424173355,0,0
15,RIGHT_INDEX,0.54522705078125,0.6577337384223938,-0.21522583067417145,0,0
15,LEFT_THUMB,0.7353771328926086,0.685226321220398,-0.16566933691501617,0,0
15,RIGHT_THUMB,0.5497114658355713,0.6573329567909241,-0.18180550634860992,0,0
15,LEFT_HIP,0.6745308041572571,0.7077130079269409,0.012171847745776176,0,0
15,RIGHT_HIP,0.6411841511726379,0.7155799865722656,-0.012189039960503578,0,0
15,LEFT_KNEE,0.6876937747001648,0.8119603991508484,0.03831692039966583,0,0
15,RIGHT_KNEE,0.6344738006591797,0.815013587474823,0.031459975987672806,0,0
15,LEFT_ANKLE,0.6964866518974304,0.8988574147224426,0.16233043372631073,0,0
15,RIGHT_ANKLE,0.6211308836936951,0.8906641006469727,0.1770453304052353,0,0
15,LEFT_HEEL,0.6916956305503845,0.9139771461486816,0.17128615081310272,0,0
15,RIGHT_HEEL,0.6193333864212036,0.8962287902832031,0.18883036077022552,0,0
15,LEFT_FOOT_INDEX,0.720623254776001,0.9322909712791443,0.10913671553134918,0,0
15,RIGHT_FOOT_INDEX,0.6236448287963867,0.9301319122314453,0.12408114969730377,0,0
16,NOSE,0.6502374410629272,0.5270031690597534,-0.27020496129989624,0,0
16,LEFT_EYE_INNER,0.6522331237792969,0.5160262584686279,-0.2638050615787506,0,0
16,LEFT_EYE,0.6539877653121948,0.5153419375419617,-0.2638210952281952,0,0
16,LEFT_EYE_OUTER,0.6557102203369141,0.514742374420166,-0.263846755027771,0,0
16,RIGHT_EYE_INNER,0.6464436054229736,0.5166925191879272,-0.26715099811553955,0,0
16,RIGHT_EYE,0.6440823674201965,0.5167549848556519,-0.2671869099140167,0,0
16,RIGHT_EYE_OUTER,0.641572117805481,0.5171261429786682,-0.2671719193458557,0,0
16,LEFT_EAR,0.6570705771446228,0.5138179659843445,-0.18543696403503418,0,0
16,RIGHT_EAR,0.6363188624382019,0.5178110003471375,-0.20278863608837128,0,0
16,MOUTH_LEFT,0.652793824672699,0.5368511080741882,-0.23715178668498993,0,0
16,MOUTH_RIGHT,0.6465099453926086,0.5373258590698242,-0.24211081862449646,0,0
16,LEFT_SHOULDER,0.6763743162155151,0.5526130795478821,-0.11136790364980698,0,0
16,RIGHT_SHOULDER,0.619667112827301,0.5652388334274292,-0.1316424161195755,0,0
16,LEFT_ELBOW,0.7023835778236389,0.6150715947151184,-0.07601664215326309,0,0
16,RIGHT_ELBOW,0.593435525894165,0.6266040802001953,-0.10455070436000824,0,0
16,LEFT_WRIST,0.7293528318405151,0.6724600195884705,-0.15284816920757294,0,0
16,RIGHT_WRIST,0.5582295060157776,0.6557849049568176,-0.16807763278484344,0,0
16,LEFT_PINKY,0.7367649674415588,0.6909675002098083,-0.17130455374717712,0,0
16,RIGHT_PINKY,0.545359194278717,0.6623663306236267,-0.18684710562229156,0,0
16,LEFT_INDEX,0.7358309030532837,0.6926347613334656,-0.19745877385139465,0,0
16,RIGHT_INDEX,0.5450291037559509,0.6591832041740417,-0.21520234644412994,0,0
16,LEFT_THUMB,0.7336037755012512,0.687768816947937,-0.16545653343200684,0,0
16,RIGHT_THUMB,0.5494415760040283,0.6586132645606995,-0.18177340924739838,0,0
16,LEFT_HIP,0.6745312213897705,0.7075741291046143,0.012196511961519718,0,0
16,RIGHT_HIP,0.6411927342414856,0.7155505418777466,-0.012213691137731075,0,0
16,LEFT_KNEE,0.6876939535140991,0.8119385838508606,0.03684275969862938,0,0
16,RIGHT_KNEE,0.6344873905181885,0.8149974346160889,0.031403254717588425,0,0
16,LEFT_ANKLE,0.6965096592903137,0.8988926410675049,0.16274262964725494,0,0
16,RIGHT_ANKLE,0.6211349368095398,0.890694797039032,0.1790919452905655,0,0
16,LEFT_HEEL,0.6916980147361755,0.9140688180923462,0.17161361873149872,0,0
16,RIGHT_HEEL,0.6193369030952454,0.8962517976760864,0.19138504564762115,0,0
16,LEFT_FOOT_INDEX,0.7206714749336243,0.9324272871017456,0.10970871150493622,0,0
16,RIGHT_FOOT_INDEX,0.62363600730896,0.930114209651947,0.12792052328586578,0,0
17,NOSE,0.6502717137336731,0.5278369188308716,-0.2709313929080963,0,0
17,LEFT_EYE_INNER,0.6522471308708191,0.5168357491493225,-0.2644760012626648,0,0
17,LEFT_EYE,0.6540031433105469,0.5160659551620483,-0.2644914388656616,0,0
17,LEFT_EYE_OUTER,0.6557082533836365,0.5153398513793945,-0.2645169794559479,0,0
17,RIGHT_EYE_INNER,0.6464687585830688,0.5173384547233582,-0.2681640088558197,0,0
17,RIGHT_EYE,0.6441081762313843,0.5172230005264282,-0.2682003080844879,0,0
17,RIGHT_EYE_OUTER,0.6415833830833435,0.5174656510353088,-0.2681852877140045,0,0
17,LEFT_EAR,0.6568676829338074,0.5139211416244507,-0.18528124690055847,0,0
17,RIGHT_EAR,0.6361326575279236,0.5179711580276489,-0.20420758426189423,0,0
17,MOUTH_LEFT,0.6528028845787048,0.537558376789093,-0.23743745684623718,0,0
17,MOUTH_RIGHT,0.6465340852737427,0.5382232069969177,-0.2428547888994217,0,0
17,LEFT_SHOULDER,0.6758442521095276,0.5524783730506897,-0.11071249097585678,0,0
17,RIGHT_SHOULDER,0.6191405057907104,0.5653159618377686,-0.133615642786026,0,0
17,LEFT_ELBOW,0.7003929018974304,0.6163514256477356,-0.07222773134708405,0,0
17,RIGHT_ELBOW,0.5930988788604736,0.6269956827163696,-0.106796994805336,0,0
17,LEFT_WRIST,0.7276821136474609,0.6751052737236023,-0.14773248136043549,0,0
17,RIGHT_WRIST,0.5581568479537964,0.6571049094200134,-0.17019887268543243,0,0
17,LEFT_PINKY,0.7350702285766602,0.6943020820617676,-0.16592592000961304,0,0
17,RIGHT_PINKY,0.5453174114227295,0.6642452478408813,-0.18917801976203918,0,0
17,LEFT_INDEX,0.7342515587806702,0.6955616474151611,-0.1921248733997345,0,0
17,RIGHT_INDEX,0.545021116733551,0.6611827611923218,-0.21762464940547943,0,0
17,LEFT_THUMB,0.7320222854614258,0.6903906464576721,-0.16040518879890442,0,0
17,RIGHT_THUMB,0.5494268536567688,0.6603274345397949,-0.18384979665279388,0,0
17,LEFT_HIP,0.6745060086250305,0.7075225710868835,0.012607697397470474,0,0
17,RIGHT_HIP,0.6411915421485901,0.7155665755271912,-0.012623073533177376,0,0
17,LEFT_KNEE,0.6876896023750305,0.8120592832565308,0.036966659128665924,0,0
17,RIGHT_KNEE,0.6344881653785706,0.8150122761726379,0.029945822432637215,0,0
17,LEFT_ANKLE,0.6965235471725464,0.8989661335945129,0.16278861463069916,0,0
17,RIGHT_ANKLE,0.6211364269256592,0.890697181224823,0.18006496131420135,0,0
17,LEFT_HEEL,0.6916990280151367,0.9141541719436646,0.17199420928955078,0,0
17,RIGHT_HEEL,0.6193285584449768,0.8962120413780212,0.1927739977836609,0,0
17,LEFT_FOOT_INDEX,0.7207356691360474,0.9325435757637024,0.1108124703168869,0,0
17,RIGHT_FOOT_INDEX,0.6236350536346436,0.9301128387451172,0.13085849583148956,0,0
18,NOSE,0.6501161456108093,0.5286878943443298,-0.2730408012866974,0,0
18,LEFT_EYE_INNER,0.652060329914093,0.517617404460907,-0.2669973075389862,0,0
18,LEFT_EYE,0.6538134813308716,0.5168197154998779,-0.26701128482818604,0,0
18,LEFT_EYE_OUTER,0.6554864048957825,0.5160278677940369,-0.2670342028141022,0,0
18,RIGHT_EYE_INNER,0.6462742686271667,0.5180234909057617,-0.27032771706581116,0,0
18,RIGHT_EYE,0.6438835263252258,0.5177856087684631,-0.27036747336387634,0,0
18,RIGHT_EYE_OUTER,0.6413437128067017,0.5179587602615356,-0.27035796642303467,0,0
18,LEFT_EAR,0.6567795872688293,0.5142592191696167,-0.18771837651729584,0,0
18,RIGHT_EAR,0.6358422040939331,0.5182602405548096,-0.20528851449489594,0,0
18,MOUTH_LEFT,0.6524726152420044,0.5383942723274231,-0.2393253743648529,0,0
18,MOUTH_RIGHT,0.6461858153343201,0.53898024559021,-0.24436107277870178,0,0
18,LEFT_SHOULDER,0.6752545833587646,0.5524154305458069,-0.11060333251953125,0,0
18,RIGHT_SHOULDER,0.6185828447341919,0.5656085014343262,-0.13408368825912476,0,0
18,LEFT_ELBOW,0.6984631419181824,0.6180428266525269,-0.07027717679738998,0,0
18,RIGHT_ELBOW,0.5925306677818298,0.6280156970024109,-0.10663909465074539,0,0
18,LEFT_WRIST,0.7256329655647278,0.6790059208869934,-0.14572349190711975,0,0
18,RIGHT_WRIST,0.5581621527671814,0.6596602201461792,-0.17013069987297058,0,0
18,LEFT_PINKY,0.7325718402862549,0.697486937046051,-0.1636955440044403,0,0
18,RIGHT_PINKY,0.545655369758606,0.6676852703094482,-0.18916024267673492,0,0
18,LEFT_INDEX,0.7321661710739136,0.6985831260681152,-0.18997059762477875,0,0
18,RIGHT_INDEX,0.5452187657356262,0.6643185019493103,-0.21750368177890778,0,0
18,LEFT_THUMB,0.7299320697784424,0.6937717199325562,-0.1583968549966812,0,0
18,RIGHT_THUMB,0.5495463013648987,0.6631889939308167,-0.18374013900756836,0,0
18,LEFT_HIP,0.6744679808616638,0.7074710726737976,0.012703930027782917,0,0
18,RIGHT_HIP,0.6411468386650085,0.7156127691268921,-0.01272115670144558,0,0
18,LEFT_KNEE,0.6876789331436157,0.8121671676635742,0.03648622706532478,0,0
18,RIGHT_KNEE,0.6344882249832153,0.8150284886360168,0.02809268794953823,0,0
18,LEFT_ANKLE,0.6965262293815613,0.898967981338501,0.16514141857624054,0,0
18,RIGHT_ANKLE,0.6211375594139099,0.8906716704368591,0.18227075040340424,0,0
18,LEFT_HEEL,0.6916902661323547,0.9141516089439392,0.17517036199569702,0,0
18,RIGHT_HEEL,0.619312584400177,0.8960976600646973,0.19550512731075287,0,0
18,LEFT_FOOT_INDEX,0.7207374572753906,0.9325565099716187,0.11396412551403046,0,0
18,RIGHT_FOOT_INDEX,0.6236280202865601,0.9300869703292847,0.13389746844768524,0,0
19,NOSE,0.650051474571228,0.5301940441131592,-0.2756827771663666,0,0
19,LEFT_EYE_INNER,0.6519720554351807,0.5188747644424438,-0.26979169249534607,0,0
19,LEFT_EYE,0.6537257432937622,0.5180953145027161,-0.2698062062263489,0,0
19,LEFT_EYE_OUTER,0.655369222164154,0.5172284245491028,-0.2698269188404083,0,0
19,RIGHT_EYE_INNER,0.6461858153343201,0.5191037654876709,-0.27318188548088074,0,0
19,RIGHT_EYE,0.6438000798225403,0.5186984539031982,-0.27322137355804443,0,0
19,RIGHT_EYE_OUTER,0.6412466168403625,0.5186739563941956,-0.27321311831474304,0,0
19,LEFT_EAR,0.6567423939704895,0.5149849653244019,-0.1895766258239746,0,0
19,RIGHT_EAR,0.6356977224349976,0.5186119079589844,-0.2075001746416092,0,0
19,MOUTH_LEFT,0.6522944569587708,0.5395903587341309,-0.24140621721744537,0,0
19,MOUTH_RIGHT,0.64605712890625,0.5400398373603821,-0.24656298756599426,0,0
19,LEFT_SHOULDER,0.6746431589126587,0.5524301528930664,-0.11058246344327927,0,0
19,RIGHT_SHOULDER,0.6177650094032288,0.5661780834197998,-0.13433685898780823,0,0
19,LEFT_ELBOW,0.6965157985687256,0.6190464496612549,-0.06683349609375,0,0
19,RIGHT_ELBOW,0.591835081577301,0.6294873952865601,-0.10483499616384506,0,0
19,LEFT_WRIST,0.7229948043823242,0.6799339056015015,-0.14305992424488068,0,0
19,RIGHT_WRIST,0.5582818388938904,0.6624984741210938,-0.1677771657705307,0,0
19,LEFT_PINKY,0.7303078174591064,0.6981189846992493,-0.16126655042171478,0,0
19,RIGHT_PINKY,0.5462194085121155,0.6710609197616577,-0.1868676245212555,0,0
19,LEFT_INDEX,0.7300592064857483,0.6993871331214905,-0.18773165345191956,0,0
19,RIGHT_INDEX,0.5458918213844299,0.6679671406745911,-0.21544578671455383,0,0
19,LEFT_THUMB,0.7275189161300659,0.6944850087165833,-0.15576189756393433,0,0
19,RIGHT_THUMB,0.5500014424324036,0.6667309403419495,-0.18132060766220093,0,0
19,LEFT_HIP,0.6743579506874084,0.7073636651039124,0.013155133463442326,0,0
19,RIGHT_HIP,0.6410034894943237,0.715745210647583,-0.013175277970731258,0,0
19,LEFT_KNEE,0.6876435875892639,0.8122551441192627,0.037344641983509064,0,0
19,RIGHT_KNEE,0.6345023512840271,0.8150314092636108,0.028050992637872696,0,0
19,LEFT_ANKLE,0.6964763402938843,0.8989325761795044,0.1749875247478485,0,0
19,RIGHT_ANKLE,0.6211174130439758,0.8906811475753784,0.1852867752313614,0,0
19,LEFT_HEEL,0.6915394067764282,0.914131760597229,0.18586605787277222,0,0
19,RIGHT_HEEL,0.619128406047821,0.8961217403411865,0.19880373775959015,0,0
19,LEFT_FOOT_INDEX,0.720739483833313,0.9325580596923828,0.12499883770942688,0,0
19,RIGHT_FOOT_INDEX,0.6236288547515869,0.9299828410148621,0.1367000937461853,0,0
20,NOSE,0.6500805020332336,0.5312129259109497,-0.27652353048324585,0,0
20,LEFT_EYE_INNER,0.6519766449928284,0.5197658538818359,-0.27014175057411194,0,0
20,LEFT_EYE,0.6537145376205444,0.5190283060073853,-0.2701595723628998,0,0
20,LEFT_EYE_OUTER,0.6553261876106262,0.5181398391723633,-0.2701817452907562,0,0
20,RIGHT_EYE_INNER,0.6461981534957886,0.5198172330856323,-0.27395549416542053,0,0
20,RIGHT_EYE,0.6438089609146118,0.5192894339561462,-0.27399393916130066,0,0
20,RIGHT_EYE_OUTER,0.6412409543991089,0.5191110372543335,-0.273985892534256,0,0
20,LEFT_EAR,0.6566228270530701,0.5156701803207397,-0.18865643441677094,0,0
20,RIGHT_EAR,0.635543167591095,0.5188983082771301,-0.20814545452594757,0,0
20,MOUTH_LEFT,0.6522389650344849,0.5404366254806519,-0.24167853593826294,0,0
20,MOUTH_RIGHT,0.6460414528846741,0.5407483577728271,-0.24739310145378113,0,0
20,LEFT_SHOULDER,0.6738610863685608,0.552432119846344,-0.10862159729003906,0,0
20,RIGHT_SHOULDER,0.61681067943573,0.5666590929031372,-0.13449624180793762,0,0
20,LEFT_ELBOW,0.6954640746116638,0.6195500493049622,-0.06275871396064758,0,0
20,RIGHT_ELBOW,0.5913630127906799,0.6304717063903809,-0.1038212925195694,0,0
20,LEFT_WRIST,0.7216110229492188,0.6802809834480286,-0.13961687684059143,0,0
20,RIGHT_WRIST,0.5583320260047913,0.6651073694229126,-0.16633005440235138,0,0
20,LEFT_PINKY,0.7293511033058167,0.6984989643096924,-0.15796592831611633,0,0
20,RIGHT_PINKY,0.5463873744010925,0.6740074157714844,-0.18553179502487183,0,0
20,LEFT_INDEX,0.7289533615112305,0.6999380588531494,-0.18458957970142365,0,0
20,RIGHT_INDEX,0.5460759997367859,0.6709471344947815,-0.2143235206604004,0,0
20,LEFT_THUMB,0.7262572646141052,0.6950679421424866,-0.1523212343454361,0,0
20,RIGHT_THUMB,0.5501766800880432,0.6695156097412109,-0.17988580465316772,0,0
20,LEFT_HIP,0.674048662185669,0.7073788642883301,0.014112968929111958,0,0
20,RIGHT_HIP,0.64069002866745,0.7161738276481628,-0.014134389348328114,0,0
20,LEFT_KNEE,0.6875991225242615,0.812490701675415,0.038417696952819824,0,0
20,RIGHT_KNEE,0.6344820857048035,0.815339207649231,0.02751651220023632,0,0
20,LEFT_ANKLE,0.6963077187538147,0.8988024592399597,0.18158979713916779,0,0
20,RIGHT_ANKLE,0.6210566163063049,0.8910064697265625,0.18978483974933624,0,0
20,LEFT_HEEL,0.6912718415260315,0.9140841960906982,0.193039208650589,0,0
20,RIGHT_HEEL,0.618666410446167,0.8967316746711731,0.20397800207138062,0,0
20,LEFT_FOOT_INDEX,0.720730721950531,0.93243807554245,0.1334008425474167,0,0
20,RIGHT_FOOT_INDEX,0.6236355304718018,0.9299736022949219,0.1426888406276703,0,0
21,NOSE,0.6501038670539856,0.5321878790855408,-0.2757819890975952,0,0
21,LEFT_EYE_INNER,0.651980996131897,0.5206396579742432,-0.26945072412490845,0,0
21,LEFT_EYE,0.6537206768989563,0.5199518203735352,-0.2694687843322754,0,0
21,LEFT_EYE_OUTER,0.6553226709365845,0.5190408229827881,-0.2694908380508423,0,0
21,RIGHT_EYE_INNER,0.6462024450302124,0.5205994248390198,-0.2732204794883728,0,0
21,RIGHT_EYE,0.6438162326812744,0.5199573040008545,-0.2732582688331604,0,0
21,RIGHT_EYE_OUTER,0.6412492394447327,0.5196090936660767,-0.2732498347759247,0,0
21,LEFT_EAR,0.6566032767295837,0.5164235830307007,-0.18806812167167664,0,0
21,RIGHT_EAR,0.6355341672897339,0.5191555023193359,-0.2075318992137909,0,0
21,MOUTH_LEFT,0.6522243618965149,0.5412129163742065,-0.24104876816272736,0,0
21,MOUTH_RIGHT,0.6460526585578918,0.5413669347763062,-0.24671490490436554,0,0
21,LEFT_SHOULDER,0.6735382676124573,0.5524503588676453,-0.10737331211566925,0,0
21,RIGHT_SHOULDER,0.6164026260375977,0.5670260190963745,-0.1344468742609024,0,0
21,LEFT_ELBOW,0.6950528621673584,0.6199895143508911,-0.0611237958073616,0,0
21,RIGHT_ELBOW,0.5910624265670776,0.6309938430786133,-0.10138271003961563,0,0
21,LEFT_WRIST,0.7212198376655579,0.6804934740066528,-0.13870055973529816,0,0
21,RIGHT_WRIST,0.5583475232124329,0.6658056974411011,-0.16372241079807281,0,0
21,LEFT_PINKY,0.7290089726448059,0.6986087560653687,-0.15716002881526947,0,0
21,RIGHT_PINKY,0.5465760827064514,0.67493736743927,-0.1829065978527069,0,0
21,LEFT_INDEX,0.7285574674606323,0.7000398635864258,-0.1838996261358261,0,0
21,RIGHT_INDEX,0.5463297963142395,0.672049343585968,-0.21179795265197754,0,0
21,LEFT_THUMB,0.7258520722389221,0.6951858401298523,-0.15147052705287933,0,0
21,RIGHT_THUMB,0.5503769516944885,0.6705288887023926,-0.17731377482414246,0,0
21,LEFT_HIP,0.6739188432693481,0.707419216632843,0.014409692957997322,0,0
21,RIGHT_HIP,0.6405057311058044,0.716589629650116,-0.014430980198085308,0,0
21,LEFT_KNEE,0.6875942349433899,0.8129691481590271,0.03845055028796196,0,0
21,RIGHT_KNEE,0.6344314813613892,0.8158745765686035,0.02625500224530697,0,0
21,LEFT_ANKLE,0.6961528658866882,0.8987250924110413,0.1824840009212494,0,0
21,RIGHT_ANKLE,0.621048092842102,0.8914814591407776,0.1890001744031906,0,0
21,LEFT_HEEL,0.6910989880561829,0.9140430688858032,0.19397900998592377,0,0
21,RIGHT_HEEL,0.6184890270233154,0.8972762823104858,0.2031024545431137,0,0
21,LEFT_FOOT_INDEX,0.7207278609275818,0.9322828054428101,0.13432639837265015,0,0
21,RIGHT_FOOT_INDEX,0.623659074306488,0.929989218711853,0.14180158078670502,0,0
22,NOSE,0.6500979661941528,0.5326847434043884,-0.27516525983810425,0,0
22,LEFT_EYE_INNER,0.651976466178894,0.5211670398712158,-0.26874420046806335,0,0
22,LEFT_EYE,0.6536842584609985,0.5205429792404175,-0.26876142621040344,0,0
22,LEFT_EYE_OUTER,0.6552453637123108,0.5196740627288818,-0.2687841057777405,0,0
22,RIGHT_EYE_INNER,0.6462154984474182,0.5209048390388489,-0.27259138226509094,0,0
22,RIGHT_EYE,0.6438245177268982,0.5201560258865356,-0.2726293206214905,0,0
22,RIGHT_EYE_OUTER,0.6412551403045654,0.5196921229362488,-0.27261820435523987,0,0
22,LEFT_EAR,0.6564046740531921,0.5169818997383118,-0.1877451241016388,0,0
22,RIGHT_EAR,0.6353732943534851,0.5191649794578552,-0.2078591287136078,0,0
22,MOUTH_LEFT,0.6521103978157043,0.541475772857666,-0.24072520434856415,0,0
22,MOUTH_RIGHT,0.6459806561470032,0.5414076447486877,-0.24653400480747223,0,0
22,LEFT_SHOULDER,0.6728763580322266,0.5527701377868652,-0.10776686668395996,0,0
22,RIGHT_SHOULDER,0.6155363917350769,0.56815505027771,-0.13530489802360535,0,0
22,LEFT_ELBOW,0.6948263049125671,0.6201538443565369,-0.06177105754613876,0,0
22,RIGHT_ELBOW,0.5903481841087341,0.6321105360984802,-0.10296349972486496,0,0
22,LEFT_WRIST,0.7216642498970032,0.6805153489112854,-0.13976453244686127,0,0
22,RIGHT_WRIST,0.5581888556480408,0.6680189371109009,-0.16421404480934143,0,0
22,LEFT_PINKY,0.7295366525650024,0.6987285017967224,-0.15819287300109863,0,0
22,RIGHT_PINKY,0.5465542078018188,0.6766003370285034,-0.1832369863986969,0,0
22,LEFT_INDEX,0.7291465997695923,0.7002418637275696,-0.18486429750919342,0,0
22,RIGHT_INDEX,0.5463153719902039,0.6738319993019104,-0.21189016103744507,0,0
22,LEFT_THUMB,0.726474404335022,0.695409893989563,-0.15258710086345673,0,0
22,RIGHT_THUMB,0.5503705143928528,0.6724684834480286,-0.17752598226070404,0,0
22,LEFT_HIP,0.6734591722488403,0.7074275612831116,0.014991114847362041,0,0
22,RIGHT_HIP,0.6401852965354919,0.7169017195701599,-0.015016213059425354,0,0
22,LEFT_KNEE,0.6876921057701111,0.8133363723754883,0.038185134530067444,0,0
22,RIGHT_KNEE,0.6344156265258789,0.8168622851371765,0.018823688849806786,0,0
22,LEFT_ANKLE,0.6960715055465698,0.8986077904701233,0.17919805645942688,0,0
22,RIGHT_ANKLE,0.6210160851478577,0.8916106820106506,0.18079952895641327,0,0
22,LEFT_HEEL,0.6910269856452942,0.9139636754989624,0.19006508588790894,0,0
22,RIGHT_HEEL,0.6182922124862671,0.8970092535018921,0.1953900158405304,0,0
22,LEFT_FOOT_INDEX,0.7205670475959778,0.93210768699646,0.13153523206710815,0,0
22,RIGHT_FOOT_INDEX,0.6237694025039673,0.9300099015235901,0.14014674723148346,0,0
23,NOSE,0.6501016020774841,0.5340356230735779,-0.26672300696372986,0,0
23,LEFT_EYE_INNER,0.6519453525543213,0.5224206447601318,-0.2605360448360443,0,0
23,LEFT_EYE,0.6535864472389221,0.5218145251274109,-0.26055458188056946,0,0
23,LEFT_EYE_OUTER,0.6550634503364563,0.5209835767745972,-0.260579913854599,0,0
23,RIGHT_EYE_INNER,0.6462253332138062,0.5220165848731995,-0.2649950385093689,0,0
23,RIGHT_EYE,0.6438323259353638,0.5211506485939026,-0.2650294899940491,0,0
23,RIGHT_EYE_OUTER,0.6412603855133057,0.5204903483390808,-0.26501190662384033,0,0
23,LEFT_EAR,0.6556406617164612,0.5179665088653564,-0.18172955513000488,0,0
23,RIGHT_EAR,0.6352834105491638,0.51951664686203,-0.2045641988515854,0,0
23,MOUTH_LEFT,0.6519235372543335,0.542312741279602,-0.23318983614444733,0,0
23,MOUTH_RIGHT,0.6458851099014282,0.5420417189598083,-0.23974500596523285,0,0
23,LEFT_SHOULDER,0.671717643737793,0.5527763962745667,-0.10579052567481995,0,0
23,RIGHT_SHOULDER,0.6147796511650085,0.5695623159408569,-0.13403508067131042,0,0
23,LEFT_ELBOW,0.6945942044258118,0.6195590496063232,-0.06328622996807098,0,0
23,RIGHT_ELBOW,0.5898693203926086,0.6327589154243469,-0.1028686910867691,0,0
23,LEFT_WRIST,0.7221423387527466,0.679995059967041,-0.139324352145195,0,0
23,RIGHT_WRIST,0.5580950379371643,0.669137179851532,-0.16265974938869476,0,0
23,LEFT_PINKY,0.7300277352333069,0.6982544660568237,-0.1573648452758789,0,0
23,RIGHT_PINKY,0.5465414524078369,0.6777087450027466,-0.1808864176273346,0,0
23,LEFT_INDEX,0.72957444190979,0.7000487446784973,-0.1835206001996994,0,0
23,RIGHT_INDEX,0.5463079810142517,0.6750306487083435,-0.20901992917060852,0,0
23,LEFT_THUMB,0.7269060015678406,0.6951519250869751,-0.15189239382743835,0,0
23,RIGHT_THUMB,0.5503663420677185,0.6736001372337341,-0.1758684664964676,0,0
23,LEFT_HIP,0.6728322505950928,0.7074475288391113,0.015607361681759357,0,0
23,RIGHT_HIP,0.6398661136627197,0.7173551321029663,-0.015628645196557045,0,0
23,LEFT_KNEE,0.6877641677856445,0.8139184713363647,0.03586844727396965,0,0
23,RIGHT_KNEE,0.6342300176620483,0.8177223205566406,0.014168525114655495,0,0
23,LEFT_ANKLE,0.6960576176643372,0.8985733389854431,0.16402067244052887,0,0
23,RIGHT_ANKLE,0.6209754347801208,0.8918530941009521,0.1662939190864563,0,0
23,LEFT_HEEL,0.6910108327865601,0.9139332175254822,0.17395059764385223,0,0
23,RIGHT_HEEL,0.6182200908660889,0.8970786333084106,0.17940814793109894,0,0
23,LEFT_FOOT_INDEX,0.7206186652183533,0.9320152997970581,0.11902274936437607,0,0
23,RIGHT_FOOT_INDEX,0.6238490343093872,0.9301167726516724,0.12486270070075989,0,0
24,NOSE,0.6500228643417358,0.5352368950843811,-0.26457276940345764,0,0
24,LEFT_EYE_INNER,0.6517936587333679,0.5235874056816101,-0.25851649045944214,0,0
24,LEFT_EYE,0.6533480882644653,0.5229530334472656,-0.25853389501571655,0,0
24,LEFT_EYE_OUTER,0.6547245383262634,0.522138774394989,-0.25855907797813416,0,0
24,RIGHT_EYE_INNER,0.6461966633796692,0.5232133269309998,-0.2631373703479767,0,0
24,RIGHT_EYE,0.6437950134277344,0.5223851799964905,-0.2631704807281494,0,0
24,RIGHT_EYE_OUTER,0.6412364840507507,0.5216798782348633,-0.26315030455589294,0,0
24,LEFT_EAR,0.654833972454071,0.5188663005828857,-0.1803479939699173,0,0
24,RIGHT_EAR,0.6350608468055725,0.5203229784965515,-0.20405440032482147,0,0
24,MOUTH_LEFT,0.6516247391700745,0.5429708361625671,-0.23127713799476624,0,0
24,MOUTH_RIGHT,0.6457173228263855,0.542712390422821,-0.23803092539310455,0,0
24,LEFT_SHOULDER,0.6707325577735901,0.5527142882347107,-0.10564292967319489,0,0
24,RIGHT_SHOULDER,0.6141866445541382,0.5707234740257263,-0.1338140219449997,0,0
24,LEFT_ELBOW,0.6944140791893005,0.61765456199646,-0.06421229243278503,0,0
24,RIGHT_ELBOW,0.5895385146141052,0.6335248351097107,-0.10295461863279343,0,0
24,LEFT_WRIST,0.7223151326179504,0.6762139201164246,-0.1400614231824875,0,0
24,RIGHT_WRIST,0.5576024651527405,0.6708810329437256,-0.1631624847650528,0,0
24,LEFT_PINKY,0.7304953336715698,0.6936203241348267,-0.15797807276248932,0,0
24,RIGHT_PINKY,0.5464016199111938,0.6793357133865356,-0.18124036490917206,0,0
24,LEFT_INDEX,0.7302511930465698,0.6956576704978943,-0.18414202332496643,0,0
24,RIGHT_INDEX,0.5462408661842346,0.6769073605537415,-0.20936702191829681,0,0
24,LEFT_THUMB,0.7277174592018127,0.6907034516334534,-0.15262532234191895,0,0
24,RIGHT_THUMB,0.5502289533615112,0.6753491163253784,-0.1764288693666458,0,0
24,LEFT_HIP,0.6724243760108948,0.7074692249298096,0.015821566805243492,0,0
24,RIGHT_HIP,0.6396444439888,0.7177597880363464,-0.01583905704319477,0,0
24,LEFT_KNEE,0.6879578232765198,0.8148170709609985,0.032699864357709885,0,0
24,RIGHT_KNEE,0.634131133556366,0.8183581233024597,0.009866690263152122,0,0
24,LEFT_ANKLE,0.6960718035697937,0.8985707759857178,0.15627381205558777,0,0
24,RIGHT_ANKLE,0.6209582090377808,0.8920696377754211,0.16035529971122742,0,0
24,LEFT_HEEL,0.6910175085067749,0.9139242768287659,0.16584563255310059,0,0
24,RIGHT_HEEL,0.6182243227958679,0.8970907330513,0.1732141524553299,0,0
24,LEFT_FOOT_INDEX,0.7207271456718445,0.9319167733192444,0.11116819083690643,0,0
24,RIGHT_FOOT_INDEX,0.6238849759101868,0.9303575754165649,0.11922125518321991,0,0
25,NOSE,0.6497660875320435,0.53583824634552,-0.2652566730976105,0,0
25,LEFT_EYE_INNER,0.6514386534690857,0.5241414904594421,-0.2591230273246765,0,0
25,LEFT_EYE,0.6529441475868225,0.5235099792480469,-0.25914061069488525,0,0
25,LEFT_EYE_OUTER,0.6542693972587585,0.5227462649345398,-0.2591630816459656,0,0
25,RIGHT_EYE_INNER,0.6459549069404602,0.5239216089248657,-0.263229638338089,0,0
25,RIGHT_EYE,0.6435239911079407,0.5232595205307007,-0.26326170563697815,0,0
25,RIGHT_EYE_OUTER,0.6409920454025269,0.5226783156394958,-0.2632348835468292,0,0
25,LEFT_EAR,0.6542978882789612,0.5196686387062073,-0.18060772120952606,0,0
25,RIGHT_EAR,0.6345828175544739,0.5214599370956421,-0.20585386455059052,0,0
25,MOUTH_LEFT,0.6512492895126343,0.5436211228370667,-0.231667622923851,0,0
25,MOUTH_RIGHT,0.6454055905342102,0.5435333251953125,-0.23865991830825806,0,0
25,LEFT_SHOULDER,0.670028805732727,0.5527522563934326,-0.10803960263729095,0,0
25,RIGHT_SHOULDER,0.6134299039840698,0.5726057291030884,-0.1365749090909958,0,0
25,LEFT_ELBOW,0.6944501399993896,0.6162301301956177,-0.0704239159822464,0,0
25,RIGHT_ELBOW,0.5890277028083801,0.6346585154533386,-0.11012864857912064,0,0
25,LEFT_WRIST,0.7231922149658203,0.672272801399231,-0.1441923975944519,0,0
25,RIGHT_WRIST,0.5572026968002319,0.6730301976203918,-0.16943424940109253,0,0
25,LEFT_PINKY,0.7319387793540955,0.6883267164230347,-0.16128487884998322,0,0
25,RIGHT_PINKY,0.5462345480918884,0.681585431098938,-0.18661053478717804,0,0
25,LEFT_INDEX,0.7318360209465027,0.6902385354042053,-0.18725872039794922,0,0
25,RIGHT_INDEX,0.5461462736129761,0.6791201233863831,-0.21429142355918884,0,0
25,LEFT_THUMB,0.7292429804801941,0.6856067180633545,-0.15666557848453522,0,0
25,RIGHT_THUMB,0.5500773787498474,0.6774272322654724,-0.18247967958450317,0,0
25,LEFT_HIP,0.6720587611198425,0.7074546813964844,0.016174929216504097,0,0
25,RIGHT_HIP,0.6394587159156799,0.718004047870636,-0.016193170100450516,0,0
25,LEFT_KNEE,0.6884568929672241,0.8148390650749207,0.03131023421883583,0,0
25,RIGHT_KNEE,0.6341298222541809,0.8185527324676514,0.004408048465847969,0,0
25,LEFT_ANKLE,0.6960806250572205,0.8982921838760376,0.1537499725818634,0,0
25,RIGHT_ANKLE,0.6208709478378296,0.8923060894012451,0.15581431984901428,0,0
25,LEFT_HEEL,0.6910243630409241,0.9134395718574524,0.163290336728096,0,0
25,RIGHT_HEEL,0.6181014776229858,0.8970335721969604,0.16889213025569916,0,0
25,LEFT_FOOT_INDEX,0.7207419276237488,0.9316790699958801,0.1097365990281105,0,0
25,RIGHT_FOOT_INDEX,0.6238898038864136,0.9306026101112366,0.11694738268852234,0,0
26,NOSE,0.6496188640594482,0.5364100337028503,-0.2657070457935333,0,0
26,LEFT_EYE_INNER,0.6511574983596802,0.5246819853782654,-0.25968196988105774,0,0
26,LEFT_EYE,0.6525932550430298,0.5240328907966614,-0.2596987187862396,0,0
26,LEFT_EYE_OUTER,0.6538773775100708,0.523266613483429,-0.25972217321395874,0,0
26,RIGHT_EYE_INNER,0.6457806825637817,0.5245817303657532,-0.2637951076030731,0,0
26,RIGHT_EYE,0.643345057964325,0.5240318179130554,-0.26382818818092346,0,0
26,RIGHT_EYE_OUTER,0.640820324420929,0.5235434770584106,-0.26380443572998047,0,0
26,LEFT_EAR,0.653729259967804,0.5201857686042786,-0.18108966946601868,0,0
26,RIGHT_EAR,0.6343106627464294,0.5222349166870117,-0.20650263130664825,0,0
26,MOUTH_LEFT,0.6509712338447571,0.5440304279327393,-0.2323116511106491,0,0
26,MOUTH_RIGHT,0.6452621817588806,0.5440883636474609,-0.23904363811016083,0,0
26,LEFT_SHOULDER,0.669689416885376,0.5525806546211243,-0.1097511351108551,0,0
26,RIGHT_SHOULDER,0.6129717230796814,0.5732448101043701,-0.13692833483219147,0,0
26,LEFT_ELBOW,0.6944850087165833,0.6156265735626221,-0.0731102004647255,0,0
26,RIGHT_ELBOW,0.5887978076934814,0.6351897716522217,-0.11045360565185547,0,0
26,LEFT_WRIST,0.7238397002220154,0.6708047986030579,-0.14624769985675812,0,0
26,RIGHT_WRIST,0.5569779276847839,0.6735773086547852,-0.16934089362621307,0,0
26,LEFT_PINKY,0.7328149080276489,0.686564028263092,-0.16323834657669067,0,0
26,RIGHT_PINKY,0.5460726022720337,0.682171642780304,-0.18651871383190155,0,0
26,LEFT_INDEX,0.7327301502227783,0.6884130835533142,-0.1890517771244049,0,0
26,RIGHT_INDEX,0.5460047125816345,0.6796335577964783,-0.21426258981227875,0,0
26,LEFT_THUMB,0.730083703994751,0.6839069128036499,-0.15864059329032898,0,0
26,RIGHT_THUMB,0.549898087978363,0.6779077649116516,-0.18243685364723206,0,0
26,LEFT_HIP,0.6718384027481079,0.7073665261268616,0.016117282211780548,0,0
26,RIGHT_HIP,0.639260470867157,0.7181375026702881,-0.016135670244693756,0,0
26,LEFT_KNEE,0.6887549757957458,0.8149296045303345,0.03071470744907856,0,0
26,RIGHT_KNEE,0.634133517742157,0.8185737729072571,0.00685984967276454,0,0
26,LEFT_ANKLE,0.6961076259613037,0.8980820178985596,0.15347814559936523,0,0
26,RIGHT_ANKLE,0.6208639740943909,0.8923293948173523,0.15877698361873627,0,0
26,LEFT_HEEL,0.6910419464111328,0.9131472706794739,0.16310104727745056,0,0
26,RIGHT_HEEL,0.6180984377861023,0.8968179225921631,0.17190957069396973,0,0
26,LEFT_FOOT_INDEX,0.7207599878311157,0.9314783215522766,0.10955559462308884,0,0
26,RIGHT_FOOT_INDEX,0.6238874793052673,0.9307618141174316,0.11941182613372803,0,0
27,NOSE,0.6488692164421082,0.5371930599212646,-0.267444908618927,0,0
27,LEFT_EYE_INNER,0.6502881646156311,0.5256473422050476,-0.2617732286453247,0,0
27,LEFT_EYE,0.6517084240913391,0.5249713659286499,-0.2617873549461365,0,0
27,LEFT_EYE_OUTER,0.6530424952507019,0.5242050290107727,-0.26181474328041077,0,0
27,RIGHT_EYE_INNER,0.6449757814407349,0.5256118774414062,-0.26607659459114075,0,0
27,RIGHT_EYE,0.6425445079803467,0.5252014398574829,-0.266110360622406,0,0
27,RIGHT_EYE_OUTER,0.6400640606880188,0.5248749852180481,-0.26608455181121826,0,0
27,LEFT_EAR,0.6530036330223083,0.5212866067886353,-0.184565007686615,0,0
27,RIGHT_EAR,0.6337302327156067,0.5237316489219666,-0.20844587683677673,0,0
27,MOUTH_LEFT,0.6501780152320862,0.5447781085968018,-0.23451943695545197,0,0
27,MOUTH_RIGHT,0.6444956064224243,0.5450345277786255,-0.2412087619304657,0,0
27,LEFT_SHOULDER,0.6690385937690735,0.5525839328765869,-0.11227201670408249,0,0
27,RIGHT_SHOULDER,0.6124557256698608,0.5742811560630798,-0.1391802728176117,0,0
27,LEFT_ELBOW,0.6945365071296692,0.6143996715545654,-0.07632888108491898,0,0
27,RIGHT_ELBOW,0.5886833071708679,0.6361621022224426,-0.11339981108903885,0,0
27,LEFT_WRIST,0.7255036234855652,0.6677536368370056,-0.15075744688510895,0,0
27,RIGHT_WRIST,0.5569134950637817,0.676313579082489,-0.17192259430885315,0,0
27,LEFT_PINKY,0.734862208366394,0.6829079985618591,-0.16791079938411713,0,0
27,RIGHT_PINKY,0.546067476272583,0.684553861618042,-0.1890495866537094,0,0
27,LEFT_INDEX,0.7351224422454834,0.6843305826187134,-0.1941417157649994,0,0
27,RIGHT_INDEX,0.5459979772567749,0.6818154454231262,-0.21658071875572205,0,0
27,LEFT_THUMB,0.7321794033050537,0.68015056848526,-0.1633894145488739,0,0
27,RIGHT_THUMB,0.5498934388160706,0.6801021695137024,-0.18495556712150574,0,0
27,LEFT_HIP,0.6716816425323486,0.7073838114738464,0.016431400552392006,0,0
27,RIGHT_HIP,0.6391718983650208,0.7185633778572083,-0.01645074225962162,0,0
27,LEFT_KNEE,0.6892288327217102,0.8144384622573853,0.035614363849163055,0,0
27,RIGHT_KNEE,0.6341516375541687,0.8185518980026245,0.002114303642883897,0,0
27,LEFT_ANKLE,0.6961460709571838,0.8963152766227722,0.1641911417245865,0,0
27,RIGHT_ANKLE,0.620865523815155,0.8925499320030212,0.14769761264324188,0,0
27,LEFT_HEEL,0.6910511255264282,0.911160945892334,0.17450803518295288,0,0
27,RIGHT_HEEL,0.6180970668792725,0.8969026207923889,0.1602061688899994,0,0
27,LEFT_FOOT_INDEX,0.7206417322158813,0.9302986264228821,0.12384962290525436,0,0
27,RIGHT_FOOT_INDEX,0.6238929033279419,0.9307760000228882,0.10751063376665115,0,0
28,NOSE,0.6486519575119019,0.5380660891532898,-0.2675535976886749,0,0
28,LEFT_EYE_INNER,0.6500582098960876,0.5263519287109375,-0.26182401180267334,0,0
28,LEFT_EYE,0.651455819606781,0.5255845189094543,-0.2618381679058075,0,0
28,LEFT_EYE_OUTER,0.6527669429779053,0.5247414112091064,-0.2618652880191803,0,0
28,RIGHT_EYE_INNER,0.6447528004646301,0.5263686180114746,-0.2661539316177368,0,0
28,RIGHT_EYE,0.6422776579856873,0.525924563407898,-0.26618680357933044,0,0
28,RIGHT_EYE_OUTER,0.6397643685340881,0.5255746245384216,-0.26615792512893677,0,0
28,LEFT_EAR,0.6525617241859436,0.5215869545936584,-0.18466384708881378,0,0
28,RIGHT_EAR,0.6330825090408325,0.5241240859031677,-0.2093965858221054,0,0
28,MOUTH_LEFT,0.6498929262161255,0.545447051525116,-0.23455733060836792,0,0
28,MOUTH_RIGHT,0.6442804336547852,0.5459558367729187,-0.24147698283195496,0,0
28,LEFT_SHOULDER,0.6685183644294739,0.5525930523872375,-0.11390548199415207,0,0
28,RIGHT_SHOULDER,0.6114076375961304,0.575674831867218,-0.14092609286308289,0,0
28,LEFT_ELBOW,0.6946132779121399,0.6123766303062439,-0.07900059223175049,0,0
28,RIGHT_ELBOW,0.5885948538780212,0.6381189823150635,-0.11721863597631454,0,0
28,LEFT_WRIST,0.7267060875892639,0.6629217267036438,-0.154447540640831,0,0
28,RIGHT_WRIST,0.5563898086547852,0.6802420616149902,-0.17597438395023346,0,0
28,LEFT_PINKY,0.7365763187408447,0.6774291396141052,-0.17176814377307892,0,0
28,RIGHT_PINKY,0.5455343723297119,0.6872400641441345,-0.19293269515037537,0,0
28,LEFT_INDEX,0.7371070981025696,0.6785196661949158,-0.19786790013313293,0,0
28,RIGHT_INDEX,0.5452350974082947,0.6841587424278259,-0.220460906624794,0,0
28,LEFT_THUMB,0.7338933348655701,0.6743916869163513,-0.16705845296382904,0,0
28,RIGHT_THUMB,0.5492704510688782,0.6829621195793152,-0.18906384706497192,0,0
28,LEFT_HIP,0.671708881855011,0.7073975801467896,0.01666296273469925,0,0
28,RIGHT_HIP,0.6391886472702026,0.7193664908409119,-0.016685251146554947,0,0
28,LEFT_KNEE,0.6905908584594727,0.8128119707107544,0.04089288040995598,0,0
28,RIGHT_KNEE,0.6341553330421448,0.8187644481658936,0.0020095021463930607,0,0
28,LEFT_ANKLE,0.6964352130889893,0.8942371010780334,0.1796230673789978,0,0
28,RIGHT_ANKLE,0.6209102869033813,0.892601490020752,0.14750169217586517,0,0
28,LEFT_HEEL,0.6911786198616028,0.908740222454071,0.1910194605588913,0,0
28,RIGHT_HEEL,0.618194043636322,0.8968716263771057,0.1601434201002121,0,0
28,LEFT_FOOT_INDEX,0.7204710245132446,0.9278849959373474,0.14280861616134644,0,0
28,RIGHT_FOOT_INDEX,0.6238580942153931,0.9307721257209778,0.10931312292814255,0,0
29,NOSE,0.648523211479187,0.5384879112243652,-0.2675967216491699,0,0
29,LEFT_EYE_INNER,0.6498696804046631,0.5267502665519714,-0.26186034083366394,0,0
29,LEFT_EYE,0.6512511968612671,0.5259015560150146,-0.2618750333786011,0,0
29,LEFT_EYE_OUTER,0.6525598168373108,0.5249759554862976,-0.26190245151519775,0,0
29,RIGHT_EYE_INNER,0.6445701122283936,0.526938796043396,-0.2662521302700043,0,0
29,RIGHT_EYE,0.6420720219612122,0.5265326499938965,-0.2662833333015442,0,0
29,RIGHT_EYE_OUTER,0.6394843459129333,0.5262115001678467,-0.2662523090839386,0,0
29,LEFT_EAR,0.6523014307022095,0.5217115879058838,-0.1845339834690094,0,0
29,RIGHT_EAR,0.6325486898422241,0.5247613191604614,-0.20941227674484253,0,0
29,MOUTH_LEFT,0.6497650742530823,0.5457935333251953,-0.2345750480890274,0,0
29,MOUTH_RIGHT,0.6442073583602905,0.5465397238731384,-0.241781085729599,0,0
29,LEFT_SHOULDER,0.6682199239730835,0.5525952577590942,-0.11374783515930176,0,0
29,RIGHT_SHOULDER,0.6109564900398254,0.5767526626586914,-0.14169533550739288,0,0
29,LEFT_ELBOW,0.6947978138923645,0.609261155128479,-0.07957795262336731,0,0
29,RIGHT_ELBOW,0.5886766910552979,0.639600932598114,-0.1191641092300415,0,0
29,LEFT_WRIST,0.7286805510520935,0.6580314636230469,-0.1561475247144699,0,0
29,RIGHT_WRIST,0.5563955903053284,0.6841069459915161,-0.1787070780992508,0,0
29,LEFT_PINKY,0.7388110756874084,0.6729004979133606,-0.17374081909656525,0,0
29,RIGHT_PINKY,0.5455433130264282,0.690138578414917,-0.19595490396022797,0,0
29,LEFT_INDEX,0.7396478652954102,0.6742902398109436,-0.20000168681144714,0,0
29,RIGHT_INDEX,0.5451982617378235,0.6869605779647827,-0.2238769382238388,0,0
29,LEFT_THUMB,0.7363165020942688,0.6698039174079895,-0.16884246468544006,0,0
29,RIGHT_THUMB,0.5491780638694763,0.6861773133277893,-0.1920291930437088,0,0
29,LEFT_HIP,0.6718453764915466,0.7074071764945984,0.017543114721775055,0,0
29,RIGHT_HIP,0.6392346024513245,0.7196935415267944,-0.017566023394465446,0,0
29,LEFT_KNEE,0.6925587058067322,0.8113986253738403,0.04331479221582413,0,0
29,RIGHT_KNEE,0.6342065930366516,0.8189699053764343,-0.00649776728823781,0,0
29,LEFT_ANKLE,0.6965916156768799,0.8922286629676819,0.18796439468860626,0,0
29,RIGHT_ANKLE,0.6210280060768127,0.8926055431365967,0.14133352041244507,0,0
29,LEFT_HEEL,0.6912484765052795,0.9066587090492249,0.19997532665729523,0,0
29,RIGHT_HEEL,0.6184942126274109,0.8966249823570251,0.15440502762794495,0,0
29,LEFT_FOOT_INDEX,0.7204684019088745,0.9250919818878174,0.15336023271083832,0,0
29,RIGHT_FOOT_INDEX,0.6238217949867249,0.9307294487953186,0.10580695420503616,0,0
30,NOSE,0.6476650238037109,0.5397865772247314,-0.2671556770801544,0,0
30,LEFT_EYE_INNER,0.6489705443382263,0.5281473398208618,-0.26137837767601013,0,0
30,LEFT_EYE,0.6503586173057556,0.5272374749183655,-0.26139435172080994,0,0
30,LEFT_EYE_OUTER,0.6516774296760559,0.5261739492416382,-0.2614240348339081,0,0
30,RIGHT_EYE_INNER,0.6436642408370972,0.5282902121543884,-0.26578545570373535,0,0
30,RIGHT_EYE,0.641171395778656,0.5277979969978333,-0.26581305265426636,0,0
30,RIGHT_EYE_OUTER,0.6385726928710938,0.5273882150650024,-0.2657809555530548,0,0
30,LEFT_EAR,0.6515909433364868,0.522464394569397,-0.18445731699466705,0,0
30,RIGHT_EAR,0.6318331360816956,0.5259444713592529,-0.2087993174791336,0,0
30,MOUTH_LEFT,0.6489971876144409,0.5470524430274963,-0.2343960553407669,0,0
30,MOUTH_RIGHT,0.643436074256897,0.5476785898208618,-0.24130235612392426,0,0
30,LEFT_SHOULDER,0.6680428385734558,0.5526198148727417,-0.11345044523477554,0,0
30,RIGHT_SHOULDER,0.6107881665229797,0.5791288018226624,-0.14109282195568085,0,0
30,LEFT_ELBOW,0.6966763138771057,0.6059027910232544,-0.07824579626321793,0,0
30,RIGHT_ELBOW,0.5898050665855408,0.6423535346984863,-0.1170019805431366,0,0
30,LEFT_WRIST,0.7315680980682373,0.6542792320251465,-0.15432266891002655,0,0
30,RIGHT_WRIST,0.5573840737342834,0.6886264085769653,-0.1769164502620697,0,0
30,LEFT_PINKY,0.74156254529953,0.6689839959144592,-0.17194689810276031,0,0
30,RIGHT_PINKY,0.5479742288589478,0.6938237547874451,-0.19465167820453644,0,0
30,LEFT_INDEX,0.7421135306358337,0.6708388924598694,-0.19826661050319672,0,0
30,RIGHT_INDEX,0.5468690991401672,0.6902140974998474,-0.22262512147426605,0,0
30,LEFT_THUMB,0.7390130162239075,0.666340172290802,-0.1669972985982895,0,0
30,RIGHT_THUMB,0.5504732728004456,0.6899027228355408,-0.19023366272449493,0,0
30,LEFT_HIP,0.6727892756462097,0.7076566219329834,0.017453700304031372,0,0
30,RIGHT_HIP,0.6394588947296143,0.720440149307251,-0.017476553097367287,0,0
30,LEFT_KNEE,0.6941369771957397,0.8081353306770325,0.05095836892724037,0,0
30,RIGHT_KNEE,0.6349454522132874,0.8187187910079956,-0.0013222601264715195,0,0
30,LEFT_ANKLE,0.6965389847755432,0.8890527486801147,0.20199790596961975,0,0
30,RIGHT_ANKLE,0.6210747361183167,0.8926830291748047,0.14040707051753998,0,0
30,LEFT_HEEL,0.6909444332122803,0.9042812585830688,0.21462488174438477,0,0
30,RIGHT_HEEL,0.6185228228569031,0.896903395652771,0.1527012288570404,0,0
30,LEFT_FOOT_INDEX,0.7204679846763611,0.9192049503326416,0.16735607385635376,0,0
30,RIGHT_FOOT_INDEX,0.623740017414093,0.9298182129859924,0.10154149681329727,0,0
31,NOSE,0.6475935578346252,0.5410442352294922,-0.2611086964607239,0,0
31,LEFT_EYE_INNER,0.6488457322120667,0.5295853614807129,-0.2546376883983612,0,0
31,LEFT_EYE,0.6501911878585815,0.5286931991577148,-0.2546583116054535,0,0
31,LEFT_EYE_OUTER,0.6514797210693359,0.5275423526763916,-0.25469544529914856,0,0
31,RIGHT_EYE_INNER,0.6435979008674622,0.5296397805213928,-0.26075050234794617,0,0
31,RIGHT_EYE,0.641086757183075,0.5290147066116333,-0.26076796650886536,0,0
31,RIGHT_EYE_OUTER,0.6384157538414001,0.5284539461135864,-0.260724276304245,0,0
31,LEFT_EAR,0.6512169241905212,0.5234888195991516,-0.1755765825510025,0,0
31,RIGHT_EAR,0.631485104560852,0.527021586894989,-0.20612502098083496,0,0
31,MOUTH_LEFT,0.6488926410675049,0.5484364032745361,-0.2276243269443512,0,0
31,MOUTH_RIGHT,0.6433913111686707,0.5490049123764038,-0.23622268438339233,0,0
31,LEFT_SHOULDER,0.667610228061676,0.5526705980300903,-0.10184077173471451,0,0
31,RIGHT_SHOULDER,0.6107106804847717,0.5825015306472778,-0.14085833728313446,0,0
31,LEFT_ELBOW,0.6977613568305969,0.6021910905838013,-0.05841745063662529,0,0
31,RIGHT_ELBOW,0.5927851796150208,0.6473416090011597,-0.11724735051393509,0,0
31,LEFT_WRIST,0.732409656047821,0.6486137509346008,-0.1289774775505066,0,0
31,RIGHT_WRIST,0.5600141286849976,0.6938555836677551,-0.17704452574253082,0,0
31,LEFT_PINKY,0.7428045868873596,0.6628355383872986,-0.14613287150859833,0,0
31,RIGHT_PINKY,0.551165759563446,0.6994425058364868,-0.19464737176895142,0,0
31,LEFT_INDEX,0.7433549761772156,0.6644559502601624,-0.17161603271961212,0,0
31,RIGHT_INDEX,0.5496297478675842,0.695680558681488,-0.22280500829219818,0,0
31,LEFT_THUMB,0.740337073802948,0.6608946919441223,-0.14144308865070343,0,0
31,RIGHT_THUMB,0.5531261563301086,0.6952870488166809,-0.1903523951768875,0,0
31,LEFT_HIP,0.6748722195625305,0.7085797190666199,0.018731404095888138,0,0
31,RIGHT_HIP,0.6412359476089478,0.7216767072677612,-0.01875198259949684,0,0
31,LEFT_KNEE,0.6959167718887329,0.8076221942901611,0.05584114417433739,0,0
31,RIGHT_KNEE,0.6361285448074341,0.8187100887298584,0.0006355229415930808,0,0
31,LEFT_ANKLE,0.6969127058982849,0.8873406052589417,0.2053310126066208,0,0
31,RIGHT_ANKLE,0.6210747957229614,0.8935126066207886,0.13770046830177307,0,0
31,LEFT_HEEL,0.6909331679344177,0.9025172591209412,0.2176537811756134,0,0
31,RIGHT_HEEL,0.6184452772140503,0.8980168104171753,0.14958828687667847,0,0
31,LEFT_FOOT_INDEX,0.7237946391105652,0.919815719127655,0.1699853390455246,0,0
31,RIGHT_FOOT_INDEX,0.623720109462738,0.9298253655433655,0.09781792759895325,0,0
32,NOSE,0.6475270390510559,0.5415761470794678,-0.2603536546230316,0,0
32,LEFT_EYE_INNER,0.6487159729003906,0.530188262462616,-0.2538570463657379,0,0
32,LEFT_EYE,0.6500404477119446,0.5292825698852539,-0.25387799739837646,0,0
32,LEFT_EYE_OUTER,0.6513279676437378,0.5281119346618652,-0.2539127767086029,0,0
32,RIGHT_EYE_INNER,0.6434675455093384,0.5301835536956787,-0.25963595509529114,0,0
32,RIGHT_EYE,0.6409505009651184,0.5294910073280334,-0.25965559482574463,0,0
32,RIGHT_EYE_OUTER,0.6382638216018677,0.5289088487625122,-0.2596166431903839,0,0
32,LEFT_EAR,0.6509082913398743,0.524133026599884,-0.17491436004638672,0,0
32,RIGHT_EAR,0.6313788890838623,0.5275484323501587,-0.20373564958572388,0,0
32,MOUTH_LEFT,0.6487756371498108,0.5491378307342529,-0.22696027159690857,0,0
32,MOUTH_RIGHT,0.6432904005050659,0.5495432019233704,-0.23504753410816193,0,0
32,LEFT_SHOULDER,0.6672185063362122,0.5526675581932068,-0.10070952773094177,0,0
32,RIGHT_SHOULDER,0.610714852809906,0.5837119221687317,-0.13837318122386932,0,0
32,LEFT_ELBOW,0.697915256023407,0.6006112694740295,-0.05775323137640953,0,0
32,RIGHT_ELBOW,0.5939943194389343,0.6493504047393799,-0.11616673320531845,0,0
32,LEFT_WRIST,0.7326910495758057,0.6472323536872864,-0.12982244789600372,0,0
32,RIGHT_WRIST,0.5613172650337219,0.6961583495140076,-0.17440685629844666,0,0
32,LEFT_PINKY,0.7430465817451477,0.6611831784248352,-0.14705276489257812,0,0
32,RIGHT_PINKY,0.5521233677864075,0.7009263038635254,-0.1916794329881668,0,0
32,LEFT_INDEX,0.7436749339103699,0.6627448201179504,-0.17249581217765808,0,0
32,RIGHT_INDEX,0.5502707958221436,0.6969113945960999,-0.21973317861557007,0,0
32,LEFT_THUMB,0.7407160997390747,0.6592898368835449,-0.1422453373670578,0,0
32,RIGHT_THUMB,0.5540739297866821,0.696967601776123,-0.1875322014093399,0,0
32,LEFT_HIP,0.6757358312606812,0.7089928984642029,0.0190878938883543,0,0
32,RIGHT_HIP,0.6420553922653198,0.7222141623497009,-0.019113577902317047,0,0
32,LEFT_KNEE,0.6965802907943726,0.8064842224121094,0.0562899149954319,0,0
32,RIGHT_KNEE,0.6367707848548889,0.8187025189399719,-0.003478214843198657,0,0
32,LEFT_ANKLE,0.6972039341926575,0.8868520855903625,0.20663303136825562,0,0
32,RIGHT_ANKLE,0.6210758090019226,0.8945897221565247,0.12733633816242218,0,0
32,LEFT_HEEL,0.6909515261650085,0.9024282097816467,0.21902962028980255,0,0
32,RIGHT_HEEL,0.6183077096939087,0.8992879390716553,0.138688325881958,0,0
32,LEFT_FOOT_INDEX,0.725720226764679,0.9196620583534241,0.17020832002162933,0,0
32,RIGHT_FOOT_INDEX,0.6238746047019958,0.9300066232681274,0.08429388701915741,0,0
33,NOSE,0.6474143266677856,0.5420565009117126,-0.265409380197525,0,0
33,LEFT_EYE_INNER,0.6486204862594604,0.5306819081306458,-0.25832661986351013,0,0
33,LEFT_EYE,0.6499596834182739,0.5297411680221558,-0.2583501935005188,0,0
33,LEFT_EYE_OUTER,0.6512935161590576,0.5285280346870422,-0.258384108543396,0,0
33,RIGHT_EYE_INNER,0.6432703733444214,0.5307392477989197,-0.26518183946609497,0,0
33,RIGHT_EYE,0.6407245993614197,0.5300405621528625,-0.265207976102829,0,0
33,RIGHT_EYE_OUTER,0.6379508376121521,0.5294700860977173,-0.26516932249069214,0,0
33,LEFT_EAR,0.650875449180603,0.5245878100395203,-0.17529341578483582,0,0
33,RIGHT_EAR,0.6309441328048706,0.5283026695251465,-0.20926547050476074,0,0
33,MOUTH_LEFT,0.6486968994140625,0.549647867679596,-0.23075523972511292,0,0
33,MOUTH_RIGHT,0.6431753635406494,0.5501144528388977,-0.2402518093585968,0,0
33,LEFT_SHOULDER,0.6667845249176025,0.5526412129402161,-0.10139477998018265,0,0
33,RIGHT_SHOULDER,0.6108223795890808,0.5869069695472717,-0.14310690760612488,0,0
33,LEFT_ELBOW,0.698318362236023,0.5987802743911743,-0.05325419828295708,0,0
33,RIGHT_ELBOW,0.59834885597229,0.6559050679206848,-0.12618783116340637,0,0
33,LEFT_WRIST,0.7329091429710388,0.6438239812850952,-0.12239590287208557,0,0
33,RIGHT_WRIST,0.569234311580658,0.7048661112785339,-0.19251008331775665,0,0
33,LEFT_PINKY,0.7432568669319153,0.6582238078117371,-0.13891401886940002,0,0
33,RIGHT_PINKY,0.5592414736747742,0.7102406620979309,-0.2115790843963623,0,0
33,LEFT_INDEX,0.7439704537391663,0.6599277257919312,-0.16450235247612,0,0
33,RIGHT_INDEX,0.5568826198577881,0.7059229016304016,-0.2394745945930481,0,0
33,LEFT_THUMB,0.741054117679596,0.6564227938652039,-0.13458208739757538,0,0
33,RIGHT_THUMB,0.5616086721420288,0.705564022064209,-0.20549575984477997,0,0
33,LEFT_HIP,0.6778475642204285,0.7093459367752075,0.020536674186587334,0,0
33,RIGHT_HIP,0.6444323658943176,0.7228420972824097,-0.02056552655994892,0,0
33,LEFT_KNEE,0.6983755826950073,0.804650604724884,0.06146658957004547,0,0
33,RIGHT_KNEE,0.6393303275108337,0.8165585398674011,-0.012934471480548382,0,0
33,LEFT_ANKLE,0.697625458240509,0.8853939771652222,0.22201664745807648,0,0
33,RIGHT_ANKLE,0.621390163898468,0.8943829536437988,0.11817396432161331,0,0
33,LEFT_HEEL,0.6911733150482178,0.9002599716186523,0.23529423773288727,0,0
33,RIGHT_HEEL,0.6183107495307922,0.8988760709762573,0.12966288626194,0,0
33,LEFT_FOOT_INDEX,0.7251715064048767,0.9183512330055237,0.18737973272800446,0,0
33,RIGHT_FOOT_INDEX,0.6239814758300781,0.9300124049186707,0.07498539984226227,0,0
34,NOSE,0.6466519832611084,0.5434269905090332,-0.255075067281723,0,0
34,LEFT_EYE_INNER,0.6480473875999451,0.5320366621017456,-0.24547947943210602,0,0
34,LEFT_EYE,0.649379551410675,0.5311193466186523,-0.24551644921302795,0,0
34,LEFT_EYE_OUTER,0.6507675051689148,0.5298594236373901,-0.2455589473247528,0,0
34,RIGHT_EYE_INNER,0.6426743865013123,0.5321863293647766,-0.25210151076316833,0,0
34,RIGHT_EYE,0.6401433944702148,0.5315050482749939,-0.2521286606788635,0,0
34,RIGHT_EYE_OUTER,0.6373825073242188,0.5308857560157776,-0.2520885467529297,0,0
34,LEFT_EAR,0.6505312323570251,0.525723397731781,-0.157439187169075,0,0
34,RIGHT_EAR,0.6302912831306458,0.5299087166786194,-0.18951921164989471,0,0
34,MOUTH_LEFT,0.6481632590293884,0.5508590936660767,-0.2189694494009018,0,0
34,MOUTH_RIGHT,0.6425663828849792,0.5515351295471191,-0.22815562784671783,0,0
34,LEFT_SHOULDER,0.666181206703186,0.55266934633255,-0.07537934184074402,0,0
34,RIGHT_SHOULDER,0.612023115158081,0.5900741815567017,-0.1266784965991974,0,0
34,LEFT_ELBOW,0.6983076930046082,0.5973176956176758,-0.020426476374268532,0,0
34,RIGHT_ELBOW,0.6082545518875122,0.6618576645851135,-0.13113442063331604,0,0
34,LEFT_WRIST,0.7326647043228149,0.6371708512306213,-0.08518971502780914,0,0
34,RIGHT_WRIST,0.5868815779685974,0.715265154838562,-0.22961826622486115,0,0
34,LEFT_PINKY,0.7426519393920898,0.6504262685775757,-0.10139849781990051,0,0
34,RIGHT_PINKY,0.5773069858551025,0.7223395705223083,-0.2530674636363983,0,0
34,LEFT_INDEX,0.7432443499565125,0.6521508097648621,-0.12692603468894958,0,0
34,RIGHT_INDEX,0.5755072832107544,0.7184288501739502,-0.2797453999519348,0,0
34,LEFT_THUMB,0.7405321002006531,0.6492841839790344,-0.09722891449928284,0,0
34,RIGHT_THUMB,0.5800910592079163,0.7172827124595642,-0.2427748590707779,0,0
34,LEFT_HIP,0.6801367998123169,0.7093387246131897,0.021107304841279984,0,0
34,RIGHT_HIP,0.6476055383682251,0.7228795886039734,-0.02111484296619892,0,0
34,LEFT_KNEE,0.7008064389228821,0.8035634160041809,0.04443400725722313,0,0
34,RIGHT_KNEE,0.6422552466392517,0.816146731376648,-0.0400565005838871,0,0
34,LEFT_ANKLE,0.6980122923851013,0.8858234286308289,0.19396695494651794,0,0
34,RIGHT_ANKLE,0.6217200756072998,0.8947561979293823,0.0794254019856453,0,0
34,LEFT_HEEL,0.6914079785346985,0.9008967280387878,0.20518915355205536,0,0
34,RIGHT_HEEL,0.6183004975318909,0.899262011051178,0.08917012810707092,0,0
34,LEFT_FOOT_INDEX,0.7250899076461792,0.9181192517280579,0.15451519191265106,0,0
34,RIGHT_FOOT_INDEX,0.6239177584648132,0.9304897785186768,0.02966347150504589,0,0
35,NOSE,0.6464368104934692,0.5445899367332458,-0.23215316236019135,0,0
35,LEFT_EYE_INNER,0.6477137207984924,0.5332021713256836,-0.2223287671804428,0,0
35,LEFT_EYE,0.6490707993507385,0.5320895910263062,-0.22236000001430511,0,0
35,LEFT_EYE_OUTER,0.6505072116851807,0.5306805372238159,-0.22239406406879425,0,0
35,RIGHT_EYE_INNER,0.6423254609107971,0.5341111421585083,-0.2293873131275177,0,0
35,RIGHT_EYE,0.6398061513900757,0.533764123916626,-0.2294129878282547,0,0
35,RIGHT_EYE_OUTER,0.6371356844902039,0.5334383845329285,-0.2293853610754013,0,0
35,LEFT_EAR,0.6502732038497925,0.526756227016449,-0.13538338243961334,0,0
35,RIGHT_EAR,0.6301921606063843,0.5326276421546936,-0.169316366314888,0,0
35,MOUTH_LEFT,0.6481139063835144,0.5515522360801697,-0.19640332460403442,0,0
35,MOUTH_RIGHT,0.642463743686676,0.5528607964515686,-0.20608831942081451,0,0
35,LEFT_SHOULDER,0.6657384634017944,0.5527961850166321,-0.04936109110713005,0,0
35,RIGHT_SHOULDER,0.6150302886962891,0.5906183123588562,-0.11394550651311874,0,0
35,LEFT_ELBOW,0.6960311532020569,0.5961698293685913,0.014699549414217472,0,0
35,RIGHT_ELBOW,0.6185076236724854,0.6651343703269958,-0.12834319472312927,0,0
35,LEFT_WRIST,0.7300833463668823,0.6306638717651367,-0.0396127812564373,0,0
35,RIGHT_WRIST,0.60540771484375,0.7232657670974731,-0.20853759348392487,0,0
35,LEFT_PINKY,0.7405463457107544,0.6425812244415283,-0.05338849127292633,0,0
35,RIGHT_PINKY,0.5952586531639099,0.732246994972229,-0.22959835827350616,0,0
35,LEFT_INDEX,0.7410737872123718,0.6442909836769104,-0.07785255461931229,0,0
35,RIGHT_INDEX,0.5935071110725403,0.7300320267677307,-0.25614723563194275,0,0
35,LEFT_THUMB,0.7376847863197327,0.6412274241447449,-0.05103762075304985,0,0
35,RIGHT_THUMB,0.598084032535553,0.7278353571891785,-0.22113394737243652,0,0
35,LEFT_HIP,0.6821362376213074,0.709307849407196,0.025176379829645157,0,0
35,RIGHT_HIP,0.651268720626831,0.7223390340805054,-0.025183744728565216,0,0
35,LEFT_KNEE,0.7031126618385315,0.8021849393844604,0.050690170377492905,0,0
35,RIGHT_KNEE,0.6463853716850281,0.8123932480812073,-0.06578844040632248,0,0
35,LEFT_ANKLE,0.6992876529693604,0.8831977248191833,0.1971537172794342,0,0
35,RIGHT_ANKLE,0.6220396757125854,0.895954430103302,0.026075461879372597,0,0
35,LEFT_HEEL,0.6918738484382629,0.89894038438797,0.2081339955329895,0,0
35,RIGHT_HEEL,0.6179754734039307,0.9008594751358032,0.03303685039281845,0,0
35,LEFT_FOOT_INDEX,0.7242888808250427,0.9156485795974731,0.15828248858451843,0,0
35,RIGHT_FOOT_INDEX,0.6246092319488525,0.931309700012207,-0.0313815213739872,0,0
36,NOSE,0.646201491355896,0.5459341406822205,-0.2047998160123825,0,0
36,LEFT_EYE_INNER,0.6470826268196106,0.5346421599388123,-0.1952393352985382,0,0
36,LEFT_EYE,0.6483194231987,0.5334296226501465,-0.1952630579471588,0,0
36,LEFT_EYE_OUTER,0.6495839953422546,0.5319742560386658,-0.19530004262924194,0,0
36,RIGHT_EYE_INNER,0.6420062780380249,0.5363257527351379,-0.20403660833835602,0,0
36,RIGHT_EYE,0.63958740234375,0.5363445281982422,-0.20405784249305725,0,0
36,RIGHT_EYE_OUTER,0.6370249390602112,0.5364739894866943,-0.20403215289115906,0,0
36,LEFT_EAR,0.6488903164863586,0.5289338231086731,-0.11221717298030853,0,0
36,RIGHT_EAR,0.6300860047340393,0.536620557308197,-0.15280361473560333,0,0
36,MOUTH_LEFT,0.6478342413902283,0.5527618527412415,-0.17042922973632812,0,0
36,MOUTH_RIGHT,0.6423457264900208,0.5550064444541931,-0.1819887012243271,0,0
36,LEFT_SHOULDER,0.6639910936355591,0.5545803308486938,-0.02009931579232216,0,0
36,RIGHT_SHOULDER,0.6184177398681641,0.5942748188972473,-0.11665913462638855,0,0
36,LEFT_ELBOW,0.6905928254127502,0.5960337519645691,0.050878506153821945,0,0
36,RIGHT_ELBOW,0.6312515139579773,0.6689304709434509,-0.11936631053686142,0,0
36,LEFT_WRIST,0.7253944277763367,0.6254308819770813,-0.0014924720162525773,0,0
36,RIGHT_WRIST,0.6363411545753479,0.7327674627304077,-0.1711769700050354,0,0
36,LEFT_PINKY,0.7358300089836121,0.6354718208312988,-0.012558093294501305,0,0
36,RIGHT_PINKY,0.6360970139503479,0.7504757046699524,-0.1905732899904251,0,0
36,LEFT_INDEX,0.7364851236343384,0.6371527910232544,-0.039741400629282,0,0
36,RIGHT_INDEX,0.6363480687141418,0.7475512623786926,-0.21123851835727692,0,0
36,LEFT_THUMB,0.7328458428382874,0.6341720819473267,-0.014318720437586308,0,0
36,RIGHT_THUMB,0.6375827193260193,0.7415264844894409,-0.17981722950935364,0,0
36,LEFT_HIP,0.6852628588676453,0.7096209526062012,0.032840099185705185,0,0
36,RIGHT_HIP,0.6555092334747314,0.7222987413406372,-0.03280845656991005,0,0
36,LEFT_KNEE,0.7083647847175598,0.8021283745765686,0.003802431980147958,0,0
36,RIGHT_KNEE,0.6491969227790833,0.8120721578598022,-0.0651378259062767,0,0
36,LEFT_ANKLE,0.699454665184021,0.8837383985519409,0.1131838783621788,0,0
36,RIGHT_ANKLE,0.6217546463012695,0.8973187804222107,0.03946473449468613,0,0
36,LEFT_HEEL,0.6918497085571289,0.8995456099510193,0.1208934485912323,0,0
36,RIGHT_HEEL,0.6165800094604492,0.9018530249595642,0.04792078956961632,0,0
36,LEFT_FOOT_INDEX,0.7241976857185364,0.9161500334739685,0.07563941180706024,0,0
36,RIGHT_FOOT_INDEX,0.6249281167984009,0.9323337078094482,-0.0033654666040092707,0,0
37,NOSE,0.646064817905426,0.5473335981369019,-0.2196335792541504,0,0
37,LEFT_EYE_INNER,0.6468221545219421,0.535889208316803,-0.21008925139904022,0,0
37,LEFT_EYE,0.648041307926178,0.5345517992973328,-0.21010525524616241,0,0
37,LEFT_EYE_OUTER,0.6492791771888733,0.5329811573028564,-0.2101408690214157,0,0
37,RIGHT_EYE_INNER,0.6418201327323914,0.537847638130188,-0.21900911629199982,0,0
37,RIGHT_EYE,0.6394224762916565,0.5379630327224731,-0.21903826296329498,0,0
37,RIGHT_EYE_OUTER,0.6368676424026489,0.5381080508232117,-0.21902264654636383,0,0
37,LEFT_EAR,0.6486445069313049,0.5297010540962219,-0.12464140355587006,0,0
37,RIGHT_EAR,0.629867672920227,0.5382804870605469,-0.16603246331214905,0,0
37,MOUTH_LEFT,0.6477251052856445,0.5539167523384094,-0.1841372847557068,0,0
37,MOUTH_RIGHT,0.6423024535179138,0.556525707244873,-0.19591283798217773,0,0
37,LEFT_SHOULDER,0.6634572744369507,0.5548074841499329,-0.02722567692399025,0,0
37,RIGHT_SHOULDER,0.618726372718811,0.5956252813339233,-0.11964300274848938,0,0
37,LEFT_ELBOW,0.6896971464157104,0.5966399312019348,0.04744398593902588,0,0
37,RIGHT_ELBOW,0.6314170956611633,0.6703637838363647,-0.1191771999001503,0,0
37,LEFT_WRIST,0.7252392172813416,0.6257467269897461,-0.005486833862960339,0,0
37,RIGHT_WRIST,0.634730875492096,0.7374767661094666,-0.17055514454841614,0,0
37,LEFT_PINKY,0.7355024814605713,0.6362894177436829,-0.015906333923339844,0,0
37,RIGHT_PINKY,0.6327711343765259,0.7557040452957153,-0.18956845998764038,0,0
37,LEFT_INDEX,0.7362026572227478,0.6380212306976318,-0.04432294890284538,0,0
37,RIGHT_INDEX,0.6323534846305847,0.7532682418823242,-0.21114277839660645,0,0
37,LEFT_THUMB,0.7326500415802002,0.6348494291305542,-0.018848178908228874,0,0
37,RIGHT_THUMB,0.6341084837913513,0.7473199367523193,-0.17944905161857605,0,0
37,LEFT_HIP,0.6861461997032166,0.7094924449920654,0.034067071974277496,0,0
37,RIGHT_HIP,0.6565325856208801,0.721221387386322,-0.034034863114356995,0,0
37,LEFT_KNEE,0.70968097448349,0.8020070195198059,-0.01480759959667921,0,0
37,RIGHT_KNEE,0.6501691937446594,0.8111689686775208,-0.049632392823696136,0,0
37,LEFT_ANKLE,0.6997047066688538,0.8841394782066345,0.09042701870203018,0,0
37,RIGHT_ANKLE,0.6216701865196228,0.8972232341766357,0.06656257063150406,0,0
37,LEFT_HEEL,0.691864013671875,0.8998005390167236,0.09765717387199402,0,0
37,RIGHT_HEEL,0.6148875951766968,0.9017424583435059,0.07586078345775604,0,0
37,LEFT_FOOT_INDEX,0.7240856289863586,0.9167501330375671,0.04799448326230049,0,0
37,RIGHT_FOOT_INDEX,0.6250718832015991,0.9330792427062988,0.022996675223112106,0,0
38,NOSE,0.64610356092453,0.5492543578147888,-0.1862817257642746,0,0
38,LEFT_EYE_INNER,0.6467664241790771,0.5377887487411499,-0.17722870409488678,0,0
38,LEFT_EYE,0.6479352712631226,0.536392092704773,-0.17722629010677338,0,0
38,LEFT_EYE_OUTER,0.6490894556045532,0.5348041653633118,-0.17724817991256714,0,0
38,RIGHT_EYE_INNER,0.641857922077179,0.5402606725692749,-0.18823124468326569,0,0
38,RIGHT_EYE,0.6394644379615784,0.5405905246734619,-0.18824760615825653,0,0
38,RIGHT_EYE_OUTER,0.6369086503982544,0.5409504771232605,-0.18823865056037903,0,0
38,LEFT_EAR,0.6476132869720459,0.5325629115104675,-0.10211582481861115,0,0
38,RIGHT_EAR,0.6298686861991882,0.5418410301208496,-0.15276475250720978,0,0
38,MOUTH_LEFT,0.6477535963058472,0.5559049844741821,-0.15504488348960876,0,0
38,MOUTH_RIGHT,0.6423304080963135,0.5586430430412292,-0.16958002746105194,0,0
38,LEFT_SHOULDER,0.6614192128181458,0.5604901909828186,-0.011979923583567142,0,0
38,RIGHT_SHOULDER,0.6208130717277527,0.6002700328826904,-0.13427771627902985,0,0
38,LEFT_ELBOW,0.6861701607704163,0.5976092219352722,0.07621657103300095,0,0
38,RIGHT_ELBOW,0.6398594975471497,0.6759529113769531,-0.14880803227424622,0,0
38,LEFT_WRIST,0.7208954095840454,0.6243752837181091,0.06154581531882286,0,0
38,RIGHT_WRIST,0.6622423529624939,0.7408701777458191,-0.17349651455879211,0,0
38,LEFT_PINKY,0.7300424575805664,0.6321969032287598,0.058323025703430176,0,0
38,RIGHT_PINKY,0.6667492389678955,0.7622609734535217,-0.19306309521198273,0,0
38,LEFT_INDEX,0.7306642532348633,0.6335028409957886,0.03420710191130638,0,0
38,RIGHT_INDEX,0.6747797727584839,0.757127583026886,-0.212198868393898,0,0
38,LEFT_THUMB,0.7274460196495056,0.63131183385849,0.05121366307139397,0,0
38,RIGHT_THUMB,0.6739223003387451,0.7491765022277832,-0.18406270444393158,0,0
38,LEFT_HIP,0.6863847970962524,0.7149665355682373,0.037064846605062485,0,0
38,RIGHT_HIP,0.6574522256851196,0.729172945022583,-0.0370589904487133,0,0
38,LEFT_KNEE,0.7123746275901794,0.8019331097602844,-0.010733111761510372,0,0
38,RIGHT_KNEE,0.6503615975379944,0.8199025988578796,0.005846240557730198,0,0
38,LEFT_ANKLE,0.7009648680686951,0.8845253586769104,0.1317063868045807,0,0
38,RIGHT_ANKLE,0.6216739416122437,0.897174060344696,0.13977427780628204,0,0
38,LEFT_HEEL,0.6922755837440491,0.9001622796058655,0.14030350744724274,0,0
38,RIGHT_HEEL,0.6135798096656799,0.9012816548347473,0.15152516961097717,0,0
38,LEFT_FOOT_INDEX,0.7240774631500244,0.917081892490387,0.09630388766527176,0,0
38,RIGHT_FOOT_INDEX,0.6251516342163086,0.9330253601074219,0.10732145607471466,0,0
39,NOSE,0.6468261480331421,0.5507153272628784,-0.2122725546360016,0,0
39,LEFT_EYE_INNER,0.6467847228050232,0.539100170135498,-0.20500263571739197,0,0
39,LEFT_EYE,0.6478089094161987,0.5377923846244812,-0.20502153038978577,0,0
39,LEFT_EYE_OUTER,0.6487074494361877,0.5364314317703247,-0.20504815876483917,0,0
39,RIGHT_EYE_INNER,0.6419761180877686,0.5419769287109375,-0.20201052725315094,0,0
39,RIGHT_EYE,0.63965904712677,0.5427299737930298,-0.20203322172164917,0,0
39,RIGHT_EYE_OUTER,0.637231171131134,0.5434906482696533,-0.20174065232276917,0,0
39,LEFT_EAR,0.6452864408493042,0.5368919968605042,-0.12234064936637878,0,0
39,RIGHT_EAR,0.6299930810928345,0.5464829206466675,-0.1947074979543686,0,0
39,MOUTH_LEFT,0.6480251550674438,0.5577806830406189,-0.1765664666891098,0,0
39,MOUTH_RIGHT,0.6431976556777954,0.5610528588294983,-0.19286710023880005,0,0
39,LEFT_SHOULDER,0.6582298874855042,0.5687553882598877,-0.033854950219392776,0,0
39,RIGHT_SHOULDER,0.6241559982299805,0.6123160123825073,-0.1965247243642807,0,0
39,LEFT_ELBOW,0.6816958785057068,0.6014440059661865,0.08098653703927994,0,0
39,RIGHT_ELBOW,0.6521921753883362,0.6826275587081909,-0.22893433272838593,0,0
39,LEFT_WRIST,0.7149859070777893,0.6178504824638367,0.10621342808008194,0,0
39,RIGHT_WRIST,0.6874462962150574,0.7360958456993103,-0.25705939531326294,0,0
39,LEFT_PINKY,0.723993718624115,0.624786913394928,0.11203344911336899,0,0
39,RIGHT_PINKY,0.6970986127853394,0.7521734237670898,-0.280607670545578,0,0
39,LEFT_INDEX,0.7243852019309998,0.6258227229118347,0.08990590274333954,0,0
39,RIGHT_INDEX,0.7006005644798279,0.7467836737632751,-0.286629319190979,0,0
39,LEFT_THUMB,0.7213858366012573,0.624752402305603,0.09804224222898483,0,0
39,RIGHT_THUMB,0.6972719430923462,0.7402971386909485,-0.25863686203956604,0,0
39,LEFT_HIP,0.6852930784225464,0.7224211692810059,0.03499869629740715,0,0
39,RIGHT_HIP,0.6578140258789062,0.7389577031135559,-0.03503016382455826,0,0
39,LEFT_KNEE,0.7140191793441772,0.8035471439361572,-0.023091528564691544,0,0
39,RIGHT_KNEE,0.6520386338233948,0.8284450173377991,0.03818069025874138,0,0
39,LEFT_ANKLE,0.7011740207672119,0.8883547782897949,0.08195669949054718,0,0
39,RIGHT_ANKLE,0.6213355660438538,0.8970932364463806,0.22286109626293182,0,0
39,LEFT_HEEL,0.6922743916511536,0.9024139642715454,0.09029405564069748,0,0
39,RIGHT_HEEL,0.6119241118431091,0.9012318253517151,0.23972395062446594,0,0
39,LEFT_FOOT_INDEX,0.7242165207862854,0.918394923210144,0.03870667889714241,0,0
39,RIGHT_FOOT_INDEX,0.6264480352401733,0.9332252740859985,0.19864922761917114,0,0
40,NOSE,0.6481238007545471,0.5532025098800659,-0.22099865972995758,0,0
40,LEFT_EYE_INNER,0.6468051075935364,0.5421421527862549,-0.21157535910606384,0,0
40,LEFT_EYE,0.6477267146110535,0.5412247776985168,-0.2115810662508011,0,0
40,LEFT_EYE_OUTER,0.6482176184654236,0.5403218865394592,-0.2116219401359558,0,0
40,RIGHT_EYE_INNER,0.6430893540382385,0.5448041558265686,-0.21037811040878296,0,0
40,RIGHT_EYE,0.6411569714546204,0.5457473397254944,-0.21035954356193542,0,0
40,RIGHT_EYE_OUTER,0.6390656232833862,0.5468105673789978,-0.2099590301513672,0,0
40,LEFT_EAR,0.642396867275238,0.5438370108604431,-0.1316419243812561,0,0
40,RIGHT_EAR,0.631332516670227,0.5520728826522827,-0.20811602473258972,0,0
40,MOUTH_LEFT,0.648175835609436,0.5617753267288208,-0.18630927801132202,0,0
40,MOUTH_RIGHT,0.6447262167930603,0.5644103288650513,-0.2073197215795517,0,0
40,LEFT_SHOULDER,0.6519798636436462,0.5781144499778748,-0.03725515305995941,0,0
40,RIGHT_SHOULDER,0.62843918800354,0.6246756315231323,-0.20846113562583923,0,0
40,LEFT_ELBOW,0.6764610409736633,0.6067575812339783,0.08770737797021866,0,0
40,RIGHT_ELBOW,0.6670543551445007,0.6801609992980957,-0.23796477913856506,0,0
40,LEFT_WRIST,0.7120438814163208,0.6144422888755798,0.12880419194698334,0,0
40,RIGHT_WRIST,0.7050884366035461,0.7339878678321838,-0.26001664996147156,0,0
40,LEFT_PINKY,0.7188642621040344,0.6192020177841187,0.1397656351327896,0,0
40,RIGHT_PINKY,0.7196698784828186,0.7474616765975952,-0.2836036682128906,0,0
40,LEFT_INDEX,0.7197897434234619,0.620048463344574,0.11615493148565292,0,0
40,RIGHT_INDEX,0.7223020792007446,0.7416520118713379,-0.2872200906276703,0,0
40,LEFT_THUMB,0.7170407772064209,0.619917631149292,0.12042788416147232,0,0
40,RIGHT_THUMB,0.7170354723930359,0.7149731516838074,-0.26067253947257996,0,0
40,LEFT_HIP,0.6846634745597839,0.7230510711669922,0.03429645672440529,0,0
40,RIGHT_HIP,0.6590206623077393,0.7435514330863953,-0.03435985743999481,0,0
40,LEFT_KNEE,0.7154369354248047,0.8036070466041565,-0.061337750405073166,0,0
40,RIGHT_KNEE,0.6544632315635681,0.8385835886001587,0.010947245173156261,0,0
40,LEFT_ANKLE,0.7010815143585205,0.890726625919342,0.04946334660053253,0,0
40,RIGHT_ANKLE,0.6213303208351135,0.8971127271652222,0.20345158874988556,0,0
40,LEFT_HEEL,0.6922695636749268,0.9039791822433472,0.05835096165537834,0,0
40,RIGHT_HEEL,0.612172544002533,0.9009093642234802,0.22109009325504303,0,0
40,LEFT_FOOT_INDEX,0.7241981625556946,0.9184409976005554,0.0012698333011940122,0,0
40,RIGHT_FOOT_INDEX,0.6271346807479858,0.934155285358429,0.18163588643074036,0,0
41,NOSE,0.6491965651512146,0.5530728697776794,-0.22272610664367676,0,0
41,LEFT_EYE_INNER,0.6469691395759583,0.5421628952026367,-0.21156635880470276,0,0
41,LEFT_EYE,0.6477640867233276,0.5412992238998413,-0.21156428754329681,0,0
41,LEFT_EYE_OUTER,0.6481336355209351,0.5404987335205078,-0.21160918474197388,0,0
41,RIGHT_EYE_INNER,0.644399881362915,0.5445289611816406,-0.2198876291513443,0,0
41,RIGHT_EYE,0.6427854895591736,0.5453857779502869,-0.2198914736509323,0,0
41,RIGHT_EYE_OUTER,0.6409888863563538,0.5464016199111938,-0.21968717873096466,0,0
41,LEFT_EAR,0.641958475112915,0.54457026720047,-0.13394707441329956,0,0
41,RIGHT_EAR,0.6330758929252625,0.5526178479194641,-0.20578408241271973,0,0
41,MOUTH_LEFT,0.6485375165939331,0.5625913143157959,-0.1901721954345703,0,0
41,MOUTH_RIGHT,0.6459214091300964,0.5650661587715149,-0.20975978672504425,0,0
41,LEFT_SHOULDER,0.650875449180603,0.5815020799636841,-0.03914520889520645,0,0
41,RIGHT_SHOULDER,0.6296408772468567,0.6265668272972107,-0.2052680402994156,0,0
41,LEFT_ELBOW,0.6759962439537048,0.6096407175064087,0.08095299452543259,0,0
41,RIGHT_ELBOW,0.6666856408119202,0.6800747513771057,-0.23523078858852386,0,0
41,LEFT_WRIST,0.7107395529747009,0.6151299476623535,0.11703673005104065,0,0
41,RIGHT_WRIST,0.7057086825370789,0.7337948083877563,-0.2579236924648285,0,0
41,LEFT_PINKY,0.7174440622329712,0.6196621656417847,0.12616665661334991,0,0
41,RIGHT_PINKY,0.7194512486457825,0.7436332702636719,-0.28145667910575867,0,0
41,LEFT_INDEX,0.7178113460540771,0.6209178566932678,0.1036110445857048,0,0
41,RIGHT_INDEX,0.7205832004547119,0.7375646233558655,-0.2853986322879791,0,0
41,LEFT_THUMB,0.7154595255851746,0.6208007335662842,0.10891175270080566,0,0
41,RIGHT_THUMB,0.7141684293746948,0.7157788276672363,-0.2587176561355591,0,0
41,LEFT_HIP,0.6842788457870483,0.7232875227928162,0.033179063349962234,0,0
41,RIGHT_HIP,0.6595631837844849,0.7441887259483337,-0.03323014825582504,0,0
41,LEFT_KNEE,0.7154666781425476,0.8036914467811584,-0.04996049776673317,0,0
41,RIGHT_KNEE,0.6547225713729858,0.8392899036407471,0.015844807028770447,0,0
41,LEFT_ANKLE,0.7010664343833923,0.892064094543457,0.05881328880786896,0,0
41,RIGHT_ANKLE,0.6215037107467651,0.8965756893157959,0.20704735815525055,0,0
41,LEFT_HEEL,0.6922656893730164,0.9044486880302429,0.06720029562711716,0,0
41,RIGHT_HEEL,0.6120072603225708,0.9003430008888245,0.22402000427246094,0,0
41,LEFT_FOOT_INDEX,0.7241013646125793,0.9191758036613464,0.009099350310862064,0,0
41,RIGHT_FOOT_INDEX,0.6272919178009033,0.9341587424278259,0.18228848278522491,0,0
42,NOSE,0.650050699710846,0.5559743642807007,-0.17094507813453674,0,0
42,LEFT_EYE_INNER,0.6472336053848267,0.5462804436683655,-0.15844303369522095,0,0
42,LEFT_EYE,0.6477924585342407,0.5458019375801086,-0.15844275057315826,0,0
42,LEFT_EYE_OUTER,0.6480960249900818,0.5453466176986694,-0.15847450494766235,0,0
42,RIGHT_EYE_INNER,0.6454750299453735,0.5478814840316772,-0.17590495944023132,0,0
42,RIGHT_EYE,0.6442031860351562,0.5486103296279907,-0.1759374588727951,0,0
42,RIGHT_EYE_OUTER,0.6427116394042969,0.5495584607124329,-0.17597651481628418,0,0
42,LEFT_EAR,0.6416202187538147,0.5508227348327637,-0.08506740629673004,0,0
42,RIGHT_EAR,0.63507080078125,0.556471049785614,-0.16563712060451508,0,0
42,MOUTH_LEFT,0.6492128968238831,0.5665397644042969,-0.1414712816476822,0,0
42,MOUTH_RIGHT,0.6472600698471069,0.5681470632553101,-0.16456666588783264,0,0
42,LEFT_SHOULDER,0.6514253616333008,0.5945029258728027,-0.0018402129644528031,0,0
42,RIGHT_SHOULDER,0.6308179497718811,0.6222928166389465,-0.18225742876529694,0,0
42,LEFT_ELBOW,0.6727429628372192,0.6251345276832581,0.057786647230386734,0,0
42,RIGHT_ELBOW,0.6661413908004761,0.6786333322525024,-0.21416229009628296,0,0
42,LEFT_WRIST,0.7018335461616516,0.6159613728523254,0.014923681505024433,0,0
42,RIGHT_WRIST,0.7083384394645691,0.7050415873527527,-0.23474553227424622,0,0
42,LEFT_PINKY,0.7052364349365234,0.6161931753158569,0.010089165531098843,0,0
42,RIGHT_PINKY,0.7224895358085632,0.7137238383293152,-0.256559282541275,0,0
42,LEFT_INDEX,0.7063131928443909,0.6164150238037109,0.0010803985642269254,0,0
42,RIGHT_INDEX,0.725909411907196,0.7069236040115356,-0.26220184564590454,0,0
42,LEFT_THUMB,0.7043326497077942,0.6170433759689331,0.008231773041188717,0,0
42,RIGHT_THUMB,0.723137617111206,0.691429078578949,-0.24785926938056946,0,0
42,LEFT_HIP,0.6846550107002258,0.7289053797721863,0.03563084453344345,0,0
42,RIGHT_HIP,0.6616041660308838,0.746989369392395,-0.035628579556941986,0,0
42,LEFT_KNEE,0.7178513407707214,0.8046509623527527,-0.05679146572947502,0,0
42,RIGHT_KNEE,0.6580715179443359,0.8436980247497559,0.007029451429843903,0,0
42,LEFT_ANKLE,0.7015061974525452,0.8920409679412842,0.05452029034495354,0,0
42,RIGHT_ANKLE,0.6218941807746887,0.8965528607368469,0.20338472723960876,0,0
42,LEFT_HEEL,0.6923109292984009,0.9044519662857056,0.06405148655176163,0,0
42,RIGHT_HEEL,0.6118189096450806,0.8998749256134033,0.22211211919784546,0,0
42,LEFT_FOOT_INDEX,0.7241793274879456,0.9192041158676147,0.012642104178667068,0,0
42,RIGHT_FOOT_INDEX,0.6278197169303894,0.9341321587562561,0.18918657302856445,0,0
43,NOSE,0.6503425240516663,0.5571749210357666,-0.1579979509115219,0,0
43,LEFT_EYE_INNER,0.6472396850585938,0.5481148958206177,-0.14547516405582428,0,0
43,LEFT_EYE,0.6477209329605103,0.5476301908493042,-0.14547568559646606,0,0
43,LEFT_EYE_OUTER,0.6477478742599487,0.5471588969230652,-0.14550432562828064,0,0
43,RIGHT_EYE_INNER,0.6458348631858826,0.5496583580970764,-0.1625424176454544,0,0
43,RIGHT_EYE,0.644659698009491,0.5502895712852478,-0.16256767511367798,0,0
43,RIGHT_EYE_OUTER,0.6433022022247314,0.5510916709899902,-0.16261214017868042,0,0
43,LEFT_EAR,0.640635073184967,0.552987277507782,-0.07294943928718567,0,0
43,RIGHT_EAR,0.6356503367424011,0.5580471754074097,-0.14961844682693481,0,0
43,MOUTH_LEFT,0.6494756937026978,0.5684811472892761,-0.12898387014865875,0,0
43,MOUTH_RIGHT,0.6478022933006287,0.570183515548706,-0.15115801990032196,0,0
43,LEFT_SHOULDER,0.6502551436424255,0.5970082879066467,0.00853457860648632,0,0
43,RIGHT_SHOULDER,0.6313936114311218,0.6201599836349487,-0.17242076992988586,0,0
43,LEFT_ELBOW,0.6716592907905579,0.6238791942596436,0.05512412264943123,0,0
43,RIGHT_ELBOW,0.667927622795105,0.676848292350769,-0.2026422768831253,0,0
43,LEFT_WRIST,0.698576033115387,0.6146606802940369,0.015929482877254486,0,0
43,RIGHT_WRIST,0.7077051997184753,0.7003109455108643,-0.21913562715053558,0,0
43,LEFT_PINKY,0.7018314599990845,0.6147243976593018,0.011452237144112587,0,0
43,RIGHT_PINKY,0.7224618792533875,0.708575427532196,-0.23896953463554382,0,0
43,LEFT_INDEX,0.7028096914291382,0.6142519116401672,0.0031176868360489607,0,0
43,RIGHT_INDEX,0.7250518202781677,0.7024549841880798,-0.2354927659034729,0,0
43,LEFT_THUMB,0.7015988230705261,0.6145588755607605,0.01042635552585125,0,0
43,RIGHT_THUMB,0.7228536605834961,0.6894684433937073,-0.21786125004291534,0,0
43,LEFT_HIP,0.684672474861145,0.7311716675758362,0.03579166159033775,0,0
43,RIGHT_HIP,0.6623663306236267,0.7474232912063599,-0.0357779935002327,0,0
43,LEFT_KNEE,0.718030571937561,0.8051137924194336,-0.06148369610309601,0,0
43,RIGHT_KNEE,0.6584562659263611,0.8452126979827881,0.004682959523051977,0,0
43,LEFT_ANKLE,0.7016318440437317,0.8921157121658325,0.04518691077828407,0,0
43,RIGHT_ANKLE,0.6220571398735046,0.8961842060089111,0.1925359070301056,0,0
43,LEFT_HEEL,0.6923134922981262,0.9046369194984436,0.05411232262849808,0,0
43,RIGHT_HEEL,0.6117109060287476,0.8998058438301086,0.20989112555980682,0,0
43,LEFT_FOOT_INDEX,0.7241595387458801,0.9192419648170471,0.00248278328217566,0,0
43,RIGHT_FOOT_INDEX,0.6282803416252136,0.9341138005256653,0.17547942698001862,0,0
44,NOSE,0.6502432227134705,0.5575315952301025,-0.1398143321275711,0,0
44,LEFT_EYE_INNER,0.6469399333000183,0.5492852926254272,-0.12913778424263,0,0
44,LEFT_EYE,0.6468754410743713,0.5488469004631042,-0.12915803492069244,0,0
44,LEFT_EYE_OUTER,0.6463983654975891,0.5483893156051636,-0.1292063593864441,0,0
44,RIGHT_EYE_INNER,0.6457512378692627,0.5505722761154175,-0.148084819316864,0,0
44,RIGHT_EYE,0.6445890665054321,0.5510634183883667,-0.1481264978647232,0,0
44,RIGHT_EYE_OUTER,0.6433015465736389,0.5516717433929443,-0.14818382263183594,0,0
44,LEFT_EAR,0.6390206813812256,0.5552709102630615,-0.06659474968910217,0,0
44,RIGHT_EAR,0.6359630227088928,0.5594226121902466,-0.151359423995018,0,0
44,MOUTH_LEFT,0.6494042277336121,0.5686096549034119,-0.11446826159954071,0,0
44,MOUTH_RIGHT,0.6477614045143127,0.5700373649597168,-0.13919393718242645,0,0
44,LEFT_SHOULDER,0.6463698148727417,0.6015953421592712,0.013540958054363728,0,0
44,RIGHT_SHOULDER,0.6337489485740662,0.6201401948928833,-0.1748618334531784,0,0
44,LEFT_ELBOW,0.6679599285125732,0.6426336169242859,0.08264797180891037,0,0
44,RIGHT_ELBOW,0.6728159189224243,0.6751195192337036,-0.2032075971364975,0,0
44,LEFT_WRIST,0.6846350431442261,0.6286904811859131,0.07488107681274414,0,0
44,RIGHT_WRIST,0.7194739580154419,0.682360827922821,-0.21345263719558716,0,0
44,LEFT_PINKY,0.6882191896438599,0.6249591112136841,0.0766829252243042,0,0
44,RIGHT_PINKY,0.7298697829246521,0.689106285572052,-0.23583203554153442,0,0
44,LEFT_INDEX,0.6864492893218994,0.6165174245834351,0.05999656021595001,0,0
44,RIGHT_INDEX,0.7318481802940369,0.6813580989837646,-0.23053772747516632,0,0
44,LEFT_THUMB,0.6856364011764526,0.6179788708686829,0.06723476946353912,0,0
44,RIGHT_THUMB,0.7283626198768616,0.6785512566566467,-0.2104855179786682,0,0
44,LEFT_HIP,0.6843580603599548,0.732528567314148,0.04455896094441414,0,0
44,RIGHT_HIP,0.6618976593017578,0.7484462261199951,-0.04453025385737419,0,0
44,LEFT_KNEE,0.7193190455436707,0.8052244186401367,-0.04214382916688919,0,0
44,RIGHT_KNEE,0.6610655188560486,0.847969114780426,-0.013677777722477913,0,0
44,LEFT_ANKLE,0.7022973895072937,0.8921457529067993,0.06927599757909775,0,0
44,RIGHT_ANKLE,0.6222385168075562,0.8961709141731262,0.18137356638908386,0,0
44,LEFT_HEEL,0.6922982931137085,0.9049497842788696,0.07821135222911835,0,0
44,RIGHT_HEEL,0.611810564994812,0.8994946479797363,0.19948403537273407,0,0
44,LEFT_FOOT_INDEX,0.7244265079498291,0.9193062782287598,0.03108377940952778,0,0
44,RIGHT_FOOT_INDEX,0.6283203363418579,0.9341017007827759,0.17438779771327972,0,0
45,NOSE,0.6501614451408386,0.5585773587226868,-0.10607287287712097,0,0
45,LEFT_EYE_INNER,0.6468302011489868,0.5506656765937805,-0.09682852774858475,0,0
45,LEFT_EYE,0.6465883255004883,0.5502777099609375,-0.09685168415307999,0,0
45,LEFT_EYE_OUTER,0.6460263133049011,0.5498784184455872,-0.09688356518745422,0,0
45,RIGHT_EYE_INNER,0.6456921696662903,0.5517091155052185,-0.1153065636754036,0,0
45,RIGHT_EYE,0.6445150375366211,0.5520846247673035,-0.11535187810659409,0,0
45,RIGHT_EYE_OUTER,0.643235981464386,0.5525311231613159,-0.11539732664823532,0,0
45,LEFT_EAR,0.6387522220611572,0.5568200945854187,-0.04340101405978203,0,0
45,RIGHT_EAR,0.6360285878181458,0.5603088736534119,-0.12695913016796112,0,0
45,MOUTH_LEFT,0.6493529677391052,0.5694970488548279,-0.08424314111471176,0,0
45,MOUTH_RIGHT,0.6476946473121643,0.5704859495162964,-0.10839737951755524,0,0
45,LEFT_SHOULDER,0.6472787857055664,0.6052096486091614,0.02213931642472744,0,0
45,RIGHT_SHOULDER,0.6325147151947021,0.6210169196128845,-0.1610129475593567,0,0
45,LEFT_ELBOW,0.6699399352073669,0.6620602011680603,0.06511474400758743,0,0
45,RIGHT_ELBOW,0.6724863648414612,0.6711331009864807,-0.17821115255355835,0,0
45,LEFT_WRIST,0.6944143176078796,0.6901326775550842,0.044043827801942825,0,0
45,RIGHT_WRIST,0.7165555357933044,0.6644352078437805,-0.15999840199947357,0,0
45,LEFT_PINKY,0.7003839015960693,0.6981790065765381,0.03852468356490135,0,0
45,RIGHT_PINKY,0.7258570790290833,0.6689497232437134,-0.1798989623785019,0,0
45,LEFT_INDEX,0.7000591158866882,0.6938296556472778,0.026108242571353912,0,0
45,RIGHT_INDEX,0.7275682091712952,0.6617640256881714,-0.17547932267189026,0,0
45,LEFT_THUMB,0.6976974606513977,0.6916833519935608,0.03529107943177223,0,0
45,RIGHT_THUMB,0.7236564755439758,0.6572721004486084,-0.157291442155838,0,0
45,LEFT_HIP,0.6852341890335083,0.7344973087310791,0.04492072016000748,0,0
45,RIGHT_HIP,0.6623566150665283,0.7503976821899414,-0.044894929975271225,0,0
45,LEFT_KNEE,0.7203162908554077,0.8055548071861267,-0.04199090227484703,0,0
45,RIGHT_KNEE,0.664145290851593,0.8507179617881775,-0.026883644983172417,0,0
45,LEFT_ANKLE,0.7025122046470642,0.8921025991439819,0.05645521357655525,0,0
45,RIGHT_ANKLE,0.622209370136261,0.8961961269378662,0.17989970743656158,0,0
45,LEFT_HEEL,0.6923584342002869,0.9049485921859741,0.06541531533002853,0,0
45,RIGHT_HEEL,0.6116381287574768,0.8993281722068787,0.1932789832353592,0,0
45,LEFT_FOOT_INDEX,0.7244067788124084,0.9193533658981323,0.028331775218248367,0,0
45,RIGHT_FOOT_INDEX,0.6282510757446289,0.9341269731521606,0.17366643249988556,0,0
46,NOSE,0.650010347366333,0.559435248374939,-0.07736441493034363,0,0
46,LEFT_EYE_INNER,0.6465131044387817,0.5516533255577087,-0.06975739449262619,0,0
46,LEFT_EYE,0.6460431218147278,0.5513795614242554,-0.0697869062423706,0,0
46,LEFT_EYE_OUTER,0.645315408706665,0.5511022210121155,-0.06982097029685974,0,0
46,RIGHT_EYE_INNER,0.6456360220909119,0.5523458123207092,-0.08990636467933655,0,0
46,RIGHT_EYE,0.6444398164749146,0.5525773167610168,-0.08993906527757645,0,0
46,RIGHT_EYE_OUTER,0.6431952118873596,0.552839994430542,-0.08998560905456543,0,0
46,LEFT_EAR,0.6372573971748352,0.5577554106712341,-0.025216588750481606,0,0
46,RIGHT_EAR,0.635956883430481,0.5600269436836243,-0.1162467673420906,0,0
46,MOUTH_LEFT,0.6486199498176575,0.5700655579566956,-0.05859364941716194,0,0
46,MOUTH_RIGHT,0.6476510763168335,0.5705569386482239,-0.0849839597940445,0,0
46,LEFT_SHOULDER,0.6445730924606323,0.6065052151679993,0.032668374478816986,0,0
46,RIGHT_SHOULDER,0.6314222812652588,0.621268630027771,-0.15182280540466309,0,0
46,LEFT_ELBOW,0.6685354113578796,0.659910261631012,0.06924079358577728,0,0
46,RIGHT_ELBOW,0.6705270409584045,0.6660417318344116,-0.17210844159126282,0,0
46,LEFT_WRIST,0.6952371597290039,0.6985489726066589,0.03863726556301117,0,0
46,RIGHT_WRIST,0.7108104228973389,0.6498968005180359,-0.16419543325901031,0,0
46,LEFT_PINKY,0.7018752694129944,0.7085466980934143,0.034330692142248154,0,0
46,RIGHT_PINKY,0.7197917699813843,0.6521263122558594,-0.18544946610927582,0,0
46,LEFT_INDEX,0.7008951306343079,0.704919159412384,0.017823541536927223,0,0
46,RIGHT_INDEX,0.7202233672142029,0.6454733610153198,-0.1809452474117279,0,0
46,LEFT_THUMB,0.6981260180473328,0.7021632790565491,0.02981216460466385,0,0
46,RIGHT_THUMB,0.7176035642623901,0.6440547704696655,-0.16153652966022491,0,0
46,LEFT_HIP,0.6850602030754089,0.7344876527786255,0.04642711207270622,0,0
46,RIGHT_HIP,0.6624956130981445,0.750321090221405,-0.046383630484342575,0,0
46,LEFT_KNEE,0.7203192114830017,0.8052703142166138,-0.022114871069788933,0,0
46,RIGHT_KNEE,0.664871335029602,0.8517119884490967,-0.02254423499107361,0,0
46,LEFT_ANKLE,0.7025880813598633,0.8920744061470032,0.06745914369821548,0,0
46,RIGHT_ANKLE,0.6221263408660889,0.8961910009384155,0.16869376599788666,0,0
46,LEFT_HEEL,0.6924496293067932,0.9050581455230713,0.07556198537349701,0,0
46,RIGHT_HEEL,0.6114062070846558,0.8993121385574341,0.1865091472864151,0,0
46,LEFT_FOOT_INDEX,0.7244351506233215,0.9193951487541199,0.03202641382813454,0,0
46,RIGHT_FOOT_INDEX,0.6282034516334534,0.933750331401825,0.16817112267017365,0,0
47,NOSE,0.6499659419059753,0.5611138939857483,-0.052596334367990494,0,0
47,LEFT_EYE_INNER,0.6463240385055542,0.5532494783401489,-0.04447030648589134,0,0
47,LEFT_EYE,0.6457270979881287,0.5530446171760559,-0.044511158019304276,0,0
47,LEFT_EYE_OUTER,0.644899308681488,0.5528501272201538,-0.04454170539975166,0,0
47,RIGHT_EYE_INNER,0.6456204056739807,0.5536947846412659,-0.0651344507932663,0,0
47,RIGHT_EYE,0.6445394158363342,0.5538294315338135,-0.06515612453222275,0,0
47,RIGHT_EYE_OUTER,0.6434469223022461,0.5539941191673279,-0.06519810110330582,0,0
47,LEFT_EAR,0.6367104053497314,0.5596916079521179,-0.0006279805675148964,0,0
47,RIGHT_EAR,0.6362000703811646,0.5611500144004822,-0.0941527932882309,0,0
47,MOUTH_LEFT,0.64830482006073,0.5717872381210327,-0.03444497659802437,0,0
47,MOUTH_RIGHT,0.6475346684455872,0.571826696395874,-0.06150714308023453,0,0
47,LEFT_SHOULDER,0.6425503492355347,0.6082883477210999,0.053841330111026764,0,0
47,RIGHT_SHOULDER,0.6309635043144226,0.6216963529586792,-0.13304945826530457,0,0
47,LEFT_ELBOW,0.6694215536117554,0.6563910245895386,0.08672699332237244,0,0
47,RIGHT_ELBOW,0.6681732535362244,0.6612130403518677,-0.15279698371887207,0,0
47,LEFT_WRIST,0.6973803043365479,0.6806803345680237,0.045295972377061844,0,0
47,RIGHT_WRIST,0.7049878239631653,0.6438287496566772,-0.13898047804832458,0,0
47,LEFT_PINKY,0.7036644220352173,0.6795778274536133,0.04068877920508385,0,0
47,RIGHT_PINKY,0.7133498787879944,0.6451995372772217,-0.1578877717256546,0,0
47,LEFT_INDEX,0.701026976108551,0.6635349988937378,0.02289285697042942,0,0
47,RIGHT_INDEX,0.7128723859786987,0.6380718946456909,-0.15275220572948456,0,0
47,LEFT_THUMB,0.6998184323310852,0.6633557081222534,0.035775668919086456,0,0
47,RIGHT_THUMB,0.7105538845062256,0.6371083855628967,-0.13588662445545197,0,0
47,LEFT_HIP,0.6850350499153137,0.7358965873718262,0.04760926589369774,0,0
47,RIGHT_HIP,0.6622026562690735,0.7509937286376953,-0.047536466270685196,0,0
47,LEFT_KNEE,0.7196817398071289,0.8047173619270325,-0.022556331008672714,0,0
47,RIGHT_KNEE,0.6645352244377136,0.8522554636001587,-0.022112201899290085,0,0
47,LEFT_ANKLE,0.702534556388855,0.8923747539520264,0.05363046005368233,0,0
47,RIGHT_ANKLE,0.6221321821212769,0.8965497016906738,0.15204615890979767,0,0
47,LEFT_HEEL,0.6924634575843811,0.9052762389183044,0.06005062907934189,0,0
47,RIGHT_HEEL,0.6113678812980652,0.8994139432907104,0.16917870938777924,0,0
47,LEFT_FOOT_INDEX,0.7246169447898865,0.919419527053833,0.024808108806610107,0,0
47,RIGHT_FOOT_INDEX,0.6283940672874451,0.9334841966629028,0.16329343616962433,0,0
48,NOSE,0.6498139500617981,0.5623400807380676,-0.05217919498682022,0,0
48,LEFT_EYE_INNER,0.6461479663848877,0.5545317530632019,-0.04394085332751274,0,0
48,LEFT_EYE,0.6454946398735046,0.5543521046638489,-0.04398060217499733,0,0
48,LEFT_EYE_OUTER,0.6446443200111389,0.5541734099388123,-0.0440121665596962,0,0
48,RIGHT_EYE_INNER,0.6455946564674377,0.5549269318580627,-0.06456185132265091,0,0
48,RIGHT_EYE,0.6445758938789368,0.5550417304039001,-0.0645822212100029,0,0
48,RIGHT_EYE_OUTER,0.643570601940155,0.5551908612251282,-0.06462171673774719,0,0
48,LEFT_EAR,0.6364884972572327,0.5608403086662292,7.177375664468855e-05,0,0
48,RIGHT_EAR,0.6363438963890076,0.5621775984764099,-0.09309063106775284,0,0
48,MOUTH_LEFT,0.6479844450950623,0.5728201866149902,-0.033973850309848785,0,0
48,MOUTH_RIGHT,0.6474533677101135,0.5727025270462036,-0.06095056235790253,0,0
48,LEFT_SHOULDER,0.641323983669281,0.609442949295044,0.054096538573503494,0,0
48,RIGHT_SHOULDER,0.6305572390556335,0.6220873594284058,-0.1307561993598938,0,0
48,LEFT_ELBOW,0.6693867444992065,0.6562914252281189,0.08783013373613358,0,0
48,RIGHT_ELBOW,0.6679693460464478,0.6594547033309937,-0.15103964507579803,0,0
48,LEFT_WRIST,0.6989412903785706,0.670536994934082,0.047087475657463074,0,0
48,RIGHT_WRIST,0.7041819095611572,0.6424435377120972,-0.13734818994998932,0,0
48,LEFT_PINKY,0.7047497630119324,0.6664451956748962,0.04275113344192505,0,0
48,RIGHT_PINKY,0.7124274969100952,0.6438276767730713,-0.15587329864501953,0,0
48,LEFT_INDEX,0.7013111710548401,0.6511224508285522,0.024788109585642815,0,0
48,RIGHT_INDEX,0.7117671966552734,0.6371753215789795,-0.15045534074306488,0,0
48,LEFT_THUMB,0.7013610601425171,0.6510398983955383,0.037596676498651505,0,0
48,RIGHT_THUMB,0.709382176399231,0.6362441778182983,-0.13413555920124054,0,0
48,LEFT_HIP,0.6849682927131653,0.7365254759788513,0.04701291769742966,0,0
48,RIGHT_HIP,0.6623144149780273,0.7517662048339844,-0.04693644493818283,0,0
48,LEFT_KNEE,0.7193669080734253,0.8040165305137634,-0.0300004743039608,0,0
48,RIGHT_KNEE,0.6646555662155151,0.8519326448440552,-0.02003467082977295,0,0
48,LEFT_ANKLE,0.7025032043457031,0.8925565481185913,0.03952592611312866,0,0
48,RIGHT_ANKLE,0.6224453449249268,0.8967332243919373,0.1508069634437561,0,0
48,LEFT_HEEL,0.6924633383750916,0.9054965376853943,0.04555422440171242,0,0
48,RIGHT_HEEL,0.6114233732223511,0.8994006514549255,0.1676463484764099,0,0
48,LEFT_FOOT_INDEX,0.7247186899185181,0.9193045496940613,0.009818732738494873,0,0
48,RIGHT_FOOT_INDEX,0.6283759474754333,0.9332359433174133,0.16230200231075287,0,0
49,NOSE,0.6493353247642517,0.5630162358283997,-0.047002024948596954,0,0
49,LEFT_EYE_INNER,0.6456358432769775,0.5546150207519531,-0.03900913521647453,0,0
49,LEFT_EYE,0.6449177861213684,0.554384708404541,-0.039043400436639786,0,0
49,LEFT_EYE_OUTER,0.6440277099609375,0.5541406869888306,-0.03907483071088791,0,0
49,RIGHT_EYE_INNER,0.6454340219497681,0.5550888776779175,-0.0591188408434391,0,0
49,RIGHT_EYE,0.6445667147636414,0.5552101135253906,-0.05913549289107323,0,0
49,RIGHT_EYE_OUTER,0.6434742212295532,0.5553606748580933,-0.05916309356689453,0,0
49,LEFT_EAR,0.635706901550293,0.5604941844940186,0.0026449228171259165,0,0
49,RIGHT_EAR,0.6362463235855103,0.5623394846916199,-0.08853023499250412,0,0
49,MOUTH_LEFT,0.6474732756614685,0.5734578967094421,-0.030060606077313423,0,0
49,MOUTH_RIGHT,0.6472443342208862,0.5734155178070068,-0.05645737424492836,0,0
49,LEFT_SHOULDER,0.6381687521934509,0.6080609560012817,0.056740883737802505,0,0
49,RIGHT_SHOULDER,0.6303238272666931,0.621471643447876,-0.1271783709526062,0,0
49,LEFT_ELBOW,0.664962887763977,0.6532679200172424,0.11147434264421463,0,0
49,RIGHT_ELBOW,0.6699803471565247,0.6571987867355347,-0.1402587741613388,0,0
49,LEFT_WRIST,0.6942301392555237,0.6508049964904785,0.0982109010219574,0,0
49,RIGHT_WRIST,0.7047353982925415,0.6403711438179016,-0.11849895119667053,0,0
49,LEFT_PINKY,0.7029192447662354,0.6570980548858643,0.09888600558042526,0,0
49,RIGHT_PINKY,0.7113144397735596,0.642508864402771,-0.13479682803153992,0,0
49,LEFT_INDEX,0.6982717514038086,0.6411608457565308,0.08083682507276535,0,0
49,RIGHT_INDEX,0.7102760076522827,0.6368411779403687,-0.1295495331287384,0,0
49,LEFT_THUMB,0.6973942518234253,0.6411347389221191,0.08976360410451889,0,0
49,RIGHT_THUMB,0.7072174549102783,0.6342478394508362,-0.1152089536190033,0,0
49,LEFT_HIP,0.6832293272018433,0.73707515001297,0.04846486076712608,0,0
49,RIGHT_HIP,0.6623331904411316,0.7521585822105408,-0.04838854447007179,0,0
49,LEFT_KNEE,0.7193025946617126,0.8031273484230042,-0.02936854213476181,0,0
49,RIGHT_KNEE,0.6644582152366638,0.8519430756568909,-0.029608190059661865,0,0
49,LEFT_ANKLE,0.7019899487495422,0.8925389647483826,0.04264058917760849,0,0
49,RIGHT_ANKLE,0.6225407719612122,0.8971608281135559,0.13478288054466248,0,0
49,LEFT_HEEL,0.6920822858810425,0.905514121055603,0.04868411645293236,0,0
49,RIGHT_HEEL,0.6111176609992981,0.8994283676147461,0.15115267038345337,0,0
49,LEFT_FOOT_INDEX,0.7246944308280945,0.919225811958313,0.014941167086362839,0,0
49,RIGHT_FOOT_INDEX,0.6284824013710022,0.9338367581367493,0.14305143058300018,0,0
50,NOSE,0.6484959125518799,0.5628331303596497,-0.041419800370931625,0,0
50,LEFT_EYE_INNER,0.6449135541915894,0.5541663765907288,-0.03406337648630142,0,0
50,LEFT_EYE,0.644125759601593,0.553901731967926,-0.03407778590917587,0,0
50,LEFT_EYE_OUTER,0.6431981921195984,0.5536203980445862,-0.03410808742046356,0,0
50,RIGHT_EYE_INNER,0.6451053619384766,0.5546093583106995,-0.05507039278745651,0,0
50,RIGHT_EYE,0.6444550156593323,0.5546888113021851,-0.055086899548769,0,0
50,RIGHT_EYE_OUTER,0.6434068083763123,0.554810643196106,-0.055125124752521515,0,0
50,LEFT_EAR,0.6350675821304321,0.5591657161712646,0.005177603103220463,0,0
50,RIGHT_EAR,0.6362264156341553,0.5615348815917969,-0.08937959372997284,0,0
50,MOUTH_LEFT,0.6465056538581848,0.5727803707122803,-0.025186745449900627,0,0
50,MOUTH_RIGHT,0.6466251015663147,0.5728507041931152,-0.052699845284223557,0,0
50,LEFT_SHOULDER,0.6347514390945435,0.605607271194458,0.06135198846459389,0,0
50,RIGHT_SHOULDER,0.6302925944328308,0.617985188961029,-0.13085134327411652,0,0
50,LEFT_ELBOW,0.659601092338562,0.6506105661392212,0.13639527559280396,0,0
50,RIGHT_ELBOW,0.6678436994552612,0.6570298671722412,-0.1409912407398224,0,0
50,LEFT_WRIST,0.6831462383270264,0.6411043405532837,0.15591879189014435,0,0
50,RIGHT_WRIST,0.7024294137954712,0.6478365063667297,-0.10844841599464417,0,0
50,LEFT_PINKY,0.6897516846656799,0.6418530941009521,0.1630663275718689,0,0
50,RIGHT_PINKY,0.7100746631622314,0.6514275670051575,-0.12129555642604828,0,0
50,LEFT_INDEX,0.6888185143470764,0.6325427293777466,0.14793705940246582,0,0
50,RIGHT_INDEX,0.7095282077789307,0.6462527513504028,-0.11698201298713684,0,0
50,LEFT_THUMB,0.686741054058075,0.6322720646858215,0.14941200613975525,0,0
50,RIGHT_THUMB,0.7061491012573242,0.6439775228500366,-0.10489682853221893,0,0
50,LEFT_HIP,0.6812717318534851,0.7365787625312805,0.04911058396100998,0,0
50,RIGHT_HIP,0.6621512770652771,0.7518712282180786,-0.04904715344309807,0,0
50,LEFT_KNEE,0.7167205214500427,0.8028720617294312,-0.004438870586454868,0,0
50,RIGHT_KNEE,0.663823664188385,0.8515480160713196,-0.02039335109293461,0,0
50,LEFT_ANKLE,0.7012866139411926,0.8925028443336487,0.06688861548900604,0,0
50,RIGHT_ANKLE,0.6227375864982605,0.8972808122634888,0.1427481472492218,0,0
50,LEFT_HEEL,0.6913732290267944,0.9055222868919373,0.0723416656255722,0,0
50,RIGHT_HEEL,0.6111564636230469,0.8994465470314026,0.15899178385734558,0,0
50,LEFT_FOOT_INDEX,0.7243143320083618,0.9190642833709717,0.04429922252893448,0,0
50,RIGHT_FOOT_INDEX,0.6284819841384888,0.9337428212165833,0.15849587321281433,0,0
51,NOSE,0.6484813094139099,0.5602118372917175,-0.037144217640161514,0,0
51,LEFT_EYE_INNER,0.6449668407440186,0.5512608289718628,-0.03004015050828457,0,0
51,LEFT_EYE,0.6442193388938904,0.551033079624176,-0.03005320392549038,0,0
51,LEFT_EYE_OUTER,0.6433486938476562,0.5508499145507812,-0.030076902359724045,0,0
51,RIGHT_EYE_INNER,0.6451141834259033,0.551263689994812,-0.05123775079846382,0,0
51,RIGHT_EYE,0.6444788575172424,0.5510621070861816,-0.05126537010073662,0,0
51,RIGHT_EYE_OUTER,0.643547773361206,0.550885796546936,-0.05130276829004288,0,0
51,LEFT_EAR,0.6352500915527344,0.5556674003601074,0.007309958804398775,0,0
51,RIGHT_EAR,0.6364129781723022,0.5559045672416687,-0.0883168876171112,0,0
51,MOUTH_LEFT,0.6465577483177185,0.5693426728248596,-0.02174348384141922,0,0
51,MOUTH_RIGHT,0.6466124057769775,0.5689433217048645,-0.04953213781118393,0,0
51,LEFT_SHOULDER,0.6333533525466919,0.6044490933418274,0.061416205018758774,0,0
51,RIGHT_SHOULDER,0.6302259564399719,0.6136330366134644,-0.13065439462661743,0,0
51,LEFT_ELBOW,0.6563347578048706,0.6489124298095703,0.12011688202619553,0,0
51,RIGHT_ELBOW,0.6668015122413635,0.6554182767868042,-0.1311967670917511,0,0
51,LEFT_WRIST,0.6713989973068237,0.637170672416687,0.12540526688098907,0,0
51,RIGHT_WRIST,0.7014468312263489,0.6528785228729248,-0.08215977251529694,0,0
51,LEFT_PINKY,0.6753958463668823,0.635858952999115,0.12909670174121857,0,0
51,RIGHT_PINKY,0.7090102434158325,0.6579854488372803,-0.09177286922931671,0,0
51,LEFT_INDEX,0.6746264100074768,0.6317364573478699,0.11588937789201736,0,0
51,RIGHT_INDEX,0.7084334492683411,0.6527072787284851,-0.0882204920053482,0,0
51,LEFT_THUMB,0.673755407333374,0.6321024894714355,0.11894505470991135,0,0
51,RIGHT_THUMB,0.7060731053352356,0.6493188738822937,-0.07841851562261581,0,0
51,LEFT_HIP,0.6782421469688416,0.7341201901435852,0.05011381953954697,0,0
51,RIGHT_HIP,0.6612609028816223,0.7503201365470886,-0.05004477873444557,0,0
51,LEFT_KNEE,0.7123032808303833,0.8020037412643433,0.0016147696878761053,0,0
51,RIGHT_KNEE,0.6629216074943542,0.8508543968200684,-0.018108956515789032,0,0
51,LEFT_ANKLE,0.7006978392601013,0.892112672328949,0.06996938586235046,0,0
51,RIGHT_ANKLE,0.6227322220802307,0.8972835540771484,0.14741431176662445,0,0
51,LEFT_HEEL,0.6910478472709656,0.9055348038673401,0.07489807903766632,0,0
51,RIGHT_HEEL,0.6099271774291992,0.8994922041893005,0.16365645825862885,0,0
51,LEFT_FOOT_INDEX,0.7241010069847107,0.9185694456100464,0.045936234295368195,0,0
51,RIGHT_FOOT_INDEX,0.6284665465354919,0.9338001012802124,0.15693612396717072,0,0
52,NOSE,0.6479657292366028,0.5507610440254211,-0.05031231418251991,0,0
52,LEFT_EYE_INNER,0.6439601182937622,0.5424361228942871,-0.04277549684047699,0,0
52,LEFT_EYE,0.6431018710136414,0.5424601435661316,-0.04278666526079178,0,0
52,LEFT_EYE_OUTER,0.6421207189559937,0.5425957441329956,-0.042821045964956284,0,0
52,RIGHT_EYE_INNER,0.6443035006523132,0.5425025820732117,-0.06355591863393784,0,0
52,RIGHT_EYE,0.6437606811523438,0.5425395965576172,-0.06356430798768997,0,0
52,RIGHT_EYE_OUTER,0.6430070996284485,0.5426615476608276,-0.06359444558620453,0,0
52,LEFT_EAR,0.6340621709823608,0.5496251583099365,-0.003183425636962056,0,0
52,RIGHT_EAR,0.6361186504364014,0.5490125417709351,-0.09677040576934814,0,0
52,MOUTH_LEFT,0.6463228464126587,0.5609114170074463,-0.03397189453244209,0,0
52,MOUTH_RIGHT,0.6464127898216248,0.5605372786521912,-0.06121384724974632,0,0
52,LEFT_SHOULDER,0.6295089721679688,0.6017999649047852,0.057284899055957794,0,0
52,RIGHT_SHOULDER,0.6300997138023376,0.608180046081543,-0.13512708246707916,0,0
52,LEFT_ELBOW,0.6523176431655884,0.6407432556152344,0.1327003538608551,0,0
52,RIGHT_ELBOW,0.6663051843643188,0.6555628180503845,-0.14351992309093475,0,0
52,LEFT_WRIST,0.6669778227806091,0.6261131167411804,0.1688421368598938,0,0
52,RIGHT_WRIST,0.7010122537612915,0.6535162925720215,-0.10760359466075897,0,0
52,LEFT_PINKY,0.6712589859962463,0.6237776875495911,0.17746613919734955,0,0
52,RIGHT_PINKY,0.709060788154602,0.6670586466789246,-0.1200026348233223,0,0
52,LEFT_INDEX,0.6689855456352234,0.619877278804779,0.16541075706481934,0,0
52,RIGHT_INDEX,0.7082737684249878,0.6612418293952942,-0.11621005833148956,0,0
52,LEFT_THUMB,0.6674371957778931,0.6204937696456909,0.16371510922908783,0,0
52,RIGHT_THUMB,0.7053518891334534,0.6572707295417786,-0.10419700294733047,0,0
52,LEFT_HIP,0.6721447706222534,0.7315765619277954,0.049745697528123856,0,0
52,RIGHT_HIP,0.6603488326072693,0.7454062700271606,-0.04967778921127319,0,0
52,LEFT_KNEE,0.7081121206283569,0.8014546632766724,0.05404546484351158,0,0
52,RIGHT_KNEE,0.6592284440994263,0.8432152271270752,0.013604528270661831,0,0
52,LEFT_ANKLE,0.7003384828567505,0.8920708894729614,0.1282147318124771,0,0
52,RIGHT_ANKLE,0.6223549246788025,0.897688090801239,0.15897227823734283,0,0
52,LEFT_HEEL,0.6910646557807922,0.905830442905426,0.1340293139219284,0,0
52,RIGHT_HEEL,0.6092976927757263,0.9002847671508789,0.17302708327770233,0,0
52,LEFT_FOOT_INDEX,0.7240064144134521,0.918373167514801,0.10427876561880112,0,0
52,RIGHT_FOOT_INDEX,0.6284504532814026,0.9333115816116333,0.16209600865840912,0,0
53,NOSE,0.6475988030433655,0.5433114171028137,-0.060762226581573486,0,0
53,LEFT_EYE_INNER,0.643602728843689,0.5350894331932068,-0.05306335538625717,0,0
53,LEFT_EYE,0.6428161859512329,0.5351248383522034,-0.05308559909462929,0,0
53,LEFT_EYE_OUTER,0.6418991088867188,0.5352820158004761,-0.05310981720685959,0,0
53,RIGHT_EYE_INNER,0.6438084244728088,0.5350063443183899,-0.07359830290079117,0,0
53,RIGHT_EYE,0.6432364583015442,0.5349813103675842,-0.07360848039388657,0,0
53,RIGHT_EYE_OUTER,0.6424914598464966,0.5350589752197266,-0.07365278154611588,0,0
53,LEFT_EAR,0.6339407563209534,0.5422536134719849,-0.01178496703505516,0,0
53,RIGHT_EAR,0.6355289816856384,0.5416872501373291,-0.10335732251405716,0,0
53,MOUTH_LEFT,0.6461617350578308,0.5542272925376892,-0.04383513703942299,0,0
53,MOUTH_RIGHT,0.6462134718894958,0.5537855625152588,-0.07068145275115967,0,0
53,LEFT_SHOULDER,0.6314041018486023,0.5960441827774048,0.04959990084171295,0,0
53,RIGHT_SHOULDER,0.629051923751831,0.6035456657409668,-0.14077357947826385,0,0
53,LEFT_ELBOW,0.6528928279876709,0.6406599879264832,0.11502520740032196,0,0
53,RIGHT_ELBOW,0.6634533405303955,0.6561040282249451,-0.16840843856334686,0,0
53,LEFT_WRIST,0.667134702205658,0.6259455680847168,0.12590725719928741,0,0
53,RIGHT_WRIST,0.7024907469749451,0.6759201288223267,-0.16346193850040436,0,0
53,LEFT_PINKY,0.6697949767112732,0.6250922083854675,0.13095900416374207,0,0
53,RIGHT_PINKY,0.7100540995597839,0.6879823803901672,-0.18230731785297394,0,0
53,LEFT_INDEX,0.6692925095558167,0.6217272281646729,0.11740713566541672,0,0
53,RIGHT_INDEX,0.7099049687385559,0.6846463680267334,-0.17761826515197754,0,0
53,LEFT_THUMB,0.6682504415512085,0.6221386194229126,0.11951463669538498,0,0
53,RIGHT_THUMB,0.7065370678901672,0.6795251965522766,-0.160759836435318,0,0
53,LEFT_HIP,0.6699674129486084,0.7287452816963196,0.048911791294813156,0,0
53,RIGHT_HIP,0.6568124294281006,0.742409884929657,-0.048846498131752014,0,0
53,LEFT_KNEE,0.7043507695198059,0.8014305830001831,0.04685940220952034,0,0
53,RIGHT_KNEE,0.6555020213127136,0.8366153240203857,0.0228041373193264,0,0
53,LEFT_ANKLE,0.7002440690994263,0.8920395374298096,0.12108837068080902,0,0
53,RIGHT_ANKLE,0.6218410730361938,0.8977646827697754,0.177133709192276,0,0
53,LEFT_HEEL,0.6912059783935547,0.9064772725105286,0.12638899683952332,0,0
53,RIGHT_HEEL,0.6092768311500549,0.9008814096450806,0.1914963275194168,0,0
53,LEFT_FOOT_INDEX,0.7240484952926636,0.9181056618690491,0.08934643864631653,0,0
53,RIGHT_FOOT_INDEX,0.6282626986503601,0.9328934550285339,0.17013904452323914,0,0
54,NOSE,0.6473875045776367,0.5403200387954712,-0.06549416482448578,0,0
54,LEFT_EYE_INNER,0.6433215737342834,0.5324426889419556,-0.05761682987213135,0,0
54,LEFT_EYE,0.6425401568412781,0.5324925780296326,-0.05763756111264229,0,0
54,LEFT_EYE_OUTER,0.6416195631027222,0.5326617360115051,-0.05766105651855469,0,0
54,RIGHT_EYE_INNER,0.6434912085533142,0.5323665738105774,-0.07830773293972015,0,0
54,RIGHT_EYE,0.6429060697555542,0.5323682427406311,-0.07832197099924088,0,0
54,RIGHT_EYE_OUTER,0.6421748399734497,0.5324712991714478,-0.07837282866239548,0,0
54,LEFT_EAR,0.6336786150932312,0.5398515462875366,-0.014708301052451134,0,0
54,RIGHT_EAR,0.635209858417511,0.5393694639205933,-0.10563268512487411,0,0
54,MOUTH_LEFT,0.6460434794425964,0.5514531135559082,-0.04791087657213211,0,0
54,MOUTH_RIGHT,0.6461086869239807,0.5509555339813232,-0.07495050132274628,0,0
54,LEFT_SHOULDER,0.6323198080062866,0.5940712094306946,0.04701140895485878,0,0
54,RIGHT_SHOULDER,0.6283568143844604,0.6023730039596558,-0.14577250182628632,0,0
54,LEFT_ELBOW,0.6544367074966431,0.640560507774353,0.10941460728645325,0,0
54,RIGHT_ELBOW,0.6617915034294128,0.6563806533813477,-0.17194963991641998,0,0
54,LEFT_WRIST,0.6677946448326111,0.6263838410377502,0.11478037387132645,0,0
54,RIGHT_WRIST,0.7027774453163147,0.6810026168823242,-0.16381192207336426,0,0
54,LEFT_PINKY,0.6715173721313477,0.6263197064399719,0.11878551542758942,0,0
54,RIGHT_PINKY,0.7101138830184937,0.6922257542610168,-0.18192973732948303,0,0
54,LEFT_INDEX,0.6704877614974976,0.6237095594406128,0.10595857352018356,0,0
54,RIGHT_INDEX,0.7101496458053589,0.6886434555053711,-0.1782335638999939,0,0
54,LEFT_THUMB,0.6693590879440308,0.6240187883377075,0.10842202603816986,0,0
54,RIGHT_THUMB,0.7066313624382019,0.6833317279815674,-0.1613210141658783,0,0
54,LEFT_HIP,0.6709194779396057,0.7276783585548401,0.048472810536623,0,0
54,RIGHT_HIP,0.6553213000297546,0.7418766021728516,-0.048406992107629776,0,0
54,LEFT_KNEE,0.7037849426269531,0.8015244007110596,0.04443778097629547,0,0
54,RIGHT_KNEE,0.6546566486358643,0.8361308574676514,0.025219537317752838,0,0
54,LEFT_ANKLE,0.7001673579216003,0.891873300075531,0.12621615827083588,0,0
54,RIGHT_ANKLE,0.6214858889579773,0.8974251747131348,0.1929992288351059,0,0
54,LEFT_HEEL,0.6912811994552612,0.9065744876861572,0.1322525441646576,0,0
54,RIGHT_HEEL,0.6093862056732178,0.900871992111206,0.20882919430732727,0,0
54,LEFT_FOOT_INDEX,0.7239876985549927,0.9180608987808228,0.0939333364367485,0,0
54,RIGHT_FOOT_INDEX,0.6279593110084534,0.9328703284263611,0.1851489245891571,0,0
55,NOSE,0.6469494700431824,0.5384552478790283,-0.08111946284770966,0,0
55,LEFT_EYE_INNER,0.6428852081298828,0.5293388962745667,-0.07320156693458557,0,0
55,LEFT_EYE,0.6421578526496887,0.5293458700180054,-0.07323165237903595,0,0
55,LEFT_EYE_OUTER,0.6413142681121826,0.5294823050498962,-0.07325347512960434,0,0
55,RIGHT_EYE_INNER,0.6428813934326172,0.5293757319450378,-0.09479071944952011,0,0
55,RIGHT_EYE,0.6422069072723389,0.5294042229652405,-0.09480233490467072,0,0
55,RIGHT_EYE_OUTER,0.641423225402832,0.5295379757881165,-0.09486575424671173,0,0
55,LEFT_EAR,0.6335639953613281,0.5359875559806824,-0.02888401411473751,0,0
55,RIGHT_EAR,0.6342511773109436,0.5359633564949036,-0.12526708841323853,0,0
55,MOUTH_LEFT,0.6455661058425903,0.5497472882270813,-0.06270046532154083,0,0
55,MOUTH_RIGHT,0.6454625725746155,0.5491712689399719,-0.09101307392120361,0,0
55,LEFT_SHOULDER,0.6330915093421936,0.5899235010147095,0.03728242963552475,0,0
55,RIGHT_SHOULDER,0.6254018545150757,0.6006973385810852,-0.1583850085735321,0,0
55,LEFT_ELBOW,0.6534610390663147,0.6354855298995972,0.10979489237070084,0,0
55,RIGHT_ELBOW,0.6581681370735168,0.6569192409515381,-0.18938837945461273,0,0
55,LEFT_WRIST,0.6717268824577332,0.6280011534690857,0.1253315806388855,0,0
55,RIGHT_WRIST,0.7019422054290771,0.6984130144119263,-0.2033565491437912,0,0
55,LEFT_PINKY,0.6762221455574036,0.6290121078491211,0.13095620274543762,0,0
55,RIGHT_PINKY,0.7085742950439453,0.712760865688324,-0.22614122927188873,0,0
55,LEFT_INDEX,0.675608217716217,0.6250961422920227,0.11553264409303665,0,0
55,RIGHT_INDEX,0.7096427083015442,0.711432695388794,-0.22391816973686218,0,0
55,LEFT_THUMB,0.6733914613723755,0.6262375712394714,0.11858958750963211,0,0
55,RIGHT_THUMB,0.7062084674835205,0.7039710879325867,-0.20208199322223663,0,0
55,LEFT_HIP,0.6696335077285767,0.7272663712501526,0.04835338890552521,0,0
55,RIGHT_HIP,0.6522758603096008,0.7417545914649963,-0.04828454926609993,0,0
55,LEFT_KNEE,0.7003684639930725,0.8023512959480286,0.04773915559053421,0,0
55,RIGHT_KNEE,0.6519345045089722,0.833198070526123,0.027149459347128868,0,0
55,LEFT_ANKLE,0.7000978589057922,0.8919393420219421,0.1408786177635193,0,0
55,RIGHT_ANKLE,0.6212680339813232,0.8965309262275696,0.20029960572719574,0,0
55,LEFT_HEEL,0.6915985345840454,0.9072824120521545,0.147770956158638,0,0
55,RIGHT_HEEL,0.6094644665718079,0.9008529782295227,0.21624302864074707,0,0
55,LEFT_FOOT_INDEX,0.723986029624939,0.918068528175354,0.10607070475816727,0,0
55,RIGHT_FOOT_INDEX,0.6279920339584351,0.9326719045639038,0.1868581771850586,0,0
56,NOSE,0.6468560099601746,0.5333924293518066,-0.09683461487293243,0,0
56,LEFT_EYE_INNER,0.6427346467971802,0.5243225693702698,-0.08948470652103424,0,0
56,LEFT_EYE,0.6420241594314575,0.5243408679962158,-0.08951116353273392,0,0
56,LEFT_EYE_OUTER,0.6412140130996704,0.5244118571281433,-0.08953910320997238,0,0
56,RIGHT_EYE_INNER,0.6426087021827698,0.5245771408081055,-0.11170097440481186,0,0
56,RIGHT_EYE,0.6418190002441406,0.5247519016265869,-0.11171890050172806,0,0
56,RIGHT_EYE_OUTER,0.6409188508987427,0.5249696373939514,-0.11177429556846619,0,0
56,LEFT_EAR,0.6335228085517883,0.5312372446060181,-0.045998942106962204,0,0
56,RIGHT_EAR,0.6334578990936279,0.5315362811088562,-0.14635081589221954,0,0
56,MOUTH_LEFT,0.6454923152923584,0.5452584624290466,-0.07823259383440018,0,0
56,MOUTH_RIGHT,0.6452463865280151,0.5447013974189758,-0.10746835917234421,0,0
56,LEFT_SHOULDER,0.6337250471115112,0.5848160982131958,0.02289915829896927,0,0
56,RIGHT_SHOULDER,0.6223232746124268,0.5987738966941833,-0.17453819513320923,0,0
56,LEFT_ELBOW,0.6530994176864624,0.6287785768508911,0.11092229187488556,0,0
56,RIGHT_ELBOW,0.6520138382911682,0.6639713644981384,-0.20118801295757294,0,0
56,LEFT_WRIST,0.6729515790939331,0.6325094699859619,0.1388353854417801,0,0
56,RIGHT_WRIST,0.6908743381500244,0.7193911075592041,-0.21071508526802063,0,0
56,LEFT_PINKY,0.6793354749679565,0.639046311378479,0.1471439003944397,0,0
56,RIGHT_PINKY,0.6963329315185547,0.731773316860199,-0.2327391654253006,0,0
56,LEFT_INDEX,0.6778496503829956,0.6355499029159546,0.1294800043106079,0,0
56,RIGHT_INDEX,0.6991062760353088,0.7293062806129456,-0.23115326464176178,0,0
56,LEFT_THUMB,0.6749570369720459,0.6353726387023926,0.13177648186683655,0,0
56,RIGHT_THUMB,0.6957809329032898,0.7224373817443848,-0.20943333208560944,0,0
56,LEFT_HIP,0.667452871799469,0.7226069569587708,0.04826691374182701,0,0
56,RIGHT_HIP,0.6474741697311401,0.739132285118103,-0.04817868024110794,0,0
56,LEFT_KNEE,0.6959826350212097,0.8014929294586182,0.046089887619018555,0,0
56,RIGHT_KNEE,0.648798406124115,0.8294321894645691,0.021610161289572716,0,0
56,LEFT_ANKLE,0.6998871564865112,0.8917841911315918,0.14534664154052734,0,0
56,RIGHT_ANKLE,0.6198033094406128,0.8963512182235718,0.19086141884326935,0,0
56,LEFT_HEEL,0.6922204494476318,0.9072848558425903,0.15290507674217224,0,0
56,RIGHT_HEEL,0.6086164116859436,0.9011708498001099,0.19866256415843964,0,0
56,LEFT_FOOT_INDEX,0.7240081429481506,0.9175497889518738,0.11444101482629776,0,0
56,RIGHT_FOOT_INDEX,0.627867579460144,0.93267422914505,0.15591038763523102,0,0
57,NOSE,0.646928071975708,0.527312695980072,-0.09869464486837387,0,0
57,LEFT_EYE_INNER,0.6428207159042358,0.5183062553405762,-0.09256449341773987,0,0
57,LEFT_EYE,0.6421303153038025,0.518261194229126,-0.09259795397520065,0,0
57,LEFT_EYE_OUTER,0.6413379907608032,0.5182455778121948,-0.09261982887983322,0,0
57,RIGHT_EYE_INNER,0.6426495313644409,0.5187389254570007,-0.11461961269378662,0,0
57,RIGHT_EYE,0.6417962908744812,0.5190091133117676,-0.11463093757629395,0,0
57,RIGHT_EYE_OUTER,0.6407695412635803,0.5193275213241577,-0.1146761104464531,0,0
57,LEFT_EAR,0.6336995959281921,0.5247130990028381,-0.05318738520145416,0,0
57,RIGHT_EAR,0.632957398891449,0.5259038805961609,-0.15379832684993744,0,0
57,MOUTH_LEFT,0.645553469657898,0.5396125912666321,-0.08123607933521271,0,0
57,MOUTH_RIGHT,0.6452504992485046,0.5392408967018127,-0.11041252315044403,0,0
57,LEFT_SHOULDER,0.635017454624176,0.579345166683197,0.011791751720011234,0,0
57,RIGHT_SHOULDER,0.6195831298828125,0.5972678065299988,-0.17923229932785034,0,0
57,LEFT_ELBOW,0.654451310634613,0.6239209771156311,0.09276376664638519,0,0
57,RIGHT_ELBOW,0.646155595779419,0.6698412895202637,-0.20262084901332855,0,0
57,LEFT_WRIST,0.6788302063941956,0.6411570906639099,0.11924818903207779,0,0
57,RIGHT_WRIST,0.677361249923706,0.7335978746414185,-0.20440496504306793,0,0
57,LEFT_PINKY,0.6855396628379822,0.6549277901649475,0.13202372193336487,0,0
57,RIGHT_PINKY,0.6831589937210083,0.7484508752822876,-0.22676469385623932,0,0
57,LEFT_INDEX,0.684788167476654,0.6548606753349304,0.10974658280611038,0,0
57,RIGHT_INDEX,0.6870918869972229,0.7479830384254456,-0.22668935358524323,0,0
57,LEFT_THUMB,0.6814389824867249,0.6514669060707092,0.11228401213884354,0,0
57,RIGHT_THUMB,0.6835723519325256,0.7397094964981079,-0.20391757786273956,0,0
57,LEFT_HIP,0.6621037125587463,0.7221977710723877,0.04833435267210007,0,0
57,RIGHT_HIP,0.6434782147407532,0.7364932894706726,-0.04830764979124069,0,0
57,LEFT_KNEE,0.6895411014556885,0.8001616597175598,0.10846653580665588,0,0
57,RIGHT_KNEE,0.6470067501068115,0.8236128091812134,0.04289465397596359,0,0
57,LEFT_ANKLE,0.6996971964836121,0.8917712569236755,0.19660742580890656,0,0
57,RIGHT_ANKLE,0.6197252869606018,0.8956249952316284,0.18670962750911713,0,0
57,LEFT_HEEL,0.6934261918067932,0.9073676466941833,0.20322594046592712,0,0
57,RIGHT_HEEL,0.6086608171463013,0.9011940956115723,0.19851824641227722,0,0
57,LEFT_FOOT_INDEX,0.723979651927948,0.9165500402450562,0.16769763827323914,0,0
57,RIGHT_FOOT_INDEX,0.6273835897445679,0.9306802749633789,0.15909342467784882,0,0
58,NOSE,0.6468459367752075,0.5278972387313843,-0.0893004834651947,0,0
58,LEFT_EYE_INNER,0.6428840160369873,0.5179615020751953,-0.08482301980257034,0,0
58,LEFT_EYE,0.6422189474105835,0.5178736448287964,-0.08487611263990402,0,0
58,LEFT_EYE_OUTER,0.6414414644241333,0.5178563594818115,-0.0848897397518158,0,0
58,RIGHT_EYE_INNER,0.6425400972366333,0.518360435962677,-0.10893832892179489,0,0
58,RIGHT_EYE,0.6415881514549255,0.5185770988464355,-0.10892925411462784,0,0
58,RIGHT_EYE_OUTER,0.6404561996459961,0.5189158916473389,-0.10899987071752548,0,0
58,LEFT_EAR,0.6338184475898743,0.5244397521018982,-0.045191191136837006,0,0
58,RIGHT_EAR,0.6323618292808533,0.525854766368866,-0.13971427083015442,0,0
58,MOUTH_LEFT,0.6455506086349487,0.5397486090660095,-0.07386322319507599,0,0
58,MOUTH_RIGHT,0.6449352502822876,0.5396146774291992,-0.10709475725889206,0,0
58,LEFT_SHOULDER,0.6364454030990601,0.5776811838150024,0.02000490017235279,0,0
58,RIGHT_SHOULDER,0.6188013553619385,0.5960556268692017,-0.16832640767097473,0,0
58,LEFT_ELBOW,0.655035674571991,0.6235110759735107,0.0946570560336113,0,0
58,RIGHT_ELBOW,0.6417437791824341,0.6692944169044495,-0.19010718166828156,0,0
58,LEFT_WRIST,0.6804841756820679,0.643410861492157,0.11475784331560135,0,0
58,RIGHT_WRIST,0.6746230721473694,0.7344527840614319,-0.18868884444236755,0,0
58,LEFT_PINKY,0.6876720786094666,0.6576522588729858,0.1255413144826889,0,0
58,RIGHT_PINKY,0.6802104711532593,0.749361515045166,-0.2090071737766266,0,0
58,LEFT_INDEX,0.6871992945671082,0.6578560471534729,0.10228171199560165,0,0
58,RIGHT_INDEX,0.6832864284515381,0.746467649936676,-0.20935513079166412,0,0
58,LEFT_THUMB,0.6833496689796448,0.6541369557380676,0.10755768418312073,0,0
58,RIGHT_THUMB,0.6789749264717102,0.7368307113647461,-0.1880858838558197,0,0
58,LEFT_HIP,0.6619296669960022,0.722190260887146,0.04833691194653511,0,0
58,RIGHT_HIP,0.6422060132026672,0.7359732985496521,-0.048335619270801544,0,0
58,LEFT_KNEE,0.687477707862854,0.8022053837776184,0.0808427631855011,0,0
58,RIGHT_KNEE,0.6473454833030701,0.822144627571106,0.02681838348507881,0,0
58,LEFT_ANKLE,0.6993398666381836,0.8921020030975342,0.1724139302968979,0,0
58,RIGHT_ANKLE,0.6191705465316772,0.8972848653793335,0.1461755484342575,0,0
58,LEFT_HEEL,0.6933814883232117,0.9079046845436096,0.1792558878660202,0,0
58,RIGHT_HEEL,0.6085761785507202,0.9020242094993591,0.15733711421489716,0,0
58,LEFT_FOOT_INDEX,0.7239255905151367,0.9162072539329529,0.14325091242790222,0,0
58,RIGHT_FOOT_INDEX,0.6275408267974854,0.9311779141426086,0.11974724382162094,0,0
59,NOSE,0.6471141576766968,0.5228935480117798,-0.09318997710943222,0,0
59,LEFT_EYE_INNER,0.6433700919151306,0.5130631327629089,-0.08690762519836426,0,0
59,LEFT_EYE,0.6427606344223022,0.5130072236061096,-0.08693670481443405,0,0
59,LEFT_EYE_OUTER,0.6420432925224304,0.5129868388175964,-0.0869385227560997,0,0
59,RIGHT_EYE_INNER,0.6426990032196045,0.5133327841758728,-0.10951622575521469,0,0
59,RIGHT_EYE,0.6416081786155701,0.5135285258293152,-0.10953020304441452,0,0
59,RIGHT_EYE_OUTER,0.6404820084571838,0.5138456225395203,-0.10957375168800354,0,0
59,LEFT_EAR,0.6340914964675903,0.5191219449043274,-0.04413868114352226,0,0
59,RIGHT_EAR,0.6321694254875183,0.5206303000450134,-0.1443282812833786,0,0
59,MOUTH_LEFT,0.6456800103187561,0.5354704260826111,-0.07488749921321869,0,0
59,MOUTH_RIGHT,0.6449372172355652,0.5352610349655151,-0.105118028819561,0,0
59,LEFT_SHOULDER,0.6388512849807739,0.5752716660499573,0.020495880395174026,0,0
59,RIGHT_SHOULDER,0.6171985268592834,0.5892481207847595,-0.17003893852233887,0,0
59,LEFT_ELBOW,0.6558207273483276,0.622075080871582,0.07799487560987473,0,0
59,RIGHT_ELBOW,0.6334167718887329,0.6703127026557922,-0.18953855335712433,0,0
59,LEFT_WRIST,0.6831822991371155,0.6503495573997498,0.06710688769817352,0,0
59,RIGHT_WRIST,0.6613501310348511,0.7414726614952087,-0.187752828001976,0,0
59,LEFT_PINKY,0.6894813776016235,0.6668526530265808,0.06770108640193939,0,0
59,RIGHT_PINKY,0.6677535176277161,0.760051965713501,-0.20846346020698547,0,0
59,LEFT_INDEX,0.688919723033905,0.6674603223800659,0.04906722158193588,0,0
59,RIGHT_INDEX,0.6724331974983215,0.7591232657432556,-0.2114657461643219,0,0
59,LEFT_THUMB,0.6855495572090149,0.663424015045166,0.05887763574719429,0,0
59,RIGHT_THUMB,0.669194757938385,0.7507573962211609,-0.18809549510478973,0,0
59,LEFT_HIP,0.6581032276153564,0.7212206125259399,0.05357915535569191,0,0
59,RIGHT_HIP,0.6410706043243408,0.7322876453399658,-0.053630758076906204,0,0
59,LEFT_KNEE,0.6738189458847046,0.8074568510055542,0.12141162902116776,0,0
59,RIGHT_KNEE,0.6477820873260498,0.8138191103935242,-0.04450225085020065,0,0
59,LEFT_ANKLE,0.6977432370185852,0.8916062712669373,0.2135760635137558,0,0
59,RIGHT_ANKLE,0.6293084025382996,0.8991641402244568,0.04315803945064545,0,0
59,LEFT_HEEL,0.6931183338165283,0.9074906706809998,0.21994994580745697,0,0
59,RIGHT_HEEL,0.6231299638748169,0.909681499004364,0.04976095259189606,0,0
59,LEFT_FOOT_INDEX,0.7224705219268799,0.9148210883140564,0.18498481810092926,0,0
59,RIGHT_FOOT_INDEX,0.62748122215271,0.9311550855636597,0.0003932123363483697,0,0
60,NOSE,0.6480753421783447,0.5182347297668457,-0.09177185595035553,0,0
60,LEFT_EYE_INNER,0.6443601250648499,0.5091145038604736,-0.08471734076738358,0,0
60,LEFT_EYE,0.6438444256782532,0.5090304613113403,-0.0847456231713295,0,0
60,LEFT_EYE_OUTER,0.6432390213012695,0.5089914202690125,-0.08475346863269806,0,0
60,RIGHT_EYE_INNER,0.6432955861091614,0.5096853971481323,-0.1072615385055542,0,0
60,RIGHT_EYE,0.6419821381568909,0.5100234150886536,-0.10728123784065247,0,0
60,RIGHT_EYE_OUTER,0.6406238079071045,0.510532796382904,-0.10732781887054443,0,0
60,LEFT_EAR,0.6351904273033142,0.5162599086761475,-0.041292257606983185,0,0
60,RIGHT_EAR,0.6322432160377502,0.5184274315834045,-0.14265990257263184,0,0
60,MOUTH_LEFT,0.6464556455612183,0.5315427184104919,-0.0728347972035408,0,0
60,MOUTH_RIGHT,0.6451893448829651,0.5320137739181519,-0.10266833007335663,0,0
60,LEFT_SHOULDER,0.642072319984436,0.5717970132827759,0.022479521110653877,0,0
60,RIGHT_SHOULDER,0.6150949001312256,0.5881077647209167,-0.16905131936073303,0,0
60,LEFT_ELBOW,0.6583697199821472,0.6224221587181091,0.08608295023441315,0,0
60,RIGHT_ELBOW,0.6245316863059998,0.6721900701522827,-0.18722906708717346,0,0
60,LEFT_WRIST,0.6862031817436218,0.6580312848091125,0.07783190160989761,0,0
60,RIGHT_WRIST,0.6434595584869385,0.7453638315200806,-0.18551132082939148,0,0
60,LEFT_PINKY,0.6920176148414612,0.6743416786193848,0.07907005399465561,0,0
60,RIGHT_PINKY,0.6489072442054749,0.7683051824569702,-0.20572789013385773,0,0
60,LEFT_INDEX,0.690826952457428,0.6754965782165527,0.059964362531900406,0,0
60,RIGHT_INDEX,0.6561314463615417,0.7651165127754211,-0.21012912690639496,0,0
60,LEFT_THUMB,0.687869668006897,0.6716341972351074,0.06951050460338593,0,0
60,RIGHT_THUMB,0.6540924310684204,0.7569859027862549,-0.18630972504615784,0,0
60,LEFT_HIP,0.6588897109031677,0.7209079265594482,0.05686117708683014,0,0
60,RIGHT_HIP,0.6382243037223816,0.7319346070289612,-0.056927621364593506,0,0
60,LEFT_KNEE,0.6792232394218445,0.8080928921699524,0.10715019702911377,0,0
60,RIGHT_KNEE,0.6480801701545715,0.8123159408569336,-0.02875075675547123,0,0
60,LEFT_ANKLE,0.6969931125640869,0.8909153938293457,0.2033049613237381,0,0
60,RIGHT_ANKLE,0.6247037053108215,0.8994976878166199,0.08126936852931976,0,0
60,LEFT_HEEL,0.6929770112037659,0.9077566862106323,0.21037055552005768,0,0
60,RIGHT_HEEL,0.6213308572769165,0.9084264039993286,0.09025891125202179,0,0
60,LEFT_FOOT_INDEX,0.722386360168457,0.9143370985984802,0.1784212440252304,0,0
60,RIGHT_FOOT_INDEX,0.6275313496589661,0.9311782121658325,0.047773577272892,0,0
61,NOSE,0.649834394454956,0.5158926844596863,-0.09044863283634186,0,0
61,LEFT_EYE_INNER,0.6458838582038879,0.5067654252052307,-0.08308897167444229,0,0
61,LEFT_EYE,0.6453797221183777,0.5066741704940796,-0.08310990780591965,0,0
61,LEFT_EYE_OUTER,0.6447835564613342,0.5066105723381042,-0.08308379352092743,0,0
61,RIGHT_EYE_INNER,0.644697904586792,0.5071909427642822,-0.10346722602844238,0,0
61,RIGHT_EYE,0.6433375477790833,0.5074123740196228,-0.10348701477050781,0,0
61,RIGHT_EYE_OUTER,0.6417760252952576,0.5078202486038208,-0.10352509468793869,0,0
61,LEFT_EAR,0.6365470886230469,0.5136818885803223,-0.03734064847230911,0,0
61,RIGHT_EAR,0.6328966617584229,0.5155075192451477,-0.13042902946472168,0,0
61,MOUTH_LEFT,0.6481133103370667,0.5285852551460266,-0.07103398442268372,0,0
61,MOUTH_RIGHT,0.6465160846710205,0.52886563539505,-0.09844866394996643,0,0
61,LEFT_SHOULDER,0.644429624080658,0.5692028403282166,0.021559838205575943,0,0
61,RIGHT_SHOULDER,0.6145978569984436,0.5832939147949219,-0.14675970375537872,0,0
61,LEFT_ELBOW,0.6600887179374695,0.6218642592430115,0.07102152705192566,0,0
61,RIGHT_ELBOW,0.6164622902870178,0.6718041896820068,-0.161018505692482,0,0
61,LEFT_WRIST,0.6876655220985413,0.6618966460227966,0.045689646154642105,0,0
61,RIGHT_WRIST,0.6251369714736938,0.7402523159980774,-0.16302062571048737,0,0
61,LEFT_PINKY,0.6934268474578857,0.6811844706535339,0.043229881674051285,0,0
61,RIGHT_PINKY,0.6273902654647827,0.7639912366867065,-0.18051351606845856,0,0
61,LEFT_INDEX,0.6918829679489136,0.6816782355308533,0.02424539439380169,0,0
61,RIGHT_INDEX,0.6333011388778687,0.7600452303886414,-0.18825921416282654,0,0
61,LEFT_THUMB,0.6892623901367188,0.6765405535697937,0.0368758849799633,0,0
61,RIGHT_THUMB,0.633346676826477,0.7520197033882141,-0.16549783945083618,0,0
61,LEFT_HIP,0.6578995585441589,0.7171878814697266,0.050068449229002,0,0
61,RIGHT_HIP,0.6363248229026794,0.7268568873405457,-0.05013915151357651,0,0
61,LEFT_KNEE,0.6783363223075867,0.8058161735534668,0.08790229260921478,0,0
61,RIGHT_KNEE,0.6385524272918701,0.8163437843322754,0.016087939962744713,0,0
61,LEFT_ANKLE,0.6943457126617432,0.8903929591178894,0.18451674282550812,0,0
61,RIGHT_ANKLE,0.6220259070396423,0.8994181752204895,0.12681210041046143,0,0
61,LEFT_HEEL,0.6910246014595032,0.9077537059783936,0.18046905100345612,0,0
61,RIGHT_HEEL,0.6194565892219543,0.9083018898963928,0.13151749968528748,0,0
61,LEFT_FOOT_INDEX,0.7222006916999817,0.9144200682640076,0.13650842010974884,0,0
61,RIGHT_FOOT_INDEX,0.6272790431976318,0.930913507938385,0.08964736759662628,0,0
62,NOSE,0.6523905992507935,0.5137513279914856,-0.08354227244853973,0,0
62,LEFT_EYE_INNER,0.6485761404037476,0.5047097206115723,-0.074547678232193,0,0
62,LEFT_EYE,0.6480375528335571,0.5046610236167908,-0.0745750293135643,0,0
62,LEFT_EYE_OUTER,0.6474437117576599,0.5046453475952148,-0.07455538958311081,0,0
62,RIGHT_EYE_INNER,0.6471781134605408,0.5049495100975037,-0.09337112307548523,0,0
62,RIGHT_EYE,0.645732581615448,0.505024254322052,-0.09338541328907013,0,0
62,RIGHT_EYE_OUTER,0.6440555453300476,0.5052343010902405,-0.09341482073068619,0,0
62,LEFT_EAR,0.6394688487052917,0.5113934278488159,-0.022708062082529068,0,0
62,RIGHT_EAR,0.6346312761306763,0.512650191783905,-0.11049043387174606,0,0
62,MOUTH_LEFT,0.650516927242279,0.5256836414337158,-0.062415555119514465,0,0
62,MOUTH_RIGHT,0.6489736437797546,0.5257143974304199,-0.08781585842370987,0,0
62,LEFT_SHOULDER,0.6495710015296936,0.5668671131134033,0.028577886521816254,0,0
62,RIGHT_SHOULDER,0.6142051815986633,0.5791348218917847,-0.12101992964744568,0,0
62,LEFT_ELBOW,0.6633328199386597,0.6220523118972778,0.07135380804538727,0,0
62,RIGHT_ELBOW,0.6100737452507019,0.6608410477638245,-0.13069839775562286,0,0
62,LEFT_WRIST,0.6889721155166626,0.6649349927902222,0.032109107822179794,0,0
62,RIGHT_WRIST,0.6065303683280945,0.733470618724823,-0.13883379101753235,0,0
62,LEFT_PINKY,0.6945922374725342,0.6846924424171448,0.027479030191898346,0,0
62,RIGHT_PINKY,0.6033371686935425,0.7509064674377441,-0.15551701188087463,0,0
62,LEFT_INDEX,0.6932355165481567,0.6851093769073486,0.006375291384756565,0,0
62,RIGHT_INDEX,0.6071445941925049,0.74847811460495,-0.1654742807149887,0,0
62,LEFT_THUMB,0.6910722255706787,0.6795763373374939,0.021724898368120193,0,0
62,RIGHT_THUMB,0.6100780367851257,0.7408658266067505,-0.14282944798469543,0,0
62,LEFT_HIP,0.6585127115249634,0.7138258218765259,0.048258405178785324,0,0
62,RIGHT_HIP,0.6348327994346619,0.723193347454071,-0.048326291143894196,0,0
62,LEFT_KNEE,0.6775189638137817,0.8063513040542603,0.08066536486148834,0,0
62,RIGHT_KNEE,0.6390082240104675,0.8147986531257629,-0.02496112324297428,0,0
62,LEFT_ANKLE,0.693436861038208,0.8904622197151184,0.17711485922336578,0,0
62,RIGHT_ANKLE,0.6214483976364136,0.8988778591156006,0.0648704543709755,0,0
62,LEFT_HEEL,0.6899924874305725,0.9077868461608887,0.1706354022026062,0,0
62,RIGHT_HEEL,0.6177994608879089,0.9079456329345703,0.07112814486026764,0,0
62,LEFT_FOOT_INDEX,0.7203298211097717,0.9152059555053711,0.12328390777111053,0,0
62,RIGHT_FOOT_INDEX,0.6280513405799866,0.9321678280830383,0.01911826990544796,0,0
63,NOSE,0.6526638269424438,0.5148753523826599,-0.08644893765449524,0,0
63,LEFT_EYE_INNER,0.6494061946868896,0.5052134990692139,-0.07701025158166885,0,0
63,LEFT_EYE,0.6489904522895813,0.5050893425941467,-0.07704256474971771,0,0
63,LEFT_EYE_OUTER,0.6484998464584351,0.5049761533737183,-0.07702310383319855,0,0
63,RIGHT_EYE_INNER,0.6479464769363403,0.5053538680076599,-0.09430082142353058,0,0
63,RIGHT_EYE,0.6464449167251587,0.5053572654724121,-0.09431561827659607,0,0
63,RIGHT_EYE_OUTER,0.6447269320487976,0.5054600238800049,-0.09435360878705978,0,0
63,LEFT_EAR,0.6408647298812866,0.5102047324180603,-0.025386512279510498,0,0
63,RIGHT_EAR,0.6356150507926941,0.5110887885093689,-0.10930296033620834,0,0
63,MOUTH_LEFT,0.6510751247406006,0.526054322719574,-0.0633605420589447,0,0
63,MOUTH_RIGHT,0.6492186188697815,0.5260999798774719,-0.08935980498790741,0,0
63,LEFT_SHOULDER,0.6505704522132874,0.5623250007629395,0.027759255841374397,0,0
63,RIGHT_SHOULDER,0.6148952841758728,0.5718481540679932,-0.11468176543712616,0,0
63,LEFT_ELBOW,0.66592937707901,0.6217771172523499,0.06605898588895798,0,0
63,RIGHT_ELBOW,0.604721188545227,0.6505311131477356,-0.12258373945951462,0,0
63,LEFT_WRIST,0.6899186372756958,0.6674410104751587,0.024070976302027702,0,0
63,RIGHT_WRIST,0.5890933275222778,0.7171733379364014,-0.1381930559873581,0,0
63,LEFT_PINKY,0.6954056024551392,0.6876588463783264,0.019018912687897682,0,0
63,RIGHT_PINKY,0.5819035768508911,0.7377848029136658,-0.15545305609703064,0,0
63,LEFT_INDEX,0.6940926909446716,0.6883322596549988,-0.002617274411022663,0,0
63,RIGHT_INDEX,0.584054708480835,0.7378507852554321,-0.16691046953201294,0,0
63,LEFT_THUMB,0.6920654773712158,0.6818530559539795,0.01360850315541029,0,0
63,RIGHT_THUMB,0.5876750946044922,0.7324064373970032,-0.14330370724201202,0,0
63,LEFT_HIP,0.6589109301567078,0.7110363841056824,0.04725157096982002,0,0
63,RIGHT_HIP,0.6349934935569763,0.7212671637535095,-0.047321368008852005,0,0
63,LEFT_KNEE,0.6765776872634888,0.8066263794898987,0.08338595181703568,0,0
63,RIGHT_KNEE,0.6380704045295715,0.8135152459144592,-0.027627388015389442,0,0
63,LEFT_ANKLE,0.6916889548301697,0.890466570854187,0.16700010001659393,0,0
63,RIGHT_ANKLE,0.6210405826568604,0.8984997272491455,0.06678934395313263,0,0
63,LEFT_HEEL,0.6879516243934631,0.9078036546707153,0.16883674263954163,0,0
63,RIGHT_HEEL,0.6165775060653687,0.9074122309684753,0.0737580880522728,0,0
63,LEFT_FOOT_INDEX,0.7190603017807007,0.9157773852348328,0.1261097937822342,0,0
63,RIGHT_FOOT_INDEX,0.628654420375824,0.9323982000350952,0.021435029804706573,0,0
64,NOSE,0.6526951193809509,0.5167571306228638,-0.09001119434833527,0,0
64,LEFT_EYE_INNER,0.6500527262687683,0.5069401264190674,-0.08046440780162811,0,0
64,LEFT_EYE,0.6497241854667664,0.5067484378814697,-0.08049944043159485,0,0
64,LEFT_EYE_OUTER,0.6493116617202759,0.506539523601532,-0.08049208670854568,0,0
64,RIGHT_EYE_INNER,0.6484963297843933,0.5070297122001648,-0.09640643000602722,0,0
64,RIGHT_EYE,0.6469985842704773,0.5069090127944946,-0.09642133116722107,0,0
64,RIGHT_EYE_OUTER,0.6452611088752747,0.5068560242652893,-0.09644997119903564,0,0
64,LEFT_EAR,0.6418432593345642,0.5106709003448486,-0.02600434049963951,0,0
64,RIGHT_EAR,0.6362342238426208,0.5115104913711548,-0.10778086632490158,0,0
64,MOUTH_LEFT,0.6513861417770386,0.5275595188140869,-0.06553611904382706,0,0
64,MOUTH_RIGHT,0.6492475867271423,0.5277230739593506,-0.09017314016819,0,0
64,LEFT_SHOULDER,0.6514447927474976,0.5607606768608093,0.02848745696246624,0,0
64,RIGHT_SHOULDER,0.6150969862937927,0.5696988701820374,-0.11102032661437988,0,0
64,LEFT_ELBOW,0.6667739152908325,0.6219016313552856,0.06906752288341522,0,0
64,RIGHT_ELBOW,0.6038500070571899,0.6471875905990601,-0.12357259541749954,0,0
64,LEFT_WRIST,0.6900140643119812,0.6681448817253113,0.025398770347237587,0,0
64,RIGHT_WRIST,0.5883674621582031,0.7108662128448486,-0.1482354998588562,0,0
64,LEFT_PINKY,0.6954370737075806,0.68843674659729,0.019780898466706276,0,0
64,RIGHT_PINKY,0.5820974707603455,0.7318924069404602,-0.16678981482982635,0,0
64,LEFT_INDEX,0.6942061185836792,0.6890294551849365,-0.002211939776316285,0,0
64,RIGHT_INDEX,0.5843906402587891,0.731817364692688,-0.17575272917747498,0,0
64,LEFT_THUMB,0.6921924352645874,0.6823477149009705,0.014810080640017986,0,0
64,RIGHT_THUMB,0.5873793363571167,0.7267393469810486,-0.1525712013244629,0,0
64,LEFT_HIP,0.6593109965324402,0.7096368074417114,0.04685274884104729,0,0
64,RIGHT_HIP,0.6351069211959839,0.7205776572227478,-0.04691537469625473,0,0
64,LEFT_KNEE,0.67657071352005,0.8073666095733643,0.08262298256158829,0,0
64,RIGHT_KNEE,0.63810133934021,0.8136764764785767,-0.03341042622923851,0,0
64,LEFT_ANKLE,0.6910480856895447,0.8903548121452332,0.16387276351451874,0,0
64,RIGHT_ANKLE,0.620680034160614,0.8981066346168518,0.06531650573015213,0,0
64,LEFT_HEEL,0.6869832873344421,0.9077236652374268,0.16719356179237366,0,0
64,RIGHT_HEEL,0.6158739328384399,0.9067277908325195,0.07274296879768372,0,0
64,LEFT_FOOT_INDEX,0.7175880074501038,0.9160586595535278,0.12460316717624664,0,0
64,RIGHT_FOOT_INDEX,0.6286333203315735,0.9326459169387817,0.019725939258933067,0,0
65,NOSE,0.6537231206893921,0.5160340070724487,-0.11789769679307938,0,0
65,LEFT_EYE_INNER,0.651089072227478,0.5061026811599731,-0.10980169475078583,0,0
65,LEFT_EYE,0.6507895588874817,0.5058690905570984,-0.10983364284038544,0,0
65,LEFT_EYE_OUTER,0.6504109501838684,0.5055866837501526,-0.10983648151159286,0,0
65,RIGHT_EYE_INNER,0.6493992209434509,0.5064506530761719,-0.12514947354793549,0,0
65,RIGHT_EYE,0.6478390097618103,0.5064734816551208,-0.12517179548740387,0,0
65,RIGHT_EYE_OUTER,0.6460123658180237,0.5065774321556091,-0.12520532310009003,0,0
65,LEFT_EAR,0.6431936621665955,0.5097060203552246,-0.052184220403432846,0,0
65,RIGHT_EAR,0.6370788812637329,0.5115127563476562,-0.12297999858856201,0,0
65,MOUTH_LEFT,0.6527594327926636,0.5271243453025818,-0.09366084635257721,0,0
65,MOUTH_RIGHT,0.6501853466033936,0.527576744556427,-0.11480718106031418,0,0
65,LEFT_SHOULDER,0.6534448266029358,0.5575762987136841,0.0007261684513650835,0,0
65,RIGHT_SHOULDER,0.6143662333488464,0.5698097348213196,-0.11655448377132416,0,0
65,LEFT_ELBOW,0.6684843897819519,0.6208299994468689,0.0384858138859272,0,0
65,RIGHT_ELBOW,0.5958271622657776,0.6424820423126221,-0.12020563334226608,0,0
65,LEFT_WRIST,0.6904259920120239,0.6694568395614624,-0.012560713104903698,0,0
65,RIGHT_WRIST,0.5730127096176147,0.7000892758369446,-0.14335034787654877,0,0
65,LEFT_PINKY,0.6962057948112488,0.6903723478317261,-0.020880762487649918,0,0
65,RIGHT_PINKY,0.5627696514129639,0.7147995829582214,-0.1602618247270584,0,0
65,LEFT_INDEX,0.6951425671577454,0.691150963306427,-0.04226292297244072,0,0
65,RIGHT_INDEX,0.564477264881134,0.7130535244941711,-0.17379091680049896,0,0
65,LEFT_THUMB,0.6929654479026794,0.6838222742080688,-0.022956933826208115,0,0
65,RIGHT_THUMB,0.5692978501319885,0.7093095183372498,-0.14964143931865692,0,0
65,LEFT_HIP,0.6598171591758728,0.709072470664978,0.0424010343849659,0,0
65,RIGHT_HIP,0.6350553631782532,0.7207954525947571,-0.042467907071113586,0,0
65,LEFT_KNEE,0.6766176819801331,0.8073565363883972,0.08569961041212082,0,0
65,RIGHT_KNEE,0.6366939544677734,0.8147388100624084,-0.024769548326730728,0,0
65,LEFT_ANKLE,0.690484881401062,0.8900891542434692,0.18334190547466278,0,0
65,RIGHT_ANKLE,0.6201831698417664,0.8973325490951538,0.08892767876386642,0,0
65,LEFT_HEEL,0.6864284873008728,0.9073088765144348,0.19061830639839172,0,0
65,RIGHT_HEEL,0.6157313585281372,0.9051210284233093,0.09792769700288773,0,0
65,LEFT_FOOT_INDEX,0.7165188193321228,0.9161243438720703,0.14972759783267975,0,0
65,RIGHT_FOOT_INDEX,0.6286458373069763,0.9328192472457886,0.047457627952098846,0,0
66,NOSE,0.654941737651825,0.5157540440559387,-0.13005058467388153,0,0
66,LEFT_EYE_INNER,0.6523420214653015,0.5054587721824646,-0.1218266710639,0,0
66,LEFT_EYE,0.6521126627922058,0.5051741600036621,-0.1218588650226593,0,0
66,LEFT_EYE_OUTER,0.6518137454986572,0.504818856716156,-0.12186767160892487,0,0
66,RIGHT_EYE_INNER,0.6504573225975037,0.5060564875602722,-0.13599632680416107,0,0
66,RIGHT_EYE,0.6488242745399475,0.506230354309082,-0.13601800799369812,0,0
66,RIGHT_EYE_OUTER,0.6468738317489624,0.5064831972122192,-0.136049285531044,0,0
66,LEFT_EAR,0.6446753144264221,0.5091986060142517,-0.06007179990410805,0,0
66,RIGHT_EAR,0.6378172039985657,0.5119533538818359,-0.12646925449371338,0,0
66,MOUTH_LEFT,0.6540581583976746,0.5267261266708374,-0.10425027459859848,0,0
66,MOUTH_RIGHT,0.6513165235519409,0.5274024605751038,-0.12369013577699661,0,0
66,LEFT_SHOULDER,0.6547564268112183,0.5564244389533997,-0.007247685920447111,0,0
66,RIGHT_SHOULDER,0.6144106984138489,0.5704458355903625,-0.10959308594465256,0,0
66,LEFT_ELBOW,0.6711339950561523,0.6190422773361206,0.030196836218237877,0,0
66,RIGHT_ELBOW,0.5906857252120972,0.6362708210945129,-0.11637464165687561,0,0
66,LEFT_WRIST,0.6923717856407166,0.6713160276412964,-0.022959645837545395,0,0
66,RIGHT_WRIST,0.5620867013931274,0.6761950254440308,-0.14873352646827698,0,0
66,LEFT_PINKY,0.6975749731063843,0.6923642754554749,-0.03242229297757149,0,0
66,RIGHT_PINKY,0.5494853258132935,0.685766875743866,-0.16572722792625427,0,0
66,LEFT_INDEX,0.6964999437332153,0.6934780478477478,-0.05300186574459076,0,0
66,RIGHT_INDEX,0.5493535399436951,0.6845064759254456,-0.17526079714298248,0,0
66,LEFT_THUMB,0.6944482326507568,0.6857923865318298,-0.03293223679065704,0,0
66,RIGHT_THUMB,0.5554961562156677,0.6818633079528809,-0.15296140313148499,0,0
66,LEFT_HIP,0.660124659538269,0.7101784348487854,0.03923461213707924,0,0
66,RIGHT_HIP,0.6355656385421753,0.7215707302093506,-0.03931783139705658,0,0
66,LEFT_KNEE,0.6769101023674011,0.807444155216217,0.09141387790441513,0,0
66,RIGHT_KNEE,0.6356476545333862,0.8154231309890747,0.0075429524295032024,0,0
66,LEFT_ANKLE,0.6900742053985596,0.8894107341766357,0.197780042886734,0,0
66,RIGHT_ANKLE,0.6199856996536255,0.8968129754066467,0.12860728800296783,0,0
66,LEFT_HEEL,0.68607497215271,0.9066254496574402,0.20659200847148895,0,0
66,RIGHT_HEEL,0.6152443289756775,0.9037051200866699,0.13901887834072113,0,0
66,LEFT_FOOT_INDEX,0.7161242961883545,0.9161385297775269,0.16729870438575745,0,0
66,RIGHT_FOOT_INDEX,0.6286318302154541,0.932817816734314,0.08620694279670715,0,0
67,NOSE,0.655755341053009,0.5164756178855896,-0.12199773639440536,0,0
67,LEFT_EYE_INNER,0.6536015868186951,0.506375789642334,-0.11423097550868988,0,0
67,LEFT_EYE,0.6534980535507202,0.5061137676239014,-0.11425541341304779,0,0
67,LEFT_EYE_OUTER,0.6533203125,0.5057843923568726,-0.11425699293613434,0,0
67,RIGHT_EYE_INNER,0.6514256596565247,0.5068403482437134,-0.1276431828737259,0,0
67,RIGHT_EYE,0.6497176885604858,0.5069609880447388,-0.12766578793525696,0,0
67,RIGHT_EYE_OUTER,0.6476505994796753,0.5071728825569153,-0.12770338356494904,0,0
67,LEFT_EAR,0.6465412974357605,0.5096566677093506,-0.05514000728726387,0,0
67,RIGHT_EAR,0.638634979724884,0.5122301578521729,-0.11911515146493912,0,0
67,MOUTH_LEFT,0.6547353863716125,0.5271435379981995,-0.09732761234045029,0,0
67,MOUTH_RIGHT,0.6516989469528198,0.5277067422866821,-0.11609622091054916,0,0
67,LEFT_SHOULDER,0.6574475169181824,0.5571046471595764,-0.00957886315882206,0,0
67,RIGHT_SHOULDER,0.6143632531166077,0.5698326230049133,-0.0968698039650917,0,0
67,LEFT_ELBOW,0.6745378971099854,0.6185820698738098,0.027573423460125923,0,0
67,RIGHT_ELBOW,0.5878922343254089,0.6265299320220947,-0.11376675218343735,0,0
67,LEFT_WRIST,0.6949517726898193,0.6744292974472046,-0.020732827484607697,0,0
67,RIGHT_WRIST,0.5526624917984009,0.6567211747169495,-0.14995117485523224,0,0
67,LEFT_PINKY,0.6999763250350952,0.6957315802574158,-0.029210437089204788,0,0
67,RIGHT_PINKY,0.5374605059623718,0.664520800113678,-0.16767965257167816,0,0
67,LEFT_INDEX,0.6984994411468506,0.6965803503990173,-0.04837075248360634,0,0
67,RIGHT_INDEX,0.538092851638794,0.662054717540741,-0.18620261549949646,0,0
67,LEFT_THUMB,0.6964293718338013,0.6887808442115784,-0.029799766838550568,0,0
67,RIGHT_THUMB,0.5433166027069092,0.6606259346008301,-0.16148877143859863,0,0
67,LEFT_HIP,0.6607194542884827,0.7109378576278687,0.03418160602450371,0,0
67,RIGHT_HIP,0.636011004447937,0.7222035527229309,-0.0342806801199913,0,0
67,LEFT_KNEE,0.6776831150054932,0.8071610331535339,0.0869465172290802,0,0
67,RIGHT_KNEE,0.6351593732833862,0.8157840967178345,0.03854658827185631,0,0
67,LEFT_ANKLE,0.6898109316825867,0.8888062238693237,0.1901938021183014,0,0
67,RIGHT_ANKLE,0.6198173761367798,0.8961992263793945,0.17481201887130737,0,0
67,LEFT_HEEL,0.6858891248703003,0.9061698913574219,0.1992386281490326,0,0
67,RIGHT_HEEL,0.6149550080299377,0.9033589363098145,0.1872093677520752,0,0
67,LEFT_FOOT_INDEX,0.7161967754364014,0.9161503314971924,0.16015835106372833,0,0
67,RIGHT_FOOT_INDEX,0.628480851650238,0.9322003126144409,0.13804027438163757,0,0
68,NOSE,0.6580594778060913,0.516409158706665,-0.1332981288433075,0,0
68,LEFT_EYE_INNER,0.655655562877655,0.5064690709114075,-0.1263033002614975,0,0
68,LEFT_EYE,0.6555240154266357,0.5062155723571777,-0.1263255923986435,0,0
68,LEFT_EYE_OUTER,0.6553146243095398,0.5058723092079163,-0.12632231414318085,0,0
68,RIGHT_EYE_INNER,0.6533550024032593,0.5068966746330261,-0.13821452856063843,0,0
68,RIGHT_EYE,0.6515974402427673,0.5070254802703857,-0.13823483884334564,0,0
68,RIGHT_EYE_OUTER,0.6495455503463745,0.5072444677352905,-0.13827434182167053,0,0
68,LEFT_EAR,0.6487873792648315,0.5093013048171997,-0.06698200106620789,0,0
68,RIGHT_EAR,0.6406813263893127,0.5122197866439819,-0.12295448780059814,0,0
68,MOUTH_LEFT,0.6571882367134094,0.5268188118934631,-0.1083047017455101,0,0
68,MOUTH_RIGHT,0.654042661190033,0.5273998975753784,-0.12490300834178925,0,0
68,LEFT_SHOULDER,0.6613569855690002,0.5561187267303467,-0.022868845611810684,0,0
68,RIGHT_SHOULDER,0.6144639849662781,0.5676095485687256,-0.10057428479194641,0,0
68,LEFT_ELBOW,0.6773279905319214,0.6186370253562927,0.012032045051455498,0,0
68,RIGHT_ELBOW,0.5854587554931641,0.6174602508544922,-0.09985315799713135,0,0
68,LEFT_WRIST,0.6972095370292664,0.6765081286430359,-0.045675139874219894,0,0
68,RIGHT_WRIST,0.5458818674087524,0.641855776309967,-0.1221669614315033,0,0
68,LEFT_PINKY,0.7023906707763672,0.6978057026863098,-0.056164469569921494,0,0
68,RIGHT_PINKY,0.532717227935791,0.6469293832778931,-0.13643568754196167,0,0
68,LEFT_INDEX,0.7004467844963074,0.6984891891479492,-0.07700630277395248,0,0
68,RIGHT_INDEX,0.5323211550712585,0.6459531784057617,-0.15758652985095978,0,0
68,LEFT_THUMB,0.6982678771018982,0.6907938122749329,-0.0557672455906868,0,0
68,RIGHT_THUMB,0.5367087125778198,0.6456577777862549,-0.13284042477607727,0,0
68,LEFT_HIP,0.6622586846351624,0.7113363742828369,0.03151123970746994,0,0
68,RIGHT_HIP,0.6364167332649231,0.7223168611526489,-0.03161129355430603,0,0
68,LEFT_KNEE,0.6782869696617126,0.8073005080223083,0.09439755231142044,0,0
68,RIGHT_KNEE,0.6350119113922119,0.8161076307296753,0.03900459036231041,0,0
68,LEFT_ANKLE,0.6893551349639893,0.8879210948944092,0.2148868292570114,0,0
68,RIGHT_ANKLE,0.6196736693382263,0.8961633443832397,0.17329812049865723,0,0
68,LEFT_HEEL,0.6855307221412659,0.9051870107650757,0.2257196605205536,0,0
68,RIGHT_HEEL,0.6147887110710144,0.9033892750740051,0.1855514943599701,0,0
68,LEFT_FOOT_INDEX,0.7158774733543396,0.9164289236068726,0.1870216280221939,0,0
68,RIGHT_FOOT_INDEX,0.6284760236740112,0.9321720004081726,0.1353769153356552,0,0
69,NOSE,0.6583552956581116,0.5160537362098694,-0.13173776865005493,0,0
69,LEFT_EYE_INNER,0.6559877395629883,0.5061362981796265,-0.1244511678814888,0,0
69,LEFT_EYE,0.6559103727340698,0.5058850049972534,-0.12447354942560196,0,0
69,LEFT_EYE_OUTER,0.655754804611206,0.5055323243141174,-0.12447325885295868,0,0
69,RIGHT_EYE_INNER,0.6536495089530945,0.5065770745277405,-0.13642144203186035,0,0
69,RIGHT_EYE,0.6518527269363403,0.5067718625068665,-0.13644027709960938,0,0
69,RIGHT_EYE_OUTER,0.6497787833213806,0.5070657730102539,-0.13647381961345673,0,0
69,LEFT_EAR,0.64948570728302,0.5086463689804077,-0.06449441611766815,0,0
69,RIGHT_EAR,0.6412121057510376,0.5119677782058716,-0.12248750776052475,0,0
69,MOUTH_LEFT,0.6576728224754333,0.5264250636100769,-0.10652675479650497,0,0
69,MOUTH_RIGHT,0.6544865965843201,0.5269253849983215,-0.12319178134202957,0,0
69,LEFT_SHOULDER,0.6611210107803345,0.5559338927268982,-0.01905001513659954,0,0
69,RIGHT_SHOULDER,0.6146116256713867,0.5656105875968933,-0.09722316265106201,0,0
69,LEFT_ELBOW,0.6777040362358093,0.6186034083366394,0.017477892339229584,0,0
69,RIGHT_ELBOW,0.5859412550926208,0.6150623559951782,-0.09850271791219711,0,0
69,LEFT_WRIST,0.6976363658905029,0.6768625974655151,-0.03723065182566643,0,0
69,RIGHT_WRIST,0.5460994839668274,0.6398349404335022,-0.1262708455324173,0,0
69,LEFT_PINKY,0.702618420124054,0.6979929804801941,-0.047182973474264145,0,0
69,RIGHT_PINKY,0.5329104065895081,0.6450498700141907,-0.14135317504405975,0,0
69,LEFT_INDEX,0.7007893323898315,0.6987032294273376,-0.06821508705615997,0,0
69,RIGHT_INDEX,0.5327106714248657,0.6441440582275391,-0.1607465296983719,0,0
69,LEFT_THUMB,0.6986659169197083,0.6909801959991455,-0.047280024737119675,0,0
69,RIGHT_THUMB,0.5371752977371216,0.6436406970024109,-0.1360415369272232,0,0
69,LEFT_HIP,0.6631985902786255,0.7113039493560791,0.0309708584100008,0,0
69,RIGHT_HIP,0.636692464351654,0.7221763730049133,-0.03105992265045643,0,0
69,LEFT_KNEE,0.6785871982574463,0.8072631359100342,0.0923893079161644,0,0
69,RIGHT_KNEE,0.6353566646575928,0.8162980079650879,0.040568236261606216,0,0
69,LEFT_ANKLE,0.6894617676734924,0.8877187967300415,0.20832638442516327,0,0
69,RIGHT_ANKLE,0.6196594834327698,0.8961273431777954,0.17627981305122375,0,0
69,LEFT_HEEL,0.6852900385856628,0.9049054384231567,0.218596413731575,0,0
69,RIGHT_HEEL,0.615060567855835,0.903379499912262,0.1886495053768158,0,0
69,LEFT_FOOT_INDEX,0.7161424160003662,0.9164304733276367,0.17963814735412598,0,0
69,RIGHT_FOOT_INDEX,0.628607451915741,0.932208240032196,0.13827866315841675,0,0
70,NOSE,0.6599827408790588,0.5161636471748352,-0.15596669912338257,0,0
70,LEFT_EYE_INNER,0.6575433015823364,0.5061942934989929,-0.14898844063282013,0,0
70,LEFT_EYE,0.657435417175293,0.505939781665802,-0.14900581538677216,0,0
70,LEFT_EYE_OUTER,0.657222330570221,0.5055840015411377,-0.1490071564912796,0,0
70,RIGHT_EYE_INNER,0.6551014184951782,0.5066083073616028,-0.1610492765903473,0,0
70,RIGHT_EYE,0.6532806754112244,0.5067756772041321,-0.16107358038425446,0,0
70,RIGHT_EYE_OUTER,0.6511519551277161,0.5070657730102539,-0.16110652685165405,0,0
70,LEFT_EAR,0.650621235370636,0.5084725022315979,-0.08702000230550766,0,0
70,RIGHT_EAR,0.642650306224823,0.511796772480011,-0.14500799775123596,0,0
70,MOUTH_LEFT,0.6592158079147339,0.526553750038147,-0.12978456914424896,0,0
70,MOUTH_RIGHT,0.6560801863670349,0.5269759893417358,-0.14655336737632751,0,0
70,LEFT_SHOULDER,0.663514256477356,0.5562533140182495,-0.03930729255080223,0,0
70,RIGHT_SHOULDER,0.614679217338562,0.5638891458511353,-0.09944537281990051,0,0
70,LEFT_ELBOW,0.6797142624855042,0.6187967658042908,-0.003671420970931649,0,0
70,RIGHT_ELBOW,0.5844053030014038,0.6125701665878296,-0.11043910682201385,0,0
70,LEFT_WRIST,0.6992475390434265,0.6782177090644836,-0.061550602316856384,0,0
70,RIGHT_WRIST,0.542075514793396,0.6295624375343323,-0.13416963815689087,0,0
70,LEFT_PINKY,0.7045826315879822,0.6993519067764282,-0.07211553305387497,0,0
70,RIGHT_PINKY,0.5281484723091125,0.6343997120857239,-0.1492350995540619,0,0
70,LEFT_INDEX,0.7027854323387146,0.6999638676643372,-0.09383774548768997,0,0
70,RIGHT_INDEX,0.5283527970314026,0.6320948600769043,-0.1671276092529297,0,0
70,LEFT_THUMB,0.7004779577255249,0.6926543116569519,-0.07198938727378845,0,0
70,RIGHT_THUMB,0.532951831817627,0.6313737630844116,-0.14302173256874084,0,0
70,LEFT_HIP,0.6650760769844055,0.7111524939537048,0.02981906570494175,0,0
70,RIGHT_HIP,0.6371564865112305,0.7217660546302795,-0.02989133819937706,0,0
70,LEFT_KNEE,0.6788689494132996,0.8072512745857239,0.09217199683189392,0,0
70,RIGHT_KNEE,0.6359335780143738,0.8163986206054688,0.044199153780937195,0,0
70,LEFT_ANKLE,0.6896881461143494,0.8877542018890381,0.207736536860466,0,0
70,RIGHT_ANKLE,0.6196612119674683,0.8956876993179321,0.18197931349277496,0,0
70,LEFT_HEEL,0.6851621270179749,0.9049467444419861,0.21783015131950378,0,0
70,RIGHT_HEEL,0.6152526140213013,0.9028669595718384,0.19432653486728668,0,0
70,LEFT_FOOT_INDEX,0.7162084579467773,0.9170591235160828,0.17676973342895508,0,0
70,RIGHT_FOOT_INDEX,0.6286488175392151,0.9322274923324585,0.1427043378353119,0,0
71,NOSE,0.6615866422653198,0.5162548422813416,-0.16641958057880402,0,0
71,LEFT_EYE_INNER,0.6592333316802979,0.5062541365623474,-0.15946120023727417,0,0
71,LEFT_EYE,0.6591434478759766,0.5059924125671387,-0.15947481989860535,0,0
71,LEFT_EYE_OUTER,0.6589570641517639,0.505629301071167,-0.1594778448343277,0,0
71,RIGHT_EYE_INNER,0.6566652655601501,0.5065490007400513,-0.17130713164806366,0,0
71,RIGHT_EYE,0.6548243165016174,0.5066201090812683,-0.1713358610868454,0,0
71,RIGHT_EYE_OUTER,0.6527013182640076,0.5068252086639404,-0.17136496305465698,0,0
71,LEFT_EAR,0.6524634957313538,0.5083233714103699,-0.09599350392818451,0,0
71,RIGHT_EAR,0.6439703702926636,0.5116632580757141,-0.15323185920715332,0,0
71,MOUTH_LEFT,0.6607491970062256,0.5266129374504089,-0.13959476351737976,0,0
71,MOUTH_RIGHT,0.6574488878250122,0.5271139740943909,-0.15607480704784393,0,0
71,LEFT_SHOULDER,0.6666612029075623,0.556311309337616,-0.04440020024776459,0,0
71,RIGHT_SHOULDER,0.615462064743042,0.5639029145240784,-0.11402085423469543,0,0
71,LEFT_ELBOW,0.681869387626648,0.6188347935676575,-0.004469933919608593,0,0
71,RIGHT_ELBOW,0.5831845998764038,0.6075214743614197,-0.11386313289403915,0,0
71,LEFT_WRIST,0.701249897480011,0.6800577044487,-0.055860258638858795,0,0
71,RIGHT_WRIST,0.5408849716186523,0.6217557787895203,-0.13886012136936188,0,0
71,LEFT_PINKY,0.7062557935714722,0.700780987739563,-0.06409046053886414,0,0
71,RIGHT_PINKY,0.5284386873245239,0.6242094039916992,-0.14969736337661743,0,0
71,LEFT_INDEX,0.7047096490859985,0.7011815905570984,-0.08577633649110794,0,0
71,RIGHT_INDEX,0.5283193588256836,0.6218047142028809,-0.17608097195625305,0,0
71,LEFT_THUMB,0.7024437189102173,0.6943249702453613,-0.06610935181379318,0,0
71,RIGHT_THUMB,0.5318133234977722,0.6224615573883057,-0.1515825092792511,0,0
71,LEFT_HIP,0.6666422486305237,0.7111641764640808,0.029549380764365196,0,0
71,RIGHT_HIP,0.6379423141479492,0.721698522567749,-0.029611149802803993,0,0
71,LEFT_KNEE,0.6790475845336914,0.8072752952575684,0.09187181293964386,0,0
71,RIGHT_KNEE,0.6362908482551575,0.8164414763450623,0.04320636764168739,0,0
71,LEFT_ANKLE,0.6898641586303711,0.887909471988678,0.20674172043800354,0,0
71,RIGHT_ANKLE,0.6196641325950623,0.89476478099823,0.1803939789533615,0,0
71,LEFT_HEEL,0.685218870639801,0.9049681425094604,0.21670719981193542,0,0
71,RIGHT_HEEL,0.6153768301010132,0.9011492729187012,0.19275198876857758,0,0
71,LEFT_FOOT_INDEX,0.7163704633712769,0.9173247814178467,0.17477931082248688,0,0
71,RIGHT_FOOT_INDEX,0.6287056803703308,0.9321398735046387,0.14082197844982147,0,0
72,NOSE,0.6631429195404053,0.516090989112854,-0.1787324845790863,0,0
72,LEFT_EYE_INNER,0.6608232259750366,0.5059991478919983,-0.17257118225097656,0,0
72,LEFT_EYE,0.6607755422592163,0.5057342648506165,-0.1725814938545227,0,0
72,LEFT_EYE_OUTER,0.660676121711731,0.5053629279136658,-0.17258164286613464,0,0
72,RIGHT_EYE_INNER,0.6582397818565369,0.5062359571456909,-0.1842031329870224,0,0
72,RIGHT_EYE,0.6563687920570374,0.5062789916992188,-0.1842355877161026,0,0
72,RIGHT_EYE_OUTER,0.6541851758956909,0.5064933896064758,-0.1842619776725769,0,0
72,LEFT_EAR,0.6546141505241394,0.5078767538070679,-0.10912324488162994,0,0
72,RIGHT_EAR,0.6452276110649109,0.511507511138916,-0.16562730073928833,0,0
72,MOUTH_LEFT,0.6624524593353271,0.5264599919319153,-0.15156754851341248,0,0
72,MOUTH_RIGHT,0.6589615345001221,0.5270228981971741,-0.16783399879932404,0,0
72,LEFT_SHOULDER,0.6691687107086182,0.5550628900527954,-0.05550644174218178,0,0
72,RIGHT_SHOULDER,0.6162437200546265,0.5630477666854858,-0.12664161622524261,0,0
72,LEFT_ELBOW,0.683712899684906,0.6185795664787292,-0.012545034289360046,0,0
72,RIGHT_ELBOW,0.5843490958213806,0.6056919097900391,-0.1174694076180458,0,0
72,LEFT_WRIST,0.7041174173355103,0.6815440654754639,-0.06484439224004745,0,0
72,RIGHT_WRIST,0.5415336489677429,0.6198498010635376,-0.14579461514949799,0,0
72,LEFT_PINKY,0.7089723348617554,0.7028623223304749,-0.07409397512674332,0,0
72,RIGHT_PINKY,0.5298213958740234,0.619975745677948,-0.15744225680828094,0,0
72,LEFT_INDEX,0.7069276571273804,0.7033173441886902,-0.09637636691331863,0,0
72,RIGHT_INDEX,0.5292446613311768,0.6173245906829834,-0.18427063524723053,0,0
72,LEFT_THUMB,0.7047373652458191,0.6966174244880676,-0.07524862140417099,0,0
72,RIGHT_THUMB,0.5325754284858704,0.61874920129776,-0.1586233526468277,0,0
72,LEFT_HIP,0.6682556867599487,0.710708498954773,0.029571032151579857,0,0
72,RIGHT_HIP,0.6386342644691467,0.7213526964187622,-0.029631229117512703,0,0
72,LEFT_KNEE,0.6794439554214478,0.8072805404663086,0.09540043026208878,0,0
72,RIGHT_KNEE,0.6362370252609253,0.8164961934089661,0.04154166206717491,0,0
72,LEFT_ANKLE,0.6899080276489258,0.8877188563346863,0.21842478215694427,0,0
72,RIGHT_ANKLE,0.6196293234825134,0.8947367668151855,0.17771939933300018,0,0
72,LEFT_HEEL,0.6850394606590271,0.9046419858932495,0.22920416295528412,0,0
72,RIGHT_HEEL,0.6152969002723694,0.9011615514755249,0.1898929625749588,0,0
72,LEFT_FOOT_INDEX,0.716500997543335,0.9171435236930847,0.1879710704088211,0,0
72,RIGHT_FOOT_INDEX,0.629062294960022,0.932175874710083,0.13740095496177673,0,0
73,NOSE,0.6638619303703308,0.5158786177635193,-0.18698550760746002,0,0
73,LEFT_EYE_INNER,0.6618459224700928,0.5056101679801941,-0.18122535943984985,0,0
73,LEFT_EYE,0.6618899703025818,0.5053838491439819,-0.1812334656715393,0,0
73,LEFT_EYE_OUTER,0.6619025468826294,0.5050550103187561,-0.18123194575309753,0,0
73,RIGHT_EYE_INNER,0.6592117547988892,0.5057862401008606,-0.19217266142368317,0,0
73,RIGHT_EYE,0.6573203206062317,0.5058438777923584,-0.19220644235610962,0,0
73,RIGHT_EYE_OUTER,0.6551287174224854,0.5061273574829102,-0.1922353059053421,0,0
73,LEFT_EAR,0.6564713716506958,0.5074446797370911,-0.11820768564939499,0,0
73,RIGHT_EAR,0.6462931036949158,0.511329710483551,-0.1718088537454605,0,0
73,MOUTH_LEFT,0.663543164730072,0.5263139009475708,-0.15993298590183258,0,0
73,MOUTH_RIGHT,0.6599466800689697,0.5268137454986572,-0.175356924533844,0,0
73,LEFT_SHOULDER,0.6712334752082825,0.5548489689826965,-0.06447750329971313,0,0
73,RIGHT_SHOULDER,0.616883397102356,0.5613431334495544,-0.1313433200120926,0,0
73,LEFT_ELBOW,0.6863563060760498,0.6186791658401489,-0.021126262843608856,0,0
73,RIGHT_ELBOW,0.5851227641105652,0.603208065032959,-0.1198519691824913,0,0
73,LEFT_WRIST,0.7071831226348877,0.6836322546005249,-0.07388472557067871,0,0
73,RIGHT_WRIST,0.5430495738983154,0.6196809411048889,-0.14974544942378998,0,0
73,LEFT_PINKY,0.7126678824424744,0.7047756314277649,-0.08393791317939758,0,0
73,RIGHT_PINKY,0.5316594243049622,0.6190322041511536,-0.16247548162937164,0,0
73,LEFT_INDEX,0.709932267665863,0.7052807807922363,-0.10644590109586716,0,0
73,RIGHT_INDEX,0.5313050150871277,0.6165685057640076,-0.18843992054462433,0,0
73,LEFT_THUMB,0.7075347900390625,0.6988058090209961,-0.08430767059326172,0,0
73,RIGHT_THUMB,0.5345418453216553,0.6184414029121399,-0.16220130026340485,0,0
73,LEFT_HIP,0.6692996621131897,0.710062563419342,0.028107382357120514,0,0
73,RIGHT_HIP,0.6389884352684021,0.720307469367981,-0.02816871926188469,0,0
73,LEFT_KNEE,0.6799436211585999,0.8072308897972107,0.09560198336839676,0,0
73,RIGHT_KNEE,0.6359662413597107,0.8161919116973877,0.040469639003276825,0,0
73,LEFT_ANKLE,0.6899547576904297,0.8876530528068542,0.22304639220237732,0,0
73,RIGHT_ANKLE,0.619627058506012,0.8944819569587708,0.17556074261665344,0,0
73,LEFT_HEEL,0.6849206686019897,0.9042937755584717,0.2341691553592682,0,0
73,RIGHT_HEEL,0.6153448820114136,0.9010022878646851,0.18749631941318512,0,0
73,LEFT_FOOT_INDEX,0.716596245765686,0.9170583486557007,0.19221828877925873,0,0
73,RIGHT_FOOT_INDEX,0.6291001439094543,0.932165801525116,0.13413852453231812,0,0
74,NOSE,0.6642857789993286,0.5159202814102173,-0.19213147461414337,0,0
74,LEFT_EYE_INNER,0.6624118089675903,0.5055791735649109,-0.18647406995296478,0,0
74,LEFT_EYE,0.6624969244003296,0.5053220987319946,-0.18648119270801544,0,0
74,LEFT_EYE_OUTER,0.6625142693519592,0.5049577355384827,-0.18648041784763336,0,0
74,RIGHT_EYE_INNER,0.6596134305000305,0.5058176517486572,-0.19684523344039917,0,0
74,RIGHT_EYE,0.6575823426246643,0.5058982968330383,-0.19687987864017487,0,0
74,RIGHT_EYE_OUTER,0.6553567051887512,0.5061994194984436,-0.1969047635793686,0,0
74,LEFT_EAR,0.6570408940315247,0.5071274638175964,-0.1230737641453743,0,0
74,RIGHT_EAR,0.6464940905570984,0.5114083886146545,-0.17406588792800903,0,0
74,MOUTH_LEFT,0.6639701128005981,0.5263524651527405,-0.16487784683704376,0,0
74,MOUTH_RIGHT,0.6601279377937317,0.5268860459327698,-0.17953139543533325,0,0
74,LEFT_SHOULDER,0.6716063618659973,0.55445796251297,-0.06948092579841614,0,0
74,RIGHT_SHOULDER,0.6176342368125916,0.5611425042152405,-0.13148212432861328,0,0
74,LEFT_ELBOW,0.6869350075721741,0.6187482476234436,-0.02955986000597477,0,0
74,RIGHT_ELBOW,0.5848423838615417,0.6029234528541565,-0.12073096632957458,0,0
74,LEFT_WRIST,0.7080509662628174,0.6838573813438416,-0.08816415816545486,0,0
74,RIGHT_WRIST,0.5421018600463867,0.6191805005073547,-0.14953657984733582,0,0
74,LEFT_PINKY,0.7135180234909058,0.7051589488983154,-0.09917238354682922,0,0
74,RIGHT_PINKY,0.5304333567619324,0.618864893913269,-0.16255909204483032,0,0
74,LEFT_INDEX,0.7107211947441101,0.7057302594184875,-0.12213843315839767,0,0
74,RIGHT_INDEX,0.5302315354347229,0.6165304183959961,-0.18721765279769897,0,0
74,LEFT_THUMB,0.708361029624939,0.6991788148880005,-0.09889529645442963,0,0
74,RIGHT_THUMB,0.5336326360702515,0.6180438995361328,-0.16133500635623932,0,0
74,LEFT_HIP,0.6697625517845154,0.7097987532615662,0.02692517451941967,0,0
74,RIGHT_HIP,0.6393722891807556,0.7199408411979675,-0.02698519453406334,0,0
74,LEFT_KNEE,0.6801285147666931,0.8072218298912048,0.09459449350833893,0,0
74,RIGHT_KNEE,0.635911226272583,0.815949022769928,0.040350690484046936,0,0
74,LEFT_ANKLE,0.6899989247322083,0.8876208662986755,0.21935151517391205,0,0
74,RIGHT_ANKLE,0.619594395160675,0.8943352699279785,0.17420829832553864,0,0
74,LEFT_HEEL,0.6847790479660034,0.9039899706840515,0.23010537028312683,0,0
74,RIGHT_HEEL,0.6153008937835693,0.9010080695152283,0.18595337867736816,0,0
74,LEFT_FOOT_INDEX,0.716664731502533,0.9171279668807983,0.18696604669094086,0,0
74,RIGHT_FOOT_INDEX,0.6295096278190613,0.9321768879890442,0.13180281221866608,0,0
75,NOSE,0.6650363206863403,0.5157652497291565,-0.18947969377040863,0,0
75,LEFT_EYE_INNER,0.6634161472320557,0.505424976348877,-0.18352563679218292,0,0
75,LEFT_EYE,0.6635522842407227,0.5051552057266235,-0.18353316187858582,0,0
75,LEFT_EYE_OUTER,0.6636008620262146,0.5047827363014221,-0.18353742361068726,0,0
75,RIGHT_EYE_INNER,0.660517692565918,0.5057387351989746,-0.19442735612392426,0,0
75,RIGHT_EYE,0.6584089398384094,0.5058495402336121,-0.19446156919002533,0,0
75,RIGHT_EYE_OUTER,0.6561688184738159,0.5061600208282471,-0.19448427855968475,0,0
75,LEFT_EAR,0.6581272482872009,0.5069199800491333,-0.1202164813876152,0,0
75,RIGHT_EAR,0.6472421288490295,0.5113242268562317,-0.17331548035144806,0,0
75,MOUTH_LEFT,0.6646891236305237,0.5261844396591187,-0.1623813807964325,0,0
75,MOUTH_RIGHT,0.6606512665748596,0.5266945362091064,-0.17766061425209045,0,0
75,LEFT_SHOULDER,0.6732086539268494,0.5543326139450073,-0.06631216406822205,0,0
75,RIGHT_SHOULDER,0.6188775897026062,0.5600078105926514,-0.1327943503856659,0,0
75,LEFT_ELBOW,0.6888960599899292,0.6186306476593018,-0.02407054230570793,0,0
75,RIGHT_ELBOW,0.5861132144927979,0.6025187969207764,-0.1233866959810257,0,0
75,LEFT_WRIST,0.7104666829109192,0.6833472847938538,-0.0773826390504837,0,0
75,RIGHT_WRIST,0.5438390374183655,0.6190459728240967,-0.15377826988697052,0,0
75,LEFT_PINKY,0.7163827419281006,0.7043038010597229,-0.08730904757976532,0,0
75,RIGHT_PINKY,0.5317221879959106,0.6180700063705444,-0.16800393164157867,0,0
75,LEFT_INDEX,0.7141610383987427,0.705224335193634,-0.11032827198505402,0,0
75,RIGHT_INDEX,0.5314871072769165,0.6161482930183411,-0.19196566939353943,0,0
75,LEFT_THUMB,0.7116409540176392,0.69878751039505,-0.08810072392225266,0,0
75,RIGHT_THUMB,0.5349951386451721,0.6181663870811462,-0.16558586061000824,0,0
75,LEFT_HIP,0.6702003479003906,0.7096617817878723,0.026756376028060913,0,0
75,RIGHT_HIP,0.6398609280586243,0.7191252112388611,-0.026809299364686012,0,0
75,LEFT_KNEE,0.6803224682807922,0.8071709871292114,0.09544827044010162,0,0
75,RIGHT_KNEE,0.6356658339500427,0.8156630992889404,0.04093434661626816,0,0
75,LEFT_ANKLE,0.6900389790534973,0.8875917196273804,0.2199869006872177,0,0
75,RIGHT_ANKLE,0.6196019053459167,0.8940776586532593,0.17405842244625092,0,0
75,LEFT_HEEL,0.6846886277198792,0.9036794304847717,0.2306499481201172,0,0
75,RIGHT_HEEL,0.615709125995636,0.9010193347930908,0.18567241728305817,0,0
75,LEFT_FOOT_INDEX,0.7166174650192261,0.917130172252655,0.1875184178352356,0,0
75,RIGHT_FOOT_INDEX,0.6294994354248047,0.9321781396865845,0.13127321004867554,0,0
76,NOSE,0.6657154560089111,0.5158230066299438,-0.19823221862316132,0,0
76,LEFT_EYE_INNER,0.6642833352088928,0.5054951906204224,-0.19255897402763367,0,0
76,LEFT_EYE,0.6644901633262634,0.5052185654640198,-0.19256559014320374,0,0
76,LEFT_EYE_OUTER,0.6645962595939636,0.5048450827598572,-0.19256462156772614,0,0
76,RIGHT_EYE_INNER,0.6611159443855286,0.5058164000511169,-0.2018262892961502,0,0
76,RIGHT_EYE,0.6589265465736389,0.5059268474578857,-0.201857328414917,0,0
76,RIGHT_EYE_OUTER,0.656642735004425,0.506234347820282,-0.20187176764011383,0,0
76,LEFT_EAR,0.6590850949287415,0.506984293460846,-0.12813973426818848,0,0
76,RIGHT_EAR,0.6477441191673279,0.5113847255706787,-0.1741875559091568,0,0
76,MOUTH_LEFT,0.6654810309410095,0.5262535810470581,-0.1706622689962387,0,0
76,MOUTH_RIGHT,0.6612058877944946,0.5267488956451416,-0.18385282158851624,0,0
76,LEFT_SHOULDER,0.6747637391090393,0.554199755191803,-0.07505139708518982,0,0
76,RIGHT_SHOULDER,0.6199297308921814,0.5595991015434265,-0.13139063119888306,0,0
76,LEFT_ELBOW,0.6912849545478821,0.6186631321907043,-0.03573199361562729,0,0
76,RIGHT_ELBOW,0.5865517258644104,0.6041759252548218,-0.1150694414973259,0,0
76,LEFT_WRIST,0.7138497829437256,0.6829801797866821,-0.0955868661403656,0,0
76,RIGHT_WRIST,0.5472847819328308,0.6220572590827942,-0.14851994812488556,0,0
76,LEFT_PINKY,0.7198655009269714,0.7042739391326904,-0.1080208271741867,0,0
76,RIGHT_PINKY,0.5351360440254211,0.6232352256774902,-0.16211916506290436,0,0
76,LEFT_INDEX,0.7176323533058167,0.7055552005767822,-0.13136480748653412,0,0
76,RIGHT_INDEX,0.5350422263145447,0.6213659644126892,-0.19136279821395874,0,0
76,LEFT_THUMB,0.7151665091514587,0.6991338133811951,-0.10643167793750763,0,0
76,RIGHT_THUMB,0.5385751128196716,0.6224426031112671,-0.16266436874866486,0,0
76,LEFT_HIP,0.6708064675331116,0.7092930674552917,0.024010619148612022,0,0
76,RIGHT_HIP,0.6400824189186096,0.7180927991867065,-0.024069545790553093,0,0
76,LEFT_KNEE,0.6805089712142944,0.8071635365486145,0.09570925682783127,0,0
76,RIGHT_KNEE,0.6352699995040894,0.8153906464576721,0.03892553597688675,0,0
76,LEFT_ANKLE,0.6900707483291626,0.8875954151153564,0.22187338769435883,0,0
76,RIGHT_ANKLE,0.6196502447128296,0.8941935300827026,0.15939918160438538,0,0
76,LEFT_HEEL,0.6846898198127747,0.9035843014717102,0.23245888948440552,0,0
76,RIGHT_HEEL,0.616113543510437,0.9018063545227051,0.1692865639925003,0,0
76,LEFT_FOOT_INDEX,0.7165740132331848,0.9171295762062073,0.18775348365306854,0,0
76,RIGHT_FOOT_INDEX,0.6294912695884705,0.9321807026863098,0.1110185906291008,0,0
