frame_number,landmark,x,y,z,action,label
0,NOSE,0.6115144491195679,0.5121362209320068,-0.24182137846946716,[],0
0,LEFT_EYE_INNER,0.61271733045578,0.5046871900558472,-0.23157072067260742,[],0
0,LEFT_EYE,0.6139485239982605,0.5047760009765625,-0.23157238960266113,[],0
0,LEFT_EYE_OUTER,0.6152791976928711,0.504875898361206,-0.2315828651189804,[],0
0,RIGHT_EYE_INNER,0.608305811882019,0.5042904615402222,-0.23562638461589813,[],0
0,RIGHT_EYE,0.6063152551651001,0.5042608976364136,-0.23565945029258728,[],0
0,RIGHT_EYE_OUTER,0.6040824055671692,0.5041943788528442,-0.23564785718917847,[],0
0,LEFT_EAR,0.6148067712783813,0.5093451738357544,-0.15056897699832916,[],0
0,RIGHT_EAR,0.5977904796600342,0.507622480392456,-0.1705736368894577,[],0
0,MOUTH_LEFT,0.6128447651863098,0.52064049243927,-0.20981954038143158,[],0
0,MOUTH_RIGHT,0.6072064638137817,0.5204137563705444,-0.21558652818202972,[],0
0,LEFT_SHOULDER,0.6253438591957092,0.5534585118293762,-0.07472143322229385,[],0
0,RIGHT_SHOULDER,0.5790762305259705,0.5564433932304382,-0.10019504278898239,[],0
0,LEFT_ELBOW,0.6321062445640564,0.6132872104644775,-0.011458249762654305,[],0
0,RIGHT_ELBOW,0.565388023853302,0.6078901290893555,-0.04195929691195488,[],0
0,LEFT_WRIST,0.6394513845443726,0.657780110836029,-0.05510520562529564,[],0
0,RIGHT_WRIST,0.5548561811447144,0.655924379825592,-0.060659535229206085,[],0
0,LEFT_PINKY,0.6434992551803589,0.669058084487915,-0.06514396518468857,[],0
0,RIGHT_PINKY,0.5498670935630798,0.6731282472610474,-0.06817127019166946,[],0
0,LEFT_INDEX,0.6428638100624084,0.667640745639801,-0.08780227601528168,[],0
0,RIGHT_INDEX,0.5509170889854431,0.6742667555809021,-0.0910046398639679,[],0
0,LEFT_THUMB,0.6408240795135498,0.6646165251731873,-0.06499317288398743,[],0
0,RIGHT_THUMB,0.5532978773117065,0.6705242991447449,-0.06945439428091049,[],0
0,LEFT_HIP,0.6119932532310486,0.6877030730247498,0.0075654019601643085,[],0
0,RIGHT_HIP,0.5831451416015625,0.6830599904060364,-0.007587831001728773,[],0
0,LEFT_KNEE,0.625317394733429,0.7815015912055969,-0.004244230687618256,[],0
0,RIGHT_KNEE,0.5757959485054016,0.780056893825531,-0.014350732788443565,[],0
0,LEFT_ANKLE,0.6311988234519958,0.87868332862854,0.04819227010011673,[],0
0,RIGHT_ANKLE,0.569090723991394,0.8735609650611877,0.057171378284692764,[],0
0,LEFT_HEEL,0.6269662380218506,0.8967887163162231,0.048795633018016815,[],0
0,RIGHT_HEEL,0.5681535601615906,0.8798573017120361,0.05955623462796211,[],0
0,LEFT_FOOT_INDEX,0.6517531275749207,0.9118611812591553,-0.024120735004544258,[],0
0,RIGHT_FOOT_INDEX,0.5652915835380554,0.9125775694847107,-0.015861190855503082,[],0
1,NOSE,0.6114318370819092,0.5123043060302734,-0.18673834204673767,0,0
1,LEFT_EYE_INNER,0.612167239189148,0.5046886205673218,-0.17830941081047058,0,0
1,LEFT_EYE,0.6132733225822449,0.5047502517700195,-0.17833927273750305,0,0
1,LEFT_EYE_OUTER,0.614493727684021,0.5047694444656372,-0.17835941910743713,0,0
1,RIGHT_EYE_INNER,0.6080532670021057,0.5043603777885437,-0.18155953288078308,0,0
1,RIGHT_EYE,0.6060711145401001,0.5043256282806396,-0.1815725713968277,0,0
1,RIGHT_EYE_OUTER,0.6038631200790405,0.5042693614959717,-0.18158286809921265,0,0
1,LEFT_EAR,0.6141008734703064,0.5086258053779602,-0.10915499180555344,0,0
1,RIGHT_EAR,0.5976625084877014,0.5076978802680969,-0.12417782098054886,0,0
1,MOUTH_LEFT,0.6128160357475281,0.5207105278968811,-0.15882369875907898,0,0
1,MOUTH_RIGHT,0.6072599291801453,0.5208612680435181,-0.16320843994617462,0,0
1,LEFT_SHOULDER,0.6243153214454651,0.5511978268623352,-0.05014019086956978,0,0
1,RIGHT_SHOULDER,0.5794036984443665,0.5561405420303345,-0.0684720128774643,0,0
1,LEFT_ELBOW,0.6303637027740479,0.6107588410377502,-0.014583543874323368,0,0
1,RIGHT_ELBOW,0.565434992313385,0.6064057946205139,-0.0403875969350338,0,0
1,LEFT_WRIST,0.6379883289337158,0.6560794115066528,-0.08073926717042923,0,0
1,RIGHT_WRIST,0.5548807382583618,0.6544281840324402,-0.08108732104301453,0,0
1,LEFT_PINKY,0.6426370739936829,0.6689372062683105,-0.09668955951929092,0,0
1,RIGHT_PINKY,0.549857497215271,0.6719951629638672,-0.09411278367042542,0,0
1,LEFT_INDEX,0.6423157453536987,0.6676368117332458,-0.11693550646305084,0,0
1,RIGHT_INDEX,0.5509138703346252,0.6733131408691406,-0.11511560529470444,0,0
1,LEFT_THUMB,0.6402835845947266,0.6644240021705627,-0.09046270698308945,0,0
1,RIGHT_THUMB,0.5533562302589417,0.6687952280044556,-0.0901922732591629,0,0
1,LEFT_HIP,0.6117908954620361,0.6874908804893494,0.006577270105481148,0,0
1,RIGHT_HIP,0.5831831693649292,0.6829056739807129,-0.006581178866326809,0,0
1,LEFT_KNEE,0.6248918771743774,0.7819951176643372,-0.012714581564068794,0,0
1,RIGHT_KNEE,0.5753308534622192,0.7800860404968262,-0.019715093076229095,0,0
1,LEFT_ANKLE,0.631902277469635,0.8790304064750671,0.0299091674387455,0,0
1,RIGHT_ANKLE,0.5687175989151001,0.8735498785972595,0.0326494425535202,0,0
1,LEFT_HEEL,0.6279604434967041,0.8967512845993042,0.029765574261546135,0,0
1,RIGHT_HEEL,0.5681902766227722,0.8800058364868164,0.033728279173374176,0,0
1,LEFT_FOOT_INDEX,0.6517694592475891,0.9118199348449707,-0.040044862776994705,0,0
1,RIGHT_FOOT_INDEX,0.5648624897003174,0.9119344353675842,-0.038016632199287415,0,0
2,NOSE,0.6113499999046326,0.5123993754386902,-0.1917008012533188,0,0
2,LEFT_EYE_INNER,0.6117954254150391,0.5046775937080383,-0.1830371469259262,0,0
2,LEFT_EYE,0.6128296256065369,0.5046712160110474,-0.18306608498096466,0,0
2,LEFT_EYE_OUTER,0.6139994263648987,0.5045807361602783,-0.18308790028095245,0,0
2,RIGHT_EYE_INNER,0.607887327671051,0.5043859481811523,-0.18651701509952545,0,0
2,RIGHT_EYE,0.6059180498123169,0.5043481588363647,-0.18653202056884766,0,0
2,RIGHT_EYE_OUTER,0.6037350296974182,0.5042972564697266,-0.18654242157936096,0,0
2,LEFT_EAR,0.6136349439620972,0.5079600214958191,-0.1125837191939354,0,0
2,RIGHT_EAR,0.5975702404975891,0.5077206492424011,-0.12860959768295288,0,0
2,MOUTH_LEFT,0.6127822399139404,0.5207552313804626,-0.16329790651798248,0,0
2,MOUTH_RIGHT,0.6073025465011597,0.5211392045021057,-0.16798028349876404,0,0
2,LEFT_SHOULDER,0.6237204670906067,0.5498253703117371,-0.05200076103210449,0,0
2,RIGHT_SHOULDER,0.5795234441757202,0.5561274290084839,-0.07163111865520477,0,0
2,LEFT_ELBOW,0.6295590996742249,0.6095845103263855,-0.017778683453798294,0,0
2,RIGHT_ELBOW,0.5654498338699341,0.6059449911117554,-0.042471304535865784,0,0
2,LEFT_WRIST,0.6373883485794067,0.6552906036376953,-0.08407296985387802,0,0
2,RIGHT_WRIST,0.5548741817474365,0.6539618372917175,-0.08802978694438934,0,0
2,LEFT_PINKY,0.6422023177146912,0.6688672304153442,-0.0999382883310318,0,0
2,RIGHT_PINKY,0.5498078465461731,0.6715494394302368,-0.10140527039766312,0,0
2,LEFT_INDEX,0.6420052647590637,0.6676392555236816,-0.12044233828783035,0,0
2,RIGHT_INDEX,0.550890326499939,0.6729100346565247,-0.1223880723118782,0,0
2,LEFT_THUMB,0.6400025486946106,0.6643552780151367,-0.09386798739433289,0,0
2,RIGHT_THUMB,0.5533657670021057,0.6681601405143738,-0.09716363251209259,0,0
2,LEFT_HIP,0.6116812825202942,0.6873568892478943,0.006241458468139172,0,0
2,RIGHT_HIP,0.5832080841064453,0.6828604340553284,-0.006239026784896851,0,0
2,LEFT_KNEE,0.6246936321258545,0.7825981974601746,-0.014568086713552475,0,0
2,RIGHT_KNEE,0.5750234127044678,0.7802460193634033,-0.02045051008462906,0,0
2,LEFT_ANKLE,0.6323468089103699,0.8793042302131653,0.030600078403949738,0,0
2,RIGHT_ANKLE,0.5685684084892273,0.8735501766204834,0.033358026295900345,0,0
2,LEFT_HEEL,0.6284728646278381,0.8967400789260864,0.030781060457229614,0,0
2,RIGHT_HEEL,0.5682884454727173,0.8801755905151367,0.03460892289876938,0,0
2,LEFT_FOOT_INDEX,0.6518595814704895,0.9118034243583679,-0.03919779136776924,0,0
2,RIGHT_FOOT_INDEX,0.5646161437034607,0.9115555882453918,-0.03757251426577568,0,0
3,NOSE,0.6109665036201477,0.5122330784797668,-0.18331576883792877,0,0
3,LEFT_EYE_INNER,0.6109756827354431,0.5040390491485596,-0.17468811571598053,0,0
3,LEFT_EYE,0.611880362033844,0.5037359595298767,-0.17472290992736816,0,0
3,LEFT_EYE_OUTER,0.6129192113876343,0.5033323168754578,-0.174747496843338,0,0
3,RIGHT_EYE_INNER,0.6071425676345825,0.504258394241333,-0.17776764929294586,0,0
3,RIGHT_EYE,0.6051804423332214,0.5042884945869446,-0.17778028547763824,0,0
3,RIGHT_EYE_OUTER,0.6030435562133789,0.5042861700057983,-0.17779001593589783,0,0
3,LEFT_EAR,0.6126089692115784,0.5063939690589905,-0.10616377741098404,0,0
3,RIGHT_EAR,0.5972028374671936,0.5077594518661499,-0.12022044509649277,0,0
3,MOUTH_LEFT,0.6126375794410706,0.5204588770866394,-0.155805766582489,0,0
3,MOUTH_RIGHT,0.6072723269462585,0.5211350917816162,-0.1599130779504776,0,0
3,LEFT_SHOULDER,0.6230551600456238,0.5492414832115173,-0.049157775938510895,0,0
3,RIGHT_SHOULDER,0.5795218348503113,0.5561093091964722,-0.06574493646621704,0,0
3,LEFT_ELBOW,0.6285653710365295,0.6079510450363159,-0.021582385525107384,0,0
3,RIGHT_ELBOW,0.5653924942016602,0.6059560179710388,-0.040474727749824524,0,0
3,LEFT_WRIST,0.6369943022727966,0.6544825434684753,-0.091152124106884,0,0
3,RIGHT_WRIST,0.5539959669113159,0.6538658738136292,-0.08307285606861115,0,0
3,LEFT_PINKY,0.6415985226631165,0.668404757976532,-0.10731802880764008,0,0
3,RIGHT_PINKY,0.5486338138580322,0.6709571480751038,-0.09579075127840042,0,0
3,LEFT_INDEX,0.6414763331413269,0.6675525903701782,-0.12714672088623047,0,0
3,RIGHT_INDEX,0.5493195056915283,0.6724826097488403,-0.11645513027906418,0,0
3,LEFT_THUMB,0.6395333409309387,0.6641563773155212,-0.10081609338521957,0,0
3,RIGHT_THUMB,0.5520595908164978,0.6677387356758118,-0.09210434556007385,0,0
3,LEFT_HIP,0.6112549901008606,0.6862247586250305,0.005724180955439806,0,0
3,RIGHT_HIP,0.5828818082809448,0.6817939281463623,-0.0057225762866437435,0,0
3,LEFT_KNEE,0.6244910955429077,0.783409833908081,-0.01714184880256653,0,0
3,RIGHT_KNEE,0.5742868781089783,0.7798136472702026,-0.023415477946400642,0,0
3,LEFT_ANKLE,0.633075475692749,0.8808873295783997,0.02446284145116806,0,0
3,RIGHT_ANKLE,0.5685663223266602,0.8735529780387878,0.028099892660975456,0,0
3,LEFT_HEEL,0.6286787390708923,0.8972986936569214,0.024350052699446678,0,0
3,RIGHT_HEEL,0.5688416361808777,0.8807355761528015,0.02925693430006504,0,0
3,LEFT_FOOT_INDEX,0.6530105471611023,0.9118080139160156,-0.045045770704746246,0,0
3,RIGHT_FOOT_INDEX,0.5646118521690369,0.9111737012863159,-0.04173415154218674,0,0
4,NOSE,0.6099052429199219,0.5122227668762207,-0.17241695523262024,0,0
4,LEFT_EYE_INNER,0.6100192666053772,0.5039291381835938,-0.16419267654418945,0,0
4,LEFT_EYE,0.6109169721603394,0.5035597681999207,-0.16423234343528748,0,0
4,LEFT_EYE_OUTER,0.6118968725204468,0.5031043887138367,-0.16426515579223633,0,0
4,RIGHT_EYE_INNER,0.6059569716453552,0.5042405724525452,-0.16718952357769012,0,0
4,RIGHT_EYE,0.6039034724235535,0.5042796730995178,-0.16719722747802734,0,0
4,RIGHT_EYE_OUTER,0.6018165349960327,0.5042862892150879,-0.16720150411128998,0,0
4,LEFT_EAR,0.61197429895401,0.5060079097747803,-0.09674786776304245,0,0
4,RIGHT_EAR,0.5961658358573914,0.5077890753746033,-0.11033859848976135,0,0
4,MOUTH_LEFT,0.6117969155311584,0.5204619765281677,-0.14506752789020538,0,0
4,MOUTH_RIGHT,0.6063879132270813,0.5212036967277527,-0.14903384447097778,0,0
4,LEFT_SHOULDER,0.622572660446167,0.5485678315162659,-0.03896777331829071,0,0
4,RIGHT_SHOULDER,0.5789448618888855,0.5561066269874573,-0.05517485365271568,0,0
4,LEFT_ELBOW,0.6281541585922241,0.6074159741401672,-0.003001221688464284,0,0
4,RIGHT_ELBOW,0.5653588175773621,0.6061275005340576,-0.029574615880846977,0,0
4,LEFT_WRIST,0.6366452574729919,0.6541377305984497,-0.060479696840047836,0,0
4,RIGHT_WRIST,0.5529188513755798,0.6539008617401123,-0.07864566892385483,0,0
4,LEFT_PINKY,0.6411397457122803,0.6679695844650269,-0.07509952038526535,0,0
4,RIGHT_PINKY,0.547189474105835,0.6706021428108215,-0.09006128460168839,0,0
4,LEFT_INDEX,0.6410689949989319,0.6673532724380493,-0.0947619304060936,0,0
4,RIGHT_INDEX,0.547558605670929,0.6720675826072693,-0.1111375167965889,0,0
4,LEFT_THUMB,0.6392120122909546,0.663877546787262,-0.06988382339477539,0,0
4,RIGHT_THUMB,0.5504615306854248,0.6674176454544067,-0.0875706598162651,0,0
4,LEFT_HIP,0.6109321713447571,0.685705304145813,0.004862457048147917,0,0
4,RIGHT_HIP,0.5822594165802002,0.6813158988952637,-0.004842343274503946,0,0
4,LEFT_KNEE,0.6240924596786499,0.7836137413978577,-0.0249633826315403,0,0
4,RIGHT_KNEE,0.5733150243759155,0.7790346145629883,-0.04031894728541374,0,0
4,LEFT_ANKLE,0.6332789659500122,0.8809558153152466,0.012393001466989517,0,0
4,RIGHT_ANKLE,0.5685667395591736,0.873727023601532,0.009566634893417358,0,0
4,LEFT_HEEL,0.6286510825157166,0.8972979187965393,0.011693975888192654,0,0
4,RIGHT_HEEL,0.569360077381134,0.8818745613098145,0.01061022374778986,0,0
4,LEFT_FOOT_INDEX,0.6533272862434387,0.9118105173110962,-0.05836225301027298,0,0
4,RIGHT_FOOT_INDEX,0.5645660758018494,0.9111726880073547,-0.05982421338558197,0,0
5,NOSE,0.6091368794441223,0.5121234655380249,-0.17023572325706482,0,0
5,LEFT_EYE_INNER,0.6093786954879761,0.5036468505859375,-0.16141867637634277,0,0
5,LEFT_EYE,0.6102613806724548,0.5032235980033875,-0.16146107017993927,0,0
5,LEFT_EYE_OUTER,0.6111803650856018,0.5027408003807068,-0.1614948958158493,0,0
5,RIGHT_EYE_INNER,0.6052320599555969,0.5040890574455261,-0.16453181207180023,0,0
5,RIGHT_EYE,0.6031906604766846,0.5041558742523193,-0.16454032063484192,0,0
5,RIGHT_EYE_OUTER,0.6011399626731873,0.5042006373405457,-0.16454391181468964,0,0
5,LEFT_EAR,0.6112638115882874,0.5055558085441589,-0.09221551567316055,0,0
5,RIGHT_EAR,0.5955328345298767,0.5077311396598816,-0.10647303611040115,0,0
5,MOUTH_LEFT,0.6110609173774719,0.5204410552978516,-0.1423410326242447,0,0
5,MOUTH_RIGHT,0.60560542345047,0.521202564239502,-0.14649148285388947,0,0
5,LEFT_SHOULDER,0.6219821572303772,0.5474488139152527,-0.033549439162015915,0,0
5,RIGHT_SHOULDER,0.5783844590187073,0.5558631420135498,-0.050550833344459534,0,0
5,LEFT_ELBOW,0.6279512047767639,0.6065554618835449,0.0006508285878226161,0,0
5,RIGHT_ELBOW,0.5654008388519287,0.6061363220214844,-0.02577625773847103,0,0
5,LEFT_WRIST,0.6364020109176636,0.6534814834594727,-0.060394253581762314,0,0
5,RIGHT_WRIST,0.5515146851539612,0.6538480520248413,-0.0781191810965538,0,0
5,LEFT_PINKY,0.6409351229667664,0.6673468351364136,-0.07542236894369125,0,0
5,RIGHT_PINKY,0.5451588034629822,0.669636607170105,-0.09169377386569977,0,0
5,LEFT_INDEX,0.6409008502960205,0.6670708656311035,-0.09552903473377228,0,0
5,RIGHT_INDEX,0.5454898476600647,0.6710522770881653,-0.11289938539266586,0,0
5,LEFT_THUMB,0.6390752196311951,0.6635620594024658,-0.07000341266393661,0,0
5,RIGHT_THUMB,0.5485298037528992,0.6665453910827637,-0.08752439171075821,0,0
5,LEFT_HIP,0.6106233596801758,0.6848567724227905,0.004791350103914738,0,0
5,RIGHT_HIP,0.5818547010421753,0.6805732250213623,-0.004764186218380928,0,0
5,LEFT_KNEE,0.6236207485198975,0.7835955619812012,-0.02870112657546997,0,0
5,RIGHT_KNEE,0.5726442933082581,0.7787474393844604,-0.04897043853998184,0,0
5,LEFT_ANKLE,0.6332423686981201,0.8808556199073792,0.006583455018699169,0,0
5,RIGHT_ANKLE,0.5685116052627563,0.8748916983604431,-0.001425857888534665,0,0
5,LEFT_HEEL,0.6285329461097717,0.8969436883926392,0.005542859435081482,0,0
5,RIGHT_HEEL,0.569449782371521,0.8842394351959229,-0.0007840142352506518,0,0
5,LEFT_FOOT_INDEX,0.6532850861549377,0.9117717742919922,-0.06503386050462723,0,0
5,RIGHT_FOOT_INDEX,0.5645930171012878,0.9111039042472839,-0.07303486764431,0,0
6,NOSE,0.6085841059684753,0.512086808681488,-0.16382767260074615,0,0
6,LEFT_EYE_INNER,0.6088352203369141,0.5034148097038269,-0.15454070270061493,0,0
6,LEFT_EYE,0.6097095608711243,0.5029100179672241,-0.15458771586418152,0,0
6,LEFT_EYE_OUTER,0.6105636954307556,0.5023509860038757,-0.15462493896484375,0,0
6,RIGHT_EYE_INNER,0.6046670079231262,0.5040075182914734,-0.15857218205928802,0,0
6,RIGHT_EYE,0.6026347875595093,0.5040996074676514,-0.1585783213376999,0,0
6,RIGHT_EYE_OUTER,0.6006039381027222,0.5041741728782654,-0.1585768312215805,0,0
6,LEFT_EAR,0.6105669736862183,0.5049252510070801,-0.0844794362783432,0,0
6,RIGHT_EAR,0.5949757695198059,0.5077037811279297,-0.10248220711946487,0,0
6,MOUTH_LEFT,0.6104732155799866,0.5204218029975891,-0.13565412163734436,0,0
6,MOUTH_RIGHT,0.6049659848213196,0.5212194323539734,-0.14086773991584778,0,0
6,LEFT_SHOULDER,0.6215053796768188,0.5463218688964844,-0.02493269369006157,0,0
6,RIGHT_SHOULDER,0.5776678323745728,0.5557284355163574,-0.051012344658374786,0,0
6,LEFT_ELBOW,0.6278902292251587,0.6058389544487,0.004090542439371347,0,0
6,RIGHT_ELBOW,0.5653968453407288,0.6063764095306396,-0.02879389002919197,0,0
6,LEFT_WRIST,0.6364306807518005,0.6526569128036499,-0.061559367924928665,0,0
6,RIGHT_WRIST,0.5495624542236328,0.653799831867218,-0.08247734606266022,0,0
6,LEFT_PINKY,0.6409364938735962,0.6665170788764954,-0.0759512186050415,0,0
6,RIGHT_PINKY,0.5428406596183777,0.6680701375007629,-0.0976676195859909,0,0
6,LEFT_INDEX,0.6409164071083069,0.6664413213729858,-0.09586405754089355,0,0
6,RIGHT_INDEX,0.5429996252059937,0.6690489649772644,-0.1186729222536087,0,0
6,LEFT_THUMB,0.6390973329544067,0.6628690958023071,-0.07123702019453049,0,0
6,RIGHT_THUMB,0.5459704995155334,0.6653783321380615,-0.09210075438022614,0,0
6,LEFT_HIP,0.6106225252151489,0.6838591694831848,0.005510284565389156,0,0
6,RIGHT_HIP,0.5818833708763123,0.6803265810012817,-0.005459441337734461,0,0
6,LEFT_KNEE,0.6235221028327942,0.7832308411598206,-0.030415279790759087,0,0
6,RIGHT_KNEE,0.5725634098052979,0.7787442207336426,-0.052133407443761826,0,0
6,LEFT_ANKLE,0.6332717537879944,0.8805270791053772,0.004252125974744558,0,0
6,RIGHT_ANKLE,0.5682084560394287,0.8759093880653381,-0.006535373628139496,0,0
6,LEFT_HEEL,0.6285014748573303,0.8959558010101318,0.003151033539324999,0,0
6,RIGHT_HEEL,0.5694345831871033,0.8855970501899719,-0.006144228391349316,0,0
6,LEFT_FOOT_INDEX,0.6532539129257202,0.9116390943527222,-0.06665769964456558,0,0
6,RIGHT_FOOT_INDEX,0.5645948648452759,0.911102831363678,-0.07864701002836227,0,0
7,NOSE,0.6082293391227722,0.5119934678077698,-0.17095312476158142,0,0
7,LEFT_EYE_INNER,0.6085290908813477,0.5031408667564392,-0.16166962683200836,0,0
7,LEFT_EYE,0.6094036102294922,0.5025840401649475,-0.1617160439491272,0,0
7,LEFT_EYE_OUTER,0.6102923154830933,0.5019904375076294,-0.16175523400306702,0,0
7,RIGHT_EYE_INNER,0.6043305993080139,0.5038720965385437,-0.16539889574050903,0,0
7,RIGHT_EYE,0.6022434234619141,0.5039985775947571,-0.1654062569141388,0,0
7,RIGHT_EYE_OUTER,0.6001734137535095,0.5041109919548035,-0.16540436446666718,0,0
7,LEFT_EAR,0.6104053258895874,0.5045914649963379,-0.09071670472621918,0,0
7,RIGHT_EAR,0.594513475894928,0.5076399445533752,-0.10742351412773132,0,0
7,MOUTH_LEFT,0.6101254820823669,0.5203934907913208,-0.14240363240242004,0,0
7,MOUTH_RIGHT,0.6046134829521179,0.5212191343307495,-0.14722783863544464,0,0
7,LEFT_SHOULDER,0.6213378310203552,0.5454510450363159,-0.02790692262351513,0,0
7,RIGHT_SHOULDER,0.5775216221809387,0.555708110332489,-0.05488843843340874,0,0
7,LEFT_ELBOW,0.6278913617134094,0.6051099896430969,0.008241514675319195,0,0
7,RIGHT_ELBOW,0.5653635859489441,0.6064609885215759,-0.030354619026184082,0,0
7,LEFT_WRIST,0.6364458203315735,0.6521190404891968,-0.05111456289887428,0,0
7,RIGHT_WRIST,0.548712968826294,0.6537458300590515,-0.08679776638746262,0,0
7,LEFT_PINKY,0.6409574747085571,0.6661084890365601,-0.06526362895965576,0,0
7,RIGHT_PINKY,0.5419858694076538,0.6674289703369141,-0.10203550010919571,0,0
7,LEFT_INDEX,0.6409302949905396,0.6661458611488342,-0.08599492907524109,0,0
7,RIGHT_INDEX,0.5422238111495972,0.6682907938957214,-0.12238836288452148,0,0
7,LEFT_THUMB,0.6391131281852722,0.6624892950057983,-0.06109591946005821,0,0
7,RIGHT_THUMB,0.5451551675796509,0.664882481098175,-0.09623134881258011,0,0
7,LEFT_HIP,0.6105825304985046,0.6830540299415588,0.006050348747521639,0,0
7,RIGHT_HIP,0.5818842649459839,0.680018961429596,-0.005990940611809492,0,0
7,LEFT_KNEE,0.6234928369522095,0.7829035520553589,-0.029680507257580757,0,0
7,RIGHT_KNEE,0.5724136233329773,0.778741180896759,-0.050179820507764816,0,0
7,LEFT_ANKLE,0.6335256099700928,0.8803071975708008,0.005716767627745867,0,0
7,RIGHT_ANKLE,0.5679559111595154,0.8770443201065063,-0.004474048037081957,0,0
7,LEFT_HEEL,0.6285169720649719,0.8954018354415894,0.004705898929387331,0,0
7,RIGHT_HEEL,0.5694242119789124,0.8872518539428711,-0.003955664578825235,0,0
7,LEFT_FOOT_INDEX,0.6532344818115234,0.9116382598876953,-0.06518321484327316,0,0
7,RIGHT_FOOT_INDEX,0.5646150708198547,0.9111239910125732,-0.07630111277103424,0,0
8,NOSE,0.6081172227859497,0.5121403932571411,-0.1722753793001175,0,0
8,LEFT_EYE_INNER,0.6083977818489075,0.5031730532646179,-0.16305582225322723,0,0
8,LEFT_EYE,0.6092711091041565,0.502592921257019,-0.16310104727745056,0,0
8,LEFT_EYE_OUTER,0.6102021336555481,0.5020050406455994,-0.16313883662223816,0,0
8,RIGHT_EYE_INNER,0.6042292714118958,0.5039481520652771,-0.16727448999881744,0,0
8,RIGHT_EYE,0.6021192073822021,0.5040820837020874,-0.16728422045707703,0,0
8,RIGHT_EYE_OUTER,0.6000266671180725,0.504194438457489,-0.16728240251541138,0,0
8,LEFT_EAR,0.6102606058120728,0.5044092535972595,-0.09132145345211029,0,0
8,RIGHT_EAR,0.5943226218223572,0.5076467394828796,-0.11011231690645218,0,0
8,MOUTH_LEFT,0.6099569797515869,0.5205411314964294,-0.14329461753368378,0,0
8,MOUTH_RIGHT,0.6044776439666748,0.5215988755226135,-0.14874385297298431,0,0
8,LEFT_SHOULDER,0.6210256218910217,0.5450513362884521,-0.027476413175463676,0,0
8,RIGHT_SHOULDER,0.5775079727172852,0.55495285987854,-0.05847886949777603,0,0
8,LEFT_ELBOW,0.627422034740448,0.6051498651504517,0.004184137098491192,0,0
8,RIGHT_ELBOW,0.5653600096702576,0.6064790487289429,-0.04011779651045799,0,0
8,LEFT_WRIST,0.6364888548851013,0.6514889001846313,-0.07297921180725098,0,0
8,RIGHT_WRIST,0.5473355054855347,0.6534364819526672,-0.09884481132030487,0,0
8,LEFT_PINKY,0.6409657597541809,0.6655504107475281,-0.08951229602098465,0,0
8,RIGHT_PINKY,0.5411392450332642,0.6668532490730286,-0.1148209273815155,0,0
8,LEFT_INDEX,0.6410330533981323,0.6656710505485535,-0.11053260415792465,0,0
8,RIGHT_INDEX,0.5412552356719971,0.6678723692893982,-0.13465388119220734,0,0
8,LEFT_THUMB,0.6392120122909546,0.6619866490364075,-0.08365202695131302,0,0
8,RIGHT_THUMB,0.5439565777778625,0.6643893718719482,-0.1080811470746994,0,0
8,LEFT_HIP,0.6105896830558777,0.6820918917655945,0.007584666833281517,0,0
8,RIGHT_HIP,0.5820348262786865,0.679641842842102,-0.0075298817828297615,0,0
8,LEFT_KNEE,0.6235691905021667,0.7822908759117126,-0.028494995087385178,0,0
8,RIGHT_KNEE,0.5724701285362244,0.7787470817565918,-0.04750877246260643,0,0
8,LEFT_ANKLE,0.6342169642448425,0.8802000284194946,0.006660355720669031,0,0
8,RIGHT_ANKLE,0.5672763586044312,0.8782642483711243,-0.005226373206824064,0,0
8,LEFT_HEEL,0.6290251016616821,0.8949579000473022,0.00570650864392519,0,0
8,RIGHT_HEEL,0.5683788061141968,0.8888294696807861,-0.005108163226395845,0,0
8,LEFT_FOOT_INDEX,0.6534534692764282,0.9117656946182251,-0.06388253718614578,0,0
8,RIGHT_FOOT_INDEX,0.5646556615829468,0.9111267328262329,-0.07845500111579895,0,0
9,NOSE,0.6081995368003845,0.5127463340759277,-0.15782423317432404,0,0
9,LEFT_EYE_INNER,0.6084621548652649,0.5036921501159668,-0.14943376183509827,0,0
9,LEFT_EYE,0.609311044216156,0.5029770731925964,-0.14947928488254547,0,0
9,LEFT_EYE_OUTER,0.6102330684661865,0.5022457838058472,-0.14951393008232117,0,0
9,RIGHT_EYE_INNER,0.6043201088905334,0.5045855641365051,-0.1551707237958908,0,0
9,RIGHT_EYE,0.6021926999092102,0.5047296285629272,-0.1551782786846161,0,0
9,RIGHT_EYE_OUTER,0.600075364112854,0.5048449039459229,-0.15517430007457733,0,0
9,LEFT_EAR,0.6098490357398987,0.5044066905975342,-0.08164256066083908,0,0
9,RIGHT_EAR,0.5944138765335083,0.507843554019928,-0.10707439482212067,0,0
9,MOUTH_LEFT,0.6099757552146912,0.5207313895225525,-0.1301642805337906,0,0
9,MOUTH_RIGHT,0.60454261302948,0.5222614407539368,-0.13762831687927246,0,0
9,LEFT_SHOULDER,0.6206200122833252,0.5429917573928833,-0.024225672706961632,0,0
9,RIGHT_SHOULDER,0.577536404132843,0.5536487698554993,-0.05795129016041756,0,0
9,LEFT_ELBOW,0.6274434924125671,0.6043824553489685,0.0019947257824242115,0,0
9,RIGHT_ELBOW,0.5653838515281677,0.6064985394477844,-0.041155457496643066,0,0
9,LEFT_WRIST,0.6368623971939087,0.6508198380470276,-0.07716614753007889,0,0
9,RIGHT_WRIST,0.5450560450553894,0.6532385945320129,-0.09488143771886826,0,0
9,LEFT_PINKY,0.6416073441505432,0.6653374433517456,-0.09381590783596039,0,0
9,RIGHT_PINKY,0.5381277799606323,0.6655227541923523,-0.1097945049405098,0,0
9,LEFT_INDEX,0.6415960192680359,0.6654731035232544,-0.11447834968566895,0,0
9,RIGHT_INDEX,0.5381218791007996,0.6661772727966309,-0.13025715947151184,0,0
9,LEFT_THUMB,0.6397773027420044,0.6617327928543091,-0.08770338445901871,0,0
9,RIGHT_THUMB,0.5410758852958679,0.6632845997810364,-0.1042759045958519,0,0
9,LEFT_HIP,0.6106395721435547,0.6813642978668213,0.008257676847279072,0,0
9,RIGHT_HIP,0.5826892256736755,0.6795926690101624,-0.008205387741327286,0,0
9,LEFT_KNEE,0.6250375509262085,0.7793253660202026,-0.029848001897335052,0,0
9,RIGHT_KNEE,0.5724925994873047,0.7788386344909668,-0.04370920732617378,0,0
9,LEFT_ANKLE,0.6347201466560364,0.8775596618652344,0.005479124840348959,0,0
9,RIGHT_ANKLE,0.5668789148330688,0.8782532215118408,-0.0018605745863169432,0,0
9,LEFT_HEEL,0.6295642256736755,0.8919445872306824,0.004726764280349016,0,0
9,RIGHT_HEEL,0.5675054788589478,0.8886674642562866,-0.0019339652499184012,0,0
9,LEFT_FOOT_INDEX,0.6534506678581238,0.9113444685935974,-0.06338288635015488,0,0
9,RIGHT_FOOT_INDEX,0.5648138523101807,0.9110865592956543,-0.07408363372087479,0,0
10,NOSE,0.6082550883293152,0.5145650506019592,-0.1686554104089737,0,0
10,LEFT_EYE_INNER,0.6085191369056702,0.505615770816803,-0.1602868139743805,0,0
10,LEFT_EYE,0.6093738675117493,0.5049669146537781,-0.16032664477825165,0,0
10,LEFT_EYE_OUTER,0.6103108525276184,0.5042837858200073,-0.1603596806526184,0,0
10,RIGHT_EYE_INNER,0.6043468713760376,0.5063148140907288,-0.16534081101417542,0,0
10,RIGHT_EYE,0.6022140383720398,0.5063492059707642,-0.16535082459449768,0,0
10,RIGHT_EYE_OUTER,0.600090742111206,0.5064305663108826,-0.16534367203712463,0,0
10,LEFT_EAR,0.6097765564918518,0.5052307844161987,-0.09104906767606735,0,0
10,RIGHT_EAR,0.5944646596908569,0.5088979601860046,-0.11241897940635681,0,0
10,MOUTH_LEFT,0.6099745035171509,0.5221276879310608,-0.1404932588338852,0,0
10,MOUTH_RIGHT,0.6045919060707092,0.5241158604621887,-0.147127166390419,0,0
10,LEFT_SHOULDER,0.6205794215202332,0.5426484942436218,-0.02841869555413723,0,0
10,RIGHT_SHOULDER,0.5773302912712097,0.5536954998970032,-0.060042500495910645,0,0
10,LEFT_ELBOW,0.6279827356338501,0.6044269800186157,-0.014703902415931225,0,0
10,RIGHT_ELBOW,0.5651448369026184,0.6076135039329529,-0.04047758877277374,0,0
10,LEFT_WRIST,0.6383559107780457,0.6509594321250916,-0.09407863765954971,0,0
10,RIGHT_WRIST,0.5429719090461731,0.6532431840896606,-0.09072469174861908,0,0
10,LEFT_PINKY,0.6430256962776184,0.6653669476509094,-0.11113614588975906,0,0
10,RIGHT_PINKY,0.535631537437439,0.6646871566772461,-0.10462187975645065,0,0
10,LEFT_INDEX,0.6427967548370361,0.6654815077781677,-0.13134196400642395,0,0
10,RIGHT_INDEX,0.5355871915817261,0.6642060875892639,-0.12582215666770935,0,0
10,LEFT_THUMB,0.6410345435142517,0.6617363691329956,-0.10432655364274979,0,0
10,RIGHT_THUMB,0.538655698299408,0.6620240807533264,-0.10031206905841827,0,0
10,LEFT_HIP,0.6110597848892212,0.6809491515159607,0.007602103520184755,0,0
10,RIGHT_HIP,0.5834583044052124,0.6796080470085144,-0.0075515201315283775,0,0
10,LEFT_KNEE,0.6283186674118042,0.7769969701766968,-0.038904983550310135,0,0
10,RIGHT_KNEE,0.5725850462913513,0.779051661491394,-0.04536619409918785,0,0
10,LEFT_ANKLE,0.6364739537239075,0.8751693367958069,-0.005007505416870117,0,0
10,RIGHT_ANKLE,0.5666071772575378,0.8781075477600098,-0.0058849873021245,0,0
10,LEFT_HEEL,0.632142186164856,0.8890823721885681,-0.005915157962590456,0,0
10,RIGHT_HEEL,0.5671553015708923,0.8884458541870117,-0.0060525136068463326,0,0
10,LEFT_FOOT_INDEX,0.653965413570404,0.9112123847007751,-0.07399695366621017,0,0
10,RIGHT_FOOT_INDEX,0.5648230910301208,0.9110881090164185,-0.07672500610351562,0,0
11,NOSE,0.6087606549263,0.5186598300933838,-0.16996726393699646,0,0
11,LEFT_EYE_INNER,0.6089099049568176,0.5101833343505859,-0.16441576182842255,0,0
11,LEFT_EYE,0.6096636056900024,0.5097628831863403,-0.16444428265094757,0,0
11,LEFT_EYE_OUTER,0.6104605197906494,0.5092235207557678,-0.1644728034734726,0,0
11,RIGHT_EYE_INNER,0.6051362752914429,0.51033616065979,-0.17203494906425476,0,0
11,RIGHT_EYE,0.6032300591468811,0.5101832151412964,-0.17204563319683075,0,0
11,RIGHT_EYE_OUTER,0.601158082485199,0.5101183652877808,-0.17204050719738007,0,0
11,LEFT_EAR,0.6098310351371765,0.5093169212341309,-0.10036852955818176,0,0
11,RIGHT_EAR,0.5948477983474731,0.5115549564361572,-0.12781618535518646,0,0
11,MOUTH_LEFT,0.6099922060966492,0.5253546833992004,-0.14161668717861176,0,0
11,MOUTH_RIGHT,0.6048158407211304,0.5272996425628662,-0.15258079767227173,0,0
11,LEFT_SHOULDER,0.6206609010696411,0.5429667234420776,-0.044477399438619614,0,0
11,RIGHT_SHOULDER,0.5772244334220886,0.554521381855011,-0.06875957548618317,0,0
11,LEFT_ELBOW,0.6296056509017944,0.6053205132484436,-0.02046043425798416,0,0
11,RIGHT_ELBOW,0.564493715763092,0.6098190546035767,-0.04456367343664169,0,0
11,LEFT_WRIST,0.6416395306587219,0.6527832746505737,-0.09406852722167969,0,0
11,RIGHT_WRIST,0.5411737561225891,0.653302788734436,-0.09046618640422821,0,0
11,LEFT_PINKY,0.6458986401557922,0.6670154929161072,-0.11026959121227264,0,0
11,RIGHT_PINKY,0.5327950716018677,0.6629502177238464,-0.10362308472394943,0,0
11,LEFT_INDEX,0.645368218421936,0.6671063899993896,-0.13133326172828674,0,0
11,RIGHT_INDEX,0.5329126119613647,0.6616992950439453,-0.12639793753623962,0,0
11,LEFT_THUMB,0.6436212658882141,0.6631681323051453,-0.10457803308963776,0,0
11,RIGHT_THUMB,0.5364433526992798,0.6604445576667786,-0.10072194039821625,0,0
11,LEFT_HIP,0.6128523945808411,0.6812191009521484,0.005961660761386156,0,0
11,RIGHT_HIP,0.5849519371986389,0.681702196598053,-0.005927651654928923,0,0
11,LEFT_KNEE,0.632759690284729,0.7762787938117981,-0.046384941786527634,0,0
11,RIGHT_KNEE,0.5725998282432556,0.7796251177787781,-0.04622950777411461,0,0
11,LEFT_ANKLE,0.6396971344947815,0.8736066818237305,0.002596707781776786,0,0
11,RIGHT_ANKLE,0.5666043758392334,0.8780608773231506,-0.0034472334664314985,0,0
11,LEFT_HEEL,0.6346558332443237,0.8866334557533264,0.0021843989379704,0,0
11,RIGHT_HEEL,0.5672408938407898,0.888153612613678,-0.00361273274756968,0,0
11,LEFT_FOOT_INDEX,0.6557375192642212,0.910760760307312,-0.06700992584228516,0,0
11,RIGHT_FOOT_INDEX,0.5645269155502319,0.911099910736084,-0.06596793979406357,0,0
12,NOSE,0.6106367111206055,0.5212517976760864,-0.1910948008298874,0,0
12,LEFT_EYE_INNER,0.6108465790748596,0.5128954648971558,-0.1830049306154251,0,0
12,LEFT_EYE,0.6116469502449036,0.5124801993370056,-0.18303877115249634,0,0
12,LEFT_EYE_OUTER,0.6124889850616455,0.5119614005088806,-0.18306978046894073,0,0
12,RIGHT_EYE_INNER,0.6070078015327454,0.5130867958068848,-0.1906684935092926,0,0
12,RIGHT_EYE,0.6050241589546204,0.5129590630531311,-0.19068418443202972,0,0
12,RIGHT_EYE_OUTER,0.6028640270233154,0.5128055214881897,-0.19067807495594025,0,0
12,LEFT_EAR,0.610873281955719,0.5118278861045837,-0.11082075536251068,0,0
12,RIGHT_EAR,0.5961103439331055,0.5135501623153687,-0.14408494532108307,0,0
12,MOUTH_LEFT,0.6112508773803711,0.5278357267379761,-0.16086816787719727,0,0
12,MOUTH_RIGHT,0.6061461567878723,0.5295361280441284,-0.17136892676353455,0,0
12,LEFT_SHOULDER,0.6210249662399292,0.5430672764778137,-0.04843480885028839,0,0
12,RIGHT_SHOULDER,0.5773380994796753,0.5570799708366394,-0.08388157933950424,0,0
12,LEFT_ELBOW,0.631260871887207,0.6058122515678406,-0.016320619732141495,0,0
12,RIGHT_ELBOW,0.5638344883918762,0.6119583249092102,-0.058497123420238495,0,0
12,LEFT_WRIST,0.645172119140625,0.6535529494285583,-0.08642883598804474,0,0
12,RIGHT_WRIST,0.5383979082107544,0.6534490585327148,-0.09974854439496994,0,0
12,LEFT_PINKY,0.6502666473388672,0.6677092909812927,-0.1023147851228714,0,0
12,RIGHT_PINKY,0.5303488373756409,0.6611652970314026,-0.11250725388526917,0,0
12,LEFT_INDEX,0.6497408151626587,0.667616605758667,-0.12400753051042557,0,0
12,RIGHT_INDEX,0.5302066802978516,0.6599771976470947,-0.1367151439189911,0,0
12,LEFT_THUMB,0.6477101445198059,0.6635867953300476,-0.09708284586668015,0,0
12,RIGHT_THUMB,0.5334246158599854,0.6593926548957825,-0.11050069332122803,0,0
12,LEFT_HIP,0.6143121123313904,0.6834680438041687,0.007530895061790943,0,0
12,RIGHT_HIP,0.5862920880317688,0.6843829154968262,-0.007501793559640646,0,0
12,LEFT_KNEE,0.6365100741386414,0.7747392058372498,-0.048994939774274826,0,0
12,RIGHT_KNEE,0.572906494140625,0.7803764939308167,-0.053652334958314896,0,0
12,LEFT_ANKLE,0.6424922347068787,0.870272159576416,0.009959599003195763,0,0
12,RIGHT_ANKLE,0.5666321516036987,0.8780097365379333,-0.0032280865125358105,0,0
12,LEFT_HEEL,0.6357929706573486,0.8844975829124451,0.01306852139532566,0,0
12,RIGHT_HEEL,0.5674336552619934,0.8879512548446655,0.0022175635676831007,0,0
12,LEFT_FOOT_INDEX,0.6602542996406555,0.9080835580825806,-0.051521185785532,0,0
12,RIGHT_FOOT_INDEX,0.5642625689506531,0.9111684560775757,-0.05994671583175659,0,0
13,NOSE,0.6115732789039612,0.5225033164024353,-0.1953161656856537,0,0
13,LEFT_EYE_INNER,0.6118009090423584,0.5140519142150879,-0.18672174215316772,0,0
13,LEFT_EYE,0.6126211285591125,0.5136159658432007,-0.18675701320171356,0,0
13,LEFT_EYE_OUTER,0.6134757995605469,0.5130917429924011,-0.18678797781467438,0,0
13,RIGHT_EYE_INNER,0.6079208254814148,0.5143182873725891,-0.19440028071403503,0,0
13,RIGHT_EYE,0.6058905720710754,0.5141996145248413,-0.19441628456115723,0,0
13,RIGHT_EYE_OUTER,0.6036889553070068,0.5140208601951599,-0.1944115161895752,0,0
13,LEFT_EAR,0.6113985180854797,0.5128949880599976,-0.11269725859165192,0,0
13,RIGHT_EAR,0.5967085361480713,0.5144780874252319,-0.14741288125514984,0,0
13,MOUTH_LEFT,0.6119863390922546,0.5291001200675964,-0.1646757572889328,0,0
13,MOUTH_RIGHT,0.6068660020828247,0.5307676792144775,-0.17497295141220093,0,0
13,LEFT_SHOULDER,0.6211782097816467,0.5431825518608093,-0.047542255371809006,0,0
13,RIGHT_SHOULDER,0.5773676633834839,0.5586768388748169,-0.086866095662117,0,0
13,LEFT_ELBOW,0.6320145726203918,0.6062490940093994,-0.008079055696725845,0,0
13,RIGHT_ELBOW,0.563271164894104,0.613104522228241,-0.060734935104846954,0,0
13,LEFT_WRIST,0.6462050080299377,0.6538756489753723,-0.07700322568416595,0,0
13,RIGHT_WRIST,0.5376104712486267,0.6538203954696655,-0.10303924232721329,0,0
13,LEFT_PINKY,0.6513664722442627,0.667945921421051,-0.0928853377699852,0,0
13,RIGHT_PINKY,0.5296480059623718,0.660740852355957,-0.11606346815824509,0,0
13,LEFT_INDEX,0.6510353684425354,0.6677828431129456,-0.11666260659694672,0,0
13,RIGHT_INDEX,0.5294798612594604,0.659579336643219,-0.14052890241146088,0,0
13,LEFT_THUMB,0.6490126848220825,0.6637656688690186,-0.0886983796954155,0,0
13,RIGHT_THUMB,0.5326809287071228,0.6590749621391296,-0.11387717723846436,0,0
13,LEFT_HIP,0.6152478456497192,0.6847629547119141,0.008686850778758526,0,0
13,RIGHT_HIP,0.5870909094810486,0.6858471632003784,-0.008655532263219357,0,0
13,LEFT_KNEE,0.6378576755523682,0.7749237418174744,-0.04525010287761688,0,0
13,RIGHT_KNEE,0.5732969641685486,0.7810769081115723,-0.05071193352341652,0,0
13,LEFT_ANKLE,0.6437253952026367,0.870199978351593,0.01535111479461193,0,0
13,RIGHT_ANKLE,0.5668067336082458,0.8777623772621155,0.009540899656713009,0,0
13,LEFT_HEEL,0.636766254901886,0.884711503982544,0.018170498311519623,0,0
13,RIGHT_HEEL,0.5679129362106323,0.8877808451652527,0.01367067638784647,0,0
13,LEFT_FOOT_INDEX,0.661733090877533,0.9071671962738037,-0.04820501431822777,0,0
13,RIGHT_FOOT_INDEX,0.5642536282539368,0.9111698269844055,-0.053165923804044724,0,0
14,NOSE,0.6127913594245911,0.5244885683059692,-0.20590505003929138,0,0
14,LEFT_EYE_INNER,0.6134251356124878,0.5160109400749207,-0.19658641517162323,0,0
14,LEFT_EYE,0.6143844127655029,0.5156830549240112,-0.1966206431388855,0,0
14,LEFT_EYE_OUTER,0.6152952313423157,0.5152658820152283,-0.19665192067623138,0,0
14,RIGHT_EYE_INNER,0.6092215180397034,0.5159522294998169,-0.20298855006694794,0,0
14,RIGHT_EYE,0.6071227788925171,0.5156897902488708,-0.20300833880901337,0,0
14,RIGHT_EYE_OUTER,0.6049307584762573,0.5153234004974365,-0.20301318168640137,0,0
14,LEFT_EAR,0.613451361656189,0.5147969126701355,-0.12062883377075195,0,0
14,RIGHT_EAR,0.5983375310897827,0.5151687264442444,-0.15028031170368195,0,0
14,MOUTH_LEFT,0.6132763028144836,0.5315617918968201,-0.17493987083435059,0,0
14,MOUTH_RIGHT,0.608011782169342,0.5324317812919617,-0.18354447185993195,0,0
14,LEFT_SHOULDER,0.622904896736145,0.5442243218421936,-0.05314306914806366,0,0
14,RIGHT_SHOULDER,0.5795104503631592,0.559309720993042,-0.09072913229465485,0,0
14,LEFT_ELBOW,0.6345789432525635,0.6062704920768738,-0.009933803230524063,0,0
14,RIGHT_ELBOW,0.5633256435394287,0.6127972602844238,-0.06765474379062653,0,0
14,LEFT_WRIST,0.6506856083869934,0.6547134518623352,-0.07481827586889267,0,0
14,RIGHT_WRIST,0.5368839502334595,0.6521356701850891,-0.11164263635873795,0,0
14,LEFT_PINKY,0.6564260721206665,0.6691060662269592,-0.08931294083595276,0,0
14,RIGHT_PINKY,0.5279557704925537,0.6584377884864807,-0.12499744445085526,0,0
14,LEFT_INDEX,0.6562647223472595,0.6693042516708374,-0.11258284002542496,0,0
14,RIGHT_INDEX,0.5273053646087646,0.6569088697433472,-0.14935900270938873,0,0
14,LEFT_THUMB,0.6539796590805054,0.6649391651153564,-0.08619406074285507,0,0
14,RIGHT_THUMB,0.5307996869087219,0.6565474271774292,-0.12270592153072357,0,0
14,LEFT_HIP,0.6170846223831177,0.687166154384613,0.010076687671244144,0,0
14,RIGHT_HIP,0.5886619091033936,0.6871116757392883,-0.010065123438835144,0,0
14,LEFT_KNEE,0.6403140425682068,0.7745571136474609,-0.041702017188072205,0,0
14,RIGHT_KNEE,0.5742589235305786,0.7820607423782349,-0.048868972808122635,0,0
14,LEFT_ANKLE,0.6465184092521667,0.8686395287513733,0.03315425291657448,0,0
14,RIGHT_ANKLE,0.5670768022537231,0.877681314945221,0.022233115509152412,0,0
14,LEFT_HEEL,0.6391792297363281,0.8848392963409424,0.03684725612401962,0,0
14,RIGHT_HEEL,0.5681443810462952,0.8878048658370972,0.02605563774704933,0,0
14,LEFT_FOOT_INDEX,0.6667605638504028,0.9059008955955505,-0.026736384257674217,0,0
14,RIGHT_FOOT_INDEX,0.564267098903656,0.9112468361854553,-0.0420064814388752,0,0
15,NOSE,0.6153956651687622,0.5246307253837585,-0.20896866917610168,0,0
15,LEFT_EYE_INNER,0.6162287592887878,0.5159963965415955,-0.19908903539180756,0,0
15,LEFT_EYE,0.6173456311225891,0.515728235244751,-0.1991252452135086,0,0
15,LEFT_EYE_OUTER,0.6185134053230286,0.515380322933197,-0.19915713369846344,0,0
15,RIGHT_EYE_INNER,0.6117671728134155,0.5159243941307068,-0.2041732221841812,0,0
15,RIGHT_EYE,0.6097224354743958,0.5157480835914612,-0.20419669151306152,0,0
15,RIGHT_EYE_OUTER,0.6075387597084045,0.5154842734336853,-0.2042010873556137,0,0
15,LEFT_EAR,0.6173149943351746,0.5154320597648621,-0.12336818873882294,0,0
15,RIGHT_EAR,0.6017500162124634,0.5157623291015625,-0.14736928045749664,0,0
15,MOUTH_LEFT,0.6165062785148621,0.5322891473770142,-0.17861565947532654,0,0
15,MOUTH_RIGHT,0.6107023358345032,0.5330108404159546,-0.18545277416706085,0,0
15,LEFT_SHOULDER,0.627362847328186,0.5481324791908264,-0.06015299633145332,0,0
15,RIGHT_SHOULDER,0.5833622813224792,0.5603231191635132,-0.08845158666372299,0,0
15,LEFT_ELBOW,0.6391183733940125,0.6062794923782349,-0.030428441241383553,0,0
15,RIGHT_ELBOW,0.5635356307029724,0.6126119494438171,-0.06751512736082077,0,0
15,LEFT_WRIST,0.6566340923309326,0.6548126935958862,-0.09967216104269028,0,0
15,RIGHT_WRIST,0.5369301438331604,0.6502370834350586,-0.10956380516290665,0,0
15,LEFT_PINKY,0.6619502902030945,0.6693019866943359,-0.11464159935712814,0,0
15,RIGHT_PINKY,0.5268465876579285,0.6567434668540955,-0.1218070536851883,0,0
15,LEFT_INDEX,0.6616917848587036,0.6697990894317627,-0.13566729426383972,0,0
15,RIGHT_INDEX,0.5263081789016724,0.6548199653625488,-0.14631718397140503,0,0
15,LEFT_THUMB,0.6595444083213806,0.6652604937553406,-0.11013026535511017,0,0
15,RIGHT_THUMB,0.5298497676849365,0.6542852520942688,-0.120767742395401,0,0
15,LEFT_HIP,0.6195932030677795,0.6899325847625732,0.009859046898782253,0,0
15,RIGHT_HIP,0.5909315347671509,0.6882215738296509,-0.00984218716621399,0,0
15,LEFT_KNEE,0.644521951675415,0.7748118042945862,-0.047440268099308014,0,0
15,RIGHT_KNEE,0.5763457417488098,0.7828876972198486,-0.050529297441244125,0,0
15,LEFT_ANKLE,0.6496464610099792,0.8689541220664978,0.02587178722023964,0,0
15,RIGHT_ANKLE,0.5676561594009399,0.877195417881012,0.021603016182780266,0,0
15,LEFT_HEEL,0.6412169933319092,0.8858851194381714,0.0326506681740284,0,0
15,RIGHT_HEEL,0.568499743938446,0.8876126408576965,0.023732325062155724,0,0
15,LEFT_FOOT_INDEX,0.6693680882453918,0.9061459302902222,-0.03613720089197159,0,0
15,RIGHT_FOOT_INDEX,0.5643036961555481,0.9112250804901123,-0.04733927547931671,0,0
16,NOSE,0.6187384128570557,0.5274609327316284,-0.22253280878067017,0,0
16,LEFT_EYE_INNER,0.619695782661438,0.5182462334632874,-0.21282859146595,0,0
16,LEFT_EYE,0.620911717414856,0.5180178284645081,-0.21286223828792572,0,0
16,LEFT_EYE_OUTER,0.6221029758453369,0.517720103263855,-0.21290428936481476,0,0
16,RIGHT_EYE_INNER,0.6150983572006226,0.5181642174720764,-0.21677939593791962,0,0
16,RIGHT_EYE,0.6129483580589294,0.5180665254592896,-0.2168150097131729,0,0
16,RIGHT_EYE_OUTER,0.6107786893844604,0.517946183681488,-0.21681727468967438,0,0
16,LEFT_EAR,0.6207285523414612,0.5178971886634827,-0.13643671572208405,0,0
16,RIGHT_EAR,0.6054760813713074,0.5183740854263306,-0.15515422821044922,0,0
16,MOUTH_LEFT,0.6199149489402771,0.5356643199920654,-0.19182690978050232,0,0
16,MOUTH_RIGHT,0.6139726638793945,0.5363273024559021,-0.19719530642032623,0,0
16,LEFT_SHOULDER,0.6319939494132996,0.5522717237472534,-0.0699501559138298,0,0
16,RIGHT_SHOULDER,0.5868730545043945,0.5626864433288574,-0.08809325098991394,0,0
16,LEFT_ELBOW,0.6445451974868774,0.6076767444610596,-0.02588176541030407,0,0
16,RIGHT_ELBOW,0.565824568271637,0.6139730215072632,-0.06264010071754456,0,0
16,LEFT_WRIST,0.6632060408592224,0.654804527759552,-0.08127474784851074,0,0
16,RIGHT_WRIST,0.535771369934082,0.6482985615730286,-0.09230136126279831,0,0
16,LEFT_PINKY,0.6695690155029297,0.668871283531189,-0.09079046547412872,0,0
16,RIGHT_PINKY,0.5256031155586243,0.6556470990180969,-0.09955041855573654,0,0
16,LEFT_INDEX,0.6698367595672607,0.6697468757629395,-0.11213742941617966,0,0
16,RIGHT_INDEX,0.5253533720970154,0.6536819338798523,-0.12631817162036896,0,0
16,LEFT_THUMB,0.6674553155899048,0.6652269959449768,-0.0909816175699234,0,0
16,RIGHT_THUMB,0.528756856918335,0.6528077125549316,-0.10432508587837219,0,0
16,LEFT_HIP,0.6236459016799927,0.6919457316398621,0.006248162128031254,0,0
16,RIGHT_HIP,0.5950556397438049,0.6893987059593201,-0.006224191281944513,0,0
16,LEFT_KNEE,0.6486093401908875,0.775046706199646,-0.07064227759838104,0,0
16,RIGHT_KNEE,0.5789923071861267,0.7837039828300476,-0.06205258518457413,0,0
16,LEFT_ANKLE,0.6521332859992981,0.875455379486084,-0.014648882672190666,0,0
16,RIGHT_ANKLE,0.5679613351821899,0.8770811557769775,-0.0008807436679489911,0,0
16,LEFT_HEEL,0.642504870891571,0.8936135172843933,-0.012878653593361378,0,0
16,RIGHT_HEEL,0.5688106417655945,0.887536346912384,0.0013229065807536244,0,0
16,LEFT_FOOT_INDEX,0.6676037311553955,0.9113081097602844,-0.08048462122678757,0,0
16,RIGHT_FOOT_INDEX,0.563687264919281,0.9107552170753479,-0.0668158158659935,0,0
17,NOSE,0.6246376633644104,0.5340176820755005,-0.23855242133140564,0,0
17,LEFT_EYE_INNER,0.6249023079872131,0.5245387554168701,-0.22915150225162506,0,0
17,LEFT_EYE,0.6257944703102112,0.5241162180900574,-0.22919592261314392,0,0
17,LEFT_EYE_OUTER,0.6267097592353821,0.5235530734062195,-0.2292414754629135,0,0
17,RIGHT_EYE_INNER,0.6208484172821045,0.5248067378997803,-0.23438599705696106,0,0
17,RIGHT_EYE,0.618717610836029,0.5247569680213928,-0.23441991209983826,0,0
17,RIGHT_EYE_OUTER,0.6165190935134888,0.5246316194534302,-0.23442865908145905,0,0
17,LEFT_EAR,0.6246632933616638,0.522367000579834,-0.15023425221443176,0,0
17,RIGHT_EAR,0.610528290271759,0.5244473814964294,-0.17482583224773407,0,0
17,MOUTH_LEFT,0.625433623790741,0.5416318774223328,-0.2064456343650818,0,0
17,MOUTH_RIGHT,0.619935154914856,0.5425429940223694,-0.21352721750736237,0,0
17,LEFT_SHOULDER,0.6359502077102661,0.554684042930603,-0.08280779421329498,0,0
17,RIGHT_SHOULDER,0.5906323790550232,0.5657004117965698,-0.10258661210536957,0,0
17,LEFT_ELBOW,0.6518320441246033,0.610820472240448,-0.05003988742828369,0,0
17,RIGHT_ELBOW,0.570722758769989,0.6210373044013977,-0.07550128549337387,0,0
17,LEFT_WRIST,0.6705806851387024,0.6555553078651428,-0.12410993874073029,0,0
17,RIGHT_WRIST,0.5368782877922058,0.650001585483551,-0.11561968177556992,0,0
17,LEFT_PINKY,0.6780927777290344,0.6688522696495056,-0.13953284919261932,0,0
17,RIGHT_PINKY,0.5271651744842529,0.6557789444923401,-0.12556220591068268,0,0
17,LEFT_INDEX,0.678702712059021,0.6698268055915833,-0.1621190905570984,0,0
17,RIGHT_INDEX,0.5268579125404358,0.6547712087631226,-0.15267658233642578,0,0
17,LEFT_THUMB,0.6756035089492798,0.6656765937805176,-0.13526533544063568,0,0
17,RIGHT_THUMB,0.5302172303199768,0.6536492109298706,-0.12783898413181305,0,0
17,LEFT_HIP,0.6287800669670105,0.6958242058753967,0.006035799626260996,0,0
17,RIGHT_HIP,0.5994623899459839,0.6932645440101624,-0.006007388699799776,0,0
17,LEFT_KNEE,0.6528607606887817,0.7813472747802734,-0.05767880380153656,0,0
17,RIGHT_KNEE,0.5824614763259888,0.7857859134674072,-0.05712934210896492,0,0
17,LEFT_ANKLE,0.6523800492286682,0.8858988285064697,-0.009320401586592197,0,0
17,RIGHT_ANKLE,0.568699300289154,0.877089262008667,0.020712103694677353,0,0
17,LEFT_HEEL,0.6428537964820862,0.904233455657959,-0.012602145783603191,0,0
17,RIGHT_HEEL,0.5693749189376831,0.8875048756599426,0.024219602346420288,0,0
17,LEFT_FOOT_INDEX,0.6696885824203491,0.9200779795646667,-0.07873246818780899,0,0
17,RIGHT_FOOT_INDEX,0.562972366809845,0.9105255603790283,-0.042295753955841064,0,0
18,NOSE,0.6299791932106018,0.5396718978881836,-0.21657902002334595,0,0
18,LEFT_EYE_INNER,0.6302422881126404,0.5299279689788818,-0.20718573033809662,0,0
18,LEFT_EYE,0.6311255693435669,0.5294014811515808,-0.20727640390396118,0,0
18,LEFT_EYE_OUTER,0.6319319605827332,0.5287646055221558,-0.20735806226730347,0,0
18,RIGHT_EYE_INNER,0.6260368824005127,0.5304805636405945,-0.21429374814033508,0,0
18,RIGHT_EYE,0.6237499713897705,0.5304741859436035,-0.21432356536388397,0,0
18,RIGHT_EYE_OUTER,0.6214314103126526,0.5303683280944824,-0.21434582769870758,0,0
18,LEFT_EAR,0.6297729015350342,0.5274611115455627,-0.1317330002784729,0,0
18,RIGHT_EAR,0.6149612665176392,0.5305004119873047,-0.16604727506637573,0,0
18,MOUTH_LEFT,0.63092041015625,0.5468452572822571,-0.1857631504535675,0,0
18,MOUTH_RIGHT,0.6251528859138489,0.5471295714378357,-0.19494041800498962,0,0
18,LEFT_SHOULDER,0.6412969827651978,0.5591531991958618,-0.07460122555494308,0,0
18,RIGHT_SHOULDER,0.5939130187034607,0.5741264820098877,-0.09635110199451447,0,0
18,LEFT_ELBOW,0.6584119200706482,0.6126227378845215,-0.038056377321481705,0,0
18,RIGHT_ELBOW,0.5780206918716431,0.6321846842765808,-0.06762070953845978,0,0
18,LEFT_WRIST,0.6779670119285583,0.6558537483215332,-0.11052434891462326,0,0
18,RIGHT_WRIST,0.5473287105560303,0.6672413349151611,-0.10945741087198257,0,0
18,LEFT_PINKY,0.6844679713249207,0.6686171293258667,-0.12601394951343536,0,0
18,RIGHT_PINKY,0.5388582944869995,0.6723861694335938,-0.12052891403436661,0,0
18,LEFT_INDEX,0.6852437257766724,0.6697742938995361,-0.14707382023334503,0,0
18,RIGHT_INDEX,0.5383751392364502,0.6688953042030334,-0.14621980488300323,0,0
18,LEFT_THUMB,0.6826226711273193,0.665678858757019,-0.12118303775787354,0,0
18,RIGHT_THUMB,0.5415589213371277,0.6680741310119629,-0.12103969603776932,0,0
18,LEFT_HIP,0.6339622139930725,0.7023991942405701,0.006126748863607645,0,0
18,RIGHT_HIP,0.6041253209114075,0.7006560564041138,-0.006098753772675991,0,0
18,LEFT_KNEE,0.6559537649154663,0.7892525792121887,-0.056913044303655624,0,0
18,RIGHT_KNEE,0.5858654379844666,0.7891507148742676,-0.054309286177158356,0,0
18,LEFT_ANKLE,0.6532588601112366,0.8909955024719238,-0.00024003004364203662,0,0
18,RIGHT_ANKLE,0.5700016617774963,0.876162052154541,0.027821272611618042,0,0
18,LEFT_HEEL,0.6447492241859436,0.9098855257034302,-0.0016152497846633196,0,0
18,RIGHT_HEEL,0.5703264474868774,0.8862119317054749,0.032140687108039856,0,0
18,LEFT_FOOT_INDEX,0.6708084940910339,0.9219662547111511,-0.06969235092401505,0,0
18,RIGHT_FOOT_INDEX,0.5629254579544067,0.9099268913269043,-0.03204304724931717,0,0
19,NOSE,0.631300687789917,0.5397616624832153,-0.20214147865772247,0,0
19,LEFT_EYE_INNER,0.631372332572937,0.5307381749153137,-0.19364739954471588,0,0
19,LEFT_EYE,0.6321996450424194,0.5303503274917603,-0.1937146931886673,0,0
19,LEFT_EYE_OUTER,0.6330182552337646,0.5298026204109192,-0.19376645982265472,0,0
19,RIGHT_EYE_INNER,0.6275095343589783,0.5308761596679688,-0.2024683803319931,0,0
19,RIGHT_EYE,0.6253734827041626,0.5307217836380005,-0.20249900221824646,0,0
19,RIGHT_EYE_OUTER,0.6231621503829956,0.5304798483848572,-0.20252510905265808,0,0
19,LEFT_EAR,0.6303949952125549,0.5285425186157227,-0.12199487537145615,0,0
19,RIGHT_EAR,0.6164026856422424,0.5302374362945557,-0.15674607455730438,0,0
19,MOUTH_LEFT,0.6317375302314758,0.5475183129310608,-0.1725202053785324,0,0
19,MOUTH_RIGHT,0.6265342831611633,0.5479099154472351,-0.18418365716934204,0,0
19,LEFT_SHOULDER,0.641954779624939,0.5601704716682434,-0.07056740671396255,0,0
19,RIGHT_SHOULDER,0.5941022038459778,0.5750088691711426,-0.09171155095100403,0,0
19,LEFT_ELBOW,0.6580806970596313,0.6136097311973572,-0.03268347680568695,0,0
19,RIGHT_ELBOW,0.5797744393348694,0.6334322690963745,-0.06486957520246506,0,0
19,LEFT_WRIST,0.6778259873390198,0.6558402180671692,-0.10645980387926102,0,0
19,RIGHT_WRIST,0.5500735640525818,0.6702814698219299,-0.10669376701116562,0,0
19,LEFT_PINKY,0.6843479871749878,0.6682308912277222,-0.12132660299539566,0,0
19,RIGHT_PINKY,0.5413330793380737,0.674372673034668,-0.11568176001310349,0,0
19,LEFT_INDEX,0.6850737929344177,0.6695941090583801,-0.14278827607631683,0,0
19,RIGHT_INDEX,0.5405727028846741,0.6707075834274292,-0.14374470710754395,0,0
19,LEFT_THUMB,0.6826576590538025,0.6656575202941895,-0.11737749725580215,0,0
19,RIGHT_THUMB,0.5441063642501831,0.6702780723571777,-0.11926742643117905,0,0
19,LEFT_HIP,0.6352373957633972,0.7036975622177124,0.0068479361943900585,0,0
19,RIGHT_HIP,0.6047636270523071,0.7012434005737305,-0.006817816756665707,0,0
19,LEFT_KNEE,0.6556873917579651,0.7928241491317749,-0.04559983313083649,0,0
19,RIGHT_KNEE,0.5870714783668518,0.7907700538635254,-0.04289406165480614,0,0
19,LEFT_ANKLE,0.6532511115074158,0.8935233950614929,0.0122811459004879,0,0
19,RIGHT_ANKLE,0.5699949264526367,0.8759840130805969,0.043179553002119064,0,0
19,LEFT_HEEL,0.6455602645874023,0.9116120338439941,0.012506337836384773,0,0
19,RIGHT_HEEL,0.5703490972518921,0.8856726288795471,0.04769289866089821,0,0
19,LEFT_FOOT_INDEX,0.6702057123184204,0.9228041768074036,-0.057507745921611786,0,0
19,RIGHT_FOOT_INDEX,0.5627828240394592,0.9099377989768982,-0.016906077042222023,0,0
20,NOSE,0.6372407674789429,0.5429213047027588,-0.20095086097717285,0,0
20,LEFT_EYE_INNER,0.6366174817085266,0.5331421494483948,-0.19123516976833344,0,0
20,LEFT_EYE,0.6373698711395264,0.532412052154541,-0.1912984699010849,0,0
20,LEFT_EYE_OUTER,0.6380521059036255,0.5315564870834351,-0.1913520246744156,0,0
20,RIGHT_EYE_INNER,0.6324634552001953,0.5343042016029358,-0.20196862518787384,0,0
20,RIGHT_EYE,0.6301818490028381,0.5345984697341919,-0.20200671255588531,0,0
20,RIGHT_EYE_OUTER,0.6278170347213745,0.5348550081253052,-0.2020508199930191,0,0
20,LEFT_EAR,0.6349489092826843,0.5303637981414795,-0.1139306053519249,0,0
20,RIGHT_EAR,0.620952844619751,0.5362842679023743,-0.15664571523666382,0,0
20,MOUTH_LEFT,0.6383177638053894,0.5505876541137695,-0.169507697224617,0,0
20,MOUTH_RIGHT,0.6324898600578308,0.5519471168518066,-0.18400359153747559,0,0
20,LEFT_SHOULDER,0.6443277597427368,0.5602044463157654,-0.040487032383680344,0,0
20,RIGHT_SHOULDER,0.6017382144927979,0.5823400020599365,-0.10442432761192322,0,0
20,LEFT_ELBOW,0.6616460680961609,0.6135810613632202,0.00888119637966156,0,0
20,RIGHT_ELBOW,0.5899907946586609,0.643757164478302,-0.096856489777565,0,0
20,LEFT_WRIST,0.6814152002334595,0.6545331478118896,-0.0436258465051651,0,0
20,RIGHT_WRIST,0.5662086606025696,0.6852349042892456,-0.141775444149971,0,0
20,LEFT_PINKY,0.6890019178390503,0.667201042175293,-0.05385171249508858,0,0
20,RIGHT_PINKY,0.5566705465316772,0.6893635988235474,-0.15526193380355835,0,0
20,LEFT_INDEX,0.6896844506263733,0.6690139770507812,-0.07572884112596512,0,0
20,RIGHT_INDEX,0.5547481775283813,0.6869902014732361,-0.17946171760559082,0,0
20,LEFT_THUMB,0.6871164441108704,0.665229856967926,-0.054199445992708206,0,0
20,RIGHT_THUMB,0.5588274598121643,0.6864771246910095,-0.1524728685617447,0,0
20,LEFT_HIP,0.6389023661613464,0.7084169983863831,0.022100945934653282,0,0
20,RIGHT_HIP,0.6101673245429993,0.7059713006019592,-0.02209342271089554,0,0
20,LEFT_KNEE,0.6579207181930542,0.7962247133255005,-0.03134264424443245,0,0
20,RIGHT_KNEE,0.5921837687492371,0.7957056164741516,-0.033813782036304474,0,0
20,LEFT_ANKLE,0.652247428894043,0.8947651982307434,0.023747973144054413,0,0
20,RIGHT_ANKLE,0.569985568523407,0.8759768605232239,0.048096489161252975,0,0
20,LEFT_HEEL,0.6442652344703674,0.9138926863670349,0.024700045585632324,0,0
20,RIGHT_HEEL,0.5683470368385315,0.8836801648139954,0.05248057469725609,0,0
20,LEFT_FOOT_INDEX,0.6718047857284546,0.9219874739646912,-0.04064824804663658,0,0
20,RIGHT_FOOT_INDEX,0.5633952617645264,0.9098292589187622,-0.013533835299313068,0,0
21,NOSE,0.6434549689292908,0.5466848611831665,-0.19862832129001617,0,0
21,LEFT_EYE_INNER,0.6424155831336975,0.5370697379112244,-0.18717524409294128,0,0
21,LEFT_EYE,0.643031656742096,0.5364428758621216,-0.18721002340316772,0,0
21,LEFT_EYE_OUTER,0.6436470150947571,0.5357025861740112,-0.18726950883865356,0,0
21,RIGHT_EYE_INNER,0.6386655569076538,0.5381424427032471,-0.19931945204734802,0,0
21,RIGHT_EYE,0.6365463137626648,0.538479745388031,-0.19934381544589996,0,0
21,RIGHT_EYE_OUTER,0.6343304514884949,0.5388498306274414,-0.1993779093027115,0,0
21,LEFT_EAR,0.6405013799667358,0.5355053544044495,-0.1051807850599289,0,0
21,RIGHT_EAR,0.6276896595954895,0.5414491295814514,-0.1549539864063263,0,0
21,MOUTH_LEFT,0.6444236040115356,0.5545868873596191,-0.1652243435382843,0,0
21,MOUTH_RIGHT,0.6395864486694336,0.5555044412612915,-0.1813957840204239,0,0
21,LEFT_SHOULDER,0.647564709186554,0.5674545168876648,-0.015580546110868454,0,0
21,RIGHT_SHOULDER,0.6135653853416443,0.5848926305770874,-0.13370281457901,0,0
21,LEFT_ELBOW,0.6612821221351624,0.6171831488609314,0.06173491105437279,0,0
21,RIGHT_ELBOW,0.6150734424591064,0.6432499885559082,-0.16758617758750916,0,0
21,LEFT_WRIST,0.6830040216445923,0.6540365815162659,0.05115612968802452,0,0
21,RIGHT_WRIST,0.6264034509658813,0.666238009929657,-0.21982140839099884,0,0
21,LEFT_PINKY,0.6909281015396118,0.6664282083511353,0.05049467459321022,0,0
21,RIGHT_PINKY,0.6283751130104065,0.6714921593666077,-0.2398943156003952,0,0
21,LEFT_INDEX,0.6915849447250366,0.6684930324554443,0.02853398397564888,0,0
21,RIGHT_INDEX,0.6286208629608154,0.6626275181770325,-0.249389186501503,0,0
21,LEFT_THUMB,0.6890534162521362,0.6651818156242371,0.04223640263080597,0,0
21,RIGHT_THUMB,0.6278608441352844,0.6612954139709473,-0.22441504895687103,0,0
21,LEFT_HIP,0.6408014893531799,0.7116245627403259,0.030289126560091972,0,0
21,RIGHT_HIP,0.6169270873069763,0.7113522887229919,-0.03026004694402218,0,0
21,LEFT_KNEE,0.6592496037483215,0.800961434841156,-0.04984714835882187,0,0
21,RIGHT_KNEE,0.5994905829429626,0.8053303360939026,0.01141294278204441,0,0
21,LEFT_ANKLE,0.651493489742279,0.8991410732269287,-0.01926693134009838,0,0
21,RIGHT_ANKLE,0.5704831480979919,0.8719345927238464,0.1386127769947052,0,0
21,LEFT_HEEL,0.6435449719429016,0.9181026220321655,-0.019326763227581978,0,0
21,RIGHT_HEEL,0.5675662755966187,0.8727924823760986,0.1487884223461151,0,0
21,LEFT_FOOT_INDEX,0.6724039912223816,0.922999918460846,-0.08590251952409744,0,0
21,RIGHT_FOOT_INDEX,0.5631888508796692,0.9103518724441528,0.0991339236497879,0,0
22,NOSE,0.6483267545700073,0.552635133266449,-0.1777225285768509,0,0
22,LEFT_EYE_INNER,0.6478015780448914,0.5431442260742188,-0.16320396959781647,0,0
22,LEFT_EYE,0.6484907269477844,0.542499303817749,-0.16323250532150269,0,0
22,LEFT_EYE_OUTER,0.6491581797599792,0.5417410135269165,-0.16328808665275574,0,0
22,RIGHT_EYE_INNER,0.6439929604530334,0.5442116260528564,-0.1753203570842743,0,0
22,RIGHT_EYE,0.6418896317481995,0.5445278286933899,-0.17534606158733368,0,0
22,RIGHT_EYE_OUTER,0.6396476626396179,0.544761061668396,-0.17538420855998993,0,0
22,LEFT_EAR,0.6463519334793091,0.541885256767273,-0.07594034820795059,0,0
22,RIGHT_EAR,0.6330376267433167,0.547115683555603,-0.12779967486858368,0,0
22,MOUTH_LEFT,0.6492055058479309,0.5605147480964661,-0.14265389740467072,0,0
22,MOUTH_RIGHT,0.6440333724021912,0.5613123774528503,-0.15797527134418488,0,0
22,LEFT_SHOULDER,0.6512435078620911,0.5788094401359558,0.0284098070114851,0,0
22,RIGHT_SHOULDER,0.6233057379722595,0.588489830493927,-0.13344307243824005,0,0
22,LEFT_ELBOW,0.6608746647834778,0.627082347869873,0.10738606005907059,0,0
22,RIGHT_ELBOW,0.6429764628410339,0.6510847210884094,-0.14732298254966736,0,0
22,LEFT_WRIST,0.6840251684188843,0.6572923064231873,0.10150594264268875,0,0
22,RIGHT_WRIST,0.6709701418876648,0.6810441613197327,-0.15879034996032715,0,0
22,LEFT_PINKY,0.6915196180343628,0.6700465083122253,0.10265860706567764,0,0
22,RIGHT_PINKY,0.6770788431167603,0.6927616596221924,-0.17248877882957458,0,0
22,LEFT_INDEX,0.6921598315238953,0.6720628142356873,0.08202813565731049,0,0
22,RIGHT_INDEX,0.6774876117706299,0.6767252683639526,-0.19792935252189636,0,0
22,LEFT_THUMB,0.6894427537918091,0.668997585773468,0.09269045293331146,0,0
22,RIGHT_THUMB,0.6752151846885681,0.6825373768806458,-0.20750197768211365,0,0
22,LEFT_HIP,0.6430279612541199,0.7197787761688232,0.04300270974636078,0,0
22,RIGHT_HIP,0.6255854368209839,0.7189388275146484,-0.042955394834280014,0,0
22,LEFT_KNEE,0.6609631180763245,0.8062619566917419,-0.0509653203189373,0,0
22,RIGHT_KNEE,0.61043381690979,0.8152992129325867,-0.004772506654262543,0,0
22,LEFT_ANKLE,0.6510543823242188,0.9028129577636719,-0.015843559056520462,0,0
22,RIGHT_ANKLE,0.5729665160179138,0.8683013319969177,0.08534158766269684,0,0
22,LEFT_HEEL,0.643222987651825,0.9209888577461243,-0.015419467352330685,0,0
22,RIGHT_HEEL,0.5673067569732666,0.8645144701004028,0.09434492886066437,0,0
22,LEFT_FOOT_INDEX,0.6719863414764404,0.9255611300468445,-0.0759359821677208,0,0
22,RIGHT_FOOT_INDEX,0.5674005746841431,0.9132412672042847,0.05102669075131416,0,0
23,NOSE,0.6486616730690002,0.5530309677124023,-0.11817321926355362,0,0
23,LEFT_EYE_INNER,0.6483954191207886,0.5437031388282776,-0.10354754328727722,0,0
23,LEFT_EYE,0.649213969707489,0.5431057810783386,-0.10359393060207367,0,0
23,LEFT_EYE_OUTER,0.6501014828681946,0.5424069166183472,-0.10362815111875534,0,0
23,RIGHT_EYE_INNER,0.6446770429611206,0.544508159160614,-0.1171824038028717,0,0
23,RIGHT_EYE,0.6427716016769409,0.544670045375824,-0.11718402057886124,0,0
23,RIGHT_EYE_OUTER,0.6407986283302307,0.5447576642036438,-0.11720016598701477,0,0
23,LEFT_EAR,0.6474519968032837,0.5428235530853271,-0.02213040553033352,0,0
23,RIGHT_EAR,0.6353329420089722,0.5463296175003052,-0.08163351565599442,0,0
23,MOUTH_LEFT,0.6493903994560242,0.5606750249862671,-0.08553807437419891,0,0
23,MOUTH_RIGHT,0.6444928646087646,0.5614892244338989,-0.10274417698383331,0,0
23,LEFT_SHOULDER,0.6515747308731079,0.5780751705169678,0.07345983386039734,0,0
23,RIGHT_SHOULDER,0.6255590915679932,0.5857009887695312,-0.11266262829303741,0,0
23,LEFT_ELBOW,0.6618416905403137,0.6297141313552856,0.11192367970943451,0,0
23,RIGHT_ELBOW,0.6464083790779114,0.644868016242981,-0.11778435111045837,0,0
23,LEFT_WRIST,0.6858423352241516,0.6609497666358948,0.0537564717233181,0,0
23,RIGHT_WRIST,0.6747890114784241,0.677760660648346,-0.10596905648708344,0,0
23,LEFT_PINKY,0.6915501952171326,0.6725943088531494,0.04536958411335945,0,0
23,RIGHT_PINKY,0.6817948222160339,0.6912479400634766,-0.12199488282203674,0,0
23,LEFT_INDEX,0.6918981671333313,0.6743308305740356,0.02521519549190998,0,0
23,RIGHT_INDEX,0.6829679608345032,0.6780389547348022,-0.1268181949853897,0,0
23,LEFT_THUMB,0.6897314786911011,0.6708332300186157,0.04321262985467911,0,0
23,RIGHT_THUMB,0.6791406869888306,0.6783683896064758,-0.10934803634881973,0,0
23,LEFT_HIP,0.6414507627487183,0.7181669473648071,0.055477388203144073,0,0
23,RIGHT_HIP,0.6293075680732727,0.716989278793335,-0.055430132895708084,0,0
23,LEFT_KNEE,0.6540203094482422,0.8067883253097534,0.0038525834679603577,0,0
23,RIGHT_KNEE,0.6290009617805481,0.8105352520942688,-0.0832618847489357,0,0
23,LEFT_ANKLE,0.6235657334327698,0.9005303978919983,0.04280713573098183,0,0
23,RIGHT_ANKLE,0.5751054883003235,0.8651418685913086,-0.009185896255075932,0,0
23,LEFT_HEEL,0.6138136982917786,0.9172517657279968,0.043428465723991394,0,0
23,RIGHT_HEEL,0.5674929022789001,0.8617275357246399,-0.0034056701697409153,0,0
23,LEFT_FOOT_INDEX,0.6383216977119446,0.9274402856826782,0.0015452001243829727,0,0
23,RIGHT_FOOT_INDEX,0.5714638233184814,0.916379451751709,-0.04068209230899811,0,0
24,NOSE,0.6532900333404541,0.5584725737571716,-0.17885027825832367,0,0
24,LEFT_EYE_INNER,0.6532829999923706,0.5486862063407898,-0.16553756594657898,0,0
24,LEFT_EYE,0.6544023156166077,0.5479680895805359,-0.1655721515417099,0,0
24,LEFT_EYE_OUTER,0.6554995179176331,0.5471765398979187,-0.1655925214290619,0,0
24,RIGHT_EYE_INNER,0.6484876871109009,0.5503405332565308,-0.17694728076457977,0,0
24,RIGHT_EYE,0.646121621131897,0.5509820580482483,-0.1769825965166092,0,0
24,RIGHT_EYE_OUTER,0.6437904834747314,0.551578164100647,-0.17701570689678192,0,0
24,LEFT_EAR,0.6535225510597229,0.5474448204040527,-0.08012504875659943,0,0
24,RIGHT_EAR,0.6384508609771729,0.5537104606628418,-0.1279628425836563,0,0
24,MOUTH_LEFT,0.6550691723823547,0.5658210515975952,-0.14395740628242493,0,0
24,MOUTH_RIGHT,0.648780107498169,0.5681272149085999,-0.1572328358888626,0,0
24,LEFT_SHOULDER,0.6574563384056091,0.579352855682373,0.017737651243805885,0,0
24,RIGHT_SHOULDER,0.6326324939727783,0.5982187390327454,-0.13116271793842316,0,0
24,LEFT_ELBOW,0.6648331880569458,0.6388367414474487,0.06261707097291946,0,0
24,RIGHT_ELBOW,0.6386765241622925,0.6757426261901855,-0.13931210339069366,0,0
24,LEFT_WRIST,0.6819144487380981,0.6749719977378845,-0.03796451538801193,0,0
24,RIGHT_WRIST,0.6581935882568359,0.7121373414993286,-0.17275823652744293,0,0
24,LEFT_PINKY,0.687773585319519,0.6854909062385559,-0.05351144075393677,0,0
24,RIGHT_PINKY,0.6622331738471985,0.7275312542915344,-0.1955110728740692,0,0
24,LEFT_INDEX,0.6882333159446716,0.683587908744812,-0.07191745191812515,0,0
24,RIGHT_INDEX,0.6669679284095764,0.720672070980072,-0.20358452200889587,0,0
24,LEFT_THUMB,0.6855741739273071,0.6816633343696594,-0.048940423876047134,0,0
24,RIGHT_THUMB,0.6661717891693115,0.7155539393424988,-0.1754515916109085,0,0
24,LEFT_HIP,0.6481329202651978,0.7167194485664368,0.05131932720541954,0,0
24,RIGHT_HIP,0.6346369385719299,0.7181302309036255,-0.05127672478556633,0,0
24,LEFT_KNEE,0.6531457901000977,0.8035895824432373,0.006512888707220554,0,0
24,RIGHT_KNEE,0.6620621085166931,0.807880163192749,-0.1338646411895752,0,0
24,LEFT_ANKLE,0.607711672782898,0.8829208016395569,0.05839906260371208,0,0
24,RIGHT_ANKLE,0.6436371207237244,0.8893973231315613,-0.10147853195667267,0,0
24,LEFT_HEEL,0.5856095552444458,0.8728533387184143,0.06102164462208748,0,0
24,RIGHT_HEEL,0.6367422938346863,0.9040567278862,-0.09968291223049164,0,0
24,LEFT_FOOT_INDEX,0.616216242313385,0.9197005033493042,0.02436801977455616,0,0
24,RIGHT_FOOT_INDEX,0.6631972789764404,0.9229610562324524,-0.15149091184139252,0,0
25,NOSE,0.6616292595863342,0.5624269843101501,-0.24604064226150513,0,0
25,LEFT_EYE_INNER,0.660582959651947,0.5528159737586975,-0.23538663983345032,0,0
25,LEFT_EYE,0.6613621115684509,0.5518637895584106,-0.23540543019771576,0,0
25,LEFT_EYE_OUTER,0.6620961427688599,0.5508005619049072,-0.23545853793621063,0,0
25,RIGHT_EYE_INNER,0.6562668085098267,0.5550371408462524,-0.24880032241344452,0,0
25,RIGHT_EYE,0.6537754535675049,0.5558955073356628,-0.24888405203819275,0,0
25,RIGHT_EYE_OUTER,0.6512568593025208,0.5567479729652405,-0.2489548772573471,0,0
25,LEFT_EAR,0.6584693193435669,0.5502532124519348,-0.1556929051876068,0,0
25,RIGHT_EAR,0.6448010206222534,0.5599943995475769,-0.21449247002601624,0,0
25,MOUTH_LEFT,0.6625880599021912,0.5688468217849731,-0.21278612315654755,0,0
25,MOUTH_RIGHT,0.6571060419082642,0.5720533132553101,-0.22989849746227264,0,0
25,LEFT_SHOULDER,0.661236047744751,0.5800052881240845,-0.044020719826221466,0,0
25,RIGHT_SHOULDER,0.6376708745956421,0.6103062033653259,-0.2045695036649704,0,0
25,LEFT_ELBOW,0.6646062135696411,0.6526709198951721,0.02202528901398182,0,0
25,RIGHT_ELBOW,0.6476113200187683,0.6810908913612366,-0.2096109688282013,0,0
25,LEFT_WRIST,0.6717697381973267,0.6982815861701965,-0.020461518317461014,0,0
25,RIGHT_WRIST,0.6806834936141968,0.7138060331344604,-0.221241295337677,0,0
25,LEFT_PINKY,0.6739161610603333,0.7124062180519104,-0.02402130514383316,0,0
25,RIGHT_PINKY,0.6892163157463074,0.7278012633323669,-0.24186529219150543,0,0
25,LEFT_INDEX,0.6745395660400391,0.710127055644989,-0.040313128381967545,0,0
25,RIGHT_INDEX,0.6933180689811707,0.722181499004364,-0.24552731215953827,0,0
25,LEFT_THUMB,0.6724931001663208,0.7054925560951233,-0.028113270178437233,0,0
25,RIGHT_THUMB,0.6897882223129272,0.7164877653121948,-0.22175100445747375,0,0
25,LEFT_HIP,0.6553422212600708,0.7148519158363342,0.04745765030384064,0,0
25,RIGHT_HIP,0.6379781365394592,0.7173962593078613,-0.04748440161347389,0,0
25,LEFT_KNEE,0.6681588292121887,0.8052775263786316,-0.0005766606191173196,0,0
25,RIGHT_KNEE,0.6492778062820435,0.8132840991020203,-0.10885249823331833,0,0
25,LEFT_ANKLE,0.6366843581199646,0.9004741907119751,0.047857966274023056,0,0
25,RIGHT_ANKLE,0.6107986569404602,0.8784923553466797,-0.022087134420871735,0,0
25,LEFT_HEEL,0.6239195466041565,0.8964402675628662,0.04378604143857956,0,0
25,RIGHT_HEEL,0.6008995175361633,0.8967989087104797,-0.015104491263628006,0,0
25,LEFT_FOOT_INDEX,0.647065281867981,0.9334428310394287,-0.0130874989554286,0,0
25,RIGHT_FOOT_INDEX,0.6133206486701965,0.9228285551071167,-0.06661006808280945,0,0
26,NOSE,0.6698676943778992,0.5668765306472778,-0.23207934200763702,0,0
26,LEFT_EYE_INNER,0.6684133410453796,0.5572077631950378,-0.22374676167964935,0,0
26,LEFT_EYE,0.6684144139289856,0.5561830401420593,-0.22375527024269104,0,0
26,LEFT_EYE_OUTER,0.6683666706085205,0.5550233125686646,-0.2237936407327652,0,0
26,RIGHT_EYE_INNER,0.6662001013755798,0.5591965913772583,-0.24110089242458344,0,0
26,RIGHT_EYE,0.6644736528396606,0.5597563982009888,-0.2411763221025467,0,0
26,RIGHT_EYE_OUTER,0.6625598073005676,0.5602514147758484,-0.24124306440353394,0,0
26,LEFT_EAR,0.6621583700180054,0.5544148683547974,-0.15577587485313416,0,0
26,RIGHT_EAR,0.6542069911956787,0.5625414848327637,-0.2348824441432953,0,0
26,MOUTH_LEFT,0.6686368584632874,0.5737696290016174,-0.2027256041765213,0,0
26,MOUTH_RIGHT,0.6654180884361267,0.5754920840263367,-0.22547167539596558,0,0
26,LEFT_SHOULDER,0.6647660136222839,0.5866162776947021,-0.06214706227183342,0,0
26,RIGHT_SHOULDER,0.6389695405960083,0.6146982312202454,-0.22381548583507538,0,0
26,LEFT_ELBOW,0.6632770299911499,0.6638014316558838,-0.005340658128261566,0,0
26,RIGHT_ELBOW,0.6536473631858826,0.6779475212097168,-0.22997204959392548,0,0
26,LEFT_WRIST,0.6659480929374695,0.7090754508972168,-0.036581993103027344,0,0
26,RIGHT_WRIST,0.6899816989898682,0.7016807794570923,-0.23440894484519958,0,0
26,LEFT_PINKY,0.6664897203445435,0.7256767153739929,-0.04293457046151161,0,0
26,RIGHT_PINKY,0.7035545706748962,0.7145879864692688,-0.25671491026878357,0,0
26,LEFT_INDEX,0.6669068932533264,0.7238149642944336,-0.059563782066106796,0,0
26,RIGHT_INDEX,0.7081015706062317,0.7093668580055237,-0.2576747238636017,0,0
26,LEFT_THUMB,0.6657991409301758,0.7172976732254028,-0.044559258967638016,0,0
26,RIGHT_THUMB,0.7039815187454224,0.7049086093902588,-0.23400621116161346,0,0
26,LEFT_HIP,0.6599814295768738,0.7196198105812073,0.04674001410603523,0,0
26,RIGHT_HIP,0.6399301290512085,0.7211505770683289,-0.04676594212651253,0,0
26,LEFT_KNEE,0.6731134057044983,0.8130548596382141,-0.0025033163838088512,0,0
26,RIGHT_KNEE,0.6550565361976624,0.817000687122345,-0.12498956173658371,0,0
26,LEFT_ANKLE,0.6350892186164856,0.9000445604324341,0.08802438527345657,0,0
26,RIGHT_ANKLE,0.6199787855148315,0.8915185928344727,-0.04068063944578171,0,0
26,LEFT_HEEL,0.6250056028366089,0.9150954484939575,0.09429897367954254,0,0
26,RIGHT_HEEL,0.611151933670044,0.8995631337165833,-0.03410855308175087,0,0
26,LEFT_FOOT_INDEX,0.646057665348053,0.9468305706977844,0.04697652906179428,0,0
26,RIGHT_FOOT_INDEX,0.6322644352912903,0.9394744038581848,-0.09237709641456604,0,0
27,NOSE,0.6770851612091064,0.5656554698944092,-0.16229590773582458,0,0
27,LEFT_EYE_INNER,0.6755631566047668,0.5559870600700378,-0.1542706936597824,0,0
27,LEFT_EYE,0.6751776933670044,0.5552784204483032,-0.15430504083633423,0,0
27,LEFT_EYE_OUTER,0.6747000217437744,0.5544343590736389,-0.15433144569396973,0,0
27,RIGHT_EYE_INNER,0.6743066906929016,0.5572537183761597,-0.17715062201023102,0,0
27,RIGHT_EYE,0.6729739308357239,0.5575816035270691,-0.17720149457454681,0,0
27,RIGHT_EYE_OUTER,0.6714112162590027,0.5578627586364746,-0.17728577554225922,0,0
27,LEFT_EAR,0.6663811802864075,0.555176317691803,-0.1029471680521965,0,0
27,RIGHT_EAR,0.6623684167861938,0.5600525736808777,-0.19674518704414368,0,0
27,MOUTH_LEFT,0.6743180155754089,0.5732080340385437,-0.13913467526435852,0,0
27,MOUTH_RIGHT,0.6724949479103088,0.5741146802902222,-0.16997365653514862,0,0
27,LEFT_SHOULDER,0.6633749604225159,0.5880835652351379,-0.04337625578045845,0,0
27,RIGHT_SHOULDER,0.643734872341156,0.6119264960289001,-0.20075011253356934,0,0
27,LEFT_ELBOW,0.6628919839859009,0.6621547937393188,0.010748076252639294,0,0
27,RIGHT_ELBOW,0.661333441734314,0.6766461133956909,-0.2126457840204239,0,0
27,LEFT_WRIST,0.6626337766647339,0.7130990028381348,-0.02175019308924675,0,0
27,RIGHT_WRIST,0.7013057470321655,0.6877462267875671,-0.2132241278886795,0,0
27,LEFT_PINKY,0.6644267439842224,0.7298665046691895,-0.02936636283993721,0,0
27,RIGHT_PINKY,0.7134110927581787,0.6915843486785889,-0.2360760122537613,0,0
27,LEFT_INDEX,0.6641870141029358,0.7285449504852295,-0.04296209290623665,0,0
27,RIGHT_INDEX,0.7149620056152344,0.6845818758010864,-0.23719054460525513,0,0
27,LEFT_THUMB,0.6639948487281799,0.7216343283653259,-0.028606902807950974,0,0
27,RIGHT_THUMB,0.7116018533706665,0.6816959381103516,-0.21301883459091187,0,0
27,LEFT_HIP,0.6608173251152039,0.7221022844314575,0.05232387036085129,0,0
27,RIGHT_HIP,0.6424065232276917,0.7255576848983765,-0.052381329238414764,0,0
27,LEFT_KNEE,0.674279510974884,0.8154563903808594,0.06788717955350876,0,0
27,RIGHT_KNEE,0.6600654125213623,0.826024055480957,-0.1109166368842125,0,0
27,LEFT_ANKLE,0.6501483917236328,0.9238800406455994,0.14060130715370178,0,0
27,RIGHT_ANKLE,0.6508127450942993,0.9364739656448364,-0.07434313744306564,0,0
27,LEFT_HEEL,0.6419545412063599,0.9401819109916687,0.14448599517345428,0,0
27,RIGHT_HEEL,0.6401642560958862,0.9642329216003418,-0.07392516732215881,0,0
27,LEFT_FOOT_INDEX,0.6650232076644897,0.9559369087219238,0.09825239330530167,0,0
27,RIGHT_FOOT_INDEX,0.6715258955955505,0.9743182063102722,-0.1451549530029297,0,0
28,NOSE,0.6837086081504822,0.5632471442222595,-0.02039262466132641,0,0
28,LEFT_EYE_INNER,0.6808246970176697,0.5536820888519287,-0.0122688552364707,0,0
28,LEFT_EYE,0.67998868227005,0.5533042550086975,-0.012301559560000896,0,0
28,LEFT_EYE_OUTER,0.6790667772293091,0.5529283285140991,-0.012317942455410957,0,0
28,RIGHT_EYE_INNER,0.6806533336639404,0.5549870729446411,-0.03413117676973343,0,0
28,RIGHT_EYE,0.6798650622367859,0.5557587742805481,-0.03415558859705925,0,0
28,RIGHT_EYE_OUTER,0.6790310740470886,0.5566397309303284,-0.03422754630446434,0,0
28,LEFT_EAR,0.6713017225265503,0.5523764491081238,0.024474607780575752,0,0
28,RIGHT_EAR,0.6721462607383728,0.5594451427459717,-0.07494037598371506,0,0
28,MOUTH_LEFT,0.6794511079788208,0.5702729821205139,-0.004206137266010046,0,0
28,MOUTH_RIGHT,0.6789227724075317,0.5716501474380493,-0.03307740390300751,0,0
28,LEFT_SHOULDER,0.6599575877189636,0.5893166661262512,0.07857321202754974,0,0
28,RIGHT_SHOULDER,0.6598377823829651,0.6090156435966492,-0.12057275325059891,0,0
28,LEFT_ELBOW,0.6585712432861328,0.6705361604690552,0.10333708673715591,0,0
28,RIGHT_ELBOW,0.6650627851486206,0.670089840888977,-0.16179445385932922,0,0
28,LEFT_WRIST,0.6649606823921204,0.7143080830574036,0.07336093485355377,0,0
28,RIGHT_WRIST,0.6990270614624023,0.6680384874343872,-0.15191182494163513,0,0
28,LEFT_PINKY,0.6676967144012451,0.7281314730644226,0.07292942702770233,0,0
28,RIGHT_PINKY,0.7109696865081787,0.6646585464477539,-0.1689966470003128,0,0
28,LEFT_INDEX,0.6680948138237,0.7258608341217041,0.05997210741043091,0,0
28,RIGHT_INDEX,0.7124818563461304,0.6551060080528259,-0.1625654697418213,0,0
28,LEFT_THUMB,0.6669849157333374,0.7196370959281921,0.06633685529232025,0,0
28,RIGHT_THUMB,0.707832396030426,0.6553577780723572,-0.14834459125995636,0,0
28,LEFT_HIP,0.6548205614089966,0.7235137820243835,0.05722830817103386,0,0
28,RIGHT_HIP,0.6492038369178772,0.7232332229614258,-0.05726812779903412,0,0
28,LEFT_KNEE,0.6687732934951782,0.8118770122528076,0.042353369295597076,0,0
28,RIGHT_KNEE,0.6705397963523865,0.8200154900550842,-0.10772547870874405,0,0
28,LEFT_ANKLE,0.6549102663993835,0.9227125644683838,0.07791419327259064,0,0
28,RIGHT_ANKLE,0.6654393076896667,0.9363234639167786,-0.10084250569343567,0,0
28,LEFT_HEEL,0.6482986211776733,0.9399509429931641,0.08008100837469101,0,0
28,RIGHT_HEEL,0.6593970060348511,0.9560959339141846,-0.10251113027334213,0,0
28,LEFT_FOOT_INDEX,0.6718778014183044,0.9486700892448425,0.034659650176763535,0,0
28,RIGHT_FOOT_INDEX,0.6841171979904175,0.9559381604194641,-0.15798255801200867,0,0
29,NOSE,0.684040367603302,0.5610499382019043,0.0038210460916161537,0,0
29,LEFT_EYE_INNER,0.6815537214279175,0.5515480041503906,0.011908807791769505,0,0
29,LEFT_EYE,0.6806678771972656,0.5511893630027771,0.011871538124978542,0,0
29,LEFT_EYE_OUTER,0.6797183752059937,0.550868809223175,0.011849901638925076,0,0
29,RIGHT_EYE_INNER,0.6815030574798584,0.5530391335487366,-0.009134473279118538,0,0
29,RIGHT_EYE,0.6807644963264465,0.5541272163391113,-0.00915608275681734,0,0
29,RIGHT_EYE_OUTER,0.6799894571304321,0.5556153059005737,-0.009228762239217758,0,0
29,LEFT_EAR,0.6716868281364441,0.5502421259880066,0.046197064220905304,0,0
29,RIGHT_EAR,0.673030436038971,0.559208869934082,-0.04894515499472618,0,0
29,MOUTH_LEFT,0.6798579096794128,0.5681697726249695,0.018829435110092163,0,0
29,MOUTH_RIGHT,0.6792938709259033,0.5698660016059875,-0.008830638602375984,0,0
29,LEFT_SHOULDER,0.6590769290924072,0.586654007434845,0.09832146763801575,0,0
29,RIGHT_SHOULDER,0.661767303943634,0.6020135283470154,-0.09750023484230042,0,0
29,LEFT_ELBOW,0.6538054347038269,0.6714529395103455,0.1211741715669632,0,0
29,RIGHT_ELBOW,0.6638545393943787,0.6675296425819397,-0.12696318328380585,0,0
29,LEFT_WRIST,0.6661015748977661,0.7102130055427551,0.09149622917175293,0,0
29,RIGHT_WRIST,0.6987757086753845,0.6643213629722595,-0.11697452515363693,0,0
29,LEFT_PINKY,0.6688487529754639,0.7257916927337646,0.09146539866924286,0,0
29,RIGHT_PINKY,0.7099495530128479,0.6617963910102844,-0.13125167787075043,0,0
29,LEFT_INDEX,0.669739305973053,0.7211057543754578,0.07887640595436096,0,0
29,RIGHT_INDEX,0.7115901708602905,0.6531670689582825,-0.12633873522281647,0,0
29,LEFT_THUMB,0.6684738993644714,0.7171856760978699,0.08448906242847443,0,0
29,RIGHT_THUMB,0.7070028781890869,0.6530077457427979,-0.11397493630647659,0,0
29,LEFT_HIP,0.6526318192481995,0.7215654253959656,0.058371078222990036,0,0
29,RIGHT_HIP,0.64983731508255,0.7222179770469666,-0.058396998792886734,0,0
29,LEFT_KNEE,0.667070746421814,0.8121728301048279,0.0495566688477993,0,0
29,RIGHT_KNEE,0.6714852452278137,0.8171322345733643,-0.10722379386425018,0,0
29,LEFT_ANKLE,0.6551865339279175,0.9194774627685547,0.07826468348503113,0,0
29,RIGHT_ANKLE,0.6659841537475586,0.9396900534629822,-0.10612820088863373,0,0
29,LEFT_HEEL,0.6486257314682007,0.931204617023468,0.07804860919713974,0,0
29,RIGHT_HEEL,0.6597291231155396,0.9554192423820496,-0.10790940374135971,0,0
29,LEFT_FOOT_INDEX,0.6724437475204468,0.9450938105583191,0.04206389561295509,0,0
29,RIGHT_FOOT_INDEX,0.6801639199256897,0.9645095467567444,-0.16023625433444977,0,0
30,NOSE,0.6877295970916748,0.5513303279876709,-0.01777173951268196,0,0
30,LEFT_EYE_INNER,0.6847537755966187,0.5401180386543274,-0.012272018007934093,0,0
30,LEFT_EYE,0.6838770508766174,0.5398555397987366,-0.012303323484957218,0,0
30,LEFT_EYE_OUTER,0.682984471321106,0.5397132635116577,-0.012318321503698826,0,0
30,RIGHT_EYE_INNER,0.6852325797080994,0.5408090949058533,-0.0325479581952095,0,0
30,RIGHT_EYE,0.6844813227653503,0.5409611463546753,-0.03257594630122185,0,0
30,RIGHT_EYE_OUTER,0.6834099292755127,0.54088294506073,-0.032634101808071136,0,0
30,LEFT_EAR,0.6763532161712646,0.5412189960479736,0.018444838002324104,0,0
30,RIGHT_EAR,0.6768409013748169,0.54487544298172,-0.07341130822896957,0,0
30,MOUTH_LEFT,0.6837437748908997,0.5590617060661316,-0.003504878142848611,0,0
30,MOUTH_RIGHT,0.6831229329109192,0.5596593022346497,-0.030331484973430634,0,0
30,LEFT_SHOULDER,0.6599712371826172,0.5852174758911133,0.0783219262957573,0,0
30,RIGHT_SHOULDER,0.6657238602638245,0.5937647223472595,-0.11689402908086777,0,0
30,LEFT_ELBOW,0.6525843739509583,0.666640043258667,0.1123354583978653,0,0
30,RIGHT_ELBOW,0.6710725426673889,0.6584239602088928,-0.14176014065742493,0,0
30,LEFT_WRIST,0.6665591597557068,0.7089565992355347,0.09492673724889755,0,0
30,RIGHT_WRIST,0.7005375027656555,0.6552915573120117,-0.1393130123615265,0,0
30,LEFT_PINKY,0.6697089672088623,0.7220662832260132,0.09684133529663086,0,0
30,RIGHT_PINKY,0.708541214466095,0.6524727940559387,-0.15465481579303741,0,0
30,LEFT_INDEX,0.6702671647071838,0.7197743654251099,0.08210840076208115,0,0
30,RIGHT_INDEX,0.7081946730613708,0.6444689631462097,-0.1522427648305893,0,0
30,LEFT_THUMB,0.6689407229423523,0.714180588722229,0.08753092586994171,0,0
30,RIGHT_THUMB,0.7052550911903381,0.6443934440612793,-0.137712761759758,0,0
30,LEFT_HIP,0.6505811810493469,0.7204605937004089,0.06338442116975784,0,0
30,RIGHT_HIP,0.6537584066390991,0.7230187654495239,-0.06344904005527496,0,0
30,LEFT_KNEE,0.668307900428772,0.8108264803886414,0.08221414685249329,0,0
30,RIGHT_KNEE,0.6742602586746216,0.8179030418395996,-0.09794771671295166,0,0
30,LEFT_ANKLE,0.6646251082420349,0.9168139696121216,0.13033756613731384,0,0
30,RIGHT_ANKLE,0.6709790825843811,0.9428957104682922,-0.07316259294748306,0,0
30,LEFT_HEEL,0.65845787525177,0.932195246219635,0.1320963054895401,0,0
30,RIGHT_HEEL,0.6620367169380188,0.9588459134101868,-0.07324108481407166,0,0
30,LEFT_FOOT_INDEX,0.6862573623657227,0.9440597295761108,0.10502655804157257,0,0
30,RIGHT_FOOT_INDEX,0.6877133250236511,0.968172550201416,-0.12239836901426315,0,0
31,NOSE,0.6939052939414978,0.5461390018463135,-0.07627622783184052,0,0
31,LEFT_EYE_INNER,0.6910077929496765,0.5359337329864502,-0.06964137405157089,0,0
31,LEFT_EYE,0.6907361149787903,0.535789966583252,-0.06966354697942734,0,0
31,LEFT_EYE_OUTER,0.6904696822166443,0.5357593894004822,-0.06968668848276138,0,0
31,RIGHT_EYE_INNER,0.6902485489845276,0.536381721496582,-0.08889443427324295,0,0
31,RIGHT_EYE,0.6891058683395386,0.5363954901695251,-0.08892102539539337,0,0
31,RIGHT_EYE_OUTER,0.6879482865333557,0.5363578200340271,-0.08896907418966293,0,0
31,LEFT_EAR,0.6860679388046265,0.5379226207733154,-0.023881662636995316,0,0
31,RIGHT_EAR,0.6798768639564514,0.5389668941497803,-0.10594594478607178,0,0
31,MOUTH_LEFT,0.6907855272293091,0.5548704266548157,-0.055989380925893784,0,0
31,MOUTH_RIGHT,0.6887560486793518,0.5562106370925903,-0.08108709007501602,0,0
31,LEFT_SHOULDER,0.6710203886032104,0.5795976519584656,0.055220235139131546,0,0
31,RIGHT_SHOULDER,0.6695636510848999,0.5908321142196655,-0.13950678706169128,0,0
31,LEFT_ELBOW,0.6920978426933289,0.5866174101829529,0.1166020855307579,0,0
31,RIGHT_ELBOW,0.6851384043693542,0.6500995755195618,-0.135990172624588,0,0
31,LEFT_WRIST,0.6938796639442444,0.5556567311286926,0.14128492772579193,0,0
31,RIGHT_WRIST,0.699386477470398,0.650050163269043,-0.08264975249767303,0,0
31,LEFT_PINKY,0.6922445893287659,0.549283504486084,0.145787313580513,0,0
31,RIGHT_PINKY,0.7037269473075867,0.6519297361373901,-0.09181047976016998,0,0
31,LEFT_INDEX,0.6924809217453003,0.5458086729049683,0.14126946032047272,0,0
31,RIGHT_INDEX,0.7040122747421265,0.6436399817466736,-0.0973091647028923,0,0
31,LEFT_THUMB,0.6934888362884521,0.5492181181907654,0.13827136158943176,0,0
31,RIGHT_THUMB,0.701870322227478,0.6434817910194397,-0.08211004734039307,0,0
31,LEFT_HIP,0.6530876159667969,0.720346987247467,0.06525686383247375,0,0
31,RIGHT_HIP,0.6525167226791382,0.722004234790802,-0.06526760011911392,0,0
31,LEFT_KNEE,0.6713995337486267,0.8128215074539185,0.10931874066591263,0,0
31,RIGHT_KNEE,0.6778373718261719,0.8199819922447205,-0.07263889908790588,0,0
31,LEFT_ANKLE,0.666218638420105,0.9144260287284851,0.17764970660209656,0,0
31,RIGHT_ANKLE,0.6728633046150208,0.9420948624610901,-0.049697551876306534,0,0
31,LEFT_HEEL,0.6594030261039734,0.9292590022087097,0.18195785582065582,0,0
31,RIGHT_HEEL,0.6632733941078186,0.958244264125824,-0.051791466772556305,0,0
31,LEFT_FOOT_INDEX,0.6873114109039307,0.9357308149337769,0.15457040071487427,0,0
31,RIGHT_FOOT_INDEX,0.6990758180618286,0.9585630297660828,-0.09608228504657745,0,0
32,NOSE,0.701433539390564,0.5370728969573975,-0.005963094998151064,0,0
32,LEFT_EYE_INNER,0.6980007886886597,0.5279356837272644,0.0010826869402080774,0,0
32,LEFT_EYE,0.6977531313896179,0.5280892252922058,0.0010531177977100015,0,0
32,LEFT_EYE_OUTER,0.6973334550857544,0.5280396938323975,0.0010506504913792014,0,0
32,RIGHT_EYE_INNER,0.6970998048782349,0.5277484655380249,-0.021738585084676743,0,0
32,RIGHT_EYE,0.6960659027099609,0.5276803374290466,-0.02175935171544552,0,0
32,RIGHT_EYE_OUTER,0.6951716542243958,0.5277846455574036,-0.021785292774438858,0,0
32,LEFT_EAR,0.6897583603858948,0.5356467962265015,0.04044239595532417,0,0
32,RIGHT_EAR,0.6885093450546265,0.538096010684967,-0.06160598248243332,0,0
32,MOUTH_LEFT,0.6999718546867371,0.5461073517799377,0.011159080080688,0,0
32,MOUTH_RIGHT,0.7008421421051025,0.5518161654472351,-0.01851705275475979,0,0
32,LEFT_SHOULDER,0.6794482469558716,0.5802904963493347,0.10389228165149689,0,0
32,RIGHT_SHOULDER,0.6760914921760559,0.5908158421516418,-0.10845863074064255,0,0
32,LEFT_ELBOW,0.6977786421775818,0.6138305068016052,0.1009991466999054,0,0
32,RIGHT_ELBOW,0.6887673139572144,0.6505924463272095,-0.08671514689922333,0,0
32,LEFT_WRIST,0.7007156610488892,0.5948618054389954,0.04532080888748169,0,0
32,RIGHT_WRIST,0.699893593788147,0.6337569952011108,0.019972825422883034,0,0
32,LEFT_PINKY,0.7005177736282349,0.5920864343643188,0.03441856428980827,0,0
32,RIGHT_PINKY,0.7026174068450928,0.6310313940048218,0.01936585269868374,0,0
32,LEFT_INDEX,0.6987106800079346,0.5866024494171143,0.05414252728223801,0,0
32,RIGHT_INDEX,0.702747106552124,0.6260838508605957,0.01257731206715107,0,0
32,LEFT_THUMB,0.6983598470687866,0.5883712768554688,0.04633080214262009,0,0
32,RIGHT_THUMB,0.7006155848503113,0.6256930232048035,0.02130225859582424,0,0
32,LEFT_HIP,0.6544557809829712,0.7197965979576111,0.07027797400951385,0,0
32,RIGHT_HIP,0.6528045535087585,0.7230464220046997,-0.07023970037698746,0,0
32,LEFT_KNEE,0.6730719804763794,0.814968466758728,0.07600580155849457,0,0
32,RIGHT_KNEE,0.6820897459983826,0.8237871527671814,-0.08557557314634323,0,0
32,LEFT_ANKLE,0.6696801781654358,0.9223761558532715,0.11510400474071503,0,0
32,RIGHT_ANKLE,0.6763519644737244,0.9460420608520508,-0.08036348223686218,0,0
32,LEFT_HEEL,0.6643063426017761,0.940609872341156,0.11871524900197983,0,0
32,RIGHT_HEEL,0.666131854057312,0.9623666405677795,-0.08151363581418991,0,0
32,LEFT_FOOT_INDEX,0.6917212605476379,0.9408342242240906,0.08234419673681259,0,0
32,RIGHT_FOOT_INDEX,0.695879340171814,0.9718537330627441,-0.12116919457912445,0,0
33,NOSE,0.705451250076294,0.5372784733772278,0.0060705700889229774,0,0
33,LEFT_EYE_INNER,0.7027450799942017,0.5286574959754944,0.013987204991281033,0,0
33,LEFT_EYE,0.7023633122444153,0.5285094380378723,0.013979013077914715,0,0
33,LEFT_EYE_OUTER,0.7014719843864441,0.5279996991157532,0.013981050811707973,0,0
33,RIGHT_EYE_INNER,0.7019511461257935,0.528898298740387,-0.008388015441596508,0,0
33,RIGHT_EYE,0.7009450793266296,0.5288700461387634,-0.008410475216805935,0,0
33,RIGHT_EYE_OUTER,0.6996705532073975,0.5287595391273499,-0.008463873527944088,0,0
33,LEFT_EAR,0.6944644451141357,0.5327162146568298,0.05301964282989502,0,0
33,RIGHT_EAR,0.6924363374710083,0.5347594022750854,-0.04777536913752556,0,0
33,MOUTH_LEFT,0.7025380730628967,0.5454901456832886,0.022557150572538376,0,0
33,MOUTH_RIGHT,0.7015029788017273,0.5475842952728271,-0.006786326877772808,0,0
33,LEFT_SHOULDER,0.6816664338111877,0.5800138711929321,0.11187171936035156,0,0
33,RIGHT_SHOULDER,0.6803964972496033,0.5867860317230225,-0.09736073762178421,0,0
33,LEFT_ELBOW,0.7034936547279358,0.6064391732215881,0.11497696489095688,0,0
33,RIGHT_ELBOW,0.6858838796615601,0.6486358642578125,-0.0886252298951149,0,0
33,LEFT_WRIST,0.7138471603393555,0.5652889609336853,0.07524910569190979,0,0
33,RIGHT_WRIST,0.6956931352615356,0.642946183681488,-0.0002874561760108918,0,0
33,LEFT_PINKY,0.7151318788528442,0.5565902590751648,0.07213356345891953,0,0
33,RIGHT_PINKY,0.6974821090698242,0.6547414660453796,0.0005041401018388569,0,0
33,LEFT_INDEX,0.7136580944061279,0.5511062741279602,0.07549700140953064,0,0
33,RIGHT_INDEX,0.6972981691360474,0.6535815000534058,-0.005325743928551674,0,0
33,LEFT_THUMB,0.7128736972808838,0.5552427768707275,0.07338683307170868,0,0
33,RIGHT_THUMB,0.6954308748245239,0.6508911848068237,0.0012451004004105926,0,0
33,LEFT_HIP,0.6563782095909119,0.7175047993659973,0.06821731477975845,0,0
33,RIGHT_HIP,0.6534891128540039,0.7207844257354736,-0.06819253414869308,0,0
33,LEFT_KNEE,0.6753491759300232,0.8156378269195557,0.07670560479164124,0,0
33,RIGHT_KNEE,0.6825771927833557,0.8276762366294861,-0.08563806861639023,0,0
33,LEFT_ANKLE,0.6644268035888672,0.9137771129608154,0.10798248648643494,0,0
33,RIGHT_ANKLE,0.6757638454437256,0.9485744833946228,-0.09649302065372467,0,0
33,LEFT_HEEL,0.6582607626914978,0.9371167421340942,0.10898229479789734,0,0
33,RIGHT_HEEL,0.6671689748764038,0.9649751782417297,-0.09975366294384003,0,0
33,LEFT_FOOT_INDEX,0.6842370629310608,0.9335352778434753,0.08379623293876648,0,0
33,RIGHT_FOOT_INDEX,0.6959347128868103,0.9734522104263306,-0.14295771718025208,0,0
34,NOSE,0.7091923356056213,0.5390520691871643,-0.007606161292642355,0,0
34,LEFT_EYE_INNER,0.7069902420043945,0.5303472280502319,-0.0004961589584127069,0,0
34,LEFT_EYE,0.7067928314208984,0.5300947427749634,-0.0005045599536970258,0,0
34,LEFT_EYE_OUTER,0.7066133618354797,0.5295714139938354,-0.000505699950736016,0,0
34,RIGHT_EYE_INNER,0.7056914567947388,0.5305721759796143,-0.021394457668066025,0,0
34,RIGHT_EYE,0.7045519948005676,0.5304602384567261,-0.021414488554000854,0,0
34,RIGHT_EYE_OUTER,0.7032403349876404,0.5301984548568726,-0.021444205194711685,0,0
34,LEFT_EAR,0.699570894241333,0.5331482291221619,0.039368294179439545,0,0
34,RIGHT_EAR,0.6962810754776001,0.5346581935882568,-0.05429475009441376,0,0
34,MOUTH_LEFT,0.7070206999778748,0.5467540621757507,0.009368186816573143,0,0
34,MOUTH_RIGHT,0.7053956389427185,0.5477529168128967,-0.01788938045501709,0,0
34,LEFT_SHOULDER,0.6871635317802429,0.5800691843032837,0.09357983618974686,0,0
34,RIGHT_SHOULDER,0.6834707260131836,0.5832556486129761,-0.09656007587909698,0,0
34,LEFT_ELBOW,0.7054837346076965,0.6123469471931458,0.07045253366231918,0,0
34,RIGHT_ELBOW,0.6928606033325195,0.643060028553009,-0.07793231308460236,0,0
34,LEFT_WRIST,0.7125524878501892,0.583045482635498,-0.00869645643979311,0,0
34,RIGHT_WRIST,0.7015573978424072,0.644546389579773,0.030535662546753883,0,0
34,LEFT_PINKY,0.7145001888275146,0.5778598785400391,-0.01920562982559204,0,0
34,RIGHT_PINKY,0.7045163512229919,0.6469808220863342,0.0329916849732399,0,0
34,LEFT_INDEX,0.7110701203346252,0.5736027956008911,-0.015856508165597916,0,0
34,RIGHT_INDEX,0.7041699290275574,0.6455814242362976,0.026846421882510185,0,0
34,LEFT_THUMB,0.709899365901947,0.5766040682792664,-0.011290201917290688,0,0
34,RIGHT_THUMB,0.7019742131233215,0.6443584561347961,0.032412003725767136,0,0
34,LEFT_HIP,0.6582573652267456,0.7159325480461121,0.06567195802927017,0,0
34,RIGHT_HIP,0.6551419496536255,0.7187221646308899,-0.06567779928445816,0,0
34,LEFT_KNEE,0.6731031537055969,0.8147335052490234,0.09274305403232574,0,0
34,RIGHT_KNEE,0.6838181614875793,0.8308634757995605,-0.07606060802936554,0,0
34,LEFT_ANKLE,0.6634834408760071,0.9106594920158386,0.1314936727285385,0,0
34,RIGHT_ANKLE,0.6756426095962524,0.9502580165863037,-0.08133909851312637,0,0
34,LEFT_HEEL,0.6565658450126648,0.9287937879562378,0.1332099884748459,0,0
34,RIGHT_HEEL,0.6660234928131104,0.968106210231781,-0.08350451290607452,0,0
34,LEFT_FOOT_INDEX,0.6810214519500732,0.9351062178611755,0.11632010340690613,0,0
34,RIGHT_FOOT_INDEX,0.6958268284797668,0.9792425036430359,-0.12440960854291916,0,0
35,NOSE,0.7071704268455505,0.5371270179748535,0.007729971315711737,0,0
35,LEFT_EYE_INNER,0.7051071524620056,0.5296183228492737,0.015458391048014164,0,0
35,LEFT_EYE,0.7048723697662354,0.5294261574745178,0.015449383296072483,0,0
35,LEFT_EYE_OUTER,0.7047052383422852,0.529059112071991,0.015454237349331379,0,0
35,RIGHT_EYE_INNER,0.7041879892349243,0.5297691226005554,-0.006601579952985048,0,0
35,RIGHT_EYE,0.7032487392425537,0.529714047908783,-0.00663837231695652,0,0
35,RIGHT_EYE_OUTER,0.7023740410804749,0.5296760201454163,-0.006697380915284157,0,0
35,LEFT_EAR,0.6971050500869751,0.5314906239509583,0.05260758474469185,0,0
35,RIGHT_EAR,0.695845901966095,0.5338425636291504,-0.046591710299253464,0,0
35,MOUTH_LEFT,0.7050603032112122,0.5443257689476013,0.023675870150327682,0,0
35,MOUTH_RIGHT,0.7036290764808655,0.5447877645492554,-0.00523493392392993,0,0
35,LEFT_SHOULDER,0.6856650710105896,0.5777962803840637,0.10736934095621109,0,0
35,RIGHT_SHOULDER,0.6837798953056335,0.5836986303329468,-0.09404256194829941,0,0
35,LEFT_ELBOW,0.7092885375022888,0.5798810124397278,0.11474979668855667,0,0
35,RIGHT_ELBOW,0.6946784257888794,0.6434429287910461,-0.08161648362874985,0,0
35,LEFT_WRIST,0.7184494137763977,0.5277289748191833,0.08808484673500061,0,0
35,RIGHT_WRIST,0.7042557001113892,0.6493749022483826,0.017478810623288155,0,0
35,LEFT_PINKY,0.7217986583709717,0.5180373787879944,0.08569183945655823,0,0
35,RIGHT_PINKY,0.7064616680145264,0.6472042798995972,0.02098691835999489,0,0
35,LEFT_INDEX,0.7196729183197021,0.5116543769836426,0.08834243565797806,0,0
35,RIGHT_INDEX,0.7052688598632812,0.6469054818153381,0.014813542366027832,0,0
35,LEFT_THUMB,0.7213938236236572,0.5310908555984497,0.08602486550807953,0,0
35,RIGHT_THUMB,0.7031599283218384,0.6446889042854309,0.01926596090197563,0,0
35,LEFT_HIP,0.6588162779808044,0.7126964330673218,0.06621365249156952,0,0
35,RIGHT_HIP,0.6564632654190063,0.7176825404167175,-0.06622901558876038,0,0
35,LEFT_KNEE,0.673471212387085,0.8156151175498962,0.09815157949924469,0,0
35,RIGHT_KNEE,0.6840711832046509,0.8328733444213867,-0.07783742994070053,0,0
35,LEFT_ANKLE,0.6622826457023621,0.9041997790336609,0.14423365890979767,0,0
35,RIGHT_ANKLE,0.6754434704780579,0.9519514441490173,-0.08945611119270325,0,0
35,LEFT_HEEL,0.6548863053321838,0.9254744052886963,0.14653249084949493,0,0
35,RIGHT_HEEL,0.6654704213142395,0.9708433747291565,-0.09259454160928726,0,0
35,LEFT_FOOT_INDEX,0.6798163652420044,0.934142529964447,0.12908290326595306,0,0
35,RIGHT_FOOT_INDEX,0.6956755518913269,0.9808156490325928,-0.13397078216075897,0,0
36,NOSE,0.7089846730232239,0.5345539450645447,-0.004211383406072855,0,0
36,LEFT_EYE_INNER,0.7064858078956604,0.5282173752784729,0.0036743853706866503,0,0
36,LEFT_EYE,0.7060750722885132,0.5281883478164673,0.003659769892692566,0,0
36,LEFT_EYE_OUTER,0.7057262659072876,0.5280566215515137,0.0036546485498547554,0,0
36,RIGHT_EYE_INNER,0.7058457136154175,0.5282395482063293,-0.018807971850037575,0,0
36,RIGHT_EYE,0.7049421668052673,0.5282698273658752,-0.018846381455659866,0,0
36,RIGHT_EYE_OUTER,0.7041518688201904,0.5283624529838562,-0.01889992132782936,0,0
36,LEFT_EAR,0.6975541710853577,0.5303321480751038,0.04245634377002716,0,0
36,RIGHT_EAR,0.6972635984420776,0.5329533815383911,-0.05854780226945877,0,0
36,MOUTH_LEFT,0.7070892453193665,0.5413846373558044,0.012452888302505016,0,0
36,MOUTH_RIGHT,0.7061408162117004,0.541810929775238,-0.017005227506160736,0,0
36,LEFT_SHOULDER,0.6876070499420166,0.5755183696746826,0.10325933992862701,0,0
36,RIGHT_SHOULDER,0.6892722249031067,0.5842739939689636,-0.10287459939718246,0,0
36,LEFT_ELBOW,0.708313524723053,0.5933172702789307,0.1258198469877243,0,0
36,RIGHT_ELBOW,0.699140727519989,0.6459240913391113,-0.08208778500556946,0,0
36,LEFT_WRIST,0.7213640809059143,0.5590294599533081,0.11724615097045898,0,0
36,RIGHT_WRIST,0.7088488936424255,0.6519902348518372,0.02828238718211651,0,0
36,LEFT_PINKY,0.7237424254417419,0.551586389541626,0.11863511055707932,0,0
36,RIGHT_PINKY,0.7108825445175171,0.6517136096954346,0.03171057999134064,0,0
36,LEFT_INDEX,0.7225108742713928,0.5476351976394653,0.11748453974723816,0,0
36,RIGHT_INDEX,0.7092430591583252,0.6511983871459961,0.02687949873507023,0,0
36,LEFT_THUMB,0.7223607301712036,0.5528134107589722,0.11430203169584274,0,0
36,RIGHT_THUMB,0.7070887684822083,0.6494224071502686,0.030555419623851776,0,0
36,LEFT_HIP,0.6580803394317627,0.7122041583061218,0.06761335581541061,0,0
36,RIGHT_HIP,0.6587488651275635,0.7174923419952393,-0.06760922819375992,0,0
36,LEFT_KNEE,0.6730090975761414,0.8172309994697571,0.10810741037130356,0,0
36,RIGHT_KNEE,0.683912456035614,0.8315143585205078,-0.07437079399824142,0,0
36,LEFT_ANKLE,0.6652787923812866,0.9046501517295837,0.15849505364894867,0,0
36,RIGHT_ANKLE,0.6749232411384583,0.9509326815605164,-0.07855832576751709,0,0
36,LEFT_HEEL,0.6565458178520203,0.9254004955291748,0.1615588366985321,0,0
36,RIGHT_HEEL,0.6649951934814453,0.9696502685546875,-0.08002100139856339,0,0
36,LEFT_FOOT_INDEX,0.6789844036102295,0.934161901473999,0.14603348076343536,0,0
36,RIGHT_FOOT_INDEX,0.6946909427642822,0.9797660708427429,-0.13035041093826294,0,0
37,NOSE,0.7114664912223816,0.5349313020706177,-0.0029647727496922016,0,0
37,LEFT_EYE_INNER,0.7090173363685608,0.5280448794364929,0.00359154399484396,0,0
37,LEFT_EYE,0.7086846232414246,0.5280037522315979,0.0035725280176848173,0,0
37,LEFT_EYE_OUTER,0.7083917260169983,0.527873694896698,0.0035574701614677906,0,0
37,RIGHT_EYE_INNER,0.7084337472915649,0.5278960466384888,-0.01845117099583149,0,0
37,RIGHT_EYE,0.7076307535171509,0.5278028845787048,-0.01849023438990116,0,0
37,RIGHT_EYE_OUTER,0.7069307565689087,0.5277499556541443,-0.018556317314505577,0,0
37,LEFT_EAR,0.7014741897583008,0.529359757900238,0.037541963160037994,0,0
37,RIGHT_EAR,0.7003214955329895,0.5308279991149902,-0.0612734891474247,0,0
37,MOUTH_LEFT,0.7088623046875,0.5412668585777283,0.011897974647581577,0,0
37,MOUTH_RIGHT,0.7080139517784119,0.5418286323547363,-0.016849977895617485,0,0
37,LEFT_SHOULDER,0.6889345049858093,0.5720250606536865,0.09806918352842331,0,0
37,RIGHT_SHOULDER,0.6898935437202454,0.5810438394546509,-0.10673058778047562,0,0
37,LEFT_ELBOW,0.700124204158783,0.5976950526237488,0.13192377984523773,0,0
37,RIGHT_ELBOW,0.6977055072784424,0.6466435790061951,-0.08792423456907272,0,0
37,LEFT_WRIST,0.716935396194458,0.575598955154419,0.12264999002218246,0,0
37,RIGHT_WRIST,0.711759626865387,0.6550864577293396,0.017819298431277275,0,0
37,LEFT_PINKY,0.7212704420089722,0.5686086416244507,0.12329457700252533,0,0
37,RIGHT_PINKY,0.7148752212524414,0.6599693298339844,0.01974884234368801,0,0
37,LEFT_INDEX,0.7211123704910278,0.5581290125846863,0.11763942241668701,0,0
37,RIGHT_INDEX,0.7143943905830383,0.6513444185256958,0.015830019488930702,0,0
37,LEFT_THUMB,0.7198593020439148,0.5582878589630127,0.11797457188367844,0,0
37,RIGHT_THUMB,0.7123638987541199,0.6494433879852295,0.020126361399888992,0,0
37,LEFT_HIP,0.6603845953941345,0.7108555436134338,0.0665423646569252,0,0
37,RIGHT_HIP,0.6583194732666016,0.7144543528556824,-0.06653811782598495,0,0
37,LEFT_KNEE,0.6740192174911499,0.8165326118469238,0.09935396164655685,0,0
37,RIGHT_KNEE,0.681388795375824,0.8292214274406433,-0.07344658672809601,0,0
37,LEFT_ANKLE,0.6644114851951599,0.9043073654174805,0.14985205233097076,0,0
37,RIGHT_ANKLE,0.6740363240242004,0.9468320608139038,-0.07804066687822342,0,0
37,LEFT_HEEL,0.6571583151817322,0.9246546626091003,0.15281549096107483,0,0
37,RIGHT_HEEL,0.666015625,0.9667307734489441,-0.0780700147151947,0,0
37,LEFT_FOOT_INDEX,0.6786201000213623,0.9323537945747375,0.13457371294498444,0,0
37,RIGHT_FOOT_INDEX,0.6932334303855896,0.9778109192848206,-0.1190452054142952,0,0
38,NOSE,0.7140858173370361,0.5327304005622864,-0.013410051353275776,0,0
38,LEFT_EYE_INNER,0.7135180234909058,0.5251703858375549,-0.005473368801176548,0,0
38,LEFT_EYE,0.7132994532585144,0.5252922773361206,-0.0054978555999696255,0,0
38,LEFT_EYE_OUTER,0.7131900787353516,0.5252898931503296,-0.0055214217863976955,0,0
38,RIGHT_EYE_INNER,0.7124971151351929,0.5251458287239075,-0.02598569728434086,0,0
38,RIGHT_EYE,0.7116867899894714,0.5248770117759705,-0.02600720338523388,0,0
38,RIGHT_EYE_OUTER,0.7100397348403931,0.5241028666496277,-0.026073910295963287,0,0
38,LEFT_EAR,0.7045316100120544,0.5265148282051086,0.03556351363658905,0,0
38,RIGHT_EAR,0.7035121917724609,0.5258756875991821,-0.056761905550956726,0,0
38,MOUTH_LEFT,0.7106056809425354,0.5398266911506653,0.00417696125805378,0,0
38,MOUTH_RIGHT,0.7089000940322876,0.5392104983329773,-0.022753920406103134,0,0
38,LEFT_SHOULDER,0.6933074593544006,0.5698803663253784,0.0971161425113678,0,0
38,RIGHT_SHOULDER,0.6885450482368469,0.5734180808067322,-0.09881860762834549,0,0
38,LEFT_ELBOW,0.7059335708618164,0.5968613624572754,0.14134760200977325,0,0
38,RIGHT_ELBOW,0.6961753368377686,0.6330015659332275,-0.09439609944820404,0,0
38,LEFT_WRIST,0.722805917263031,0.5680502653121948,0.13744217157363892,0,0
38,RIGHT_WRIST,0.7184101343154907,0.6507095098495483,-0.046546902507543564,0,0
38,LEFT_PINKY,0.7258588075637817,0.5619304776191711,0.1393147110939026,0,0
38,RIGHT_PINKY,0.7219167351722717,0.656246542930603,-0.05305318534374237,0,0
38,LEFT_INDEX,0.726326048374176,0.554806113243103,0.1345837116241455,0,0
38,RIGHT_INDEX,0.7226772904396057,0.6477519273757935,-0.052457574754953384,0,0
38,LEFT_THUMB,0.7253970503807068,0.5573716759681702,0.13386371731758118,0,0
38,RIGHT_THUMB,0.7214224338531494,0.647355854511261,-0.04365334287285805,0,0
38,LEFT_HIP,0.6674498915672302,0.7080009579658508,0.06554625928401947,0,0
38,RIGHT_HIP,0.6584476232528687,0.7090721130371094,-0.06554750353097916,0,0
38,LEFT_KNEE,0.6774840950965881,0.8157224059104919,0.05164998024702072,0,0
38,RIGHT_KNEE,0.6788157820701599,0.8238509297370911,-0.08730906993150711,0,0
38,LEFT_ANKLE,0.6635296940803528,0.9045581817626953,0.10732527822256088,0,0
38,RIGHT_ANKLE,0.6735853552818298,0.9452301859855652,-0.0808653011918068,0,0
38,LEFT_HEEL,0.6565053462982178,0.9229499697685242,0.11072979122400284,0,0
38,RIGHT_HEEL,0.6649653911590576,0.9639354348182678,-0.0819813534617424,0,0
38,LEFT_FOOT_INDEX,0.6785405874252319,0.9308606386184692,0.08172770589590073,0,0
38,RIGHT_FOOT_INDEX,0.6928953528404236,0.9773728847503662,-0.13257946074008942,0,0
39,NOSE,0.7137916088104248,0.5299621820449829,-0.022239934653043747,0,0
39,LEFT_EYE_INNER,0.7119320034980774,0.5217924118041992,-0.014531723223626614,0,0
39,LEFT_EYE,0.7118169665336609,0.5217268466949463,-0.014558763243258,0,0
39,LEFT_EYE_OUTER,0.7117841243743896,0.5216091871261597,-0.014580443501472473,0,0
39,RIGHT_EYE_INNER,0.7107955813407898,0.5218664407730103,-0.03518935292959213,0,0
39,RIGHT_EYE,0.7098683714866638,0.5217093229293823,-0.035214636474847794,0,0
39,RIGHT_EYE_OUTER,0.7089540958404541,0.5214154720306396,-0.035271745175123215,0,0
39,LEFT_EAR,0.7056290507316589,0.5230395197868347,0.02751433104276657,0,0
39,RIGHT_EAR,0.703025758266449,0.5239349603652954,-0.058566756546497345,0,0
39,MOUTH_LEFT,0.7118620276451111,0.5372864603996277,-0.004227046389132738,0,0
39,MOUTH_RIGHT,0.7104104161262512,0.5370250940322876,-0.031256210058927536,0,0
39,LEFT_SHOULDER,0.6955491304397583,0.5679771900177002,0.09066472202539444,0,0
39,RIGHT_SHOULDER,0.6894029378890991,0.5721666812896729,-0.10650131851434708,0,0
39,LEFT_ELBOW,0.7062647342681885,0.6089698076248169,0.13049834966659546,0,0
39,RIGHT_ELBOW,0.6996740698814392,0.6357733607292175,-0.0968804657459259,0,0
39,LEFT_WRIST,0.7255573868751526,0.598491370677948,0.07283449918031693,0,0
39,RIGHT_WRIST,0.7230961322784424,0.6504505276679993,-0.03753974661231041,0,0
39,LEFT_PINKY,0.7300221920013428,0.597355842590332,0.06648916006088257,0,0
39,RIGHT_PINKY,0.7280762195587158,0.6519814133644104,-0.04669106751680374,0,0
39,LEFT_INDEX,0.7302125692367554,0.5886440277099609,0.05684792622923851,0,0
39,RIGHT_INDEX,0.7284353971481323,0.6428853273391724,-0.045322056859731674,0,0
39,LEFT_THUMB,0.7285508513450623,0.5881519317626953,0.06581069529056549,0,0
39,RIGHT_THUMB,0.7254823446273804,0.6422141194343567,-0.03476434201002121,0,0
39,LEFT_HIP,0.6671438813209534,0.7082023024559021,0.06513276696205139,0,0
39,RIGHT_HIP,0.6594346165657043,0.7090398073196411,-0.06510791927576065,0,0
39,LEFT_KNEE,0.6767717003822327,0.8153938055038452,0.08645101636648178,0,0
39,RIGHT_KNEE,0.6791549324989319,0.8228964805603027,-0.08099871128797531,0,0
39,LEFT_ANKLE,0.6643559336662292,0.9134342670440674,0.14004582166671753,0,0
39,RIGHT_ANKLE,0.6737128496170044,0.9466462731361389,-0.07723616808652878,0,0
39,LEFT_HEEL,0.6570005416870117,0.9283954501152039,0.14298146963119507,0,0
39,RIGHT_HEEL,0.6639225482940674,0.9686532616615295,-0.07851632684469223,0,0
39,LEFT_FOOT_INDEX,0.6792153120040894,0.9348544478416443,0.11784915626049042,0,0
39,RIGHT_FOOT_INDEX,0.6917445063591003,0.9771975874900818,-0.12695762515068054,0,0
40,NOSE,0.7144317030906677,0.5314714312553406,-0.025474082678556442,0,0
40,LEFT_EYE_INNER,0.7127522826194763,0.5226277709007263,-0.017849933356046677,0,0
40,LEFT_EYE,0.7125765085220337,0.5224340558052063,-0.017878714948892593,0,0
40,LEFT_EYE_OUTER,0.7124239206314087,0.5221623778343201,-0.017901616171002388,0,0
40,RIGHT_EYE_INNER,0.7117681503295898,0.5228501558303833,-0.03851323947310448,0,0
40,RIGHT_EYE,0.710874617099762,0.5227586627006531,-0.038541290909051895,0,0
40,RIGHT_EYE_OUTER,0.7100833058357239,0.5225685238838196,-0.038597095757722855,0,0
40,LEFT_EAR,0.7063015699386597,0.5235400199890137,0.02450740337371826,0,0
40,RIGHT_EAR,0.7039058804512024,0.5250763893127441,-0.06531333923339844,0,0
40,MOUTH_LEFT,0.7122889757156372,0.5388031005859375,-0.007167284842580557,0,0
40,MOUTH_RIGHT,0.7111408114433289,0.5388410091400146,-0.03443007916212082,0,0
40,LEFT_SHOULDER,0.6967329382896423,0.566368043422699,0.0900125503540039,0,0
40,RIGHT_SHOULDER,0.690394401550293,0.572258710861206,-0.11220195889472961,0,0
40,LEFT_ELBOW,0.7055081129074097,0.6128067374229431,0.12086236476898193,0,0
40,RIGHT_ELBOW,0.7006034255027771,0.6381974220275879,-0.0986407920718193,0,0
40,LEFT_WRIST,0.7244724631309509,0.6093811988830566,0.07383432984352112,0,0
40,RIGHT_WRIST,0.7229745388031006,0.6501801013946533,-0.015509693883359432,0,0
40,LEFT_PINKY,0.7308293581008911,0.6135174632072449,0.06816308200359344,0,0
40,RIGHT_PINKY,0.7275785207748413,0.6504228711128235,-0.02077588252723217,0,0
40,LEFT_INDEX,0.7307010293006897,0.606511652469635,0.05868058651685715,0,0
40,RIGHT_INDEX,0.7277323603630066,0.6405856609344482,-0.02366306073963642,0,0
40,LEFT_THUMB,0.7260010838508606,0.5995704531669617,0.06700456887483597,0,0
40,RIGHT_THUMB,0.7247114777565002,0.6398195028305054,-0.0135599160566926,0,0
40,LEFT_HIP,0.6686801910400391,0.7079152464866638,0.06533792614936829,0,0
40,RIGHT_HIP,0.6596562266349792,0.7092836499214172,-0.06529319286346436,0,0
40,LEFT_KNEE,0.6777051091194153,0.8148471117019653,0.08232798427343369,0,0
40,RIGHT_KNEE,0.6791336536407471,0.8229635953903198,-0.08501651138067245,0,0
40,LEFT_ANKLE,0.6652164459228516,0.9155157804489136,0.13304434716701508,0,0
40,RIGHT_ANKLE,0.6734274625778198,0.9474328756332397,-0.08380629122257233,0,0
40,LEFT_HEEL,0.657455563545227,0.9296167492866516,0.13566510379314423,0,0
40,RIGHT_HEEL,0.6645656228065491,0.9665969014167786,-0.08585231751203537,0,0
40,LEFT_FOOT_INDEX,0.6818049550056458,0.9379799962043762,0.10979374498128891,0,0
40,RIGHT_FOOT_INDEX,0.692039430141449,0.9798542261123657,-0.13602955639362335,0,0
41,NOSE,0.7134469151496887,0.526333749294281,-0.02894318476319313,0,0
41,LEFT_EYE_INNER,0.7111824750900269,0.5186424255371094,-0.020844170823693275,0,0
41,LEFT_EYE,0.7108516693115234,0.5184361338615417,-0.02086581103503704,0,0
41,LEFT_EYE_OUTER,0.7108936905860901,0.5184364318847656,-0.020882533863186836,0,0
41,RIGHT_EYE_INNER,0.7097074389457703,0.51860511302948,-0.043375443667173386,0,0
41,RIGHT_EYE,0.7087466716766357,0.5187061429023743,-0.04338879510760307,0,0
41,RIGHT_EYE_OUTER,0.7079631686210632,0.5188310146331787,-0.043427012860774994,0,0
41,LEFT_EAR,0.7047251462936401,0.5208979249000549,0.0231016855686903,0,0
41,RIGHT_EAR,0.7017756104469299,0.5225164890289307,-0.07367918640375137,0,0
41,MOUTH_LEFT,0.7120534777641296,0.5341154932975769,-0.008489369414746761,0,0
41,MOUTH_RIGHT,0.7100533246994019,0.5340480804443359,-0.038249995559453964,0,0
41,LEFT_SHOULDER,0.6965100765228271,0.5638314485549927,0.08821940422058105,0,0
41,RIGHT_SHOULDER,0.6886052489280701,0.5696409940719604,-0.1170424148440361,0,0
41,LEFT_ELBOW,0.718847930431366,0.5901775360107422,0.10288041085004807,0,0
41,RIGHT_ELBOW,0.7022973299026489,0.6378284692764282,-0.11801347136497498,0,0
41,LEFT_WRIST,0.7322060465812683,0.5529390573501587,0.04563981667160988,0,0
41,RIGHT_WRIST,0.7261085510253906,0.6463994383811951,-0.04930790886282921,0,0
41,LEFT_PINKY,0.732155442237854,0.5307654142379761,0.03829045966267586,0,0
41,RIGHT_PINKY,0.729820191860199,0.6467710733413696,-0.05719660595059395,0,0
41,LEFT_INDEX,0.7301710844039917,0.5291506052017212,0.034427959471940994,0,0
41,RIGHT_INDEX,0.7301741242408752,0.6382437348365784,-0.05862575024366379,0,0
41,LEFT_THUMB,0.7282705307006836,0.529179573059082,0.040651626884937286,0,0
41,RIGHT_THUMB,0.7288243770599365,0.6379993557929993,-0.046954333782196045,0,0
41,LEFT_HIP,0.6696308255195618,0.7077233195304871,0.06505896151065826,0,0
41,RIGHT_HIP,0.6604864597320557,0.7089220285415649,-0.06501365453004837,0,0
41,LEFT_KNEE,0.6807239055633545,0.81596440076828,0.05214546620845795,0,0
41,RIGHT_KNEE,0.6784818768501282,0.8231645226478577,-0.06849229335784912,0,0
41,LEFT_ANKLE,0.6686804890632629,0.9211172461509705,0.07554607093334198,0,0
41,RIGHT_ANKLE,0.6748276948928833,0.9486810564994812,-0.05922732874751091,0,0
41,LEFT_HEEL,0.6592444181442261,0.9358960390090942,0.07527793198823929,0,0
41,RIGHT_HEEL,0.6674098372459412,0.965726375579834,-0.0608007088303566,0,0
41,LEFT_FOOT_INDEX,0.6823505759239197,0.950179398059845,0.04128025844693184,0,0
41,RIGHT_FOOT_INDEX,0.6922115087509155,0.98032146692276,-0.10828370600938797,0,0
42,NOSE,0.7168350219726562,0.5281677842140198,-0.09618492424488068,0,0
42,LEFT_EYE_INNER,0.716535210609436,0.5196709632873535,-0.08868115395307541,0,0
42,LEFT_EYE,0.7165597081184387,0.5194011330604553,-0.08872979134321213,0,0
42,LEFT_EYE_OUTER,0.7166823744773865,0.5191276669502258,-0.0887698233127594,0,0
42,RIGHT_EYE_INNER,0.7151269912719727,0.519310474395752,-0.10909011214971542,0,0
42,RIGHT_EYE,0.7141905426979065,0.5189805626869202,-0.10909123718738556,0,0
42,RIGHT_EYE_OUTER,0.7115766406059265,0.5175290703773499,-0.10914332419633865,0,0
42,LEFT_EAR,0.7107400298118591,0.5184723138809204,-0.030803604051470757,0,0
42,RIGHT_EAR,0.7050827145576477,0.5180643200874329,-0.1221279725432396,0,0
42,MOUTH_LEFT,0.7135146856307983,0.535613477230072,-0.07050912827253342,0,0
42,MOUTH_RIGHT,0.7108837366104126,0.5351059436798096,-0.09714994579553604,0,0
42,LEFT_SHOULDER,0.7040542364120483,0.5551086068153381,0.05262891575694084,0,0
42,RIGHT_SHOULDER,0.6871107220649719,0.5561408996582031,-0.1462763398885727,0,0
42,LEFT_ELBOW,0.723234236240387,0.5925256609916687,0.049394767731428146,0,0
42,RIGHT_ELBOW,0.7039811611175537,0.6287288665771484,-0.1636640578508377,0,0
42,LEFT_WRIST,0.7291082739830017,0.5721277594566345,-0.04245937243103981,0,0
42,RIGHT_WRIST,0.730383574962616,0.6472269296646118,-0.1377248615026474,0,0
42,LEFT_PINKY,0.7292417883872986,0.5624518990516663,-0.056323662400245667,0,0
42,RIGHT_PINKY,0.740653932094574,0.6565834879875183,-0.15394364297389984,0,0
42,LEFT_INDEX,0.7282344698905945,0.5575545430183411,-0.05738995969295502,0,0
42,RIGHT_INDEX,0.7355821132659912,0.640625,-0.15455688536167145,0,0
42,LEFT_THUMB,0.7272282838821411,0.5589653849601746,-0.046401191502809525,0,0
42,RIGHT_THUMB,0.7324976325035095,0.640053927898407,-0.13630151748657227,0,0
42,LEFT_HIP,0.6756488084793091,0.7042942047119141,0.06423944234848022,0,0
42,RIGHT_HIP,0.6600692272186279,0.7040636539459229,-0.06420525908470154,0,0
42,LEFT_KNEE,0.6834744811058044,0.8160971403121948,0.02704888954758644,0,0
42,RIGHT_KNEE,0.6780284643173218,0.8231902718544006,-0.06991896033287048,0,0
42,LEFT_ANKLE,0.6698528528213501,0.926690936088562,0.0615856796503067,0,0
42,RIGHT_ANKLE,0.6742420792579651,0.9471064805984497,-0.038939449936151505,0,0
42,LEFT_HEEL,0.6590090394020081,0.9380795359611511,0.06219768151640892,0,0
42,RIGHT_HEEL,0.6655905842781067,0.9641780257225037,-0.03722274675965309,0,0
42,LEFT_FOOT_INDEX,0.6841813325881958,0.962996780872345,0.017466651275753975,0,0
42,RIGHT_FOOT_INDEX,0.6932206749916077,0.9811450242996216,-0.09046141058206558,0,0
43,NOSE,0.7202430963516235,0.5228453874588013,-0.0758352056145668,0,0
43,LEFT_EYE_INNER,0.7220403552055359,0.5130709409713745,-0.0703950896859169,0,0
43,LEFT_EYE,0.721969485282898,0.5121061205863953,-0.07044409215450287,0,0
43,LEFT_EYE_OUTER,0.7219164371490479,0.5111823678016663,-0.07048580795526505,0,0
43,RIGHT_EYE_INNER,0.7205048203468323,0.5137361884117126,-0.09186659753322601,0,0
43,RIGHT_EYE,0.7191073298454285,0.5130792260169983,-0.09187137335538864,0,0
43,RIGHT_EYE_OUTER,0.7174437046051025,0.5121460556983948,-0.09193096309900284,0,0
43,LEFT_EAR,0.7145971655845642,0.504677951335907,-0.022532915696501732,0,0
43,RIGHT_EAR,0.7087022662162781,0.50693678855896,-0.11822504550218582,0,0
43,MOUTH_LEFT,0.7165330648422241,0.5277338027954102,-0.05347785726189613,0,0
43,MOUTH_RIGHT,0.7137307524681091,0.5281052589416504,-0.08124888688325882,0,0
43,LEFT_SHOULDER,0.7047927975654602,0.5408218502998352,0.06039346009492874,0,0
43,RIGHT_SHOULDER,0.687460720539093,0.5439631342887878,-0.148231640458107,0,0
43,LEFT_ELBOW,0.7182565927505493,0.5950428247451782,0.07722001522779465,0,0
43,RIGHT_ELBOW,0.7025147080421448,0.6320472955703735,-0.15746276080608368,0,0
43,LEFT_WRIST,0.7340085506439209,0.5955900549888611,0.006449180655181408,0,0
43,RIGHT_WRIST,0.7323235869407654,0.648093044757843,-0.12735790014266968,0,0
43,LEFT_PINKY,0.7376078963279724,0.5933335423469543,-0.002893351949751377,0,0
43,RIGHT_PINKY,0.7385815978050232,0.656726598739624,-0.14418716728687286,0,0
43,LEFT_INDEX,0.7393666505813599,0.5856375098228455,-0.011452648788690567,0,0
43,RIGHT_INDEX,0.7382146716117859,0.64215087890625,-0.14441321790218353,0,0
43,LEFT_THUMB,0.7369921207427979,0.5866971611976624,-0.00020515201322268695,0,0
43,RIGHT_THUMB,0.7354326844215393,0.6413518786430359,-0.12573209404945374,0,0
43,LEFT_HIP,0.675581693649292,0.69654780626297,0.0642780214548111,0,0
43,RIGHT_HIP,0.6603343486785889,0.697641909122467,-0.06423517316579819,0,0
43,LEFT_KNEE,0.6852424740791321,0.809453547000885,0.03977225348353386,0,0
43,RIGHT_KNEE,0.6778175830841064,0.8223453760147095,-0.06842834502458572,0,0
43,LEFT_ANKLE,0.6687725186347961,0.9235317707061768,0.08290766179561615,0,0
43,RIGHT_ANKLE,0.676595151424408,0.9467569589614868,-0.028434837237000465,0,0
43,LEFT_HEEL,0.658553957939148,0.9365174174308777,0.08445599675178528,0,0
43,RIGHT_HEEL,0.666725218296051,0.9670526385307312,-0.02693207748234272,0,0
43,LEFT_FOOT_INDEX,0.6841545104980469,0.9568920135498047,0.043830376118421555,0,0
43,RIGHT_FOOT_INDEX,0.6953040361404419,0.9849085211753845,-0.08123261481523514,0,0
44,NOSE,0.7236531972885132,0.5235639810562134,-0.1024663969874382,0,0
44,LEFT_EYE_INNER,0.724280595779419,0.5127649903297424,-0.09776537865400314,0,0
44,LEFT_EYE,0.7244184613227844,0.5117223858833313,-0.0978144109249115,0,0
44,LEFT_EYE_OUTER,0.7245572805404663,0.5107296109199524,-0.0978579893708229,0,0
44,RIGHT_EYE_INNER,0.7223251461982727,0.5133834481239319,-0.11877396702766418,0,0
44,RIGHT_EYE,0.7208517789840698,0.5125449299812317,-0.11878892034292221,0,0
44,RIGHT_EYE_OUTER,0.719342052936554,0.5116174817085266,-0.11886890232563019,0,0
44,LEFT_EAR,0.7181012034416199,0.502062976360321,-0.048571307212114334,0,0
44,RIGHT_EAR,0.7107607126235962,0.5034279227256775,-0.14234505593776703,0,0
44,MOUTH_LEFT,0.7174718976020813,0.522156298160553,-0.07869507372379303,0,0
44,MOUTH_RIGHT,0.713505744934082,0.5241045951843262,-0.10606298595666885,0,0
44,LEFT_SHOULDER,0.7060913443565369,0.5290901064872742,0.04180752485990524,0,0
44,RIGHT_SHOULDER,0.6877059936523438,0.5349167585372925,-0.16323204338550568,0,0
44,LEFT_ELBOW,0.7174122929573059,0.596701979637146,0.07695308327674866,0,0
44,RIGHT_ELBOW,0.7002895474433899,0.6252098083496094,-0.16693903505802155,0,0
44,LEFT_WRIST,0.7342755198478699,0.5955212116241455,0.02163580246269703,0,0
44,RIGHT_WRIST,0.7335118651390076,0.6482892632484436,-0.14180497825145721,0,0
44,LEFT_PINKY,0.73802649974823,0.5934125781059265,0.015642350539565086,0,0
44,RIGHT_PINKY,0.739212155342102,0.6577509641647339,-0.1589394062757492,0,0
44,LEFT_INDEX,0.7404292821884155,0.5861426591873169,0.0059622409753501415,0,0
44,RIGHT_INDEX,0.7401284575462341,0.6424582004547119,-0.1586415320634842,0,0
44,LEFT_THUMB,0.7382107377052307,0.5872142314910889,0.015295914374291897,0,0
44,RIGHT_THUMB,0.7373498678207397,0.6420471668243408,-0.139963299036026,0,0
44,LEFT_HIP,0.6761065721511841,0.6912175416946411,0.06461068242788315,0,0
44,RIGHT_HIP,0.6607077121734619,0.6939560770988464,-0.06456126272678375,0,0
44,LEFT_KNEE,0.6844704747200012,0.8026466369628906,0.059356946498155594,0,0
44,RIGHT_KNEE,0.6792288422584534,0.8218666911125183,-0.06862260401248932,0,0
44,LEFT_ANKLE,0.6680429577827454,0.9168217778205872,0.13452944159507751,0,0
44,RIGHT_ANKLE,0.6777037382125854,0.9490737318992615,-0.04150651395320892,0,0
44,LEFT_HEEL,0.6582988500595093,0.9314095377922058,0.13922348618507385,0,0
44,RIGHT_HEEL,0.6694138050079346,0.9689806699752808,-0.04106571525335312,0,0
44,LEFT_FOOT_INDEX,0.6836445331573486,0.9519236087799072,0.10279873758554459,0,0
44,RIGHT_FOOT_INDEX,0.6960108280181885,0.9867056608200073,-0.09501056373119354,0,0
45,NOSE,0.7136766910552979,0.521233320236206,-0.09672631323337555,0,0
45,LEFT_EYE_INNER,0.7085269093513489,0.5117753744125366,-0.08975625038146973,0,0
45,LEFT_EYE,0.7086136937141418,0.5111169219017029,-0.08978597819805145,0,0
45,LEFT_EYE_OUTER,0.7091531753540039,0.5102620720863342,-0.08982401341199875,0,0
45,RIGHT_EYE_INNER,0.7076345086097717,0.5124068260192871,-0.1097797229886055,0,0
45,RIGHT_EYE,0.7070462107658386,0.512157678604126,-0.10978824645280838,0,0
45,RIGHT_EYE_OUTER,0.7061086297035217,0.5115046501159668,-0.10983619838953018,0,0
45,LEFT_EAR,0.705829918384552,0.5070266723632812,-0.040460117161273956,0,0
45,RIGHT_EAR,0.7017342448234558,0.5083249807357788,-0.13035786151885986,0,0
45,MOUTH_LEFT,0.7125763297080994,0.525445818901062,-0.07431567460298538,0,0
45,MOUTH_RIGHT,0.7104100584983826,0.526741087436676,-0.1004864051938057,0,0
45,LEFT_SHOULDER,0.7058127522468567,0.5395267009735107,0.037724800407886505,0,0
45,RIGHT_SHOULDER,0.6879796385765076,0.53883957862854,-0.15629926323890686,0,0
45,LEFT_ELBOW,0.7147020101547241,0.5787094235420227,0.07766689360141754,0,0
45,RIGHT_ELBOW,0.701419472694397,0.6359207630157471,-0.16555757820606232,0,0
45,LEFT_WRIST,0.7348259687423706,0.5712059736251831,0.08150026202201843,0,0
45,RIGHT_WRIST,0.7327909469604492,0.6561152338981628,-0.13489961624145508,0,0
45,LEFT_PINKY,0.739581823348999,0.5694183707237244,0.08249253779649734,0,0
45,RIGHT_PINKY,0.7381342053413391,0.6609883904457092,-0.15080015361309052,0,0
45,LEFT_INDEX,0.7405169606208801,0.5633187294006348,0.06777355819940567,0,0
45,RIGHT_INDEX,0.7380786538124084,0.6511372923851013,-0.15038728713989258,0,0
45,LEFT_THUMB,0.7387839555740356,0.5662478804588318,0.07428593933582306,0,0
45,RIGHT_THUMB,0.7364277243614197,0.649947464466095,-0.13335561752319336,0,0
45,LEFT_HIP,0.6741313338279724,0.6940499544143677,0.06459271162748337,0,0
45,RIGHT_HIP,0.6610901355743408,0.6966345906257629,-0.06454966962337494,0,0
45,LEFT_KNEE,0.6840863823890686,0.8039131164550781,0.08248536288738251,0,0
45,RIGHT_KNEE,0.6810005903244019,0.8222486972808838,-0.07857238501310349,0,0
45,LEFT_ANKLE,0.6650184988975525,0.9125086069107056,0.14411558210849762,0,0
45,RIGHT_ANKLE,0.678639829158783,0.9511510729789734,-0.07600417733192444,0,0
45,LEFT_HEEL,0.6581076979637146,0.9242761731147766,0.14814311265945435,0,0
45,RIGHT_HEEL,0.6707785129547119,0.9707294702529907,-0.07852668315172195,0,0
45,LEFT_FOOT_INDEX,0.6807442903518677,0.94064861536026,0.12240470945835114,0,0
45,RIGHT_FOOT_INDEX,0.6962686777114868,0.987912118434906,-0.1318814903497696,0,0
46,NOSE,0.7055615782737732,0.5205706357955933,-0.09261468797922134,0,0
46,LEFT_EYE_INNER,0.7012647390365601,0.5102381110191345,-0.08667358011007309,0,0
46,LEFT_EYE,0.7010947465896606,0.5095632672309875,-0.08671041578054428,0,0
46,LEFT_EYE_OUTER,0.7012211084365845,0.5086615085601807,-0.08674422651529312,0,0
46,RIGHT_EYE_INNER,0.7008148431777954,0.5111122131347656,-0.1084807738661766,0,0
46,RIGHT_EYE,0.7003117203712463,0.5111148357391357,-0.10850054770708084,0,0
46,RIGHT_EYE_OUTER,0.7000463008880615,0.5108243823051453,-0.10855037719011307,0,0
46,LEFT_EAR,0.6967836618423462,0.5089243650436401,-0.04430459812283516,0,0
46,RIGHT_EAR,0.6960523128509521,0.5108704566955566,-0.14330238103866577,0,0
46,MOUTH_LEFT,0.705109179019928,0.5267811417579651,-0.07303882390260696,0,0
46,MOUTH_RIGHT,0.7040345072746277,0.5278639793395996,-0.10177572816610336,0,0
46,LEFT_SHOULDER,0.6941254734992981,0.5433249473571777,0.02429661527276039,0,0
46,RIGHT_SHOULDER,0.687744677066803,0.557313084602356,-0.1714549958705902,0,0
46,LEFT_ELBOW,0.7132059335708618,0.5796160697937012,0.07026040554046631,0,0
46,RIGHT_ELBOW,0.7035409808158875,0.6442950367927551,-0.18379785120487213,0,0
46,LEFT_WRIST,0.7333353161811829,0.5767661333084106,0.06136699393391609,0,0
46,RIGHT_WRIST,0.7353614568710327,0.6565226316452026,-0.1528814435005188,0,0
46,LEFT_PINKY,0.7387888431549072,0.5746946930885315,0.06416824460029602,0,0
46,RIGHT_PINKY,0.7422197461128235,0.6609601974487305,-0.17168745398521423,0,0
46,LEFT_INDEX,0.7391317486763,0.5681509375572205,0.035638101398944855,0,0
46,RIGHT_INDEX,0.7421366572380066,0.6513906121253967,-0.17033085227012634,0,0
46,LEFT_THUMB,0.7373868227005005,0.5699252486228943,0.04890228435397148,0,0
46,RIGHT_THUMB,0.7394692897796631,0.6501834988594055,-0.1515345424413681,0,0
46,LEFT_HIP,0.6733458042144775,0.694624125957489,0.06598197668790817,0,0
46,RIGHT_HIP,0.6624610424041748,0.6975732445716858,-0.06595948338508606,0,0
46,LEFT_KNEE,0.6795362234115601,0.8006842732429504,0.12193400412797928,0,0
46,RIGHT_KNEE,0.6815059185028076,0.8227692246437073,-0.08429061621427536,0,0
46,LEFT_ANKLE,0.659336268901825,0.9000064134597778,0.2050611674785614,0,0
46,RIGHT_ANKLE,0.678295373916626,0.9529707431793213,-0.08634745329618454,0,0
46,LEFT_HEEL,0.6528603434562683,0.9137794375419617,0.2114574909210205,0,0
46,RIGHT_HEEL,0.6700725555419922,0.9722630381584167,-0.08970382064580917,0,0
46,LEFT_FOOT_INDEX,0.672316312789917,0.9172289371490479,0.1888917088508606,0,0
46,RIGHT_FOOT_INDEX,0.6975612044334412,0.9880078434944153,-0.1479727178812027,0,0
47,NOSE,0.7011451721191406,0.5203102827072144,-0.12614129483699799,0,0
47,LEFT_EYE_INNER,0.6966645121574402,0.5105594396591187,-0.11967431753873825,0,0
47,LEFT_EYE,0.6964514255523682,0.5099138021469116,-0.11970153450965881,0,0
47,LEFT_EYE_OUTER,0.6964982151985168,0.5090358853340149,-0.1197253093123436,0,0
47,RIGHT_EYE_INNER,0.6961450576782227,0.5113705992698669,-0.14151404798030853,0,0
47,RIGHT_EYE,0.6955893635749817,0.511419951915741,-0.14153264462947845,0,0
47,RIGHT_EYE_OUTER,0.6953874826431274,0.5111944079399109,-0.14158357679843903,0,0
47,LEFT_EAR,0.6917948126792908,0.5100593566894531,-0.07158942520618439,0,0
47,RIGHT_EAR,0.6915023922920227,0.5122514367103577,-0.17086099088191986,0,0
47,MOUTH_LEFT,0.7007277011871338,0.5272062420845032,-0.1041962131857872,0,0
47,MOUTH_RIGHT,0.6995035409927368,0.5280777812004089,-0.1330542266368866,0,0
47,LEFT_SHOULDER,0.6899240016937256,0.5449145436286926,9.868162305792794e-05,0,0
47,RIGHT_SHOULDER,0.6849858164787292,0.5623470544815063,-0.19407708942890167,0,0
47,LEFT_ELBOW,0.7127458453178406,0.5697932243347168,0.03134388476610184,0,0
47,RIGHT_ELBOW,0.7054122090339661,0.6415261030197144,-0.21407006680965424,0,0
47,LEFT_WRIST,0.73552405834198,0.5401660203933716,-0.006268699187785387,0,0
47,RIGHT_WRIST,0.7348086833953857,0.657792866230011,-0.19881649315357208,0,0
47,LEFT_PINKY,0.7400646209716797,0.5360623002052307,-0.015077279880642891,0,0
47,RIGHT_PINKY,0.7412643432617188,0.663696825504303,-0.22146186232566833,0,0
47,LEFT_INDEX,0.7401672601699829,0.5426734685897827,-0.03070133551955223,0,0
47,RIGHT_INDEX,0.7421466708183289,0.6550804376602173,-0.22041445970535278,0,0
47,LEFT_THUMB,0.7388483285903931,0.5470636487007141,-0.015536964870989323,0,0
47,RIGHT_THUMB,0.7390035390853882,0.6539362668991089,-0.19788067042827606,0,0
47,LEFT_HIP,0.6682499647140503,0.6951797008514404,0.06627459824085236,0,0
47,RIGHT_HIP,0.6638514995574951,0.6987677812576294,-0.06629841774702072,0,0
47,LEFT_KNEE,0.6742566823959351,0.7956369519233704,0.17008261382579803,0,0
47,RIGHT_KNEE,0.6817748546600342,0.8220568895339966,-0.08662508428096771,0,0
47,LEFT_ANKLE,0.6484817266464233,0.8689454793930054,0.2900627851486206,0,0
47,RIGHT_ANKLE,0.6781542897224426,0.9528660774230957,-0.08216400444507599,0,0
47,LEFT_HEEL,0.6374865770339966,0.8851942420005798,0.3002263009548187,0,0
47,RIGHT_HEEL,0.6697334051132202,0.9718315005302429,-0.0851227343082428,0,0
47,LEFT_FOOT_INDEX,0.6584452986717224,0.8895109295845032,0.2783231735229492,0,0
47,RIGHT_FOOT_INDEX,0.6972190737724304,0.9869685173034668,-0.1483776569366455,0,0
48,NOSE,0.6975860595703125,0.5151943564414978,-0.20777682960033417,0,0
48,LEFT_EYE_INNER,0.6921430826187134,0.5058557987213135,-0.1996067464351654,0,0
48,LEFT_EYE,0.691847026348114,0.5054125785827637,-0.1996384710073471,0,0
48,LEFT_EYE_OUTER,0.6917830109596252,0.5046133399009705,-0.19969534873962402,0,0
48,RIGHT_EYE_INNER,0.6916286945343018,0.5067439079284668,-0.22312723100185394,0,0
48,RIGHT_EYE,0.6910225749015808,0.5070531368255615,-0.2231580913066864,0,0
48,RIGHT_EYE_OUTER,0.6900668740272522,0.5079795718193054,-0.22321352362632751,0,0
48,LEFT_EAR,0.686371386051178,0.5085105895996094,-0.14157313108444214,0,0
48,RIGHT_EAR,0.6853265166282654,0.5121412873268127,-0.24800518155097961,0,0
48,MOUTH_LEFT,0.6972941160202026,0.5246729254722595,-0.18203260004520416,0,0
48,MOUTH_RIGHT,0.6956978440284729,0.5266442894935608,-0.21305058896541595,0,0
48,LEFT_SHOULDER,0.6895103454589844,0.5455853939056396,-0.06073679402470589,0,0
48,RIGHT_SHOULDER,0.6778553128242493,0.5669229030609131,-0.26014572381973267,0,0
48,LEFT_ELBOW,0.7168094515800476,0.5721690058708191,-0.022247107699513435,0,0
48,RIGHT_ELBOW,0.70393967628479,0.6414502859115601,-0.28753527998924255,0,0
48,LEFT_WRIST,0.7427898049354553,0.5507066249847412,-0.05930571258068085,0,0
48,RIGHT_WRIST,0.7386541366577148,0.6637023091316223,-0.29687923192977905,0,0
48,LEFT_PINKY,0.7495876550674438,0.5472601652145386,-0.06963059306144714,0,0
48,RIGHT_PINKY,0.744398295879364,0.6692498922348022,-0.3299940824508667,0,0
48,LEFT_INDEX,0.7494058609008789,0.5586020350456238,-0.08984751254320145,0,0
48,RIGHT_INDEX,0.7458877563476562,0.6603550314903259,-0.32946768403053284,0,0
48,LEFT_THUMB,0.7471528649330139,0.5660098791122437,-0.07028986513614655,0,0
48,RIGHT_THUMB,0.7444122433662415,0.6594091057777405,-0.2976352572441101,0,0
48,LEFT_HIP,0.6693612337112427,0.6923763751983643,0.0661066323518753,0,0
48,RIGHT_HIP,0.6622717380523682,0.6964055299758911,-0.06612695753574371,0,0
48,LEFT_KNEE,0.6700915694236755,0.7881660461425781,0.17777128517627716,0,0
48,RIGHT_KNEE,0.6805247664451599,0.8208774328231812,-0.08165422827005386,0,0
48,LEFT_ANKLE,0.6436595916748047,0.8614493012428284,0.3331835865974426,0,0
48,RIGHT_ANKLE,0.6777511239051819,0.9525582790374756,-0.04253404214978218,0,0
48,LEFT_HEEL,0.6321617364883423,0.8792287111282349,0.34698566794395447,0,0
48,RIGHT_HEEL,0.6696149706840515,0.9712952971458435,-0.04263221472501755,0,0
48,LEFT_FOOT_INDEX,0.657727837562561,0.8881944417953491,0.3166075050830841,0,0
48,RIGHT_FOOT_INDEX,0.6967491507530212,0.9867591857910156,-0.1230015754699707,0,0
49,NOSE,0.6973762512207031,0.5157848000526428,-0.15761083364486694,0,0
49,LEFT_EYE_INNER,0.6930639147758484,0.5057576894760132,-0.15032991766929626,0,0
49,LEFT_EYE,0.6927248239517212,0.5052931904792786,-0.1503559947013855,0,0
49,LEFT_EYE_OUTER,0.6925498247146606,0.5045187473297119,-0.1503857523202896,0,0
49,RIGHT_EYE_INNER,0.6925175786018372,0.5066487789154053,-0.1748693287372589,0,0
49,RIGHT_EYE,0.6917587518692017,0.50728440284729,-0.1748996526002884,0,0
49,RIGHT_EYE_OUTER,0.6911191940307617,0.5078940987586975,-0.17495839297771454,0,0
49,LEFT_EAR,0.6867342591285706,0.5087215900421143,-0.1005002111196518,0,0
49,RIGHT_EAR,0.6860231161117554,0.5126501321792603,-0.2121357023715973,0,0
49,MOUTH_LEFT,0.6967999935150146,0.524638831615448,-0.13508805632591248,0,0
49,MOUTH_RIGHT,0.6953644156455994,0.5260988473892212,-0.16752998530864716,0,0
49,LEFT_SHOULDER,0.6854259371757507,0.5466151833534241,-0.024603575468063354,0,0
49,RIGHT_SHOULDER,0.6781983971595764,0.5713920593261719,-0.2338998019695282,0,0
49,LEFT_ELBOW,0.7124503254890442,0.5697062611579895,0.01760578341782093,0,0
49,RIGHT_ELBOW,0.7029983401298523,0.6462979316711426,-0.24806632101535797,0,0
49,LEFT_WRIST,0.7387416958808899,0.5595681071281433,-0.01815079338848591,0,0
49,RIGHT_WRIST,0.7395305037498474,0.6646080613136292,-0.22389937937259674,0,0
49,LEFT_PINKY,0.7450991868972778,0.5557323098182678,-0.02566530741751194,0,0
49,RIGHT_PINKY,0.745779812335968,0.6702401041984558,-0.2483249455690384,0,0
49,LEFT_INDEX,0.7452926635742188,0.5572789907455444,-0.043737538158893585,0,0
49,RIGHT_INDEX,0.7475751042366028,0.6609944701194763,-0.24735254049301147,0,0
49,LEFT_THUMB,0.743204653263092,0.5626330971717834,-0.02835926041007042,0,0
49,RIGHT_THUMB,0.7450981140136719,0.6600383520126343,-0.22294828295707703,0,0
49,LEFT_HIP,0.669248640537262,0.6924891471862793,0.06906381994485855,0,0
49,RIGHT_HIP,0.6619486212730408,0.6973541378974915,-0.06912653893232346,0,0
49,LEFT_KNEE,0.6665917634963989,0.7848459482192993,0.19849325716495514,0,0
49,RIGHT_KNEE,0.6797287464141846,0.8208240270614624,-0.07678680866956711,0,0
49,LEFT_ANKLE,0.6425740122795105,0.8609582185745239,0.3432452380657196,0,0
49,RIGHT_ANKLE,0.6774223446846008,0.9537469744682312,-0.0507362000644207,0,0
49,LEFT_HEEL,0.6309581995010376,0.8806615471839905,0.35600152611732483,0,0
49,RIGHT_HEEL,0.6692744493484497,0.9720985889434814,-0.05194501951336861,0,0
49,LEFT_FOOT_INDEX,0.6601123809814453,0.8852806687355042,0.33151954412460327,0,0
49,RIGHT_FOOT_INDEX,0.6967865824699402,0.9848950505256653,-0.12503495812416077,0,0
50,NOSE,0.6958900690078735,0.5102559924125671,-0.11212984472513199,0,0
50,LEFT_EYE_INNER,0.6920196413993835,0.49968600273132324,-0.10245583206415176,0,0
50,LEFT_EYE,0.6916484832763672,0.4993436932563782,-0.10248042643070221,0,0
50,LEFT_EYE_OUTER,0.6914113163948059,0.49872803688049316,-0.10249597579240799,0,0
50,RIGHT_EYE_INNER,0.6915498971939087,0.4999849796295166,-0.13043950498104095,0,0
50,RIGHT_EYE,0.6906984448432922,0.5000588893890381,-0.13045446574687958,0,0
50,RIGHT_EYE_OUTER,0.6901267766952515,0.49998342990875244,-0.13052445650100708,0,0
50,LEFT_EAR,0.6852853894233704,0.503983736038208,-0.05316279083490372,0,0
50,RIGHT_EAR,0.6842358708381653,0.5062687993049622,-0.19804058969020844,0,0
50,MOUTH_LEFT,0.6951532959938049,0.5203344225883484,-0.09067659080028534,0,0
50,MOUTH_RIGHT,0.6937070488929749,0.5208959579467773,-0.12901730835437775,0,0
50,LEFT_SHOULDER,0.6827587485313416,0.5473122596740723,0.024591151624917984,0,0
50,RIGHT_SHOULDER,0.6760980486869812,0.5624465346336365,-0.2038608193397522,0,0
50,LEFT_ELBOW,0.709330677986145,0.583903431892395,0.07160399109125137,0,0
50,RIGHT_ELBOW,0.6996096968650818,0.6428311467170715,-0.223125621676445,0,0
50,LEFT_WRIST,0.7406325936317444,0.607093334197998,0.036950357258319855,0,0
50,RIGHT_WRIST,0.7376594543457031,0.6660981178283691,-0.19747920334339142,0,0
50,LEFT_PINKY,0.7497431635856628,0.6093780994415283,0.03396471589803696,0,0
50,RIGHT_PINKY,0.7445468902587891,0.6716408729553223,-0.21990250051021576,0,0
50,LEFT_INDEX,0.7512248754501343,0.6077622771263123,0.015599184669554234,0,0
50,RIGHT_INDEX,0.7469642758369446,0.6621617674827576,-0.21735139191150665,0,0
50,LEFT_THUMB,0.747837245464325,0.610122561454773,0.02658156119287014,0,0
50,RIGHT_THUMB,0.7439190149307251,0.6615003943443298,-0.19556275010108948,0,0
50,LEFT_HIP,0.6681508421897888,0.6925063133239746,0.07378949970006943,0,0
50,RIGHT_HIP,0.6617458462715149,0.6978713274002075,-0.07386631518602371,0,0
50,LEFT_KNEE,0.6629751324653625,0.7838575839996338,0.21801196038722992,0,0
50,RIGHT_KNEE,0.6796923875808716,0.8203694820404053,-0.07885158807039261,0,0
50,LEFT_ANKLE,0.6405728459358215,0.8596861362457275,0.3593777120113373,0,0
50,RIGHT_ANKLE,0.677245557308197,0.9541207551956177,-0.06601212173700333,0,0
50,LEFT_HEEL,0.6298320889472961,0.8798603415489197,0.37197667360305786,0,0
50,RIGHT_HEEL,0.6692243218421936,0.9720967411994934,-0.06878742575645447,0,0
50,LEFT_FOOT_INDEX,0.6603422164916992,0.8858264088630676,0.35279151797294617,0,0
50,RIGHT_FOOT_INDEX,0.6982722878456116,0.9842227697372437,-0.13957002758979797,0,0
51,NOSE,0.6936477422714233,0.5118016004562378,-0.1002383604645729,0,0
51,LEFT_EYE_INNER,0.6903179883956909,0.5016549229621887,-0.09107042104005814,0,0
51,LEFT_EYE,0.6899900436401367,0.5012795329093933,-0.09110400825738907,0,0
51,LEFT_EYE_OUTER,0.6897896528244019,0.5006663799285889,-0.09112858772277832,0,0
51,RIGHT_EYE_INNER,0.689774215221405,0.5021055340766907,-0.11723902821540833,0,0
51,RIGHT_EYE,0.6890585422515869,0.5022152662277222,-0.11725295335054398,0,0
51,RIGHT_EYE_OUTER,0.6885759234428406,0.502187192440033,-0.11731258034706116,0,0
51,LEFT_EAR,0.68365079164505,0.5050917863845825,-0.042916350066661835,0,0
51,RIGHT_EAR,0.6830520033836365,0.5076594352722168,-0.17845025658607483,0,0
51,MOUTH_LEFT,0.6927265524864197,0.5213666558265686,-0.07930565625429153,0,0
51,MOUTH_RIGHT,0.6914655566215515,0.5220395922660828,-0.11459925025701523,0,0
51,LEFT_SHOULDER,0.677566647529602,0.5477449297904968,0.033238355070352554,0,0
51,RIGHT_SHOULDER,0.675518810749054,0.562666654586792,-0.1953752338886261,0,0
51,LEFT_ELBOW,0.7029560804367065,0.6017517447471619,0.0715484768152237,0,0
51,RIGHT_ELBOW,0.6988095641136169,0.6427260041236877,-0.21311365067958832,0,0
51,LEFT_WRIST,0.7385640740394592,0.6273529529571533,0.032957859337329865,0,0
51,RIGHT_WRIST,0.7364594340324402,0.6679901480674744,-0.18781308829784393,0,0
51,LEFT_PINKY,0.7469051480293274,0.6305153965950012,0.029431123286485672,0,0
51,RIGHT_PINKY,0.7446259260177612,0.6719304323196411,-0.20951904356479645,0,0
51,LEFT_INDEX,0.747283399105072,0.6271983981132507,0.004789321683347225,0,0
51,RIGHT_INDEX,0.7467338442802429,0.6626073718070984,-0.20711307227611542,0,0
51,LEFT_THUMB,0.7446829676628113,0.6287867426872253,0.01875300519168377,0,0
51,RIGHT_THUMB,0.7431661486625671,0.662382960319519,-0.185865119099617,0,0
51,LEFT_HIP,0.6678306460380554,0.6923763751983643,0.07344827800989151,0,0
51,RIGHT_HIP,0.66158527135849,0.6981924772262573,-0.0735119953751564,0,0
51,LEFT_KNEE,0.662994921207428,0.783297061920166,0.19614948332309723,0,0
51,RIGHT_KNEE,0.6790717244148254,0.8188042640686035,-0.09457128494977951,0,0
51,LEFT_ANKLE,0.6412985324859619,0.8600254058837891,0.3223937749862671,0,0
51,RIGHT_ANKLE,0.677345335483551,0.9543392658233643,-0.1014183759689331,0,0
51,LEFT_HEEL,0.6299645900726318,0.8796120882034302,0.33312731981277466,0,0
51,RIGHT_HEEL,0.6699501872062683,0.9724066853523254,-0.10615649074316025,0,0
51,LEFT_FOOT_INDEX,0.6594938039779663,0.8848403692245483,0.31199824810028076,0,0
51,RIGHT_FOOT_INDEX,0.69842129945755,0.9840071797370911,-0.17529037594795227,0,0
52,NOSE,0.6931449770927429,0.5130361318588257,-0.077268585562706,0,0
52,LEFT_EYE_INNER,0.6899588704109192,0.5035610795021057,-0.06935346871614456,0,0
52,LEFT_EYE,0.6894760131835938,0.5032606720924377,-0.06937647610902786,0,0
52,LEFT_EYE_OUTER,0.6890334486961365,0.5028395056724548,-0.06938961893320084,0,0
52,RIGHT_EYE_INNER,0.6893724203109741,0.5042406320571899,-0.09287133067846298,0,0
52,RIGHT_EYE,0.6885319352149963,0.504551887512207,-0.09288737922906876,0,0
52,RIGHT_EYE_OUTER,0.6878288984298706,0.5048622488975525,-0.09292688220739365,0,0
52,LEFT_EAR,0.682190477848053,0.5077999234199524,-0.025910360738635063,0,0
52,RIGHT_EAR,0.6820216774940491,0.5107382535934448,-0.13489098846912384,0,0
52,MOUTH_LEFT,0.6913768649101257,0.5222911834716797,-0.0581897608935833,0,0
52,MOUTH_RIGHT,0.6903356909751892,0.5233125686645508,-0.08927245438098907,0,0
52,LEFT_SHOULDER,0.6728925108909607,0.5504266619682312,0.04884495958685875,0,0
52,RIGHT_SHOULDER,0.6740208864212036,0.5645773410797119,-0.17337557673454285,0,0
52,LEFT_ELBOW,0.6870315670967102,0.6285788416862488,0.08197619020938873,0,0
52,RIGHT_ELBOW,0.6976778507232666,0.6496759057044983,-0.19207295775413513,0,0
52,LEFT_WRIST,0.7105759382247925,0.6657007336616516,0.041459616273641586,0,0
52,RIGHT_WRIST,0.7357946038246155,0.6745632886886597,-0.15862232446670532,0,0
52,LEFT_PINKY,0.7158710360527039,0.6725203394889832,0.03885357081890106,0,0
52,RIGHT_PINKY,0.7442783713340759,0.6757059693336487,-0.17696192860603333,0,0
52,LEFT_INDEX,0.718616247177124,0.6685285568237305,0.022180287167429924,0,0
52,RIGHT_INDEX,0.7468860745429993,0.6655797958374023,-0.171145960688591,0,0
52,LEFT_THUMB,0.7170485854148865,0.6679649353027344,0.03214680776000023,0,0
52,RIGHT_THUMB,0.7432951331138611,0.6663987040519714,-0.15491603314876556,0,0
52,LEFT_HIP,0.6621776819229126,0.6958976984024048,0.07339166849851608,0,0
52,RIGHT_HIP,0.6620091199874878,0.7065696716308594,-0.0734531581401825,0,0
52,LEFT_KNEE,0.659375786781311,0.7834942936897278,0.21681752800941467,0,0
52,RIGHT_KNEE,0.6776276230812073,0.8212177753448486,-0.08904635161161423,0,0
52,LEFT_ANKLE,0.6384730935096741,0.8620027899742126,0.35088592767715454,0,0
52,RIGHT_ANKLE,0.6775745153427124,0.9557443261146545,-0.09020577371120453,0,0
52,LEFT_HEEL,0.6266162991523743,0.8806473612785339,0.3629857003688812,0,0
52,RIGHT_HEEL,0.6699141263961792,0.9743462204933167,-0.09391207247972488,0,0
52,LEFT_FOOT_INDEX,0.6585056185722351,0.8844510316848755,0.3499089777469635,0,0
52,RIGHT_FOOT_INDEX,0.6985120177268982,0.9846987128257751,-0.15493014454841614,0,0
53,NOSE,0.6912002563476562,0.5131670832633972,-0.08532155305147171,0,0
53,LEFT_EYE_INNER,0.6883535981178284,0.5039964318275452,-0.07795099914073944,0,0
53,LEFT_EYE,0.6878758668899536,0.5037274956703186,-0.07797374576330185,0,0
53,LEFT_EYE_OUTER,0.6874358654022217,0.5033549666404724,-0.07798833400011063,0,0
53,RIGHT_EYE_INNER,0.6875677108764648,0.5049267411231995,-0.10072596371173859,0,0
53,RIGHT_EYE,0.6866079568862915,0.5053852200508118,-0.10074542462825775,0,0
53,RIGHT_EYE_OUTER,0.685786247253418,0.50583416223526,-0.10079300403594971,0,0
53,LEFT_EAR,0.679902970790863,0.508902370929718,-0.034535523504018784,0,0
53,RIGHT_EAR,0.6796177625656128,0.5115904211997986,-0.138902947306633,0,0
53,MOUTH_LEFT,0.6888821721076965,0.5223432183265686,-0.06621502339839935,0,0
53,MOUTH_RIGHT,0.6877149343490601,0.5237073302268982,-0.09631776064634323,0,0
53,LEFT_SHOULDER,0.6696676015853882,0.5535203814506531,0.04015544801950455,0,0
53,RIGHT_SHOULDER,0.6699824929237366,0.5648514628410339,-0.17598183453083038,0,0
53,LEFT_ELBOW,0.6827881932258606,0.6357325911521912,0.08171235769987106,0,0
53,RIGHT_ELBOW,0.6914488673210144,0.6487963795661926,-0.1936311423778534,0,0
53,LEFT_WRIST,0.7002025246620178,0.6804791688919067,0.0411691889166832,0,0
53,RIGHT_WRIST,0.7313125729560852,0.6817896366119385,-0.17034472525119781,0,0
53,LEFT_PINKY,0.7035808563232422,0.6896688938140869,0.030961869284510612,0,0
53,RIGHT_PINKY,0.7409760355949402,0.6847801208496094,-0.19000662863254547,0,0
53,LEFT_INDEX,0.7059487104415894,0.6863566637039185,0.015917187556624413,0,0
53,RIGHT_INDEX,0.7465621829032898,0.6773514747619629,-0.17920427024364471,0,0
53,LEFT_THUMB,0.7049438953399658,0.6845243573188782,0.030941015109419823,0,0
53,RIGHT_THUMB,0.7422094345092773,0.67753005027771,-0.16551414132118225,0,0
53,LEFT_HIP,0.6582772731781006,0.6964213848114014,0.0726870447397232,0,0
53,RIGHT_HIP,0.6610735654830933,0.7071019411087036,-0.07274051755666733,0,0
53,LEFT_KNEE,0.6590421199798584,0.7887815237045288,0.18588069081306458,0,0
53,RIGHT_KNEE,0.6761131286621094,0.8215117454528809,-0.09090010076761246,0,0
53,LEFT_ANKLE,0.6376842856407166,0.8657659292221069,0.3021834194660187,0,0
53,RIGHT_ANKLE,0.677771270275116,0.955403745174408,-0.09917616099119186,0,0
53,LEFT_HEEL,0.6267176866531372,0.8842867612838745,0.31208303570747375,0,0
53,RIGHT_HEEL,0.6697419285774231,0.9740705490112305,-0.10371159762144089,0,0
53,LEFT_FOOT_INDEX,0.6592937707901001,0.8898316025733948,0.29305601119995117,0,0
53,RIGHT_FOOT_INDEX,0.6982565522193909,0.9845680594444275,-0.16434021294116974,0,0
54,NOSE,0.6860993504524231,0.5204429030418396,-0.0735965445637703,0,0
54,LEFT_EYE_INNER,0.6840572953224182,0.5113859176635742,-0.06635850667953491,0,0
54,LEFT_EYE,0.6835976839065552,0.5109561681747437,-0.06638221442699432,0,0
54,LEFT_EYE_OUTER,0.6831628680229187,0.5104500651359558,-0.06640058010816574,0,0
54,RIGHT_EYE_INNER,0.6831799745559692,0.5120654702186584,-0.08788354694843292,0,0
54,RIGHT_EYE,0.6821902394294739,0.5122424364089966,-0.08789245784282684,0,0
54,RIGHT_EYE_OUTER,0.6813338994979858,0.512407124042511,-0.08794355392456055,0,0
54,LEFT_EAR,0.6758373975753784,0.5132859945297241,-0.026113905012607574,0,0
54,RIGHT_EAR,0.6754156351089478,0.5153194069862366,-0.12412693351507187,0,0
54,MOUTH_LEFT,0.6835829019546509,0.5274879932403564,-0.05570662394165993,0,0
54,MOUTH_RIGHT,0.6824812293052673,0.5282683968544006,-0.08420705050230026,0,0
54,LEFT_SHOULDER,0.6626337766647339,0.5648119449615479,0.04528554901480675,0,0
54,RIGHT_SHOULDER,0.6653719544410706,0.5657335519790649,-0.16527920961380005,0,0
54,LEFT_ELBOW,0.6734753847122192,0.6392924189567566,0.0764298364520073,0,0
54,RIGHT_ELBOW,0.6861762404441833,0.6495687961578369,-0.18629023432731628,0,0
54,LEFT_WRIST,0.6906145215034485,0.6855190992355347,0.03800515830516815,0,0
54,RIGHT_WRIST,0.7259151339530945,0.6886410117149353,-0.1600528210401535,0,0
54,LEFT_PINKY,0.6944121718406677,0.6965422034263611,0.03554196283221245,0,0
54,RIGHT_PINKY,0.7375882863998413,0.6924615502357483,-0.17840448021888733,0,0
54,LEFT_INDEX,0.6972121000289917,0.693457305431366,0.020162733271718025,0,0
54,RIGHT_INDEX,0.7415328621864319,0.6858274936676025,-0.17076578736305237,0,0
54,LEFT_THUMB,0.6959913969039917,0.6911519765853882,0.029377875849604607,0,0
54,RIGHT_THUMB,0.7363774180412292,0.6855775713920593,-0.1559092104434967,0,0
54,LEFT_HIP,0.6539154648780823,0.6993681192398071,0.07180832326412201,0,0
54,RIGHT_HIP,0.6579711437225342,0.7087218165397644,-0.07194390892982483,0,0
54,LEFT_KNEE,0.6570202708244324,0.7940504550933838,0.17991970479488373,0,0
54,RIGHT_KNEE,0.6721615195274353,0.8217209577560425,-0.06924054026603699,0,0
54,LEFT_ANKLE,0.6400061249732971,0.8669527173042297,0.28196388483047485,0,0
54,RIGHT_ANKLE,0.6779354214668274,0.9552265405654907,-0.06246798858046532,0,0
54,LEFT_HEEL,0.6296184659004211,0.8849301934242249,0.29043132066726685,0,0
54,RIGHT_HEEL,0.6704944968223572,0.9734612107276917,-0.06513286381959915,0,0
54,LEFT_FOOT_INDEX,0.6594619750976562,0.8913012742996216,0.2790681719779968,0,0
54,RIGHT_FOOT_INDEX,0.6980773210525513,0.982554018497467,-0.11926247924566269,0,0
55,NOSE,0.6834322810173035,0.5248399972915649,-0.06467637419700623,0,0
55,LEFT_EYE_INNER,0.6812878251075745,0.5158762335777283,-0.057832952588796616,0,0
55,LEFT_EYE,0.6806874871253967,0.5154979228973389,-0.05785606801509857,0,0
55,LEFT_EYE_OUTER,0.6800767779350281,0.5150476694107056,-0.05787327140569687,0,0
55,RIGHT_EYE_INNER,0.6806879043579102,0.5163814425468445,-0.07994907349348068,0,0
55,RIGHT_EYE,0.6797391772270203,0.516512393951416,-0.07995788753032684,0,0
55,RIGHT_EYE_OUTER,0.678851842880249,0.5166141390800476,-0.08001404255628586,0,0
55,LEFT_EAR,0.6721737384796143,0.5172097682952881,-0.019591834396123886,0,0
55,RIGHT_EAR,0.6722038388252258,0.5186767578125,-0.11922771483659744,0,0
55,MOUTH_LEFT,0.680518388748169,0.5318439602851868,-0.04728410020470619,0,0
55,MOUTH_RIGHT,0.6798098683357239,0.5320994257926941,-0.07635149359703064,0,0
55,LEFT_SHOULDER,0.656940758228302,0.5687689781188965,0.05325545370578766,0,0
55,RIGHT_SHOULDER,0.6608224511146545,0.5657363533973694,-0.1623857319355011,0,0
55,LEFT_ELBOW,0.6671090722084045,0.6383662819862366,0.0816836729645729,0,0
55,RIGHT_ELBOW,0.6806042194366455,0.6497076153755188,-0.18715007603168488,0,0
55,LEFT_WRIST,0.686383068561554,0.6806915998458862,0.04760146886110306,0,0
55,RIGHT_WRIST,0.7195841670036316,0.6972304582595825,-0.16874338686466217,0,0
55,LEFT_PINKY,0.689759373664856,0.6882436871528625,0.049583129584789276,0,0
55,RIGHT_PINKY,0.7317915558815002,0.7011956572532654,-0.18882590532302856,0,0
55,LEFT_INDEX,0.6942216753959656,0.6855208873748779,0.03266866132616997,0,0
55,RIGHT_INDEX,0.7345268726348877,0.6936429142951965,-0.17191067337989807,0,0
55,LEFT_THUMB,0.6934261918067932,0.6841284036636353,0.03888425976037979,0,0
55,RIGHT_THUMB,0.7294232845306396,0.6935722231864929,-0.16272464394569397,0,0
55,LEFT_HIP,0.6505013704299927,0.6996188759803772,0.07134096324443817,0,0
55,RIGHT_HIP,0.6536908745765686,0.7082096338272095,-0.07152627408504486,0,0
55,LEFT_KNEE,0.6563396453857422,0.8043100237846375,0.13063214719295502,0,0
55,RIGHT_KNEE,0.6684519052505493,0.821347713470459,-0.06232409179210663,0,0
55,LEFT_ANKLE,0.6482836008071899,0.9083199501037598,0.20748499035835266,0,0
55,RIGHT_ANKLE,0.6779308915138245,0.9541859030723572,-0.04920515790581703,0,0
55,LEFT_HEEL,0.6463839411735535,0.9211838245391846,0.21340206265449524,0,0
55,RIGHT_HEEL,0.6703813076019287,0.9712477922439575,-0.05135215446352959,0,0
55,LEFT_FOOT_INDEX,0.6679690480232239,0.9189440608024597,0.18945004045963287,0,0
55,RIGHT_FOOT_INDEX,0.6963822841644287,0.9786621928215027,-0.10434684157371521,0,0
56,NOSE,0.6835004091262817,0.5257992148399353,-0.044699929654598236,0,0
56,LEFT_EYE_INNER,0.6811776757240295,0.5159787535667419,-0.03797672316431999,0,0
56,LEFT_EYE,0.6805583238601685,0.5155699849128723,-0.0380001924932003,0,0
56,LEFT_EYE_OUTER,0.6799142360687256,0.5151090025901794,-0.03801039978861809,0,0
56,RIGHT_EYE_INNER,0.6804139614105225,0.5165454149246216,-0.05917762219905853,0,0
56,RIGHT_EYE,0.6793623566627502,0.5166738629341125,-0.05918572470545769,0,0
56,RIGHT_EYE_OUTER,0.6783369183540344,0.5167814493179321,-0.05924704298377037,0,0
56,LEFT_EAR,0.6717110276222229,0.5175496339797974,-0.0014458459336310625,0,0
56,RIGHT_EAR,0.671459972858429,0.518899142742157,-0.09667785465717316,0,0
56,MOUTH_LEFT,0.680193305015564,0.5333700180053711,-0.02814437635242939,0,0
56,MOUTH_RIGHT,0.6791999340057373,0.5335410833358765,-0.05592220276594162,0,0
56,LEFT_SHOULDER,0.6599705815315247,0.5665782690048218,0.06835746765136719,0,0
56,RIGHT_SHOULDER,0.6597871780395508,0.5652589201927185,-0.1436246931552887,0,0
56,LEFT_ELBOW,0.6666382551193237,0.6362869739532471,0.09321253001689911,0,0
56,RIGHT_ELBOW,0.6797139048576355,0.6495065689086914,-0.16960318386554718,0,0
56,LEFT_WRIST,0.6837043762207031,0.6742646098136902,0.05884229764342308,0,0
56,RIGHT_WRIST,0.716841995716095,0.6967347264289856,-0.15577182173728943,0,0
56,LEFT_PINKY,0.6861603260040283,0.6815169453620911,0.060837965458631516,0,0
56,RIGHT_PINKY,0.7280542254447937,0.7025440335273743,-0.1751437783241272,0,0
56,LEFT_INDEX,0.6903434991836548,0.6775391697883606,0.04542941600084305,0,0
56,RIGHT_INDEX,0.7320231199264526,0.6951876878738403,-0.16412991285324097,0,0
56,LEFT_THUMB,0.6901099681854248,0.6760421395301819,0.0507555715739727,0,0
56,RIGHT_THUMB,0.7266637086868286,0.6947381496429443,-0.15067724883556366,0,0
56,LEFT_HIP,0.6504467725753784,0.7002460956573486,0.06986593455076218,0,0
56,RIGHT_HIP,0.6524662375450134,0.7080475687980652,-0.0700448527932167,0,0
56,LEFT_KNEE,0.652931272983551,0.8071989417076111,0.11789080500602722,0,0
56,RIGHT_KNEE,0.6668771505355835,0.8198567628860474,-0.060838259756565094,0,0
56,LEFT_ANKLE,0.6482025384902954,0.9113489389419556,0.1836191862821579,0,0
56,RIGHT_ANKLE,0.6787628531455994,0.9541102647781372,-0.04713450372219086,0,0
56,LEFT_HEEL,0.6442862153053284,0.9167118072509766,0.18830403685569763,0,0
56,RIGHT_HEEL,0.6711101531982422,0.970463752746582,-0.04902368411421776,0,0
56,LEFT_FOOT_INDEX,0.6686761975288391,0.9234998226165771,0.1640983670949936,0,0
56,RIGHT_FOOT_INDEX,0.6959149241447449,0.9760481119155884,-0.09951630234718323,0,0
57,NOSE,0.6799222230911255,0.5259619355201721,-0.05702517554163933,0,0
57,LEFT_EYE_INNER,0.6779354810714722,0.516228199005127,-0.050262175500392914,0,0
57,LEFT_EYE,0.6773961782455444,0.5158072710037231,-0.05028710886836052,0,0
57,LEFT_EYE_OUTER,0.6768398284912109,0.5153411626815796,-0.05030195787549019,0,0
57,RIGHT_EYE_INNER,0.6772333979606628,0.5168412923812866,-0.0714174136519432,0,0
57,RIGHT_EYE,0.6763111352920532,0.516978919506073,-0.07142820209264755,0,0
57,RIGHT_EYE_OUTER,0.675410270690918,0.5171070098876953,-0.07148730754852295,0,0
57,LEFT_EAR,0.6693860292434692,0.5175468921661377,-0.012914109975099564,0,0
57,RIGHT_EAR,0.6688610315322876,0.5191587209701538,-0.10792113840579987,0,0
57,MOUTH_LEFT,0.6765229105949402,0.5335981845855713,-0.040218763053417206,0,0
57,MOUTH_RIGHT,0.6755143404006958,0.5337957739830017,-0.06787542998790741,0,0
57,LEFT_SHOULDER,0.6582937836647034,0.5654356479644775,0.05726198852062225,0,0
57,RIGHT_SHOULDER,0.6568414568901062,0.5653308033943176,-0.15178951621055603,0,0
57,LEFT_ELBOW,0.658008873462677,0.631132185459137,0.08946596831083298,0,0
57,RIGHT_ELBOW,0.6735391020774841,0.6495717763900757,-0.17615261673927307,0,0
57,LEFT_WRIST,0.6684863567352295,0.666198194026947,0.06369854509830475,0,0
57,RIGHT_WRIST,0.7072171568870544,0.6994603276252747,-0.15741051733493805,0,0
57,LEFT_PINKY,0.6693913340568542,0.6744258999824524,0.0664045587182045,0,0
57,RIGHT_PINKY,0.7184620499610901,0.7087386846542358,-0.17728157341480255,0,0
57,LEFT_INDEX,0.6733661890029907,0.6702874302864075,0.05221717059612274,0,0
57,RIGHT_INDEX,0.7206265330314636,0.7034502625465393,-0.16925521194934845,0,0
57,LEFT_THUMB,0.6737211346626282,0.6685166358947754,0.05644426494836807,0,0
57,RIGHT_THUMB,0.7165366411209106,0.701541006565094,-0.15179738402366638,0,0
57,LEFT_HIP,0.6485997438430786,0.7002250552177429,0.0682910904288292,0,0
57,RIGHT_HIP,0.6491264700889587,0.7061652541160583,-0.068446084856987,0,0
57,LEFT_KNEE,0.6544519662857056,0.8064966201782227,0.12213762104511261,0,0
57,RIGHT_KNEE,0.6643572449684143,0.8144295811653137,-0.05337820574641228,0,0
57,LEFT_ANKLE,0.6474354863166809,0.9021080136299133,0.19507913291454315,0,0
57,RIGHT_ANKLE,0.6730421781539917,0.937466025352478,-0.03041953593492508,0,0
57,LEFT_HEEL,0.6427123546600342,0.9081835746765137,0.2007303684949875,0,0
57,RIGHT_HEEL,0.6671969294548035,0.9587032794952393,-0.030995579436421394,0,0
57,LEFT_FOOT_INDEX,0.6683343648910522,0.9211246371269226,0.1790045201778412,0,0
57,RIGHT_FOOT_INDEX,0.6941317915916443,0.9651873707771301,-0.07945963740348816,0,0
58,NOSE,0.6767753958702087,0.5258607268333435,-0.06603986024856567,0,0
58,LEFT_EYE_INNER,0.6749385595321655,0.5160113573074341,-0.05892622098326683,0,0
58,LEFT_EYE,0.6745637059211731,0.5155353546142578,-0.05895373597741127,0,0
58,LEFT_EYE_OUTER,0.6741609573364258,0.5150254964828491,-0.05897374823689461,0,0
58,RIGHT_EYE_INNER,0.673932671546936,0.5167427659034729,-0.08082462847232819,0,0
58,RIGHT_EYE,0.6729339361190796,0.5167943835258484,-0.08083780109882355,0,0
58,RIGHT_EYE_OUTER,0.6719102263450623,0.5168477296829224,-0.08089353144168854,0,0
58,LEFT_EAR,0.667224645614624,0.5174849033355713,-0.013928642496466637,0,0
58,RIGHT_EAR,0.6656064987182617,0.5190042853355408,-0.11606799811124802,0,0
58,MOUTH_LEFT,0.673845648765564,0.5333113074302673,-0.04745813459157944,0,0
58,MOUTH_RIGHT,0.6723931431770325,0.5336405634880066,-0.07661687582731247,0,0
58,LEFT_SHOULDER,0.6560052037239075,0.561681866645813,0.050280798226594925,0,0
58,RIGHT_SHOULDER,0.6549281477928162,0.5671620965003967,-0.15552309155464172,0,0
58,LEFT_ELBOW,0.6614076495170593,0.6333962082862854,0.07971066981554031,0,0
58,RIGHT_ELBOW,0.6664549112319946,0.6493323445320129,-0.17184139788150787,0,0
58,LEFT_WRIST,0.6815763711929321,0.6676422953605652,0.049129169434309006,0,0
58,RIGHT_WRIST,0.6933049559593201,0.694901704788208,-0.15020565688610077,0,0
58,LEFT_PINKY,0.6859148144721985,0.6757954359054565,0.05433560162782669,0,0
58,RIGHT_PINKY,0.7006398439407349,0.7039731740951538,-0.16724330186843872,0,0
58,LEFT_INDEX,0.6888595819473267,0.6725198030471802,0.03865714371204376,0,0
58,RIGHT_INDEX,0.7017036080360413,0.6972042322158813,-0.1629527062177658,0,0
58,LEFT_THUMB,0.686557412147522,0.6705979108810425,0.041193000972270966,0,0
58,RIGHT_THUMB,0.6994062662124634,0.6945569515228271,-0.14718852937221527,0,0
58,LEFT_HIP,0.6446693539619446,0.6985954642295837,0.06548736244440079,0,0
58,RIGHT_HIP,0.6455239057540894,0.7057755589485168,-0.06557418406009674,0,0
58,LEFT_KNEE,0.6523821353912354,0.8008930683135986,0.11906035244464874,0,0
58,RIGHT_KNEE,0.6594229340553284,0.8110972046852112,-0.05225253477692604,0,0
58,LEFT_ANKLE,0.6446923613548279,0.8810709714889526,0.18732529878616333,0,0
58,RIGHT_ANKLE,0.6655155420303345,0.9275680184364319,-0.03057054430246353,0,0
58,LEFT_HEEL,0.6389614343643188,0.8940421938896179,0.19231873750686646,0,0
58,RIGHT_HEEL,0.6587314009666443,0.9478049874305725,-0.031197313219308853,0,0
58,LEFT_FOOT_INDEX,0.6622296571731567,0.9002023935317993,0.17398908734321594,0,0
58,RIGHT_FOOT_INDEX,0.6850153803825378,0.9545255303382874,-0.0770188719034195,0,0
59,NOSE,0.674466073513031,0.5256087779998779,-0.09369148313999176,0,0
59,LEFT_EYE_INNER,0.6726847887039185,0.5157511830329895,-0.08635612577199936,0,0
59,LEFT_EYE,0.672543466091156,0.5152788162231445,-0.08638954162597656,0,0
59,LEFT_EYE_OUTER,0.6723767518997192,0.5147601366043091,-0.0864194706082344,0,0
59,RIGHT_EYE_INNER,0.6709455251693726,0.5165024995803833,-0.1067250594496727,0,0
59,RIGHT_EYE,0.6695702075958252,0.5166119337081909,-0.10673189163208008,0,0
59,RIGHT_EYE_OUTER,0.6681023240089417,0.5167326927185059,-0.10677649825811386,0,0
59,LEFT_EAR,0.6660369038581848,0.5174053311347961,-0.03964846208691597,0,0
59,RIGHT_EAR,0.6608250141143799,0.5193594098091125,-0.13103948533535004,0,0
59,MOUTH_LEFT,0.6722336411476135,0.5336453914642334,-0.07331909984350204,0,0
59,MOUTH_RIGHT,0.6699602007865906,0.5341470241546631,-0.09983155876398087,0,0
59,LEFT_SHOULDER,0.6585764288902283,0.562580943107605,0.03609594330191612,0,0
59,RIGHT_SHOULDER,0.6499027013778687,0.5725275874137878,-0.15573757886886597,0,0
59,LEFT_ELBOW,0.666925847530365,0.6309095025062561,0.07399097830057144,0,0
59,RIGHT_ELBOW,0.6610106825828552,0.654293417930603,-0.17556391656398773,0,0
59,LEFT_WRIST,0.6876430511474609,0.670748233795166,0.026782963424921036,0,0
59,RIGHT_WRIST,0.6882317662239075,0.6998494267463684,-0.17744968831539154,0,0
59,LEFT_PINKY,0.6920979022979736,0.6790885925292969,0.02528279274702072,0,0
59,RIGHT_PINKY,0.6968176364898682,0.7098238468170166,-0.19717921316623688,0,0
59,LEFT_INDEX,0.694822371006012,0.6763745546340942,0.005719510372728109,0,0
59,RIGHT_INDEX,0.6983060240745544,0.7025365233421326,-0.1962711364030838,0,0
59,LEFT_THUMB,0.6925578713417053,0.6746218204498291,0.016671355813741684,0,0
59,RIGHT_THUMB,0.695675790309906,0.6981160640716553,-0.17630121111869812,0,0
59,LEFT_HIP,0.6464620232582092,0.6989062428474426,0.06113236024975777,0,0
59,RIGHT_HIP,0.6416381597518921,0.7056728005409241,-0.06118754670023918,0,0
59,LEFT_KNEE,0.6521368622779846,0.8006991147994995,0.09354451298713684,0,0
59,RIGHT_KNEE,0.655439019203186,0.8118466138839722,-0.0713874101638794,0,0
59,LEFT_ANKLE,0.6388047337532043,0.8825210332870483,0.14971362054347992,0,0
59,RIGHT_ANKLE,0.6557753086090088,0.931469202041626,-0.06035386398434639,0,0
59,LEFT_HEEL,0.6366787552833557,0.8921061158180237,0.15279482305049896,0,0
59,RIGHT_HEEL,0.6500102281570435,0.9452701210975647,-0.0625109001994133,0,0
59,LEFT_FOOT_INDEX,0.655035138130188,0.9049453735351562,0.1262330263853073,0,0
59,RIGHT_FOOT_INDEX,0.6746371388435364,0.9579553604125977,-0.11566057801246643,0,0
60,NOSE,0.6727554202079773,0.5235248804092407,-0.1567334085702896,0,0
60,LEFT_EYE_INNER,0.6705999970436096,0.5142515301704407,-0.14776161313056946,0,0
60,LEFT_EYE,0.670659601688385,0.5138751864433289,-0.14779308438301086,0,0
60,LEFT_EYE_OUTER,0.6707012057304382,0.5134746432304382,-0.14782504737377167,0,0
60,RIGHT_EYE_INNER,0.6685421466827393,0.5151426196098328,-0.16676117479801178,0,0
60,RIGHT_EYE,0.6670876741409302,0.5154090523719788,-0.16678331792354584,0,0
60,RIGHT_EYE_OUTER,0.6655582785606384,0.515751838684082,-0.16683457791805267,0,0
60,LEFT_EAR,0.6650773286819458,0.5171074867248535,-0.09036382287740707,0,0
60,RIGHT_EAR,0.6583782434463501,0.5192222595214844,-0.17594192922115326,0,0
60,MOUTH_LEFT,0.6713689565658569,0.532777726650238,-0.13239452242851257,0,0
60,MOUTH_RIGHT,0.6685410141944885,0.5337152481079102,-0.15723803639411926,0,0
60,LEFT_SHOULDER,0.6594905257225037,0.5633097887039185,-0.00963527336716652,0,0
60,RIGHT_SHOULDER,0.647499144077301,0.5721957683563232,-0.18943648040294647,0,0
60,LEFT_ELBOW,0.6669173836708069,0.6300419569015503,0.03126717731356621,0,0
60,RIGHT_ELBOW,0.6535705924034119,0.6535668969154358,-0.21079324185848236,0,0
60,LEFT_WRIST,0.6874608993530273,0.6667609214782715,-0.019715212285518646,0,0
60,RIGHT_WRIST,0.6806925535202026,0.698130190372467,-0.2214905321598053,0,0
60,LEFT_PINKY,0.6920599341392517,0.6739932894706726,-0.02607864700257778,0,0
60,RIGHT_PINKY,0.6890783905982971,0.7105101943016052,-0.24479243159294128,0,0
60,LEFT_INDEX,0.6932775974273682,0.6714947819709778,-0.04568585380911827,0,0
60,RIGHT_INDEX,0.6920371651649475,0.7032168507575989,-0.24417971074581146,0,0
60,LEFT_THUMB,0.6907529234886169,0.6700876951217651,-0.029984915629029274,0,0
60,RIGHT_THUMB,0.6890071034431458,0.6978365778923035,-0.22091707587242126,0,0
60,LEFT_HIP,0.6466479897499084,0.6972199082374573,0.055982910096645355,0,0
60,RIGHT_HIP,0.6400681138038635,0.7003512978553772,-0.056038178503513336,0,0
60,LEFT_KNEE,0.6493642330169678,0.7941589951515198,0.10414369404315948,0,0
60,RIGHT_KNEE,0.6505857706069946,0.8090025782585144,-0.07917101681232452,0,0
60,LEFT_ANKLE,0.6394977569580078,0.8773912191390991,0.18164211511611938,0,0
60,RIGHT_ANKLE,0.6473320126533508,0.9250561594963074,-0.054111991077661514,0,0
60,LEFT_HEEL,0.6343604326248169,0.8883262276649475,0.18674930930137634,0,0
60,RIGHT_HEEL,0.641291618347168,0.9437893033027649,-0.05455099418759346,0,0
60,LEFT_FOOT_INDEX,0.6503025889396667,0.899844765663147,0.1522628515958786,0,0
60,RIGHT_FOOT_INDEX,0.6643631458282471,0.9472517371177673,-0.117497019469738,0,0
61,NOSE,0.6719084978103638,0.5233166813850403,-0.19375701248645782,0,0
61,LEFT_EYE_INNER,0.6698189377784729,0.5141036510467529,-0.18427175283432007,0,0
61,LEFT_EYE,0.6698881983757019,0.5137161612510681,-0.18430954217910767,0,0
61,LEFT_EYE_OUTER,0.6699384450912476,0.5133167505264282,-0.18435479700565338,0,0
61,RIGHT_EYE_INNER,0.6677491068840027,0.5151198506355286,-0.20173627138137817,0,0
61,RIGHT_EYE,0.6662577390670776,0.5153574347496033,-0.20177015662193298,0,0
61,RIGHT_EYE_OUTER,0.6646338105201721,0.5156742334365845,-0.2018258273601532,0,0
61,LEFT_EAR,0.6643527746200562,0.5169616937637329,-0.12144512683153152,0,0
61,RIGHT_EAR,0.6572825312614441,0.5193443298339844,-0.20003661513328552,0,0
61,MOUTH_LEFT,0.6706503033638,0.5326970815658569,-0.16740404069423676,0,0
61,MOUTH_RIGHT,0.6676928997039795,0.5336141586303711,-0.19019411504268646,0,0
61,LEFT_SHOULDER,0.6597867608070374,0.5639564394950867,-0.03662431240081787,0,0
61,RIGHT_SHOULDER,0.6475321650505066,0.5723816752433777,-0.20295503735542297,0,0
61,LEFT_ELBOW,0.6665239930152893,0.6279066205024719,-5.4231499234447256e-05,0,0
61,RIGHT_ELBOW,0.6531884670257568,0.6531543731689453,-0.22152188420295715,0,0
61,LEFT_WRIST,0.6862064003944397,0.6652140617370605,-0.05907643213868141,0,0
61,RIGHT_WRIST,0.6796977519989014,0.6973771452903748,-0.2361709624528885,0,0
61,LEFT_PINKY,0.6906731724739075,0.6724869608879089,-0.06850297003984451,0,0
61,RIGHT_PINKY,0.6884279847145081,0.7099759578704834,-0.2602322995662689,0,0
61,LEFT_INDEX,0.6914984583854675,0.669928789138794,-0.08840421587228775,0,0
61,RIGHT_INDEX,0.6910045146942139,0.7020134329795837,-0.2618130147457123,0,0
61,LEFT_THUMB,0.6889582276344299,0.6684449911117554,-0.0697990134358406,0,0
61,RIGHT_THUMB,0.6869728565216064,0.6955977082252502,-0.23674604296684265,0,0
61,LEFT_HIP,0.6475315690040588,0.6924376487731934,0.05228473246097565,0,0
61,RIGHT_HIP,0.6394894123077393,0.696570873260498,-0.05231643468141556,0,0
61,LEFT_KNEE,0.6496835350990295,0.7886296510696411,0.08277599513530731,0,0
61,RIGHT_KNEE,0.6498929262161255,0.805717408657074,-0.08723782002925873,0,0
61,LEFT_ANKLE,0.6401550769805908,0.8736574649810791,0.15507706999778748,0,0
61,RIGHT_ANKLE,0.646919310092926,0.9214631915092468,-0.05510188266634941,0,0
61,LEFT_HEEL,0.6341975927352905,0.8853410482406616,0.15923942625522614,0,0
61,RIGHT_HEEL,0.6413425207138062,0.9416939616203308,-0.05509292334318161,0,0
61,LEFT_FOOT_INDEX,0.6508812308311462,0.896129846572876,0.11787504702806473,0,0
61,RIGHT_FOOT_INDEX,0.6633793711662292,0.9415215253829956,-0.12689396739006042,0,0
62,NOSE,0.6700623631477356,0.5221956968307495,-0.17193900048732758,0,0
62,LEFT_EYE_INNER,0.6683422923088074,0.5131465196609497,-0.16307799518108368,0,0
62,LEFT_EYE,0.6685209274291992,0.5127595067024231,-0.1631055623292923,0,0
62,LEFT_EYE_OUTER,0.6687004566192627,0.5123416781425476,-0.16314108669757843,0,0
62,RIGHT_EYE_INNER,0.666060209274292,0.5140307545661926,-0.18031467497348785,0,0
62,RIGHT_EYE,0.6645419001579285,0.5142191648483276,-0.18033909797668457,0,0
62,RIGHT_EYE_OUTER,0.6629325747489929,0.5145136713981628,-0.18038801848888397,0,0
62,LEFT_EAR,0.6633064150810242,0.5155664682388306,-0.10204223543405533,0,0
62,RIGHT_EAR,0.6550956964492798,0.5182775259017944,-0.18003110587596893,0,0
62,MOUTH_LEFT,0.6692800521850586,0.5316563844680786,-0.14609640836715698,0,0
62,MOUTH_RIGHT,0.6661466360092163,0.532952070236206,-0.16856084764003754,0,0
62,LEFT_SHOULDER,0.6600719690322876,0.563722550868988,-0.017944015562534332,0,0
62,RIGHT_SHOULDER,0.6423207521438599,0.5724043250083923,-0.18901222944259644,0,0
62,LEFT_ELBOW,0.6668905019760132,0.6267815232276917,0.029186265543103218,0,0
62,RIGHT_ELBOW,0.6431559324264526,0.6488648056983948,-0.21716555953025818,0,0
62,LEFT_WRIST,0.6853541731834412,0.664107084274292,-0.020789286121726036,0,0
62,RIGHT_WRIST,0.6699395775794983,0.6995809078216553,-0.20711196959018707,0,0
62,LEFT_PINKY,0.691115140914917,0.6723253726959229,-0.029075326398015022,0,0
62,RIGHT_PINKY,0.6776161789894104,0.7116596698760986,-0.22816458344459534,0,0
62,LEFT_INDEX,0.6916177868843079,0.66998291015625,-0.0479498952627182,0,0
62,RIGHT_INDEX,0.6825820207595825,0.7046307325363159,-0.22856324911117554,0,0
62,LEFT_THUMB,0.6887723207473755,0.6683038473129272,-0.03078423999249935,0,0
62,RIGHT_THUMB,0.6792957782745361,0.6977354288101196,-0.2065742462873459,0,0
62,LEFT_HIP,0.6482523679733276,0.6919492483139038,0.05199366435408592,0,0
62,RIGHT_HIP,0.6378725171089172,0.6962398886680603,-0.05204559862613678,0,0
62,LEFT_KNEE,0.6502336263656616,0.7897787094116211,0.1023285910487175,0,0
62,RIGHT_KNEE,0.6466066837310791,0.8033646941184998,-0.06773186475038528,0,0
62,LEFT_ANKLE,0.6402455568313599,0.8746629953384399,0.18183688819408417,0,0
62,RIGHT_ANKLE,0.6366435885429382,0.9076178073883057,-0.015067081898450851,0,0
62,LEFT_HEEL,0.6343178153038025,0.8869637250900269,0.18709483742713928,0,0
62,RIGHT_HEEL,0.6289058923721313,0.9216273427009583,-0.012721776962280273,0,0
62,LEFT_FOOT_INDEX,0.6532822251319885,0.896887481212616,0.15538722276687622,0,0
62,RIGHT_FOOT_INDEX,0.6503098607063293,0.9406198859214783,-0.07781895250082016,0,0
63,NOSE,0.6668679118156433,0.5207220315933228,-0.19269827008247375,0,0
63,LEFT_EYE_INNER,0.665568470954895,0.5116033554077148,-0.18231280148029327,0,0
63,LEFT_EYE,0.6660526990890503,0.511272132396698,-0.1823345124721527,0,0
63,LEFT_EYE_OUTER,0.6665390729904175,0.5109555125236511,-0.18236654996871948,0,0
63,RIGHT_EYE_INNER,0.6623733639717102,0.5125339031219482,-0.19515985250473022,0,0
63,RIGHT_EYE,0.6604828238487244,0.5128628611564636,-0.19518251717090607,0,0
63,RIGHT_EYE_OUTER,0.6584286093711853,0.5133234262466431,-0.19522471725940704,0,0
63,LEFT_EAR,0.6625077724456787,0.514499843120575,-0.1119329109787941,0,0
63,RIGHT_EAR,0.650425374507904,0.5177761912345886,-0.17136138677597046,0,0
63,MOUTH_LEFT,0.6671893000602722,0.5300885438919067,-0.16398242115974426,0,0
63,MOUTH_RIGHT,0.6632670164108276,0.5318747162818909,-0.1805705577135086,0,0
63,LEFT_SHOULDER,0.6603332757949829,0.5635191798210144,-0.026005128398537636,0,0
63,RIGHT_SHOULDER,0.6375427842140198,0.5722225904464722,-0.1693669706583023,0,0
63,LEFT_ELBOW,0.6673701405525208,0.6265085935592651,0.02251892164349556,0,0
63,RIGHT_ELBOW,0.6342852115631104,0.6478273272514343,-0.176375150680542,0,0
63,LEFT_WRIST,0.6852219700813293,0.6643414497375488,-0.03676624223589897,0,0
63,RIGHT_WRIST,0.6612077951431274,0.7001244425773621,-0.2035079300403595,0,0
63,LEFT_PINKY,0.6911006569862366,0.6733288764953613,-0.05084399878978729,0,0
63,RIGHT_PINKY,0.669711709022522,0.7116544842720032,-0.22538241744041443,0,0
63,LEFT_INDEX,0.6911576390266418,0.6720951199531555,-0.06978055834770203,0,0
63,RIGHT_INDEX,0.6743157505989075,0.7043645977973938,-0.2193685621023178,0,0
63,LEFT_THUMB,0.6891354322433472,0.6701657772064209,-0.04730313643813133,0,0
63,RIGHT_THUMB,0.6718500256538391,0.69810551404953,-0.19861523807048798,0,0
63,LEFT_HIP,0.6525903344154358,0.6944835186004639,0.04340251907706261,0,0
63,RIGHT_HIP,0.6363391876220703,0.6968312859535217,-0.04344489425420761,0,0
63,LEFT_KNEE,0.6496824622154236,0.7900568246841431,0.09933209419250488,0,0
63,RIGHT_KNEE,0.6377185583114624,0.8001610636711121,-0.025740912184119225,0,0
63,LEFT_ANKLE,0.6395120620727539,0.8747828006744385,0.18865719437599182,0,0
63,RIGHT_ANKLE,0.6291270852088928,0.8990902900695801,0.058185990899801254,0,0
63,LEFT_HEEL,0.6348777413368225,0.888002336025238,0.1944762021303177,0,0
63,RIGHT_HEEL,0.6218326091766357,0.9114763140678406,0.06366141885519028,0,0
63,LEFT_FOOT_INDEX,0.6530557870864868,0.8976125717163086,0.1499292105436325,0,0
63,RIGHT_FOOT_INDEX,0.6385543942451477,0.9352008104324341,-0.005233127158135176,0,0
64,NOSE,0.6642162799835205,0.5187162160873413,-0.20278334617614746,0,0
64,LEFT_EYE_INNER,0.6628140211105347,0.5091452598571777,-0.19069071114063263,0,0
64,LEFT_EYE,0.6633844375610352,0.5087626576423645,-0.19072113931179047,0,0
64,LEFT_EYE_OUTER,0.6639831066131592,0.5084201097488403,-0.19074244797229767,0,0
64,RIGHT_EYE_INNER,0.6593504548072815,0.5102503299713135,-0.2004270702600479,0,0
64,RIGHT_EYE,0.6573191285133362,0.5107150077819824,-0.20044389367103577,0,0
64,RIGHT_EYE_OUTER,0.6552155613899231,0.5113056302070618,-0.200483500957489,0,0
64,LEFT_EAR,0.660474956035614,0.5125100016593933,-0.11261005699634552,0,0
64,RIGHT_EAR,0.6475454568862915,0.5167315602302551,-0.17102357745170593,0,0
64,MOUTH_LEFT,0.6649463176727295,0.5280652642250061,-0.17195682227611542,0,0
64,MOUTH_RIGHT,0.6608272194862366,0.529974102973938,-0.184491366147995,0,0
64,LEFT_SHOULDER,0.6617079377174377,0.5633893013000488,-0.032741039991378784,0,0
64,RIGHT_SHOULDER,0.6330968737602234,0.5721156597137451,-0.13817885518074036,0,0
64,LEFT_ELBOW,0.6681075692176819,0.6263552904129028,-5.398017674451694e-05,0,0
64,RIGHT_ELBOW,0.6292685270309448,0.6405689716339111,-0.14255525171756744,0,0
64,LEFT_WRIST,0.6854591965675354,0.6649153232574463,-0.08720125257968903,0,0
64,RIGHT_WRIST,0.648942232131958,0.6990995407104492,-0.1835053563117981,0,0
64,LEFT_PINKY,0.691689670085907,0.6752269268035889,-0.10817374289035797,0,0
64,RIGHT_PINKY,0.6559607982635498,0.7103837132453918,-0.20584319531917572,0,0
64,LEFT_INDEX,0.6915618777275085,0.6733006834983826,-0.1289733648300171,0,0
64,RIGHT_INDEX,0.6609929800033569,0.7036520838737488,-0.2158096432685852,0,0
64,LEFT_THUMB,0.689570963382721,0.6709163188934326,-0.09892180562019348,0,0
64,RIGHT_THUMB,0.6591348648071289,0.6975862383842468,-0.1885008066892624,0,0
64,LEFT_HIP,0.6526967287063599,0.690248429775238,0.030157800763845444,0,0
64,RIGHT_HIP,0.6324537396430969,0.6922083497047424,-0.030131619423627853,0,0
64,LEFT_KNEE,0.6477886438369751,0.7873800992965698,0.043517328798770905,0,0
64,RIGHT_KNEE,0.6324434876441956,0.7891522645950317,-0.03481127694249153,0,0
64,LEFT_ANKLE,0.638266384601593,0.8758987784385681,0.12066232413053513,0,0
64,RIGHT_ANKLE,0.6238754987716675,0.8889192938804626,0.04118788614869118,0,0
64,LEFT_HEEL,0.6352223753929138,0.8875090479850769,0.12446020543575287,0,0
64,RIGHT_HEEL,0.6222996115684509,0.903233528137207,0.04502195864915848,0,0
64,LEFT_FOOT_INDEX,0.649333119392395,0.8984940648078918,0.06207313761115074,0,0
64,RIGHT_FOOT_INDEX,0.6279739737510681,0.926089882850647,-0.03267005458474159,0,0
65,NOSE,0.6611779928207397,0.5170551538467407,-0.174274280667305,0,0
65,LEFT_EYE_INNER,0.6599262356758118,0.5072460174560547,-0.16306062042713165,0,0
65,LEFT_EYE,0.6606376767158508,0.5068066716194153,-0.1630835384130478,0,0
65,LEFT_EYE_OUTER,0.6613809466362,0.506422221660614,-0.16309431195259094,0,0
65,RIGHT_EYE_INNER,0.6560708284378052,0.5084857940673828,-0.17411521077156067,0,0
65,RIGHT_EYE,0.6540087461471558,0.5089896321296692,-0.17413276433944702,0,0
65,RIGHT_EYE_OUTER,0.6517605185508728,0.5096306204795837,-0.17417417466640472,0,0
65,LEFT_EAR,0.6586986780166626,0.5105181932449341,-0.09624780714511871,0,0
65,RIGHT_EAR,0.6442248225212097,0.5156066417694092,-0.12497099488973618,0,0
65,MOUTH_LEFT,0.6622353792190552,0.5266073942184448,-0.14572273194789886,0,0
65,MOUTH_RIGHT,0.6576607823371887,0.5284596681594849,-0.16245299577713013,0,0
65,LEFT_SHOULDER,0.6634849905967712,0.5650754570960999,-0.015594538301229477,0,0
65,RIGHT_SHOULDER,0.6282512545585632,0.5686771273612976,-0.11300298571586609,0,0
65,LEFT_ELBOW,0.6679671406745911,0.6266524791717529,0.019256561994552612,0,0
65,RIGHT_ELBOW,0.6231501698493958,0.6346414089202881,-0.11546339839696884,0,0
65,LEFT_WRIST,0.6786015629768372,0.6650505661964417,-0.05431884154677391,0,0
65,RIGHT_WRIST,0.6380862593650818,0.6911460757255554,-0.13985976576805115,0,0
65,LEFT_PINKY,0.683468222618103,0.6748769283294678,-0.07165500521659851,0,0
65,RIGHT_PINKY,0.6427887082099915,0.7095283269882202,-0.15781983733177185,0,0
65,LEFT_INDEX,0.6849408745765686,0.6770824193954468,-0.08948257565498352,0,0
65,RIGHT_INDEX,0.6488484144210815,0.7026332020759583,-0.16769252717494965,0,0
65,LEFT_THUMB,0.6820042729377747,0.6729872822761536,-0.06453787535429001,0,0
65,RIGHT_THUMB,0.6482492089271545,0.696862518787384,-0.14340396225452423,0,0
65,LEFT_HIP,0.6522036194801331,0.6903306245803833,0.03305898606777191,0,0
65,RIGHT_HIP,0.6288878321647644,0.6919228434562683,-0.03305439278483391,0,0
65,LEFT_KNEE,0.644819438457489,0.7857364416122437,0.06910601258277893,0,0
65,RIGHT_KNEE,0.6249778270721436,0.7880505919456482,-0.008492412976920605,0,0
65,LEFT_ANKLE,0.6369419693946838,0.873444676399231,0.14618846774101257,0,0
65,RIGHT_ANKLE,0.6133747100830078,0.88301020860672,0.08248214423656464,0,0
65,LEFT_HEEL,0.6326733231544495,0.8825478553771973,0.1503749042749405,0,0
65,RIGHT_HEEL,0.6094129681587219,0.8904669284820557,0.0884627178311348,0,0
65,LEFT_FOOT_INDEX,0.650192379951477,0.8974025845527649,0.09579715877771378,0,0
65,RIGHT_FOOT_INDEX,0.6169828176498413,0.9179322123527527,0.020592518150806427,0,0
66,NOSE,0.6573423147201538,0.5144495964050293,-0.1518843024969101,0,0
66,LEFT_EYE_INNER,0.6562680602073669,0.5044711828231812,-0.13841880857944489,0,0
66,LEFT_EYE,0.6570428609848022,0.5039321780204773,-0.13845357298851013,0,0
66,LEFT_EYE_OUTER,0.6578944325447083,0.5034510493278503,-0.1384500116109848,0,0
66,RIGHT_EYE_INNER,0.65254807472229,0.5060000419616699,-0.14449964463710785,0,0
66,RIGHT_EYE,0.6505371928215027,0.5065943002700806,-0.14449858665466309,0,0
66,RIGHT_EYE_OUTER,0.6485065221786499,0.507328450679779,-0.1445235162973404,0,0
66,LEFT_EAR,0.6553423404693604,0.5071886777877808,-0.06150513514876366,0,0
66,RIGHT_EAR,0.6417204737663269,0.5133830308914185,-0.09496007114648819,0,0
66,MOUTH_LEFT,0.6587206721305847,0.5237799882888794,-0.1208895817399025,0,0
66,MOUTH_RIGHT,0.6538439393043518,0.5249938368797302,-0.12938347458839417,0,0
66,LEFT_SHOULDER,0.6633567810058594,0.5648152232170105,0.012134704738855362,0,0
66,RIGHT_SHOULDER,0.6267153024673462,0.5668281316757202,-0.08997650444507599,0,0
66,LEFT_ELBOW,0.6676718592643738,0.6257132291793823,0.03517738729715347,0,0
66,RIGHT_ELBOW,0.6191104054450989,0.6322113871574402,-0.09185227751731873,0,0
66,LEFT_WRIST,0.6749570965766907,0.6657230257987976,-0.04450540989637375,0,0
66,RIGHT_WRIST,0.6299505233764648,0.6899902820587158,-0.11422516405582428,0,0
66,LEFT_PINKY,0.676767885684967,0.6775592565536499,-0.06355256587266922,0,0
66,RIGHT_PINKY,0.6340340971946716,0.7092691659927368,-0.13255882263183594,0,0
66,LEFT_INDEX,0.6776360273361206,0.6780433058738708,-0.08067739009857178,0,0
66,RIGHT_INDEX,0.6396521329879761,0.7020081877708435,-0.14413386583328247,0,0
66,LEFT_THUMB,0.6750567555427551,0.6742293834686279,-0.05455414950847626,0,0
66,RIGHT_THUMB,0.6387231349945068,0.696402370929718,-0.11841801553964615,0,0
66,LEFT_HIP,0.650226891040802,0.6953088641166687,0.0356454961001873,0,0
66,RIGHT_HIP,0.6253156661987305,0.6933004260063171,-0.03565363585948944,0,0
66,LEFT_KNEE,0.6403752565383911,0.7865128517150879,0.07938825339078903,0,0
66,RIGHT_KNEE,0.6177011132240295,0.7920277118682861,-0.0073172044940292835,0,0
66,LEFT_ANKLE,0.6355590224266052,0.8723007440567017,0.1863793432712555,0,0
66,RIGHT_ANKLE,0.6035968065261841,0.8773563504219055,0.08114869892597198,0,0
66,LEFT_HEEL,0.6304911971092224,0.8806445598602295,0.19301924109458923,0,0
66,RIGHT_HEEL,0.5960584878921509,0.8864922523498535,0.08737398684024811,0,0
66,LEFT_FOOT_INDEX,0.651213526725769,0.8971050381660461,0.1371968686580658,0,0
66,RIGHT_FOOT_INDEX,0.6064679026603699,0.914543628692627,0.02280825935304165,0,0
67,NOSE,0.6570915579795837,0.5130666494369507,-0.13900859653949738,0,0
67,LEFT_EYE_INNER,0.6559493541717529,0.5029562711715698,-0.1259792149066925,0,0
67,LEFT_EYE,0.6566784977912903,0.5024349689483643,-0.1260078102350235,0,0
67,LEFT_EYE_OUTER,0.6574440598487854,0.5019310712814331,-0.1260056346654892,0,0
67,RIGHT_EYE_INNER,0.6523271799087524,0.5045170783996582,-0.13374856114387512,0,0
67,RIGHT_EYE,0.6503983736038208,0.5051876902580261,-0.13375164568424225,0,0
67,RIGHT_EYE_OUTER,0.6483282446861267,0.5060009360313416,-0.13377410173416138,0,0
67,LEFT_EAR,0.6549100875854492,0.5057770609855652,-0.05113958939909935,0,0
67,RIGHT_EAR,0.6413828730583191,0.5123401284217834,-0.08898025006055832,0,0
67,MOUTH_LEFT,0.6582944989204407,0.5225490927696228,-0.10975935310125351,0,0
67,MOUTH_RIGHT,0.6539146304130554,0.5236538052558899,-0.11985193938016891,0,0
67,LEFT_SHOULDER,0.6631386876106262,0.5646570920944214,0.02314029447734356,0,0
67,RIGHT_SHOULDER,0.6266210079193115,0.564972460269928,-0.08867146074771881,0,0
67,LEFT_ELBOW,0.6667422652244568,0.6255947947502136,0.05595654621720314,0,0
67,RIGHT_ELBOW,0.6174591779708862,0.6304507255554199,-0.0908803716301918,0,0
67,LEFT_WRIST,0.6726648807525635,0.6659237742424011,-0.01712895557284355,0,0
67,RIGHT_WRIST,0.6292456984519958,0.6883805990219116,-0.10782255232334137,0,0
67,LEFT_PINKY,0.6768727898597717,0.6797071695327759,-0.03537905961275101,0,0
67,RIGHT_PINKY,0.6334666609764099,0.7085586190223694,-0.12524637579917908,0,0
67,LEFT_INDEX,0.6770950555801392,0.6782013773918152,-0.05225541070103645,0,0
67,RIGHT_INDEX,0.6394164562225342,0.7015900015830994,-0.13484634459018707,0,0
67,LEFT_THUMB,0.6743007898330688,0.6739407777786255,-0.026930205523967743,0,0
67,RIGHT_THUMB,0.63845294713974,0.6961794495582581,-0.11107797920703888,0,0
67,LEFT_HIP,0.6488615274429321,0.6985337138175964,0.03703862801194191,0,0
67,RIGHT_HIP,0.6244736313819885,0.694767415523529,-0.037047140300273895,0,0
67,LEFT_KNEE,0.6399571299552917,0.7869660258293152,0.08333960175514221,0,0
67,RIGHT_KNEE,0.6170656681060791,0.7939540147781372,-0.00610235845670104,0,0
67,LEFT_ANKLE,0.6348289847373962,0.8725762367248535,0.1873103678226471,0,0
67,RIGHT_ANKLE,0.6031510233879089,0.8778430223464966,0.0825006291270256,0,0
67,LEFT_HEEL,0.6298663020133972,0.8813698887825012,0.19343605637550354,0,0
67,RIGHT_HEEL,0.5951036214828491,0.8870688676834106,0.08885932713747025,0,0
67,LEFT_FOOT_INDEX,0.6516673564910889,0.8969393968582153,0.14049577713012695,0,0
67,RIGHT_FOOT_INDEX,0.6060569286346436,0.9136128425598145,0.025839176028966904,0,0
68,NOSE,0.6543092727661133,0.5115160942077637,-0.10561907291412354,0,0
68,LEFT_EYE_INNER,0.6536780595779419,0.501758873462677,-0.09406806528568268,0,0
68,LEFT_EYE,0.6544273495674133,0.5012804865837097,-0.0941140428185463,0,0
68,LEFT_EYE_OUTER,0.6552436351776123,0.5008084177970886,-0.09413327276706696,0,0
68,RIGHT_EYE_INNER,0.6502432227134705,0.5030871629714966,-0.10192336142063141,0,0
68,RIGHT_EYE,0.6484878063201904,0.5036446452140808,-0.10190913826227188,0,0
68,RIGHT_EYE_OUTER,0.6466603875160217,0.5043303370475769,-0.10192815959453583,0,0
68,LEFT_EAR,0.6528254151344299,0.503875732421875,-0.02574106864631176,0,0
68,RIGHT_EAR,0.6398435235023499,0.5100343227386475,-0.06186070293188095,0,0
68,MOUTH_LEFT,0.6554622054100037,0.5203666687011719,-0.07883147895336151,0,0
68,MOUTH_RIGHT,0.6507234573364258,0.5207944512367249,-0.0889226421713829,0,0
68,LEFT_SHOULDER,0.6614166498184204,0.5589950084686279,0.03789621964097023,0,0
68,RIGHT_SHOULDER,0.6250048279762268,0.5586185455322266,-0.0644056648015976,0,0
68,LEFT_ELBOW,0.667057991027832,0.6186569929122925,0.05733463540673256,0,0
68,RIGHT_ELBOW,0.6146407723426819,0.6246722340583801,-0.07948119938373566,0,0
68,LEFT_WRIST,0.6744310259819031,0.6625978946685791,-0.02283700741827488,0,0
68,RIGHT_WRIST,0.6192290782928467,0.6843132376670837,-0.1146833524107933,0,0
68,LEFT_PINKY,0.6809017658233643,0.6772651672363281,-0.04459338262677193,0,0
68,RIGHT_PINKY,0.6216094493865967,0.7044013142585754,-0.13462775945663452,0,0
68,LEFT_INDEX,0.6790149211883545,0.6762108206748962,-0.06391831487417221,0,0
68,RIGHT_INDEX,0.6272385120391846,0.6997252702713013,-0.14642174541950226,0,0
68,LEFT_THUMB,0.6754645705223083,0.6714230179786682,-0.03382997587323189,0,0
68,RIGHT_THUMB,0.6269781589508057,0.6939303874969482,-0.1195688471198082,0,0
68,LEFT_HIP,0.645769476890564,0.7013407945632935,0.0358789786696434,0,0
68,RIGHT_HIP,0.6212165355682373,0.6950806975364685,-0.035868238657712936,0,0
68,LEFT_KNEE,0.6366373300552368,0.7870939373970032,0.06798841059207916,0,0
68,RIGHT_KNEE,0.6104792952537537,0.7922725677490234,-0.0089738043025136,0,0
68,LEFT_ANKLE,0.6336693167686462,0.871727466583252,0.14940807223320007,0,0
68,RIGHT_ANKLE,0.5923024415969849,0.8718932867050171,0.07836422324180603,0,0
68,LEFT_HEEL,0.6275548338890076,0.881706953048706,0.15462501347064972,0,0
68,RIGHT_HEEL,0.5859700441360474,0.8780021071434021,0.08463945239782333,0,0
68,LEFT_FOOT_INDEX,0.6518290638923645,0.8963376879692078,0.1091470941901207,0,0
68,RIGHT_FOOT_INDEX,0.5969294309616089,0.9076464772224426,0.02428085170686245,0,0
69,NOSE,0.6505835652351379,0.5101518034934998,-0.11644503474235535,0,0
69,LEFT_EYE_INNER,0.6504982113838196,0.5008785724639893,-0.10344832390546799,0,0
69,LEFT_EYE,0.651428759098053,0.5004834532737732,-0.10349508374929428,0,0
69,LEFT_EYE_OUTER,0.6523767113685608,0.500114917755127,-0.10351458936929703,0,0
69,RIGHT_EYE_INNER,0.6468096375465393,0.5019030570983887,-0.11243808269500732,0,0
69,RIGHT_EYE,0.6451044082641602,0.5023471713066101,-0.11243413388729095,0,0
69,RIGHT_EYE_OUTER,0.6433535814285278,0.5028709769248962,-0.11245821416378021,0,0
69,LEFT_EAR,0.650732159614563,0.5033659934997559,-0.02965780533850193,0,0
69,RIGHT_EAR,0.6374727487564087,0.508583128452301,-0.07001135498285294,0,0
69,MOUTH_LEFT,0.651850163936615,0.5187819004058838,-0.08821442723274231,0,0
69,MOUTH_RIGHT,0.6469804048538208,0.5190907120704651,-0.09976474940776825,0,0
69,LEFT_SHOULDER,0.6580206155776978,0.5585700273513794,0.034355130046606064,0,0
69,RIGHT_SHOULDER,0.622868001461029,0.558857798576355,-0.07075510919094086,0,0
69,LEFT_ELBOW,0.666361391544342,0.6156007647514343,0.05238654837012291,0,0
69,RIGHT_ELBOW,0.6178337931632996,0.6225916147232056,-0.07421950995922089,0,0
69,LEFT_WRIST,0.6770491003990173,0.6603249907493591,-0.026846911758184433,0,0
69,RIGHT_WRIST,0.61166912317276,0.6801807284355164,-0.08888302743434906,0,0
69,LEFT_PINKY,0.6815121173858643,0.6744358539581299,-0.046901263296604156,0,0
69,RIGHT_PINKY,0.6122081279754639,0.6988394260406494,-0.1040082797408104,0,0
69,LEFT_INDEX,0.6798263192176819,0.6737003922462463,-0.06511580944061279,0,0
69,RIGHT_INDEX,0.6156495213508606,0.6948031783103943,-0.1207616999745369,0,0
69,LEFT_THUMB,0.6756195425987244,0.6691814064979553,-0.03731865808367729,0,0
69,RIGHT_THUMB,0.6159576177597046,0.6902793049812317,-0.09534331411123276,0,0
69,LEFT_HIP,0.6411041617393494,0.7023245096206665,0.036001287400722504,0,0
69,RIGHT_HIP,0.617887556552887,0.6951623558998108,-0.03599089756608009,0,0
69,LEFT_KNEE,0.6375654339790344,0.7880658507347107,0.0478641651570797,0,0
69,RIGHT_KNEE,0.6035158634185791,0.792860746383667,-0.00025461925542913377,0,0
69,LEFT_ANKLE,0.6326261758804321,0.8715792298316956,0.12027686089277267,0,0
69,RIGHT_ANKLE,0.5860718488693237,0.8695551156997681,0.11249139159917831,0,0
69,LEFT_HEEL,0.6260586977005005,0.8822622299194336,0.12424872070550919,0,0
69,RIGHT_HEEL,0.5827871561050415,0.8755885362625122,0.12076076120138168,0,0
69,LEFT_FOOT_INDEX,0.6518819332122803,0.8947606086730957,0.07287029922008514,0,0
69,RIGHT_FOOT_INDEX,0.5872495174407959,0.9027146100997925,0.06054409220814705,0,0
70,NOSE,0.647150993347168,0.5097761154174805,-0.11820955574512482,0,0
70,LEFT_EYE_INNER,0.6470428109169006,0.5007667541503906,-0.1075950562953949,0,0
70,LEFT_EYE,0.6481357216835022,0.5003856420516968,-0.10763862729072571,0,0
70,LEFT_EYE_OUTER,0.6492628455162048,0.5000659227371216,-0.10766734182834625,0,0
70,RIGHT_EYE_INNER,0.6433565616607666,0.501831591129303,-0.11546876281499863,0,0
70,RIGHT_EYE,0.6417055130004883,0.5022783279418945,-0.11546773463487625,0,0
70,RIGHT_EYE_OUTER,0.6400962471961975,0.5028685927391052,-0.11549098789691925,0,0
70,LEFT_EAR,0.6482795476913452,0.5035686492919922,-0.04086048901081085,0,0
70,RIGHT_EAR,0.6345903873443604,0.5087099075317383,-0.07742176204919815,0,0
70,MOUTH_LEFT,0.6489726305007935,0.5183783769607544,-0.09218863397836685,0,0
70,MOUTH_RIGHT,0.6438008546829224,0.5188051462173462,-0.10247651487588882,0,0
70,LEFT_SHOULDER,0.6562106609344482,0.5562319159507751,0.02684188447892666,0,0
70,RIGHT_SHOULDER,0.6190444827079773,0.5579425096511841,-0.06788034737110138,0,0
70,LEFT_ELBOW,0.6653420925140381,0.6139557361602783,0.052464377135038376,0,0
70,RIGHT_ELBOW,0.6081220507621765,0.6207661628723145,-0.07322432100772858,0,0
70,LEFT_WRIST,0.6780616044998169,0.6598277688026428,-0.010014998726546764,0,0
70,RIGHT_WRIST,0.5978368520736694,0.677405595779419,-0.11070172488689423,0,0
70,LEFT_PINKY,0.6823580265045166,0.673302948474884,-0.02471149154007435,0,0
70,RIGHT_PINKY,0.5945740938186646,0.6949926018714905,-0.1273074746131897,0,0
70,LEFT_INDEX,0.6807787418365479,0.6730602383613586,-0.04537587985396385,0,0
70,RIGHT_INDEX,0.5982747673988342,0.693250834941864,-0.14285911619663239,0,0
70,LEFT_THUMB,0.6773124933242798,0.6688423752784729,-0.020316462963819504,0,0
70,RIGHT_THUMB,0.6001079678535461,0.6889088153839111,-0.11730408668518066,0,0
70,LEFT_HIP,0.6385554671287537,0.7016564607620239,0.03269980475306511,0,0
70,RIGHT_HIP,0.6152445673942566,0.6922296285629272,-0.032693151384592056,0,0
70,LEFT_KNEE,0.6375091075897217,0.7843306660652161,0.03704623132944107,0,0
70,RIGHT_KNEE,0.5998958349227905,0.7871313691139221,-0.007777617312967777,0,0
70,LEFT_ANKLE,0.6321073174476624,0.8692207336425781,0.10227309167385101,0,0
70,RIGHT_ANKLE,0.5830453634262085,0.8667524456977844,0.09425847232341766,0,0
70,LEFT_HEEL,0.6263423562049866,0.8826972246170044,0.1056630089879036,0,0
70,RIGHT_HEEL,0.5802519917488098,0.8736608624458313,0.10184134542942047,0,0
70,LEFT_FOOT_INDEX,0.6527318954467773,0.893592119216919,0.057245638221502304,0,0
70,RIGHT_FOOT_INDEX,0.5844863653182983,0.9029267430305481,0.03337264806032181,0,0
71,NOSE,0.64329594373703,0.5099673271179199,-0.15875713527202606,0,0
71,LEFT_EYE_INNER,0.6437588334083557,0.5008385181427002,-0.1477453112602234,0,0
71,LEFT_EYE,0.6449835896492004,0.5005143284797668,-0.1477932184934616,0,0
71,LEFT_EYE_OUTER,0.6462929248809814,0.5002106428146362,-0.1478203684091568,0,0
71,RIGHT_EYE_INNER,0.6398084163665771,0.5018872022628784,-0.15267348289489746,0,0
71,RIGHT_EYE,0.6381075382232666,0.5024789571762085,-0.1526767909526825,0,0
71,RIGHT_EYE_OUTER,0.6363784074783325,0.5031734704971313,-0.15268045663833618,0,0
71,LEFT_EAR,0.6460216045379639,0.5037258267402649,-0.07287324965000153,0,0
71,RIGHT_EAR,0.6312179565429688,0.5089126229286194,-0.08809758722782135,0,0
71,MOUTH_LEFT,0.6452012658119202,0.5187304019927979,-0.12950171530246735,0,0
71,MOUTH_RIGHT,0.6396430134773254,0.5194147825241089,-0.1357152760028839,0,0
71,LEFT_SHOULDER,0.653380274772644,0.5558182597160339,-0.005415972787886858,0,0
71,RIGHT_SHOULDER,0.6154797077178955,0.5578747391700745,-0.07237398624420166,0,0
71,LEFT_ELBOW,0.6628119945526123,0.6147004961967468,0.013772973790764809,0,0
71,RIGHT_ELBOW,0.6001319289207458,0.61985844373703,-0.0641157478094101,0,0
71,LEFT_WRIST,0.6778903603553772,0.6597076654434204,-0.06926976144313812,0,0
71,RIGHT_WRIST,0.5874804854393005,0.676176130771637,-0.10322081297636032,0,0
71,LEFT_PINKY,0.6836774945259094,0.6726528406143188,-0.08651883900165558,0,0
71,RIGHT_PINKY,0.5805590748786926,0.6909799575805664,-0.11750638484954834,0,0
71,LEFT_INDEX,0.6830478310585022,0.6727029085159302,-0.10744988918304443,0,0
71,RIGHT_INDEX,0.5818663239479065,0.691840648651123,-0.13760575652122498,0,0
71,LEFT_THUMB,0.6799797415733337,0.6687161326408386,-0.08017080277204514,0,0
71,RIGHT_THUMB,0.5858123898506165,0.6880065202713013,-0.1117553785443306,0,0
71,LEFT_HIP,0.635273277759552,0.6975560188293457,0.028487857431173325,0,0
71,RIGHT_HIP,0.6103166341781616,0.6873262524604797,-0.0284972433000803,0,0
71,LEFT_KNEE,0.6384485363960266,0.7815006971359253,0.019810408353805542,0,0
71,RIGHT_KNEE,0.5964816808700562,0.7818622589111328,-0.0232396237552166,0,0
71,LEFT_ANKLE,0.6323411464691162,0.8690423965454102,0.07517915219068527,0,0
71,RIGHT_ANKLE,0.5816766023635864,0.8659977912902832,0.03805014118552208,0,0
71,LEFT_HEEL,0.6262841820716858,0.8829919695854187,0.07699798047542572,0,0
71,RIGHT_HEEL,0.579129159450531,0.8754096031188965,0.04039066657423973,0,0
71,LEFT_FOOT_INDEX,0.6534099578857422,0.8922951817512512,0.021842043846845627,0,0
71,RIGHT_FOOT_INDEX,0.5833248496055603,0.897868275642395,-0.02770114131271839,0,0
72,NOSE,0.6424971222877502,0.5100072622299194,-0.13709603250026703,0,0
72,LEFT_EYE_INNER,0.6428260803222656,0.5009549856185913,-0.12763722240924835,0,0
72,LEFT_EYE,0.6440087556838989,0.5005731582641602,-0.12770415842533112,0,0
72,LEFT_EYE_OUTER,0.6452078223228455,0.5002071857452393,-0.12774713337421417,0,0
72,RIGHT_EYE_INNER,0.6389475464820862,0.5020548105239868,-0.1314486414194107,0,0
72,RIGHT_EYE,0.6372745633125305,0.5026288032531738,-0.131452277302742,0,0
72,RIGHT_EYE_OUTER,0.6355744004249573,0.5033272504806519,-0.13146381080150604,0,0
72,LEFT_EAR,0.6449228525161743,0.5035504698753357,-0.058924298733472824,0,0
72,RIGHT_EAR,0.6305946707725525,0.5088364481925964,-0.08147905021905899,0,0
72,MOUTH_LEFT,0.6446064710617065,0.5185432434082031,-0.1102653443813324,0,0
72,MOUTH_RIGHT,0.6391196846961975,0.5193487405776978,-0.1157626286149025,0,0
72,LEFT_SHOULDER,0.6528708338737488,0.5542161464691162,0.0014148305635899305,0,0
72,RIGHT_SHOULDER,0.6149367094039917,0.5569221377372742,-0.06059635803103447,0,0
72,LEFT_ELBOW,0.6621035933494568,0.6140515804290771,0.02691362053155899,0,0
72,RIGHT_ELBOW,0.6005350351333618,0.6182850003242493,-0.05368984118103981,0,0
72,LEFT_WRIST,0.6776235103607178,0.6596779227256775,-0.049137480556964874,0,0
72,RIGHT_WRIST,0.5870043039321899,0.6741424798965454,-0.09177099168300629,0,0
72,LEFT_PINKY,0.6843881607055664,0.6725440621376038,-0.06504605710506439,0,0
72,RIGHT_PINKY,0.5801798701286316,0.6874082684516907,-0.10620910674333572,0,0
72,LEFT_INDEX,0.6841827034950256,0.6725611090660095,-0.08300366997718811,0,0
72,RIGHT_INDEX,0.5813513994216919,0.6893671154975891,-0.1258406639099121,0,0
72,LEFT_THUMB,0.681398332118988,0.6686850190162659,-0.059145521372556686,0,0
72,RIGHT_THUMB,0.5853672027587891,0.6859747171401978,-0.10028038173913956,0,0
72,LEFT_HIP,0.6352078914642334,0.6957362294197083,0.028018739074468613,0,0
72,RIGHT_HIP,0.6103522777557373,0.6853970289230347,-0.02801690623164177,0,0
72,LEFT_KNEE,0.6391077637672424,0.7805099487304688,0.015184914693236351,0,0
72,RIGHT_KNEE,0.5983473062515259,0.7770978808403015,-0.029134977608919144,0,0
72,LEFT_ANKLE,0.632718026638031,0.8693872690200806,0.06709269434213638,0,0
72,RIGHT_ANKLE,0.582349419593811,0.865964949131012,0.03036491945385933,0,0
72,LEFT_HEEL,0.6260213255882263,0.8830896615982056,0.06852160394191742,0,0
72,RIGHT_HEEL,0.5786979794502258,0.874301552772522,0.03265255689620972,0,0
72,LEFT_FOOT_INDEX,0.6538378596305847,0.891826868057251,0.01335131749510765,0,0
72,RIGHT_FOOT_INDEX,0.5822630524635315,0.8975515961647034,-0.033265527337789536,0,0
73,NOSE,0.6399520635604858,0.5102083683013916,-0.18528147041797638,0,0
73,LEFT_EYE_INNER,0.6407544612884521,0.5010522603988647,-0.17408481240272522,0,0
73,LEFT_EYE,0.6419892907142639,0.5006130933761597,-0.1741228699684143,0,0
73,LEFT_EYE_OUTER,0.6432704329490662,0.5002776980400085,-0.17414620518684387,0,0
73,RIGHT_EYE_INNER,0.636591911315918,0.5023093223571777,-0.18017777800559998,0,0
73,RIGHT_EYE,0.6348010301589966,0.5028831958770752,-0.18018995225429535,0,0
73,RIGHT_EYE_OUTER,0.6329882144927979,0.5035789608955383,-0.18018551170825958,0,0
73,LEFT_EAR,0.6429108381271362,0.5036951899528503,-0.09757175296545029,0,0
73,RIGHT_EAR,0.628040075302124,0.509064257144928,-0.1251951903104782,0,0
73,MOUTH_LEFT,0.6418531537055969,0.5188168287277222,-0.15530604124069214,0,0
73,MOUTH_RIGHT,0.6359249949455261,0.5197067856788635,-0.16327182948589325,0,0
73,LEFT_SHOULDER,0.6506285071372986,0.5535931587219238,-0.02595880813896656,0,0
73,RIGHT_SHOULDER,0.610564112663269,0.5574868321418762,-0.0687243863940239,0,0
73,LEFT_ELBOW,0.6597784757614136,0.6143268942832947,0.010533819906413555,0,0
73,RIGHT_ELBOW,0.5940221548080444,0.6185291409492493,-0.07671056687831879,0,0
73,LEFT_WRIST,0.676659882068634,0.6597050428390503,-0.06121746823191643,0,0
73,RIGHT_WRIST,0.5761807560920715,0.6735274195671082,-0.11381637305021286,0,0
73,LEFT_PINKY,0.6841933131217957,0.6721729636192322,-0.07657100260257721,0,0
73,RIGHT_PINKY,0.5688778758049011,0.6867641806602478,-0.12657521665096283,0,0
73,LEFT_INDEX,0.6845070719718933,0.6724175810813904,-0.09884650260210037,0,0
73,RIGHT_INDEX,0.5695062875747681,0.688404381275177,-0.15474028885364532,0,0
73,LEFT_THUMB,0.681721031665802,0.6686756014823914,-0.07260627299547195,0,0
73,RIGHT_THUMB,0.5724042654037476,0.685735285282135,-0.12656456232070923,0,0
73,LEFT_HIP,0.634087860584259,0.6931996941566467,0.025148291140794754,0,0
73,RIGHT_HIP,0.6074528098106384,0.684180736541748,-0.025134321302175522,0,0
73,LEFT_KNEE,0.6395040154457092,0.7767007350921631,0.005179551895707846,0,0
73,RIGHT_KNEE,0.5941002368927002,0.775543212890625,-0.026631055399775505,0,0
73,LEFT_ANKLE,0.6325280666351318,0.8683004379272461,0.07040863484144211,0,0
73,RIGHT_ANKLE,0.5806987881660461,0.8660046458244324,0.041959069669246674,0,0
73,LEFT_HEEL,0.6254421472549438,0.883204996585846,0.07311183959245682,0,0
73,RIGHT_HEEL,0.5782943964004517,0.8731446862220764,0.04419764131307602,0,0
73,LEFT_FOOT_INDEX,0.6537723541259766,0.8915331959724426,0.014988603070378304,0,0
73,RIGHT_FOOT_INDEX,0.5810645222663879,0.8994941711425781,-0.031842365860939026,0,0
74,NOSE,0.6378806233406067,0.5104233622550964,-0.19596587121486664,0,0
74,LEFT_EYE_INNER,0.6386324167251587,0.5012667179107666,-0.18460150063037872,0,0
74,LEFT_EYE,0.6397930383682251,0.5008186101913452,-0.18464021384716034,0,0
74,LEFT_EYE_OUTER,0.6409820914268494,0.5004701614379883,-0.18466569483280182,0,0
74,RIGHT_EYE_INNER,0.6347846388816833,0.5025462508201599,-0.19244500994682312,0,0
74,RIGHT_EYE,0.6330220699310303,0.5031140446662903,-0.19246527552604675,0,0
74,RIGHT_EYE_OUTER,0.6312741041183472,0.5037890076637268,-0.19246095418930054,0,0
74,LEFT_EAR,0.6402804255485535,0.5038126707077026,-0.10868008434772491,0,0
74,RIGHT_EAR,0.6258073449134827,0.5091204643249512,-0.14480938017368317,0,0
74,MOUTH_LEFT,0.6394473314285278,0.5188526511192322,-0.16628795862197876,0,0
74,MOUTH_RIGHT,0.6339049935340881,0.5199289321899414,-0.17667995393276215,0,0
74,LEFT_SHOULDER,0.647720217704773,0.5533372163772583,-0.040163278579711914,0,0
74,RIGHT_SHOULDER,0.6051715016365051,0.5577167868614197,-0.10305027663707733,0,0
74,LEFT_ELBOW,0.657152533531189,0.6144095063209534,-0.005291623063385487,0,0
74,RIGHT_ELBOW,0.5883413553237915,0.619293749332428,-0.09594075381755829,0,0
74,LEFT_WRIST,0.6747564673423767,0.6596434712409973,-0.07745196670293808,0,0
74,RIGHT_WRIST,0.5668033361434937,0.6715777516365051,-0.14716312289237976,0,0
74,LEFT_PINKY,0.6828927993774414,0.6715071797370911,-0.09375688433647156,0,0
74,RIGHT_PINKY,0.5585063099861145,0.682533323764801,-0.16395458579063416,0,0
74,LEFT_INDEX,0.6836035847663879,0.6719363927841187,-0.11617951095104218,0,0
74,RIGHT_INDEX,0.5590755939483643,0.6832248568534851,-0.1857611984014511,0,0
74,LEFT_THUMB,0.6807031631469727,0.6684901714324951,-0.08912568539381027,0,0
74,RIGHT_THUMB,0.5623371601104736,0.6815145015716553,-0.1570761799812317,0,0
74,LEFT_HIP,0.6318838000297546,0.6924863457679749,0.023884354159235954,0,0
74,RIGHT_HIP,0.6038925051689148,0.6843782663345337,-0.02386501058936119,0,0
74,LEFT_KNEE,0.6395271420478821,0.7747764587402344,-0.01251896657049656,0,0
74,RIGHT_KNEE,0.5883707404136658,0.7754445672035217,-0.028454888612031937,0,0
74,LEFT_ANKLE,0.6325057148933411,0.8681820631027222,0.062394462525844574,0,0
74,RIGHT_ANKLE,0.5804246664047241,0.8672381639480591,0.04817008227109909,0,0
74,LEFT_HEEL,0.6249962449073792,0.8832144737243652,0.06611470133066177,0,0
74,RIGHT_HEEL,0.5789567828178406,0.8742196559906006,0.051478393375873566,0,0
74,LEFT_FOOT_INDEX,0.6535417437553406,0.8914665579795837,0.005345638375729322,0,0
74,RIGHT_FOOT_INDEX,0.5814830660820007,0.9010517597198486,-0.029395680874586105,0,0
