frame_number,landmark,x,y,z,action,label
0,NOSE,0.4773114323616028,0.49619293212890625,-0.23492322862148285,[],0
0,LEFT_EYE_INNER,0.48160091042518616,0.4852737486362457,-0.22686809301376343,[],0
0,LEFT_EYE,0.48431167006492615,0.4855927526950836,-0.22683684527873993,[],0
0,LEFT_EYE_OUTER,0.4864450693130493,0.48604610562324524,-0.22683218121528625,[],0
0,RIGHT_EYE_INNER,0.4745217263698578,0.4849958121776581,-0.22569401562213898,[],0
0,RIGHT_EYE,0.47221723198890686,0.48495665192604065,-0.2257179617881775,[],0
0,RIGHT_EYE_OUTER,0.4703057110309601,0.48477721214294434,-0.22569440305233002,[],0
0,LEFT_EAR,0.4919169247150421,0.49357524514198303,-0.15483029186725616,[],0
0,RIGHT_EAR,0.469014436006546,0.4905916452407837,-0.14969521760940552,[],0
0,MOUTH_LEFT,0.48313722014427185,0.5079593062400818,-0.20645080506801605,[],0
0,MOUTH_RIGHT,0.47396957874298096,0.5069776773452759,-0.20499880611896515,[],0
0,LEFT_SHOULDER,0.5113295912742615,0.5497339963912964,-0.10380885750055313,[],0
0,RIGHT_SHOULDER,0.4519915282726288,0.5442972779273987,-0.10825546830892563,[],0
0,LEFT_ELBOW,0.5224000811576843,0.6250181794166565,-0.12847058475017548,[],0
0,RIGHT_ELBOW,0.4473348557949066,0.6181696057319641,-0.15137237310409546,[],0
0,LEFT_WRIST,0.5033888816833496,0.6627817153930664,-0.22885556519031525,[],0
0,RIGHT_WRIST,0.46781110763549805,0.6555151343345642,-0.25903937220573425,[],0
0,LEFT_PINKY,0.4975753724575043,0.6841055154800415,-0.26068633794784546,[],0
0,RIGHT_PINKY,0.47332650423049927,0.6753661036491394,-0.29106393456459045,[],0
0,LEFT_INDEX,0.4931161105632782,0.6769471168518066,-0.2718976140022278,[],0
0,RIGHT_INDEX,0.479571133852005,0.6718432307243347,-0.29752272367477417,[],0
0,LEFT_THUMB,0.49322816729545593,0.6689093112945557,-0.23612239956855774,[],0
0,RIGHT_THUMB,0.4781816601753235,0.6653487086296082,-0.26411640644073486,[],0
0,LEFT_HIP,0.49491316080093384,0.6961691379547119,0.0018383529968559742,[],0
0,RIGHT_HIP,0.46067115664482117,0.693187952041626,-0.0018901743460446596,[],0
0,LEFT_KNEE,0.511787474155426,0.7925339937210083,0.015398860909044743,[],0
0,RIGHT_KNEE,0.4400765597820282,0.8132207989692688,0.00881523359566927,[],0
0,LEFT_ANKLE,0.5260141491889954,0.8920751810073853,0.11800380796194077,[],0
0,RIGHT_ANKLE,0.4283083975315094,0.8960694074630737,0.10019971430301666,[],0
0,LEFT_HEEL,0.5236805081367493,0.9068161249160767,0.12416259199380875,[],0
0,RIGHT_HEEL,0.4312518835067749,0.9095773696899414,0.10532353818416595,[],0
0,LEFT_FOOT_INDEX,0.5345999598503113,0.9351004958152771,0.04654572531580925,[],0
0,RIGHT_FOOT_INDEX,0.4164060950279236,0.9423790574073792,0.02758781425654888,[],0
1,NOSE,0.4768185019493103,0.4967363178730011,-0.1825951486825943,0,0
1,LEFT_EYE_INNER,0.4810470640659332,0.4868375360965729,-0.17543116211891174,0,0
1,LEFT_EYE,0.4835846722126007,0.48707711696624756,-0.17540942132472992,0,0
1,LEFT_EYE_OUTER,0.4859718382358551,0.4873265027999878,-0.17538323998451233,0,0
1,RIGHT_EYE_INNER,0.47439754009246826,0.4867788255214691,-0.17269612848758698,0,0
1,RIGHT_EYE,0.47219961881637573,0.48679319024086,-0.17272095382213593,0,0
1,RIGHT_EYE_OUTER,0.4703173041343689,0.48662883043289185,-0.17273123562335968,0,0
1,LEFT_EAR,0.49149683117866516,0.4936780631542206,-0.11420071870088577,0,0
1,RIGHT_EAR,0.46994006633758545,0.4910256862640381,-0.10132308304309845,0,0
1,MOUTH_LEFT,0.4823879599571228,0.5085031390190125,-0.1584968864917755,0,0
1,MOUTH_RIGHT,0.47382718324661255,0.5077151656150818,-0.1548784077167511,0,0
1,LEFT_SHOULDER,0.5113288760185242,0.5497313141822815,-0.06976556032896042,0,0
1,RIGHT_SHOULDER,0.4528849720954895,0.5445053577423096,-0.06985753029584885,0,0
1,LEFT_ELBOW,0.5213564038276672,0.6243348717689514,-0.0784488245844841,0,0
1,RIGHT_ELBOW,0.44725245237350464,0.6181169152259827,-0.10679832100868225,0,0
1,LEFT_WRIST,0.5032707452774048,0.6666009426116943,-0.1583637297153473,0,0
1,RIGHT_WRIST,0.46782076358795166,0.6555649638175964,-0.20578043162822723,0,0
1,LEFT_PINKY,0.49701127409935,0.687537670135498,-0.184413880109787,0,0
1,RIGHT_PINKY,0.47341224551200867,0.6750719547271729,-0.23598596453666687,0,0
1,LEFT_INDEX,0.49290910363197327,0.6802459359169006,-0.19836705923080444,0,0
1,RIGHT_INDEX,0.4795581102371216,0.6712011694908142,-0.24201706051826477,0,0
1,LEFT_THUMB,0.4932402968406677,0.6732792854309082,-0.16582532227039337,0,0
1,RIGHT_THUMB,0.47818249464035034,0.6651983857154846,-0.21037407219409943,0,0
1,LEFT_HIP,0.49486058950424194,0.698939859867096,0.0009042287711054087,0,0
1,RIGHT_HIP,0.46120744943618774,0.695349931716919,-0.0009492840617895126,0,0
1,LEFT_KNEE,0.511781632900238,0.7947272658348083,0.02107810601592064,0,0
1,RIGHT_KNEE,0.44119054079055786,0.8062818050384521,0.004166900645941496,0,0
1,LEFT_ANKLE,0.5259382128715515,0.8856856822967529,0.13802310824394226,0,0
1,RIGHT_ANKLE,0.4287915527820587,0.8961042761802673,0.09120340645313263,0,0
1,LEFT_HEEL,0.5236390233039856,0.9000784158706665,0.1456257551908493,0,0
1,RIGHT_HEEL,0.4320434629917145,0.9093214273452759,0.09593331068754196,0,0
1,LEFT_FOOT_INDEX,0.534557580947876,0.9312900304794312,0.06931214034557343,0,0
1,RIGHT_FOOT_INDEX,0.4164101481437683,0.9421210289001465,0.017555048689246178,0,0
2,NOSE,0.4762636125087738,0.49673014879226685,-0.17784693837165833,0,0
2,LEFT_EYE_INNER,0.48050612211227417,0.48723116517066956,-0.17049600183963776,0,0
2,LEFT_EYE,0.48293888568878174,0.48746490478515625,-0.1704806536436081,0,0
2,LEFT_EYE_OUTER,0.4853636920452118,0.487724632024765,-0.17046210169792175,0,0
2,RIGHT_EYE_INNER,0.4743613004684448,0.4871046245098114,-0.16814391314983368,0,0
2,RIGHT_EYE,0.4722242057323456,0.48709049820899963,-0.16816748678684235,0,0
2,RIGHT_EYE_OUTER,0.4705084264278412,0.4869353771209717,-0.1681821644306183,0,0
2,LEFT_EAR,0.4910515248775482,0.49364686012268066,-0.10909444838762283,0,0
2,RIGHT_EAR,0.47109898924827576,0.4910307228565216,-0.09765363484621048,0,0
2,MOUTH_LEFT,0.4814971685409546,0.5085031986236572,-0.15347346663475037,0,0
2,MOUTH_RIGHT,0.4737113118171692,0.5077159404754639,-0.15034981071949005,0,0
2,LEFT_SHOULDER,0.5111933946609497,0.5503123998641968,-0.06434080749750137,0,0
2,RIGHT_SHOULDER,0.45349904894828796,0.5446348786354065,-0.06285684555768967,0,0
2,LEFT_ELBOW,0.5201864838600159,0.6242320537567139,-0.07203003019094467,0,0
2,RIGHT_ELBOW,0.44670045375823975,0.6170632243156433,-0.09412350505590439,0,0
2,LEFT_WRIST,0.5044400095939636,0.6714538931846619,-0.15471363067626953,0,0
2,RIGHT_WRIST,0.4676207900047302,0.6555680632591248,-0.19119733572006226,0,0
2,LEFT_PINKY,0.4992046058177948,0.693260669708252,-0.18001717329025269,0,0
2,RIGHT_PINKY,0.47327739000320435,0.674608051776886,-0.22048726677894592,0,0
2,LEFT_INDEX,0.4961094558238983,0.6865454316139221,-0.19514450430870056,0,0
2,RIGHT_INDEX,0.47891396284103394,0.6702845692634583,-0.22705671191215515,0,0
2,LEFT_THUMB,0.4964790940284729,0.6788097620010376,-0.16256390511989594,0,0
2,RIGHT_THUMB,0.4777042269706726,0.6648162007331848,-0.19579659402370453,0,0
2,LEFT_HIP,0.4946884512901306,0.6991164088249207,-0.0009455668041482568,0,0
2,RIGHT_HIP,0.4613474905490875,0.6957383155822754,0.0008894534548744559,0,0
2,LEFT_KNEE,0.5117102861404419,0.7949654459953308,0.0021874336525797844,0,0
2,RIGHT_KNEE,0.442050576210022,0.8031381368637085,0.007703119423240423,0,0
2,LEFT_ANKLE,0.5259387493133545,0.8830969333648682,0.11361053586006165,0,0
2,RIGHT_ANKLE,0.4288155436515808,0.8960845470428467,0.10486400872468948,0,0
2,LEFT_HEEL,0.5238973498344421,0.8963192701339722,0.12036456167697906,0,0
2,RIGHT_HEEL,0.4324369728565216,0.9089044332504272,0.11053181439638138,0,0
2,LEFT_FOOT_INDEX,0.5341264605522156,0.928742527961731,0.041159383952617645,0,0
2,RIGHT_FOOT_INDEX,0.41642916202545166,0.9393395781517029,0.03558269888162613,0,0
3,NOSE,0.4761872887611389,0.4967249631881714,-0.15429000556468964,0,0
3,LEFT_EYE_INNER,0.4804381728172302,0.4872360825538635,-0.1458805501461029,0,0
3,LEFT_EYE,0.48285973072052,0.48745644092559814,-0.14588119089603424,0,0
3,LEFT_EYE_OUTER,0.4853045344352722,0.48771271109580994,-0.145864799618721,0,0
3,RIGHT_EYE_INNER,0.4743366837501526,0.48708903789520264,-0.14425845444202423,0,0
3,RIGHT_EYE,0.4722326397895813,0.487075537443161,-0.1442783772945404,0,0
3,RIGHT_EYE_OUTER,0.47059571743011475,0.4869316518306732,-0.14429831504821777,0,0
3,LEFT_EAR,0.4909052550792694,0.4929642975330353,-0.08316025137901306,0,0
3,RIGHT_EAR,0.4711248576641083,0.4910237491130829,-0.0744689479470253,0,0
3,MOUTH_LEFT,0.48126181960105896,0.508328914642334,-0.12959696352481842,0,0
3,MOUTH_RIGHT,0.4735860228538513,0.5077077150344849,-0.12729957699775696,0,0
3,LEFT_SHOULDER,0.5111154317855835,0.5504403114318848,-0.04241101071238518,0,0
3,RIGHT_SHOULDER,0.4538179636001587,0.544442355632782,-0.042490679770708084,0,0
3,LEFT_ELBOW,0.518379807472229,0.6221811175346375,-0.054101988673210144,0,0
3,RIGHT_ELBOW,0.44657081365585327,0.6164924502372742,-0.07426126301288605,0,0
3,LEFT_WRIST,0.5015788674354553,0.6707907915115356,-0.14043857157230377,0,0
3,RIGHT_WRIST,0.4688204824924469,0.6551865935325623,-0.17247682809829712,0,0
3,LEFT_PINKY,0.4944552183151245,0.6925237774848938,-0.16582784056663513,0,0
3,RIGHT_PINKY,0.47582414746284485,0.6727242469787598,-0.20133242011070251,0,0
3,LEFT_INDEX,0.4920835793018341,0.68477463722229,-0.17967921495437622,0,0
3,RIGHT_INDEX,0.48046818375587463,0.6679629683494568,-0.20790953934192657,0,0
3,LEFT_THUMB,0.4936652183532715,0.6779781579971313,-0.14774207770824432,0,0
3,RIGHT_THUMB,0.4789709448814392,0.6627950668334961,-0.17688016593456268,0,0
3,LEFT_HIP,0.4946117401123047,0.6990458965301514,-0.0018238688353449106,0,0
3,RIGHT_HIP,0.46141478419303894,0.6957369446754456,0.001781318336725235,0,0
3,LEFT_KNEE,0.5117095708847046,0.7940026521682739,-0.008085822686553001,0,0
3,RIGHT_KNEE,0.4425112307071686,0.8010945916175842,0.007525981403887272,0,0
3,LEFT_ANKLE,0.5259020328521729,0.8836948871612549,0.10418832302093506,0,0
3,RIGHT_ANKLE,0.4287853538990021,0.8960841298103333,0.1037922203540802,0,0
3,LEFT_HEEL,0.5238617062568665,0.8966319561004639,0.11084938049316406,0,0
3,RIGHT_HEEL,0.4324548840522766,0.9089291095733643,0.10927628725767136,0,0
3,LEFT_FOOT_INDEX,0.5333019495010376,0.9280104637145996,0.03141048178076744,0,0
3,RIGHT_FOOT_INDEX,0.4164312481880188,0.938514232635498,0.03333962336182594,0,0
4,NOSE,0.4761158525943756,0.49598774313926697,-0.16833552718162537,0,0
4,LEFT_EYE_INNER,0.4803136885166168,0.48640260100364685,-0.15943190455436707,0,0
4,LEFT_EYE,0.48265406489372253,0.4866401255130768,-0.15942791104316711,0,0
4,LEFT_EYE_OUTER,0.4850635528564453,0.4869193732738495,-0.15941336750984192,0,0
4,RIGHT_EYE_INNER,0.4743359684944153,0.48621243238449097,-0.15824149549007416,0,0
4,RIGHT_EYE,0.47233203053474426,0.4861546754837036,-0.15826669335365295,0,0
4,RIGHT_EYE_OUTER,0.47085586190223694,0.4861474633216858,-0.158290833234787,0,0
4,LEFT_EAR,0.4905424416065216,0.4925704896450043,-0.09545676410198212,0,0
4,RIGHT_EAR,0.47122377157211304,0.4908985197544098,-0.08869902789592743,0,0
4,MOUTH_LEFT,0.4808913767337799,0.5069647431373596,-0.1433587670326233,0,0
4,MOUTH_RIGHT,0.4734749495983124,0.5065499544143677,-0.14159482717514038,0,0
4,LEFT_SHOULDER,0.5111154913902283,0.5501564145088196,-0.052538737654685974,0,0
4,RIGHT_SHOULDER,0.4538179636001587,0.5444015264511108,-0.05706467106938362,0,0
4,LEFT_ELBOW,0.5184394121170044,0.6222543120384216,-0.06094121187925339,0,0
4,RIGHT_ELBOW,0.44692957401275635,0.6164911985397339,-0.08788570016622543,0,0
4,LEFT_WRIST,0.5016735196113586,0.6708124279975891,-0.14530232548713684,0,0
4,RIGHT_WRIST,0.47295892238616943,0.6551623940467834,-0.18077236413955688,0,0
4,LEFT_PINKY,0.49456313252449036,0.6917130351066589,-0.17079931497573853,0,0
4,RIGHT_PINKY,0.47999081015586853,0.6708916425704956,-0.2090231031179428,0,0
4,LEFT_INDEX,0.4921174943447113,0.6841124892234802,-0.1846214085817337,0,0
4,RIGHT_INDEX,0.4844796061515808,0.6652225852012634,-0.21503382921218872,0,0
4,LEFT_THUMB,0.4936445951461792,0.6770767569541931,-0.15245410799980164,0,0
4,RIGHT_THUMB,0.4829263687133789,0.6605805158615112,-0.18465474247932434,0,0
4,LEFT_HIP,0.49466997385025024,0.6984209418296814,-0.0020302925258874893,0,0
4,RIGHT_HIP,0.46167147159576416,0.6956647038459778,0.001999611034989357,0,0
4,LEFT_KNEE,0.511565089225769,0.7923949360847473,-0.00591256283223629,0,0
4,RIGHT_KNEE,0.44280701875686646,0.7992355823516846,0.008183488622307777,0,0
4,LEFT_ANKLE,0.5257726311683655,0.8833693265914917,0.10843358933925629,0,0
4,RIGHT_ANKLE,0.42875099182128906,0.8952426910400391,0.11604870110750198,0,0
4,LEFT_HEEL,0.5237582325935364,0.8947672247886658,0.11419766396284103,0,0
4,RIGHT_HEEL,0.43250492215156555,0.9078386425971985,0.12286104261875153,0,0
4,LEFT_FOOT_INDEX,0.5325344800949097,0.926064670085907,0.03634006530046463,0,0
4,RIGHT_FOOT_INDEX,0.4164368510246277,0.9373648166656494,0.04646635800600052,0,0
5,NOSE,0.4756675362586975,0.49548307061195374,-0.1806752234697342,0,0
5,LEFT_EYE_INNER,0.4798641800880432,0.4860616624355316,-0.17268125712871552,0,0
5,LEFT_EYE,0.48221442103385925,0.48628178238868713,-0.17266805469989777,0,0
5,LEFT_EYE_OUTER,0.4846131503582001,0.48656243085861206,-0.1726534217596054,0,0
5,RIGHT_EYE_INNER,0.47419553995132446,0.4858519434928894,-0.17130546271800995,0,0
5,RIGHT_EYE,0.4723298251628876,0.48582395911216736,-0.17133286595344543,0,0
5,RIGHT_EYE_OUTER,0.47087362408638,0.4858423173427582,-0.17135880887508392,0,0
5,LEFT_EAR,0.49026304483413696,0.49215760827064514,-0.10910766571760178,0,0
5,RIGHT_EAR,0.4712187349796295,0.49070051312446594,-0.10189762711524963,0,0
5,MOUTH_LEFT,0.48016729950904846,0.506460964679718,-0.15580439567565918,0,0
5,MOUTH_RIGHT,0.4731808602809906,0.5061525702476501,-0.1538883000612259,0,0
5,LEFT_SHOULDER,0.5110003352165222,0.5501593947410583,-0.061098914593458176,0,0
5,RIGHT_SHOULDER,0.4538097679615021,0.544387936592102,-0.06743180006742477,0,0
5,LEFT_ELBOW,0.5185713171958923,0.6223067045211792,-0.050494566559791565,0,0
5,RIGHT_ELBOW,0.44775351881980896,0.616794228553772,-0.09158697724342346,0,0
5,LEFT_WRIST,0.5084960460662842,0.6708934307098389,-0.11839575320482254,0,0
5,RIGHT_WRIST,0.4761213958263397,0.6551578044891357,-0.17374306917190552,0,0
5,LEFT_PINKY,0.5102962851524353,0.6946690082550049,-0.13949370384216309,0,0
5,RIGHT_PINKY,0.48331207036972046,0.6696482300758362,-0.19960066676139832,0,0
5,LEFT_INDEX,0.5106002688407898,0.6921893954277039,-0.15638408064842224,0,0
5,RIGHT_INDEX,0.4877055585384369,0.6629774570465088,-0.20654861629009247,0,0
5,LEFT_THUMB,0.5060617327690125,0.6803637742996216,-0.126359760761261,0,0
5,RIGHT_THUMB,0.4863201677799225,0.6587458848953247,-0.17753103375434875,0,0
5,LEFT_HIP,0.49467024207115173,0.6975569725036621,-0.001942974398843944,0,0
5,RIGHT_HIP,0.4618118703365326,0.6951453685760498,0.001910388469696045,0,0
5,LEFT_KNEE,0.5115581154823303,0.7913253307342529,-0.004346881993114948,0,0
5,RIGHT_KNEE,0.44317755103111267,0.7983402013778687,0.018086565658450127,0,0
5,LEFT_ANKLE,0.5257375240325928,0.8828184604644775,0.11176040768623352,0,0
5,RIGHT_ANKLE,0.4287222921848297,0.8951057195663452,0.1254264861345291,0,0
5,LEFT_HEEL,0.5237433314323425,0.8936764597892761,0.1179107129573822,0,0
5,RIGHT_HEEL,0.4324965178966522,0.9078544974327087,0.13214652240276337,0,0
5,LEFT_FOOT_INDEX,0.5325435400009155,0.925414502620697,0.04156355932354927,0,0
5,RIGHT_FOOT_INDEX,0.41636794805526733,0.9373070597648621,0.05653554946184158,0,0
6,NOSE,0.47562292218208313,0.49548837542533875,-0.18354932963848114,0,0
6,LEFT_EYE_INNER,0.4796757102012634,0.4861166477203369,-0.17525577545166016,0,0
6,LEFT_EYE,0.481971800327301,0.48630714416503906,-0.1752457320690155,0,0
6,LEFT_EYE_OUTER,0.4842901825904846,0.48657694458961487,-0.17523033916950226,0,0
6,RIGHT_EYE_INNER,0.47413724660873413,0.48599401116371155,-0.17422674596309662,0,0
6,RIGHT_EYE,0.47232934832572937,0.48600006103515625,-0.17424969375133514,0,0
6,RIGHT_EYE_OUTER,0.4708808660507202,0.48604002594947815,-0.17427204549312592,0,0
6,LEFT_EAR,0.48990151286125183,0.4921603202819824,-0.11061061173677444,0,0
6,RIGHT_EAR,0.471199631690979,0.490862637758255,-0.10506877303123474,0,0
6,MOUTH_LEFT,0.4800497591495514,0.5063787698745728,-0.1580830216407776,0,0
6,MOUTH_RIGHT,0.4731147587299347,0.5061628222465515,-0.15667034685611725,0,0
6,LEFT_SHOULDER,0.5107747912406921,0.5500293970108032,-0.06020006909966469,0,0
6,RIGHT_SHOULDER,0.4537925124168396,0.5446032881736755,-0.06993546336889267,0,0
6,LEFT_ELBOW,0.5191942453384399,0.6223113536834717,-0.05770829692482948,0,0
6,RIGHT_ELBOW,0.447818785905838,0.6171315312385559,-0.09545037895441055,0,0
6,LEFT_WRIST,0.5187425017356873,0.6774797439575195,-0.14343443512916565,0,0
6,RIGHT_WRIST,0.4769946336746216,0.6553011536598206,-0.1823766976594925,0,0
6,LEFT_PINKY,0.5224952101707458,0.7000234723091125,-0.16836649179458618,0,0
6,RIGHT_PINKY,0.48403820395469666,0.6698267459869385,-0.20923566818237305,0,0
6,LEFT_INDEX,0.5203555822372437,0.6996083855628967,-0.1861477792263031,0,0
6,RIGHT_INDEX,0.48817604780197144,0.6635352969169617,-0.21675093472003937,0,0
6,LEFT_THUMB,0.5173547267913818,0.6910658478736877,-0.15221796929836273,0,0
6,RIGHT_THUMB,0.4869268238544464,0.6590861678123474,-0.18639907240867615,0,0
6,LEFT_HIP,0.4947255849838257,0.6965622901916504,-0.0017366271931678057,0,0
6,RIGHT_HIP,0.46191370487213135,0.6947397589683533,0.0017150440253317356,0,0
6,LEFT_KNEE,0.5115697383880615,0.790906548500061,-0.0006747226580046117,0,0
6,RIGHT_KNEE,0.4434865415096283,0.7982727289199829,0.018569529056549072,0,0
6,LEFT_ANKLE,0.5257178544998169,0.8827792406082153,0.1117020696401596,0,0
6,RIGHT_ANKLE,0.42860057950019836,0.8951253294944763,0.12782220542430878,0,0
6,LEFT_HEEL,0.5237428545951843,0.8938546180725098,0.11805509030818939,0,0
6,RIGHT_HEEL,0.43240177631378174,0.9082190990447998,0.13462688028812408,0,0
6,LEFT_FOOT_INDEX,0.5324184894561768,0.9244346618652344,0.039318621158599854,0,0
6,RIGHT_FOOT_INDEX,0.4163169264793396,0.9374265670776367,0.0559384748339653,0,0
7,NOSE,0.47565391659736633,0.4957238733768463,-0.18272224068641663,0,0
7,LEFT_EYE_INNER,0.47969067096710205,0.48643285036087036,-0.17417949438095093,0,0
7,LEFT_EYE,0.4819892942905426,0.48653435707092285,-0.17417949438095093,0,0
7,LEFT_EYE_OUTER,0.48429837822914124,0.486751914024353,-0.1741671860218048,0,0
7,RIGHT_EYE_INNER,0.4741417467594147,0.4865957796573639,-0.17354783415794373,0,0
7,RIGHT_EYE,0.47235366702079773,0.486703097820282,-0.17356936633586884,0,0
7,RIGHT_EYE_OUTER,0.47092384099960327,0.48678719997406006,-0.17359192669391632,0,0
7,LEFT_EAR,0.48974743485450745,0.49223220348358154,-0.10806499421596527,0,0
7,RIGHT_EAR,0.4711650609970093,0.491395503282547,-0.10413585603237152,0,0
7,MOUTH_LEFT,0.48011133074760437,0.5063884258270264,-0.15655376017093658,0,0
7,MOUTH_RIGHT,0.47311341762542725,0.5064493417739868,-0.1555759608745575,0,0
7,LEFT_SHOULDER,0.5106947422027588,0.5500355958938599,-0.05601338669657707,0,0
7,RIGHT_SHOULDER,0.4537533223628998,0.5451578497886658,-0.0690925121307373,0,0
7,LEFT_ELBOW,0.5195958018302917,0.6230841875076294,-0.060294508934020996,0,0
7,RIGHT_ELBOW,0.44782787561416626,0.6187455058097839,-0.09696976095438004,0,0
7,LEFT_WRIST,0.5193613767623901,0.6794342994689941,-0.15389007329940796,0,0
7,RIGHT_WRIST,0.4769207239151001,0.655792772769928,-0.18968656659126282,0,0
7,LEFT_PINKY,0.5233975052833557,0.7018956542015076,-0.18024487793445587,0,0
7,RIGHT_PINKY,0.4837300479412079,0.6702151298522949,-0.21781741082668304,0,0
7,LEFT_INDEX,0.5209911465644836,0.7002536058425903,-0.19672711193561554,0,0
7,RIGHT_INDEX,0.4882414937019348,0.6641057133674622,-0.22539827227592468,0,0
7,LEFT_THUMB,0.5176319479942322,0.6917243003845215,-0.16259272396564484,0,0
7,RIGHT_THUMB,0.4871712923049927,0.6596652269363403,-0.19389039278030396,0,0
7,LEFT_HIP,0.49487727880477905,0.6964572072029114,-0.0016989951254799962,0,0
7,RIGHT_HIP,0.46197712421417236,0.694725513458252,0.0016655662329867482,0,0
7,LEFT_KNEE,0.5115750432014465,0.7902947068214417,-0.0006671606679446995,0,0
7,RIGHT_KNEE,0.44382244348526,0.7984340786933899,0.019824368879199028,0,0
7,LEFT_ANKLE,0.5256795287132263,0.8824498653411865,0.1114070937037468,0,0
7,RIGHT_ANKLE,0.4284788966178894,0.8951301574707031,0.133100226521492,0,0
7,LEFT_HEEL,0.5237398743629456,0.8935939073562622,0.11794349551200867,0,0
7,RIGHT_HEEL,0.43226978182792664,0.908278226852417,0.1402934342622757,0,0
7,LEFT_FOOT_INDEX,0.5322913527488708,0.9241625070571899,0.038139112293720245,0,0
7,RIGHT_FOOT_INDEX,0.41628652811050415,0.9373655915260315,0.06155587360262871,0,0
8,NOSE,0.47573012113571167,0.4961722493171692,-0.1813683956861496,0,0
8,LEFT_EYE_INNER,0.4796953499317169,0.48703357577323914,-0.17291730642318726,0,0
8,LEFT_EYE,0.48200660943984985,0.487037718296051,-0.1729200929403305,0,0
8,LEFT_EYE_OUTER,0.48431289196014404,0.48717939853668213,-0.1729101985692978,0,0
8,RIGHT_EYE_INNER,0.47415509819984436,0.4874421954154968,-0.1722021847963333,0,0
8,RIGHT_EYE,0.47238197922706604,0.48765620589256287,-0.17222397029399872,0,0
8,RIGHT_EYE_OUTER,0.47095873951911926,0.4877855181694031,-0.17224836349487305,0,0
8,LEFT_EAR,0.48962780833244324,0.4924068748950958,-0.10703062266111374,0,0
8,RIGHT_EAR,0.47114700078964233,0.4920661151409149,-0.10257012397050858,0,0
8,MOUTH_LEFT,0.4801267683506012,0.5065763592720032,-0.15520210564136505,0,0
8,MOUTH_RIGHT,0.4731188416481018,0.5070756077766418,-0.15407170355319977,0,0
8,LEFT_SHOULDER,0.51069176197052,0.5500571727752686,-0.055019084364175797,0,0
8,RIGHT_SHOULDER,0.4537249803543091,0.5456572771072388,-0.0672418400645256,0,0
8,LEFT_ELBOW,0.5197808146476746,0.6238765716552734,-0.059278085827827454,0,0
8,RIGHT_ELBOW,0.4478611648082733,0.6199509501457214,-0.09480758756399155,0,0
8,LEFT_WRIST,0.5189986228942871,0.6803330183029175,-0.15420320630073547,0,0
8,RIGHT_WRIST,0.47673502564430237,0.6562572717666626,-0.18928751349449158,0,0
8,LEFT_PINKY,0.5223047733306885,0.7026532292366028,-0.18081071972846985,0,0
8,RIGHT_PINKY,0.48347553610801697,0.670737087726593,-0.21750088036060333,0,0
8,LEFT_INDEX,0.5198195576667786,0.7001421451568604,-0.19828347861766815,0,0
8,RIGHT_INDEX,0.4881286323070526,0.6647984981536865,-0.22537268698215485,0,0
8,LEFT_THUMB,0.5168227553367615,0.6917636394500732,-0.16324754059314728,0,0
8,RIGHT_THUMB,0.48712214827537537,0.6602678298950195,-0.19360242784023285,0,0
8,LEFT_HIP,0.49496200680732727,0.6961884498596191,-0.0016570503357797861,0,0
8,RIGHT_HIP,0.4619763493537903,0.6945812106132507,0.0016159774968400598,0,0
8,LEFT_KNEE,0.5115777254104614,0.789419949054718,-0.00917401909828186,0,0
8,RIGHT_KNEE,0.44407060742378235,0.7981809973716736,0.019799280911684036,0,0
8,LEFT_ANKLE,0.5256690979003906,0.8821092844009399,0.09995899349451065,0,0
8,RIGHT_ANKLE,0.4284411370754242,0.8953847289085388,0.1339065432548523,0,0
8,LEFT_HEEL,0.5237277150154114,0.8937287926673889,0.10629885643720627,0,0
8,RIGHT_HEEL,0.43223854899406433,0.9088781476020813,0.14113935828208923,0,0
8,LEFT_FOOT_INDEX,0.5322650671005249,0.923862099647522,0.025461440905928612,0,0
8,RIGHT_FOOT_INDEX,0.41630351543426514,0.93742835521698,0.0628342479467392,0,0
9,NOSE,0.47577211260795593,0.4970584511756897,-0.18531455099582672,0,0
9,LEFT_EYE_INNER,0.479699969291687,0.4879256784915924,-0.17691153287887573,0,0
9,LEFT_EYE,0.4820217788219452,0.48784971237182617,-0.17693187296390533,0,0
9,LEFT_EYE_OUTER,0.48432689905166626,0.4878886342048645,-0.1769351214170456,0,0
9,RIGHT_EYE_INNER,0.47415536642074585,0.48847028613090515,-0.176333948969841,0,0
9,RIGHT_EYE,0.47238728404045105,0.48870497941970825,-0.17637158930301666,0,0
9,RIGHT_EYE_OUTER,0.4709708094596863,0.48882004618644714,-0.17641335725784302,0,0
9,LEFT_EAR,0.48956745862960815,0.49272578954696655,-0.10866008698940277,0,0
9,RIGHT_EAR,0.47107887268066406,0.4926941990852356,-0.10449044406414032,0,0
9,MOUTH_LEFT,0.48014071583747864,0.5071840286254883,-0.1580357402563095,0,0
9,MOUTH_RIGHT,0.4731193482875824,0.5079792141914368,-0.1569485366344452,0,0
9,LEFT_SHOULDER,0.5106902718544006,0.5501415729522705,-0.05902070552110672,0,0
9,RIGHT_SHOULDER,0.4537077248096466,0.5459889769554138,-0.06787634640932083,0,0
9,LEFT_ELBOW,0.5198196172714233,0.626294732093811,-0.06421980261802673,0,0
9,RIGHT_ELBOW,0.4478563666343689,0.6205244660377502,-0.09820512682199478,0,0
9,LEFT_WRIST,0.5174533724784851,0.6805040240287781,-0.15729378163814545,0,0
9,RIGHT_WRIST,0.47618016600608826,0.6605919599533081,-0.192308709025383,0,0
9,LEFT_PINKY,0.5201480388641357,0.70649254322052,-0.18350642919540405,0,0
9,RIGHT_PINKY,0.4829559624195099,0.6766761541366577,-0.22230055928230286,0,0
9,LEFT_INDEX,0.5141479969024658,0.7011884450912476,-0.1997576206922531,0,0
9,RIGHT_INDEX,0.4871593415737152,0.6693760752677917,-0.23302674293518066,0,0
9,LEFT_THUMB,0.513562023639679,0.689734935760498,-0.16591835021972656,0,0
9,RIGHT_THUMB,0.48601624369621277,0.6644297242164612,-0.1980101466178894,0,0
9,LEFT_HIP,0.49524548649787903,0.6967024803161621,-0.0015381112461909652,0,0
9,RIGHT_HIP,0.46216580271720886,0.6951392889022827,0.001517102005891502,0,0
9,LEFT_KNEE,0.5116961598396301,0.7895905375480652,-0.014395232312381268,0,0
9,RIGHT_KNEE,0.44431203603744507,0.798236608505249,0.017333010211586952,0,0
9,LEFT_ANKLE,0.525602400302887,0.8819383382797241,0.1025112196803093,0,0
9,RIGHT_ANKLE,0.428408145904541,0.895413875579834,0.12999507784843445,0,0
9,LEFT_HEEL,0.5235368013381958,0.8937670588493347,0.10960152000188828,0,0
9,RIGHT_HEEL,0.4322175681591034,0.9090619087219238,0.13736651837825775,0,0
9,LEFT_FOOT_INDEX,0.532280683517456,0.9239717125892639,0.030249373987317085,0,0
9,RIGHT_FOOT_INDEX,0.4163045585155487,0.9374926686286926,0.059768714010715485,0,0
10,NOSE,0.4757823348045349,0.4982450604438782,-0.1824062168598175,0,0
10,LEFT_EYE_INNER,0.4797131419181824,0.48885804414749146,-0.17450472712516785,0,0
10,LEFT_EYE,0.48202550411224365,0.4886985421180725,-0.17451466619968414,0,0
10,LEFT_EYE_OUTER,0.48433324694633484,0.48866191506385803,-0.17451372742652893,0,0
10,RIGHT_EYE_INNER,0.47407418489456177,0.4895704388618469,-0.1734192818403244,0,0
10,RIGHT_EYE,0.47234585881233215,0.4897611737251282,-0.1734580397605896,0,0
10,RIGHT_EYE_OUTER,0.47091373801231384,0.4899132549762726,-0.17349961400032043,0,0
10,LEFT_EAR,0.4894624352455139,0.49305346608161926,-0.10830917954444885,0,0
10,RIGHT_EAR,0.47084134817123413,0.4933975636959076,-0.10212647914886475,0,0
10,MOUTH_LEFT,0.4801810383796692,0.5081703662872314,-0.15593138337135315,0,0
10,MOUTH_RIGHT,0.4730800986289978,0.5091493725776672,-0.15424899756908417,0,0
10,LEFT_SHOULDER,0.5106372237205505,0.5506628155708313,-0.05272757261991501,0,0
10,RIGHT_SHOULDER,0.453599750995636,0.5474457740783691,-0.06415165215730667,0,0
10,LEFT_ELBOW,0.5194455981254578,0.6295150518417358,-0.052365317940711975,0,0
10,RIGHT_ELBOW,0.44732901453971863,0.6239736676216125,-0.08330727368593216,0,0
10,LEFT_WRIST,0.5158475041389465,0.6799041032791138,-0.15143881738185883,0,0
10,RIGHT_WRIST,0.47211578488349915,0.667251467704773,-0.18116286396980286,0,0
10,LEFT_PINKY,0.516829252243042,0.7041256427764893,-0.17729665338993073,0,0
10,RIGHT_PINKY,0.47752678394317627,0.6857371926307678,-0.20891615748405457,0,0
10,LEFT_INDEX,0.5127463936805725,0.6971518993377686,-0.19499048590660095,0,0
10,RIGHT_INDEX,0.48219823837280273,0.6779721975326538,-0.21822157502174377,0,0
10,LEFT_THUMB,0.5112508535385132,0.6893178820610046,-0.16088666021823883,0,0
10,RIGHT_THUMB,0.4812060594558716,0.6720904111862183,-0.18615113198757172,0,0
10,LEFT_HIP,0.4955683946609497,0.6984571814537048,-0.0009624783415347338,0,0
10,RIGHT_HIP,0.4623948335647583,0.6965640187263489,0.0009453194215893745,0,0
10,LEFT_KNEE,0.5119630098342896,0.7920838594436646,-0.022251226007938385,0,0
10,RIGHT_KNEE,0.4442707598209381,0.7987168431282043,-0.002695006551221013,0,0
10,LEFT_ANKLE,0.5255488157272339,0.8820509910583496,0.10428983718156815,0,0
10,RIGHT_ANKLE,0.42836010456085205,0.8954075574874878,0.11871157586574554,0,0
10,LEFT_HEEL,0.5232132077217102,0.8939574360847473,0.1117580309510231,0,0
10,RIGHT_HEEL,0.43216031789779663,0.9090480208396912,0.12704890966415405,0,0
10,LEFT_FOOT_INDEX,0.5324867963790894,0.9241319894790649,0.03267539665102959,0,0
10,RIGHT_FOOT_INDEX,0.4162067472934723,0.9380279779434204,0.04723518714308739,0,0
11,NOSE,0.4755195379257202,0.49908357858657837,-0.21945735812187195,0,0
11,LEFT_EYE_INNER,0.4794526994228363,0.48957088589668274,-0.21228840947151184,0,0
11,LEFT_EYE,0.48178890347480774,0.4893120229244232,-0.21227914094924927,0,0
11,LEFT_EYE_OUTER,0.484065443277359,0.48923221230506897,-0.2122778445482254,0,0
11,RIGHT_EYE_INNER,0.4737498164176941,0.4904117286205292,-0.21080411970615387,0,0
11,RIGHT_EYE,0.47214075922966003,0.4905432164669037,-0.21085087954998016,0,0
11,RIGHT_EYE_OUTER,0.47065800428390503,0.4907144010066986,-0.21088412404060364,0,0
11,LEFT_EAR,0.48918575048446655,0.4933975338935852,-0.1456352174282074,0,0
11,RIGHT_EAR,0.4705268144607544,0.49400991201400757,-0.13817617297172546,0,0
11,MOUTH_LEFT,0.48002371191978455,0.5088254809379578,-0.1925521045923233,0,0
11,MOUTH_RIGHT,0.4728265106678009,0.5098556876182556,-0.19053225219249725,0,0
11,LEFT_SHOULDER,0.5105902552604675,0.5516918897628784,-0.08067508786916733,0,0
11,RIGHT_SHOULDER,0.45328933000564575,0.5492323040962219,-0.08844783157110214,0,0
11,LEFT_ELBOW,0.5194939970970154,0.6325382590293884,-0.06470311433076859,0,0
11,RIGHT_ELBOW,0.44547519087791443,0.6257015466690063,-0.09108350425958633,0,0
11,LEFT_WRIST,0.5204060673713684,0.6807660460472107,-0.1558704525232315,0,0
11,RIGHT_WRIST,0.4642389416694641,0.6730440258979797,-0.1917363703250885,0,0
11,LEFT_PINKY,0.5222731828689575,0.7092861533164978,-0.17854787409305573,0,0
11,RIGHT_PINKY,0.46837273240089417,0.692808210849762,-0.21894966065883636,0,0
11,LEFT_INDEX,0.519680917263031,0.7052376866340637,-0.20157292485237122,0,0
11,RIGHT_INDEX,0.47351571917533875,0.6862691640853882,-0.23354171216487885,0,0
11,LEFT_THUMB,0.5173011422157288,0.6970849633216858,-0.16690762341022491,0,0
11,RIGHT_THUMB,0.4728003442287445,0.6792836785316467,-0.19876427948474884,0,0
11,LEFT_HIP,0.4957866072654724,0.6982455253601074,-0.0010131399612873793,0,0
11,RIGHT_HIP,0.46261167526245117,0.6965031623840332,0.000989091000519693,0,0
11,LEFT_KNEE,0.5117658972740173,0.7925617098808289,-0.005998660810291767,0,0
11,RIGHT_KNEE,0.4442586302757263,0.7988449335098267,-0.003170216688886285,0,0
11,LEFT_ANKLE,0.5254215598106384,0.8821147680282593,0.13496138155460358,0,0
11,RIGHT_ANKLE,0.4283238649368286,0.8954981565475464,0.11645109951496124,0,0
11,LEFT_HEEL,0.5232121348381042,0.8938298225402832,0.14401085674762726,0,0
11,RIGHT_HEEL,0.43208733201026917,0.909056544303894,0.12447526305913925,0,0
11,LEFT_FOOT_INDEX,0.5324863791465759,0.9242628812789917,0.06373776495456696,0,0
11,RIGHT_FOOT_INDEX,0.41611146926879883,0.9387542009353638,0.04262349754571915,0,0
12,NOSE,0.47524988651275635,0.4995622932910919,-0.2541354298591614,0,0
12,LEFT_EYE_INNER,0.4791773855686188,0.4899289608001709,-0.2472212314605713,0,0
12,LEFT_EYE,0.4815564751625061,0.48962870240211487,-0.24719086289405823,0,0
12,LEFT_EYE_OUTER,0.4838288426399231,0.4895338714122772,-0.2471999228000641,0,0
12,RIGHT_EYE_INNER,0.47341251373291016,0.4908108115196228,-0.24636855721473694,0,0
12,RIGHT_EYE,0.47190383076667786,0.4909006655216217,-0.2464362531900406,0,0
12,RIGHT_EYE_OUTER,0.4703751504421234,0.49107247591018677,-0.2464756816625595,0,0
12,LEFT_EAR,0.48892372846603394,0.4936468005180359,-0.17961029708385468,0,0
12,RIGHT_EAR,0.47004619240760803,0.49431735277175903,-0.1749250888824463,0,0
12,MOUTH_LEFT,0.4798028767108917,0.5092796087265015,-0.22647789120674133,0,0
12,MOUTH_RIGHT,0.47251763939857483,0.510258138179779,-0.22530366480350494,0,0
12,LEFT_SHOULDER,0.5105134844779968,0.5524393916130066,-0.1055200919508934,0,0
12,RIGHT_SHOULDER,0.4522702991962433,0.5499080419540405,-0.1225462332367897,0,0
12,LEFT_ELBOW,0.5193989872932434,0.6322594285011292,-0.06960830092430115,0,0
12,RIGHT_ELBOW,0.4423046112060547,0.6258975267410278,-0.11137976497411728,0,0
12,LEFT_WRIST,0.5202504396438599,0.6915639638900757,-0.13464315235614777,0,0
12,RIGHT_WRIST,0.45589563250541687,0.6776946187019348,-0.18227264285087585,0,0
12,LEFT_PINKY,0.5203762054443359,0.7155300378799438,-0.15293754637241364,0,0
12,RIGHT_PINKY,0.4598730206489563,0.6972670555114746,-0.20562484860420227,0,0
12,LEFT_INDEX,0.5182386040687561,0.7131001353263855,-0.1737123429775238,0,0
12,RIGHT_INDEX,0.4649595618247986,0.6912482380867004,-0.21927887201309204,0,0
12,LEFT_THUMB,0.5162728428840637,0.7048549056053162,-0.14420589804649353,0,0
12,RIGHT_THUMB,0.46466144919395447,0.6847361922264099,-0.1882474571466446,0,0
12,LEFT_HIP,0.4959312677383423,0.6942523121833801,5.369997779780533e-06,0,0
12,RIGHT_HIP,0.4626498222351074,0.6951607465744019,-5.0194794312119484e-05,0,0
12,LEFT_KNEE,0.5107172131538391,0.7875121831893921,-0.031402554363012314,0,0
12,RIGHT_KNEE,0.4442172050476074,0.798872172832489,0.0001294687535846606,0,0
12,LEFT_ANKLE,0.5251268148422241,0.8811480402946472,0.08165355026721954,0,0
12,RIGHT_ANKLE,0.42823559045791626,0.8957644701004028,0.1176610067486763,0,0
12,LEFT_HEEL,0.5231004953384399,0.8926271200180054,0.08849192410707474,0,0
12,RIGHT_HEEL,0.4318585693836212,0.9096171259880066,0.12519772350788116,0,0
12,LEFT_FOOT_INDEX,0.5324342846870422,0.9243789911270142,0.004280573222786188,0,0
12,RIGHT_FOOT_INDEX,0.4160744845867157,0.939432680606842,0.04289870709180832,0,0
13,NOSE,0.47506317496299744,0.49991369247436523,-0.2592751681804657,0,0
13,LEFT_EYE_INNER,0.4790147840976715,0.4902161657810211,-0.2521516680717468,0,0
13,LEFT_EYE,0.48138004541397095,0.48993638157844543,-0.25211918354034424,0,0
13,LEFT_EYE_OUTER,0.4836485981941223,0.4898613393306732,-0.25213271379470825,0,0
13,RIGHT_EYE_INNER,0.47321900725364685,0.4910328686237335,-0.2510320842266083,0,0
13,RIGHT_EYE,0.4717566668987274,0.49110615253448486,-0.2511018216609955,0,0
13,RIGHT_EYE_OUTER,0.47025996446609497,0.4912530481815338,-0.25113916397094727,0,0
13,LEFT_EAR,0.488720566034317,0.49394547939300537,-0.18433734774589539,0,0
13,RIGHT_EAR,0.4698427617549896,0.49448853731155396,-0.17849792540073395,0,0
13,MOUTH_LEFT,0.47963717579841614,0.50957852602005,-0.23164339363574982,0,0
13,MOUTH_RIGHT,0.47228389978408813,0.510507345199585,-0.2301519811153412,0,0
13,LEFT_SHOULDER,0.5104840397834778,0.553682267665863,-0.1113966703414917,0,0
13,RIGHT_SHOULDER,0.4517420530319214,0.5500853061676025,-0.12591810524463654,0,0
13,LEFT_ELBOW,0.5194131731987,0.6337752938270569,-0.07788912951946259,0,0
13,RIGHT_ELBOW,0.44113168120384216,0.6260024309158325,-0.11991111934185028,0,0
13,LEFT_WRIST,0.5205711126327515,0.6966060996055603,-0.13853886723518372,0,0
13,RIGHT_WRIST,0.4546975791454315,0.6791629791259766,-0.1868494153022766,0,0
13,LEFT_PINKY,0.5206696391105652,0.7194841504096985,-0.15733438730239868,0,0
13,RIGHT_PINKY,0.45866698026657104,0.698467493057251,-0.21202810108661652,0,0
13,LEFT_INDEX,0.5183133482933044,0.7173700332641602,-0.17732781171798706,0,0
13,RIGHT_INDEX,0.46378442645072937,0.6924229264259338,-0.22376224398612976,0,0
13,LEFT_THUMB,0.5163183808326721,0.7089385390281677,-0.147751584649086,0,0
13,RIGHT_THUMB,0.46351388096809387,0.6860523223876953,-0.1921953558921814,0,0
13,LEFT_HIP,0.4960326552391052,0.6924954056739807,0.00020127826428506523,0,0
13,RIGHT_HIP,0.46266719698905945,0.6941783428192139,-0.00025676708901301026,0,0
13,LEFT_KNEE,0.5099849700927734,0.7853939533233643,-0.049280207604169846,0,0
13,RIGHT_KNEE,0.44419464468955994,0.7985434532165527,0.0013737230328842998,0,0
13,LEFT_ANKLE,0.5249951481819153,0.8804976344108582,0.06871332228183746,0,0
13,RIGHT_ANKLE,0.42819201946258545,0.8958747386932373,0.11770641058683395,0,0
13,LEFT_HEEL,0.5230028629302979,0.8919075727462769,0.07615075260400772,0,0
13,RIGHT_HEEL,0.43180495500564575,0.9100276827812195,0.1251935511827469,0,0
13,LEFT_FOOT_INDEX,0.5324110984802246,0.9250233173370361,-0.008527757599949837,0,0
13,RIGHT_FOOT_INDEX,0.4159944951534271,0.9397911429405212,0.042105209082365036,0,0
14,NOSE,0.47501513361930847,0.5006170272827148,-0.23886793851852417,0,0
14,LEFT_EYE_INNER,0.47897711396217346,0.49067631363868713,-0.23205558955669403,0,0
14,LEFT_EYE,0.48131293058395386,0.490401029586792,-0.23203717172145844,0,0
14,LEFT_EYE_OUTER,0.4835721254348755,0.4902864694595337,-0.23203253746032715,0,0
14,RIGHT_EYE_INNER,0.4731518030166626,0.4914015531539917,-0.23085716366767883,0,0
14,RIGHT_EYE,0.47170117497444153,0.4914463758468628,-0.23090600967407227,0,0
14,RIGHT_EYE_OUTER,0.4702383279800415,0.4915447533130646,-0.23092491924762726,0,0
14,LEFT_EAR,0.4885663092136383,0.49417397379875183,-0.16699926555156708,0,0
14,RIGHT_EAR,0.4697159230709076,0.4946780204772949,-0.16145412623882294,0,0
14,MOUTH_LEFT,0.4795835614204407,0.5101258158683777,-0.2125229388475418,0,0
14,MOUTH_RIGHT,0.47217798233032227,0.5109497904777527,-0.21105745434761047,0,0
14,LEFT_SHOULDER,0.5104120969772339,0.553924560546875,-0.10625394433736801,0,0
14,RIGHT_SHOULDER,0.4509546458721161,0.5508595705032349,-0.10912325233221054,0,0
14,LEFT_ELBOW,0.5193879008293152,0.6332136988639832,-0.08523537218570709,0,0
14,RIGHT_ELBOW,0.4388197660446167,0.6265777945518494,-0.11342906206846237,0,0
14,LEFT_WRIST,0.5203445553779602,0.6961003541946411,-0.14788918197155,0,0
14,RIGHT_WRIST,0.44842445850372314,0.6816949844360352,-0.18466730415821075,0,0
14,LEFT_PINKY,0.5219058394432068,0.7176848649978638,-0.16558073461055756,0,0
14,RIGHT_PINKY,0.4503099024295807,0.7016440033912659,-0.20914247632026672,0,0
14,LEFT_INDEX,0.5185503363609314,0.7163929343223572,-0.19026045501232147,0,0
14,RIGHT_INDEX,0.4549010694026947,0.695214569568634,-0.2225247025489807,0,0
14,LEFT_THUMB,0.5162981748580933,0.7103363275527954,-0.1576492190361023,0,0
14,RIGHT_THUMB,0.4551122784614563,0.6884788870811462,-0.19096140563488007,0,0
14,LEFT_HIP,0.4956447184085846,0.692547619342804,-0.0003142000350635499,0,0
14,RIGHT_HIP,0.4622560739517212,0.6945791840553284,0.00026005279505625367,0,0
14,LEFT_KNEE,0.5092825293540955,0.7857730388641357,-0.0009005292085930705,0,0
14,RIGHT_KNEE,0.4441659152507782,0.7981896996498108,0.003881018841639161,0,0
14,LEFT_ANKLE,0.5248214602470398,0.8804009556770325,0.0955004170536995,0,0
14,RIGHT_ANKLE,0.42816323041915894,0.8963705897331238,0.10185160487890244,0,0
14,LEFT_HEEL,0.5228814482688904,0.8920727372169495,0.09935709089040756,0,0
14,RIGHT_HEEL,0.43163415789604187,0.911168098449707,0.10643486678600311,0,0
14,LEFT_FOOT_INDEX,0.532418429851532,0.9253970980644226,0.02349492348730564,0,0
14,RIGHT_FOOT_INDEX,0.4159644842147827,0.9397920370101929,0.026985088363289833,0,0
15,NOSE,0.4749261736869812,0.5016640424728394,-0.21194808185100555,0,0
15,LEFT_EYE_INNER,0.47883471846580505,0.4914811849594116,-0.2047118991613388,0,0
15,LEFT_EYE,0.4811611473560333,0.49124208092689514,-0.20469973981380463,0,0
15,LEFT_EYE_OUTER,0.48339688777923584,0.4911114275455475,-0.20468690991401672,0,0
15,RIGHT_EYE_INNER,0.4730399250984192,0.49206385016441345,-0.20375365018844604,0,0
15,RIGHT_EYE,0.4716315269470215,0.49207672476768494,-0.20380082726478577,0,0
15,RIGHT_EYE_OUTER,0.47020334005355835,0.4921569228172302,-0.2038126289844513,0,0
15,LEFT_EAR,0.4883699417114258,0.49466297030448914,-0.13917841017246246,0,0
15,RIGHT_EAR,0.4696359634399414,0.49506717920303345,-0.13585264980793,0,0
15,MOUTH_LEFT,0.4795069992542267,0.5109316110610962,-0.18566074967384338,0,0
15,MOUTH_RIGHT,0.47208577394485474,0.5115242004394531,-0.18478253483772278,0,0
15,LEFT_SHOULDER,0.510360836982727,0.5539665222167969,-0.08329621702432632,0,0
15,RIGHT_SHOULDER,0.450263649225235,0.5519611835479736,-0.0846749097108841,0,0
15,LEFT_ELBOW,0.5193796753883362,0.633091926574707,-0.0601097010076046,0,0
15,RIGHT_ELBOW,0.4369860291481018,0.6263204216957092,-0.09547413885593414,0,0
15,LEFT_WRIST,0.5199713110923767,0.6959165930747986,-0.12642671167850494,0,0
15,RIGHT_WRIST,0.440481960773468,0.6801683306694031,-0.1877245157957077,0,0
15,LEFT_PINKY,0.5221510529518127,0.7163191437721252,-0.1470629721879959,0,0
15,RIGHT_PINKY,0.4402613937854767,0.6999143958091736,-0.21402129530906677,0,0
15,LEFT_INDEX,0.5185500979423523,0.7153865098953247,-0.16726365685462952,0,0
15,RIGHT_INDEX,0.4446239769458771,0.6944071650505066,-0.23163126409053802,0,0
15,LEFT_THUMB,0.5161484479904175,0.710090696811676,-0.13562984764575958,0,0
15,RIGHT_THUMB,0.44597741961479187,0.6880660653114319,-0.1971016824245453,0,0
15,LEFT_HIP,0.4956449568271637,0.6965941190719604,-0.0003206212422810495,0,0
15,RIGHT_HIP,0.46240976452827454,0.6978496313095093,0.00026822794461622834,0,0
15,LEFT_KNEE,0.50948166847229,0.7919511198997498,-0.0017495688516646624,0,0
15,RIGHT_KNEE,0.44497939944267273,0.7974505424499512,-0.01909581758081913,0,0
15,LEFT_ANKLE,0.5247926115989685,0.8804758787155151,0.12090819329023361,0,0
15,RIGHT_ANKLE,0.42821004986763,0.8957406878471375,0.08604273945093155,0,0
15,LEFT_HEEL,0.5228018760681152,0.8921037912368774,0.1287345588207245,0,0
15,RIGHT_HEEL,0.43163183331489563,0.911018431186676,0.09221681207418442,0,0
15,LEFT_FOOT_INDEX,0.5326789617538452,0.9261495471000671,0.05515449866652489,0,0
15,RIGHT_FOOT_INDEX,0.4160303771495819,0.9396839737892151,0.014227227307856083,0,0
16,NOSE,0.47490018606185913,0.5026577115058899,-0.19541162252426147,0,0
16,LEFT_EYE_INNER,0.47877296805381775,0.4924079477787018,-0.18818381428718567,0,0
16,LEFT_EYE,0.48109281063079834,0.4922187030315399,-0.18818672001361847,0,0
16,LEFT_EYE_OUTER,0.48333626985549927,0.49206769466400146,-0.18818221986293793,0,0
16,RIGHT_EYE_INNER,0.47295430302619934,0.49276864528656006,-0.1869681179523468,0,0
16,RIGHT_EYE,0.47154855728149414,0.4927549660205841,-0.1869972050189972,0,0
16,RIGHT_EYE_OUTER,0.47015151381492615,0.49279654026031494,-0.18699996173381805,0,0
16,LEFT_EAR,0.48828235268592834,0.49534961581230164,-0.12377738207578659,0,0
16,RIGHT_EAR,0.46954545378685,0.49546346068382263,-0.11781886219978333,0,0
16,MOUTH_LEFT,0.4794834852218628,0.5119173526763916,-0.169378861784935,0,0
16,MOUTH_RIGHT,0.47200191020965576,0.5123060941696167,-0.16780702769756317,0,0
16,LEFT_SHOULDER,0.5102936029434204,0.5544342398643494,-0.07243090122938156,0,0
16,RIGHT_SHOULDER,0.4499572813510895,0.5522387623786926,-0.061628807336091995,0,0
16,LEFT_ELBOW,0.5185803174972534,0.6321660280227661,-0.0491030290722847,0,0
16,RIGHT_ELBOW,0.43697038292884827,0.6257724761962891,-0.03159578517079353,0,0
16,LEFT_WRIST,0.5194623470306396,0.6941693425178528,-0.11699585616588593,0,0
16,RIGHT_WRIST,0.4341686964035034,0.6823175549507141,-0.09406621009111404,0,0
16,LEFT_PINKY,0.5212814807891846,0.7148891091346741,-0.13723109662532806,0,0
16,RIGHT_PINKY,0.43122467398643494,0.7005558609962463,-0.11487458646297455,0,0
16,LEFT_INDEX,0.517791748046875,0.7135573625564575,-0.15804828703403473,0,0
16,RIGHT_INDEX,0.4349227845668793,0.6983445882797241,-0.13589532673358917,0,0
16,LEFT_THUMB,0.5154910683631897,0.708042323589325,-0.12646585702896118,0,0
16,RIGHT_THUMB,0.4377068877220154,0.6925875544548035,-0.10403934121131897,0,0
16,LEFT_HIP,0.495007187128067,0.6994650959968567,-0.0017007734859362245,0,0
16,RIGHT_HIP,0.4616971015930176,0.6991721987724304,0.0016680329572409391,0,0
16,LEFT_KNEE,0.5097109079360962,0.7939448356628418,-0.006786373909562826,0,0
16,RIGHT_KNEE,0.4441402852535248,0.7974793314933777,-0.03290579095482826,0,0
16,LEFT_ANKLE,0.5247846841812134,0.880211591720581,0.11884698271751404,0,0
16,RIGHT_ANKLE,0.4282084107398987,0.8959344029426575,0.06871853768825531,0,0
16,LEFT_HEEL,0.5226857662200928,0.8918781876564026,0.12651892006397247,0,0
16,RIGHT_HEEL,0.4316757917404175,0.9114881157875061,0.07427820563316345,0,0
16,LEFT_FOOT_INDEX,0.5327627062797546,0.926191508769989,0.05443829298019409,0,0
16,RIGHT_FOOT_INDEX,0.4159693419933319,0.9396316409111023,-0.005398582201451063,0,0
17,NOSE,0.4748832583427429,0.5029389262199402,-0.20016734302043915,0,0
17,LEFT_EYE_INNER,0.478765606880188,0.4927802085876465,-0.19334803521633148,0,0
17,LEFT_EYE,0.48108381032943726,0.492623507976532,-0.19335618615150452,0,0
17,LEFT_EYE_OUTER,0.4833412766456604,0.4924622178077698,-0.1933615505695343,0,0
17,RIGHT_EYE_INNER,0.4728904068470001,0.4930136799812317,-0.19147054851055145,0,0
17,RIGHT_EYE,0.47145864367485046,0.49298158288002014,-0.1914968490600586,0,0
17,RIGHT_EYE_OUTER,0.4700778126716614,0.4929797649383545,-0.19149905443191528,0,0
17,LEFT_EAR,0.48828133940696716,0.49574312567710876,-0.12905368208885193,0,0
17,RIGHT_EAR,0.46950629353523254,0.49553951621055603,-0.11970991641283035,0,0
17,MOUTH_LEFT,0.47948482632637024,0.5123106241226196,-0.17405933141708374,0,0
17,MOUTH_RIGHT,0.4719190299510956,0.5125327110290527,-0.1714928150177002,0,0
17,LEFT_SHOULDER,0.5103216767311096,0.5549984574317932,-0.0735791027545929,0,0
17,RIGHT_SHOULDER,0.4498734474182129,0.5520153045654297,-0.05777037888765335,0,0
17,LEFT_ELBOW,0.5183020830154419,0.6312466859817505,-0.05701034143567085,0,0
17,RIGHT_ELBOW,0.43671855330467224,0.6179333329200745,-0.019000472500920296,0,0
17,LEFT_WRIST,0.5191928148269653,0.6932507157325745,-0.1273500770330429,0,0
17,RIGHT_WRIST,0.4297456741333008,0.6811989545822144,-0.08109060674905777,0,0
17,LEFT_PINKY,0.5207296013832092,0.7140800952911377,-0.14841677248477936,0,0
17,RIGHT_PINKY,0.4252510368824005,0.6988958716392517,-0.10119259357452393,0,0
17,LEFT_INDEX,0.5173203945159912,0.7125316262245178,-0.16905580461025238,0,0
17,RIGHT_INDEX,0.4280637502670288,0.6954440474510193,-0.12393803894519806,0,0
17,LEFT_THUMB,0.515080451965332,0.706767201423645,-0.13671208918094635,0,0
17,RIGHT_THUMB,0.431733638048172,0.6896045207977295,-0.092093326151371,0,0
17,LEFT_HIP,0.4943784475326538,0.7007358074188232,-0.003630228340625763,0,0
17,RIGHT_HIP,0.4605327248573303,0.6991916298866272,0.0036218760069459677,0,0
17,LEFT_KNEE,0.5097323656082153,0.7952748537063599,-0.007355052512139082,0,0
17,RIGHT_KNEE,0.4437310993671417,0.7975219488143921,-0.025720207020640373,0,0
17,LEFT_ANKLE,0.5247434973716736,0.8799027800559998,0.11713491380214691,0,0
17,RIGHT_ANKLE,0.42820069193840027,0.895939826965332,0.07763523608446121,0,0
17,LEFT_HEEL,0.5226612687110901,0.8911396861076355,0.12482741475105286,0,0
17,RIGHT_HEEL,0.43174487352371216,0.9114967584609985,0.08321333676576614,0,0
17,LEFT_FOOT_INDEX,0.532748818397522,0.9261941313743591,0.04592030867934227,0,0
17,RIGHT_FOOT_INDEX,0.4156256318092346,0.9396284222602844,0.0012018869165331125,0,0
18,NOSE,0.4752391576766968,0.502825915813446,-0.19503140449523926,0,0
18,LEFT_EYE_INNER,0.47904685139656067,0.4927201569080353,-0.18788954615592957,0,0
18,LEFT_EYE,0.4813714027404785,0.49258291721343994,-0.18790651857852936,0,0
18,LEFT_EYE_OUTER,0.48369893431663513,0.4924336075782776,-0.18791158497333527,0,0
18,RIGHT_EYE_INNER,0.47303858399391174,0.4929370880126953,-0.18604086339473724,0,0
18,RIGHT_EYE,0.4714970588684082,0.4929104149341583,-0.1860661804676056,0,0
18,RIGHT_EYE_OUTER,0.4701184332370758,0.49290555715560913,-0.1860693097114563,0,0
18,LEFT_EAR,0.48840659856796265,0.49584659934043884,-0.12316332757472992,0,0
18,RIGHT_EAR,0.4695163667201996,0.49551963806152344,-0.11413051187992096,0,0
18,MOUTH_LEFT,0.47979581356048584,0.5122852325439453,-0.16883160173892975,0,0
18,MOUTH_RIGHT,0.47203534841537476,0.5124931931495667,-0.16637705266475677,0,0
18,LEFT_SHOULDER,0.5103397965431213,0.554987907409668,-0.07308770716190338,0,0
18,RIGHT_SHOULDER,0.44994062185287476,0.5513412356376648,-0.05415577068924904,0,0
18,LEFT_ELBOW,0.5180754065513611,0.6296529769897461,-0.056751031428575516,0,0
18,RIGHT_ELBOW,0.43618476390838623,0.6142392754554749,-0.01873117871582508,0,0
18,LEFT_WRIST,0.5190518498420715,0.6928967237472534,-0.13130107522010803,0,0
18,RIGHT_WRIST,0.4287227392196655,0.6794605255126953,-0.08567774295806885,0,0
18,LEFT_PINKY,0.52043616771698,0.7138186097145081,-0.1537010371685028,0,0
18,RIGHT_PINKY,0.42344197630882263,0.6966444849967957,-0.10731498897075653,0,0
18,LEFT_INDEX,0.5170227289199829,0.7119721174240112,-0.1741075962781906,0,0
18,RIGHT_INDEX,0.4268956482410431,0.693896472454071,-0.13029448688030243,0,0
18,LEFT_THUMB,0.5148337483406067,0.7057670950889587,-0.14084988832473755,0,0
18,RIGHT_THUMB,0.4308631718158722,0.6880345344543457,-0.09676048159599304,0,0
18,LEFT_HIP,0.49413472414016724,0.7014657855033875,-0.003832526970654726,0,0
18,RIGHT_HIP,0.4600202143192291,0.6996067762374878,0.0038323989138007164,0,0
18,LEFT_KNEE,0.5099300146102905,0.7967418432235718,-0.007935142144560814,0,0
18,RIGHT_KNEE,0.44327905774116516,0.797848641872406,-0.02776399999856949,0,0
18,LEFT_ANKLE,0.5246931910514832,0.8798015713691711,0.12215957045555115,0,0
18,RIGHT_ANKLE,0.42819228768348694,0.8959331512451172,0.08139344304800034,0,0
18,LEFT_HEEL,0.522614598274231,0.8904680609703064,0.13089270889759064,0,0
18,RIGHT_HEEL,0.43174484372138977,0.9114627242088318,0.08760596811771393,0,0
18,LEFT_FOOT_INDEX,0.5327543020248413,0.9262061715126038,0.05174005776643753,0,0
18,RIGHT_FOOT_INDEX,0.41541728377342224,0.9395299553871155,0.00554013904184103,0,0
19,NOSE,0.4755643308162689,0.5027391314506531,-0.1924879401922226,0,0
19,LEFT_EYE_INNER,0.4792841970920563,0.49266883730888367,-0.18531887233257294,0,0
19,LEFT_EYE,0.4816246032714844,0.492538183927536,-0.18533644080162048,0,0
19,LEFT_EYE_OUTER,0.4839853048324585,0.4923945665359497,-0.18533974885940552,0,0
19,RIGHT_EYE_INNER,0.47318223118782043,0.4928826689720154,-0.18366719782352448,0,0
19,RIGHT_EYE,0.47154274582862854,0.492862731218338,-0.18369261920452118,0,0
19,RIGHT_EYE_OUTER,0.470163494348526,0.4928533434867859,-0.18369705975055695,0,0
19,LEFT_EAR,0.4885062873363495,0.495889276266098,-0.12062767148017883,0,0
19,RIGHT_EAR,0.4695297181606293,0.4955061078071594,-0.11259596049785614,0,0
19,MOUTH_LEFT,0.4801167845726013,0.5122495889663696,-0.16630153357982635,0,0
19,MOUTH_RIGHT,0.47218266129493713,0.5124623775482178,-0.16413523256778717,0,0
19,LEFT_SHOULDER,0.5103534460067749,0.554957926273346,-0.07162544876337051,0,0
19,RIGHT_SHOULDER,0.44999128580093384,0.550945520401001,-0.05406893789768219,0,0
19,LEFT_ELBOW,0.5178738832473755,0.6286839842796326,-0.05511696636676788,0,0
19,RIGHT_ELBOW,0.43569210171699524,0.6125521063804626,-0.020911389961838722,0,0
19,LEFT_WRIST,0.5189061164855957,0.692584753036499,-0.13019616901874542,0,0
19,RIGHT_WRIST,0.42843320965766907,0.6781947612762451,-0.08714104443788528,0,0
19,LEFT_PINKY,0.5202778577804565,0.7135025858879089,-0.1528491973876953,0,0
19,RIGHT_PINKY,0.423195481300354,0.6949832439422607,-0.1086735874414444,0,0
19,LEFT_INDEX,0.5168305039405823,0.7114549875259399,-0.17380502820014954,0,0
19,RIGHT_INDEX,0.4267421066761017,0.6929731369018555,-0.13134652376174927,0,0
19,LEFT_THUMB,0.5146446824073792,0.705061674118042,-0.13994188606739044,0,0
19,RIGHT_THUMB,0.4307292699813843,0.6871107220649719,-0.09807482361793518,0,0
19,LEFT_HIP,0.4940156638622284,0.7017771601676941,-0.0037903906777501106,0,0
19,RIGHT_HIP,0.45973852276802063,0.6999121308326721,0.0037909040693193674,0,0
19,LEFT_KNEE,0.510056734085083,0.7974500060081482,-0.008317957632243633,0,0
19,RIGHT_KNEE,0.4430752098560333,0.7979474663734436,-0.027242159470915794,0,0
19,LEFT_ANKLE,0.5246930718421936,0.8798670768737793,0.12026993930339813,0,0
19,RIGHT_ANKLE,0.42819035053253174,0.8959330320358276,0.08058833330869675,0,0
19,LEFT_HEEL,0.5226301550865173,0.8905727863311768,0.1286127120256424,0,0
19,RIGHT_HEEL,0.4317726790904999,0.9113876223564148,0.08673696964979172,0,0
19,LEFT_FOOT_INDEX,0.5328201651573181,0.9262890219688416,0.04943877458572388,0,0
19,RIGHT_FOOT_INDEX,0.41538289189338684,0.9393941164016724,0.004893176257610321,0,0
20,NOSE,0.4759807586669922,0.5030272006988525,-0.19701914489269257,0,0
20,LEFT_EYE_INNER,0.4796193540096283,0.4928895831108093,-0.18980930745601654,0,0
20,LEFT_EYE,0.4819699227809906,0.49273309111595154,-0.1898181438446045,0,0
20,LEFT_EYE_OUTER,0.484346866607666,0.4925580620765686,-0.18981990218162537,0,0
20,RIGHT_EYE_INNER,0.47349339723587036,0.49303898215293884,-0.1882600039243698,0,0
20,RIGHT_EYE,0.47171124815940857,0.49301090836524963,-0.18829034268856049,0,0
20,RIGHT_EYE_OUTER,0.47029128670692444,0.4929635524749756,-0.18829946219921112,0,0
20,LEFT_EAR,0.48866719007492065,0.4959799349308014,-0.12465742975473404,0,0
20,RIGHT_EAR,0.46956872940063477,0.4955492913722992,-0.11723165214061737,0,0
20,MOUTH_LEFT,0.4804789125919342,0.5124945044517517,-0.1706407070159912,0,0
20,MOUTH_RIGHT,0.47238826751708984,0.5126686692237854,-0.1686626523733139,0,0
20,LEFT_SHOULDER,0.5104130506515503,0.5549384355545044,-0.07324185222387314,0,0
20,RIGHT_SHOULDER,0.4500245451927185,0.5508221983909607,-0.05925609916448593,0,0
20,LEFT_ELBOW,0.5177051424980164,0.6283189058303833,-0.05741918087005615,0,0
20,RIGHT_ELBOW,0.43591272830963135,0.6132199168205261,-0.028912264853715897,0,0
20,LEFT_WRIST,0.5188369154930115,0.6922847032546997,-0.1308923065662384,0,0
20,RIGHT_WRIST,0.4284745454788208,0.6788167953491211,-0.0969516709446907,0,0
20,LEFT_PINKY,0.5201410055160522,0.7132399082183838,-0.1552281379699707,0,0
20,RIGHT_PINKY,0.42316532135009766,0.6956096291542053,-0.11921785771846771,0,0
20,LEFT_INDEX,0.5166967511177063,0.711077094078064,-0.17745094001293182,0,0
20,RIGHT_INDEX,0.42679694294929504,0.6949325203895569,-0.1417006105184555,0,0
20,LEFT_THUMB,0.5145239233970642,0.7046215534210205,-0.14157290756702423,0,0
20,RIGHT_THUMB,0.43059971928596497,0.6895951628684998,-0.10778215527534485,0,0
20,LEFT_HIP,0.49403849244117737,0.7020740509033203,-0.003976333420723677,0,0
20,RIGHT_HIP,0.45979493856430054,0.70046466588974,0.003981655929237604,0,0
20,LEFT_KNEE,0.5100728273391724,0.7976129055023193,-0.008542089723050594,0,0
20,RIGHT_KNEE,0.4428420960903168,0.7981154918670654,-0.026322750374674797,0,0
20,LEFT_ANKLE,0.5246866941452026,0.8798819184303284,0.12497678399085999,0,0
20,RIGHT_ANKLE,0.4281749725341797,0.8958897590637207,0.08508934080600739,0,0
20,LEFT_HEEL,0.5226337313652039,0.8902649283409119,0.13396033644676208,0,0
20,RIGHT_HEEL,0.4318087697029114,0.911083459854126,0.09137360751628876,0,0
20,LEFT_FOOT_INDEX,0.5326663851737976,0.9262607097625732,0.05480226129293442,0,0
20,RIGHT_FOOT_INDEX,0.41524776816368103,0.9392992854118347,0.009975895285606384,0,0
21,NOSE,0.47722724080085754,0.5034521222114563,-0.19880302250385284,0,0
21,LEFT_EYE_INNER,0.4807114601135254,0.4933090806007385,-0.19163081049919128,0,0
21,LEFT_EYE,0.4831196665763855,0.4931580722332001,-0.19164219498634338,0,0
21,LEFT_EYE_OUTER,0.48536911606788635,0.49303627014160156,-0.19164727628231049,0,0
21,RIGHT_EYE_INNER,0.47441259026527405,0.4933493137359619,-0.19028064608573914,0,0
21,RIGHT_EYE,0.47246119379997253,0.4932742118835449,-0.19031184911727905,0,0
21,RIGHT_EYE_OUTER,0.4707568883895874,0.4932301342487335,-0.1903218924999237,0,0
21,LEFT_EAR,0.48932579159736633,0.4965151250362396,-0.12598156929016113,0,0
21,RIGHT_EAR,0.46970003843307495,0.4959714412689209,-0.11855778843164444,0,0
21,MOUTH_LEFT,0.48184335231781006,0.5131296515464783,-0.17208942770957947,0,0
21,MOUTH_RIGHT,0.4734373688697815,0.5131815671920776,-0.1705220490694046,0,0
21,LEFT_SHOULDER,0.5107394456863403,0.5549212098121643,-0.07406466454267502,0,0
21,RIGHT_SHOULDER,0.4500524401664734,0.5509310960769653,-0.06281116604804993,0,0
21,LEFT_ELBOW,0.5176277756690979,0.6283621788024902,-0.059818219393491745,0,0
21,RIGHT_ELBOW,0.4362858831882477,0.6159257292747498,-0.03582652658224106,0,0
21,LEFT_WRIST,0.5187816023826599,0.6920369267463684,-0.14163582026958466,0,0
21,RIGHT_WRIST,0.43039199709892273,0.6841990351676941,-0.10216381400823593,0,0
21,LEFT_PINKY,0.5200428366661072,0.7129836082458496,-0.16692498326301575,0,0
21,RIGHT_PINKY,0.4253421425819397,0.7011826634407043,-0.12474984675645828,0,0
21,LEFT_INDEX,0.5166056752204895,0.7109698057174683,-0.18842385709285736,0,0
21,RIGHT_INDEX,0.4285510182380676,0.7012098431587219,-0.14687003195285797,0,0
21,LEFT_THUMB,0.514427125453949,0.7047814726829529,-0.15214982628822327,0,0
21,RIGHT_THUMB,0.4319419860839844,0.6969255208969116,-0.1127917617559433,0,0
21,LEFT_HIP,0.4941372275352478,0.7024451494216919,-0.003904404817149043,0,0
21,RIGHT_HIP,0.4598357379436493,0.7009495496749878,0.003911391366273165,0,0
21,LEFT_KNEE,0.5101021528244019,0.7981688976287842,-0.000895802688319236,0,0
21,RIGHT_KNEE,0.4426489770412445,0.7985065579414368,-0.018857548013329506,0,0
21,LEFT_ANKLE,0.5246946811676025,0.8799017071723938,0.1371021270751953,0,0
21,RIGHT_ANKLE,0.42817261815071106,0.8958824872970581,0.09781673550605774,0,0
21,LEFT_HEEL,0.5226799845695496,0.8901246786117554,0.14648883044719696,0,0
21,RIGHT_HEEL,0.4319082498550415,0.9109601974487305,0.10468815267086029,0,0
21,LEFT_FOOT_INDEX,0.5323410630226135,0.9262406826019287,0.06875164806842804,0,0
21,RIGHT_FOOT_INDEX,0.4151947796344757,0.939271092414856,0.024134062230587006,0,0
22,NOSE,0.4787612855434418,0.5042204856872559,-0.1858953982591629,0,0
22,LEFT_EYE_INNER,0.48203104734420776,0.49381715059280396,-0.1783013641834259,0,0
22,LEFT_EYE,0.4844198226928711,0.4936710000038147,-0.17832031846046448,0,0
22,LEFT_EYE_OUTER,0.48643195629119873,0.4935874044895172,-0.17832046747207642,0,0
22,RIGHT_EYE_INNER,0.4756767153739929,0.49383676052093506,-0.17829947173595428,0,0
22,RIGHT_EYE,0.47383010387420654,0.49370619654655457,-0.17832240462303162,0,0
22,RIGHT_EYE_OUTER,0.4719124436378479,0.4937041699886322,-0.17833150923252106,0,0
22,LEFT_EAR,0.4904111921787262,0.49716824293136597,-0.11280365288257599,0,0
22,RIGHT_EAR,0.4703235626220703,0.49694371223449707,-0.11148317158222198,0,0
22,MOUTH_LEFT,0.4834469258785248,0.5141189098358154,-0.15928561985492706,0,0
22,MOUTH_RIGHT,0.47520145773887634,0.5140872001647949,-0.15911661088466644,0,0
22,LEFT_SHOULDER,0.5116584300994873,0.5550444722175598,-0.06389053165912628,0,0
22,RIGHT_SHOULDER,0.450894832611084,0.5514981746673584,-0.060027528554201126,0,0
22,LEFT_ELBOW,0.5176491141319275,0.628671407699585,-0.05087338015437126,0,0
22,RIGHT_ELBOW,0.4388204514980316,0.6206604242324829,-0.04044073447585106,0,0
22,LEFT_WRIST,0.5186755061149597,0.6919993758201599,-0.13298946619033813,0,0
22,RIGHT_WRIST,0.43300047516822815,0.6870679259300232,-0.11008806526660919,0,0
22,LEFT_PINKY,0.5200690031051636,0.7129061222076416,-0.15693025290966034,0,0
22,RIGHT_PINKY,0.4282742738723755,0.7061133980751038,-0.1333242505788803,0,0
22,LEFT_INDEX,0.5168182253837585,0.7110950350761414,-0.17806380987167358,0,0
22,RIGHT_INDEX,0.43198156356811523,0.7061033844947815,-0.15423785150051117,0,0
22,LEFT_THUMB,0.5146780610084534,0.7050730586051941,-0.14345240592956543,0,0
22,RIGHT_THUMB,0.4352644979953766,0.7015048265457153,-0.12027446925640106,0,0
22,LEFT_HIP,0.49465686082839966,0.7025812864303589,-0.00387457013130188,0,0
22,RIGHT_HIP,0.4601636826992035,0.7011293172836304,0.003881000680848956,0,0
22,LEFT_KNEE,0.5101343989372253,0.7979493141174316,-0.0016153674805536866,0,0
22,RIGHT_KNEE,0.44260406494140625,0.7992634773254395,-0.013705801218748093,0,0
22,LEFT_ANKLE,0.5246899724006653,0.8799166083335876,0.1270807534456253,0,0
22,RIGHT_ANKLE,0.4281759560108185,0.8958829045295715,0.10018051415681839,0,0
22,LEFT_HEEL,0.5226992964744568,0.8901782035827637,0.13545900583267212,0,0
22,RIGHT_HEEL,0.4320378303527832,0.9109461903572083,0.10686497390270233,0,0
22,LEFT_FOOT_INDEX,0.5320965051651001,0.9261388182640076,0.06161672994494438,0,0
22,RIGHT_FOOT_INDEX,0.41519081592559814,0.9391868114471436,0.028700286522507668,0,0
23,NOSE,0.48005467653274536,0.5103383660316467,-0.18336103856563568,0,0
23,LEFT_EYE_INNER,0.4830906093120575,0.49928250908851624,-0.17616106569766998,0,0
23,LEFT_EYE,0.485370934009552,0.49879083037376404,-0.17617444694042206,0,0
23,LEFT_EYE_OUTER,0.48727136850357056,0.4983510971069336,-0.1761733889579773,0,0
23,RIGHT_EYE_INNER,0.47675231099128723,0.49991631507873535,-0.1763695627450943,0,0
23,RIGHT_EYE,0.47487175464630127,0.49978411197662354,-0.17638932168483734,0,0
23,RIGHT_EYE_OUTER,0.47296300530433655,0.4996879994869232,-0.17639382183551788,0,0
23,LEFT_EAR,0.49160510301589966,0.500455915927887,-0.1104777380824089,0,0
23,RIGHT_EAR,0.4708578884601593,0.5019382834434509,-0.11050757765769958,0,0
23,MOUTH_LEFT,0.4847530722618103,0.5202173590660095,-0.1564468890428543,0,0
23,MOUTH_RIGHT,0.4768626391887665,0.5210092067718506,-0.15657997131347656,0,0
23,LEFT_SHOULDER,0.5126420855522156,0.5553362369537354,-0.05538971349596977,0,0
23,RIGHT_SHOULDER,0.4527830183506012,0.5539260506629944,-0.060134489089250565,0,0
23,LEFT_ELBOW,0.517657458782196,0.6288802027702332,-0.0339730940759182,0,0
23,RIGHT_ELBOW,0.4416486918926239,0.6253196597099304,-0.04170626401901245,0,0
23,LEFT_WRIST,0.5186637043952942,0.6921674013137817,-0.11049533635377884,0,0
23,RIGHT_WRIST,0.4415149986743927,0.6925596594810486,-0.10788547992706299,0,0
23,LEFT_PINKY,0.5201144814491272,0.7129240036010742,-0.1326969414949417,0,0
23,RIGHT_PINKY,0.43909022212028503,0.713657021522522,-0.130407452583313,0,0
23,LEFT_INDEX,0.5173986554145813,0.7113416194915771,-0.1537628173828125,0,0
23,RIGHT_INDEX,0.4434012174606323,0.7118883728981018,-0.1492755115032196,0,0
23,LEFT_THUMB,0.5154514908790588,0.7056770920753479,-0.12073706090450287,0,0
23,RIGHT_THUMB,0.44577792286872864,0.7060653567314148,-0.116693876683712,0,0
23,LEFT_HIP,0.4956756830215454,0.7029675841331482,-0.0023825515527278185,0,0
23,RIGHT_HIP,0.46222984790802,0.7014221549034119,0.0023856922052800655,0,0
23,LEFT_KNEE,0.5101828575134277,0.7978740334510803,-0.002781703369691968,0,0
23,RIGHT_KNEE,0.4427158534526825,0.7995837330818176,-0.012884166091680527,0,0
23,LEFT_ANKLE,0.5246909260749817,0.8799356818199158,0.11489026248455048,0,0
23,RIGHT_ANKLE,0.42813020944595337,0.8959922194480896,0.09446123242378235,0,0
23,LEFT_HEEL,0.5227180123329163,0.8902835845947266,0.12231113761663437,0,0
23,RIGHT_HEEL,0.43198877573013306,0.9112188816070557,0.10027661174535751,0,0
23,LEFT_FOOT_INDEX,0.5320696234703064,0.9259616732597351,0.0490286611020565,0,0
23,RIGHT_FOOT_INDEX,0.41515645384788513,0.9392340183258057,0.023457713425159454,0,0
24,NOSE,0.48102861642837524,0.5124185085296631,-0.18371842801570892,0,0
24,LEFT_EYE_INNER,0.48393431305885315,0.5013265609741211,-0.17663367092609406,0,0
24,LEFT_EYE,0.48612460494041443,0.5008313059806824,-0.17664819955825806,0,0
24,LEFT_EYE_OUTER,0.48800259828567505,0.5003753900527954,-0.17664800584316254,0,0
24,RIGHT_EYE_INNER,0.4776363968849182,0.5018834471702576,-0.1769411712884903,0,0
24,RIGHT_EYE,0.4757165014743805,0.5017112493515015,-0.17696146667003632,0,0
24,RIGHT_EYE_OUTER,0.47386911511421204,0.5015612840652466,-0.1769658476114273,0,0
24,LEFT_EAR,0.4922676384449005,0.5020447969436646,-0.11090083420276642,0,0
24,RIGHT_EAR,0.4713799059391022,0.5036329627037048,-0.11142637580633163,0,0
24,MOUTH_LEFT,0.48559093475341797,0.5222991108894348,-0.15671585500240326,0,0
24,MOUTH_RIGHT,0.4779205620288849,0.5229097008705139,-0.15699049830436707,0,0
24,LEFT_SHOULDER,0.5129764676094055,0.5553126335144043,-0.05517400801181793,0,0
24,RIGHT_SHOULDER,0.4537128210067749,0.5559032559394836,-0.06022989749908447,0,0
24,LEFT_ELBOW,0.5176599621772766,0.6288780570030212,-0.03287649527192116,0,0
24,RIGHT_ELBOW,0.44251447916030884,0.6277077198028564,-0.04123306646943092,0,0
24,LEFT_WRIST,0.5185906291007996,0.6920740008354187,-0.1092284768819809,0,0
24,RIGHT_WRIST,0.4437207877635956,0.6946823000907898,-0.10586805641651154,0,0
24,LEFT_PINKY,0.5201269388198853,0.7128276228904724,-0.1314363032579422,0,0
24,RIGHT_PINKY,0.44176170229911804,0.7158471941947937,-0.12802916765213013,0,0
24,LEFT_INDEX,0.5176344513893127,0.7112541794776917,-0.1526528149843216,0,0
24,RIGHT_INDEX,0.4460197985172272,0.7137935757637024,-0.14687904715538025,0,0
24,LEFT_THUMB,0.5156675577163696,0.7055986523628235,-0.11947732418775558,0,0
24,RIGHT_THUMB,0.4482187330722809,0.7078123688697815,-0.11453530192375183,0,0
24,LEFT_HIP,0.49613749980926514,0.7029417753219604,-0.0017875528428703547,0,0
24,RIGHT_HIP,0.46332862973213196,0.701481282711029,0.0017919517122209072,0,0
24,LEFT_KNEE,0.5102018117904663,0.7978459596633911,-0.0035364176146686077,0,0
24,RIGHT_KNEE,0.4427829086780548,0.7996115684509277,-0.010868688113987446,0,0
24,LEFT_ANKLE,0.5246931910514832,0.8799547553062439,0.11384090781211853,0,0
24,RIGHT_ANKLE,0.4281114637851715,0.8961090445518494,0.09100102633237839,0,0
24,LEFT_HEEL,0.5227320194244385,0.890313982963562,0.12106404453516006,0,0
24,RIGHT_HEEL,0.43193015456199646,0.9115117788314819,0.09629682451486588,0,0
24,LEFT_FOOT_INDEX,0.5320479273796082,0.9256718754768372,0.047379184514284134,0,0
24,RIGHT_FOOT_INDEX,0.41514381766319275,0.9392545223236084,0.018581144511699677,0,0
25,NOSE,0.482584685087204,0.5139026045799255,-0.227402925491333,0,0
25,LEFT_EYE_INNER,0.4854971468448639,0.5028057098388672,-0.21823875606060028,0,0
25,LEFT_EYE,0.48757287859916687,0.5022212862968445,-0.218244269490242,0,0
25,LEFT_EYE_OUTER,0.4896455407142639,0.5016502141952515,-0.21824361383914948,0,0
25,RIGHT_EYE_INNER,0.4791906774044037,0.5035320520401001,-0.2200576812028885,0,0
25,RIGHT_EYE,0.47711583971977234,0.5034486651420593,-0.22009946405887604,0,0
25,RIGHT_EYE_OUTER,0.4752817153930664,0.503368079662323,-0.22011329233646393,0,0
25,LEFT_EAR,0.49401432275772095,0.5033941864967346,-0.14344026148319244,0,0
25,RIGHT_EAR,0.4725190997123718,0.5058423280715942,-0.15216919779777527,0,0
25,MOUTH_LEFT,0.48702070116996765,0.5238519906997681,-0.19752711057662964,0,0
25,MOUTH_RIGHT,0.4796934425830841,0.5246316194534302,-0.20011234283447266,0,0
25,LEFT_SHOULDER,0.5134003758430481,0.5553650856018066,-0.07097779214382172,0,0
25,RIGHT_SHOULDER,0.4557963013648987,0.5586873888969421,-0.09895088523626328,0,0
25,LEFT_ELBOW,0.5177162289619446,0.6294174790382385,-0.03810610994696617,0,0
25,RIGHT_ELBOW,0.4455520808696747,0.6347061991691589,-0.08379516005516052,0,0
25,LEFT_WRIST,0.5196720957756042,0.6920768022537231,-0.10720667988061905,0,0
25,RIGHT_WRIST,0.4552401602268219,0.7027847170829773,-0.1464090794324875,0,0
25,LEFT_PINKY,0.5211976766586304,0.7127878665924072,-0.12768501043319702,0,0
25,RIGHT_PINKY,0.4546188414096832,0.7251849174499512,-0.16922542452812195,0,0
25,LEFT_INDEX,0.5187475085258484,0.7113716006278992,-0.14972546696662903,0,0
25,RIGHT_INDEX,0.46035072207450867,0.7239418029785156,-0.185123011469841,0,0
25,LEFT_THUMB,0.5167604684829712,0.7058760523796082,-0.11740479618310928,0,0
25,RIGHT_THUMB,0.46135029196739197,0.715766429901123,-0.15320700407028198,0,0
25,LEFT_HIP,0.49724429845809937,0.7031221389770508,0.001398657914251089,0,0
25,RIGHT_HIP,0.4646858870983124,0.7015034556388855,-0.0013785399496555328,0,0
25,LEFT_KNEE,0.5103833675384521,0.7970830202102661,0.004157880321145058,0,0
25,RIGHT_KNEE,0.44285422563552856,0.7996489405632019,-0.015102836303412914,0,0
25,LEFT_ANKLE,0.5246273279190063,0.8798454403877258,0.13024567067623138,0,0
25,RIGHT_ANKLE,0.42813757061958313,0.8958042860031128,0.08679243922233582,0,0
25,LEFT_HEEL,0.5225252509117126,0.8903496265411377,0.13829569518566132,0,0
25,RIGHT_HEEL,0.4319341480731964,0.911010205745697,0.0924452394247055,0,0
25,LEFT_FOOT_INDEX,0.5320111513137817,0.9249976873397827,0.06298642605543137,0,0
25,RIGHT_FOOT_INDEX,0.4151516258716583,0.9392492771148682,0.008353082463145256,0,0
26,NOSE,0.4837045669555664,0.5178215503692627,-0.239590123295784,0,0
26,LEFT_EYE_INNER,0.4868367612361908,0.5066581964492798,-0.2311709225177765,0,0
26,LEFT_EYE,0.4888257384300232,0.506037712097168,-0.2311638444662094,0,0
26,LEFT_EYE_OUTER,0.491021066904068,0.5053257942199707,-0.23116053640842438,0,0
26,RIGHT_EYE_INNER,0.48056337237358093,0.5072164535522461,-0.2327679544687271,0,0
26,RIGHT_EYE,0.4784490168094635,0.5070397853851318,-0.23282232880592346,0,0
26,RIGHT_EYE_OUTER,0.4765515625476837,0.5069951415061951,-0.23285163938999176,0,0
26,LEFT_EAR,0.4956579804420471,0.5058025121688843,-0.15650096535682678,0,0
26,RIGHT_EAR,0.47390952706336975,0.5082954168319702,-0.16363626718521118,0,0
26,MOUTH_LEFT,0.4880155026912689,0.5273326635360718,-0.20915678143501282,0,0
26,MOUTH_RIGHT,0.48097485303878784,0.5278557538986206,-0.21131685376167297,0,0
26,LEFT_SHOULDER,0.5139838457107544,0.5554080605506897,-0.07637885957956314,0,0
26,RIGHT_SHOULDER,0.45855996012687683,0.5615300536155701,-0.10977019369602203,0,0
26,LEFT_ELBOW,0.5180827379226685,0.6305021643638611,-0.0346696600317955,0,0
26,RIGHT_ELBOW,0.45203736424446106,0.639021098613739,-0.09547476470470428,0,0
26,LEFT_WRIST,0.5204156041145325,0.6920093297958374,-0.09934273362159729,0,0
26,RIGHT_WRIST,0.47106605768203735,0.7009645700454712,-0.15866059064865112,0,0
26,LEFT_PINKY,0.5225532650947571,0.712736964225769,-0.11793331801891327,0,0
26,RIGHT_PINKY,0.4735322892665863,0.7227394580841064,-0.18268556892871857,0,0
26,LEFT_INDEX,0.5199770927429199,0.71157306432724,-0.14109519124031067,0,0
26,RIGHT_INDEX,0.48056501150131226,0.7206404209136963,-0.19626681506633759,0,0
26,LEFT_THUMB,0.5174915194511414,0.7059631943702698,-0.10985343158245087,0,0
26,RIGHT_THUMB,0.4809826910495758,0.7133769392967224,-0.16431833803653717,0,0
26,LEFT_HIP,0.4987546503543854,0.7004632949829102,0.0014663165202364326,0,0
26,RIGHT_HIP,0.46610575914382935,0.6993541121482849,-0.0014480490935966372,0,0
26,LEFT_KNEE,0.511868417263031,0.7916651964187622,-0.0069525763392448425,0,0
26,RIGHT_KNEE,0.4435316324234009,0.7969585657119751,-0.047629792243242264,0,0
26,LEFT_ANKLE,0.5244304537773132,0.8791163563728333,0.11903120577335358,0,0
26,RIGHT_ANKLE,0.42826393246650696,0.8953419327735901,0.04959350824356079,0,0
26,LEFT_HEEL,0.5216631889343262,0.890026867389679,0.12670175731182098,0,0
26,RIGHT_HEEL,0.43200811743736267,0.9108622670173645,0.05496178939938545,0,0
26,LEFT_FOOT_INDEX,0.5318353176116943,0.9234625101089478,0.050426993519067764,0,0
26,RIGHT_FOOT_INDEX,0.41520243883132935,0.939181923866272,-0.02999378927052021,0,0
27,NOSE,0.48545679450035095,0.5207679271697998,-0.23598571121692657,0,0
27,LEFT_EYE_INNER,0.4888893663883209,0.5095875859260559,-0.227357417345047,0,0
27,LEFT_EYE,0.49100998044013977,0.5088940858840942,-0.22734621167182922,0,0
27,LEFT_EYE_OUTER,0.4932314157485962,0.5081774592399597,-0.22734016180038452,0,0
27,RIGHT_EYE_INNER,0.48251572251319885,0.5100996494293213,-0.22867201268672943,0,0
27,RIGHT_EYE,0.48031094670295715,0.5098817348480225,-0.2287166267633438,0,0
27,RIGHT_EYE_OUTER,0.47829800844192505,0.5097132921218872,-0.2287435233592987,0,0
27,LEFT_EAR,0.4976502060890198,0.5082088708877563,-0.15190142393112183,0,0
27,RIGHT_EAR,0.4756011962890625,0.5104690790176392,-0.1571660339832306,0,0
27,MOUTH_LEFT,0.4895763695240021,0.530207097530365,-0.20504599809646606,0,0
27,MOUTH_RIGHT,0.48251810669898987,0.530608057975769,-0.2066650092601776,0,0
27,LEFT_SHOULDER,0.5146770477294922,0.5546269416809082,-0.07416689395904541,0,0
27,RIGHT_SHOULDER,0.4618322253227234,0.5642184019088745,-0.1108979731798172,0,0
27,LEFT_ELBOW,0.5197189450263977,0.6299923062324524,-0.025601206347346306,0,0
27,RIGHT_ELBOW,0.45971423387527466,0.6422129273414612,-0.10372288525104523,0,0
27,LEFT_WRIST,0.5234343409538269,0.6915081739425659,-0.08272767066955566,0,0
27,RIGHT_WRIST,0.4877268970012665,0.6981269717216492,-0.15602898597717285,0,0
27,LEFT_PINKY,0.5249070525169373,0.7118412852287292,-0.10003826767206192,0,0
27,RIGHT_PINKY,0.4939706027507782,0.7191166281700134,-0.17881397902965546,0,0
27,LEFT_INDEX,0.5234123468399048,0.7109047770500183,-0.12106859683990479,0,0
27,RIGHT_INDEX,0.4995043873786926,0.7172321081161499,-0.19071418046951294,0,0
27,LEFT_THUMB,0.5213704109191895,0.7046165466308594,-0.09225092083215714,0,0
27,RIGHT_THUMB,0.49798932671546936,0.7109063267707825,-0.1605423092842102,0,0
27,LEFT_HIP,0.5002462267875671,0.7010404467582703,0.002372892340645194,0,0
27,RIGHT_HIP,0.4679098129272461,0.6994573473930359,-0.0023626757320016623,0,0
27,LEFT_KNEE,0.5132426619529724,0.7921791672706604,-0.006496243178844452,0,0
27,RIGHT_KNEE,0.4444460868835449,0.7971419095993042,-0.04418129101395607,0,0
27,LEFT_ANKLE,0.5244276523590088,0.8791400194168091,0.12157537043094635,0,0
27,RIGHT_ANKLE,0.428316205739975,0.8953164219856262,0.05882592126727104,0,0
27,LEFT_HEEL,0.5215234160423279,0.8906463980674744,0.12952600419521332,0,0
27,RIGHT_HEEL,0.43203699588775635,0.9108489155769348,0.06506470590829849,0,0
27,LEFT_FOOT_INDEX,0.5319659113883972,0.9230141043663025,0.05565793812274933,0,0
27,RIGHT_FOOT_INDEX,0.41520318388938904,0.9391440749168396,-0.016581933945417404,0,0
28,NOSE,0.48714181780815125,0.5229699611663818,-0.22599105536937714,0,0
28,LEFT_EYE_INNER,0.4902801215648651,0.5118322968482971,-0.21738635003566742,0,0
28,LEFT_EYE,0.49232161045074463,0.5110275149345398,-0.2173834592103958,0,0
28,LEFT_EYE_OUTER,0.4944525957107544,0.510216236114502,-0.21738512814044952,0,0
28,RIGHT_EYE_INNER,0.4841107726097107,0.5126091241836548,-0.21860887110233307,0,0
28,RIGHT_EYE,0.4818504750728607,0.5124560594558716,-0.218641996383667,0,0
28,RIGHT_EYE_OUTER,0.479716420173645,0.5123544335365295,-0.2186596393585205,0,0
28,LEFT_EAR,0.49864858388900757,0.5099700093269348,-0.14566996693611145,0,0
28,RIGHT_EAR,0.4769000709056854,0.5129166841506958,-0.1473863124847412,0,0
28,MOUTH_LEFT,0.4910997152328491,0.532118022441864,-0.19559158384799957,0,0
28,MOUTH_RIGHT,0.48425349593162537,0.5330672860145569,-0.1967451423406601,0,0
28,LEFT_SHOULDER,0.5148366689682007,0.5526754260063171,-0.057803817093372345,0,0
28,RIGHT_SHOULDER,0.46400314569473267,0.5651391744613647,-0.10494830459356308,0,0
28,LEFT_ELBOW,0.5216830372810364,0.6273934841156006,-0.01140650175511837,0,0
28,RIGHT_ELBOW,0.4657408595085144,0.6454228162765503,-0.10041694343090057,0,0
28,LEFT_WRIST,0.5258677005767822,0.6910682320594788,-0.06874699145555496,0,0
28,RIGHT_WRIST,0.5057784914970398,0.6922111511230469,-0.1506737768650055,0,0
28,LEFT_PINKY,0.5267316102981567,0.7113463282585144,-0.08609327673912048,0,0
28,RIGHT_PINKY,0.5137550830841064,0.7098763585090637,-0.17391350865364075,0,0
28,LEFT_INDEX,0.5248072147369385,0.7105216383934021,-0.10679890960454941,0,0
28,RIGHT_INDEX,0.5176233649253845,0.7056534886360168,-0.1849517822265625,0,0
28,LEFT_THUMB,0.523304283618927,0.7042549252510071,-0.0782713070511818,0,0
28,RIGHT_THUMB,0.5151852965354919,0.6974010467529297,-0.15488176047801971,0,0
28,LEFT_HIP,0.5009115934371948,0.7011876702308655,0.002918399404734373,0,0
28,RIGHT_HIP,0.46880531311035156,0.6996924877166748,-0.002902661683037877,0,0
28,LEFT_KNEE,0.5148817896842957,0.7923240065574646,-0.01813342235982418,0,0
28,RIGHT_KNEE,0.4451482892036438,0.7981366515159607,-0.03813285380601883,0,0
28,LEFT_ANKLE,0.5245028138160706,0.8792532682418823,0.10936057567596436,0,0
28,RIGHT_ANKLE,0.4283364713191986,0.8955029249191284,0.0688110888004303,0,0
28,LEFT_HEEL,0.5214372873306274,0.8915678262710571,0.11757229268550873,0,0
28,RIGHT_HEEL,0.4320456087589264,0.910903811454773,0.0748925656080246,0,0
28,LEFT_FOOT_INDEX,0.5322257876396179,0.92308109998703,0.04351849481463432,0,0
28,RIGHT_FOOT_INDEX,0.4152175784111023,0.9389737248420715,-0.00647452799603343,0,0
29,NOSE,0.48718002438545227,0.5237705707550049,-0.21924681961536407,0,0
29,LEFT_EYE_INNER,0.49034011363983154,0.5127013921737671,-0.2099865972995758,0,0
29,LEFT_EYE,0.49229344725608826,0.5118923783302307,-0.2099812924861908,0,0
29,LEFT_EYE_OUTER,0.49435028433799744,0.5111263394355774,-0.20998698472976685,0,0
29,RIGHT_EYE_INNER,0.4840911626815796,0.5134857296943665,-0.21225181221961975,0,0
29,RIGHT_EYE,0.48182907700538635,0.5133596062660217,-0.21227054297924042,0,0
29,RIGHT_EYE_OUTER,0.47978878021240234,0.5132909417152405,-0.2122887670993805,0,0
29,LEFT_EAR,0.49852144718170166,0.5109853744506836,-0.13492713868618011,0,0
29,RIGHT_EAR,0.47710296511650085,0.5139491558074951,-0.13984675705432892,0,0
29,MOUTH_LEFT,0.49124544858932495,0.5326787829399109,-0.18727585673332214,0,0
29,MOUTH_RIGHT,0.48406359553337097,0.5338259935379028,-0.1891317218542099,0,0
29,LEFT_SHOULDER,0.514801025390625,0.552143931388855,-0.0517381988465786,0,0
29,RIGHT_SHOULDER,0.4643840193748474,0.5657898783683777,-0.09912516176700592,0,0
29,LEFT_ELBOW,0.5226348042488098,0.6261653304100037,-0.010605618357658386,0,0
29,RIGHT_ELBOW,0.46676915884017944,0.6455752849578857,-0.09544253349304199,0,0
29,LEFT_WRIST,0.5270538926124573,0.6907001733779907,-0.06868669390678406,0,0
29,RIGHT_WRIST,0.5069872736930847,0.689595639705658,-0.14577990770339966,0,0
29,LEFT_PINKY,0.5276675224304199,0.7111966013908386,-0.08639370650053024,0,0
29,RIGHT_PINKY,0.5146438479423523,0.7067433595657349,-0.16888506710529327,0,0
29,LEFT_INDEX,0.5255355834960938,0.7104830741882324,-0.106752909719944,0,0
29,RIGHT_INDEX,0.5184671878814697,0.7022552490234375,-0.1824440211057663,0,0
29,LEFT_THUMB,0.5242634415626526,0.7042215466499329,-0.07811865955591202,0,0
29,RIGHT_THUMB,0.516119658946991,0.6935527324676514,-0.15080328285694122,0,0
29,LEFT_HIP,0.5014145374298096,0.7014212012290955,0.0029153386130928993,0,0
29,RIGHT_HIP,0.4695068597793579,0.6998193860054016,-0.0028954953886568546,0,0
29,LEFT_KNEE,0.515130877494812,0.7924439311027527,-0.023661434650421143,0,0
29,RIGHT_KNEE,0.4459514915943146,0.7981725335121155,-0.0351785384118557,0,0
29,LEFT_ANKLE,0.5247005820274353,0.8795062899589539,0.09276635944843292,0,0
29,RIGHT_ANKLE,0.4283422529697418,0.8955438733100891,0.05928664281964302,0,0
29,LEFT_HEEL,0.5214501023292542,0.8925093412399292,0.09985581040382385,0,0
29,RIGHT_HEEL,0.4319927394390106,0.9108947515487671,0.06461324542760849,0,0
29,LEFT_FOOT_INDEX,0.5323860049247742,0.9231024384498596,0.024598073214292526,0,0
29,RIGHT_FOOT_INDEX,0.41557323932647705,0.9385084509849548,-0.015101837925612926,0,0
30,NOSE,0.48794928193092346,0.5227892994880676,-0.21446013450622559,0,0
30,LEFT_EYE_INNER,0.49116799235343933,0.5117001533508301,-0.20454992353916168,0,0
30,LEFT_EYE,0.4930266737937927,0.5108662843704224,-0.20454464852809906,0,0
30,LEFT_EYE_OUTER,0.4950513243675232,0.5100710391998291,-0.2045459747314453,0,0
30,RIGHT_EYE_INNER,0.4848298132419586,0.5125756859779358,-0.20663954317569733,0,0
30,RIGHT_EYE,0.48253169655799866,0.5124657154083252,-0.20665860176086426,0,0
30,RIGHT_EYE_OUTER,0.48050424456596375,0.5124388337135315,-0.20667359232902527,0,0
30,LEFT_EAR,0.49900081753730774,0.5103136897087097,-0.12866854667663574,0,0
30,RIGHT_EAR,0.47773534059524536,0.51361083984375,-0.1331384927034378,0,0
30,MOUTH_LEFT,0.4919571876525879,0.5315186381340027,-0.18255706131458282,0,0
30,MOUTH_RIGHT,0.48469287157058716,0.5327125191688538,-0.18419528007507324,0,0
30,LEFT_SHOULDER,0.5149838328361511,0.5507086515426636,-0.04736945405602455,0,0
30,RIGHT_SHOULDER,0.4657866358757019,0.5662654042243958,-0.09914472699165344,0,0
30,LEFT_ELBOW,0.5236236453056335,0.6207665205001831,-0.006815285887569189,0,0
30,RIGHT_ELBOW,0.47161751985549927,0.6442216634750366,-0.10753890872001648,0,0
30,LEFT_WRIST,0.5287924408912659,0.685071587562561,-0.06097334995865822,0,0
30,RIGHT_WRIST,0.5132930278778076,0.6731632947921753,-0.16591064631938934,0,0
30,LEFT_PINKY,0.5296153426170349,0.7035109996795654,-0.07697377353906631,0,0
30,RIGHT_PINKY,0.5210895538330078,0.6857091188430786,-0.19035568833351135,0,0
30,LEFT_INDEX,0.5280360579490662,0.7030088901519775,-0.09633537381887436,0,0
30,RIGHT_INDEX,0.5238898396492004,0.6821553707122803,-0.19917720556259155,0,0
30,LEFT_THUMB,0.5268170833587646,0.6966622471809387,-0.06990373879671097,0,0
30,RIGHT_THUMB,0.5213034152984619,0.6761274337768555,-0.1695399284362793,0,0
30,LEFT_HIP,0.503123939037323,0.7013880014419556,0.0029169239569455385,0,0
30,RIGHT_HIP,0.4710576832294464,0.6998284459114075,-0.0029036030173301697,0,0
30,LEFT_KNEE,0.5154226422309875,0.7922800779342651,-0.015535497106611729,0,0
30,RIGHT_KNEE,0.4466049075126648,0.7979925274848938,-0.030290577560663223,0,0
30,LEFT_ANKLE,0.5250093936920166,0.8801267743110657,0.09341233223676682,0,0
30,RIGHT_ANKLE,0.42837095260620117,0.8956779837608337,0.06350462138652802,0,0
30,LEFT_HEEL,0.5216493010520935,0.8936067819595337,0.10106191784143448,0,0
30,RIGHT_HEEL,0.43200501799583435,0.910891592502594,0.06860274821519852,0,0
30,LEFT_FOOT_INDEX,0.5326356887817383,0.9231844544410706,0.03192213177680969,0,0
30,RIGHT_FOOT_INDEX,0.41570746898651123,0.9385029077529907,-0.010733082890510559,0,0
31,NOSE,0.4884660840034485,0.5231103301048279,-0.20247237384319305,0,0
31,LEFT_EYE_INNER,0.49165382981300354,0.512054979801178,-0.19299550354480743,0,0
31,LEFT_EYE,0.4935208857059479,0.5110379457473755,-0.19299283623695374,0,0
31,LEFT_EYE_OUTER,0.49552345275878906,0.5100820660591125,-0.1929892748594284,0,0
31,RIGHT_EYE_INNER,0.48532819747924805,0.5133428573608398,-0.1940857470035553,0,0
31,RIGHT_EYE,0.4831390976905823,0.5133278369903564,-0.19410592317581177,0,0
31,RIGHT_EYE_OUTER,0.48115527629852295,0.5133599638938904,-0.194123774766922,0,0
31,LEFT_EAR,0.49933573603630066,0.5102468132972717,-0.11946531385183334,0,0
31,RIGHT_EAR,0.47838693857192993,0.5144554376602173,-0.12058193236589432,0,0
31,MOUTH_LEFT,0.4925992786884308,0.5314531922340393,-0.172072172164917,0,0
31,MOUTH_RIGHT,0.485334187746048,0.5330331325531006,-0.17257541418075562,0,0
31,LEFT_SHOULDER,0.5153526067733765,0.5499477386474609,-0.040407709777355194,0,0
31,RIGHT_SHOULDER,0.46766236424446106,0.5654652714729309,-0.09726171940565109,0,0
31,LEFT_ELBOW,0.524314284324646,0.6189738512039185,-0.0031963088549673557,0,0
31,RIGHT_ELBOW,0.4783160388469696,0.6430598497390747,-0.10494328290224075,0,0
31,LEFT_WRIST,0.5288388729095459,0.6713314056396484,-0.053239308297634125,0,0
31,RIGHT_WRIST,0.5202839374542236,0.6522883176803589,-0.15521392226219177,0,0
31,LEFT_PINKY,0.5293238162994385,0.6913464665412903,-0.0676456168293953,0,0
31,RIGHT_PINKY,0.5279544591903687,0.6592606902122498,-0.17877787351608276,0,0
31,LEFT_INDEX,0.5278617739677429,0.6924564242362976,-0.08592721074819565,0,0
31,RIGHT_INDEX,0.5298429131507874,0.6520029902458191,-0.19545651972293854,0,0
31,LEFT_THUMB,0.5260345339775085,0.686764121055603,-0.061784956604242325,0,0
31,RIGHT_THUMB,0.5273024439811707,0.6508587598800659,-0.16003553569316864,0,0
31,LEFT_HIP,0.5041438937187195,0.7013556957244873,0.003166264621540904,0,0
31,RIGHT_HIP,0.4718865752220154,0.7003225684165955,-0.0031543143559247255,0,0
31,LEFT_KNEE,0.5160797238349915,0.7925671339035034,-0.002266518771648407,0,0
31,RIGHT_KNEE,0.44735684990882874,0.7978036999702454,-0.02730865217745304,0,0
31,LEFT_ANKLE,0.5250518321990967,0.8800279498100281,0.1305563896894455,0,0
31,RIGHT_ANKLE,0.4284590780735016,0.8956695795059204,0.06663250923156738,0,0
31,LEFT_HEEL,0.5216435194015503,0.8931187987327576,0.1396159678697586,0,0
31,RIGHT_HEEL,0.4320788085460663,0.9107943773269653,0.07184860855340958,0,0
31,LEFT_FOOT_INDEX,0.532937228679657,0.9233490228652954,0.06863616406917572,0,0
31,RIGHT_FOOT_INDEX,0.41581133008003235,0.9384363889694214,-0.008037340827286243,0,0
32,NOSE,0.48898667097091675,0.5239028334617615,-0.21533575654029846,0,0
32,LEFT_EYE_INNER,0.4919258952140808,0.5130693316459656,-0.2051788866519928,0,0
32,LEFT_EYE,0.4938187003135681,0.5119542479515076,-0.20516280829906464,0,0
32,LEFT_EYE_OUTER,0.4956849217414856,0.5108867287635803,-0.20515227317810059,0,0
32,RIGHT_EYE_INNER,0.4857008755207062,0.5143988132476807,-0.20697961747646332,0,0
32,RIGHT_EYE,0.4836016297340393,0.5143709778785706,-0.20700623095035553,0,0
32,RIGHT_EYE_OUTER,0.4816650450229645,0.5143317580223083,-0.20701688528060913,0,0
32,LEFT_EAR,0.49919721484184265,0.5104252099990845,-0.12424218654632568,0,0
32,RIGHT_EAR,0.478803813457489,0.5150071382522583,-0.1279992014169693,0,0
32,MOUTH_LEFT,0.49312636256217957,0.5315906405448914,-0.18227115273475647,0,0
32,MOUTH_RIGHT,0.4858335554599762,0.5333422422409058,-0.18346193432807922,0,0
32,LEFT_SHOULDER,0.5153518915176392,0.5477950572967529,-0.04649052396416664,0,0
32,RIGHT_SHOULDER,0.4685126841068268,0.5650225877761841,-0.1097807064652443,0,0
32,LEFT_ELBOW,0.524009644985199,0.6192918419837952,-0.019070200622081757,0,0
32,RIGHT_ELBOW,0.4881187677383423,0.6376899480819702,-0.11284589022397995,0,0
32,LEFT_WRIST,0.5261127948760986,0.6672191619873047,-0.08386140316724777,0,0
32,RIGHT_WRIST,0.5328032374382019,0.6315567493438721,-0.14620862901210785,0,0
32,LEFT_PINKY,0.5251345038414001,0.6857650279998779,-0.09649702906608582,0,0
32,RIGHT_PINKY,0.5448412299156189,0.6300719380378723,-0.1668577790260315,0,0
32,LEFT_INDEX,0.527258038520813,0.6842887997627258,-0.09284274280071259,0,0
32,RIGHT_INDEX,0.5480690598487854,0.6229108572006226,-0.16980281472206116,0,0
32,LEFT_THUMB,0.5244042277336121,0.6786397099494934,-0.08904910087585449,0,0
32,RIGHT_THUMB,0.5435067415237427,0.6235272884368896,-0.14602884650230408,0,0
32,LEFT_HIP,0.5044384598731995,0.7010478377342224,0.003415685147047043,0,0
32,RIGHT_HIP,0.4724140465259552,0.7006497383117676,-0.0034114925656467676,0,0
32,LEFT_KNEE,0.51608806848526,0.7924473881721497,-0.0034728161990642548,0,0
32,RIGHT_KNEE,0.4478985667228699,0.7978148460388184,-0.018672259524464607,0,0
32,LEFT_ANKLE,0.5252120494842529,0.8799663186073303,0.1300150454044342,0,0
32,RIGHT_ANKLE,0.4285297989845276,0.8959530591964722,0.08463142067193985,0,0
32,LEFT_HEEL,0.5216509103775024,0.8928345441818237,0.13955660164356232,0,0
32,RIGHT_HEEL,0.4321097135543823,0.9107678532600403,0.09161713719367981,0,0
32,LEFT_FOOT_INDEX,0.533079206943512,0.9233781695365906,0.06684308499097824,0,0
32,RIGHT_FOOT_INDEX,0.41599124670028687,0.9384341835975647,0.015265267342329025,0,0
33,NOSE,0.48855265974998474,0.5251745581626892,-0.21359653770923615,0,0
33,LEFT_EYE_INNER,0.49149855971336365,0.5149557590484619,-0.20309560000896454,0,0
33,LEFT_EYE,0.4934614300727844,0.5140001773834229,-0.20307330787181854,0,0
33,LEFT_EYE_OUTER,0.49533766508102417,0.5129494071006775,-0.20306198298931122,0,0
33,RIGHT_EYE_INNER,0.48526352643966675,0.5158660411834717,-0.20530670881271362,0,0
33,RIGHT_EYE,0.4832081198692322,0.5157259106636047,-0.205331951379776,0,0
33,RIGHT_EYE_OUTER,0.4812685549259186,0.5155699253082275,-0.20532912015914917,0,0
33,LEFT_EAR,0.4989235997200012,0.5116060972213745,-0.12211639434099197,0,0
33,RIGHT_EAR,0.4787265360355377,0.5155723690986633,-0.12672336399555206,0,0
33,MOUTH_LEFT,0.4928216338157654,0.5326640605926514,-0.17937104403972626,0,0
33,MOUTH_RIGHT,0.4853191673755646,0.5343524217605591,-0.18101142346858978,0,0
33,LEFT_SHOULDER,0.5144426822662354,0.5457159280776978,-0.034258026629686356,0,0
33,RIGHT_SHOULDER,0.4695085883140564,0.5636124014854431,-0.1055462434887886,0,0
33,LEFT_ELBOW,0.5200455188751221,0.6186000108718872,-0.0032852287404239178,0,0
33,RIGHT_ELBOW,0.49457061290740967,0.629317045211792,-0.1148667111992836,0,0
33,LEFT_WRIST,0.5233595967292786,0.6605954170227051,-0.05683156102895737,0,0
33,RIGHT_WRIST,0.5341952443122864,0.6112436652183533,-0.14938844740390778,0,0
33,LEFT_PINKY,0.5245765447616577,0.6786102652549744,-0.06785016506910324,0,0
33,RIGHT_PINKY,0.5455610752105713,0.607167661190033,-0.16995950043201447,0,0
33,LEFT_INDEX,0.5266039967536926,0.6778324842453003,-0.08237816393375397,0,0
33,RIGHT_INDEX,0.5474110245704651,0.5981379151344299,-0.17147916555404663,0,0
33,LEFT_THUMB,0.5236903429031372,0.6726229190826416,-0.06395163387060165,0,0
33,RIGHT_THUMB,0.5440692901611328,0.5989943742752075,-0.14862984418869019,0,0
33,LEFT_HIP,0.5044573545455933,0.7008746266365051,0.005031844601035118,0,0
33,RIGHT_HIP,0.47236374020576477,0.7010974884033203,-0.005054829176515341,0,0
33,LEFT_KNEE,0.5164450407028198,0.7928659319877625,-0.018771274015307426,0,0
33,RIGHT_KNEE,0.4478755593299866,0.7989668250083923,-0.019610578194260597,0,0
33,LEFT_ANKLE,0.5255663990974426,0.8799658417701721,0.12734434008598328,0,0
33,RIGHT_ANKLE,0.4285282492637634,0.8958777189254761,0.08977509289979935,0,0
33,LEFT_HEEL,0.5219069123268127,0.8927346467971802,0.13496586680412292,0,0
33,RIGHT_HEEL,0.4318842887878418,0.9092997312545776,0.09785997122526169,0,0
33,LEFT_FOOT_INDEX,0.5330964922904968,0.9233908653259277,0.061186373233795166,0,0
33,RIGHT_FOOT_INDEX,0.41605472564697266,0.9383406043052673,0.02320674993097782,0,0
34,NOSE,0.4882466495037079,0.5255233645439148,-0.2119855284690857,0,0
34,LEFT_EYE_INNER,0.49122756719589233,0.5155036449432373,-0.20164571702480316,0,0
34,LEFT_EYE,0.49323588609695435,0.5145819187164307,-0.20162194967269897,0,0
34,LEFT_EYE_OUTER,0.49513158202171326,0.513528048992157,-0.20161136984825134,0,0
34,RIGHT_EYE_INNER,0.4849768877029419,0.5163183212280273,-0.2038237303495407,0,0
34,RIGHT_EYE,0.4829373061656952,0.5161330699920654,-0.20384792983531952,0,0
34,RIGHT_EYE_OUTER,0.4809928238391876,0.5159285068511963,-0.20384058356285095,0,0
34,LEFT_EAR,0.4987333118915558,0.5119573473930359,-0.12136959284543991,0,0
34,RIGHT_EAR,0.4786474108695984,0.5156884789466858,-0.12588657438755035,0,0
34,MOUTH_LEFT,0.49260786175727844,0.5330322980880737,-0.17783956229686737,0,0
34,MOUTH_RIGHT,0.4849841296672821,0.5346973538398743,-0.17949198186397552,0,0
34,LEFT_SHOULDER,0.5139746069908142,0.5450644493103027,-0.032873474061489105,0,0
34,RIGHT_SHOULDER,0.46970024704933167,0.5627349019050598,-0.10357313603162766,0,0
34,LEFT_ELBOW,0.5189471244812012,0.6185294389724731,-0.001142134889960289,0,0
34,RIGHT_ELBOW,0.4951840937137604,0.6262051463127136,-0.11569729447364807,0,0
34,LEFT_WRIST,0.5226853489875793,0.6591942310333252,-0.0543886162340641,0,0
34,RIGHT_WRIST,0.5339314937591553,0.6090755462646484,-0.15453505516052246,0,0
34,LEFT_PINKY,0.5245677828788757,0.6769735813140869,-0.06564635038375854,0,0
34,RIGHT_PINKY,0.5452260971069336,0.6053633689880371,-0.17560353875160217,0,0
34,LEFT_INDEX,0.5260812640190125,0.6765740513801575,-0.08177676051855087,0,0
34,RIGHT_INDEX,0.5470308661460876,0.5958194136619568,-0.17403922975063324,0,0
34,LEFT_THUMB,0.5235241651535034,0.671446681022644,-0.06178894266486168,0,0
34,RIGHT_THUMB,0.5438048243522644,0.5966519117355347,-0.1542799323797226,0,0
34,LEFT_HIP,0.5044335126876831,0.7006053924560547,0.005698667373508215,0,0
34,RIGHT_HIP,0.47238826751708984,0.7014122009277344,-0.005732133984565735,0,0
34,LEFT_KNEE,0.5167782306671143,0.7934369444847107,-0.02027309127151966,0,0
34,RIGHT_KNEE,0.4478231966495514,0.7994517087936401,-0.020053984597325325,0,0
34,LEFT_ANKLE,0.5257247090339661,0.8799580931663513,0.12490636855363846,0,0
34,RIGHT_ANKLE,0.42854592204093933,0.8958755135536194,0.0887860506772995,0,0
34,LEFT_HEEL,0.5219103097915649,0.8926661014556885,0.13383285701274872,0,0
34,RIGHT_HEEL,0.4319659471511841,0.9090454578399658,0.09673916548490524,0,0
34,LEFT_FOOT_INDEX,0.533133327960968,0.9233943819999695,0.0613350048661232,0,0
34,RIGHT_FOOT_INDEX,0.4161209464073181,0.9383434057235718,0.021622737869620323,0,0
35,NOSE,0.4885950982570648,0.5276699662208557,-0.2112475335597992,0,0
35,LEFT_EYE_INNER,0.49133503437042236,0.5177968144416809,-0.20059868693351746,0,0
35,LEFT_EYE,0.49331387877464294,0.5170093178749084,-0.2005757987499237,0,0
35,LEFT_EYE_OUTER,0.4951305091381073,0.5160781145095825,-0.2005770057439804,0,0
35,RIGHT_EYE_INNER,0.4851628839969635,0.5186333656311035,-0.20300820469856262,0,0
35,RIGHT_EYE,0.48312199115753174,0.5186339616775513,-0.2030302733182907,0,0
35,RIGHT_EYE_OUTER,0.4811762273311615,0.5186010003089905,-0.2030271738767624,0,0
35,LEFT_EAR,0.4984206259250641,0.5143098831176758,-0.11783574521541595,0,0
35,RIGHT_EAR,0.47889745235443115,0.5179023742675781,-0.1238853707909584,0,0
35,MOUTH_LEFT,0.49291473627090454,0.5344954133033752,-0.17651988565921783,0,0
35,MOUTH_RIGHT,0.4852677881717682,0.536300778388977,-0.1785014271736145,0,0
35,LEFT_SHOULDER,0.5116063952445984,0.5454732179641724,-0.022926950827240944,0,0
35,RIGHT_SHOULDER,0.4713408350944519,0.5625672936439514,-0.1060187965631485,0,0
35,LEFT_ELBOW,0.5176500082015991,0.6172698140144348,-0.006902122870087624,0,0
35,RIGHT_ELBOW,0.4994432032108307,0.6200602650642395,-0.13274675607681274,0,0
35,LEFT_WRIST,0.5226704478263855,0.636720597743988,-0.08088871836662292,0,0
35,RIGHT_WRIST,0.5334922075271606,0.5951964259147644,-0.1733700931072235,0,0
35,LEFT_PINKY,0.5248622298240662,0.6480050683021545,-0.09211121499538422,0,0
35,RIGHT_PINKY,0.5434463620185852,0.5871627330780029,-0.1943543255329132,0,0
35,LEFT_INDEX,0.5257624983787537,0.6407269835472107,-0.09905223548412323,0,0
35,RIGHT_INDEX,0.5434525609016418,0.5776506066322327,-0.1927233636379242,0,0
35,LEFT_THUMB,0.5232481360435486,0.6391798257827759,-0.08731985092163086,0,0
35,RIGHT_THUMB,0.5405019521713257,0.5797402262687683,-0.17303773760795593,0,0
35,LEFT_HIP,0.5042368769645691,0.7006605863571167,0.010114873759448528,0,0
35,RIGHT_HIP,0.47252967953681946,0.7024930715560913,-0.010178202763199806,0,0
35,LEFT_KNEE,0.5169637799263,0.7937856316566467,-0.022762099280953407,0,0
35,RIGHT_KNEE,0.4479084014892578,0.8002815842628479,-0.02126644179224968,0,0
35,LEFT_ANKLE,0.525983989238739,0.8799368143081665,0.11263610422611237,0,0
35,RIGHT_ANKLE,0.42851340770721436,0.8955260515213013,0.08185861259698868,0,0
35,LEFT_HEEL,0.5219479203224182,0.8926289081573486,0.12211903929710388,0,0
35,RIGHT_HEEL,0.43195730447769165,0.9080358743667603,0.08994797617197037,0,0
35,LEFT_FOOT_INDEX,0.5332453846931458,0.9233898520469666,0.05449744313955307,0,0
35,RIGHT_FOOT_INDEX,0.4161558449268341,0.9383265376091003,0.019691623747348785,0,0
36,NOSE,0.48842012882232666,0.5289934277534485,-0.20690351724624634,0,0
36,LEFT_EYE_INNER,0.4912632405757904,0.5190818905830383,-0.19640448689460754,0,0
36,LEFT_EYE,0.49322688579559326,0.5183255076408386,-0.1963886171579361,0,0
36,LEFT_EYE_OUTER,0.4950546622276306,0.5174359679222107,-0.19638992846012115,0,0
36,RIGHT_EYE_INNER,0.48500603437423706,0.5200809240341187,-0.1976299285888672,0,0
36,RIGHT_EYE,0.48296022415161133,0.5201455950737,-0.19764839112758636,0,0
36,RIGHT_EYE_OUTER,0.4810337722301483,0.5201192498207092,-0.1976483166217804,0,0
36,LEFT_EAR,0.4978725016117096,0.5156539082527161,-0.11604432016611099,0,0
36,RIGHT_EAR,0.4790351986885071,0.5192257761955261,-0.11681316792964935,0,0
36,MOUTH_LEFT,0.4927213490009308,0.5350814461708069,-0.17364904284477234,0,0
36,MOUTH_RIGHT,0.48512107133865356,0.5366485714912415,-0.17418283224105835,0,0
36,LEFT_SHOULDER,0.5113234519958496,0.5463755130767822,-0.030337335541844368,0,0
36,RIGHT_SHOULDER,0.4717596769332886,0.5624418258666992,-0.10383326560258865,0,0
36,LEFT_ELBOW,0.5167844295501709,0.617219090461731,-0.03505069762468338,0,0
36,RIGHT_ELBOW,0.5017176270484924,0.61609947681427,-0.13235263526439667,0,0
36,LEFT_WRIST,0.5224704742431641,0.6338159441947937,-0.12286901473999023,0,0
36,RIGHT_WRIST,0.5309515595436096,0.5831690430641174,-0.1790294349193573,0,0
36,LEFT_PINKY,0.5248463153839111,0.6411184072494507,-0.1391124576330185,0,0
36,RIGHT_PINKY,0.5393921732902527,0.5739431977272034,-0.20064523816108704,0,0
36,LEFT_INDEX,0.5254827737808228,0.6413105726242065,-0.14817532896995544,0,0
36,RIGHT_INDEX,0.5387040376663208,0.5634011030197144,-0.1996423751115799,0,0
36,LEFT_THUMB,0.5230432152748108,0.6307131052017212,-0.1287638247013092,0,0
36,RIGHT_THUMB,0.5359354019165039,0.5657989978790283,-0.17929881811141968,0,0
36,LEFT_HIP,0.5043303370475769,0.7009819149971008,0.008898488245904446,0,0
36,RIGHT_HIP,0.47268441319465637,0.7036121487617493,-0.008947985246777534,0,0
36,LEFT_KNEE,0.5172480344772339,0.7941815257072449,-0.025894297286868095,0,0
36,RIGHT_KNEE,0.4480859339237213,0.8016454577445984,-0.019335191696882248,0,0
36,LEFT_ANKLE,0.5262436270713806,0.8799639344215393,0.10329131782054901,0,0
36,RIGHT_ANKLE,0.42846378684043884,0.8955267667770386,0.07822760194540024,0,0
36,LEFT_HEEL,0.5220678448677063,0.8926100730895996,0.11263152956962585,0,0
36,RIGHT_HEEL,0.4318457841873169,0.9077380299568176,0.0854194164276123,0,0
36,LEFT_FOOT_INDEX,0.5332802534103394,0.923398494720459,0.04512958228588104,0,0
36,RIGHT_FOOT_INDEX,0.41629040241241455,0.9382745623588562,0.018212221562862396,0,0
37,NOSE,0.48842155933380127,0.5300205945968628,-0.20252440869808197,0,0
37,LEFT_EYE_INNER,0.4911280870437622,0.5200143456459045,-0.19000063836574554,0,0
37,LEFT_EYE,0.49310433864593506,0.5192834734916687,-0.18999157845973969,0,0
37,LEFT_EYE_OUTER,0.49495944380760193,0.5184895396232605,-0.1900014579296112,0,0
37,RIGHT_EYE_INNER,0.4850119948387146,0.5213364362716675,-0.192673921585083,0,0
37,RIGHT_EYE,0.48300299048423767,0.52161705493927,-0.19268985092639923,0,0
37,RIGHT_EYE_OUTER,0.48113852739334106,0.521826982498169,-0.19269254803657532,0,0
37,LEFT_EAR,0.4971279501914978,0.5175963044166565,-0.10545293241739273,0,0
37,RIGHT_EAR,0.4790334701538086,0.5218198299407959,-0.11336309462785721,0,0
37,MOUTH_LEFT,0.4927026927471161,0.535645067691803,-0.16870059072971344,0,0
37,MOUTH_RIGHT,0.4853704571723938,0.5372526049613953,-0.1711045354604721,0,0
37,LEFT_SHOULDER,0.5093356370925903,0.5518094897270203,-0.02159816026687622,0,0
37,RIGHT_SHOULDER,0.4722534716129303,0.5638455152511597,-0.10332793742418289,0,0
37,LEFT_ELBOW,0.5149680972099304,0.6180339455604553,-0.04114054888486862,0,0
37,RIGHT_ELBOW,0.5047573447227478,0.6170522570610046,-0.14992181956768036,0,0
37,LEFT_WRIST,0.5230857729911804,0.6003252863883972,-0.14253897964954376,0,0
37,RIGHT_WRIST,0.5287968516349792,0.5735060572624207,-0.19811071455478668,0,0
37,LEFT_PINKY,0.5260067582130432,0.6007713675498962,-0.16073434054851532,0,0
37,RIGHT_PINKY,0.5364034175872803,0.5618870854377747,-0.2199905812740326,0,0
37,LEFT_INDEX,0.5257646441459656,0.5900627970695496,-0.16781732439994812,0,0
37,RIGHT_INDEX,0.5344362854957581,0.552657961845398,-0.21820643544197083,0,0
37,LEFT_THUMB,0.5237924456596375,0.5901123881340027,-0.14852866530418396,0,0
37,RIGHT_THUMB,0.5317486524581909,0.5557429790496826,-0.19837170839309692,0,0
37,LEFT_HIP,0.5043795108795166,0.7018706202507019,0.010561811737716198,0,0
37,RIGHT_HIP,0.4726136028766632,0.7045301198959351,-0.010639267973601818,0,0
37,LEFT_KNEE,0.5175474286079407,0.795282244682312,-0.024732768535614014,0,0
37,RIGHT_KNEE,0.4482346177101135,0.8023542165756226,-0.023337313905358315,0,0
37,LEFT_ANKLE,0.5263369083404541,0.8799808621406555,0.10456454008817673,0,0
37,RIGHT_ANKLE,0.4284921884536743,0.8953502178192139,0.062468722462654114,0,0
37,LEFT_HEEL,0.522064745426178,0.892438530921936,0.11405319720506668,0,0
37,RIGHT_HEEL,0.4315037727355957,0.9060839414596558,0.06869873404502869,0,0
37,LEFT_FOOT_INDEX,0.5333515405654907,0.9234879612922668,0.046218786388635635,0,0
37,RIGHT_FOOT_INDEX,0.4162960350513458,0.9383792877197266,-0.0001985530834645033,0,0
38,NOSE,0.4883810877799988,0.5369430780410767,-0.19843904674053192,0,0
38,LEFT_EYE_INNER,0.4907628893852234,0.5270770788192749,-0.18580681085586548,0,0
38,LEFT_EYE,0.49268215894699097,0.5262994170188904,-0.18580195307731628,0,0
38,LEFT_EYE_OUTER,0.49445217847824097,0.5255118608474731,-0.1858130544424057,0,0
38,RIGHT_EYE_INNER,0.4845848083496094,0.5288771390914917,-0.18847006559371948,0,0
38,RIGHT_EYE,0.48248955607414246,0.5293559432029724,-0.18848684430122375,0,0
38,RIGHT_EYE_OUTER,0.48062270879745483,0.5296427607536316,-0.18848517537117004,0,0
38,LEFT_EAR,0.49600979685783386,0.5244228839874268,-0.10150966048240662,0,0
38,RIGHT_EAR,0.47830814123153687,0.5297180414199829,-0.10853603482246399,0,0
38,MOUTH_LEFT,0.49267512559890747,0.5428580641746521,-0.16456133127212524,0,0
38,MOUTH_RIGHT,0.4853137135505676,0.5448012351989746,-0.16680940985679626,0,0
38,LEFT_SHOULDER,0.5063517689704895,0.554478108882904,-0.017553595826029778,0,0
38,RIGHT_SHOULDER,0.47160330414772034,0.5682650208473206,-0.10112150758504868,0,0
38,LEFT_ELBOW,0.5147212147712708,0.6092297434806824,-0.03396957367658615,0,0
38,RIGHT_ELBOW,0.5047065615653992,0.6181661486625671,-0.13527993857860565,0,0
38,LEFT_WRIST,0.5246019959449768,0.6078809499740601,-0.1251949816942215,0,0
38,RIGHT_WRIST,0.5286529660224915,0.5692315697669983,-0.17774146795272827,0,0
38,LEFT_PINKY,0.5274511575698853,0.607408344745636,-0.1422870010137558,0,0
38,RIGHT_PINKY,0.534810483455658,0.5601001977920532,-0.1932278424501419,0,0
38,LEFT_INDEX,0.5264039039611816,0.6002703905105591,-0.15015453100204468,0,0
38,RIGHT_INDEX,0.5326688289642334,0.5523849129676819,-0.18984825909137726,0,0
38,LEFT_THUMB,0.5244176983833313,0.6011461019515991,-0.13120384514331818,0,0
38,RIGHT_THUMB,0.530169665813446,0.554492175579071,-0.17518025636672974,0,0
38,LEFT_HIP,0.5042983293533325,0.7034382224082947,0.01040763221681118,0,0
38,RIGHT_HIP,0.4724801182746887,0.7067778706550598,-0.01048277784138918,0,0
38,LEFT_KNEE,0.5179916620254517,0.7962275743484497,-0.025415847077965736,0,0
38,RIGHT_KNEE,0.44893327355384827,0.8027551770210266,-0.021616434678435326,0,0
38,LEFT_ANKLE,0.5264151096343994,0.8800839781761169,0.09498625248670578,0,0
38,RIGHT_ANKLE,0.4284833073616028,0.8949170112609863,0.06631937623023987,0,0
38,LEFT_HEEL,0.5220634341239929,0.8924274444580078,0.10363354533910751,0,0
38,RIGHT_HEEL,0.4302605986595154,0.9041311144828796,0.07271493226289749,0,0
38,LEFT_FOOT_INDEX,0.5334056615829468,0.9234946370124817,0.040194496512413025,0,0
38,RIGHT_FOOT_INDEX,0.4165297746658325,0.9374463558197021,0.000915869721211493,0,0
39,NOSE,0.48787933588027954,0.5389681458473206,-0.19850264489650726,0,0
39,LEFT_EYE_INNER,0.4902712404727936,0.5294715166091919,-0.1859922558069229,0,0
39,LEFT_EYE,0.4922446310520172,0.5287481546401978,-0.18598753213882446,0,0
39,LEFT_EYE_OUTER,0.494011253118515,0.528014600276947,-0.1860005110502243,0,0
39,RIGHT_EYE_INNER,0.4839521050453186,0.5308660268783569,-0.1888338029384613,0,0
39,RIGHT_EYE,0.4818624258041382,0.5311359763145447,-0.18885186314582825,0,0
39,RIGHT_EYE_OUTER,0.47996780276298523,0.5312101244926453,-0.18885034322738647,0,0
39,LEFT_EAR,0.49531909823417664,0.5269622802734375,-0.10200346261262894,0,0
39,RIGHT_EAR,0.47769400477409363,0.5308550596237183,-0.11017824709415436,0,0
39,MOUTH_LEFT,0.4922322630882263,0.5450484156608582,-0.16471721231937408,0,0
39,MOUTH_RIGHT,0.4848136603832245,0.5464898943901062,-0.16725176572799683,0,0
39,LEFT_SHOULDER,0.5044640898704529,0.5579239726066589,-0.0168556310236454,0,0
39,RIGHT_SHOULDER,0.47113466262817383,0.5693449974060059,-0.10105288028717041,0,0
39,LEFT_ELBOW,0.5130875110626221,0.6108746528625488,-0.027502847835421562,0,0
39,RIGHT_ELBOW,0.5040003657341003,0.6188927888870239,-0.1335780918598175,0,0
39,LEFT_WRIST,0.5250674486160278,0.615991473197937,-0.11403660476207733,0,0
39,RIGHT_WRIST,0.5285611748695374,0.5703817009925842,-0.17104434967041016,0,0
39,LEFT_PINKY,0.5282324552536011,0.6167067289352417,-0.13053832948207855,0,0
39,RIGHT_PINKY,0.534367561340332,0.5607133507728577,-0.1860511153936386,0,0
39,LEFT_INDEX,0.5272253751754761,0.6094808578491211,-0.14293108880519867,0,0
39,RIGHT_INDEX,0.5321547389030457,0.5537862777709961,-0.184129536151886,0,0
39,LEFT_THUMB,0.5251108407974243,0.6098409295082092,-0.1208014041185379,0,0
39,RIGHT_THUMB,0.5297302603721619,0.5557246208190918,-0.16840864717960358,0,0
39,LEFT_HIP,0.5042482018470764,0.7039197683334351,0.010900611989200115,0,0
39,RIGHT_HIP,0.4723843038082123,0.707287609577179,-0.010974946431815624,0,0
39,LEFT_KNEE,0.518161416053772,0.7963123321533203,-0.02961708791553974,0,0
39,RIGHT_KNEE,0.449362188577652,0.8028279542922974,-0.022758007049560547,0,0
39,LEFT_ANKLE,0.5264344811439514,0.8798953890800476,0.08864831924438477,0,0
39,RIGHT_ANKLE,0.4284813106060028,0.8944687247276306,0.061712972819805145,0,0
39,LEFT_HEEL,0.5220319628715515,0.8916326761245728,0.0972004309296608,0,0
39,RIGHT_HEEL,0.429616779088974,0.9026086926460266,0.06777535378932953,0,0
39,LEFT_FOOT_INDEX,0.5334794521331787,0.9234902858734131,0.035200297832489014,0,0
39,RIGHT_FOOT_INDEX,0.41687309741973877,0.9367896318435669,-0.0010700542479753494,0,0
40,NOSE,0.4844580590724945,0.5422225594520569,-0.2002892792224884,0,0
40,LEFT_EYE_INNER,0.4865832030773163,0.5326442122459412,-0.18842163681983948,0,0
40,LEFT_EYE,0.4886751174926758,0.5319914817810059,-0.1884138286113739,0,0
40,LEFT_EYE_OUTER,0.4906393885612488,0.5314161777496338,-0.18842771649360657,0,0
40,RIGHT_EYE_INNER,0.4806860685348511,0.534665584564209,-0.19097603857517242,0,0
40,RIGHT_EYE,0.4788018763065338,0.5353659987449646,-0.1909962296485901,0,0
40,RIGHT_EYE_OUTER,0.4769470989704132,0.5359081625938416,-0.1909974068403244,0,0
40,LEFT_EAR,0.49300676584243774,0.5318669080734253,-0.10642940551042557,0,0
40,RIGHT_EAR,0.47448399662971497,0.5375033020973206,-0.1128910705447197,0,0
40,MOUTH_LEFT,0.489050030708313,0.5486592650413513,-0.16690106689929962,0,0
40,MOUTH_RIGHT,0.48176607489585876,0.5500767230987549,-0.1686989963054657,0,0
40,LEFT_SHOULDER,0.5036166310310364,0.5650911927223206,-0.022066466510295868,0,0
40,RIGHT_SHOULDER,0.4687621295452118,0.5779359340667725,-0.11061490327119827,0,0
40,LEFT_ELBOW,0.5096162557601929,0.6235889196395874,-0.0326911024749279,0,0
40,RIGHT_ELBOW,0.5033932328224182,0.6284175515174866,-0.15358926355838776,0,0
40,LEFT_WRIST,0.5244054198265076,0.6094638109207153,-0.11077632009983063,0,0
40,RIGHT_WRIST,0.5283929109573364,0.577918291091919,-0.1878105252981186,0,0
40,LEFT_PINKY,0.527902364730835,0.6027717590332031,-0.12665951251983643,0,0
40,RIGHT_PINKY,0.5337955355644226,0.5653129816055298,-0.20747752487659454,0,0
40,LEFT_INDEX,0.5270046591758728,0.5947352051734924,-0.13580892980098724,0,0
40,RIGHT_INDEX,0.5315783619880676,0.5576682090759277,-0.20439669489860535,0,0
40,LEFT_THUMB,0.5248543620109558,0.5973728895187378,-0.11717387288808823,0,0
40,RIGHT_THUMB,0.5292310118675232,0.5601681470870972,-0.1871374100446701,0,0
40,LEFT_HIP,0.5038079023361206,0.7081877589225769,0.011208112351596355,0,0
40,RIGHT_HIP,0.4717065989971161,0.712360143661499,-0.011298156343400478,0,0
40,LEFT_KNEE,0.5191001892089844,0.7985623478889465,-0.06431132555007935,0,0
40,RIGHT_KNEE,0.4493041932582855,0.807576060295105,-0.03261063992977142,0,0
40,LEFT_ANKLE,0.5264440774917603,0.8795104026794434,0.07405882328748703,0,0
40,RIGHT_ANKLE,0.429411917924881,0.8902255892753601,0.07671067863702774,0,0
40,LEFT_HEEL,0.5220052003860474,0.8906168937683105,0.08514244109392166,0,0
40,RIGHT_HEEL,0.43012967705726624,0.8971952795982361,0.0865776464343071,0,0
40,LEFT_FOOT_INDEX,0.5336897373199463,0.9234968423843384,0.025414777919650078,0,0
40,RIGHT_FOOT_INDEX,0.4169200360774994,0.9366390705108643,0.02631624974310398,0,0
41,NOSE,0.480998158454895,0.5522752404212952,-0.23005516827106476,0,0
41,LEFT_EYE_INNER,0.4825513958930969,0.5415806770324707,-0.21979102492332458,0,0
41,LEFT_EYE,0.4846622049808502,0.5405358672142029,-0.21977244317531586,0,0
41,LEFT_EYE_OUTER,0.48669713735580444,0.5396530032157898,-0.2198004424571991,0,0
41,RIGHT_EYE_INNER,0.4766654968261719,0.5446640849113464,-0.22161012887954712,0,0
41,RIGHT_EYE,0.4746111035346985,0.5455678105354309,-0.2216522991657257,0,0
41,RIGHT_EYE_OUTER,0.4724856913089752,0.5463510155677795,-0.22166679799556732,0,0
41,LEFT_EAR,0.4895003139972687,0.5395463705062866,-0.14240223169326782,0,0
41,RIGHT_EAR,0.46989157795906067,0.5479328036308289,-0.14645099639892578,0,0
41,MOUTH_LEFT,0.48569807410240173,0.5588642954826355,-0.19835525751113892,0,0
41,MOUTH_RIGHT,0.4782158434391022,0.561568021774292,-0.1997426450252533,0,0
41,LEFT_SHOULDER,0.5023332834243774,0.5745726823806763,-0.055294644087553024,0,0
41,RIGHT_SHOULDER,0.4640880227088928,0.5890715718269348,-0.13178575038909912,0,0
41,LEFT_ELBOW,0.5088712573051453,0.6425525546073914,-0.036230579018592834,0,0
41,RIGHT_ELBOW,0.5020166635513306,0.6457659006118774,-0.16748028993606567,0,0
41,LEFT_WRIST,0.5196472406387329,0.6605920791625977,-0.08790610730648041,0,0
41,RIGHT_WRIST,0.5278263688087463,0.5836703777313232,-0.20540444552898407,0,0
41,LEFT_PINKY,0.5228554010391235,0.6585841774940491,-0.09715313464403152,0,0
41,RIGHT_PINKY,0.5338160395622253,0.5758277773857117,-0.22618836164474487,0,0
41,LEFT_INDEX,0.5229658484458923,0.6544598340988159,-0.10698648542165756,0,0
41,RIGHT_INDEX,0.53195720911026,0.5694720149040222,-0.2234363704919815,0,0
41,LEFT_THUMB,0.5208557844161987,0.6547096371650696,-0.09313651919364929,0,0
41,RIGHT_THUMB,0.5295591354370117,0.5682028532028198,-0.2050473541021347,0,0
41,LEFT_HIP,0.5034659504890442,0.7131672501564026,0.010862688533961773,0,0
41,RIGHT_HIP,0.47013604640960693,0.7180739045143127,-0.010942361317574978,0,0
41,LEFT_KNEE,0.520203173160553,0.8017154335975647,-0.07529336959123611,0,0
41,RIGHT_KNEE,0.4481872022151947,0.8143754005432129,-0.030320696532726288,0,0
41,LEFT_ANKLE,0.5264294147491455,0.8794687390327454,0.07085251063108444,0,0
41,RIGHT_ANKLE,0.42938941717147827,0.8904975056648254,0.095911405980587,0,0
41,LEFT_HEEL,0.521962583065033,0.8904851078987122,0.08275701105594635,0,0
41,RIGHT_HEEL,0.4301595389842987,0.8978782296180725,0.10649844259023666,0,0
41,LEFT_FOOT_INDEX,0.5336958169937134,0.9236683249473572,0.01938531920313835,0,0
41,RIGHT_FOOT_INDEX,0.41686534881591797,0.9369015693664551,0.04373013973236084,0,0
42,NOSE,0.47534820437431335,0.5604567527770996,-0.24953217804431915,0,0
42,LEFT_EYE_INNER,0.4768580496311188,0.5489143133163452,-0.241738960146904,0,0
42,LEFT_EYE,0.4788411855697632,0.5477038621902466,-0.24171413481235504,0,0
42,LEFT_EYE_OUTER,0.48078346252441406,0.5464484691619873,-0.24172841012477875,0,0
42,RIGHT_EYE_INNER,0.471147358417511,0.5512980222702026,-0.24287495017051697,0,0
42,RIGHT_EYE,0.46900126338005066,0.5516636967658997,-0.2429381161928177,0,0
42,RIGHT_EYE_OUTER,0.4668237268924713,0.5518516302108765,-0.24297362565994263,0,0
42,LEFT_EAR,0.48335736989974976,0.5434859395027161,-0.1708643138408661,0,0
42,RIGHT_EAR,0.4640134871006012,0.5516007542610168,-0.1723904013633728,0,0
42,MOUTH_LEFT,0.4793391525745392,0.5674082636833191,-0.21962858736515045,0,0
42,MOUTH_RIGHT,0.4727801978588104,0.5694631934165955,-0.2203521579504013,0,0
42,LEFT_SHOULDER,0.5009480118751526,0.5770207643508911,-0.10240556299686432,0,0
42,RIGHT_SHOULDER,0.4568731188774109,0.596908450126648,-0.14066766202449799,0,0
42,LEFT_ELBOW,0.505854070186615,0.65253746509552,-0.09536679089069366,0,0
42,RIGHT_ELBOW,0.49235740303993225,0.6595945358276367,-0.17240005731582642,0,0
42,LEFT_WRIST,0.491850882768631,0.6852661967277527,-0.13430042564868927,0,0
42,RIGHT_WRIST,0.5268412828445435,0.6255077123641968,-0.22020110487937927,0,0
42,LEFT_PINKY,0.4870249032974243,0.6852642297744751,-0.14586780965328217,0,0
42,RIGHT_PINKY,0.5338665246963501,0.6192154288291931,-0.24312862753868103,0,0
42,LEFT_INDEX,0.4860501289367676,0.6807088255882263,-0.15309514105319977,0,0
42,RIGHT_INDEX,0.5323947072029114,0.6060463786125183,-0.23980000615119934,0,0
42,LEFT_THUMB,0.4881226718425751,0.6820515990257263,-0.13742481172084808,0,0
42,RIGHT_THUMB,0.5293439626693726,0.6085876226425171,-0.2199418842792511,0,0
42,LEFT_HIP,0.5031906366348267,0.7163578271865845,0.002904757158830762,0,0
42,RIGHT_HIP,0.46904733777046204,0.7208987474441528,-0.0029817009344697,0,0
42,LEFT_KNEE,0.5207850933074951,0.8080839514732361,-0.06916022300720215,0,0
42,RIGHT_KNEE,0.44479188323020935,0.8168728947639465,-0.052005283534526825,0,0
42,LEFT_ANKLE,0.5264099836349487,0.8796648979187012,0.080336794257164,0,0
42,RIGHT_ANKLE,0.42906883358955383,0.8923527002334595,0.09355724602937698,0,0
42,LEFT_HEEL,0.5217605829238892,0.8903458118438721,0.08656345307826996,0,0
42,RIGHT_HEEL,0.4301871061325073,0.8993709683418274,0.0978868380188942,0,0
42,LEFT_FOOT_INDEX,0.5339108109474182,0.9238496422767639,0.026274269446730614,0,0
42,RIGHT_FOOT_INDEX,0.4168007969856262,0.9368955492973328,0.029484596103429794,0,0
43,NOSE,0.46936798095703125,0.5655105710029602,-0.2937259376049042,0,0
43,LEFT_EYE_INNER,0.4712081849575043,0.5537293553352356,-0.2841930091381073,0,0
43,LEFT_EYE,0.47311556339263916,0.5525969862937927,-0.28417259454727173,0,0
43,LEFT_EYE_OUTER,0.47517502307891846,0.5514063239097595,-0.2842097878456116,0,0
43,RIGHT_EYE_INNER,0.46550995111465454,0.5557193756103516,-0.2862413227558136,0,0
43,RIGHT_EYE,0.4632638096809387,0.5559294819831848,-0.2863301634788513,0,0
43,RIGHT_EYE_OUTER,0.46102088689804077,0.555938184261322,-0.2863695025444031,0,0
43,LEFT_EAR,0.4784993827342987,0.54853755235672,-0.20508810877799988,0,0
43,RIGHT_EAR,0.4583922326564789,0.5555898547172546,-0.2111346274614334,0,0
43,MOUTH_LEFT,0.4733010530471802,0.5730372667312622,-0.2613067924976349,0,0
43,MOUTH_RIGHT,0.4671006202697754,0.5745996832847595,-0.263263076543808,0,0
43,LEFT_SHOULDER,0.49779215455055237,0.5814034342765808,-0.13394969701766968,0,0
43,RIGHT_SHOULDER,0.44945529103279114,0.6065457463264465,-0.1791452318429947,0,0
43,LEFT_ELBOW,0.5073109865188599,0.6571820974349976,-0.16517439484596252,0,0
43,RIGHT_ELBOW,0.47440963983535767,0.6761897802352905,-0.2252226024866104,0,0
43,LEFT_WRIST,0.5041791796684265,0.6835691928863525,-0.2590276896953583,0,0
43,RIGHT_WRIST,0.5194659233093262,0.6638171076774597,-0.28407490253448486,0,0
43,LEFT_PINKY,0.5020853877067566,0.6879672408103943,-0.2822626531124115,0,0
43,RIGHT_PINKY,0.5286999940872192,0.6587362885475159,-0.31172898411750793,0,0
43,LEFT_INDEX,0.5023738741874695,0.6819209456443787,-0.29131829738616943,0,0
43,RIGHT_INDEX,0.5288527607917786,0.6475313901901245,-0.30759114027023315,0,0
43,LEFT_THUMB,0.5024360418319702,0.6804205775260925,-0.2654809355735779,0,0
43,RIGHT_THUMB,0.5250002145767212,0.6497470140457153,-0.28362005949020386,0,0
43,LEFT_HIP,0.5025172829627991,0.7240634560585022,0.002530745230615139,0,0
43,RIGHT_HIP,0.46837589144706726,0.7280405163764954,-0.002568854484707117,0,0
43,LEFT_KNEE,0.5212391018867493,0.8180449604988098,-0.09051179140806198,0,0
43,RIGHT_KNEE,0.44090986251831055,0.8181788921356201,-0.1080503910779953,0,0
43,LEFT_ANKLE,0.5258843898773193,0.8824378252029419,0.09055611491203308,0,0
43,RIGHT_ANKLE,0.428072065114975,0.8946999907493591,0.046805545687675476,0,0
43,LEFT_HEEL,0.5209841728210449,0.8918765783309937,0.10663758218288422,0,0
43,RIGHT_HEEL,0.4301847815513611,0.9041417837142944,0.058611560612916946,0,0
43,LEFT_FOOT_INDEX,0.5339139699935913,0.924328088760376,0.03373824432492256,0,0
43,RIGHT_FOOT_INDEX,0.4166880249977112,0.9380297064781189,-0.0193098746240139,0,0
44,NOSE,0.4653638005256653,0.565284788608551,-0.2639320194721222,0,0
44,LEFT_EYE_INNER,0.46770450472831726,0.5538588762283325,-0.2554873526096344,0,0
44,LEFT_EYE,0.4699317216873169,0.5528090596199036,-0.255498468875885,0,0
44,LEFT_EYE_OUTER,0.4722346365451813,0.5516934990882874,-0.25555750727653503,0,0
44,RIGHT_EYE_INNER,0.4616176187992096,0.5551598072052002,-0.2559886574745178,0,0
44,RIGHT_EYE,0.4593926966190338,0.5550875067710876,-0.25604093074798584,0,0
44,RIGHT_EYE_OUTER,0.45702022314071655,0.5548800826072693,-0.25607743859291077,0,0
44,LEFT_EAR,0.47576192021369934,0.5487716794013977,-0.17640730738639832,0,0
44,RIGHT_EAR,0.45410290360450745,0.5538889765739441,-0.17700238525867462,0,0
44,MOUTH_LEFT,0.46953120827674866,0.5728188157081604,-0.23145897686481476,0,0
44,MOUTH_RIGHT,0.46255093812942505,0.5744190216064453,-0.2318177968263626,0,0
44,LEFT_SHOULDER,0.49708011746406555,0.5850332975387573,-0.10189633071422577,0,0
44,RIGHT_SHOULDER,0.4422204792499542,0.6081554293632507,-0.17641253769397736,0,0
44,LEFT_ELBOW,0.5077656507492065,0.6528430581092834,-0.13637788593769073,0,0
44,RIGHT_ELBOW,0.4566492736339569,0.6811187863349915,-0.17982640862464905,0,0
44,LEFT_WRIST,0.5289360880851746,0.6770113706588745,-0.2655337452888489,0,0
44,RIGHT_WRIST,0.4903339445590973,0.7036237716674805,-0.2648301422595978,0,0
44,LEFT_PINKY,0.5366567969322205,0.6684650778770447,-0.2943103611469269,0,0
44,RIGHT_PINKY,0.5009580254554749,0.7123030424118042,-0.2921258509159088,0,0
44,LEFT_INDEX,0.5375331044197083,0.6601378917694092,-0.3080206513404846,0,0
44,RIGHT_INDEX,0.5022715330123901,0.7024433016777039,-0.2960408926010132,0,0
44,LEFT_THUMB,0.5335108637809753,0.6636646389961243,-0.27486899495124817,0,0
44,RIGHT_THUMB,0.5007886290550232,0.6977795362472534,-0.26767027378082275,0,0
44,LEFT_HIP,0.502139151096344,0.7272567749023438,0.00022724097652826458,0,0
44,RIGHT_HIP,0.46838709712028503,0.7292026877403259,-0.00015097236610017717,0,0
44,LEFT_KNEE,0.5211220979690552,0.8228895664215088,-0.0683438777923584,0,0
44,RIGHT_KNEE,0.4374094307422638,0.8165095448493958,-0.09505759179592133,0,0
44,LEFT_ANKLE,0.5256727933883667,0.8867183923721313,0.12382940202951431,0,0
44,RIGHT_ANKLE,0.4277242124080658,0.8947005271911621,0.05557812750339508,0,0
44,LEFT_HEEL,0.5209654569625854,0.8959990739822388,0.1381494104862213,0,0
44,RIGHT_HEEL,0.43074890971183777,0.9047876596450806,0.06637785583734512,0,0
44,LEFT_FOOT_INDEX,0.534381091594696,0.9250556230545044,0.060113005340099335,0,0
44,RIGHT_FOOT_INDEX,0.4164787232875824,0.9380269646644592,-0.013770478777587414,0,0
45,NOSE,0.4636175334453583,0.5652315616607666,-0.2504979372024536,0,0
45,LEFT_EYE_INNER,0.46633973717689514,0.5533756613731384,-0.24192331731319427,0,0
45,LEFT_EYE,0.4687706232070923,0.55239337682724,-0.24193136394023895,0,0
45,LEFT_EYE_OUTER,0.47102463245391846,0.5513553619384766,-0.2419765293598175,0,0
45,RIGHT_EYE_INNER,0.45994821190834045,0.5548458099365234,-0.24223145842552185,0,0
45,RIGHT_EYE,0.45785075426101685,0.5549139380455017,-0.24227958917617798,0,0
45,RIGHT_EYE_OUTER,0.45566701889038086,0.5549458265304565,-0.242315873503685,0,0
45,LEFT_EAR,0.47504597902297974,0.548895001411438,-0.1635599136352539,0,0
45,RIGHT_EAR,0.4532226026058197,0.5542016625404358,-0.16377538442611694,0,0
45,MOUTH_LEFT,0.4688993990421295,0.5733341574668884,-0.21836619079113007,0,0
45,MOUTH_RIGHT,0.4610618054866791,0.5745223760604858,-0.21857257187366486,0,0
45,LEFT_SHOULDER,0.4966321289539337,0.5845099687576294,-0.08894916623830795,0,0
45,RIGHT_SHOULDER,0.4422292411327362,0.6075049042701721,-0.12349138408899307,0,0
45,LEFT_ELBOW,0.5084476470947266,0.6478337049484253,-0.10680804401636124,0,0
45,RIGHT_ELBOW,0.453543484210968,0.6745495796203613,-0.15852612257003784,0,0
45,LEFT_WRIST,0.5335907340049744,0.6756572127342224,-0.2224045693874359,0,0
45,RIGHT_WRIST,0.4873025715351105,0.7024953961372375,-0.246391162276268,0,0
45,LEFT_PINKY,0.5399086475372314,0.6606510281562805,-0.2476803958415985,0,0
45,RIGHT_PINKY,0.5024330019950867,0.7116582989692688,-0.27285584807395935,0,0
45,LEFT_INDEX,0.5401625037193298,0.6533098220825195,-0.26364144682884216,0,0
45,RIGHT_INDEX,0.504102349281311,0.7004904747009277,-0.2773415148258209,0,0
45,LEFT_THUMB,0.5364267230033875,0.658721387386322,-0.23193131387233734,0,0
45,RIGHT_THUMB,0.5013821721076965,0.6953567266464233,-0.24934634566307068,0,0
45,LEFT_HIP,0.501944363117218,0.7270725965499878,0.00014823679521214217,0,0
45,RIGHT_HIP,0.46829310059547424,0.7290070652961731,-6.774401117581874e-05,0,0
45,LEFT_KNEE,0.520958423614502,0.82435542345047,-0.06228520721197128,0,0
45,RIGHT_KNEE,0.4370257556438446,0.816982090473175,-0.08096500486135483,0,0
45,LEFT_ANKLE,0.5252619981765747,0.8872348070144653,0.12830519676208496,0,0
45,RIGHT_ANKLE,0.4274798333644867,0.8959192633628845,0.06631343811750412,0,0
45,LEFT_HEEL,0.5209258794784546,0.8968943357467651,0.14207713305950165,0,0
45,RIGHT_HEEL,0.4308148920536041,0.9055344462394714,0.07905075699090958,0,0
45,LEFT_FOOT_INDEX,0.5349562168121338,0.9255133867263794,0.0648321881890297,0,0
45,RIGHT_FOOT_INDEX,0.41648831963539124,0.9380316734313965,-0.013529445044696331,0,0
46,NOSE,0.4606035351753235,0.5657816529273987,-0.19965632259845734,0,0
46,LEFT_EYE_INNER,0.46353304386138916,0.5539737939834595,-0.19270139932632446,0,0
46,LEFT_EYE,0.46603187918663025,0.5530164241790771,-0.19269321858882904,0,0
46,LEFT_EYE_OUTER,0.4683413505554199,0.5521038174629211,-0.19272585213184357,0,0
46,RIGHT_EYE_INNER,0.45760875940322876,0.555359423160553,-0.1907844990491867,0,0
46,RIGHT_EYE,0.4557865858078003,0.555363655090332,-0.19084492325782776,0,0
46,RIGHT_EYE_OUTER,0.4538055658340454,0.5553696155548096,-0.19089488685131073,0,0
46,LEFT_EAR,0.4728386700153351,0.5501046776771545,-0.12561731040477753,0,0
46,RIGHT_EAR,0.45250752568244934,0.554250180721283,-0.11656467616558075,0,0
46,MOUTH_LEFT,0.46588823199272156,0.5740657448768616,-0.17222300171852112,0,0
46,MOUTH_RIGHT,0.45857179164886475,0.5744901299476624,-0.16989706456661224,0,0
46,LEFT_SHOULDER,0.4964730143547058,0.5898408889770508,-0.07051064819097519,0,0
46,RIGHT_SHOULDER,0.43947431445121765,0.6055513620376587,-0.06711028516292572,0,0
46,LEFT_ELBOW,0.5132003426551819,0.647925853729248,-0.08043283969163895,0,0
46,RIGHT_ELBOW,0.4334021508693695,0.6668275594711304,-0.09401648491621017,0,0
46,LEFT_WRIST,0.5220444202423096,0.671396017074585,-0.14793041348457336,0,0
46,RIGHT_WRIST,0.45812490582466125,0.6843482255935669,-0.18747900426387787,0,0
46,LEFT_PINKY,0.5196447372436523,0.67237389087677,-0.16214397549629211,0,0
46,RIGHT_PINKY,0.4664496183395386,0.6892858743667603,-0.20869755744934082,0,0
46,LEFT_INDEX,0.5175001621246338,0.6648339033126831,-0.1662195473909378,0,0
46,RIGHT_INDEX,0.4670444428920746,0.6872450709342957,-0.21148091554641724,0,0
46,LEFT_THUMB,0.5165773034095764,0.664375364780426,-0.15053138136863708,0,0
46,RIGHT_THUMB,0.46499645709991455,0.684119462966919,-0.19016434252262115,0,0
46,LEFT_HIP,0.5002636313438416,0.7284696102142334,-0.004459500312805176,0,0
46,RIGHT_HIP,0.46680301427841187,0.7303261160850525,0.00448443042114377,0,0
46,LEFT_KNEE,0.5192303657531738,0.8247133493423462,-0.059947606176137924,0,0
46,RIGHT_KNEE,0.43421855568885803,0.8189148306846619,-0.08621421456336975,0,0
46,LEFT_ANKLE,0.5252280831336975,0.8891726136207581,0.09894069284200668,0,0
46,RIGHT_ANKLE,0.4274364709854126,0.897411584854126,0.05580887570977211,0,0
46,LEFT_HEEL,0.5213506817817688,0.8983553647994995,0.10962720960378647,0,0
46,RIGHT_HEEL,0.4314318299293518,0.9067106246948242,0.06683551520109177,0,0
46,LEFT_FOOT_INDEX,0.5352290272712708,0.9256967902183533,0.03527400642633438,0,0
46,RIGHT_FOOT_INDEX,0.4164588153362274,0.9380425810813904,-0.006264478899538517,0,0
47,NOSE,0.4563902020454407,0.5625738501548767,-0.18206320703029633,0,0
47,LEFT_EYE_INNER,0.4604852497577667,0.5512056946754456,-0.1757698804140091,0,0
47,LEFT_EYE,0.4630146324634552,0.5503732562065125,-0.1757459193468094,0,0
47,LEFT_EYE_OUTER,0.46553340554237366,0.5496330261230469,-0.17576342821121216,0,0
47,RIGHT_EYE_INNER,0.45524874329566956,0.5523896813392639,-0.17212697863578796,0,0
47,RIGHT_EYE,0.4539426863193512,0.5524008870124817,-0.17219577729701996,0,0
47,RIGHT_EYE_OUTER,0.45245039463043213,0.5524399876594543,-0.1722385287284851,0,0
47,LEFT_EAR,0.47154635190963745,0.5491712689399719,-0.117280013859272,0,0
47,RIGHT_EAR,0.453395277261734,0.5517112016677856,-0.1014765277504921,0,0
47,MOUTH_LEFT,0.46111899614334106,0.5711544752120972,-0.15851786732673645,0,0
47,MOUTH_RIGHT,0.45491743087768555,0.5712795853614807,-0.15420855581760406,0,0
47,LEFT_SHOULDER,0.49635255336761475,0.5928418636322021,-0.07113885134458542,0,0
47,RIGHT_SHOULDER,0.4391242563724518,0.6023778915405273,-0.053819622844457626,0,0
47,LEFT_ELBOW,0.5172893404960632,0.648836612701416,-0.05661923438310623,0,0
47,RIGHT_ELBOW,0.41999518871307373,0.6652748584747314,-0.0945856124162674,0,0
47,LEFT_WRIST,0.5145668387413025,0.6887347102165222,-0.07089933753013611,0,0
47,RIGHT_WRIST,0.43441295623779297,0.6691060662269592,-0.1983644813299179,0,0
47,LEFT_PINKY,0.5130669474601746,0.7053666114807129,-0.07614728808403015,0,0
47,RIGHT_PINKY,0.437784880399704,0.6731805205345154,-0.22098912298679352,0,0
47,LEFT_INDEX,0.5093140006065369,0.701468825340271,-0.0832505002617836,0,0
47,RIGHT_INDEX,0.4412546455860138,0.6666359305381775,-0.22318078577518463,0,0
47,LEFT_THUMB,0.5089763402938843,0.6962613463401794,-0.07265923917293549,0,0
47,RIGHT_THUMB,0.4413881003856659,0.6652424931526184,-0.1990813910961151,0,0
47,LEFT_HIP,0.49735313653945923,0.7344819903373718,-0.006956665776669979,0,0
47,RIGHT_HIP,0.464455783367157,0.7354006171226501,0.006905387621372938,0,0
47,LEFT_KNEE,0.5167620778083801,0.8329816460609436,-0.05229891836643219,0,0
47,RIGHT_KNEE,0.4312952756881714,0.8240195512771606,-0.07825934141874313,0,0
47,LEFT_ANKLE,0.5252196788787842,0.8895830512046814,0.11448533087968826,0,0
47,RIGHT_ANKLE,0.4273557960987091,0.8973094820976257,0.058084215968847275,0,0
47,LEFT_HEEL,0.5218678712844849,0.8978455066680908,0.12674269080162048,0,0
47,RIGHT_HEEL,0.4319188892841339,0.9066746830940247,0.07268679887056351,0,0
47,LEFT_FOOT_INDEX,0.535233736038208,0.9266959428787231,0.05929839238524437,0,0
47,RIGHT_FOOT_INDEX,0.41599205136299133,0.9380118250846863,0.012112214230000973,0,0
48,NOSE,0.45503953099250793,0.5613740682601929,-0.19449858367443085,0,0
48,LEFT_EYE_INNER,0.45955976843833923,0.5510966777801514,-0.1871349811553955,0,0
48,LEFT_EYE,0.4618413746356964,0.5494537353515625,-0.18711987137794495,0,0
48,LEFT_EYE_OUTER,0.46424227952957153,0.548224687576294,-0.18714742362499237,0,0
48,RIGHT_EYE_INNER,0.4549016058444977,0.5496180057525635,-0.1836506724357605,0,0
48,RIGHT_EYE,0.4537709355354309,0.5486579537391663,-0.1837092489004135,0,0
48,RIGHT_EYE_OUTER,0.4526309072971344,0.5478333830833435,-0.18372708559036255,0,0
48,LEFT_EAR,0.47130534052848816,0.5474424958229065,-0.12407232075929642,0,0
48,RIGHT_EAR,0.4546484053134918,0.5504131317138672,-0.10996761918067932,0,0
48,MOUTH_LEFT,0.4593513309955597,0.5694996118545532,-0.1694888025522232,0,0
48,MOUTH_RIGHT,0.45395711064338684,0.5699642896652222,-0.16571083664894104,0,0
48,LEFT_SHOULDER,0.4952564835548401,0.5921630263328552,-0.08523876219987869,0,0
48,RIGHT_SHOULDER,0.4391683340072632,0.6006140112876892,-0.057564761489629745,0,0
48,LEFT_ELBOW,0.5179378986358643,0.6494035124778748,-0.07799779623746872,0,0
48,RIGHT_ELBOW,0.41552427411079407,0.6417127847671509,-0.11767946928739548,0,0
48,LEFT_WRIST,0.5172366499900818,0.713128924369812,-0.10719370096921921,0,0
48,RIGHT_WRIST,0.4138689339160919,0.6251906156539917,-0.2826133370399475,0,0
48,LEFT_PINKY,0.5190107822418213,0.7295116782188416,-0.1174716055393219,0,0
48,RIGHT_PINKY,0.413438618183136,0.6221338510513306,-0.3117048144340515,0,0
48,LEFT_INDEX,0.5094456672668457,0.7305136322975159,-0.12812374532222748,0,0
48,RIGHT_INDEX,0.41741758584976196,0.6183194518089294,-0.3121638000011444,0,0
48,LEFT_THUMB,0.5102745890617371,0.7262428998947144,-0.11059442162513733,0,0
48,RIGHT_THUMB,0.41949567198753357,0.6217077970504761,-0.2872585654258728,0,0
48,LEFT_HIP,0.49449288845062256,0.7360610961914062,-0.008126444183290005,0,0
48,RIGHT_HIP,0.4622272253036499,0.736966073513031,0.008063827641308308,0,0
48,LEFT_KNEE,0.5128036737442017,0.833587110042572,-0.029000554233789444,0,0
48,RIGHT_KNEE,0.4297254681587219,0.8264389038085938,-0.07823265343904495,0,0
48,LEFT_ANKLE,0.5249388813972473,0.8895210027694702,0.15178082883358002,0,0
48,RIGHT_ANKLE,0.4273417592048645,0.8960013389587402,0.06209350749850273,0,0
48,LEFT_HEEL,0.5219929814338684,0.8976319432258606,0.16561436653137207,0,0
48,RIGHT_HEEL,0.4322691559791565,0.9059433937072754,0.07710210978984833,0,0
48,LEFT_FOOT_INDEX,0.534739077091217,0.9268664121627808,0.09950567781925201,0,0
48,RIGHT_FOOT_INDEX,0.41584452986717224,0.9380092024803162,0.014969204552471638,0,0
49,NOSE,0.4551251232624054,0.5516279339790344,-0.1788083016872406,0,0
49,LEFT_EYE_INNER,0.46000367403030396,0.5421354174613953,-0.1733878254890442,0,0
49,LEFT_EYE,0.4623086154460907,0.5418761372566223,-0.17340169847011566,0,0
49,LEFT_EYE_OUTER,0.46479782462120056,0.5416581034660339,-0.1734415739774704,0,0
49,RIGHT_EYE_INNER,0.45540741086006165,0.5399495363235474,-0.16933172941207886,0,0
49,RIGHT_EYE,0.45435065031051636,0.5389900803565979,-0.1693596988916397,0,0
49,RIGHT_EYE_OUTER,0.45327621698379517,0.5380343794822693,-0.16937990486621857,0,0
49,LEFT_EAR,0.4722285270690918,0.5456235408782959,-0.12238764762878418,0,0
49,RIGHT_EAR,0.45595064759254456,0.5415117144584656,-0.10566005855798721,0,0
49,MOUTH_LEFT,0.4593435227870941,0.5621427297592163,-0.15865658223628998,0,0
49,MOUTH_RIGHT,0.4538915455341339,0.5609077215194702,-0.1537933647632599,0,0
49,LEFT_SHOULDER,0.4952218234539032,0.5901265740394592,-0.10064447671175003,0,0
49,RIGHT_SHOULDER,0.4401940405368805,0.5931857824325562,-0.04943369701504707,0,0
49,LEFT_ELBOW,0.5183889865875244,0.648272693157196,-0.11333969235420227,0,0
49,RIGHT_ELBOW,0.4128803014755249,0.6241613030433655,-0.04684891924262047,0,0
49,LEFT_WRIST,0.5224964618682861,0.7120314836502075,-0.16150453686714172,0,0
49,RIGHT_WRIST,0.37103137373924255,0.6294936537742615,-0.11296825855970383,0,0
49,LEFT_PINKY,0.5271031856536865,0.7293606400489807,-0.17720484733581543,0,0
49,RIGHT_PINKY,0.35792186856269836,0.6281141638755798,-0.12904326617717743,0,0
49,LEFT_INDEX,0.521109402179718,0.729995608329773,-0.19192363321781158,0,0
49,RIGHT_INDEX,0.355166494846344,0.6239237189292908,-0.14732946455478668,0,0
49,LEFT_THUMB,0.5193549394607544,0.7262871265411377,-0.16790717840194702,0,0
49,RIGHT_THUMB,0.36550578474998474,0.6264528036117554,-0.12418941408395767,0,0
49,LEFT_HIP,0.4926437437534332,0.7343514561653137,-0.011003104038536549,0,0
49,RIGHT_HIP,0.4605572819709778,0.734377920627594,0.010962915606796741,0,0
49,LEFT_KNEE,0.509921669960022,0.8347777128219604,-0.03223278000950813,0,0
49,RIGHT_KNEE,0.4290313720703125,0.8264927864074707,-0.0738026425242424,0,0
49,LEFT_ANKLE,0.5245872735977173,0.8895851969718933,0.14200209081172943,0,0
49,RIGHT_ANKLE,0.42728424072265625,0.8960679769515991,0.06360825896263123,0,0
49,LEFT_HEEL,0.5220672488212585,0.8975607752799988,0.15584462881088257,0,0
49,RIGHT_HEEL,0.43236491084098816,0.9066500663757324,0.07691337168216705,0,0
49,LEFT_FOOT_INDEX,0.534237802028656,0.9275676608085632,0.09458357840776443,0,0
49,RIGHT_FOOT_INDEX,0.4156319797039032,0.9383350610733032,0.015318408608436584,0,0
50,NOSE,0.45516592264175415,0.541044294834137,-0.1530471295118332,0,0
50,LEFT_EYE_INNER,0.4602715075016022,0.5318958759307861,-0.14830726385116577,0,0
50,LEFT_EYE,0.4625244140625,0.5320411920547485,-0.1483461856842041,0,0
50,LEFT_EYE_OUTER,0.464896559715271,0.5322989821434021,-0.14840367436408997,0,0
50,RIGHT_EYE_INNER,0.455973744392395,0.5304310917854309,-0.1412186324596405,0,0
50,RIGHT_EYE,0.45502766966819763,0.5297367572784424,-0.14120984077453613,0,0
50,RIGHT_EYE_OUTER,0.45403581857681274,0.5289361476898193,-0.14121189713478088,0,0
50,LEFT_EAR,0.47242558002471924,0.53803551197052,-0.10369925945997238,0,0
50,RIGHT_EAR,0.456746906042099,0.5319328904151917,-0.07345876842737198,0,0
50,MOUTH_LEFT,0.45906132459640503,0.5525602698326111,-0.13550777733325958,0,0
50,MOUTH_RIGHT,0.45399850606918335,0.5511937141418457,-0.12690550088882446,0,0
50,LEFT_SHOULDER,0.49437224864959717,0.5894515514373779,-0.09559604525566101,0,0
50,RIGHT_SHOULDER,0.4421458840370178,0.5828404426574707,-0.010150856338441372,0,0
50,LEFT_ELBOW,0.5178908109664917,0.6484948396682739,-0.11678851395845413,0,0
50,RIGHT_ELBOW,0.41580265760421753,0.5955591201782227,-0.01610436663031578,0,0
50,LEFT_WRIST,0.5268247127532959,0.7135061025619507,-0.16545717418193817,0,0
50,RIGHT_WRIST,0.3840641677379608,0.5946648120880127,-0.10183915495872498,0,0
50,LEFT_PINKY,0.534381628036499,0.7317942976951599,-0.1803683191537857,0,0
50,RIGHT_PINKY,0.3733823001384735,0.6006300449371338,-0.11755882948637009,0,0
50,LEFT_INDEX,0.5307242274284363,0.7334310412406921,-0.1958443522453308,0,0
50,RIGHT_INDEX,0.37384331226348877,0.599689245223999,-0.1322779506444931,0,0
50,LEFT_THUMB,0.5279138684272766,0.7297435402870178,-0.1720643788576126,0,0
50,RIGHT_THUMB,0.37816542387008667,0.6017335653305054,-0.11253818869590759,0,0
50,LEFT_HIP,0.49113887548446655,0.7324046492576599,-0.017249586060643196,0,0
50,RIGHT_HIP,0.45920464396476746,0.7332902550697327,0.017200537025928497,0,0
50,LEFT_KNEE,0.5077806115150452,0.8312152624130249,-0.027244683355093002,0,0
50,RIGHT_KNEE,0.429504930973053,0.8255019187927246,-0.052868373692035675,0,0
50,LEFT_ANKLE,0.5248015522956848,0.8898393511772156,0.15144482254981995,0,0
50,RIGHT_ANKLE,0.42716115713119507,0.8960657715797424,0.08807872235774994,0,0
50,LEFT_HEEL,0.5232700705528259,0.8972988128662109,0.16576483845710754,0,0
50,RIGHT_HEEL,0.4323574900627136,0.9072099924087524,0.09921064227819443,0,0
50,LEFT_FOOT_INDEX,0.5334801077842712,0.9276986718177795,0.10257097333669662,0,0
50,RIGHT_FOOT_INDEX,0.41556498408317566,0.9383835792541504,0.038956623524427414,0,0
51,NOSE,0.4554489552974701,0.5378082394599915,-0.1526142805814743,0,0
51,LEFT_EYE_INNER,0.4604351818561554,0.5282743573188782,-0.1476188451051712,0,0
51,LEFT_EYE,0.4627208411693573,0.5283328294754028,-0.14765577018260956,0,0
51,LEFT_EYE_OUTER,0.46509426832199097,0.5285221338272095,-0.14771147072315216,0,0
51,RIGHT_EYE_INNER,0.45614323019981384,0.527510404586792,-0.1403239518404007,0,0
51,RIGHT_EYE,0.45521461963653564,0.5270331501960754,-0.14031487703323364,0,0
51,RIGHT_EYE_OUTER,0.4542546272277832,0.5264608860015869,-0.14031127095222473,0,0
51,LEFT_EAR,0.47262805700302124,0.5339685082435608,-0.10057873278856277,0,0
51,RIGHT_EAR,0.4572300314903259,0.5289605259895325,-0.06940412521362305,0,0
51,MOUTH_LEFT,0.45956528186798096,0.549063503742218,-0.1341693103313446,0,0
51,MOUTH_RIGHT,0.4543042778968811,0.5481269955635071,-0.12530121207237244,0,0
51,LEFT_SHOULDER,0.4944358766078949,0.588790237903595,-0.09070584177970886,0,0
51,RIGHT_SHOULDER,0.44311991333961487,0.580282986164093,-0.00376415578648448,0,0
51,LEFT_ELBOW,0.5175178050994873,0.6486809849739075,-0.10845783352851868,0,0
51,RIGHT_ELBOW,0.41943126916885376,0.5950321555137634,0.004629358649253845,0,0
51,LEFT_WRIST,0.5278866291046143,0.7135547995567322,-0.16052031517028809,0,0
51,RIGHT_WRIST,0.3875653147697449,0.590538501739502,-0.06898460537195206,0,0
51,LEFT_PINKY,0.5359295606613159,0.7316620945930481,-0.17512841522693634,0,0
51,RIGHT_PINKY,0.37749168276786804,0.5967443585395813,-0.08255665004253387,0,0
51,LEFT_INDEX,0.5325611233711243,0.7332860231399536,-0.19151398539543152,0,0
51,RIGHT_INDEX,0.37798991799354553,0.5955017805099487,-0.09662190824747086,0,0
51,LEFT_THUMB,0.5295554995536804,0.7297550439834595,-0.16761377453804016,0,0
51,RIGHT_THUMB,0.38124924898147583,0.5953142642974854,-0.07898448407649994,0,0
51,LEFT_HIP,0.4909047782421112,0.7312230467796326,-0.01734689623117447,0,0
51,RIGHT_HIP,0.45887282490730286,0.732465386390686,0.017297666519880295,0,0
51,LEFT_KNEE,0.5071688294410706,0.8293747305870056,-0.021214401349425316,0,0
51,RIGHT_KNEE,0.4298044741153717,0.8257336616516113,-0.038117535412311554,0,0
51,LEFT_ANKLE,0.524932324886322,0.8898213505744934,0.1576329916715622,0,0
51,RIGHT_ANKLE,0.42715874314308167,0.8960558176040649,0.10830283910036087,0,0
51,LEFT_HEEL,0.5236698985099792,0.8972228765487671,0.17198430001735687,0,0
51,RIGHT_HEEL,0.4324340224266052,0.9071693420410156,0.11961697041988373,0,0
51,LEFT_FOOT_INDEX,0.5323202013969421,0.9275946617126465,0.1056535616517067,0,0
51,RIGHT_FOOT_INDEX,0.4155680239200592,0.9388487935066223,0.05754423886537552,0,0
52,NOSE,0.45484668016433716,0.5246476531028748,-0.14223770797252655,0,0
52,LEFT_EYE_INNER,0.46013060212135315,0.5175372362136841,-0.13702517747879028,0,0
52,LEFT_EYE,0.46230289340019226,0.5178179144859314,-0.1370421051979065,0,0
52,LEFT_EYE_OUTER,0.4644995331764221,0.5181570053100586,-0.1370745748281479,0,0
52,RIGHT_EYE_INNER,0.45625513792037964,0.5166652798652649,-0.12821803987026215,0,0
52,RIGHT_EYE,0.45549553632736206,0.5163890719413757,-0.12823085486888885,0,0
52,RIGHT_EYE_OUTER,0.45469188690185547,0.5160269141197205,-0.12823155522346497,0,0
52,LEFT_EAR,0.4722631871700287,0.5247122645378113,-0.09149915724992752,0,0
52,RIGHT_EAR,0.45788365602493286,0.5205861926078796,-0.053878333419561386,0,0
52,MOUTH_LEFT,0.45874419808387756,0.5361738204956055,-0.12514588236808777,0,0
52,MOUTH_RIGHT,0.45413878560066223,0.5343021154403687,-0.11453507840633392,0,0
52,LEFT_SHOULDER,0.49414774775505066,0.5825956463813782,-0.08066069334745407,0,0
52,RIGHT_SHOULDER,0.4436045289039612,0.5723878145217896,0.009051251225173473,0,0
52,LEFT_ELBOW,0.5168445110321045,0.6482524871826172,-0.10434912890195847,0,0
52,RIGHT_ELBOW,0.4213062524795532,0.5770429968833923,0.004911576863378286,0,0
52,LEFT_WRIST,0.5284844040870667,0.7114552855491638,-0.13515131175518036,0,0
52,RIGHT_WRIST,0.4039955735206604,0.5607043504714966,-0.07044466584920883,0,0
52,LEFT_PINKY,0.5375219583511353,0.7290859222412109,-0.14625859260559082,0,0
52,RIGHT_PINKY,0.3950020372867584,0.5566830039024353,-0.08506379276514053,0,0
52,LEFT_INDEX,0.5340595245361328,0.730582594871521,-0.1639721542596817,0,0
52,RIGHT_INDEX,0.39556920528411865,0.555256187915802,-0.08841601759195328,0,0
52,LEFT_THUMB,0.5307313799858093,0.7272095680236816,-0.14215070009231567,0,0
52,RIGHT_THUMB,0.3998335301876068,0.557372510433197,-0.07606196403503418,0,0
52,LEFT_HIP,0.49032992124557495,0.7269673943519592,-0.017410658299922943,0,0
52,RIGHT_HIP,0.45778799057006836,0.726033627986908,0.01734306290745735,0,0
52,LEFT_KNEE,0.5071293711662292,0.8258193135261536,-0.021702677011489868,0,0
52,RIGHT_KNEE,0.43058642745018005,0.8251141309738159,-0.04503263160586357,0,0
52,LEFT_ANKLE,0.5250003337860107,0.8896438479423523,0.15506090223789215,0,0
52,RIGHT_ANKLE,0.4271658957004547,0.8964382410049438,0.09567137807607651,0,0
52,LEFT_HEEL,0.5238447785377502,0.8970483541488647,0.16900776326656342,0,0
52,RIGHT_HEEL,0.4325779378414154,0.9073259830474854,0.1063234880566597,0,0
52,LEFT_FOOT_INDEX,0.5319797992706299,0.9275311231613159,0.09967468678951263,0,0
52,RIGHT_FOOT_INDEX,0.41559457778930664,0.9389615654945374,0.04031394049525261,0,0
53,NOSE,0.45509111881256104,0.5167524814605713,-0.15063852071762085,0,0
53,LEFT_EYE_INNER,0.46039751172065735,0.5090558528900146,-0.1467943638563156,0,0
53,LEFT_EYE,0.46248266100883484,0.5091551542282104,-0.14680854976177216,0,0
53,LEFT_EYE_OUTER,0.46457424759864807,0.5092969536781311,-0.14683897793293,0,0
53,RIGHT_EYE_INNER,0.4567422866821289,0.5085260272026062,-0.136686772108078,0,0
53,RIGHT_EYE,0.45601987838745117,0.5082130432128906,-0.13670286536216736,0,0
53,RIGHT_EYE_OUTER,0.4552004635334015,0.5078757405281067,-0.13670696318149567,0,0
53,LEFT_EAR,0.47257035970687866,0.5153018236160278,-0.10319983959197998,0,0
53,RIGHT_EAR,0.46023136377334595,0.5119985342025757,-0.061265092343091965,0,0
53,MOUTH_LEFT,0.45909321308135986,0.5277022123336792,-0.13438597321510315,0,0
53,MOUTH_RIGHT,0.45463821291923523,0.5262657403945923,-0.12228856235742569,0,0
53,LEFT_SHOULDER,0.49377134442329407,0.5734355449676514,-0.088530994951725,0,0
53,RIGHT_SHOULDER,0.44567498564720154,0.5612309575080872,-0.005995646119117737,0,0
53,LEFT_ELBOW,0.5151509046554565,0.6441197395324707,-0.10573860257863998,0,0
53,RIGHT_ELBOW,0.4252508878707886,0.5619920492172241,-0.021909110248088837,0,0
53,LEFT_WRIST,0.5276917219161987,0.7089120745658875,-0.1305866241455078,0,0
53,RIGHT_WRIST,0.4159994423389435,0.5417202115058899,-0.21413575112819672,0,0
53,LEFT_PINKY,0.5362278819084167,0.7276903986930847,-0.14121565222740173,0,0
53,RIGHT_PINKY,0.41223853826522827,0.5299652814865112,-0.24106213450431824,0,0
53,LEFT_INDEX,0.5328664183616638,0.7293678522109985,-0.15700559318065643,0,0
53,RIGHT_INDEX,0.41425424814224243,0.5277761220932007,-0.24140112102031708,0,0
53,LEFT_THUMB,0.5297078490257263,0.7261650562286377,-0.13611440360546112,0,0
53,RIGHT_THUMB,0.41674646735191345,0.5328260660171509,-0.2205350250005722,0,0
53,LEFT_HIP,0.49001699686050415,0.7213788628578186,-0.018114332109689713,0,0
53,RIGHT_HIP,0.4574223756790161,0.7197373509407043,0.01801248826086521,0,0
53,LEFT_KNEE,0.5071168541908264,0.8184245228767395,0.0023038205690681934,0,0
53,RIGHT_KNEE,0.43099477887153625,0.8236390352249146,-0.01781296171247959,0,0
53,LEFT_ANKLE,0.5251201391220093,0.8895233273506165,0.16429899632930756,0,0
53,RIGHT_ANKLE,0.42722299695014954,0.8969729542732239,0.10729881376028061,0,0
53,LEFT_HEEL,0.5241938233375549,0.896969735622406,0.17633174359798431,0,0
53,RIGHT_HEEL,0.4329104423522949,0.9080808162689209,0.1164189875125885,0,0
53,LEFT_FOOT_INDEX,0.5320667624473572,0.9276816844940186,0.10436366498470306,0,0
53,RIGHT_FOOT_INDEX,0.4155748784542084,0.9388933181762695,0.05113482475280762,0,0
54,NOSE,0.45555827021598816,0.5095544457435608,-0.1585688292980194,0,0
54,LEFT_EYE_INNER,0.4606393277645111,0.5019602179527283,-0.15738075971603394,0,0
54,LEFT_EYE,0.46273577213287354,0.5019637942314148,-0.15739768743515015,0,0
54,LEFT_EYE_OUTER,0.4648584723472595,0.5020149946212769,-0.15743184089660645,0,0
54,RIGHT_EYE_INNER,0.4570750892162323,0.501688539981842,-0.14718107879161835,0,0
54,RIGHT_EYE,0.4563806653022766,0.5014041662216187,-0.1471790224313736,0,0
54,RIGHT_EYE_OUTER,0.4555152654647827,0.501132607460022,-0.14716915786266327,0,0
54,LEFT_EAR,0.47287553548812866,0.5073717832565308,-0.12545986473560333,0,0
54,RIGHT_EAR,0.4614066183567047,0.5051282644271851,-0.07768809795379639,0,0
54,MOUTH_LEFT,0.4600120782852173,0.5204042196273804,-0.1440618634223938,0,0
54,MOUTH_RIGHT,0.45543062686920166,0.5188884139060974,-0.13189293444156647,0,0
54,LEFT_SHOULDER,0.49393871426582336,0.5664612650871277,-0.11492554843425751,0,0
54,RIGHT_SHOULDER,0.4498649835586548,0.5519325733184814,-0.012519053183495998,0,0
54,LEFT_ELBOW,0.5139440298080444,0.6406921148300171,-0.11819406598806381,0,0
54,RIGHT_ELBOW,0.43055233359336853,0.5418065786361694,0.08055626600980759,0,0
54,LEFT_WRIST,0.5267416834831238,0.7072575092315674,-0.1326221525669098,0,0
54,RIGHT_WRIST,0.4345604181289673,0.5182219743728638,0.1337546408176422,0,0
54,LEFT_PINKY,0.5360913872718811,0.7266214489936829,-0.14156125485897064,0,0
54,RIGHT_PINKY,0.43415915966033936,0.5121955871582031,0.13576795160770416,0,0
54,LEFT_INDEX,0.5327057242393494,0.7281753420829773,-0.15929760038852692,0,0
54,RIGHT_INDEX,0.43599703907966614,0.5129547715187073,0.12849722802639008,0,0
54,LEFT_THUMB,0.529273271560669,0.7245314121246338,-0.13870711624622345,0,0
54,RIGHT_THUMB,0.4372543692588806,0.5155524015426636,0.13016514480113983,0,0
54,LEFT_HIP,0.4892488718032837,0.7165006399154663,-0.01952112838625908,0,0
54,RIGHT_HIP,0.4565398395061493,0.7129440903663635,0.019463419914245605,0,0
54,LEFT_KNEE,0.5066224336624146,0.8105019330978394,0.023741936311125755,0,0
54,RIGHT_KNEE,0.4333672523498535,0.8169516921043396,0.016855087131261826,0,0
54,LEFT_ANKLE,0.5247835516929626,0.8866665363311768,0.1715691089630127,0,0
54,RIGHT_ANKLE,0.427311509847641,0.8961750268936157,0.12900130450725555,0,0
54,LEFT_HEEL,0.5234046578407288,0.8943977952003479,0.18284295499324799,0,0
54,RIGHT_HEEL,0.43291667103767395,0.9078446626663208,0.1364302784204483,0,0
54,LEFT_FOOT_INDEX,0.5315899848937988,0.9266095757484436,0.1147036999464035,0,0
54,RIGHT_FOOT_INDEX,0.4161307215690613,0.9379171133041382,0.07295867800712585,0,0
55,NOSE,0.4550047814846039,0.5027610063552856,-0.09853259474039078,0,0
55,LEFT_EYE_INNER,0.4596925973892212,0.4968068301677704,-0.10559471696615219,0,0
55,LEFT_EYE,0.461325466632843,0.496944785118103,-0.10562042146921158,0,0
55,LEFT_EYE_OUTER,0.46294575929641724,0.49709010124206543,-0.10565277189016342,0,0
55,RIGHT_EYE_INNER,0.4571940004825592,0.4963354170322418,-0.08949539065361023,0,0
55,RIGHT_EYE,0.4566320776939392,0.4960956573486328,-0.08947215974330902,0,0
55,RIGHT_EYE_OUTER,0.4556959569454193,0.49586090445518494,-0.08946461975574493,0,0
55,LEFT_EAR,0.47154122591018677,0.5030896663665771,-0.1090720146894455,0,0
55,RIGHT_EAR,0.4626919627189636,0.5008789300918579,-0.036378443241119385,0,0
55,MOUTH_LEFT,0.4588017463684082,0.5125627517700195,-0.09762618690729141,0,0
55,MOUTH_RIGHT,0.4556093215942383,0.5115563273429871,-0.0771310031414032,0,0
55,LEFT_SHOULDER,0.49352625012397766,0.5604488253593445,-0.11106304079294205,0,0
55,RIGHT_SHOULDER,0.4531300663948059,0.5484469532966614,0.024543967097997665,0,0
55,LEFT_ELBOW,0.5119574069976807,0.6377487182617188,-0.12571533024311066,0,0
55,RIGHT_ELBOW,0.4476304352283478,0.5452390313148499,0.16769123077392578,0,0
55,LEFT_WRIST,0.5223191380500793,0.7078399658203125,-0.13244305551052094,0,0
55,RIGHT_WRIST,0.4443154036998749,0.5112634301185608,0.28599652647972107,0,0
55,LEFT_PINKY,0.5289266109466553,0.7288996577262878,-0.1387687474489212,0,0
55,RIGHT_PINKY,0.44513505697250366,0.5035125613212585,0.2981720268726349,0,0
55,LEFT_INDEX,0.5252300500869751,0.7305512428283691,-0.15581431984901428,0,0
55,RIGHT_INDEX,0.4463360011577606,0.5049068331718445,0.29082340002059937,0,0
55,LEFT_THUMB,0.52214515209198,0.7268486022949219,-0.13765916228294373,0,0
55,RIGHT_THUMB,0.44688695669174194,0.5090643763542175,0.28363797068595886,0,0
55,LEFT_HIP,0.4884139895439148,0.7106664776802063,-0.025132592767477036,0,0
55,RIGHT_HIP,0.45549145340919495,0.7074764370918274,0.02508525922894478,0,0
55,LEFT_KNEE,0.506648063659668,0.8047125935554504,0.018135420978069305,0,0
55,RIGHT_KNEE,0.4344649910926819,0.8127726912498474,0.031808946281671524,0,0
55,LEFT_ANKLE,0.5249017477035522,0.8846118450164795,0.16120083630084991,0,0
55,RIGHT_ANKLE,0.4279007911682129,0.896176815032959,0.14142055809497833,0,0
55,LEFT_HEEL,0.5239275097846985,0.8923815488815308,0.17281189560890198,0,0
55,RIGHT_HEEL,0.4332958161830902,0.9087812304496765,0.14890305697917938,0,0
55,LEFT_FOOT_INDEX,0.5316364169120789,0.9265707731246948,0.10729937255382538,0,0
55,RIGHT_FOOT_INDEX,0.4163724482059479,0.9379052519798279,0.09163589775562286,0,0
56,NOSE,0.45505329966545105,0.5028004050254822,-0.12009429931640625,0,0
56,LEFT_EYE_INNER,0.4596494138240814,0.49626222252845764,-0.12500375509262085,0,0
56,LEFT_EYE,0.4611595571041107,0.496341735124588,-0.1250225156545639,0,0
56,LEFT_EYE_OUTER,0.46271592378616333,0.4964582622051239,-0.12505479156970978,0,0
56,RIGHT_EYE_INNER,0.45736387372016907,0.4959495961666107,-0.1106046661734581,0,0
56,RIGHT_EYE,0.45678213238716125,0.49578163027763367,-0.1105920597910881,0,0
56,RIGHT_EYE_OUTER,0.4559299051761627,0.49562785029411316,-0.11059440672397614,0,0
56,LEFT_EAR,0.47138628363609314,0.502142608165741,-0.1125754788517952,0,0
56,RIGHT_EAR,0.46324145793914795,0.49983006715774536,-0.051980189979076385,0,0
56,MOUTH_LEFT,0.4585159718990326,0.5121905207633972,-0.11481630802154541,0,0
56,MOUTH_RIGHT,0.4556902348995209,0.5113745331764221,-0.09655962139368057,0,0
56,LEFT_SHOULDER,0.4936180114746094,0.5588526129722595,-0.11230722814798355,0,0
56,RIGHT_SHOULDER,0.4544133245944977,0.5470260977745056,0.00850481353700161,0,0
56,LEFT_ELBOW,0.5116847157478333,0.6370155811309814,-0.11696413904428482,0,0
56,RIGHT_ELBOW,0.445870965719223,0.5323142409324646,0.1255093365907669,0,0
56,LEFT_WRIST,0.520341694355011,0.7076888084411621,-0.11322043091058731,0,0
56,RIGHT_WRIST,0.44900551438331604,0.5085102319717407,0.21218283474445343,0,0
56,LEFT_PINKY,0.5260269045829773,0.7288748621940613,-0.11742593348026276,0,0
56,RIGHT_PINKY,0.4501854181289673,0.5026986598968506,0.21770009398460388,0,0
56,LEFT_INDEX,0.5222038626670837,0.7301248908042908,-0.13513605296611786,0,0
56,RIGHT_INDEX,0.4523252844810486,0.5038362145423889,0.21048595011234283,0,0
56,LEFT_THUMB,0.5192501544952393,0.7263134121894836,-0.1181688979268074,0,0
56,RIGHT_THUMB,0.45284131169319153,0.506466805934906,0.20912528038024902,0,0
56,LEFT_HIP,0.48801448941230774,0.7101927995681763,-0.02411641925573349,0,0
56,RIGHT_HIP,0.45505887269973755,0.7057097554206848,0.02407900243997574,0,0
56,LEFT_KNEE,0.5070055723190308,0.8049827814102173,0.018335044384002686,0,0
56,RIGHT_KNEE,0.43545758724212646,0.8097122311592102,0.03139058127999306,0,0
56,LEFT_ANKLE,0.5250940918922424,0.8846056461334229,0.15598510205745697,0,0
56,RIGHT_ANKLE,0.42799022793769836,0.8962331414222717,0.1412137895822525,0,0
56,LEFT_HEEL,0.5241508483886719,0.8922610282897949,0.16978603601455688,0,0
56,RIGHT_HEEL,0.4333118796348572,0.9091688394546509,0.14867357909679413,0,0
56,LEFT_FOOT_INDEX,0.5322019457817078,0.9265939593315125,0.1066524088382721,0,0
56,RIGHT_FOOT_INDEX,0.41636908054351807,0.9380266070365906,0.0886509120464325,0,0
57,NOSE,0.454646497964859,0.49964651465415955,-0.11625414341688156,0,0
57,LEFT_EYE_INNER,0.45940032601356506,0.4922952651977539,-0.12464306503534317,0,0
57,LEFT_EYE,0.4607919752597809,0.4923431873321533,-0.12466755509376526,0,0
57,LEFT_EYE_OUTER,0.4622116982936859,0.4924600124359131,-0.1246919259428978,0,0
57,RIGHT_EYE_INNER,0.4574250280857086,0.49212443828582764,-0.10835586488246918,0,0
57,RIGHT_EYE,0.4569050371646881,0.49194279313087463,-0.10832823067903519,0,0
57,RIGHT_EYE_OUTER,0.45611611008644104,0.49178585410118103,-0.10830845683813095,0,0
57,LEFT_EAR,0.4714781641960144,0.4992694854736328,-0.1265956163406372,0,0
57,RIGHT_EAR,0.4641677141189575,0.49713531136512756,-0.0565505251288414,0,0
57,MOUTH_LEFT,0.45762428641319275,0.5089890360832214,-0.11578825116157532,0,0
57,MOUTH_RIGHT,0.45527616143226624,0.5087010264396667,-0.09507643431425095,0,0
57,LEFT_SHOULDER,0.49354061484336853,0.5568058490753174,-0.12747232615947723,0,0
57,RIGHT_SHOULDER,0.4567156732082367,0.5507556200027466,0.0067774634808301926,0,0
57,LEFT_ELBOW,0.5096481442451477,0.6370762586593628,-0.13632634282112122,0,0
57,RIGHT_ELBOW,0.45712152123451233,0.5852424502372742,0.1369687169790268,0,0
57,LEFT_WRIST,0.5132721066474915,0.7107649445533752,-0.1341474950313568,0,0
57,RIGHT_WRIST,0.4512086510658264,0.5495624542236328,0.2156582772731781,0,0
57,LEFT_PINKY,0.5188096761703491,0.7326958775520325,-0.1399974226951599,0,0
57,RIGHT_PINKY,0.45062023401260376,0.5459340214729309,0.22450953722000122,0,0
57,LEFT_INDEX,0.5144609212875366,0.7338310480117798,-0.1520296186208725,0,0
57,RIGHT_INDEX,0.4493035078048706,0.5417748093605042,0.21154674887657166,0,0
57,LEFT_THUMB,0.5115669965744019,0.729100227355957,-0.13606977462768555,0,0
57,RIGHT_THUMB,0.44978150725364685,0.5436590909957886,0.21105410158634186,0,0
57,LEFT_HIP,0.4862331449985504,0.7111445665359497,-0.02599680796265602,0,0
57,RIGHT_HIP,0.4540392756462097,0.7062475681304932,0.025967726483941078,0,0
57,LEFT_KNEE,0.5071664452552795,0.8043080568313599,0.03914377838373184,0,0
57,RIGHT_KNEE,0.4360140264034271,0.8067911267280579,0.044851768761873245,0,0
57,LEFT_ANKLE,0.5250988602638245,0.8840933442115784,0.17772291600704193,0,0
57,RIGHT_ANKLE,0.42798885703086853,0.8962318897247314,0.14761649072170258,0,0
57,LEFT_HEEL,0.5241323113441467,0.8916438817977905,0.18863381445407867,0,0
57,RIGHT_HEEL,0.4333033859729767,0.9096193313598633,0.15455149114131927,0,0
57,LEFT_FOOT_INDEX,0.5327392816543579,0.9269134402275085,0.12522223591804504,0,0
57,RIGHT_FOOT_INDEX,0.41642507910728455,0.9385139346122742,0.09841159731149673,0,0
58,NOSE,0.4549781084060669,0.49926283955574036,-0.10373445600271225,0,0
58,LEFT_EYE_INNER,0.45970267057418823,0.4918453097343445,-0.11488677561283112,0,0
58,LEFT_EYE,0.46122804284095764,0.49193742871284485,-0.11490360647439957,0,0
58,LEFT_EYE_OUTER,0.46270278096199036,0.4921019971370697,-0.1149248406291008,0,0
58,RIGHT_EYE_INNER,0.45793867111206055,0.49178364872932434,-0.09709903597831726,0,0
58,RIGHT_EYE,0.4578278660774231,0.49171435832977295,-0.09707057476043701,0,0
58,RIGHT_EYE_OUTER,0.4575101137161255,0.4916384220123291,-0.09705737233161926,0,0
58,LEFT_EAR,0.47167885303497314,0.4988226294517517,-0.12969373166561127,0,0
58,RIGHT_EAR,0.46534374356269836,0.49680283665657043,-0.05219995602965355,0,0
58,MOUTH_LEFT,0.4581519663333893,0.5091186761856079,-0.1075766533613205,0,0
58,MOUTH_RIGHT,0.45541641116142273,0.5090997815132141,-0.08476877212524414,0,0
58,LEFT_SHOULDER,0.4933260977268219,0.5558502674102783,-0.1381472647190094,0,0
58,RIGHT_SHOULDER,0.4599452316761017,0.5483822226524353,0.00912262313067913,0,0
58,LEFT_ELBOW,0.5072636604309082,0.6366134285926819,-0.15436647832393646,0,0
58,RIGHT_ELBOW,0.46091026067733765,0.574008047580719,0.14257851243019104,0,0
58,LEFT_WRIST,0.5049489736557007,0.7113991975784302,-0.1499583125114441,0,0
58,RIGHT_WRIST,0.4525589644908905,0.5254920125007629,0.2372354120016098,0,0
58,LEFT_PINKY,0.5083543658256531,0.7362534999847412,-0.15751869976520538,0,0
58,RIGHT_PINKY,0.451238751411438,0.5160643458366394,0.24832892417907715,0,0
58,LEFT_INDEX,0.5041308403015137,0.7366060018539429,-0.1678936928510666,0,0
58,RIGHT_INDEX,0.4517114758491516,0.5163425803184509,0.2357199341058731,0,0
58,LEFT_THUMB,0.5019869208335876,0.7304658889770508,-0.15169258415699005,0,0
58,RIGHT_THUMB,0.4526694416999817,0.5206388831138611,0.23285216093063354,0,0
58,LEFT_HIP,0.485247939825058,0.7102193236351013,-0.03195149824023247,0,0
58,RIGHT_HIP,0.4536566138267517,0.7051643133163452,0.03188728168606758,0,0
58,LEFT_KNEE,0.5059001445770264,0.7967098355293274,0.03262820467352867,0,0
58,RIGHT_KNEE,0.43664342164993286,0.8049666285514832,0.06787335127592087,0,0
58,LEFT_ANKLE,0.5249655246734619,0.8824347853660583,0.16719688475131989,0,0
58,RIGHT_ANKLE,0.4279692471027374,0.8963723182678223,0.17130377888679504,0,0
58,LEFT_HEEL,0.5242617726325989,0.8899205327033997,0.17194554209709167,0,0
58,RIGHT_HEEL,0.4332977533340454,0.9100414514541626,0.17862418293952942,0,0
58,LEFT_FOOT_INDEX,0.5324379205703735,0.926935076713562,0.12187978625297546,0,0
58,RIGHT_FOOT_INDEX,0.41642552614212036,0.9385967254638672,0.12869584560394287,0,0
59,NOSE,0.45662176609039307,0.49899715185165405,-0.10484170913696289,0,0
59,LEFT_EYE_INNER,0.4612315893173218,0.49150922894477844,-0.11604847759008408,0,0
59,LEFT_EYE,0.46241024136543274,0.49172544479370117,-0.11604828387498856,0,0
59,LEFT_EYE_OUTER,0.4635549485683441,0.49197784066200256,-0.1160455271601677,0,0
59,RIGHT_EYE_INNER,0.46026965975761414,0.4910968244075775,-0.0976855531334877,0,0
59,RIGHT_EYE,0.46058857440948486,0.49096205830574036,-0.0976727083325386,0,0
59,RIGHT_EYE_OUTER,0.4607766270637512,0.4908255636692047,-0.09765951335430145,0,0
59,LEFT_EAR,0.4734624922275543,0.49812543392181396,-0.13229456543922424,0,0
59,RIGHT_EAR,0.4688670039176941,0.49580875039100647,-0.05131277069449425,0,0
59,MOUTH_LEFT,0.45920974016189575,0.5092223286628723,-0.10885114222764969,0,0
59,MOUTH_RIGHT,0.4578683078289032,0.5088754296302795,-0.08537233620882034,0,0
59,LEFT_SHOULDER,0.4946182072162628,0.5578158497810364,-0.14129897952079773,0,0
59,RIGHT_SHOULDER,0.46255937218666077,0.5448004007339478,0.008553409948945045,0,0
59,LEFT_ELBOW,0.5044737458229065,0.6383708119392395,-0.1748446375131607,0,0
59,RIGHT_ELBOW,0.45840075612068176,0.5439766049385071,0.15845343470573425,0,0
59,LEFT_WRIST,0.49757120013237,0.7140553593635559,-0.1983368992805481,0,0
59,RIGHT_WRIST,0.45167744159698486,0.5185813903808594,0.27491915225982666,0,0
59,LEFT_PINKY,0.4993549585342407,0.7381301522254944,-0.2108738273382187,0,0
59,RIGHT_PINKY,0.4508896470069885,0.50874263048172,0.2894378900527954,0,0
59,LEFT_INDEX,0.49418896436691284,0.7376630902290344,-0.22297878563404083,0,0
59,RIGHT_INDEX,0.45163288712501526,0.5097401142120361,0.2790459096431732,0,0
59,LEFT_THUMB,0.49228909611701965,0.7314339280128479,-0.20157240331172943,0,0
59,RIGHT_THUMB,0.45254480838775635,0.5143416523933411,0.27220475673675537,0,0
59,LEFT_HIP,0.485607773065567,0.709580659866333,-0.030706284567713737,0,0
59,RIGHT_HIP,0.4540756642818451,0.7031263709068298,0.030617155134677887,0,0
59,LEFT_KNEE,0.5059776306152344,0.7951671481132507,0.02153419330716133,0,0
59,RIGHT_KNEE,0.43731263279914856,0.8038464188575745,0.043882738798856735,0,0
59,LEFT_ANKLE,0.524736225605011,0.8806670308113098,0.1531997174024582,0,0
59,RIGHT_ANKLE,0.42795637249946594,0.8964102268218994,0.14835137128829956,0,0
59,LEFT_HEEL,0.5242515206336975,0.8885840177536011,0.16087548434734344,0,0
59,RIGHT_HEEL,0.43326660990715027,0.910014808177948,0.15565930306911469,0,0
59,LEFT_FOOT_INDEX,0.5319510102272034,0.9266952872276306,0.10536379367113113,0,0
59,RIGHT_FOOT_INDEX,0.41638851165771484,0.9384380578994751,0.10056181997060776,0,0
60,NOSE,0.45924147963523865,0.4999929368495941,-0.09618852287530899,0,0
60,LEFT_EYE_INNER,0.4633116126060486,0.49179890751838684,-0.10519062727689743,0,0
60,LEFT_EYE,0.46455278992652893,0.4918959438800812,-0.10520246624946594,0,0
60,LEFT_EYE_OUTER,0.46574127674102783,0.49193111062049866,-0.1052079126238823,0,0
60,RIGHT_EYE_INNER,0.46237245202064514,0.49152833223342896,-0.08777336031198502,0,0
60,RIGHT_EYE,0.46271923184394836,0.49143004417419434,-0.08776155859231949,0,0
60,RIGHT_EYE_OUTER,0.4629761278629303,0.4912729859352112,-0.08774687349796295,0,0
60,LEFT_EAR,0.47628968954086304,0.49686187505722046,-0.11603525280952454,0,0
60,RIGHT_EAR,0.4715832769870758,0.4954167604446411,-0.0359794907271862,0,0
60,MOUTH_LEFT,0.462740421295166,0.5110617280006409,-0.09731052815914154,0,0
60,MOUTH_RIGHT,0.46150118112564087,0.5107352137565613,-0.07488729804754257,0,0
60,LEFT_SHOULDER,0.49672383069992065,0.5582189559936523,-0.12779277563095093,0,0
60,RIGHT_SHOULDER,0.46655189990997314,0.545207679271698,0.028283631429076195,0,0
60,LEFT_ELBOW,0.502025306224823,0.6390211582183838,-0.15369415283203125,0,0
60,RIGHT_ELBOW,0.4565719962120056,0.5474733114242554,0.16635233163833618,0,0
60,LEFT_WRIST,0.4877353012561798,0.7133793830871582,-0.17374394834041595,0,0
60,RIGHT_WRIST,0.4519426226615906,0.5261794924736023,0.2573367655277252,0,0
60,LEFT_PINKY,0.4884432852268219,0.7359466552734375,-0.18530650436878204,0,0
60,RIGHT_PINKY,0.45042067766189575,0.5179353356361389,0.268205463886261,0,0
60,LEFT_INDEX,0.4829949736595154,0.7348596453666687,-0.19795012474060059,0,0
60,RIGHT_INDEX,0.45092514157295227,0.5179315805435181,0.2588288187980652,0,0
60,LEFT_THUMB,0.48212000727653503,0.7291343212127686,-0.17698746919631958,0,0
60,RIGHT_THUMB,0.4517444670200348,0.5221289992332458,0.2543986737728119,0,0
60,LEFT_HIP,0.4861330986022949,0.7093649506568909,-0.030202459543943405,0,0
60,RIGHT_HIP,0.454613596200943,0.7027297019958496,0.030160142108798027,0,0
60,LEFT_KNEE,0.5061946511268616,0.7942871451377869,-0.004607947543263435,0,0
60,RIGHT_KNEE,0.438117116689682,0.8040406703948975,0.03135170415043831,0,0
60,LEFT_ANKLE,0.5245932340621948,0.8801484107971191,0.12248711287975311,0,0
60,RIGHT_ANKLE,0.42795100808143616,0.896404504776001,0.10400809347629547,0,0
60,LEFT_HEEL,0.5240828990936279,0.8880918025970459,0.13198797404766083,0,0
60,RIGHT_HEEL,0.4332003891468048,0.910010576248169,0.10889801383018494,0,0
60,LEFT_FOOT_INDEX,0.5311053395271301,0.9255696535110474,0.06736984103918076,0,0
60,RIGHT_FOOT_INDEX,0.4160575568675995,0.9378345012664795,0.05015828460454941,0,0
61,NOSE,0.4607262909412384,0.5017112493515015,-0.10021257400512695,0,0
61,LEFT_EYE_INNER,0.46480512619018555,0.4928020238876343,-0.10891040414571762,0,0
61,LEFT_EYE,0.4661319851875305,0.4928835928440094,-0.1089225634932518,0,0
61,LEFT_EYE_OUTER,0.4675992429256439,0.4929670989513397,-0.10893074423074722,0,0
61,RIGHT_EYE_INNER,0.4633711576461792,0.49242541193962097,-0.09148074686527252,0,0
61,RIGHT_EYE,0.4635433256626129,0.4922298789024353,-0.0914694294333458,0,0
61,RIGHT_EYE_OUTER,0.4636572599411011,0.49201467633247375,-0.09145347774028778,0,0
61,LEFT_EAR,0.47820761799812317,0.49727246165275574,-0.11567739397287369,0,0
61,RIGHT_EAR,0.4719645380973816,0.4958082437515259,-0.036937352269887924,0,0
61,MOUTH_LEFT,0.464846134185791,0.5131210088729858,-0.10016501694917679,0,0
61,MOUTH_RIGHT,0.4630224406719208,0.5126349329948425,-0.07775600999593735,0,0
61,LEFT_SHOULDER,0.4978305697441101,0.5587552785873413,-0.1231674775481224,0,0
61,RIGHT_SHOULDER,0.46794986724853516,0.5447024703025818,0.027183210477232933,0,0
61,LEFT_ELBOW,0.5029009580612183,0.6394736766815186,-0.14946284890174866,0,0
61,RIGHT_ELBOW,0.4553946852684021,0.547424852848053,0.15719883143901825,0,0
61,LEFT_WRIST,0.48689699172973633,0.7123968601226807,-0.16695554554462433,0,0
61,RIGHT_WRIST,0.45175060629844666,0.529365062713623,0.23610275983810425,0,0
61,LEFT_PINKY,0.4872197210788727,0.7342140674591064,-0.17856721580028534,0,0
61,RIGHT_PINKY,0.4506770372390747,0.5204015970230103,0.24476368725299835,0,0
61,LEFT_INDEX,0.4820857048034668,0.7334299087524414,-0.1908535361289978,0,0
61,RIGHT_INDEX,0.45144379138946533,0.518714189529419,0.23559637367725372,0,0
61,LEFT_THUMB,0.4813600480556488,0.7287693619728088,-0.16991904377937317,0,0
61,RIGHT_THUMB,0.4524979293346405,0.5238649845123291,0.23285743594169617,0,0
61,LEFT_HIP,0.4863262474536896,0.7092176079750061,-0.028766484931111336,0,0
61,RIGHT_HIP,0.4546884596347809,0.7020926475524902,0.028729822486639023,0,0
61,LEFT_KNEE,0.5062920451164246,0.7946946620941162,-0.006501070689409971,0,0
61,RIGHT_KNEE,0.43848466873168945,0.8042165040969849,0.0065270294435322285,0,0
61,LEFT_ANKLE,0.524608850479126,0.8803935647010803,0.12229539453983307,0,0
61,RIGHT_ANKLE,0.42799732089042664,0.8964463472366333,0.0909249410033226,0,0
61,LEFT_HEEL,0.5239966511726379,0.8892662525177002,0.13217005133628845,0,0
61,RIGHT_HEEL,0.4332541525363922,0.9106914401054382,0.09622408449649811,0,0
61,LEFT_FOOT_INDEX,0.5313729643821716,0.9254544973373413,0.06667523831129074,0,0
61,RIGHT_FOOT_INDEX,0.41603270173072815,0.937838077545166,0.03497055917978287,0,0
62,NOSE,0.46272268891334534,0.5007860064506531,-0.10449722409248352,0,0
62,LEFT_EYE_INNER,0.46644529700279236,0.4920216202735901,-0.11286934465169907,0,0
62,LEFT_EYE,0.4677816331386566,0.4920186400413513,-0.11287988722324371,0,0
62,LEFT_EYE_OUTER,0.46929270029067993,0.49201664328575134,-0.11287745088338852,0,0
62,RIGHT_EYE_INNER,0.4648968279361725,0.49161338806152344,-0.09617075324058533,0,0
62,RIGHT_EYE,0.46510252356529236,0.4913686215877533,-0.09616616368293762,0,0
62,RIGHT_EYE_OUTER,0.46529024839401245,0.4910828173160553,-0.0961511954665184,0,0
62,LEFT_EAR,0.4803721308708191,0.4960111975669861,-0.1164022758603096,0,0
62,RIGHT_EAR,0.4734622538089752,0.49485835433006287,-0.04308253899216652,0,0
62,MOUTH_LEFT,0.46669691801071167,0.5124967098236084,-0.10429542511701584,0,0
62,MOUTH_RIGHT,0.46500101685523987,0.5118709206581116,-0.08280898630619049,0,0
62,LEFT_SHOULDER,0.4997931122779846,0.5584172606468201,-0.12125501036643982,0,0
62,RIGHT_SHOULDER,0.46886250376701355,0.5451683402061462,0.017875295132398605,0,0
62,LEFT_ELBOW,0.5034045577049255,0.6394156217575073,-0.15007473528385162,0,0
62,RIGHT_ELBOW,0.458050936460495,0.5620494484901428,0.14701539278030396,0,0
62,LEFT_WRIST,0.483737975358963,0.709882915019989,-0.17812256515026093,0,0
62,RIGHT_WRIST,0.4514295160770416,0.533540666103363,0.22466109693050385,0,0
62,LEFT_PINKY,0.48129257559776306,0.7327200174331665,-0.19079232215881348,0,0
62,RIGHT_PINKY,0.44518324732780457,0.5237049460411072,0.23359635472297668,0,0
62,LEFT_INDEX,0.47572657465934753,0.7288607954978943,-0.20210640132427216,0,0
62,RIGHT_INDEX,0.4461316466331482,0.5242182016372681,0.22319187223911285,0,0
62,LEFT_THUMB,0.4760912358760834,0.7228767275810242,-0.18079811334609985,0,0
62,RIGHT_THUMB,0.4483076333999634,0.5286144614219666,0.22116011381149292,0,0
62,LEFT_HIP,0.4867089092731476,0.7078614830970764,-0.02547544427216053,0,0
62,RIGHT_HIP,0.4554238021373749,0.7011564373970032,0.025466078892350197,0,0
62,LEFT_KNEE,0.5070807337760925,0.7950223684310913,-0.005073929205536842,0,0
62,RIGHT_KNEE,0.4388679265975952,0.8040679693222046,-0.00027061381842941046,0,0
62,LEFT_ANKLE,0.5248050689697266,0.8805602192878723,0.1338612288236618,0,0
62,RIGHT_ANKLE,0.42811834812164307,0.8959278464317322,0.08626707643270493,0,0
62,LEFT_HEEL,0.5241904854774475,0.8894801735877991,0.14549075067043304,0,0
62,RIGHT_HEEL,0.4332526922225952,0.9102526903152466,0.09162812680006027,0,0
62,LEFT_FOOT_INDEX,0.5314169526100159,0.9254598617553711,0.08332102745771408,0,0
62,RIGHT_FOOT_INDEX,0.4160297214984894,0.9378240704536438,0.027690136805176735,0,0
63,NOSE,0.4634367823600769,0.5013030171394348,-0.09532742947340012,0,0
63,LEFT_EYE_INNER,0.467424213886261,0.4924603998661041,-0.10461173951625824,0,0
63,LEFT_EYE,0.46889325976371765,0.4923577308654785,-0.10461568087339401,0,0
63,LEFT_EYE_OUTER,0.47048845887184143,0.4922533333301544,-0.10459915548563004,0,0
63,RIGHT_EYE_INNER,0.46571406722068787,0.49221348762512207,-0.08764957636594772,0,0
63,RIGHT_EYE,0.4658479690551758,0.4919883906841278,-0.08764804899692535,0,0
63,RIGHT_EYE_OUTER,0.4659881591796875,0.4917239844799042,-0.08764376491308212,0,0
63,LEFT_EAR,0.48167088627815247,0.4957207143306732,-0.11392530798912048,0,0
63,RIGHT_EAR,0.4738084673881531,0.4951370656490326,-0.03799569606781006,0,0
63,MOUTH_LEFT,0.46758806705474854,0.5128122568130493,-0.09656450152397156,0,0
63,MOUTH_RIGHT,0.4655666947364807,0.5122120976448059,-0.0746750757098198,0,0
63,LEFT_SHOULDER,0.502197265625,0.5588370561599731,-0.11610111594200134,0,0
63,RIGHT_SHOULDER,0.4682273268699646,0.5465283989906311,0.02001461200416088,0,0
63,LEFT_ELBOW,0.5029042959213257,0.6395962238311768,-0.1342012584209442,0,0
63,RIGHT_ELBOW,0.4585645794868469,0.5946081280708313,0.12873558700084686,0,0
63,LEFT_WRIST,0.47859135270118713,0.7071980834007263,-0.15388593077659607,0,0
63,RIGHT_WRIST,0.439384400844574,0.5614668726921082,0.14711588621139526,0,0
63,LEFT_PINKY,0.4737563133239746,0.7288313508033752,-0.1672290414571762,0,0
63,RIGHT_PINKY,0.43246710300445557,0.5528132915496826,0.1483631134033203,0,0
63,LEFT_INDEX,0.46804651618003845,0.7235285043716431,-0.17608775198459625,0,0
63,RIGHT_INDEX,0.4339858591556549,0.5433289408683777,0.13553012907505035,0,0
63,LEFT_THUMB,0.4686029851436615,0.717827558517456,-0.15533213317394257,0,0
63,RIGHT_THUMB,0.4364241659641266,0.5465489625930786,0.14107012748718262,0,0
63,LEFT_HIP,0.48937055468559265,0.7048734426498413,-0.02215770073235035,0,0
63,RIGHT_HIP,0.4575272798538208,0.6994286775588989,0.022145606577396393,0,0
63,LEFT_KNEE,0.5079348683357239,0.7953081727027893,-0.002640299964696169,0,0
63,RIGHT_KNEE,0.43969208002090454,0.8030993342399597,-0.01053752563893795,0,0
63,LEFT_ANKLE,0.5250707864761353,0.880588173866272,0.13503657281398773,0,0
63,RIGHT_ANKLE,0.428118497133255,0.8959200978279114,0.06356489658355713,0,0
63,LEFT_HEEL,0.5244548916816711,0.8895711898803711,0.14573416113853455,0,0
63,RIGHT_HEEL,0.4330283999443054,0.9102396368980408,0.06786834448575974,0,0
63,LEFT_FOOT_INDEX,0.5314505100250244,0.925454318523407,0.08148804306983948,0,0
63,RIGHT_FOOT_INDEX,0.4160901606082916,0.9380156993865967,0.0017163159791380167,0,0
64,NOSE,0.46491357684135437,0.5012152194976807,-0.12645800411701202,0,0
64,LEFT_EYE_INNER,0.46935364603996277,0.4921732544898987,-0.13264407217502594,0,0
64,LEFT_EYE,0.47100943326950073,0.49200138449668884,-0.13266049325466156,0,0
64,LEFT_EYE_OUTER,0.472849041223526,0.4918654263019562,-0.13268223404884338,0,0
64,RIGHT_EYE_INNER,0.46695154905319214,0.492099791765213,-0.11700062453746796,0,0
64,RIGHT_EYE,0.4668477177619934,0.4918867349624634,-0.1169709712266922,0,0
64,RIGHT_EYE_OUTER,0.4667664170265198,0.4916450083255768,-0.11697279661893845,0,0
64,LEFT_EAR,0.4838293790817261,0.4956788718700409,-0.12739618122577667,0,0
64,RIGHT_EAR,0.4741264283657074,0.494930237531662,-0.055890683084726334,0,0
64,MOUTH_LEFT,0.4694984257221222,0.512334942817688,-0.12215173244476318,0,0
64,MOUTH_RIGHT,0.4666295051574707,0.5117367506027222,-0.10181134194135666,0,0
64,LEFT_SHOULDER,0.5034908056259155,0.5588874816894531,-0.12383569031953812,0,0
64,RIGHT_SHOULDER,0.46921679377555847,0.5452257394790649,0.0033414841163903475,0,0
64,LEFT_ELBOW,0.5017154812812805,0.639802098274231,-0.13537058234214783,0,0
64,RIGHT_ELBOW,0.4660460352897644,0.6121116876602173,0.04677114635705948,0,0
64,LEFT_WRIST,0.4746365547180176,0.7025918960571289,-0.14893227815628052,0,0
64,RIGHT_WRIST,0.456963449716568,0.663526713848114,0.004800752736628056,0,0
64,LEFT_PINKY,0.4695526361465454,0.7226181030273438,-0.16538898646831512,0,0
64,RIGHT_PINKY,0.45028162002563477,0.6838698983192444,-0.005726949777454138,0,0
64,LEFT_INDEX,0.46451056003570557,0.716529369354248,-0.17197388410568237,0,0
64,RIGHT_INDEX,0.45023661851882935,0.6836138963699341,-0.02436133846640587,0,0
64,LEFT_THUMB,0.46557188034057617,0.7104846239089966,-0.14984077215194702,0,0
64,RIGHT_THUMB,0.4523172378540039,0.6770447492599487,-0.004975763149559498,0,0
64,LEFT_HIP,0.4910597503185272,0.7028127908706665,-0.017948586493730545,0,0
64,RIGHT_HIP,0.45870473980903625,0.6972883343696594,0.01795855164527893,0,0
64,LEFT_KNEE,0.5082984566688538,0.7946197390556335,0.0017329220427200198,0,0
64,RIGHT_KNEE,0.4405485987663269,0.8019126057624817,-0.0062122708186507225,0,0
64,LEFT_ANKLE,0.5252866744995117,0.8806183934211731,0.11491920053958893,0,0
64,RIGHT_ANKLE,0.42813605070114136,0.895661473274231,0.05378115922212601,0,0
64,LEFT_HEEL,0.5244956016540527,0.8898423910140991,0.12159036099910736,0,0
64,RIGHT_HEEL,0.4328235685825348,0.9099851846694946,0.05564356595277786,0,0
64,LEFT_FOOT_INDEX,0.5314489603042603,0.9259551167488098,0.04647386074066162,0,0
64,RIGHT_FOOT_INDEX,0.41608065366744995,0.9380180239677429,-0.015683164820075035,0,0
65,NOSE,0.4668892025947571,0.5009115934371948,-0.12854351103305817,0,0
65,LEFT_EYE_INNER,0.47150757908821106,0.4917289912700653,-0.13383075594902039,0,0
65,LEFT_EYE,0.47325459122657776,0.4915021061897278,-0.13386009633541107,0,0
65,LEFT_EYE_OUTER,0.47525396943092346,0.4913400709629059,-0.13388927280902863,0,0
65,RIGHT_EYE_INNER,0.4686104655265808,0.4918016195297241,-0.11885158717632294,0,0
65,RIGHT_EYE,0.46825122833251953,0.4916091859340668,-0.1188262328505516,0,0
65,RIGHT_EYE_OUTER,0.4679054319858551,0.49138233065605164,-0.11882565915584564,0,0
65,LEFT_EAR,0.48560434579849243,0.4953749477863312,-0.12597863376140594,0,0
65,RIGHT_EAR,0.47449156641960144,0.4946661591529846,-0.056980330497026443,0,0
65,MOUTH_LEFT,0.4714358150959015,0.5120382308959961,-0.12314382940530777,0,0
65,MOUTH_RIGHT,0.4680876135826111,0.5114147067070007,-0.10370762646198273,0,0
65,LEFT_SHOULDER,0.5045202970504761,0.5581472516059875,-0.12300217896699905,0,0
65,RIGHT_SHOULDER,0.4694552719593048,0.5451648831367493,0.006900355685502291,0,0
65,LEFT_ELBOW,0.5017240047454834,0.6391323804855347,-0.1354513317346573,0,0
65,RIGHT_ELBOW,0.46420541405677795,0.612697422504425,0.0719858929514885,0,0
65,LEFT_WRIST,0.4727229177951813,0.6946139335632324,-0.15065434575080872,0,0
65,RIGHT_WRIST,0.4472571909427643,0.6392472982406616,0.05049576610326767,0,0
65,LEFT_PINKY,0.4666433036327362,0.7157440781593323,-0.1692938208580017,0,0
65,RIGHT_PINKY,0.4390507638454437,0.649605929851532,0.04420575872063637,0,0
65,LEFT_INDEX,0.4618072509765625,0.7092418670654297,-0.17315523326396942,0,0
65,RIGHT_INDEX,0.4363652467727661,0.6477851867675781,0.022969484329223633,0,0
65,LEFT_THUMB,0.46293288469314575,0.702824592590332,-0.15271994471549988,0,0
65,RIGHT_THUMB,0.4398406445980072,0.6446170210838318,0.03991731256246567,0,0
65,LEFT_HIP,0.49234864115715027,0.7012163996696472,-0.01818382553756237,0,0
65,RIGHT_HIP,0.46037304401397705,0.6958542466163635,0.018204359337687492,0,0
65,LEFT_KNEE,0.509124219417572,0.7947368025779724,0.005962193477898836,0,0
65,RIGHT_KNEE,0.4416707158088684,0.8004406690597534,-0.00981096550822258,0,0
65,LEFT_ANKLE,0.5257808566093445,0.8812111616134644,0.12097696959972382,0,0
65,RIGHT_ANKLE,0.42830684781074524,0.8955235481262207,0.04554639756679535,0,0
65,LEFT_HEEL,0.5246779918670654,0.8912595510482788,0.12843681871891022,0,0
65,RIGHT_HEEL,0.43278777599334717,0.9098406434059143,0.04706119745969772,0,0
65,LEFT_FOOT_INDEX,0.5315344333648682,0.926236093044281,0.055144257843494415,0,0
65,RIGHT_FOOT_INDEX,0.41603004932403564,0.9378721117973328,-0.025582600384950638,0,0
66,NOSE,0.4693228602409363,0.5007320046424866,-0.13971757888793945,0,0
66,LEFT_EYE_INNER,0.47405627369880676,0.49122354388237,-0.14385035634040833,0,0
66,LEFT_EYE,0.4760841727256775,0.49092984199523926,-0.14388249814510345,0,0
66,LEFT_EYE_OUTER,0.47841575741767883,0.49078255891799927,-0.14390429854393005,0,0
66,RIGHT_EYE_INNER,0.47067990899086,0.4916723072528839,-0.12956146895885468,0,0
66,RIGHT_EYE,0.4700878858566284,0.49158287048339844,-0.1295471340417862,0,0
66,RIGHT_EYE_OUTER,0.4694579839706421,0.491440087556839,-0.12954430282115936,0,0
66,LEFT_EAR,0.48784202337265015,0.49511638283729553,-0.13103556632995605,0,0
66,RIGHT_EAR,0.4748668074607849,0.49481093883514404,-0.06562254577875137,0,0
66,MOUTH_LEFT,0.47354575991630554,0.5117950439453125,-0.13287986814975739,0,0
66,MOUTH_RIGHT,0.4697551429271698,0.5112773776054382,-0.11424814164638519,0,0
66,LEFT_SHOULDER,0.5063326954841614,0.5576643347740173,-0.1276286542415619,0,0
66,RIGHT_SHOULDER,0.4685465395450592,0.5457326173782349,0.005001431331038475,0,0
66,LEFT_ELBOW,0.5021615624427795,0.6378673315048218,-0.14178091287612915,0,0
66,RIGHT_ELBOW,0.46334224939346313,0.6137469410896301,0.07433662563562393,0,0
66,LEFT_WRIST,0.4722142815589905,0.6867049336433411,-0.1740134060382843,0,0
66,RIGHT_WRIST,0.42395302653312683,0.6316501498222351,0.050263188779354095,0,0
66,LEFT_PINKY,0.4654078483581543,0.7076956033706665,-0.19453811645507812,0,0
66,RIGHT_PINKY,0.41452905535697937,0.6392360329627991,0.04420822486281395,0,0
66,LEFT_INDEX,0.4615057408809662,0.7011026740074158,-0.2026558220386505,0,0
66,RIGHT_INDEX,0.4109586775302887,0.636861264705658,0.021018777042627335,0,0
66,LEFT_THUMB,0.46242496371269226,0.6948323845863342,-0.1763944774866104,0,0
66,RIGHT_THUMB,0.4149242341518402,0.6346459984779358,0.03881555423140526,0,0
66,LEFT_HIP,0.49396052956581116,0.7000669836997986,-0.018002329394221306,0,0
66,RIGHT_HIP,0.4617026746273041,0.6945325136184692,0.018017087131738663,0,0
66,LEFT_KNEE,0.5101546049118042,0.7952075004577637,0.002770825754851103,0,0
66,RIGHT_KNEE,0.44269654154777527,0.7988250851631165,-0.0233012605458498,0,0
66,LEFT_ANKLE,0.5259942412376404,0.8812835812568665,0.12373755872249603,0,0
66,RIGHT_ANKLE,0.4284559190273285,0.8938100934028625,0.04273023456335068,0,0
66,LEFT_HEEL,0.5246337652206421,0.8912520408630371,0.13201957941055298,0,0
66,RIGHT_HEEL,0.43278875946998596,0.9077258706092834,0.04558481648564339,0,0
66,LEFT_FOOT_INDEX,0.5317373871803284,0.926080048084259,0.05855633690953255,0,0
66,RIGHT_FOOT_INDEX,0.41592085361480713,0.9372084736824036,-0.02807956002652645,0,0
67,NOSE,0.46960756182670593,0.5003113746643066,-0.14341750741004944,0,0
67,LEFT_EYE_INNER,0.4744325578212738,0.490678071975708,-0.1470990777015686,0,0
67,LEFT_EYE,0.4764433205127716,0.49035897850990295,-0.14713053405284882,0,0
67,LEFT_EYE_OUTER,0.478784441947937,0.49021872878074646,-0.1471501737833023,0,0
67,RIGHT_EYE_INNER,0.4709397852420807,0.491231232881546,-0.13291600346565247,0,0
67,RIGHT_EYE,0.47028642892837524,0.49118515849113464,-0.13290169835090637,0,0
67,RIGHT_EYE_OUTER,0.4696067273616791,0.4910905063152313,-0.1328991949558258,0,0
67,LEFT_EAR,0.4882047474384308,0.49474605917930603,-0.13180789351463318,0,0
67,RIGHT_EAR,0.47480109333992004,0.49460306763648987,-0.06692977994680405,0,0
67,MOUTH_LEFT,0.4738328754901886,0.5113781094551086,-0.1356559544801712,0,0
67,MOUTH_RIGHT,0.46999073028564453,0.51088547706604,-0.1171196773648262,0,0
67,LEFT_SHOULDER,0.5067991614341736,0.5571404695510864,-0.12701693177223206,0,0
67,RIGHT_SHOULDER,0.46796348690986633,0.545877993106842,0.004971089772880077,0,0
67,LEFT_ELBOW,0.5024001598358154,0.6371381282806396,-0.14126308262348175,0,0
67,RIGHT_ELBOW,0.46210893988609314,0.614038348197937,0.07429086416959763,0,0
67,LEFT_WRIST,0.4730238616466522,0.6851919293403625,-0.1753377914428711,0,0
67,RIGHT_WRIST,0.4233592748641968,0.631269097328186,0.042068544775247574,0,0
67,LEFT_PINKY,0.4659191370010376,0.7059019207954407,-0.19595368206501007,0,0
67,RIGHT_PINKY,0.41302233934402466,0.6386769413948059,0.03444823995232582,0,0
67,LEFT_INDEX,0.462171733379364,0.6991463899612427,-0.20532932877540588,0,0
67,RIGHT_INDEX,0.40962108969688416,0.6365561485290527,0.010538253001868725,0,0
67,LEFT_THUMB,0.4630867838859558,0.6930333375930786,-0.17802077531814575,0,0
67,RIGHT_THUMB,0.41356202960014343,0.6341140866279602,0.030209681019186974,0,0
67,LEFT_HIP,0.49463698267936707,0.6988839507102966,-0.017941566184163094,0,0
67,RIGHT_HIP,0.4622550308704376,0.6937050819396973,0.01795322261750698,0,0
67,LEFT_KNEE,0.5103809237480164,0.7942132949829102,-0.0028418658766895533,0,0
67,RIGHT_KNEE,0.4432202875614166,0.7974672317504883,-0.023239849135279655,0,0
67,LEFT_ANKLE,0.52614825963974,0.8813286423683167,0.11588361114263535,0,0
67,RIGHT_ANKLE,0.4286506474018097,0.8929851055145264,0.047044795006513596,0,0
67,LEFT_HEEL,0.5246261954307556,0.8914581537246704,0.123627208173275,0,0
67,RIGHT_HEEL,0.43278568983078003,0.90598064661026,0.050234753638505936,0,0
67,LEFT_FOOT_INDEX,0.5318514108657837,0.9256469011306763,0.04692506790161133,0,0
67,RIGHT_FOOT_INDEX,0.41601473093032837,0.9369832277297974,-0.02457631565630436,0,0
68,NOSE,0.47060489654541016,0.5005999803543091,-0.1582784354686737,0,0
68,LEFT_EYE_INNER,0.4752963185310364,0.49101629853248596,-0.16125938296318054,0,0
68,LEFT_EYE,0.4774264097213745,0.4907039403915405,-0.1612873077392578,0,0
68,LEFT_EYE_OUTER,0.4798019826412201,0.4905462861061096,-0.16130192577838898,0,0
68,RIGHT_EYE_INNER,0.47164756059646606,0.4915490746498108,-0.14823730289936066,0,0
68,RIGHT_EYE,0.4709344208240509,0.49148818850517273,-0.1482343226671219,0,0
68,RIGHT_EYE_OUTER,0.4701603651046753,0.4913751780986786,-0.14823876321315765,0,0
68,LEFT_EAR,0.48903897404670715,0.49513572454452515,-0.14000795781612396,0,0
68,RIGHT_EAR,0.47479501366615295,0.49474474787712097,-0.08027312159538269,0,0
68,MOUTH_LEFT,0.47470104694366455,0.5116211771965027,-0.14806929230690002,0,0
68,MOUTH_RIGHT,0.47061049938201904,0.5111018419265747,-0.1309778243303299,0,0
68,LEFT_SHOULDER,0.507692277431488,0.5556904673576355,-0.13011042773723602,0,0
68,RIGHT_SHOULDER,0.4676342010498047,0.5460287928581238,-0.008621396496891975,0,0
68,LEFT_ELBOW,0.5028825402259827,0.6353777647018433,-0.1505652815103531,0,0
68,RIGHT_ELBOW,0.455878883600235,0.6138216257095337,0.04528946802020073,0,0
68,LEFT_WRIST,0.474450945854187,0.6811929941177368,-0.20410563051700592,0,0
68,RIGHT_WRIST,0.420271098613739,0.6434377431869507,-0.005602132994681597,0,0
68,LEFT_PINKY,0.4675903618335724,0.70250403881073,-0.22751738131046295,0,0
68,RIGHT_PINKY,0.41076114773750305,0.6535910964012146,-0.017878752201795578,0,0
68,LEFT_INDEX,0.4636753499507904,0.6952643394470215,-0.2372770756483078,0,0
68,RIGHT_INDEX,0.4077955484390259,0.6510801911354065,-0.04169994220137596,0,0
68,LEFT_THUMB,0.4643462896347046,0.6889668703079224,-0.20737670361995697,0,0
68,RIGHT_THUMB,0.4119647443294525,0.6489428877830505,-0.017857899889349937,0,0
68,LEFT_HIP,0.4952264428138733,0.6971756815910339,-0.017431871965527534,0,0
68,RIGHT_HIP,0.46270307898521423,0.6929030418395996,0.01742391474545002,0,0
68,LEFT_KNEE,0.510890007019043,0.794542133808136,-0.007276215590536594,0,0
68,RIGHT_KNEE,0.4437132477760315,0.7967538237571716,-0.03287416324019432,0,0
68,LEFT_ANKLE,0.5262023210525513,0.8812649250030518,0.11607099324464798,0,0
68,RIGHT_ANKLE,0.42888039350509644,0.8925368785858154,0.046344876289367676,0,0
68,LEFT_HEEL,0.5245872139930725,0.8908589482307434,0.12433543801307678,0,0
68,RIGHT_HEEL,0.4328133165836334,0.9053615927696228,0.05064202472567558,0,0
68,LEFT_FOOT_INDEX,0.5318821668624878,0.9256061911582947,0.04696696624159813,0,0
68,RIGHT_FOOT_INDEX,0.4163720905780792,0.9368880391120911,-0.02584424614906311,0,0
69,NOSE,0.47152790427207947,0.5005263686180115,-0.1839112639427185,0,0
69,LEFT_EYE_INNER,0.4762026369571686,0.4908767640590668,-0.18475590646266937,0,0
69,LEFT_EYE,0.47844770550727844,0.4905470609664917,-0.18477852642536163,0,0
69,LEFT_EYE_OUTER,0.48088017106056213,0.49036040902137756,-0.1847962737083435,0,0
69,RIGHT_EYE_INNER,0.4721512794494629,0.49142202734947205,-0.17455162107944489,0,0
69,RIGHT_EYE,0.4712778925895691,0.4913632571697235,-0.174561008810997,0,0
69,RIGHT_EYE_OUTER,0.4703519940376282,0.491226464509964,-0.17456652224063873,0,0
69,LEFT_EAR,0.48955976963043213,0.4951048195362091,-0.1516980230808258,0,0
69,RIGHT_EAR,0.47457650303840637,0.4943482577800751,-0.10462501645088196,0,0
69,MOUTH_LEFT,0.4755014181137085,0.511390745639801,-0.16907884180545807,0,0
69,MOUTH_RIGHT,0.47102466225624084,0.5107733011245728,-0.15568065643310547,0,0
69,LEFT_SHOULDER,0.5086502432823181,0.5545846819877625,-0.13288579881191254,0,0
69,RIGHT_SHOULDER,0.46279624104499817,0.5457993745803833,-0.032468777149915695,0,0
69,LEFT_ELBOW,0.5046811103820801,0.6340873837471008,-0.1492963284254074,0,0
69,RIGHT_ELBOW,0.44973355531692505,0.617327868938446,0.018457015976309776,0,0
69,LEFT_WRIST,0.4756168723106384,0.6776790022850037,-0.20783479511737823,0,0
69,RIGHT_WRIST,0.42256778478622437,0.6645464301109314,-0.038859400898218155,0,0
69,LEFT_PINKY,0.46927279233932495,0.6993018388748169,-0.23293675482273102,0,0
69,RIGHT_PINKY,0.4147106111049652,0.6822461485862732,-0.05518964305520058,0,0
69,LEFT_INDEX,0.46512362360954285,0.6928296089172363,-0.24470621347427368,0,0
69,RIGHT_INDEX,0.41343390941619873,0.6819136738777161,-0.07892991602420807,0,0
69,LEFT_THUMB,0.46543291211128235,0.6860443353652954,-0.2120209038257599,0,0
69,RIGHT_THUMB,0.41688576340675354,0.6763159036636353,-0.050750669091939926,0,0
69,LEFT_HIP,0.49578219652175903,0.6963677406311035,-0.015124988742172718,0,0
69,RIGHT_HIP,0.46309787034988403,0.6932815313339233,0.015120713040232658,0,0
69,LEFT_KNEE,0.511319100856781,0.794617235660553,-0.0051925466395914555,0,0
69,RIGHT_KNEE,0.44428300857543945,0.7968109846115112,-0.02748030796647072,0,0
69,LEFT_ANKLE,0.526326596736908,0.8812715411186218,0.11990553885698318,0,0
69,RIGHT_ANKLE,0.4289648234844208,0.895015299320221,0.052913300693035126,0,0
69,LEFT_HEEL,0.5245112180709839,0.8907484412193298,0.12856194376945496,0,0
69,RIGHT_HEEL,0.43283095955848694,0.9096630811691284,0.05682850629091263,0,0
69,LEFT_FOOT_INDEX,0.5323436856269836,0.9256088733673096,0.052158959209918976,0,0
69,RIGHT_FOOT_INDEX,0.41603362560272217,0.93698650598526,-0.02280956506729126,0,0
70,NOSE,0.47194233536720276,0.5004128813743591,-0.18726029992103577,0,0
70,LEFT_EYE_INNER,0.4767487943172455,0.49063828587532043,-0.1854521781206131,0,0
70,LEFT_EYE,0.4790325164794922,0.4903285801410675,-0.18547843396663666,0,0
70,LEFT_EYE_OUTER,0.48143815994262695,0.4901987612247467,-0.18549996614456177,0,0
70,RIGHT_EYE_INNER,0.4723719358444214,0.4912000894546509,-0.17733433842658997,0,0
70,RIGHT_EYE,0.47138819098472595,0.4911748766899109,-0.1773405522108078,0,0
70,RIGHT_EYE_OUTER,0.47036197781562805,0.49105286598205566,-0.177342489361763,0,0
70,LEFT_EAR,0.4895709156990051,0.4952355921268463,-0.14508730173110962,0,0
70,RIGHT_EAR,0.47445911169052124,0.49424704909324646,-0.10533811897039413,0,0
70,MOUTH_LEFT,0.4757622480392456,0.5112612843513489,-0.16951683163642883,0,0
70,MOUTH_RIGHT,0.4709649384021759,0.5105732083320618,-0.15863345563411713,0,0
70,LEFT_SHOULDER,0.5090898275375366,0.5537280440330505,-0.1252167820930481,0,0
70,RIGHT_SHOULDER,0.45828941464424133,0.5460692048072815,-0.037230685353279114,0,0
70,LEFT_ELBOW,0.507064700126648,0.632837176322937,-0.14403758943080902,0,0
70,RIGHT_ELBOW,0.44596678018569946,0.6215656399726868,0.008792850188910961,0,0
70,LEFT_WRIST,0.4770508110523224,0.6760030388832092,-0.21087123453617096,0,0
70,RIGHT_WRIST,0.42606890201568604,0.677123486995697,-0.048646025359630585,0,0
70,LEFT_PINKY,0.4716351330280304,0.6975238919258118,-0.23731929063796997,0,0
70,RIGHT_PINKY,0.41898244619369507,0.6993666887283325,-0.06662649661302567,0,0
70,LEFT_INDEX,0.46707096695899963,0.6909659504890442,-0.24949488043785095,0,0
70,RIGHT_INDEX,0.41790100932121277,0.7001619935035706,-0.08912604302167892,0,0
70,LEFT_THUMB,0.46728628873825073,0.6840314865112305,-0.2158213108778,0,0
70,RIGHT_THUMB,0.42089784145355225,0.6927477121353149,-0.05994598940014839,0,0
70,LEFT_HIP,0.4957790672779083,0.6959292888641357,-0.012736001051962376,0,0
70,RIGHT_HIP,0.46291056275367737,0.6937478184700012,0.012734291143715382,0,0
70,LEFT_KNEE,0.5114064812660217,0.7937504649162292,-0.012146148830652237,0,0
70,RIGHT_KNEE,0.444292813539505,0.7965419292449951,-0.025117550045251846,0,0
70,LEFT_ANKLE,0.5260441303253174,0.8807193040847778,0.10653550177812576,0,0
70,RIGHT_ANKLE,0.4290026128292084,0.8941956162452698,0.07301466166973114,0,0
70,LEFT_HEEL,0.5240758061408997,0.8904207944869995,0.11415017396211624,0,0
70,RIGHT_HEEL,0.43285369873046875,0.9089387059211731,0.07789009064435959,0,0
70,LEFT_FOOT_INDEX,0.5323413014411926,0.9249879121780396,0.0324636735022068,0,0
70,RIGHT_FOOT_INDEX,0.4160228967666626,0.9369248151779175,-0.007553234696388245,0,0
71,NOSE,0.4719948172569275,0.4996786117553711,-0.18843339383602142,0,0
71,LEFT_EYE_INNER,0.4767055809497833,0.4899458587169647,-0.1858253926038742,0,0
71,LEFT_EYE,0.47896116971969604,0.4897223711013794,-0.18584734201431274,0,0
71,LEFT_EYE_OUTER,0.48135775327682495,0.48966923356056213,-0.18586869537830353,0,0
71,RIGHT_EYE_INNER,0.47216182947158813,0.4904313385486603,-0.178863525390625,0,0
71,RIGHT_EYE,0.47112953662872314,0.4904215931892395,-0.17887023091316223,0,0
71,RIGHT_EYE_OUTER,0.4700773358345032,0.4903148412704468,-0.17887769639492035,0,0
71,LEFT_EAR,0.4893251657485962,0.495113730430603,-0.14250309765338898,0,0
71,RIGHT_EAR,0.47377875447273254,0.4937482476234436,-0.1082191914319992,0,0
71,MOUTH_LEFT,0.47577935457229614,0.5103046298027039,-0.16978304088115692,0,0
71,MOUTH_RIGHT,0.47075462341308594,0.5095634460449219,-0.16038104891777039,0,0
71,LEFT_SHOULDER,0.509028971195221,0.5528510212898254,-0.11857929080724716,0,0
71,RIGHT_SHOULDER,0.45464417338371277,0.5461758375167847,-0.041458841413259506,0,0
71,LEFT_ELBOW,0.5089744925498962,0.6320092082023621,-0.12870582938194275,0,0
71,RIGHT_ELBOW,0.44437870383262634,0.6250013709068298,0.002253692364320159,0,0
71,LEFT_WRIST,0.4796355068683624,0.6757213473320007,-0.19668741524219513,0,0
71,RIGHT_WRIST,0.43130844831466675,0.6875760555267334,-0.05490416660904884,0,0
71,LEFT_PINKY,0.4723641574382782,0.6982516050338745,-0.22064852714538574,0,0
71,RIGHT_PINKY,0.42726820707321167,0.7084400653839111,-0.07324816286563873,0,0
71,LEFT_INDEX,0.4680384695529938,0.6913866400718689,-0.23267751932144165,0,0
71,RIGHT_INDEX,0.43023571372032166,0.7087964415550232,-0.0940638929605484,0,0
71,LEFT_THUMB,0.46824076771736145,0.6843831539154053,-0.20105648040771484,0,0
71,RIGHT_THUMB,0.43292224407196045,0.7027958631515503,-0.06517209857702255,0,0
71,LEFT_HIP,0.49554380774497986,0.6955918073654175,-0.011614840477705002,0,0
71,RIGHT_HIP,0.46274927258491516,0.6939400434494019,0.01161788497120142,0,0
71,LEFT_KNEE,0.5113583207130432,0.7932652235031128,-0.01686164364218712,0,0
71,RIGHT_KNEE,0.44417527318000793,0.796778678894043,-0.013052579946815968,0,0
71,LEFT_ANKLE,0.5256905555725098,0.8797645568847656,0.10252178460359573,0,0
71,RIGHT_ANKLE,0.42877376079559326,0.8946039080619812,0.08187894523143768,0,0
71,LEFT_HEEL,0.5237042903900146,0.8890990614891052,0.1101861223578453,0,0
71,RIGHT_HEEL,0.4328240752220154,0.9090061187744141,0.08655806630849838,0,0
71,LEFT_FOOT_INDEX,0.5323423743247986,0.9247020483016968,0.028412045910954475,0,0
71,RIGHT_FOOT_INDEX,0.4160330891609192,0.9370779991149902,0.005398510955274105,0,0
72,NOSE,0.4721277356147766,0.4997539818286896,-0.18895234167575836,0,0
72,LEFT_EYE_INNER,0.4767247438430786,0.4900328516960144,-0.18619921803474426,0,0
72,LEFT_EYE,0.4789915680885315,0.4898170232772827,-0.1862214356660843,0,0
72,LEFT_EYE_OUTER,0.4814859926700592,0.48978832364082336,-0.18624430894851685,0,0
72,RIGHT_EYE_INNER,0.472106397151947,0.4904978573322296,-0.17931467294692993,0,0
72,RIGHT_EYE,0.47100695967674255,0.49047327041625977,-0.17932187020778656,0,0
72,RIGHT_EYE_OUTER,0.4699588418006897,0.4903647005558014,-0.17933179438114166,0,0
72,LEFT_EAR,0.4892328381538391,0.4952169954776764,-0.14149761199951172,0,0
72,RIGHT_EAR,0.47350484132766724,0.4935848116874695,-0.10806930065155029,0,0
72,MOUTH_LEFT,0.4758683443069458,0.5102789998054504,-0.16994871199131012,0,0
72,MOUTH_RIGHT,0.470669150352478,0.5095165371894836,-0.160657599568367,0,0
72,LEFT_SHOULDER,0.508865475654602,0.5525736212730408,-0.11645638942718506,0,0
72,RIGHT_SHOULDER,0.4540371894836426,0.5462586879730225,-0.04049732908606529,0,0
72,LEFT_ELBOW,0.5099465250968933,0.6317091584205627,-0.12663260102272034,0,0
72,RIGHT_ELBOW,0.4440695643424988,0.625485360622406,0.003507601795718074,0,0
72,LEFT_WRIST,0.48110589385032654,0.6759355068206787,-0.1940326988697052,0,0
72,RIGHT_WRIST,0.4338729977607727,0.6875778436660767,-0.05388049781322479,0,0
72,LEFT_PINKY,0.4731965661048889,0.6983300447463989,-0.21901538968086243,0,0
72,RIGHT_PINKY,0.4305119514465332,0.7084039449691772,-0.07201457023620605,0,0
72,LEFT_INDEX,0.4685134291648865,0.6914877891540527,-0.2312828153371811,0,0
72,RIGHT_INDEX,0.4335428774356842,0.7085171341896057,-0.09322108328342438,0,0
72,LEFT_THUMB,0.4686797857284546,0.684665858745575,-0.19873970746994019,0,0
72,RIGHT_THUMB,0.4360952377319336,0.7028175592422485,-0.06426878273487091,0,0
72,LEFT_HIP,0.49539893865585327,0.6956459879875183,-0.011737365275621414,0,0
72,RIGHT_HIP,0.4626327157020569,0.6941723823547363,0.01174336951225996,0,0
72,LEFT_KNEE,0.5113452076911926,0.7929614782333374,-0.02110537886619568,0,0
72,RIGHT_KNEE,0.4440248906612396,0.7970050573348999,-0.004551358055323362,0,0
72,LEFT_ANKLE,0.5256168842315674,0.8797218203544617,0.09742596745491028,0,0
72,RIGHT_ANKLE,0.4285871684551239,0.895354688167572,0.08994890749454498,0,0
72,LEFT_HEEL,0.5237033367156982,0.8889490962028503,0.10496477037668228,0,0
72,RIGHT_HEEL,0.4326799213886261,0.9096529483795166,0.0947275310754776,0,0
72,LEFT_FOOT_INDEX,0.5323471426963806,0.9246301054954529,0.02306131273508072,0,0
72,RIGHT_FOOT_INDEX,0.4159160554409027,0.9371651411056519,0.016010919585824013,0,0
73,NOSE,0.47209516167640686,0.49984344840049744,-0.20276208221912384,0,0
73,LEFT_EYE_INNER,0.4765016436576843,0.4901444613933563,-0.19703792035579681,0,0
73,LEFT_EYE,0.4787721633911133,0.4899234473705292,-0.1970416009426117,0,0
73,LEFT_EYE_OUTER,0.48130667209625244,0.4898945093154907,-0.19704453647136688,0,0
73,RIGHT_EYE_INNER,0.471872478723526,0.4905972480773926,-0.19294896721839905,0,0
73,RIGHT_EYE,0.470842182636261,0.4905599057674408,-0.192969411611557,0,0
73,RIGHT_EYE_OUTER,0.4699189066886902,0.4904327392578125,-0.19298461079597473,0,0
73,LEFT_EAR,0.4889369308948517,0.49529796838760376,-0.1416100412607193,0,0
73,RIGHT_EAR,0.4720544219017029,0.4936731457710266,-0.12079933285713196,0,0
73,MOUTH_LEFT,0.47587811946868896,0.5103073716163635,-0.1801287829875946,0,0
73,MOUTH_RIGHT,0.4705108404159546,0.5096074938774109,-0.17453911900520325,0,0
73,LEFT_SHOULDER,0.5087156891822815,0.5524164438247681,-0.10609056800603867,0,0
73,RIGHT_SHOULDER,0.4529452919960022,0.5463149547576904,-0.06409939378499985,0,0
73,LEFT_ELBOW,0.5116323828697205,0.631317138671875,-0.1193578764796257,0,0
73,RIGHT_ELBOW,0.4433595538139343,0.6233600974082947,-0.03910309076309204,0,0
73,LEFT_WRIST,0.4841881990432739,0.6765018701553345,-0.2068185806274414,0,0
73,RIGHT_WRIST,0.44332125782966614,0.6865583658218384,-0.10302916169166565,0,0
73,LEFT_PINKY,0.4783674478530884,0.6984864473342896,-0.23655182123184204,0,0
73,RIGHT_PINKY,0.44239962100982666,0.7112643122673035,-0.12627224624156952,0,0
73,LEFT_INDEX,0.4724683165550232,0.6911131739616394,-0.24993523955345154,0,0
73,RIGHT_INDEX,0.44715651869773865,0.7091690897941589,-0.1430080384016037,0,0
73,LEFT_THUMB,0.4719030559062958,0.6848940849304199,-0.21308964490890503,0,0
73,RIGHT_THUMB,0.44933298230171204,0.7023745775222778,-0.11101777851581573,0,0
73,LEFT_HIP,0.49529990553855896,0.6953887939453125,-0.008062822744250298,0,0
73,RIGHT_HIP,0.46260228753089905,0.6942071318626404,0.008037996478378773,0,0
73,LEFT_KNEE,0.511534571647644,0.7930444478988647,-0.016941485926508904,0,0
73,RIGHT_KNEE,0.4439650774002075,0.7969852089881897,-0.011996444314718246,0,0
73,LEFT_ANKLE,0.5254384875297546,0.8797680735588074,0.11277110129594803,0,0
73,RIGHT_ANKLE,0.42867177724838257,0.8951770663261414,0.0845709815621376,0,0
73,LEFT_HEEL,0.5235525965690613,0.8889825940132141,0.12185490131378174,0,0
73,RIGHT_HEEL,0.43267831206321716,0.9091070294380188,0.08983675390481949,0,0
73,LEFT_FOOT_INDEX,0.5322368741035461,0.9244958758354187,0.039972953498363495,0,0
73,RIGHT_FOOT_INDEX,0.41606754064559937,0.9372022747993469,0.012118110433220863,0,0
74,NOSE,0.4718092083930969,0.4999094605445862,-0.23090535402297974,0,0
74,LEFT_EYE_INNER,0.47621020674705505,0.49022239446640015,-0.22522737085819244,0,0
74,LEFT_EYE,0.4784500300884247,0.48999983072280884,-0.22521524131298065,0,0
74,LEFT_EYE_OUTER,0.48097530007362366,0.4899737238883972,-0.2252236306667328,0,0
74,RIGHT_EYE_INNER,0.47181740403175354,0.49067580699920654,-0.22130364179611206,0,0
74,RIGHT_EYE,0.47045662999153137,0.4906250536441803,-0.22134067118167877,0,0
74,RIGHT_EYE_OUTER,0.46929219365119934,0.49046844244003296,-0.221364825963974,0,0
74,LEFT_EAR,0.4887324571609497,0.4953596293926239,-0.16690756380558014,0,0
74,RIGHT_EAR,0.4707987904548645,0.49374306201934814,-0.14818458259105682,0,0
74,MOUTH_LEFT,0.47566697001457214,0.5103046298027039,-0.2076498419046402,0,0
74,MOUTH_RIGHT,0.4704606235027313,0.5096822381019592,-0.20231188833713531,0,0
74,LEFT_SHOULDER,0.5089904069900513,0.5525760054588318,-0.1175512745976448,0,0
74,RIGHT_SHOULDER,0.4520809054374695,0.5463500022888184,-0.09602972865104675,0,0
74,LEFT_ELBOW,0.5135012865066528,0.6314992308616638,-0.1434207260608673,0,0
74,RIGHT_ELBOW,0.44400638341903687,0.622035562992096,-0.10052105039358139,0,0
74,LEFT_WRIST,0.486886590719223,0.6771465539932251,-0.24215030670166016,0,0
74,RIGHT_WRIST,0.45383474230766296,0.6814221143722534,-0.18666423857212067,0,0
74,LEFT_PINKY,0.4804852604866028,0.6991867423057556,-0.27346086502075195,0,0
74,RIGHT_PINKY,0.4557548761367798,0.7050297856330872,-0.2144503891468048,0,0
74,LEFT_INDEX,0.47533750534057617,0.6914220452308655,-0.28595101833343506,0,0
74,RIGHT_INDEX,0.46093082427978516,0.6996364593505859,-0.22733640670776367,0,0
74,LEFT_THUMB,0.4761207401752472,0.6849142909049988,-0.24860678613185883,0,0
74,RIGHT_THUMB,0.4613237679004669,0.691785454750061,-0.19352398812770844,0,0
74,LEFT_HIP,0.4951499402523041,0.6922476887702942,-0.006105540785938501,0,0
74,RIGHT_HIP,0.4617064595222473,0.690261721611023,0.006038486957550049,0,0
74,LEFT_KNEE,0.5114928483963013,0.7909396290779114,-0.002798922825604677,0,0
74,RIGHT_KNEE,0.443898469209671,0.7965699434280396,-0.008121749386191368,0,0
74,LEFT_ANKLE,0.5252146124839783,0.8800533413887024,0.11240527778863907,0,0
74,RIGHT_ANKLE,0.42827242612838745,0.8952819108963013,0.08326096087694168,0,0
74,LEFT_HEEL,0.5232273936271667,0.8894320726394653,0.1197531521320343,0,0
74,RIGHT_HEEL,0.4318341314792633,0.9093300700187683,0.08640965074300766,0,0
74,LEFT_FOOT_INDEX,0.5313073396682739,0.9243698120117188,0.03690150007605553,0,0
74,RIGHT_FOOT_INDEX,0.41598159074783325,0.937592089176178,0.0019487342797219753,0,0
75,NOSE,0.47162926197052,0.49998271465301514,-0.20254670083522797,0,0
75,LEFT_EYE_INNER,0.4760235846042633,0.49028217792510986,-0.1986926645040512,0,0
75,LEFT_EYE,0.4782370626926422,0.4900265634059906,-0.19870097935199738,0,0
75,LEFT_EYE_OUTER,0.4807489514350891,0.48999452590942383,-0.1987171471118927,0,0
75,RIGHT_EYE_INNER,0.4717136323451996,0.4908798635005951,-0.1918705254793167,0,0
75,RIGHT_EYE,0.470106303691864,0.49088332056999207,-0.1918928176164627,0,0
75,RIGHT_EYE_OUTER,0.46880674362182617,0.49077853560447693,-0.19190852344036102,0,0
75,LEFT_EAR,0.4887007474899292,0.4954025149345398,-0.13186098635196686,0,0
75,RIGHT_EAR,0.46989449858665466,0.4938860833644867,-0.12490382790565491,0,0
75,MOUTH_LEFT,0.47557079792022705,0.5103525519371033,-0.18344813585281372,0,0
75,MOUTH_RIGHT,0.4704013466835022,0.5098647475242615,-0.1740821897983551,0,0
75,LEFT_SHOULDER,0.5091908574104309,0.552698016166687,-0.08409760892391205,0,0
75,RIGHT_SHOULDER,0.45176804065704346,0.5475544929504395,-0.0709943100810051,0,0
75,LEFT_ELBOW,0.5149132609367371,0.6306789517402649,-0.11512888967990875,0,0
75,RIGHT_ELBOW,0.44482865929603577,0.6233755946159363,-0.09511318802833557,0,0
75,LEFT_WRIST,0.4924430847167969,0.6721729636192322,-0.21910414099693298,0,0
75,RIGHT_WRIST,0.4645804762840271,0.6746344566345215,-0.19438888132572174,0,0
75,LEFT_PINKY,0.4855971932411194,0.6938202381134033,-0.24890990555286407,0,0
75,RIGHT_PINKY,0.46886301040649414,0.6951043605804443,-0.22460836172103882,0,0
75,LEFT_INDEX,0.4816001057624817,0.6853090524673462,-0.25979772210121155,0,0
75,RIGHT_INDEX,0.47300615906715393,0.6900303959846497,-0.2325645238161087,0,0
75,LEFT_THUMB,0.48301413655281067,0.6785458922386169,-0.22473447024822235,0,0
75,RIGHT_THUMB,0.47213828563690186,0.6830422878265381,-0.19941188395023346,0,0
75,LEFT_HIP,0.4949423372745514,0.6928517818450928,-0.00487876683473587,0,0
75,RIGHT_HIP,0.46125826239585876,0.6903984546661377,0.0048109395429492,0,0
75,LEFT_KNEE,0.5114845037460327,0.7892489433288574,-0.003575403243303299,0,0
75,RIGHT_KNEE,0.44387659430503845,0.7960101962089539,-0.013481342233717442,0,0
75,LEFT_ANKLE,0.5251752138137817,0.880326509475708,0.11517703533172607,0,0
75,RIGHT_ANKLE,0.4278792440891266,0.8951084613800049,0.08201643824577332,0,0
75,LEFT_HEEL,0.5231747031211853,0.8905331492424011,0.1232769712805748,0,0
75,RIGHT_HEEL,0.43132349848747253,0.9090516567230225,0.08690378069877625,0,0
75,LEFT_FOOT_INDEX,0.5313336849212646,0.9238335490226746,0.03991146385669708,0,0
75,RIGHT_FOOT_INDEX,0.4159829914569855,0.9375934600830078,0.00558814313262701,0,0
76,NOSE,0.47150272130966187,0.5000197887420654,-0.19941182434558868,0,0
76,LEFT_EYE_INNER,0.47589111328125,0.4903101623058319,-0.19277338683605194,0,0
76,LEFT_EYE,0.4780908524990082,0.49004894495010376,-0.1927761286497116,0,0
76,LEFT_EYE_OUTER,0.4806061387062073,0.4900335371494293,-0.19278046488761902,0,0
76,RIGHT_EYE_INNER,0.47158145904541016,0.4909898638725281,-0.18792547285556793,0,0
76,RIGHT_EYE,0.4698118567466736,0.4910166561603546,-0.18795235455036163,0,0
76,RIGHT_EYE_OUTER,0.46843627095222473,0.4909326732158661,-0.1879711151123047,0,0
76,LEFT_EAR,0.4886516034603119,0.4954417943954468,-0.12890507280826569,0,0
76,RIGHT_EAR,0.46945592761039734,0.4939286410808563,-0.11506272852420807,0,0
76,MOUTH_LEFT,0.4754934310913086,0.5103705525398254,-0.17699159681797028,0,0
76,MOUTH_RIGHT,0.4703839123249054,0.5099776387214661,-0.17020319402217865,0,0
76,LEFT_SHOULDER,0.5093070864677429,0.5527651309967041,-0.08278834819793701,0,0
76,RIGHT_SHOULDER,0.4516363739967346,0.5480300188064575,-0.06987078487873077,0,0
76,LEFT_ELBOW,0.5153689980506897,0.6304736137390137,-0.11055422574281693,0,0
76,RIGHT_ELBOW,0.44530338048934937,0.6237485408782959,-0.09538494795560837,0,0
76,LEFT_WRIST,0.49280446767807007,0.671732485294342,-0.21294330060482025,0,0
76,RIGHT_WRIST,0.4656763970851898,0.672899067401886,-0.19462370872497559,0,0
76,LEFT_PINKY,0.48596179485321045,0.6930570006370544,-0.24285808205604553,0,0
76,RIGHT_PINKY,0.4698026478290558,0.6932337284088135,-0.22464004158973694,0,0
76,LEFT_INDEX,0.48193323612213135,0.6843003034591675,-0.2532902657985687,0,0
76,RIGHT_INDEX,0.4739632308483124,0.6875288486480713,-0.2327142059803009,0,0
76,LEFT_THUMB,0.4833613634109497,0.6775898933410645,-0.2184465080499649,0,0
76,RIGHT_THUMB,0.4731793701648712,0.6804335117340088,-0.1996627151966095,0,0
76,LEFT_HIP,0.4945160448551178,0.6931622624397278,-0.004494308959692717,0,0
76,RIGHT_HIP,0.46070000529289246,0.6904089450836182,0.0044222548604011536,0,0
76,LEFT_KNEE,0.5114704370498657,0.7888811230659485,-0.005926492623984814,0,0
76,RIGHT_KNEE,0.4438472092151642,0.7960072159767151,-0.011973473243415356,0,0
76,LEFT_ANKLE,0.5251336693763733,0.8803520202636719,0.11765417456626892,0,0
76,RIGHT_ANKLE,0.4276982545852661,0.895046055316925,0.08826373517513275,0,0
76,LEFT_HEEL,0.523145854473114,0.8906481266021729,0.1264169067144394,0,0
76,RIGHT_HEEL,0.43112146854400635,0.9089795351028442,0.09420166164636612,0,0
76,LEFT_FOOT_INDEX,0.531324028968811,0.9232922792434692,0.044403914362192154,0,0
76,RIGHT_FOOT_INDEX,0.4158706068992615,0.9376077651977539,0.015352489426732063,0,0
77,NOSE,0.4714363217353821,0.5000758767127991,-0.19624605774879456,0,0
77,LEFT_EYE_INNER,0.4757849872112274,0.4903365671634674,-0.18957486748695374,0,0
77,LEFT_EYE,0.47799375653266907,0.4900689721107483,-0.18957890570163727,0,0
77,LEFT_EYE_OUTER,0.4805344343185425,0.4900687336921692,-0.18958301842212677,0,0
77,RIGHT_EYE_INNER,0.47153058648109436,0.491099089384079,-0.18465782701969147,0,0
77,RIGHT_EYE,0.46963486075401306,0.49115419387817383,-0.18468384444713593,0,0
77,RIGHT_EYE_OUTER,0.46820151805877686,0.49109452962875366,-0.18470147252082825,0,0
77,LEFT_EAR,0.48863282799720764,0.4954717457294464,-0.12505483627319336,0,0
77,RIGHT_EAR,0.4691721200942993,0.4940124452114105,-0.1127939447760582,0,0
77,MOUTH_LEFT,0.4754849076271057,0.5104032754898071,-0.17400120198726654,0,0
77,MOUTH_RIGHT,0.47032302618026733,0.5101228356361389,-0.16698449850082397,0,0
77,LEFT_SHOULDER,0.5094057321548462,0.5528322458267212,-0.07969701290130615,0,0
77,RIGHT_SHOULDER,0.4515141546726227,0.548400342464447,-0.06654022634029388,0,0
77,LEFT_ELBOW,0.5155364274978638,0.6304441690444946,-0.10814063251018524,0,0
77,RIGHT_ELBOW,0.4455952048301697,0.6237897276878357,-0.09163812547922134,0,0
77,LEFT_WRIST,0.493075966835022,0.6713981032371521,-0.2110244631767273,0,0
77,RIGHT_WRIST,0.4656639099121094,0.6723496913909912,-0.19179068505764008,0,0
77,LEFT_PINKY,0.48632529377937317,0.6925380229949951,-0.2414710521697998,0,0
77,RIGHT_PINKY,0.46970275044441223,0.6928586363792419,-0.22175182402133942,0,0
77,LEFT_INDEX,0.4822242856025696,0.683752179145813,-0.25173696875572205,0,0
77,RIGHT_INDEX,0.4738885164260864,0.6869478821754456,-0.22994263470172882,0,0
77,LEFT_THUMB,0.4836937189102173,0.677096962928772,-0.21658602356910706,0,0
77,RIGHT_THUMB,0.47311636805534363,0.6796290874481201,-0.19685977697372437,0,0
77,LEFT_HIP,0.494251549243927,0.6934041380882263,-0.004500777926295996,0,0
77,RIGHT_HIP,0.46033960580825806,0.6905316114425659,0.004430877510458231,0,0
77,LEFT_KNEE,0.5114646553993225,0.7887572646141052,-0.006199412047863007,0,0
77,RIGHT_KNEE,0.4438319504261017,0.7959940433502197,-0.011964602395892143,0,0
77,LEFT_ANKLE,0.5251038074493408,0.8803654313087463,0.11958963423967361,0,0
77,RIGHT_ANKLE,0.42763692140579224,0.8950462341308594,0.0869964063167572,0,0
77,LEFT_HEEL,0.5231085419654846,0.8907530903816223,0.12849755585193634,0,0
77,RIGHT_HEEL,0.43106842041015625,0.9090126156806946,0.09284515678882599,0,0
77,LEFT_FOOT_INDEX,0.5313294529914856,0.922897458076477,0.04782704636454582,0,0
77,RIGHT_FOOT_INDEX,0.4157486855983734,0.937726616859436,0.014408795163035393,0,0
78,NOSE,0.4715512692928314,0.5001353025436401,-0.19374579191207886,0,0
78,LEFT_EYE_INNER,0.475766658782959,0.49035191535949707,-0.18922190368175507,0,0
78,LEFT_EYE,0.4780331254005432,0.490090548992157,-0.189228355884552,0,0
78,LEFT_EYE_OUTER,0.4806327819824219,0.4901079535484314,-0.18923690915107727,0,0
78,RIGHT_EYE_INNER,0.4714721739292145,0.49112290143966675,-0.18256501853466034,0,0
78,RIGHT_EYE,0.4695250391960144,0.4911975860595703,-0.18258850276470184,0,0
78,RIGHT_EYE_OUTER,0.46802014112472534,0.49116042256355286,-0.18260647356510162,0,0
78,LEFT_EAR,0.4885646104812622,0.4954957664012909,-0.12001056224107742,0,0
78,RIGHT_EAR,0.46875080466270447,0.49414679408073425,-0.11111517250537872,0,0
78,MOUTH_LEFT,0.4758543074131012,0.5105488896369934,-0.17122450470924377,0,0
78,MOUTH_RIGHT,0.4702290892601013,0.5103328824043274,-0.1648274064064026,0,0
78,LEFT_SHOULDER,0.5094995498657227,0.5529348254203796,-0.0725681334733963,0,0
78,RIGHT_SHOULDER,0.45154741406440735,0.5485185980796814,-0.06983334571123123,0,0
78,LEFT_ELBOW,0.5170823335647583,0.6281694173812866,-0.10329452157020569,0,0
78,RIGHT_ELBOW,0.44566571712493896,0.6235655546188354,-0.10039006918668747,0,0
78,LEFT_WRIST,0.4973556101322174,0.6681267023086548,-0.2105259895324707,0,0
78,RIGHT_WRIST,0.4761731028556824,0.6712563633918762,-0.18847675621509552,0,0
78,LEFT_PINKY,0.49087005853652954,0.6876707077026367,-0.2382674366235733,0,0
78,RIGHT_PINKY,0.48403534293174744,0.6898809671401978,-0.2170359045267105,0,0
78,LEFT_INDEX,0.488557904958725,0.6780049204826355,-0.25047433376312256,0,0
78,RIGHT_INDEX,0.4878085255622864,0.6792013049125671,-0.22198280692100525,0,0
78,LEFT_THUMB,0.4896506369113922,0.6717917919158936,-0.21643538773059845,0,0
78,RIGHT_THUMB,0.48647600412368774,0.6728610396385193,-0.19161051511764526,0,0
78,LEFT_HIP,0.4942505657672882,0.6956484913825989,-0.003903161734342575,0,0
78,RIGHT_HIP,0.46034571528434753,0.6930415034294128,0.0038760195020586252,0,0
78,LEFT_KNEE,0.5114665627479553,0.7896850109100342,-0.025151630863547325,0,0
78,RIGHT_KNEE,0.44380804896354675,0.7963941693305969,-0.005667999852448702,0,0
78,LEFT_ANKLE,0.525092363357544,0.8804025053977966,0.1108965128660202,0,0
78,RIGHT_ANKLE,0.42761141061782837,0.8949810862541199,0.11353638023138046,0,0
78,LEFT_HEEL,0.5229505896568298,0.8910610675811768,0.12061715871095657,0,0
78,RIGHT_HEEL,0.43108871579170227,0.9088982939720154,0.1218915730714798,0,0
78,LEFT_FOOT_INDEX,0.5313359498977661,0.9226527810096741,0.04209313914179802,0,0
78,RIGHT_FOOT_INDEX,0.41573789715766907,0.9377298951148987,0.045165326446294785,0,0
79,NOSE,0.47176265716552734,0.5001711845397949,-0.1707889437675476,0,0
79,LEFT_EYE_INNER,0.47578728199005127,0.49039459228515625,-0.1626622974872589,0,0
79,LEFT_EYE,0.47808918356895447,0.49013224244117737,-0.16266939043998718,0,0
79,LEFT_EYE_OUTER,0.48071303963661194,0.4901409447193146,-0.16267059743404388,0,0
79,RIGHT_EYE_INNER,0.4713915288448334,0.49115103483200073,-0.16051770746707916,0,0
79,RIGHT_EYE,0.4694705307483673,0.4912634491920471,-0.1605374664068222,0,0
79,RIGHT_EYE_OUTER,0.46790334582328796,0.4912746846675873,-0.16056200861930847,0,0
79,LEFT_EAR,0.4884113073348999,0.49549561738967896,-0.0987229123711586,0,0
79,RIGHT_EAR,0.4684094190597534,0.4944298565387726,-0.08864348381757736,0,0
79,MOUTH_LEFT,0.47636696696281433,0.5105915665626526,-0.14581651985645294,0,0
79,MOUTH_RIGHT,0.47022226452827454,0.5103733539581299,-0.14277084171772003,0,0
79,LEFT_SHOULDER,0.5094422101974487,0.5527645945549011,-0.052795302122831345,0,0
79,RIGHT_SHOULDER,0.451785683631897,0.5485209822654724,-0.06540270149707794,0,0
79,LEFT_ELBOW,0.5190519690513611,0.6241004467010498,-0.07517315447330475,0,0
79,RIGHT_ELBOW,0.4462396800518036,0.6230403184890747,-0.0866100937128067,0,0
79,LEFT_WRIST,0.5015433430671692,0.6601928472518921,-0.168162539601326,0,0
79,RIGHT_WRIST,0.48474833369255066,0.6594348549842834,-0.16079895198345184,0,0
79,LEFT_PINKY,0.49467000365257263,0.6772114038467407,-0.19451795518398285,0,0
79,RIGHT_PINKY,0.4943029284477234,0.6713671088218689,-0.18581382930278778,0,0
79,LEFT_INDEX,0.49261248111724854,0.6678000688552856,-0.20342639088630676,0,0
79,RIGHT_INDEX,0.4986804723739624,0.6607171893119812,-0.18921025097370148,0,0
79,LEFT_THUMB,0.4942624866962433,0.6606578230857849,-0.17338044941425323,0,0
79,RIGHT_THUMB,0.4959639012813568,0.6563316583633423,-0.1627614051103592,0,0
79,LEFT_HIP,0.49427661299705505,0.6956821084022522,-0.003297691699117422,0,0
79,RIGHT_HIP,0.4604262411594391,0.6940099000930786,0.003304824000224471,0,0
79,LEFT_KNEE,0.5114535689353943,0.7898182272911072,-0.036511652171611786,0,0
79,RIGHT_KNEE,0.44378840923309326,0.7967751622200012,-0.006532536819577217,0,0
79,LEFT_ANKLE,0.5250760316848755,0.8805558681488037,0.08225250244140625,0,0
79,RIGHT_ANKLE,0.4275897741317749,0.8949242830276489,0.1015404462814331,0,0
79,LEFT_HEEL,0.5228167772293091,0.8918828368186951,0.08995379507541656,0,0
79,RIGHT_HEEL,0.4311051070690155,0.908850371837616,0.1085188016295433,0,0
79,LEFT_FOOT_INDEX,0.5315353274345398,0.9226087927818298,0.012840686365962029,0,0
79,RIGHT_FOOT_INDEX,0.4157352149486542,0.9377099871635437,0.03295848146080971,0,0
80,NOSE,0.47181251645088196,0.5002138614654541,-0.14825043082237244,0,0
80,LEFT_EYE_INNER,0.4757615029811859,0.4904283881187439,-0.14088712632656097,0,0
80,LEFT_EYE,0.4780828654766083,0.49014464020729065,-0.1408902108669281,0,0
80,LEFT_EYE_OUTER,0.4807204306125641,0.49016547203063965,-0.14088045060634613,0,0
80,RIGHT_EYE_INNER,0.47134390473365784,0.49124768376350403,-0.1385726034641266,0,0
80,RIGHT_EYE,0.46942195296287537,0.4913838803768158,-0.13858748972415924,0,0
80,RIGHT_EYE_OUTER,0.4678104817867279,0.49141839146614075,-0.13862167298793793,0,0
80,LEFT_EAR,0.4882223308086395,0.4954751431941986,-0.08151225745677948,0,0
80,RIGHT_EAR,0.46824705600738525,0.49461376667022705,-0.06820958107709885,0,0
80,MOUTH_LEFT,0.4765695035457611,0.5106273293495178,-0.1242726519703865,0,0
80,MOUTH_RIGHT,0.4701981842517853,0.5104393362998962,-0.12062151730060577,0,0
80,LEFT_SHOULDER,0.5093932151794434,0.5523698329925537,-0.03809545189142227,0,0
80,RIGHT_SHOULDER,0.45205411314964294,0.5483435988426208,-0.047060783952474594,0,0
80,LEFT_ELBOW,0.5179940462112427,0.6241536736488342,-0.06244652345776558,0,0
80,RIGHT_ELBOW,0.4499486982822418,0.622741162776947,-0.07155406475067139,0,0
80,LEFT_WRIST,0.5035921335220337,0.6548853516578674,-0.1558622419834137,0,0
80,RIGHT_WRIST,0.4926675260066986,0.6497263312339783,-0.14997448027133942,0,0
80,LEFT_PINKY,0.49682581424713135,0.6678034663200378,-0.18052774667739868,0,0
80,RIGHT_PINKY,0.5029829144477844,0.6567374467849731,-0.17899224162101746,0,0
80,LEFT_INDEX,0.49843788146972656,0.6602653861045837,-0.18910416960716248,0,0
80,RIGHT_INDEX,0.5071801543235779,0.6481964588165283,-0.16182728111743927,0,0
80,LEFT_THUMB,0.49707329273223877,0.6524385809898376,-0.16126637160778046,0,0
80,RIGHT_THUMB,0.5039933919906616,0.6461929082870483,-0.14537444710731506,0,0
80,LEFT_HIP,0.4950195252895355,0.6956417560577393,-0.0037074435967952013,0,0
80,RIGHT_HIP,0.46092212200164795,0.6945655941963196,0.003716961946338415,0,0
80,LEFT_KNEE,0.511448323726654,0.7899227738380432,-0.04269056394696236,0,0
80,RIGHT_KNEE,0.44377055764198303,0.7972293496131897,-0.0057227774523198605,0,0
80,LEFT_ANKLE,0.5250808596611023,0.8806267380714417,0.07687465846538544,0,0
80,RIGHT_ANKLE,0.4275091588497162,0.8949699401855469,0.10146867483854294,0,0
80,LEFT_HEEL,0.5228105783462524,0.8922515511512756,0.08475878834724426,0,0
80,RIGHT_HEEL,0.4311167299747467,0.9089102149009705,0.10856974869966507,0,0
80,LEFT_FOOT_INDEX,0.5316040515899658,0.9224181175231934,0.007964718155562878,0,0
80,RIGHT_FOOT_INDEX,0.4156801998615265,0.9375603795051575,0.0344587117433548,0,0
81,NOSE,0.4720233380794525,0.5005307197570801,-0.1562078446149826,0,0
81,LEFT_EYE_INNER,0.4758515954017639,0.49064579606056213,-0.1494056135416031,0,0
81,LEFT_EYE,0.47822627425193787,0.4903259873390198,-0.14940446615219116,0,0
81,LEFT_EYE_OUTER,0.48083895444869995,0.4902913272380829,-0.14939406514167786,0,0
81,RIGHT_EYE_INNER,0.47127005457878113,0.49147891998291016,-0.14713795483112335,0,0
81,RIGHT_EYE,0.4694017469882965,0.4916400909423828,-0.14716435968875885,0,0
81,RIGHT_EYE_OUTER,0.46780484914779663,0.4917181432247162,-0.14721108973026276,0,0
81,LEFT_EAR,0.4880756139755249,0.4954774081707001,-0.09101495891809464,0,0
81,RIGHT_EAR,0.46814849972724915,0.49496617913246155,-0.07775614410638809,0,0
81,MOUTH_LEFT,0.47693121433258057,0.5107415914535522,-0.13235019147396088,0,0
81,MOUTH_RIGHT,0.47029078006744385,0.5107017755508423,-0.12880869209766388,0,0
81,LEFT_SHOULDER,0.5093159079551697,0.5515996813774109,-0.04616369679570198,0,0
81,RIGHT_SHOULDER,0.4522305130958557,0.5482479929924011,-0.05056624114513397,0,0
81,LEFT_ELBOW,0.5174625515937805,0.6238836646080017,-0.05710061267018318,0,0
81,RIGHT_ELBOW,0.4541563391685486,0.622512936592102,-0.07848329842090607,0,0
81,LEFT_WRIST,0.5025008916854858,0.6564802527427673,-0.12779995799064636,0,0
81,RIGHT_WRIST,0.49626559019088745,0.6423985362052917,-0.1408238261938095,0,0
81,LEFT_PINKY,0.4954410195350647,0.671930193901062,-0.1482449620962143,0,0
81,RIGHT_PINKY,0.5057026743888855,0.6488226652145386,-0.16507545113563538,0,0
81,LEFT_INDEX,0.49539509415626526,0.6645331382751465,-0.15544278919696808,0,0
81,RIGHT_INDEX,0.5092849731445312,0.6416751146316528,-0.1616710126399994,0,0
81,LEFT_THUMB,0.4958381652832031,0.6580766439437866,-0.13202238082885742,0,0
81,RIGHT_THUMB,0.5068604350090027,0.6402387619018555,-0.1408964991569519,0,0
81,LEFT_HIP,0.49578654766082764,0.6956840753555298,-0.0037679835222661495,0,0
81,RIGHT_HIP,0.4613301455974579,0.6957329511642456,0.003774565178900957,0,0
81,LEFT_KNEE,0.5114333629608154,0.7902580499649048,-0.0387335903942585,0,0
81,RIGHT_KNEE,0.4437834322452545,0.7981400489807129,0.00015418439579661936,0,0
81,LEFT_ANKLE,0.5250731706619263,0.8806441426277161,0.0858551561832428,0,0
81,RIGHT_ANKLE,0.42749056220054626,0.895406186580658,0.10333407670259476,0,0
81,LEFT_HEEL,0.5227097272872925,0.8925103545188904,0.09433308988809586,0,0
81,RIGHT_HEEL,0.4311257004737854,0.909494936466217,0.11021016538143158,0,0
81,LEFT_FOOT_INDEX,0.5315970778465271,0.922328531742096,0.01882975921034813,0,0
81,RIGHT_FOOT_INDEX,0.4152699410915375,0.9378182888031006,0.036628808826208115,0,0
82,NOSE,0.47215721011161804,0.5005399584770203,-0.1585686206817627,0,0
82,LEFT_EYE_INNER,0.4758756458759308,0.49066030979156494,-0.15147309005260468,0,0
82,LEFT_EYE,0.47828811407089233,0.49035683274269104,-0.1514689177274704,0,0
82,LEFT_EYE_OUTER,0.48088300228118896,0.49032530188560486,-0.15145622193813324,0,0
82,RIGHT_EYE_INNER,0.471215158700943,0.49153244495391846,-0.1495264321565628,0,0
82,RIGHT_EYE,0.46938103437423706,0.491718590259552,-0.14955274760723114,0,0
82,RIGHT_EYE_OUTER,0.4677842855453491,0.4918414056301117,-0.14959783852100372,0,0
82,LEFT_EAR,0.4878910779953003,0.4954299330711365,-0.09075722843408585,0,0
82,RIGHT_EAR,0.4680270254611969,0.4952475130558014,-0.07905073463916779,0,0
82,MOUTH_LEFT,0.47719013690948486,0.5107653141021729,-0.13386569917201996,0,0
82,MOUTH_RIGHT,0.4703589379787445,0.5107394456863403,-0.13070614635944366,0,0
82,LEFT_SHOULDER,0.5092573761940002,0.5508890151977539,-0.04209228977560997,0,0
82,RIGHT_SHOULDER,0.45233577489852905,0.5482286214828491,-0.05297641083598137,0,0
82,LEFT_ELBOW,0.5171675086021423,0.6225616931915283,-0.060334112495183945,0,0
82,RIGHT_ELBOW,0.4569535255432129,0.6223304867744446,-0.08112851530313492,0,0
82,LEFT_WRIST,0.5017942786216736,0.6528494954109192,-0.14740604162216187,0,0
82,RIGHT_WRIST,0.4977113604545593,0.6375411152839661,-0.14514626562595367,0,0
82,LEFT_PINKY,0.49857884645462036,0.6673041582107544,-0.1699875444173813,0,0
82,RIGHT_PINKY,0.5068904757499695,0.644946813583374,-0.16832338273525238,0,0
82,LEFT_INDEX,0.49693772196769714,0.6594067215919495,-0.1785830408334732,0,0
82,RIGHT_INDEX,0.5104871392250061,0.6385770440101624,-0.16874165832996368,0,0
82,LEFT_THUMB,0.49620723724365234,0.6540715098381042,-0.15264178812503815,0,0
82,RIGHT_THUMB,0.5080805420875549,0.6367293000221252,-0.145878404378891,0,0
82,LEFT_HIP,0.4963437020778656,0.6956197023391724,-0.0033447989262640476,0,0
82,RIGHT_HIP,0.4619697332382202,0.6959248185157776,0.0033557654824107885,0,0
82,LEFT_KNEE,0.5114650130271912,0.7904761433601379,-0.032475437968969345,0,0
82,RIGHT_KNEE,0.44395509362220764,0.7982297539710999,0.005881781689822674,0,0
82,LEFT_ANKLE,0.5250873565673828,0.8806753754615784,0.09092513471841812,0,0
82,RIGHT_ANKLE,0.42745351791381836,0.8953853845596313,0.11538597196340561,0,0
82,LEFT_HEEL,0.5227081179618835,0.8927600979804993,0.09909500181674957,0,0
82,RIGHT_HEEL,0.43112850189208984,0.9094473719596863,0.12278333306312561,0,0
82,LEFT_FOOT_INDEX,0.5316108465194702,0.9223330616950989,0.02227586694061756,0,0
82,RIGHT_FOOT_INDEX,0.415226012468338,0.9378184676170349,0.04847678914666176,0,0
