frame_number,landmark,x,y,z,action,label
0,NOSE,0.5236697196960449,0.5233857035636902,-0.06760483235120773,[],0
0,LEFT_EYE_INNER,0.5270639061927795,0.5144093632698059,-0.08214590698480606,[],0
0,LEFT_EYE,0.5279011726379395,0.5144215822219849,-0.08216088265180588,[],0
0,LEFT_EYE_OUTER,0.5288323163986206,0.5144269466400146,-0.08216661959886551,[],0
0,RIGHT_EYE_INNER,0.526864767074585,0.5140134692192078,-0.059448931366205215,[],0
0,RIGHT_EYE,0.5274945497512817,0.5137850046157837,-0.05943039432168007,[],0
0,RIGHT_EYE_OUTER,0.5282509326934814,0.5135332345962524,-0.05944841355085373,[],0
0,LEFT_EAR,0.5365603566169739,0.5202125906944275,-0.11477748304605484,[],0
0,RIGHT_EAR,0.5352640151977539,0.5188139081001282,-0.01390646118670702,[],0
0,MOUTH_LEFT,0.5268426537513733,0.5343425273895264,-0.07715409249067307,[],0
0,MOUTH_RIGHT,0.5263760685920715,0.5332852602005005,-0.04798983037471771,[],0
0,LEFT_SHOULDER,0.5510150194168091,0.5756445527076721,-0.16602300107479095,[],0
0,RIGHT_SHOULDER,0.5415359735488892,0.5726691484451294,0.06460065394639969,[],0
0,LEFT_ELBOW,0.5472308397293091,0.6502276062965393,-0.194108784198761,[],0
0,RIGHT_ELBOW,0.5176302790641785,0.6349232792854309,0.11813872307538986,[],0
0,LEFT_WRIST,0.5135865211486816,0.689851701259613,-0.19091472029685974,[],0
0,RIGHT_WRIST,0.47966453433036804,0.6646761894226074,0.07686492800712585,[],0
0,LEFT_PINKY,0.5070390105247498,0.7018129229545593,-0.21284809708595276,[],0
0,RIGHT_PINKY,0.46601712703704834,0.668495774269104,0.07548058778047562,[],0
0,LEFT_INDEX,0.5038650631904602,0.6963798999786377,-0.21233735978603363,[],0
0,RIGHT_INDEX,0.4649816155433655,0.6681647896766663,0.05344538390636444,[],0
0,LEFT_THUMB,0.5050314664840698,0.6915439367294312,-0.1889379769563675,[],0
0,RIGHT_THUMB,0.47006309032440186,0.6684143543243408,0.06529799103736877,[],0
0,LEFT_HIP,0.5459335446357727,0.7251431345939636,-0.06934405863285065,[],0
0,RIGHT_HIP,0.5388146638870239,0.7162917852401733,0.06932282447814941,[],0
0,LEFT_KNEE,0.5524485111236572,0.8334975838661194,-0.0347435362637043,[],0
0,RIGHT_KNEE,0.5450277328491211,0.817261278629303,0.1782999485731125,[],0
0,LEFT_ANKLE,0.5615766644477844,0.9411954283714294,-0.001987057738006115,[],0
0,RIGHT_ANKLE,0.5494138598442078,0.884685754776001,0.29474151134490967,[],0
0,LEFT_HEEL,0.5713205337524414,0.965548038482666,-0.0009228414273820817,[],0
0,RIGHT_HEEL,0.5539538860321045,0.9030585289001465,0.3053836226463318,[],0
0,LEFT_FOOT_INDEX,0.5336899161338806,0.9700050354003906,-0.05876260995864868,[],0
0,RIGHT_FOOT_INDEX,0.5244332551956177,0.9094541072845459,0.29256054759025574,[],0
1,NOSE,0.5233743786811829,0.5240888595581055,-0.08347855508327484,0,0
1,LEFT_EYE_INNER,0.5269090533256531,0.5148308873176575,-0.09801048785448074,0,0
1,LEFT_EYE,0.5278115272521973,0.5148272514343262,-0.0980222076177597,0,0
1,LEFT_EYE_OUTER,0.5287624001502991,0.5147787928581238,-0.09803114831447601,0,0
1,RIGHT_EYE_INNER,0.5265277624130249,0.5144118666648865,-0.07607665657997131,0,0
1,RIGHT_EYE,0.5271578431129456,0.5141773819923401,-0.07605910301208496,0,0
1,RIGHT_EYE_OUTER,0.5279057621955872,0.5138840675354004,-0.07606913149356842,0,0
1,LEFT_EAR,0.5361889004707336,0.5203210711479187,-0.12954461574554443,0,0
1,RIGHT_EAR,0.5348941683769226,0.5191240310668945,-0.031143195927143097,0,0
1,MOUTH_LEFT,0.5268438458442688,0.5348445177078247,-0.09231723845005035,0,0
1,MOUTH_RIGHT,0.526369035243988,0.5341441631317139,-0.06385605782270432,0,0
1,LEFT_SHOULDER,0.5509262681007385,0.5755605101585388,-0.17551304399967194,0,0
1,RIGHT_SHOULDER,0.5402708649635315,0.5740801095962524,0.050304580479860306,0,0
1,LEFT_ELBOW,0.5471082925796509,0.6502323746681213,-0.20883870124816895,0,0
1,RIGHT_ELBOW,0.5167494416236877,0.6353336572647095,0.10840748995542526,0,0
1,LEFT_WRIST,0.5143518447875977,0.6939221620559692,-0.2193213850259781,0,0
1,RIGHT_WRIST,0.4798930883407593,0.6631739735603333,0.07285793870687485,0,0
1,LEFT_PINKY,0.5088069438934326,0.7084825038909912,-0.24239087104797363,0,0
1,RIGHT_PINKY,0.46696579456329346,0.6666313409805298,0.07157514244318008,0,0
1,LEFT_INDEX,0.5056530833244324,0.7039722204208374,-0.2437686175107956,0,0
1,RIGHT_INDEX,0.4660668969154358,0.6663970947265625,0.04939384013414383,0,0
1,LEFT_THUMB,0.5066767930984497,0.6985820531845093,-0.2184310108423233,0,0
1,RIGHT_THUMB,0.47096365690231323,0.6667739748954773,0.06122521683573723,0,0
1,LEFT_HIP,0.5459263324737549,0.7240443825721741,-0.06922952830791473,0,0
1,RIGHT_HIP,0.5373818278312683,0.7164192795753479,0.06920301169157028,0,0
1,LEFT_KNEE,0.5525028109550476,0.8313090205192566,-0.034668345004320145,0,0
1,RIGHT_KNEE,0.5441649556159973,0.8162010908126831,0.18592701852321625,0,0
1,LEFT_ANKLE,0.5615299940109253,0.9393025040626526,-0.0011163292219862342,0,0
1,RIGHT_ANKLE,0.5494100451469421,0.8847519755363464,0.30788058042526245,0,0
1,LEFT_HEEL,0.5711767077445984,0.9636421203613281,-0.00014057641965337098,0,0
1,RIGHT_HEEL,0.5538642406463623,0.9030620455741882,0.31885242462158203,0,0
1,LEFT_FOOT_INDEX,0.5336055755615234,0.969777524471283,-0.06035514548420906,0,0
1,RIGHT_FOOT_INDEX,0.5243222117424011,0.9092505574226379,0.3038303554058075,0,0
2,NOSE,0.5231691002845764,0.5243819952011108,-0.08675418794155121,0,0
2,LEFT_EYE_INNER,0.5267025828361511,0.5150479078292847,-0.1015343964099884,0,0
2,LEFT_EYE,0.5276505351066589,0.5150532722473145,-0.10154762864112854,0,0
2,LEFT_EYE_OUTER,0.5286065340042114,0.5149945020675659,-0.10155942291021347,0,0
2,RIGHT_EYE_INNER,0.5262624621391296,0.5146090984344482,-0.07955720275640488,0,0
2,RIGHT_EYE,0.5269085764884949,0.5143710374832153,-0.07953784614801407,0,0
2,RIGHT_EYE_OUTER,0.5276672840118408,0.5140541791915894,-0.07954520732164383,0,0
2,LEFT_EAR,0.5358254313468933,0.5204336643218994,-0.13375750184059143,0,0
2,RIGHT_EAR,0.5346105694770813,0.5192942023277283,-0.03539121523499489,0,0
2,MOUTH_LEFT,0.5268382430076599,0.5351782441139221,-0.09574972093105316,0,0
2,MOUTH_RIGHT,0.526360809803009,0.5346481204032898,-0.06729985028505325,0,0
2,LEFT_SHOULDER,0.5508853197097778,0.5755572319030762,-0.17882712185382843,0,0
2,RIGHT_SHOULDER,0.5398527383804321,0.5747305154800415,0.04665470868349075,0,0
2,LEFT_ELBOW,0.5482076406478882,0.6502350568771362,-0.20864064991474152,0,0
2,RIGHT_ELBOW,0.5175778865814209,0.6350287795066833,0.11049429327249527,0,0
2,LEFT_WRIST,0.5174583792686462,0.6984248161315918,-0.21136818826198578,0,0
2,RIGHT_WRIST,0.48510873317718506,0.6600608825683594,0.09222019463777542,0,0
2,LEFT_PINKY,0.5128434300422668,0.716069757938385,-0.23332944512367249,0,0
2,RIGHT_PINKY,0.472942978143692,0.664779007434845,0.09302566945552826,0,0
2,LEFT_INDEX,0.5091660618782043,0.7109561562538147,-0.2346462607383728,0,0
2,RIGHT_INDEX,0.47230449318885803,0.6650782227516174,0.0716191977262497,0,0
2,LEFT_THUMB,0.5101950168609619,0.7047789096832275,-0.21024473011493683,0,0
2,RIGHT_THUMB,0.4769837260246277,0.6655963063240051,0.08134683221578598,0,0
2,LEFT_HIP,0.5456515550613403,0.7245608568191528,-0.06883136928081512,0,0
2,RIGHT_HIP,0.5364967584609985,0.718710720539093,0.06879670917987823,0,0
2,LEFT_KNEE,0.5526597499847412,0.8313578367233276,-0.02122872695326805,0,0
2,RIGHT_KNEE,0.5437656044960022,0.8158988952636719,0.18729303777217865,0,0
2,LEFT_ANKLE,0.5615169405937195,0.9386792778968811,0.0239836648106575,0,0
2,RIGHT_ANKLE,0.5494020581245422,0.8847801089286804,0.3123725354671478,0,0
2,LEFT_HEEL,0.571073591709137,0.962338924407959,0.026162894442677498,0,0
2,RIGHT_HEEL,0.5538252592086792,0.9030647873878479,0.32390159368515015,0,0
2,LEFT_FOOT_INDEX,0.5336126685142517,0.9693104028701782,-0.03364075347781181,0,0
2,RIGHT_FOOT_INDEX,0.5242195725440979,0.9089720845222473,0.3099401891231537,0,0
3,NOSE,0.5230665802955627,0.5246589183807373,-0.081898994743824,0,0
3,LEFT_EYE_INNER,0.5265982747077942,0.515265166759491,-0.0965784415602684,0,0
3,LEFT_EYE,0.5275763869285583,0.5152932405471802,-0.09659211337566376,0,0
3,LEFT_EYE_OUTER,0.5285376906394958,0.5152222514152527,-0.09660126268863678,0,0
3,RIGHT_EYE_INNER,0.5261126160621643,0.5148035287857056,-0.07427917420864105,0,0
3,RIGHT_EYE,0.5267631411552429,0.5145649313926697,-0.07425999641418457,0,0
3,RIGHT_EYE_OUTER,0.5275256633758545,0.5142279863357544,-0.07427120208740234,0,0
3,LEFT_EAR,0.5356524586677551,0.5205919146537781,-0.12890906631946564,0,0
3,RIGHT_EAR,0.5344865918159485,0.519508957862854,-0.030178094282746315,0,0
3,MOUTH_LEFT,0.5268403887748718,0.5355380177497864,-0.09111633151769638,0,0
3,MOUTH_RIGHT,0.5263604521751404,0.5351465344429016,-0.06232688948512077,0,0
3,LEFT_SHOULDER,0.5508826375007629,0.575556755065918,-0.17860780656337738,0,0
3,RIGHT_SHOULDER,0.5394374132156372,0.5757752060890198,0.05054078996181488,0,0
3,LEFT_ELBOW,0.5494338870048523,0.6502298712730408,-0.20613212883472443,0,0
3,RIGHT_ELBOW,0.5185340046882629,0.6345360279083252,0.12100628763437271,0,0
3,LEFT_WRIST,0.5210427045822144,0.7040057182312012,-0.20686079561710358,0,0
3,RIGHT_WRIST,0.4894590377807617,0.6582215428352356,0.11083792895078659,0,0
3,LEFT_PINKY,0.5162204504013062,0.7231200337409973,-0.22863470017910004,0,0
3,RIGHT_PINKY,0.4786396622657776,0.6638755798339844,0.11270096153020859,0,0
3,LEFT_INDEX,0.512190580368042,0.7187380790710449,-0.22990994155406952,0,0
3,RIGHT_INDEX,0.47824886441230774,0.664588212966919,0.09184739738702774,0,0
3,LEFT_THUMB,0.5134551525115967,0.71249920129776,-0.2057189643383026,0,0
3,RIGHT_THUMB,0.48244860768318176,0.6651079654693604,0.10043451189994812,0,0
3,LEFT_HIP,0.5453209280967712,0.7246057391166687,-0.06833188235759735,0,0
3,RIGHT_HIP,0.5358456373214722,0.7198384404182434,0.06830168515443802,0,0
3,LEFT_KNEE,0.5526625514030457,0.8308342099189758,-0.024747202172875404,0,0
3,RIGHT_KNEE,0.5434792041778564,0.8150818943977356,0.1864144653081894,0,0
3,LEFT_ANKLE,0.5615262389183044,0.9381590485572815,0.015952566638588905,0,0
3,RIGHT_ANKLE,0.5495173335075378,0.8847989439964294,0.3087508976459503,0,0
3,LEFT_HEEL,0.5710709691047668,0.9617874622344971,0.017847595736384392,0,0
3,RIGHT_HEEL,0.553827166557312,0.9030460119247437,0.31993532180786133,0,0
3,LEFT_FOOT_INDEX,0.5337130427360535,0.9691247940063477,-0.039764486253261566,0,0
3,RIGHT_FOOT_INDEX,0.5241942405700684,0.9084433913230896,0.3068702816963196,0,0
4,NOSE,0.522947371006012,0.5247898697853088,-0.08544663339853287,0,0
4,LEFT_EYE_INNER,0.5264844298362732,0.5153420567512512,-0.09977421164512634,0,0
4,LEFT_EYE,0.5274981260299683,0.5153838396072388,-0.09979201853275299,0,0
4,LEFT_EYE_OUTER,0.5284801125526428,0.5153043866157532,-0.09980268776416779,0,0
4,RIGHT_EYE_INNER,0.5259441137313843,0.5148636102676392,-0.07795385271310806,0,0
4,RIGHT_EYE,0.5265878438949585,0.5146240592002869,-0.07793024927377701,0,0
4,RIGHT_EYE_OUTER,0.5273503661155701,0.5142768621444702,-0.0779258981347084,0,0
4,LEFT_EAR,0.535587728023529,0.520596981048584,-0.1316133588552475,0,0
4,RIGHT_EAR,0.534389317035675,0.5195360779762268,-0.03418270871043205,0,0
4,MOUTH_LEFT,0.5268309712409973,0.5356737375259399,-0.0944814458489418,0,0
4,MOUTH_RIGHT,0.5263209342956543,0.5353453755378723,-0.0662272572517395,0,0
4,LEFT_SHOULDER,0.5509914755821228,0.5756787657737732,-0.17793256044387817,0,0
4,RIGHT_SHOULDER,0.5389155745506287,0.5766447186470032,0.048018816858530045,0,0
4,LEFT_ELBOW,0.5497658252716064,0.6505767107009888,-0.20487560331821442,0,0
4,RIGHT_ELBOW,0.5185098052024841,0.6345391869544983,0.11606641113758087,0,0
4,LEFT_WRIST,0.5233814716339111,0.7094653248786926,-0.20497289299964905,0,0
4,RIGHT_WRIST,0.48805519938468933,0.6583693623542786,0.09814367443323135,0,0
4,LEFT_PINKY,0.5186612010002136,0.727240800857544,-0.226692333817482,0,0
4,RIGHT_PINKY,0.47724369168281555,0.663508951663971,0.09861048310995102,0,0
4,LEFT_INDEX,0.5149111151695251,0.7235110402107239,-0.22808559238910675,0,0
4,RIGHT_INDEX,0.4762272238731384,0.663798987865448,0.07723808288574219,0,0
4,LEFT_THUMB,0.5161543488502502,0.7178260684013367,-0.20384769141674042,0,0
4,RIGHT_THUMB,0.4807673692703247,0.6645331978797913,0.08719780296087265,0,0
4,LEFT_HIP,0.5453099012374878,0.7252157926559448,-0.06794984638690948,0,0
4,RIGHT_HIP,0.5358554720878601,0.7219585180282593,0.0679098516702652,0,0
4,LEFT_KNEE,0.5527044534683228,0.8307499885559082,-0.022441577166318893,0,0
4,RIGHT_KNEE,0.5433736443519592,0.8150626420974731,0.18619975447654724,0,0
4,LEFT_ANKLE,0.5615195631980896,0.9382248520851135,0.022471260279417038,0,0
4,RIGHT_ANKLE,0.5496827363967896,0.8862610459327698,0.3079451620578766,0,0
4,LEFT_HEEL,0.5710323452949524,0.9616617560386658,0.024523666128516197,0,0
4,RIGHT_HEEL,0.5538570284843445,0.903745710849762,0.3191925585269928,0,0
4,LEFT_FOOT_INDEX,0.5337039828300476,0.9688851833343506,-0.034849993884563446,0,0
4,RIGHT_FOOT_INDEX,0.524120032787323,0.9083555340766907,0.30622729659080505,0,0
5,NOSE,0.5227240324020386,0.5248463749885559,-0.08482914417982101,0,0
5,LEFT_EYE_INNER,0.5262072086334229,0.5153666734695435,-0.09929205477237701,0,0
5,LEFT_EYE,0.5272687077522278,0.5154181122779846,-0.09931397438049316,0,0
5,LEFT_EYE_OUTER,0.5283082127571106,0.5153512954711914,-0.09932581335306168,0,0
5,RIGHT_EYE_INNER,0.5256519317626953,0.5148786306381226,-0.07727512717247009,0,0
5,RIGHT_EYE,0.5263010263442993,0.5146399736404419,-0.0772499218583107,0,0
5,RIGHT_EYE_OUTER,0.5270727872848511,0.514295220375061,-0.07724402844905853,0,0
5,LEFT_EAR,0.5355026125907898,0.5206359624862671,-0.13182148337364197,0,0
5,RIGHT_EAR,0.5343023538589478,0.519559383392334,-0.03326601907610893,0,0
5,MOUTH_LEFT,0.5268049836158752,0.535815954208374,-0.09409262984991074,0,0
5,MOUTH_RIGHT,0.526271402835846,0.5355189442634583,-0.06554527580738068,0,0
5,LEFT_SHOULDER,0.5509916543960571,0.5757113695144653,-0.1775418072938919,0,0
5,RIGHT_SHOULDER,0.5388818979263306,0.577236533164978,0.04889342561364174,0,0
5,LEFT_ELBOW,0.5500830411911011,0.6508928537368774,-0.2046552449464798,0,0
5,RIGHT_ELBOW,0.5190914869308472,0.6346646547317505,0.11583039164543152,0,0
5,LEFT_WRIST,0.5261207818984985,0.7122107744216919,-0.20437878370285034,0,0
5,RIGHT_WRIST,0.48826849460601807,0.6586409211158752,0.09651152044534683,0,0
5,LEFT_PINKY,0.5216925740242004,0.7310562133789062,-0.22619277238845825,0,0
5,RIGHT_PINKY,0.478365033864975,0.6636117696762085,0.09724696725606918,0,0
5,LEFT_INDEX,0.5180104970932007,0.7276445031166077,-0.22773991525173187,0,0
5,RIGHT_INDEX,0.4774956703186035,0.6639053821563721,0.07576580345630646,0,0
5,LEFT_THUMB,0.5191600918769836,0.7221925854682922,-0.20333686470985413,0,0
5,RIGHT_THUMB,0.481973797082901,0.6646157503128052,0.08553790301084518,0,0
5,LEFT_HIP,0.5449285507202148,0.7283479571342468,-0.06788109987974167,0,0
5,RIGHT_HIP,0.5356941819190979,0.7254660725593567,0.067839115858078,0,0
5,LEFT_KNEE,0.5527008771896362,0.831142783164978,-0.01764632575213909,0,0
5,RIGHT_KNEE,0.5433934330940247,0.8155235052108765,0.19177895784378052,0,0
5,LEFT_ANKLE,0.5615285634994507,0.9385233521461487,0.03045457787811756,0,0
5,RIGHT_ANKLE,0.5498483777046204,0.8875335454940796,0.32003870606422424,0,0
5,LEFT_HEEL,0.5709630846977234,0.9616391658782959,0.03276278078556061,0,0
5,RIGHT_HEEL,0.5539175868034363,0.9038901329040527,0.3321795165538788,0,0
5,LEFT_FOOT_INDEX,0.5337027311325073,0.9689042568206787,-0.027039404958486557,0,0
5,RIGHT_FOOT_INDEX,0.524100124835968,0.9076545834541321,0.3201555609703064,0,0
6,NOSE,0.5227130651473999,0.5249881744384766,-0.08124212920665741,0,0
6,LEFT_EYE_INNER,0.5261422991752625,0.5153704881668091,-0.09568769484758377,0,0
6,LEFT_EYE,0.5272241830825806,0.5154186487197876,-0.09571953117847443,0,0
6,LEFT_EYE_OUTER,0.5282794833183289,0.5153513550758362,-0.09573023021221161,0,0
6,RIGHT_EYE_INNER,0.5255622267723083,0.5148974657058716,-0.07419160008430481,0,0
6,RIGHT_EYE,0.5262031555175781,0.5146629810333252,-0.07415620982646942,0,0
6,RIGHT_EYE_OUTER,0.5269694328308105,0.5143207907676697,-0.0741388276219368,0,0
6,LEFT_EAR,0.5354920625686646,0.520609974861145,-0.12960389256477356,0,0
6,RIGHT_EAR,0.5342877507209778,0.5195419192314148,-0.032543279230594635,0,0
6,MOUTH_LEFT,0.526827871799469,0.5358477234840393,-0.09093765169382095,0,0
6,MOUTH_RIGHT,0.5262734889984131,0.5355755686759949,-0.06295160949230194,0,0
6,LEFT_SHOULDER,0.5508781671524048,0.5754138231277466,-0.17440186440944672,0,0
6,RIGHT_SHOULDER,0.5389359593391418,0.5774358510971069,0.04919644817709923,0,0
6,LEFT_ELBOW,0.5506399869918823,0.6509115099906921,-0.20279233157634735,0,0
6,RIGHT_ELBOW,0.5201329588890076,0.6352446675300598,0.11647861450910568,0,0
6,LEFT_WRIST,0.5282912254333496,0.7157161831855774,-0.2038506716489792,0,0
6,RIGHT_WRIST,0.4914207458496094,0.6588342189788818,0.09609706699848175,0,0
6,LEFT_PINKY,0.5246955156326294,0.7375702857971191,-0.22565224766731262,0,0
6,RIGHT_PINKY,0.48159059882164,0.663970410823822,0.0969994068145752,0,0
6,LEFT_INDEX,0.5210643410682678,0.7345019578933716,-0.22693131864070892,0,0
6,RIGHT_INDEX,0.48056086897850037,0.6641446948051453,0.07543587684631348,0,0
6,LEFT_THUMB,0.5218619704246521,0.7291684150695801,-0.20265626907348633,0,0
6,RIGHT_THUMB,0.4846401512622833,0.6646478772163391,0.08514091372489929,0,0
6,LEFT_HIP,0.5447312593460083,0.7286666035652161,-0.06778779625892639,0,0
6,RIGHT_HIP,0.535760223865509,0.725485622882843,0.06774643063545227,0,0
6,LEFT_KNEE,0.5526784658432007,0.8310977220535278,-0.019589902833104134,0,0
6,RIGHT_KNEE,0.5433987975120544,0.8154336214065552,0.1929457038640976,0,0
6,LEFT_ANKLE,0.5615293979644775,0.9385439157485962,0.02867387793958187,0,0
6,RIGHT_ANKLE,0.5499479174613953,0.8876028060913086,0.3194066882133484,0,0
6,LEFT_HEEL,0.570961058139801,0.9616016745567322,0.029092825949192047,0,0
6,RIGHT_HEEL,0.5539189577102661,0.903698742389679,0.3312835395336151,0,0
6,LEFT_FOOT_INDEX,0.5336648225784302,0.9689303040504456,-0.03401258960366249,0,0
6,RIGHT_FOOT_INDEX,0.5240507125854492,0.9070079326629639,0.3204394280910492,0,0
7,NOSE,0.5224913954734802,0.5250176787376404,-0.07919511944055557,0,0
7,LEFT_EYE_INNER,0.5259151458740234,0.5153687596321106,-0.0929173082113266,0,0
7,LEFT_EYE,0.5270513296127319,0.5154166221618652,-0.09294728189706802,0,0
7,LEFT_EYE_OUTER,0.5281674861907959,0.5153505206108093,-0.09295119345188141,0,0
7,RIGHT_EYE_INNER,0.5252711772918701,0.5148979425430298,-0.07219388335943222,0,0
7,RIGHT_EYE,0.5259026288986206,0.5146634578704834,-0.07215724885463715,0,0
7,RIGHT_EYE_OUTER,0.5266672372817993,0.5143215656280518,-0.0721450224518776,0,0
7,LEFT_EAR,0.5354563593864441,0.5205110311508179,-0.12500028312206268,0,0
7,RIGHT_EAR,0.5341596007347107,0.519317090511322,-0.03229236975312233,0,0
7,MOUTH_LEFT,0.5267854928970337,0.5358490347862244,-0.08847133070230484,0,0
7,MOUTH_RIGHT,0.5261578559875488,0.5355826020240784,-0.06148733198642731,0,0
7,LEFT_SHOULDER,0.5505978465080261,0.575024425983429,-0.16902390122413635,0,0
7,RIGHT_SHOULDER,0.5388961434364319,0.5775779485702515,0.050490058958530426,0,0
7,LEFT_ELBOW,0.5509558320045471,0.6500939130783081,-0.20254990458488464,0,0
7,RIGHT_ELBOW,0.5200749039649963,0.6361793875694275,0.10111396759748459,0,0
7,LEFT_WRIST,0.5307663083076477,0.7155135273933411,-0.21713022887706757,0,0
7,RIGHT_WRIST,0.490131676197052,0.6620370745658875,0.06390959024429321,0,0
7,LEFT_PINKY,0.5281248092651367,0.7384718060493469,-0.24023452401161194,0,0
7,RIGHT_PINKY,0.4795619249343872,0.668787956237793,0.06241275370121002,0,0
7,LEFT_INDEX,0.5244487524032593,0.7356844544410706,-0.24295833706855774,0,0
7,RIGHT_INDEX,0.4786337912082672,0.667877733707428,0.040510598570108414,0,0
7,LEFT_THUMB,0.524691641330719,0.7297806739807129,-0.2170935720205307,0,0
7,RIGHT_THUMB,0.4836730659008026,0.6671527624130249,0.05239888280630112,0,0
7,LEFT_HIP,0.545088529586792,0.7282784581184387,-0.0670742318034172,0,0
7,RIGHT_HIP,0.5360316038131714,0.724958598613739,0.06702626496553421,0,0
7,LEFT_KNEE,0.5526759624481201,0.8309768438339233,-0.03201724961400032,0,0
7,RIGHT_KNEE,0.5434198379516602,0.8152902126312256,0.19262272119522095,0,0
7,LEFT_ANKLE,0.5615647435188293,0.9392149448394775,-0.002892852295190096,0,0
7,RIGHT_ANKLE,0.5500723123550415,0.8876100182533264,0.31705644726753235,0,0
7,LEFT_HEEL,0.5709875822067261,0.9616307020187378,-0.003262772224843502,0,0
7,RIGHT_HEEL,0.5539470911026001,0.9036476016044617,0.3285606801509857,0,0
7,LEFT_FOOT_INDEX,0.5335474014282227,0.9689555764198303,-0.06791844964027405,0,0
7,RIGHT_FOOT_INDEX,0.5240356922149658,0.9067704081535339,0.31680747866630554,0,0
8,NOSE,0.5224385261535645,0.5250229835510254,-0.08017338812351227,0,0
8,LEFT_EYE_INNER,0.5258634686470032,0.5153080224990845,-0.09387164562940598,0,0
8,LEFT_EYE,0.5270100831985474,0.5153437852859497,-0.09389566630125046,0,0
8,LEFT_EYE_OUTER,0.5281404256820679,0.5152658224105835,-0.09389737248420715,0,0
8,RIGHT_EYE_INNER,0.525182843208313,0.5148603916168213,-0.07299891114234924,0,0
8,RIGHT_EYE,0.5257886052131653,0.5146222114562988,-0.072967529296875,0,0
8,RIGHT_EYE_OUTER,0.5265264511108398,0.5142664313316345,-0.07296522706747055,0,0
8,LEFT_EAR,0.535426139831543,0.520276665687561,-0.12559224665164948,0,0
8,RIGHT_EAR,0.5339732766151428,0.5189229249954224,-0.03167692571878433,0,0
8,MOUTH_LEFT,0.5267473459243774,0.5358483195304871,-0.08933389186859131,0,0
8,MOUTH_RIGHT,0.5260151028633118,0.5355845093727112,-0.06210309639573097,0,0
8,LEFT_SHOULDER,0.5502498149871826,0.5744355916976929,-0.16924993693828583,0,0
8,RIGHT_SHOULDER,0.5385023951530457,0.5776371955871582,0.04785595461726189,0,0
8,LEFT_ELBOW,0.5511106848716736,0.6494168043136597,-0.20667940378189087,0,0
8,RIGHT_ELBOW,0.5201097726821899,0.6377950310707092,0.09523407369852066,0,0
8,LEFT_WRIST,0.5322569012641907,0.7153140902519226,-0.2285591959953308,0,0
8,RIGHT_WRIST,0.4913422763347626,0.666375994682312,0.05785698443651199,0,0
8,LEFT_PINKY,0.5305683612823486,0.7400169372558594,-0.25263333320617676,0,0
8,RIGHT_PINKY,0.48018667101860046,0.6744421720504761,0.056488215923309326,0,0
8,LEFT_INDEX,0.5266623497009277,0.7372045516967773,-0.2551184594631195,0,0
8,RIGHT_INDEX,0.4781751036643982,0.6734619140625,0.03416701406240463,0,0
8,LEFT_THUMB,0.5265024304389954,0.7310566902160645,-0.22864584624767303,0,0
8,RIGHT_THUMB,0.48303496837615967,0.672157883644104,0.046353135257959366,0,0
8,LEFT_HIP,0.5455321073532104,0.727593719959259,-0.06681530177593231,0,0
8,RIGHT_HIP,0.5363343954086304,0.7247838973999023,0.06676366925239563,0,0
8,LEFT_KNEE,0.5526220798492432,0.8305536508560181,-0.03418944403529167,0,0
8,RIGHT_KNEE,0.5433838367462158,0.8134618997573853,0.19744053483009338,0,0
8,LEFT_ANKLE,0.5615509748458862,0.9395762085914612,-0.006943203043192625,0,0
8,RIGHT_ANKLE,0.5501114726066589,0.8858897686004639,0.3264549970626831,0,0
8,LEFT_HEEL,0.5708392858505249,0.9615952372550964,-0.007230003364384174,0,0
8,RIGHT_HEEL,0.5540154576301575,0.9018352627754211,0.33837300539016724,0,0
8,LEFT_FOOT_INDEX,0.5334208011627197,0.968848466873169,-0.07249445468187332,0,0
8,RIGHT_FOOT_INDEX,0.5240883827209473,0.905857264995575,0.32692545652389526,0,0
9,NOSE,0.5223917365074158,0.5251168608665466,-0.07927480340003967,0,0
9,LEFT_EYE_INNER,0.5258175134658813,0.5153170824050903,-0.0927826389670372,0,0
9,LEFT_EYE,0.5269709825515747,0.515349805355072,-0.09280529618263245,0,0
9,LEFT_EYE_OUTER,0.5281124114990234,0.5152714252471924,-0.0928049087524414,0,0
9,RIGHT_EYE_INNER,0.5251178741455078,0.5148812532424927,-0.07264740765094757,0,0
9,RIGHT_EYE,0.5257086157798767,0.5146405100822449,-0.07261213660240173,0,0
9,RIGHT_EYE_OUTER,0.5264269113540649,0.5142797231674194,-0.07261470705270767,0,0
9,LEFT_EAR,0.5354115962982178,0.5202681422233582,-0.12354925274848938,0,0
9,RIGHT_EAR,0.5338347554206848,0.5188609957695007,-0.030565006658434868,0,0
9,MOUTH_LEFT,0.5267099738121033,0.535893440246582,-0.08798091858625412,0,0
9,MOUTH_RIGHT,0.5259168148040771,0.5356360673904419,-0.0618249885737896,0,0
9,LEFT_SHOULDER,0.5501930713653564,0.5742257237434387,-0.16652606427669525,0,0
9,RIGHT_SHOULDER,0.5380629301071167,0.5776174664497375,0.04810156300663948,0,0
9,LEFT_ELBOW,0.5512140989303589,0.6489698886871338,-0.20669716596603394,0,0
9,RIGHT_ELBOW,0.5212317705154419,0.6395267844200134,0.0974934846162796,0,0
9,LEFT_WRIST,0.5340226888656616,0.7156186103820801,-0.23290853202342987,0,0
9,RIGHT_WRIST,0.4969128370285034,0.669155478477478,0.06161056458950043,0,0
9,LEFT_PINKY,0.5330247282981873,0.7418756484985352,-0.25671401619911194,0,0
9,RIGHT_PINKY,0.48601752519607544,0.6793484687805176,0.060185886919498444,0,0
9,LEFT_INDEX,0.5283344388008118,0.7389964461326599,-0.2594781816005707,0,0
9,RIGHT_INDEX,0.48412078619003296,0.6788008809089661,0.03816651180386543,0,0
9,LEFT_THUMB,0.5278170704841614,0.7324072122573853,-0.23309339582920074,0,0
9,RIGHT_THUMB,0.48890283703804016,0.6766301393508911,0.05036454275250435,0,0
9,LEFT_HIP,0.5456750392913818,0.7274417877197266,-0.06612487882375717,0,0
9,RIGHT_HIP,0.5363208651542664,0.724465548992157,0.06607557088136673,0,0
9,LEFT_KNEE,0.5525201559066772,0.8304020762443542,-0.03593296557664871,0,0
9,RIGHT_KNEE,0.5430635809898376,0.8121792674064636,0.19583015143871307,0,0
9,LEFT_ANKLE,0.5615484118461609,0.9398921728134155,-0.012725112959742546,0,0
9,RIGHT_ANKLE,0.5501424670219421,0.8854867219924927,0.3228887617588043,0,0
9,LEFT_HEEL,0.5707744359970093,0.9615901112556458,-0.013395131565630436,0,0
9,RIGHT_HEEL,0.5543234944343567,0.9012459516525269,0.3345012366771698,0,0
9,LEFT_FOOT_INDEX,0.5333848595619202,0.9687701463699341,-0.07838530093431473,0,0
9,RIGHT_FOOT_INDEX,0.5242863297462463,0.9054250121116638,0.32270511984825134,0,0
10,NOSE,0.5222853422164917,0.5251815915107727,-0.0808214396238327,0,0
10,LEFT_EYE_INNER,0.5256679058074951,0.5153262615203857,-0.09447260946035385,0,0
10,LEFT_EYE,0.5268256068229675,0.5153533816337585,-0.09449328482151031,0,0
10,LEFT_EYE_OUTER,0.5279890894889832,0.515272855758667,-0.09449364244937897,0,0
10,RIGHT_EYE_INNER,0.5249652862548828,0.514907956123352,-0.07410001754760742,0,0
10,RIGHT_EYE,0.5255491137504578,0.514664351940155,-0.07406967133283615,0,0
10,RIGHT_EYE_OUTER,0.5262611508369446,0.5142972469329834,-0.07407408207654953,0,0
10,LEFT_EAR,0.5353327393531799,0.520205557346344,-0.1249147355556488,0,0
10,RIGHT_EAR,0.5336516499519348,0.5187438130378723,-0.0323554165661335,0,0
10,MOUTH_LEFT,0.5266371369361877,0.5359036922454834,-0.08942440897226334,0,0
10,MOUTH_RIGHT,0.5258018970489502,0.5356486439704895,-0.06289544701576233,0,0
10,LEFT_SHOULDER,0.5501392483711243,0.5737403035163879,-0.16714932024478912,0,0
10,RIGHT_SHOULDER,0.5380914807319641,0.5775947570800781,0.04519079998135567,0,0
10,LEFT_ELBOW,0.5512861013412476,0.6485166549682617,-0.20719732344150543,0,0
10,RIGHT_ELBOW,0.5218842625617981,0.6408514380455017,0.0931093618273735,0,0
10,LEFT_WRIST,0.5350448489189148,0.7165429592132568,-0.23140265047550201,0,0
10,RIGHT_WRIST,0.49866601824760437,0.6737402677536011,0.05580814555287361,0,0
10,LEFT_PINKY,0.5339433550834656,0.742751955986023,-0.2550002336502075,0,0
10,RIGHT_PINKY,0.48873740434646606,0.684179425239563,0.053978081792593,0,0
10,LEFT_INDEX,0.5289768576622009,0.7399181723594666,-0.2578617334365845,0,0
10,RIGHT_INDEX,0.4867558181285858,0.6837985515594482,0.0319708026945591,0,0
10,LEFT_THUMB,0.528510332107544,0.7331178784370422,-0.23156017065048218,0,0
10,RIGHT_THUMB,0.49116620421409607,0.6817724108695984,0.04456521198153496,0,0
10,LEFT_HIP,0.5458747744560242,0.7269628047943115,-0.06581637263298035,0,0
10,RIGHT_HIP,0.5363339185714722,0.724337100982666,0.06577107310295105,0,0
10,LEFT_KNEE,0.5523659586906433,0.8302435874938965,-0.03872021660208702,0,0
10,RIGHT_KNEE,0.5425407886505127,0.8109607696533203,0.19647009670734406,0,0
10,LEFT_ANKLE,0.5615484118461609,0.9400022029876709,-0.019198549911379814,0,0
10,RIGHT_ANKLE,0.5501977801322937,0.884818971157074,0.32329997420310974,0,0
10,LEFT_HEEL,0.5707654356956482,0.9614720344543457,-0.02025262638926506,0,0
10,RIGHT_HEEL,0.5546761155128479,0.9006429314613342,0.33490684628486633,0,0
10,LEFT_FOOT_INDEX,0.5333862900733948,0.9686135649681091,-0.08618184179067612,0,0
10,RIGHT_FOOT_INDEX,0.5244850516319275,0.9051299095153809,0.3232281506061554,0,0
11,NOSE,0.5222331881523132,0.5256873369216919,-0.0840589627623558,0,0
11,LEFT_EYE_INNER,0.5255793929100037,0.5155740976333618,-0.09822840243577957,0,0
11,LEFT_EYE,0.5267616510391235,0.5155767798423767,-0.09824614971876144,0,0
11,LEFT_EYE_OUTER,0.527948796749115,0.5154756307601929,-0.09825103729963303,0,0
11,RIGHT_EYE_INNER,0.5248018503189087,0.5151644349098206,-0.07736173272132874,0,0
11,RIGHT_EYE,0.5253528952598572,0.5148946046829224,-0.07733476161956787,0,0
11,RIGHT_EYE_OUTER,0.5260357856750488,0.5145008563995361,-0.07734406739473343,0,0
11,LEFT_EAR,0.5353105664253235,0.5202106237411499,-0.12947243452072144,0,0
11,RIGHT_EAR,0.5334645509719849,0.518743097782135,-0.03540691360831261,0,0
11,MOUTH_LEFT,0.5266273021697998,0.5361253619194031,-0.09276930242776871,0,0
11,MOUTH_RIGHT,0.5257135033607483,0.5358365774154663,-0.06562017649412155,0,0
11,LEFT_SHOULDER,0.550140380859375,0.5734126567840576,-0.17002873122692108,0,0
11,RIGHT_SHOULDER,0.5380960702896118,0.5775629878044128,0.042478322982788086,0,0
11,LEFT_ELBOW,0.5513430833816528,0.6486784815788269,-0.20686931908130646,0,0
11,RIGHT_ELBOW,0.5233933925628662,0.6417933106422424,0.09132823348045349,0,0
11,LEFT_WRIST,0.534701406955719,0.7186087965965271,-0.22088943421840668,0,0
11,RIGHT_WRIST,0.5031048655509949,0.6769421696662903,0.05518044903874397,0,0
11,LEFT_PINKY,0.5329867601394653,0.7445666193962097,-0.24274680018424988,0,0
11,RIGHT_PINKY,0.4944521486759186,0.688205361366272,0.05356483906507492,0,0
11,LEFT_INDEX,0.5284781455993652,0.7418980002403259,-0.24645604193210602,0,0
11,RIGHT_INDEX,0.4930223822593689,0.688230037689209,0.03181513771414757,0,0
11,LEFT_THUMB,0.5281919240951538,0.7349643111228943,-0.2211206555366516,0,0
11,RIGHT_THUMB,0.4972895085811615,0.6859422922134399,0.04413842782378197,0,0
11,LEFT_HIP,0.5459893941879272,0.726816713809967,-0.06569406390190125,0,0
11,RIGHT_HIP,0.5363460183143616,0.7241501808166504,0.06565005332231522,0,0
11,LEFT_KNEE,0.5523116588592529,0.830043613910675,-0.03733163699507713,0,0
11,RIGHT_KNEE,0.5423268675804138,0.81062251329422,0.19625192880630493,0,0
11,LEFT_ANKLE,0.5615482330322266,0.9401830434799194,-0.012024130672216415,0,0
11,RIGHT_ANKLE,0.5502305626869202,0.8840327858924866,0.3236387372016907,0,0
11,LEFT_HEEL,0.5707424879074097,0.9614275693893433,-0.01242189109325409,0,0
11,RIGHT_HEEL,0.5548134446144104,0.8998912572860718,0.3354143798351288,0,0
11,LEFT_FOOT_INDEX,0.5333832502365112,0.9685292840003967,-0.07683713734149933,0,0
11,RIGHT_FOOT_INDEX,0.5246579051017761,0.9048073887825012,0.3240448236465454,0,0
12,NOSE,0.5221967697143555,0.5263369083404541,-0.09241128712892532,0,0
12,LEFT_EYE_INNER,0.525500476360321,0.5160094499588013,-0.10705650597810745,0,0
12,LEFT_EYE,0.5266972780227661,0.5160018801689148,-0.10707076638936996,0,0
12,LEFT_EYE_OUTER,0.527901291847229,0.5158982276916504,-0.10708200931549072,0,0
12,RIGHT_EYE_INNER,0.5246961116790771,0.5155637264251709,-0.08566194027662277,0,0
12,RIGHT_EYE,0.5252370834350586,0.5152565240859985,-0.0856359452009201,0,0
12,RIGHT_EYE_OUTER,0.5259130001068115,0.5148325562477112,-0.08565176278352737,0,0
12,LEFT_EAR,0.5352752804756165,0.5203608274459839,-0.1387808471918106,0,0
12,RIGHT_EAR,0.5333443880081177,0.5188022255897522,-0.04280267283320427,0,0
12,MOUTH_LEFT,0.5266162157058716,0.5365387201309204,-0.10113824903964996,0,0
12,MOUTH_RIGHT,0.5256595015525818,0.5362017750740051,-0.07338010519742966,0,0
12,LEFT_SHOULDER,0.5499464869499207,0.5738116502761841,-0.1789626181125641,0,0
12,RIGHT_SHOULDER,0.5381328463554382,0.5775442719459534,0.037176765501499176,0,0
12,LEFT_ELBOW,0.5510561466217041,0.6517748236656189,-0.2064860314130783,0,0
12,RIGHT_ELBOW,0.524044930934906,0.6428915858268738,0.09145423024892807,0,0
12,LEFT_WRIST,0.5335770845413208,0.7226532697677612,-0.21243368089199066,0,0
12,RIGHT_WRIST,0.5029504299163818,0.6792828440666199,0.059104569256305695,0,0
12,LEFT_PINKY,0.5317747592926025,0.7466080188751221,-0.23418539762496948,0,0
12,RIGHT_PINKY,0.4936789572238922,0.6898137927055359,0.0578332357108593,0,0
12,LEFT_INDEX,0.5274322032928467,0.7433358430862427,-0.23798419535160065,0,0
12,RIGHT_INDEX,0.4924260973930359,0.6903567314147949,0.036201901733875275,0,0
12,LEFT_THUMB,0.5273478031158447,0.7367657423019409,-0.21260538697242737,0,0
12,RIGHT_THUMB,0.4966929852962494,0.6882922053337097,0.04814600571990013,0,0
12,LEFT_HIP,0.545920193195343,0.7273485660552979,-0.0656815841794014,0,0
12,RIGHT_HIP,0.5363237857818604,0.7244389653205872,0.06563597172498703,0,0
12,LEFT_KNEE,0.5523129105567932,0.8306938409805298,-0.015849413350224495,0,0
12,RIGHT_KNEE,0.5423544645309448,0.8107907176017761,0.19953709840774536,0,0
12,LEFT_ANKLE,0.5615571141242981,0.9406890869140625,0.028740208595991135,0,0
12,RIGHT_ANKLE,0.5502486824989319,0.8840278387069702,0.33671483397483826,0,0
12,LEFT_HEEL,0.5707426071166992,0.9614430665969849,0.030386274680495262,0,0
12,RIGHT_HEEL,0.554847002029419,0.899738073348999,0.3496074974536896,0,0
12,LEFT_FOOT_INDEX,0.5333821773529053,0.9685205817222595,-0.03155346214771271,0,0
12,RIGHT_FOOT_INDEX,0.5247264504432678,0.9045817255973816,0.3376592695713043,0,0
13,NOSE,0.5221617221832275,0.5269057750701904,-0.10262539237737656,0,0
13,LEFT_EYE_INNER,0.5253815054893494,0.5163866877555847,-0.11758529394865036,0,0
13,LEFT_EYE,0.5265886187553406,0.5163618326187134,-0.11759205162525177,0,0
13,LEFT_EYE_OUTER,0.5278084874153137,0.5162467956542969,-0.11760689318180084,0,0
13,RIGHT_EYE_INNER,0.5245551466941833,0.5159340500831604,-0.09588063508272171,0,0
13,RIGHT_EYE,0.5250826478004456,0.5156007409095764,-0.09585592895746231,0,0
13,RIGHT_EYE_OUTER,0.5257463455200195,0.5151558518409729,-0.0958729013800621,0,0
13,LEFT_EAR,0.5351868271827698,0.5205032229423523,-0.149402916431427,0,0
13,RIGHT_EAR,0.5331836938858032,0.5188789367675781,-0.05224071070551872,0,0
13,MOUTH_LEFT,0.5266149044036865,0.5371385812759399,-0.11130376905202866,0,0
13,MOUTH_RIGHT,0.5256476998329163,0.5367541313171387,-0.08321475237607956,0,0
13,LEFT_SHOULDER,0.549736738204956,0.5742897391319275,-0.18933074176311493,0,0
13,RIGHT_SHOULDER,0.5386409163475037,0.5772665739059448,0.02954956330358982,0,0
13,LEFT_ELBOW,0.5502561330795288,0.6548856496810913,-0.20823363959789276,0,0
13,RIGHT_ELBOW,0.5240892767906189,0.6435428261756897,0.08360394090414047,0,0
13,LEFT_WRIST,0.5331469178199768,0.7261330485343933,-0.2036186307668686,0,0
13,RIGHT_WRIST,0.5021862387657166,0.6804390549659729,0.0507771372795105,0,0
13,LEFT_PINKY,0.5308091640472412,0.7481669187545776,-0.22470848262310028,0,0
13,RIGHT_PINKY,0.49269425868988037,0.6902817487716675,0.04956568405032158,0,0
13,LEFT_INDEX,0.5264337658882141,0.7443984150886536,-0.22851257026195526,0,0
13,RIGHT_INDEX,0.4911949932575226,0.6911381483078003,0.02802872471511364,0,0
13,LEFT_THUMB,0.5264211297035217,0.7384164929389954,-0.20350195467472076,0,0
13,RIGHT_THUMB,0.4953191876411438,0.689487636089325,0.03992907702922821,0,0
13,LEFT_HIP,0.5459179282188416,0.7279906272888184,-0.0655977800488472,0,0
13,RIGHT_HIP,0.5363740921020508,0.7246254682540894,0.06555132567882538,0,0
13,LEFT_KNEE,0.5523196458816528,0.8312927484512329,-0.0095010781660676,0,0
13,RIGHT_KNEE,0.5424978137016296,0.8112202286720276,0.19821877777576447,0,0
13,LEFT_ANKLE,0.5615436434745789,0.9406896829605103,0.04088747128844261,0,0
13,RIGHT_ANKLE,0.5502492785453796,0.884084939956665,0.334846168756485,0,0
13,LEFT_HEEL,0.570720374584198,0.9613551497459412,0.043112047016620636,0,0
13,RIGHT_HEEL,0.5548449754714966,0.89979088306427,0.34768274426460266,0,0
13,LEFT_FOOT_INDEX,0.5333835482597351,0.9684621095657349,-0.016924403607845306,0,0
13,RIGHT_FOOT_INDEX,0.5248083472251892,0.9044869542121887,0.33534684777259827,0,0
14,NOSE,0.5220343470573425,0.5273848176002502,-0.1085190698504448,0,0
14,LEFT_EYE_INNER,0.5252065658569336,0.5167743563652039,-0.1236175075173378,0,0
14,LEFT_EYE,0.5264295339584351,0.5167410373687744,-0.12362013757228851,0,0
14,LEFT_EYE_OUTER,0.5276825428009033,0.5166212320327759,-0.1236346885561943,0,0
14,RIGHT_EYE_INNER,0.5243462324142456,0.516292154788971,-0.10189864784479141,0,0
14,RIGHT_EYE,0.5248499512672424,0.5159313082695007,-0.10187828540802002,0,0
14,RIGHT_EYE_OUTER,0.5254908800125122,0.5154613256454468,-0.10189659893512726,0,0
14,LEFT_EAR,0.5351176857948303,0.520717978477478,-0.15530067682266235,0,0
14,RIGHT_EAR,0.5329274535179138,0.5189948081970215,-0.058045968413352966,0,0
14,MOUTH_LEFT,0.5265821814537048,0.5376972556114197,-0.11710068583488464,0,0
14,MOUTH_RIGHT,0.525550127029419,0.5372095108032227,-0.08898811787366867,0,0
14,LEFT_SHOULDER,0.5496317148208618,0.5747062563896179,-0.1940583884716034,0,0
14,RIGHT_SHOULDER,0.5389675498008728,0.5769401788711548,0.024596339091658592,0,0
14,LEFT_ELBOW,0.5488287806510925,0.6565239429473877,-0.2100173383951187,0,0
14,RIGHT_ELBOW,0.5239492654800415,0.6424681544303894,0.07816603779792786,0,0
14,LEFT_WRIST,0.5311787724494934,0.7271537780761719,-0.1996304839849472,0,0
14,RIGHT_WRIST,0.50127112865448,0.6794459223747253,0.04598352685570717,0,0
14,LEFT_PINKY,0.5290423035621643,0.7475574612617493,-0.21976584196090698,0,0
14,RIGHT_PINKY,0.49096062779426575,0.6887728571891785,0.04541688412427902,0,0
14,LEFT_INDEX,0.5253259539604187,0.7437422871589661,-0.2236776500940323,0,0
14,RIGHT_INDEX,0.4893566966056824,0.689701497554779,0.023582644760608673,0,0
14,LEFT_THUMB,0.5256925225257874,0.7383027076721191,-0.1994522362947464,0,0
14,RIGHT_THUMB,0.4934951961040497,0.6882607340812683,0.03504810854792595,0,0
14,LEFT_HIP,0.5459277629852295,0.7279484272003174,-0.06554055958986282,0,0
14,RIGHT_HIP,0.5368165969848633,0.7245878577232361,0.0654950961470604,0,0
14,LEFT_KNEE,0.552320659160614,0.831294059753418,-0.015399489551782608,0,0
14,RIGHT_KNEE,0.5425984263420105,0.8112559914588928,0.19311855733394623,0,0
14,LEFT_ANKLE,0.5615226030349731,0.9404500126838684,0.028632652014493942,0,0
14,RIGHT_ANKLE,0.5502980351448059,0.8841372728347778,0.3280288577079773,0,0
14,LEFT_HEEL,0.5706846714019775,0.9611766934394836,0.030106572434306145,0,0
14,RIGHT_HEEL,0.5548543930053711,0.8998261094093323,0.3406745195388794,0,0
14,LEFT_FOOT_INDEX,0.5333759784698486,0.9684112668037415,-0.030797967687249184,0,0
14,RIGHT_FOOT_INDEX,0.52485591173172,0.9044715762138367,0.32655707001686096,0,0
15,NOSE,0.5216461420059204,0.5274960994720459,-0.11529278755187988,0,0
15,LEFT_EYE_INNER,0.5247892141342163,0.5168951749801636,-0.13005609810352325,0,0
15,LEFT_EYE,0.5260039567947388,0.5168542265892029,-0.13005922734737396,0,0
15,LEFT_EYE_OUTER,0.5272932648658752,0.5167369246482849,-0.13007372617721558,0,0
15,RIGHT_EYE_INNER,0.5239385962486267,0.5164239406585693,-0.10829637199640274,0,0
15,RIGHT_EYE,0.5244356393814087,0.5160638093948364,-0.10827931016683578,0,0
15,RIGHT_EYE_OUTER,0.525071382522583,0.5155991315841675,-0.10829280316829681,0,0
15,LEFT_EAR,0.5348546504974365,0.5207873582839966,-0.1610754430294037,0,0
15,RIGHT_EAR,0.5325335264205933,0.5190827250480652,-0.06339538842439651,0,0
15,MOUTH_LEFT,0.5264068841934204,0.5378967523574829,-0.12369994819164276,0,0
15,MOUTH_RIGHT,0.5253044962882996,0.5373731851577759,-0.0954490453004837,0,0
15,LEFT_SHOULDER,0.5496381521224976,0.5747201442718506,-0.19978517293930054,0,0
15,RIGHT_SHOULDER,0.5389724969863892,0.576137363910675,0.02051609568297863,0,0
15,LEFT_ELBOW,0.5482950210571289,0.6561066508293152,-0.21630819141864777,0,0
15,RIGHT_ELBOW,0.5232714414596558,0.6424243450164795,0.07393495738506317,0,0
15,LEFT_WRIST,0.52736896276474,0.7260848879814148,-0.2015501856803894,0,0
15,RIGHT_WRIST,0.5009119510650635,0.6787543296813965,0.04012715816497803,0,0
15,LEFT_PINKY,0.5243605971336365,0.7460440993309021,-0.22319121658802032,0,0
15,RIGHT_PINKY,0.48599034547805786,0.687461793422699,0.039718251675367355,0,0
15,LEFT_INDEX,0.5204195380210876,0.7424302101135254,-0.2263071984052658,0,0
15,RIGHT_INDEX,0.48431506752967834,0.6882660984992981,0.016965171322226524,0,0
15,LEFT_THUMB,0.5211929082870483,0.736924946308136,-0.20160990953445435,0,0
15,RIGHT_THUMB,0.48914071917533875,0.6870869994163513,0.028807291761040688,0,0
15,LEFT_HIP,0.5462417602539062,0.7262188196182251,-0.06561292707920074,0,0
15,RIGHT_HIP,0.5372973680496216,0.7225612998008728,0.06556914746761322,0,0
15,LEFT_KNEE,0.552371084690094,0.8307512998580933,-0.019330492243170738,0,0
15,RIGHT_KNEE,0.5427101850509644,0.8112526535987854,0.1917676329612732,0,0
15,LEFT_ANKLE,0.5614986419677734,0.9403226971626282,0.023843077942728996,0,0
15,RIGHT_ANKLE,0.5503872036933899,0.8840072751045227,0.32472530007362366,0,0
15,LEFT_HEEL,0.5706678032875061,0.9610914587974548,0.02498292550444603,0,0
15,RIGHT_HEEL,0.5549709796905518,0.8998563885688782,0.33702340722084045,0,0
15,LEFT_FOOT_INDEX,0.5333545207977295,0.9683962464332581,-0.0351300984621048,0,0
15,RIGHT_FOOT_INDEX,0.5249437093734741,0.9044005274772644,0.3220146894454956,0,0
16,NOSE,0.5213465094566345,0.5274869799613953,-0.1148281842470169,0,0
16,LEFT_EYE_INNER,0.5244805812835693,0.5168919563293457,-0.12924623489379883,0,0
16,LEFT_EYE,0.5256430506706238,0.5168513655662537,-0.12925158441066742,0,0
16,LEFT_EYE_OUTER,0.5269020795822144,0.5167344212532043,-0.1292647123336792,0,0
16,RIGHT_EYE_INNER,0.5237208604812622,0.5164258480072021,-0.10760831087827682,0,0
16,RIGHT_EYE,0.5242399573326111,0.516071617603302,-0.10759292542934418,0,0
16,RIGHT_EYE_OUTER,0.5248939394950867,0.515614926815033,-0.10760094970464706,0,0
16,LEFT_EAR,0.5344856977462769,0.5207963585853577,-0.15946537256240845,0,0
16,RIGHT_EAR,0.5323271155357361,0.5191173553466797,-0.06231516972184181,0,0
16,MOUTH_LEFT,0.5261600613594055,0.5378875136375427,-0.12301728874444962,0,0
16,MOUTH_RIGHT,0.5251220464706421,0.5373693704605103,-0.09490202367305756,0,0
16,LEFT_SHOULDER,0.5496312975883484,0.5747165083885193,-0.19841454923152924,0,0
16,RIGHT_SHOULDER,0.5389782190322876,0.575867235660553,0.021258700639009476,0,0
16,LEFT_ELBOW,0.547896683216095,0.6557879447937012,-0.215933158993721,0,0
16,RIGHT_ELBOW,0.5235216617584229,0.6425985097885132,0.07335364818572998,0,0
16,LEFT_WRIST,0.5255724787712097,0.724888801574707,-0.20354023575782776,0,0
16,RIGHT_WRIST,0.49956148862838745,0.6780797839164734,0.03776076063513756,0,0
16,LEFT_PINKY,0.5218148827552795,0.7455185651779175,-0.22536951303482056,0,0
16,RIGHT_PINKY,0.48166099190711975,0.6866732239723206,0.03684050589799881,0,0
16,LEFT_INDEX,0.517960250377655,0.7420088052749634,-0.22843404114246368,0,0
16,RIGHT_INDEX,0.47751274704933167,0.687471866607666,0.014067563228309155,0,0
16,LEFT_THUMB,0.5188666582107544,0.7361379861831665,-0.20363196730613708,0,0
16,RIGHT_THUMB,0.48260655999183655,0.6863363981246948,0.026353584602475166,0,0
16,LEFT_HIP,0.546417236328125,0.7250277400016785,-0.06564532965421677,0,0
16,RIGHT_HIP,0.5375497937202454,0.7211270332336426,0.06560097634792328,0,0
16,LEFT_KNEE,0.5523890852928162,0.8300471305847168,-0.022435445338487625,0,0
16,RIGHT_KNEE,0.5427729487419128,0.8112248778343201,0.1918177604675293,0,0
16,LEFT_ANKLE,0.5614901185035706,0.9403148293495178,0.021862413734197617,0,0
16,RIGHT_ANKLE,0.5504053235054016,0.8839448094367981,0.32442915439605713,0,0
16,LEFT_HEEL,0.570673406124115,0.961071789264679,0.02286515198647976,0,0
16,RIGHT_HEEL,0.5550245046615601,0.8998836874961853,0.33664754033088684,0,0
16,LEFT_FOOT_INDEX,0.5333002805709839,0.9683952331542969,-0.03973078727722168,0,0
16,RIGHT_FOOT_INDEX,0.5249315500259399,0.9043296575546265,0.321837842464447,0,0
17,NOSE,0.5207291841506958,0.5272520184516907,-0.11115507781505585,0,0
17,LEFT_EYE_INNER,0.5238497853279114,0.5168432593345642,-0.12559925019741058,0,0
17,LEFT_EYE,0.5249706506729126,0.516791045665741,-0.12559953331947327,0,0
17,LEFT_EYE_OUTER,0.5262010097503662,0.5166587233543396,-0.12560924887657166,0,0
17,RIGHT_EYE_INNER,0.5231418609619141,0.5164002776145935,-0.10384461283683777,0,0
17,RIGHT_EYE,0.5236676931381226,0.5160545110702515,-0.103829525411129,0,0
17,RIGHT_EYE_OUTER,0.5243315100669861,0.5156033039093018,-0.10384166985750198,0,0
17,LEFT_EAR,0.5339275002479553,0.520656406879425,-0.1561005413532257,0,0
17,RIGHT_EAR,0.5318183898925781,0.5190639495849609,-0.0586354061961174,0,0
17,MOUTH_LEFT,0.5254480242729187,0.5376232862472534,-0.11956684291362762,0,0
17,MOUTH_RIGHT,0.5244689583778381,0.537192165851593,-0.09135531634092331,0,0
17,LEFT_SHOULDER,0.5496377944946289,0.5747091770172119,-0.1971372812986374,0,0
17,RIGHT_SHOULDER,0.5389312505722046,0.575748860836029,0.025152957066893578,0,0
17,LEFT_ELBOW,0.5475322604179382,0.6556769013404846,-0.2148110717535019,0,0
17,RIGHT_ELBOW,0.5234385132789612,0.6424760818481445,0.07791697233915329,0,0
17,LEFT_WRIST,0.5241667032241821,0.7244682312011719,-0.2036004513502121,0,0
17,RIGHT_WRIST,0.4983569085597992,0.6778064966201782,0.04176740348339081,0,0
17,LEFT_PINKY,0.5195643305778503,0.7426159381866455,-0.22476166486740112,0,0
17,RIGHT_PINKY,0.4811975061893463,0.6849548816680908,0.04101148992776871,0,0
17,LEFT_INDEX,0.5156891942024231,0.7397512197494507,-0.22757601737976074,0,0
17,RIGHT_INDEX,0.47829073667526245,0.6855215430259705,0.018679896369576454,0,0
17,LEFT_THUMB,0.5167749524116516,0.7340263724327087,-0.20302926003932953,0,0
17,RIGHT_THUMB,0.48256418108940125,0.6853762865066528,0.03052002191543579,0,0
17,LEFT_HIP,0.5474833250045776,0.7230536937713623,-0.06647637486457825,0,0
17,RIGHT_HIP,0.5387102961540222,0.719235897064209,0.06643251329660416,0,0
17,LEFT_KNEE,0.5525749921798706,0.8287971615791321,-0.0315108485519886,0,0
17,RIGHT_KNEE,0.5430729389190674,0.8112736344337463,0.1888006627559662,0,0
17,LEFT_ANKLE,0.5615026354789734,0.940462052822113,0.0031218326184898615,0,0
17,RIGHT_ANKLE,0.5504848957061768,0.884429395198822,0.3138253390789032,0,0
17,LEFT_HEEL,0.5706836581230164,0.9610730409622192,0.003506023669615388,0,0
17,RIGHT_HEEL,0.5551201701164246,0.9001628756523132,0.32510143518447876,0,0
17,LEFT_FOOT_INDEX,0.5332950949668884,0.9683935046195984,-0.05877583473920822,0,0
17,RIGHT_FOOT_INDEX,0.5250154137611389,0.9042934775352478,0.31059911847114563,0,0
18,NOSE,0.520151674747467,0.527095377445221,-0.10738859325647354,0,0
18,LEFT_EYE_INNER,0.5232927203178406,0.5168144106864929,-0.12184710055589676,0,0
18,LEFT_EYE,0.5243523716926575,0.5167557001113892,-0.12185118347406387,0,0
18,LEFT_EYE_OUTER,0.5255172848701477,0.5166171193122864,-0.12186062335968018,0,0
18,RIGHT_EYE_INNER,0.5227268934249878,0.5163909792900085,-0.10012602806091309,0,0
18,RIGHT_EYE,0.5232986807823181,0.516051173210144,-0.10010869801044464,0,0
18,RIGHT_EYE_OUTER,0.5240066647529602,0.5156027674674988,-0.10011998564004898,0,0
18,LEFT_EAR,0.5332533717155457,0.5206347107887268,-0.15281732380390167,0,0
18,RIGHT_EAR,0.5314571857452393,0.5190666913986206,-0.05549927428364754,0,0
18,MOUTH_LEFT,0.5247238278388977,0.5374624133110046,-0.11600065976381302,0,0
18,MOUTH_RIGHT,0.5239228010177612,0.5371053814888,-0.08778192847967148,0,0
18,LEFT_SHOULDER,0.5495173335075378,0.5745740532875061,-0.19475527107715607,0,0
18,RIGHT_SHOULDER,0.5388763546943665,0.5757704973220825,0.025234313681721687,0,0
18,LEFT_ELBOW,0.5472701787948608,0.6551955342292786,-0.21414822340011597,0,0
18,RIGHT_ELBOW,0.5227594971656799,0.6425479650497437,0.0803368091583252,0,0
18,LEFT_WRIST,0.5235641598701477,0.722357988357544,-0.20140548050403595,0,0
18,RIGHT_WRIST,0.49373236298561096,0.6774125099182129,0.04353312775492668,0,0
18,LEFT_PINKY,0.5185719132423401,0.7402263879776001,-0.22209173440933228,0,0
18,RIGHT_PINKY,0.4780651032924652,0.683391809463501,0.043059758841991425,0,0
18,LEFT_INDEX,0.5144757032394409,0.737700343132019,-0.22467726469039917,0,0
18,RIGHT_INDEX,0.47617098689079285,0.6836951971054077,0.020826555788517,0,0
18,LEFT_THUMB,0.5155091881752014,0.7322502136230469,-0.20048929750919342,0,0
18,RIGHT_THUMB,0.4803839325904846,0.6843976974487305,0.03227175772190094,0,0
18,LEFT_HIP,0.5487114191055298,0.7205444574356079,-0.06781893223524094,0,0
18,RIGHT_HIP,0.5395002365112305,0.7174572348594666,0.06777861714363098,0,0
18,LEFT_KNEE,0.5526993274688721,0.8274984955787659,-0.04498843103647232,0,0
18,RIGHT_KNEE,0.543326199054718,0.8111740350723267,0.18895386159420013,0,0
18,LEFT_ANKLE,0.561492383480072,0.9404723644256592,-0.019863519817590714,0,0
18,RIGHT_ANKLE,0.550519585609436,0.884679913520813,0.31089314818382263,0,0
18,LEFT_HEEL,0.5705714821815491,0.9607865214347839,-0.02044091373682022,0,0
18,RIGHT_HEEL,0.5551261901855469,0.9005272388458252,0.321809321641922,0,0
18,LEFT_FOOT_INDEX,0.5332309603691101,0.9683652520179749,-0.08445907384157181,0,0
18,RIGHT_FOOT_INDEX,0.5252987742424011,0.9042309522628784,0.30796048045158386,0,0
19,NOSE,0.5197158455848694,0.5268601179122925,-0.10593470931053162,0,0
19,LEFT_EYE_INNER,0.5229452848434448,0.5167660117149353,-0.12038705497980118,0,0
19,LEFT_EYE,0.5239506363868713,0.51670902967453,-0.12038833647966385,0,0
19,LEFT_EYE_OUTER,0.5250601768493652,0.5165760517120361,-0.12039735913276672,0,0
19,RIGHT_EYE_INNER,0.5224559903144836,0.5163645148277283,-0.09869032353162766,0,0
19,RIGHT_EYE,0.523038387298584,0.5160385370254517,-0.09867287427186966,0,0
19,RIGHT_EYE_OUTER,0.5237478613853455,0.5155989527702332,-0.09868805855512619,0,0
19,LEFT_EAR,0.5327281951904297,0.5206401348114014,-0.15127941966056824,0,0
19,RIGHT_EAR,0.5310026407241821,0.5190799832344055,-0.054092783480882645,0,0
19,MOUTH_LEFT,0.524167001247406,0.5372955799102783,-0.11451418697834015,0,0
19,MOUTH_RIGHT,0.5234715342521667,0.5369831323623657,-0.08637665212154388,0,0
19,LEFT_SHOULDER,0.5493230819702148,0.5745673775672913,-0.19388829171657562,0,0
19,RIGHT_SHOULDER,0.5388240814208984,0.5757551789283752,0.025582512840628624,0,0
19,LEFT_ELBOW,0.5470485687255859,0.6551595330238342,-0.21358053386211395,0,0
19,RIGHT_ELBOW,0.5224568843841553,0.6424841284751892,0.08058247715234756,0,0
19,LEFT_WRIST,0.5234416127204895,0.7204620838165283,-0.19977647066116333,0,0
19,RIGHT_WRIST,0.49303969740867615,0.6772139072418213,0.04560307413339615,0,0
19,LEFT_PINKY,0.5181807279586792,0.7383275628089905,-0.2204221934080124,0,0
19,RIGHT_PINKY,0.47875288128852844,0.682577908039093,0.044993314892053604,0,0
19,LEFT_INDEX,0.5138508081436157,0.7357892394065857,-0.2234204113483429,0,0
19,RIGHT_INDEX,0.47613704204559326,0.6830828785896301,0.022794263437390327,0,0
19,LEFT_THUMB,0.5149185061454773,0.7304666638374329,-0.198982372879982,0,0
19,RIGHT_THUMB,0.48085981607437134,0.6840038895606995,0.03437227010726929,0,0
19,LEFT_HIP,0.549704909324646,0.7197659611701965,-0.06853096187114716,0,0
19,RIGHT_HIP,0.5407039523124695,0.7169778347015381,0.06849941611289978,0,0
19,LEFT_KNEE,0.5528794527053833,0.8272269368171692,-0.04144365340471268,0,0
19,RIGHT_KNEE,0.5443919897079468,0.8114917874336243,0.18859778344631195,0,0
19,LEFT_ANKLE,0.5618618130683899,0.9417570233345032,-0.01230618730187416,0,0
19,RIGHT_ANKLE,0.550881028175354,0.8852974772453308,0.3116160035133362,0,0
19,LEFT_HEEL,0.5707261562347412,0.9609501361846924,-0.012391822412610054,0,0
19,RIGHT_HEEL,0.5555080771446228,0.9009872674942017,0.3225662112236023,0,0
19,LEFT_FOOT_INDEX,0.5332271456718445,0.9683583378791809,-0.07486061006784439,0,0
19,RIGHT_FOOT_INDEX,0.5253376364707947,0.9042338132858276,0.30831506848335266,0,0
20,NOSE,0.5193018913269043,0.5271660685539246,-0.10568477213382721,0,0
20,LEFT_EYE_INNER,0.5225158333778381,0.5171269178390503,-0.11999748647212982,0,0
20,LEFT_EYE,0.523475170135498,0.5170562267303467,-0.11999762058258057,0,0
20,LEFT_EYE_OUTER,0.5245543718338013,0.5169219374656677,-0.12000729143619537,0,0
20,RIGHT_EYE_INNER,0.5220769643783569,0.5167643427848816,-0.09831705689430237,0,0
20,RIGHT_EYE,0.522666871547699,0.5164551734924316,-0.0982990488409996,0,0
20,RIGHT_EYE_OUTER,0.5233769416809082,0.5160484910011292,-0.09831778705120087,0,0
20,LEFT_EAR,0.5322132706642151,0.521104097366333,-0.15052570402622223,0,0
20,RIGHT_EAR,0.5305131673812866,0.519794762134552,-0.05346151441335678,0,0
20,MOUTH_LEFT,0.5237451195716858,0.5376092791557312,-0.11408912390470505,0,0
20,MOUTH_RIGHT,0.5230687260627747,0.5373069047927856,-0.0860186517238617,0,0
20,LEFT_SHOULDER,0.5491570830345154,0.5749329924583435,-0.19456258416175842,0,0
20,RIGHT_SHOULDER,0.5385643839836121,0.5767183303833008,0.028176357969641685,0,0
20,LEFT_ELBOW,0.5473362803459167,0.6550189852714539,-0.21377834677696228,0,0
20,RIGHT_ELBOW,0.5220826864242554,0.6437140107154846,0.08556022495031357,0,0
20,LEFT_WRIST,0.5230299234390259,0.7187156677246094,-0.2038833200931549,0,0
20,RIGHT_WRIST,0.49184802174568176,0.6776580214500427,0.05054916813969612,0,0
20,LEFT_PINKY,0.5177699327468872,0.7359591722488403,-0.2255655825138092,0,0
20,RIGHT_PINKY,0.4779505729675293,0.6831017136573792,0.05031256377696991,0,0
20,LEFT_INDEX,0.5136654376983643,0.7333987951278687,-0.22853073477745056,0,0
20,RIGHT_INDEX,0.4753022789955139,0.6833844184875488,0.02818349562585354,0,0
20,LEFT_THUMB,0.5146817564964294,0.7282242178916931,-0.2031530737876892,0,0
20,RIGHT_THUMB,0.4793653190135956,0.6841109395027161,0.03926849365234375,0,0
20,LEFT_HIP,0.5508649349212646,0.7199453711509705,-0.06896959245204926,0,0
20,RIGHT_HIP,0.5423465967178345,0.7172493934631348,0.06893207877874374,0,0
20,LEFT_KNEE,0.5531743764877319,0.8275200724601746,-0.02615363523364067,0,0
20,RIGHT_KNEE,0.5453431606292725,0.8132867813110352,0.1891341656446457,0,0
20,LEFT_ANKLE,0.5619511008262634,0.9437472820281982,0.020219895988702774,0,0
20,RIGHT_ANKLE,0.5510026812553406,0.8874978423118591,0.315552681684494,0,0
20,LEFT_HEEL,0.5707443356513977,0.9616477489471436,0.022144179791212082,0,0
20,RIGHT_HEEL,0.5557102560997009,0.9020140767097473,0.32676222920417786,0,0
20,LEFT_FOOT_INDEX,0.5332459807395935,0.9684134125709534,-0.03674135357141495,0,0
20,RIGHT_FOOT_INDEX,0.5255276560783386,0.9043137431144714,0.31084102392196655,0,0
21,NOSE,0.518936038017273,0.5294368863105774,-0.1088365688920021,0,0
21,LEFT_EYE_INNER,0.5219342112541199,0.5191715955734253,-0.12311282753944397,0,0
21,LEFT_EYE,0.5228326916694641,0.5190569758415222,-0.12311293929815292,0,0
21,LEFT_EYE_OUTER,0.5238542556762695,0.5189070701599121,-0.12312622368335724,0,0
21,RIGHT_EYE_INNER,0.5215732455253601,0.5187638998031616,-0.10139541327953339,0,0
21,RIGHT_EYE,0.5221723318099976,0.5183920860290527,-0.10137496888637543,0,0
21,RIGHT_EYE_OUTER,0.5228918790817261,0.5179653167724609,-0.10140255838632584,0,0
21,LEFT_EAR,0.5314794778823853,0.522967517375946,-0.15304778516292572,0,0
21,RIGHT_EAR,0.5299505591392517,0.521741509437561,-0.05600564554333687,0,0
21,MOUTH_LEFT,0.5234443545341492,0.5401743650436401,-0.11696360260248184,0,0
21,MOUTH_RIGHT,0.5227935314178467,0.5397213101387024,-0.08889580518007278,0,0
21,LEFT_SHOULDER,0.5490163564682007,0.5759084820747375,-0.1978580802679062,0,0
21,RIGHT_SHOULDER,0.5383511781692505,0.5776561498641968,0.02915445901453495,0,0
21,LEFT_ELBOW,0.5478847026824951,0.6553868055343628,-0.21897725760936737,0,0
21,RIGHT_ELBOW,0.522580087184906,0.6453362703323364,0.0889536440372467,0,0
21,LEFT_WRIST,0.5231116414070129,0.7183222770690918,-0.2168884575366974,0,0
21,RIGHT_WRIST,0.4921795427799225,0.6795642375946045,0.05608586221933365,0,0
21,LEFT_PINKY,0.5178114175796509,0.7348742485046387,-0.23980626463890076,0,0
21,RIGHT_PINKY,0.47849905490875244,0.6858707070350647,0.055778633803129196,0,0
21,LEFT_INDEX,0.5138021111488342,0.7321109175682068,-0.24245409667491913,0,0
21,RIGHT_INDEX,0.47599610686302185,0.6861369013786316,0.033597540110349655,0,0
21,LEFT_THUMB,0.5148102045059204,0.7270323634147644,-0.21623732149600983,0,0
21,RIGHT_THUMB,0.47977015376091003,0.6862416863441467,0.04482259601354599,0,0
21,LEFT_HIP,0.551987886428833,0.7218509316444397,-0.06905276328325272,0,0
21,RIGHT_HIP,0.543354868888855,0.7187012434005737,0.06901128590106964,0,0
21,LEFT_KNEE,0.5535598993301392,0.8292725086212158,-0.006685997359454632,0,0
21,RIGHT_KNEE,0.5460535883903503,0.8154845833778381,0.19581913948059082,0,0
21,LEFT_ANKLE,0.5619968175888062,0.9443332552909851,0.0523042306303978,0,0
21,RIGHT_ANKLE,0.55107581615448,0.8882566690444946,0.3342841863632202,0,0
21,LEFT_HEEL,0.5707409977912903,0.961934506893158,0.05567960441112518,0,0
21,RIGHT_HEEL,0.5557434558868408,0.9022407531738281,0.3469449281692505,0,0
21,LEFT_FOOT_INDEX,0.5332667231559753,0.9683828949928284,-0.001161953085102141,0,0
21,RIGHT_FOOT_INDEX,0.5255257487297058,0.9042853116989136,0.3318859338760376,0,0
22,NOSE,0.5178095102310181,0.5304807424545288,-0.11079459637403488,0,0
22,LEFT_EYE_INNER,0.5209829211235046,0.520522952079773,-0.12473201751708984,0,0
22,LEFT_EYE,0.5219165682792664,0.5204163789749146,-0.12472919374704361,0,0
22,LEFT_EYE_OUTER,0.5229605436325073,0.5202749967575073,-0.12474272400140762,0,0
22,RIGHT_EYE_INNER,0.5205695033073425,0.5200952887535095,-0.10334431380033493,0,0
22,RIGHT_EYE,0.5211789608001709,0.5197063684463501,-0.10332778096199036,0,0
22,RIGHT_EYE_OUTER,0.5218991041183472,0.5192756056785583,-0.10336873680353165,0,0
22,LEFT_EAR,0.5307484269142151,0.5244848132133484,-0.15343894064426422,0,0
22,RIGHT_EAR,0.5291146039962769,0.5234795212745667,-0.05779493972659111,0,0
22,MOUTH_LEFT,0.5226089358329773,0.5414880514144897,-0.11851664632558823,0,0
22,MOUTH_RIGHT,0.521872341632843,0.5410494804382324,-0.09089172631502151,0,0
22,LEFT_SHOULDER,0.5492343306541443,0.5775776505470276,-0.19767488539218903,0,0
22,RIGHT_SHOULDER,0.5373362898826599,0.5796156525611877,0.027550986036658287,0,0
22,LEFT_ELBOW,0.5490756630897522,0.6559631824493408,-0.21866245567798615,0,0
22,RIGHT_ELBOW,0.5230749845504761,0.6488805413246155,0.08859755843877792,0,0
22,LEFT_WRIST,0.5233080983161926,0.7183204293251038,-0.21814517676830292,0,0
22,RIGHT_WRIST,0.49254992604255676,0.6846711039543152,0.05542239919304848,0,0
22,LEFT_PINKY,0.5181925296783447,0.7346544861793518,-0.24085430800914764,0,0
22,RIGHT_PINKY,0.47962310910224915,0.6931471824645996,0.05523603409528732,0,0
22,LEFT_INDEX,0.5141691565513611,0.7317053079605103,-0.24386116862297058,0,0
22,RIGHT_INDEX,0.4774651527404785,0.693657398223877,0.033108364790678024,0,0
22,LEFT_THUMB,0.5151229500770569,0.7266697287559509,-0.21770869195461273,0,0
22,RIGHT_THUMB,0.4806821644306183,0.6926776170730591,0.04417452588677406,0,0
22,LEFT_HIP,0.5554128289222717,0.7233229279518127,-0.06898599117994308,0,0
22,RIGHT_HIP,0.5444148778915405,0.7198840379714966,0.06894528865814209,0,0
22,LEFT_KNEE,0.5538486242294312,0.8307393193244934,-0.006344316061586142,0,0
22,RIGHT_KNEE,0.5469700694084167,0.8172090649604797,0.19549915194511414,0,0
22,LEFT_ANKLE,0.5620071887969971,0.9445838928222656,0.052575595676898956,0,0
22,RIGHT_ANKLE,0.5510748028755188,0.8900585174560547,0.32960501313209534,0,0
22,LEFT_HEEL,0.5707060694694519,0.9621025919914246,0.055889733135700226,0,0
22,RIGHT_HEEL,0.5556541085243225,0.9024970531463623,0.3417750597000122,0,0
22,LEFT_FOOT_INDEX,0.5332756638526917,0.9683816432952881,-0.0005791145958937705,0,0
22,RIGHT_FOOT_INDEX,0.525077760219574,0.9042187333106995,0.3271092176437378,0,0
23,NOSE,0.5171685218811035,0.5323753356933594,-0.10980603098869324,0,0
23,LEFT_EYE_INNER,0.5203873515129089,0.5226218104362488,-0.12357045710086823,0,0
23,LEFT_EYE,0.5213028192520142,0.5224516987800598,-0.12357375770807266,0,0
23,LEFT_EYE_OUTER,0.5223297476768494,0.5222306251525879,-0.12358788400888443,0,0
23,RIGHT_EYE_INNER,0.5199902057647705,0.5223008990287781,-0.1023968979716301,0,0
23,RIGHT_EYE,0.5205885171890259,0.5219241380691528,-0.1023797020316124,0,0
23,RIGHT_EYE_OUTER,0.5212917923927307,0.5214788913726807,-0.10241999477148056,0,0
23,LEFT_EAR,0.5299892425537109,0.5263524651527405,-0.1529906839132309,0,0
23,RIGHT_EAR,0.5283735394477844,0.5257076621055603,-0.05717137083411217,0,0
23,MOUTH_LEFT,0.5220030546188354,0.5430418252944946,-0.11740794777870178,0,0
23,MOUTH_RIGHT,0.5212540030479431,0.5427694916725159,-0.0900162011384964,0,0
23,LEFT_SHOULDER,0.5498323440551758,0.5793445706367493,-0.1967543512582779,0,0
23,RIGHT_SHOULDER,0.53614342212677,0.5831841826438904,0.02642844058573246,0,0
23,LEFT_ELBOW,0.5516565442085266,0.6567621827125549,-0.21787111461162567,0,0
23,RIGHT_ELBOW,0.5230543613433838,0.6541926860809326,0.08510400354862213,0,0
23,LEFT_WRIST,0.525570273399353,0.7182419896125793,-0.2257649153470993,0,0
23,RIGHT_WRIST,0.4920094609260559,0.6954986453056335,0.051697827875614166,0,0
23,LEFT_PINKY,0.5194997787475586,0.7341038584709167,-0.25016289949417114,0,0
23,RIGHT_PINKY,0.4792381525039673,0.7045819163322449,0.04949606955051422,0,0
23,LEFT_INDEX,0.5157161355018616,0.7308498024940491,-0.25283753871917725,0,0
23,RIGHT_INDEX,0.476733535528183,0.7051397562026978,0.026898695155978203,0,0
23,LEFT_THUMB,0.5169757604598999,0.7260248064994812,-0.22564183175563812,0,0
23,RIGHT_THUMB,0.480862557888031,0.7035221457481384,0.04010071977972984,0,0
23,LEFT_HIP,0.5564756989479065,0.730002760887146,-0.06708871573209763,0,0
23,RIGHT_HIP,0.5449898838996887,0.7252403497695923,0.0670258104801178,0,0
23,LEFT_KNEE,0.5538612008094788,0.8330368995666504,0.016094157472252846,0,0
23,RIGHT_KNEE,0.5477362275123596,0.819146454334259,0.1946406215429306,0,0
23,LEFT_ANKLE,0.5620059967041016,0.944083034992218,0.0953001156449318,0,0
23,RIGHT_ANKLE,0.551319420337677,0.8919177055358887,0.32929471135139465,0,0
23,LEFT_HEEL,0.5706422924995422,0.9620859622955322,0.10080600529909134,0,0
23,RIGHT_HEEL,0.5556890368461609,0.9028670191764832,0.34179455041885376,0,0
23,LEFT_FOOT_INDEX,0.5335289835929871,0.9678233861923218,0.04743587225675583,0,0
23,RIGHT_FOOT_INDEX,0.5250986218452454,0.9044189453125,0.32590004801750183,0,0
24,NOSE,0.5164514183998108,0.5350478291511536,-0.11035733669996262,0,0
24,LEFT_EYE_INNER,0.5196176171302795,0.5250285267829895,-0.12404307723045349,0,0
24,LEFT_EYE,0.5205464959144592,0.5248292088508606,-0.12405384331941605,0,0
24,LEFT_EYE_OUTER,0.5215712189674377,0.5245978236198425,-0.12407243996858597,0,0
24,RIGHT_EYE_INNER,0.5191296339035034,0.524836003780365,-0.10286936163902283,0,0
24,RIGHT_EYE,0.5196794271469116,0.5245037078857422,-0.10285361856222153,0,0
24,RIGHT_EYE_OUTER,0.5203049778938293,0.5241072177886963,-0.10290095955133438,0,0
24,LEFT_EAR,0.5292214155197144,0.5286680459976196,-0.15254490077495575,0,0
24,RIGHT_EAR,0.5273241996765137,0.5281490683555603,-0.0570366196334362,0,0
24,MOUTH_LEFT,0.5213146805763245,0.5452654957771301,-0.11768855154514313,0,0
24,MOUTH_RIGHT,0.5204541683197021,0.5451881885528564,-0.0902496948838234,0,0
24,LEFT_SHOULDER,0.5509641170501709,0.5816981196403503,-0.19630354642868042,0,0
24,RIGHT_SHOULDER,0.5350333452224731,0.5849868059158325,0.025328529998660088,0,0
24,LEFT_ELBOW,0.5535032153129578,0.6585298776626587,-0.21735863387584686,0,0
24,RIGHT_ELBOW,0.523033857345581,0.6577416062355042,0.082688108086586,0,0
24,LEFT_WRIST,0.527833878993988,0.7184678316116333,-0.2255910336971283,0,0
24,RIGHT_WRIST,0.4919414520263672,0.7049576044082642,0.0469912551343441,0,0
24,LEFT_PINKY,0.5219228267669678,0.7341397404670715,-0.25032269954681396,0,0
24,RIGHT_PINKY,0.47937050461769104,0.7161139249801636,0.043908003717660904,0,0
24,LEFT_INDEX,0.5180761218070984,0.7310129404067993,-0.2529241144657135,0,0
24,RIGHT_INDEX,0.47662535309791565,0.7169288992881775,0.021001731976866722,0,0
24,LEFT_THUMB,0.5190771818161011,0.726078450679779,-0.22547800838947296,0,0
24,RIGHT_THUMB,0.4810996949672699,0.714521050453186,0.03525589033961296,0,0
24,LEFT_HIP,0.5581278204917908,0.7358203530311584,-0.06630142033100128,0,0
24,RIGHT_HIP,0.5456346869468689,0.7289385795593262,0.06623797118663788,0,0
24,LEFT_KNEE,0.5538873076438904,0.8375383019447327,0.020197583362460136,0,0
24,RIGHT_KNEE,0.5486600399017334,0.8224502801895142,0.1944710910320282,0,0
24,LEFT_ANKLE,0.5621261596679688,0.944065272808075,0.10322628170251846,0,0
24,RIGHT_ANKLE,0.5519150495529175,0.8948143720626831,0.3334449529647827,0,0
24,LEFT_HEEL,0.5705856084823608,0.9619808793067932,0.10917557030916214,0,0
24,RIGHT_HEEL,0.555863082408905,0.9048458337783813,0.34645625948905945,0,0
24,LEFT_FOOT_INDEX,0.5336354374885559,0.9677927494049072,0.05694754794239998,0,0
24,RIGHT_FOOT_INDEX,0.5252598524093628,0.9048584699630737,0.33019760251045227,0,0
25,NOSE,0.5157315731048584,0.5392798781394958,-0.11164449900388718,0,0
25,LEFT_EYE_INNER,0.5188034772872925,0.5287071466445923,-0.12523417174816132,0,0
25,LEFT_EYE,0.5197584629058838,0.5284410119056702,-0.12524884939193726,0,0
25,LEFT_EYE_OUTER,0.520785927772522,0.5281350016593933,-0.12526831030845642,0,0
25,RIGHT_EYE_INNER,0.5182920098304749,0.5285479426383972,-0.10412155836820602,0,0
25,RIGHT_EYE,0.518852174282074,0.5281732678413391,-0.10410653799772263,0,0
25,RIGHT_EYE_OUTER,0.5194888114929199,0.5277352929115295,-0.10416163504123688,0,0
25,LEFT_EAR,0.5284228920936584,0.5315850973129272,-0.15307897329330444,0,0
25,RIGHT_EAR,0.5266149640083313,0.5312450528144836,-0.05800523981451988,0,0
25,MOUTH_LEFT,0.5205904245376587,0.5488665699958801,-0.11889006197452545,0,0
25,MOUTH_RIGHT,0.5197467803955078,0.5490067005157471,-0.09146901220083237,0,0
25,LEFT_SHOULDER,0.5512228012084961,0.5831465125083923,-0.1956689953804016,0,0
25,RIGHT_SHOULDER,0.5340167880058289,0.5879828333854675,0.023168057203292847,0,0
25,LEFT_ELBOW,0.5552938580513,0.6591350436210632,-0.21904367208480835,0,0
25,RIGHT_ELBOW,0.5230189561843872,0.6617704033851624,0.07909922301769257,0,0
25,LEFT_WRIST,0.5317123532295227,0.7216399908065796,-0.23216772079467773,0,0
25,RIGHT_WRIST,0.4929618537425995,0.7144602537155151,0.04183408245444298,0,0
25,LEFT_PINKY,0.5271140336990356,0.7379102110862732,-0.25798168778419495,0,0
25,RIGHT_PINKY,0.4828859567642212,0.725362241268158,0.0386892706155777,0,0
25,LEFT_INDEX,0.5230260491371155,0.7344023585319519,-0.26029694080352783,0,0
25,RIGHT_INDEX,0.4801914095878601,0.7271034717559814,0.015134667977690697,0,0
25,LEFT_THUMB,0.5236712694168091,0.7301515340805054,-0.23212750256061554,0,0
25,RIGHT_THUMB,0.4845660626888275,0.725257933139801,0.029956664890050888,0,0
25,LEFT_HIP,0.5592913031578064,0.7371472120285034,-0.06628978997468948,0,0
25,RIGHT_HIP,0.5464372038841248,0.7304372787475586,0.06622735410928726,0,0
25,LEFT_KNEE,0.5538796186447144,0.8397272229194641,0.017652878537774086,0,0
25,RIGHT_KNEE,0.5490760207176208,0.8232463598251343,0.2009917050600052,0,0
25,LEFT_ANKLE,0.5621286034584045,0.9440967440605164,0.09806717187166214,0,0
25,RIGHT_ANKLE,0.5521388649940491,0.8943796157836914,0.347448468208313,0,0
25,LEFT_HEEL,0.570562481880188,0.9621918797492981,0.10364949703216553,0,0
25,RIGHT_HEEL,0.5559113621711731,0.9045620560646057,0.36109650135040283,0,0
25,LEFT_FOOT_INDEX,0.5337352752685547,0.9678869247436523,0.04998541995882988,0,0
25,RIGHT_FOOT_INDEX,0.5252330303192139,0.9048717617988586,0.3459165692329407,0,0
26,NOSE,0.5154863595962524,0.5426900386810303,-0.10268080234527588,0,0
26,LEFT_EYE_INNER,0.5185880064964294,0.5317533016204834,-0.116180419921875,0,0
26,LEFT_EYE,0.5195872187614441,0.5313648581504822,-0.1161993071436882,0,0
26,LEFT_EYE_OUTER,0.5206744074821472,0.5309555530548096,-0.1162218376994133,0,0
26,RIGHT_EYE_INNER,0.5178415775299072,0.5317468643188477,-0.09528683125972748,0,0
26,RIGHT_EYE,0.518282949924469,0.5313683748245239,-0.09526772797107697,0,0
26,RIGHT_EYE_OUTER,0.5187798738479614,0.5309338569641113,-0.09533459693193436,0,0
26,LEFT_EAR,0.5283852815628052,0.5339998602867126,-0.1439192295074463,0,0
26,RIGHT_EAR,0.5259294509887695,0.534012496471405,-0.049757037311792374,0,0
26,MOUTH_LEFT,0.5204405188560486,0.5518521070480347,-0.1100219264626503,0,0
26,MOUTH_RIGHT,0.519401490688324,0.5520293116569519,-0.08282144367694855,0,0
26,LEFT_SHOULDER,0.5522783398628235,0.5834798812866211,-0.18654793500900269,0,0
26,RIGHT_SHOULDER,0.5321052670478821,0.5916481614112854,0.027619345113635063,0,0
26,LEFT_ELBOW,0.5585771203041077,0.6591405868530273,-0.21386000514030457,0,0
26,RIGHT_ELBOW,0.5232223272323608,0.6638606786727905,0.0828564316034317,0,0
26,LEFT_WRIST,0.5358547568321228,0.7237021923065186,-0.22678519785404205,0,0
26,RIGHT_WRIST,0.49838393926620483,0.7170121073722839,0.04294489696621895,0,0
26,LEFT_PINKY,0.5317372679710388,0.7421166896820068,-0.2510531544685364,0,0
26,RIGHT_PINKY,0.4910929799079895,0.7290371656417847,0.040513988584280014,0,0
26,LEFT_INDEX,0.527505099773407,0.7379397749900818,-0.2535804808139801,0,0
26,RIGHT_INDEX,0.48859840631484985,0.731892466545105,0.01779099926352501,0,0
26,LEFT_THUMB,0.5284291505813599,0.733306884765625,-0.22654268145561218,0,0
26,RIGHT_THUMB,0.4927806258201599,0.7291003465652466,0.030481867492198944,0,0
26,LEFT_HIP,0.5599544644355774,0.7385978698730469,-0.06619247794151306,0,0
26,RIGHT_HIP,0.5462105870246887,0.7329578399658203,0.06613396853208542,0,0
26,LEFT_KNEE,0.5538221597671509,0.839180052280426,0.01764156110584736,0,0
26,RIGHT_KNEE,0.549121081829071,0.822594165802002,0.2006472945213318,0,0
26,LEFT_ANKLE,0.5621258020401001,0.9428775310516357,0.0975685641169548,0,0
26,RIGHT_ANKLE,0.5524548888206482,0.8939698934555054,0.34488433599472046,0,0
26,LEFT_HEEL,0.5706000924110413,0.9618055820465088,0.1031874492764473,0,0
26,RIGHT_HEEL,0.5559101104736328,0.9043049812316895,0.35824230313301086,0,0
26,LEFT_FOOT_INDEX,0.533737301826477,0.9675567746162415,0.050594981759786606,0,0
26,RIGHT_FOOT_INDEX,0.525222897529602,0.9048736691474915,0.3437092900276184,0,0
27,NOSE,0.5154372453689575,0.5466216206550598,-0.09521939605474472,0,0
27,LEFT_EYE_INNER,0.518394410610199,0.535094678401947,-0.10883310437202454,0,0
27,LEFT_EYE,0.5193988084793091,0.5345649123191833,-0.10885260999202728,0,0
27,LEFT_EYE_OUTER,0.5205102562904358,0.5340232849121094,-0.10887249559164047,0,0
27,RIGHT_EYE_INNER,0.5177158713340759,0.5351346731185913,-0.08814964443445206,0,0
27,RIGHT_EYE,0.5181861519813538,0.5346671938896179,-0.08812490850687027,0,0
27,RIGHT_EYE_OUTER,0.5187292695045471,0.5341539978981018,-0.08818423748016357,0,0
27,LEFT_EAR,0.5283591151237488,0.5359458327293396,-0.13633941113948822,0,0
27,RIGHT_EAR,0.5259989500045776,0.5361311435699463,-0.0432378314435482,0,0
27,MOUTH_LEFT,0.520490825176239,0.5552427768707275,-0.1024627611041069,0,0
27,MOUTH_RIGHT,0.5195052027702332,0.5554066896438599,-0.07554585486650467,0,0
27,LEFT_SHOULDER,0.5537393689155579,0.5834455490112305,-0.17909398674964905,0,0
27,RIGHT_SHOULDER,0.5316471457481384,0.5928259491920471,0.03269284963607788,0,0
27,LEFT_ELBOW,0.559515655040741,0.6590935587882996,-0.21324321627616882,0,0
27,RIGHT_ELBOW,0.5231221914291382,0.6648368835449219,0.08608827739953995,0,0
27,LEFT_WRIST,0.5411999821662903,0.7265106439590454,-0.232588991522789,0,0
27,RIGHT_WRIST,0.5031024217605591,0.7197518348693848,0.047442641109228134,0,0
27,LEFT_PINKY,0.5391775965690613,0.7466588616371155,-0.25827929377555847,0,0
27,RIGHT_PINKY,0.49534183740615845,0.7336008548736572,0.04461010918021202,0,0
27,LEFT_INDEX,0.5345292687416077,0.7434757351875305,-0.2602602243423462,0,0
27,RIGHT_INDEX,0.4942777752876282,0.736005425453186,0.021750736981630325,0,0
27,LEFT_THUMB,0.5341050624847412,0.738284707069397,-0.2324361801147461,0,0
27,RIGHT_THUMB,0.49865782260894775,0.7319526672363281,0.0356142483651638,0,0
27,LEFT_HIP,0.560310959815979,0.7381422519683838,-0.06619670242071152,0,0
27,RIGHT_HIP,0.5461227297782898,0.7332010865211487,0.06614252924919128,0,0
27,LEFT_KNEE,0.5538232326507568,0.8386085033416748,0.010995151475071907,0,0
27,RIGHT_KNEE,0.5490554571151733,0.8199720978736877,0.20285174250602722,0,0
27,LEFT_ANKLE,0.5620900392532349,0.941871702671051,0.08229996263980865,0,0
27,RIGHT_ANKLE,0.5524694919586182,0.8915751576423645,0.34731534123420715,0,0
27,LEFT_HEEL,0.5705824494361877,0.9615083932876587,0.08705361187458038,0,0
27,RIGHT_HEEL,0.5559150576591492,0.9031693339347839,0.36075881123542786,0,0
27,LEFT_FOOT_INDEX,0.5337574481964111,0.9670351147651672,0.03434264287352562,0,0
27,RIGHT_FOOT_INDEX,0.5252141356468201,0.9048500061035156,0.3479641377925873,0,0
28,NOSE,0.5152719616889954,0.5508700609207153,-0.07515254616737366,0,0
28,LEFT_EYE_INNER,0.5178950428962708,0.5389277338981628,-0.08890683948993683,0,0
28,LEFT_EYE,0.5189034938812256,0.5380961894989014,-0.08892837166786194,0,0
28,LEFT_EYE_OUTER,0.5200230479240417,0.5372971892356873,-0.08895023912191391,0,0
28,RIGHT_EYE_INNER,0.517288863658905,0.539294421672821,-0.06870993226766586,0,0
28,RIGHT_EYE,0.5177837014198303,0.5387229323387146,-0.06868049502372742,0,0
28,RIGHT_EYE_OUTER,0.5183539986610413,0.5381121039390564,-0.06874116510152817,0,0
28,LEFT_EAR,0.5281292796134949,0.5377565026283264,-0.11668156087398529,0,0
28,RIGHT_EAR,0.525771975517273,0.5384393930435181,-0.0252973735332489,0,0
28,MOUTH_LEFT,0.520496129989624,0.5584033131599426,-0.08233698457479477,0,0
28,MOUTH_RIGHT,0.5195212960243225,0.5587479472160339,-0.05596482381224632,0,0
28,LEFT_SHOULDER,0.5555998086929321,0.582909345626831,-0.15913894772529602,0,0
28,RIGHT_SHOULDER,0.5302138924598694,0.5939604640007019,0.04480074346065521,0,0
28,LEFT_ELBOW,0.5635364651679993,0.6586941480636597,-0.19569529592990875,0,0
28,RIGHT_ELBOW,0.5231310725212097,0.6637594103813171,0.0959930345416069,0,0
28,LEFT_WRIST,0.5492575764656067,0.726401686668396,-0.22182275354862213,0,0
28,RIGHT_WRIST,0.5077257752418518,0.7190844416618347,0.05926722660660744,0,0
28,LEFT_PINKY,0.5486810207366943,0.7483206391334534,-0.24681897461414337,0,0
28,RIGHT_PINKY,0.5003800988197327,0.7358680963516235,0.056595027446746826,0,0
28,LEFT_INDEX,0.5422956943511963,0.7457122802734375,-0.24938572943210602,0,0
28,RIGHT_INDEX,0.4998154640197754,0.7375092506408691,0.034801557660102844,0,0
28,LEFT_THUMB,0.5409510135650635,0.7405552268028259,-0.22201640903949738,0,0
28,RIGHT_THUMB,0.5037418603897095,0.7322439551353455,0.04840784892439842,0,0
28,LEFT_HIP,0.5611294507980347,0.7387544512748718,-0.06581126153469086,0,0
28,RIGHT_HIP,0.5459048748016357,0.7351065874099731,0.0657794177532196,0,0
28,LEFT_KNEE,0.5538193583488464,0.8404635190963745,0.002816050546243787,0,0
28,RIGHT_KNEE,0.5489006042480469,0.8201061487197876,0.1949416995048523,0,0
28,LEFT_ANKLE,0.5620461106300354,0.9420334696769714,0.06831073015928268,0,0
28,RIGHT_ANKLE,0.5526110529899597,0.8925296664237976,0.33347761631011963,0,0
28,LEFT_HEEL,0.5705153346061707,0.9615762233734131,0.07285992056131363,0,0
28,RIGHT_HEEL,0.5560292601585388,0.9038810729980469,0.3463798761367798,0,0
28,LEFT_FOOT_INDEX,0.5337686538696289,0.9670628309249878,0.027268972247838974,0,0
28,RIGHT_FOOT_INDEX,0.5252745151519775,0.9058685898780823,0.3339678645133972,0,0
29,NOSE,0.5153959393501282,0.5521274209022522,-0.06975817680358887,0,0
29,LEFT_EYE_INNER,0.5180443525314331,0.5408433675765991,-0.08300766348838806,0,0
29,LEFT_EYE,0.519043505191803,0.5400846004486084,-0.0830298513174057,0,0
29,LEFT_EYE_OUTER,0.5201489329338074,0.5393463969230652,-0.08305884897708893,0,0
29,RIGHT_EYE_INNER,0.5174309611320496,0.5412074327468872,-0.06291831284761429,0,0
29,RIGHT_EYE,0.5179024338722229,0.5407058596611023,-0.0628906711935997,0,0
29,RIGHT_EYE_OUTER,0.5184336304664612,0.5401632785797119,-0.06295913457870483,0,0
29,LEFT_EAR,0.5281708836555481,0.5395519733428955,-0.10852066427469254,0,0
29,RIGHT_EAR,0.5255617499351501,0.5402212738990784,-0.017872009426355362,0,0
29,MOUTH_LEFT,0.5205462574958801,0.5596480369567871,-0.07628802210092545,0,0
29,MOUTH_RIGHT,0.5196121335029602,0.5598126649856567,-0.05013631656765938,0,0
29,LEFT_SHOULDER,0.5568122267723083,0.5826990008354187,-0.1501927226781845,0,0
29,RIGHT_SHOULDER,0.5293647646903992,0.5937697887420654,0.052837442606687546,0,0
29,LEFT_ELBOW,0.5677050352096558,0.6591966152191162,-0.1762721687555313,0,0
29,RIGHT_ELBOW,0.5231620073318481,0.6626635789871216,0.10255590081214905,0,0
29,LEFT_WRIST,0.5549638867378235,0.7262417674064636,-0.18605808913707733,0,0
29,RIGHT_WRIST,0.5132197737693787,0.7140281200408936,0.06353959441184998,0,0
29,LEFT_PINKY,0.5550094842910767,0.7496738433837891,-0.20840874314308167,0,0
29,RIGHT_PINKY,0.5084128379821777,0.7294421792030334,0.0605149008333683,0,0
29,LEFT_INDEX,0.5476722121238708,0.7468957304954529,-0.21237841248512268,0,0
29,RIGHT_INDEX,0.5091506838798523,0.7297050356864929,0.039783842861652374,0,0
29,LEFT_THUMB,0.5460994243621826,0.7410933971405029,-0.1861676126718521,0,0
29,RIGHT_THUMB,0.5118601322174072,0.7256768345832825,0.05306650325655937,0,0
29,LEFT_HIP,0.5610201358795166,0.7395673394203186,-0.06471239030361176,0,0
29,RIGHT_HIP,0.5449448227882385,0.7354186773300171,0.06471361964941025,0,0
29,LEFT_KNEE,0.5538159012794495,0.8407495021820068,-0.01373762171715498,0,0
29,RIGHT_KNEE,0.5480796098709106,0.8201556205749512,0.18222390115261078,0,0
29,LEFT_ANKLE,0.5620449781417847,0.9420539736747742,0.04751366004347801,0,0
29,RIGHT_ANKLE,0.5525584816932678,0.8926717042922974,0.31927844882011414,0,0
29,LEFT_HEEL,0.5704931020736694,0.9616023302078247,0.05119992420077324,0,0
29,RIGHT_HEEL,0.555985152721405,0.9041686058044434,0.33157894015312195,0,0
29,LEFT_FOOT_INDEX,0.5341119170188904,0.9673237204551697,-0.002040952444076538,0,0
29,RIGHT_FOOT_INDEX,0.5249546766281128,0.9067214727401733,0.3167036473751068,0,0
30,NOSE,0.5154283046722412,0.5518611669540405,-0.0675845667719841,0,0
30,LEFT_EYE_INNER,0.5181571245193481,0.540657639503479,-0.07999148219823837,0,0
30,LEFT_EYE,0.5191522836685181,0.5399436950683594,-0.08001702278852463,0,0
30,LEFT_EYE_OUTER,0.5202447175979614,0.539253830909729,-0.08005449175834656,0,0
30,RIGHT_EYE_INNER,0.5175374150276184,0.5410473346710205,-0.060182344168424606,0,0
30,RIGHT_EYE,0.5179910063743591,0.5406191945075989,-0.06015270575881004,0,0
30,RIGHT_EYE_OUTER,0.5184879302978516,0.5401695370674133,-0.06020762398838997,0,0
30,LEFT_EAR,0.5281907320022583,0.5397892594337463,-0.10091430693864822,0,0
30,RIGHT_EAR,0.5252013206481934,0.5408278107643127,-0.012011965736746788,0,0
30,MOUTH_LEFT,0.5205619931221008,0.5594577193260193,-0.07251440733671188,0,0
30,MOUTH_RIGHT,0.5196542739868164,0.5596252083778381,-0.04688548669219017,0,0
30,LEFT_SHOULDER,0.557934582233429,0.5808991193771362,-0.13897283375263214,0,0
30,RIGHT_SHOULDER,0.5279019474983215,0.5946130752563477,0.058514244854450226,0,0
30,LEFT_ELBOW,0.5719205737113953,0.658378541469574,-0.15993724763393402,0,0
30,RIGHT_ELBOW,0.5232977271080017,0.6609020233154297,0.09807013720273972,0,0
30,LEFT_WRIST,0.561462938785553,0.7259674072265625,-0.1624356061220169,0,0
30,RIGHT_WRIST,0.5174849629402161,0.6936978697776794,0.041878990828990936,0,0
30,LEFT_PINKY,0.5618623495101929,0.7484953999519348,-0.182773619890213,0,0
30,RIGHT_PINKY,0.5168441534042358,0.7147560119628906,0.036242637783288956,0,0
30,LEFT_INDEX,0.5555826425552368,0.745781421661377,-0.18815279006958008,0,0
30,RIGHT_INDEX,0.5175241231918335,0.7106876373291016,0.018695997074246407,0,0
30,LEFT_THUMB,0.5549761652946472,0.739956259727478,-0.16266648471355438,0,0
30,RIGHT_THUMB,0.5194541215896606,0.7000235915184021,0.03235780447721481,0,0
30,LEFT_HIP,0.561078667640686,0.7389957904815674,-0.06302406638860703,0,0
30,RIGHT_HIP,0.5446969866752625,0.7346446514129639,0.06304209679365158,0,0
30,LEFT_KNEE,0.5541884899139404,0.8403711915016174,-0.023135578259825706,0,0
30,RIGHT_KNEE,0.5481433272361755,0.8214482069015503,0.16839657723903656,0,0
30,LEFT_ANKLE,0.5620422959327698,0.9416584968566895,0.029780197888612747,0,0
30,RIGHT_ANKLE,0.5526114106178284,0.8935207724571228,0.2970350980758667,0,0
30,LEFT_HEEL,0.5704585313796997,0.9614368677139282,0.0324835442006588,0,0
30,RIGHT_HEEL,0.556015133857727,0.9055773615837097,0.30817773938179016,0,0
30,LEFT_FOOT_INDEX,0.5345335602760315,0.9670215845108032,-0.02298387512564659,0,0
30,RIGHT_FOOT_INDEX,0.5249565839767456,0.9079314470291138,0.28917524218559265,0,0
31,NOSE,0.5150378346443176,0.551436722278595,-0.07706692069768906,0,0
31,LEFT_EYE_INNER,0.517602264881134,0.540023684501648,-0.09066485613584518,0,0
31,LEFT_EYE,0.5186232924461365,0.5392661690711975,-0.09068631380796432,0,0
31,LEFT_EYE_OUTER,0.519732654094696,0.5385510325431824,-0.09071372449398041,0,0
31,RIGHT_EYE_INNER,0.516903281211853,0.5406031012535095,-0.06982149928808212,0,0
31,RIGHT_EYE,0.5173143148422241,0.5402491688728333,-0.06979324668645859,0,0
31,RIGHT_EYE_OUTER,0.5177395343780518,0.539875328540802,-0.06983813643455505,0,0
31,LEFT_EAR,0.5276371836662292,0.5392629504203796,-0.1094685047864914,0,0
31,RIGHT_EAR,0.5241262912750244,0.540428876876831,-0.022982627153396606,0,0
31,MOUTH_LEFT,0.5202189087867737,0.558973491191864,-0.08326994627714157,0,0
31,MOUTH_RIGHT,0.5191697478294373,0.5591877698898315,-0.05739285424351692,0,0
31,LEFT_SHOULDER,0.5580883026123047,0.5781821012496948,-0.13871918618679047,0,0
31,RIGHT_SHOULDER,0.5241701006889343,0.5941198468208313,0.05507417768239975,0,0
31,LEFT_ELBOW,0.5762635469436646,0.6516640186309814,-0.14689232409000397,0,0
31,RIGHT_ELBOW,0.520377516746521,0.6567839980125427,0.05834116041660309,0,0
31,LEFT_WRIST,0.5662882924079895,0.7249376773834229,-0.1436363309621811,0,0
31,RIGHT_WRIST,0.5247896909713745,0.6811949014663696,-0.018888717517256737,0,0
31,LEFT_PINKY,0.5669428110122681,0.7480663061141968,-0.16213347017765045,0,0
31,RIGHT_PINKY,0.5276780724525452,0.6978521943092346,-0.026223765686154366,0,0
31,LEFT_INDEX,0.561208963394165,0.7450183629989624,-0.16868796944618225,0,0
31,RIGHT_INDEX,0.5298084616661072,0.6903803944587708,-0.03988473489880562,0,0
31,LEFT_THUMB,0.5605797171592712,0.7395642995834351,-0.14404910802841187,0,0
31,RIGHT_THUMB,0.5296651124954224,0.6840314865112305,-0.026438524946570396,0,0
31,LEFT_HIP,0.5612412691116333,0.7343710660934448,-0.06213482469320297,0,0
31,RIGHT_HIP,0.5447613596916199,0.7314789295196533,0.06215159595012665,0,0
31,LEFT_KNEE,0.5546124577522278,0.8385410308837891,-0.04536758363246918,0,0
31,RIGHT_KNEE,0.5482252836227417,0.8213373422622681,0.153508260846138,0,0
31,LEFT_ANKLE,0.5620309710502625,0.9408103227615356,-0.007225251290947199,0,0
31,RIGHT_ANKLE,0.5526449084281921,0.893423318862915,0.2775346040725708,0,0
31,LEFT_HEEL,0.570419430732727,0.9609915018081665,-0.006039496976882219,0,0
31,RIGHT_HEEL,0.5562201142311096,0.9059012532234192,0.28755536675453186,0,0
31,LEFT_FOOT_INDEX,0.534835159778595,0.9668623208999634,-0.06382760405540466,0,0
31,RIGHT_FOOT_INDEX,0.525134801864624,0.908839225769043,0.2637696862220764,0,0
32,NOSE,0.5147831439971924,0.5517356395721436,-0.10191385447978973,0,0
32,LEFT_EYE_INNER,0.5171592235565186,0.5400384068489075,-0.11248677223920822,0,0
32,LEFT_EYE,0.5181595087051392,0.5392417907714844,-0.11246370524168015,0,0
32,LEFT_EYE_OUTER,0.5192347168922424,0.5384823083877563,-0.11250792443752289,0,0
32,RIGHT_EYE_INNER,0.516539990901947,0.5405633449554443,-0.09603562951087952,0,0
32,RIGHT_EYE,0.5169902443885803,0.5401485562324524,-0.09602650254964828,0,0
32,RIGHT_EYE_OUTER,0.5174471139907837,0.5397289991378784,-0.0960862785577774,0,0
32,LEFT_EAR,0.527076780796051,0.5388550162315369,-0.11640886217355728,0,0
32,RIGHT_EAR,0.5239216685295105,0.5401755571365356,-0.04237685725092888,0,0
32,MOUTH_LEFT,0.5198283195495605,0.5590566396713257,-0.09942018240690231,0,0
32,MOUTH_RIGHT,0.5189067125320435,0.5592114925384521,-0.07885989546775818,0,0
32,LEFT_SHOULDER,0.5585364699363708,0.5746951699256897,-0.13376298546791077,0,0
32,RIGHT_SHOULDER,0.523007333278656,0.5903366208076477,0.020893339067697525,0,0
32,LEFT_ELBOW,0.5797644853591919,0.6418137550354004,-0.12777799367904663,0,0
32,RIGHT_ELBOW,0.5186852812767029,0.6534512639045715,0.006412714719772339,0,0
32,LEFT_WRIST,0.569520115852356,0.7078870534896851,-0.11375235766172409,0,0
32,RIGHT_WRIST,0.5327735543251038,0.6638789176940918,-0.09019467979669571,0,0
32,LEFT_PINKY,0.5710907578468323,0.7325719594955444,-0.12758666276931763,0,0
32,RIGHT_PINKY,0.5383774042129517,0.6706938147544861,-0.10239085555076599,0,0
32,LEFT_INDEX,0.5664900541305542,0.7297505140304565,-0.13655094802379608,0,0
32,RIGHT_INDEX,0.5404815077781677,0.6627562046051025,-0.10847539454698563,0,0
32,LEFT_THUMB,0.5651714205741882,0.7209210991859436,-0.11475365608930588,0,0
32,RIGHT_THUMB,0.5388323664665222,0.660262405872345,-0.09484066814184189,0,0
32,LEFT_HIP,0.5609539747238159,0.7292938232421875,-0.05921482667326927,0,0
32,RIGHT_HIP,0.544542670249939,0.7273722290992737,0.05924784764647484,0,0
32,LEFT_KNEE,0.5553610920906067,0.8361337780952454,-0.05007002130150795,0,0
32,RIGHT_KNEE,0.5481286644935608,0.8192176818847656,0.15450884401798248,0,0
32,LEFT_ANKLE,0.5620223879814148,0.940710723400116,-0.020035743713378906,0,0
32,RIGHT_ANKLE,0.5525667667388916,0.8930603861808777,0.284864604473114,0,0
32,LEFT_HEEL,0.5704179406166077,0.960944414138794,-0.019909482449293137,0,0
32,RIGHT_HEEL,0.5563441514968872,0.9061851501464844,0.29534509778022766,0,0
32,LEFT_FOOT_INDEX,0.5353183150291443,0.9668201804161072,-0.08031748235225677,0,0
32,RIGHT_FOOT_INDEX,0.5252649188041687,0.9092966914176941,0.26851168274879456,0,0
33,NOSE,0.5142911076545715,0.5542972683906555,-0.11198868602514267,0,0
33,LEFT_EYE_INNER,0.5163228511810303,0.5421727895736694,-0.12289007008075714,0,0
33,LEFT_EYE,0.5173724293708801,0.541057288646698,-0.1228492259979248,0,0
33,LEFT_EYE_OUTER,0.5184604525566101,0.5400181412696838,-0.12289135903120041,0,0
33,RIGHT_EYE_INNER,0.5155351161956787,0.543158769607544,-0.107225202023983,0,0
33,RIGHT_EYE,0.5159547924995422,0.5427353382110596,-0.10723172128200531,0,0
33,RIGHT_EYE_OUTER,0.5164068937301636,0.5423316359519958,-0.10732565820217133,0,0
33,LEFT_EAR,0.5261486172676086,0.5390591025352478,-0.12442409247159958,0,0
33,RIGHT_EAR,0.5233839154243469,0.54106605052948,-0.05640653148293495,0,0
33,MOUTH_LEFT,0.5194361209869385,0.5604398250579834,-0.10947250574827194,0,0
33,MOUTH_RIGHT,0.5184733271598816,0.5610959529876709,-0.08960781991481781,0,0
33,LEFT_SHOULDER,0.5607501268386841,0.5731762647628784,-0.13186299800872803,0,0
33,RIGHT_SHOULDER,0.5217977166175842,0.5887422561645508,-0.0034495831932872534,0,0
33,LEFT_ELBOW,0.5767068266868591,0.6383188962936401,-0.11990568041801453,0,0
33,RIGHT_ELBOW,0.516577422618866,0.6508591175079346,-0.030268864706158638,0,0
33,LEFT_WRIST,0.572185218334198,0.7060571908950806,-0.11040464043617249,0,0
33,RIGHT_WRIST,0.5385274887084961,0.6513208150863647,-0.13046956062316895,0,0
33,LEFT_PINKY,0.572954535484314,0.7305322289466858,-0.12336106598377228,0,0
33,RIGHT_PINKY,0.5462905764579773,0.6551551222801208,-0.145669087767601,0,0
33,LEFT_INDEX,0.5688993334770203,0.7277407646179199,-0.13421975076198578,0,0
33,RIGHT_INDEX,0.548873782157898,0.6443160772323608,-0.14727039635181427,0,0
33,LEFT_THUMB,0.5680646896362305,0.7196954488754272,-0.11283264309167862,0,0
33,RIGHT_THUMB,0.546398937702179,0.6431792378425598,-0.133152574300766,0,0
33,LEFT_HIP,0.5620750784873962,0.7282085418701172,-0.05609126016497612,0,0
33,RIGHT_HIP,0.5444654226303101,0.7259709239006042,0.056116580963134766,0,0
33,LEFT_KNEE,0.556110680103302,0.8355020880699158,-0.03976156935095787,0,0
33,RIGHT_KNEE,0.5481085181236267,0.8184376358985901,0.16484478116035461,0,0
33,LEFT_ANKLE,0.5622842311859131,0.9404975771903992,-0.005517760757356882,0,0
33,RIGHT_ANKLE,0.5523627996444702,0.8914936780929565,0.3167721927165985,0,0
33,LEFT_HEEL,0.5705356597900391,0.9609225988388062,-0.004786342848092318,0,0
33,RIGHT_HEEL,0.5564090013504028,0.9053974747657776,0.32972875237464905,0,0
33,LEFT_FOOT_INDEX,0.5359176993370056,0.9671547412872314,-0.06563130766153336,0,0
33,RIGHT_FOOT_INDEX,0.5253914594650269,0.9092374444007874,0.29882678389549255,0,0
34,NOSE,0.5118506550788879,0.5548763275146484,-0.10704708099365234,0,0
34,LEFT_EYE_INNER,0.5139726996421814,0.5424867868423462,-0.1121426448225975,0,0
34,LEFT_EYE,0.515059769153595,0.5413303375244141,-0.11207331717014313,0,0
34,LEFT_EYE_OUTER,0.5161551833152771,0.5402498841285706,-0.11211574077606201,0,0
34,RIGHT_EYE_INNER,0.5133031010627747,0.5434510111808777,-0.10616730153560638,0,0
34,RIGHT_EYE,0.5138347744941711,0.5429840683937073,-0.10610667616128922,0,0
34,RIGHT_EYE_OUTER,0.514422595500946,0.5425362586975098,-0.10619793832302094,0,0
34,LEFT_EAR,0.5241851210594177,0.5390750169754028,-0.10815580189228058,0,0
34,RIGHT_EAR,0.5218273997306824,0.5411815643310547,-0.04877615347504616,0,0
34,MOUTH_LEFT,0.5169404149055481,0.560775101184845,-0.09645307064056396,0,0
34,MOUTH_RIGHT,0.5162166953086853,0.5614649057388306,-0.08237116783857346,0,0
34,LEFT_SHOULDER,0.5610932111740112,0.5699359178543091,-0.10993091762065887,0,0
34,RIGHT_SHOULDER,0.520246684551239,0.5849885940551758,0.011069572530686855,0,0
34,LEFT_ELBOW,0.5802777409553528,0.6269862651824951,-0.10213147848844528,0,0
34,RIGHT_ELBOW,0.5161850452423096,0.6477576494216919,-0.03020293638110161,0,0
34,LEFT_WRIST,0.5782468318939209,0.7021273374557495,-0.09207093715667725,0,0
34,RIGHT_WRIST,0.539709746837616,0.6345913410186768,-0.1484534740447998,0,0
34,LEFT_PINKY,0.5808089375495911,0.7269537448883057,-0.1025189682841301,0,0
34,RIGHT_PINKY,0.5489462018013,0.6354780793190002,-0.1661095768213272,0,0
34,LEFT_INDEX,0.5761605501174927,0.7254884243011475,-0.11417090147733688,0,0
34,RIGHT_INDEX,0.5505176782608032,0.6276365518569946,-0.16470672190189362,0,0
34,LEFT_THUMB,0.5740377306938171,0.7177571654319763,-0.09401018172502518,0,0
34,RIGHT_THUMB,0.5480021238327026,0.6270415186882019,-0.15062326192855835,0,0
34,LEFT_HIP,0.5637925863265991,0.724806010723114,-0.05319288745522499,0,0
34,RIGHT_HIP,0.5444666743278503,0.7236559987068176,0.05320000275969505,0,0
34,LEFT_KNEE,0.5574010014533997,0.8342777490615845,-0.04950275644659996,0,0
34,RIGHT_KNEE,0.547831118106842,0.8176372051239014,0.14848877489566803,0,0
34,LEFT_ANKLE,0.5625047087669373,0.9404439926147461,-0.02698514796793461,0,0
34,RIGHT_ANKLE,0.5524951815605164,0.8914861679077148,0.2746986150741577,0,0
34,LEFT_HEEL,0.5705891251564026,0.9609293341636658,-0.027549175545573235,0,0
34,RIGHT_HEEL,0.5572502017021179,0.9054691791534424,0.28467151522636414,0,0
34,LEFT_FOOT_INDEX,0.536339521408081,0.9675225019454956,-0.09007852524518967,0,0
34,RIGHT_FOOT_INDEX,0.525450587272644,0.9093916416168213,0.2550945580005646,0,0
35,NOSE,0.5103442072868347,0.5576735734939575,-0.10316846519708633,0,0
35,LEFT_EYE_INNER,0.5122412443161011,0.544678270816803,-0.1119128093123436,0,0
35,LEFT_EYE,0.5133363604545593,0.5433803796768188,-0.11186744272708893,0,0
35,LEFT_EYE_OUTER,0.514440655708313,0.542130708694458,-0.11190705746412277,0,0
35,RIGHT_EYE_INNER,0.5116207599639893,0.5454776287078857,-0.09893333166837692,0,0
35,RIGHT_EYE,0.512208104133606,0.5447458028793335,-0.09890436381101608,0,0
35,RIGHT_EYE_OUTER,0.5128781795501709,0.5440093874931335,-0.09896396845579147,0,0
35,LEFT_EAR,0.522480309009552,0.5401004552841187,-0.1133442297577858,0,0
35,RIGHT_EAR,0.52028489112854,0.5415960550308228,-0.04611330106854439,0,0
35,MOUTH_LEFT,0.5156010985374451,0.563207745552063,-0.09741123020648956,0,0
35,MOUTH_RIGHT,0.5147751569747925,0.5639222264289856,-0.08013027161359787,0,0
35,LEFT_SHOULDER,0.5605652928352356,0.5679224729537964,-0.1207064762711525,0,0
35,RIGHT_SHOULDER,0.5196138620376587,0.5824762582778931,0.012676890939474106,0,0
35,LEFT_ELBOW,0.5827538967132568,0.6246119141578674,-0.1155572384595871,0,0
35,RIGHT_ELBOW,0.5168204307556152,0.6413549780845642,-0.027929041534662247,0,0
35,LEFT_WRIST,0.580541729927063,0.700229823589325,-0.1019739955663681,0,0
35,RIGHT_WRIST,0.5444155931472778,0.6192244291305542,-0.1435413956642151,0,0
35,LEFT_PINKY,0.5839865207672119,0.7236766815185547,-0.11292154341936111,0,0
35,RIGHT_PINKY,0.5534068942070007,0.6176897287368774,-0.16015967726707458,0,0
35,LEFT_INDEX,0.5788763761520386,0.7226468920707703,-0.12356412410736084,0,0
35,RIGHT_INDEX,0.5551415681838989,0.611517608165741,-0.1594093292951584,0,0
35,LEFT_THUMB,0.5763542056083679,0.715562105178833,-0.10318797081708908,0,0
35,RIGHT_THUMB,0.5527151823043823,0.6117676496505737,-0.14607027173042297,0,0
35,LEFT_HIP,0.5646534562110901,0.7229673266410828,-0.05444226786494255,0,0
35,RIGHT_HIP,0.5444365739822388,0.7226392030715942,0.054430291056632996,0,0
35,LEFT_KNEE,0.5582926273345947,0.8335124254226685,-0.051862072199583054,0,0
35,RIGHT_KNEE,0.5473437905311584,0.8169831037521362,0.1591661125421524,0,0
35,LEFT_ANKLE,0.5625154972076416,0.9403864741325378,-0.03313296660780907,0,0
35,RIGHT_ANKLE,0.5524927973747253,0.8913339376449585,0.29139015078544617,0,0
35,LEFT_HEEL,0.5706251859664917,0.9609318375587463,-0.033940598368644714,0,0
35,RIGHT_HEEL,0.5574760437011719,0.9054521918296814,0.30244189500808716,0,0
35,LEFT_FOOT_INDEX,0.5365358591079712,0.9677680134773254,-0.09776423871517181,0,0
35,RIGHT_FOOT_INDEX,0.5257495045661926,0.9095491170883179,0.2772270441055298,0,0
36,NOSE,0.5095398426055908,0.561693012714386,-0.1033179983496666,0,0
36,LEFT_EYE_INNER,0.5109311938285828,0.5484439730644226,-0.11297949403524399,0,0
36,LEFT_EYE,0.5120245814323425,0.5470702052116394,-0.11294543743133545,0,0
36,LEFT_EYE_OUTER,0.5131438374519348,0.5457106828689575,-0.11298012733459473,0,0
36,RIGHT_EYE_INNER,0.5102769732475281,0.5492478609085083,-0.09807547181844711,0,0
36,RIGHT_EYE,0.5108316540718079,0.5484831929206848,-0.09805326908826828,0,0
36,RIGHT_EYE_OUTER,0.5114669799804688,0.5477237105369568,-0.09808172285556793,0,0
36,LEFT_EAR,0.520891547203064,0.5426045656204224,-0.11572971940040588,0,0
36,RIGHT_EAR,0.5187385082244873,0.5442195534706116,-0.04643862694501877,0,0
36,MOUTH_LEFT,0.5151849389076233,0.5667608380317688,-0.09963496029376984,0,0
36,MOUTH_RIGHT,0.514322817325592,0.5675729513168335,-0.08081676810979843,0,0
36,LEFT_SHOULDER,0.5603548884391785,0.5679888725280762,-0.1221364215016365,0,0
36,RIGHT_SHOULDER,0.5194799900054932,0.5813108682632446,0.012098388746380806,0,0
36,LEFT_ELBOW,0.5828555822372437,0.6222251057624817,-0.11436811834573746,0,0
36,RIGHT_ELBOW,0.5188371539115906,0.6378320455551147,-0.013249175623059273,0,0
36,LEFT_WRIST,0.582345724105835,0.6972758173942566,-0.09834529459476471,0,0
36,RIGHT_WRIST,0.5477956533432007,0.6111646890640259,-0.11270733922719955,0,0
36,LEFT_PINKY,0.5862576365470886,0.7195049524307251,-0.1080879420042038,0,0
36,RIGHT_PINKY,0.5577318668365479,0.607190728187561,-0.12734851241111755,0,0
36,LEFT_INDEX,0.5812106728553772,0.7187255024909973,-0.11831748485565186,0,0
36,RIGHT_INDEX,0.5585821270942688,0.600854754447937,-0.1280895173549652,0,0
36,LEFT_THUMB,0.5785413980484009,0.711760938167572,-0.09925105422735214,0,0
36,RIGHT_THUMB,0.5548198223114014,0.6024216413497925,-0.11562851816415787,0,0
36,LEFT_HIP,0.5648739337921143,0.722887396812439,-0.054539673030376434,0,0
36,RIGHT_HIP,0.5443364977836609,0.7229714393615723,0.05450114235281944,0,0
36,LEFT_KNEE,0.5585641860961914,0.8327565789222717,-0.05319048464298248,0,0
36,RIGHT_KNEE,0.5460993647575378,0.8147609829902649,0.15477806329727173,0,0
36,LEFT_ANKLE,0.5625305771827698,0.9393001794815063,-0.03477569669485092,0,0
36,RIGHT_ANKLE,0.5524254441261292,0.8894754648208618,0.281253844499588,0,0
36,LEFT_HEEL,0.5707983374595642,0.9607415199279785,-0.03556431457400322,0,0
36,RIGHT_HEEL,0.5576200485229492,0.904737651348114,0.2913138270378113,0,0
36,LEFT_FOOT_INDEX,0.5366853475570679,0.9676783680915833,-0.09760059416294098,0,0
36,RIGHT_FOOT_INDEX,0.5263517498970032,0.9098835587501526,0.26444894075393677,0,0
37,NOSE,0.5076237320899963,0.5656686425209045,-0.09816977381706238,0,0
37,LEFT_EYE_INNER,0.5082661509513855,0.5524837970733643,-0.10822460055351257,0,0
37,LEFT_EYE,0.509479820728302,0.5513105988502502,-0.10819771885871887,0,0
37,LEFT_EYE_OUTER,0.5107395648956299,0.5501543879508972,-0.1082349345088005,0,0
37,RIGHT_EYE_INNER,0.507457435131073,0.5530136227607727,-0.09192255884408951,0,0
37,RIGHT_EYE,0.5080390572547913,0.5522652864456177,-0.09188853949308395,0,0
37,RIGHT_EYE_OUTER,0.5087562203407288,0.5515075325965881,-0.0918736606836319,0,0
37,LEFT_EAR,0.5192931294441223,0.5471504926681519,-0.11482951045036316,0,0
37,RIGHT_EAR,0.5170292854309082,0.5482550263404846,-0.03877918794751167,0,0
37,MOUTH_LEFT,0.5136626362800598,0.571365237236023,-0.09629562497138977,0,0
37,MOUTH_RIGHT,0.5127900838851929,0.5716336369514465,-0.07523071765899658,0,0
37,LEFT_SHOULDER,0.5577970743179321,0.5686950087547302,-0.12397490441799164,0,0
37,RIGHT_SHOULDER,0.5204390287399292,0.5810439586639404,0.01921815611422062,0,0
37,LEFT_ELBOW,0.5819518566131592,0.6214625239372253,-0.11904024332761765,0,0
37,RIGHT_ELBOW,0.5214632749557495,0.6344618797302246,0.003514652606099844,0,0
37,LEFT_WRIST,0.5837669372558594,0.6941507458686829,-0.09981641918420792,0,0
37,RIGHT_WRIST,0.5482351779937744,0.6063727736473083,-0.08319070190191269,0,0
37,LEFT_PINKY,0.5880247950553894,0.7165806293487549,-0.10937909781932831,0,0
37,RIGHT_PINKY,0.5578675866127014,0.6035180687904358,-0.0940338671207428,0,0
37,LEFT_INDEX,0.5831124782562256,0.7155826687812805,-0.11889640241861343,0,0
37,RIGHT_INDEX,0.5586722493171692,0.5977661609649658,-0.11285039782524109,0,0
37,LEFT_THUMB,0.5802484750747681,0.7084805965423584,-0.1003819927573204,0,0
37,RIGHT_THUMB,0.5553502440452576,0.5989471673965454,-0.09135901182889938,0,0
37,LEFT_HIP,0.5647040605545044,0.7234501242637634,-0.05468880757689476,0,0
37,RIGHT_HIP,0.5443302392959595,0.7230075001716614,0.05458975210785866,0,0
37,LEFT_KNEE,0.5583429336547852,0.8328083157539368,-0.052347149699926376,0,0
37,RIGHT_KNEE,0.5439767241477966,0.8124872446060181,0.1595071256160736,0,0
37,LEFT_ANKLE,0.5625327229499817,0.9388415813446045,-0.03216608241200447,0,0
37,RIGHT_ANKLE,0.5515711903572083,0.8887705206871033,0.288630872964859,0,0
37,LEFT_HEEL,0.5709285140037537,0.9607381224632263,-0.03263719007372856,0,0
37,RIGHT_HEEL,0.5570842623710632,0.9044297337532043,0.29908519983291626,0,0
37,LEFT_FOOT_INDEX,0.5366536974906921,0.9675679802894592,-0.09331201761960983,0,0
37,RIGHT_FOOT_INDEX,0.5263440608978271,0.9098457098007202,0.27388858795166016,0,0
38,NOSE,0.5063271522521973,0.5682996511459351,-0.10664475709199905,0,0
38,LEFT_EYE_INNER,0.5069127678871155,0.5554866790771484,-0.11806502938270569,0,0
38,LEFT_EYE,0.5082018375396729,0.5545263886451721,-0.1180460974574089,0,0
38,LEFT_EYE_OUTER,0.5095198154449463,0.5535928606987,-0.11808162182569504,0,0
38,RIGHT_EYE_INNER,0.5060204267501831,0.5558262467384338,-0.10086045414209366,0,0
38,RIGHT_EYE,0.5065704584121704,0.5551785230636597,-0.10083794593811035,0,0
38,RIGHT_EYE_OUTER,0.5072749853134155,0.5544981360435486,-0.10082998871803284,0,0
38,LEFT_EAR,0.518333911895752,0.5519060492515564,-0.1282072514295578,0,0
38,RIGHT_EAR,0.5159851312637329,0.552405059337616,-0.049601130187511444,0,0
38,MOUTH_LEFT,0.5126448273658752,0.5747445225715637,-0.10663200169801712,0,0
38,MOUTH_RIGHT,0.5115095973014832,0.5744713544845581,-0.08432464301586151,0,0
38,LEFT_SHOULDER,0.5558013916015625,0.5702441334724426,-0.1291235238313675,0,0
38,RIGHT_SHOULDER,0.5209954380989075,0.5810974836349487,0.009179859422147274,0,0
38,LEFT_ELBOW,0.5820016264915466,0.6223434805870056,-0.12819352746009827,0,0
38,RIGHT_ELBOW,0.5226997137069702,0.6366910934448242,-0.0072763641364872456,0,0
38,LEFT_WRIST,0.5841968655586243,0.6949036717414856,-0.11086781322956085,0,0
38,RIGHT_WRIST,0.5464879274368286,0.6070895195007324,-0.09933807700872421,0,0
38,LEFT_PINKY,0.5887801051139832,0.7167320847511292,-0.12104608118534088,0,0
38,RIGHT_PINKY,0.5558128952980042,0.6031435132026672,-0.11320134997367859,0,0
38,LEFT_INDEX,0.584054172039032,0.715469241142273,-0.12959855794906616,0,0
38,RIGHT_INDEX,0.5570163726806641,0.5963718891143799,-0.11614010483026505,0,0
38,LEFT_THUMB,0.5810591578483582,0.708739697933197,-0.11113972961902618,0,0
38,RIGHT_THUMB,0.5542681813240051,0.5974779725074768,-0.10315839946269989,0,0
38,LEFT_HIP,0.5648033022880554,0.7254515886306763,-0.055279653519392014,0,0
38,RIGHT_HIP,0.5444238781929016,0.7248894572257996,0.05521774664521217,0,0
38,LEFT_KNEE,0.5577477216720581,0.8335229754447937,-0.04697570577263832,0,0
38,RIGHT_KNEE,0.5391590595245361,0.8099051713943481,0.1770961880683899,0,0
38,LEFT_ANKLE,0.5625311732292175,0.9388476610183716,-0.019447170197963715,0,0
38,RIGHT_ANKLE,0.5500932931900024,0.8866068720817566,0.3163546919822693,0,0
38,LEFT_HEEL,0.5710127949714661,0.9607061147689819,-0.01921737939119339,0,0
38,RIGHT_HEEL,0.5561350584030151,0.9021785259246826,0.328020840883255,0,0
38,LEFT_FOOT_INDEX,0.5366643071174622,0.9674746990203857,-0.08002516627311707,0,0
38,RIGHT_FOOT_INDEX,0.5263135433197021,0.9098248481750488,0.30477097630500793,0,0
39,NOSE,0.5055297017097473,0.5725476741790771,-0.10613057762384415,0,0
39,LEFT_EYE_INNER,0.506277322769165,0.560061514377594,-0.11708036065101624,0,0
39,LEFT_EYE,0.5076167583465576,0.5592825412750244,-0.11708220839500427,0,0
39,LEFT_EYE_OUTER,0.5090284943580627,0.5584966540336609,-0.11710253357887268,0,0
39,RIGHT_EYE_INNER,0.5053287744522095,0.5601410865783691,-0.09838815778493881,0,0
39,RIGHT_EYE,0.5058498978614807,0.5595194101333618,-0.09837477654218674,0,0
39,RIGHT_EYE_OUTER,0.5065394043922424,0.5588685274124146,-0.09828530251979828,0,0
39,LEFT_EAR,0.5181695222854614,0.5569593906402588,-0.126582071185112,0,0
39,RIGHT_EAR,0.5157449841499329,0.5569977760314941,-0.04593190178275108,0,0
39,MOUTH_LEFT,0.5116454362869263,0.5788305997848511,-0.1052655503153801,0,0
39,MOUTH_RIGHT,0.5104141235351562,0.5785436630249023,-0.08356288820505142,0,0
39,LEFT_SHOULDER,0.5523584485054016,0.5733433961868286,-0.1307365745306015,0,0
39,RIGHT_SHOULDER,0.522372305393219,0.5849480628967285,0.015882236883044243,0,0
39,LEFT_ELBOW,0.5807611346244812,0.623031735420227,-0.131700798869133,0,0
39,RIGHT_ELBOW,0.5268818736076355,0.6381188035011292,0.013571958988904953,0,0
39,LEFT_WRIST,0.5837296843528748,0.6964340806007385,-0.11088904738426208,0,0
39,RIGHT_WRIST,0.5465180277824402,0.6106599569320679,-0.05765419080853462,0,0
39,LEFT_PINKY,0.5887956023216248,0.7180113196372986,-0.12040653824806213,0,0
39,RIGHT_PINKY,0.5554377436637878,0.6050811409950256,-0.06819739937782288,0,0
39,LEFT_INDEX,0.5840696096420288,0.7169952392578125,-0.12750715017318726,0,0
39,RIGHT_INDEX,0.555066704750061,0.5988166332244873,-0.0705447718501091,0,0
39,LEFT_THUMB,0.5809600353240967,0.7104496359825134,-0.11046995222568512,0,0
39,RIGHT_THUMB,0.5530000925064087,0.5994431972503662,-0.061204470694065094,0,0
39,LEFT_HIP,0.5652027726173401,0.7276233434677124,-0.05936846509575844,0,0
39,RIGHT_HIP,0.5455596446990967,0.7265195846557617,0.05928591638803482,0,0
39,LEFT_KNEE,0.554159939289093,0.8335659503936768,-0.06964380294084549,0,0
39,RIGHT_KNEE,0.5346916913986206,0.8087515234947205,0.17264029383659363,0,0
39,LEFT_ANKLE,0.5625372529029846,0.9392804503440857,-0.05824118107557297,0,0
39,RIGHT_ANKLE,0.5491767525672913,0.8866026997566223,0.307465136051178,0,0
39,LEFT_HEEL,0.5712754726409912,0.9608174562454224,-0.05989162623882294,0,0
39,RIGHT_HEEL,0.5550782084465027,0.9020161032676697,0.31852737069129944,0,0
39,LEFT_FOOT_INDEX,0.5367313027381897,0.9674326777458191,-0.12364903092384338,0,0
39,RIGHT_FOOT_INDEX,0.5261138677597046,0.9098178148269653,0.30074918270111084,0,0
40,NOSE,0.5052604079246521,0.5757929682731628,-0.10580681264400482,0,0
40,LEFT_EYE_INNER,0.5064390301704407,0.5639249086380005,-0.11705057322978973,0,0
40,LEFT_EYE,0.5077871084213257,0.5632900595664978,-0.11705044656991959,0,0
40,LEFT_EYE_OUTER,0.5091575384140015,0.5626288056373596,-0.11707643419504166,0,0
40,RIGHT_EYE_INNER,0.5053575038909912,0.5636868476867676,-0.0983288586139679,0,0
40,RIGHT_EYE,0.5058245062828064,0.5629943609237671,-0.09831617772579193,0,0
40,RIGHT_EYE_OUTER,0.5064477324485779,0.5622435808181763,-0.09827318787574768,0,0
40,LEFT_EAR,0.5178946256637573,0.5610218048095703,-0.1300399750471115,0,0
40,RIGHT_EAR,0.5155109763145447,0.5604866147041321,-0.04623773321509361,0,0
40,MOUTH_LEFT,0.5109293460845947,0.582112729549408,-0.10716774314641953,0,0
40,MOUTH_RIGHT,0.5096622705459595,0.5816933512687683,-0.08350782841444016,0,0
40,LEFT_SHOULDER,0.5502275228500366,0.5790385007858276,-0.14003342390060425,0,0
40,RIGHT_SHOULDER,0.5231559872627258,0.5893775224685669,0.01693751849234104,0,0
40,LEFT_ELBOW,0.580240786075592,0.6239497065544128,-0.14234139025211334,0,0
40,RIGHT_ELBOW,0.5289344787597656,0.6407173871994019,0.010872317478060722,0,0
40,LEFT_WRIST,0.5835887789726257,0.6968403458595276,-0.11830106377601624,0,0
40,RIGHT_WRIST,0.5451574325561523,0.6166527271270752,-0.07126297056674957,0,0
40,LEFT_PINKY,0.5883725881576538,0.7194655537605286,-0.1243354082107544,0,0
40,RIGHT_PINKY,0.5536758899688721,0.6138755083084106,-0.0816764160990715,0,0
40,LEFT_INDEX,0.5832497477531433,0.7180091142654419,-0.1341577023267746,0,0
40,RIGHT_INDEX,0.5525723695755005,0.6077712774276733,-0.08407704532146454,0,0
40,LEFT_THUMB,0.5803784132003784,0.7105551362037659,-0.11477574706077576,0,0
40,RIGHT_THUMB,0.5514640212059021,0.6093035936355591,-0.07509982585906982,0,0
40,LEFT_HIP,0.5650911927223206,0.7304175496101379,-0.062308117747306824,0,0
40,RIGHT_HIP,0.5464864373207092,0.7287670373916626,0.062221430242061615,0,0
40,LEFT_KNEE,0.5480102896690369,0.8333874940872192,-0.08454282581806183,0,0
40,RIGHT_KNEE,0.5295647382736206,0.8079617619514465,0.1392013132572174,0,0
40,LEFT_ANKLE,0.5622938871383667,0.9390597939491272,-0.07201214134693146,0,0
40,RIGHT_ANKLE,0.5486164093017578,0.8867366909980774,0.27620044350624084,0,0
40,LEFT_HEEL,0.5714423060417175,0.9606570601463318,-0.0733131393790245,0,0
40,RIGHT_HEEL,0.5540884733200073,0.9016222357749939,0.28761565685272217,0,0
40,LEFT_FOOT_INDEX,0.5367315411567688,0.9672625660896301,-0.1335638463497162,0,0
40,RIGHT_FOOT_INDEX,0.525459349155426,0.9099803566932678,0.27056029438972473,0,0
41,NOSE,0.5046733021736145,0.5773174166679382,-0.08722588419914246,0,0
41,LEFT_EYE_INNER,0.5061042308807373,0.5662490129470825,-0.09787777811288834,0,0
41,LEFT_EYE,0.5074759721755981,0.5657059550285339,-0.09788135439157486,0,0
41,LEFT_EYE_OUTER,0.5088189244270325,0.565136194229126,-0.09791494160890579,0,0
41,RIGHT_EYE_INNER,0.5050463676452637,0.5659632682800293,-0.07768120616674423,0,0
41,RIGHT_EYE,0.5055497884750366,0.5653287768363953,-0.07767834514379501,0,0
41,RIGHT_EYE_OUTER,0.5061833262443542,0.5646035671234131,-0.07765086740255356,0,0
41,LEFT_EAR,0.5177357792854309,0.564117968082428,-0.10996401309967041,0,0
41,RIGHT_EAR,0.5154337882995605,0.5633789896965027,-0.018704291433095932,0,0
41,MOUTH_LEFT,0.5105105638504028,0.5843677520751953,-0.08922537416219711,0,0
41,MOUTH_RIGHT,0.5093527436256409,0.584071695804596,-0.06290172040462494,0,0
41,LEFT_SHOULDER,0.5511027574539185,0.5857738852500916,-0.12659791111946106,0,0
41,RIGHT_SHOULDER,0.5227873921394348,0.6017366647720337,0.04802814871072769,0,0
41,LEFT_ELBOW,0.5805158019065857,0.6389163732528687,-0.14120568335056305,0,0
41,RIGHT_ELBOW,0.5243740677833557,0.663295328617096,0.015254280529916286,0,0
41,LEFT_WRIST,0.5829734802246094,0.7055222988128662,-0.12358656525611877,0,0
41,RIGHT_WRIST,0.5409998297691345,0.635151743888855,-0.09900208562612534,0,0
41,LEFT_PINKY,0.5878552794456482,0.7247620224952698,-0.1344718486070633,0,0
41,RIGHT_PINKY,0.5500937104225159,0.6357841491699219,-0.11303339898586273,0,0
41,LEFT_INDEX,0.581935465335846,0.7246818542480469,-0.13587094843387604,0,0
41,RIGHT_INDEX,0.5453501343727112,0.6213626265525818,-0.11510033905506134,0,0
41,LEFT_THUMB,0.5790366530418396,0.7198678255081177,-0.11961126327514648,0,0
41,RIGHT_THUMB,0.5441440343856812,0.6231366991996765,-0.10313765704631805,0,0
41,LEFT_HIP,0.5650755763053894,0.7376859784126282,-0.06662164628505707,0,0
41,RIGHT_HIP,0.5463200211524963,0.734565019607544,0.06659744679927826,0,0
41,LEFT_KNEE,0.5410673022270203,0.8334185481071472,-0.11307594180107117,0,0
41,RIGHT_KNEE,0.5265551805496216,0.808432400226593,0.12674114108085632,0,0
41,LEFT_ANKLE,0.5616574883460999,0.9388262033462524,-0.11319049447774887,0,0
41,RIGHT_ANKLE,0.5483594536781311,0.8870383501052856,0.24541521072387695,0,0
41,LEFT_HEEL,0.5714443922042847,0.9607158303260803,-0.11515167355537415,0,0
41,RIGHT_HEEL,0.5533254742622375,0.9012800455093384,0.2551557123661041,0,0
41,LEFT_FOOT_INDEX,0.5364840626716614,0.9672284126281738,-0.1696852296590805,0,0
41,RIGHT_FOOT_INDEX,0.5247861742973328,0.9114797711372375,0.23971109092235565,0,0
42,NOSE,0.5045132040977478,0.5784516930580139,-0.06084327772259712,0,0
42,LEFT_EYE_INNER,0.5061051845550537,0.5678291916847229,-0.07100044935941696,0,0
42,LEFT_EYE,0.5074406862258911,0.5673048496246338,-0.0710059180855751,0,0
42,LEFT_EYE_OUTER,0.5087735652923584,0.566697895526886,-0.07103138417005539,0,0
42,RIGHT_EYE_INNER,0.5051096081733704,0.567690372467041,-0.05064478889107704,0,0
42,RIGHT_EYE,0.5056516528129578,0.5671554207801819,-0.050646062940359116,0,0
42,RIGHT_EYE_OUTER,0.5063096284866333,0.5665185451507568,-0.050627533346414566,0,0
42,LEFT_EAR,0.517868161201477,0.5659930109977722,-0.08281311392784119,0,0
42,RIGHT_EAR,0.5156465172767639,0.5656556487083435,0.008891970850527287,0,0
42,MOUTH_LEFT,0.5104324221611023,0.5860928297042847,-0.06313662230968475,0,0
42,MOUTH_RIGHT,0.5093339085578918,0.5859665274620056,-0.03664654493331909,0,0
42,LEFT_SHOULDER,0.5515398383140564,0.5920248031616211,-0.10568784922361374,0,0
42,RIGHT_SHOULDER,0.5227967500686646,0.6100125908851624,0.07676471769809723,0,0
42,LEFT_ELBOW,0.5801779627799988,0.6476906538009644,-0.13226939737796783,0,0
42,RIGHT_ELBOW,0.5198351144790649,0.6761565804481506,0.03255109488964081,0,0
42,LEFT_WRIST,0.5820146203041077,0.7164554595947266,-0.12159807235002518,0,0
42,RIGHT_WRIST,0.5231513977050781,0.6566985845565796,-0.10336071997880936,0,0
42,LEFT_PINKY,0.586539626121521,0.7355735301971436,-0.13269799947738647,0,0
42,RIGHT_PINKY,0.5252482891082764,0.6517369151115417,-0.11848742514848709,0,0
42,LEFT_INDEX,0.5805803537368774,0.7359288334846497,-0.13519641757011414,0,0
42,RIGHT_INDEX,0.5258851647377014,0.6412800550460815,-0.11842203885316849,0,0
42,LEFT_THUMB,0.5777807831764221,0.7314901947975159,-0.11918140202760696,0,0
42,RIGHT_THUMB,0.5261606574058533,0.6423764228820801,-0.10720928758382797,0,0
42,LEFT_HIP,0.5626424551010132,0.744796872138977,-0.06832947582006454,0,0
42,RIGHT_HIP,0.545559823513031,0.7416010499000549,0.06830976158380508,0,0
42,LEFT_KNEE,0.5347607731819153,0.8334386944770813,-0.12242764979600906,0,0
42,RIGHT_KNEE,0.5264508724212646,0.8095515966415405,0.08620551973581314,0,0
42,LEFT_ANKLE,0.5609171986579895,0.9388234615325928,-0.12517045438289642,0,0
42,RIGHT_ANKLE,0.5478248596191406,0.891585648059845,0.1781514585018158,0,0
42,LEFT_HEEL,0.5714218020439148,0.960598886013031,-0.12713560461997986,0,0
42,RIGHT_HEEL,0.5528977513313293,0.9046835899353027,0.18540595471858978,0,0
42,LEFT_FOOT_INDEX,0.5361493229866028,0.96733158826828,-0.1768466979265213,0,0
42,RIGHT_FOOT_INDEX,0.5226526260375977,0.9133152365684509,0.16901928186416626,0,0
43,NOSE,0.5050597786903381,0.5773794651031494,-0.06289500743150711,0,0
43,LEFT_EYE_INNER,0.5077768564224243,0.5673871636390686,-0.07269583642482758,0,0
43,LEFT_EYE,0.5090218186378479,0.5668841600418091,-0.0727175697684288,0,0
43,LEFT_EYE_OUTER,0.5102775692939758,0.5663435459136963,-0.07275065034627914,0,0
43,RIGHT_EYE_INNER,0.5066387057304382,0.5673097372055054,-0.052419938147068024,0,0
43,RIGHT_EYE,0.5069935321807861,0.5668285489082336,-0.05242583528161049,0,0
43,RIGHT_EYE_OUTER,0.507452666759491,0.5662571787834167,-0.05243673175573349,0,0
43,LEFT_EAR,0.519382119178772,0.5670033693313599,-0.0844026729464531,0,0
43,RIGHT_EAR,0.5160577297210693,0.5665988922119141,0.006761214695870876,0,0
43,MOUTH_LEFT,0.5107247233390808,0.5850576162338257,-0.0652184709906578,0,0
43,MOUTH_RIGHT,0.5096402764320374,0.5850301384925842,-0.03890858218073845,0,0
43,LEFT_SHOULDER,0.5518330931663513,0.6021105647087097,-0.10957134515047073,0,0
43,RIGHT_SHOULDER,0.5216183066368103,0.6142773032188416,0.07663767784833908,0,0
43,LEFT_ELBOW,0.5799846053123474,0.6588565111160278,-0.13734978437423706,0,0
43,RIGHT_ELBOW,0.5141004920005798,0.6796485185623169,0.06811842322349548,0,0
43,LEFT_WRIST,0.5812110304832458,0.7301144599914551,-0.1434011459350586,0,0
43,RIGHT_WRIST,0.5077758431434631,0.6802114248275757,-0.04285748675465584,0,0
43,LEFT_PINKY,0.5853320360183716,0.7493031620979309,-0.15804244577884674,0,0
43,RIGHT_PINKY,0.505777895450592,0.6791832447052002,-0.05508650094270706,0,0
43,LEFT_INDEX,0.5795589685440063,0.7512496709823608,-0.1622825413942337,0,0
43,RIGHT_INDEX,0.5063068270683289,0.6731716394424438,-0.0625896006822586,0,0
43,LEFT_THUMB,0.5770123600959778,0.7461320757865906,-0.14303630590438843,0,0
43,RIGHT_THUMB,0.5082875490188599,0.6723929643630981,-0.04949396476149559,0,0
43,LEFT_HIP,0.5597841739654541,0.7500409483909607,-0.06740859895944595,0,0
43,RIGHT_HIP,0.5429970622062683,0.7469902038574219,0.06739850342273712,0,0
43,LEFT_KNEE,0.5312195420265198,0.8383740782737732,-0.12118279933929443,0,0
43,RIGHT_KNEE,0.5255510210990906,0.8175914287567139,0.07240176945924759,0,0
43,LEFT_ANKLE,0.5605800151824951,0.9394106268882751,-0.10024857521057129,0,0
43,RIGHT_ANKLE,0.5471470952033997,0.8964783549308777,0.17819352447986603,0,0
43,LEFT_HEEL,0.5714511871337891,0.9605646133422852,-0.09984409064054489,0,0
43,RIGHT_HEEL,0.5534424185752869,0.9090865254402161,0.1869252771139145,0,0
43,LEFT_FOOT_INDEX,0.5356076955795288,0.9679014086723328,-0.14970999956130981,0,0
43,RIGHT_FOOT_INDEX,0.5223773717880249,0.9189526438713074,0.1678439825773239,0,0
44,NOSE,0.5076103210449219,0.5794760584831238,-0.031035618856549263,0,0
44,LEFT_EYE_INNER,0.5102949738502502,0.5699886679649353,-0.039877571165561676,0,0
44,LEFT_EYE,0.5113343596458435,0.5695303082466125,-0.039905376732349396,0,0
44,LEFT_EYE_OUTER,0.5125113129615784,0.5690003037452698,-0.039922114461660385,0,0
44,RIGHT_EYE_INNER,0.5093823671340942,0.569934070110321,-0.021244049072265625,0,0
44,RIGHT_EYE,0.5097101926803589,0.5695074796676636,-0.02124633640050888,0,0
44,RIGHT_EYE_OUTER,0.5101305842399597,0.5690037608146667,-0.02125885896384716,0,0
44,LEFT_EAR,0.5216380953788757,0.5705047845840454,-0.05528121441602707,0,0
44,RIGHT_EAR,0.5185835361480713,0.5705045461654663,0.028634004294872284,0,0
44,MOUTH_LEFT,0.5135519504547119,0.5887759923934937,-0.03526362031698227,0,0
44,MOUTH_RIGHT,0.5120971202850342,0.5890288949012756,-0.010960062965750694,0,0
44,LEFT_SHOULDER,0.5512993931770325,0.607079267501831,-0.09382884204387665,0,0
44,RIGHT_SHOULDER,0.5247576236724854,0.6198862791061401,0.09784016758203506,0,0
44,LEFT_ELBOW,0.5785347819328308,0.66705721616745,-0.13798852264881134,0,0
44,RIGHT_ELBOW,0.5177255868911743,0.683485209941864,0.1418084353208542,0,0
44,LEFT_WRIST,0.5811434984207153,0.7405816912651062,-0.17181208729743958,0,0
44,RIGHT_WRIST,0.4947199821472168,0.6977503299713135,0.0942087173461914,0,0
44,LEFT_PINKY,0.5847528576850891,0.7603352069854736,-0.19024218618869781,0,0
44,RIGHT_PINKY,0.48696598410606384,0.7030614018440247,0.0919087752699852,0,0
44,LEFT_INDEX,0.5794240832328796,0.7622233033180237,-0.1948448270559311,0,0
44,RIGHT_INDEX,0.48602205514907837,0.7001993656158447,0.07398135215044022,0,0
44,LEFT_THUMB,0.5763381719589233,0.7565910220146179,-0.17296238243579865,0,0
44,RIGHT_THUMB,0.48932400345802307,0.6989958882331848,0.08459533005952835,0,0
44,LEFT_HIP,0.5563546419143677,0.7504493594169617,-0.0666600838303566,0,0
44,RIGHT_HIP,0.5413891673088074,0.7510129809379578,0.06664314866065979,0,0
44,LEFT_KNEE,0.5270149111747742,0.8419031500816345,-0.11092012375593185,0,0
44,RIGHT_KNEE,0.5279733538627625,0.8350067138671875,0.014667186886072159,0,0
44,LEFT_ANKLE,0.5600207448005676,0.9399627447128296,-0.09600386768579483,0,0
44,RIGHT_ANKLE,0.5541406273841858,0.9209456443786621,0.05881243571639061,0,0
44,LEFT_HEEL,0.5714529156684875,0.9604688882827759,-0.09619925171136856,0,0
44,RIGHT_HEEL,0.5654093623161316,0.9396371245384216,0.061013661324977875,0,0
44,LEFT_FOOT_INDEX,0.5348041653633118,0.967923641204834,-0.13933826982975006,0,0
44,RIGHT_FOOT_INDEX,0.5298641920089722,0.9446914196014404,0.03333403915166855,0,0
45,NOSE,0.5107067823410034,0.5799784064292908,-0.008413768373429775,0,0
45,LEFT_EYE_INNER,0.5139285326004028,0.5704902410507202,-0.01813787780702114,0,0
45,LEFT_EYE,0.5150187015533447,0.5699545741081238,-0.01816011220216751,0,0
45,LEFT_EYE_OUTER,0.5161415934562683,0.569340169429779,-0.018174923956394196,0,0
45,RIGHT_EYE_INNER,0.513146162033081,0.5703031420707703,0.0006758130039088428,0,0
45,RIGHT_EYE,0.5136650800704956,0.5696994662284851,0.000685428618453443,0,0
45,RIGHT_EYE_OUTER,0.5142750144004822,0.5689616203308105,0.0006720360252074897,0,0
45,LEFT_EAR,0.5240722298622131,0.5710884928703308,-0.04281541332602501,0,0
45,RIGHT_EAR,0.5220987200737,0.5711921453475952,0.04162947088479996,0,0
45,MOUTH_LEFT,0.5164679884910583,0.5894324779510498,-0.01649521104991436,0,0
45,MOUTH_RIGHT,0.5151622295379639,0.5894920229911804,0.008025075308978558,0,0
45,LEFT_SHOULDER,0.5493157505989075,0.6102169752120972,-0.09334845095872879,0,0
45,RIGHT_SHOULDER,0.5307651162147522,0.6229072213172913,0.10511012375354767,0,0
45,LEFT_ELBOW,0.5730211734771729,0.6752758622169495,-0.13626684248447418,0,0
45,RIGHT_ELBOW,0.5178654789924622,0.6875057816505432,0.14122146368026733,0,0
45,LEFT_WRIST,0.5797559022903442,0.7470380663871765,-0.15912972390651703,0,0
45,RIGHT_WRIST,0.4853951036930084,0.7105086445808411,0.10550730675458908,0,0
45,LEFT_PINKY,0.5846369862556458,0.7665160894393921,-0.176275834441185,0,0
45,RIGHT_PINKY,0.47681519389152527,0.7197028994560242,0.10737400501966476,0,0
45,LEFT_INDEX,0.5789160132408142,0.7683886885643005,-0.17897701263427734,0,0
45,RIGHT_INDEX,0.4762286841869354,0.7181719541549683,0.08759881556034088,0,0
45,LEFT_THUMB,0.5759915113449097,0.7625021934509277,-0.1596360206604004,0,0
45,RIGHT_THUMB,0.4795370101928711,0.7158359885215759,0.09504353255033493,0,0
45,LEFT_HIP,0.5522317886352539,0.7536207437515259,-0.06621407717466354,0,0
45,RIGHT_HIP,0.541458785533905,0.7540498971939087,0.06619731336832047,0,0
45,LEFT_KNEE,0.5222378373146057,0.8468461036682129,-0.10396867245435715,0,0
45,RIGHT_KNEE,0.52913898229599,0.8398453593254089,0.043294213712215424,0,0
45,LEFT_ANKLE,0.5593242049217224,0.9405058026313782,-0.08942609280347824,0,0
45,RIGHT_ANKLE,0.5563274621963501,0.9263389706611633,0.07900349050760269,0,0
45,LEFT_HEEL,0.571412205696106,0.9603016972541809,-0.08934898674488068,0,0
45,RIGHT_HEEL,0.5677079558372498,0.9453096985816956,0.08065513521432877,0,0
45,LEFT_FOOT_INDEX,0.5334051847457886,0.9679450988769531,-0.13012613356113434,0,0
45,RIGHT_FOOT_INDEX,0.5331375002861023,0.9501355290412903,0.061718881130218506,0,0
46,NOSE,0.5146212577819824,0.5788701772689819,-0.025031691417098045,0,0
46,LEFT_EYE_INNER,0.517606258392334,0.5693842172622681,-0.03597552329301834,0,0
46,LEFT_EYE,0.5185759663581848,0.5689758658409119,-0.03598952665925026,0,0
46,LEFT_EYE_OUTER,0.5195302963256836,0.5684794187545776,-0.03600967302918434,0,0
46,RIGHT_EYE_INNER,0.517422080039978,0.5691116452217102,-0.01658380962908268,0,0
46,RIGHT_EYE,0.518255352973938,0.56855708360672,-0.016576508060097694,0,0
46,RIGHT_EYE_OUTER,0.5191770195960999,0.56784987449646,-0.01659899204969406,0,0
46,LEFT_EAR,0.5268080830574036,0.5710045099258423,-0.06295695900917053,0,0
46,RIGHT_EAR,0.5263004899024963,0.5702164173126221,0.023020900785923004,0,0
46,MOUTH_LEFT,0.5197078585624695,0.5880371928215027,-0.034006517380476,0,0
46,MOUTH_RIGHT,0.5192371606826782,0.587965190410614,-0.008999251760542393,0,0
46,LEFT_SHOULDER,0.5467209219932556,0.6146013140678406,-0.09948860108852386,0,0
46,RIGHT_SHOULDER,0.5370310544967651,0.619613766670227,0.08817469328641891,0,0
46,LEFT_ELBOW,0.5656923651695251,0.6796722412109375,-0.1421533226966858,0,0
46,RIGHT_ELBOW,0.5219699740409851,0.685732901096344,0.11919958889484406,0,0
46,LEFT_WRIST,0.5761790871620178,0.7540446519851685,-0.1568838208913803,0,0
46,RIGHT_WRIST,0.4875485301017761,0.7120896577835083,0.08823283761739731,0,0
46,LEFT_PINKY,0.5821784734725952,0.7702212929725647,-0.17431850731372833,0,0
46,RIGHT_PINKY,0.48012080788612366,0.7189553380012512,0.09159556031227112,0,0
46,LEFT_INDEX,0.5784097909927368,0.7717927098274231,-0.17604660987854004,0,0
46,RIGHT_INDEX,0.47839823365211487,0.7199039459228516,0.07136990129947662,0,0
46,LEFT_THUMB,0.5755135416984558,0.7669411301612854,-0.15719714760780334,0,0
46,RIGHT_THUMB,0.48204442858695984,0.7187280058860779,0.07769747823476791,0,0
46,LEFT_HIP,0.54646235704422,0.7582200765609741,-0.06465306878089905,0,0
46,RIGHT_HIP,0.5416029691696167,0.7536500692367554,0.06465425342321396,0,0
46,LEFT_KNEE,0.5187643766403198,0.8506116271018982,-0.10038600862026215,0,0
46,RIGHT_KNEE,0.529692530632019,0.8376667499542236,0.04979163035750389,0,0
46,LEFT_ANKLE,0.5584443211555481,0.9409685134887695,-0.08041524142026901,0,0
46,RIGHT_ANKLE,0.5578706860542297,0.9255281686782837,0.08629854023456573,0,0
46,LEFT_HEEL,0.5708546042442322,0.9603238701820374,-0.07932247221469879,0,0
46,RIGHT_HEEL,0.568580687046051,0.9438357949256897,0.08796683698892593,0,0
46,LEFT_FOOT_INDEX,0.5330002307891846,0.9679202437400818,-0.1079869195818901,0,0
46,RIGHT_FOOT_INDEX,0.536567747592926,0.946536123752594,0.06959104537963867,0,0
47,NOSE,0.5186983942985535,0.578449547290802,-0.006802004296332598,0,0
47,LEFT_EYE_INNER,0.5212205648422241,0.5683827996253967,-0.01769432984292507,0,0
47,LEFT_EYE,0.5218748450279236,0.5679193139076233,-0.01771867834031582,0,0
47,LEFT_EYE_OUTER,0.5225115418434143,0.567427933216095,-0.01772952638566494,0,0
47,RIGHT_EYE_INNER,0.5215598344802856,0.5681772232055664,0.0009986349614337087,0,0
47,RIGHT_EYE,0.5223850607872009,0.5676113963127136,0.001004428369924426,0,0
47,RIGHT_EYE_OUTER,0.5232172012329102,0.566938579082489,0.0009638813207857311,0,0
47,LEFT_EAR,0.5284794569015503,0.5699013471603394,-0.046491291373968124,0,0
47,RIGHT_EAR,0.5292912125587463,0.5689979791641235,0.037231847643852234,0,0
47,MOUTH_LEFT,0.5229259133338928,0.5870464444160461,-0.015947306528687477,0,0
47,MOUTH_RIGHT,0.5230662822723389,0.5870037078857422,0.008397028781473637,0,0
47,LEFT_SHOULDER,0.543129563331604,0.6115211248397827,-0.09670617431402206,0,0
47,RIGHT_SHOULDER,0.5413853526115417,0.6164932250976562,0.09945818781852722,0,0
47,LEFT_ELBOW,0.5563127398490906,0.6748720407485962,-0.1420718878507614,0,0
47,RIGHT_ELBOW,0.5268949866294861,0.6830262541770935,0.13236288726329803,0,0
47,LEFT_WRIST,0.5692498087882996,0.7511600852012634,-0.15946079790592194,0,0
47,RIGHT_WRIST,0.4935677647590637,0.7111064195632935,0.1070525199174881,0,0
47,LEFT_PINKY,0.5762722492218018,0.7677959203720093,-0.17568233609199524,0,0
47,RIGHT_PINKY,0.48427554965019226,0.7187181711196899,0.11083701252937317,0,0
47,LEFT_INDEX,0.574447512626648,0.7699543237686157,-0.17775334417819977,0,0
47,RIGHT_INDEX,0.48249444365501404,0.7190303206443787,0.09253057837486267,0,0
47,LEFT_THUMB,0.5712311267852783,0.7653000950813293,-0.1599739044904709,0,0
47,RIGHT_THUMB,0.4854223430156708,0.7180617451667786,0.09755771607160568,0,0
47,LEFT_HIP,0.5417118668556213,0.7568671107292175,-0.06488627940416336,0,0
47,RIGHT_HIP,0.5430867671966553,0.7529398202896118,0.06487774103879929,0,0
47,LEFT_KNEE,0.5160120725631714,0.8527960181236267,-0.09958496689796448,0,0
47,RIGHT_KNEE,0.5303270816802979,0.8351990580558777,0.05744916573166847,0,0
47,LEFT_ANKLE,0.5580395460128784,0.9430487155914307,-0.09186878800392151,0,0
47,RIGHT_ANKLE,0.5578266382217407,0.9228488802909851,0.09629727900028229,0,0
47,LEFT_HEEL,0.5708336234092712,0.9605759382247925,-0.09294136613607407,0,0
47,RIGHT_HEEL,0.5684025883674622,0.9399162530899048,0.09844362735748291,0,0
47,LEFT_FOOT_INDEX,0.5330331921577454,0.9681606888771057,-0.12774716317653656,0,0
47,RIGHT_FOOT_INDEX,0.5371092557907104,0.9447641968727112,0.08310646563768387,0,0
48,NOSE,0.5219140648841858,0.5758470296859741,0.024019092321395874,0,0
48,LEFT_EYE_INNER,0.523697018623352,0.5669671297073364,0.010869038291275501,0,0
48,LEFT_EYE,0.5239686369895935,0.5668932199478149,0.010857274755835533,0,0
48,LEFT_EYE_OUTER,0.5241997838020325,0.5668358206748962,0.010850445367395878,0,0
48,RIGHT_EYE_INNER,0.5248056650161743,0.5664451122283936,0.029220130294561386,0,0
48,RIGHT_EYE,0.5258125066757202,0.5659986138343811,0.029240543022751808,0,0
48,RIGHT_EYE_OUTER,0.5267960429191589,0.5654629468917847,0.029191741719841957,0,0
48,LEFT_EAR,0.5289032459259033,0.5689734816551208,-0.028885681182146072,0,0
48,RIGHT_EAR,0.5324922204017639,0.5683642625808716,0.05335325002670288,0,0
48,MOUTH_LEFT,0.524983823299408,0.584842324256897,0.011145315133035183,0,0
48,MOUTH_RIGHT,0.5260809063911438,0.5847357511520386,0.03499692305922508,0,0
48,LEFT_SHOULDER,0.5360814929008484,0.6088159680366516,-0.09242691844701767,0,0
48,RIGHT_SHOULDER,0.55100017786026,0.6107563972473145,0.10621573776006699,0,0
48,LEFT_ELBOW,0.5477380156517029,0.6734685301780701,-0.14151114225387573,0,0
48,RIGHT_ELBOW,0.5467578172683716,0.6802366375923157,0.13090206682682037,0,0
48,LEFT_WRIST,0.5579429268836975,0.7469149231910706,-0.15781258046627045,0,0
48,RIGHT_WRIST,0.532105028629303,0.7261053323745728,0.10926766693592072,0,0
48,LEFT_PINKY,0.5626648664474487,0.7633759379386902,-0.17558005452156067,0,0
48,RIGHT_PINKY,0.5275480151176453,0.7392973899841309,0.11417622119188309,0,0
48,LEFT_INDEX,0.561237096786499,0.7650435566902161,-0.17391352355480194,0,0
48,RIGHT_INDEX,0.5239199995994568,0.7424201965332031,0.09595855325460434,0,0
48,LEFT_THUMB,0.5590450763702393,0.7601005434989929,-0.15701140463352203,0,0
48,RIGHT_THUMB,0.5257154703140259,0.7384153008460999,0.1003667563199997,0,0
48,LEFT_HIP,0.5391741394996643,0.7556107044219971,-0.06544279307126999,0,0
48,RIGHT_HIP,0.5452841520309448,0.7511223554611206,0.06541015952825546,0,0
48,LEFT_KNEE,0.517475426197052,0.8511865139007568,-0.09909864515066147,0,0
48,RIGHT_KNEE,0.5304046273231506,0.8334596753120422,0.07035007327795029,0,0
48,LEFT_ANKLE,0.5576573610305786,0.9429535865783691,-0.1014103889465332,0,0
48,RIGHT_ANKLE,0.5569161176681519,0.9209177494049072,0.11295454949140549,0,0
48,LEFT_HEEL,0.5707772970199585,0.9607574343681335,-0.10396472364664078,0,0
48,RIGHT_HEEL,0.5667722225189209,0.9367110133171082,0.1157207116484642,0,0
48,LEFT_FOOT_INDEX,0.5330541729927063,0.9688751101493835,-0.1426294445991516,0,0
48,RIGHT_FOOT_INDEX,0.5360772013664246,0.9449123740196228,0.10241024941205978,0,0
49,NOSE,0.5245243906974792,0.5728558301925659,0.03895287960767746,0,0
49,LEFT_EYE_INNER,0.5255362391471863,0.5643047094345093,0.024481898173689842,0,0
49,LEFT_EYE,0.5255226492881775,0.5644845366477966,0.024482063949108124,0,0
49,LEFT_EYE_OUTER,0.5254528522491455,0.5647546648979187,0.024478720501065254,0,0
49,RIGHT_EYE_INNER,0.5270267128944397,0.5633080005645752,0.040617890655994415,0,0
49,RIGHT_EYE,0.5280734300613403,0.5627394914627075,0.04064379259943962,0,0
49,RIGHT_EYE_OUTER,0.5290723443031311,0.562128484249115,0.0406072735786438,0,0
49,LEFT_EAR,0.5290990471839905,0.5679446458816528,-0.023123472929000854,0,0
49,RIGHT_EAR,0.5342121124267578,0.5649593472480774,0.04941318929195404,0,0
49,MOUTH_LEFT,0.5263360738754272,0.5813528299331665,0.023224804550409317,0,0
49,MOUTH_RIGHT,0.5278639793395996,0.58085697889328,0.04413565620779991,0,0
49,LEFT_SHOULDER,0.5324157476425171,0.6074628233909607,-0.09085892885923386,0,0
49,RIGHT_SHOULDER,0.5554498434066772,0.6045516133308411,0.09440035372972488,0,0
49,LEFT_ELBOW,0.5419577956199646,0.6743283867835999,-0.1343408077955246,0,0
49,RIGHT_ELBOW,0.5540355443954468,0.6514796018600464,0.12300290167331696,0,0
49,LEFT_WRIST,0.5498427748680115,0.7486004829406738,-0.14503370225429535,0,0
49,RIGHT_WRIST,0.5426309108734131,0.7109352350234985,0.11974648386240005,0,0
49,LEFT_PINKY,0.5543544292449951,0.7637590169906616,-0.1638786792755127,0,0
49,RIGHT_PINKY,0.54015052318573,0.7328688502311707,0.12486481666564941,0,0
49,LEFT_INDEX,0.5533115863800049,0.7648813128471375,-0.1604742556810379,0,0
49,RIGHT_INDEX,0.5366668105125427,0.7194761037826538,0.11062601953744888,0,0
49,LEFT_THUMB,0.5514525175094604,0.760056734085083,-0.1445300281047821,0,0
49,RIGHT_THUMB,0.5371391177177429,0.7189303636550903,0.11279992759227753,0,0
49,LEFT_HIP,0.5371808409690857,0.7548611164093018,-0.06575385481119156,0,0
49,RIGHT_HIP,0.5467045903205872,0.7501004934310913,0.06569283455610275,0,0
49,LEFT_KNEE,0.5196829438209534,0.849883496761322,-0.08139149844646454,0,0
49,RIGHT_KNEE,0.5286095142364502,0.8325175642967224,0.09617801755666733,0,0
49,LEFT_ANKLE,0.5577274560928345,0.9431637525558472,-0.09906213730573654,0,0
49,RIGHT_ANKLE,0.554492712020874,0.9183234572410583,0.15231291949748993,0,0
49,LEFT_HEEL,0.5707674026489258,0.961376965045929,-0.09772913157939911,0,0
49,RIGHT_HEEL,0.5646172761917114,0.9356048703193665,0.15723742544651031,0,0
49,LEFT_FOOT_INDEX,0.5331123471260071,0.9697701930999756,-0.1333792507648468,0,0
49,RIGHT_FOOT_INDEX,0.534894585609436,0.9437374472618103,0.1475459188222885,0,0
50,NOSE,0.5279213190078735,0.5642141103744507,0.05573015660047531,0,0
50,LEFT_EYE_INNER,0.5277019739151001,0.5569249987602234,0.039079803973436356,0,0
50,LEFT_EYE,0.5271835327148438,0.5572023987770081,0.03909909352660179,0,0
50,LEFT_EYE_OUTER,0.5266249179840088,0.5576138496398926,0.03908799588680267,0,0
50,RIGHT_EYE_INNER,0.5303278565406799,0.555840790271759,0.05292050912976265,0,0
50,RIGHT_EYE,0.5316361784934998,0.555302619934082,0.052943892776966095,0,0
50,RIGHT_EYE_OUTER,0.5328271389007568,0.5548473000526428,0.05292196944355965,0,0
50,LEFT_EAR,0.5290337204933167,0.5611779689788818,-0.014735324308276176,0,0
50,RIGHT_EAR,0.5376600027084351,0.5578704476356506,0.04676850885152817,0,0
50,MOUTH_LEFT,0.5281071662902832,0.5719543695449829,0.03864288330078125,0,0
50,MOUTH_RIGHT,0.5309995412826538,0.5708296298980713,0.05625476315617561,0,0
50,LEFT_SHOULDER,0.5301957726478577,0.6048648357391357,-0.0807955265045166,0,0
50,RIGHT_SHOULDER,0.5586729049682617,0.5984084606170654,0.08868256211280823,0,0
50,LEFT_ELBOW,0.5352870225906372,0.6715977191925049,-0.11334729939699173,0,0
50,RIGHT_ELBOW,0.573511004447937,0.636809766292572,0.13458503782749176,0,0
50,LEFT_WRIST,0.5388259887695312,0.7481602430343628,-0.11326698958873749,0,0
50,RIGHT_WRIST,0.5846969485282898,0.6205658316612244,0.17646194994449615,0,0
50,LEFT_PINKY,0.5435879230499268,0.7653855085372925,-0.12398212403059006,0,0
50,RIGHT_PINKY,0.5899596810340881,0.6210596561431885,0.1863366663455963,0,0
50,LEFT_INDEX,0.5431604981422424,0.7668846845626831,-0.12564946711063385,0,0
50,RIGHT_INDEX,0.5863901972770691,0.6186182498931885,0.18195174634456635,0,0
50,LEFT_THUMB,0.5421529412269592,0.7615222930908203,-0.11303636431694031,0,0
50,RIGHT_THUMB,0.581962525844574,0.6215066909790039,0.17499040067195892,0,0
50,LEFT_HIP,0.537517786026001,0.7489214539527893,-0.06594007462263107,0,0
50,RIGHT_HIP,0.5517237782478333,0.7422274947166443,0.0658477395772934,0,0
50,LEFT_KNEE,0.5210644006729126,0.8467057347297668,-0.08120556175708771,0,0
50,RIGHT_KNEE,0.5270987749099731,0.8273823261260986,0.09229420870542526,0,0
50,LEFT_ANKLE,0.5578711032867432,0.9433249831199646,-0.09183456003665924,0,0
50,RIGHT_ANKLE,0.5505527853965759,0.915081262588501,0.1440519243478775,0,0
50,LEFT_HEEL,0.5707691311836243,0.9616043567657471,-0.09224710613489151,0,0
50,RIGHT_HEEL,0.5634838342666626,0.9335833787918091,0.14887961745262146,0,0
50,LEFT_FOOT_INDEX,0.532492995262146,0.9704002141952515,-0.13282324373722076,0,0
50,RIGHT_FOOT_INDEX,0.534256637096405,0.9467971324920654,0.13799962401390076,0,0
51,NOSE,0.5303671956062317,0.5582574009895325,0.0662747249007225,0,0
51,LEFT_EYE_INNER,0.5294987559318542,0.5506196022033691,0.04835589975118637,0,0
51,LEFT_EYE,0.5286665558815002,0.5508796572685242,0.04835674911737442,0,0
51,LEFT_EYE_OUTER,0.5278090834617615,0.5513135194778442,0.0483277402818203,0,0
51,RIGHT_EYE_INNER,0.5327908396720886,0.5494667887687683,0.060351695865392685,0,0
51,RIGHT_EYE,0.5342796444892883,0.5488623380661011,0.06037558615207672,0,0
51,RIGHT_EYE_OUTER,0.535730242729187,0.5483968257904053,0.06035244092345238,0,0
51,LEFT_EAR,0.5292244553565979,0.5549792647361755,-0.009596724063158035,0,0
51,RIGHT_EAR,0.5405018329620361,0.5512323379516602,0.04420891031622887,0,0
51,MOUTH_LEFT,0.529716432094574,0.565423309803009,0.04813408851623535,0,0
51,MOUTH_RIGHT,0.5331131815910339,0.5642932653427124,0.06329327076673508,0,0
51,LEFT_SHOULDER,0.5283296704292297,0.5991013050079346,-0.07231263071298599,0,0
51,RIGHT_SHOULDER,0.5621595978736877,0.5932784676551819,0.07820014655590057,0,0
51,LEFT_ELBOW,0.5327581763267517,0.6693840622901917,-0.09634602814912796,0,0
51,RIGHT_ELBOW,0.5857553482055664,0.6219481825828552,0.1262095868587494,0,0
51,LEFT_WRIST,0.5310148000717163,0.7458022236824036,-0.08742032945156097,0,0
51,RIGHT_WRIST,0.6090019345283508,0.5930401086807251,0.16948507726192474,0,0
51,LEFT_PINKY,0.5334257483482361,0.7636168003082275,-0.09381243586540222,0,0
51,RIGHT_PINKY,0.6159281134605408,0.5878456234931946,0.17748580873012543,0,0
51,LEFT_INDEX,0.5332992076873779,0.7649733424186707,-0.09725864231586456,0,0
51,RIGHT_INDEX,0.6145578622817993,0.584138810634613,0.17599576711654663,0,0
51,LEFT_THUMB,0.532922089099884,0.7598810195922852,-0.08703447878360748,0,0
51,RIGHT_THUMB,0.6116024255752563,0.5863327383995056,0.16951687633991241,0,0
51,LEFT_HIP,0.5373277068138123,0.7433837652206421,-0.06559527665376663,0,0
51,RIGHT_HIP,0.553143322467804,0.7366870045661926,0.0654645785689354,0,0
51,LEFT_KNEE,0.5222904086112976,0.8404791951179504,-0.09264568984508514,0,0
51,RIGHT_KNEE,0.5276671051979065,0.8195587396621704,0.1153172105550766,0,0
51,LEFT_ANKLE,0.5579720735549927,0.9432702660560608,-0.12069819867610931,0,0
51,RIGHT_ANKLE,0.547950029373169,0.9047227501869202,0.1868286281824112,0,0
51,LEFT_HEEL,0.5707438588142395,0.9617161750793457,-0.12326730787754059,0,0
51,RIGHT_HEEL,0.5545320510864258,0.9285113215446472,0.192925363779068,0,0
51,LEFT_FOOT_INDEX,0.5319713354110718,0.9704386591911316,-0.16276343166828156,0,0
51,RIGHT_FOOT_INDEX,0.5316497087478638,0.9253528714179993,0.18079344928264618,0,0
52,NOSE,0.5311096906661987,0.5524733662605286,0.06531725823879242,0,0
52,LEFT_EYE_INNER,0.5302596688270569,0.5447382926940918,0.04616576433181763,0,0
52,LEFT_EYE,0.5293527841567993,0.5449596643447876,0.046152353286743164,0,0
52,LEFT_EYE_OUTER,0.5284213423728943,0.5453593730926514,0.0461125448346138,0,0
52,RIGHT_EYE_INNER,0.5337242484092712,0.5436451435089111,0.05768122524023056,0,0
52,RIGHT_EYE,0.5353037118911743,0.5430554747581482,0.05771089717745781,0,0
52,RIGHT_EYE_OUTER,0.5368778705596924,0.5426401495933533,0.05768268182873726,0,0
52,LEFT_EAR,0.5294211506843567,0.5492004752159119,-0.014327911660075188,0,0
52,RIGHT_EAR,0.5418708920478821,0.5456045866012573,0.038385841995477676,0,0
52,MOUTH_LEFT,0.5302619934082031,0.5598935484886169,0.04664326086640358,0,0
52,MOUTH_RIGHT,0.5339234471321106,0.5590000152587891,0.061074014753103256,0,0
52,LEFT_SHOULDER,0.5266518592834473,0.5946259498596191,-0.07576815783977509,0,0
52,RIGHT_SHOULDER,0.5646098256111145,0.5888077020645142,0.06702861189842224,0,0
52,LEFT_ELBOW,0.5292081236839294,0.667025089263916,-0.09007763117551804,0,0
52,RIGHT_ELBOW,0.5968660712242126,0.6007417440414429,0.11744220554828644,0,0
52,LEFT_WRIST,0.5253131985664368,0.745130181312561,-0.06879641115665436,0,0
52,RIGHT_WRIST,0.623670220375061,0.5767495036125183,0.15592457354068756,0,0
52,LEFT_PINKY,0.5256065726280212,0.7624510526657104,-0.0738615021109581,0,0
52,RIGHT_PINKY,0.6325233578681946,0.5727688074111938,0.16219308972358704,0,0
52,LEFT_INDEX,0.5257846713066101,0.7638620734214783,-0.07825342565774918,0,0
52,RIGHT_INDEX,0.6308860182762146,0.5700192451477051,0.16100357472896576,0,0
52,LEFT_THUMB,0.5262248516082764,0.7589975595474243,-0.06838106364011765,0,0
52,RIGHT_THUMB,0.6271169781684875,0.5719063878059387,0.15583443641662598,0,0
52,LEFT_HIP,0.5371401906013489,0.7403832077980042,-0.06545110791921616,0,0
52,RIGHT_HIP,0.5521993637084961,0.734117329120636,0.06528779119253159,0,0
52,LEFT_KNEE,0.5234360098838806,0.8368815183639526,-0.08183598518371582,0,0
52,RIGHT_KNEE,0.5279172658920288,0.8129432201385498,0.1286618411540985,0,0
52,LEFT_ANKLE,0.5580108761787415,0.9431291222572327,-0.11096005141735077,0,0
52,RIGHT_ANKLE,0.5467545390129089,0.9032438397407532,0.21111303567886353,0,0
52,LEFT_HEEL,0.5707528591156006,0.9619965553283691,-0.1127166599035263,0,0
52,RIGHT_HEEL,0.5517939925193787,0.9285017848014832,0.21817420423030853,0,0
52,LEFT_FOOT_INDEX,0.5319115519523621,0.9700935482978821,-0.1517840325832367,0,0
52,RIGHT_FOOT_INDEX,0.5290897488594055,0.9206129908561707,0.20178484916687012,0,0
53,NOSE,0.5328875780105591,0.5469678640365601,0.05862990394234657,0,0
53,LEFT_EYE_INNER,0.5316445231437683,0.5392792224884033,0.04029371589422226,0,0
53,LEFT_EYE,0.5306174159049988,0.5395460724830627,0.04028701409697533,0,0
53,LEFT_EYE_OUTER,0.5295665860176086,0.5400385856628418,0.04025500640273094,0,0
53,RIGHT_EYE_INNER,0.535222589969635,0.5382606387138367,0.05171848088502884,0,0
53,RIGHT_EYE,0.5368312001228333,0.5377037525177002,0.05173540487885475,0,0
53,RIGHT_EYE_OUTER,0.5384250283241272,0.5372990369796753,0.05171243101358414,0,0
53,LEFT_EAR,0.530012309551239,0.5443869829177856,-0.01721283048391342,0,0
53,RIGHT_EAR,0.5433852672576904,0.5402847528457642,0.03541769087314606,0,0
53,MOUTH_LEFT,0.5316199064254761,0.5544463992118835,0.04097793251276016,0,0
53,MOUTH_RIGHT,0.5355310440063477,0.5535188913345337,0.05526319518685341,0,0
53,LEFT_SHOULDER,0.5248494744300842,0.5909668803215027,-0.07737910002470016,0,0
53,RIGHT_SHOULDER,0.5657303929328918,0.5818132162094116,0.06439020484685898,0,0
53,LEFT_ELBOW,0.5249926447868347,0.6644390821456909,-0.09361500293016434,0,0
53,RIGHT_ELBOW,0.5975361466407776,0.5886178016662598,0.11734931170940399,0,0
53,LEFT_WRIST,0.5184628963470459,0.7409375905990601,-0.07026315480470657,0,0
53,RIGHT_WRIST,0.6265051364898682,0.567030131816864,0.1676299273967743,0,0
53,LEFT_PINKY,0.5182684063911438,0.7597172856330872,-0.07478602230548859,0,0
53,RIGHT_PINKY,0.6366176009178162,0.5669814348220825,0.1763700693845749,0,0
53,LEFT_INDEX,0.5181965231895447,0.7593132853507996,-0.07842528820037842,0,0
53,RIGHT_INDEX,0.6355240941047668,0.562832236289978,0.17485491931438446,0,0
53,LEFT_THUMB,0.5188036561012268,0.7536924481391907,-0.0693892315030098,0,0
53,RIGHT_THUMB,0.632323682308197,0.5632577538490295,0.1680644303560257,0,0
53,LEFT_HIP,0.5363640189170837,0.7355862259864807,-0.06475909799337387,0,0
53,RIGHT_HIP,0.5525914430618286,0.7283619046211243,0.06459413468837738,0,0
53,LEFT_KNEE,0.5265069603919983,0.8325836062431335,-0.08338319510221481,0,0
53,RIGHT_KNEE,0.5288894176483154,0.8070636987686157,0.12308011949062347,0,0
53,LEFT_ANKLE,0.5580459833145142,0.9427677392959595,-0.10842962563037872,0,0
53,RIGHT_ANKLE,0.5456474423408508,0.9002262949943542,0.1967097371816635,0,0
53,LEFT_HEEL,0.5707542896270752,0.9623114466667175,-0.11073563992977142,0,0
53,RIGHT_HEEL,0.5519405007362366,0.9172959327697754,0.20285838842391968,0,0
53,LEFT_FOOT_INDEX,0.531856119632721,0.9698300957679749,-0.15135429799556732,0,0
53,RIGHT_FOOT_INDEX,0.528085470199585,0.9132354259490967,0.18693524599075317,0,0
54,NOSE,0.5338476300239563,0.5399938225746155,0.05027978494763374,0,0
54,LEFT_EYE_INNER,0.5323808789253235,0.5324386358261108,0.03154585510492325,0,0
54,LEFT_EYE,0.5313176512718201,0.5326920747756958,0.03152916952967644,0,0
54,LEFT_EYE_OUTER,0.5302160978317261,0.5331124067306519,0.031490929424762726,0,0
54,RIGHT_EYE_INNER,0.5360256433486938,0.531494677066803,0.04316336289048195,0,0
54,RIGHT_EYE,0.5376589894294739,0.5309812426567078,0.043187465518713,0,0
54,RIGHT_EYE_OUTER,0.539332926273346,0.5305711030960083,0.04315998777747154,0,0
54,LEFT_EAR,0.5304116606712341,0.5379449725151062,-0.025122331455349922,0,0
54,RIGHT_EAR,0.5444650053977966,0.533833384513855,0.027131449431180954,0,0
54,MOUTH_LEFT,0.5325195789337158,0.5478148460388184,0.0327732153236866,0,0
54,MOUTH_RIGHT,0.536471962928772,0.5470311641693115,0.047284092754125595,0,0
54,LEFT_SHOULDER,0.5238648056983948,0.5858941078186035,-0.08205095678567886,0,0
54,RIGHT_SHOULDER,0.5662639141082764,0.577043354511261,0.057202793657779694,0,0
54,LEFT_ELBOW,0.5215252637863159,0.659060001373291,-0.09665096551179886,0,0
54,RIGHT_ELBOW,0.6015994548797607,0.5811347365379333,0.11523173004388809,0,0
54,LEFT_WRIST,0.5130865573883057,0.7319831848144531,-0.06816131621599197,0,0
54,RIGHT_WRIST,0.6295757293701172,0.5604863166809082,0.16068412363529205,0,0
54,LEFT_PINKY,0.5124024748802185,0.7519543766975403,-0.07300397753715515,0,0
54,RIGHT_PINKY,0.6391834020614624,0.5625349283218384,0.16881181299686432,0,0
54,LEFT_INDEX,0.5117212533950806,0.7510032057762146,-0.07674172520637512,0,0
54,RIGHT_INDEX,0.6381165981292725,0.5598742365837097,0.1668139547109604,0,0
54,LEFT_THUMB,0.5126194357872009,0.744712769985199,-0.06715595722198486,0,0
54,RIGHT_THUMB,0.634965181350708,0.5595970153808594,0.16074953973293304,0,0
54,LEFT_HIP,0.536175549030304,0.7321863174438477,-0.06475725024938583,0,0
54,RIGHT_HIP,0.5519607067108154,0.7243016958236694,0.0645928904414177,0,0
54,LEFT_KNEE,0.5302520990371704,0.831268846988678,-0.07177336513996124,0,0
54,RIGHT_KNEE,0.5300156474113464,0.8055540323257446,0.1508246511220932,0,0
54,LEFT_ANKLE,0.5580605864524841,0.9420501589775085,-0.09008289128541946,0,0
54,RIGHT_ANKLE,0.5444449782371521,0.8966368436813354,0.24479423463344574,0,0
54,LEFT_HEEL,0.5707775950431824,0.9624649882316589,-0.0918254479765892,0,0
54,RIGHT_HEEL,0.550233781337738,0.9096912145614624,0.25331899523735046,0,0
54,LEFT_FOOT_INDEX,0.5318938493728638,0.9698193669319153,-0.1376594603061676,0,0
54,RIGHT_FOOT_INDEX,0.5256431698799133,0.9104568958282471,0.23769742250442505,0,0
55,NOSE,0.5346794128417969,0.5341066122055054,0.04219627007842064,0,0
55,LEFT_EYE_INNER,0.5328608751296997,0.5267636775970459,0.023267976939678192,0,0
55,LEFT_EYE,0.5317326188087463,0.5270959734916687,0.023247580975294113,0,0
55,LEFT_EYE_OUTER,0.5305634140968323,0.5275978446006775,0.023211630061268806,0,0
55,RIGHT_EYE_INNER,0.5367805361747742,0.5257783532142639,0.03522587940096855,0,0
55,RIGHT_EYE,0.5385109782218933,0.5253406763076782,0.03524811193346977,0,0
55,RIGHT_EYE_OUTER,0.540288507938385,0.5249926447868347,0.03521854802966118,0,0
55,LEFT_EAR,0.5306278467178345,0.53305983543396,-0.03294754400849342,0,0
55,RIGHT_EAR,0.5453726649284363,0.5293137431144714,0.012075619772076607,0,0
55,MOUTH_LEFT,0.5332629084587097,0.5421165823936462,0.024444980546832085,0,0
55,MOUTH_RIGHT,0.5376144647598267,0.5412667989730835,0.03972354158759117,0,0
55,LEFT_SHOULDER,0.522433340549469,0.5839259624481201,-0.09624207019805908,0,0
55,RIGHT_SHOULDER,0.5664825439453125,0.5739008188247681,0.045182544738054276,0,0
55,LEFT_ELBOW,0.5180616974830627,0.65833580493927,-0.10331788659095764,0,0
55,RIGHT_ELBOW,0.6008973717689514,0.5792244076728821,0.10380522161722183,0,0
55,LEFT_WRIST,0.5077608823776245,0.7269325256347656,-0.0748569518327713,0,0
55,RIGHT_WRIST,0.6316738724708557,0.5557950139045715,0.15244244039058685,0,0
55,LEFT_PINKY,0.5055482387542725,0.748047411441803,-0.08047454059123993,0,0
55,RIGHT_PINKY,0.6415800452232361,0.5573953986167908,0.16065458953380585,0,0
55,LEFT_INDEX,0.5053685903549194,0.7469617128372192,-0.08404798805713654,0,0
55,RIGHT_INDEX,0.6408467888832092,0.5526615381240845,0.1583961546421051,0,0
55,LEFT_THUMB,0.5068852305412292,0.7408677935600281,-0.07383226603269577,0,0
55,RIGHT_THUMB,0.637927770614624,0.5523220300674438,0.15245404839515686,0,0
55,LEFT_HIP,0.5352676510810852,0.7298516035079956,-0.06468502432107925,0,0
55,RIGHT_HIP,0.5518149733543396,0.72198086977005,0.06451979279518127,0,0
55,LEFT_KNEE,0.5337351560592651,0.8302258253097534,-0.058559395372867584,0,0
55,RIGHT_KNEE,0.5321060419082642,0.8024757504463196,0.16167396306991577,0,0
55,LEFT_ANKLE,0.5581651926040649,0.9413045048713684,-0.06082942336797714,0,0
55,RIGHT_ANKLE,0.5434027910232544,0.890627920627594,0.26464512944221497,0,0
55,LEFT_HEEL,0.5707069635391235,0.9624603390693665,-0.061064280569553375,0,0
55,RIGHT_HEEL,0.5481632351875305,0.9050421118736267,0.27406272292137146,0,0
55,LEFT_FOOT_INDEX,0.5320507287979126,0.9693034887313843,-0.10493224114179611,0,0
55,RIGHT_FOOT_INDEX,0.5234344005584717,0.9055787324905396,0.25802379846572876,0,0
56,NOSE,0.5351179838180542,0.5301357507705688,0.036729227751493454,0,0
56,LEFT_EYE_INNER,0.5331510901451111,0.5228873491287231,0.0190028864890337,0,0
56,LEFT_EYE,0.5319731831550598,0.5232186913490295,0.01899353787302971,0,0
56,LEFT_EYE_OUTER,0.5307582020759583,0.5237232446670532,0.018964817747473717,0,0
56,RIGHT_EYE_INNER,0.5371605157852173,0.5219027400016785,0.034951966255903244,0,0
56,RIGHT_EYE,0.538914144039154,0.5214678645133972,0.034953631460666656,0,0
56,RIGHT_EYE_OUTER,0.5407257080078125,0.5211656093597412,0.034952063113451004,0,0
56,LEFT_EAR,0.5307155251502991,0.5292280316352844,-0.043721120804548264,0,0
56,RIGHT_EAR,0.5457378029823303,0.525770366191864,0.0035425389651209116,0,0
56,MOUTH_LEFT,0.533666729927063,0.5381605625152588,0.02044512704014778,0,0
56,MOUTH_RIGHT,0.5381370782852173,0.5372922420501709,0.036830589175224304,0,0
56,LEFT_SHOULDER,0.5216262340545654,0.581635057926178,-0.10231499373912811,0,0
56,RIGHT_SHOULDER,0.5673692226409912,0.5713890194892883,0.03766356408596039,0,0
56,LEFT_ELBOW,0.5146511197090149,0.6572611927986145,-0.1048000305891037,0,0
56,RIGHT_ELBOW,0.6041350960731506,0.5766613483428955,0.09846250712871552,0,0
56,LEFT_WRIST,0.5026569962501526,0.7249680757522583,-0.07470238953828812,0,0
56,RIGHT_WRIST,0.6341902613639832,0.5523512363433838,0.15326695144176483,0,0
56,LEFT_PINKY,0.5004745125770569,0.7452094554901123,-0.0803818553686142,0,0
56,RIGHT_PINKY,0.643347442150116,0.5526406168937683,0.16176503896713257,0,0
56,LEFT_INDEX,0.5006711483001709,0.744427502155304,-0.0844358503818512,0,0
56,RIGHT_INDEX,0.6423428058624268,0.5469650626182556,0.15935800969600677,0,0
56,LEFT_THUMB,0.5019859075546265,0.7387930750846863,-0.07383476942777634,0,0
56,RIGHT_THUMB,0.6394466161727905,0.5474863052368164,0.15342949330806732,0,0
56,LEFT_HIP,0.5345174074172974,0.7278390526771545,-0.06425799429416656,0,0
56,RIGHT_HIP,0.5516289472579956,0.721156895160675,0.0640820860862732,0,0
56,LEFT_KNEE,0.5365062952041626,0.8269367814064026,-0.049621641635894775,0,0
56,RIGHT_KNEE,0.5338248610496521,0.8005697727203369,0.17694276571273804,0,0
56,LEFT_ANKLE,0.558214545249939,0.9386187195777893,-0.04295956715941429,0,0
56,RIGHT_ANKLE,0.5436640381813049,0.8852218389511108,0.2913113534450531,0,0
56,LEFT_HEEL,0.570255696773529,0.9616765975952148,-0.0422525554895401,0,0
56,RIGHT_HEEL,0.548761785030365,0.9019688367843628,0.3020276725292206,0,0
56,LEFT_FOOT_INDEX,0.5322769284248352,0.9674234986305237,-0.08500749617815018,0,0
56,RIGHT_FOOT_INDEX,0.5228533148765564,0.9040144085884094,0.28778669238090515,0,0
57,NOSE,0.5344311594963074,0.529633641242981,0.0344926193356514,0,0
57,LEFT_EYE_INNER,0.5327216386795044,0.5215877890586853,0.016452329233288765,0,0
57,LEFT_EYE,0.5315734148025513,0.5218303203582764,0.016415676102042198,0,0
57,LEFT_EYE_OUTER,0.5304093360900879,0.5222132802009583,0.016373800113797188,0,0
57,RIGHT_EYE_INNER,0.5367282629013062,0.5205584764480591,0.027235765010118484,0,0
57,RIGHT_EYE,0.5385078191757202,0.5200169086456299,0.027255477383732796,0,0
57,RIGHT_EYE_OUTER,0.5403782725334167,0.5195983052253723,0.027227161452174187,0,0
57,LEFT_EAR,0.5306039452552795,0.5275287628173828,-0.04868519678711891,0,0
57,RIGHT_EAR,0.5455838441848755,0.5239817500114441,-0.0020561127457767725,0,0
57,MOUTH_LEFT,0.5330104231834412,0.5378114581108093,0.018560942262411118,0,0
57,MOUTH_RIGHT,0.5373112559318542,0.5368587970733643,0.030115747824311256,0,0
57,LEFT_SHOULDER,0.5201399326324463,0.5798979997634888,-0.10521189123392105,0,0
57,RIGHT_SHOULDER,0.5678701996803284,0.5706252455711365,0.03324601799249649,0,0
57,LEFT_ELBOW,0.5130490064620972,0.6547979116439819,-0.10635378956794739,0,0
57,RIGHT_ELBOW,0.6040213108062744,0.5777093172073364,0.09766299277544022,0,0
57,LEFT_WRIST,0.4986143708229065,0.7206268310546875,-0.07757501304149628,0,0
57,RIGHT_WRIST,0.6336939334869385,0.55315762758255,0.15995420515537262,0,0
57,LEFT_PINKY,0.4959076941013336,0.7407374382019043,-0.08305674046278,0,0
57,RIGHT_PINKY,0.6437065601348877,0.5537005066871643,0.1694006472826004,0,0
57,LEFT_INDEX,0.49569985270500183,0.7399212718009949,-0.08731543272733688,0,0
57,RIGHT_INDEX,0.6426828503608704,0.5467496514320374,0.16780513525009155,0,0
57,LEFT_THUMB,0.49691739678382874,0.7343224287033081,-0.07682843506336212,0,0
57,RIGHT_THUMB,0.6395606398582458,0.5469419360160828,0.1607334464788437,0,0
57,LEFT_HIP,0.5342941284179688,0.725936770439148,-0.06395310908555984,0,0
57,RIGHT_HIP,0.5515412092208862,0.7200085520744324,0.06376839429140091,0,0
57,LEFT_KNEE,0.5383424758911133,0.8240739703178406,-0.05101566016674042,0,0
57,RIGHT_KNEE,0.5357536673545837,0.8005013465881348,0.1853611022233963,0,0
57,LEFT_ANKLE,0.5583048462867737,0.9379681348800659,-0.04454896226525307,0,0
57,RIGHT_ANKLE,0.544206976890564,0.8842732906341553,0.30724698305130005,0,0
57,LEFT_HEEL,0.5701178312301636,0.9616591930389404,-0.043819889426231384,0,0
57,RIGHT_HEEL,0.5495001077651978,0.9012295603752136,0.3186883330345154,0,0
57,LEFT_FOOT_INDEX,0.5322975516319275,0.9669310450553894,-0.08779587596654892,0,0
57,RIGHT_FOOT_INDEX,0.522529125213623,0.9033344984054565,0.3050626814365387,0,0
58,NOSE,0.5337724089622498,0.5288852453231812,0.033241916447877884,0,0
58,LEFT_EYE_INNER,0.5322405099868774,0.5202988386154175,0.01627836748957634,0,0
58,LEFT_EYE,0.5311535596847534,0.5204936861991882,0.01621171645820141,0,0
58,LEFT_EYE_OUTER,0.5300582647323608,0.5208402276039124,0.016155848279595375,0,0
58,RIGHT_EYE_INNER,0.5361299514770508,0.519177258014679,0.025317732244729996,0,0
58,RIGHT_EYE,0.5378705263137817,0.5185229778289795,0.025346903130412102,0,0
58,RIGHT_EYE_OUTER,0.5397240519523621,0.5179848074913025,0.02531353570520878,0,0
58,LEFT_EAR,0.5304882526397705,0.5258387327194214,-0.049857426434755325,0,0
58,RIGHT_EAR,0.5449642539024353,0.5219849348068237,-0.0018588488455861807,0,0
58,MOUTH_LEFT,0.5325133800506592,0.5369836091995239,0.0180151779204607,0,0
58,MOUTH_RIGHT,0.5365437865257263,0.5362254977226257,0.028813211247324944,0,0
58,LEFT_SHOULDER,0.5194304585456848,0.5785531997680664,-0.10707562416791916,0,0
58,RIGHT_SHOULDER,0.5674532055854797,0.5695761442184448,0.03523065149784088,0,0
58,LEFT_ELBOW,0.5115169286727905,0.6532543897628784,-0.10683119297027588,0,0
58,RIGHT_ELBOW,0.6030447483062744,0.5824432969093323,0.09958136826753616,0,0
58,LEFT_WRIST,0.49467629194259644,0.7178971171379089,-0.07740644365549088,0,0
58,RIGHT_WRIST,0.6319124102592468,0.5592848658561707,0.1637021005153656,0,0
58,LEFT_PINKY,0.4912506639957428,0.7374333143234253,-0.08299700170755386,0,0
58,RIGHT_PINKY,0.6419357061386108,0.5589686036109924,0.17311401665210724,0,0
58,LEFT_INDEX,0.490937739610672,0.7368913888931274,-0.08729290217161179,0,0
58,RIGHT_INDEX,0.6407701969146729,0.5498045086860657,0.17153678834438324,0,0
58,LEFT_THUMB,0.4921015501022339,0.7317019104957581,-0.07657204568386078,0,0
58,RIGHT_THUMB,0.6379507184028625,0.5500504970550537,0.16447219252586365,0,0
58,LEFT_HIP,0.534756064414978,0.7254638075828552,-0.0639532059431076,0,0
58,RIGHT_HIP,0.5518738627433777,0.7193921208381653,0.06376796215772629,0,0
58,LEFT_KNEE,0.5393412709236145,0.8232147693634033,-0.044489312916994095,0,0
58,RIGHT_KNEE,0.5376270413398743,0.8019413948059082,0.1861565262079239,0,0
58,LEFT_ANKLE,0.5583368539810181,0.9369452595710754,-0.031107256188988686,0,0
58,RIGHT_ANKLE,0.5445559620857239,0.8845003843307495,0.307882696390152,0,0
58,LEFT_HEEL,0.5700981616973877,0.9614511132240295,-0.029628150165081024,0,0
58,RIGHT_HEEL,0.5498818755149841,0.9003732204437256,0.3194199204444885,0,0
58,LEFT_FOOT_INDEX,0.5323042869567871,0.9663350582122803,-0.0721023753285408,0,0
58,RIGHT_FOOT_INDEX,0.5221256017684937,0.9035405516624451,0.3065437972545624,0,0
59,NOSE,0.5337489247322083,0.5279468894004822,0.029634233564138412,0,0
59,LEFT_EYE_INNER,0.5321295857429504,0.5194683074951172,0.00984151940792799,0,0
59,LEFT_EYE,0.5309873223304749,0.5196988582611084,0.009786885231733322,0,0
59,LEFT_EYE_OUTER,0.5298675894737244,0.5200700759887695,0.009737636893987656,0,0
59,RIGHT_EYE_INNER,0.5362253785133362,0.5182566046714783,0.019513120874762535,0,0
59,RIGHT_EYE,0.5380087494850159,0.5176054239273071,0.01954432763159275,0,0
59,RIGHT_EYE_OUTER,0.5398801565170288,0.5170816779136658,0.019509773701429367,0,0
59,LEFT_EAR,0.5304315090179443,0.5251126289367676,-0.054016221314668655,0,0
59,RIGHT_EAR,0.5450133085250854,0.5214541554450989,-0.006558969151228666,0,0
59,MOUTH_LEFT,0.5322569608688354,0.5363885760307312,0.011624539270997047,0,0
59,MOUTH_RIGHT,0.536388635635376,0.5353938937187195,0.023361364379525185,0,0
59,LEFT_SHOULDER,0.5186182260513306,0.5787363052368164,-0.11277411133050919,0,0
59,RIGHT_SHOULDER,0.5668764710426331,0.5685119032859802,0.03183918073773384,0,0
59,LEFT_ELBOW,0.5094437003135681,0.6532490253448486,-0.11469337344169617,0,0
59,RIGHT_ELBOW,0.603256106376648,0.5868113040924072,0.10047648102045059,0,0
59,LEFT_WRIST,0.4915800988674164,0.7181630730628967,-0.08210434019565582,0,0
59,RIGHT_WRIST,0.6323025226593018,0.5605114698410034,0.1661054939031601,0,0
59,LEFT_PINKY,0.4881134033203125,0.7362488508224487,-0.08900504559278488,0,0
59,RIGHT_PINKY,0.6418200731277466,0.5576785206794739,0.17595264315605164,0,0
59,LEFT_INDEX,0.48779600858688354,0.735404372215271,-0.09289579093456268,0,0
59,RIGHT_INDEX,0.6405446529388428,0.5496236681938171,0.17451626062393188,0,0
59,LEFT_THUMB,0.48880714178085327,0.7305933237075806,-0.0814189687371254,0,0
59,RIGHT_THUMB,0.6379228234291077,0.5504823327064514,0.166990727186203,0,0
59,LEFT_HIP,0.5352985858917236,0.7243655920028687,-0.06394840776920319,0,0
59,RIGHT_HIP,0.5528202056884766,0.7174084186553955,0.0637596845626831,0,0
59,LEFT_KNEE,0.5409634113311768,0.8230101466178894,-0.042265910655260086,0,0
59,RIGHT_KNEE,0.5390164256095886,0.8021278381347656,0.18622392416000366,0,0
59,LEFT_ANKLE,0.5584424138069153,0.9360982775688171,-0.025510668754577637,0,0
59,RIGHT_ANKLE,0.5447321534156799,0.8844586610794067,0.3088434934616089,0,0
59,LEFT_HEEL,0.5700388550758362,0.9611051082611084,-0.0237494595348835,0,0
59,RIGHT_HEEL,0.5501717329025269,0.9000359177589417,0.3203103244304657,0,0
59,LEFT_FOOT_INDEX,0.5323388576507568,0.9656442999839783,-0.06746196001768112,0,0
59,RIGHT_FOOT_INDEX,0.5225911736488342,0.9045125246047974,0.3065136671066284,0,0
60,NOSE,0.5333670377731323,0.527764081954956,0.029618168249726295,0,0
60,LEFT_EYE_INNER,0.531857430934906,0.5190083980560303,0.009871476329863071,0,0
60,LEFT_EYE,0.5307445526123047,0.519180178642273,0.00981973297894001,0,0
60,LEFT_EYE_OUTER,0.5296634435653687,0.5194686651229858,0.009772405959665775,0,0
60,RIGHT_EYE_INNER,0.5358715057373047,0.5179991126060486,0.02001369185745716,0,0
60,RIGHT_EYE,0.537611186504364,0.5174391865730286,0.02004280686378479,0,0
60,RIGHT_EYE_OUTER,0.5394488573074341,0.5169960260391235,0.02000865712761879,0,0
60,LEFT_EAR,0.5302713513374329,0.5245186686515808,-0.05095020681619644,0,0
60,RIGHT_EAR,0.5446280241012573,0.5213238596916199,-0.002858266932889819,0,0
60,MOUTH_LEFT,0.5320004224777222,0.5363008379936218,0.01165778562426567,0,0
60,MOUTH_RIGHT,0.5359817743301392,0.5355476140975952,0.024118442088365555,0,0
60,LEFT_SHOULDER,0.5183444619178772,0.5784580111503601,-0.11050357669591904,0,0
60,RIGHT_SHOULDER,0.5663989186286926,0.5688727498054504,0.03773881122469902,0,0
60,LEFT_ELBOW,0.5089222192764282,0.6532877683639526,-0.11422832310199738,0,0
60,RIGHT_ELBOW,0.6006615161895752,0.5904895663261414,0.1068681851029396,0,0
60,LEFT_WRIST,0.48963144421577454,0.7170617580413818,-0.07855457812547684,0,0
60,RIGHT_WRIST,0.6296101212501526,0.565981388092041,0.1740388423204422,0,0
60,LEFT_PINKY,0.4859216809272766,0.7338442802429199,-0.08389879763126373,0,0
60,RIGHT_PINKY,0.6407166719436646,0.5628264546394348,0.18527691066265106,0,0
60,LEFT_INDEX,0.4855642318725586,0.7327725887298584,-0.0882338359951973,0,0
60,RIGHT_INDEX,0.6390289664268494,0.5552248358726501,0.18415936827659607,0,0
60,LEFT_THUMB,0.486818790435791,0.72825688123703,-0.07754985243082047,0,0
60,RIGHT_THUMB,0.6357518434524536,0.5563057065010071,0.17528541386127472,0,0
60,LEFT_HIP,0.5354669690132141,0.7236490845680237,-0.06395424902439117,0,0
60,RIGHT_HIP,0.5541019439697266,0.7169309258460999,0.0637613907456398,0,0
60,LEFT_KNEE,0.5419204235076904,0.8232690691947937,-0.050255220383405685,0,0
60,RIGHT_KNEE,0.5398693084716797,0.8030931353569031,0.18021000921726227,0,0
60,LEFT_ANKLE,0.5586768984794617,0.9358886480331421,-0.04221844673156738,0,0
60,RIGHT_ANKLE,0.545138418674469,0.8853065967559814,0.2969723343849182,0,0
60,LEFT_HEEL,0.5700414776802063,0.9610073566436768,-0.041542090475559235,0,0
60,RIGHT_HEEL,0.5504493117332458,0.9006827473640442,0.3078306019306183,0,0
60,LEFT_FOOT_INDEX,0.5324937105178833,0.965426504611969,-0.08394577354192734,0,0
60,RIGHT_FOOT_INDEX,0.5229312777519226,0.9044629335403442,0.29681432247161865,0,0
61,NOSE,0.5331088900566101,0.5275112986564636,0.036877527832984924,0,0
61,LEFT_EYE_INNER,0.5316519737243652,0.5185679197311401,0.017020059749484062,0,0
61,LEFT_EYE,0.5305699706077576,0.5187013745307922,0.016971400007605553,0,0
61,LEFT_EYE_OUTER,0.5295431613922119,0.5189166069030762,0.016930898651480675,0,0
61,RIGHT_EYE_INNER,0.5356082916259766,0.5175794959068298,0.02653159573674202,0,0
61,RIGHT_EYE,0.5373478531837463,0.5170055031776428,0.026560453698039055,0,0
61,RIGHT_EYE_OUTER,0.5392068028450012,0.5165478587150574,0.026522628962993622,0,0
61,LEFT_EAR,0.529974102973938,0.52391117811203,-0.04471924528479576,0,0
61,RIGHT_EAR,0.544565737247467,0.5208126902580261,0.0008244513883255422,0,0
61,MOUTH_LEFT,0.5318299531936646,0.5359223484992981,0.018675219267606735,0,0
61,MOUTH_RIGHT,0.5357269048690796,0.5353293418884277,0.030172867700457573,0,0
61,LEFT_SHOULDER,0.5184297561645508,0.5785427093505859,-0.11030175536870956,0,0
61,RIGHT_SHOULDER,0.5666958689689636,0.5691670775413513,0.040585700422525406,0,0
61,LEFT_ELBOW,0.5087018609046936,0.6532207727432251,-0.1063622310757637,0,0
61,RIGHT_ELBOW,0.5998343229293823,0.596193790435791,0.10680507868528366,0,0
61,LEFT_WRIST,0.4889199137687683,0.7136598825454712,-0.06844465434551239,0,0
61,RIGHT_WRIST,0.6294661164283752,0.5692428350448608,0.16357265412807465,0,0
61,LEFT_PINKY,0.4848492741584778,0.729419469833374,-0.07355032116174698,0,0
61,RIGHT_PINKY,0.6401078701019287,0.564195454120636,0.17297784984111786,0,0
61,LEFT_INDEX,0.4844088852405548,0.727979302406311,-0.07722102105617523,0,0
61,RIGHT_INDEX,0.6379902362823486,0.5564910173416138,0.17129912972450256,0,0
61,LEFT_THUMB,0.4857495427131653,0.723971962928772,-0.06706880033016205,0,0
61,RIGHT_THUMB,0.6344025731086731,0.5589383244514465,0.16417966783046722,0,0
61,LEFT_HIP,0.5355902314186096,0.7230803966522217,-0.06393562257289886,0,0
61,RIGHT_HIP,0.5552113056182861,0.7160083055496216,0.06373672932386398,0,0
61,LEFT_KNEE,0.542996346950531,0.823817253112793,-0.05169481784105301,0,0
61,RIGHT_KNEE,0.5410155653953552,0.8033519387245178,0.17698539793491364,0,0
61,LEFT_ANKLE,0.5591646432876587,0.9359757304191589,-0.043870847672224045,0,0
61,RIGHT_ANKLE,0.5464223027229309,0.8863591551780701,0.2930346131324768,0,0
61,LEFT_HEEL,0.5700661540031433,0.9612470865249634,-0.04305044561624527,0,0
61,RIGHT_HEEL,0.5507135987281799,0.9014275074005127,0.3039024770259857,0,0
61,LEFT_FOOT_INDEX,0.5325499773025513,0.9654329419136047,-0.08398247510194778,0,0
61,RIGHT_FOOT_INDEX,0.5230686664581299,0.9043858051300049,0.2922670543193817,0,0
62,NOSE,0.5329120755195618,0.5280506610870361,0.04024561122059822,0,0
62,LEFT_EYE_INNER,0.5315228700637817,0.5190582871437073,0.02102828025817871,0,0
62,LEFT_EYE,0.5304962992668152,0.5191493034362793,0.02098388597369194,0,0
62,LEFT_EYE_OUTER,0.5295029282569885,0.5193129181861877,0.020943446084856987,0,0
62,RIGHT_EYE_INNER,0.5353800654411316,0.5181391835212708,0.03077120892703533,0,0
62,RIGHT_EYE,0.5370949506759644,0.517585813999176,0.030802123248577118,0,0
62,RIGHT_EYE_OUTER,0.5389273762702942,0.5171425342559814,0.030762869864702225,0,0
62,LEFT_EAR,0.5295668244361877,0.5244285464286804,-0.03972845897078514,0,0
62,RIGHT_EAR,0.5443499088287354,0.5214186310768127,0.002223860239610076,0,0
62,MOUTH_LEFT,0.5317338705062866,0.5364183187484741,0.02197919972240925,0,0
62,MOUTH_RIGHT,0.5356749892234802,0.5359398722648621,0.0336846262216568,0,0
62,LEFT_SHOULDER,0.5182287693023682,0.5785303115844727,-0.10984071344137192,0,0
62,RIGHT_SHOULDER,0.566249430179596,0.5702537298202515,0.0422239787876606,0,0
62,LEFT_ELBOW,0.5092371106147766,0.6523296236991882,-0.10659405589103699,0,0
62,RIGHT_ELBOW,0.598219633102417,0.6056106090545654,0.1074950322508812,0,0
62,LEFT_WRIST,0.4895996153354645,0.7075976729393005,-0.07474403828382492,0,0
62,RIGHT_WRIST,0.6270204782485962,0.5721349120140076,0.1682233065366745,0,0
62,LEFT_PINKY,0.4856502115726471,0.7247224450111389,-0.08064927905797958,0,0
62,RIGHT_PINKY,0.6371920108795166,0.5673332214355469,0.1790435016155243,0,0
62,LEFT_INDEX,0.48498857021331787,0.7228119969367981,-0.0841200053691864,0,0
62,RIGHT_INDEX,0.6350430250167847,0.5593113303184509,0.17849399149417877,0,0
62,LEFT_THUMB,0.48628920316696167,0.7183047533035278,-0.07351421564817429,0,0
62,RIGHT_THUMB,0.6315604448318481,0.5623371601104736,0.16953307390213013,0,0
62,LEFT_HIP,0.5358150601387024,0.723565399646759,-0.06394727528095245,0,0
62,RIGHT_HIP,0.5559638738632202,0.7155141234397888,0.0637449398636818,0,0
62,LEFT_KNEE,0.5438116788864136,0.8243211507797241,-0.054063595831394196,0,0
62,RIGHT_KNEE,0.5413304567337036,0.8038139343261719,0.17865796387195587,0,0
62,LEFT_ANKLE,0.5595141053199768,0.9368085265159607,-0.05321309715509415,0,0
62,RIGHT_ANKLE,0.5473551154136658,0.8867453336715698,0.29564395546913147,0,0
62,LEFT_HEEL,0.570136308670044,0.9622055888175964,-0.05277446657419205,0,0
62,RIGHT_HEEL,0.5511128902435303,0.9013271331787109,0.30656543374061584,0,0
62,LEFT_FOOT_INDEX,0.532551109790802,0.9661891460418701,-0.09433963149785995,0,0
62,RIGHT_FOOT_INDEX,0.5232574343681335,0.9038745164871216,0.29463210701942444,0,0
63,NOSE,0.5328543186187744,0.5277668833732605,0.04077433794736862,0,0
63,LEFT_EYE_INNER,0.5314497947692871,0.5184981822967529,0.021679075434803963,0,0
63,LEFT_EYE,0.5304480195045471,0.518559455871582,0.02163667045533657,0,0
63,LEFT_EYE_OUTER,0.529489278793335,0.5186854600906372,0.021600935608148575,0,0
63,RIGHT_EYE_INNER,0.5352362990379333,0.5176257491111755,0.0318891778588295,0,0
63,RIGHT_EYE,0.5369333028793335,0.5170851349830627,0.03191622719168663,0,0
63,RIGHT_EYE_OUTER,0.5387418866157532,0.5166669487953186,0.031875722110271454,0,0
63,LEFT_EAR,0.5294929146766663,0.5236937999725342,-0.03815721347928047,0,0
63,RIGHT_EAR,0.5441892743110657,0.5209941267967224,0.00331538962200284,0,0
63,MOUTH_LEFT,0.5316315293312073,0.5360718369483948,0.022731222212314606,0,0
63,MOUTH_RIGHT,0.5355299711227417,0.5357046127319336,0.03501909598708153,0,0
63,LEFT_SHOULDER,0.5187231302261353,0.5769225358963013,-0.10841277241706848,0,0
63,RIGHT_SHOULDER,0.566005527973175,0.5707923769950867,0.04460568726062775,0,0
63,LEFT_ELBOW,0.5101580023765564,0.6512174606323242,-0.11180409044027328,0,0
63,RIGHT_ELBOW,0.593323290348053,0.6122293472290039,0.12091422080993652,0,0
63,LEFT_WRIST,0.49057433009147644,0.7034050822257996,-0.07801052182912827,0,0
63,RIGHT_WRIST,0.6263015866279602,0.5852743983268738,0.20060797035694122,0,0
63,LEFT_PINKY,0.4868178963661194,0.7205256223678589,-0.08248516172170639,0,0
63,RIGHT_PINKY,0.6344016194343567,0.5772103667259216,0.2160210758447647,0,0
63,LEFT_INDEX,0.4862259030342102,0.7185150980949402,-0.08523325622081757,0,0
63,RIGHT_INDEX,0.6331304907798767,0.5714256763458252,0.2164144665002823,0,0
63,LEFT_THUMB,0.48752033710479736,0.7138831615447998,-0.0755833089351654,0,0
63,RIGHT_THUMB,0.6312572360038757,0.5751415491104126,0.20304234325885773,0,0
63,LEFT_HIP,0.5361843109130859,0.7223504781723022,-0.06390997767448425,0,0
63,RIGHT_HIP,0.5567476749420166,0.7148039937019348,0.06369898468255997,0,0
63,LEFT_KNEE,0.5441729426383972,0.8242908120155334,-0.05495883896946907,0,0
63,RIGHT_KNEE,0.5424380898475647,0.8043401837348938,0.17412513494491577,0,0
63,LEFT_ANKLE,0.5597285628318787,0.9368793368339539,-0.05365142971277237,0,0
63,RIGHT_ANKLE,0.548527717590332,0.887052059173584,0.2876339852809906,0,0
63,LEFT_HEEL,0.5701628923416138,0.9622439742088318,-0.05301029607653618,0,0
63,RIGHT_HEEL,0.5520574450492859,0.9018822908401489,0.2983126640319824,0,0
63,LEFT_FOOT_INDEX,0.5325559377670288,0.966316819190979,-0.09472792595624924,0,0
63,RIGHT_FOOT_INDEX,0.5235146284103394,0.9043033123016357,0.28701770305633545,0,0
64,NOSE,0.5320200324058533,0.5277426838874817,0.05501526966691017,0,0
64,LEFT_EYE_INNER,0.5308833718299866,0.5183721780776978,0.03473183140158653,0,0
64,LEFT_EYE,0.5299360156059265,0.5183514356613159,0.03468088060617447,0,0
64,LEFT_EYE_OUTER,0.5290030837059021,0.5183889269828796,0.0346451960504055,0,0
64,RIGHT_EYE_INNER,0.5345632433891296,0.5175607204437256,0.04636096581816673,0,0
64,RIGHT_EYE,0.5362728834152222,0.5169726610183716,0.046387914568185806,0,0
64,RIGHT_EYE_OUTER,0.538105309009552,0.5164918303489685,0.04635727033019066,0,0
64,LEFT_EAR,0.529392421245575,0.5231149792671204,-0.02810230478644371,0,0
64,RIGHT_EAR,0.544040858745575,0.5204634070396423,0.021963823586702347,0,0
64,MOUTH_LEFT,0.531083881855011,0.5358260273933411,0.03587424382567406,0,0
64,MOUTH_RIGHT,0.5346128940582275,0.5354852676391602,0.05009729042649269,0,0
64,LEFT_SHOULDER,0.5191876292228699,0.5761111378669739,-0.09780295193195343,0,0
64,RIGHT_SHOULDER,0.566296398639679,0.5709798336029053,0.06233527511358261,0,0
64,LEFT_ELBOW,0.5110377073287964,0.650383710861206,-0.10046853125095367,0,0
64,RIGHT_ELBOW,0.590222954750061,0.6215984225273132,0.14156237244606018,0,0
64,LEFT_WRIST,0.4911494255065918,0.7004886865615845,-0.05383242294192314,0,0
64,RIGHT_WRIST,0.6161768436431885,0.5991795659065247,0.22206999361515045,0,0
64,LEFT_PINKY,0.48745667934417725,0.7172946929931641,-0.058251235634088516,0,0
64,RIGHT_PINKY,0.6231175065040588,0.5894982814788818,0.23781295120716095,0,0
64,LEFT_INDEX,0.4870244860649109,0.714714527130127,-0.06092079356312752,0,0
64,RIGHT_INDEX,0.6215572357177734,0.5843141674995422,0.23684462904930115,0,0
64,LEFT_THUMB,0.4882928431034088,0.7101039886474609,-0.05179334431886673,0,0
64,RIGHT_THUMB,0.6190898418426514,0.5878317356109619,0.2238188236951828,0,0
64,LEFT_HIP,0.5367444753646851,0.7215726375579834,-0.06348336488008499,0,0
64,RIGHT_HIP,0.5579227805137634,0.7149006128311157,0.06325019150972366,0,0
64,LEFT_KNEE,0.5446348190307617,0.8244695067405701,-0.05262434855103493,0,0
64,RIGHT_KNEE,0.5436084866523743,0.8055017590522766,0.17153237760066986,0,0
64,LEFT_ANKLE,0.5600100755691528,0.9384803771972656,-0.04957352206110954,0,0
64,RIGHT_ANKLE,0.5490251779556274,0.8873293399810791,0.284126341342926,0,0
64,LEFT_HEEL,0.5703166723251343,0.9626848101615906,-0.04852082207798958,0,0
64,RIGHT_HEEL,0.5525161027908325,0.9018449187278748,0.29592734575271606,0,0
64,LEFT_FOOT_INDEX,0.5328995585441589,0.9666728973388672,-0.0838281586766243,0,0
64,RIGHT_FOOT_INDEX,0.5237228274345398,0.9045183658599854,0.2809692323207855,0,0
65,NOSE,0.5309069752693176,0.5285094380378723,0.06302254647016525,0,0
65,LEFT_EYE_INNER,0.530015766620636,0.5192440748214722,0.04237193241715431,0,0
65,LEFT_EYE,0.5292311906814575,0.5192166566848755,0.04232647269964218,0,0
65,LEFT_EYE_OUTER,0.5284438133239746,0.5192484259605408,0.042290810495615005,0,0
65,RIGHT_EYE_INNER,0.5333038568496704,0.5184440612792969,0.05529499053955078,0,0
65,RIGHT_EYE,0.5349394083023071,0.5178632140159607,0.05530967935919762,0,0
65,RIGHT_EYE_OUTER,0.536624550819397,0.5173864364624023,0.05526085942983627,0,0
65,LEFT_EAR,0.529380738735199,0.5238499641418457,-0.02171589620411396,0,0
65,RIGHT_EAR,0.542792022228241,0.5211899876594543,0.034553106874227524,0,0
65,MOUTH_LEFT,0.5305032730102539,0.5365933179855347,0.04335837438702583,0,0
65,MOUTH_RIGHT,0.5336247086524963,0.5362197160720825,0.05924477055668831,0,0
65,LEFT_SHOULDER,0.5199463367462158,0.5755890607833862,-0.09018365293741226,0,0
65,RIGHT_SHOULDER,0.5667070150375366,0.5713088512420654,0.07128406316041946,0,0
65,LEFT_ELBOW,0.511874794960022,0.649258553981781,-0.0920109674334526,0,0
65,RIGHT_ELBOW,0.5871368646621704,0.6289935111999512,0.15489032864570618,0,0
65,LEFT_WRIST,0.4921097755432129,0.6982036828994751,-0.03766297921538353,0,0
65,RIGHT_WRIST,0.6022425889968872,0.6171697378158569,0.2442285567522049,0,0
65,LEFT_PINKY,0.48871171474456787,0.7147189378738403,-0.04000638797879219,0,0
65,RIGHT_PINKY,0.6106222867965698,0.6093094944953918,0.2621156871318817,0,0
65,LEFT_INDEX,0.48855656385421753,0.711696207523346,-0.042903583496809006,0,0
65,RIGHT_INDEX,0.6096511483192444,0.6021019220352173,0.2599793076515198,0,0
65,LEFT_THUMB,0.489728718996048,0.7068823575973511,-0.03566416725516319,0,0
65,RIGHT_THUMB,0.6066586971282959,0.6052351593971252,0.2455938756465912,0,0
65,LEFT_HIP,0.53713059425354,0.7221502065658569,-0.06207111105322838,0,0
65,RIGHT_HIP,0.5587975382804871,0.7154901623725891,0.061803195625543594,0,0
65,LEFT_KNEE,0.5451372861862183,0.8246378898620605,-0.04908214882016182,0,0
65,RIGHT_KNEE,0.5451803803443909,0.8061838746070862,0.15908069908618927,0,0
65,LEFT_ANKLE,0.5601412057876587,0.9388149976730347,-0.04934469237923622,0,0
65,RIGHT_ANKLE,0.5493433475494385,0.8875241875648499,0.2512653172016144,0,0
65,LEFT_HEEL,0.570381224155426,0.9626941680908203,-0.04848271980881691,0,0
65,RIGHT_HEEL,0.5527366995811462,0.9017502665519714,0.2608930468559265,0,0
65,LEFT_FOOT_INDEX,0.5331448316574097,0.9666175842285156,-0.08035678416490555,0,0
65,RIGHT_FOOT_INDEX,0.5240231156349182,0.904341459274292,0.256735235452652,0,0
66,NOSE,0.5303013920783997,0.5295484662055969,0.05555460602045059,0,0
66,LEFT_EYE_INNER,0.5296003818511963,0.520155668258667,0.034674059599637985,0,0
66,LEFT_EYE,0.5289492011070251,0.5199183225631714,0.03463798388838768,0,0
66,LEFT_EYE_OUTER,0.528278648853302,0.5197519659996033,0.034594129770994186,0,0
66,RIGHT_EYE_INNER,0.5325490832328796,0.5197148323059082,0.04604334756731987,0,0
66,RIGHT_EYE,0.5341023206710815,0.5191282033920288,0.046063609421253204,0,0
66,RIGHT_EYE_OUTER,0.5356776118278503,0.5186138153076172,0.046021342277526855,0,0
66,LEFT_EAR,0.5295041799545288,0.5242688655853271,-0.027254365384578705,0,0
66,RIGHT_EAR,0.541987419128418,0.5214377045631409,0.03238402679562569,0,0
66,MOUTH_LEFT,0.530312180519104,0.5368441939353943,0.036781005561351776,0,0
66,MOUTH_RIGHT,0.5331807732582092,0.5366349816322327,0.050101108849048615,0,0
66,LEFT_SHOULDER,0.5232601761817932,0.5749940872192383,-0.09251365810632706,0,0
66,RIGHT_SHOULDER,0.5677319765090942,0.5720562934875488,0.07083621621131897,0,0
66,LEFT_ELBOW,0.512364387512207,0.6482997536659241,-0.09649955481290817,0,0
66,RIGHT_ELBOW,0.5807098746299744,0.6376341581344604,0.1387651264667511,0,0
66,LEFT_WRIST,0.4935075640678406,0.6957245469093323,-0.04772229120135307,0,0
66,RIGHT_WRIST,0.5797545313835144,0.6413217186927795,0.20624274015426636,0,0
66,LEFT_PINKY,0.49042388796806335,0.7118501663208008,-0.061955057084560394,0,0
66,RIGHT_PINKY,0.5805482864379883,0.6405840516090393,0.21849709749221802,0,0
66,LEFT_INDEX,0.4902220666408539,0.7089455723762512,-0.04864254966378212,0,0
66,RIGHT_INDEX,0.5805231928825378,0.6344111561775208,0.1992170512676239,0,0
66,LEFT_THUMB,0.49134549498558044,0.7039037942886353,-0.036629389971494675,0,0
66,RIGHT_THUMB,0.5795807242393494,0.6355747580528259,0.1968667358160019,0,0
66,LEFT_HIP,0.5374923348426819,0.7222925424575806,-0.061962611973285675,0,0
66,RIGHT_HIP,0.5592703223228455,0.7158869504928589,0.06172344833612442,0,0
66,LEFT_KNEE,0.5456245541572571,0.8247664570808411,-0.042393218725919724,0,0
66,RIGHT_KNEE,0.5461440682411194,0.8077207803726196,0.15688155591487885,0,0
66,LEFT_ANKLE,0.5603854656219482,0.9395114779472351,-0.04360462352633476,0,0
66,RIGHT_ANKLE,0.5498096346855164,0.8877701759338379,0.24712444841861725,0,0
66,LEFT_HEEL,0.5706276297569275,0.9627918601036072,-0.04365365207195282,0,0
66,RIGHT_HEEL,0.5531072616577148,0.9019372463226318,0.2564878761768341,0,0
66,LEFT_FOOT_INDEX,0.5331584811210632,0.9662595391273499,-0.08003971725702286,0,0
66,RIGHT_FOOT_INDEX,0.5242036581039429,0.9043632745742798,0.24832803010940552,0,0
67,NOSE,0.5294215679168701,0.53144770860672,0.042525939643383026,0,0
67,LEFT_EYE_INNER,0.5288959741592407,0.5211015343666077,0.02338620088994503,0,0
67,LEFT_EYE,0.5284346342086792,0.5206802487373352,0.023359838873147964,0,0
67,LEFT_EYE_OUTER,0.5279637575149536,0.520313024520874,0.02334349974989891,0,0
67,RIGHT_EYE_INNER,0.5314368009567261,0.5209417343139648,0.039680562913417816,0,0
67,RIGHT_EYE,0.5328011512756348,0.5203536152839661,0.03968214988708496,0,0
67,RIGHT_EYE_OUTER,0.5342041850090027,0.5197847485542297,0.03962457925081253,0,0
67,LEFT_EAR,0.5296308398246765,0.5245002508163452,-0.037316035479307175,0,0
67,RIGHT_EAR,0.5403624176979065,0.5215966701507568,0.028109343722462654,0,0
67,MOUTH_LEFT,0.5299674868583679,0.5384130477905273,0.023662103340029716,0,0
67,MOUTH_RIGHT,0.5325261354446411,0.5382558107376099,0.04451935365796089,0,0
67,LEFT_SHOULDER,0.5251801609992981,0.5749208331108093,-0.10099967569112778,0,0
67,RIGHT_SHOULDER,0.5676224827766418,0.5730651021003723,0.068011075258255,0,0
67,LEFT_ELBOW,0.5131052136421204,0.6482106447219849,-0.10667982697486877,0,0
67,RIGHT_ELBOW,0.5779687762260437,0.6397094130516052,0.12273775041103363,0,0
67,LEFT_WRIST,0.49428674578666687,0.6951488852500916,-0.054044850170612335,0,0
67,RIGHT_WRIST,0.5599832534790039,0.6673698425292969,0.13982892036437988,0,0
67,LEFT_PINKY,0.49099835753440857,0.7102912068367004,-0.0681997612118721,0,0
67,RIGHT_PINKY,0.5532158017158508,0.674895703792572,0.14784744381904602,0,0
67,LEFT_INDEX,0.4917711913585663,0.7077749967575073,-0.06178213283419609,0,0
67,RIGHT_INDEX,0.5489755272865295,0.6740160584449768,0.13463322818279266,0,0
67,LEFT_THUMB,0.4932020902633667,0.7027637362480164,-0.049989793449640274,0,0
67,RIGHT_THUMB,0.5566876530647278,0.6643546223640442,0.13409307599067688,0,0
67,LEFT_HIP,0.5374863147735596,0.7241679430007935,-0.061978843063116074,0,0
67,RIGHT_HIP,0.5588416457176208,0.7195864915847778,0.061743419617414474,0,0
67,LEFT_KNEE,0.5464145541191101,0.8254650831222534,-0.0199299193918705,0,0
67,RIGHT_KNEE,0.5470443367958069,0.8101961016654968,0.16846133768558502,0,0
67,LEFT_ANKLE,0.5604764819145203,0.9397270679473877,0.0007527729030698538,0,0
67,RIGHT_ANKLE,0.5500180125236511,0.8878730535507202,0.27265313267707825,0,0
67,LEFT_HEEL,0.5708537697792053,0.9629423022270203,0.0021661287173628807,0,0
67,RIGHT_HEEL,0.5533043742179871,0.9017797708511353,0.28384923934936523,0,0
67,LEFT_FOOT_INDEX,0.5334296822547913,0.9656808376312256,-0.035596609115600586,0,0
67,RIGHT_FOOT_INDEX,0.5243015885353088,0.9036296606063843,0.2787128686904907,0,0
68,NOSE,0.5287910103797913,0.5315214395523071,0.04148506373167038,0,0
68,LEFT_EYE_INNER,0.5285199880599976,0.5209814310073853,0.02314271777868271,0,0
68,LEFT_EYE,0.5281899571418762,0.5206395387649536,0.023121392354369164,0,0
68,LEFT_EYE_OUTER,0.5278499722480774,0.5203551650047302,0.02310783974826336,0,0
68,RIGHT_EYE_INNER,0.5309197306632996,0.5208053588867188,0.0388370119035244,0,0
68,RIGHT_EYE,0.5322625637054443,0.5202772617340088,0.038845643401145935,0,0
68,RIGHT_EYE_OUTER,0.5336467027664185,0.5197443962097168,0.03879264369606972,0,0
68,LEFT_EAR,0.5300503373146057,0.5247825980186462,-0.03692393749952316,0,0
68,RIGHT_EAR,0.5400524735450745,0.5220299959182739,0.032477352768182755,0,0
68,MOUTH_LEFT,0.5298396348953247,0.5386162400245667,0.02286187931895256,0,0
68,MOUTH_RIGHT,0.5323135852813721,0.5383986234664917,0.04342063516378403,0,0
68,LEFT_SHOULDER,0.5273494124412537,0.5748584866523743,-0.10090050846338272,0,0
68,RIGHT_SHOULDER,0.5675306916236877,0.5730878710746765,0.07213304936885834,0,0
68,LEFT_ELBOW,0.5145099759101868,0.6479614973068237,-0.10496410727500916,0,0
68,RIGHT_ELBOW,0.5735105276107788,0.6401715874671936,0.11637742817401886,0,0
68,LEFT_WRIST,0.4995853006839752,0.6946438550949097,-0.05318419635295868,0,0
68,RIGHT_WRIST,0.561980128288269,0.685246467590332,0.125536248087883,0,0
68,LEFT_PINKY,0.49634939432144165,0.7095040082931519,-0.06076381355524063,0,0
68,RIGHT_PINKY,0.5595470666885376,0.6942796111106873,0.1333112120628357,0,0
68,LEFT_INDEX,0.49673622846603394,0.7077074646949768,-0.05834372714161873,0,0
68,RIGHT_INDEX,0.556649386882782,0.6928849816322327,0.12122535705566406,0,0
68,LEFT_THUMB,0.4989928901195526,0.7027106285095215,-0.05003960430622101,0,0
68,RIGHT_THUMB,0.5575463771820068,0.6884496212005615,0.12032437324523926,0,0
68,LEFT_HIP,0.5374587774276733,0.7234461903572083,-0.06203197315335274,0,0
68,RIGHT_HIP,0.5585892796516418,0.7196999192237854,0.06180334463715553,0,0
68,LEFT_KNEE,0.5459713339805603,0.8249349594116211,-0.033540837466716766,0,0
68,RIGHT_KNEE,0.5467469096183777,0.8101714849472046,0.16645526885986328,0,0
68,LEFT_ANKLE,0.5604878664016724,0.9395412802696228,-0.023167109116911888,0,0
68,RIGHT_ANKLE,0.5500836968421936,0.8863176703453064,0.2655472755432129,0,0
68,LEFT_HEEL,0.5708541870117188,0.9629186391830444,-0.021708635613322258,0,0
68,RIGHT_HEEL,0.5535097718238831,0.8999026417732239,0.27564921975135803,0,0
68,LEFT_FOOT_INDEX,0.533437192440033,0.9652317762374878,-0.056547991931438446,0,0
68,RIGHT_FOOT_INDEX,0.5245350003242493,0.9034073352813721,0.27088165283203125,0,0
69,NOSE,0.5278809666633606,0.531054675579071,0.023071585223078728,0,0
69,LEFT_EYE_INNER,0.5282475352287292,0.5201708078384399,0.005786493420600891,0,0
69,LEFT_EYE,0.5280734896659851,0.5199635028839111,0.0057602995075285435,0,0
69,LEFT_EYE_OUTER,0.527844250202179,0.5197893977165222,0.005747214891016483,0,0
69,RIGHT_EYE_INNER,0.5303306579589844,0.5199851989746094,0.022181391716003418,0,0
69,RIGHT_EYE,0.5315950512886047,0.5195950269699097,0.022197699174284935,0,0
69,RIGHT_EYE_OUTER,0.5328842401504517,0.5191805958747864,0.0221527311950922,0,0
69,LEFT_EAR,0.5308063626289368,0.5248238444328308,-0.049303099513053894,0,0
69,RIGHT_EAR,0.5395219922065735,0.5222991108894348,0.026799695566296577,0,0
69,MOUTH_LEFT,0.5295850038528442,0.5387747287750244,0.00579789886251092,0,0
69,MOUTH_RIGHT,0.5318117141723633,0.538550853729248,0.0269587691873312,0,0
69,LEFT_SHOULDER,0.5293186902999878,0.5750569105148315,-0.11136503517627716,0,0
69,RIGHT_SHOULDER,0.566867470741272,0.5731160640716553,0.06865350157022476,0,0
69,LEFT_ELBOW,0.5155431032180786,0.6489169597625732,-0.10949647426605225,0,0
69,RIGHT_ELBOW,0.5645645260810852,0.6370842456817627,0.10267841070890427,0,0
69,LEFT_WRIST,0.5027322769165039,0.6959118843078613,-0.05422545224428177,0,0
69,RIGHT_WRIST,0.5515857934951782,0.6839597821235657,0.10929082334041595,0,0
69,LEFT_PINKY,0.49989205598831177,0.7106704115867615,-0.06207030266523361,0,0
69,RIGHT_PINKY,0.5491098165512085,0.6937494874000549,0.1154211014509201,0,0
69,LEFT_INDEX,0.5004938244819641,0.7082103490829468,-0.06049460545182228,0,0
69,RIGHT_INDEX,0.5463204979896545,0.6927462816238403,0.10283532738685608,0,0
69,LEFT_THUMB,0.5024938583374023,0.7036498188972473,-0.0514812208712101,0,0
69,RIGHT_THUMB,0.5471058487892151,0.6893853545188904,0.10355297476053238,0,0
69,LEFT_HIP,0.5374356508255005,0.7235154509544373,-0.06197788193821907,0,0
69,RIGHT_HIP,0.5582615733146667,0.7203159332275391,0.0617571584880352,0,0
69,LEFT_KNEE,0.5464996099472046,0.8249975442886353,-0.01658046804368496,0,0
69,RIGHT_KNEE,0.5465306043624878,0.8106158971786499,0.17083092033863068,0,0
69,LEFT_ANKLE,0.5605691075325012,0.9394329190254211,0.008058372884988785,0,0
69,RIGHT_ANKLE,0.5502397418022156,0.8858986496925354,0.2822789251804352,0,0
69,LEFT_HEEL,0.5709171295166016,0.9628786444664001,0.009537288919091225,0,0
69,RIGHT_HEEL,0.5537805557250977,0.899836003780365,0.29354575276374817,0,0
69,LEFT_FOOT_INDEX,0.5334480404853821,0.9651834964752197,-0.029765862971544266,0,0
69,RIGHT_FOOT_INDEX,0.5246742367744446,0.9033445715904236,0.2883196473121643,0,0
70,NOSE,0.5275859832763672,0.5297066569328308,0.028794188052415848,0,0
70,LEFT_EYE_INNER,0.5282174348831177,0.5185753703117371,0.010952262207865715,0,0
70,LEFT_EYE,0.5280716419219971,0.5184735059738159,0.010921151377260685,0,0
70,LEFT_EYE_OUTER,0.5278643369674683,0.5183964967727661,0.010902196168899536,0,0
70,RIGHT_EYE_INNER,0.5302841067314148,0.5183699727058411,0.025478756055235863,0,0
70,RIGHT_EYE,0.5315642356872559,0.5181078910827637,0.02549232728779316,0,0
70,RIGHT_EYE_OUTER,0.5328673124313354,0.5178157091140747,0.025442365556955338,0,0
70,LEFT_EAR,0.5315697193145752,0.5238693356513977,-0.045824550092220306,0,0
70,RIGHT_EAR,0.5395498871803284,0.5218563675880432,0.03140329569578171,0,0
70,MOUTH_LEFT,0.5295161008834839,0.5384271740913391,0.011183669790625572,0,0
70,MOUTH_RIGHT,0.531703770160675,0.5383238196372986,0.029826434329152107,0,0
70,LEFT_SHOULDER,0.5325632095336914,0.5742943286895752,-0.11003479361534119,0,0
70,RIGHT_SHOULDER,0.5646671056747437,0.5730013847351074,0.07665422558784485,0,0
70,LEFT_ELBOW,0.5206287503242493,0.6490063667297363,-0.10939786583185196,0,0
70,RIGHT_ELBOW,0.5599440932273865,0.6373453736305237,0.10873980820178986,0,0
70,LEFT_WRIST,0.5071179866790771,0.6934275031089783,-0.05193701013922691,0,0
70,RIGHT_WRIST,0.5477086901664734,0.6864752769470215,0.1118566244840622,0,0
70,LEFT_PINKY,0.5039355754852295,0.7100986838340759,-0.0605538934469223,0,0
70,RIGHT_PINKY,0.545051634311676,0.6974568367004395,0.11742380261421204,0,0
70,LEFT_INDEX,0.5037354230880737,0.7071499824523926,-0.0589153952896595,0,0
70,RIGHT_INDEX,0.5423893332481384,0.6959561705589294,0.10399781912565231,0,0
70,LEFT_THUMB,0.5055962204933167,0.7014524340629578,-0.04897260665893555,0,0
70,RIGHT_THUMB,0.5432276129722595,0.692142128944397,0.10553722083568573,0,0
70,LEFT_HIP,0.5374679565429688,0.723025918006897,-0.06278504431247711,0,0
70,RIGHT_HIP,0.5574778318405151,0.7203965187072754,0.06258558481931686,0,0
70,LEFT_KNEE,0.5470379590988159,0.8256007432937622,-0.02779107168316841,0,0
70,RIGHT_KNEE,0.5465255975723267,0.8120161890983582,0.17288587987422943,0,0
70,LEFT_ANKLE,0.5605856776237488,0.9394206404685974,-0.014399346895515919,0,0
70,RIGHT_ANKLE,0.5507756471633911,0.8860065937042236,0.2788117527961731,0,0
70,LEFT_HEEL,0.5709257125854492,0.9629551768302917,-0.01365911029279232,0,0
70,RIGHT_HEEL,0.5543569326400757,0.9000018239021301,0.28951123356819153,0,0
70,LEFT_FOOT_INDEX,0.5333718657493591,0.9661723971366882,-0.05260554701089859,0,0
70,RIGHT_FOOT_INDEX,0.5249435901641846,0.9034286737442017,0.2846086919307709,0,0
71,NOSE,0.5276318192481995,0.5294592380523682,0.025092940777540207,0,0
71,LEFT_EYE_INNER,0.5282449722290039,0.5183956623077393,0.007751808501780033,0,0
71,LEFT_EYE,0.5282054543495178,0.5183007121086121,0.007711540441960096,0,0
71,LEFT_EYE_OUTER,0.5281480550765991,0.5182186365127563,0.007699170149862766,0,0
71,RIGHT_EYE_INNER,0.530342698097229,0.5181826949119568,0.02413932792842388,0,0
71,RIGHT_EYE,0.5316247344017029,0.5179301500320435,0.024168027564883232,0,0
71,RIGHT_EYE_OUTER,0.5329247117042542,0.5176444053649902,0.024129590019583702,0,0
71,LEFT_EAR,0.5324751734733582,0.5235773324966431,-0.047424133867025375,0,0
71,RIGHT_EAR,0.5396011471748352,0.5217987895011902,0.029098471626639366,0,0
71,MOUTH_LEFT,0.5295782089233398,0.5384442806243896,0.007770583964884281,0,0
71,MOUTH_RIGHT,0.5317212343215942,0.5383594036102295,0.02877872809767723,0,0
71,LEFT_SHOULDER,0.5345818996429443,0.5741363167762756,-0.11551067978143692,0,0
71,RIGHT_SHOULDER,0.5627140402793884,0.572952389717102,0.07653924077749252,0,0
71,LEFT_ELBOW,0.523311197757721,0.6498892903327942,-0.12191160768270493,0,0
71,RIGHT_ELBOW,0.5585922598838806,0.6375218033790588,0.10887070745229721,0,0
71,LEFT_WRIST,0.5107768177986145,0.6951478123664856,-0.07142581790685654,0,0
71,RIGHT_WRIST,0.5371763110160828,0.678607702255249,0.11907711625099182,0,0
71,LEFT_PINKY,0.5078427791595459,0.7103913426399231,-0.08354338258504868,0,0
71,RIGHT_PINKY,0.5327643156051636,0.6880879998207092,0.12534067034721375,0,0
71,LEFT_INDEX,0.5077735781669617,0.7086677551269531,-0.08154227584600449,0,0
71,RIGHT_INDEX,0.5258354544639587,0.6915103197097778,0.11086561530828476,0,0
71,LEFT_THUMB,0.5096901655197144,0.7027871012687683,-0.06881679594516754,0,0
71,RIGHT_THUMB,0.5309562087059021,0.683510422706604,0.11228502541780472,0,0
71,LEFT_HIP,0.5374958515167236,0.722751259803772,-0.06421873718500137,0,0
71,RIGHT_HIP,0.5570387244224548,0.7206593751907349,0.06405044347047806,0,0
71,LEFT_KNEE,0.5470777153968811,0.8257467150688171,-0.02939404733479023,0,0
71,RIGHT_KNEE,0.5464836955070496,0.8128491640090942,0.18297547101974487,0,0
71,LEFT_ANKLE,0.5606005787849426,0.9390806555747986,-0.016461089253425598,0,0
71,RIGHT_ANKLE,0.5513411164283752,0.8865609169006348,0.2924150824546814,0,0
71,LEFT_HEEL,0.5709127187728882,0.962928831577301,-0.01611238531768322,0,0
71,RIGHT_HEEL,0.5549888014793396,0.9008010029792786,0.3034583628177643,0,0
71,LEFT_FOOT_INDEX,0.5331323146820068,0.9665679931640625,-0.057552773505449295,0,0
71,RIGHT_FOOT_INDEX,0.5251349806785583,0.9034949541091919,0.29922184348106384,0,0
72,NOSE,0.5277031064033508,0.529238224029541,0.016598396003246307,0,0
72,LEFT_EYE_INNER,0.5284539461135864,0.5181317329406738,0.00011482661648187786,0,0
72,LEFT_EYE,0.5285533666610718,0.5180413126945496,7.603871199535206e-05,0,0
72,LEFT_EYE_OUTER,0.528643012046814,0.5179563164710999,7.152685429900885e-05,0,0
72,RIGHT_EYE_INNER,0.5303986668586731,0.5178744792938232,0.017408745363354683,0,0
72,RIGHT_EYE,0.5316927433013916,0.5176026225090027,0.017443764954805374,0,0
72,RIGHT_EYE_OUTER,0.5329846143722534,0.5172953009605408,0.017405271530151367,0,0
72,LEFT_EAR,0.5333071351051331,0.5232626795768738,-0.05222677066922188,0,0
72,RIGHT_EAR,0.5396013855934143,0.5216025710105896,0.027632515877485275,0,0
72,MOUTH_LEFT,0.5296761393547058,0.5384843945503235,-2.7251309802522883e-05,0,0
72,MOUTH_RIGHT,0.5317284464836121,0.5383992791175842,0.02213195525109768,0,0
72,LEFT_SHOULDER,0.537240743637085,0.5739930868148804,-0.12288470566272736,0,0
72,RIGHT_SHOULDER,0.5600811839103699,0.572645902633667,0.07696543633937836,0,0
72,LEFT_ELBOW,0.5278207659721375,0.6499194502830505,-0.14031864702701569,0,0
72,RIGHT_ELBOW,0.5569440722465515,0.6371011137962341,0.11457271873950958,0,0
72,LEFT_WRIST,0.5110989212989807,0.695364236831665,-0.10600044578313828,0,0
72,RIGHT_WRIST,0.5353923439979553,0.6796081066131592,0.12320245057344437,0,0
72,LEFT_PINKY,0.5063009858131409,0.7106414437294006,-0.12022567540407181,0,0
72,RIGHT_PINKY,0.5309098362922668,0.6900660395622253,0.1296236664056778,0,0
72,LEFT_INDEX,0.5058825612068176,0.709025502204895,-0.11803025752305984,0,0
72,RIGHT_INDEX,0.5224528908729553,0.6928215026855469,0.11507461965084076,0,0
72,LEFT_THUMB,0.5080427527427673,0.7032914161682129,-0.10341677814722061,0,0
72,RIGHT_THUMB,0.5237017273902893,0.6901128888130188,0.11638125777244568,0,0
72,LEFT_HIP,0.5386843085289001,0.721437394618988,-0.06541755050420761,0,0
72,RIGHT_HIP,0.5563545227050781,0.7204821109771729,0.06527029722929001,0,0
72,LEFT_KNEE,0.5482110381126404,0.8255027532577515,-0.03078773058950901,0,0
72,RIGHT_KNEE,0.5468997955322266,0.8129132986068726,0.18414726853370667,0,0
72,LEFT_ANKLE,0.5605477094650269,0.9389830827713013,-0.018443448469042778,0,0
72,RIGHT_ANKLE,0.5517264604568481,0.8878176808357239,0.2931097745895386,0,0
72,LEFT_HEEL,0.5706941485404968,0.9628894925117493,-0.01844516023993492,0,0
72,RIGHT_HEEL,0.5553215742111206,0.902151882648468,0.3038841784000397,0,0
72,LEFT_FOOT_INDEX,0.5327553153038025,0.9670946002006531,-0.06020331382751465,0,0
72,RIGHT_FOOT_INDEX,0.5254207849502563,0.9035934805870056,0.29815253615379333,0,0
73,NOSE,0.5274332761764526,0.5290611982345581,0.015444937162101269,0,0
73,LEFT_EYE_INNER,0.528461754322052,0.5180495977401733,-0.0002462603442836553,0,0
73,LEFT_EYE,0.5286086201667786,0.5179846286773682,-0.0002756729372777045,0,0
73,LEFT_EYE_OUTER,0.5288028120994568,0.5179100036621094,-0.00027851026970893145,0,0
73,RIGHT_EYE_INNER,0.5301873683929443,0.5176543593406677,0.016517579555511475,0,0
73,RIGHT_EYE,0.5313628911972046,0.5173155665397644,0.01654135435819626,0,0
73,RIGHT_EYE_OUTER,0.5325478911399841,0.5169293880462646,0.016498202458024025,0,0
73,LEFT_EAR,0.5339437127113342,0.5231439471244812,-0.05197406932711601,0,0
73,RIGHT_EAR,0.5392079949378967,0.5212842226028442,0.024831514805555344,0,0
73,MOUTH_LEFT,0.5296746492385864,0.538486897945404,-0.0011845441767945886,0,0
73,MOUTH_RIGHT,0.5314444303512573,0.5383440256118774,0.020166605710983276,0,0
73,LEFT_SHOULDER,0.5388540625572205,0.574508786201477,-0.12104526907205582,0,0
73,RIGHT_SHOULDER,0.5582991242408752,0.5725332498550415,0.0743781179189682,0,0
73,LEFT_ELBOW,0.52826988697052,0.653843104839325,-0.1446593552827835,0,0
73,RIGHT_ELBOW,0.5601415634155273,0.6388197541236877,0.1266305148601532,0,0
73,LEFT_WRIST,0.5078994035720825,0.7063198089599609,-0.12074396014213562,0,0
73,RIGHT_WRIST,0.5440634489059448,0.684638261795044,0.1527550369501114,0,0
73,LEFT_PINKY,0.49577081203460693,0.7220515012741089,-0.13446496427059174,0,0
73,RIGHT_PINKY,0.5413416624069214,0.6959465146064758,0.16288597881793976,0,0
73,LEFT_INDEX,0.4946022033691406,0.7185942530632019,-0.13188032805919647,0,0
73,RIGHT_INDEX,0.5375825762748718,0.6957029700279236,0.14851287007331848,0,0
73,LEFT_THUMB,0.498600035905838,0.713315486907959,-0.11788680404424667,0,0
73,RIGHT_THUMB,0.5386298894882202,0.6920406222343445,0.14684657752513885,0,0
73,LEFT_HIP,0.5397605895996094,0.7151525020599365,-0.06508596241474152,0,0
73,RIGHT_HIP,0.5563722252845764,0.7152954936027527,0.06496352702379227,0,0
73,LEFT_KNEE,0.5488981604576111,0.8227306604385376,-0.036333952099084854,0,0
73,RIGHT_KNEE,0.547928512096405,0.8123483061790466,0.1597508043050766,0,0
73,LEFT_ANKLE,0.560553252696991,0.9390668869018555,-0.02571006864309311,0,0
73,RIGHT_ANKLE,0.5522890686988831,0.8893221616744995,0.2535969018936157,0,0
73,LEFT_HEEL,0.570575475692749,0.9631280899047852,-0.026403462514281273,0,0
73,RIGHT_HEEL,0.5559816360473633,0.9036480784416199,0.2624647319316864,0,0
73,LEFT_FOOT_INDEX,0.5323361754417419,0.9664900898933411,-0.07395076006650925,0,0
73,RIGHT_FOOT_INDEX,0.5258594751358032,0.9036416411399841,0.250768780708313,0,0
74,NOSE,0.5260483622550964,0.5283516645431519,-0.027304094284772873,0,0
74,LEFT_EYE_INNER,0.528209388256073,0.5177261829376221,-0.04206577688455582,0,0
74,LEFT_EYE,0.5285860896110535,0.5177286267280579,-0.042080845683813095,0,0
74,LEFT_EYE_OUTER,0.5288490653038025,0.5176711082458496,-0.04207850247621536,0,0
74,RIGHT_EYE_INNER,0.5289357900619507,0.5171443223953247,-0.021903185173869133,0,0
74,RIGHT_EYE,0.5298466086387634,0.5167837738990784,-0.02188117615878582,0,0
74,RIGHT_EYE_OUTER,0.530835747718811,0.5163605213165283,-0.021910041570663452,0,0
74,LEFT_EAR,0.5346505045890808,0.522842526435852,-0.08239398896694183,0,0
74,RIGHT_EAR,0.5377527475357056,0.5209378004074097,0.0076151276007294655,0,0
74,MOUTH_LEFT,0.5294269323348999,0.538244903087616,-0.039593569934368134,0,0
74,MOUTH_RIGHT,0.530271053314209,0.5380128622055054,-0.013710838742554188,0,0
74,LEFT_SHOULDER,0.5426734089851379,0.5738430023193359,-0.14272156357765198,0,0
74,RIGHT_SHOULDER,0.5539370775222778,0.5715007781982422,0.07308678328990936,0,0
74,LEFT_ELBOW,0.5315539240837097,0.6534392237663269,-0.1610814481973648,0,0
74,RIGHT_ELBOW,0.5479835867881775,0.6412619948387146,0.10528543591499329,0,0
74,LEFT_WRIST,0.5074260830879211,0.7034904956817627,-0.1283787190914154,0,0
74,RIGHT_WRIST,0.5206805467605591,0.6924331188201904,0.07171714305877686,0,0
74,LEFT_PINKY,0.49598458409309387,0.7159956097602844,-0.14411106705665588,0,0
74,RIGHT_PINKY,0.5152960419654846,0.7048355340957642,0.0729810893535614,0,0
74,LEFT_INDEX,0.4941330552101135,0.7141259908676147,-0.14220497012138367,0,0
74,RIGHT_INDEX,0.5126991868019104,0.7045942544937134,0.05502425506711006,0,0
74,LEFT_THUMB,0.49823665618896484,0.7102693915367126,-0.12544068694114685,0,0
74,RIGHT_THUMB,0.5150754451751709,0.7008401155471802,0.06268109381198883,0,0
74,LEFT_HIP,0.5434409976005554,0.7103362083435059,-0.06588545441627502,0,0
74,RIGHT_HIP,0.5542929768562317,0.7109131813049316,0.06578970700502396,0,0
74,LEFT_KNEE,0.5516525506973267,0.8213114738464355,-0.05445410683751106,0,0
74,RIGHT_KNEE,0.5481136441230774,0.8110560178756714,0.16269974410533905,0,0
74,LEFT_ANKLE,0.560809850692749,0.9393965601921082,-0.058421846479177475,0,0
74,RIGHT_ANKLE,0.5529664158821106,0.8893483281135559,0.25727707147598267,0,0
74,LEFT_HEEL,0.57057785987854,0.9631937742233276,-0.06137273833155632,0,0
74,RIGHT_HEEL,0.5570313930511475,0.9037343263626099,0.2659441828727722,0,0
74,LEFT_FOOT_INDEX,0.532277524471283,0.9663839936256409,-0.11520086973905563,0,0
74,RIGHT_FOOT_INDEX,0.5261755585670471,0.9035313725471497,0.2569063603878021,0,0
75,NOSE,0.525192141532898,0.5279525518417358,-0.05155475065112114,0,0
75,LEFT_EYE_INNER,0.5280658602714539,0.5175879001617432,-0.06461671739816666,0,0
75,LEFT_EYE,0.5285831093788147,0.5176104307174683,-0.06463982164859772,0,0
75,LEFT_EYE_OUTER,0.5289390683174133,0.5175509452819824,-0.06464315205812454,0,0
75,RIGHT_EYE_INNER,0.5282638669013977,0.5169943571090698,-0.04377058520913124,0,0
75,RIGHT_EYE,0.5290476083755493,0.5166422128677368,-0.04375177249312401,0,0
75,RIGHT_EYE_OUTER,0.5299113392829895,0.5162031650543213,-0.04377302899956703,0,0
75,LEFT_EAR,0.5352756381034851,0.5227874517440796,-0.09574032574892044,0,0
75,RIGHT_EAR,0.5367815494537354,0.5209570527076721,-0.002262531314045191,0,0
75,MOUTH_LEFT,0.5291575789451599,0.538250207901001,-0.06066536530852318,0,0
75,MOUTH_RIGHT,0.5292960405349731,0.5379382371902466,-0.03365236520767212,0,0
75,LEFT_SHOULDER,0.5474840402603149,0.5733925104141235,-0.14652767777442932,0,0
75,RIGHT_SHOULDER,0.5481963753700256,0.5715554356575012,0.07088904082775116,0,0
75,LEFT_ELBOW,0.5395376682281494,0.652651846408844,-0.16922761499881744,0,0
75,RIGHT_ELBOW,0.5343917012214661,0.6500074863433838,0.10074792802333832,0,0
75,LEFT_WRIST,0.5085715651512146,0.6856945753097534,-0.15820549428462982,0,0
75,RIGHT_WRIST,0.5012273192405701,0.6921892166137695,0.05566488206386566,0,0
75,LEFT_PINKY,0.4980705678462982,0.700900673866272,-0.17781879007816315,0,0
75,RIGHT_PINKY,0.4902479350566864,0.708298921585083,0.0535733588039875,0,0
75,LEFT_INDEX,0.4943552017211914,0.6975255608558655,-0.17716236412525177,0,0
75,RIGHT_INDEX,0.4883792996406555,0.7081093788146973,0.0331374928355217,0,0
75,LEFT_THUMB,0.49888622760772705,0.6931391954421997,-0.1562526524066925,0,0
75,RIGHT_THUMB,0.493256539106369,0.6999608278274536,0.04506444185972214,0,0
75,LEFT_HIP,0.5473213791847229,0.7098426818847656,-0.06585125625133514,0,0
75,RIGHT_HIP,0.547176718711853,0.7091025114059448,0.06577280908823013,0,0
75,LEFT_KNEE,0.5539284944534302,0.821163535118103,-0.05766508728265762,0,0
75,RIGHT_KNEE,0.548071026802063,0.8100906014442444,0.16421879827976227,0,0
75,LEFT_ANKLE,0.5613487958908081,0.9400754570960999,-0.05535179004073143,0,0
75,RIGHT_ANKLE,0.5531843900680542,0.8889496922492981,0.26206210255622864,0,0
75,LEFT_HEEL,0.5707074999809265,0.9629455804824829,-0.057853374630212784,0,0
75,RIGHT_HEEL,0.5578587055206299,0.9036153554916382,0.27169176936149597,0,0
75,LEFT_FOOT_INDEX,0.5322785973548889,0.9664692282676697,-0.11735954135656357,0,0
75,RIGHT_FOOT_INDEX,0.526512086391449,0.9032420516014099,0.26145678758621216,0,0
76,NOSE,0.524674117565155,0.5279458165168762,-0.05912711098790169,0,0
76,LEFT_EYE_INNER,0.5279319882392883,0.5176467299461365,-0.07282402366399765,0,0
76,LEFT_EYE,0.528581976890564,0.5176646709442139,-0.07283780723810196,0,0
76,LEFT_EYE_OUTER,0.5290433764457703,0.5175979137420654,-0.07283706963062286,0,0
76,RIGHT_EYE_INNER,0.527649462223053,0.5170580744743347,-0.050904929637908936,0,0
76,RIGHT_EYE,0.528316855430603,0.5167018175125122,-0.05088980868458748,0,0
76,RIGHT_EYE_OUTER,0.5290752649307251,0.5162532925605774,-0.05090141296386719,0,0
76,LEFT_EAR,0.5357801914215088,0.5227705836296082,-0.10504147410392761,0,0
76,RIGHT_EAR,0.5359978079795837,0.5210084319114685,-0.006519277114421129,0,0
76,MOUTH_LEFT,0.5290346741676331,0.5382684469223022,-0.06878824532032013,0,0
76,MOUTH_RIGHT,0.5286697149276733,0.5379351377487183,-0.04025787115097046,0,0
76,LEFT_SHOULDER,0.5511719584465027,0.573460042476654,-0.1523856669664383,0,0
76,RIGHT_SHOULDER,0.5429811477661133,0.571966826915741,0.06780148297548294,0,0
76,LEFT_ELBOW,0.5447494983673096,0.6518919467926025,-0.1738758683204651,0,0
76,RIGHT_ELBOW,0.5264450907707214,0.6478357315063477,0.10317227244377136,0,0
76,LEFT_WRIST,0.5101837515830994,0.677337110042572,-0.16372165083885193,0,0
76,RIGHT_WRIST,0.4950885772705078,0.6843369603157043,0.05703974887728691,0,0
76,LEFT_PINKY,0.5010165572166443,0.691650927066803,-0.1829969882965088,0,0
76,RIGHT_PINKY,0.48192691802978516,0.6974154114723206,0.053988147526979446,0,0
76,LEFT_INDEX,0.49681010842323303,0.6870149970054626,-0.18355442583560944,0,0
76,RIGHT_INDEX,0.48039236664772034,0.6963168978691101,0.0337492898106575,0,0
76,LEFT_THUMB,0.5007084012031555,0.6824292540550232,-0.16200679540634155,0,0
76,RIGHT_THUMB,0.484280526638031,0.691060483455658,0.04618323594331741,0,0
76,LEFT_HIP,0.5504449009895325,0.710297167301178,-0.06612059473991394,0,0
76,RIGHT_HIP,0.5434695482254028,0.7085099220275879,0.06607729196548462,0,0
76,LEFT_KNEE,0.5561975240707397,0.8212863802909851,-0.06552554666996002,0,0
76,RIGHT_KNEE,0.5480045676231384,0.8101046085357666,0.16990815103054047,0,0
76,LEFT_ANKLE,0.5619881749153137,0.9413830041885376,-0.0659666657447815,0,0
76,RIGHT_ANKLE,0.553081214427948,0.8892418146133423,0.27604755759239197,0,0
76,LEFT_HEEL,0.5708445906639099,0.9630167484283447,-0.06889630854129791,0,0
76,RIGHT_HEEL,0.5578654408454895,0.9034451246261597,0.2852349281311035,0,0
76,LEFT_FOOT_INDEX,0.532547652721405,0.9665783047676086,-0.13297738134860992,0,0
76,RIGHT_FOOT_INDEX,0.5265357494354248,0.9032949805259705,0.2693977355957031,0,0
77,NOSE,0.5245113968849182,0.528093159198761,-0.05660398676991463,0,0
77,LEFT_EYE_INNER,0.5278424024581909,0.5178389549255371,-0.06989984959363937,0,0
77,LEFT_EYE,0.5285760164260864,0.5177809596061707,-0.06991621851921082,0,0
77,LEFT_EYE_OUTER,0.5290786623954773,0.5176437497138977,-0.06991630047559738,0,0
77,RIGHT_EYE_INNER,0.5274346470832825,0.517336905002594,-0.04814460501074791,0,0
77,RIGHT_EYE,0.5280943512916565,0.5169689655303955,-0.04812770336866379,0,0
77,RIGHT_EYE_OUTER,0.528840959072113,0.5165003538131714,-0.04813665896654129,0,0
77,LEFT_EAR,0.5359414219856262,0.5227692127227783,-0.10135193914175034,0,0
77,RIGHT_EAR,0.5357545018196106,0.5210598707199097,-0.003836988704279065,0,0
77,MOUTH_LEFT,0.5289632678031921,0.5382852554321289,-0.06611818820238113,0,0
77,MOUTH_RIGHT,0.52848219871521,0.5379455089569092,-0.03781221807003021,0,0
77,LEFT_SHOULDER,0.5533511638641357,0.5737013220787048,-0.14793433248996735,0,0
77,RIGHT_SHOULDER,0.5411292910575867,0.5732837915420532,0.06780657917261124,0,0
77,LEFT_ELBOW,0.5482898950576782,0.6515466570854187,-0.17610760033130646,0,0
77,RIGHT_ELBOW,0.5190716981887817,0.6458361744880676,0.10526641458272934,0,0
77,LEFT_WRIST,0.5111454129219055,0.6723513007164001,-0.1783442497253418,0,0
77,RIGHT_WRIST,0.47914648056030273,0.6829243302345276,0.058384716510772705,0,0
77,LEFT_PINKY,0.5025951266288757,0.685424268245697,-0.19884388148784637,0,0
77,RIGHT_PINKY,0.4674912393093109,0.6942402720451355,0.055230073630809784,0,0
77,LEFT_INDEX,0.498653769493103,0.6805788278579712,-0.19807396829128265,0,0
77,RIGHT_INDEX,0.4669700860977173,0.6937113404273987,0.03494419902563095,0,0
77,LEFT_THUMB,0.5017995238304138,0.6759091019630432,-0.17641091346740723,0,0
77,RIGHT_THUMB,0.4705580472946167,0.6876965761184692,0.04730009660124779,0,0
77,LEFT_HIP,0.5513395667076111,0.7108753323554993,-0.06610336154699326,0,0
77,RIGHT_HIP,0.5419837236404419,0.7083185911178589,0.06603848934173584,0,0
77,LEFT_KNEE,0.5571910738945007,0.8214551210403442,-0.06114679202437401,0,0
77,RIGHT_KNEE,0.5479372143745422,0.8100410103797913,0.17093685269355774,0,0
77,LEFT_ANKLE,0.5622411966323853,0.9418148398399353,-0.05552907660603523,0,0
77,RIGHT_ANKLE,0.5530025959014893,0.8892995715141296,0.2784576714038849,0,0
77,LEFT_HEEL,0.5708449482917786,0.9630144834518433,-0.057483971118927,0,0
77,RIGHT_HEEL,0.5578398108482361,0.9027877449989319,0.2877054512500763,0,0
77,LEFT_FOOT_INDEX,0.5329379439353943,0.9665685296058655,-0.11921007186174393,0,0
77,RIGHT_FOOT_INDEX,0.5261231660842896,0.9035508036613464,0.2711023688316345,0,0
78,NOSE,0.5243090391159058,0.5281519889831543,-0.04140780493617058,0,0
78,LEFT_EYE_INNER,0.527752161026001,0.517985999584198,-0.05460099130868912,0,0
78,LEFT_EYE,0.528556764125824,0.5178819298744202,-0.05462409555912018,0,0
78,LEFT_EYE_OUTER,0.5290839672088623,0.5177018046379089,-0.05462588742375374,0,0
78,RIGHT_EYE_INNER,0.5272790789604187,0.5175264477729797,-0.03334661200642586,0,0
78,RIGHT_EYE,0.5279284119606018,0.517153799533844,-0.03332676365971565,0,0
78,RIGHT_EYE_OUTER,0.5286564230918884,0.5166857242584229,-0.033339258283376694,0,0
78,LEFT_EAR,0.5359276533126831,0.5228020548820496,-0.08794741332530975,0,0
78,RIGHT_EAR,0.5355207324028015,0.5213080644607544,0.004071048926562071,0,0
78,MOUTH_LEFT,0.5288113355636597,0.5383132696151733,-0.05130157247185707,0,0
78,MOUTH_RIGHT,0.5281839966773987,0.5379759669303894,-0.023697281256318092,0,0
78,LEFT_SHOULDER,0.5543543100357056,0.5739051103591919,-0.14173215627670288,0,0
78,RIGHT_SHOULDER,0.5402844548225403,0.5748740434646606,0.07771771401166916,0,0
78,LEFT_ELBOW,0.5505356192588806,0.651093065738678,-0.1721421182155609,0,0
78,RIGHT_ELBOW,0.5175957083702087,0.6446906328201294,0.11648210883140564,0,0
78,LEFT_WRIST,0.5116955637931824,0.6702632904052734,-0.18531116843223572,0,0
78,RIGHT_WRIST,0.48059362173080444,0.6701201796531677,0.0725943073630333,0,0
78,LEFT_PINKY,0.5031198263168335,0.6816105246543884,-0.2064044326543808,0,0
78,RIGHT_PINKY,0.4690685272216797,0.6793408393859863,0.06989328563213348,0,0
78,LEFT_INDEX,0.49973365664482117,0.675919771194458,-0.2052278369665146,0,0
78,RIGHT_INDEX,0.46876388788223267,0.6763182282447815,0.05024705082178116,0,0
78,LEFT_THUMB,0.5027140974998474,0.6715018153190613,-0.1834413707256317,0,0
78,RIGHT_THUMB,0.4730026125907898,0.6733630299568176,0.06188219413161278,0,0
78,LEFT_HIP,0.5524522662162781,0.7114641070365906,-0.06604074686765671,0,0
78,RIGHT_HIP,0.5420320630073547,0.7089455127716064,0.06596070528030396,0,0
78,LEFT_KNEE,0.5577074885368347,0.8216036558151245,-0.061062172055244446,0,0
78,RIGHT_KNEE,0.5478492975234985,0.8097801208496094,0.16656486690044403,0,0
78,LEFT_ANKLE,0.5624977350234985,0.9421842694282532,-0.054158467799425125,0,0
78,RIGHT_ANKLE,0.5529902577400208,0.8893336653709412,0.26749908924102783,0,0
78,LEFT_HEEL,0.5708743333816528,0.9630448222160339,-0.056000277400016785,0,0
78,RIGHT_HEEL,0.5577622056007385,0.9023653268814087,0.2759990394115448,0,0
78,LEFT_FOOT_INDEX,0.5332585573196411,0.966568112373352,-0.1167919710278511,0,0
78,RIGHT_FOOT_INDEX,0.5253723859786987,0.9037241339683533,0.2604651153087616,0,0
79,NOSE,0.5243375301361084,0.5282620191574097,-0.0365251824259758,0,0
79,LEFT_EYE_INNER,0.5277385115623474,0.5182876586914062,-0.04951115697622299,0,0
79,LEFT_EYE,0.5285565853118896,0.5181630253791809,-0.04953422024846077,0,0
79,LEFT_EYE_OUTER,0.529142439365387,0.5179550051689148,-0.04953278228640556,0,0
79,RIGHT_EYE_INNER,0.5272483229637146,0.5178611278533936,-0.028381986543536186,0,0
79,RIGHT_EYE,0.5278841257095337,0.5175024271011353,-0.028362801298499107,0,0
79,RIGHT_EYE_OUTER,0.5286024808883667,0.5170551538467407,-0.02837647870182991,0,0
79,LEFT_EAR,0.5360683798789978,0.5229729413986206,-0.08292927592992783,0,0
79,RIGHT_EAR,0.5355151295661926,0.5219255685806274,0.01246441900730133,0,0
79,MOUTH_LEFT,0.5288133025169373,0.5385247468948364,-0.046088237315416336,0,0
79,MOUTH_RIGHT,0.5282477736473083,0.5381923913955688,-0.018686868250370026,0,0
79,LEFT_SHOULDER,0.5550341010093689,0.5746540427207947,-0.13309727609157562,0,0
79,RIGHT_SHOULDER,0.5398570895195007,0.5756725072860718,0.08070293068885803,0,0
79,LEFT_ELBOW,0.5512434244155884,0.6509714722633362,-0.16465653479099274,0,0
79,RIGHT_ELBOW,0.5179237127304077,0.6379978656768799,0.12020459026098251,0,0
79,LEFT_WRIST,0.5121041536331177,0.6684467196464539,-0.1734311580657959,0,0
79,RIGHT_WRIST,0.4840674102306366,0.6591439247131348,0.0748908743262291,0,0
79,LEFT_PINKY,0.5032899379730225,0.6777452230453491,-0.19360366463661194,0,0
79,RIGHT_PINKY,0.47289419174194336,0.6647691130638123,0.07107185572385788,0,0
79,LEFT_INDEX,0.500221312046051,0.6708452701568604,-0.19321002066135406,0,0
79,RIGHT_INDEX,0.47229817509651184,0.6621236205101013,0.05158776417374611,0,0
79,LEFT_THUMB,0.5031332969665527,0.6670840978622437,-0.17175844311714172,0,0
79,RIGHT_THUMB,0.4760070741176605,0.6610412001609802,0.06409572809934616,0,0
79,LEFT_HIP,0.5529630184173584,0.7123275995254517,-0.06573988497257233,0,0
79,RIGHT_HIP,0.5418913960456848,0.7092822790145874,0.06568734347820282,0,0
79,LEFT_KNEE,0.5580862760543823,0.8221356868743896,-0.06179651990532875,0,0
79,RIGHT_KNEE,0.5478199124336243,0.8097851276397705,0.15876589715480804,0,0
79,LEFT_ANKLE,0.5627686381340027,0.9423591494560242,-0.05466127023100853,0,0
79,RIGHT_ANKLE,0.5529447197914124,0.8894175291061401,0.25332051515579224,0,0
79,LEFT_HEEL,0.5709155797958374,0.9630960822105408,-0.056512489914894104,0,0
79,RIGHT_HEEL,0.5576947331428528,0.9022743701934814,0.261239618062973,0,0
79,LEFT_FOOT_INDEX,0.533831000328064,0.966575562953949,-0.11711610108613968,0,0
79,RIGHT_FOOT_INDEX,0.525020956993103,0.9040567874908447,0.24591508507728577,0,0
80,NOSE,0.5243306756019592,0.528417706489563,-0.037957776337862015,0,0
80,LEFT_EYE_INNER,0.5277328491210938,0.5187110900878906,-0.050790004432201385,0,0
80,LEFT_EYE,0.5285595059394836,0.5185739994049072,-0.050811152905225754,0,0
80,LEFT_EYE_OUTER,0.5291996598243713,0.5183473825454712,-0.0508088618516922,0,0
80,RIGHT_EYE_INNER,0.5272124409675598,0.518272340297699,-0.029492517933249474,0,0
80,RIGHT_EYE,0.527822732925415,0.517896294593811,-0.02947499044239521,0,0
80,RIGHT_EYE_OUTER,0.5285161137580872,0.5174353718757629,-0.029486406594514847,0,0
80,LEFT_EAR,0.53616863489151,0.5232158899307251,-0.08175669610500336,0,0
80,RIGHT_EAR,0.5354432463645935,0.5223991274833679,0.013420811854302883,0,0
80,MOUTH_LEFT,0.5288135409355164,0.5387461185455322,-0.046997759491205215,0,0
80,MOUTH_RIGHT,0.5282179713249207,0.5383362174034119,-0.019395342096686363,0,0
80,LEFT_SHOULDER,0.5553911328315735,0.5749420523643494,-0.1294378787279129,0,0
80,RIGHT_SHOULDER,0.5388435125350952,0.5761386156082153,0.07962784171104431,0,0
80,LEFT_ELBOW,0.5536998510360718,0.650639533996582,-0.16091711819171906,0,0
80,RIGHT_ELBOW,0.5197669267654419,0.6337953209877014,0.11923326551914215,0,0
80,LEFT_WRIST,0.5127878189086914,0.6654854416847229,-0.15642324090003967,0,0
80,RIGHT_WRIST,0.48966601490974426,0.6527250409126282,0.07087741792201996,0,0
80,LEFT_PINKY,0.5036426186561584,0.6744542717933655,-0.17399291694164276,0,0
80,RIGHT_PINKY,0.47789642214775085,0.6567516326904297,0.06637245416641235,0,0
80,LEFT_INDEX,0.5009219646453857,0.6672349572181702,-0.1733042150735855,0,0
80,RIGHT_INDEX,0.4769009053707123,0.6532185077667236,0.048047758638858795,0,0
80,LEFT_THUMB,0.5036812424659729,0.6633270382881165,-0.15447823703289032,0,0
80,RIGHT_THUMB,0.48120206594467163,0.6529287099838257,0.06042896956205368,0,0
80,LEFT_HIP,0.5532248616218567,0.7128462195396423,-0.06497852504253387,0,0
80,RIGHT_HIP,0.5414324402809143,0.7095188498497009,0.0649547427892685,0,0
80,LEFT_KNEE,0.5581597089767456,0.8223400712013245,-0.06305452436208725,0,0
80,RIGHT_KNEE,0.5477746725082397,0.8098139762878418,0.1541863977909088,0,0
80,LEFT_ANKLE,0.5629444718360901,0.9424051642417908,-0.057490862905979156,0,0
80,RIGHT_ANKLE,0.5528894066810608,0.8895803689956665,0.2487470507621765,0,0
80,LEFT_HEEL,0.5709514617919922,0.9630987048149109,-0.05957653000950813,0,0
80,RIGHT_HEEL,0.557667076587677,0.9022811055183411,0.2565372884273529,0,0
80,LEFT_FOOT_INDEX,0.5342271327972412,0.9665631055831909,-0.1206427663564682,0,0
80,RIGHT_FOOT_INDEX,0.5248706340789795,0.9043015241622925,0.24021023511886597,0,0
81,NOSE,0.5243273377418518,0.528486967086792,-0.042136050760746,0,0
81,LEFT_EYE_INNER,0.5277190208435059,0.5188825130462646,-0.055092401802539825,0,0
81,LEFT_EYE,0.5285585522651672,0.5187609791755676,-0.05511048808693886,0,0
81,LEFT_EYE_OUTER,0.5292226076126099,0.518544614315033,-0.05510788410902023,0,0
81,RIGHT_EYE_INNER,0.5271798968315125,0.5183885097503662,-0.03378553315997124,0,0
81,RIGHT_EYE,0.5277838706970215,0.5179955959320068,-0.03377172723412514,0,0
81,RIGHT_EYE_OUTER,0.5284758806228638,0.5175228714942932,-0.03378112614154816,0,0
81,LEFT_EAR,0.5362340807914734,0.5233687162399292,-0.08454436808824539,0,0
81,RIGHT_EAR,0.5354449152946472,0.5225993990898132,0.011671725660562515,0,0
81,MOUTH_LEFT,0.5288149118423462,0.5389641523361206,-0.05083166062831879,0,0
81,MOUTH_RIGHT,0.5282288193702698,0.5384711623191833,-0.02326979674398899,0,0
81,LEFT_SHOULDER,0.5559629797935486,0.5755721926689148,-0.12932081520557404,0,0
81,RIGHT_SHOULDER,0.5385165810585022,0.5763007402420044,0.07828636467456818,0,0
81,LEFT_ELBOW,0.555232048034668,0.6502653360366821,-0.15997004508972168,0,0
81,RIGHT_ELBOW,0.5222397446632385,0.6308021545410156,0.11931321769952774,0,0
81,LEFT_WRIST,0.514098584651947,0.6634770631790161,-0.15105880796909332,0,0
81,RIGHT_WRIST,0.4943180978298187,0.6482520699501038,0.0760297104716301,0,0
81,LEFT_PINKY,0.5044615268707275,0.672907292842865,-0.1681886613368988,0,0
81,RIGHT_PINKY,0.4839773178100586,0.6521803140640259,0.0728931799530983,0,0
81,LEFT_INDEX,0.5019826292991638,0.6645259857177734,-0.1677548736333847,0,0
81,RIGHT_INDEX,0.482888400554657,0.6477789878845215,0.05538613721728325,0,0
81,LEFT_THUMB,0.5047789812088013,0.6604295372962952,-0.14897729456424713,0,0
81,RIGHT_THUMB,0.4869673550128937,0.6477153897285461,0.06622268259525299,0,0
81,LEFT_HIP,0.5532646775245667,0.7140769362449646,-0.06444931775331497,0,0
81,RIGHT_HIP,0.541141152381897,0.7099555730819702,0.06443961709737778,0,0
81,LEFT_KNEE,0.5581852793693542,0.8231021761894226,-0.06075216829776764,0,0
81,RIGHT_KNEE,0.5477429628372192,0.8100768327713013,0.15332338213920593,0,0
81,LEFT_ANKLE,0.563052237033844,0.942521333694458,-0.05318127200007439,0,0
81,RIGHT_ANKLE,0.5528489351272583,0.8896323442459106,0.2499130368232727,0,0
81,LEFT_HEEL,0.5709527134895325,0.9631121754646301,-0.05488578975200653,0,0
81,RIGHT_HEEL,0.5576366782188416,0.9022934436798096,0.2579030990600586,0,0
81,LEFT_FOOT_INDEX,0.5346332788467407,0.9665389657020569,-0.11701247096061707,0,0
81,RIGHT_FOOT_INDEX,0.5248014330863953,0.9044060111045837,0.2413911074399948,0,0
82,NOSE,0.5242374539375305,0.5285081267356873,-0.04724639281630516,0,0
82,LEFT_EYE_INNER,0.5276082158088684,0.518982470035553,-0.059709928929805756,0,0
82,LEFT_EYE,0.5284993052482605,0.5188455581665039,-0.05973311513662338,0,0
82,LEFT_EYE_OUTER,0.5292112827301025,0.5186129808425903,-0.05973351001739502,0,0
82,RIGHT_EYE_INNER,0.5270563960075378,0.5184857249259949,-0.038786306977272034,0,0
82,RIGHT_EYE,0.5276733040809631,0.5180807113647461,-0.03877188265323639,0,0
82,RIGHT_EYE_OUTER,0.5283829569816589,0.5176025629043579,-0.03877644240856171,0,0
82,LEFT_EAR,0.5362173318862915,0.5233765840530396,-0.08641143888235092,0,0
82,RIGHT_EAR,0.5354118347167969,0.5227037072181702,0.008296707645058632,0,0
82,MOUTH_LEFT,0.5287915468215942,0.539021909236908,-0.05487925931811333,0,0
82,MOUTH_RIGHT,0.5282066464424133,0.5385585427284241,-0.027767878025770187,0,0
82,LEFT_SHOULDER,0.5561333894729614,0.5755736231803894,-0.12926194071769714,0,0
82,RIGHT_SHOULDER,0.5374100804328918,0.5769637823104858,0.07636892795562744,0,0
82,LEFT_ELBOW,0.5562426447868347,0.6496769785881042,-0.15834088623523712,0,0
82,RIGHT_ELBOW,0.5218970775604248,0.6314768195152283,0.11021843552589417,0,0
82,LEFT_WRIST,0.514914870262146,0.6628748178482056,-0.15472204983234406,0,0
82,RIGHT_WRIST,0.49500077962875366,0.6486590504646301,0.05137170851230621,0,0
82,LEFT_PINKY,0.5051470398902893,0.6711978316307068,-0.1727181375026703,0,0
82,RIGHT_PINKY,0.48533564805984497,0.6512865424156189,0.04529351741075516,0,0
82,LEFT_INDEX,0.5030485987663269,0.6620807647705078,-0.1725330501794815,0,0
82,RIGHT_INDEX,0.48483121395111084,0.6462790369987488,0.028115326538681984,0,0
82,LEFT_THUMB,0.505895733833313,0.6585867404937744,-0.15253888070583344,0,0
82,RIGHT_THUMB,0.48866602778434753,0.6461157202720642,0.04118437319993973,0,0
82,LEFT_HIP,0.5531646609306335,0.7151562571525574,-0.06369476765394211,0,0
82,RIGHT_HIP,0.5403693914413452,0.7119265198707581,0.06369810551404953,0,0
82,LEFT_KNEE,0.5583007335662842,0.823459804058075,-0.06015002727508545,0,0
82,RIGHT_KNEE,0.5477197766304016,0.8109371066093445,0.15308396518230438,0,0
82,LEFT_ANKLE,0.5631281137466431,0.9425451159477234,-0.045151643455028534,0,0
82,RIGHT_ANKLE,0.552811324596405,0.890014111995697,0.2516147196292877,0,0
82,LEFT_HEEL,0.5709540247917175,0.9630978107452393,-0.04650326818227768,0,0
82,RIGHT_HEEL,0.5576165318489075,0.9025377035140991,0.25974252820014954,0,0
82,LEFT_FOOT_INDEX,0.5350329279899597,0.9664775729179382,-0.11005934327840805,0,0
82,RIGHT_FOOT_INDEX,0.52480149269104,0.9047004580497742,0.24215993285179138,0,0
