frame_number,landmark,x,y,z,action,label
0,NOSE,0.469466894865036,0.4967954754829407,-0.1708119958639145,[],0
0,LEFT_EYE_INNER,0.4747636914253235,0.48553207516670227,-0.16304297745227814,[],0
0,LEFT_EYE,0.47762545943260193,0.48591873049736023,-0.1630365550518036,[],0
0,LEFT_EYE_OUTER,0.47993919253349304,0.4864327907562256,-0.16301229596138,[],0
0,RIGHT_EYE_INNER,0.46725231409072876,0.4852639138698578,-0.1598125845193863,[],0
0,RIGHT_EYE,0.4651452898979187,0.48511165380477905,-0.15982532501220703,[],0
0,RIGHT_EYE_OUTER,0.4632152020931244,0.4848771393299103,-0.15980596840381622,[],0
0,LEFT_EAR,0.48527759313583374,0.49468621611595154,-0.09897293150424957,[],0
0,RIGHT_EAR,0.4620017409324646,0.4906335473060608,-0.08423963934183121,[],0
0,MOUTH_LEFT,0.47513437271118164,0.5083778500556946,-0.1458946019411087,[],0
0,MOUTH_RIGHT,0.46522125601768494,0.5080150365829468,-0.14178147912025452,[],0
0,LEFT_SHOULDER,0.503826379776001,0.5516287088394165,-0.07191828638315201,[],0
0,RIGHT_SHOULDER,0.44607454538345337,0.5455415844917297,-0.044647056609392166,[],0
0,LEFT_ELBOW,0.5100698471069336,0.6268842220306396,-0.11782597005367279,[],0
0,RIGHT_ELBOW,0.43952029943466187,0.616219162940979,-0.09045164287090302,[],0
0,LEFT_WRIST,0.4852709472179413,0.649107038974762,-0.2223447859287262,[],0
0,RIGHT_WRIST,0.45323923230171204,0.6529874205589294,-0.21562351286411285,[],0
0,LEFT_PINKY,0.47854405641555786,0.6678512096405029,-0.25557971000671387,[],0
0,RIGHT_PINKY,0.4554837942123413,0.6717901825904846,-0.25069597363471985,[],0
0,LEFT_INDEX,0.4724423587322235,0.6607321500778198,-0.26350831985473633,[],0
0,RIGHT_INDEX,0.4593624770641327,0.6662333011627197,-0.25926920771598816,[],0
0,LEFT_THUMB,0.473827987909317,0.6548767685890198,-0.22794732451438904,[],0
0,RIGHT_THUMB,0.45943576097488403,0.6596556305885315,-0.2227211445569992,[],0
0,LEFT_HIP,0.48813101649284363,0.7090182900428772,-0.007252757903188467,[],0
0,RIGHT_HIP,0.45360708236694336,0.7044078707695007,0.007216545287519693,[],0
0,LEFT_KNEE,0.5083569884300232,0.8046849370002747,0.052048083394765854,[],0
0,RIGHT_KNEE,0.43547290563583374,0.8064919710159302,-0.0053970832377672195,[],0
0,LEFT_ANKLE,0.525863528251648,0.8869658708572388,0.18093037605285645,[],0
0,RIGHT_ANKLE,0.42711856961250305,0.8960824012756348,0.08390316367149353,[],0
0,LEFT_HEEL,0.5247623920440674,0.898795485496521,0.18984344601631165,[],0
0,RIGHT_HEEL,0.4330149292945862,0.9158099293708801,0.08903913199901581,[],0
0,LEFT_FOOT_INDEX,0.5328540205955505,0.9318121671676636,0.11209661513566971,[],0
0,RIGHT_FOOT_INDEX,0.41117942333221436,0.9418230652809143,0.010302046313881874,[],0
1,NOSE,0.4686315953731537,0.4976850152015686,-0.14236317574977875,0,0
1,LEFT_EYE_INNER,0.4737025797367096,0.48770779371261597,-0.13385049998760223,0,0
1,LEFT_EYE,0.4763486981391907,0.4879509210586548,-0.13386350870132446,0,0
1,LEFT_EYE_OUTER,0.4788840711116791,0.4882943034172058,-0.1338488608598709,0,0
1,RIGHT_EYE_INNER,0.4668631851673126,0.4874381721019745,-0.13079805672168732,0,0
1,RIGHT_EYE,0.46494847536087036,0.4872978925704956,-0.13080939650535583,0,0
1,RIGHT_EYE_OUTER,0.46320173144340515,0.4871850609779358,-0.1308123618364334,0,0
1,LEFT_EAR,0.4845047891139984,0.4947110116481781,-0.07133837044239044,0,0
1,RIGHT_EAR,0.4626885652542114,0.49142563343048096,-0.05667857453227043,0,0
1,MOUTH_LEFT,0.474448561668396,0.5100408792495728,-0.1180969625711441,0,0
1,MOUTH_RIGHT,0.4652145802974701,0.5088686943054199,-0.11400146782398224,0,0
1,LEFT_SHOULDER,0.5038649439811707,0.5519713759422302,-0.04413752257823944,0,0
1,RIGHT_SHOULDER,0.4460681974887848,0.5462149381637573,-0.026844119653105736,0,0
1,LEFT_ELBOW,0.5087773203849792,0.624841034412384,-0.09101847559213638,0,0
1,RIGHT_ELBOW,0.43919551372528076,0.6159769296646118,-0.0790439322590828,0,0
1,LEFT_WRIST,0.4855005443096161,0.6533675193786621,-0.20208917558193207,0,0
1,RIGHT_WRIST,0.4562850594520569,0.6520196795463562,-0.19528324902057648,0,0
1,LEFT_PINKY,0.4799097776412964,0.6700024604797363,-0.23500150442123413,0,0
1,RIGHT_PINKY,0.4603300094604492,0.6684393286705017,-0.22879178822040558,0,0
1,LEFT_INDEX,0.4749698042869568,0.6607334017753601,-0.24571867287158966,0,0
1,RIGHT_INDEX,0.4653412103652954,0.6611661314964294,-0.23345212638378143,0,0
1,LEFT_THUMB,0.4755837023258209,0.6548813581466675,-0.20893989503383636,0,0
1,RIGHT_THUMB,0.4646487534046173,0.6558372974395752,-0.19998224079608917,0,0
1,LEFT_HIP,0.48767369985580444,0.7094390392303467,-0.00644277548417449,0,0
1,RIGHT_HIP,0.4535970687866211,0.7043793201446533,0.006425706669688225,0,0
1,LEFT_KNEE,0.5083863139152527,0.8038886785507202,0.018856890499591827,0,0
1,RIGHT_KNEE,0.4356130063533783,0.8049942851066589,-0.017530376091599464,0,0
1,LEFT_ANKLE,0.5250374674797058,0.8856898546218872,0.15317903459072113,0,0
1,RIGHT_ANKLE,0.42698389291763306,0.8979166746139526,0.07671671360731125,0,0
1,LEFT_HEEL,0.5242138504981995,0.8984473943710327,0.16258850693702698,0,0
1,RIGHT_HEEL,0.4327085316181183,0.915812611579895,0.0821893960237503,0,0
1,LEFT_FOOT_INDEX,0.5327250957489014,0.9309593439102173,0.08863531798124313,0,0
1,RIGHT_FOOT_INDEX,0.4110351800918579,0.9408214688301086,0.0030907399486750364,0,0
2,NOSE,0.46837469935417175,0.49770209193229675,-0.1437080204486847,0,0
2,LEFT_EYE_INNER,0.4732297956943512,0.4880632162094116,-0.1347145438194275,0,0
2,LEFT_EYE,0.47577428817749023,0.4883047640323639,-0.13473068177700043,0,0
2,LEFT_EYE_OUTER,0.47834312915802,0.4886484742164612,-0.13471528887748718,0,0
2,RIGHT_EYE_INNER,0.46673569083213806,0.48767563700675964,-0.13190096616744995,0,0
2,RIGHT_EYE,0.46491581201553345,0.4875437319278717,-0.131916344165802,0,0
2,RIGHT_EYE_OUTER,0.46320921182632446,0.48743414878845215,-0.13192780315876007,0,0
2,LEFT_EAR,0.48411062359809875,0.4947107434272766,-0.0715349093079567,0,0
2,RIGHT_EAR,0.4631085991859436,0.49156326055526733,-0.05760831758379936,0,0
2,MOUTH_LEFT,0.4740002751350403,0.5100286602973938,-0.11917106807231903,0,0
2,MOUTH_RIGHT,0.4652118682861328,0.5088704228401184,-0.1153365895152092,0,0
2,LEFT_SHOULDER,0.503871738910675,0.5523216724395752,-0.04368453100323677,0,0
2,RIGHT_SHOULDER,0.44598209857940674,0.5469955801963806,-0.0264276135712862,0,0
2,LEFT_ELBOW,0.507970929145813,0.6244521141052246,-0.08707135170698166,0,0
2,RIGHT_ELBOW,0.4384843409061432,0.6162119507789612,-0.07804342359304428,0,0
2,LEFT_WRIST,0.4855812191963196,0.6575514078140259,-0.19658060371875763,0,0
2,RIGHT_WRIST,0.45781567692756653,0.6519198417663574,-0.19564387202262878,0,0
2,LEFT_PINKY,0.4806767404079437,0.673106849193573,-0.22823022305965424,0,0
2,RIGHT_PINKY,0.462638258934021,0.6674020886421204,-0.22885125875473022,0,0
2,LEFT_INDEX,0.47617021203041077,0.6615134477615356,-0.23935231566429138,0,0
2,RIGHT_INDEX,0.4677042067050934,0.6592110395431519,-0.23294875025749207,0,0
2,LEFT_THUMB,0.47652339935302734,0.6556161046028137,-0.20339973270893097,0,0
2,RIGHT_THUMB,0.46669045090675354,0.6542669534683228,-0.19994403421878815,0,0
2,LEFT_HIP,0.4875216484069824,0.7094457745552063,-0.006493230815976858,0,0
2,RIGHT_HIP,0.45359623432159424,0.7042962908744812,0.006475555710494518,0,0
2,LEFT_KNEE,0.5084027051925659,0.8034225702285767,0.005803396925330162,0,0
2,RIGHT_KNEE,0.4359199106693268,0.8036787509918213,-0.01646541617810726,0,0
2,LEFT_ANKLE,0.5245447754859924,0.8843779563903809,0.14808882772922516,0,0
2,RIGHT_ANKLE,0.4268990457057953,0.8983836770057678,0.08359361439943314,0,0
2,LEFT_HEEL,0.5239598155021667,0.8967982530593872,0.15804451704025269,0,0
2,RIGHT_HEEL,0.43268197774887085,0.9156900644302368,0.090186208486557,0,0
2,LEFT_FOOT_INDEX,0.5320738554000854,0.9301111698150635,0.08280538022518158,0,0
2,RIGHT_FOOT_INDEX,0.4110187590122223,0.9404894113540649,0.011718018911778927,0,0
3,NOSE,0.4679371416568756,0.49796074628829956,-0.13150958716869354,0,0
3,LEFT_EYE_INNER,0.47233113646507263,0.4883577823638916,-0.1225314810872078,0,0
3,LEFT_EYE,0.4748397767543793,0.4884662628173828,-0.12254074215888977,0,0
3,LEFT_EYE_OUTER,0.47733455896377563,0.48871803283691406,-0.12252235412597656,0,0
3,RIGHT_EYE_INNER,0.46639925241470337,0.48841598629951477,-0.11960397660732269,0,0
3,RIGHT_EYE,0.46478062868118286,0.4884146749973297,-0.11962072551250458,0,0
3,RIGHT_EYE_OUTER,0.4631965458393097,0.48846209049224854,-0.11963335424661636,0,0
3,LEFT_EAR,0.48342323303222656,0.4947036802768707,-0.06249775364995003,0,0
3,RIGHT_EAR,0.46350234746932983,0.49228063225746155,-0.04752524197101593,0,0
3,MOUTH_LEFT,0.4736117124557495,0.5099395513534546,-0.10838820040225983,0,0
3,MOUTH_RIGHT,0.465197890996933,0.5088813900947571,-0.10424365103244781,0,0
3,LEFT_SHOULDER,0.5041825771331787,0.5531237125396729,-0.03268809989094734,0,0
3,RIGHT_SHOULDER,0.4462873339653015,0.5482402443885803,-0.019072240218520164,0,0
3,LEFT_ELBOW,0.5122246742248535,0.6234616637229919,-0.06549609452486038,0,0
3,RIGHT_ELBOW,0.43847623467445374,0.6170466542243958,-0.06328210979700089,0,0
3,LEFT_WRIST,0.4906120002269745,0.6571673154830933,-0.1691562980413437,0,0
3,RIGHT_WRIST,0.46005818247795105,0.6512854695320129,-0.17574763298034668,0,0
3,LEFT_PINKY,0.4851393401622772,0.6728716492652893,-0.19799235463142395,0,0
3,RIGHT_PINKY,0.46670904755592346,0.6645660400390625,-0.206699937582016,0,0
3,LEFT_INDEX,0.4818597137928009,0.6612882018089294,-0.2083205282688141,0,0
3,RIGHT_INDEX,0.47115567326545715,0.6543431878089905,-0.20956380665302277,0,0
3,LEFT_THUMB,0.4825983941555023,0.655057430267334,-0.17526617646217346,0,0
3,RIGHT_THUMB,0.4695397913455963,0.6504185795783997,-0.17906886339187622,0,0
3,LEFT_HIP,0.4875141680240631,0.7094064950942993,-0.00650672847405076,0,0
3,RIGHT_HIP,0.45371320843696594,0.7044293880462646,0.00648832181468606,0,0
3,LEFT_KNEE,0.5083380341529846,0.8012643456459045,-0.004548977594822645,0,0
3,RIGHT_KNEE,0.43630144000053406,0.8032890558242798,-0.0032517227809876204,0,0
3,LEFT_ANKLE,0.5244842171669006,0.8837247490882874,0.13502205908298492,0,0
3,RIGHT_ANKLE,0.4267609417438507,0.8987112045288086,0.10401909798383713,0,0
3,LEFT_HEEL,0.5239189863204956,0.8957279324531555,0.14494052529335022,0,0
3,RIGHT_HEEL,0.432649701833725,0.9156590104103088,0.11095904558897018,0,0
3,LEFT_FOOT_INDEX,0.5320855379104614,0.9285196661949158,0.07303120940923691,0,0
3,RIGHT_FOOT_INDEX,0.4110410511493683,0.9396705031394958,0.03848119080066681,0,0
4,NOSE,0.46742311120033264,0.49800556898117065,-0.14085069298744202,0,0
4,LEFT_EYE_INNER,0.4717708230018616,0.48834228515625,-0.13245664536952972,0,0
4,LEFT_EYE,0.4742611348628998,0.4884549081325531,-0.13246043026447296,0,0
4,LEFT_EYE_OUTER,0.47669586539268494,0.4887016713619232,-0.13244330883026123,0,0
4,RIGHT_EYE_INNER,0.4662322700023651,0.4884319305419922,-0.1294645518064499,0,0
4,RIGHT_EYE,0.46474143862724304,0.4884697198867798,-0.1294836550951004,0,0
4,RIGHT_EYE_OUTER,0.46319741010665894,0.4885905981063843,-0.12949863076210022,0,0
4,LEFT_EAR,0.483113557100296,0.4947265684604645,-0.07239650189876556,0,0
4,RIGHT_EAR,0.4639117121696472,0.49252352118492126,-0.0575045682489872,0,0
4,MOUTH_LEFT,0.47294241189956665,0.509890615940094,-0.11776311695575714,0,0
4,MOUTH_RIGHT,0.46512943506240845,0.5088397860527039,-0.11362791806459427,0,0
4,LEFT_SHOULDER,0.5042133331298828,0.5532853007316589,-0.04133760929107666,0,0
4,RIGHT_SHOULDER,0.4464271366596222,0.5485869646072388,-0.023936185985803604,0,0
4,LEFT_ELBOW,0.5141775608062744,0.6229276061058044,-0.06622013449668884,0,0
4,RIGHT_ELBOW,0.4384768307209015,0.6173263788223267,-0.06893560290336609,0,0
4,LEFT_WRIST,0.4914209544658661,0.6586747765541077,-0.15549452602863312,0,0
4,RIGHT_WRIST,0.46120911836624146,0.6512584686279297,-0.17531155049800873,0,0
4,LEFT_PINKY,0.48548662662506104,0.6736495494842529,-0.1813804656267166,0,0
4,RIGHT_PINKY,0.46817073225975037,0.6635780930519104,-0.20493260025978088,0,0
4,LEFT_INDEX,0.482270747423172,0.6615308523178101,-0.19152584671974182,0,0
4,RIGHT_INDEX,0.4720832109451294,0.6532020568847656,-0.20790819823741913,0,0
4,LEFT_THUMB,0.48324641585350037,0.6552438735961914,-0.16107630729675293,0,0
4,RIGHT_THUMB,0.4704921543598175,0.6496009826660156,-0.17848768830299377,0,0
4,LEFT_HIP,0.48749688267707825,0.7084061503410339,-0.006438422482460737,0,0
4,RIGHT_HIP,0.45378345251083374,0.7040883898735046,0.006412674207240343,0,0
4,LEFT_KNEE,0.5083408951759338,0.800037145614624,0.004064750857651234,0,0
4,RIGHT_KNEE,0.436881422996521,0.8030678033828735,0.005818924400955439,0,0
4,LEFT_ANKLE,0.5244019627571106,0.8836439847946167,0.13373781740665436,0,0
4,RIGHT_ANKLE,0.4267154037952423,0.8990245461463928,0.10414286702871323,0,0
4,LEFT_HEEL,0.5237884521484375,0.8954380750656128,0.14265847206115723,0,0
4,RIGHT_HEEL,0.4326293170452118,0.9156774282455444,0.11023301631212234,0,0
4,LEFT_FOOT_INDEX,0.5320931673049927,0.9274318218231201,0.07070962339639664,0,0
4,RIGHT_FOOT_INDEX,0.4110524356365204,0.9393540024757385,0.03818855434656143,0,0
5,NOSE,0.4674839973449707,0.49877092242240906,-0.13125841319561005,0,0
5,LEFT_EYE_INNER,0.47187337279319763,0.4890683889389038,-0.12289421260356903,0,0
5,LEFT_EYE,0.4743954837322235,0.48909589648246765,-0.12290462851524353,0,0
5,LEFT_EYE_OUTER,0.4768240749835968,0.48923465609550476,-0.12289048731327057,0,0
5,RIGHT_EYE_INNER,0.4662517011165619,0.4892302453517914,-0.12098193168640137,0,0
5,RIGHT_EYE,0.46480005979537964,0.48930567502975464,-0.12099846452474594,0,0
5,RIGHT_EYE_OUTER,0.463339626789093,0.4894835352897644,-0.12101508677005768,0,0
5,LEFT_EAR,0.48312807083129883,0.49484285712242126,-0.06285511702299118,0,0
5,RIGHT_EAR,0.46403127908706665,0.49330493807792664,-0.0522100068628788,0,0
5,MOUTH_LEFT,0.4729662537574768,0.5101789832115173,-0.10760298371315002,0,0
5,MOUTH_RIGHT,0.4652932584285736,0.5092915892601013,-0.1047339141368866,0,0
5,LEFT_SHOULDER,0.5044772624969482,0.5533929467201233,-0.02825840562582016,0,0
5,RIGHT_SHOULDER,0.44651734828948975,0.5485684275627136,-0.021736707538366318,0,0
5,LEFT_ELBOW,0.515669584274292,0.6208077073097229,-0.05396769940853119,0,0
5,RIGHT_ELBOW,0.43867212533950806,0.6181778311729431,-0.05720924586057663,0,0
5,LEFT_WRIST,0.49594709277153015,0.6572651863098145,-0.15062813460826874,0,0
5,RIGHT_WRIST,0.46386221051216125,0.6512239575386047,-0.15721401572227478,0,0
5,LEFT_PINKY,0.4893365800380707,0.6725154519081116,-0.17780107259750366,0,0
5,RIGHT_PINKY,0.4714986979961395,0.6632993817329407,-0.1858871430158615,0,0
5,LEFT_INDEX,0.48763135075569153,0.6595141291618347,-0.1870059221982956,0,0
5,RIGHT_INDEX,0.4750845730304718,0.6521874070167542,-0.18967658281326294,0,0
5,LEFT_THUMB,0.4887249171733856,0.6525744795799255,-0.15617291629314423,0,0
5,RIGHT_THUMB,0.47336575388908386,0.6482670903205872,-0.16029933094978333,0,0
5,LEFT_HIP,0.48834478855133057,0.7076852917671204,-0.006435893941670656,0,0
5,RIGHT_HIP,0.45476242899894714,0.7039133906364441,0.006413111928850412,0,0
5,LEFT_KNEE,0.5082718133926392,0.7976614236831665,0.00289029604755342,0,0
5,RIGHT_KNEE,0.43766310811042786,0.8026323318481445,0.0069717890582978725,0,0
5,LEFT_ANKLE,0.5242698192596436,0.8835777044296265,0.1284322738647461,0,0
5,RIGHT_ANKLE,0.426683247089386,0.899044930934906,0.1019434779882431,0,0
5,LEFT_HEEL,0.523711621761322,0.8948489427566528,0.13695579767227173,0,0
5,RIGHT_HEEL,0.4326109290122986,0.915676474571228,0.10767727345228195,0,0
5,LEFT_FOOT_INDEX,0.5312522649765015,0.9260311126708984,0.06648833304643631,0,0
5,RIGHT_FOOT_INDEX,0.4110340476036072,0.9392337203025818,0.03598884865641594,0,0
6,NOSE,0.46796515583992004,0.4991937279701233,-0.1286361664533615,0,0
6,LEFT_EYE_INNER,0.4722141921520233,0.48959773778915405,-0.1195886954665184,0,0
6,LEFT_EYE,0.47459733486175537,0.48959481716156006,-0.11960361897945404,0,0
6,LEFT_EYE_OUTER,0.4771102964878082,0.4896679222583771,-0.11959151923656464,0,0
6,RIGHT_EYE_INNER,0.46675097942352295,0.48969319462776184,-0.11817815154790878,0,0
6,RIGHT_EYE,0.46533095836639404,0.4897628128528595,-0.11819298565387726,0,0
6,RIGHT_EYE_OUTER,0.4639585316181183,0.4898928105831146,-0.11820796132087708,0,0
6,LEFT_EAR,0.4831942617893219,0.4949955642223358,-0.05777885392308235,0,0
6,RIGHT_EAR,0.46465569734573364,0.49356022477149963,-0.04933839663863182,0,0
6,MOUTH_LEFT,0.4732196629047394,0.5102976560592651,-0.10434471815824509,0,0
6,MOUTH_RIGHT,0.4658156931400299,0.5095094442367554,-0.10208161175251007,0,0
6,LEFT_SHOULDER,0.5048232674598694,0.5535969138145447,-0.024446718394756317,0,0
6,RIGHT_SHOULDER,0.4468100368976593,0.5484728813171387,-0.01781388930976391,0,0
6,LEFT_ELBOW,0.515378475189209,0.6185887455940247,-0.05721449851989746,0,0
6,RIGHT_ELBOW,0.4394398629665375,0.6189191937446594,-0.05354722589254379,0,0
6,LEFT_WRIST,0.49694597721099854,0.6507798433303833,-0.16434618830680847,0,0
6,RIGHT_WRIST,0.4664868712425232,0.6511372327804565,-0.15357695519924164,0,0
6,LEFT_PINKY,0.4914398491382599,0.667486310005188,-0.19293507933616638,0,0
6,RIGHT_PINKY,0.4747839570045471,0.6626719832420349,-0.18213322758674622,0,0
6,LEFT_INDEX,0.4901098310947418,0.6563366651535034,-0.2021496295928955,0,0
6,RIGHT_INDEX,0.4784599840641022,0.6518111228942871,-0.1851869523525238,0,0
6,LEFT_THUMB,0.49078091979026794,0.6498680114746094,-0.1701895147562027,0,0
6,RIGHT_THUMB,0.4765029847621918,0.6479524374008179,-0.15620161592960358,0,0
6,LEFT_HIP,0.4901745021343231,0.7046812176704407,-0.006668025627732277,0,0
6,RIGHT_HIP,0.4564964473247528,0.7027563452720642,0.006656381767243147,0,0
6,LEFT_KNEE,0.5084205865859985,0.7965018153190613,-0.01574183814227581,0,0
6,RIGHT_KNEE,0.4385153353214264,0.802327036857605,0.00379755487665534,0,0
6,LEFT_ANKLE,0.5242810845375061,0.8835779428482056,0.11035266518592834,0,0
6,RIGHT_ANKLE,0.4265541434288025,0.8989722728729248,0.10109247267246246,0,0
6,LEFT_HEEL,0.5236899256706238,0.8942180871963501,0.1187848374247551,0,0
6,RIGHT_HEEL,0.4323156774044037,0.91525799036026,0.10713540762662888,0,0
6,LEFT_FOOT_INDEX,0.5308911800384521,0.925525963306427,0.04651973024010658,0,0
6,RIGHT_FOOT_INDEX,0.4110412299633026,0.9387345910072327,0.035565461963415146,0,0
7,NOSE,0.46934330463409424,0.4998227655887604,-0.13561341166496277,0,0
7,LEFT_EYE_INNER,0.47319045662879944,0.4902265667915344,-0.12685613334178925,0,0
7,LEFT_EYE,0.47553786635398865,0.49018803238868713,-0.12686492502689362,0,0
7,LEFT_EYE_OUTER,0.4780682623386383,0.49018537998199463,-0.12684649229049683,0,0
7,RIGHT_EYE_INNER,0.4677380621433258,0.4903346300125122,-0.1241215243935585,0,0
7,RIGHT_EYE,0.4662320911884308,0.49040085077285767,-0.12413518130779266,0,0
7,RIGHT_EYE_OUTER,0.46478933095932007,0.4905302822589874,-0.12413687258958817,0,0
7,LEFT_EAR,0.48357999324798584,0.4951900839805603,-0.06494595855474472,0,0
7,RIGHT_EAR,0.46521642804145813,0.4939326047897339,-0.054009392857551575,0,0
7,MOUTH_LEFT,0.4743908643722534,0.5104968547821045,-0.11149287968873978,0,0
7,MOUTH_RIGHT,0.46692439913749695,0.5099025964736938,-0.10812734067440033,0,0
7,LEFT_SHOULDER,0.5052435398101807,0.5536789894104004,-0.031899936497211456,0,0
7,RIGHT_SHOULDER,0.44740012288093567,0.5483027696609497,-0.021811867132782936,0,0
7,LEFT_ELBOW,0.5150610208511353,0.6175524592399597,-0.053716108202934265,0,0
7,RIGHT_ELBOW,0.4400647282600403,0.6197316646575928,-0.05441068485379219,0,0
7,LEFT_WRIST,0.4957045614719391,0.6496819257736206,-0.15005165338516235,0,0
7,RIGHT_WRIST,0.46865347027778625,0.6511400938034058,-0.15262366831302643,0,0
7,LEFT_PINKY,0.4907461702823639,0.6669021844863892,-0.1760026067495346,0,0
7,RIGHT_PINKY,0.4773968756198883,0.662699818611145,-0.1798003613948822,0,0
7,LEFT_INDEX,0.489095538854599,0.6564786434173584,-0.18612317740917206,0,0
7,RIGHT_INDEX,0.48138344287872314,0.6521660089492798,-0.18299609422683716,0,0
7,LEFT_THUMB,0.4895327687263489,0.6500477194786072,-0.15585435926914215,0,0
7,RIGHT_THUMB,0.4793865978717804,0.6483132839202881,-0.155159130692482,0,0
7,LEFT_HIP,0.4917025566101074,0.7008501887321472,-0.00695782108232379,0,0
7,RIGHT_HIP,0.45773735642433167,0.7008848190307617,0.0069455248303711414,0,0
7,LEFT_KNEE,0.5089765787124634,0.7954662442207336,-0.02197296731173992,0,0
7,RIGHT_KNEE,0.4392790198326111,0.8023703694343567,0.0024844713043421507,0,0
7,LEFT_ANKLE,0.5242874622344971,0.8833664059638977,0.10418356955051422,0,0
7,RIGHT_ANKLE,0.42646142840385437,0.8989494442939758,0.10261504352092743,0,0
7,LEFT_HEEL,0.5236907601356506,0.8935527801513672,0.11240582168102264,0,0
7,RIGHT_HEEL,0.4322693645954132,0.9151355028152466,0.10879401862621307,0,0
7,LEFT_FOOT_INDEX,0.5306017398834229,0.9250361919403076,0.03827720507979393,0,0
7,RIGHT_FOOT_INDEX,0.41062119603157043,0.9386512041091919,0.037080779671669006,0,0
8,NOSE,0.4706687033176422,0.5008965134620667,-0.14110149443149567,0,0
8,LEFT_EYE_INNER,0.4743141829967499,0.4910512864589691,-0.13215181231498718,0,0
8,LEFT_EYE,0.47672179341316223,0.4908920228481293,-0.13216613233089447,0,0
8,LEFT_EYE_OUTER,0.47915345430374146,0.4907793402671814,-0.13216632604599,0,0
8,RIGHT_EYE_INNER,0.46869269013404846,0.4912976324558258,-0.13173796236515045,0,0
8,RIGHT_EYE,0.4670364558696747,0.4913622736930847,-0.13174891471862793,0,0
8,RIGHT_EYE_OUTER,0.4654771387577057,0.49154132604599,-0.13175144791603088,0,0
8,LEFT_EAR,0.4840654134750366,0.49538370966911316,-0.06616588681936264,0,0
8,RIGHT_EAR,0.4655829966068268,0.494883269071579,-0.062321290373802185,0,0
8,MOUTH_LEFT,0.47569209337234497,0.5110645294189453,-0.11369433254003525,0,0
8,MOUTH_RIGHT,0.46799927949905396,0.5109148025512695,-0.11329284310340881,0,0
8,LEFT_SHOULDER,0.5055368542671204,0.5528013110160828,-0.033741649240255356,0,0
8,RIGHT_SHOULDER,0.4481106698513031,0.5482293963432312,-0.023482631891965866,0,0
8,LEFT_ELBOW,0.5152984857559204,0.6165217161178589,-0.0598752461373806,0,0
8,RIGHT_ELBOW,0.4412204921245575,0.6202520728111267,-0.0504034124314785,0,0
8,LEFT_WRIST,0.4953639805316925,0.6476137638092041,-0.16280286014080048,0,0
8,RIGHT_WRIST,0.46848106384277344,0.6515205502510071,-0.14803819358348846,0,0
8,LEFT_PINKY,0.49027010798454285,0.6645594239234924,-0.19054265320301056,0,0
8,RIGHT_PINKY,0.47673067450523376,0.6629340648651123,-0.1755952090024948,0,0
8,LEFT_INDEX,0.4879664480686188,0.6565605401992798,-0.1996215432882309,0,0
8,RIGHT_INDEX,0.481144517660141,0.6524186134338379,-0.18029604852199554,0,0
8,LEFT_THUMB,0.4883931875228882,0.6502684950828552,-0.16835303604602814,0,0
8,RIGHT_THUMB,0.4793333411216736,0.6491098999977112,-0.15114250779151917,0,0
8,LEFT_HIP,0.4928164780139923,0.6990346908569336,-0.007889200933277607,0,0
8,RIGHT_HIP,0.4589189887046814,0.7000029683113098,0.007868504151701927,0,0
8,LEFT_KNEE,0.5097313523292542,0.7948136329650879,-0.02106809988617897,0,0
8,RIGHT_KNEE,0.4399782717227936,0.8025704026222229,0.00419352762401104,0,0
8,LEFT_ANKLE,0.5244238972663879,0.8836046457290649,0.10067823529243469,0,0
8,RIGHT_ANKLE,0.42640841007232666,0.8989368677139282,0.10826209932565689,0,0
8,LEFT_HEEL,0.5236961245536804,0.894033670425415,0.10838420689105988,0,0
8,RIGHT_HEEL,0.4322204887866974,0.9150658845901489,0.11477770656347275,0,0
8,LEFT_FOOT_INDEX,0.5305123925209045,0.9251754879951477,0.03131796047091484,0,0
8,RIGHT_FOOT_INDEX,0.41038545966148376,0.9385937452316284,0.04262034222483635,0,0
9,NOSE,0.4710250198841095,0.5015425682067871,-0.1500053107738495,0,0
9,LEFT_EYE_INNER,0.47456634044647217,0.49155160784721375,-0.14148753881454468,0,0
9,LEFT_EYE,0.4769687354564667,0.491311252117157,-0.141500785946846,0,0
9,LEFT_EYE_OUTER,0.4794383645057678,0.4910963773727417,-0.14149849116802216,0,0
9,RIGHT_EYE_INNER,0.46892377734184265,0.4919692575931549,-0.14036089181900024,0,0
9,RIGHT_EYE,0.46725693345069885,0.49208277463912964,-0.14037492871284485,0,0
9,RIGHT_EYE_OUTER,0.4657203257083893,0.4923144280910492,-0.1403803676366806,0,0
9,LEFT_EAR,0.48425614833831787,0.4954700171947479,-0.07585689425468445,0,0
9,RIGHT_EAR,0.46576303243637085,0.49567660689353943,-0.06860300153493881,0,0
9,MOUTH_LEFT,0.47617706656455994,0.5114129185676575,-0.12312185019254684,0,0
9,MOUTH_RIGHT,0.46842536330223083,0.5114616751670837,-0.1214359775185585,0,0
9,LEFT_SHOULDER,0.5060905814170837,0.5511977672576904,-0.03466899320483208,0,0
9,RIGHT_SHOULDER,0.4488376975059509,0.5482215881347656,-0.025074930861592293,0,0
9,LEFT_ELBOW,0.515915036201477,0.6158807873725891,-0.06408099830150604,0,0
9,RIGHT_ELBOW,0.44226863980293274,0.6211291551589966,-0.05351317673921585,0,0
9,LEFT_WRIST,0.4953005611896515,0.6477938890457153,-0.16610559821128845,0,0
9,RIGHT_WRIST,0.4695677161216736,0.6522728204727173,-0.151738703250885,0,0
9,LEFT_PINKY,0.49046391248703003,0.664594292640686,-0.1942405253648758,0,0
9,RIGHT_PINKY,0.4773675501346588,0.6639615297317505,-0.17986620962619781,0,0
9,LEFT_INDEX,0.4873695969581604,0.6585609912872314,-0.20373162627220154,0,0
9,RIGHT_INDEX,0.4821407198905945,0.6546679735183716,-0.18480707705020905,0,0
9,LEFT_THUMB,0.4878256618976593,0.6527431607246399,-0.17165862023830414,0,0
9,RIGHT_THUMB,0.4806135594844818,0.6512184739112854,-0.15501254796981812,0,0
9,LEFT_HIP,0.4933672249317169,0.6987720131874084,-0.008830605074763298,0,0
9,RIGHT_HIP,0.4594714343547821,0.6993245482444763,0.008808687329292297,0,0
9,LEFT_KNEE,0.5108156204223633,0.7939143776893616,-0.018614238128066063,0,0
9,RIGHT_KNEE,0.4409399926662445,0.8024349808692932,0.0055032107047736645,0,0
9,LEFT_ANKLE,0.5246484279632568,0.8827798366546631,0.10319644957780838,0,0
9,RIGHT_ANKLE,0.4264053404331207,0.8989492058753967,0.1089465320110321,0,0
9,LEFT_HEEL,0.5237572193145752,0.8935943841934204,0.11096634715795517,0,0
9,RIGHT_HEEL,0.43222886323928833,0.915044903755188,0.11544038355350494,0,0
9,LEFT_FOOT_INDEX,0.5303717255592346,0.9248521327972412,0.03447948023676872,0,0
9,RIGHT_FOOT_INDEX,0.41018372774124146,0.9386038780212402,0.043436162173748016,0,0
10,NOSE,0.4712640643119812,0.5020768642425537,-0.15205828845500946,0,0
10,LEFT_EYE_INNER,0.47473523020744324,0.49196648597717285,-0.14369365572929382,0,0
10,LEFT_EYE,0.4771208167076111,0.49168312549591064,-0.1437058448791504,0,0
10,LEFT_EYE_OUTER,0.4796121418476105,0.4914025664329529,-0.14370106160640717,0,0
10,RIGHT_EYE_INNER,0.46904516220092773,0.49248844385147095,-0.1422463208436966,0,0
10,RIGHT_EYE,0.4673629701137543,0.4926336705684662,-0.14226104319095612,0,0
10,RIGHT_EYE_OUTER,0.4658413529396057,0.49289804697036743,-0.14226680994033813,0,0
10,LEFT_EAR,0.48438596725463867,0.4955770969390869,-0.07857399433851242,0,0
10,RIGHT_EAR,0.46583929657936096,0.4963037073612213,-0.06980931013822556,0,0
10,MOUTH_LEFT,0.47647371888160706,0.5117309093475342,-0.1255767047405243,0,0
10,MOUTH_RIGHT,0.4686775207519531,0.5119425058364868,-0.12334237992763519,0,0
10,LEFT_SHOULDER,0.5066014528274536,0.550480842590332,-0.036416199058294296,0,0
10,RIGHT_SHOULDER,0.4493180215358734,0.548218846321106,-0.025401735678315163,0,0
10,LEFT_ELBOW,0.5163077116012573,0.615338921546936,-0.06430546194314957,0,0
10,RIGHT_ELBOW,0.44289618730545044,0.621540367603302,-0.05287301912903786,0,0
10,LEFT_WRIST,0.4956137239933014,0.6480550765991211,-0.1672828644514084,0,0
10,RIGHT_WRIST,0.4696415364742279,0.6526022553443909,-0.15210752189159393,0,0
10,LEFT_PINKY,0.49089163541793823,0.664764940738678,-0.19560322165489197,0,0
10,RIGHT_PINKY,0.4774650037288666,0.6645717620849609,-0.18039917945861816,0,0
10,LEFT_INDEX,0.48740214109420776,0.6586156487464905,-0.2051456868648529,0,0
10,RIGHT_INDEX,0.48240864276885986,0.6560105681419373,-0.18552152812480927,0,0
10,LEFT_THUMB,0.4878521263599396,0.65293949842453,-0.1728212535381317,0,0
10,RIGHT_THUMB,0.4809163212776184,0.6524260640144348,-0.15546627342700958,0,0
10,LEFT_HIP,0.49363672733306885,0.6986104249954224,-0.009344282560050488,0,0
10,RIGHT_HIP,0.4597252905368805,0.6989415884017944,0.009323736652731895,0,0
10,LEFT_KNEE,0.5115148425102234,0.7936440110206604,-0.018502341583371162,0,0
10,RIGHT_KNEE,0.44137799739837646,0.8023393154144287,0.004999213386327028,0,0
10,LEFT_ANKLE,0.5247231125831604,0.8827852010726929,0.10351059585809708,0,0
10,RIGHT_ANKLE,0.4263613522052765,0.898938775062561,0.10797583311796188,0,0
10,LEFT_HEEL,0.5237716436386108,0.8936501741409302,0.11126194149255753,0,0
10,RIGHT_HEEL,0.432232528924942,0.9149356484413147,0.11441797763109207,0,0
10,LEFT_FOOT_INDEX,0.5302086472511292,0.9244111180305481,0.034457895904779434,0,0
10,RIGHT_FOOT_INDEX,0.4100322425365448,0.9386067986488342,0.042290352284908295,0,0
11,NOSE,0.4714178740978241,0.5022885799407959,-0.15563443303108215,0,0
11,LEFT_EYE_INNER,0.474906861782074,0.4921107590198517,-0.1470738798379898,0,0
11,LEFT_EYE,0.4772968888282776,0.4918242394924164,-0.14708630740642548,0,0
11,LEFT_EYE_OUTER,0.4798137843608856,0.49152493476867676,-0.14708039164543152,0,0
11,RIGHT_EYE_INNER,0.46915552020072937,0.4926801323890686,-0.14531825482845306,0,0
11,RIGHT_EYE,0.46745625138282776,0.49286362528800964,-0.14533239603042603,0,0
11,RIGHT_EYE_OUTER,0.46594950556755066,0.4931429922580719,-0.14534161984920502,0,0
11,LEFT_EAR,0.48460492491722107,0.4956628978252411,-0.08251037448644638,0,0
11,RIGHT_EAR,0.4659356474876404,0.4966199994087219,-0.07222898304462433,0,0
11,MOUTH_LEFT,0.47667890787124634,0.5119729042053223,-0.12969006597995758,0,0
11,MOUTH_RIGHT,0.46879833936691284,0.5123028755187988,-0.12693572044372559,0,0
11,LEFT_SHOULDER,0.506927490234375,0.5502185225486755,-0.04130416736006737,0,0
11,RIGHT_SHOULDER,0.4499177634716034,0.5484030246734619,-0.030886810272932053,0,0
11,LEFT_ELBOW,0.5161401033401489,0.6165790557861328,-0.06532523036003113,0,0
11,RIGHT_ELBOW,0.4437963366508484,0.6221120953559875,-0.0555112324655056,0,0
11,LEFT_WRIST,0.49533647298812866,0.6506947875022888,-0.16773509979248047,0,0
11,RIGHT_WRIST,0.4703255891799927,0.6557639241218567,-0.15191268920898438,0,0
11,LEFT_PINKY,0.4907861649990082,0.6692377328872681,-0.1958416849374771,0,0
11,RIGHT_PINKY,0.47764402627944946,0.6699012517929077,-0.1799510270357132,0,0
11,LEFT_INDEX,0.48700150847435,0.6628797054290771,-0.2070072740316391,0,0
11,RIGHT_INDEX,0.4824022352695465,0.6621464490890503,-0.1858404576778412,0,0
11,LEFT_THUMB,0.4874723553657532,0.6569307446479797,-0.17307086288928986,0,0
11,RIGHT_THUMB,0.4808186888694763,0.6571164727210999,-0.15556968748569489,0,0
11,LEFT_HIP,0.4937101900577545,0.699040412902832,-0.009412272833287716,0,0
11,RIGHT_HIP,0.46025198698043823,0.698820948600769,0.009392974898219109,0,0
11,LEFT_KNEE,0.5122994780540466,0.7932602167129517,-0.016388699412345886,0,0
11,RIGHT_KNEE,0.44167235493659973,0.8021280765533447,0.0049768853932619095,0,0
11,LEFT_ANKLE,0.5247970223426819,0.8823555111885071,0.10224786400794983,0,0
11,RIGHT_ANKLE,0.4262961447238922,0.8989298939704895,0.10776809602975845,0,0
11,LEFT_HEEL,0.5237702131271362,0.8936058878898621,0.10964585095643997,0,0
11,RIGHT_HEEL,0.4322148263454437,0.9149668216705322,0.11424415558576584,0,0
11,LEFT_FOOT_INDEX,0.5300657749176025,0.9242003560066223,0.033197931945323944,0,0
11,RIGHT_FOOT_INDEX,0.40983328223228455,0.9386329650878906,0.0430152602493763,0,0
12,NOSE,0.47156664729118347,0.5023488402366638,-0.17226286232471466,0,0
12,LEFT_EYE_INNER,0.4750686585903168,0.49215206503868103,-0.16436046361923218,0,0
12,LEFT_EYE,0.47745925188064575,0.4918622672557831,-0.16436849534511566,0,0
12,LEFT_EYE_OUTER,0.47999754548072815,0.4915465712547302,-0.16436441242694855,0,0
12,RIGHT_EYE_INNER,0.4692825376987457,0.49274495244026184,-0.16211901605129242,0,0
12,RIGHT_EYE,0.46757644414901733,0.4929526448249817,-0.162136971950531,0,0
12,RIGHT_EYE_OUTER,0.46610358357429504,0.49322792887687683,-0.16215001046657562,0,0
12,LEFT_EAR,0.4847984313964844,0.49566566944122314,-0.10142736881971359,0,0
12,RIGHT_EAR,0.46609562635421753,0.49668386578559875,-0.08910790085792542,0,0
12,MOUTH_LEFT,0.4768263101577759,0.5120077729225159,-0.14695774018764496,0,0
12,MOUTH_RIGHT,0.46891918778419495,0.5124182105064392,-0.14359408617019653,0,0
12,LEFT_SHOULDER,0.50727379322052,0.5502606630325317,-0.05707390978932381,0,0
12,RIGHT_SHOULDER,0.45023787021636963,0.5484943985939026,-0.046914663165807724,0,0
12,LEFT_ELBOW,0.5164297223091125,0.620991051197052,-0.07072757184505463,0,0
12,RIGHT_ELBOW,0.44453200697898865,0.623336911201477,-0.060110483318567276,0,0
12,LEFT_WRIST,0.4948502779006958,0.6567246317863464,-0.1654493808746338,0,0
12,RIGHT_WRIST,0.4712711572647095,0.6602646708488464,-0.150149866938591,0,0
12,LEFT_PINKY,0.4905710220336914,0.6766948103904724,-0.19264569878578186,0,0
12,RIGHT_PINKY,0.4785345792770386,0.6758885979652405,-0.17688287794589996,0,0
12,LEFT_INDEX,0.4868100881576538,0.670154333114624,-0.20353104174137115,0,0
12,RIGHT_INDEX,0.4831056296825409,0.6695945262908936,-0.1838385909795761,0,0
12,LEFT_THUMB,0.48738744854927063,0.6642556190490723,-0.1710260659456253,0,0
12,RIGHT_THUMB,0.48151981830596924,0.6636120080947876,-0.15398861467838287,0,0
12,LEFT_HIP,0.4934867322444916,0.6987524032592773,-0.009071202017366886,0,0
12,RIGHT_HIP,0.4600253105163574,0.6980022192001343,0.00904434360563755,0,0
12,LEFT_KNEE,0.512343168258667,0.7927589416503906,-0.012923898175358772,0,0
12,RIGHT_KNEE,0.4420284032821655,0.8016853332519531,0.010030044242739677,0,0
12,LEFT_ANKLE,0.5248389840126038,0.8819606304168701,0.1025804951786995,0,0
12,RIGHT_ANKLE,0.42626890540122986,0.8990567922592163,0.108463354408741,0,0
12,LEFT_HEEL,0.5237681269645691,0.8931818604469299,0.10938498377799988,0,0
12,RIGHT_HEEL,0.4321933090686798,0.9152335524559021,0.11454799026250839,0,0
12,LEFT_FOOT_INDEX,0.530022382736206,0.9242439270019531,0.033320825546979904,0,0
12,RIGHT_FOOT_INDEX,0.4096772372722626,0.9387223124504089,0.04267031326889992,0,0
13,NOSE,0.4715178906917572,0.5024663805961609,-0.18253207206726074,0,0
13,LEFT_EYE_INNER,0.4750572741031647,0.4922565519809723,-0.17481569945812225,0,0
13,LEFT_EYE,0.4774520993232727,0.4919714331626892,-0.17481929063796997,0,0
13,LEFT_EYE_OUTER,0.4799865782260895,0.49165937304496765,-0.17481568455696106,0,0
13,RIGHT_EYE_INNER,0.4692540764808655,0.4928501844406128,-0.17234466969966888,0,0
13,RIGHT_EYE,0.46756473183631897,0.49307194352149963,-0.17236141860485077,0,0
13,RIGHT_EYE_OUTER,0.4661232829093933,0.49333134293556213,-0.17237693071365356,0,0
13,LEFT_EAR,0.48481661081314087,0.49575844407081604,-0.11204364150762558,0,0
13,RIGHT_EAR,0.4662318527698517,0.49672937393188477,-0.09865827113389969,0,0
13,MOUTH_LEFT,0.4767840504646301,0.5121755003929138,-0.1573372632265091,0,0
13,MOUTH_RIGHT,0.4688551723957062,0.5125924348831177,-0.15365076065063477,0,0
13,LEFT_SHOULDER,0.5075241923332214,0.550395667552948,-0.0656217411160469,0,0
13,RIGHT_SHOULDER,0.4504081606864929,0.5485415458679199,-0.05806225910782814,0,0
13,LEFT_ELBOW,0.5163882374763489,0.6243436932563782,-0.07997437566518784,0,0
13,RIGHT_ELBOW,0.44521233439445496,0.6241267323493958,-0.07140553742647171,0,0
13,LEFT_WRIST,0.49210718274116516,0.6610185503959656,-0.16732311248779297,0,0
13,RIGHT_WRIST,0.4709320366382599,0.6639322638511658,-0.15399977564811707,0,0
13,LEFT_PINKY,0.4884353578090668,0.6820969581604004,-0.19322310388088226,0,0
13,RIGHT_PINKY,0.47769612073898315,0.6811004281044006,-0.18150749802589417,0,0
13,LEFT_INDEX,0.48435163497924805,0.67611163854599,-0.20586879551410675,0,0
13,RIGHT_INDEX,0.48227497935295105,0.6751871109008789,-0.1880544126033783,0,0
13,LEFT_THUMB,0.48494428396224976,0.6697615385055542,-0.1730635017156601,0,0
13,RIGHT_THUMB,0.48083311319351196,0.6688889265060425,-0.157856747508049,0,0
13,LEFT_HIP,0.4933701455593109,0.6981675028800964,-0.007939566858112812,0,0
13,RIGHT_HIP,0.45984554290771484,0.6964345574378967,0.007902081124484539,0,0
13,LEFT_KNEE,0.5122513175010681,0.7917119860649109,-0.014355138875544071,0,0
13,RIGHT_KNEE,0.44207438826560974,0.8010552525520325,0.008711176924407482,0,0
13,LEFT_ANKLE,0.5249607563018799,0.8819615840911865,0.09286762773990631,0,0
13,RIGHT_ANKLE,0.4262304902076721,0.8991084098815918,0.10840455442667007,0,0
13,LEFT_HEEL,0.5238094925880432,0.8932162523269653,0.09911545366048813,0,0
13,RIGHT_HEEL,0.43212220072746277,0.9152783155441284,0.11391230672597885,0,0
13,LEFT_FOOT_INDEX,0.5299991965293884,0.9242699146270752,0.021012555807828903,0,0
13,RIGHT_FOOT_INDEX,0.4096735715866089,0.9388807415962219,0.04183892905712128,0,0
14,NOSE,0.4709232449531555,0.5025285482406616,-0.17397835850715637,0,0
14,LEFT_EYE_INNER,0.4746238589286804,0.4923418462276459,-0.16658911108970642,0,0
14,LEFT_EYE,0.4770185351371765,0.4920395016670227,-0.16659146547317505,0,0
14,LEFT_EYE_OUTER,0.4794546663761139,0.4917391240596771,-0.16658368706703186,0,0
14,RIGHT_EYE_INNER,0.46899518370628357,0.49297913908958435,-0.16350895166397095,0,0
14,RIGHT_EYE,0.4674152433872223,0.49322018027305603,-0.16352465748786926,0,0
14,RIGHT_EYE_OUTER,0.4660341143608093,0.49349862337112427,-0.1635405272245407,0,0
14,LEFT_EAR,0.48469582200050354,0.4957839846611023,-0.10725613683462143,0,0
14,RIGHT_EAR,0.4662708640098572,0.496833860874176,-0.09074687212705612,0,0
14,MOUTH_LEFT,0.47630637884140015,0.5122449398040771,-0.15016701817512512,0,0
14,MOUTH_RIGHT,0.46862098574638367,0.5126768350601196,-0.14565682411193848,0,0
14,LEFT_SHOULDER,0.5076284408569336,0.5506153702735901,-0.0662900060415268,0,0
14,RIGHT_SHOULDER,0.450388640165329,0.5488157868385315,-0.05207515135407448,0,0
14,LEFT_ELBOW,0.5152677893638611,0.6258581876754761,-0.08386906236410141,0,0
14,RIGHT_ELBOW,0.44534194469451904,0.624549150466919,-0.06929720938205719,0,0
14,LEFT_WRIST,0.48883768916130066,0.662093997001648,-0.16745519638061523,0,0
14,RIGHT_WRIST,0.47038885951042175,0.6640012860298157,-0.15148834884166718,0,0
14,LEFT_PINKY,0.48556002974510193,0.6831977963447571,-0.19490483403205872,0,0
14,RIGHT_PINKY,0.47761020064353943,0.6817028522491455,-0.17801600694656372,0,0
14,LEFT_INDEX,0.48134008049964905,0.6772184371948242,-0.20655730366706848,0,0
14,RIGHT_INDEX,0.4820883870124817,0.6759170293807983,-0.18498851358890533,0,0
14,LEFT_THUMB,0.48177069425582886,0.6708852648735046,-0.17350266873836517,0,0
14,RIGHT_THUMB,0.4805125594139099,0.6696393489837646,-0.15547461807727814,0,0
14,LEFT_HIP,0.49332544207572937,0.6979929208755493,-0.007705304306000471,0,0
14,RIGHT_HIP,0.45973002910614014,0.6961153745651245,0.007656878791749477,0,0
14,LEFT_KNEE,0.5120733380317688,0.7904460430145264,-0.02330041117966175,0,0
14,RIGHT_KNEE,0.44210654497146606,0.8004745841026306,0.008885248564183712,0,0
14,LEFT_ANKLE,0.524963915348053,0.8813591003417969,0.07935159653425217,0,0
14,RIGHT_ANKLE,0.42622220516204834,0.8991050720214844,0.10685017704963684,0,0
14,LEFT_HEEL,0.5238106846809387,0.8924502730369568,0.08537895232439041,0,0
14,RIGHT_HEEL,0.432128369808197,0.915465772151947,0.11185884475708008,0,0
14,LEFT_FOOT_INDEX,0.5299466252326965,0.9240916967391968,0.006770213600248098,0,0
14,RIGHT_FOOT_INDEX,0.4096629023551941,0.9389240741729736,0.04005148261785507,0,0
15,NOSE,0.47043687105178833,0.5025779604911804,-0.1729360967874527,0,0
15,LEFT_EYE_INNER,0.47426363825798035,0.4923993647098541,-0.16577205061912537,0,0
15,LEFT_EYE,0.47669902443885803,0.492080956697464,-0.1657734513282776,0,0
15,LEFT_EYE_OUTER,0.4790648818016052,0.49178484082221985,-0.16576525568962097,0,0
15,RIGHT_EYE_INNER,0.46875667572021484,0.4930860102176666,-0.16236451268196106,0,0
15,RIGHT_EYE,0.4672653377056122,0.4933353662490845,-0.1623798906803131,0,0
15,RIGHT_EYE_OUTER,0.46592456102371216,0.4936264455318451,-0.16239596903324127,0,0
15,LEFT_EAR,0.4846004843711853,0.4957996606826782,-0.10716211050748825,0,0
15,RIGHT_EAR,0.46629706025123596,0.4968831241130829,-0.08940805494785309,0,0
15,MOUTH_LEFT,0.4758968949317932,0.5122925639152527,-0.1494503915309906,0,0
15,MOUTH_RIGHT,0.46840327978134155,0.5127178430557251,-0.14453840255737305,0,0
15,LEFT_SHOULDER,0.5076573491096497,0.5507304072380066,-0.06693235784769058,0,0
15,RIGHT_SHOULDER,0.4503404498100281,0.5490028262138367,-0.05061955004930496,0,0
15,LEFT_ELBOW,0.5145676732063293,0.6266617774963379,-0.08539894223213196,0,0
15,RIGHT_ELBOW,0.4453953802585602,0.6247199177742004,-0.06820326298475266,0,0
15,LEFT_WRIST,0.48764359951019287,0.6625940799713135,-0.16849125921726227,0,0
15,RIGHT_WRIST,0.4700641632080078,0.6641669273376465,-0.14968474209308624,0,0
15,LEFT_PINKY,0.4843897223472595,0.6838454604148865,-0.1951318085193634,0,0
15,RIGHT_PINKY,0.477552205324173,0.6825017333030701,-0.1759440302848816,0,0
15,LEFT_INDEX,0.48013031482696533,0.6778558492660522,-0.20693033933639526,0,0
15,RIGHT_INDEX,0.4819512367248535,0.676807701587677,-0.1830311417579651,0,0
15,LEFT_THUMB,0.48052841424942017,0.6714795231819153,-0.17417378723621368,0,0
15,RIGHT_THUMB,0.48019716143608093,0.670280396938324,-0.1536886841058731,0,0
15,LEFT_HIP,0.493224173784256,0.6978540420532227,-0.00770827429369092,0,0
15,RIGHT_HIP,0.45967453718185425,0.696065366268158,0.00765854399651289,0,0
15,LEFT_KNEE,0.5118526816368103,0.789665937423706,-0.026589538902044296,0,0
15,RIGHT_KNEE,0.44205912947654724,0.8003000020980835,0.00914098508656025,0,0
15,LEFT_ANKLE,0.5249848961830139,0.8812880516052246,0.07718741148710251,0,0
15,RIGHT_ANKLE,0.4262204170227051,0.8993722796440125,0.10676685720682144,0,0
15,LEFT_HEEL,0.5238581299781799,0.8923377990722656,0.08333668112754822,0,0
15,RIGHT_HEEL,0.43215644359588623,0.9161083698272705,0.11146911978721619,0,0
15,LEFT_FOOT_INDEX,0.5299242734909058,0.9239106178283691,0.004655622877180576,0,0
15,RIGHT_FOOT_INDEX,0.40966448187828064,0.9390241503715515,0.039998315274715424,0,0
16,NOSE,0.47000372409820557,0.5026933550834656,-0.1556156426668167,0,0
16,LEFT_EYE_INNER,0.4739777445793152,0.49249330163002014,-0.14892171323299408,0,0
16,LEFT_EYE,0.4764624238014221,0.4921557307243347,-0.14891944825649261,0,0
16,LEFT_EYE_OUTER,0.4787789583206177,0.49185633659362793,-0.14890597760677338,0,0
16,RIGHT_EYE_INNER,0.4685094654560089,0.4932088255882263,-0.14522090554237366,0,0
16,RIGHT_EYE,0.4670667350292206,0.4934486150741577,-0.14523179829120636,0,0
16,RIGHT_EYE_OUTER,0.4657439887523651,0.4937288761138916,-0.14524337649345398,0,0
16,LEFT_EAR,0.4844841957092285,0.49581876397132874,-0.09334103763103485,0,0
16,RIGHT_EAR,0.46629026532173157,0.49690303206443787,-0.07395898550748825,0,0
16,MOUTH_LEFT,0.4754479229450226,0.5124630928039551,-0.13307644426822662,0,0
16,MOUTH_RIGHT,0.4680957496166229,0.5128903985023499,-0.12780387699604034,0,0
16,LEFT_SHOULDER,0.5076495409011841,0.5508928894996643,-0.05861787497997284,0,0
16,RIGHT_SHOULDER,0.4503181278705597,0.5490379929542542,-0.03591449558734894,0,0
16,LEFT_ELBOW,0.5117568373680115,0.6267839074134827,-0.07619510591030121,0,0
16,RIGHT_ELBOW,0.4453536868095398,0.6246386766433716,-0.05110972002148628,0,0
16,LEFT_WRIST,0.48691025376319885,0.6618967056274414,-0.16333167254924774,0,0
16,RIGHT_WRIST,0.46966302394866943,0.6645402908325195,-0.1342429518699646,0,0
16,LEFT_PINKY,0.4831778407096863,0.6828489899635315,-0.19059887528419495,0,0
16,RIGHT_PINKY,0.4753968119621277,0.6824358105659485,-0.16000695526599884,0,0
16,LEFT_INDEX,0.47914010286331177,0.6769126653671265,-0.20238222181797028,0,0
16,RIGHT_INDEX,0.48022300004959106,0.6766339540481567,-0.16756682097911835,0,0
16,LEFT_THUMB,0.47953224182128906,0.6705537438392639,-0.16936083137989044,0,0
16,RIGHT_THUMB,0.47899767756462097,0.670281708240509,-0.1384592056274414,0,0
16,LEFT_HIP,0.4930613338947296,0.6974568367004395,-0.007932741194963455,0,0
16,RIGHT_HIP,0.45962658524513245,0.6960703134536743,0.007879314944148064,0,0
16,LEFT_KNEE,0.5106112360954285,0.7885724306106567,-0.04379243403673172,0,0
16,RIGHT_KNEE,0.4420425295829773,0.8001663684844971,0.008643020875751972,0,0
16,LEFT_ANKLE,0.5250024199485779,0.8813403844833374,0.05305072292685509,0,0
16,RIGHT_ANKLE,0.42618799209594727,0.8995794057846069,0.1021495908498764,0,0
16,LEFT_HEEL,0.5240545272827148,0.8923409581184387,0.05848180502653122,0,0
16,RIGHT_HEEL,0.4321891963481903,0.9166748523712158,0.10688631981611252,0,0
16,LEFT_FOOT_INDEX,0.5298202037811279,0.9239326119422913,-0.022380081936717033,0,0
16,RIGHT_FOOT_INDEX,0.4096355736255646,0.9390804171562195,0.034666452556848526,0,0
17,NOSE,0.46957075595855713,0.502807080745697,-0.13997159898281097,0,0
17,LEFT_EYE_INNER,0.4736243784427643,0.4925660192966461,-0.132393941283226,0,0
17,LEFT_EYE,0.47619694471359253,0.4922427833080292,-0.13239704072475433,0,0
17,LEFT_EYE_OUTER,0.4784974157810211,0.4919789731502533,-0.13238213956356049,0,0
17,RIGHT_EYE_INNER,0.46816200017929077,0.4932718873023987,-0.12929032742977142,0,0
17,RIGHT_EYE,0.46674808859825134,0.49349573254585266,-0.12929774820804596,0,0
17,RIGHT_EYE_OUTER,0.4654301702976227,0.49376463890075684,-0.1293042004108429,0,0
17,LEFT_EAR,0.484256774187088,0.49591007828712463,-0.07475283741950989,0,0
17,RIGHT_EAR,0.46607550978660583,0.4969274401664734,-0.05866990238428116,0,0
17,MOUTH_LEFT,0.4749300181865692,0.5126982927322388,-0.1171097457408905,0,0
17,MOUTH_RIGHT,0.46773549914360046,0.513062596321106,-0.11264815926551819,0,0
17,LEFT_SHOULDER,0.5068280100822449,0.5508079528808594,-0.04243037477135658,0,0
17,RIGHT_SHOULDER,0.4500584900379181,0.5491811037063599,-0.022741734981536865,0,0
17,LEFT_ELBOW,0.5108816623687744,0.6266742944717407,-0.07025695592164993,0,0
17,RIGHT_ELBOW,0.4453097879886627,0.6246221661567688,-0.04278266429901123,0,0
17,LEFT_WRIST,0.4873492121696472,0.6593366861343384,-0.16481705009937286,0,0
17,RIGHT_WRIST,0.46817493438720703,0.6640634536743164,-0.13024811446666718,0,0
17,LEFT_PINKY,0.4835616946220398,0.6827040314674377,-0.19078204035758972,0,0
17,RIGHT_PINKY,0.47275257110595703,0.6814112067222595,-0.1569015383720398,0,0
17,LEFT_INDEX,0.47950631380081177,0.6763330698013306,-0.20376452803611755,0,0
17,RIGHT_INDEX,0.4776799976825714,0.6754137873649597,-0.1645144522190094,0,0
17,LEFT_THUMB,0.47981056571006775,0.6700291037559509,-0.17026680707931519,0,0
17,RIGHT_THUMB,0.4766913950443268,0.6692187786102295,-0.13464979827404022,0,0
17,LEFT_HIP,0.4923205077648163,0.697012186050415,-0.008080834522843361,0,0
17,RIGHT_HIP,0.45952120423316956,0.6959713697433472,0.008029221557080746,0,0
17,LEFT_KNEE,0.5096667408943176,0.7887747287750244,-0.04316776618361473,0,0
17,RIGHT_KNEE,0.4417479634284973,0.8001850247383118,0.00043867123895324767,0,0
17,LEFT_ANKLE,0.5250058770179749,0.8813530802726746,0.05447126179933548,0,0
17,RIGHT_ANKLE,0.42611372470855713,0.8995855450630188,0.09045757353305817,0,0
17,LEFT_HEEL,0.5242379903793335,0.8922723531723022,0.05988374724984169,0,0
17,RIGHT_HEEL,0.4321883022785187,0.9167147874832153,0.09539621323347092,0,0
17,LEFT_FOOT_INDEX,0.5297085046768188,0.9240160584449768,-0.020887341350317,0,0
17,RIGHT_FOOT_INDEX,0.4096360504627228,0.9391117095947266,0.0225252415984869,0,0
18,NOSE,0.4688953459262848,0.5032752752304077,-0.14313046634197235,0,0
18,LEFT_EYE_INNER,0.473077654838562,0.49282628297805786,-0.13610891997814178,0,0
18,LEFT_EYE,0.4757488965988159,0.49254918098449707,-0.13611043989658356,0,0
18,LEFT_EYE_OUTER,0.47811684012413025,0.49233686923980713,-0.1360919177532196,0,0
18,RIGHT_EYE_INNER,0.4676592946052551,0.4934883415699005,-0.1323581486940384,0,0
18,RIGHT_EYE,0.4662986397743225,0.49367550015449524,-0.13237212598323822,0,0
18,RIGHT_EYE_OUTER,0.4649675190448761,0.4939254820346832,-0.13239091634750366,0,0
18,LEFT_EAR,0.48398929834365845,0.4961825907230377,-0.07960058748722076,0,0
18,RIGHT_EAR,0.4658275246620178,0.4970068037509918,-0.06099614128470421,0,0
18,MOUTH_LEFT,0.47415032982826233,0.5132848024368286,-0.1207633838057518,0,0
18,MOUTH_RIGHT,0.467328816652298,0.5134177207946777,-0.11547918617725372,0,0
18,LEFT_SHOULDER,0.5063926577568054,0.5513148307800293,-0.04512312263250351,0,0
18,RIGHT_SHOULDER,0.45000430941581726,0.5491389036178589,-0.023671066388487816,0,0
18,LEFT_ELBOW,0.5094336271286011,0.6265912055969238,-0.07087263464927673,0,0
18,RIGHT_ELBOW,0.44503340125083923,0.6243495941162109,-0.04536014422774315,0,0
18,LEFT_WRIST,0.48751434683799744,0.6592597961425781,-0.1621982604265213,0,0
18,RIGHT_WRIST,0.46727514266967773,0.6637399792671204,-0.13843198120594025,0,0
18,LEFT_PINKY,0.48339298367500305,0.6827492117881775,-0.18821927905082703,0,0
18,RIGHT_PINKY,0.4716640114784241,0.6812763214111328,-0.16550201177597046,0,0
18,LEFT_INDEX,0.4794449210166931,0.6756991147994995,-0.19980882108211517,0,0
18,RIGHT_INDEX,0.4765138030052185,0.6749805212020874,-0.1725495308637619,0,0
18,LEFT_THUMB,0.4797516465187073,0.6690704822540283,-0.16798296570777893,0,0
18,RIGHT_THUMB,0.4756428897380829,0.6690489053726196,-0.14259721338748932,0,0
18,LEFT_HIP,0.4915468394756317,0.6971045136451721,-0.009770742617547512,0,0
18,RIGHT_HIP,0.4593929946422577,0.6960324048995972,0.009703547693789005,0,0
18,LEFT_KNEE,0.5087941884994507,0.7894196510314941,-0.03732983022928238,0,0
18,RIGHT_KNEE,0.44159039855003357,0.8001574277877808,0.0013023500796407461,0,0
18,LEFT_ANKLE,0.5250827670097351,0.8815350532531738,0.05984311178326607,0,0
18,RIGHT_ANKLE,0.4260918200016022,0.899606466293335,0.08979876339435577,0,0
18,LEFT_HEEL,0.52466881275177,0.8922094106674194,0.0677654817700386,0,0
18,RIGHT_HEEL,0.4321924149990082,0.9167529344558716,0.0945514515042305,0,0
18,LEFT_FOOT_INDEX,0.5295873880386353,0.924163818359375,-0.013840864412486553,0,0
18,RIGHT_FOOT_INDEX,0.40964290499687195,0.9391430020332336,0.022507471963763237,0,0
19,NOSE,0.468070924282074,0.5034899115562439,-0.15305308997631073,0,0
19,LEFT_EYE_INNER,0.4723148047924042,0.49290037155151367,-0.1473100781440735,0,0
19,LEFT_EYE,0.47508320212364197,0.49263033270835876,-0.14730699360370636,0,0
19,LEFT_EYE_OUTER,0.4775960147380829,0.49241769313812256,-0.14728564023971558,0,0
19,RIGHT_EYE_INNER,0.4669223129749298,0.49359047412872314,-0.14172601699829102,0,0
19,RIGHT_EYE,0.46558457612991333,0.49376481771469116,-0.14174890518188477,0,0
19,RIGHT_EYE_OUTER,0.46420156955718994,0.49402472376823425,-0.14178913831710815,0,0
19,LEFT_EAR,0.4836539030075073,0.49625906348228455,-0.093797966837883,0,0
19,RIGHT_EAR,0.465324729681015,0.497068852186203,-0.06709862500429153,0,0
19,MOUTH_LEFT,0.47325509786605835,0.5136273503303528,-0.13187798857688904,0,0
19,MOUTH_RIGHT,0.4668038487434387,0.5136665105819702,-0.12424464523792267,0,0
19,LEFT_SHOULDER,0.5060709118843079,0.5522645711898804,-0.058006368577480316,0,0
19,RIGHT_SHOULDER,0.4499729871749878,0.549118161201477,-0.02381916530430317,0,0
19,LEFT_ELBOW,0.5092733502388,0.6275337338447571,-0.07245243340730667,0,0
19,RIGHT_ELBOW,0.4444546401500702,0.6238811612129211,-0.04662012681365013,0,0
19,LEFT_WRIST,0.4894074499607086,0.6666213274002075,-0.15909849107265472,0,0
19,RIGHT_WRIST,0.4662711024284363,0.6635645627975464,-0.1532827466726303,0,0
19,LEFT_PINKY,0.4835125505924225,0.6904543042182922,-0.18427112698554993,0,0
19,RIGHT_PINKY,0.4708021283149719,0.6797060370445251,-0.18044985830783844,0,0
19,LEFT_INDEX,0.4803186058998108,0.6804540157318115,-0.19635237753391266,0,0
19,RIGHT_INDEX,0.4754895269870758,0.6719921827316284,-0.18789973855018616,0,0
19,LEFT_THUMB,0.48020458221435547,0.6710215210914612,-0.16512782871723175,0,0
19,RIGHT_THUMB,0.4745864272117615,0.6669149994850159,-0.15800169110298157,0,0
19,LEFT_HIP,0.49050718545913696,0.6983705163002014,-0.011761514469981194,0,0
19,RIGHT_HIP,0.458719402551651,0.6964856386184692,0.01168868038803339,0,0
19,LEFT_KNEE,0.5082191228866577,0.7907542586326599,-0.021181989461183548,0,0
19,RIGHT_KNEE,0.44106969237327576,0.8001675009727478,0.006563978735357523,0,0
19,LEFT_ANKLE,0.5250850915908813,0.8815317153930664,0.09764619171619415,0,0
19,RIGHT_ANKLE,0.42608895897865295,0.8995331525802612,0.09450682997703552,0,0
19,LEFT_HEEL,0.5247887969017029,0.8917858600616455,0.10531803965568542,0,0
19,RIGHT_HEEL,0.4322359263896942,0.916714608669281,0.09917408972978592,0,0
19,LEFT_FOOT_INDEX,0.529487669467926,0.9242334365844727,0.027224618941545486,0,0
19,RIGHT_FOOT_INDEX,0.4096533954143524,0.9391488432884216,0.028288181871175766,0,0
20,NOSE,0.46770039200782776,0.5036805272102356,-0.1519995778799057,0,0
20,LEFT_EYE_INNER,0.4719179570674896,0.49301841855049133,-0.14583659172058105,0,0
20,LEFT_EYE,0.4747006297111511,0.4927769899368286,-0.1458360254764557,0,0
20,LEFT_EYE_OUTER,0.47725799679756165,0.4925817549228668,-0.14581434428691864,0,0
20,RIGHT_EYE_INNER,0.4665207862854004,0.49368369579315186,-0.1408509612083435,0,0
20,RIGHT_EYE,0.46517622470855713,0.49383974075317383,-0.14087292551994324,0,0
20,RIGHT_EYE_OUTER,0.46376341581344604,0.494093656539917,-0.14090709388256073,0,0
20,LEFT_EAR,0.4833196997642517,0.49641355872154236,-0.09322095662355423,0,0
20,RIGHT_EAR,0.46487003564834595,0.49716219305992126,-0.06734369695186615,0,0
20,MOUTH_LEFT,0.4727363884449005,0.5138440728187561,-0.13048073649406433,0,0
20,MOUTH_RIGHT,0.46647998690605164,0.5138410925865173,-0.12354107946157455,0,0
20,LEFT_SHOULDER,0.5055732727050781,0.55251544713974,-0.05710061639547348,0,0
20,RIGHT_SHOULDER,0.4498615860939026,0.5491158962249756,-0.02638271264731884,0,0
20,LEFT_ELBOW,0.5092260241508484,0.6273702383041382,-0.07270869612693787,0,0
20,RIGHT_ELBOW,0.4439540505409241,0.6227483749389648,-0.049708981066942215,0,0
20,LEFT_WRIST,0.489420622587204,0.6666069626808167,-0.15680640935897827,0,0
20,RIGHT_WRIST,0.4654354453086853,0.6626781821250916,-0.15624813735485077,0,0
20,LEFT_PINKY,0.4833414852619171,0.6901710033416748,-0.18184782564640045,0,0
20,RIGHT_PINKY,0.4702567160129547,0.6769270896911621,-0.18370594084262848,0,0
20,LEFT_INDEX,0.4801079332828522,0.6794012188911438,-0.19365659356117249,0,0
20,RIGHT_INDEX,0.47493651509284973,0.6684508919715881,-0.19057779014110565,0,0
20,LEFT_THUMB,0.48029929399490356,0.6702436208724976,-0.1627618968486786,0,0
20,RIGHT_THUMB,0.47394248843193054,0.6639428734779358,-0.16084009408950806,0,0
20,LEFT_HIP,0.49009576439857483,0.7002405524253845,-0.013103113509714603,0,0
20,RIGHT_HIP,0.4584111273288727,0.6973865032196045,0.01303781010210514,0,0
20,LEFT_KNEE,0.5080918669700623,0.7920778393745422,-0.017541559413075447,0,0
20,RIGHT_KNEE,0.44065603613853455,0.8002135157585144,0.006214486435055733,0,0
20,LEFT_ANKLE,0.5251145958900452,0.8815385103225708,0.10506796091794968,0,0
20,RIGHT_ANKLE,0.42608678340911865,0.8994576930999756,0.09531860053539276,0,0
20,LEFT_HEEL,0.5249003767967224,0.891665518283844,0.11278622597455978,0,0
20,RIGHT_HEEL,0.4322647452354431,0.9166618585586548,0.100273996591568,0,0
20,LEFT_FOOT_INDEX,0.5294106006622314,0.9243425130844116,0.035899143666028976,0,0
20,RIGHT_FOOT_INDEX,0.4096810221672058,0.9391100406646729,0.028442246839404106,0,0
21,NOSE,0.46743467450141907,0.5037768483161926,-0.15038806200027466,0,0
21,LEFT_EYE_INNER,0.47162926197052,0.4930805265903473,-0.14388805627822876,0,0
21,LEFT_EYE,0.4744133949279785,0.4928431808948517,-0.14389020204544067,0,0
21,LEFT_EYE_OUTER,0.47699448466300964,0.49264267086982727,-0.14386937022209167,0,0
21,RIGHT_EYE_INNER,0.4662536382675171,0.4937566816806793,-0.13914313912391663,0,0
21,RIGHT_EYE,0.4649193584918976,0.4939027428627014,-0.13916461169719696,0,0
21,RIGHT_EYE_OUTER,0.4635099470615387,0.4941573441028595,-0.1391962617635727,0,0
21,LEFT_EAR,0.48306864500045776,0.4964595139026642,-0.09061197936534882,0,0
21,RIGHT_EAR,0.464656800031662,0.49720922112464905,-0.0657181590795517,0,0
21,MOUTH_LEFT,0.47243133187294006,0.5139307379722595,-0.1286400854587555,0,0
21,MOUTH_RIGHT,0.4662618041038513,0.5139170289039612,-0.12201065570116043,0,0
21,LEFT_SHOULDER,0.5052809119224548,0.5525829195976257,-0.05641911178827286,0,0
21,RIGHT_SHOULDER,0.44975051283836365,0.5491517782211304,-0.025786252692341805,0,0
21,LEFT_ELBOW,0.5092450380325317,0.6269626021385193,-0.07277964800596237,0,0
21,RIGHT_ELBOW,0.44356468319892883,0.6222160458564758,-0.051133379340171814,0,0
21,LEFT_WRIST,0.4894316494464874,0.6663346290588379,-0.15601836144924164,0,0
21,RIGHT_WRIST,0.46500828862190247,0.6619364619255066,-0.15782663226127625,0,0
21,LEFT_PINKY,0.4832259714603424,0.6898431181907654,-0.1812739074230194,0,0
21,RIGHT_PINKY,0.46999675035476685,0.6752636432647705,-0.18556801974773407,0,0
21,LEFT_INDEX,0.4799451231956482,0.6786656975746155,-0.192912757396698,0,0
21,RIGHT_INDEX,0.4746791422367096,0.6665326356887817,-0.19212715327739716,0,0
21,LEFT_THUMB,0.48034054040908813,0.6698047518730164,-0.1619071066379547,0,0
21,RIGHT_THUMB,0.47363752126693726,0.6622026562690735,-0.1623476892709732,0,0
21,LEFT_HIP,0.4898636043071747,0.7012983560562134,-0.013624695129692554,0,0
21,RIGHT_HIP,0.4581731855869293,0.6979856491088867,0.013564947992563248,0,0
21,LEFT_KNEE,0.5080062747001648,0.792926549911499,-0.01670205220580101,0,0
21,RIGHT_KNEE,0.44041338562965393,0.8002300262451172,0.005071714986115694,0,0
21,LEFT_ANKLE,0.5251457691192627,0.8816214799880981,0.10700973868370056,0,0
21,RIGHT_ANKLE,0.4260849058628082,0.8994100093841553,0.09568408876657486,0,0
21,LEFT_HEEL,0.5249542593955994,0.8916749358177185,0.11482029408216476,0,0
21,RIGHT_HEEL,0.43228599429130554,0.9166090488433838,0.10083257406949997,0,0
21,LEFT_FOOT_INDEX,0.5293888449668884,0.9244035482406616,0.03790416941046715,0,0
21,RIGHT_FOOT_INDEX,0.40970414876937866,0.9390937685966492,0.02893957495689392,0,0
22,NOSE,0.46705809235572815,0.5041186809539795,-0.15248245000839233,0,0
22,LEFT_EYE_INNER,0.47127607464790344,0.49328240752220154,-0.14637786149978638,0,0
22,LEFT_EYE,0.47405532002449036,0.49307331442832947,-0.14637917280197144,0,0
22,LEFT_EYE_OUTER,0.4767209589481354,0.4929000437259674,-0.14636023342609406,0,0
22,RIGHT_EYE_INNER,0.46590742468833923,0.49394863843917847,-0.14101478457450867,0,0
22,RIGHT_EYE,0.46455299854278564,0.49408140778541565,-0.14103779196739197,0,0
22,RIGHT_EYE_OUTER,0.4631209373474121,0.49433210492134094,-0.14107565581798553,0,0
22,LEFT_EAR,0.4829067587852478,0.4966661334037781,-0.09251925349235535,0,0
22,RIGHT_EAR,0.46439072489738464,0.4973090887069702,-0.06581670790910721,0,0
22,MOUTH_LEFT,0.471996009349823,0.514245867729187,-0.13088370859622955,0,0
22,MOUTH_RIGHT,0.46593400835990906,0.5141853094100952,-0.12357889860868454,0,0
22,LEFT_SHOULDER,0.505170464515686,0.5535973310470581,-0.05807134881615639,0,0
22,RIGHT_SHOULDER,0.4496135115623474,0.5490760207176208,-0.026959873735904694,0,0
22,LEFT_ELBOW,0.5087715983390808,0.6291041970252991,-0.07288890331983566,0,0
22,RIGHT_ELBOW,0.44308850169181824,0.6215542554855347,-0.056323811411857605,0,0
22,LEFT_WRIST,0.4894675612449646,0.676552414894104,-0.1515628695487976,0,0
22,RIGHT_WRIST,0.46476680040359497,0.6605451107025146,-0.16602404415607452,0,0
22,LEFT_PINKY,0.4820455312728882,0.6916319727897644,-0.17612619698047638,0,0
22,RIGHT_PINKY,0.4697587788105011,0.6731021404266357,-0.19399729371070862,0,0
22,LEFT_INDEX,0.47895845770835876,0.6787862777709961,-0.18727029860019684,0,0
22,RIGHT_INDEX,0.4745093286037445,0.6645171642303467,-0.19994498789310455,0,0
22,LEFT_THUMB,0.4799530804157257,0.6698646545410156,-0.15703245997428894,0,0
22,RIGHT_THUMB,0.4734569787979126,0.6604149341583252,-0.17036329209804535,0,0
22,LEFT_HIP,0.4893013834953308,0.7025482058525085,-0.013462075963616371,0,0
22,RIGHT_HIP,0.45772016048431396,0.6987607479095459,0.013403481803834438,0,0
22,LEFT_KNEE,0.5080044865608215,0.7933318614959717,-0.013665322214365005,0,0
22,RIGHT_KNEE,0.4401395618915558,0.8005655407905579,0.0050757871940732,0,0
22,LEFT_ANKLE,0.525152325630188,0.8817138671875,0.1153111383318901,0,0
22,RIGHT_ANKLE,0.42608335614204407,0.899411141872406,0.09774612635374069,0,0
22,LEFT_HEEL,0.5249768495559692,0.8916803002357483,0.12376991659402847,0,0
22,RIGHT_HEEL,0.43231070041656494,0.9166046977043152,0.10330532491207123,0,0
22,LEFT_FOOT_INDEX,0.5293911695480347,0.9244524240493774,0.04758685454726219,0,0
22,RIGHT_FOOT_INDEX,0.40970578789711,0.9390963315963745,0.03191206604242325,0,0
23,NOSE,0.46647724509239197,0.5042413473129272,-0.15267887711524963,0,0
23,LEFT_EYE_INNER,0.47073978185653687,0.4933529198169708,-0.14653506875038147,0,0
23,LEFT_EYE,0.47343698143959045,0.4931430518627167,-0.146535262465477,0,0
23,LEFT_EYE_OUTER,0.4762323498725891,0.4929704964160919,-0.1465151160955429,0,0
23,RIGHT_EYE_INNER,0.4654488265514374,0.4940425753593445,-0.1413576751947403,0,0
23,RIGHT_EYE,0.4641090929508209,0.4941745400428772,-0.14137910306453705,0,0
23,RIGHT_EYE_OUTER,0.4626907706260681,0.4944303035736084,-0.14141248166561127,0,0
23,LEFT_EAR,0.48264724016189575,0.4967668354511261,-0.0932958647608757,0,0
23,RIGHT_EAR,0.46420106291770935,0.49735599756240845,-0.06690921634435654,0,0
23,MOUTH_LEFT,0.4713020324707031,0.5144004225730896,-0.1310783177614212,0,0
23,MOUTH_RIGHT,0.46543869376182556,0.5143090486526489,-0.123929463326931,0,0
23,LEFT_SHOULDER,0.504914402961731,0.5538435578346252,-0.06001322343945503,0,0
23,RIGHT_SHOULDER,0.44956591725349426,0.5488888621330261,-0.027619589120149612,0,0
23,LEFT_ELBOW,0.5080869793891907,0.629601001739502,-0.07574205845594406,0,0
23,RIGHT_ELBOW,0.4426206946372986,0.6207171678543091,-0.05561550706624985,0,0
23,LEFT_WRIST,0.48932936787605286,0.6763860583305359,-0.15432040393352509,0,0
23,RIGHT_WRIST,0.4643014073371887,0.6598544716835022,-0.16220824420452118,0,0
23,LEFT_PINKY,0.4800175428390503,0.6911609768867493,-0.17921169102191925,0,0
23,RIGHT_PINKY,0.46924787759780884,0.6721673011779785,-0.19004425406455994,0,0
23,LEFT_INDEX,0.4784041941165924,0.6784167885780334,-0.1899789720773697,0,0
23,RIGHT_INDEX,0.4739939272403717,0.66357421875,-0.19632458686828613,0,0
23,LEFT_THUMB,0.47970396280288696,0.6698102951049805,-0.1597699075937271,0,0
23,RIGHT_THUMB,0.47287094593048096,0.6595107316970825,-0.16652226448059082,0,0
23,LEFT_HIP,0.48890236020088196,0.7027347087860107,-0.014388292096555233,0,0
23,RIGHT_HIP,0.4574833810329437,0.6991316080093384,0.014326358214020729,0,0
23,LEFT_KNEE,0.5078629851341248,0.7932806611061096,-0.014251897111535072,0,0
23,RIGHT_KNEE,0.4399234652519226,0.8006901144981384,0.009067650884389877,0,0
23,LEFT_ANKLE,0.5251549482345581,0.881756067276001,0.10901504009962082,0,0
23,RIGHT_ANKLE,0.42607101798057556,0.8995033502578735,0.10086917132139206,0,0
23,LEFT_HEEL,0.5249884128570557,0.8917473554611206,0.11679112166166306,0,0
23,RIGHT_HEEL,0.4323226809501648,0.9166841506958008,0.10629040747880936,0,0
23,LEFT_FOOT_INDEX,0.5293652415275574,0.9244602918624878,0.039781324565410614,0,0
23,RIGHT_FOOT_INDEX,0.40969201922416687,0.9390984177589417,0.03551303967833519,0,0
24,NOSE,0.46620190143585205,0.5042547583580017,-0.1523536592721939,0,0
24,LEFT_EYE_INNER,0.47048965096473694,0.49335789680480957,-0.14621920883655548,0,0
24,LEFT_EYE,0.473148375749588,0.4931466579437256,-0.14621929824352264,0,0
24,LEFT_EYE_OUTER,0.47598448395729065,0.4929722547531128,-0.14619974792003632,0,0
24,RIGHT_EYE_INNER,0.46522727608680725,0.4940517842769623,-0.14103861153125763,0,0
24,RIGHT_EYE,0.46389907598495483,0.4941827356815338,-0.14105963706970215,0,0
24,RIGHT_EYE_OUTER,0.46249011158943176,0.4944377839565277,-0.141093447804451,0,0
24,LEFT_EAR,0.48247894644737244,0.4967890977859497,-0.09293552488088608,0,0
24,RIGHT_EAR,0.4640955328941345,0.4973585903644562,-0.06676100939512253,0,0
24,MOUTH_LEFT,0.470967173576355,0.5144252777099609,-0.1307898312807083,0,0
24,MOUTH_RIGHT,0.46517086029052734,0.514328122138977,-0.12362757325172424,0,0
24,LEFT_SHOULDER,0.5046706795692444,0.5539896488189697,-0.05925231799483299,0,0
24,RIGHT_SHOULDER,0.4495089650154114,0.5488623976707458,-0.027166375890374184,0,0
24,LEFT_ELBOW,0.5075237154960632,0.6293064951896667,-0.0760078877210617,0,0
24,RIGHT_ELBOW,0.4424701929092407,0.6205131411552429,-0.05520361661911011,0,0
24,LEFT_WRIST,0.4893377423286438,0.6762762069702148,-0.15577976405620575,0,0
24,RIGHT_WRIST,0.4641903340816498,0.6594343781471252,-0.16158202290534973,0,0
24,LEFT_PINKY,0.4804176092147827,0.6908499002456665,-0.1811780333518982,0,0
24,RIGHT_PINKY,0.46919184923171997,0.6716383695602417,-0.189235121011734,0,0
24,LEFT_INDEX,0.4784596264362335,0.6781705021858215,-0.19204096496105194,0,0
24,RIGHT_INDEX,0.47387269139289856,0.6631604433059692,-0.19563306868076324,0,0
24,LEFT_THUMB,0.4796845316886902,0.669740617275238,-0.1613173633813858,0,0
24,RIGHT_THUMB,0.47270435094833374,0.6591277122497559,-0.16602982580661774,0,0
24,LEFT_HIP,0.4887862801551819,0.702982485294342,-0.014386539347469807,0,0
24,RIGHT_HIP,0.4574286639690399,0.6993430852890015,0.014322739094495773,0,0
24,LEFT_KNEE,0.507893443107605,0.7933484315872192,-0.014858203940093517,0,0
24,RIGHT_KNEE,0.4397400915622711,0.8009073138237,0.008643223904073238,0,0
24,LEFT_ANKLE,0.5251322984695435,0.881767988204956,0.11127173155546188,0,0
24,RIGHT_ANKLE,0.42606985569000244,0.8996284008026123,0.10105197131633759,0,0
24,LEFT_HEEL,0.5249590873718262,0.8917389512062073,0.1194625124335289,0,0
24,RIGHT_HEEL,0.4323878288269043,0.9168298840522766,0.10661394149065018,0,0
24,LEFT_FOOT_INDEX,0.5293506383895874,0.9244670867919922,0.04248524084687233,0,0
24,RIGHT_FOOT_INDEX,0.40966862440109253,0.9391012787818909,0.03565748780965805,0,0
25,NOSE,0.46606209874153137,0.5042625665664673,-0.15056899189949036,0,0
25,LEFT_EYE_INNER,0.4703352153301239,0.49336400628089905,-0.14433269202709198,0,0
25,LEFT_EYE,0.4729749858379364,0.4931505024433136,-0.14433448016643524,0,0
25,LEFT_EYE_OUTER,0.4758305847644806,0.49297305941581726,-0.14431621134281158,0,0
25,RIGHT_EYE_INNER,0.46508800983428955,0.49405941367149353,-0.13912971317768097,0,0
25,RIGHT_EYE,0.4637598395347595,0.4941888749599457,-0.1391497254371643,0,0
25,RIGHT_EYE_OUTER,0.4623563587665558,0.4944421947002411,-0.1391834318637848,0,0
25,LEFT_EAR,0.4823550879955292,0.49680063128471375,-0.09113594144582748,0,0
25,RIGHT_EAR,0.46401065587997437,0.4973636865615845,-0.0648110881447792,0,0
25,MOUTH_LEFT,0.47081640362739563,0.5144363641738892,-0.12906785309314728,0,0
25,MOUTH_RIGHT,0.46501702070236206,0.5143400430679321,-0.1218741238117218,0,0
25,LEFT_SHOULDER,0.5045703649520874,0.5541351437568665,-0.059000927954912186,0,0
25,RIGHT_SHOULDER,0.4494626820087433,0.5488610863685608,-0.025589484721422195,0,0
25,LEFT_ELBOW,0.5074658989906311,0.6291682720184326,-0.0758417546749115,0,0
25,RIGHT_ELBOW,0.44236940145492554,0.6203233599662781,-0.05426592752337456,0,0
25,LEFT_WRIST,0.4895324409008026,0.6763446927070618,-0.15648843348026276,0,0
25,RIGHT_WRIST,0.46392005681991577,0.6590940356254578,-0.16143736243247986,0,0
25,LEFT_PINKY,0.48068755865097046,0.6907032132148743,-0.18192392587661743,0,0
25,RIGHT_PINKY,0.4689722955226898,0.6713226437568665,-0.18921571969985962,0,0
25,LEFT_INDEX,0.4785541296005249,0.6779962182044983,-0.19299058616161346,0,0
25,RIGHT_INDEX,0.47362709045410156,0.6628262996673584,-0.19573436677455902,0,0
25,LEFT_THUMB,0.4797340929508209,0.6696680188179016,-0.16212688386440277,0,0
25,RIGHT_THUMB,0.4724363684654236,0.6587693095207214,-0.16602207720279694,0,0
25,LEFT_HIP,0.48869889974594116,0.7032619118690491,-0.014282261952757835,0,0
25,RIGHT_HIP,0.45735445618629456,0.6996414065361023,0.014219608157873154,0,0
25,LEFT_KNEE,0.5079063773155212,0.7934750318527222,-0.015191489830613136,0,0
25,RIGHT_KNEE,0.43964946269989014,0.8011138439178467,0.008067150600254536,0,0
25,LEFT_ANKLE,0.5251304507255554,0.8817911744117737,0.11011496186256409,0,0
25,RIGHT_ANKLE,0.42606911063194275,0.899659276008606,0.10121573507785797,0,0
25,LEFT_HEEL,0.5249453186988831,0.8917538523674011,0.11821619421243668,0,0
25,RIGHT_HEEL,0.43241557478904724,0.916866660118103,0.10687223076820374,0,0
25,LEFT_FOOT_INDEX,0.5293508768081665,0.9244730472564697,0.0410768985748291,0,0
25,RIGHT_FOOT_INDEX,0.4096553921699524,0.9391021132469177,0.03579486161470413,0,0
26,NOSE,0.46609365940093994,0.5043073296546936,-0.15091465413570404,0,0
26,LEFT_EYE_INNER,0.470375657081604,0.49340707063674927,-0.1450062096118927,0,0
26,LEFT_EYE,0.4730258584022522,0.4931962788105011,-0.14500874280929565,0,0
26,LEFT_EYE_OUTER,0.475856751203537,0.4930122196674347,-0.14498940110206604,0,0
26,RIGHT_EYE_INNER,0.46509936451911926,0.49410897493362427,-0.13932496309280396,0,0
26,RIGHT_EYE,0.4637695848941803,0.49423161149024963,-0.13934729993343353,0,0
26,RIGHT_EYE_OUTER,0.4623679518699646,0.49448150396347046,-0.13938717544078827,0,0
26,LEFT_EAR,0.48234739899635315,0.4968341886997223,-0.0917288288474083,0,0
26,RIGHT_EAR,0.4640114903450012,0.4973973035812378,-0.06555206328630447,0,0
26,MOUTH_LEFT,0.4709005355834961,0.514483630657196,-0.1295415759086609,0,0
26,MOUTH_RIGHT,0.46501561999320984,0.5143845677375793,-0.12206845730543137,0,0
26,LEFT_SHOULDER,0.5045272707939148,0.5541375279426575,-0.058574363589286804,0,0
26,RIGHT_SHOULDER,0.44944921135902405,0.5488966703414917,-0.025924036279320717,0,0
26,LEFT_ELBOW,0.5070229768753052,0.6285076141357422,-0.07579454779624939,0,0
26,RIGHT_ELBOW,0.4423614740371704,0.6203283071517944,-0.05286767706274986,0,0
26,LEFT_WRIST,0.4903779923915863,0.6730825304985046,-0.15947172045707703,0,0
26,RIGHT_WRIST,0.46396151185035706,0.658926248550415,-0.16093873977661133,0,0
26,LEFT_PINKY,0.4843505322933197,0.6903578042984009,-0.1849869042634964,0,0
26,RIGHT_PINKY,0.4690302908420563,0.6712285876274109,-0.18869170546531677,0,0
26,LEFT_INDEX,0.48169389367103577,0.6779199242591858,-0.19785422086715698,0,0
26,RIGHT_INDEX,0.47364649176597595,0.6629166603088379,-0.1954226940870285,0,0
26,LEFT_THUMB,0.48238036036491394,0.6697757244110107,-0.16608749330043793,0,0
26,RIGHT_THUMB,0.4724687337875366,0.6588014960289001,-0.16557107865810394,0,0
26,LEFT_HIP,0.4887291491031647,0.7033010125160217,-0.014485199004411697,0,0
26,RIGHT_HIP,0.45740076899528503,0.6996443867683411,0.014421739615499973,0,0
26,LEFT_KNEE,0.5080158114433289,0.7940362095832825,-0.015443552285432816,0,0
26,RIGHT_KNEE,0.43960562348365784,0.8011466264724731,0.0063124834559857845,0,0
26,LEFT_ANKLE,0.5251079201698303,0.88179612159729,0.11185501515865326,0,0
26,RIGHT_ANKLE,0.42609480023384094,0.8996520638465881,0.10122557729482651,0,0
26,LEFT_HEEL,0.524885892868042,0.8917365670204163,0.12013785541057587,0,0
26,RIGHT_HEEL,0.4324628710746765,0.9168589115142822,0.10697459429502487,0,0
26,LEFT_FOOT_INDEX,0.5293511748313904,0.9244793057441711,0.04283348098397255,0,0
26,RIGHT_FOOT_INDEX,0.40964800119400024,0.9390831589698792,0.03577077388763428,0,0
27,NOSE,0.466107040643692,0.5044729113578796,-0.14664532244205475,0,0
27,LEFT_EYE_INNER,0.47040078043937683,0.4935060739517212,-0.14022032916545868,0,0
27,LEFT_EYE,0.47303473949432373,0.49327483773231506,-0.1402251273393631,0,0
27,LEFT_EYE_OUTER,0.47587281465530396,0.4930694103240967,-0.14020590484142303,0,0
27,RIGHT_EYE_INNER,0.46511828899383545,0.49424833059310913,-0.1353304088115692,0,0
27,RIGHT_EYE,0.46378371119499207,0.4943750500679016,-0.13534778356552124,0,0
27,RIGHT_EYE_OUTER,0.4623839259147644,0.49463021755218506,-0.13537608087062836,0,0
27,LEFT_EAR,0.4823543429374695,0.4968394637107849,-0.08397317677736282,0,0
27,RIGHT_EAR,0.46401557326316833,0.4974825382232666,-0.05968279391527176,0,0
27,MOUTH_LEFT,0.4710339605808258,0.5145525336265564,-0.12397433072328568,0,0
27,MOUTH_RIGHT,0.46505090594291687,0.5144909024238586,-0.11711348593235016,0,0
27,LEFT_SHOULDER,0.5045315027236938,0.5535422563552856,-0.04744177311658859,0,0
27,RIGHT_SHOULDER,0.4494706988334656,0.5488504767417908,-0.019672002643346786,0,0
27,LEFT_ELBOW,0.507161021232605,0.6240030527114868,-0.07297888398170471,0,0
27,RIGHT_ELBOW,0.44239452481269836,0.6203316450119019,-0.04305551201105118,0,0
27,LEFT_WRIST,0.49243441224098206,0.662398636341095,-0.17198865115642548,0,0
27,RIGHT_WRIST,0.4639303386211395,0.6589271426200867,-0.15110091865062714,0,0
27,LEFT_PINKY,0.48728564381599426,0.6846113801002502,-0.20010216534137726,0,0
27,RIGHT_PINKY,0.46905314922332764,0.6712918877601624,-0.17934857308864594,0,0
27,LEFT_INDEX,0.4842495620250702,0.6734168529510498,-0.21321196854114532,0,0
27,RIGHT_INDEX,0.4736003875732422,0.6630328893661499,-0.18746677041053772,0,0
27,LEFT_THUMB,0.4847230017185211,0.666086733341217,-0.179385244846344,0,0
27,RIGHT_THUMB,0.4724382162094116,0.658860981464386,-0.15618063509464264,0,0
27,LEFT_HIP,0.48892831802368164,0.7017552852630615,-0.014373824000358582,0,0
27,RIGHT_HIP,0.45754438638687134,0.6990119814872742,0.014312198385596275,0,0
27,LEFT_KNEE,0.5080330967903137,0.7933374643325806,-0.02422640286386013,0,0
27,RIGHT_KNEE,0.4395916759967804,0.8011510968208313,0.003281512064859271,0,0
27,LEFT_ANKLE,0.5249946117401123,0.8817481398582458,0.09524719417095184,0,0
27,RIGHT_ANKLE,0.4261048436164856,0.8996677398681641,0.09876072406768799,0,0
27,LEFT_HEEL,0.524786114692688,0.8916701674461365,0.10246435552835464,0,0
27,RIGHT_HEEL,0.43248605728149414,0.9168826341629028,0.10444450378417969,0,0
27,LEFT_FOOT_INDEX,0.5293482542037964,0.9244887828826904,0.023876899853348732,0,0
27,RIGHT_FOOT_INDEX,0.40962737798690796,0.9390844702720642,0.03272024542093277,0,0
28,NOSE,0.4664979875087738,0.5045239329338074,-0.1473151296377182,0,0
28,LEFT_EYE_INNER,0.47057512402534485,0.49355727434158325,-0.14060111343860626,0,0
28,LEFT_EYE,0.4732319712638855,0.4933026432991028,-0.1406066119670868,0,0
28,LEFT_EYE_OUTER,0.4759560525417328,0.4930815100669861,-0.14058917760849,0,0
28,RIGHT_EYE_INNER,0.4652613401412964,0.49433380365371704,-0.13611550629138947,0,0
28,RIGHT_EYE,0.4639263153076172,0.49448344111442566,-0.1361328661441803,0,0
28,RIGHT_EYE_OUTER,0.4625304639339447,0.4947599768638611,-0.13615933060646057,0,0
28,LEFT_EAR,0.4823668897151947,0.4968183636665344,-0.08304549008607864,0,0
28,RIGHT_EAR,0.46404287219047546,0.4975966215133667,-0.06072993576526642,0,0
28,MOUTH_LEFT,0.4717405438423157,0.5145632028579712,-0.12425032258033752,0,0
28,MOUTH_RIGHT,0.46531859040260315,0.5145555734634399,-0.11792177706956863,0,0
28,LEFT_SHOULDER,0.5045967698097229,0.5529014468193054,-0.04532412812113762,0,0
28,RIGHT_SHOULDER,0.4495009183883667,0.548840343952179,-0.020717313513159752,0,0
28,LEFT_ELBOW,0.5072687864303589,0.6231525540351868,-0.07001018524169922,0,0
28,RIGHT_ELBOW,0.44259923696517944,0.620345413684845,-0.043705955147743225,0,0
28,LEFT_WRIST,0.4925767183303833,0.6575454473495483,-0.17080725729465485,0,0
28,RIGHT_WRIST,0.46438103914260864,0.6589197516441345,-0.15048210322856903,0,0
28,LEFT_PINKY,0.48816338181495667,0.6823419332504272,-0.19879315793514252,0,0
28,RIGHT_PINKY,0.4695533215999603,0.6713299751281738,-0.1788727343082428,0,0
28,LEFT_INDEX,0.48432210087776184,0.6720664501190186,-0.2116173952817917,0,0
28,RIGHT_INDEX,0.47408679127693176,0.6632915139198303,-0.18676018714904785,0,0
28,LEFT_THUMB,0.48460909724235535,0.6635388135910034,-0.17792727053165436,0,0
28,RIGHT_THUMB,0.4729840159416199,0.6590462327003479,-0.15536853671073914,0,0
28,LEFT_HIP,0.48912346363067627,0.7006351947784424,-0.013948100619018078,0,0
28,RIGHT_HIP,0.457549512386322,0.6982980370521545,0.013890637084841728,0,0
28,LEFT_KNEE,0.5081383585929871,0.7931469678878784,-0.024477481842041016,0,0
28,RIGHT_KNEE,0.4396129548549652,0.8011298179626465,-0.0014218464493751526,0,0
28,LEFT_ANKLE,0.5249875783920288,0.8819421529769897,0.09593657404184341,0,0
28,RIGHT_ANKLE,0.42613473534584045,0.89966881275177,0.09685759246349335,0,0
28,LEFT_HEEL,0.5247718095779419,0.8919068574905396,0.10333249717950821,0,0
28,RIGHT_HEEL,0.4325149357318878,0.91688472032547,0.10278794169425964,0,0
28,LEFT_FOOT_INDEX,0.5294262766838074,0.92461097240448,0.02529824525117874,0,0
28,RIGHT_FOOT_INDEX,0.4096379578113556,0.939069926738739,0.030660929158329964,0,0
29,NOSE,0.46735620498657227,0.5045994520187378,-0.15802663564682007,0,0
29,LEFT_EYE_INNER,0.47130414843559265,0.4936481714248657,-0.152065709233284,0,0
29,LEFT_EYE,0.4739016592502594,0.4933648705482483,-0.15206681191921234,0,0
29,LEFT_EYE_OUTER,0.47640714049339294,0.4931221306324005,-0.1520581692457199,0,0
29,RIGHT_EYE_INNER,0.46573761105537415,0.4944323003292084,-0.1482515186071396,0,0
29,RIGHT_EYE,0.4643348753452301,0.4945990741252899,-0.1482706218957901,0,0
29,RIGHT_EYE_OUTER,0.4629209339618683,0.49489712715148926,-0.1483021378517151,0,0
29,LEFT_EAR,0.4825023412704468,0.49678564071655273,-0.09448227286338806,0,0
29,RIGHT_EAR,0.46420225501060486,0.4976911246776581,-0.07471523433923721,0,0
29,MOUTH_LEFT,0.4729199707508087,0.5145816206932068,-0.13439802825450897,0,0
29,MOUTH_RIGHT,0.46584808826446533,0.5146300792694092,-0.1288023442029953,0,0
29,LEFT_SHOULDER,0.5050956606864929,0.5520995259284973,-0.0471394881606102,0,0
29,RIGHT_SHOULDER,0.4495152235031128,0.5488278865814209,-0.03539709374308586,0,0
29,LEFT_ELBOW,0.5076537132263184,0.6232666373252869,-0.0637916550040245,0,0
29,RIGHT_ELBOW,0.44299688935279846,0.6207740306854248,-0.05021116882562637,0,0
29,LEFT_WRIST,0.49551743268966675,0.6590713858604431,-0.15971294045448303,0,0
29,RIGHT_WRIST,0.4663096070289612,0.6590613126754761,-0.15043827891349792,0,0
29,LEFT_PINKY,0.4917777478694916,0.6832357048988342,-0.18582886457443237,0,0
29,RIGHT_PINKY,0.47335579991340637,0.6716221570968628,-0.1779077649116516,0,0
29,LEFT_INDEX,0.4884132146835327,0.6752335429191589,-0.20118635892868042,0,0
29,RIGHT_INDEX,0.4776817262172699,0.6639947295188904,-0.18528489768505096,0,0
29,LEFT_THUMB,0.48852771520614624,0.667991578578949,-0.16793093085289001,0,0
29,RIGHT_THUMB,0.4762406051158905,0.6594394445419312,-0.15477672219276428,0,0
29,LEFT_HIP,0.4898608326911926,0.6978738903999329,-0.01047639548778534,0,0
29,RIGHT_HIP,0.4576674997806549,0.6963147521018982,0.010431217029690742,0,0
29,LEFT_KNEE,0.5085421204566956,0.7929183840751648,-0.02850317768752575,0,0
29,RIGHT_KNEE,0.43971410393714905,0.8011423945426941,-0.0012842185096815228,0,0
29,LEFT_ANKLE,0.5249797701835632,0.8822591304779053,0.08031566441059113,0,0
29,RIGHT_ANKLE,0.4261312782764435,0.8996674418449402,0.09707380831241608,0,0
29,LEFT_HEEL,0.5245347619056702,0.8924673795700073,0.08657324314117432,0,0
29,RIGHT_HEEL,0.43249282240867615,0.9168888330459595,0.10334867984056473,0,0
29,LEFT_FOOT_INDEX,0.5296544432640076,0.9246490597724915,0.009224851615726948,0,0
29,RIGHT_FOOT_INDEX,0.4096461832523346,0.9391060471534729,0.031076548621058464,0,0
30,NOSE,0.4677921235561371,0.5045977830886841,-0.1583862155675888,0,0
30,LEFT_EYE_INNER,0.4716244637966156,0.4936510920524597,-0.1519242227077484,0,0
30,LEFT_EYE,0.47420695424079895,0.4933658242225647,-0.15192811191082,0,0
30,LEFT_EYE_OUTER,0.4766010046005249,0.49311691522598267,-0.15191854536533356,0,0
30,RIGHT_EYE_INNER,0.46600791811943054,0.4944450557231903,-0.1480870544910431,0,0
30,RIGHT_EYE,0.46458420157432556,0.49462443590164185,-0.14810578525066376,0,0
30,RIGHT_EYE_OUTER,0.4631734788417816,0.4949400722980499,-0.14813710749149323,0,0
30,LEFT_EAR,0.4825809895992279,0.4967035949230194,-0.09358461201190948,0,0
30,RIGHT_EAR,0.46439939737319946,0.4977169334888458,-0.07345188409090042,0,0
30,MOUTH_LEFT,0.4734402298927307,0.5145196914672852,-0.1345091015100479,0,0
30,MOUTH_RIGHT,0.46614864468574524,0.5146223306655884,-0.1289154589176178,0,0
30,LEFT_SHOULDER,0.5053395628929138,0.5518669486045837,-0.04787290841341019,0,0
30,RIGHT_SHOULDER,0.4495391845703125,0.5488412380218506,-0.033988192677497864,0,0
30,LEFT_ELBOW,0.5079187750816345,0.623367428779602,-0.06580612808465958,0,0
30,RIGHT_ELBOW,0.44341912865638733,0.6210573315620422,-0.05209484323859215,0,0
30,LEFT_WRIST,0.4951712489128113,0.6595502495765686,-0.16583450138568878,0,0
30,RIGHT_WRIST,0.4664692282676697,0.6591405272483826,-0.15397529304027557,0,0
30,LEFT_PINKY,0.49110540747642517,0.6838260293006897,-0.19338400661945343,0,0
30,RIGHT_PINKY,0.47342854738235474,0.6719247102737427,-0.1821020394563675,0,0
30,LEFT_INDEX,0.4888378381729126,0.6767128705978394,-0.20821863412857056,0,0
30,RIGHT_INDEX,0.4778454005718231,0.6644350290298462,-0.18964338302612305,0,0
30,LEFT_THUMB,0.48810067772865295,0.6679491996765137,-0.1740381121635437,0,0
30,RIGHT_THUMB,0.47639575600624084,0.6596358418464661,-0.15829476714134216,0,0
30,LEFT_HIP,0.4901837408542633,0.6973565220832825,-0.009684321470558643,0,0
30,RIGHT_HIP,0.4577580392360687,0.6958590149879456,0.009643465280532837,0,0
30,LEFT_KNEE,0.5088321566581726,0.7929131984710693,-0.0266590379178524,0,0
30,RIGHT_KNEE,0.4397520422935486,0.8011716604232788,-0.0049798511900007725,0,0
30,LEFT_ANKLE,0.524944007396698,0.8821914792060852,0.08551353961229324,0,0
30,RIGHT_ANKLE,0.42612165212631226,0.8999276161193848,0.09705866128206253,0,0
30,LEFT_HEEL,0.5242224335670471,0.8921383023262024,0.09331873059272766,0,0
30,RIGHT_HEEL,0.4324667155742645,0.9171678423881531,0.10338649153709412,0,0
30,LEFT_FOOT_INDEX,0.529925525188446,0.9246721863746643,0.017441285774111748,0,0
30,RIGHT_FOOT_INDEX,0.40958577394485474,0.939171314239502,0.03022002801299095,0,0
31,NOSE,0.4706827700138092,0.5089663863182068,-0.15802456438541412,0,0
31,LEFT_EYE_INNER,0.47376927733421326,0.49744901061058044,-0.15129569172859192,0,0
31,LEFT_EYE,0.4761686325073242,0.4965158998966217,-0.15130433440208435,0,0
31,LEFT_EYE_OUTER,0.47856390476226807,0.4957820177078247,-0.1513056457042694,0,0
31,RIGHT_EYE_INNER,0.46785587072372437,0.4989868104457855,-0.14854873716831207,0,0
31,RIGHT_EYE,0.46619561314582825,0.4992179572582245,-0.14856742322444916,0,0
31,RIGHT_EYE_OUTER,0.46488848328590393,0.49942547082901,-0.1485963761806488,0,0
31,LEFT_EAR,0.4836638569831848,0.4978911876678467,-0.08954008668661118,0,0
31,RIGHT_EAR,0.4653875529766083,0.5009506940841675,-0.07401439547538757,0,0
31,MOUTH_LEFT,0.4764443039894104,0.5174724459648132,-0.13430649042129517,0,0
31,MOUTH_RIGHT,0.4686715304851532,0.5188320279121399,-0.12834428250789642,0,0
31,LEFT_SHOULDER,0.5070999264717102,0.5519959926605225,-0.028063010424375534,0,0
31,RIGHT_SHOULDER,0.4499225616455078,0.549542248249054,-0.03753037750720978,0,0
31,LEFT_ELBOW,0.5100832581520081,0.625278115272522,-0.04011201485991478,0,0
31,RIGHT_ELBOW,0.44503122568130493,0.6247633099555969,-0.052375663071870804,0,0
31,LEFT_WRIST,0.5140535831451416,0.6526066064834595,-0.15871118009090424,0,0
31,RIGHT_WRIST,0.47717857360839844,0.6639914512634277,-0.14133253693580627,0,0
31,LEFT_PINKY,0.5206099152565002,0.6745763421058655,-0.18736949563026428,0,0
31,RIGHT_PINKY,0.4843222498893738,0.6805770993232727,-0.16815616190433502,0,0
31,LEFT_INDEX,0.5180199146270752,0.6643517017364502,-0.20768699049949646,0,0
31,RIGHT_INDEX,0.4899844825267792,0.6720139384269714,-0.17532534897327423,0,0
31,LEFT_THUMB,0.5127137303352356,0.6584031581878662,-0.16975760459899902,0,0
31,RIGHT_THUMB,0.48828786611557007,0.6663742661476135,-0.1449100375175476,0,0
31,LEFT_HIP,0.49052736163139343,0.6974961161613464,-0.004046237096190453,0,0
31,RIGHT_HIP,0.45812976360321045,0.6961024403572083,0.004102504346519709,0,0
31,LEFT_KNEE,0.510413408279419,0.7921013236045837,-0.08183203637599945,0,0
31,RIGHT_KNEE,0.43975111842155457,0.8030062913894653,-0.0017472462495788932,0,0
31,LEFT_ANKLE,0.5249366164207458,0.8823100328445435,0.025194820016622543,0,0
31,RIGHT_ANKLE,0.4261256754398346,0.9001742005348206,0.12023783475160599,0,0
31,LEFT_HEEL,0.5239142775535583,0.8922511339187622,0.03160293027758598,0,0
31,RIGHT_HEEL,0.43247339129447937,0.9171950221061707,0.1280314028263092,0,0
31,LEFT_FOOT_INDEX,0.5300630927085876,0.924769401550293,-0.0538783073425293,0,0
31,RIGHT_FOOT_INDEX,0.4094201922416687,0.9391733407974243,0.049203794449567795,0,0
32,NOSE,0.47159385681152344,0.5106071829795837,-0.16095568239688873,0,0
32,LEFT_EYE_INNER,0.47460541129112244,0.4991709291934967,-0.15406082570552826,0,0
32,LEFT_EYE,0.4769445061683655,0.498097687959671,-0.1540733426809311,0,0
32,LEFT_EYE_OUTER,0.47933337092399597,0.4972310960292816,-0.15408678352832794,0,0
32,RIGHT_EYE_INNER,0.46858200430870056,0.5008038282394409,-0.1519794762134552,0,0
32,RIGHT_EYE,0.4668932259082794,0.5010251998901367,-0.15199941396713257,0,0
32,RIGHT_EYE_OUTER,0.4656354784965515,0.5011872053146362,-0.15202784538269043,0,0
32,LEFT_EAR,0.48417529463768005,0.4988473355770111,-0.08989690244197845,0,0
32,RIGHT_EAR,0.46587246656417847,0.5024741291999817,-0.07700765132904053,0,0
32,MOUTH_LEFT,0.47729697823524475,0.5187369585037231,-0.1350097507238388,0,0
32,MOUTH_RIGHT,0.469448983669281,0.520363450050354,-0.13077309727668762,0,0
32,LEFT_SHOULDER,0.5079506039619446,0.5521451234817505,-0.029605502262711525,0,0
32,RIGHT_SHOULDER,0.450161874294281,0.5501322150230408,-0.04123059660196304,0,0
32,LEFT_ELBOW,0.5111395120620728,0.6266650557518005,-0.04300589859485626,0,0
32,RIGHT_ELBOW,0.4459267258644104,0.6264817118644714,-0.05500589683651924,0,0
32,LEFT_WRIST,0.5149034857749939,0.650870680809021,-0.15876121819019318,0,0
32,RIGHT_WRIST,0.4791938364505768,0.6657719612121582,-0.14227373898029327,0,0
32,LEFT_PINKY,0.520476222038269,0.6735942363739014,-0.18866315484046936,0,0
32,RIGHT_PINKY,0.4863377511501312,0.6828377842903137,-0.16915343701839447,0,0
32,LEFT_INDEX,0.5163213610649109,0.6626126766204834,-0.2084307074546814,0,0
32,RIGHT_INDEX,0.4919477105140686,0.6740980744361877,-0.17613585293293,0,0
32,LEFT_THUMB,0.5138725638389587,0.6559038758277893,-0.17103858292102814,0,0
32,RIGHT_THUMB,0.4902246594429016,0.6683173179626465,-0.14579786360263824,0,0
32,LEFT_HIP,0.49086815118789673,0.6975347399711609,-0.002620988292619586,0,0
32,RIGHT_HIP,0.4585299491882324,0.6961672902107239,0.002680715871974826,0,0
32,LEFT_KNEE,0.5111052989959717,0.7917359471321106,-0.08231779932975769,0,0
32,RIGHT_KNEE,0.43973493576049805,0.8039814829826355,0.0014117535902187228,0,0
32,LEFT_ANKLE,0.5249335765838623,0.8825061917304993,0.02538752183318138,0,0
32,RIGHT_ANKLE,0.4261224567890167,0.9004409909248352,0.12402857095003128,0,0
32,LEFT_HEEL,0.523667573928833,0.8925488591194153,0.03185705095529556,0,0
32,RIGHT_HEEL,0.432466596364975,0.9172226190567017,0.1318167746067047,0,0
32,LEFT_FOOT_INDEX,0.5301920175552368,0.9249188899993896,-0.053900185972452164,0,0
32,RIGHT_FOOT_INDEX,0.4092647433280945,0.9391942620277405,0.05259925499558449,0,0
33,NOSE,0.4732598066329956,0.5164228081703186,-0.17102335393428802,0,0
33,LEFT_EYE_INNER,0.4760894477367401,0.5048308372497559,-0.16415517032146454,0,0
33,LEFT_EYE,0.47835054993629456,0.5038108229637146,-0.164153590798378,0,0
33,LEFT_EYE_OUTER,0.48071327805519104,0.5028834939002991,-0.1641521006822586,0,0
33,RIGHT_EYE_INNER,0.4701491594314575,0.5067489147186279,-0.16182361543178558,0,0
33,RIGHT_EYE,0.4682822823524475,0.507002055644989,-0.1618490070104599,0,0
33,RIGHT_EYE_OUTER,0.46681076288223267,0.507286787033081,-0.1618785560131073,0,0
33,LEFT_EAR,0.4854920506477356,0.5027660131454468,-0.10291333496570587,0,0
33,RIGHT_EAR,0.46688979864120483,0.5078347325325012,-0.0891130119562149,0,0
33,MOUTH_LEFT,0.4789125621318817,0.5251598954200745,-0.14586636424064636,0,0
33,MOUTH_RIGHT,0.47118911147117615,0.5276055335998535,-0.14191724359989166,0,0
33,LEFT_SHOULDER,0.5096358060836792,0.5528479814529419,-0.046055201441049576,0,0
33,RIGHT_SHOULDER,0.4515742361545563,0.555138349533081,-0.05554572120308876,0,0
33,LEFT_ELBOW,0.514054000377655,0.6312609314918518,-0.049701888114213943,0,0
33,RIGHT_ELBOW,0.4494553208351135,0.6314738392829895,-0.06263420730829239,0,0
33,LEFT_WRIST,0.5133251547813416,0.6634970903396606,-0.14516782760620117,0,0
33,RIGHT_WRIST,0.4848289489746094,0.6719565391540527,-0.1282036453485489,0,0
33,LEFT_PINKY,0.5147299766540527,0.6867300868034363,-0.17061306536197662,0,0
33,RIGHT_PINKY,0.4930685758590698,0.6881848573684692,-0.15191005170345306,0,0
33,LEFT_INDEX,0.5098313093185425,0.6791419386863708,-0.1824294626712799,0,0
33,RIGHT_INDEX,0.49804455041885376,0.6790614724159241,-0.1574840396642685,0,0
33,LEFT_THUMB,0.5122466683387756,0.6717294454574585,-0.15201407670974731,0,0
33,RIGHT_THUMB,0.4960770010948181,0.674045205116272,-0.13056635856628418,0,0
33,LEFT_HIP,0.49471667408943176,0.6981087327003479,-0.004100772552192211,0,0
33,RIGHT_HIP,0.46158522367477417,0.6966449618339539,0.004130583722144365,0,0
33,LEFT_KNEE,0.511786699295044,0.7925546765327454,-0.061136238276958466,0,0
33,RIGHT_KNEE,0.44005104899406433,0.8033196926116943,-0.012244378216564655,0,0
33,LEFT_ANKLE,0.5249315500259399,0.882518470287323,0.05151849240064621,0,0
33,RIGHT_ANKLE,0.42614996433258057,0.900210440158844,0.07965342700481415,0,0
33,LEFT_HEEL,0.5235846042633057,0.8924410939216614,0.05852918699383736,0,0
33,RIGHT_HEEL,0.43247851729393005,0.916822075843811,0.08501379936933517,0,0
33,LEFT_FOOT_INDEX,0.5301557183265686,0.9249303340911865,-0.020806575194001198,0,0
33,RIGHT_FOOT_INDEX,0.4092439115047455,0.9392321109771729,0.012069666758179665,0,0
34,NOSE,0.4747488796710968,0.5212615132331848,-0.1999804973602295,0,0
34,LEFT_EYE_INNER,0.47755154967308044,0.5095515847206116,-0.19339485466480255,0,0
34,LEFT_EYE,0.4797438085079193,0.508388876914978,-0.19338729977607727,0,0
34,LEFT_EYE_OUTER,0.48201674222946167,0.5073522925376892,-0.1933898627758026,0,0
34,RIGHT_EYE_INNER,0.47165757417678833,0.5114002227783203,-0.19196148216724396,0,0
34,RIGHT_EYE,0.46985340118408203,0.5116328001022339,-0.1920085996389389,0,0
34,RIGHT_EYE_OUTER,0.4681672155857086,0.5118552446365356,-0.19205807149410248,0,0
34,LEFT_EAR,0.48665180802345276,0.5070366263389587,-0.13067464530467987,0,0
34,RIGHT_EAR,0.46817076206207275,0.5122857689857483,-0.1212012842297554,0,0
34,MOUTH_LEFT,0.4801831841468811,0.5295985341072083,-0.1738242655992508,0,0
34,MOUTH_RIGHT,0.4727585017681122,0.5325353145599365,-0.17125512659549713,0,0
34,LEFT_SHOULDER,0.5106329321861267,0.5547784566879272,-0.06793030351400375,0,0
34,RIGHT_SHOULDER,0.4533672332763672,0.5617969632148743,-0.08623366057872772,0,0
34,LEFT_ELBOW,0.5163698792457581,0.6338012218475342,-0.047529738396406174,0,0
34,RIGHT_ELBOW,0.45438212156295776,0.6388315558433533,-0.08643190562725067,0,0
34,LEFT_WRIST,0.5086094737052917,0.6854772567749023,-0.10501728951931,0,0
34,RIGHT_WRIST,0.49427172541618347,0.6799608469009399,-0.1356208324432373,0,0
34,LEFT_PINKY,0.5079825520515442,0.7026947140693665,-0.12486065924167633,0,0
34,RIGHT_PINKY,0.5037254095077515,0.69482421875,-0.15972726047039032,0,0
34,LEFT_INDEX,0.5042418241500854,0.6971845030784607,-0.14020952582359314,0,0
34,RIGHT_INDEX,0.5067588090896606,0.6860330700874329,-0.16564223170280457,0,0
34,LEFT_THUMB,0.5050255060195923,0.6904970407485962,-0.11250150203704834,0,0
34,RIGHT_THUMB,0.5046932101249695,0.6814031004905701,-0.13837149739265442,0,0
34,LEFT_HIP,0.4971848130226135,0.7021740078926086,-0.004629230592399836,0,0
34,RIGHT_HIP,0.463802695274353,0.7001274228096008,0.004651613999158144,0,0
34,LEFT_KNEE,0.5126977562904358,0.7960864305496216,-0.03841882944107056,0,0
34,RIGHT_KNEE,0.44095703959465027,0.8028138279914856,-0.012822319753468037,0,0
34,LEFT_ANKLE,0.5249621272087097,0.8827575445175171,0.09242966771125793,0,0
34,RIGHT_ANKLE,0.4261004328727722,0.9001631140708923,0.08676046878099442,0,0
34,LEFT_HEEL,0.5235865116119385,0.8924753665924072,0.10108292102813721,0,0
34,RIGHT_HEEL,0.4322306513786316,0.9166968464851379,0.09303054958581924,0,0
34,LEFT_FOOT_INDEX,0.5301541090011597,0.9249410629272461,0.027615360915660858,0,0
34,RIGHT_FOOT_INDEX,0.4091946482658386,0.9393892288208008,0.019709862768650055,0,0
35,NOSE,0.4761750102043152,0.5265759825706482,-0.21955174207687378,0,0
35,LEFT_EYE_INNER,0.47899216413497925,0.5148475766181946,-0.21258634328842163,0,0
35,LEFT_EYE,0.48120471835136414,0.5138334035873413,-0.21257035434246063,0,0
35,LEFT_EYE_OUTER,0.483348548412323,0.5127766728401184,-0.21256814897060394,0,0
35,RIGHT_EYE_INNER,0.4730670154094696,0.5162886381149292,-0.2111068069934845,0,0
35,RIGHT_EYE,0.4712688624858856,0.5164102911949158,-0.21115709841251373,0,0
35,RIGHT_EYE_OUTER,0.4694374203681946,0.5166390538215637,-0.2111995816230774,0,0
35,LEFT_EAR,0.4880136549472809,0.511828601360321,-0.14693793654441833,0,0
35,RIGHT_EAR,0.4692957103252411,0.516640305519104,-0.1369980126619339,0,0
35,MOUTH_LEFT,0.4815278649330139,0.5349776744842529,-0.19213300943374634,0,0
35,MOUTH_RIGHT,0.47410252690315247,0.5376484394073486,-0.18942810595035553,0,0
35,LEFT_SHOULDER,0.5116491317749023,0.5567358136177063,-0.07565407454967499,0,0
35,RIGHT_SHOULDER,0.45514601469039917,0.5672391057014465,-0.10039134323596954,0,0
35,LEFT_ELBOW,0.5186501145362854,0.6349340677261353,-0.04732952639460564,0,0
35,RIGHT_ELBOW,0.46061971783638,0.6453231573104858,-0.10102949291467667,0,0
35,LEFT_WRIST,0.5185297131538391,0.6889359354972839,-0.10632487386465073,0,0
35,RIGHT_WRIST,0.5029823184013367,0.6794730424880981,-0.1470542699098587,0,0
35,LEFT_PINKY,0.5198894143104553,0.7037227749824524,-0.1255139261484146,0,0
35,RIGHT_PINKY,0.5138257741928101,0.6933291554450989,-0.1682492047548294,0,0
35,LEFT_INDEX,0.5187585353851318,0.6997556090354919,-0.1432630717754364,0,0
35,RIGHT_INDEX,0.5165250301361084,0.6852954626083374,-0.1754751205444336,0,0
35,LEFT_THUMB,0.5175622701644897,0.6937941312789917,-0.11504960805177689,0,0
35,RIGHT_THUMB,0.5131550431251526,0.6804596185684204,-0.14938847720623016,0,0
35,LEFT_HIP,0.49979522824287415,0.7027068138122559,-0.004408710636198521,0,0
35,RIGHT_HIP,0.46664315462112427,0.7005701065063477,0.004414706025272608,0,0
35,LEFT_KNEE,0.5136023759841919,0.7962113618850708,-0.05513549596071243,0,0
35,RIGHT_KNEE,0.44226333498954773,0.802081286907196,-0.030044134706258774,0,0
35,LEFT_ANKLE,0.5251653790473938,0.8830578923225403,0.07226626574993134,0,0
35,RIGHT_ANKLE,0.42598697543144226,0.9007295370101929,0.057588882744312286,0,0
35,LEFT_HEEL,0.5236353278160095,0.8925929665565491,0.08054833859205246,0,0
35,RIGHT_HEEL,0.43210160732269287,0.9179949164390564,0.062329597771167755,0,0
35,LEFT_FOOT_INDEX,0.530168890953064,0.9253945350646973,0.0023423470556735992,0,0
35,RIGHT_FOOT_INDEX,0.40917274355888367,0.9396433234214783,-0.016252396628260612,0,0
36,NOSE,0.47667196393013,0.5275768637657166,-0.20222929120063782,0,0
36,LEFT_EYE_INNER,0.4796856939792633,0.5157491564750671,-0.1957971304655075,0,0
36,LEFT_EYE,0.48192092776298523,0.5146485567092896,-0.19578737020492554,0,0
36,LEFT_EYE_OUTER,0.4840860068798065,0.5135853886604309,-0.19578295946121216,0,0
36,RIGHT_EYE_INNER,0.47373324632644653,0.5172989964485168,-0.19392751157283783,0,0
36,RIGHT_EYE,0.47195255756378174,0.5174242854118347,-0.1939719021320343,0,0
36,RIGHT_EYE_OUTER,0.47012606263160706,0.517589807510376,-0.19401492178440094,0,0
36,LEFT_EAR,0.48871174454689026,0.5126925110816956,-0.133902445435524,0,0
36,RIGHT_EAR,0.47006940841674805,0.5175453424453735,-0.12236560881137848,0,0
36,MOUTH_LEFT,0.48208603262901306,0.5355570912361145,-0.1763690859079361,0,0
36,MOUTH_RIGHT,0.47456687688827515,0.5381893515586853,-0.17316915094852448,0,0
36,LEFT_SHOULDER,0.5123218297958374,0.5577484965324402,-0.06850756704807281,0,0
36,RIGHT_SHOULDER,0.45611825585365295,0.5677881240844727,-0.08956718444824219,0,0
36,LEFT_ELBOW,0.5197011232376099,0.635654866695404,-0.04313835874199867,0,0
36,RIGHT_ELBOW,0.4628165662288666,0.6467273831367493,-0.09219624847173691,0,0
36,LEFT_WRIST,0.5204665064811707,0.6885764002799988,-0.10094741731882095,0,0
36,RIGHT_WRIST,0.5048031806945801,0.679513692855835,-0.1416158229112625,0,0
36,LEFT_PINKY,0.5215694308280945,0.7031375169754028,-0.11989005655050278,0,0
36,RIGHT_PINKY,0.5150473117828369,0.6925588250160217,-0.16285501420497894,0,0
36,LEFT_INDEX,0.5200473666191101,0.6990135312080383,-0.13692133128643036,0,0
36,RIGHT_INDEX,0.517788290977478,0.6848790049552917,-0.16940590739250183,0,0
36,LEFT_THUMB,0.5188019275665283,0.6930394768714905,-0.1093347817659378,0,0
36,RIGHT_THUMB,0.5145536065101624,0.6800405383110046,-0.14379073679447174,0,0
36,LEFT_HIP,0.5004265308380127,0.7029810547828674,-0.0038557446096092463,0,0
36,RIGHT_HIP,0.4674831032752991,0.7008816003799438,0.0038683947641402483,0,0
36,LEFT_KNEE,0.5139836072921753,0.7960980534553528,-0.052474088966846466,0,0
36,RIGHT_KNEE,0.44303807616233826,0.8006820678710938,-0.041132211685180664,0,0
36,LEFT_ANKLE,0.5251635313034058,0.8830927610397339,0.06392146646976471,0,0
36,RIGHT_ANKLE,0.4260021448135376,0.9008150100708008,0.03702028840780258,0,0
36,LEFT_HEEL,0.5234346985816956,0.8929303288459778,0.07076036185026169,0,0
36,RIGHT_HEEL,0.43201500177383423,0.9180735945701599,0.0406518317759037,0,0
36,LEFT_FOOT_INDEX,0.5304690003395081,0.9253953695297241,-0.007220128551125526,0,0
36,RIGHT_FOOT_INDEX,0.4091808497905731,0.9397218823432922,-0.03822021931409836,0,0
37,NOSE,0.47765907645225525,0.5299376845359802,-0.19269908964633942,0,0
37,LEFT_EYE_INNER,0.48053693771362305,0.5181185603141785,-0.18604843318462372,0,0
37,LEFT_EYE,0.48280394077301025,0.5170660614967346,-0.18604619801044464,0,0
37,LEFT_EYE_OUTER,0.4849318861961365,0.5159185528755188,-0.18604806065559387,0,0
37,RIGHT_EYE_INNER,0.47460272908210754,0.5195286273956299,-0.18371568620204926,0,0
37,RIGHT_EYE,0.47281742095947266,0.5196172595024109,-0.1837521493434906,0,0
37,RIGHT_EYE_OUTER,0.4709773659706116,0.5197892785072327,-0.1837916523218155,0,0
37,LEFT_EAR,0.4896841049194336,0.5143943428993225,-0.12413837760686874,0,0
37,RIGHT_EAR,0.471065878868103,0.5195228457450867,-0.11032240837812424,0,0
37,MOUTH_LEFT,0.4830642342567444,0.5377750396728516,-0.16695143282413483,0,0
37,MOUTH_RIGHT,0.4756644666194916,0.540709912776947,-0.1630568504333496,0,0
37,LEFT_SHOULDER,0.5137001872062683,0.5584773421287537,-0.06435184180736542,0,0
37,RIGHT_SHOULDER,0.458129346370697,0.5691146850585938,-0.0781765803694725,0,0
37,LEFT_ELBOW,0.5224529504776001,0.6351596117019653,-0.06422562897205353,0,0
37,RIGHT_ELBOW,0.4671488404273987,0.6469586491584778,-0.08779259026050568,0,0
37,LEFT_WRIST,0.5273324847221375,0.6817561984062195,-0.15414594113826752,0,0
37,RIGHT_WRIST,0.5125117301940918,0.6727181077003479,-0.14158639311790466,0,0
37,LEFT_PINKY,0.5309732556343079,0.688962459564209,-0.17901396751403809,0,0
37,RIGHT_PINKY,0.5242353081703186,0.6794862747192383,-0.1643195003271103,0,0
37,LEFT_INDEX,0.5298580527305603,0.6829760074615479,-0.1943078488111496,0,0
37,RIGHT_INDEX,0.5264002084732056,0.6706323623657227,-0.17018932104110718,0,0
37,LEFT_THUMB,0.5280963778495789,0.6805251836776733,-0.16311995685100555,0,0
37,RIGHT_THUMB,0.5225911736488342,0.6672402620315552,-0.14381451904773712,0,0
37,LEFT_HIP,0.5032064914703369,0.7029432058334351,-0.004233784973621368,0,0
37,RIGHT_HIP,0.4694254994392395,0.7009413838386536,0.004283683840185404,0,0
37,LEFT_KNEE,0.5152775049209595,0.7957092523574829,-0.09800179302692413,0,0
37,RIGHT_KNEE,0.44396013021469116,0.7983508706092834,-0.05076107010245323,0,0
37,LEFT_ANKLE,0.5251856446266174,0.882510781288147,0.028012247756123543,0,0
37,RIGHT_ANKLE,0.42625564336776733,0.900822103023529,0.03703678771853447,0,0
37,LEFT_HEEL,0.5233246088027954,0.8927560448646545,0.036090705543756485,0,0
37,RIGHT_HEEL,0.43213146924972534,0.9180607795715332,0.04179961606860161,0,0
37,LEFT_FOOT_INDEX,0.530910313129425,0.9254053831100464,-0.044805996119976044,0,0
37,RIGHT_FOOT_INDEX,0.40919098258018494,0.9397663474082947,-0.03571545332670212,0,0
38,NOSE,0.47831639647483826,0.5309805274009705,-0.21095982193946838,0,0
38,LEFT_EYE_INNER,0.48122990131378174,0.5194907784461975,-0.20441555976867676,0,0
38,LEFT_EYE,0.48356884717941284,0.5184027552604675,-0.20442484319210052,0,0
38,LEFT_EYE_OUTER,0.48575446009635925,0.5171130895614624,-0.20443858206272125,0,0
38,RIGHT_EYE_INNER,0.4751491844654083,0.5208402872085571,-0.20282933115959167,0,0
38,RIGHT_EYE,0.47327253222465515,0.5209360122680664,-0.202863872051239,0,0
38,RIGHT_EYE_OUTER,0.47148072719573975,0.521052360534668,-0.20290374755859375,0,0
38,LEFT_EAR,0.4904788136482239,0.514955997467041,-0.13599221408367157,0,0
38,RIGHT_EAR,0.47169601917266846,0.5205049514770508,-0.12394966930150986,0,0
38,MOUTH_LEFT,0.48390063643455505,0.5384408831596375,-0.1820475161075592,0,0
38,MOUTH_RIGHT,0.4762844741344452,0.5413467288017273,-0.17876601219177246,0,0
38,LEFT_SHOULDER,0.5143641233444214,0.5558077692985535,-0.06515191495418549,0,0
38,RIGHT_SHOULDER,0.4601840078830719,0.568243682384491,-0.09466398507356644,0,0
38,LEFT_ELBOW,0.5294100642204285,0.6260348558425903,-0.08443643152713776,0,0
38,RIGHT_ELBOW,0.4734511375427246,0.6443691849708557,-0.12245944887399673,0,0
38,LEFT_WRIST,0.5393391251564026,0.652927815914154,-0.19252042472362518,0,0
38,RIGHT_WRIST,0.5204183459281921,0.6520376205444336,-0.18874964118003845,0,0
38,LEFT_PINKY,0.5424865484237671,0.657201886177063,-0.21717824041843414,0,0
38,RIGHT_PINKY,0.5299723744392395,0.6546622514724731,-0.21519656479358673,0,0
38,LEFT_INDEX,0.5413011908531189,0.6531586050987244,-0.232306569814682,0,0
38,RIGHT_INDEX,0.5317121148109436,0.6479172706604004,-0.21684327721595764,0,0
38,LEFT_THUMB,0.5427407026290894,0.6481254696846008,-0.20172356069087982,0,0
38,RIGHT_THUMB,0.5293588042259216,0.6463995575904846,-0.19002845883369446,0,0
38,LEFT_HIP,0.5046705007553101,0.7029039263725281,-0.0044838013127446175,0,0
38,RIGHT_HIP,0.47068876028060913,0.7014520168304443,0.004524187184870243,0,0
38,LEFT_KNEE,0.5167979001998901,0.7966482639312744,-0.07408878952264786,0,0
38,RIGHT_KNEE,0.444336473941803,0.7983154058456421,-0.04428781569004059,0,0
38,LEFT_ANKLE,0.5254878401756287,0.8825909495353699,0.06278423964977264,0,0
38,RIGHT_ANKLE,0.4263501763343811,0.8992210626602173,0.05815958231687546,0,0
38,LEFT_HEEL,0.523301362991333,0.8931471705436707,0.07435087114572525,0,0
38,RIGHT_HEEL,0.4321478605270386,0.9155181050300598,0.06373439729213715,0,0
38,LEFT_FOOT_INDEX,0.5315445065498352,0.9255845546722412,-0.009728988632559776,0,0
38,RIGHT_FOOT_INDEX,0.4094849228858948,0.9393804669380188,-0.012730742804706097,0,0
39,NOSE,0.47839394211769104,0.5320476293563843,-0.19985361397266388,0,0
39,LEFT_EYE_INNER,0.481102854013443,0.5205789804458618,-0.1928287148475647,0,0
39,LEFT_EYE,0.4834432601928711,0.5193459987640381,-0.1928294599056244,0,0
39,LEFT_EYE_OUTER,0.48572978377342224,0.5178084373474121,-0.1928333193063736,0,0
39,RIGHT_EYE_INNER,0.47512421011924744,0.5222890973091125,-0.19069841504096985,0,0
39,RIGHT_EYE,0.47332650423049927,0.5224423408508301,-0.19073697924613953,0,0
39,RIGHT_EYE_OUTER,0.47171351313591003,0.5224880576133728,-0.19077858328819275,0,0
39,LEFT_EAR,0.49051570892333984,0.5145835280418396,-0.13406719267368317,0,0
39,RIGHT_EAR,0.47206613421440125,0.5210608243942261,-0.11801908910274506,0,0
39,MOUTH_LEFT,0.4842326045036316,0.5385857224464417,-0.17645910382270813,0,0
39,MOUTH_RIGHT,0.476751446723938,0.5418599843978882,-0.17442229390144348,0,0
39,LEFT_SHOULDER,0.5137755870819092,0.5491392016410828,-0.04488742724061012,0,0
39,RIGHT_SHOULDER,0.4624389410018921,0.5670672059059143,-0.08210790157318115,0,0
39,LEFT_ELBOW,0.532407283782959,0.6043331623077393,-0.07412639260292053,0,0
39,RIGHT_ELBOW,0.48097264766693115,0.6413103938102722,-0.10740555077791214,0,0
39,LEFT_WRIST,0.5421809554100037,0.6227958798408508,-0.1901942789554596,0,0
39,RIGHT_WRIST,0.5268808007240295,0.6301596164703369,-0.1752755045890808,0,0
39,LEFT_PINKY,0.5492019653320312,0.6282588243484497,-0.21558672189712524,0,0
39,RIGHT_PINKY,0.536482572555542,0.6318719983100891,-0.20128203928470612,0,0
39,LEFT_INDEX,0.5476130843162537,0.6246085166931152,-0.2297145575284958,0,0
39,RIGHT_INDEX,0.5390815734863281,0.6239838004112244,-0.20382466912269592,0,0
39,LEFT_THUMB,0.544727623462677,0.6228463649749756,-0.19891797006130219,0,0
39,RIGHT_THUMB,0.535469651222229,0.6229667067527771,-0.1767721176147461,0,0
39,LEFT_HIP,0.5047325491905212,0.7011716365814209,-0.004493568558245897,0,0
39,RIGHT_HIP,0.47094476222991943,0.7014122009277344,0.004539223853498697,0,0
39,LEFT_KNEE,0.5169380903244019,0.7965107560157776,-0.07206754386425018,0,0
39,RIGHT_KNEE,0.4443701505661011,0.7983746528625488,-0.025155063718557358,0,0
39,LEFT_ANKLE,0.5256487131118774,0.88248610496521,0.0691889300942421,0,0
39,RIGHT_ANKLE,0.42642536759376526,0.8979520201683044,0.0789673700928688,0,0
39,LEFT_HEEL,0.5232924818992615,0.893031895160675,0.07911879569292068,0,0
39,RIGHT_HEEL,0.43234533071517944,0.9140067100524902,0.08573254942893982,0,0
39,LEFT_FOOT_INDEX,0.5320140719413757,0.925579309463501,-0.0012367205927148461,0,0
39,RIGHT_FOOT_INDEX,0.4095071256160736,0.9390702843666077,0.011334573850035667,0,0
40,NOSE,0.4778798818588257,0.5319911241531372,-0.1769588589668274,0,0
40,LEFT_EYE_INNER,0.4806826412677765,0.5207822322845459,-0.1711256057024002,0,0
40,LEFT_EYE,0.4830346703529358,0.5194816589355469,-0.17113663256168365,0,0
40,LEFT_EYE_OUTER,0.4853273928165436,0.5178892612457275,-0.17114660143852234,0,0
40,RIGHT_EYE_INNER,0.4747197926044464,0.5228491425514221,-0.1683010756969452,0,0
40,RIGHT_EYE,0.47296538949012756,0.5230914950370789,-0.16830317676067352,0,0
40,RIGHT_EYE_OUTER,0.47136205434799194,0.5231600999832153,-0.16831707954406738,0,0
40,LEFT_EAR,0.490169495344162,0.5140712261199951,-0.10585696250200272,0,0
40,RIGHT_EAR,0.4717201888561249,0.521221935749054,-0.08658361434936523,0,0
40,MOUTH_LEFT,0.4837096333503723,0.5377225875854492,-0.14906105399131775,0,0
40,MOUTH_RIGHT,0.47625473141670227,0.5410078167915344,-0.14406466484069824,0,0
40,LEFT_SHOULDER,0.5135719776153564,0.5436774492263794,-0.02194555476307869,0,0
40,RIGHT_SHOULDER,0.46314144134521484,0.566459596157074,-0.0642024576663971,0,0
40,LEFT_ELBOW,0.5284503102302551,0.5927128195762634,-0.03580304607748985,0,0
40,RIGHT_ELBOW,0.48752152919769287,0.6325591802597046,-0.1054316908121109,0,0
40,LEFT_WRIST,0.5480825304985046,0.5893773436546326,-0.13448862731456757,0,0
40,RIGHT_WRIST,0.5311811566352844,0.6082299947738647,-0.16170553863048553,0,0
40,LEFT_PINKY,0.5547612309455872,0.5928071141242981,-0.15372641384601593,0,0
40,RIGHT_PINKY,0.5429794788360596,0.6064279675483704,-0.18514563143253326,0,0
40,LEFT_INDEX,0.5549726486206055,0.5872092247009277,-0.16856424510478973,0,0
40,RIGHT_INDEX,0.5446701049804688,0.5964227318763733,-0.184164896607399,0,0
40,LEFT_THUMB,0.5512760281562805,0.5851704478263855,-0.1432560235261917,0,0
40,RIGHT_THUMB,0.5403004884719849,0.5969209671020508,-0.16165873408317566,0,0
40,LEFT_HIP,0.5048836469650269,0.7000507712364197,-0.0030778406653553247,0,0
40,RIGHT_HIP,0.4713861048221588,0.7014945149421692,0.003125862218439579,0,0
40,LEFT_KNEE,0.517012357711792,0.7964283227920532,-0.06680343300104141,0,0
40,RIGHT_KNEE,0.44468075037002563,0.79777991771698,-0.022942673414945602,0,0
40,LEFT_ANKLE,0.5257512927055359,0.8823555111885071,0.07523861527442932,0,0
40,RIGHT_ANKLE,0.42649927735328674,0.8973364233970642,0.07991378009319305,0,0
40,LEFT_HEEL,0.523205578327179,0.892803966999054,0.0847143903374672,0,0
40,RIGHT_HEEL,0.43240106105804443,0.9132314324378967,0.08675611019134521,0,0
40,LEFT_FOOT_INDEX,0.5320367813110352,0.9256302714347839,0.007823033258318901,0,0
40,RIGHT_FOOT_INDEX,0.4093915820121765,0.9389281272888184,0.011997019872069359,0,0
41,NOSE,0.4776051342487335,0.5312914848327637,-0.17586086690425873,0,0
41,LEFT_EYE_INNER,0.48044082522392273,0.5201939344406128,-0.1698923110961914,0,0
41,LEFT_EYE,0.48281916975975037,0.5188847780227661,-0.16990555822849274,0,0
41,LEFT_EYE_OUTER,0.4851439893245697,0.5173345804214478,-0.16991427540779114,0,0
41,RIGHT_EYE_INNER,0.4744687080383301,0.5224407911300659,-0.1675538271665573,0,0
41,RIGHT_EYE,0.4727240204811096,0.5227076411247253,-0.16754762828350067,0,0
41,RIGHT_EYE_OUTER,0.47112682461738586,0.5227915644645691,-0.16755881905555725,0,0
41,LEFT_EAR,0.49000468850135803,0.5135548114776611,-0.10187593102455139,0,0
41,RIGHT_EAR,0.471456915140152,0.5207647681236267,-0.08516824245452881,0,0
41,MOUTH_LEFT,0.48337188363075256,0.5368637442588806,-0.1466134488582611,0,0
41,MOUTH_RIGHT,0.47595033049583435,0.5399695634841919,-0.1420624852180481,0,0
41,LEFT_SHOULDER,0.5120088458061218,0.5382909178733826,-0.017302226275205612,0,0
41,RIGHT_SHOULDER,0.4628126323223114,0.5655412673950195,-0.06188322603702545,0,0
41,LEFT_ELBOW,0.5266817808151245,0.5832710862159729,-0.040984321385622025,0,0
41,RIGHT_ELBOW,0.49016717076301575,0.6226093769073486,-0.09948001056909561,0,0
41,LEFT_WRIST,0.5430217981338501,0.5705037117004395,-0.14037279784679413,0,0
41,RIGHT_WRIST,0.531602680683136,0.5907691121101379,-0.14158372581005096,0,0
41,LEFT_PINKY,0.5518004894256592,0.5729635953903198,-0.16119113564491272,0,0
41,RIGHT_PINKY,0.5426452159881592,0.587811291217804,-0.1627427488565445,0,0
41,LEFT_INDEX,0.5502100586891174,0.5682557225227356,-0.17372165620326996,0,0
41,RIGHT_INDEX,0.5440871119499207,0.5783558487892151,-0.16259261965751648,0,0
41,LEFT_THUMB,0.5459029674530029,0.5685012936592102,-0.1486819088459015,0,0
41,RIGHT_THUMB,0.539958119392395,0.5785638689994812,-0.14165377616882324,0,0
41,LEFT_HIP,0.5048971772193909,0.6980475783348083,-0.0025519828777760267,0,0
41,RIGHT_HIP,0.4712364077568054,0.7012356519699097,0.0026021450757980347,0,0
41,LEFT_KNEE,0.5169566869735718,0.7963791489601135,-0.0418165847659111,0,0
41,RIGHT_KNEE,0.4445657730102539,0.7978631258010864,-0.020488929003477097,0,0
41,LEFT_ANKLE,0.5259029865264893,0.8823159337043762,0.08832242339849472,0,0
41,RIGHT_ANKLE,0.42660677433013916,0.8969621062278748,0.0741637796163559,0,0
41,LEFT_HEEL,0.5232067704200745,0.8925923109054565,0.09712830185890198,0,0
41,RIGHT_HEEL,0.4325615167617798,0.9126734733581543,0.08009251952171326,0,0
41,LEFT_FOOT_INDEX,0.5321238040924072,0.9255078434944153,0.02226411923766136,0,0
41,RIGHT_FOOT_INDEX,0.40914303064346313,0.938932478427887,0.005858524236828089,0,0
42,NOSE,0.4773973822593689,0.5304434895515442,-0.1763511449098587,0,0
42,LEFT_EYE_INNER,0.4804110825061798,0.5193115472793579,-0.17097830772399902,0,0
42,LEFT_EYE,0.48274490237236023,0.5180145502090454,-0.1710013449192047,0,0
42,LEFT_EYE_OUTER,0.4850372076034546,0.516533613204956,-0.17101462185382843,0,0
42,RIGHT_EYE_INNER,0.4744017422199249,0.521533191204071,-0.16817981004714966,0,0
42,RIGHT_EYE,0.47266775369644165,0.5217859148979187,-0.1681257039308548,0,0
42,RIGHT_EYE_OUTER,0.47101008892059326,0.5218716859817505,-0.16810950636863708,0,0
42,LEFT_EAR,0.48997676372528076,0.5131858587265015,-0.1046810895204544,0,0
42,RIGHT_EAR,0.4710346758365631,0.5201067328453064,-0.08936652541160583,0,0
42,MOUTH_LEFT,0.48314231634140015,0.5362756848335266,-0.14922617375850677,0,0
42,MOUTH_RIGHT,0.47571948170661926,0.5392565131187439,-0.14510954916477203,0,0
42,LEFT_SHOULDER,0.5110260248184204,0.536571204662323,-0.025372983887791634,0,0
42,RIGHT_SHOULDER,0.4625566303730011,0.5651288628578186,-0.06209810450673103,0,0
42,LEFT_ELBOW,0.5263000726699829,0.5835472941398621,-0.045348700135946274,0,0
42,RIGHT_ELBOW,0.48788949847221375,0.6217852234840393,-0.09637932479381561,0,0
42,LEFT_WRIST,0.5441758036613464,0.5698822140693665,-0.14198632538318634,0,0
42,RIGHT_WRIST,0.5315356850624084,0.5902042388916016,-0.14844727516174316,0,0
42,LEFT_PINKY,0.5521574020385742,0.5728502869606018,-0.16444002091884613,0,0
42,RIGHT_PINKY,0.5426520705223083,0.5870484113693237,-0.16707125306129456,0,0
42,LEFT_INDEX,0.5513997673988342,0.5672075152397156,-0.17714032530784607,0,0
42,RIGHT_INDEX,0.5436419248580933,0.577329158782959,-0.168844074010849,0,0
42,LEFT_THUMB,0.5454011559486389,0.568718433380127,-0.15080903470516205,0,0
42,RIGHT_THUMB,0.5391548871994019,0.5782788991928101,-0.14642022550106049,0,0
42,LEFT_HIP,0.504938542842865,0.6957725882530212,-0.001987402094528079,0,0
42,RIGHT_HIP,0.4712035357952118,0.7002285718917847,0.0020359219051897526,0,0
42,LEFT_KNEE,0.5169812440872192,0.7961133122444153,-0.03658413887023926,0,0
42,RIGHT_KNEE,0.4444954991340637,0.7978792786598206,-0.018585700541734695,0,0
42,LEFT_ANKLE,0.5258325934410095,0.8822960257530212,0.0908411517739296,0,0
42,RIGHT_ANKLE,0.42665785551071167,0.8958932757377625,0.07411889731884003,0,0
42,LEFT_HEEL,0.5225533843040466,0.8925990462303162,0.09934680908918381,0,0
42,RIGHT_HEEL,0.4325745701789856,0.9120433330535889,0.08002739399671555,0,0
42,LEFT_FOOT_INDEX,0.532228946685791,0.9250646233558655,0.024120429530739784,0,0
42,RIGHT_FOOT_INDEX,0.40901315212249756,0.9389364123344421,0.005853069946169853,0,0
43,NOSE,0.4764042794704437,0.5302957892417908,-0.174721822142601,0,0
43,LEFT_EYE_INNER,0.47856393456459045,0.5187965631484985,-0.16828550398349762,0,0
43,LEFT_EYE,0.48088690638542175,0.5170742273330688,-0.1682998389005661,0,0
43,LEFT_EYE_OUTER,0.48327603936195374,0.5152300000190735,-0.168317049741745,0,0
43,RIGHT_EYE_INNER,0.4727199673652649,0.5210809111595154,-0.16663558781147003,0,0
43,RIGHT_EYE,0.4708787202835083,0.5212134718894958,-0.16660811007022858,0,0
43,RIGHT_EYE_OUTER,0.4692154824733734,0.5212399363517761,-0.16660700738430023,0,0
43,LEFT_EAR,0.48814699053764343,0.5114927291870117,-0.09862372279167175,0,0
43,RIGHT_EAR,0.46878883242607117,0.5199955105781555,-0.08668409287929535,0,0
43,MOUTH_LEFT,0.48211514949798584,0.5348165035247803,-0.14527234435081482,0,0
43,MOUTH_RIGHT,0.47473064064979553,0.5382741093635559,-0.14204080402851105,0,0
43,LEFT_SHOULDER,0.5080506801605225,0.534654438495636,-0.015688182786107063,0,0
43,RIGHT_SHOULDER,0.4619448482990265,0.5649436712265015,-0.0629061907529831,0,0
43,LEFT_ELBOW,0.5258659720420837,0.5801708698272705,-0.03537623956799507,0,0
43,RIGHT_ELBOW,0.49241259694099426,0.6151187419891357,-0.09372391551733017,0,0
43,LEFT_WRIST,0.5396925210952759,0.5651670098304749,-0.12834064662456512,0,0
43,RIGHT_WRIST,0.531891942024231,0.5760552883148193,-0.13966824114322662,0,0
43,LEFT_PINKY,0.5485450029373169,0.5581735968589783,-0.14659592509269714,0,0
43,RIGHT_PINKY,0.5418828725814819,0.5713966488838196,-0.15979208052158356,0,0
43,LEFT_INDEX,0.5477935075759888,0.549576997756958,-0.15577982366085052,0,0
43,RIGHT_INDEX,0.5424119830131531,0.5595613121986389,-0.15862254798412323,0,0
43,LEFT_THUMB,0.5426177382469177,0.5525742173194885,-0.13502073287963867,0,0
43,RIGHT_THUMB,0.5383621454238892,0.5614822506904602,-0.13909651339054108,0,0
43,LEFT_HIP,0.5049709677696228,0.6942142248153687,-0.0010338086867704988,0,0
43,RIGHT_HIP,0.47101476788520813,0.699470043182373,0.001084187999367714,0,0
43,LEFT_KNEE,0.5168171525001526,0.794192910194397,-0.03313158079981804,0,0
43,RIGHT_KNEE,0.44442445039749146,0.7978660464286804,-0.015755711123347282,0,0
43,LEFT_ANKLE,0.5255458950996399,0.8816859126091003,0.09184593707323074,0,0
43,RIGHT_ANKLE,0.4265272319316864,0.8959954380989075,0.07042109966278076,0,0
43,LEFT_HEEL,0.52183997631073,0.891168475151062,0.10044478625059128,0,0
43,RIGHT_HEEL,0.43226534128189087,0.912046492099762,0.07569310069084167,0,0
43,LEFT_FOOT_INDEX,0.5317522883415222,0.9241305589675903,0.027852049097418785,0,0
43,RIGHT_FOOT_INDEX,0.40838825702667236,0.9388734698295593,0.002381907543167472,0,0
44,NOSE,0.4754524528980255,0.5297415852546692,-0.19361011683940887,0,0
44,LEFT_EYE_INNER,0.4771445393562317,0.5182458758354187,-0.18431830406188965,0,0
44,LEFT_EYE,0.47941944003105164,0.5166308283805847,-0.18432113528251648,0,0
44,LEFT_EYE_OUTER,0.4816827178001404,0.5148931741714478,-0.18434277176856995,0,0
44,RIGHT_EYE_INNER,0.47107526659965515,0.5205788016319275,-0.18475030362606049,0,0
44,RIGHT_EYE,0.4690672755241394,0.5208616256713867,-0.18473224341869354,0,0
44,RIGHT_EYE_OUTER,0.46721622347831726,0.5210323333740234,-0.18472978472709656,0,0
44,LEFT_EAR,0.48559871315956116,0.5114819407463074,-0.10150042921304703,0,0
44,RIGHT_EAR,0.4656887352466583,0.5197231769561768,-0.10156260430812836,0,0
44,MOUTH_LEFT,0.480390340089798,0.534595251083374,-0.16023214161396027,0,0
44,MOUTH_RIGHT,0.4731607735157013,0.5379218459129333,-0.1595265418291092,0,0
44,LEFT_SHOULDER,0.502342164516449,0.536388635635376,-0.021038196980953217,0,0
44,RIGHT_SHOULDER,0.4604472219944,0.5648212432861328,-0.0822872444987297,0,0
44,LEFT_ELBOW,0.5202472805976868,0.5846074223518372,-0.03787948191165924,0,0
44,RIGHT_ELBOW,0.49251654744148254,0.6130391955375671,-0.11382082849740982,0,0
44,LEFT_WRIST,0.5374956130981445,0.5619788765907288,-0.130758136510849,0,0
44,RIGHT_WRIST,0.5294569730758667,0.5688825845718384,-0.14599207043647766,0,0
44,LEFT_PINKY,0.5450883507728577,0.5523911118507385,-0.14826884865760803,0,0
44,RIGHT_PINKY,0.5395615696907043,0.562518835067749,-0.16203385591506958,0,0
44,LEFT_INDEX,0.5443307161331177,0.5419997572898865,-0.1573694348335266,0,0
44,RIGHT_INDEX,0.5394456386566162,0.5510611534118652,-0.1654776930809021,0,0
44,LEFT_THUMB,0.5400756597518921,0.5470816493034363,-0.13753730058670044,0,0
44,RIGHT_THUMB,0.5357934236526489,0.5534536838531494,-0.14373137056827545,0,0
44,LEFT_HIP,0.5045732855796814,0.6941233277320862,0.0010143837425857782,0,0
44,RIGHT_HIP,0.4707289934158325,0.6994584798812866,-0.000985655002295971,0,0
44,LEFT_KNEE,0.5166979432106018,0.7924891114234924,-0.03575291857123375,0,0
44,RIGHT_KNEE,0.443966805934906,0.7974031567573547,-0.02096392773091793,0,0
44,LEFT_ANKLE,0.5253725051879883,0.8809557557106018,0.09212570637464523,0,0
44,RIGHT_ANKLE,0.42629921436309814,0.8951030969619751,0.06383976340293884,0,0
44,LEFT_HEEL,0.5215837955474854,0.8901028037071228,0.10117658227682114,0,0
44,RIGHT_HEEL,0.43202924728393555,0.9112321138381958,0.06933478266000748,0,0
44,LEFT_FOOT_INDEX,0.53151935338974,0.9229648113250732,0.03133493289351463,0,0
44,RIGHT_FOOT_INDEX,0.4082679748535156,0.9363017678260803,-0.0015300153754651546,0,0
45,NOSE,0.4712734520435333,0.5308461785316467,-0.19068334996700287,0,0
45,LEFT_EYE_INNER,0.4727349877357483,0.5191817879676819,-0.1830347180366516,0,0
45,LEFT_EYE,0.4748614728450775,0.517424464225769,-0.183037668466568,0,0
45,LEFT_EYE_OUTER,0.4770933985710144,0.5156316757202148,-0.1830415576696396,0,0
45,RIGHT_EYE_INNER,0.46703270077705383,0.5223951935768127,-0.18191522359848022,0,0
45,RIGHT_EYE,0.4650682508945465,0.5230507254600525,-0.18190865218639374,0,0
45,RIGHT_EYE_OUTER,0.4630468487739563,0.5236002802848816,-0.18191629648208618,0,0
45,LEFT_EAR,0.48101454973220825,0.5125766396522522,-0.1030641719698906,0,0
45,RIGHT_EAR,0.4618208706378937,0.5226845145225525,-0.10035678744316101,0,0
45,MOUTH_LEFT,0.4761146605014801,0.5354896187782288,-0.16014660894870758,0,0
45,MOUTH_RIGHT,0.46944424510002136,0.5391947031021118,-0.15737596154212952,0,0
45,LEFT_SHOULDER,0.4988577663898468,0.5376559495925903,-0.021130884066224098,0,0
45,RIGHT_SHOULDER,0.4569942057132721,0.5677826404571533,-0.08011440187692642,0,0
45,LEFT_ELBOW,0.5172035694122314,0.5834728479385376,-0.04098432883620262,0,0
45,RIGHT_ELBOW,0.489982008934021,0.6148446202278137,-0.11755748093128204,0,0
45,LEFT_WRIST,0.5365327596664429,0.5548831224441528,-0.13436909019947052,0,0
45,RIGHT_WRIST,0.5268969535827637,0.5710428953170776,-0.15955360233783722,0,0
45,LEFT_PINKY,0.5433989763259888,0.5503958463668823,-0.1538638174533844,0,0
45,RIGHT_PINKY,0.5369389057159424,0.5638611316680908,-0.18011172115802765,0,0
45,LEFT_INDEX,0.5422831177711487,0.5398374795913696,-0.16365432739257812,0,0
45,RIGHT_INDEX,0.5369802713394165,0.5521607398986816,-0.17653228342533112,0,0
45,LEFT_THUMB,0.5387938618659973,0.5463874936103821,-0.1417974978685379,0,0
45,RIGHT_THUMB,0.5334312319755554,0.5547351241111755,-0.15819495916366577,0,0
45,LEFT_HIP,0.5043385028839111,0.69408118724823,0.00045852508628740907,0,0
45,RIGHT_HIP,0.4706191420555115,0.6995320916175842,-0.0004240901325829327,0,0
45,LEFT_KNEE,0.5166792273521423,0.7922373414039612,-0.06098353862762451,0,0
45,RIGHT_KNEE,0.4434947669506073,0.7958519458770752,-0.035430628806352615,0,0
45,LEFT_ANKLE,0.5253260731697083,0.8807526230812073,0.06799278408288956,0,0
45,RIGHT_ANKLE,0.4263003170490265,0.8940442800521851,0.05661061778664589,0,0
45,LEFT_HEEL,0.521502673625946,0.8894655108451843,0.07703763991594315,0,0
45,RIGHT_HEEL,0.43213561177253723,0.9100028276443481,0.06256339699029922,0,0
45,LEFT_FOOT_INDEX,0.5315224528312683,0.9229864478111267,0.0034296961966902018,0,0
45,RIGHT_FOOT_INDEX,0.4085749089717865,0.9363768100738525,-0.009003715589642525,0,0
46,NOSE,0.4650748074054718,0.5350912809371948,-0.20997855067253113,0,0
46,LEFT_EYE_INNER,0.4669555425643921,0.5225003361701965,-0.20307070016860962,0,0
46,LEFT_EYE,0.4690479040145874,0.5207288861274719,-0.20307087898254395,0,0
46,LEFT_EYE_OUTER,0.47122371196746826,0.5189220905303955,-0.2030959576368332,0,0
46,RIGHT_EYE_INNER,0.461268812417984,0.5261081457138062,-0.20078705251216888,0,0
46,RIGHT_EYE,0.45924195647239685,0.5268293619155884,-0.20079873502254486,0,0
46,RIGHT_EYE_OUTER,0.4573744237422943,0.5273591876029968,-0.20082363486289978,0,0
46,LEFT_EAR,0.4758538007736206,0.5156716704368591,-0.13155996799468994,0,0
46,RIGHT_EAR,0.4565967917442322,0.5269955992698669,-0.11673115938901901,0,0
46,MOUTH_LEFT,0.4696931838989258,0.5408116579055786,-0.18000738322734833,0,0
46,MOUTH_RIGHT,0.4635362923145294,0.5438028573989868,-0.1756909191608429,0,0
46,LEFT_SHOULDER,0.4960567355155945,0.5383028388023376,-0.052762556821107864,0,0
46,RIGHT_SHOULDER,0.45271581411361694,0.5744457840919495,-0.08976169675588608,0,0
46,LEFT_ELBOW,0.514160692691803,0.5870923399925232,-0.0906161367893219,0,0
46,RIGHT_ELBOW,0.48754870891571045,0.6222327351570129,-0.1336253583431244,0,0
46,LEFT_WRIST,0.5255531668663025,0.5623904466629028,-0.19040046632289886,0,0
46,RIGHT_WRIST,0.5254325866699219,0.5781933069229126,-0.1954328417778015,0,0
46,LEFT_PINKY,0.5376479029655457,0.5560832023620605,-0.21171611547470093,0,0
46,RIGHT_PINKY,0.535152792930603,0.5686928629875183,-0.22079171240329742,0,0
46,LEFT_INDEX,0.536302924156189,0.5459146499633789,-0.21865423023700714,0,0
46,RIGHT_INDEX,0.5366837382316589,0.558797299861908,-0.21487273275852203,0,0
46,LEFT_THUMB,0.5320348143577576,0.5534523725509644,-0.19640249013900757,0,0
46,RIGHT_THUMB,0.5333399176597595,0.5624293088912964,-0.1945347785949707,0,0
46,LEFT_HIP,0.5042585134506226,0.6947146654129028,-0.0008626001654192805,0,0
46,RIGHT_HIP,0.47034600377082825,0.7004607915878296,0.0008958850521594286,0,0
46,LEFT_KNEE,0.5170485377311707,0.7950006723403931,-0.07942337542772293,0,0
46,RIGHT_KNEE,0.44325095415115356,0.7919685244560242,-0.05410909652709961,0,0
46,LEFT_ANKLE,0.5252382755279541,0.8820317983627319,0.0627860277891159,0,0
46,RIGHT_ANKLE,0.42632338404655457,0.8886662721633911,0.05517690256237984,0,0
46,LEFT_HEEL,0.5215063691139221,0.8926603198051453,0.07291606813669205,0,0
46,RIGHT_HEEL,0.43213602900505066,0.9059223532676697,0.0627506673336029,0,0
46,LEFT_FOOT_INDEX,0.5314921736717224,0.923666775226593,-0.005633467808365822,0,0
46,RIGHT_FOOT_INDEX,0.40904733538627625,0.9364528059959412,-0.00979838240891695,0,0
47,NOSE,0.4651799499988556,0.5365323424339294,-0.22461670637130737,0,0
47,LEFT_EYE_INNER,0.4667993187904358,0.5239931344985962,-0.21819205582141876,0,0
47,LEFT_EYE,0.46898308396339417,0.5222297310829163,-0.21819615364074707,0,0
47,LEFT_EYE_OUTER,0.4712122976779938,0.520454466342926,-0.21822570264339447,0,0
47,RIGHT_EYE_INNER,0.4609103500843048,0.5278716683387756,-0.21628613770008087,0,0
47,RIGHT_EYE,0.45889148116111755,0.5288054347038269,-0.21630211174488068,0,0
47,RIGHT_EYE_OUTER,0.456933856010437,0.5295349955558777,-0.21632996201515198,0,0
47,LEFT_EAR,0.47566574811935425,0.5169374346733093,-0.14702671766281128,0,0
47,RIGHT_EAR,0.4557648301124573,0.5294912457466125,-0.13329753279685974,0,0
47,MOUTH_LEFT,0.47015050053596497,0.541933000087738,-0.19421535730361938,0,0
47,MOUTH_RIGHT,0.4632941782474518,0.5453639030456543,-0.19044558703899384,0,0
47,LEFT_SHOULDER,0.4963352382183075,0.5387123227119446,-0.06617730110883713,0,0
47,RIGHT_SHOULDER,0.45130646228790283,0.5762077569961548,-0.10268121212720871,0,0
47,LEFT_ELBOW,0.5139691829681396,0.5886198282241821,-0.10086970031261444,0,0
47,RIGHT_ELBOW,0.48657089471817017,0.6243451237678528,-0.14576037228107452,0,0
47,LEFT_WRIST,0.5263465046882629,0.5674638748168945,-0.2004806399345398,0,0
47,RIGHT_WRIST,0.5248028635978699,0.5786597728729248,-0.21002815663814545,0,0
47,LEFT_PINKY,0.5374376773834229,0.5540600419044495,-0.22151048481464386,0,0
47,RIGHT_PINKY,0.5342411398887634,0.5682741403579712,-0.235801562666893,0,0
47,LEFT_INDEX,0.5359967947006226,0.5444432497024536,-0.22906310856342316,0,0
47,RIGHT_INDEX,0.53615802526474,0.5589423775672913,-0.2303270697593689,0,0
47,LEFT_THUMB,0.5313936471939087,0.5515931248664856,-0.2065749615430832,0,0
47,RIGHT_THUMB,0.5332586765289307,0.5625236630439758,-0.20922942459583282,0,0
47,LEFT_HIP,0.5041270852088928,0.6950159072875977,-0.0017776289023458958,0,0
47,RIGHT_HIP,0.47031083703041077,0.700667142868042,0.0018169002141803503,0,0
47,LEFT_KNEE,0.5172234773635864,0.7980934977531433,-0.06714437156915665,0,0
47,RIGHT_KNEE,0.44300368428230286,0.7907490730285645,-0.043217625468969345,0,0
47,LEFT_ANKLE,0.5251851677894592,0.8824847936630249,0.08685752004384995,0,0
47,RIGHT_ANKLE,0.4261166751384735,0.8861039876937866,0.06736002117395401,0,0
47,LEFT_HEEL,0.5215132832527161,0.8935533165931702,0.09863565117120743,0,0
47,RIGHT_HEEL,0.4319853186607361,0.9038833975791931,0.07640688866376877,0,0
47,LEFT_FOOT_INDEX,0.5317063927650452,0.9247679710388184,0.022518107667565346,0,0
47,RIGHT_FOOT_INDEX,0.4090634882450104,0.9364938735961914,0.006346041802316904,0,0
48,NOSE,0.4594196677207947,0.5468246340751648,-0.2420177012681961,0,0
48,LEFT_EYE_INNER,0.46097058057785034,0.5344623923301697,-0.2361835390329361,0,0
48,LEFT_EYE,0.4630349576473236,0.532481849193573,-0.2361743301153183,0,0
48,LEFT_EYE_OUTER,0.4653017222881317,0.5303856134414673,-0.23621095716953278,0,0
48,RIGHT_EYE_INNER,0.4556395709514618,0.5383400917053223,-0.23333637416362762,0,0
48,RIGHT_EYE,0.4539148509502411,0.5389354228973389,-0.23336678743362427,0,0
48,RIGHT_EYE_OUTER,0.452224999666214,0.5394172072410583,-0.23340240120887756,0,0
48,LEFT_EAR,0.4702076017856598,0.5255200862884521,-0.16725969314575195,0,0
48,RIGHT_EAR,0.45207932591438293,0.5382046103477478,-0.14920496940612793,0,0
48,MOUTH_LEFT,0.4645090699195862,0.5524423718452454,-0.21242792904376984,0,0
48,MOUTH_RIGHT,0.45869311690330505,0.5548082590103149,-0.20740289986133575,0,0
48,LEFT_SHOULDER,0.49371519684791565,0.5459030866622925,-0.0888354629278183,0,0
48,RIGHT_SHOULDER,0.44744932651519775,0.5835753083229065,-0.12170309573411942,0,0
48,LEFT_ELBOW,0.5144842267036438,0.5916551947593689,-0.13720625638961792,0,0
48,RIGHT_ELBOW,0.4792543947696686,0.6374643445014954,-0.1693844199180603,0,0
48,LEFT_WRIST,0.5304791331291199,0.5699063539505005,-0.24636872112751007,0,0
48,RIGHT_WRIST,0.5226499438285828,0.5887777209281921,-0.22753603756427765,0,0
48,LEFT_PINKY,0.5380305051803589,0.5604181289672852,-0.27088961005210876,0,0
48,RIGHT_PINKY,0.5317054986953735,0.5733456611633301,-0.25434085726737976,0,0
48,LEFT_INDEX,0.5374969840049744,0.550409197807312,-0.2790050506591797,0,0
48,RIGHT_INDEX,0.5319041013717651,0.5600515007972717,-0.2474859207868576,0,0
48,LEFT_THUMB,0.5338420271873474,0.5564891695976257,-0.2533712089061737,0,0
48,RIGHT_THUMB,0.5284107327461243,0.5697770714759827,-0.2262013852596283,0,0
48,LEFT_HIP,0.5031821131706238,0.6994960308074951,-0.002560207387432456,0,0
48,RIGHT_HIP,0.46915581822395325,0.7060368061065674,0.002595085883513093,0,0
48,LEFT_KNEE,0.5176218152046204,0.8007810711860657,-0.08639512211084366,0,0
48,RIGHT_KNEE,0.44147011637687683,0.7919274568557739,-0.054328594356775284,0,0
48,LEFT_ANKLE,0.5251879096031189,0.8835678696632385,0.07153913378715515,0,0
48,RIGHT_ANKLE,0.42611774802207947,0.8869677782058716,0.06672760099172592,0,0
48,LEFT_HEEL,0.521577775478363,0.8960316777229309,0.08416492491960526,0,0
48,RIGHT_HEEL,0.43207696080207825,0.9043594002723694,0.0761641263961792,0,0
48,LEFT_FOOT_INDEX,0.5323930382728577,0.9252474904060364,0.005730646196752787,0,0
48,RIGHT_FOOT_INDEX,0.40905439853668213,0.9379249811172485,0.005181989166885614,0,0
49,NOSE,0.45496073365211487,0.5525743961334229,-0.2632862627506256,0,0
49,LEFT_EYE_INNER,0.4564262628555298,0.5402296781539917,-0.2571706771850586,0,0
49,LEFT_EYE,0.4583014249801636,0.5384795665740967,-0.2571316659450531,0,0
49,LEFT_EYE_OUTER,0.46023109555244446,0.5367348790168762,-0.2571340799331665,0,0
49,RIGHT_EYE_INNER,0.4513108432292938,0.5439481735229492,-0.2548581063747406,0,0
49,RIGHT_EYE,0.4495474696159363,0.5446001887321472,-0.25493746995925903,0,0
49,RIGHT_EYE_OUTER,0.44790616631507874,0.5451534390449524,-0.2549937963485718,0,0
49,LEFT_EAR,0.46535760164260864,0.5335808396339417,-0.1907915472984314,0,0
49,RIGHT_EAR,0.4477721154689789,0.5447357892990112,-0.17645294964313507,0,0
49,MOUTH_LEFT,0.46008050441741943,0.5588036775588989,-0.2352580428123474,0,0
49,MOUTH_RIGHT,0.454395592212677,0.5609855651855469,-0.23139514029026031,0,0
49,LEFT_SHOULDER,0.49113336205482483,0.557703971862793,-0.1293383687734604,0,0
49,RIGHT_SHOULDER,0.44128182530403137,0.5915741920471191,-0.14201119542121887,0,0
49,LEFT_ELBOW,0.506518542766571,0.6291677355766296,-0.17222413420677185,0,0
49,RIGHT_ELBOW,0.46702244877815247,0.654048502445221,-0.1780964583158493,0,0
49,LEFT_WRIST,0.4876992106437683,0.6566497087478638,-0.25436607003211975,0,0
49,RIGHT_WRIST,0.5166437029838562,0.6272175312042236,-0.2220243513584137,0,0
49,LEFT_PINKY,0.48226067423820496,0.6626666784286499,-0.27496472001075745,0,0
49,RIGHT_PINKY,0.5268052816390991,0.6179009675979614,-0.24585050344467163,0,0
49,LEFT_INDEX,0.47061794996261597,0.6555758714675903,-0.2772855758666992,0,0
49,RIGHT_INDEX,0.5256478190422058,0.6080508828163147,-0.24001768231391907,0,0
49,LEFT_THUMB,0.47519537806510925,0.6519670486450195,-0.2566009759902954,0,0
49,RIGHT_THUMB,0.5217297077178955,0.6125223636627197,-0.22028574347496033,0,0
49,LEFT_HIP,0.4995136857032776,0.7071328163146973,-0.006600025109946728,0,0
49,RIGHT_HIP,0.4659194052219391,0.7145456671714783,0.006581035442650318,0,0
49,LEFT_KNEE,0.5181839466094971,0.805179238319397,-0.10036952793598175,0,0
49,RIGHT_KNEE,0.4379073977470398,0.8032118678092957,-0.06734199821949005,0,0
49,LEFT_ANKLE,0.5252626538276672,0.8859105706214905,0.061313118785619736,0,0
49,RIGHT_ANKLE,0.42614051699638367,0.8915988802909851,0.062249474227428436,0,0
49,LEFT_HEEL,0.5218250155448914,0.8977106213569641,0.07393016666173935,0,0
49,RIGHT_HEEL,0.432194322347641,0.9072396159172058,0.07256608456373215,0,0
49,LEFT_FOOT_INDEX,0.533197820186615,0.9268122911453247,-0.0022261159028857946,0,0
49,RIGHT_FOOT_INDEX,0.4090369641780853,0.9389600157737732,0.004504129756242037,0,0
50,NOSE,0.4513276219367981,0.5607522130012512,-0.27339035272598267,0,0
50,LEFT_EYE_INNER,0.45294004678726196,0.5484567284584045,-0.26635634899139404,0,0
50,LEFT_EYE,0.4548303484916687,0.5469509959220886,-0.2663314938545227,0,0
50,LEFT_EYE_OUTER,0.4567610025405884,0.5454795360565186,-0.26637786626815796,0,0
50,RIGHT_EYE_INNER,0.4478379786014557,0.5516065359115601,-0.2637685239315033,0,0
50,RIGHT_EYE,0.4460548758506775,0.5521112680435181,-0.26384490728378296,0,0
50,RIGHT_EYE_OUTER,0.44426822662353516,0.5525311231613159,-0.2638969421386719,0,0
50,LEFT_EAR,0.46255719661712646,0.5424795746803284,-0.19453273713588715,0,0
50,RIGHT_EAR,0.44407734274864197,0.5510689616203308,-0.1790425181388855,0,0
50,MOUTH_LEFT,0.45640328526496887,0.5672571659088135,-0.24337410926818848,0,0
50,MOUTH_RIGHT,0.45058807730674744,0.568985104560852,-0.2390824258327484,0,0
50,LEFT_SHOULDER,0.4898715615272522,0.5733124613761902,-0.1265704482793808,0,0
50,RIGHT_SHOULDER,0.4341103434562683,0.596730649471283,-0.13906638324260712,0,0
50,LEFT_ELBOW,0.5087276101112366,0.6433302164077759,-0.1692354530096054,0,0
50,RIGHT_ELBOW,0.4513738751411438,0.6709280610084534,-0.17269520461559296,0,0
50,LEFT_WRIST,0.5030103921890259,0.6619239449501038,-0.27413544058799744,0,0
50,RIGHT_WRIST,0.49871203303337097,0.6685537695884705,-0.23223306238651276,0,0
50,LEFT_PINKY,0.5064155459403992,0.6658975481987,-0.30162686109542847,0,0
50,RIGHT_PINKY,0.5106133222579956,0.6658790707588196,-0.2580510973930359,0,0
50,LEFT_INDEX,0.49927279353141785,0.6581039428710938,-0.31098154187202454,0,0
50,RIGHT_INDEX,0.5116894245147705,0.6548555493354797,-0.2572385370731354,0,0
50,LEFT_THUMB,0.5000658631324768,0.6565829515457153,-0.2811313569545746,0,0
50,RIGHT_THUMB,0.5074179768562317,0.655893087387085,-0.23264069855213165,0,0
50,LEFT_HIP,0.49617740511894226,0.7157785296440125,-0.007501172833144665,0,0
50,RIGHT_HIP,0.4626363515853882,0.7220699191093445,0.00754185626283288,0,0
50,LEFT_KNEE,0.5183476805686951,0.8099822402000427,-0.11095070093870163,0,0
50,RIGHT_KNEE,0.4336405396461487,0.8082351684570312,-0.07932931929826736,0,0
50,LEFT_ANKLE,0.5254254937171936,0.8872612118721008,0.05568016692996025,0,0
50,RIGHT_ANKLE,0.42624589800834656,0.8951234221458435,0.057755980640649796,0,0
50,LEFT_HEEL,0.5223410129547119,0.8977276682853699,0.06781426817178726,0,0
50,RIGHT_HEEL,0.4329818785190582,0.9097662568092346,0.06807359308004379,0,0
50,LEFT_FOOT_INDEX,0.5338943004608154,0.9274390339851379,-0.01035935990512371,0,0
50,RIGHT_FOOT_INDEX,0.4086449444293976,0.9396807551383972,-0.001987270312383771,0,0
51,NOSE,0.44970422983169556,0.569408118724823,-0.29853391647338867,0,0
51,LEFT_EYE_INNER,0.451992392539978,0.5573704242706299,-0.29381927847862244,0,0
51,LEFT_EYE,0.4542253613471985,0.5559433698654175,-0.29378172755241394,0,0
51,LEFT_EYE_OUTER,0.4567151963710785,0.5544439554214478,-0.2938236594200134,0,0
51,RIGHT_EYE_INNER,0.4466259777545929,0.5597265362739563,-0.2917395234107971,0,0
51,RIGHT_EYE,0.4447982907295227,0.5599043965339661,-0.29182443022727966,0,0
51,RIGHT_EYE_OUTER,0.44301897287368774,0.5599510669708252,-0.2918722331523895,0,0
51,LEFT_EAR,0.4625893235206604,0.5514339208602905,-0.22786977887153625,0,0
51,RIGHT_EAR,0.4425482153892517,0.5561341047286987,-0.2169237732887268,0,0
51,MOUTH_LEFT,0.45440056920051575,0.5766467452049255,-0.26986920833587646,0,0
51,MOUTH_RIGHT,0.4487813115119934,0.5777251124382019,-0.2670089900493622,0,0
51,LEFT_SHOULDER,0.4871239960193634,0.5916413068771362,-0.16651538014411926,0,0
51,RIGHT_SHOULDER,0.4309800863265991,0.5982000827789307,-0.14839023351669312,0,0
51,LEFT_ELBOW,0.5052787065505981,0.6602004170417786,-0.1706412136554718,0,0
51,RIGHT_ELBOW,0.43592363595962524,0.6712573170661926,-0.1598062962293625,0,0
51,LEFT_WRIST,0.47878703474998474,0.7217919230461121,-0.23081228137016296,0,0
51,RIGHT_WRIST,0.4632190763950348,0.7162274122238159,-0.21382740139961243,0,0
51,LEFT_PINKY,0.4744923710823059,0.7368940114974976,-0.2541061341762543,0,0
51,RIGHT_PINKY,0.47123971581459045,0.7320750951766968,-0.24150606989860535,0,0
51,LEFT_INDEX,0.4704655706882477,0.7329841256141663,-0.2623288035392761,0,0
51,RIGHT_INDEX,0.47416049242019653,0.723499059677124,-0.23928846418857574,0,0
51,LEFT_THUMB,0.4715995788574219,0.7269561886787415,-0.23655156791210175,0,0
51,RIGHT_THUMB,0.4717138111591339,0.7175478935241699,-0.21277427673339844,0,0
51,LEFT_HIP,0.49275872111320496,0.7181554436683655,-0.012705127708613873,0,0
51,RIGHT_HIP,0.4596666693687439,0.724111795425415,0.01270952820777893,0,0
51,LEFT_KNEE,0.51743084192276,0.8126447200775146,-0.05100371316075325,0,0
51,RIGHT_KNEE,0.4299418032169342,0.8096827864646912,-0.033594198524951935,0,0
51,LEFT_ANKLE,0.5254268646240234,0.8877182006835938,0.06967683881521225,0,0
51,RIGHT_ANKLE,0.4258493185043335,0.8969470262527466,0.085196852684021,0,0
51,LEFT_HEEL,0.5227933526039124,0.8975397944450378,0.07566355168819427,0,0
51,RIGHT_HEEL,0.43300721049308777,0.9099503755569458,0.09317966550588608,0,0
51,LEFT_FOOT_INDEX,0.5338737964630127,0.9278427958488464,-0.006659077480435371,0,0
51,RIGHT_FOOT_INDEX,0.40864723920822144,0.9398764967918396,0.027833154425024986,0,0
52,NOSE,0.4485556483268738,0.5775828957557678,-0.3028286397457123,0,0
52,LEFT_EYE_INNER,0.4515349268913269,0.5658197999000549,-0.29986685514450073,0,0
52,LEFT_EYE,0.4539048969745636,0.5648176074028015,-0.2998506426811218,0,0
52,LEFT_EYE_OUTER,0.45655643939971924,0.563758134841919,-0.29990050196647644,0,0
52,RIGHT_EYE_INNER,0.44635775685310364,0.5667051672935486,-0.29519572854042053,0,0
52,RIGHT_EYE,0.44487521052360535,0.5663563013076782,-0.2952720522880554,0,0
52,RIGHT_EYE_OUTER,0.4433489143848419,0.5659454464912415,-0.2953167259693146,0,0
52,LEFT_EAR,0.46285152435302734,0.5615445971488953,-0.2406453639268875,0,0
52,RIGHT_EAR,0.4434611201286316,0.5617609620094299,-0.21950796246528625,0,0
52,MOUTH_LEFT,0.4529443681240082,0.5852338671684265,-0.2767390012741089,0,0
52,MOUTH_RIGHT,0.44753581285476685,0.5850409865379333,-0.27102425694465637,0,0
52,LEFT_SHOULDER,0.48164403438568115,0.6060133576393127,-0.20217178761959076,0,0
52,RIGHT_SHOULDER,0.4321655333042145,0.5975873470306396,-0.1308276206254959,0,0
52,LEFT_ELBOW,0.4858669936656952,0.6924498081207275,-0.21194495260715485,0,0
52,RIGHT_ELBOW,0.4285829961299896,0.6629812717437744,-0.11815345287322998,0,0
52,LEFT_WRIST,0.45138129591941833,0.7405003309249878,-0.25619226694107056,0,0
52,RIGHT_WRIST,0.43089136481285095,0.7105940580368042,-0.2032528668642044,0,0
52,LEFT_PINKY,0.4452615976333618,0.7594199776649475,-0.283316433429718,0,0
52,RIGHT_PINKY,0.42999258637428284,0.7262313961982727,-0.22629410028457642,0,0
52,LEFT_INDEX,0.439488023519516,0.7525610327720642,-0.2912573516368866,0,0
52,RIGHT_INDEX,0.43254712224006653,0.7237853407859802,-0.2371278703212738,0,0
52,LEFT_THUMB,0.4418116509914398,0.7456151247024536,-0.2598411440849304,0,0
52,RIGHT_THUMB,0.4343733489513397,0.7190361022949219,-0.20696444809436798,0,0
52,LEFT_HIP,0.49023860692977905,0.719894289970398,-0.020945396274328232,0,0
52,RIGHT_HIP,0.4596521556377411,0.7227692604064941,0.02097281813621521,0,0
52,LEFT_KNEE,0.5109439492225647,0.8216172456741333,-0.034542787820100784,0,0
52,RIGHT_KNEE,0.4283708930015564,0.8087461590766907,-0.09691629558801651,0,0
52,LEFT_ANKLE,0.5254691243171692,0.8892796635627747,0.10665348172187805,0,0
52,RIGHT_ANKLE,0.4259721636772156,0.9011523723602295,-0.013643551617860794,0,0
52,LEFT_HEEL,0.5246201753616333,0.8976632952690125,0.11578813195228577,0,0
52,RIGHT_HEEL,0.4341418445110321,0.9156856536865234,-0.00928723905235529,0,0
52,LEFT_FOOT_INDEX,0.53244549036026,0.9285087585449219,0.04001818597316742,0,0
52,RIGHT_FOOT_INDEX,0.40846946835517883,0.9399271011352539,-0.08025863766670227,0,0
53,NOSE,0.44817665219306946,0.5791189074516296,-0.2900206744670868,0,0
53,LEFT_EYE_INNER,0.45180046558380127,0.5670759081840515,-0.2872600257396698,0,0
53,LEFT_EYE,0.45444434881210327,0.566321074962616,-0.2872411906719208,0,0
53,LEFT_EYE_OUTER,0.45709341764450073,0.5656057000160217,-0.28728893399238586,0,0
53,RIGHT_EYE_INNER,0.446147620677948,0.5676630735397339,-0.28223860263824463,0,0
53,RIGHT_EYE,0.4446994364261627,0.567268967628479,-0.28231507539749146,0,0
53,RIGHT_EYE_OUTER,0.4431052803993225,0.566847562789917,-0.2823556959629059,0,0
53,LEFT_EAR,0.4629743993282318,0.5644338726997375,-0.22925978899002075,0,0
53,RIGHT_EAR,0.4433960020542145,0.5626063942909241,-0.207171231508255,0,0
53,MOUTH_LEFT,0.4527238607406616,0.5874737501144409,-0.2645255923271179,0,0
53,MOUTH_RIGHT,0.44677263498306274,0.586800754070282,-0.2585330605506897,0,0
53,LEFT_SHOULDER,0.4805712103843689,0.6091066002845764,-0.19369348883628845,0,0
53,RIGHT_SHOULDER,0.43242013454437256,0.5976864099502563,-0.12485787272453308,0,0
53,LEFT_ELBOW,0.48407071828842163,0.6944509148597717,-0.20395419001579285,0,0
53,RIGHT_ELBOW,0.4274701476097107,0.6596142053604126,-0.10572443902492523,0,0
53,LEFT_WRIST,0.4515587389469147,0.7398688197135925,-0.24566766619682312,0,0
53,RIGHT_WRIST,0.43113014101982117,0.7010339498519897,-0.19558244943618774,0,0
53,LEFT_PINKY,0.4447273015975952,0.7562126517295837,-0.27130821347236633,0,0
53,RIGHT_PINKY,0.4295320510864258,0.7087081670761108,-0.2170233428478241,0,0
53,LEFT_INDEX,0.4394909143447876,0.7500727772712708,-0.2782731056213379,0,0
53,RIGHT_INDEX,0.429257869720459,0.7085468173027039,-0.23354195058345795,0,0
53,LEFT_THUMB,0.441899836063385,0.7439649701118469,-0.24879775941371918,0,0
53,RIGHT_THUMB,0.43464311957359314,0.7094650864601135,-0.2046573907136917,0,0
53,LEFT_HIP,0.49013832211494446,0.7208523750305176,-0.022306857630610466,0,0
53,RIGHT_HIP,0.45997270941734314,0.7220491170883179,0.02234077639877796,0,0
53,LEFT_KNEE,0.5093201994895935,0.8231675028800964,-0.03691469505429268,0,0
53,RIGHT_KNEE,0.427352637052536,0.8078376650810242,-0.09095260500907898,0,0
53,LEFT_ANKLE,0.5254701375961304,0.8901445269584656,0.09758869558572769,0,0
53,RIGHT_ANKLE,0.4258774220943451,0.9013482332229614,-0.00965254195034504,0,0
53,LEFT_HEEL,0.5252077579498291,0.8981176614761353,0.10636313259601593,0,0
53,RIGHT_HEEL,0.4342041611671448,0.9160808324813843,-0.005414724349975586,0,0
53,LEFT_FOOT_INDEX,0.5308483839035034,0.9295942783355713,0.03236370161175728,0,0
53,RIGHT_FOOT_INDEX,0.4084053635597229,0.9401811361312866,-0.07319696247577667,0,0
54,NOSE,0.4458008408546448,0.5812114477157593,-0.27826637029647827,0,0
54,LEFT_EYE_INNER,0.44990473985671997,0.5697016716003418,-0.2683948874473572,0,0
54,LEFT_EYE,0.4525655508041382,0.5692662596702576,-0.2683783769607544,0,0
54,LEFT_EYE_OUTER,0.45538148283958435,0.5689026117324829,-0.26841726899147034,0,0
54,RIGHT_EYE_INNER,0.44459545612335205,0.5689913630485535,-0.27277708053588867,0,0
54,RIGHT_EYE,0.4433237910270691,0.568174421787262,-0.2729622423648834,0,0
54,RIGHT_EYE_OUTER,0.44189345836639404,0.5673786401748657,-0.2731003761291504,0,0
54,LEFT_EAR,0.4624190032482147,0.5696092247962952,-0.21884097158908844,0,0
54,RIGHT_EAR,0.4432617723941803,0.5637580752372742,-0.1864519566297531,0,0
54,MOUTH_LEFT,0.45028141140937805,0.590736448764801,-0.24461045861244202,0,0
54,MOUTH_RIGHT,0.44441282749176025,0.5884132385253906,-0.24965335428714752,0,0
54,LEFT_SHOULDER,0.4756021201610565,0.624796986579895,-0.20243671536445618,0,0
54,RIGHT_SHOULDER,0.4343346059322357,0.5993657112121582,-0.08785970509052277,0,0
54,LEFT_ELBOW,0.44855424761772156,0.6949244141578674,-0.2180381864309311,0,0
54,RIGHT_ELBOW,0.42375648021698,0.6594001054763794,-0.0674118846654892,0,0
54,LEFT_WRIST,0.41507628560066223,0.7193275690078735,-0.24284003674983978,0,0
54,RIGHT_WRIST,0.40792733430862427,0.7091646790504456,-0.15177683532238007,0,0
54,LEFT_PINKY,0.4082929491996765,0.7311949729919434,-0.26804319024086,0,0
54,RIGHT_PINKY,0.4013385772705078,0.724368155002594,-0.16951999068260193,0,0
54,LEFT_INDEX,0.4061645269393921,0.7264747023582458,-0.27231043577194214,0,0
54,RIGHT_INDEX,0.4020753502845764,0.724263608455658,-0.1929076462984085,0,0
54,LEFT_THUMB,0.40926027297973633,0.7211825251579285,-0.245016410946846,0,0
54,RIGHT_THUMB,0.40568816661834717,0.7187908887863159,-0.16386134922504425,0,0
54,LEFT_HIP,0.4867722690105438,0.7308791279792786,-0.027837006375193596,0,0
54,RIGHT_HIP,0.45613226294517517,0.7254618406295776,0.0277963038533926,0,0
54,LEFT_KNEE,0.5054800510406494,0.8283883333206177,-0.04150601103901863,0,0
54,RIGHT_KNEE,0.4259713888168335,0.8133358359336853,-0.07650093734264374,0,0
54,LEFT_ANKLE,0.5254682898521423,0.8913155794143677,0.09238798171281815,0,0
54,RIGHT_ANKLE,0.4256134629249573,0.9010081887245178,0.019689442589879036,0,0
54,LEFT_HEEL,0.5259373188018799,0.8980934619903564,0.10163219273090363,0,0
54,RIGHT_HEEL,0.4341842234134674,0.915899395942688,0.025939613580703735,0,0
54,LEFT_FOOT_INDEX,0.5299907326698303,0.9307858943939209,0.03253703564405441,0,0
54,RIGHT_FOOT_INDEX,0.4083692729473114,0.9401763081550598,-0.04451862722635269,0,0
55,NOSE,0.44253259897232056,0.5833712816238403,-0.21441245079040527,0,0
55,LEFT_EYE_INNER,0.4474845230579376,0.5712133049964905,-0.2144603282213211,0,0
55,LEFT_EYE,0.45035186409950256,0.5710145235061646,-0.21446385979652405,0,0
55,LEFT_EYE_OUTER,0.4533407390117645,0.5708284974098206,-0.21451152861118317,0,0
55,RIGHT_EYE_INNER,0.4418409764766693,0.56989985704422,-0.20610645413398743,0,0
55,RIGHT_EYE,0.4404168426990509,0.5689907073974609,-0.2061852365732193,0,0
55,RIGHT_EYE_OUTER,0.43890777230262756,0.5680919885635376,-0.20623068511486053,0,0
55,LEFT_EAR,0.46086758375167847,0.573405921459198,-0.17822551727294922,0,0
55,RIGHT_EAR,0.44173112511634827,0.5666521787643433,-0.1372683197259903,0,0
55,MOUTH_LEFT,0.44739440083503723,0.5937496423721313,-0.19679862260818481,0,0
55,MOUTH_RIGHT,0.4411317706108093,0.5915665626525879,-0.1866786628961563,0,0
55,LEFT_SHOULDER,0.47157812118530273,0.6285682320594788,-0.1768346130847931,0,0
55,RIGHT_SHOULDER,0.43571096658706665,0.6055989861488342,-0.04975122585892677,0,0
55,LEFT_ELBOW,0.42974621057510376,0.6893197894096375,-0.19878612458705902,0,0
55,RIGHT_ELBOW,0.4187430441379547,0.6576390862464905,-0.08248676359653473,0,0
55,LEFT_WRIST,0.40000417828559875,0.6963759660720825,-0.20686312019824982,0,0
55,RIGHT_WRIST,0.39807137846946716,0.6872588396072388,-0.2156376838684082,0,0
55,LEFT_PINKY,0.3919689953327179,0.7099781632423401,-0.22821632027626038,0,0
55,RIGHT_PINKY,0.39274004101753235,0.6958758234977722,-0.2373710423707962,0,0
55,LEFT_INDEX,0.392198383808136,0.7036110758781433,-0.22990870475769043,0,0
55,RIGHT_INDEX,0.3937583267688751,0.6916100978851318,-0.2532230317592621,0,0
55,LEFT_THUMB,0.39396199584007263,0.6960341334342957,-0.20713192224502563,0,0
55,RIGHT_THUMB,0.3980138599872589,0.6897090673446655,-0.2267562448978424,0,0
55,LEFT_HIP,0.4852767586708069,0.7400491833686829,-0.029968755319714546,0,0
55,RIGHT_HIP,0.45548683404922485,0.7308204770088196,0.0299407709389925,0,0
55,LEFT_KNEE,0.5025762915611267,0.8319380879402161,-0.04711014777421951,0,0
55,RIGHT_KNEE,0.4256729185581207,0.8116660714149475,-0.08866918087005615,0,0
55,LEFT_ANKLE,0.5252794027328491,0.8909431099891663,0.08593128621578217,0,0
55,RIGHT_ANKLE,0.42543306946754456,0.9006956815719604,0.007852901704609394,0,0
55,LEFT_HEEL,0.5265792608261108,0.8961653709411621,0.09504102170467377,0,0
55,RIGHT_HEEL,0.433947890996933,0.9159397482872009,0.014793275855481625,0,0
55,LEFT_FOOT_INDEX,0.5281732082366943,0.931083619594574,0.02888328768312931,0,0
55,RIGHT_FOOT_INDEX,0.40786540508270264,0.940162181854248,-0.04144462198019028,0,0
56,NOSE,0.4360453486442566,0.5835899710655212,-0.19523119926452637,0,0
56,LEFT_EYE_INNER,0.4407750368118286,0.5726746320724487,-0.2009834498167038,0,0
56,LEFT_EYE,0.44307830929756165,0.5725789666175842,-0.20096272230148315,0,0
56,LEFT_EYE_OUTER,0.4455890953540802,0.5724155902862549,-0.200988307595253,0,0
56,RIGHT_EYE_INNER,0.43638190627098083,0.5715662837028503,-0.18711617588996887,0,0
56,RIGHT_EYE,0.4354580342769623,0.5708631873130798,-0.18718187510967255,0,0
56,RIGHT_EYE_OUTER,0.4344937205314636,0.5700250267982483,-0.18722352385520935,0,0
56,LEFT_EAR,0.4538552165031433,0.5746760368347168,-0.1800588220357895,0,0
56,RIGHT_EAR,0.44016510248184204,0.5693811774253845,-0.12067868560552597,0,0
56,MOUTH_LEFT,0.44122856855392456,0.5930657982826233,-0.18476708233356476,0,0
56,MOUTH_RIGHT,0.4361087679862976,0.5916579365730286,-0.16762559115886688,0,0
56,LEFT_SHOULDER,0.46594148874282837,0.6248182654380798,-0.17609857022762299,0,0
56,RIGHT_SHOULDER,0.4371376037597656,0.6034753918647766,-0.04339306056499481,0,0
56,LEFT_ELBOW,0.42771509289741516,0.6803361177444458,-0.1823468953371048,0,0
56,RIGHT_ELBOW,0.4234972596168518,0.6567551493644714,-0.08009561151266098,0,0
56,LEFT_WRIST,0.4116370379924774,0.6673914194107056,-0.13210009038448334,0,0
56,RIGHT_WRIST,0.4287429451942444,0.6803542375564575,-0.2144605964422226,0,0
56,LEFT_PINKY,0.4050551950931549,0.6595947742462158,-0.14210571348667145,0,0
56,RIGHT_PINKY,0.4287579655647278,0.6864781379699707,-0.22003242373466492,0,0
56,LEFT_INDEX,0.4084882438182831,0.6522143483161926,-0.14203903079032898,0,0
56,RIGHT_INDEX,0.4315752685070038,0.6818736791610718,-0.22555159032344818,0,0
56,LEFT_THUMB,0.41102632880210876,0.6544036269187927,-0.12964116036891937,0,0
56,RIGHT_THUMB,0.43292105197906494,0.6805296540260315,-0.2258691042661667,0,0
56,LEFT_HIP,0.484692245721817,0.7413977384567261,-0.030815210193395615,0,0
56,RIGHT_HIP,0.4555875360965729,0.7312891483306885,0.030802052468061447,0,0
56,LEFT_KNEE,0.5018304586410522,0.831795334815979,-0.025768274441361427,0,0
56,RIGHT_KNEE,0.4258979856967926,0.8111050724983215,-0.07769624143838882,0,0
56,LEFT_ANKLE,0.5252739787101746,0.8931763172149658,0.10120530426502228,0,0
56,RIGHT_ANKLE,0.42535486817359924,0.9005516767501831,0.0163462795317173,0,0
56,LEFT_HEEL,0.5277806520462036,0.8996936678886414,0.11004572361707687,0,0
56,RIGHT_HEEL,0.43374159932136536,0.9158400893211365,0.022298378869891167,0,0
56,LEFT_FOOT_INDEX,0.5263674855232239,0.9309933185577393,0.044642992317676544,0,0
56,RIGHT_FOOT_INDEX,0.4078378975391388,0.9390435218811035,-0.03505238518118858,0,0
57,NOSE,0.43019190430641174,0.5800055861473083,-0.1878838986158371,0,0
57,LEFT_EYE_INNER,0.43513795733451843,0.5693929195404053,-0.19413559138774872,0,0
57,LEFT_EYE,0.43725091218948364,0.569390058517456,-0.19411571323871613,0,0
57,LEFT_EYE_OUTER,0.43966585397720337,0.5694169998168945,-0.1941339522600174,0,0
57,RIGHT_EYE_INNER,0.4314677119255066,0.5684871673583984,-0.17954841256141663,0,0
57,RIGHT_EYE,0.43090304732322693,0.5678911805152893,-0.1796177476644516,0,0
57,RIGHT_EYE_OUTER,0.43035295605659485,0.5671619176864624,-0.17966796457767487,0,0
57,LEFT_EAR,0.4494464695453644,0.5736531019210815,-0.1817406713962555,0,0
57,RIGHT_EAR,0.43701979517936707,0.5672133564949036,-0.12245097011327744,0,0
57,MOUTH_LEFT,0.4355136752128601,0.5899869799613953,-0.1827136129140854,0,0
57,MOUTH_RIGHT,0.4305727183818817,0.5884261727333069,-0.16427969932556152,0,0
57,LEFT_SHOULDER,0.4614812433719635,0.6210795640945435,-0.19670462608337402,0,0
57,RIGHT_SHOULDER,0.4379730224609375,0.6014833450317383,-0.061373546719551086,0,0
57,LEFT_ELBOW,0.421064168214798,0.6762689352035522,-0.24351300299167633,0,0
57,RIGHT_ELBOW,0.41221174597740173,0.6249189376831055,-0.08886563777923584,0,0
57,LEFT_WRIST,0.3938349485397339,0.6352673768997192,-0.2335561066865921,0,0
57,RIGHT_WRIST,0.3935532867908478,0.6124733090400696,-0.22245094180107117,0,0
57,LEFT_PINKY,0.38686200976371765,0.6288597583770752,-0.25454163551330566,0,0
57,RIGHT_PINKY,0.38674548268318176,0.6054382920265198,-0.24152249097824097,0,0
57,LEFT_INDEX,0.3883229196071625,0.6199011206626892,-0.24821744859218597,0,0
57,RIGHT_INDEX,0.383036732673645,0.5946529507637024,-0.24972112476825714,0,0
57,LEFT_THUMB,0.3896500766277313,0.6214375495910645,-0.23141244053840637,0,0
57,RIGHT_THUMB,0.39281150698661804,0.608849287033081,-0.2309984713792801,0,0
57,LEFT_HIP,0.48425576090812683,0.7390151619911194,-0.03207547217607498,0,0
57,RIGHT_HIP,0.4560243487358093,0.7304162979125977,0.031981922686100006,0,0
57,LEFT_KNEE,0.5013930797576904,0.832312822341919,0.005495727527886629,0,0
57,RIGHT_KNEE,0.4262882173061371,0.8103374242782593,-0.05387922003865242,0,0
57,LEFT_ANKLE,0.5252015590667725,0.8929221630096436,0.1230512335896492,0,0
57,RIGHT_ANKLE,0.4253068268299103,0.8993909955024719,0.0165307205170393,0,0
57,LEFT_HEEL,0.5278850793838501,0.8994632363319397,0.13112008571624756,0,0
57,RIGHT_HEEL,0.4336690604686737,0.9155845046043396,0.025019360706210136,0,0
57,LEFT_FOOT_INDEX,0.5256077647209167,0.9315356016159058,0.07061807811260223,0,0
57,RIGHT_FOOT_INDEX,0.40766239166259766,0.9381371140480042,-0.016398798674345016,0,0
58,NOSE,0.42877569794654846,0.5783693194389343,-0.19043956696987152,0,0
58,LEFT_EYE_INNER,0.4336438775062561,0.5680713057518005,-0.19644661247730255,0,0
58,LEFT_EYE,0.4356590807437897,0.5680009126663208,-0.19643370807170868,0,0
58,LEFT_EYE_OUTER,0.4379316568374634,0.567943811416626,-0.19645193219184875,0,0
58,RIGHT_EYE_INNER,0.430282860994339,0.567322313785553,-0.18130628764629364,0,0
58,RIGHT_EYE,0.42984798550605774,0.5667510628700256,-0.18137723207473755,0,0
58,RIGHT_EYE_OUTER,0.42945608496665955,0.5660500526428223,-0.18143492937088013,0,0
58,LEFT_EAR,0.44795355200767517,0.5724358558654785,-0.18510623276233673,0,0
58,RIGHT_EAR,0.4361656904220581,0.5663031935691833,-0.12166834622621536,0,0
58,MOUTH_LEFT,0.43384647369384766,0.5883589386940002,-0.18505701422691345,0,0
58,MOUTH_RIGHT,0.4291340410709381,0.5867694616317749,-0.16595317423343658,0,0
58,LEFT_SHOULDER,0.4612002968788147,0.6201258897781372,-0.19858069717884064,0,0
58,RIGHT_SHOULDER,0.4380215108394623,0.6002824306488037,-0.055937834084033966,0,0
58,LEFT_ELBOW,0.42082056403160095,0.6740331649780273,-0.24504168331623077,0,0
58,RIGHT_ELBOW,0.4192923307418823,0.6321159601211548,-0.07268892973661423,0,0
58,LEFT_WRIST,0.391239196062088,0.6309616565704346,-0.23710495233535767,0,0
58,RIGHT_WRIST,0.4116525948047638,0.632197916507721,-0.15886057913303375,0,0
58,LEFT_PINKY,0.3829317092895508,0.6250062584877014,-0.2576298117637634,0,0
58,RIGHT_PINKY,0.4086455702781677,0.6298708319664001,-0.17336206138134003,0,0
58,LEFT_INDEX,0.38362616300582886,0.6151764392852783,-0.2532573640346527,0,0
58,RIGHT_INDEX,0.4102855622768402,0.6247946619987488,-0.18088850378990173,0,0
58,LEFT_THUMB,0.386959046125412,0.6188436150550842,-0.2352217733860016,0,0
58,RIGHT_THUMB,0.4130229949951172,0.6297787427902222,-0.16524596512317657,0,0
58,LEFT_HIP,0.48443877696990967,0.7388458251953125,-0.03414476290345192,0,0
58,RIGHT_HIP,0.4563872516155243,0.7300688624382019,0.03410118445754051,0,0
58,LEFT_KNEE,0.501474142074585,0.8329001069068909,-0.001353217288851738,0,0
58,RIGHT_KNEE,0.4263065457344055,0.8098841905593872,-0.05515392869710922,0,0
58,LEFT_ANKLE,0.525198221206665,0.8932763338088989,0.12482306361198425,0,0
58,RIGHT_ANKLE,0.42528754472732544,0.8990209698677063,0.022001156583428383,0,0
58,LEFT_HEEL,0.5281339287757874,0.8993047475814819,0.1337127983570099,0,0
58,RIGHT_HEEL,0.4336589574813843,0.9155659675598145,0.029046012088656425,0,0
58,LEFT_FOOT_INDEX,0.5253949761390686,0.931638777256012,0.07140753418207169,0,0
58,RIGHT_FOOT_INDEX,0.40724924206733704,0.9378642439842224,-0.018658658489584923,0,0
59,NOSE,0.4269118010997772,0.5765517354011536,-0.10496477782726288,0,0
59,LEFT_EYE_INNER,0.4310401678085327,0.5678279399871826,-0.1131834164261818,0,0
59,LEFT_EYE,0.43269920349121094,0.567393958568573,-0.113186314702034,0,0
59,LEFT_EYE_OUTER,0.4345426559448242,0.5670211911201477,-0.11321014910936356,0,0
59,RIGHT_EYE_INNER,0.4285639822483063,0.5666391253471375,-0.0972772091627121,0,0
59,RIGHT_EYE,0.4284205734729767,0.5658672451972961,-0.09731961041688919,0,0
59,RIGHT_EYE_OUTER,0.4283154606819153,0.5648960471153259,-0.09735807031393051,0,0
59,LEFT_EAR,0.44365009665489197,0.5692930817604065,-0.11592897027730942,0,0
59,RIGHT_EAR,0.4348919093608856,0.5650975704193115,-0.045319486409425735,0,0
59,MOUTH_LEFT,0.4312647879123688,0.5878465175628662,-0.1035642996430397,0,0
59,MOUTH_RIGHT,0.4277155101299286,0.584954559803009,-0.08352606743574142,0,0
59,LEFT_SHOULDER,0.45792117714881897,0.615628182888031,-0.13398200273513794,0,0
59,RIGHT_SHOULDER,0.43705490231513977,0.5996281504631042,0.01419554278254509,0,0
59,LEFT_ELBOW,0.4265216886997223,0.6615083813667297,-0.12389723211526871,0,0
59,RIGHT_ELBOW,0.4228442311286926,0.630299985408783,0.009663003496825695,0,0
59,LEFT_WRIST,0.41025441884994507,0.6246384978294373,-0.021618124097585678,0,0
59,RIGHT_WRIST,0.4198336601257324,0.6274352073669434,-0.03907499834895134,0,0
59,LEFT_PINKY,0.4047442376613617,0.6153006553649902,-0.020568301901221275,0,0
59,RIGHT_PINKY,0.41722163558006287,0.6263253092765808,-0.04570227488875389,0,0
59,LEFT_INDEX,0.4070388078689575,0.6107794046401978,-0.021959511563181877,0,0
59,RIGHT_INDEX,0.42045900225639343,0.6247063279151917,-0.047964632511138916,0,0
59,LEFT_THUMB,0.40954506397247314,0.6146496534347534,-0.018459122627973557,0,0
59,RIGHT_THUMB,0.4226531386375427,0.6268291473388672,-0.04255806654691696,0,0
59,LEFT_HIP,0.48443886637687683,0.7366729378700256,-0.03453163802623749,0,0
59,RIGHT_HIP,0.456604927778244,0.7293834090232849,0.0345182828605175,0,0
59,LEFT_KNEE,0.501792311668396,0.8323754668235779,-0.016439201310276985,0,0
59,RIGHT_KNEE,0.42674145102500916,0.8097205758094788,-0.04158667474985123,0,0
59,LEFT_ANKLE,0.5252189040184021,0.8935616612434387,0.11561514437198639,0,0
59,RIGHT_ANKLE,0.42528221011161804,0.8989635109901428,0.017985401675105095,0,0
59,LEFT_HEEL,0.5283212661743164,0.8994134068489075,0.12383222579956055,0,0
59,RIGHT_HEEL,0.4336448609828949,0.915488600730896,0.021850071847438812,0,0
59,LEFT_FOOT_INDEX,0.5254703164100647,0.9315283894538879,0.06194299831986427,0,0
59,RIGHT_FOOT_INDEX,0.40722134709358215,0.9377599358558655,-0.019336538389325142,0,0
60,NOSE,0.4245032072067261,0.5689407587051392,-0.09384921938180923,0,0
60,LEFT_EYE_INNER,0.42748939990997314,0.5600348711013794,-0.10463870316743851,0,0
60,LEFT_EYE,0.42887645959854126,0.5600831508636475,-0.10463424026966095,0,0
60,LEFT_EYE_OUTER,0.4304068386554718,0.5601227283477783,-0.10466955602169037,0,0
60,RIGHT_EYE_INNER,0.42575889825820923,0.558632493019104,-0.08694970607757568,0,0
60,RIGHT_EYE,0.4258633255958557,0.5578950643539429,-0.08695939928293228,0,0
60,RIGHT_EYE_OUTER,0.4259980022907257,0.5569729208946228,-0.08698292821645737,0,0
60,LEFT_EAR,0.4398578703403473,0.5643643736839294,-0.12032686918973923,0,0
60,RIGHT_EAR,0.43288880586624146,0.5594187378883362,-0.040753383189439774,0,0
60,MOUTH_LEFT,0.4288259744644165,0.579695999622345,-0.0968232974410057,0,0
60,MOUTH_RIGHT,0.4264471232891083,0.577104926109314,-0.07417777180671692,0,0
60,LEFT_SHOULDER,0.454645574092865,0.6147955656051636,-0.13360117375850677,0,0
60,RIGHT_SHOULDER,0.43765658140182495,0.5882197618484497,0.018744785338640213,0,0
60,LEFT_ELBOW,0.4217475652694702,0.6580483317375183,-0.09024499356746674,0,0
60,RIGHT_ELBOW,0.4094727635383606,0.578239917755127,0.08017993718385696,0,0
60,LEFT_WRIST,0.4104175865650177,0.606781542301178,0.03331458941102028,0,0
60,RIGHT_WRIST,0.39925718307495117,0.5489477515220642,0.10958388447761536,0,0
60,LEFT_PINKY,0.4034727215766907,0.5973470211029053,0.03598055616021156,0,0
60,RIGHT_PINKY,0.3986878991127014,0.5345380902290344,0.11346545070409775,0,0
60,LEFT_INDEX,0.4079528748989105,0.5904001593589783,0.03002908080816269,0,0
60,RIGHT_INDEX,0.4015502333641052,0.5351949334144592,0.10655608028173447,0,0
60,LEFT_THUMB,0.409904420375824,0.595170259475708,0.0348111055791378,0,0
60,RIGHT_THUMB,0.40189680457115173,0.5421562194824219,0.10645079612731934,0,0
60,LEFT_HIP,0.48354944586753845,0.7360066175460815,-0.041723355650901794,0,0
60,RIGHT_HIP,0.4562055468559265,0.7292162775993347,0.041682593524456024,0,0
60,LEFT_KNEE,0.5015404224395752,0.8308390378952026,-0.011228160932660103,0,0
60,RIGHT_KNEE,0.42704832553863525,0.810671329498291,0.03166062757372856,0,0
60,LEFT_ANKLE,0.5252177715301514,0.8934169411659241,0.11305208504199982,0,0
60,RIGHT_ANKLE,0.4252825975418091,0.8989080786705017,0.071721650660038,0,0
60,LEFT_HEEL,0.5283495783805847,0.8990333080291748,0.1206224262714386,0,0
60,RIGHT_HEEL,0.43363630771636963,0.9154590964317322,0.07365627586841583,0,0
60,LEFT_FOOT_INDEX,0.5253947973251343,0.9309601187705994,0.07054309546947479,0,0
60,RIGHT_FOOT_INDEX,0.4070822298526764,0.9377472996711731,0.04350729286670685,0,0
61,NOSE,0.4232052266597748,0.5573307871818542,-0.08544576913118362,0,0
61,LEFT_EYE_INNER,0.4266524612903595,0.5479223132133484,-0.09688667953014374,0,0
61,LEFT_EYE,0.42805740237236023,0.5480798482894897,-0.09689079970121384,0,0
61,LEFT_EYE_OUTER,0.42955833673477173,0.5482826828956604,-0.096928671002388,0,0
61,RIGHT_EYE_INNER,0.4250655174255371,0.5468351244926453,-0.07795315235853195,0,0
61,RIGHT_EYE,0.42524921894073486,0.5462450981140137,-0.07795275002717972,0,0
61,RIGHT_EYE_OUTER,0.42542606592178345,0.5455835461616516,-0.07797197252511978,0,0
61,LEFT_EAR,0.43861085176467896,0.5535616278648376,-0.11671982705593109,0,0
61,RIGHT_EAR,0.43276670575141907,0.5489907264709473,-0.031332723796367645,0,0
61,MOUTH_LEFT,0.4273618459701538,0.5680071711540222,-0.09024588018655777,0,0
61,MOUTH_RIGHT,0.4254312813282013,0.5661548376083374,-0.06593034416437149,0,0
61,LEFT_SHOULDER,0.45301422476768494,0.6092352867126465,-0.13286560773849487,0,0
61,RIGHT_SHOULDER,0.4356873631477356,0.5781303644180298,0.026804478839039803,0,0
61,LEFT_ELBOW,0.4237562417984009,0.6577460169792175,-0.08916287869215012,0,0
61,RIGHT_ELBOW,0.4122124910354614,0.5728402137756348,0.08040899783372879,0,0
61,LEFT_WRIST,0.4154964089393616,0.6024541258811951,0.039839260280132294,0,0
61,RIGHT_WRIST,0.40077754855155945,0.5483585000038147,0.09640264511108398,0,0
61,LEFT_PINKY,0.4085562527179718,0.5927022099494934,0.042766861617565155,0,0
61,RIGHT_PINKY,0.39901211857795715,0.5365224480628967,0.09793572127819061,0,0
61,LEFT_INDEX,0.41270387172698975,0.5850422382354736,0.037211380898952484,0,0
61,RIGHT_INDEX,0.40131786465644836,0.5278382301330566,0.09080883860588074,0,0
61,LEFT_THUMB,0.41457098722457886,0.5900699496269226,0.04157797619700432,0,0
61,RIGHT_THUMB,0.4022553563117981,0.5363562107086182,0.09258304536342621,0,0
61,LEFT_HIP,0.48347336053848267,0.7345027327537537,-0.0444679819047451,0,0
61,RIGHT_HIP,0.4563060402870178,0.7262216210365295,0.0444524772465229,0,0
61,LEFT_KNEE,0.5017679333686829,0.8283947706222534,0.0009924935875460505,0,0
61,RIGHT_KNEE,0.4271586835384369,0.810638964176178,0.03876970335841179,0,0
61,LEFT_ANKLE,0.5252214074134827,0.8928095102310181,0.11209239810705185,0,0
61,RIGHT_ANKLE,0.42528608441352844,0.8988812565803528,0.07426536828279495,0,0
61,LEFT_HEEL,0.5282414555549622,0.8979650139808655,0.12113843113183975,0,0
61,RIGHT_HEEL,0.433621883392334,0.9154610633850098,0.07579507678747177,0,0
61,LEFT_FOOT_INDEX,0.5256373286247253,0.9309506416320801,0.08310198038816452,0,0
61,RIGHT_FOOT_INDEX,0.4069165289402008,0.9377478361129761,0.045687802135944366,0,0
62,NOSE,0.42270442843437195,0.5500303506851196,-0.11383871734142303,0,0
62,LEFT_EYE_INNER,0.4261266887187958,0.5398140549659729,-0.12312524765729904,0,0
62,LEFT_EYE,0.42794373631477356,0.5398211479187012,-0.12313269078731537,0,0
62,LEFT_EYE_OUTER,0.42989251017570496,0.5398972630500793,-0.12318002432584763,0,0
62,RIGHT_EYE_INNER,0.42348286509513855,0.5393031239509583,-0.10511963814496994,0,0
62,RIGHT_EYE,0.42332062125205994,0.5389499068260193,-0.10512685775756836,0,0
62,RIGHT_EYE_OUTER,0.4231222867965698,0.5385963916778564,-0.10514137148857117,0,0
62,LEFT_EAR,0.4394121766090393,0.544764518737793,-0.13063545525074005,0,0
62,RIGHT_EAR,0.4317234456539154,0.5423358082771301,-0.04937773942947388,0,0
62,MOUTH_LEFT,0.4275404214859009,0.5609115362167358,-0.1138017401099205,0,0
62,MOUTH_RIGHT,0.42469561100006104,0.5597259998321533,-0.09064162522554398,0,0
62,LEFT_SHOULDER,0.4540497064590454,0.6013357043266296,-0.13886220753192902,0,0
62,RIGHT_SHOULDER,0.4360562264919281,0.5766389966011047,0.01864960603415966,0,0
62,LEFT_ELBOW,0.42910832166671753,0.6577295064926147,-0.10359535366296768,0,0
62,RIGHT_ELBOW,0.41555893421173096,0.570064127445221,0.0819428488612175,0,0
62,LEFT_WRIST,0.4190027117729187,0.5990363359451294,0.013901974074542522,0,0
62,RIGHT_WRIST,0.40337470173835754,0.5423375368118286,0.10421167314052582,0,0
62,LEFT_PINKY,0.41261136531829834,0.5910954475402832,0.01730477251112461,0,0
62,RIGHT_PINKY,0.3996120095252991,0.5323709845542908,0.1064867451786995,0,0
62,LEFT_INDEX,0.4159068167209625,0.5824949741363525,0.012628110125660896,0,0
62,RIGHT_INDEX,0.4011969268321991,0.5285965800285339,0.10041351616382599,0,0
62,LEFT_THUMB,0.41760385036468506,0.5870460867881775,0.01602924056351185,0,0
62,RIGHT_THUMB,0.40251779556274414,0.5375521779060364,0.10088633000850677,0,0
62,LEFT_HIP,0.4839697778224945,0.7296510934829712,-0.04335598275065422,0,0
62,RIGHT_HIP,0.4563581049442291,0.7220536470413208,0.043360933661460876,0,0
62,LEFT_KNEE,0.5019510984420776,0.8213682174682617,0.0037515913136303425,0,0
62,RIGHT_KNEE,0.427556574344635,0.8103671669960022,0.027635574340820312,0,0
62,LEFT_ANKLE,0.5252076983451843,0.8914229273796082,0.11462397873401642,0,0
62,RIGHT_ANKLE,0.425331711769104,0.8988727331161499,0.07480787485837936,0,0
62,LEFT_HEEL,0.5281549692153931,0.896702766418457,0.12378024309873581,0,0
62,RIGHT_HEEL,0.4336564242839813,0.9156651496887207,0.07738492637872696,0,0
62,LEFT_FOOT_INDEX,0.5256074070930481,0.931015133857727,0.08282408118247986,0,0
62,RIGHT_FOOT_INDEX,0.4066306948661804,0.9378844499588013,0.044413622468709946,0,0
63,NOSE,0.42307156324386597,0.5481421947479248,-0.10844193398952484,0,0
63,LEFT_EYE_INNER,0.4265887439250946,0.5375338792800903,-0.11733392626047134,0,0
63,LEFT_EYE,0.42852190136909485,0.5373736023902893,-0.11734731495380402,0,0
63,LEFT_EYE_OUTER,0.43059542775154114,0.5373072028160095,-0.11739671975374222,0,0
63,RIGHT_EYE_INNER,0.4235728085041046,0.5373929142951965,-0.09903852641582489,0,0
63,RIGHT_EYE,0.42326638102531433,0.5371272563934326,-0.09904202073812485,0,0
63,RIGHT_EYE_OUTER,0.42291292548179626,0.5368702411651611,-0.09905311465263367,0,0
63,LEFT_EAR,0.43994033336639404,0.5418722629547119,-0.12279782444238663,0,0
63,RIGHT_EAR,0.4311893582344055,0.5400944948196411,-0.0401584729552269,0,0
63,MOUTH_LEFT,0.42803001403808594,0.5589098930358887,-0.10770480334758759,0,0
63,MOUTH_RIGHT,0.42488569021224976,0.5582259297370911,-0.08416743576526642,0,0
63,LEFT_SHOULDER,0.4544786214828491,0.5972145795822144,-0.13324326276779175,0,0
63,RIGHT_SHOULDER,0.43617698550224304,0.5772175192832947,0.03293532505631447,0,0
63,LEFT_ELBOW,0.42899566888809204,0.6578235626220703,-0.09250855445861816,0,0
63,RIGHT_ELBOW,0.41643577814102173,0.5826823711395264,0.09405028820037842,0,0
63,LEFT_WRIST,0.4205576479434967,0.6047608256340027,0.03289279714226723,0,0
63,RIGHT_WRIST,0.4047923982143402,0.5496042370796204,0.10897663980722427,0,0
63,LEFT_PINKY,0.41448625922203064,0.5963075160980225,0.0378829650580883,0,0
63,RIGHT_PINKY,0.3997590243816376,0.5407903790473938,0.11104292422533035,0,0
63,LEFT_INDEX,0.41731366515159607,0.588495135307312,0.03263680636882782,0,0
63,RIGHT_INDEX,0.4009462893009186,0.5385121703147888,0.10442474484443665,0,0
63,LEFT_THUMB,0.4183473587036133,0.5925519466400146,0.03521835058927536,0,0
63,RIGHT_THUMB,0.40299728512763977,0.5467209815979004,0.10520604997873306,0,0
63,LEFT_HIP,0.48430031538009644,0.7275682091712952,-0.04394535347819328,0,0
63,RIGHT_HIP,0.4564515948295593,0.7206611037254333,0.043964091688394547,0,0
63,LEFT_KNEE,0.5020449161529541,0.8188767433166504,-0.005579420365393162,0,0
63,RIGHT_KNEE,0.4280298948287964,0.8095741868019104,0.016568360850214958,0,0
63,LEFT_ANKLE,0.5251842737197876,0.8900385499000549,0.11160638928413391,0,0
63,RIGHT_ANKLE,0.4253515601158142,0.8988403677940369,0.06654330343008041,0,0
63,LEFT_HEEL,0.5281400680541992,0.8952652812004089,0.12115804105997086,0,0
63,RIGHT_HEEL,0.43368253111839294,0.9156367182731628,0.06933385878801346,0,0
63,LEFT_FOOT_INDEX,0.5256909728050232,0.9310006499290466,0.07859750837087631,0,0
63,RIGHT_FOOT_INDEX,0.4065764546394348,0.9379270672798157,0.033544160425662994,0,0
64,NOSE,0.42409831285476685,0.542709469795227,-0.12066277116537094,0,0
64,LEFT_EYE_INNER,0.4274693429470062,0.5327518582344055,-0.1301489770412445,0,0
64,LEFT_EYE,0.4293138384819031,0.5327585935592651,-0.1301613748073578,0,0
64,LEFT_EYE_OUTER,0.4313109517097473,0.5328210592269897,-0.13020360469818115,0,0
64,RIGHT_EYE_INNER,0.4247458577156067,0.5322167873382568,-0.11196278780698776,0,0
64,RIGHT_EYE,0.42448410391807556,0.5318209528923035,-0.11197981983423233,0,0
64,RIGHT_EYE_OUTER,0.4241836369037628,0.531393826007843,-0.11200056970119476,0,0
64,LEFT_EAR,0.4408402442932129,0.5366436243057251,-0.13500523567199707,0,0
64,RIGHT_EAR,0.43211644887924194,0.5341433882713318,-0.05466974154114723,0,0
64,MOUTH_LEFT,0.4291883111000061,0.5539004802703857,-0.12001848220825195,0,0
64,MOUTH_RIGHT,0.42589908838272095,0.5530657172203064,-0.09666942805051804,0,0
64,LEFT_SHOULDER,0.45548152923583984,0.5923124551773071,-0.13559235632419586,0,0
64,RIGHT_SHOULDER,0.43630722165107727,0.5714616179466248,0.022584546357393265,0,0
64,LEFT_ELBOW,0.4310404360294342,0.6569319367408752,-0.11612248420715332,0,0
64,RIGHT_ELBOW,0.4195679724216461,0.5690850615501404,0.11171984672546387,0,0
64,LEFT_WRIST,0.42184555530548096,0.6086698174476624,-0.018901020288467407,0,0
64,RIGHT_WRIST,0.4038163125514984,0.5515257716178894,0.14850230515003204,0,0
64,LEFT_PINKY,0.41498813033103943,0.5995365977287292,-0.01818002387881279,0,0
64,RIGHT_PINKY,0.3978874087333679,0.5419972538948059,0.15413352847099304,0,0
64,LEFT_INDEX,0.41774865984916687,0.590431272983551,-0.021932411938905716,0,0
64,RIGHT_INDEX,0.3982124626636505,0.5412775278091431,0.14403076469898224,0,0
64,LEFT_THUMB,0.4195385277271271,0.5914359092712402,-0.016735795885324478,0,0
64,RIGHT_THUMB,0.40011733770370483,0.5455858707427979,0.14396430552005768,0,0
64,LEFT_HIP,0.48425617814064026,0.7224204540252686,-0.044687267392873764,0,0
64,RIGHT_HIP,0.4566390812397003,0.7158018946647644,0.04471110180020332,0,0
64,LEFT_KNEE,0.5019715428352356,0.8123753070831299,-0.008439799770712852,0,0
64,RIGHT_KNEE,0.429596871137619,0.8075237274169922,0.009472832083702087,0,0
64,LEFT_ANKLE,0.5251826047897339,0.8889002799987793,0.09403063356876373,0,0
64,RIGHT_ANKLE,0.4253535568714142,0.8986027836799622,0.06341563910245895,0,0
64,LEFT_HEEL,0.5280821919441223,0.8947821855545044,0.10250913351774216,0,0
64,RIGHT_HEEL,0.43367186188697815,0.9155011773109436,0.06633726507425308,0,0
64,LEFT_FOOT_INDEX,0.5257863402366638,0.9310124516487122,0.05822328105568886,0,0
64,RIGHT_FOOT_INDEX,0.4065534472465515,0.9380204081535339,0.027476565912365913,0,0
65,NOSE,0.42563894391059875,0.5367152094841003,-0.09399829804897308,0,0
65,LEFT_EYE_INNER,0.4290841519832611,0.5267121195793152,-0.10523620992898941,0,0
65,LEFT_EYE,0.43096187710762024,0.5265944600105286,-0.10524412244558334,0,0
65,LEFT_EYE_OUTER,0.4329884648323059,0.5263577699661255,-0.105259969830513,0,0
65,RIGHT_EYE_INNER,0.42612966895103455,0.5263262987136841,-0.08654317259788513,0,0
65,RIGHT_EYE,0.425763875246048,0.5259419679641724,-0.08655920624732971,0,0
65,RIGHT_EYE_OUTER,0.42534324526786804,0.5255149602890015,-0.08656482398509979,0,0
65,LEFT_EAR,0.44222190976142883,0.5291910171508789,-0.11701173335313797,0,0
65,RIGHT_EAR,0.43263646960258484,0.5267121195793152,-0.033705223351716995,0,0
65,MOUTH_LEFT,0.4306340515613556,0.547382116317749,-0.0956508219242096,0,0
65,MOUTH_RIGHT,0.4271411895751953,0.5466347336769104,-0.07188747823238373,0,0
65,LEFT_SHOULDER,0.4571766257286072,0.5816808938980103,-0.13614985346794128,0,0
65,RIGHT_SHOULDER,0.4382912516593933,0.5657911896705627,0.04036547616124153,0,0
65,LEFT_ELBOW,0.4429260194301605,0.6562275290489197,-0.12326917052268982,0,0
65,RIGHT_ELBOW,0.41800209879875183,0.5683216452598572,0.052136603742837906,0,0
65,LEFT_WRIST,0.42448243498802185,0.6101434826850891,-0.034605178982019424,0,0
65,RIGHT_WRIST,0.4007715582847595,0.5548276901245117,-0.030029116198420525,0,0
65,LEFT_PINKY,0.41817009449005127,0.6057801246643066,-0.03574017807841301,0,0
65,RIGHT_PINKY,0.3941996395587921,0.5448465943336487,-0.0389711856842041,0,0
65,LEFT_INDEX,0.42183905839920044,0.5972488522529602,-0.03831247612833977,0,0
65,RIGHT_INDEX,0.39510899782180786,0.5428130626678467,-0.04325948283076286,0,0
65,LEFT_THUMB,0.42214712500572205,0.5989328622817993,-0.031840190291404724,0,0
65,RIGHT_THUMB,0.39855459332466125,0.5486553311347961,-0.03601844981312752,0,0
65,LEFT_HIP,0.48437753319740295,0.7167167067527771,-0.04478110000491142,0,0
65,RIGHT_HIP,0.45700690150260925,0.712244987487793,0.044758979231119156,0,0
65,LEFT_KNEE,0.5020595788955688,0.8077019453048706,-0.011785779148340225,0,0
65,RIGHT_KNEE,0.43112918734550476,0.8040764927864075,0.007888455875217915,0,0
65,LEFT_ANKLE,0.5251821279525757,0.8879321813583374,0.08290640264749527,0,0
65,RIGHT_ANKLE,0.4253615736961365,0.8976420760154724,0.061058443039655685,0,0
65,LEFT_HEEL,0.5280629396438599,0.8946709036827087,0.08961854875087738,0,0
65,RIGHT_HEEL,0.43366965651512146,0.9149025082588196,0.0637892559170723,0,0
65,LEFT_FOOT_INDEX,0.5258379578590393,0.9310125112533569,0.03674161434173584,0,0
65,RIGHT_FOOT_INDEX,0.4065491557121277,0.9380092620849609,0.023797335103154182,0,0
66,NOSE,0.4297783076763153,0.5328710675239563,-0.10751315206289291,0,0
66,LEFT_EYE_INNER,0.4339565932750702,0.5215516090393066,-0.11186870187520981,0,0
66,LEFT_EYE,0.4360078275203705,0.5208941102027893,-0.11188090592622757,0,0
66,LEFT_EYE_OUTER,0.4380897879600525,0.5202417969703674,-0.11188824474811554,0,0
66,RIGHT_EYE_INNER,0.42977672815322876,0.5222522020339966,-0.09736927598714828,0,0
66,RIGHT_EYE,0.42897459864616394,0.5220196843147278,-0.0973878726363182,0,0
66,RIGHT_EYE_OUTER,0.4281957745552063,0.5216434597969055,-0.09740646183490753,0,0
66,LEFT_EAR,0.4461347460746765,0.5223190784454346,-0.09607153385877609,0,0
66,RIGHT_EAR,0.4354346692562103,0.5214383006095886,-0.031283486634492874,0,0
66,MOUTH_LEFT,0.43608298897743225,0.5428383350372314,-0.09992419928312302,0,0
66,MOUTH_RIGHT,0.430374413728714,0.5435613989830017,-0.08130873739719391,0,0
66,LEFT_SHOULDER,0.46327027678489685,0.5736613869667053,-0.11067450791597366,0,0
66,RIGHT_SHOULDER,0.43948787450790405,0.5629152059555054,0.04251707345247269,0,0
66,LEFT_ELBOW,0.454223096370697,0.6508780717849731,-0.1102520078420639,0,0
66,RIGHT_ELBOW,0.415257066488266,0.5676355361938477,0.02802334353327751,0,0
66,LEFT_WRIST,0.42833608388900757,0.6276922225952148,-0.04525487497448921,0,0
66,RIGHT_WRIST,0.3946497142314911,0.5510163307189941,-0.09187694638967514,0,0
66,LEFT_PINKY,0.4216294288635254,0.6246813535690308,-0.049370177090168,0,0
66,RIGHT_PINKY,0.387469083070755,0.5451056361198425,-0.1073608472943306,0,0
66,LEFT_INDEX,0.42314159870147705,0.6172147989273071,-0.05346190556883812,0,0
66,RIGHT_INDEX,0.3880368769168854,0.54206383228302,-0.1139875277876854,0,0
66,LEFT_THUMB,0.4249078333377838,0.6177565455436707,-0.044745124876499176,0,0
66,RIGHT_THUMB,0.3910994231700897,0.545129120349884,-0.09955406934022903,0,0
66,LEFT_HIP,0.48431432247161865,0.7129350304603577,-0.04308456555008888,0,0
66,RIGHT_HIP,0.45706674456596375,0.7101097702980042,0.043068427592515945,0,0
66,LEFT_KNEE,0.5021447539329529,0.8040512800216675,-0.040642961859703064,0,0
66,RIGHT_KNEE,0.4325634241104126,0.8010368943214417,0.005046904552727938,0,0
66,LEFT_ANKLE,0.5251191258430481,0.8861851692199707,0.047253336757421494,0,0
66,RIGHT_ANKLE,0.42535823583602905,0.8967763185501099,0.06842083483934402,0,0
66,LEFT_HEEL,0.527617335319519,0.8934844732284546,0.05213254317641258,0,0
66,RIGHT_HEEL,0.4335794746875763,0.9144077301025391,0.07165617495775223,0,0
66,LEFT_FOOT_INDEX,0.5259354114532471,0.930626630783081,-0.010002956725656986,0,0
66,RIGHT_FOOT_INDEX,0.4066392183303833,0.9380136132240295,0.02647499181330204,0,0
67,NOSE,0.43590033054351807,0.5250042676925659,-0.16704034805297852,0,0
67,LEFT_EYE_INNER,0.4405050277709961,0.5143912434577942,-0.16254854202270508,0,0
67,LEFT_EYE,0.4426254332065582,0.5136836767196655,-0.16257338225841522,0,0
67,LEFT_EYE_OUTER,0.4447721242904663,0.5128679871559143,-0.1625811606645584,0,0
67,RIGHT_EYE_INNER,0.43559426069259644,0.5155165791511536,-0.15385231375694275,0,0
67,RIGHT_EYE,0.4344376027584076,0.5154549479484558,-0.15386319160461426,0,0
67,RIGHT_EYE_OUTER,0.4333735704421997,0.5152309536933899,-0.15390276908874512,0,0
67,LEFT_EAR,0.4528123736381531,0.5151215195655823,-0.11620058864355087,0,0
67,RIGHT_EAR,0.4397040903568268,0.5156513452529907,-0.07273042947053909,0,0
67,MOUTH_LEFT,0.4429187774658203,0.5349372625350952,-0.14735198020935059,0,0
67,MOUTH_RIGHT,0.43638214468955994,0.5361584424972534,-0.13613618910312653,0,0
67,LEFT_SHOULDER,0.46979236602783203,0.5695576071739197,-0.11874178797006607,0,0
67,RIGHT_SHOULDER,0.4399644136428833,0.5639089941978455,-0.004911311436444521,0,0
67,LEFT_ELBOW,0.46540403366088867,0.6461154818534851,-0.11884593963623047,0,0
67,RIGHT_ELBOW,0.4390076994895935,0.617085337638855,-0.027606850489974022,0,0
67,LEFT_WRIST,0.4313718378543854,0.6449103355407715,-0.12218446284532547,0,0
67,RIGHT_WRIST,0.4621548652648926,0.6543903350830078,-0.11780772358179092,0,0
67,LEFT_PINKY,0.42440181970596313,0.6477534770965576,-0.13625194132328033,0,0
67,RIGHT_PINKY,0.46853744983673096,0.6717039942741394,-0.13290099799633026,0,0
67,LEFT_INDEX,0.4236513376235962,0.6400969624519348,-0.13412122428417206,0,0
67,RIGHT_INDEX,0.4690350294113159,0.6668148040771484,-0.14288713037967682,0,0
67,LEFT_THUMB,0.42643001675605774,0.6382606029510498,-0.11995809525251389,0,0
67,RIGHT_THUMB,0.4671657979488373,0.6609139442443848,-0.1243247538805008,0,0
67,LEFT_HIP,0.4842143952846527,0.7113201022148132,-0.03837866336107254,0,0
67,RIGHT_HIP,0.45653286576271057,0.7099440693855286,0.03835219517350197,0,0
67,LEFT_KNEE,0.5022614598274231,0.8028562068939209,-0.008536898531019688,0,0
67,RIGHT_KNEE,0.4335435628890991,0.800053060054779,0.040960948914289474,0,0
67,LEFT_ANKLE,0.524858832359314,0.8851343393325806,0.10301820933818817,0,0
67,RIGHT_ANKLE,0.42533525824546814,0.8965039849281311,0.1295868456363678,0,0
67,LEFT_HEEL,0.5268921256065369,0.8931869268417358,0.10897363722324371,0,0
67,RIGHT_HEEL,0.43322959542274475,0.9141970872879028,0.13506317138671875,0,0
67,LEFT_FOOT_INDEX,0.5263198614120483,0.9296518564224243,0.030231209471821785,0,0
67,RIGHT_FOOT_INDEX,0.40676450729370117,0.9379094243049622,0.0847979411482811,0,0
68,NOSE,0.4383067786693573,0.5243597030639648,-0.1778980791568756,0,0
68,LEFT_EYE_INNER,0.44310131669044495,0.5138401389122009,-0.17386987805366516,0,0
68,LEFT_EYE,0.44539591670036316,0.5132099986076355,-0.17389683425426483,0,0
68,LEFT_EYE_OUTER,0.4476143419742584,0.5125964283943176,-0.17391541600227356,0,0
68,RIGHT_EYE_INNER,0.4375365078449249,0.5146994590759277,-0.16479207575321198,0,0
68,RIGHT_EYE,0.43612438440322876,0.5145431756973267,-0.16480933129787445,0,0
68,RIGHT_EYE_OUTER,0.43482810258865356,0.514187753200531,-0.16485172510147095,0,0
68,LEFT_EAR,0.45451679825782776,0.5152009129524231,-0.12210723757743835,0,0
68,RIGHT_EAR,0.4402938187122345,0.5154211521148682,-0.08290687948465347,0,0
68,MOUTH_LEFT,0.4446924924850464,0.5344592332839966,-0.15786272287368774,0,0
68,MOUTH_RIGHT,0.4381508231163025,0.5356928706169128,-0.1461189091205597,0,0
68,LEFT_SHOULDER,0.47134774923324585,0.5685451626777649,-0.1238485649228096,0,0
68,RIGHT_SHOULDER,0.4403618276119232,0.5633696913719177,-0.013607652857899666,0,0
68,LEFT_ELBOW,0.46473631262779236,0.6417813301086426,-0.15357881784439087,0,0
68,RIGHT_ELBOW,0.43780291080474854,0.6187452077865601,-0.04537619277834892,0,0
68,LEFT_WRIST,0.4316352307796478,0.6473984122276306,-0.17328788340091705,0,0
68,RIGHT_WRIST,0.45824968814849854,0.6540316939353943,-0.14993339776992798,0,0
68,LEFT_PINKY,0.424290269613266,0.6511725187301636,-0.1914251297712326,0,0
68,RIGHT_PINKY,0.4632986783981323,0.6711633205413818,-0.1676933318376541,0,0
68,LEFT_INDEX,0.4235824942588806,0.6444680094718933,-0.18854877352714539,0,0
68,RIGHT_INDEX,0.4645599126815796,0.6662256121635437,-0.17737722396850586,0,0
68,LEFT_THUMB,0.426441490650177,0.6420584917068481,-0.17126181721687317,0,0
68,RIGHT_THUMB,0.4631160497665405,0.660918116569519,-0.15677371621131897,0,0
68,LEFT_HIP,0.48417264223098755,0.7097651362419128,-0.036346908658742905,0,0
68,RIGHT_HIP,0.4560699760913849,0.7088999152183533,0.03631112352013588,0,0
68,LEFT_KNEE,0.502648115158081,0.8036696910858154,-0.011274335905909538,0,0
68,RIGHT_KNEE,0.4337519705295563,0.7998692989349365,0.02302045002579689,0,0
68,LEFT_ANKLE,0.5246350765228271,0.8827143907546997,0.11069346964359283,0,0
68,RIGHT_ANKLE,0.4253448247909546,0.8965096473693848,0.11452534794807434,0,0
68,LEFT_HEEL,0.5263301730155945,0.8904481530189514,0.11799396574497223,0,0
68,RIGHT_HEEL,0.4331896901130676,0.9140992760658264,0.12023183703422546,0,0
68,LEFT_FOOT_INDEX,0.5286641716957092,0.929505467414856,0.03897138684988022,0,0
68,RIGHT_FOOT_INDEX,0.40684351325035095,0.9379048943519592,0.06516900658607483,0,0
69,NOSE,0.44269177317619324,0.517484724521637,-0.18740271031856537,0,0
69,LEFT_EYE_INNER,0.4474833309650421,0.5073888301849365,-0.1849820464849472,0,0
69,LEFT_EYE,0.4497406780719757,0.5068022012710571,-0.18501760065555573,0,0
69,LEFT_EYE_OUTER,0.4520093500614166,0.5062217712402344,-0.1850629299879074,0,0
69,RIGHT_EYE_INNER,0.441854327917099,0.5083001852035522,-0.17592500150203705,0,0
69,RIGHT_EYE,0.4403711259365082,0.5083282589912415,-0.17592136561870575,0,0
69,RIGHT_EYE_OUTER,0.4389737546443939,0.5082696080207825,-0.17595262825489044,0,0
69,LEFT_EAR,0.4592305123806,0.5093951225280762,-0.13910502195358276,0,0
69,RIGHT_EAR,0.44350773096084595,0.5096731781959534,-0.0994550809264183,0,0
69,MOUTH_LEFT,0.44888147711753845,0.5272850394248962,-0.16898462176322937,0,0
69,MOUTH_RIGHT,0.44209325313568115,0.5281276106834412,-0.15723368525505066,0,0
69,LEFT_SHOULDER,0.47497373819351196,0.5648284554481506,-0.12497667223215103,0,0
69,RIGHT_SHOULDER,0.44343098998069763,0.5586724281311035,-0.02297823876142502,0,0
69,LEFT_ELBOW,0.4753659665584564,0.63975590467453,-0.14453871548175812,0,0
69,RIGHT_ELBOW,0.4524749517440796,0.62906813621521,-0.018176201730966568,0,0
69,LEFT_WRIST,0.43961983919143677,0.6604256629943848,-0.14593015611171722,0,0
69,RIGHT_WRIST,0.46701574325561523,0.6763325333595276,-0.13685177266597748,0,0
69,LEFT_PINKY,0.43246740102767944,0.6691093444824219,-0.16125153005123138,0,0
69,RIGHT_PINKY,0.4704538881778717,0.6956485509872437,-0.12727060914039612,0,0
69,LEFT_INDEX,0.42988547682762146,0.6631934642791748,-0.16161863505840302,0,0
69,RIGHT_INDEX,0.47085973620414734,0.6935972571372986,-0.1076439842581749,0,0
69,LEFT_THUMB,0.4325020909309387,0.6600027084350586,-0.1447613388299942,0,0
69,RIGHT_THUMB,0.47005942463874817,0.6861700415611267,-0.1222553625702858,0,0
69,LEFT_HIP,0.4841642677783966,0.7061271667480469,-0.03059512935578823,0,0
69,RIGHT_HIP,0.45573732256889343,0.7057917714118958,0.03057732991874218,0,0
69,LEFT_KNEE,0.5029817223548889,0.8027631640434265,-0.007707045413553715,0,0
69,RIGHT_KNEE,0.43390122056007385,0.8003327250480652,0.022994915023446083,0,0
69,LEFT_ANKLE,0.5245932936668396,0.8827680349349976,0.11676660180091858,0,0
69,RIGHT_ANKLE,0.42534714937210083,0.8973118662834167,0.1197483241558075,0,0
69,LEFT_HEEL,0.5259312987327576,0.8905473351478577,0.12448397278785706,0,0
69,RIGHT_HEEL,0.43308207392692566,0.9141674041748047,0.12545841932296753,0,0
69,LEFT_FOOT_INDEX,0.5293439626693726,0.9296109676361084,0.04493613541126251,0,0
69,RIGHT_FOOT_INDEX,0.4072170555591583,0.9382777810096741,0.06537484377622604,0,0
70,NOSE,0.4484225809574127,0.5132743716239929,-0.17616166174411774,0,0
70,LEFT_EYE_INNER,0.4531252682209015,0.5027039051055908,-0.17354315519332886,0,0
70,LEFT_EYE,0.45540115237236023,0.5019780993461609,-0.17357979714870453,0,0
70,LEFT_EYE_OUTER,0.4579014480113983,0.5013148784637451,-0.17362025380134583,0,0
70,RIGHT_EYE_INNER,0.44733572006225586,0.5038813948631287,-0.16494208574295044,0,0
70,RIGHT_EYE,0.44575297832489014,0.504004716873169,-0.16493795812129974,0,0
70,RIGHT_EYE_OUTER,0.44423750042915344,0.5040779113769531,-0.16495469212532043,0,0
70,LEFT_EAR,0.46502888202667236,0.5045157074928284,-0.12940672039985657,0,0
70,RIGHT_EAR,0.4478446841239929,0.5052508115768433,-0.0902598425745964,0,0
70,MOUTH_LEFT,0.45448291301727295,0.5227400064468384,-0.15794166922569275,0,0
70,MOUTH_RIGHT,0.4476407468318939,0.5236179828643799,-0.14655829966068268,0,0
70,LEFT_SHOULDER,0.48051536083221436,0.5588821768760681,-0.11370771378278732,0,0
70,RIGHT_SHOULDER,0.446431040763855,0.5547637343406677,-0.01468613464385271,0,0
70,LEFT_ELBOW,0.485176682472229,0.6334770917892456,-0.12437548488378525,0,0
70,RIGHT_ELBOW,0.45242753624916077,0.6235804557800293,0.017051316797733307,0,0
70,LEFT_WRIST,0.44961437582969666,0.6667234301567078,-0.14422589540481567,0,0
70,RIGHT_WRIST,0.45412471890449524,0.6679628491401672,-0.06683734059333801,0,0
70,LEFT_PINKY,0.44420096278190613,0.679924726486206,-0.1628417670726776,0,0
70,RIGHT_PINKY,0.4535275101661682,0.6893022656440735,-0.08362264186143875,0,0
70,LEFT_INDEX,0.4413348138332367,0.6750965714454651,-0.16613666713237762,0,0
70,RIGHT_INDEX,0.4531579911708832,0.6889115571975708,-0.09189922362565994,0,0
70,LEFT_THUMB,0.443083792924881,0.6706537008285522,-0.1446206271648407,0,0
70,RIGHT_THUMB,0.45360052585601807,0.6819300055503845,-0.07826129347085953,0,0
70,LEFT_HIP,0.4842337667942047,0.7018438577651978,-0.027906494215130806,0,0
70,RIGHT_HIP,0.4560356140136719,0.7027542591094971,0.02790532074868679,0,0
70,LEFT_KNEE,0.5029899477958679,0.7983788847923279,-0.0026314917486160994,0,0
70,RIGHT_KNEE,0.43478742241859436,0.8003923296928406,0.025678928941488266,0,0
70,LEFT_ANKLE,0.5245265960693359,0.8820581436157227,0.11164309829473495,0,0
70,RIGHT_ANKLE,0.4253407120704651,0.8982892632484436,0.1030736118555069,0,0
70,LEFT_HEEL,0.52530437707901,0.8899444341659546,0.11298643052577972,0,0
70,RIGHT_HEEL,0.4326847195625305,0.9142186641693115,0.10679201781749725,0,0
70,LEFT_FOOT_INDEX,0.5296956300735474,0.9289343357086182,0.028996897861361504,0,0
70,RIGHT_FOOT_INDEX,0.40719276666641235,0.9384841322898865,0.05471703037619591,0,0
71,NOSE,0.45303472876548767,0.5097923874855042,-0.16993863880634308,0,0
71,LEFT_EYE_INNER,0.45771175622940063,0.4984791576862335,-0.16816239058971405,0,0
71,LEFT_EYE,0.4600512385368347,0.49774882197380066,-0.16820034384727478,0,0
71,LEFT_EYE_OUTER,0.4624651372432709,0.49713173508644104,-0.16823810338974,0,0
71,RIGHT_EYE_INNER,0.452063649892807,0.4997755289077759,-0.15799389779567719,0,0
71,RIGHT_EYE,0.4505554437637329,0.4999202489852905,-0.15798476338386536,0,0
71,RIGHT_EYE_OUTER,0.4491511881351471,0.5000430941581726,-0.1579895168542862,0,0
71,LEFT_EAR,0.4694260060787201,0.5004417896270752,-0.12601789832115173,0,0
71,RIGHT_EAR,0.4524811804294586,0.5008786916732788,-0.0850997343659401,0,0
71,MOUTH_LEFT,0.45874395966529846,0.5192954540252686,-0.15300746262073517,0,0
71,MOUTH_RIGHT,0.4522639811038971,0.5200143456459045,-0.1394435465335846,0,0
71,LEFT_SHOULDER,0.4861625134944916,0.5559844374656677,-0.11668441444635391,0,0
71,RIGHT_SHOULDER,0.449158251285553,0.5511223673820496,0.009318412281572819,0,0
71,LEFT_ELBOW,0.4927707612514496,0.6289776563644409,-0.14853784441947937,0,0
71,RIGHT_ELBOW,0.44856658577919006,0.6192067861557007,0.07596002519130707,0,0
71,LEFT_WRIST,0.4609447419643402,0.669871985912323,-0.21458283066749573,0,0
71,RIGHT_WRIST,0.4212660491466522,0.648080050945282,0.022213557735085487,0,0
71,LEFT_PINKY,0.45624426007270813,0.6858773231506348,-0.23941965401172638,0,0
71,RIGHT_PINKY,0.410195916891098,0.6581599116325378,0.012376932427287102,0,0
71,LEFT_INDEX,0.45316511392593384,0.681438684463501,-0.2447671741247177,0,0
71,RIGHT_INDEX,0.4077536463737488,0.6559686064720154,-0.01347783487290144,0,0
71,LEFT_THUMB,0.4538072943687439,0.6756404638290405,-0.2168392837047577,0,0
71,RIGHT_THUMB,0.41039830446243286,0.6531757712364197,0.009424342773854733,0,0
71,LEFT_HIP,0.4848378300666809,0.6996931433677673,-0.029534276574850082,0,0
71,RIGHT_HIP,0.4560905396938324,0.6999679803848267,0.02952604368329048,0,0
71,LEFT_KNEE,0.5031915903091431,0.7961084246635437,-0.01805034838616848,0,0
71,RIGHT_KNEE,0.43663379549980164,0.7981207966804504,0.006437467876821756,0,0
71,LEFT_ANKLE,0.5245267748832703,0.8816027045249939,0.08206888288259506,0,0
71,RIGHT_ANKLE,0.4257086515426636,0.8981263041496277,0.07275763899087906,0,0
71,LEFT_HEEL,0.5250411629676819,0.8889197707176208,0.08649732917547226,0,0
71,RIGHT_HEEL,0.4328559935092926,0.9140316247940063,0.07505729049444199,0,0
71,LEFT_FOOT_INDEX,0.5305013060569763,0.9285057783126831,0.012525904923677444,0,0
71,RIGHT_FOOT_INDEX,0.4076313078403473,0.9384766817092896,0.012208614498376846,0,0
72,NOSE,0.45872217416763306,0.5089728236198425,-0.16817201673984528,0,0
72,LEFT_EYE_INNER,0.46280479431152344,0.49804365634918213,-0.1661492884159088,0,0
72,LEFT_EYE,0.46500495076179504,0.4973853826522827,-0.16618677973747253,0,0
72,LEFT_EYE_OUTER,0.4672110676765442,0.496711790561676,-0.1662234216928482,0,0
72,RIGHT_EYE_INNER,0.457497775554657,0.49907752871513367,-0.15611331164836884,0,0
72,RIGHT_EYE,0.45604845881462097,0.49909430742263794,-0.15609700977802277,0,0
72,RIGHT_EYE_OUTER,0.45467323064804077,0.4990193545818329,-0.1560950130224228,0,0
72,LEFT_EAR,0.47369757294654846,0.4989303648471832,-0.12339181452989578,0,0
72,RIGHT_EAR,0.45710083842277527,0.49950549006462097,-0.08350418508052826,0,0
72,MOUTH_LEFT,0.4640609323978424,0.5181465148925781,-0.1509619504213333,0,0
72,MOUTH_RIGHT,0.45766785740852356,0.5188707709312439,-0.13728852570056915,0,0
72,LEFT_SHOULDER,0.4924662411212921,0.5541937947273254,-0.11341650784015656,0,0
72,RIGHT_SHOULDER,0.4508199989795685,0.5515642762184143,0.008662316016852856,0,0
72,LEFT_ELBOW,0.502058744430542,0.6257754564285278,-0.1457444280385971,0,0
72,RIGHT_ELBOW,0.4454840123653412,0.6180849075317383,0.061770785599946976,0,0
72,LEFT_WRIST,0.4727322459220886,0.6721194982528687,-0.21420319378376007,0,0
72,RIGHT_WRIST,0.41497576236724854,0.6493961811065674,-0.0008760988130234182,0,0
72,LEFT_PINKY,0.46806496381759644,0.6936143040657043,-0.2401370108127594,0,0
72,RIGHT_PINKY,0.4055567681789398,0.6605875492095947,-0.013954389840364456,0,0
72,LEFT_INDEX,0.46172818541526794,0.6869498491287231,-0.24723151326179504,0,0
72,RIGHT_INDEX,0.40368810296058655,0.6579021215438843,-0.03839322179555893,0,0
72,LEFT_THUMB,0.46180447936058044,0.6808584928512573,-0.217259481549263,0,0
72,RIGHT_THUMB,0.4068988263607025,0.6551726460456848,-0.013417421840131283,0,0
72,LEFT_HIP,0.4858597218990326,0.6996733546257019,-0.028298156335949898,0,0
72,RIGHT_HIP,0.4561752378940582,0.6990454792976379,0.028285542502999306,0,0
72,LEFT_KNEE,0.5045350790023804,0.7935224175453186,-0.03121514804661274,0,0
72,RIGHT_KNEE,0.43788042664527893,0.7978487610816956,-0.0006253987085074186,0,0
72,LEFT_ANKLE,0.5246322751045227,0.8811859488487244,0.07574393600225449,0,0
72,RIGHT_ANKLE,0.42584916949272156,0.8980973958969116,0.07650990039110184,0,0
72,LEFT_HEEL,0.5250625014305115,0.8891240358352661,0.08154486864805222,0,0
72,RIGHT_HEEL,0.4331851303577423,0.9141936302185059,0.0794067308306694,0,0
72,LEFT_FOOT_INDEX,0.5307433009147644,0.9278469681739807,0.005746876820921898,0,0
72,RIGHT_FOOT_INDEX,0.40804871916770935,0.9384806752204895,0.018332170322537422,0,0
73,NOSE,0.45783424377441406,0.5089497566223145,-0.16821373999118805,0,0
73,LEFT_EYE_INNER,0.46225348114967346,0.4978160262107849,-0.16707174479961395,0,0
73,LEFT_EYE,0.4645853340625763,0.49733981490135193,-0.1671125590801239,0,0
73,LEFT_EYE_OUTER,0.46706825494766235,0.49685826897621155,-0.1671505570411682,0,0
73,RIGHT_EYE_INNER,0.45714715123176575,0.4984411597251892,-0.1565038114786148,0,0
73,RIGHT_EYE,0.45590633153915405,0.49829354882240295,-0.1564856469631195,0,0
73,RIGHT_EYE_OUTER,0.45487406849861145,0.4980466961860657,-0.15648318827152252,0,0
73,LEFT_EAR,0.4735412299633026,0.4992552101612091,-0.12532386183738708,0,0
73,RIGHT_EAR,0.4576183557510376,0.49886947870254517,-0.08165536820888519,0,0
73,MOUTH_LEFT,0.4630822241306305,0.5179654955863953,-0.15143422782421112,0,0
73,MOUTH_RIGHT,0.4565434157848358,0.5184342265129089,-0.13710331916809082,0,0
73,LEFT_SHOULDER,0.49364978075027466,0.5530063509941101,-0.1170138269662857,0,0
73,RIGHT_SHOULDER,0.45037463307380676,0.5521367788314819,0.006132839247584343,0,0
73,LEFT_ELBOW,0.5033578872680664,0.6247535943984985,-0.14989398419857025,0,0
73,RIGHT_ELBOW,0.4439239799976349,0.6180700659751892,0.0576835498213768,0,0
73,LEFT_WRIST,0.4742647111415863,0.6719592213630676,-0.2201133370399475,0,0
73,RIGHT_WRIST,0.41395077109336853,0.6513355374336243,-0.0039618234150111675,0,0
73,LEFT_PINKY,0.46886035799980164,0.6937553286552429,-0.24590153992176056,0,0
73,RIGHT_PINKY,0.40532392263412476,0.6621330976486206,-0.017341207712888718,0,0
73,LEFT_INDEX,0.46293315291404724,0.687164843082428,-0.25342825055122375,0,0
73,RIGHT_INDEX,0.4032829701900482,0.6597152948379517,-0.04228079319000244,0,0
73,LEFT_THUMB,0.4633042514324188,0.6810024976730347,-0.22316975891590118,0,0
73,RIGHT_THUMB,0.4067152142524719,0.6571367383003235,-0.016675885766744614,0,0
73,LEFT_HIP,0.4865446090698242,0.699050784111023,-0.026707470417022705,0,0
73,RIGHT_HIP,0.45614203810691833,0.6986322999000549,0.026702579110860825,0,0
73,LEFT_KNEE,0.5049563646316528,0.7925509810447693,-0.03371791914105415,0,0
73,RIGHT_KNEE,0.4380231499671936,0.7980167865753174,-0.006450722925364971,0,0
73,LEFT_ANKLE,0.524563193321228,0.880744993686676,0.081009641289711,0,0
73,RIGHT_ANKLE,0.4259066581726074,0.8980909585952759,0.07819605618715286,0,0
73,LEFT_HEEL,0.5245643854141235,0.8892785906791687,0.08766625821590424,0,0
73,RIGHT_HEEL,0.43314942717552185,0.9143757224082947,0.08093290030956268,0,0
73,LEFT_FOOT_INDEX,0.5307906866073608,0.9269077777862549,0.012433672323822975,0,0
73,RIGHT_FOOT_INDEX,0.40804988145828247,0.938528299331665,0.01877562515437603,0,0
74,NOSE,0.4601189196109772,0.5095094442367554,-0.1567172110080719,0,0
74,LEFT_EYE_INNER,0.46459296345710754,0.4987258315086365,-0.15693466365337372,0,0
74,LEFT_EYE,0.4668632447719574,0.49822500348091125,-0.15695860981941223,0,0
74,LEFT_EYE_OUTER,0.46946585178375244,0.4976739287376404,-0.15697608888149261,0,0
74,RIGHT_EYE_INNER,0.4596307873725891,0.4991530776023865,-0.1461820900440216,0,0
74,RIGHT_EYE,0.4584098756313324,0.4989043176174164,-0.1461615264415741,0,0
74,RIGHT_EYE_OUTER,0.45739859342575073,0.4985928535461426,-0.14615437388420105,0,0
74,LEFT_EAR,0.4762280285358429,0.49972522258758545,-0.1229018121957779,0,0
74,RIGHT_EAR,0.46043485403060913,0.499461829662323,-0.07407094538211823,0,0
74,MOUTH_LEFT,0.4654446244239807,0.5182918906211853,-0.14211386442184448,0,0
74,MOUTH_RIGHT,0.45901256799697876,0.5187773704528809,-0.12752173840999603,0,0
74,LEFT_SHOULDER,0.49825698137283325,0.5533462762832642,-0.10929445177316666,0,0
74,RIGHT_SHOULDER,0.4525132477283478,0.5524546504020691,0.004931898787617683,0,0
74,LEFT_ELBOW,0.5120880007743835,0.6249821782112122,-0.1396731585264206,0,0
74,RIGHT_ELBOW,0.44418343901634216,0.6183813810348511,0.05599833279848099,0,0
74,LEFT_WRIST,0.4823284149169922,0.6716962456703186,-0.2039729207754135,0,0
74,RIGHT_WRIST,0.417648047208786,0.6594299674034119,-0.004142834804952145,0,0
74,LEFT_PINKY,0.4779442548751831,0.6935517191886902,-0.2279975265264511,0,0
74,RIGHT_PINKY,0.4099399745464325,0.6716998815536499,-0.017680015414953232,0,0
74,LEFT_INDEX,0.4718717634677887,0.6878896951675415,-0.23623843491077423,0,0
74,RIGHT_INDEX,0.4086592495441437,0.6706240773200989,-0.04183276742696762,0,0
74,LEFT_THUMB,0.472380131483078,0.6816115975379944,-0.20717285573482513,0,0
74,RIGHT_THUMB,0.41152796149253845,0.6678621768951416,-0.01634169928729534,0,0
74,LEFT_HIP,0.48855629563331604,0.6994563341140747,-0.022055430337786674,0,0
74,RIGHT_HIP,0.45723623037338257,0.6985717415809631,0.02204219438135624,0,0
74,LEFT_KNEE,0.5063425302505493,0.7936006784439087,-0.029080858454108238,0,0
74,RIGHT_KNEE,0.43875038623809814,0.7980796694755554,-0.012500492855906487,0,0
74,LEFT_ANKLE,0.5244637131690979,0.8806822896003723,0.08995604515075684,0,0
74,RIGHT_ANKLE,0.4259168207645416,0.8980758786201477,0.07478717714548111,0,0
74,LEFT_HEEL,0.5241771340370178,0.8893041014671326,0.09759154170751572,0,0
74,RIGHT_HEEL,0.4331071078777313,0.9143694639205933,0.07886894047260284,0,0
74,LEFT_FOOT_INDEX,0.5307150483131409,0.926180362701416,0.012801571749150753,0,0
74,RIGHT_FOOT_INDEX,0.4080815613269806,0.9388183355331421,0.010416376404464245,0,0
75,NOSE,0.4646749198436737,0.5074041485786438,-0.15399537980556488,0,0
75,LEFT_EYE_INNER,0.46920955181121826,0.4969730079174042,-0.1538824886083603,0,0
75,LEFT_EYE,0.4716096520423889,0.49660247564315796,-0.15390168130397797,0,0
75,LEFT_EYE_OUTER,0.4739641547203064,0.4963158071041107,-0.15390868484973907,0,0
75,RIGHT_EYE_INNER,0.4643249809741974,0.4971890449523926,-0.1438126266002655,0,0
75,RIGHT_EYE,0.4632122814655304,0.49694395065307617,-0.14380590617656708,0,0
75,RIGHT_EYE_OUTER,0.4620676040649414,0.49663013219833374,-0.14380556344985962,0,0
75,LEFT_EAR,0.4807237386703491,0.49893876910209656,-0.12103644758462906,0,0
75,RIGHT_EAR,0.4649864733219147,0.49787166714668274,-0.07381858676671982,0,0
75,MOUTH_LEFT,0.4698672294616699,0.5163722038269043,-0.13978581130504608,0,0
75,MOUTH_RIGHT,0.46343663334846497,0.5166336297988892,-0.12614957988262177,0,0
75,LEFT_SHOULDER,0.5035503506660461,0.5534941554069519,-0.10509653389453888,0,0
75,RIGHT_SHOULDER,0.4543014466762543,0.5512664318084717,-0.0031619390938431025,0,0
75,LEFT_ELBOW,0.520239531993866,0.6251184940338135,-0.13082388043403625,0,0
75,RIGHT_ELBOW,0.44410958886146545,0.6178359985351562,0.048550449311733246,0,0
75,LEFT_WRIST,0.49151018261909485,0.6724732518196106,-0.19450275599956512,0,0
75,RIGHT_WRIST,0.41795969009399414,0.6683700084686279,-0.006908670533448458,0,0
75,LEFT_PINKY,0.4880714416503906,0.6938485503196716,-0.2180386334657669,0,0
75,RIGHT_PINKY,0.41348379850387573,0.6837697625160217,-0.031039642170071602,0,0
75,LEFT_INDEX,0.48214849829673767,0.6883453130722046,-0.22602957487106323,0,0
75,RIGHT_INDEX,0.4116224944591522,0.6842358112335205,-0.05764608085155487,0,0
75,LEFT_THUMB,0.4820391535758972,0.6817401647567749,-0.1974339634180069,0,0
75,RIGHT_THUMB,0.41269829869270325,0.6796169877052307,-0.024045323953032494,0,0
75,LEFT_HIP,0.4911063611507416,0.7000958919525146,-0.020380785688757896,0,0
75,RIGHT_HIP,0.4588397145271301,0.6987835168838501,0.020357629284262657,0,0
75,LEFT_KNEE,0.5083960890769958,0.793571949005127,-0.03132329136133194,0,0
75,RIGHT_KNEE,0.43997013568878174,0.798187255859375,-0.015687154605984688,0,0
75,LEFT_ANKLE,0.5245484709739685,0.8808187246322632,0.08580073714256287,0,0
75,RIGHT_ANKLE,0.42594054341316223,0.8981056213378906,0.07507143914699554,0,0
75,LEFT_HEEL,0.5242210626602173,0.8895323872566223,0.09311346709728241,0,0
75,RIGHT_HEEL,0.4328084886074066,0.9143884181976318,0.0796361193060875,0,0
75,LEFT_FOOT_INDEX,0.5306417346000671,0.9256861805915833,0.014965592883527279,0,0
75,RIGHT_FOOT_INDEX,0.4082116186618805,0.9388231039047241,0.011177320964634418,0,0
76,NOSE,0.46873411536216736,0.5065876841545105,-0.1776493489742279,0,0
76,LEFT_EYE_INNER,0.4731713533401489,0.4964742064476013,-0.1743757724761963,0,0
76,LEFT_EYE,0.47564926743507385,0.4961725175380707,-0.17438772320747375,0,0
76,LEFT_EYE_OUTER,0.4779546856880188,0.49599406123161316,-0.17438872158527374,0,0
76,RIGHT_EYE_INNER,0.46819618344306946,0.49657100439071655,-0.16684569418430328,0,0
76,RIGHT_EYE,0.46705198287963867,0.49631261825561523,-0.1668577641248703,0,0
76,RIGHT_EYE_OUTER,0.4658401906490326,0.49595755338668823,-0.16685271263122559,0,0
76,LEFT_EAR,0.4846011698246002,0.49879682064056396,-0.12737888097763062,0,0
76,RIGHT_EAR,0.4685541093349457,0.4974406361579895,-0.09212660789489746,0,0
76,MOUTH_LEFT,0.4739559292793274,0.5154317021369934,-0.15847507119178772,0,0
76,MOUTH_RIGHT,0.4672701060771942,0.5154830813407898,-0.1482601910829544,0,0
76,LEFT_SHOULDER,0.5080416798591614,0.5536536574363708,-0.1025705486536026,0,0
76,RIGHT_SHOULDER,0.4550720155239105,0.5515204071998596,-0.021569782868027687,0,0
76,LEFT_ELBOW,0.5252894163131714,0.6215784549713135,-0.11358880251646042,0,0
76,RIGHT_ELBOW,0.4450033903121948,0.6175592541694641,0.032520975917577744,0,0
76,LEFT_WRIST,0.5022039413452148,0.6719533205032349,-0.1845184862613678,0,0
76,RIGHT_WRIST,0.4247075617313385,0.6730864644050598,-0.03201398625969887,0,0
76,LEFT_PINKY,0.4984675645828247,0.6933467388153076,-0.20819345116615295,0,0
76,RIGHT_PINKY,0.41718152165412903,0.6898255348205566,-0.052474360913038254,0,0
76,LEFT_INDEX,0.49279531836509705,0.6875268816947937,-0.2187737673521042,0,0
76,RIGHT_INDEX,0.41653379797935486,0.6898621320724487,-0.07677686959505081,0,0
76,LEFT_THUMB,0.49257346987724304,0.6811051368713379,-0.1884029656648636,0,0
76,RIGHT_THUMB,0.4206385314464569,0.6842473149299622,-0.04490557685494423,0,0
76,LEFT_HIP,0.4937673509120941,0.7002577185630798,-0.016042640432715416,0,0
76,RIGHT_HIP,0.4606471657752991,0.6991128325462341,0.01600785367190838,0,0
76,LEFT_KNEE,0.5104910135269165,0.7943285703659058,-0.031212441623210907,0,0
76,RIGHT_KNEE,0.44188567996025085,0.7987496256828308,-0.021160559728741646,0,0
76,LEFT_ANKLE,0.5246709585189819,0.8815523386001587,0.10100426524877548,0,0
76,RIGHT_ANKLE,0.4260593056678772,0.8982693552970886,0.07446783035993576,0,0
76,LEFT_HEEL,0.5241650938987732,0.8901188373565674,0.10935776680707932,0,0
76,RIGHT_HEEL,0.43280839920043945,0.9145965576171875,0.0792982205748558,0,0
76,LEFT_FOOT_INDEX,0.5307690501213074,0.9257000684738159,0.02890603058040142,0,0
76,RIGHT_FOOT_INDEX,0.40828126668930054,0.9388234615325928,0.00440226448699832,0,0
77,NOSE,0.4725172817707062,0.5056793689727783,-0.19582802057266235,0,0
77,LEFT_EYE_INNER,0.4768528640270233,0.49559178948402405,-0.19155851006507874,0,0
77,LEFT_EYE,0.4793801009654999,0.49525174498558044,-0.19156964123249054,0,0
77,LEFT_EYE_OUTER,0.4816328287124634,0.4950624108314514,-0.1915724128484726,0,0
77,RIGHT_EYE_INNER,0.4715832471847534,0.4959792494773865,-0.18490003049373627,0,0
77,RIGHT_EYE,0.47030967473983765,0.49584993720054626,-0.18491961061954498,0,0
77,RIGHT_EYE_OUTER,0.4689846336841583,0.49559393525123596,-0.18492008745670319,0,0
77,LEFT_EAR,0.4881739020347595,0.49790066480636597,-0.13742461800575256,0,0
77,RIGHT_EAR,0.4710938334465027,0.4970625638961792,-0.10607202351093292,0,0
77,MOUTH_LEFT,0.4777730405330658,0.5144448280334473,-0.17382411658763885,0,0
77,MOUTH_RIGHT,0.4706929624080658,0.5147068500518799,-0.16471557319164276,0,0
77,LEFT_SHOULDER,0.5109167098999023,0.5526305437088013,-0.10168920457363129,0,0
77,RIGHT_SHOULDER,0.45641764998435974,0.5504017472267151,-0.03472380340099335,0,0
77,LEFT_ELBOW,0.5291389226913452,0.6182512044906616,-0.10669448226690292,0,0
77,RIGHT_ELBOW,0.44691410660743713,0.617371141910553,0.01837412640452385,0,0
77,LEFT_WRIST,0.5099617838859558,0.6735080480575562,-0.18395210802555084,0,0
77,RIGHT_WRIST,0.43161818385124207,0.6727024912834167,-0.04779689759016037,0,0
77,LEFT_PINKY,0.507427990436554,0.6951059699058533,-0.2094113826751709,0,0
77,RIGHT_PINKY,0.4241694509983063,0.6907044053077698,-0.06819682568311691,0,0
77,LEFT_INDEX,0.5020651817321777,0.6888313889503479,-0.22379615902900696,0,0
77,RIGHT_INDEX,0.4263167381286621,0.6898012757301331,-0.09179128706455231,0,0
77,LEFT_THUMB,0.5016434788703918,0.6823436617851257,-0.18978479504585266,0,0
77,RIGHT_THUMB,0.4304696023464203,0.683678150177002,-0.05922871083021164,0,0
77,LEFT_HIP,0.49646633863449097,0.7005090117454529,-0.01294188667088747,0,0
77,RIGHT_HIP,0.46269187331199646,0.6994850635528564,0.012909738346934319,0,0
77,LEFT_KNEE,0.5133233666419983,0.7944754958152771,-0.02169959619641304,0,0
77,RIGHT_KNEE,0.4434562623500824,0.7999186515808105,-0.021771537140011787,0,0
77,LEFT_ANKLE,0.5247941017150879,0.8816152811050415,0.12398633360862732,0,0
77,RIGHT_ANKLE,0.4261210560798645,0.8988697528839111,0.07918287068605423,0,0
77,LEFT_HEEL,0.5240254402160645,0.8903772234916687,0.13381217420101166,0,0
77,RIGHT_HEEL,0.43279770016670227,0.915073037147522,0.08524265885353088,0,0
77,LEFT_FOOT_INDEX,0.5307344794273376,0.9255873560905457,0.053888674825429916,0,0
77,RIGHT_FOOT_INDEX,0.4085628092288971,0.9388181567192078,0.008190291002392769,0,0
78,NOSE,0.47619059681892395,0.5038833618164062,-0.1888638287782669,0,0
78,LEFT_EYE_INNER,0.48027798533439636,0.4942152202129364,-0.1835496425628662,0,0
78,LEFT_EYE,0.48260870575904846,0.4939819872379303,-0.18355733156204224,0,0
78,LEFT_EYE_OUTER,0.48479965329170227,0.493815153837204,-0.18355661630630493,0,0
78,RIGHT_EYE_INNER,0.4748682677745819,0.4945613741874695,-0.17894670367240906,0,0
78,RIGHT_EYE,0.47341716289520264,0.49450650811195374,-0.17897161841392517,0,0
78,RIGHT_EYE_OUTER,0.47207242250442505,0.4943849444389343,-0.1789741963148117,0,0
78,LEFT_EAR,0.4910634756088257,0.4970044195652008,-0.1279899775981903,0,0
78,RIGHT_EAR,0.47319984436035156,0.4963566064834595,-0.10516655445098877,0,0
78,MOUTH_LEFT,0.48123493790626526,0.5129134654998779,-0.16617491841316223,0,0
78,MOUTH_RIGHT,0.4740384817123413,0.512911856174469,-0.159731924533844,0,0
78,LEFT_SHOULDER,0.5133798122406006,0.5521069765090942,-0.08091425150632858,0,0
78,RIGHT_SHOULDER,0.4569416642189026,0.5501955151557922,-0.04485636204481125,0,0
78,LEFT_ELBOW,0.5312947630882263,0.6140124201774597,-0.07592079788446426,0,0
78,RIGHT_ELBOW,0.4477064311504364,0.61704021692276,-0.0063336631283164024,0,0
78,LEFT_WRIST,0.518275797367096,0.6738962531089783,-0.15981203317642212,0,0
78,RIGHT_WRIST,0.43742576241493225,0.673240602016449,-0.0761038139462471,0,0
78,LEFT_PINKY,0.5171774625778198,0.695422351360321,-0.1861390769481659,0,0
78,RIGHT_PINKY,0.43151384592056274,0.6914790272712708,-0.09879730641841888,0,0
78,LEFT_INDEX,0.5120057463645935,0.6903866529464722,-0.21052250266075134,0,0
78,RIGHT_INDEX,0.4342074394226074,0.6902610659599304,-0.1209775060415268,0,0
78,LEFT_THUMB,0.5106519460678101,0.6834554672241211,-0.16893629729747772,0,0
78,RIGHT_THUMB,0.43742313981056213,0.6841002702713013,-0.08679021894931793,0,0
78,LEFT_HIP,0.49867144227027893,0.7007268071174622,-0.008270957507193089,0,0
78,RIGHT_HIP,0.4644700586795807,0.6994165778160095,0.0082403514534235,0,0
78,LEFT_KNEE,0.51470547914505,0.7950612306594849,-0.0026662989985197783,0,0
78,RIGHT_KNEE,0.4445738196372986,0.7999802827835083,-0.018049318343400955,0,0
78,LEFT_ANKLE,0.5250085592269897,0.8824208974838257,0.13117049634456635,0,0
78,RIGHT_ANKLE,0.4263862669467926,0.8986302614212036,0.08217858523130417,0,0
78,LEFT_HEEL,0.5238534212112427,0.8924554586410522,0.13993510603904724,0,0
78,RIGHT_HEEL,0.43281370401382446,0.9145530462265015,0.08803931623697281,0,0
78,LEFT_FOOT_INDEX,0.530996561050415,0.9255108833312988,0.06151818484067917,0,0
78,RIGHT_FOOT_INDEX,0.4097711145877838,0.9383484125137329,0.01001111138612032,0,0
79,NOSE,0.47708237171173096,0.5027501583099365,-0.18926288187503815,0,0
79,LEFT_EYE_INNER,0.48133108019828796,0.49312660098075867,-0.183389812707901,0,0
79,LEFT_EYE,0.48378822207450867,0.49301406741142273,-0.1833953559398651,0,0
79,LEFT_EYE_OUTER,0.4859434962272644,0.492959588766098,-0.18339210748672485,0,0
79,RIGHT_EYE_INNER,0.47576072812080383,0.4933944046497345,-0.17949612438678741,0,0
79,RIGHT_EYE,0.47424018383026123,0.4933657646179199,-0.17952211201190948,0,0
79,RIGHT_EYE_OUTER,0.47265926003456116,0.49327126145362854,-0.17952418327331543,0,0
79,LEFT_EAR,0.49157437682151794,0.49645283818244934,-0.12620718777179718,0,0
79,RIGHT_EAR,0.47326359152793884,0.495639443397522,-0.10589591413736343,0,0
79,MOUTH_LEFT,0.4819018244743347,0.511926531791687,-0.1657092422246933,0,0
79,MOUTH_RIGHT,0.4744481146335602,0.5119388103485107,-0.16023127734661102,0,0
79,LEFT_SHOULDER,0.5140811800956726,0.551561713218689,-0.08116638660430908,0,0
79,RIGHT_SHOULDER,0.45686912536621094,0.5497864484786987,-0.04490752890706062,0,0
79,LEFT_ELBOW,0.5325029492378235,0.6117610931396484,-0.07729311287403107,0,0
79,RIGHT_ELBOW,0.4474075138568878,0.6168299913406372,-0.0031905805226415396,0,0
79,LEFT_WRIST,0.5183876752853394,0.6733109354972839,-0.16049522161483765,0,0
79,RIGHT_WRIST,0.4385697543621063,0.6726140975952148,-0.07017457485198975,0,0
79,LEFT_PINKY,0.5167058110237122,0.6949067711830139,-0.18643909692764282,0,0
79,RIGHT_PINKY,0.4325522184371948,0.6912209987640381,-0.09255049377679825,0,0
79,LEFT_INDEX,0.5118629336357117,0.6896558403968811,-0.20728419721126556,0,0
79,RIGHT_INDEX,0.4356463551521301,0.6897923946380615,-0.11503705382347107,0,0
79,LEFT_THUMB,0.5108427405357361,0.6826687455177307,-0.16888096928596497,0,0
79,RIGHT_THUMB,0.4388595521450043,0.6835038065910339,-0.08092500269412994,0,0
79,LEFT_HIP,0.499215304851532,0.7005987167358398,-0.008201222866773605,0,0
79,RIGHT_HIP,0.4651530683040619,0.6995324492454529,0.008175189606845379,0,0
79,LEFT_KNEE,0.5155451893806458,0.7953857779502869,-0.001510088099166751,0,0
79,RIGHT_KNEE,0.4450373947620392,0.8004907369613647,-0.01567544974386692,0,0
79,LEFT_ANKLE,0.5250983834266663,0.882444441318512,0.13306333124637604,0,0
79,RIGHT_ANKLE,0.4264932870864868,0.8985079526901245,0.0851912721991539,0,0
79,LEFT_HEEL,0.523854672908783,0.8925728797912598,0.1419815868139267,0,0
79,RIGHT_HEEL,0.4327848255634308,0.9145531058311462,0.09073475003242493,0,0
79,LEFT_FOOT_INDEX,0.5309558510780334,0.9254917502403259,0.06305836886167526,0,0
79,RIGHT_FOOT_INDEX,0.4103960692882538,0.9379035234451294,0.011571113020181656,0,0
80,NOSE,0.4787501394748688,0.5014036297798157,-0.18791672587394714,0,0
80,LEFT_EYE_INNER,0.48283666372299194,0.49185141921043396,-0.18180200457572937,0,0
80,LEFT_EYE,0.4851708710193634,0.49182751774787903,-0.1818065494298935,0,0
80,LEFT_EYE_OUTER,0.48734456300735474,0.49181875586509705,-0.1818017065525055,0,0
80,RIGHT_EYE_INNER,0.4772411584854126,0.4918622076511383,-0.17876629531383514,0,0
80,RIGHT_EYE,0.4757067561149597,0.4917890131473541,-0.17879213392734528,0,0
80,RIGHT_EYE_OUTER,0.4741721451282501,0.4916990399360657,-0.17879174649715424,0,0
80,LEFT_EAR,0.49326092004776,0.49558669328689575,-0.12108875066041946,0,0
80,RIGHT_EAR,0.47457781434059143,0.4945621192455292,-0.10636285692453384,0,0
80,MOUTH_LEFT,0.4835875332355499,0.5107623934745789,-0.1635163575410843,0,0
80,MOUTH_RIGHT,0.476168155670166,0.5105969905853271,-0.15909184515476227,0,0
80,LEFT_SHOULDER,0.5156449675559998,0.5501869320869446,-0.06999856978654861,0,0
80,RIGHT_SHOULDER,0.4574819803237915,0.5492035746574402,-0.04733116552233696,0,0
80,LEFT_ELBOW,0.532926619052887,0.6110532283782959,-0.05511947721242905,0,0
80,RIGHT_ELBOW,0.44785773754119873,0.6165536642074585,-0.011537034995853901,0,0
80,LEFT_WRIST,0.5243707299232483,0.6748873591423035,-0.1335499882698059,0,0
80,RIGHT_WRIST,0.4411097764968872,0.6718785166740417,-0.08033879846334457,0,0
80,LEFT_PINKY,0.5241475105285645,0.6972715854644775,-0.15750189125537872,0,0
80,RIGHT_PINKY,0.4359531104564667,0.6907219290733337,-0.10304056853055954,0,0
80,LEFT_INDEX,0.5199260115623474,0.6946432590484619,-0.1777907758951187,0,0
80,RIGHT_INDEX,0.4383508563041687,0.690016508102417,-0.1252736896276474,0,0
80,LEFT_THUMB,0.5179892182350159,0.6871597170829773,-0.14261195063591003,0,0
80,RIGHT_THUMB,0.4410507082939148,0.6838772892951965,-0.090884730219841,0,0
80,LEFT_HIP,0.5008407831192017,0.7001292109489441,-0.006096572615206242,0,0
80,RIGHT_HIP,0.466408371925354,0.698923647403717,0.006070306990295649,0,0
80,LEFT_KNEE,0.516426682472229,0.7955200672149658,0.004011645447462797,0,0
80,RIGHT_KNEE,0.4453369975090027,0.800614595413208,-0.01898680441081524,0,0
80,LEFT_ANKLE,0.5251542329788208,0.8825166821479797,0.14089274406433105,0,0
80,RIGHT_ANKLE,0.42687299847602844,0.8972859382629395,0.08292131125926971,0,0
80,LEFT_HEEL,0.5238316655158997,0.8930659294128418,0.15004806220531464,0,0
80,RIGHT_HEEL,0.43246808648109436,0.9112400412559509,0.08877144753932953,0,0
80,LEFT_FOOT_INDEX,0.5311979651451111,0.9254985451698303,0.07118372619152069,0,0
80,RIGHT_FOOT_INDEX,0.41356977820396423,0.937914252281189,0.004884056746959686,0,0
81,NOSE,0.47936975955963135,0.5009892582893372,-0.1880761682987213,0,0
81,LEFT_EYE_INNER,0.4835880398750305,0.4914328157901764,-0.18151362240314484,0,0
81,LEFT_EYE,0.485960990190506,0.4914601147174835,-0.1815175712108612,0,0
81,LEFT_EYE_OUTER,0.4881328046321869,0.49149057269096375,-0.18151040375232697,0,0
81,RIGHT_EYE_INNER,0.4777359068393707,0.49135854840278625,-0.17908018827438354,0,0
81,RIGHT_EYE,0.4760979115962982,0.4912831485271454,-0.1791059821844101,0,0
81,RIGHT_EYE_OUTER,0.4743868410587311,0.49117839336395264,-0.17910374701023102,0,0
81,LEFT_EAR,0.4937410354614258,0.4953359067440033,-0.11916860193014145,0,0
81,RIGHT_EAR,0.4744705259799957,0.49405330419540405,-0.10742490738630295,0,0
81,MOUTH_LEFT,0.48411616683006287,0.5104546546936035,-0.16299566626548767,0,0
81,MOUTH_RIGHT,0.4764569103717804,0.510246217250824,-0.1595740169286728,0,0
81,LEFT_SHOULDER,0.5152662992477417,0.5498542785644531,-0.06864059716463089,0,0
81,RIGHT_SHOULDER,0.4577164947986603,0.5489087700843811,-0.0496239997446537,0,0
81,LEFT_ELBOW,0.5332511067390442,0.6105951070785522,-0.05519486963748932,0,0
81,RIGHT_ELBOW,0.44846853613853455,0.6164036393165588,-0.017572849988937378,0,0
81,LEFT_WRIST,0.5250098705291748,0.6757497787475586,-0.13532409071922302,0,0
81,RIGHT_WRIST,0.44176286458969116,0.6713407635688782,-0.09003540128469467,0,0
81,LEFT_PINKY,0.525197446346283,0.6980090737342834,-0.15967583656311035,0,0
81,RIGHT_PINKY,0.4366616904735565,0.6902193427085876,-0.11347410082817078,0,0
81,LEFT_INDEX,0.5206690430641174,0.695869505405426,-0.1789064109325409,0,0
81,RIGHT_INDEX,0.4389028251171112,0.6895936131477356,-0.136000856757164,0,0
81,LEFT_THUMB,0.5186766982078552,0.6882727742195129,-0.14417311549186707,0,0
81,RIGHT_THUMB,0.441527783870697,0.6834575533866882,-0.10078021138906479,0,0
81,LEFT_HIP,0.5016455054283142,0.699420154094696,-0.005340449512004852,0,0
81,RIGHT_HIP,0.46727415919303894,0.6984555125236511,0.005312885157763958,0,0
81,LEFT_KNEE,0.5163401961326599,0.7957051992416382,0.007237042300403118,0,0
81,RIGHT_KNEE,0.4455266296863556,0.8009301424026489,-0.020275559276342392,0,0
81,LEFT_ANKLE,0.525257408618927,0.8828158378601074,0.14016391336917877,0,0
81,RIGHT_ANKLE,0.42705851793289185,0.8968251943588257,0.07895758002996445,0,0
81,LEFT_HEEL,0.5237096548080444,0.8943093419075012,0.1488921195268631,0,0
81,RIGHT_HEEL,0.4320804476737976,0.9106259942054749,0.08437208831310272,0,0
81,LEFT_FOOT_INDEX,0.5317676067352295,0.9254294037818909,0.07017628103494644,0,0
81,RIGHT_FOOT_INDEX,0.414663165807724,0.9379309415817261,0.0005959644913673401,0,0
82,NOSE,0.48034295439720154,0.5002592206001282,-0.19555608928203583,0,0
82,LEFT_EYE_INNER,0.4844742715358734,0.4907088577747345,-0.18902936577796936,0,0
82,LEFT_EYE,0.4867683947086334,0.49070361256599426,-0.18903368711471558,0,0
82,LEFT_EYE_OUTER,0.48892247676849365,0.49072638154029846,-0.18902930617332458,0,0
82,RIGHT_EYE_INNER,0.47867900133132935,0.49059322476387024,-0.18735550343990326,0,0
82,RIGHT_EYE,0.4770590662956238,0.4904833137989044,-0.18738184869289398,0,0
82,RIGHT_EYE_OUTER,0.4754313826560974,0.4903735816478729,-0.18738046288490295,0,0
82,LEFT_EAR,0.49458733201026917,0.4946204423904419,-0.12217918038368225,0,0
82,RIGHT_EAR,0.47537362575531006,0.49340662360191345,-0.11664179712533951,0,0
82,MOUTH_LEFT,0.48506084084510803,0.509684145450592,-0.16929548978805542,0,0
82,MOUTH_RIGHT,0.47746700048446655,0.5094143152236938,-0.1671057492494583,0,0
82,LEFT_SHOULDER,0.5162282586097717,0.5492997169494629,-0.07149720937013626,0,0
82,RIGHT_SHOULDER,0.45820748805999756,0.5485174655914307,-0.059385623782873154,0,0
82,LEFT_ELBOW,0.5322185158729553,0.6105382442474365,-0.052500076591968536,0,0
82,RIGHT_ELBOW,0.4490501582622528,0.6163350939750671,-0.026296205818653107,0,0
82,LEFT_WRIST,0.5278435945510864,0.6769174933433533,-0.12714090943336487,0,0
82,RIGHT_WRIST,0.4445381760597229,0.6730969548225403,-0.09144363552331924,0,0
82,LEFT_PINKY,0.528387188911438,0.6980952024459839,-0.14991024136543274,0,0
82,RIGHT_PINKY,0.44062894582748413,0.6910496354103088,-0.11367537826299667,0,0
82,LEFT_INDEX,0.5248844623565674,0.697252094745636,-0.1697583645582199,0,0
82,RIGHT_INDEX,0.4421575963497162,0.6905389428138733,-0.13563044369220734,0,0
82,LEFT_THUMB,0.5230423808097839,0.6900454759597778,-0.13638822734355927,0,0
82,RIGHT_THUMB,0.4445604681968689,0.6846454739570618,-0.10178466886281967,0,0
82,LEFT_HIP,0.5015989542007446,0.6982863545417786,-0.003817240707576275,0,0
82,RIGHT_HIP,0.46773433685302734,0.6972213983535767,0.00379688641987741,0,0
82,LEFT_KNEE,0.5165364146232605,0.7957277894020081,0.01624555140733719,0,0
82,RIGHT_KNEE,0.446160227060318,0.8005719780921936,-0.018553821370005608,0,0
82,LEFT_ANKLE,0.5253006219863892,0.8824986815452576,0.1531795859336853,0,0
82,RIGHT_ANKLE,0.42813146114349365,0.8935814499855042,0.08381196111440659,0,0
82,LEFT_HEEL,0.5233634114265442,0.894075870513916,0.1623871922492981,0,0
82,RIGHT_HEEL,0.4323531985282898,0.9063341021537781,0.08973979949951172,0,0
82,LEFT_FOOT_INDEX,0.5324929356575012,0.9253512620925903,0.08529546856880188,0,0
82,RIGHT_FOOT_INDEX,0.4162253737449646,0.9376463294029236,0.002008473500609398,0,0
83,NOSE,0.4817887842655182,0.4996420443058014,-0.19964700937271118,0,0
83,LEFT_EYE_INNER,0.4859375059604645,0.4902551770210266,-0.19277730584144592,0,0
83,LEFT_EYE,0.48819640278816223,0.49030423164367676,-0.1927867829799652,0,0
83,LEFT_EYE_OUTER,0.49019625782966614,0.4904327392578125,-0.19278715550899506,0,0
83,RIGHT_EYE_INNER,0.47978562116622925,0.4899788796901703,-0.191408172249794,0,0
83,RIGHT_EYE,0.47800689935684204,0.48987263441085815,-0.19143083691596985,0,0
83,RIGHT_EYE_OUTER,0.47626569867134094,0.48979106545448303,-0.1914251744747162,0,0
83,LEFT_EAR,0.49535199999809265,0.49444636702537537,-0.12501344084739685,0,0
83,RIGHT_EAR,0.47550448775291443,0.4931146204471588,-0.12076564133167267,0,0
83,MOUTH_LEFT,0.48647430539131165,0.5093177556991577,-0.17293696105480194,0,0
83,MOUTH_RIGHT,0.478311151266098,0.5090588331222534,-0.1712489277124405,0,0
83,LEFT_SHOULDER,0.5168675780296326,0.5495051741600037,-0.07369721680879593,0,0
83,RIGHT_SHOULDER,0.4582434892654419,0.5480911135673523,-0.06157459318637848,0,0
83,LEFT_ELBOW,0.5310553908348083,0.6116539239883423,-0.05638963356614113,0,0
83,RIGHT_ELBOW,0.4489039480686188,0.6163133382797241,-0.02785399742424488,0,0
83,LEFT_WRIST,0.5283777713775635,0.6772938966751099,-0.13206633925437927,0,0
83,RIGHT_WRIST,0.4461466670036316,0.673601508140564,-0.09196668118238449,0,0
83,LEFT_PINKY,0.5292767286300659,0.6977258324623108,-0.15487274527549744,0,0
83,RIGHT_PINKY,0.44244998693466187,0.6914941072463989,-0.11349031329154968,0,0
83,LEFT_INDEX,0.5262230038642883,0.6972995400428772,-0.17443273961544037,0,0
83,RIGHT_INDEX,0.44414088129997253,0.6916974186897278,-0.13561992347240448,0,0
83,LEFT_THUMB,0.5244201421737671,0.690541684627533,-0.14120204746723175,0,0
83,RIGHT_THUMB,0.4460935592651367,0.6860533356666565,-0.10235811769962311,0,0
83,LEFT_HIP,0.5013982057571411,0.697361946105957,-0.002946016378700733,0,0
83,RIGHT_HIP,0.46767494082450867,0.6963073015213013,0.0029355036094784737,0,0
83,LEFT_KNEE,0.5165725946426392,0.7957970499992371,0.017206020653247833,0,0
83,RIGHT_KNEE,0.4466514587402344,0.800389289855957,-0.019756268709897995,0,0
83,LEFT_ANKLE,0.5253851413726807,0.8824091553688049,0.15234695374965668,0,0
83,RIGHT_ANKLE,0.4287981390953064,0.8932597041130066,0.08263543993234634,0,0
83,LEFT_HEEL,0.5231825709342957,0.8940539956092834,0.16121622920036316,0,0
83,RIGHT_HEEL,0.4325593411922455,0.9063912034034729,0.08846107125282288,0,0
83,LEFT_FOOT_INDEX,0.5331038236618042,0.9253557920455933,0.08339378982782364,0,0
83,RIGHT_FOOT_INDEX,0.41689029335975647,0.9375990629196167,0.0019129110733047128,0,0
84,NOSE,0.4819195866584778,0.4991859197616577,-0.1950685679912567,0,0
84,LEFT_EYE_INNER,0.48597055673599243,0.48986244201660156,-0.1887904852628708,0,0
84,LEFT_EYE,0.48830851912498474,0.48997536301612854,-0.1887970119714737,0,0
84,LEFT_EYE_OUTER,0.49039098620414734,0.4901129901409149,-0.18879558145999908,0,0
84,RIGHT_EYE_INNER,0.47984907031059265,0.48952245712280273,-0.18659327924251556,0,0
84,RIGHT_EYE,0.4781101942062378,0.4894440174102783,-0.18661826848983765,0,0
84,RIGHT_EYE_OUTER,0.4762873947620392,0.48935508728027344,-0.18661965429782867,0,0
84,LEFT_EAR,0.4954749047756195,0.49427977204322815,-0.1241871789097786,0,0
84,RIGHT_EAR,0.47559788823127747,0.49300915002822876,-0.11658015102148056,0,0
84,MOUTH_LEFT,0.4865993559360504,0.5090692043304443,-0.16971631348133087,0,0
84,MOUTH_RIGHT,0.4785309135913849,0.5087714791297913,-0.16694100201129913,0,0
84,LEFT_SHOULDER,0.5170608162879944,0.549897313117981,-0.06943497806787491,0,0
84,RIGHT_SHOULDER,0.45843055844306946,0.5467703342437744,-0.061296626925468445,0,0
84,LEFT_ELBOW,0.5300535559654236,0.6128441095352173,-0.049773573875427246,0,0
84,RIGHT_ELBOW,0.44864219427108765,0.6138024926185608,-0.03555756062269211,0,0
84,LEFT_WRIST,0.5269777178764343,0.6839669942855835,-0.1202927976846695,0,0
84,RIGHT_WRIST,0.4475691020488739,0.6722397804260254,-0.10425719618797302,0,0
84,LEFT_PINKY,0.5272542238235474,0.7019968032836914,-0.14187954366207123,0,0
84,RIGHT_PINKY,0.4451814293861389,0.6896520256996155,-0.12653093039989471,0,0
84,LEFT_INDEX,0.5244807004928589,0.701448380947113,-0.16144275665283203,0,0
84,RIGHT_INDEX,0.44772326946258545,0.6896469593048096,-0.14688977599143982,0,0
84,LEFT_THUMB,0.5229264497756958,0.6952818036079407,-0.1293671578168869,0,0
84,RIGHT_THUMB,0.4496602416038513,0.6842135787010193,-0.11399822682142258,0,0
84,LEFT_HIP,0.501160204410553,0.6974865794181824,-0.0015408622566610575,0,0
84,RIGHT_HIP,0.46731314063072205,0.6960350275039673,0.0015249816933646798,0,0
84,LEFT_KNEE,0.5162055492401123,0.795820415019989,0.027862338349223137,0,0
84,RIGHT_KNEE,0.4472300410270691,0.8001508712768555,-0.01876295730471611,0,0
84,LEFT_ANKLE,0.525526225566864,0.88238924741745,0.15764746069908142,0,0
84,RIGHT_ANKLE,0.4292120337486267,0.8930089473724365,0.07822295278310776,0,0
84,LEFT_HEEL,0.5231878757476807,0.8941716551780701,0.1659640222787857,0,0
84,RIGHT_HEEL,0.43260061740875244,0.906362771987915,0.08313445746898651,0,0
84,LEFT_FOOT_INDEX,0.5335381627082825,0.9253629446029663,0.08847858756780624,0,0
84,RIGHT_FOOT_INDEX,0.4172517657279968,0.9376164078712463,-0.003315621754154563,0,0
85,NOSE,0.4817008376121521,0.4989011883735657,-0.19413532316684723,0,0
85,LEFT_EYE_INNER,0.4855867028236389,0.4894975423812866,-0.18679314851760864,0,0
85,LEFT_EYE,0.4879753887653351,0.4896019399166107,-0.18679337203502655,0,0
85,LEFT_EYE_OUTER,0.4901500344276428,0.489748477935791,-0.1867835521697998,0,0
85,RIGHT_EYE_INNER,0.47977858781814575,0.4893346130847931,-0.18460515141487122,0,0
85,RIGHT_EYE,0.4781012535095215,0.4892798066139221,-0.1846223920583725,0,0
85,RIGHT_EYE_OUTER,0.4763058125972748,0.48920971155166626,-0.1846187561750412,0,0
85,LEFT_EAR,0.49521276354789734,0.4941228926181793,-0.12015435844659805,0,0
85,RIGHT_EAR,0.4759133756160736,0.49295032024383545,-0.11275892704725266,0,0
85,MOUTH_LEFT,0.48626989126205444,0.5088161826133728,-0.16701644659042358,0,0
85,MOUTH_RIGHT,0.47850003838539124,0.5085836052894592,-0.1648123562335968,0,0
85,LEFT_SHOULDER,0.5170962810516357,0.5500891804695129,-0.06670860201120377,0,0
85,RIGHT_SHOULDER,0.4587143361568451,0.5459901690483093,-0.05610274523496628,0,0
85,LEFT_ELBOW,0.5299826264381409,0.6132348775863647,-0.047256339341402054,0,0
85,RIGHT_ELBOW,0.44843289256095886,0.6123211979866028,-0.028586257249116898,0,0
85,LEFT_WRIST,0.5270359516143799,0.6845768094062805,-0.11550261825323105,0,0
85,RIGHT_WRIST,0.44791287183761597,0.6714316606521606,-0.0957837775349617,0,0
85,LEFT_PINKY,0.5273705720901489,0.7025414109230042,-0.1367214173078537,0,0
85,RIGHT_PINKY,0.44577962160110474,0.688537061214447,-0.11763712763786316,0,0
85,LEFT_INDEX,0.5245012044906616,0.7020553946495056,-0.1562832146883011,0,0
85,RIGHT_INDEX,0.4481736719608307,0.6882697939872742,-0.13799764215946198,0,0
85,LEFT_THUMB,0.5228977203369141,0.6959509253501892,-0.12449581176042557,0,0
85,RIGHT_THUMB,0.4501652121543884,0.682995617389679,-0.10559472441673279,0,0
85,LEFT_HIP,0.5011745691299438,0.6973771452903748,-0.002065938664600253,0,0
85,RIGHT_HIP,0.46715033054351807,0.6957072019577026,0.002053990261629224,0,0
85,LEFT_KNEE,0.515967071056366,0.7959068417549133,0.025939781218767166,0,0
85,RIGHT_KNEE,0.4473998248577118,0.7998126745223999,-0.019195908680558205,0,0
85,LEFT_ANKLE,0.5255895853042603,0.8822045922279358,0.15510492026805878,0,0
85,RIGHT_ANKLE,0.42936810851097107,0.8926320672035217,0.07302386313676834,0,0
85,LEFT_HEEL,0.5231835246086121,0.8941490650177002,0.16335484385490417,0,0
85,RIGHT_HEEL,0.4326052665710449,0.905815839767456,0.07750227302312851,0,0
85,LEFT_FOOT_INDEX,0.5335374474525452,0.9253045916557312,0.08509158343076706,0,0
85,RIGHT_FOOT_INDEX,0.4172804653644562,0.9376198649406433,-0.008302965201437473,0,0
86,NOSE,0.48146799206733704,0.49939829111099243,-0.19547955691814423,0,0
86,LEFT_EYE_INNER,0.4852103888988495,0.48992761969566345,-0.188556969165802,0,0
86,LEFT_EYE,0.487610399723053,0.4899961054325104,-0.1885584145784378,0,0
86,LEFT_EYE_OUTER,0.48986151814460754,0.4901139438152313,-0.18855108320713043,0,0
86,RIGHT_EYE_INNER,0.47963717579841614,0.4898041784763336,-0.18678410351276398,0,0
86,RIGHT_EYE,0.47798603773117065,0.48973947763442993,-0.1868089735507965,0,0
86,RIGHT_EYE_OUTER,0.4762372076511383,0.48966121673583984,-0.18681195378303528,0,0
86,LEFT_EAR,0.49484342336654663,0.4943915009498596,-0.12147700786590576,0,0
86,RIGHT_EAR,0.47593435645103455,0.49324262142181396,-0.11598936468362808,0,0
86,MOUTH_LEFT,0.4859980642795563,0.5092400908470154,-0.16894525289535522,0,0
86,MOUTH_RIGHT,0.4783537983894348,0.509051501750946,-0.16696730256080627,0,0
86,LEFT_SHOULDER,0.5162231922149658,0.5505391359329224,-0.06988318264484406,0,0
86,RIGHT_SHOULDER,0.45852431654930115,0.5457026362419128,-0.05892309173941612,0,0
86,LEFT_ELBOW,0.5287901759147644,0.6152443885803223,-0.04912609979510307,0,0
86,RIGHT_ELBOW,0.4483197331428528,0.6107921004295349,-0.02640560269355774,0,0
86,LEFT_WRIST,0.5252159833908081,0.6852325201034546,-0.12075841426849365,0,0
86,RIGHT_WRIST,0.4470526874065399,0.6711079478263855,-0.09312949329614639,0,0
86,LEFT_PINKY,0.5255250334739685,0.7043932676315308,-0.14267566800117493,0,0
86,RIGHT_PINKY,0.4445609152317047,0.6880365610122681,-0.11518976092338562,0,0
86,LEFT_INDEX,0.5219658017158508,0.7029576897621155,-0.16254399716854095,0,0
86,RIGHT_INDEX,0.44717535376548767,0.6874490976333618,-0.13625870645046234,0,0
86,LEFT_THUMB,0.5202789306640625,0.6965048909187317,-0.12986159324645996,0,0
86,RIGHT_THUMB,0.449128657579422,0.6821550726890564,-0.10316630452871323,0,0
86,LEFT_HIP,0.5011094212532043,0.6974439024925232,-0.001979083986952901,0,0
86,RIGHT_HIP,0.4663948714733124,0.6957241296768188,0.0019656235817819834,0,0
86,LEFT_KNEE,0.5158124566078186,0.7959380745887756,0.02347070537507534,0,0
86,RIGHT_KNEE,0.4470801055431366,0.7991818785667419,-0.0244315005838871,0,0
86,LEFT_ANKLE,0.5256019234657288,0.8815698623657227,0.1454746276140213,0,0
86,RIGHT_ANKLE,0.4295961558818817,0.8925862908363342,0.0714118629693985,0,0
86,LEFT_HEEL,0.5231841206550598,0.8934963345527649,0.152874156832695,0,0
86,RIGHT_HEEL,0.4327346384525299,0.9057016968727112,0.07622502744197845,0,0
86,LEFT_FOOT_INDEX,0.5334873199462891,0.9249343872070312,0.06824561208486557,0,0
86,RIGHT_FOOT_INDEX,0.4174070954322815,0.9375462532043457,-0.010333165526390076,0,0
87,NOSE,0.48161736130714417,0.49911901354789734,-0.1897016167640686,0,0
87,LEFT_EYE_INNER,0.4851158559322357,0.489851713180542,-0.1811266392469406,0,0
87,LEFT_EYE,0.4874497950077057,0.4899407923221588,-0.18113723397254944,0,0
87,LEFT_EYE_OUTER,0.48969775438308716,0.4901250898838043,-0.18113429844379425,0,0
87,RIGHT_EYE_INNER,0.479510635137558,0.48975908756256104,-0.1811247617006302,0,0
87,RIGHT_EYE,0.477770060300827,0.48969635367393494,-0.1811438947916031,0,0
87,RIGHT_EYE_OUTER,0.4760415852069855,0.4896559417247772,-0.18114393949508667,0,0
87,LEFT_EAR,0.49435660243034363,0.49451470375061035,-0.11447703838348389,0,0
87,RIGHT_EAR,0.47552490234375,0.4933930039405823,-0.11460374295711517,0,0
87,MOUTH_LEFT,0.48598816990852356,0.5089857578277588,-0.16267302632331848,0,0
87,MOUTH_RIGHT,0.4783041775226593,0.5088486075401306,-0.1631537526845932,0,0
87,LEFT_SHOULDER,0.5154683589935303,0.5506092309951782,-0.06661638617515564,0,0
87,RIGHT_SHOULDER,0.45824870467185974,0.5459277629852295,-0.055153314024209976,0,0
87,LEFT_ELBOW,0.5285717248916626,0.6153607368469238,-0.05120633542537689,0,0
87,RIGHT_ELBOW,0.44772854447364807,0.6102691888809204,-0.023090867325663567,0,0
87,LEFT_WRIST,0.5232269167900085,0.684736967086792,-0.1246507465839386,0,0
87,RIGHT_WRIST,0.4461258053779602,0.6708176732063293,-0.08899278938770294,0,0
87,LEFT_PINKY,0.5236968994140625,0.7032339572906494,-0.1470072865486145,0,0
87,RIGHT_PINKY,0.4432094991207123,0.6877148151397705,-0.11038409173488617,0,0
87,LEFT_INDEX,0.5192689299583435,0.701373279094696,-0.16651509702205658,0,0
87,RIGHT_INDEX,0.445628821849823,0.68694669008255,-0.131435826420784,0,0
87,LEFT_THUMB,0.517666757106781,0.6948868036270142,-0.13364776968955994,0,0
87,RIGHT_THUMB,0.4479330778121948,0.6816987991333008,-0.09911078959703445,0,0
87,LEFT_HIP,0.501068651676178,0.6973814368247986,-0.0024338571820408106,0,0
87,RIGHT_HIP,0.46636056900024414,0.6957246661186218,0.0024249854031950235,0,0
87,LEFT_KNEE,0.5154170989990234,0.7959619760513306,0.01739412359893322,0,0
87,RIGHT_KNEE,0.4469307065010071,0.7989345192909241,-0.023657549172639847,0,0
87,LEFT_ANKLE,0.5256035923957825,0.8816111087799072,0.13590258359909058,0,0
87,RIGHT_ANKLE,0.42966702580451965,0.8924347758293152,0.06567899882793427,0,0
87,LEFT_HEEL,0.5232477188110352,0.8935339450836182,0.14252907037734985,0,0
87,RIGHT_HEEL,0.4327510893344879,0.9053502678871155,0.06971132010221481,0,0
87,LEFT_FOOT_INDEX,0.5334237813949585,0.9247668981552124,0.05953116714954376,0,0
87,RIGHT_FOOT_INDEX,0.41746097803115845,0.9374218583106995,-0.015992961823940277,0,0
88,NOSE,0.4813838303089142,0.4985869228839874,-0.17421670258045197,0,0
88,LEFT_EYE_INNER,0.4848810136318207,0.48958390951156616,-0.16578155755996704,0,0
88,LEFT_EYE,0.48716121912002563,0.4897131025791168,-0.16579203307628632,0,0
88,LEFT_EYE_OUTER,0.4894104301929474,0.4900049865245819,-0.16578540205955505,0,0
88,RIGHT_EYE_INNER,0.4791952967643738,0.4894593358039856,-0.1646721363067627,0,0
88,RIGHT_EYE,0.4774259924888611,0.4893907904624939,-0.16468821465969086,0,0
88,RIGHT_EYE_OUTER,0.4757460355758667,0.48940131068229675,-0.16468602418899536,0,0
88,LEFT_EAR,0.4939447045326233,0.4945746064186096,-0.10212499648332596,0,0
88,RIGHT_EAR,0.4751892685890198,0.4933032691478729,-0.09708497673273087,0,0
88,MOUTH_LEFT,0.48564398288726807,0.5085742473602295,-0.1491302102804184,0,0
88,MOUTH_RIGHT,0.4779907763004303,0.5084204077720642,-0.14799237251281738,0,0
88,LEFT_SHOULDER,0.515249490737915,0.550930917263031,-0.06240125745534897,0,0
88,RIGHT_SHOULDER,0.4574528634548187,0.5460039377212524,-0.04536215960979462,0,0
88,LEFT_ELBOW,0.5263702273368835,0.6183409094810486,-0.055725470185279846,0,0
88,RIGHT_ELBOW,0.4469591975212097,0.6103360652923584,-0.0272538922727108,0,0
88,LEFT_WRIST,0.5194661021232605,0.6839103698730469,-0.13327187299728394,0,0
88,RIGHT_WRIST,0.4455385208129883,0.6693214774131775,-0.10912251472473145,0,0
88,LEFT_PINKY,0.5180128812789917,0.7027574777603149,-0.1584504097700119,0,0
88,RIGHT_PINKY,0.4423812925815582,0.6874918341636658,-0.13362596929073334,0,0
88,LEFT_INDEX,0.5139526128768921,0.7005401849746704,-0.177469864487648,0,0
88,RIGHT_INDEX,0.4447198212146759,0.6867398023605347,-0.15305909514427185,0,0
88,LEFT_THUMB,0.5133202075958252,0.6942839026451111,-0.14220494031906128,0,0
88,RIGHT_THUMB,0.44707292318344116,0.6805620193481445,-0.11915240436792374,0,0
88,LEFT_HIP,0.5005810856819153,0.6975403428077698,-0.0031076904851943254,0,0
88,RIGHT_HIP,0.4662522077560425,0.6958009600639343,0.003095068736001849,0,0
88,LEFT_KNEE,0.5150342583656311,0.7981154918670654,0.01131270732730627,0,0
88,RIGHT_KNEE,0.4468049705028534,0.7989069819450378,-0.022939320653676987,0,0
88,LEFT_ANKLE,0.5257033705711365,0.8835776448249817,0.1262596994638443,0,0
88,RIGHT_ANKLE,0.429806113243103,0.8921715021133423,0.06777266412973404,0,0
88,LEFT_HEEL,0.5237751007080078,0.8959793448448181,0.13315728306770325,0,0
88,RIGHT_HEEL,0.4329727292060852,0.9051302671432495,0.07212033867835999,0,0
88,LEFT_FOOT_INDEX,0.533324658870697,0.9248867034912109,0.05167650058865547,0,0
88,RIGHT_FOOT_INDEX,0.4174359440803528,0.9369969964027405,-0.010650507174432278,0,0
89,NOSE,0.4808621108531952,0.4985944926738739,-0.17080654203891754,0,0
89,LEFT_EYE_INNER,0.48444411158561707,0.48956260085105896,-0.16287189722061157,0,0
89,LEFT_EYE,0.4867221415042877,0.489652156829834,-0.16288550198078156,0,0
89,LEFT_EYE_OUTER,0.48896074295043945,0.48994141817092896,-0.16288131475448608,0,0
89,RIGHT_EYE_INNER,0.4787563383579254,0.48957401514053345,-0.16077736020088196,0,0
89,RIGHT_EYE,0.4770185351371765,0.4895264208316803,-0.16079242527484894,0,0
89,RIGHT_EYE_OUTER,0.4753716289997101,0.48955196142196655,-0.1607958823442459,0,0
89,LEFT_EAR,0.49367430806159973,0.49466371536254883,-0.10115034878253937,0,0
89,RIGHT_EAR,0.4749451279640198,0.4934003949165344,-0.09131740033626556,0,0
89,MOUTH_LEFT,0.48520198464393616,0.5085506439208984,-0.1465444713830948,0,0
89,MOUTH_RIGHT,0.4775765538215637,0.5084739923477173,-0.143964022397995,0,0
89,LEFT_SHOULDER,0.514359176158905,0.5511823296546936,-0.06412067264318466,0,0
89,RIGHT_SHOULDER,0.4568595290184021,0.5461709499359131,-0.03763652220368385,0,0
89,LEFT_ELBOW,0.5232770442962646,0.6196645498275757,-0.05828513577580452,0,0
89,RIGHT_ELBOW,0.4456590712070465,0.6101520657539368,-0.020337166264653206,0,0
89,LEFT_WRIST,0.5120900273323059,0.6837958693504333,-0.14217647910118103,0,0
89,RIGHT_WRIST,0.44354724884033203,0.6691898107528687,-0.09866209328174591,0,0
89,LEFT_PINKY,0.5100946426391602,0.7023233771324158,-0.16761967539787292,0,0
89,RIGHT_PINKY,0.44052407145500183,0.6874804496765137,-0.12103713303804398,0,0
89,LEFT_INDEX,0.5058333873748779,0.6999691724777222,-0.18591207265853882,0,0
89,RIGHT_INDEX,0.44334930181503296,0.6865879893302917,-0.14146928489208221,0,0
89,LEFT_THUMB,0.5051813721656799,0.6932525634765625,-0.1505894660949707,0,0
89,RIGHT_THUMB,0.4458613097667694,0.68039470911026,-0.10879598557949066,0,0
89,LEFT_HIP,0.4990329146385193,0.6978777647018433,-0.0032550606410950422,0,0
89,RIGHT_HIP,0.4657464027404785,0.6959160566329956,0.0032360167242586613,0,0
89,LEFT_KNEE,0.5142230987548828,0.7989903092384338,0.00016303376469295472,0,0
89,RIGHT_KNEE,0.4460175335407257,0.7988515496253967,-0.030040793120861053,0,0
89,LEFT_ANKLE,0.5257072448730469,0.8836392164230347,0.11803822964429855,0,0
89,RIGHT_ANKLE,0.4298021197319031,0.8922073245048523,0.061312202364206314,0,0
89,LEFT_HEEL,0.523964524269104,0.8958771228790283,0.1251913160085678,0,0
89,RIGHT_HEEL,0.4330524206161499,0.905249834060669,0.06584062427282333,0,0
89,LEFT_FOOT_INDEX,0.5332438349723816,0.9249086976051331,0.04297689348459244,0,0
89,RIGHT_FOOT_INDEX,0.4173668920993805,0.9368937015533447,-0.016547055914998055,0,0
90,NOSE,0.48055633902549744,0.4985695779323578,-0.17075605690479279,0,0
90,LEFT_EYE_INNER,0.48417675495147705,0.4895075559616089,-0.16301313042640686,0,0
90,LEFT_EYE,0.48644599318504333,0.48957309126853943,-0.16302438080310822,0,0
90,LEFT_EYE_OUTER,0.48867693543434143,0.489864706993103,-0.16301913559436798,0,0
90,RIGHT_EYE_INNER,0.47847774624824524,0.4896121025085449,-0.16060835123062134,0,0
90,RIGHT_EYE,0.4767557978630066,0.48958390951156616,-0.16062365472316742,0,0
90,RIGHT_EYE_OUTER,0.4751438498497009,0.48962634801864624,-0.16062764823436737,0,0
90,LEFT_EAR,0.493475079536438,0.4947267174720764,-0.10180846601724625,0,0
90,RIGHT_EAR,0.47476640343666077,0.493460476398468,-0.09047342091798782,0,0
90,MOUTH_LEFT,0.4849392771720886,0.5085456967353821,-0.146694153547287,0,0
90,MOUTH_RIGHT,0.477326363325119,0.5084931254386902,-0.1436484158039093,0,0
90,LEFT_SHOULDER,0.5140079855918884,0.5516929030418396,-0.06476401537656784,0,0
90,RIGHT_SHOULDER,0.4565616548061371,0.5464397072792053,-0.0356438122689724,0,0
90,LEFT_ELBOW,0.5219252109527588,0.6206727623939514,-0.0593576543033123,0,0
90,RIGHT_ELBOW,0.4448445737361908,0.6100381016731262,-0.011768844909965992,0,0
90,LEFT_WRIST,0.5097743272781372,0.6834965348243713,-0.14153467118740082,0,0
90,RIGHT_WRIST,0.44277361035346985,0.6691368222236633,-0.08705933392047882,0,0
90,LEFT_PINKY,0.5078869462013245,0.7019715905189514,-0.1663583219051361,0,0
90,RIGHT_PINKY,0.4397985339164734,0.6875616908073425,-0.11022034287452698,0,0
90,LEFT_INDEX,0.5037444233894348,0.699826180934906,-0.18469618260860443,0,0
90,RIGHT_INDEX,0.44287049770355225,0.6866047382354736,-0.1300792098045349,0,0
90,LEFT_THUMB,0.50303715467453,0.6927559971809387,-0.1498686820268631,0,0
90,RIGHT_THUMB,0.44543299078941345,0.6803579330444336,-0.09713348746299744,0,0
90,LEFT_HIP,0.49819937348365784,0.698144257068634,-0.003386309603229165,0,0
90,RIGHT_HIP,0.4654485881328583,0.6960683465003967,0.003360980888828635,0,0
90,LEFT_KNEE,0.5137271285057068,0.7992212176322937,-0.003955896943807602,0,0
90,RIGHT_KNEE,0.4454304873943329,0.798859179019928,-0.030055509880185127,0,0
90,LEFT_ANKLE,0.525711178779602,0.883708119392395,0.11640537530183792,0,0
90,RIGHT_ANKLE,0.4297846853733063,0.8922455906867981,0.06218620017170906,0,0
90,LEFT_HEEL,0.5240297913551331,0.8958613276481628,0.1237635686993599,0,0
90,RIGHT_HEEL,0.43308013677597046,0.9053557515144348,0.0668099895119667,0,0
90,LEFT_FOOT_INDEX,0.5331157445907593,0.9249098896980286,0.04130953550338745,0,0
90,RIGHT_FOOT_INDEX,0.41728538274765015,0.9368625283241272,-0.015567607246339321,0,0
91,NOSE,0.48041290044784546,0.4986257553100586,-0.1735515594482422,0,0
91,LEFT_EYE_INNER,0.48402395844459534,0.48954257369041443,-0.16608357429504395,0,0
91,LEFT_EYE,0.4862990975379944,0.48959147930145264,-0.16609610617160797,0,0
91,LEFT_EYE_OUTER,0.4885229468345642,0.4898757338523865,-0.1660928875207901,0,0
91,RIGHT_EYE_INNER,0.4784258306026459,0.48969900608062744,-0.16326525807380676,0,0
91,RIGHT_EYE,0.4766733944416046,0.48967263102531433,-0.16328103840351105,0,0
91,RIGHT_EYE_OUTER,0.475009024143219,0.4897090196609497,-0.16328352689743042,0,0
91,LEFT_EAR,0.4933875501155853,0.494771271944046,-0.10522007197141647,0,0
91,RIGHT_EAR,0.4747447073459625,0.49349749088287354,-0.09185542911291122,0,0
91,MOUTH_LEFT,0.48478442430496216,0.5085622072219849,-0.1495489925146103,0,0
91,MOUTH_RIGHT,0.4772295355796814,0.5085334777832031,-0.14606019854545593,0,0
91,LEFT_SHOULDER,0.5137996077537537,0.5519481897354126,-0.0691891685128212,0,0
91,RIGHT_SHOULDER,0.45589572191238403,0.5465559959411621,-0.035286810249090195,0,0
91,LEFT_ELBOW,0.5208772420883179,0.6221922636032104,-0.07988140732049942,0,0
91,RIGHT_ELBOW,0.4435981214046478,0.6102114319801331,-0.01587897352874279,0,0
91,LEFT_WRIST,0.5061443448066711,0.6792071461677551,-0.1700667291879654,0,0
91,RIGHT_WRIST,0.44205421209335327,0.6691218614578247,-0.10686037689447403,0,0
91,LEFT_PINKY,0.5043569207191467,0.6993988752365112,-0.1979626715183258,0,0
91,RIGHT_PINKY,0.43901264667510986,0.6875183582305908,-0.13244454562664032,0,0
91,LEFT_INDEX,0.49954697489738464,0.6952746510505676,-0.21512894332408905,0,0
91,RIGHT_INDEX,0.44214358925819397,0.6865166425704956,-0.15140625834465027,0,0
91,LEFT_THUMB,0.4987645447254181,0.6879127621650696,-0.17788849771022797,0,0
91,RIGHT_THUMB,0.44473758339881897,0.6802792549133301,-0.11691398173570633,0,0
91,LEFT_HIP,0.4975847005844116,0.6984063386917114,-0.004444960039108992,0,0
91,RIGHT_HIP,0.46505099534988403,0.6962626576423645,0.004411658737808466,0,0
91,LEFT_KNEE,0.5134629607200623,0.8004365563392639,-0.0037760331761091948,0,0
91,RIGHT_KNEE,0.44469279050827026,0.7989067435264587,-0.03159240260720253,0,0
91,LEFT_ANKLE,0.525728166103363,0.8841144442558289,0.12059943377971649,0,0
91,RIGHT_ANKLE,0.42977088689804077,0.8923724889755249,0.06244998052716255,0,0
91,LEFT_HEEL,0.5240294337272644,0.8958473801612854,0.1283068209886551,0,0
91,RIGHT_HEEL,0.43310707807540894,0.905597448348999,0.0672648698091507,0,0
91,LEFT_FOOT_INDEX,0.5330798625946045,0.9256539344787598,0.04718603193759918,0,0
91,RIGHT_FOOT_INDEX,0.4172198474407196,0.9368472099304199,-0.014218106865882874,0,0
92,NOSE,0.47987839579582214,0.4987925887107849,-0.18122366070747375,0,0
92,LEFT_EYE_INNER,0.48354920744895935,0.4896002411842346,-0.17434826493263245,0,0
92,LEFT_EYE,0.48587700724601746,0.4896274209022522,-0.1743668019771576,0,0
92,LEFT_EYE_OUTER,0.4881002604961395,0.489925354719162,-0.17437396943569183,0,0
92,RIGHT_EYE_INNER,0.47777119278907776,0.4901319146156311,-0.16978459060192108,0,0
92,RIGHT_EYE,0.4761728048324585,0.490206241607666,-0.16979435086250305,0,0
92,RIGHT_EYE_OUTER,0.47457000613212585,0.4903046786785126,-0.16979466378688812,0,0
92,LEFT_EAR,0.4931119680404663,0.4948069155216217,-0.1141742467880249,0,0
92,RIGHT_EAR,0.4743441939353943,0.49378684163093567,-0.0932382345199585,0,0
92,MOUTH_LEFT,0.4845501780509949,0.50864177942276,-0.15743479132652283,0,0
92,MOUTH_RIGHT,0.4769250154495239,0.5087660551071167,-0.15157347917556763,0,0
92,LEFT_SHOULDER,0.5137588977813721,0.5530491471290588,-0.08265359699726105,0,0
92,RIGHT_SHOULDER,0.4553453028202057,0.5466507077217102,-0.0347510501742363,0,0
92,LEFT_ELBOW,0.5194558501243591,0.6246923208236694,-0.09818272292613983,0,0
92,RIGHT_ELBOW,0.4423615336418152,0.6102484464645386,-0.016825681552290916,0,0
92,LEFT_WRIST,0.5013300180435181,0.6766993403434753,-0.19022980332374573,0,0
92,RIGHT_WRIST,0.44161149859428406,0.667136549949646,-0.11281991750001907,0,0
92,LEFT_PINKY,0.4983687102794647,0.6973442435264587,-0.219252347946167,0,0
92,RIGHT_PINKY,0.4385838508605957,0.6858128905296326,-0.13877040147781372,0,0
92,LEFT_INDEX,0.493730753660202,0.6914746165275574,-0.23484279215335846,0,0
92,RIGHT_INDEX,0.44208964705467224,0.6839140057563782,-0.1575717031955719,0,0
92,LEFT_THUMB,0.493379682302475,0.6843986511230469,-0.19727487862110138,0,0
92,RIGHT_THUMB,0.4447031021118164,0.6773649454116821,-0.12304797768592834,0,0
92,LEFT_HIP,0.49682506918907166,0.6984218955039978,-0.007018350996077061,0,0
92,RIGHT_HIP,0.46374666690826416,0.6962904334068298,0.006994097027927637,0,0
92,LEFT_KNEE,0.5131339430809021,0.8001283407211304,-0.005965843331068754,0,0
92,RIGHT_KNEE,0.4444003999233246,0.7989143133163452,-0.02972966805100441,0,0
92,LEFT_ANKLE,0.525725245475769,0.8839450478553772,0.12223026156425476,0,0
92,RIGHT_ANKLE,0.4297619163990021,0.8924998641014099,0.07054614275693893,0,0
92,LEFT_HEEL,0.524007260799408,0.8950636982917786,0.1316685676574707,0,0
92,RIGHT_HEEL,0.43310829997062683,0.9056586623191833,0.07609011977910995,0,0
92,LEFT_FOOT_INDEX,0.5328909754753113,0.9257591962814331,0.049502406269311905,0,0
92,RIGHT_FOOT_INDEX,0.417171448469162,0.9366752505302429,-0.005770133342593908,0,0
93,NOSE,0.4787706732749939,0.5002468228340149,-0.20001013576984406,0,0
93,LEFT_EYE_INNER,0.4825921058654785,0.4909041225910187,-0.1931888610124588,0,0
93,LEFT_EYE,0.4850786030292511,0.49081313610076904,-0.193202406167984,0,0
93,LEFT_EYE_OUTER,0.48732656240463257,0.490995854139328,-0.19321705400943756,0,0
93,RIGHT_EYE_INNER,0.47678878903388977,0.4914383590221405,-0.18975846469402313,0,0
93,RIGHT_EYE,0.47533729672431946,0.49142247438430786,-0.18977777659893036,0,0
93,RIGHT_EYE_OUTER,0.47362586855888367,0.49152514338493347,-0.1897808462381363,0,0
93,LEFT_EAR,0.49263209104537964,0.4953196346759796,-0.12989799678325653,0,0
93,RIGHT_EAR,0.4734659492969513,0.4942440390586853,-0.11334113031625748,0,0
93,MOUTH_LEFT,0.4836373031139374,0.5099578499794006,-0.17456558346748352,0,0
93,MOUTH_RIGHT,0.4760490357875824,0.5100290775299072,-0.1700490415096283,0,0
93,LEFT_SHOULDER,0.5136454701423645,0.5537860989570618,-0.08900345116853714,0,0
93,RIGHT_SHOULDER,0.454054057598114,0.5467324256896973,-0.0490700863301754,0,0
93,LEFT_ELBOW,0.5185455679893494,0.6271607875823975,-0.09969624876976013,0,0
93,RIGHT_ELBOW,0.44071245193481445,0.6138859987258911,-0.03556973114609718,0,0
93,LEFT_WRIST,0.4968823790550232,0.6749213337898254,-0.19022417068481445,0,0
93,RIGHT_WRIST,0.4412023723125458,0.6693712472915649,-0.13029450178146362,0,0
93,LEFT_PINKY,0.49175092577934265,0.6956847310066223,-0.2187315672636032,0,0
93,RIGHT_PINKY,0.43879374861717224,0.6923931837081909,-0.15662050247192383,0,0
93,LEFT_INDEX,0.48670732975006104,0.6881937980651855,-0.23267410695552826,0,0
93,RIGHT_INDEX,0.4428982138633728,0.6857212781906128,-0.17399293184280396,0,0
93,LEFT_THUMB,0.48735660314559937,0.6817819476127625,-0.19658440351486206,0,0
93,RIGHT_THUMB,0.4448668658733368,0.6783350706100464,-0.1395833045244217,0,0
93,LEFT_HIP,0.49624869227409363,0.6984375715255737,-0.007001327350735664,0,0
93,RIGHT_HIP,0.4622732400894165,0.6968418955802917,0.006976827513426542,0,0
93,LEFT_KNEE,0.5129939913749695,0.7998173236846924,-0.007596299983561039,0,0
93,RIGHT_KNEE,0.4443388879299164,0.7991247177124023,-0.021034089848399162,0,0
93,LEFT_ANKLE,0.5257216095924377,0.8837447166442871,0.12359298765659332,0,0
93,RIGHT_ANKLE,0.42982178926467896,0.8925588130950928,0.08585948497056961,0,0
93,LEFT_HEEL,0.5239907503128052,0.8944993615150452,0.13244056701660156,0,0
93,RIGHT_HEEL,0.43324390053749084,0.9060786962509155,0.09191004186868668,0,0
93,LEFT_FOOT_INDEX,0.5328682065010071,0.9258421063423157,0.05070078372955322,0,0
93,RIGHT_FOOT_INDEX,0.41730254888534546,0.9365508556365967,0.010701133869588375,0,0
