frame_number,landmark,x,y,z,action,label
0,NOSE,0.5318979024887085,0.5354005098342896,-0.06132952868938446,[],0
0,LEFT_EYE_INNER,0.5359151363372803,0.525026261806488,-0.07117824256420135,[],0
0,LEFT_EYE,0.5375932455062866,0.5244385004043579,-0.07123441249132156,[],0
0,LEFT_EYE_OUTER,0.539308488368988,0.5239002108573914,-0.07126773148775101,[],0
0,RIGHT_EYE_INNER,0.5331809520721436,0.5250658988952637,-0.05220462754368782,[],0
0,RIGHT_EYE,0.5329115390777588,0.5245940685272217,-0.052228376269340515,[],0
0,RIGHT_EYE_OUTER,0.5326411724090576,0.5241008996963501,-0.05227360874414444,[],0
0,LEFT_EAR,0.546716034412384,0.5248411893844604,-0.08395770192146301,[],0
0,RIGHT_EAR,0.5392802357673645,0.5250744223594666,0.0023011050652712584,[],0
0,MOUTH_LEFT,0.5368536710739136,0.542443573474884,-0.06343358010053635,[],0
0,MOUTH_RIGHT,0.5335628986358643,0.542543351650238,-0.03878166526556015,[],0
0,LEFT_SHOULDER,0.5568302273750305,0.5694999694824219,-0.12409117817878723,[],0
0,RIGHT_SHOULDER,0.5489453077316284,0.5719104409217834,0.06774118542671204,[],0
0,LEFT_ELBOW,0.531653642654419,0.6395183801651001,-0.1397484391927719,[],0
0,RIGHT_ELBOW,0.529241144657135,0.6400799751281738,0.06769067794084549,[],0
0,LEFT_WRIST,0.506969690322876,0.6406866312026978,-0.09557309001684189,[],0
0,RIGHT_WRIST,0.5023816227912903,0.652829110622406,-0.02586015872657299,[],0
0,LEFT_PINKY,0.4978419840335846,0.641157865524292,-0.109431192278862,[],0
0,RIGHT_PINKY,0.49666133522987366,0.674587070941925,-0.03390077129006386,[],0
0,LEFT_INDEX,0.5002202391624451,0.6338948011398315,-0.10571915656328201,[],0
0,RIGHT_INDEX,0.4961925148963928,0.6699443459510803,-0.05168754234910011,[],0
0,LEFT_THUMB,0.502130389213562,0.6349673271179199,-0.09266925603151321,[],0
0,RIGHT_THUMB,0.4997636079788208,0.6683531403541565,-0.03697676211595535,[],0
0,LEFT_HIP,0.5673400163650513,0.7214178442955017,-0.06626318395137787,[],0
0,RIGHT_HIP,0.5584391355514526,0.7189269661903381,0.0662710890173912,[],0
0,LEFT_KNEE,0.5652933716773987,0.8355515599250793,-0.06070307642221451,[],0
0,RIGHT_KNEE,0.5528932809829712,0.802963376045227,0.1099577471613884,[],0
0,LEFT_ANKLE,0.5770736932754517,0.9309936761856079,-0.01859537698328495,[],0
0,RIGHT_ANKLE,0.5647987723350525,0.8896806836128235,0.17262138426303864,[],0
0,LEFT_HEEL,0.5844923853874207,0.9422052502632141,-0.015917878597974777,[],0
0,RIGHT_HEEL,0.5741304755210876,0.9236103892326355,0.17762970924377441,[],0
0,LEFT_FOOT_INDEX,0.5585769414901733,0.9708925485610962,-0.06636162847280502,[],0
0,RIGHT_FOOT_INDEX,0.5518861413002014,0.9420074820518494,0.1526821255683899,[],0
1,NOSE,0.5318506360054016,0.5352668762207031,-0.11126206070184708,0,0
1,LEFT_EYE_INNER,0.5359131097793579,0.5246570706367493,-0.11468174308538437,0,0
1,LEFT_EYE,0.5375979542732239,0.5240382552146912,-0.11472295224666595,0,0
1,LEFT_EYE_OUTER,0.5393700003623962,0.523446261882782,-0.11476950347423553,0,0
1,RIGHT_EYE_INNER,0.5331753492355347,0.5249289870262146,-0.10028612613677979,0,0
1,RIGHT_EYE,0.5328988432884216,0.5245385766029358,-0.10030671954154968,0,0
1,RIGHT_EYE_OUTER,0.532616913318634,0.5240854620933533,-0.10034514218568802,0,0
1,LEFT_EAR,0.5471729636192322,0.5248414278030396,-0.09905090928077698,0,0
1,RIGHT_EAR,0.5392131805419922,0.5250764489173889,-0.03367789462208748,0,0
1,MOUTH_LEFT,0.536799430847168,0.5424866080284119,-0.1028209701180458,0,0
1,MOUTH_RIGHT,0.533469557762146,0.5425662398338318,-0.08418350666761398,0,0
1,LEFT_SHOULDER,0.5575597882270813,0.5709065794944763,-0.12216455489397049,0,0
1,RIGHT_SHOULDER,0.5476881265640259,0.5719240307807922,0.045936841517686844,0,0
1,LEFT_ELBOW,0.539330244064331,0.6465464234352112,-0.12518733739852905,0,0
1,RIGHT_ELBOW,0.5360639691352844,0.6407971978187561,0.06250376999378204,0,0
1,LEFT_WRIST,0.5148233771324158,0.6555078029632568,-0.09793911129236221,0,0
1,RIGHT_WRIST,0.5172809958457947,0.6702550649642944,-0.016863487660884857,0,0
1,LEFT_PINKY,0.5056058764457703,0.656984806060791,-0.1107836589217186,0,0
1,RIGHT_PINKY,0.5117239356040955,0.6798482537269592,-0.024335172027349472,0,0
1,LEFT_INDEX,0.5043610334396362,0.6468464136123657,-0.10872021317481995,0,0
1,RIGHT_INDEX,0.510249674320221,0.6769228577613831,-0.04264940693974495,0,0
1,LEFT_THUMB,0.5082550048828125,0.6468762159347534,-0.09563513845205307,0,0
1,RIGHT_THUMB,0.513602614402771,0.6743438839912415,-0.027237767353653908,0,0
1,LEFT_HIP,0.5678302645683289,0.7142301201820374,-0.06210837513208389,0,0
1,RIGHT_HIP,0.555915117263794,0.7044926881790161,0.06207825616002083,0,0
1,LEFT_KNEE,0.5633803606033325,0.8321768641471863,-0.07908554375171661,0,0
1,RIGHT_KNEE,0.550008237361908,0.8013902902603149,0.07643357664346695,0,0
1,LEFT_ANKLE,0.5765650272369385,0.9268790483474731,-0.06503137201070786,0,0
1,RIGHT_ANKLE,0.5648921728134155,0.8896675705909729,0.1392316371202469,0,0
1,LEFT_HEEL,0.584488034248352,0.9393131136894226,-0.06581082940101624,0,0
1,RIGHT_HEEL,0.5732978582382202,0.9086152911186218,0.14391571283340454,0,0
1,LEFT_FOOT_INDEX,0.5563434362411499,0.9669797420501709,-0.12486345320940018,0,0
1,RIGHT_FOOT_INDEX,0.5474240779876709,0.9229809045791626,0.1143425703048706,0,0
2,NOSE,0.5324757695198059,0.5349516868591309,-0.16670745611190796,0,0
2,LEFT_EYE_INNER,0.5364696383476257,0.5244623422622681,-0.1691504418849945,0,0
2,LEFT_EYE,0.5383052229881287,0.5238980650901794,-0.16916298866271973,0,0
2,LEFT_EYE_OUTER,0.5401853322982788,0.5233566761016846,-0.169206902384758,0,0
2,RIGHT_EYE_INNER,0.5335610508918762,0.524868905544281,-0.15606430172920227,0,0
2,RIGHT_EYE,0.5331974625587463,0.5245356559753418,-0.15610186755657196,0,0
2,RIGHT_EYE_OUTER,0.5328189134597778,0.5241081714630127,-0.15614059567451477,0,0
2,LEFT_EAR,0.5478448867797852,0.5252615809440613,-0.14558053016662598,0,0
2,RIGHT_EAR,0.5391857028007507,0.5255685448646545,-0.08713781833648682,0,0
2,MOUTH_LEFT,0.5372883677482605,0.5426033139228821,-0.15510794520378113,0,0
2,MOUTH_RIGHT,0.5337573885917664,0.5426523089408875,-0.13836918771266937,0,0
2,LEFT_SHOULDER,0.5572760701179504,0.5718052983283997,-0.15279921889305115,0,0
2,RIGHT_SHOULDER,0.5477270483970642,0.5729499459266663,0.006067423149943352,0,0
2,LEFT_ELBOW,0.5408037304878235,0.6483229994773865,-0.1459108293056488,0,0
2,RIGHT_ELBOW,0.5413068532943726,0.6419668793678284,0.04432494938373566,0,0
2,LEFT_WRIST,0.5151791572570801,0.6720805764198303,-0.1271926760673523,0,0
2,RIGHT_WRIST,0.520884096622467,0.6713680028915405,-0.013256287202239037,0,0
2,LEFT_PINKY,0.5060779452323914,0.6732589602470398,-0.13831448554992676,0,0
2,RIGHT_PINKY,0.5152817368507385,0.6795596480369568,-0.017699213698506355,0,0
2,LEFT_INDEX,0.5044847130775452,0.663851797580719,-0.14015896618366241,0,0
2,RIGHT_INDEX,0.5119636058807373,0.6767690181732178,-0.037965044379234314,0,0
2,LEFT_THUMB,0.5091550350189209,0.6654785871505737,-0.12615802884101868,0,0
2,RIGHT_THUMB,0.5150686502456665,0.6745005249977112,-0.023551857098937035,0,0
2,LEFT_HIP,0.5686587691307068,0.7027140259742737,-0.059142883867025375,0,0
2,RIGHT_HIP,0.5560887455940247,0.6951809525489807,0.059082988649606705,0,0
2,LEFT_KNEE,0.5616649389266968,0.8193236589431763,-0.09549359977245331,0,0
2,RIGHT_KNEE,0.5485751032829285,0.7989267706871033,0.07912827283143997,0,0
2,LEFT_ANKLE,0.5755622982978821,0.9228566884994507,-0.09608345478773117,0,0
2,RIGHT_ANKLE,0.5655927062034607,0.889494776725769,0.13946349918842316,0,0
2,LEFT_HEEL,0.5841553807258606,0.9377318620681763,-0.09867434203624725,0,0
2,RIGHT_HEEL,0.5733460187911987,0.901862621307373,0.14369837939739227,0,0
2,LEFT_FOOT_INDEX,0.5557176470756531,0.9649752974510193,-0.1626540720462799,0,0
2,RIGHT_FOOT_INDEX,0.5476261377334595,0.9212607145309448,0.11303342878818512,0,0
3,NOSE,0.5331296324729919,0.5347827672958374,-0.15305861830711365,0,0
3,LEFT_EYE_INNER,0.5371360182762146,0.5243573784828186,-0.15501590073108673,0,0
3,LEFT_EYE,0.53915935754776,0.5238285660743713,-0.15502972900867462,0,0
3,LEFT_EYE_OUTER,0.5412108302116394,0.5233168005943298,-0.1550731658935547,0,0
3,RIGHT_EYE_INNER,0.5339722037315369,0.5248472094535828,-0.14261220395565033,0,0
3,RIGHT_EYE,0.5335105061531067,0.5245369672775269,-0.14264601469039917,0,0
3,RIGHT_EYE_OUTER,0.5330320000648499,0.5241475701332092,-0.1426796019077301,0,0
3,LEFT_EAR,0.5487237572669983,0.5256662368774414,-0.1319676786661148,0,0
3,RIGHT_EAR,0.5391552448272705,0.5259147882461548,-0.07630098611116409,0,0
3,MOUTH_LEFT,0.5377399325370789,0.5426292419433594,-0.1418340653181076,0,0
3,MOUTH_RIGHT,0.5340646505355835,0.5426924228668213,-0.12602593004703522,0,0
3,LEFT_SHOULDER,0.5571513772010803,0.5721116662025452,-0.1435527354478836,0,0
3,RIGHT_SHOULDER,0.5478715896606445,0.5737231373786926,0.013476886786520481,0,0
3,LEFT_ELBOW,0.5432451367378235,0.6476525664329529,-0.1368320882320404,0,0
3,RIGHT_ELBOW,0.5420877933502197,0.6443686485290527,0.045623671263456345,0,0
3,LEFT_WRIST,0.5192009806632996,0.6746602654457092,-0.11954975873231888,0,0
3,RIGHT_WRIST,0.5223823189735413,0.6749829053878784,-0.009768785908818245,0,0
3,LEFT_PINKY,0.5107461214065552,0.6766786575317383,-0.1289464235305786,0,0
3,RIGHT_PINKY,0.5170027017593384,0.6820792555809021,-0.013585645705461502,0,0
3,LEFT_INDEX,0.5079931020736694,0.6698251962661743,-0.12979337573051453,0,0
3,RIGHT_INDEX,0.5135532021522522,0.680124819278717,-0.0328599251806736,0,0
3,LEFT_THUMB,0.5109369158744812,0.6710208058357239,-0.11532044410705566,0,0
3,RIGHT_THUMB,0.5166499614715576,0.6776049137115479,-0.019591785967350006,0,0
3,LEFT_HIP,0.5696098208427429,0.6977936625480652,-0.056776177138090134,0,0
3,RIGHT_HIP,0.5562098026275635,0.692909836769104,0.056723348796367645,0,0
3,LEFT_KNEE,0.5610641837120056,0.8142439723014832,-0.1027282103896141,0,0
3,RIGHT_KNEE,0.5485508441925049,0.796829342842102,0.07719578593969345,0,0
3,LEFT_ANKLE,0.5743916630744934,0.9198846817016602,-0.11226873099803925,0,0
3,RIGHT_ANKLE,0.5657594799995422,0.8870164155960083,0.13350079953670502,0,0
3,LEFT_HEEL,0.5836877822875977,0.9359936118125916,-0.11576452106237411,0,0
3,RIGHT_HEEL,0.5733610987663269,0.8978701829910278,0.13730859756469727,0,0
3,LEFT_FOOT_INDEX,0.5558452010154724,0.9622330069541931,-0.18035663664340973,0,0
3,RIGHT_FOOT_INDEX,0.5489414930343628,0.91547691822052,0.10637721419334412,0,0
4,NOSE,0.5340743660926819,0.534593403339386,-0.1240580603480339,0,0
4,LEFT_EYE_INNER,0.5378472208976746,0.5243410468101501,-0.12744654715061188,0,0
4,LEFT_EYE,0.5398451685905457,0.5238280296325684,-0.1274784803390503,0,0
4,LEFT_EYE_OUTER,0.54189133644104,0.5233234763145447,-0.12752701342105865,0,0
4,RIGHT_EYE_INNER,0.534563422203064,0.5248458385467529,-0.11421844363212585,0,0
4,RIGHT_EYE,0.5340227484703064,0.5245530009269714,-0.11423981934785843,0,0
4,RIGHT_EYE_OUTER,0.5334522128105164,0.5242156982421875,-0.1142788901925087,0,0
4,LEFT_EAR,0.5490393042564392,0.5260831713676453,-0.11003699153661728,0,0
4,RIGHT_EAR,0.5391032099723816,0.5261427164077759,-0.052178189158439636,0,0
4,MOUTH_LEFT,0.5383316278457642,0.542632520198822,-0.11593835800886154,0,0
4,MOUTH_RIGHT,0.534574568271637,0.5426989793777466,-0.09862888604402542,0,0
4,LEFT_SHOULDER,0.5560267567634583,0.5722033977508545,-0.12045418471097946,0,0
4,RIGHT_SHOULDER,0.5489947199821472,0.5749562978744507,0.02935594506561756,0,0
4,LEFT_ELBOW,0.5506147742271423,0.6448281407356262,-0.11650163680315018,0,0
4,RIGHT_ELBOW,0.5465165376663208,0.6454141139984131,0.07467446476221085,0,0
4,LEFT_WRIST,0.5235750079154968,0.6750600337982178,-0.10107917338609695,0,0
4,RIGHT_WRIST,0.529807448387146,0.6758678555488586,0.0333280935883522,0,0
4,LEFT_PINKY,0.516618549823761,0.679496169090271,-0.10926643013954163,0,0
4,RIGHT_PINKY,0.5254393815994263,0.6834220886230469,0.030873961746692657,0,0
4,LEFT_INDEX,0.5140124559402466,0.6726329326629639,-0.11262500286102295,0,0
4,RIGHT_INDEX,0.5218259692192078,0.6812835931777954,0.011670666746795177,0,0
4,LEFT_THUMB,0.5157822370529175,0.6733046174049377,-0.09979144483804703,0,0
4,RIGHT_THUMB,0.5243141651153564,0.678408682346344,0.02375463768839836,0,0
4,LEFT_HIP,0.5695415139198303,0.6958732604980469,-0.05629352107644081,0,0
4,RIGHT_HIP,0.558480441570282,0.6926929354667664,0.05627165362238884,0,0
4,LEFT_KNEE,0.5592339038848877,0.814486026763916,-0.10010884702205658,0,0
4,RIGHT_KNEE,0.5488138198852539,0.7967804074287415,0.07956281304359436,0,0
4,LEFT_ANKLE,0.5740604996681213,0.9209609627723694,-0.11558367311954498,0,0
4,RIGHT_ANKLE,0.5655815005302429,0.8883219361305237,0.1266227662563324,0,0
4,LEFT_HEEL,0.5834987163543701,0.9364920854568481,-0.1193825900554657,0,0
4,RIGHT_HEEL,0.5717466473579407,0.9010997414588928,0.12926428020000458,0,0
4,LEFT_FOOT_INDEX,0.555776059627533,0.9627851843833923,-0.18070267140865326,0,0
4,RIGHT_FOOT_INDEX,0.5491163730621338,0.9188717007637024,0.09849794954061508,0,0
5,NOSE,0.534762978553772,0.5345041751861572,-0.15205709636211395,0,0
5,LEFT_EYE_INNER,0.5384924411773682,0.5243414640426636,-0.1511426866054535,0,0
5,LEFT_EYE,0.5405558347702026,0.5238505601882935,-0.15114907920360565,0,0
5,LEFT_EYE_OUTER,0.5426710844039917,0.5233835577964783,-0.15118743479251862,0,0
5,RIGHT_EYE_INNER,0.5349445343017578,0.5248647332191467,-0.14189496636390686,0,0
5,RIGHT_EYE,0.5343177318572998,0.5246413350105286,-0.14191153645515442,0,0
5,RIGHT_EYE_OUTER,0.5336509943008423,0.5244119763374329,-0.1419481337070465,0,0
5,LEFT_EAR,0.5495977997779846,0.5268355011940002,-0.11767925322055817,0,0
5,RIGHT_EAR,0.538752555847168,0.5265986919403076,-0.07663507759571075,0,0
5,MOUTH_LEFT,0.5390142798423767,0.5426340699195862,-0.13776467740535736,0,0
5,MOUTH_RIGHT,0.5349161624908447,0.5427319407463074,-0.12604837119579315,0,0
5,LEFT_SHOULDER,0.5597431063652039,0.5727127194404602,-0.12079637497663498,0,0
5,RIGHT_SHOULDER,0.5437883734703064,0.5757384896278381,0.00817384384572506,0,0
5,LEFT_ELBOW,0.5660544037818909,0.646281361579895,-0.11553455889225006,0,0
5,RIGHT_ELBOW,0.5438597202301025,0.6452206373214722,0.04686833545565605,0,0
5,LEFT_WRIST,0.5367471575737,0.6750014424324036,-0.11887167394161224,0,0
5,RIGHT_WRIST,0.5276397466659546,0.6732599139213562,-0.0012133729178458452,0,0
5,LEFT_PINKY,0.5294066071510315,0.6818885207176208,-0.13059428334236145,0,0
5,RIGHT_PINKY,0.5218406915664673,0.6835182309150696,-0.008117655292153358,0,0
5,LEFT_INDEX,0.5279063582420349,0.6765695810317993,-0.13500796258449554,0,0
5,RIGHT_INDEX,0.5191324949264526,0.6810681223869324,-0.026232780888676643,0,0
5,LEFT_THUMB,0.5304208397865295,0.6749900579452515,-0.11882058531045914,0,0
5,RIGHT_THUMB,0.523034930229187,0.6778696775436401,-0.009231516160070896,0,0
5,LEFT_HIP,0.5708703994750977,0.6966966986656189,-0.04882711544632912,0,0
5,RIGHT_HIP,0.5566678643226624,0.6951217651367188,0.048845041543245316,0,0
5,LEFT_KNEE,0.5596683025360107,0.8125000596046448,-0.099183090031147,0,0
5,RIGHT_KNEE,0.5480091571807861,0.7963833808898926,0.07983197271823883,0,0
5,LEFT_ANKLE,0.574130117893219,0.9202484488487244,-0.1102578192949295,0,0
5,RIGHT_ANKLE,0.561321496963501,0.8837802410125732,0.14593841135501862,0,0
5,LEFT_HEEL,0.5829051733016968,0.9360024333000183,-0.11469172686338425,0,0
5,RIGHT_HEEL,0.5654870271682739,0.8954691290855408,0.1498865932226181,0,0
5,LEFT_FOOT_INDEX,0.5565891265869141,0.9626504182815552,-0.18795929849147797,0,0
5,RIGHT_FOOT_INDEX,0.5472097992897034,0.9125526547431946,0.11236841231584549,0,0
6,NOSE,0.5348626375198364,0.5340198278427124,-0.12008226662874222,0,0
6,LEFT_EYE_INNER,0.5384563207626343,0.5242274403572083,-0.11567898839712143,0,0
6,LEFT_EYE,0.5404865145683289,0.5237646698951721,-0.11570359021425247,0,0
6,LEFT_EYE_OUTER,0.5425590872764587,0.5233270525932312,-0.11574361473321915,0,0
6,RIGHT_EYE_INNER,0.5350146889686584,0.5247862935066223,-0.1090964749455452,0,0
6,RIGHT_EYE,0.5344055891036987,0.5246127247810364,-0.10907752811908722,0,0
6,RIGHT_EYE_OUTER,0.5337311029434204,0.5244106650352478,-0.10911883413791656,0,0
6,LEFT_EAR,0.5495837330818176,0.52679443359375,-0.08196710795164108,0,0
6,RIGHT_EAR,0.5386744141578674,0.5265728235244751,-0.04325680807232857,0,0
6,MOUTH_LEFT,0.5390756130218506,0.542425274848938,-0.1029994934797287,0,0
6,MOUTH_RIGHT,0.535042405128479,0.5425373911857605,-0.09481292217969894,0,0
6,LEFT_SHOULDER,0.5618956685066223,0.5713261365890503,-0.08637078106403351,0,0
6,RIGHT_SHOULDER,0.5394732356071472,0.5751630663871765,0.02406921610236168,0,0
6,LEFT_ELBOW,0.570410430431366,0.6426284313201904,-0.07837272435426712,0,0
6,RIGHT_ELBOW,0.5429186224937439,0.6431566476821899,0.050438862293958664,0,0
6,LEFT_WRIST,0.5433952212333679,0.6717450618743896,-0.07752770930528641,0,0
6,RIGHT_WRIST,0.5331114530563354,0.672940731048584,-0.013675998896360397,0,0
6,LEFT_PINKY,0.5362541675567627,0.6793009638786316,-0.08900108933448792,0,0
6,RIGHT_PINKY,0.5306612849235535,0.6818427443504333,-0.024907847866415977,0,0
6,LEFT_INDEX,0.5345926880836487,0.6731324195861816,-0.09361087530851364,0,0
6,RIGHT_INDEX,0.5287372469902039,0.6784397959709167,-0.041582491248846054,0,0
6,LEFT_THUMB,0.5379201173782349,0.6709414720535278,-0.0777081549167633,0,0
6,RIGHT_THUMB,0.532133936882019,0.6752532124519348,-0.02255547232925892,0,0
6,LEFT_HIP,0.5719369649887085,0.6960923671722412,-0.045096155256032944,0,0
6,RIGHT_HIP,0.5548544526100159,0.6961387395858765,0.045138880610466,0,0
6,LEFT_KNEE,0.562719464302063,0.8082259893417358,-0.09360241889953613,0,0
6,RIGHT_KNEE,0.5484615564346313,0.7965543866157532,0.07520898431539536,0,0
6,LEFT_ANKLE,0.5741976499557495,0.9166107177734375,-0.09482137858867645,0,0
6,RIGHT_ANKLE,0.5617245435714722,0.8842068314552307,0.14028018712997437,0,0
6,LEFT_HEEL,0.58255934715271,0.9312041997909546,-0.0986490547657013,0,0
6,RIGHT_HEEL,0.5666077733039856,0.8973739147186279,0.1433548480272293,0,0
6,LEFT_FOOT_INDEX,0.5595258474349976,0.9596879482269287,-0.17119058966636658,0,0
6,RIGHT_FOOT_INDEX,0.5474395155906677,0.9146766662597656,0.09968432784080505,0,0
7,NOSE,0.5349430441856384,0.5314000248908997,-0.18482628464698792,0,0
7,LEFT_EYE_INNER,0.538673996925354,0.522773802280426,-0.18409104645252228,0,0
7,LEFT_EYE,0.5406889319419861,0.5226678252220154,-0.1840844601392746,0,0
7,LEFT_EYE_OUTER,0.5427741408348083,0.5224906206130981,-0.1841258555650711,0,0
7,RIGHT_EYE_INNER,0.5351158380508423,0.5227642059326172,-0.17440131306648254,0,0
7,RIGHT_EYE,0.5344756245613098,0.522643506526947,-0.17442522943019867,0,0
7,RIGHT_EYE_OUTER,0.5337761640548706,0.5224712491035461,-0.17445991933345795,0,0
7,LEFT_EAR,0.5497676730155945,0.5264771580696106,-0.14425213634967804,0,0
7,RIGHT_EAR,0.5385664105415344,0.5249001979827881,-0.10130693763494492,0,0
7,MOUTH_LEFT,0.5390702486038208,0.5410619378089905,-0.1676611304283142,0,0
7,MOUTH_RIGHT,0.5350342392921448,0.5403833389282227,-0.1555214822292328,0,0
7,LEFT_SHOULDER,0.5629993081092834,0.5698168873786926,-0.13032276928424835,0,0
7,RIGHT_SHOULDER,0.5348879098892212,0.573750913143158,-0.01654691807925701,0,0
7,LEFT_ELBOW,0.5723876953125,0.6421436667442322,-0.08538798987865448,0,0
7,RIGHT_ELBOW,0.5411491990089417,0.6402286291122437,-0.0016197932418435812,0,0
7,LEFT_WRIST,0.549964189529419,0.6731313467025757,-0.10937703400850296,0,0
7,RIGHT_WRIST,0.5369390249252319,0.6651204228401184,-0.08378960192203522,0,0
7,LEFT_PINKY,0.5454756021499634,0.6819300055503845,-0.12090993672609329,0,0
7,RIGHT_PINKY,0.5375404357910156,0.6774598956108093,-0.09533462673425674,0,0
7,LEFT_INDEX,0.5449304580688477,0.6744644045829773,-0.12878423929214478,0,0
7,RIGHT_INDEX,0.5370076894760132,0.6696200370788574,-0.11232253909111023,0,0
7,LEFT_THUMB,0.5473302006721497,0.6703572869300842,-0.11117710173130035,0,0
7,RIGHT_THUMB,0.5393707752227783,0.6664935350418091,-0.09321772307157516,0,0
7,LEFT_HIP,0.5720965266227722,0.6959806680679321,-0.04655751958489418,0,0
7,RIGHT_HIP,0.5538376569747925,0.6969139575958252,0.04657904803752899,0,0
7,LEFT_KNEE,0.5648457407951355,0.8050780892372131,-0.08058205246925354,0,0
7,RIGHT_KNEE,0.5491808652877808,0.7962472438812256,0.08029328286647797,0,0
7,LEFT_ANKLE,0.5754838585853577,0.9116716384887695,-0.06245000287890434,0,0
7,RIGHT_ANKLE,0.5626599788665771,0.8841829299926758,0.17258276045322418,0,0
7,LEFT_HEEL,0.5836519598960876,0.9279294013977051,-0.065058134496212,0,0
7,RIGHT_HEEL,0.5669974088668823,0.8970550894737244,0.17717337608337402,0,0
7,LEFT_FOOT_INDEX,0.5630969405174255,0.9566918015480042,-0.15055601298809052,0,0
7,RIGHT_FOOT_INDEX,0.547644853591919,0.9145075678825378,0.12493190914392471,0,0
8,NOSE,0.5355304479598999,0.5305941104888916,-0.16552934050559998,0,0
8,LEFT_EYE_INNER,0.5394667983055115,0.5220386981964111,-0.1627378612756729,0,0
8,LEFT_EYE,0.541517972946167,0.5220985412597656,-0.16274039447307587,0,0
8,LEFT_EYE_OUTER,0.5436735153198242,0.522074818611145,-0.1627739816904068,0,0
8,RIGHT_EYE_INNER,0.5353676080703735,0.5218562483787537,-0.15413108468055725,0,0
8,RIGHT_EYE,0.5346176624298096,0.5217514634132385,-0.1541435271501541,0,0
8,RIGHT_EYE_OUTER,0.5338577628135681,0.5215775370597839,-0.1541738063097,0,0
8,LEFT_EAR,0.5501266717910767,0.5262905955314636,-0.12577101588249207,0,0
8,RIGHT_EAR,0.5379675030708313,0.5242384672164917,-0.08122269809246063,0,0
8,MOUTH_LEFT,0.5395882725715637,0.5406283140182495,-0.1476743221282959,0,0
8,MOUTH_RIGHT,0.5352283120155334,0.5397239327430725,-0.1368102729320526,0,0
8,LEFT_SHOULDER,0.5636657476425171,0.568986713886261,-0.11065354943275452,0,0
8,RIGHT_SHOULDER,0.5330126285552979,0.5737322568893433,-0.00042495274101383984,0,0
8,LEFT_ELBOW,0.5733321309089661,0.6406925320625305,-0.08933877944946289,0,0
8,RIGHT_ELBOW,0.5391952395439148,0.6387009024620056,0.013031207956373692,0,0
8,LEFT_WRIST,0.5533338189125061,0.6732913255691528,-0.1012701615691185,0,0
8,RIGHT_WRIST,0.5366438031196594,0.663547158241272,-0.0698109120130539,0,0
8,LEFT_PINKY,0.5490171909332275,0.6836503148078918,-0.1146397739648819,0,0
8,RIGHT_PINKY,0.5389183163642883,0.6764073967933655,-0.08225613087415695,0,0
8,LEFT_INDEX,0.5487197041511536,0.6763021349906921,-0.1254604309797287,0,0
8,RIGHT_INDEX,0.54017174243927,0.6701119542121887,-0.09863631427288055,0,0
8,LEFT_THUMB,0.5495508909225464,0.6710860729217529,-0.10507536679506302,0,0
8,RIGHT_THUMB,0.5398865342140198,0.6650355458259583,-0.07889202237129211,0,0
8,LEFT_HIP,0.5720356702804565,0.6961348652839661,-0.045285291969776154,0,0
8,RIGHT_HIP,0.5530015826225281,0.6975695490837097,0.04531649872660637,0,0
8,LEFT_KNEE,0.5659329295158386,0.8031655550003052,-0.08209285140037537,0,0
8,RIGHT_KNEE,0.5496376752853394,0.7956801056861877,0.08693740516901016,0,0
8,LEFT_ANKLE,0.576167643070221,0.9096193909645081,-0.06910525262355804,0,0
8,RIGHT_ANKLE,0.5632064938545227,0.8829321265220642,0.185641810297966,0,0
8,LEFT_HEEL,0.5844045281410217,0.9263335466384888,-0.07387218624353409,0,0
8,RIGHT_HEEL,0.5675963759422302,0.8942104578018188,0.1910339891910553,0,0
8,LEFT_FOOT_INDEX,0.5645996332168579,0.9548424482345581,-0.1594265252351761,0,0
8,RIGHT_FOOT_INDEX,0.5479094982147217,0.9099200367927551,0.1406371295452118,0,0
9,NOSE,0.5368239879608154,0.5294086337089539,-0.14990878105163574,0,0
9,LEFT_EYE_INNER,0.5405334234237671,0.5211238265037537,-0.13527891039848328,0,0
9,LEFT_EYE,0.5426160097122192,0.5210708975791931,-0.13527116179466248,0,0
9,LEFT_EYE_OUTER,0.5447205901145935,0.5209168195724487,-0.13529375195503235,0,0
9,RIGHT_EYE_INNER,0.5360157489776611,0.5209047198295593,-0.1432352066040039,0,0
9,RIGHT_EYE,0.5349818468093872,0.5208188891410828,-0.14325164258480072,0,0
9,RIGHT_EYE_OUTER,0.5340766310691833,0.5206461548805237,-0.14328113198280334,0,0
9,LEFT_EAR,0.5503473281860352,0.5235416889190674,-0.08119520545005798,0,0
9,RIGHT_EAR,0.5375421643257141,0.5233103632926941,-0.07803318649530411,0,0
9,MOUTH_LEFT,0.5410662889480591,0.5391843914985657,-0.11799980700016022,0,0
9,MOUTH_RIGHT,0.5359693169593811,0.538633406162262,-0.12390521913766861,0,0
9,LEFT_SHOULDER,0.5646352171897888,0.5658318996429443,-0.06269184499979019,0,0
9,RIGHT_SHOULDER,0.5326804518699646,0.5720697641372681,0.006225126329809427,0,0
9,LEFT_ELBOW,0.5743372440338135,0.6337781548500061,-0.04202590882778168,0,0
9,RIGHT_ELBOW,0.5340995788574219,0.6353192329406738,0.006745347287505865,0,0
9,LEFT_WRIST,0.5585917830467224,0.6679011583328247,-0.05715550482273102,0,0
9,RIGHT_WRIST,0.5442225337028503,0.661950945854187,-0.062382884323596954,0,0
9,LEFT_PINKY,0.5585018396377563,0.6819508671760559,-0.06921853125095367,0,0
9,RIGHT_PINKY,0.5501787662506104,0.6726635694503784,-0.07617120444774628,0,0
9,LEFT_INDEX,0.5563580393791199,0.673802375793457,-0.07854960113763809,0,0
9,RIGHT_INDEX,0.5531406998634338,0.6672958731651306,-0.08733366429805756,0,0
9,LEFT_THUMB,0.5563152432441711,0.6701487898826599,-0.060535404831171036,0,0
9,RIGHT_THUMB,0.5517110228538513,0.6627312898635864,-0.06866247206926346,0,0
9,LEFT_HIP,0.5719335675239563,0.6906130909919739,-0.037506330758333206,0,0
9,RIGHT_HIP,0.55218106508255,0.6944347620010376,0.03755244240164757,0,0
9,LEFT_KNEE,0.5683634281158447,0.7979192733764648,-0.07600978016853333,0,0
9,RIGHT_KNEE,0.5509017705917358,0.7939532399177551,0.07240723818540573,0,0
9,LEFT_ANKLE,0.5795871615409851,0.9093154072761536,-0.064954474568367,0,0
9,RIGHT_ANKLE,0.5635206699371338,0.8822909593582153,0.15803946554660797,0,0
9,LEFT_HEEL,0.5864461660385132,0.9250257611274719,-0.06879696995019913,0,0
9,RIGHT_HEEL,0.5710218548774719,0.894287109375,0.16257628798484802,0,0
9,LEFT_FOOT_INDEX,0.5722735524177551,0.953784167766571,-0.15473335981369019,0,0
9,RIGHT_FOOT_INDEX,0.548163115978241,0.9097802042961121,0.10667188465595245,0,0
10,NOSE,0.5376513004302979,0.5274332761764526,-0.14609041810035706,0,0
10,LEFT_EYE_INNER,0.5414667725563049,0.5191593170166016,-0.13824912905693054,0,0
10,LEFT_EYE,0.5436933636665344,0.5189746618270874,-0.13824540376663208,0,0
10,LEFT_EYE_OUTER,0.5457966327667236,0.5187484622001648,-0.1382666528224945,0,0
10,RIGHT_EYE_INNER,0.5363909602165222,0.5191906094551086,-0.1379978209733963,0,0
10,RIGHT_EYE,0.535140335559845,0.5191540718078613,-0.13802453875541687,0,0
10,RIGHT_EYE_OUTER,0.5341384410858154,0.5190858244895935,-0.13806256651878357,0,0
10,LEFT_EAR,0.5506719350814819,0.520747721195221,-0.08469390869140625,0,0
10,RIGHT_EAR,0.5367876291275024,0.5215504765510559,-0.07359245419502258,0,0
10,MOUTH_LEFT,0.5422249436378479,0.5370346903800964,-0.11986695230007172,0,0
10,MOUTH_RIGHT,0.536243736743927,0.536854088306427,-0.11983780562877655,0,0
10,LEFT_SHOULDER,0.5661262273788452,0.5641775727272034,-0.0551731139421463,0,0
10,RIGHT_SHOULDER,0.5302788615226746,0.5709661245346069,-0.016921022906899452,0,0
10,LEFT_ELBOW,0.5755864381790161,0.6278870701789856,-0.04103211686015129,0,0
10,RIGHT_ELBOW,0.5380350351333618,0.6357177495956421,-0.027212802320718765,0,0
10,LEFT_WRIST,0.5731393694877625,0.6665138006210327,-0.0751681700348854,0,0
10,RIGHT_WRIST,0.5686028599739075,0.646873950958252,-0.09306760877370834,0,0
10,LEFT_PINKY,0.5709296464920044,0.6818238496780396,-0.08873500674962997,0,0
10,RIGHT_PINKY,0.5791018605232239,0.651136577129364,-0.10872331261634827,0,0
10,LEFT_INDEX,0.5691431164741516,0.6715130805969238,-0.09441312402486801,0,0
10,RIGHT_INDEX,0.5780012011528015,0.6424911022186279,-0.11608798801898956,0,0
10,LEFT_THUMB,0.5712656378746033,0.6695591807365417,-0.07820120453834534,0,0
10,RIGHT_THUMB,0.5751116871833801,0.6424627304077148,-0.09676112979650497,0,0
10,LEFT_HIP,0.5719045996665955,0.6865901947021484,-0.029802510514855385,0,0
10,RIGHT_HIP,0.5516693592071533,0.6929479241371155,0.029842128977179527,0,0
10,LEFT_KNEE,0.5703282952308655,0.7959992289543152,-0.0735776275396347,0,0
10,RIGHT_KNEE,0.5538339614868164,0.7915892004966736,0.053913697600364685,0,0
10,LEFT_ANKLE,0.5811906456947327,0.9099122881889343,-0.05960820987820625,0,0
10,RIGHT_ANKLE,0.5664388537406921,0.882468044757843,0.128830686211586,0,0
10,LEFT_HEEL,0.5867416262626648,0.9247159361839294,-0.06295999139547348,0,0
10,RIGHT_HEEL,0.5718324780464172,0.8949803113937378,0.1324305385351181,0,0
10,LEFT_FOOT_INDEX,0.5758825540542603,0.9504055380821228,-0.1518903374671936,0,0
10,RIGHT_FOOT_INDEX,0.5514696836471558,0.9107587337493896,0.07359525561332703,0,0
11,NOSE,0.5378392934799194,0.5260340571403503,-0.19632986187934875,0,0
11,LEFT_EYE_INNER,0.5419654846191406,0.517805814743042,-0.1909397542476654,0,0
11,LEFT_EYE,0.5442731976509094,0.517610490322113,-0.19094941020011902,0,0
11,LEFT_EYE_OUTER,0.5464569330215454,0.5174098610877991,-0.19100311398506165,0,0
11,RIGHT_EYE_INNER,0.5366852879524231,0.5179607272148132,-0.18610665202140808,0,0
11,RIGHT_EYE,0.5353143215179443,0.5179119110107422,-0.18611930310726166,0,0
11,RIGHT_EYE_OUTER,0.534223735332489,0.5178609490394592,-0.18613117933273315,0,0
11,LEFT_EAR,0.5513253808021545,0.5197777152061462,-0.13242016732692719,0,0
11,RIGHT_EAR,0.5367245078086853,0.5202019214630127,-0.1116563230752945,0,0
11,MOUTH_LEFT,0.5425511002540588,0.5356099605560303,-0.17187120020389557,0,0
11,MOUTH_RIGHT,0.536274790763855,0.5353620648384094,-0.16603071987628937,0,0
11,LEFT_SHOULDER,0.5657040476799011,0.5641495585441589,-0.08599904179573059,0,0
11,RIGHT_SHOULDER,0.5306128263473511,0.5689498782157898,-0.031429920345544815,0,0
11,LEFT_ELBOW,0.5788624286651611,0.6253558397293091,-0.06719676405191422,0,0
11,RIGHT_ELBOW,0.5380181670188904,0.6273577809333801,-0.0070466818287968636,0,0
11,LEFT_WRIST,0.5746413469314575,0.6549568176269531,-0.1145581305027008,0,0
11,RIGHT_WRIST,0.5542920827865601,0.6471094489097595,-0.06672484427690506,0,0
11,LEFT_PINKY,0.5826950669288635,0.6741812825202942,-0.1297280490398407,0,0
11,RIGHT_PINKY,0.5593584179878235,0.6565587520599365,-0.07840223610401154,0,0
11,LEFT_INDEX,0.5807631611824036,0.6665130853652954,-0.14216668903827667,0,0
11,RIGHT_INDEX,0.5587842464447021,0.6507584452629089,-0.09176576137542725,0,0
11,LEFT_THUMB,0.5795753002166748,0.662613570690155,-0.11984561383724213,0,0
11,RIGHT_THUMB,0.5578262209892273,0.6483192443847656,-0.07358339428901672,0,0
11,LEFT_HIP,0.5706008672714233,0.6884474754333496,-0.033713895827531815,0,0
11,RIGHT_HIP,0.5501273274421692,0.693269670009613,0.033754490315914154,0,0
11,LEFT_KNEE,0.5708909630775452,0.797268271446228,-0.062014784663915634,0,0
11,RIGHT_KNEE,0.5544036030769348,0.7907075881958008,0.05522669106721878,0,0
11,LEFT_ANKLE,0.5828244686126709,0.908446729183197,-0.031179172918200493,0,0
11,RIGHT_ANKLE,0.5693957805633545,0.8799698352813721,0.139815554022789,0,0
11,LEFT_HEEL,0.5881097912788391,0.9238426089286804,-0.03264278918504715,0,0
11,RIGHT_HEEL,0.574471116065979,0.8920459747314453,0.14235259592533112,0,0
11,LEFT_FOOT_INDEX,0.5790404081344604,0.9490470886230469,-0.11310327053070068,0,0
11,RIGHT_FOOT_INDEX,0.5539383292198181,0.9097899794578552,0.09538460522890091,0,0
12,NOSE,0.5386664867401123,0.526300311088562,-0.2162557989358902,0,0
12,LEFT_EYE_INNER,0.542782723903656,0.5180010795593262,-0.21142220497131348,0,0
12,LEFT_EYE,0.5450751185417175,0.5177814960479736,-0.21142952144145966,0,0
12,LEFT_EYE_OUTER,0.5472605228424072,0.5175362229347229,-0.21149000525474548,0,0
12,RIGHT_EYE_INNER,0.5373023152351379,0.5182093977928162,-0.20644384622573853,0,0
12,RIGHT_EYE,0.5357944965362549,0.5181728601455688,-0.20646363496780396,0,0
12,RIGHT_EYE_OUTER,0.5345080494880676,0.5181196928024292,-0.2064802348613739,0,0
12,LEFT_EAR,0.5518855452537537,0.5198361873626709,-0.15407119691371918,0,0
12,RIGHT_EAR,0.5367032885551453,0.5202177166938782,-0.13221457600593567,0,0
12,MOUTH_LEFT,0.543430745601654,0.5358197093009949,-0.19240091741085052,0,0
12,MOUTH_RIGHT,0.5368015766143799,0.5355916619300842,-0.18622905015945435,0,0
12,LEFT_SHOULDER,0.5677632093429565,0.5645355582237244,-0.1103413850069046,0,0
12,RIGHT_SHOULDER,0.5297006964683533,0.5679619908332825,-0.06195337325334549,0,0
12,LEFT_ELBOW,0.5802391767501831,0.6254293918609619,-0.11700986325740814,0,0
12,RIGHT_ELBOW,0.5331205725669861,0.6224449276924133,-0.04901469871401787,0,0
12,LEFT_WRIST,0.5963542461395264,0.6446316242218018,-0.18238742649555206,0,0
12,RIGHT_WRIST,0.5539789199829102,0.6454116106033325,-0.10591986030340195,0,0
12,LEFT_PINKY,0.6021343469619751,0.6494351625442505,-0.20014338195323944,0,0
12,RIGHT_PINKY,0.560173749923706,0.6568192839622498,-0.11828872561454773,0,0
12,LEFT_INDEX,0.6017320156097412,0.6422539949417114,-0.2133266180753708,0,0
12,RIGHT_INDEX,0.5607214570045471,0.6517409682273865,-0.12910401821136475,0,0
12,LEFT_THUMB,0.5986656546592712,0.6409339904785156,-0.1888754516839981,0,0
12,RIGHT_THUMB,0.5592290163040161,0.6484411358833313,-0.11131995171308517,0,0
12,LEFT_HIP,0.5700925588607788,0.6898994445800781,-0.029232976958155632,0,0
12,RIGHT_HIP,0.5479795336723328,0.6935982704162598,0.02926211804151535,0,0
12,LEFT_KNEE,0.5712100267410278,0.7990053296089172,-0.046279262751340866,0,0
12,RIGHT_KNEE,0.5542952418327332,0.7910649180412292,0.05873901769518852,0,0
12,LEFT_ANKLE,0.5834094882011414,0.9063805341720581,-0.003947093151509762,0,0
12,RIGHT_ANKLE,0.5691889524459839,0.8776853084564209,0.15102656185626984,0,0
12,LEFT_HEEL,0.5882617831230164,0.9207678437232971,-0.0043855756521224976,0,0
12,RIGHT_HEEL,0.5745611786842346,0.8898957371711731,0.157060906291008,0,0
12,LEFT_FOOT_INDEX,0.5803143382072449,0.9460455179214478,-0.08685257285833359,0,0
12,RIGHT_FOOT_INDEX,0.5551647543907166,0.9098094701766968,0.10203728079795837,0,0
13,NOSE,0.5396470427513123,0.5265727639198303,-0.12783297896385193,0,0
13,LEFT_EYE_INNER,0.5435383319854736,0.5183533430099487,-0.12016472965478897,0,0
13,LEFT_EYE,0.5457751750946045,0.5180989503860474,-0.12019407004117966,0,0
13,LEFT_EYE_OUTER,0.5479024052619934,0.5178552865982056,-0.1202412098646164,0,0
13,RIGHT_EYE_INNER,0.5380724668502808,0.518817126750946,-0.11727845668792725,0,0
13,RIGHT_EYE,0.5365257859230042,0.5189080238342285,-0.117258720099926,0,0
13,RIGHT_EYE_OUTER,0.5351235270500183,0.519012987613678,-0.11727774143218994,0,0
13,LEFT_EAR,0.5524461269378662,0.5201453566551208,-0.0641070157289505,0,0
13,RIGHT_EAR,0.5369278192520142,0.5206432342529297,-0.0501309409737587,0,0
13,MOUTH_LEFT,0.544569730758667,0.5359638929367065,-0.10539064556360245,0,0
13,MOUTH_RIGHT,0.5378866195678711,0.5359315872192383,-0.10166614502668381,0,0
13,LEFT_SHOULDER,0.5693886280059814,0.5662734508514404,-0.03485441952943802,0,0
13,RIGHT_SHOULDER,0.5298597812652588,0.5681893229484558,-0.023947017267346382,0,0
13,LEFT_ELBOW,0.5838636159896851,0.6239478588104248,-0.06882647424936295,0,0
13,RIGHT_ELBOW,0.5335689783096313,0.6182672381401062,-0.024386830627918243,0,0
13,LEFT_WRIST,0.6034444570541382,0.6252538561820984,-0.1645677089691162,0,0
13,RIGHT_WRIST,0.5645287036895752,0.6284434795379639,-0.10081936419010162,0,0
13,LEFT_PINKY,0.6137977242469788,0.6211673021316528,-0.18777227401733398,0,0
13,RIGHT_PINKY,0.5732223391532898,0.6377764940261841,-0.11962223052978516,0,0
13,LEFT_INDEX,0.6152713298797607,0.6152971982955933,-0.20052781701087952,0,0
13,RIGHT_INDEX,0.5742472410202026,0.6310162544250488,-0.12609440088272095,0,0
13,LEFT_THUMB,0.609529435634613,0.6177730560302734,-0.17214342951774597,0,0
13,RIGHT_THUMB,0.5716714859008789,0.6281700134277344,-0.10538869351148605,0,0
13,LEFT_HIP,0.5685580968856812,0.6925349831581116,-0.022830260917544365,0,0
13,RIGHT_HIP,0.5451946258544922,0.6948940753936768,0.022908004000782967,0,0
13,LEFT_KNEE,0.5714174509048462,0.800017774105072,-0.04589954391121864,0,0
13,RIGHT_KNEE,0.5502488017082214,0.7912788391113281,0.05582278594374657,0,0
13,LEFT_ANKLE,0.5845903158187866,0.9080230593681335,-0.013321713544428349,0,0
13,RIGHT_ANKLE,0.5675124526023865,0.8747175931930542,0.1581643968820572,0,0
13,LEFT_HEEL,0.5881920456886292,0.92087322473526,-0.014865673147141933,0,0
13,RIGHT_HEEL,0.5736209750175476,0.8873581290245056,0.1652166247367859,0,0
13,LEFT_FOOT_INDEX,0.5808796286582947,0.9462962746620178,-0.09700562804937363,0,0
13,RIGHT_FOOT_INDEX,0.5524694323539734,0.9050185680389404,0.10857471078634262,0,0
14,NOSE,0.5397100448608398,0.5277177691459656,-0.12917634844779968,0,0
14,LEFT_EYE_INNER,0.5433900952339172,0.5191957354545593,-0.1224144920706749,0,0
14,LEFT_EYE,0.5455979704856873,0.518753707408905,-0.12243875116109848,0,0
14,LEFT_EYE_OUTER,0.5477127432823181,0.5183212161064148,-0.12247465550899506,0,0
14,RIGHT_EYE_INNER,0.5381319522857666,0.5201600790023804,-0.11915717273950577,0,0
14,RIGHT_EYE,0.5366451144218445,0.520426869392395,-0.11914762854576111,0,0
14,RIGHT_EYE_OUTER,0.535304069519043,0.5206950902938843,-0.11917757987976074,0,0
14,LEFT_EAR,0.5524815917015076,0.5203388929367065,-0.06738236546516418,0,0
14,RIGHT_EAR,0.5369808077812195,0.5216803550720215,-0.05145343765616417,0,0
14,MOUTH_LEFT,0.5448448657989502,0.5365764498710632,-0.10691313445568085,0,0
14,MOUTH_RIGHT,0.5383421778678894,0.5371192097663879,-0.10246004164218903,0,0
14,LEFT_SHOULDER,0.5705416798591614,0.566641628742218,-0.0314190648496151,0,0
14,RIGHT_SHOULDER,0.5302667617797852,0.5683609843254089,-0.019761642441153526,0,0
14,LEFT_ELBOW,0.5843245387077332,0.6236904859542847,-0.05594852194190025,0,0
14,RIGHT_ELBOW,0.5406453013420105,0.617009699344635,-0.04344337806105614,0,0
14,LEFT_WRIST,0.6030285358428955,0.6224957704544067,-0.14595800638198853,0,0
14,RIGHT_WRIST,0.5842336416244507,0.6196849942207336,-0.11783651262521744,0,0
14,LEFT_PINKY,0.6147031188011169,0.6214857697486877,-0.16728325188159943,0,0
14,RIGHT_PINKY,0.5917015671730042,0.6285855770111084,-0.1391158401966095,0,0
14,LEFT_INDEX,0.6122376918792725,0.6177459955215454,-0.17938409745693207,0,0
14,RIGHT_INDEX,0.5989501476287842,0.6172403693199158,-0.14336538314819336,0,0
14,LEFT_THUMB,0.6090692281723022,0.6157782077789307,-0.15287713706493378,0,0
14,RIGHT_THUMB,0.5931366086006165,0.615200400352478,-0.12108045071363449,0,0
14,LEFT_HIP,0.5681508779525757,0.6942915320396423,-0.02073959819972515,0,0
14,RIGHT_HIP,0.5442011952400208,0.6953845620155334,0.020832596346735954,0,0
14,LEFT_KNEE,0.5717403292655945,0.8003619313240051,-0.0531315915286541,0,0
14,RIGHT_KNEE,0.5478935837745667,0.7914608716964722,0.05727122351527214,0,0
14,LEFT_ANKLE,0.5844265818595886,0.9080884456634521,-0.025928769260644913,0,0
14,RIGHT_ANKLE,0.5646781325340271,0.8721611499786377,0.1814715415239334,0,0
14,LEFT_HEEL,0.5881310701370239,0.9228864908218384,-0.02803410403430462,0,0
14,RIGHT_HEEL,0.5707561373710632,0.8847364187240601,0.18950895965099335,0,0
14,LEFT_FOOT_INDEX,0.5826661586761475,0.94700688123703,-0.10925006121397018,0,0
14,RIGHT_FOOT_INDEX,0.549362063407898,0.9009354710578918,0.13658453524112701,0,0
15,NOSE,0.5397680997848511,0.5312771201133728,-0.19359131157398224,0,0
15,LEFT_EYE_INNER,0.5434970259666443,0.5220341086387634,-0.1876956969499588,0,0
15,LEFT_EYE,0.5457350015640259,0.52137690782547,-0.18769243359565735,0,0
15,LEFT_EYE_OUTER,0.5478917360305786,0.5207733511924744,-0.18772196769714355,0,0
15,RIGHT_EYE_INNER,0.538326621055603,0.5234818458557129,-0.1835261881351471,0,0
15,RIGHT_EYE,0.5369217991828918,0.5237951278686523,-0.18353679776191711,0,0
15,RIGHT_EYE_OUTER,0.5357024669647217,0.524088442325592,-0.1835794299840927,0,0
15,LEFT_EAR,0.5530750155448914,0.5224417448043823,-0.1260097324848175,0,0
15,RIGHT_EAR,0.5378573536872864,0.5242128968238831,-0.10543763637542725,0,0
15,MOUTH_LEFT,0.54521244764328,0.5399181842803955,-0.1679861694574356,0,0
15,MOUTH_RIGHT,0.5387632846832275,0.540931761264801,-0.16210927069187164,0,0
15,LEFT_SHOULDER,0.5713685154914856,0.5705236792564392,-0.05266576260328293,0,0
15,RIGHT_SHOULDER,0.5309691429138184,0.5687644481658936,-0.07405947893857956,0,0
15,LEFT_ELBOW,0.585709273815155,0.6249411106109619,-0.11150011420249939,0,0
15,RIGHT_ELBOW,0.5566526055335999,0.608572781085968,-0.0980139672756195,0,0
15,LEFT_WRIST,0.6056117415428162,0.6270192861557007,-0.21990570425987244,0,0
15,RIGHT_WRIST,0.6050857305526733,0.6136937141418457,-0.16030240058898926,0,0
15,LEFT_PINKY,0.6148623824119568,0.631813108921051,-0.24216094613075256,0,0
15,RIGHT_PINKY,0.6168420314788818,0.6161970496177673,-0.18118692934513092,0,0
15,LEFT_INDEX,0.6151092052459717,0.6241917610168457,-0.2535761296749115,0,0
15,RIGHT_INDEX,0.618910551071167,0.606489360332489,-0.18388280272483826,0,0
15,LEFT_THUMB,0.611395537853241,0.6237287521362305,-0.22668394446372986,0,0
15,RIGHT_THUMB,0.6137624979019165,0.6064419746398926,-0.1622423380613327,0,0
15,LEFT_HIP,0.5682283043861389,0.6997123956680298,-0.019098615273833275,0,0
15,RIGHT_HIP,0.5425043106079102,0.7001246809959412,0.01911350153386593,0,0
15,LEFT_KNEE,0.5727962255477905,0.8054314255714417,-0.07774554193019867,0,0
15,RIGHT_KNEE,0.5413350462913513,0.7949591279029846,0.057178329676389694,0,0
15,LEFT_ANKLE,0.5839078426361084,0.9174076318740845,-0.031239649280905724,0,0
15,RIGHT_ANKLE,0.5627520680427551,0.8677070736885071,0.23617121577262878,0,0
15,LEFT_HEEL,0.5869434475898743,0.9336602687835693,-0.034633807837963104,0,0
15,RIGHT_HEEL,0.5690668225288391,0.8773490190505981,0.25207915902137756,0,0
15,LEFT_FOOT_INDEX,0.5840113759040833,0.9509662985801697,-0.11816025525331497,0,0
15,RIGHT_FOOT_INDEX,0.5494978427886963,0.9002651572227478,0.21093563735485077,0,0
16,NOSE,0.5397889018058777,0.5384200215339661,-0.20252789556980133,0,0
16,LEFT_EYE_INNER,0.543570876121521,0.529220700263977,-0.20090535283088684,0,0
16,LEFT_EYE,0.545792281627655,0.5285176038742065,-0.20088651776313782,0,0
16,LEFT_EYE_OUTER,0.547964334487915,0.5278836488723755,-0.20091959834098816,0,0
16,RIGHT_EYE_INNER,0.5386974811553955,0.5306957364082336,-0.19512204825878143,0,0
16,RIGHT_EYE,0.5375001430511475,0.5309522747993469,-0.1951378434896469,0,0
16,RIGHT_EYE_OUTER,0.5364810824394226,0.5310837626457214,-0.19517745077610016,0,0
16,LEFT_EAR,0.5536535978317261,0.5286756753921509,-0.1525557041168213,0,0
16,RIGHT_EAR,0.5392482280731201,0.5301931500434875,-0.12331117689609528,0,0
16,MOUTH_LEFT,0.5453446507453918,0.5467276573181152,-0.18061359226703644,0,0
16,MOUTH_RIGHT,0.5391016006469727,0.5479446053504944,-0.17240606248378754,0,0
16,LEFT_SHOULDER,0.5717207789421082,0.5744978189468384,-0.09573043137788773,0,0
16,RIGHT_SHOULDER,0.5311923623085022,0.5703177452087402,-0.09253515303134918,0,0
16,LEFT_ELBOW,0.5849940776824951,0.6289442777633667,-0.15995079278945923,0,0
16,RIGHT_ELBOW,0.5653482675552368,0.6097837686538696,-0.10491397231817245,0,0
16,LEFT_WRIST,0.6015081405639648,0.6298056840896606,-0.2691570818424225,0,0
16,RIGHT_WRIST,0.6107215881347656,0.6128886938095093,-0.14593051373958588,0,0
16,LEFT_PINKY,0.5896114706993103,0.6280503273010254,-0.29105421900749207,0,0
16,RIGHT_PINKY,0.6226507425308228,0.610429584980011,-0.16321426630020142,0,0
16,LEFT_INDEX,0.5927008986473083,0.6161612868309021,-0.29156777262687683,0,0
16,RIGHT_INDEX,0.6238616108894348,0.6027587652206421,-0.16543714702129364,0,0
16,LEFT_THUMB,0.5932759046554565,0.6181380152702332,-0.2709358334541321,0,0
16,RIGHT_THUMB,0.6193320155143738,0.604726254940033,-0.1470932811498642,0,0
16,LEFT_HIP,0.5681392550468445,0.708300769329071,-0.01828400418162346,0,0
16,RIGHT_HIP,0.5403749942779541,0.7087996006011963,0.018260885030031204,0,0
16,LEFT_KNEE,0.5745065212249756,0.8157749176025391,-0.09174240380525589,0,0
16,RIGHT_KNEE,0.5353871583938599,0.8038387298583984,0.06905963271856308,0,0
16,LEFT_ANKLE,0.5840572714805603,0.9179636240005493,-0.041716888546943665,0,0
16,RIGHT_ANKLE,0.554122805595398,0.8574976325035095,0.2951700985431671,0,0
16,LEFT_HEEL,0.5862560272216797,0.9329557418823242,-0.0402962826192379,0,0
16,RIGHT_HEEL,0.5602655410766602,0.8620262742042542,0.3161700963973999,0,0
16,LEFT_FOOT_INDEX,0.5843932628631592,0.9535937309265137,-0.12505744397640228,0,0
16,RIGHT_FOOT_INDEX,0.5457033514976501,0.8965936303138733,0.2877475917339325,0,0
17,NOSE,0.5403984785079956,0.5468685626983643,-0.18220385909080505,0,0
17,LEFT_EYE_INNER,0.5445472598075867,0.5375145673751831,-0.17914049327373505,0,0
17,LEFT_EYE,0.5468297600746155,0.5371518135070801,-0.17912858724594116,0,0
17,LEFT_EYE_OUTER,0.5490902066230774,0.5366953611373901,-0.17914941906929016,0,0
17,RIGHT_EYE_INNER,0.5396702885627747,0.5377892255783081,-0.17380383610725403,0,0
17,RIGHT_EYE,0.5385719537734985,0.5376968383789062,-0.17383433878421783,0,0
17,RIGHT_EYE_OUTER,0.5376186370849609,0.5374820232391357,-0.17387278378009796,0,0
17,LEFT_EAR,0.5549142360687256,0.5368809103965759,-0.1382857710123062,0,0
17,RIGHT_EAR,0.5401833057403564,0.5360552668571472,-0.10087892413139343,0,0
17,MOUTH_LEFT,0.5455158352851868,0.5549243688583374,-0.16309526562690735,0,0
17,MOUTH_RIGHT,0.539483368396759,0.5551164150238037,-0.15864577889442444,0,0
17,LEFT_SHOULDER,0.5724443793296814,0.5785269141197205,-0.06728748232126236,0,0
17,RIGHT_SHOULDER,0.5315218567848206,0.5743239521980286,-0.07111462950706482,0,0
17,LEFT_ELBOW,0.5854822397232056,0.6301197409629822,-0.15404753386974335,0,0
17,RIGHT_ELBOW,0.5276627540588379,0.6255373954772949,-0.06910402327775955,0,0
17,LEFT_WRIST,0.6109351515769958,0.6241515874862671,-0.21610289812088013,0,0
17,RIGHT_WRIST,0.5369275212287903,0.6201255917549133,-0.1928790956735611,0,0
17,LEFT_PINKY,0.6200346350669861,0.6182200908660889,-0.23490235209465027,0,0
17,RIGHT_PINKY,0.5371789932250977,0.6211288571357727,-0.2162153720855713,0,0
17,LEFT_INDEX,0.6226052641868591,0.6124699711799622,-0.24617093801498413,0,0
17,RIGHT_INDEX,0.5288302302360535,0.6144147515296936,-0.22139853239059448,0,0
17,LEFT_THUMB,0.617128312587738,0.6149056553840637,-0.22256594896316528,0,0
17,RIGHT_THUMB,0.5305781364440918,0.6163033246994019,-0.1986098289489746,0,0
17,LEFT_HIP,0.5669419765472412,0.7159461379051208,-0.009227478876709938,0,0
17,RIGHT_HIP,0.5371724963188171,0.7129070162773132,0.00928143598139286,0,0
17,LEFT_KNEE,0.575519859790802,0.822186291217804,-0.0832996815443039,0,0
17,RIGHT_KNEE,0.5272290110588074,0.8065345883369446,0.06593645364046097,0,0
17,LEFT_ANKLE,0.5843815207481384,0.9181233048439026,-0.024107282981276512,0,0
17,RIGHT_ANKLE,0.5344610810279846,0.8423270583152771,0.2868492305278778,0,0
17,LEFT_HEEL,0.5859305262565613,0.9381895661354065,-0.02146899700164795,0,0
17,RIGHT_HEEL,0.534404993057251,0.8472491502761841,0.30825868248939514,0,0
17,LEFT_FOOT_INDEX,0.5873387455940247,0.9563235640525818,-0.10166311264038086,0,0
17,RIGHT_FOOT_INDEX,0.5263434052467346,0.8791490793228149,0.2778676748275757,0,0
18,NOSE,0.5405882000923157,0.5536642074584961,-0.18991753458976746,0,0
18,LEFT_EYE_INNER,0.5447796583175659,0.5442631244659424,-0.18551993370056152,0,0
18,LEFT_EYE,0.5471576452255249,0.5440660119056702,-0.18554960191249847,0,0
18,LEFT_EYE_OUTER,0.5494540929794312,0.5437203645706177,-0.18561723828315735,0,0
18,RIGHT_EYE_INNER,0.5399436354637146,0.5443122982978821,-0.179374560713768,0,0
18,RIGHT_EYE,0.5388874411582947,0.5441633462905884,-0.17937850952148438,0,0
18,RIGHT_EYE_OUTER,0.5378984808921814,0.5439044833183289,-0.179397851228714,0,0
18,LEFT_EAR,0.5553370714187622,0.5441738963127136,-0.12879857420921326,0,0
18,RIGHT_EAR,0.5401827692985535,0.5429622530937195,-0.09835677593946457,0,0
18,MOUTH_LEFT,0.5454398989677429,0.5623161792755127,-0.16566035151481628,0,0
18,MOUTH_RIGHT,0.5395789742469788,0.5618126392364502,-0.15811504423618317,0,0
18,LEFT_SHOULDER,0.5719979405403137,0.5864603519439697,-0.06965690106153488,0,0
18,RIGHT_SHOULDER,0.5313895344734192,0.5801669955253601,-0.049683161079883575,0,0
18,LEFT_ELBOW,0.5844727754592896,0.6375780701637268,-0.12368723750114441,0,0
18,RIGHT_ELBOW,0.5200701355934143,0.6352359056472778,-0.07866199314594269,0,0
18,LEFT_WRIST,0.6128232479095459,0.625132143497467,-0.2238917350769043,0,0
18,RIGHT_WRIST,0.5209216475486755,0.6296131610870361,-0.2230137139558792,0,0
18,LEFT_PINKY,0.6222221851348877,0.6188132762908936,-0.24394987523555756,0,0
18,RIGHT_PINKY,0.518546998500824,0.6324399709701538,-0.24727168679237366,0,0
18,LEFT_INDEX,0.6241506338119507,0.6120650172233582,-0.25486844778060913,0,0
18,RIGHT_INDEX,0.5200117826461792,0.6294019818305969,-0.2537612318992615,0,0
18,LEFT_THUMB,0.6188070774078369,0.6152377724647522,-0.23046179115772247,0,0
18,RIGHT_THUMB,0.5213105082511902,0.6300866603851318,-0.22960524260997772,0,0
18,LEFT_HIP,0.5638245344161987,0.719264805316925,-0.009118744172155857,0,0
18,RIGHT_HIP,0.5334743857383728,0.7163102030754089,0.009160962887108326,0,0
18,LEFT_KNEE,0.5750269293785095,0.8227145671844482,-0.08076611161231995,0,0
18,RIGHT_KNEE,0.518261730670929,0.804906964302063,0.06112619489431381,0,0
18,LEFT_ANKLE,0.5842062830924988,0.9184194207191467,-0.014308963902294636,0,0
18,RIGHT_ANKLE,0.5189787149429321,0.8374148607254028,0.28674131631851196,0,0
18,LEFT_HEEL,0.5846251845359802,0.9364620447158813,-0.01084353681653738,0,0
18,RIGHT_HEEL,0.5224573612213135,0.843791663646698,0.30858296155929565,0,0
18,LEFT_FOOT_INDEX,0.5882232785224915,0.9576838612556458,-0.09214711934328079,0,0
18,RIGHT_FOOT_INDEX,0.50410395860672,0.8803976774215698,0.2755025625228882,0,0
19,NOSE,0.5406123399734497,0.5543767809867859,-0.19649860262870789,0,0
19,LEFT_EYE_INNER,0.5448280572891235,0.5455272793769836,-0.19316527247428894,0,0
19,LEFT_EYE,0.5471870303153992,0.5454851984977722,-0.19320259988307953,0,0
19,LEFT_EYE_OUTER,0.5494703650474548,0.5454223155975342,-0.19328470528125763,0,0
19,RIGHT_EYE_INNER,0.5401432514190674,0.5455135703086853,-0.1865396946668625,0,0
19,RIGHT_EYE,0.539143443107605,0.5453646183013916,-0.18654213845729828,0,0
19,RIGHT_EYE_OUTER,0.5381689667701721,0.5451628565788269,-0.18655438721179962,0,0
19,LEFT_EAR,0.5554243326187134,0.5466797947883606,-0.1362508088350296,0,0
19,RIGHT_EAR,0.5404390692710876,0.544715166091919,-0.10582569241523743,0,0
19,MOUTH_LEFT,0.5453572869300842,0.5633173584938049,-0.17250700294971466,0,0
19,MOUTH_RIGHT,0.5396053194999695,0.5628905296325684,-0.16400538384914398,0,0
19,LEFT_SHOULDER,0.5716533660888672,0.5888897776603699,-0.07434221357107162,0,0
19,RIGHT_SHOULDER,0.5312110185623169,0.5833282470703125,-0.04811319336295128,0,0
19,LEFT_ELBOW,0.5850561857223511,0.6384612321853638,-0.13102330267429352,0,0
19,RIGHT_ELBOW,0.5187488794326782,0.6394073367118835,-0.08624155819416046,0,0
19,LEFT_WRIST,0.6135466694831848,0.6239726543426514,-0.23933963477611542,0,0
19,RIGHT_WRIST,0.5183684825897217,0.637543261051178,-0.22378191351890564,0,0
19,LEFT_PINKY,0.6237949728965759,0.6165341734886169,-0.26009348034858704,0,0
19,RIGHT_PINKY,0.5183171033859253,0.6405681371688843,-0.2463715374469757,0,0
19,LEFT_INDEX,0.6248499751091003,0.6098364591598511,-0.2687293589115143,0,0
19,RIGHT_INDEX,0.5203402042388916,0.6316205263137817,-0.2524071931838989,0,0
19,LEFT_THUMB,0.6200754642486572,0.6140927076339722,-0.2450748234987259,0,0
19,RIGHT_THUMB,0.5206820964813232,0.6387829184532166,-0.2298218458890915,0,0
19,LEFT_HIP,0.5635407567024231,0.7218843102455139,-0.011183035559952259,0,0
19,RIGHT_HIP,0.5322773456573486,0.7191842198371887,0.011245676316320896,0,0
19,LEFT_KNEE,0.5747105479240417,0.8246496915817261,-0.09471029788255692,0,0
19,RIGHT_KNEE,0.518046498298645,0.8051462173461914,0.09011075645685196,0,0
19,LEFT_ANKLE,0.5841420888900757,0.9222234487533569,-0.04552072286605835,0,0
19,RIGHT_ANKLE,0.5188997983932495,0.8390147686004639,0.31072095036506653,0,0
19,LEFT_HEEL,0.5832077860832214,0.935856282711029,-0.04366650804877281,0,0
19,RIGHT_HEEL,0.5230460166931152,0.8453232049942017,0.33155307173728943,0,0
19,LEFT_FOOT_INDEX,0.5882473587989807,0.9603924751281738,-0.12935397028923035,0,0
19,RIGHT_FOOT_INDEX,0.5033412575721741,0.8823586106300354,0.2960888743400574,0,0
20,NOSE,0.540706217288971,0.5594035387039185,-0.1900995522737503,0,0
20,LEFT_EYE_INNER,0.5449982285499573,0.5498870015144348,-0.18674589693546295,0,0
20,LEFT_EYE,0.5473957061767578,0.5499129891395569,-0.18674185872077942,0,0
20,LEFT_EYE_OUTER,0.5496923327445984,0.5499429106712341,-0.18676422536373138,0,0
20,RIGHT_EYE_INNER,0.5401593446731567,0.5498945713043213,-0.17895619571208954,0,0
20,RIGHT_EYE,0.5391112565994263,0.5497556328773499,-0.17897343635559082,0,0
20,RIGHT_EYE_OUTER,0.5380899310112,0.5495760440826416,-0.17900516092777252,0,0
20,LEFT_EAR,0.555551290512085,0.5512503981590271,-0.12979429960250854,0,0
20,RIGHT_EAR,0.5403773188591003,0.548911452293396,-0.10410594940185547,0,0
20,MOUTH_LEFT,0.5453633069992065,0.5686861276626587,-0.17091795802116394,0,0
20,MOUTH_RIGHT,0.5395834445953369,0.5682529807090759,-0.15989547967910767,0,0
20,LEFT_SHOULDER,0.5713799595832825,0.594534695148468,-0.07052290439605713,0,0
20,RIGHT_SHOULDER,0.5310271382331848,0.5850865244865417,-0.044117946177721024,0,0
20,LEFT_ELBOW,0.585825502872467,0.6411300897598267,-0.12356767803430557,0,0
20,RIGHT_ELBOW,0.5154398083686829,0.6374053955078125,-0.09280796349048615,0,0
20,LEFT_WRIST,0.6119896769523621,0.6263155937194824,-0.22961433231830597,0,0
20,RIGHT_WRIST,0.5190091133117676,0.6407378911972046,-0.2244350016117096,0,0
20,LEFT_PINKY,0.6203676462173462,0.6206211447715759,-0.25058600306510925,0,0
20,RIGHT_PINKY,0.5185956358909607,0.6438286304473877,-0.24726612865924835,0,0
20,LEFT_INDEX,0.6228334903717041,0.6144643425941467,-0.2588329613208771,0,0
20,RIGHT_INDEX,0.5201390385627747,0.6395450830459595,-0.2508377134799957,0,0
20,LEFT_THUMB,0.6173720955848694,0.6176629066467285,-0.23553067445755005,0,0
20,RIGHT_THUMB,0.5214301943778992,0.6412243247032166,-0.22943416237831116,0,0
20,LEFT_HIP,0.5599213242530823,0.7278208136558533,-0.011968477629125118,0,0
20,RIGHT_HIP,0.5271140336990356,0.7227636575698853,0.012060033157467842,0,0
20,LEFT_KNEE,0.5735095739364624,0.8228260278701782,-0.10758282989263535,0,0
20,RIGHT_KNEE,0.511725127696991,0.8032266497612,0.09774473309516907,0,0
20,LEFT_ANKLE,0.5831820964813232,0.9216489195823669,-0.06704216450452805,0,0
20,RIGHT_ANKLE,0.5048530697822571,0.8453800082206726,0.28068462014198303,0,0
20,LEFT_HEEL,0.5803883671760559,0.9357731342315674,-0.06680779904127121,0,0
20,RIGHT_HEEL,0.5015121102333069,0.8554244041442871,0.29681918025016785,0,0
20,LEFT_FOOT_INDEX,0.5882654190063477,0.9599522352218628,-0.15530376136302948,0,0
20,RIGHT_FOOT_INDEX,0.4833984971046448,0.8891083598136902,0.2500678300857544,0,0
21,NOSE,0.5403196215629578,0.5675915479660034,-0.18304196000099182,0,0
21,LEFT_EYE_INNER,0.5449829697608948,0.5574254393577576,-0.17799797654151917,0,0
21,LEFT_EYE,0.5472992658615112,0.5575665235519409,-0.17802689969539642,0,0
21,LEFT_EYE_OUTER,0.5495694875717163,0.5577352643013,-0.17808738350868225,0,0
21,RIGHT_EYE_INNER,0.5398032069206238,0.5571476817131042,-0.17359086871147156,0,0
21,RIGHT_EYE,0.5386539101600647,0.5569354891777039,-0.17358478903770447,0,0
21,RIGHT_EYE_OUTER,0.5375047922134399,0.5566954612731934,-0.17360086739063263,0,0
21,LEFT_EAR,0.5554227232933044,0.5596879124641418,-0.11931690573692322,0,0
21,RIGHT_EAR,0.5395355820655823,0.5561920404434204,-0.1024254858493805,0,0
21,MOUTH_LEFT,0.5446614027023315,0.5770081281661987,-0.1605626493692398,0,0
21,MOUTH_RIGHT,0.5388584733009338,0.5758959054946899,-0.15475872159004211,0,0
21,LEFT_SHOULDER,0.5702455043792725,0.6047118306159973,-0.06854628771543503,0,0
21,RIGHT_SHOULDER,0.5284994840621948,0.5912622213363647,-0.042720310389995575,0,0
21,LEFT_ELBOW,0.5853479504585266,0.6596249341964722,-0.1249949187040329,0,0
21,RIGHT_ELBOW,0.5138692259788513,0.6422463655471802,-0.09127351641654968,0,0
21,LEFT_WRIST,0.606293261051178,0.6340715289115906,-0.2331082671880722,0,0
21,RIGHT_WRIST,0.5250113606452942,0.6431911587715149,-0.2154638171195984,0,0
21,LEFT_PINKY,0.6138835549354553,0.6231290698051453,-0.25618982315063477,0,0
21,RIGHT_PINKY,0.5265892148017883,0.6465625166893005,-0.23901169002056122,0,0
21,LEFT_INDEX,0.6143639087677002,0.6214102506637573,-0.2622168958187103,0,0
21,RIGHT_INDEX,0.5291866660118103,0.6415901184082031,-0.24282245337963104,0,0
21,LEFT_THUMB,0.6101382970809937,0.6253635287284851,-0.23846344649791718,0,0
21,RIGHT_THUMB,0.5292742252349854,0.6423271298408508,-0.2204078584909439,0,0
21,LEFT_HIP,0.5556175112724304,0.7351918816566467,-0.011738809756934643,0,0
21,RIGHT_HIP,0.5230251550674438,0.7288987040519714,0.01179326232522726,0,0
21,LEFT_KNEE,0.5713430643081665,0.8270271420478821,-0.0547395721077919,0,0
21,RIGHT_KNEE,0.5011258721351624,0.8060129284858704,0.06268635392189026,0,0
21,LEFT_ANKLE,0.5836612582206726,0.9225638508796692,0.0206937026232481,0,0
21,RIGHT_ANKLE,0.4811171889305115,0.8681668043136597,0.1938547044992447,0,0
21,LEFT_HEEL,0.5809983611106873,0.9353834986686707,0.02403426356613636,0,0
21,RIGHT_HEEL,0.48049038648605347,0.8821410536766052,0.20421144366264343,0,0
21,LEFT_FOOT_INDEX,0.5881699323654175,0.9596807360649109,-0.05528299883008003,0,0
21,RIGHT_FOOT_INDEX,0.46175047755241394,0.9044162631034851,0.1470227986574173,0,0
22,NOSE,0.5368440747261047,0.5726162195205688,-0.18627618253231049,0,0
22,LEFT_EYE_INNER,0.5414630770683289,0.562713623046875,-0.1814640313386917,0,0
22,LEFT_EYE,0.5439985394477844,0.5626575350761414,-0.18147708475589752,0,0
22,LEFT_EYE_OUTER,0.5466490387916565,0.5627051591873169,-0.18153166770935059,0,0
22,RIGHT_EYE_INNER,0.5362347364425659,0.5623586177825928,-0.17678359150886536,0,0
22,RIGHT_EYE,0.534867525100708,0.5619131922721863,-0.17678065598011017,0,0
22,RIGHT_EYE_OUTER,0.5334442853927612,0.5613802671432495,-0.17678798735141754,0,0
22,LEFT_EAR,0.5531362295150757,0.5649573802947998,-0.12185568362474442,0,0
22,RIGHT_EAR,0.5351325869560242,0.5609877705574036,-0.10068792849779129,0,0
22,MOUTH_LEFT,0.5405559539794922,0.5824013948440552,-0.16195730865001678,0,0
22,MOUTH_RIGHT,0.5350227355957031,0.5809319615364075,-0.15567617118358612,0,0
22,LEFT_SHOULDER,0.5666643381118774,0.6099676489830017,-0.06884400546550751,0,0
22,RIGHT_SHOULDER,0.5239565968513489,0.597003698348999,-0.04354974254965782,0,0
22,LEFT_ELBOW,0.5811703205108643,0.6660720705986023,-0.1272534430027008,0,0
22,RIGHT_ELBOW,0.5118425488471985,0.6565841436386108,-0.08663787692785263,0,0
22,LEFT_WRIST,0.5704615712165833,0.6630281805992126,-0.23407848179340363,0,0
22,RIGHT_WRIST,0.5252100825309753,0.6780645251274109,-0.1988232433795929,0,0
22,LEFT_PINKY,0.5676590204238892,0.6605557203292847,-0.25899752974510193,0,0
22,RIGHT_PINKY,0.5270187854766846,0.6898924112319946,-0.22904103994369507,0,0
22,LEFT_INDEX,0.5668042302131653,0.6515344977378845,-0.2613011598587036,0,0
22,RIGHT_INDEX,0.5298551321029663,0.6839070320129395,-0.22448880970478058,0,0
22,LEFT_THUMB,0.5664113759994507,0.653095543384552,-0.23699413239955902,0,0
22,RIGHT_THUMB,0.5297389626502991,0.6807155609130859,-0.20582422614097595,0,0
22,LEFT_HIP,0.5494861602783203,0.7391014695167542,-0.010335124097764492,0,0
22,RIGHT_HIP,0.5169288516044617,0.7327668070793152,0.010303346440196037,0,0
22,LEFT_KNEE,0.5675080418586731,0.8293303847312927,-0.04877571761608124,0,0
22,RIGHT_KNEE,0.4887254536151886,0.8164308071136475,0.01225036010146141,0,0
22,LEFT_ANKLE,0.5833481550216675,0.9221802949905396,0.04649153724312782,0,0
22,RIGHT_ANKLE,0.4609077572822571,0.888884961605072,0.1106332466006279,0,0
22,LEFT_HEEL,0.5808655023574829,0.9352858066558838,0.05209764465689659,0,0
22,RIGHT_HEEL,0.4613572955131531,0.9010120034217834,0.11713145673274994,0,0
22,LEFT_FOOT_INDEX,0.5873383283615112,0.9587684869766235,-0.026280151680111885,0,0
22,RIGHT_FOOT_INDEX,0.4439597725868225,0.923400342464447,0.05172843486070633,0,0
23,NOSE,0.5292395949363708,0.5756051540374756,-0.22017070651054382,0,0
23,LEFT_EYE_INNER,0.5333525538444519,0.5663588643074036,-0.21620328724384308,0,0
23,LEFT_EYE,0.5350802540779114,0.5664835572242737,-0.21621517837047577,0,0
23,LEFT_EYE_OUTER,0.5369269251823425,0.5665532946586609,-0.21627527475357056,0,0
23,RIGHT_EYE_INNER,0.529742956161499,0.565342128276825,-0.2120615839958191,0,0
23,RIGHT_EYE,0.5288459658622742,0.5647416114807129,-0.21208034455776215,0,0
23,RIGHT_EYE_OUTER,0.5279330611228943,0.5640814304351807,-0.21211066842079163,0,0
23,LEFT_EAR,0.5437657833099365,0.568343997001648,-0.1536027491092682,0,0
23,RIGHT_EAR,0.5321422219276428,0.5634998679161072,-0.1331355720758438,0,0
23,MOUTH_LEFT,0.5328401923179626,0.5856714844703674,-0.19354669749736786,0,0
23,MOUTH_RIGHT,0.528466522693634,0.584088921546936,-0.18794380128383636,0,0
23,LEFT_SHOULDER,0.5592445731163025,0.6102713346481323,-0.10048902779817581,0,0
23,RIGHT_SHOULDER,0.5166260600090027,0.6008988618850708,-0.07872132211923599,0,0
23,LEFT_ELBOW,0.5690821409225464,0.6683679819107056,-0.16532616317272186,0,0
23,RIGHT_ELBOW,0.5156574845314026,0.6565942168235779,-0.11607544869184494,0,0
23,LEFT_WRIST,0.551656186580658,0.6694926023483276,-0.2755478024482727,0,0
23,RIGHT_WRIST,0.5357963442802429,0.6750673651695251,-0.20876023173332214,0,0
23,LEFT_PINKY,0.5484417080879211,0.6715060472488403,-0.3034994304180145,0,0
23,RIGHT_PINKY,0.5427628755569458,0.6850364208221436,-0.23289796710014343,0,0
23,LEFT_INDEX,0.5474984049797058,0.6629218459129333,-0.306237131357193,0,0
23,RIGHT_INDEX,0.5431915521621704,0.6790362596511841,-0.2371414452791214,0,0
23,LEFT_THUMB,0.5481691956520081,0.662639319896698,-0.2789393961429596,0,0
23,RIGHT_THUMB,0.5401636958122253,0.676207423210144,-0.2129417508840561,0,0
23,LEFT_HIP,0.5432104468345642,0.7410127520561218,-0.0062903971411287785,0,0
23,RIGHT_HIP,0.5114328265190125,0.7340917587280273,0.0062484038062393665,0,0
23,LEFT_KNEE,0.5632547736167908,0.8326370120048523,-0.05930843576788902,0,0
23,RIGHT_KNEE,0.47878730297088623,0.8213108777999878,-0.02795332297682762,0,0
23,LEFT_ANKLE,0.5831244587898254,0.9288233518600464,0.028109289705753326,0,0
23,RIGHT_ANKLE,0.4464579224586487,0.9089749455451965,0.04760241508483887,0,0
23,LEFT_HEEL,0.5808926224708557,0.9419106841087341,0.03304966539144516,0,0
23,RIGHT_HEEL,0.446103572845459,0.9239885807037354,0.05142796412110329,0,0
23,LEFT_FOOT_INDEX,0.5872875452041626,0.9586982727050781,-0.052583590149879456,0,0
23,RIGHT_FOOT_INDEX,0.43453505635261536,0.9502597451210022,-0.030052650719881058,0,0
24,NOSE,0.5285816192626953,0.5752033591270447,-0.22454902529716492,0,0
24,LEFT_EYE_INNER,0.5327568054199219,0.5665788054466248,-0.2204005867242813,0,0
24,LEFT_EYE,0.5347421765327454,0.5665814280509949,-0.22041326761245728,0,0
24,LEFT_EYE_OUTER,0.536883533000946,0.5666085481643677,-0.2204715609550476,0,0
24,RIGHT_EYE_INNER,0.5288666486740112,0.5660645961761475,-0.2159222960472107,0,0
24,RIGHT_EYE,0.5279580354690552,0.5656915903091431,-0.215940922498703,0,0
24,RIGHT_EYE_OUTER,0.5270689129829407,0.5652348399162292,-0.21596583724021912,0,0
24,LEFT_EAR,0.5433388948440552,0.5691178441047668,-0.15779083967208862,0,0
24,RIGHT_EAR,0.530585527420044,0.5654062628746033,-0.13541842997074127,0,0
24,MOUTH_LEFT,0.5323947668075562,0.5850691199302673,-0.19780415296554565,0,0
24,MOUTH_RIGHT,0.5278505682945251,0.5837513208389282,-0.1917317658662796,0,0
24,LEFT_SHOULDER,0.5573408603668213,0.6107946634292603,-0.1052544042468071,0,0
24,RIGHT_SHOULDER,0.5157591104507446,0.6003024578094482,-0.07674108445644379,0,0
24,LEFT_ELBOW,0.5646844506263733,0.6695524454116821,-0.15360607206821442,0,0
24,RIGHT_ELBOW,0.5136324167251587,0.6539139747619629,-0.09899849444627762,0,0
24,LEFT_WRIST,0.5474411845207214,0.6766787171363831,-0.2448752224445343,0,0
24,RIGHT_WRIST,0.5363427996635437,0.6765820980072021,-0.1886388659477234,0,0
24,LEFT_PINKY,0.5442500710487366,0.6815582513809204,-0.2692459225654602,0,0
24,RIGHT_PINKY,0.5438509583473206,0.6881446838378906,-0.20998412370681763,0,0
24,LEFT_INDEX,0.5426492094993591,0.6732485294342041,-0.2734781503677368,0,0
24,RIGHT_INDEX,0.544279932975769,0.682368278503418,-0.21637699007987976,0,0
24,LEFT_THUMB,0.5436211824417114,0.6718245148658752,-0.2483890801668167,0,0
24,RIGHT_THUMB,0.5408698916435242,0.6789635419845581,-0.1912863850593567,0,0
24,LEFT_HIP,0.541736900806427,0.7436082363128662,-0.0072067901492118835,0,0
24,RIGHT_HIP,0.5101003050804138,0.7356997132301331,0.00716011505573988,0,0
24,LEFT_KNEE,0.5620623826980591,0.8356032967567444,-0.04841914400458336,0,0
24,RIGHT_KNEE,0.4772632420063019,0.8254783749580383,-0.01788131333887577,0,0
24,LEFT_ANKLE,0.5831159353256226,0.927983820438385,0.043886054307222366,0,0
24,RIGHT_ANKLE,0.44709163904190063,0.9103246331214905,0.06083470210433006,0,0
24,LEFT_HEEL,0.5810052752494812,0.9410752058029175,0.04910553619265556,0,0
24,RIGHT_HEEL,0.4463639259338379,0.9231734275817871,0.06515762209892273,0,0
24,LEFT_FOOT_INDEX,0.5872498750686646,0.9585772752761841,-0.034931931644678116,0,0
24,RIGHT_FOOT_INDEX,0.4338058829307556,0.9494943022727966,-0.015057465992867947,0,0
25,NOSE,0.5225444436073303,0.5754263997077942,-0.1951930671930313,0,0
25,LEFT_EYE_INNER,0.5267923474311829,0.5672272443771362,-0.18798001110553741,0,0
25,LEFT_EYE,0.5285414457321167,0.5672118067741394,-0.18796642124652863,0,0
25,LEFT_EYE_OUTER,0.5303724408149719,0.5671089291572571,-0.18797434866428375,0,0
25,RIGHT_EYE_INNER,0.5230658650398254,0.566705048084259,-0.1839151382446289,0,0
25,RIGHT_EYE,0.522204577922821,0.5663400292396545,-0.18394698202610016,0,0
25,RIGHT_EYE_OUTER,0.5213581919670105,0.5658777952194214,-0.184005469083786,0,0
25,LEFT_EAR,0.5368452072143555,0.5692410469055176,-0.12842799723148346,0,0
25,RIGHT_EAR,0.5253897905349731,0.5661293268203735,-0.10559020936489105,0,0
25,MOUTH_LEFT,0.5262872576713562,0.5854715704917908,-0.17036837339401245,0,0
25,MOUTH_RIGHT,0.5221086740493774,0.5845087766647339,-0.1645880490541458,0,0
25,LEFT_SHOULDER,0.5531501173973083,0.6123408079147339,-0.10255401581525803,0,0
25,RIGHT_SHOULDER,0.509823739528656,0.602220892906189,-0.06360999494791031,0,0
25,LEFT_ELBOW,0.5577898621559143,0.6676345467567444,-0.169964998960495,0,0
25,RIGHT_ELBOW,0.5150939226150513,0.6570529341697693,-0.09593303501605988,0,0
25,LEFT_WRIST,0.52011638879776,0.639399528503418,-0.25393861532211304,0,0
25,RIGHT_WRIST,0.5444460511207581,0.6895650029182434,-0.16483332216739655,0,0
25,LEFT_PINKY,0.5104832053184509,0.6354634165763855,-0.2785916328430176,0,0
25,RIGHT_PINKY,0.5512655973434448,0.7035638093948364,-0.1861049383878708,0,0
25,LEFT_INDEX,0.5110199451446533,0.628372848033905,-0.27312174439430237,0,0
25,RIGHT_INDEX,0.5531676411628723,0.6999980807304382,-0.18714922666549683,0,0
25,LEFT_THUMB,0.5143543481826782,0.6311233043670654,-0.2532842755317688,0,0
25,RIGHT_THUMB,0.5492451786994934,0.6931583881378174,-0.1665746420621872,0,0
25,LEFT_HIP,0.5339952707290649,0.7500279545783997,-0.007626311853528023,0,0
25,RIGHT_HIP,0.5025160312652588,0.741310715675354,0.007563506718724966,0,0
25,LEFT_KNEE,0.5573704838752747,0.8391782641410828,-0.04594302922487259,0,0
25,RIGHT_KNEE,0.4658152461051941,0.8338006138801575,-0.05205244570970535,0,0
25,LEFT_ANKLE,0.5827321410179138,0.9278399348258972,0.039912182837724686,0,0
25,RIGHT_ANKLE,0.4402885138988495,0.9346789717674255,-0.0017915976932272315,0,0
25,LEFT_HEEL,0.5858312845230103,0.9400159120559692,0.04472737014293671,0,0
25,RIGHT_HEEL,0.44054660201072693,0.9534013271331787,-0.0006965238717384636,0,0
25,LEFT_FOOT_INDEX,0.5868053436279297,0.9586224555969238,-0.0389532670378685,0,0
25,RIGHT_FOOT_INDEX,0.42911624908447266,0.9758701920509338,-0.0881364569067955,0,0
26,NOSE,0.5163949131965637,0.5772417783737183,-0.16790637373924255,0,0
26,LEFT_EYE_INNER,0.520503580570221,0.5688906908035278,-0.16098064184188843,0,0
26,LEFT_EYE,0.5223576426506042,0.5689807534217834,-0.16098596155643463,0,0
26,LEFT_EYE_OUTER,0.5241424441337585,0.5690248608589172,-0.16102463006973267,0,0
26,RIGHT_EYE_INNER,0.5163043141365051,0.5681777596473694,-0.15815432369709015,0,0
26,RIGHT_EYE,0.5151897072792053,0.5677880644798279,-0.1581665724515915,0,0
26,RIGHT_EYE_OUTER,0.5140729546546936,0.5672600865364075,-0.1582152396440506,0,0
26,LEFT_EAR,0.5296400189399719,0.5711705684661865,-0.09556778520345688,0,0
26,RIGHT_EAR,0.5178930759429932,0.5670517683029175,-0.0794336125254631,0,0
26,MOUTH_LEFT,0.5202005505561829,0.5870158076286316,-0.14029452204704285,0,0
26,MOUTH_RIGHT,0.5153196454048157,0.5859690308570862,-0.1362914890050888,0,0
26,LEFT_SHOULDER,0.5446717739105225,0.6124915480613708,-0.05532682314515114,0,0
26,RIGHT_SHOULDER,0.49865439534187317,0.6025255918502808,-0.034626614302396774,0,0
26,LEFT_ELBOW,0.5471718907356262,0.6742653250694275,-0.15376831591129303,0,0
26,RIGHT_ELBOW,0.4989207088947296,0.6653680205345154,-0.07200566679239273,0,0
26,LEFT_WRIST,0.5214722752571106,0.6279775500297546,-0.24293044209480286,0,0
26,RIGHT_WRIST,0.5369603633880615,0.6802706122398376,-0.14471812546253204,0,0
26,LEFT_PINKY,0.5165706872940063,0.6098157167434692,-0.2661464512348175,0,0
26,RIGHT_PINKY,0.5475851893424988,0.6901551485061646,-0.16425462067127228,0,0
26,LEFT_INDEX,0.5174158811569214,0.6023357510566711,-0.25650882720947266,0,0
26,RIGHT_INDEX,0.5482046604156494,0.6849498748779297,-0.16338752210140228,0,0
26,LEFT_THUMB,0.5179334878921509,0.6162100434303284,-0.24839727580547333,0,0
26,RIGHT_THUMB,0.5434458255767822,0.6813042759895325,-0.14563465118408203,0,0
26,LEFT_HIP,0.5255345106124878,0.7521617412567139,-0.008468184620141983,0,0
26,RIGHT_HIP,0.493434876203537,0.74689781665802,0.008425516076385975,0,0
26,LEFT_KNEE,0.5479756593704224,0.8392910957336426,-0.05350702255964279,0,0
26,RIGHT_KNEE,0.4595426619052887,0.8417955040931702,-0.07320661097764969,0,0
26,LEFT_ANKLE,0.5800933241844177,0.9248883724212646,0.03549881651997566,0,0
26,RIGHT_ANKLE,0.4400158226490021,0.951828122138977,-0.01664320006966591,0,0
26,LEFT_HEEL,0.5845692157745361,0.9390119314193726,0.04132877290248871,0,0
26,RIGHT_HEEL,0.44340988993644714,0.9668156504631042,-0.014567810110747814,0,0
26,LEFT_FOOT_INDEX,0.5838708281517029,0.9576380848884583,-0.041032254695892334,0,0
26,RIGHT_FOOT_INDEX,0.4313846826553345,0.9861947298049927,-0.10237482190132141,0,0
27,NOSE,0.5092211365699768,0.5774263739585876,-0.12002138793468475,0,0
27,LEFT_EYE_INNER,0.5128615498542786,0.5696666240692139,-0.11629099398851395,0,0
27,LEFT_EYE,0.5142841935157776,0.5698577761650085,-0.11633547395467758,0,0
27,LEFT_EYE_OUTER,0.5156342387199402,0.5700238347053528,-0.11640774458646774,0,0
27,RIGHT_EYE_INNER,0.5097312331199646,0.5688226819038391,-0.11136621981859207,0,0
27,RIGHT_EYE,0.5090019702911377,0.5683890581130981,-0.11138410121202469,0,0
27,RIGHT_EYE_OUTER,0.5082494616508484,0.567837655544281,-0.1114344447851181,0,0
27,LEFT_EAR,0.5205590128898621,0.5721795558929443,-0.06344765424728394,0,0
27,RIGHT_EAR,0.5135446190834045,0.567481279373169,-0.040907301008701324,0,0
27,MOUTH_LEFT,0.5125745534896851,0.5870647430419922,-0.09749118238687515,0,0
27,MOUTH_RIGHT,0.5087095499038696,0.5860298275947571,-0.09136199206113815,0,0
27,LEFT_SHOULDER,0.5254963636398315,0.615692138671875,-0.024004001170396805,0,0
27,RIGHT_SHOULDER,0.49370238184928894,0.6035659313201904,0.023421602323651314,0,0
27,LEFT_ELBOW,0.523980438709259,0.6783546805381775,-0.0051691774278879166,0,0
27,RIGHT_ELBOW,0.4958462715148926,0.6675466895103455,0.026931943371891975,0,0
27,LEFT_WRIST,0.5227952599525452,0.6670383810997009,-0.011084134690463543,0,0
27,RIGHT_WRIST,0.5021007657051086,0.6755663156509399,-0.02593100816011429,0,0
27,LEFT_PINKY,0.5229958295822144,0.666251003742218,-0.016548482701182365,0,0
27,RIGHT_PINKY,0.5025932788848877,0.6836372017860413,-0.03398808091878891,0,0
27,LEFT_INDEX,0.5247549414634705,0.6606264114379883,-0.024396026507019997,0,0
27,RIGHT_INDEX,0.5043653845787048,0.6784823536872864,-0.041444081813097,0,0
27,LEFT_THUMB,0.5244211554527283,0.6625608801841736,-0.013669091276824474,0,0
27,RIGHT_THUMB,0.504348874092102,0.6756170988082886,-0.029971564188599586,0,0
27,LEFT_HIP,0.5133823156356812,0.7542082667350769,-0.010536948218941689,0,0
27,RIGHT_HIP,0.4899868965148926,0.7544123530387878,0.01050098892301321,0,0
27,LEFT_KNEE,0.5432946085929871,0.8513890504837036,-0.05506736412644386,0,0
27,RIGHT_KNEE,0.4525447189807892,0.8580472469329834,-0.03184223175048828,0,0
27,LEFT_ANKLE,0.5802523493766785,0.9270921945571899,0.02219475619494915,0,0
27,RIGHT_ANKLE,0.4389146864414215,0.9583922028541565,0.029580600559711456,0,0
27,LEFT_HEEL,0.589286208152771,0.9360846281051636,0.026807505637407303,0,0
27,RIGHT_HEEL,0.4422283172607422,0.9709684252738953,0.03222133591771126,0,0
27,LEFT_FOOT_INDEX,0.5850631594657898,0.9575863480567932,-0.03835617005825043,0,0
27,RIGHT_FOOT_INDEX,0.4295717477798462,0.987686812877655,-0.03997577354311943,0,0
28,NOSE,0.49866873025894165,0.5781700015068054,-0.15210799872875214,0,0
28,LEFT_EYE_INNER,0.5032991766929626,0.5703555345535278,-0.1479809433221817,0,0
28,LEFT_EYE,0.5049911737442017,0.5707411170005798,-0.14800752699375153,0,0
28,LEFT_EYE_OUTER,0.5066562294960022,0.5710914731025696,-0.14807075262069702,0,0
28,RIGHT_EYE_INNER,0.49971944093704224,0.5690144300460815,-0.14275281131267548,0,0
28,RIGHT_EYE,0.49890297651290894,0.5684705972671509,-0.14276693761348724,0,0
28,RIGHT_EYE_OUTER,0.4981241822242737,0.5678592920303345,-0.14280791580677032,0,0
28,LEFT_EAR,0.5130406022071838,0.5741311311721802,-0.06632058322429657,0,0
28,RIGHT_EAR,0.503259539604187,0.5686658620834351,-0.0680583044886589,0,0
28,MOUTH_LEFT,0.5019690990447998,0.5890527367591858,-0.1280510276556015,0,0
28,MOUTH_RIGHT,0.49755075573921204,0.5873335599899292,-0.12198163568973541,0,0
28,LEFT_SHOULDER,0.5225368142127991,0.6177589893341064,-0.09264252334833145,0,0
28,RIGHT_SHOULDER,0.48824068903923035,0.6100999712944031,0.0020074571948498487,0,0
28,LEFT_ELBOW,0.4966505169868469,0.6802141666412354,-0.07971310615539551,0,0
28,RIGHT_ELBOW,0.4650707542896271,0.6628490090370178,-0.002876496175304055,0,0
28,LEFT_WRIST,0.46165376901626587,0.6741833090782166,-0.1370551437139511,0,0
28,RIGHT_WRIST,0.447619765996933,0.6754159927368164,-0.0979258120059967,0,0
28,LEFT_PINKY,0.4521314203739166,0.6771916747093201,-0.15504081547260284,0,0
28,RIGHT_PINKY,0.44009044766426086,0.6823344826698303,-0.11716156452894211,0,0
28,LEFT_INDEX,0.45442044734954834,0.6690313220024109,-0.15917499363422394,0,0
28,RIGHT_INDEX,0.4430204927921295,0.6807406544685364,-0.12854470312595367,0,0
28,LEFT_THUMB,0.458488792181015,0.6692287921905518,-0.1389140784740448,0,0
28,RIGHT_THUMB,0.4446575939655304,0.6803672313690186,-0.10594529658555984,0,0
28,LEFT_HIP,0.5109249949455261,0.7638423442840576,-0.020243985578417778,0,0
28,RIGHT_HIP,0.4835061728954315,0.7595068216323853,0.02014082856476307,0,0
28,LEFT_KNEE,0.5380502939224243,0.8639516234397888,-0.05943937227129936,0,0
28,RIGHT_KNEE,0.44924989342689514,0.8548526763916016,-0.023754218593239784,0,0
28,LEFT_ANKLE,0.5802978873252869,0.9282116293907166,0.027749570086598396,0,0
28,RIGHT_ANKLE,0.439033180475235,0.9534359574317932,0.059987109154462814,0,0
28,LEFT_HEEL,0.588534951210022,0.9361196160316467,0.03418146073818207,0,0
28,RIGHT_HEEL,0.44428056478500366,0.9699141979217529,0.06512963026762009,0,0
28,LEFT_FOOT_INDEX,0.5832921862602234,0.9586749076843262,-0.035758450627326965,0,0
28,RIGHT_FOOT_INDEX,0.42268162965774536,0.9791639447212219,-0.0038080031517893076,0,0
29,NOSE,0.4980601668357849,0.5805163979530334,-0.18018844723701477,0,0
29,LEFT_EYE_INNER,0.502800464630127,0.5715710520744324,-0.1768941432237625,0,0
29,LEFT_EYE,0.504841685295105,0.5720102787017822,-0.17690958082675934,0,0
29,LEFT_EYE_OUTER,0.5069682002067566,0.5724919438362122,-0.17692743241786957,0,0
29,RIGHT_EYE_INNER,0.49885863065719604,0.5702083110809326,-0.17084172368049622,0,0
29,RIGHT_EYE,0.497972697019577,0.5696316957473755,-0.1708705872297287,0,0
29,RIGHT_EYE_OUTER,0.49712494015693665,0.5689969658851624,-0.170928493142128,0,0
29,LEFT_EAR,0.5136452913284302,0.5763272643089294,-0.12303389608860016,0,0
29,RIGHT_EAR,0.5006657242774963,0.5700042843818665,-0.09699242562055588,0,0
29,MOUTH_LEFT,0.5014190077781677,0.5912454128265381,-0.1584015190601349,0,0
29,MOUTH_RIGHT,0.4968944489955902,0.5892459154129028,-0.15016873180866241,0,0
29,LEFT_SHOULDER,0.5213099122047424,0.6190098524093628,-0.11079574376344681,0,0
29,RIGHT_SHOULDER,0.4855269491672516,0.6116143465042114,-0.008536910638213158,0,0
29,LEFT_ELBOW,0.4903736710548401,0.6769631505012512,-0.12140695750713348,0,0
29,RIGHT_ELBOW,0.46432259678840637,0.6617058515548706,-0.006644409615546465,0,0
29,LEFT_WRIST,0.45315855741500854,0.6831232905387878,-0.1631973832845688,0,0
29,RIGHT_WRIST,0.43844687938690186,0.6890730261802673,-0.06904881447553635,0,0
29,LEFT_PINKY,0.4434596598148346,0.6903402805328369,-0.18230676651000977,0,0
29,RIGHT_PINKY,0.4259554147720337,0.6933631300926208,-0.08630704134702682,0,0
29,LEFT_INDEX,0.4453306794166565,0.6829087734222412,-0.18513962626457214,0,0
29,RIGHT_INDEX,0.42623651027679443,0.6946888566017151,-0.105653777718544,0,0
29,LEFT_THUMB,0.44929131865501404,0.681732714176178,-0.16554416716098785,0,0
29,RIGHT_THUMB,0.43065255880355835,0.6941079497337341,-0.07964217662811279,0,0
29,LEFT_HIP,0.5112149119377136,0.7644647359848022,-0.018978262320160866,0,0
29,RIGHT_HIP,0.4830513000488281,0.7591743469238281,0.018882490694522858,0,0
29,LEFT_KNEE,0.537716805934906,0.8638990521430969,-0.05656248703598976,0,0
29,RIGHT_KNEE,0.44897520542144775,0.8548595905303955,-0.062376733869314194,0,0
29,LEFT_ANKLE,0.5801241397857666,0.928212583065033,0.04485391825437546,0,0
29,RIGHT_ANKLE,0.4385129511356354,0.9552369117736816,0.02188284322619438,0,0
29,LEFT_HEEL,0.5880225896835327,0.9360789060592651,0.05228102579712868,0,0
29,RIGHT_HEEL,0.44352641701698303,0.9701865911483765,0.027138862758874893,0,0
29,LEFT_FOOT_INDEX,0.5827586054801941,0.9588986039161682,-0.020089149475097656,0,0
29,RIGHT_FOOT_INDEX,0.423507958650589,0.9833924174308777,-0.046273939311504364,0,0
30,NOSE,0.4877101480960846,0.5786929130554199,-0.14632417261600494,0,0
30,LEFT_EYE_INNER,0.4924395680427551,0.5698907375335693,-0.15302111208438873,0,0
30,LEFT_EYE,0.4941340684890747,0.570175051689148,-0.1530262678861618,0,0
30,LEFT_EYE_OUTER,0.4959048926830292,0.5704768896102905,-0.15302233397960663,0,0
30,RIGHT_EYE_INNER,0.489975243806839,0.5687670707702637,-0.13863390684127808,0,0
30,RIGHT_EYE,0.4898465573787689,0.5682374238967896,-0.13866859674453735,0,0
30,RIGHT_EYE_OUTER,0.4897838532924652,0.5676828622817993,-0.13873156905174255,0,0
30,LEFT_EAR,0.5035478472709656,0.5743552446365356,-0.14152434468269348,0,0
30,RIGHT_EAR,0.49596938490867615,0.5696209073066711,-0.08187248557806015,0,0
30,MOUTH_LEFT,0.4919690489768982,0.5894339084625244,-0.14215973019599915,0,0
30,MOUTH_RIGHT,0.4886685907840729,0.5877364873886108,-0.12269613146781921,0,0
30,LEFT_SHOULDER,0.5159212350845337,0.6252290606498718,-0.1519291251897812,0,0
30,RIGHT_SHOULDER,0.4822216331958771,0.6144300699234009,-0.017061667516827583,0,0
30,LEFT_ELBOW,0.47052261233329773,0.6758424043655396,-0.19501222670078278,0,0
30,RIGHT_ELBOW,0.45465001463890076,0.6598252058029175,-0.003022161079570651,0,0
30,LEFT_WRIST,0.42834675312042236,0.6741186380386353,-0.22220897674560547,0,0
30,RIGHT_WRIST,0.41432735323905945,0.6732411980628967,-0.05787232890725136,0,0
30,LEFT_PINKY,0.41966304183006287,0.6783267259597778,-0.2459961324930191,0,0
30,RIGHT_PINKY,0.3999738395214081,0.6678578853607178,-0.07294298708438873,0,0
30,LEFT_INDEX,0.42273104190826416,0.675932765007019,-0.24592354893684387,0,0
30,RIGHT_INDEX,0.39952605962753296,0.6676515340805054,-0.09266199171543121,0,0
30,LEFT_THUMB,0.426871120929718,0.6766433715820312,-0.22327639162540436,0,0
30,RIGHT_THUMB,0.40546897053718567,0.6733116507530212,-0.06958066672086716,0,0
30,LEFT_HIP,0.5086991786956787,0.7660011053085327,-0.024675223976373672,0,0
30,RIGHT_HIP,0.47967785596847534,0.7603562474250793,0.024510424584150314,0,0
30,LEFT_KNEE,0.5343145728111267,0.8683919310569763,-0.0590776689350605,0,0
30,RIGHT_KNEE,0.44564324617385864,0.8598636984825134,-0.03499068319797516,0,0
30,LEFT_ANKLE,0.5801839828491211,0.9281280040740967,0.045034535229206085,0,0
30,RIGHT_ANKLE,0.43865907192230225,0.9533427953720093,0.058542512357234955,0,0
30,LEFT_HEEL,0.5877800583839417,0.9335433840751648,0.053364381194114685,0,0
30,RIGHT_HEEL,0.44438785314559937,0.9664825201034546,0.06379061192274094,0,0
30,LEFT_FOOT_INDEX,0.5827921628952026,0.9617035984992981,-0.015140730887651443,0,0
30,RIGHT_FOOT_INDEX,0.42480963468551636,0.9879103899002075,-0.019609637558460236,0,0
31,NOSE,0.48713499307632446,0.577702522277832,-0.15552596747875214,0,0
31,LEFT_EYE_INNER,0.4916731119155884,0.5689564943313599,-0.1710025817155838,0,0
31,LEFT_EYE,0.4932399392127991,0.569170355796814,-0.171006977558136,0,0
31,LEFT_EYE_OUTER,0.4948965013027191,0.5694103837013245,-0.17099246382713318,0,0
31,RIGHT_EYE_INNER,0.48920708894729614,0.5679672956466675,-0.14981283247470856,0,0
31,RIGHT_EYE,0.4889894723892212,0.5674412250518799,-0.14990931749343872,0,0
31,RIGHT_EYE_OUTER,0.48885005712509155,0.5668858885765076,-0.15002086758613586,0,0
31,LEFT_EAR,0.5029731392860413,0.5736432671546936,-0.16736404597759247,0,0
31,RIGHT_EAR,0.4950396418571472,0.568956196308136,-0.09745287150144577,0,0
31,MOUTH_LEFT,0.49100345373153687,0.5882028937339783,-0.16064542531967163,0,0
31,MOUTH_RIGHT,0.4877794682979584,0.5865852236747742,-0.13719074428081512,0,0
31,LEFT_SHOULDER,0.5141255259513855,0.6256979703903198,-0.17537739872932434,0,0
31,RIGHT_SHOULDER,0.4820326268672943,0.6140992641448975,-0.030383238568902016,0,0
31,LEFT_ELBOW,0.46836814284324646,0.6739386320114136,-0.21940074861049652,0,0
31,RIGHT_ELBOW,0.4540838599205017,0.6596898436546326,-0.011399825103580952,0,0
31,LEFT_WRIST,0.42093169689178467,0.6729605197906494,-0.2483133226633072,0,0
31,RIGHT_WRIST,0.41502276062965393,0.6693508625030518,-0.06634408980607986,0,0
31,LEFT_PINKY,0.40863317251205444,0.6781425476074219,-0.2732641398906708,0,0
31,RIGHT_PINKY,0.40188875794410706,0.6651560068130493,-0.08117536455392838,0,0
31,LEFT_INDEX,0.4117066562175751,0.6697338223457336,-0.27242717146873474,0,0
31,RIGHT_INDEX,0.40005505084991455,0.6630173921585083,-0.10149945318698883,0,0
31,LEFT_THUMB,0.4149169921875,0.671241283416748,-0.24904659390449524,0,0
31,RIGHT_THUMB,0.4040033519268036,0.6686890125274658,-0.07813523709774017,0,0
31,LEFT_HIP,0.5086870193481445,0.765481173992157,-0.02759557031095028,0,0
31,RIGHT_HIP,0.47993823885917664,0.7592524290084839,0.027404526248574257,0,0
31,LEFT_KNEE,0.5336751937866211,0.8692615628242493,-0.06146914139389992,0,0
31,RIGHT_KNEE,0.4459628164768219,0.8595433831214905,-0.029928334057331085,0,0
31,LEFT_ANKLE,0.5802056193351746,0.9279503226280212,0.05068676173686981,0,0
31,RIGHT_ANKLE,0.438774436712265,0.9507370591163635,0.05935881286859512,0,0
31,LEFT_HEEL,0.5875800251960754,0.9304142594337463,0.05974932014942169,0,0
31,RIGHT_HEEL,0.44397416710853577,0.9636685848236084,0.07165396958589554,0,0
31,LEFT_FOOT_INDEX,0.5832878947257996,0.962451159954071,-0.01031788531690836,0,0
31,RIGHT_FOOT_INDEX,0.4256414473056793,0.9881108999252319,-0.0013034568401053548,0,0
32,NOSE,0.4784465730190277,0.5775189399719238,-0.10072015970945358,0,0
32,LEFT_EYE_INNER,0.4828709065914154,0.5688971877098083,-0.11170616745948792,0,0
32,LEFT_EYE,0.48421525955200195,0.5689866542816162,-0.11173294484615326,0,0
32,LEFT_EYE_OUTER,0.48570024967193604,0.5691642761230469,-0.11172810941934586,0,0
32,RIGHT_EYE_INNER,0.48145049810409546,0.5675203800201416,-0.09186192601919174,0,0
32,RIGHT_EYE,0.48171597719192505,0.5669223070144653,-0.09188494831323624,0,0
32,RIGHT_EYE_OUTER,0.48205921053886414,0.566290557384491,-0.09193006157875061,0,0
32,LEFT_EAR,0.49343588948249817,0.5726625919342041,-0.14129741489887238,0,0
32,RIGHT_EAR,0.48890915513038635,0.5683838725090027,-0.03910624235868454,0,0
32,MOUTH_LEFT,0.4823186993598938,0.5877274870872498,-0.1053410992026329,0,0
32,MOUTH_RIGHT,0.48015886545181274,0.5862876176834106,-0.07921019941568375,0,0
32,LEFT_SHOULDER,0.5092796087265015,0.6233564615249634,-0.15375618636608124,0,0
32,RIGHT_SHOULDER,0.4804631471633911,0.6162738800048828,0.01645806059241295,0,0
32,LEFT_ELBOW,0.47049349546432495,0.661586344242096,-0.20814089477062225,0,0
32,RIGHT_ELBOW,0.44910064339637756,0.6487860083580017,0.045859239995479584,0,0
32,LEFT_WRIST,0.4326348900794983,0.6473013758659363,-0.23174110054969788,0,0
32,RIGHT_WRIST,0.4111264944076538,0.641450047492981,-0.005849754903465509,0,0
32,LEFT_PINKY,0.4211917221546173,0.6491707563400269,-0.25743433833122253,0,0
32,RIGHT_PINKY,0.3995143473148346,0.6370683908462524,-0.017455657944083214,0,0
32,LEFT_INDEX,0.4210362136363983,0.6433621644973755,-0.25458237528800964,0,0
32,RIGHT_INDEX,0.3981674611568451,0.6350687146186829,-0.037913840264081955,0,0
32,LEFT_THUMB,0.4251154661178589,0.6439258456230164,-0.23132486641407013,0,0
32,RIGHT_THUMB,0.401252418756485,0.6385002136230469,-0.018097855150699615,0,0
32,LEFT_HIP,0.5064027905464172,0.768136203289032,-0.03406532481312752,0,0
32,RIGHT_HIP,0.47698110342025757,0.7653442621231079,0.033911850303411484,0,0
32,LEFT_KNEE,0.5335782170295715,0.8695319294929504,-0.06754975020885468,0,0
32,RIGHT_KNEE,0.44473445415496826,0.8627498745918274,-0.003974777180701494,0,0
32,LEFT_ANKLE,0.580171525478363,0.9278029799461365,0.055546458810567856,0,0
32,RIGHT_ANKLE,0.43994665145874023,0.954084038734436,0.10649820417165756,0,0
32,LEFT_HEEL,0.587453305721283,0.9286988973617554,0.06593796610832214,0,0
32,RIGHT_HEEL,0.445468544960022,0.9675579071044922,0.11593624204397202,0,0
32,LEFT_FOOT_INDEX,0.5839760899543762,0.9635647535324097,0.004821566864848137,0,0
32,RIGHT_FOOT_INDEX,0.4256463944911957,0.9903126955032349,0.060101501643657684,0,0
33,NOSE,0.47219255566596985,0.5706866383552551,-0.037247758358716965,0,0
33,LEFT_EYE_INNER,0.4761069416999817,0.5609815120697021,-0.048562776297330856,0,0
33,LEFT_EYE,0.4774912893772125,0.5612987279891968,-0.04860011488199234,0,0
33,LEFT_EYE_OUTER,0.47896865010261536,0.5616092681884766,-0.048608992248773575,0,0
33,RIGHT_EYE_INNER,0.4750519394874573,0.5598703622817993,-0.027958165854215622,0,0
33,RIGHT_EYE,0.4755767583847046,0.5595493316650391,-0.027951838448643684,0,0
33,RIGHT_EYE_OUTER,0.4761723279953003,0.5591966509819031,-0.027981748804450035,0,0
33,LEFT_EAR,0.48729845881462097,0.566868782043457,-0.07464314252138138,0,0
33,RIGHT_EAR,0.4835282266139984,0.5642299652099609,0.020882172510027885,0,0
33,MOUTH_LEFT,0.4761717915534973,0.5816811919212341,-0.04474816471338272,0,0
33,MOUTH_RIGHT,0.4746101200580597,0.5808395743370056,-0.017719903960824013,0,0
33,LEFT_SHOULDER,0.5005323886871338,0.617711067199707,-0.11888924241065979,0,0
33,RIGHT_SHOULDER,0.4802049994468689,0.6143431067466736,0.0747624859213829,0,0
33,LEFT_ELBOW,0.4639689028263092,0.6580479741096497,-0.13951076567173004,0,0
33,RIGHT_ELBOW,0.45855480432510376,0.6548184156417847,0.1114531010389328,0,0
33,LEFT_WRIST,0.43298134207725525,0.6348052024841309,-0.10117135941982269,0,0
33,RIGHT_WRIST,0.4303145706653595,0.6492016315460205,0.07639767229557037,0,0
33,LEFT_PINKY,0.42570289969444275,0.6301394701004028,-0.11611823737621307,0,0
33,RIGHT_PINKY,0.4230763018131256,0.6474202275276184,0.07215310633182526,0,0
33,LEFT_INDEX,0.4274272918701172,0.629555881023407,-0.11337307095527649,0,0
33,RIGHT_INDEX,0.4227790832519531,0.6434814929962158,0.054691020399332047,0,0
33,LEFT_THUMB,0.4317260682582855,0.6302487254142761,-0.09881623834371567,0,0
33,RIGHT_THUMB,0.4251035451889038,0.645397424697876,0.06647633016109467,0,0
33,LEFT_HIP,0.5056934952735901,0.7647806406021118,-0.04040984809398651,0,0
33,RIGHT_HIP,0.4774332642555237,0.7624222636222839,0.04031519591808319,0,0
33,LEFT_KNEE,0.5310640931129456,0.8668839335441589,-0.06944020092487335,0,0
33,RIGHT_KNEE,0.44444739818573,0.8609586358070374,0.02170034684240818,0,0
33,LEFT_ANKLE,0.5798304677009583,0.9262360334396362,0.05812682956457138,0,0
33,RIGHT_ANKLE,0.4407065212726593,0.9517766833305359,0.09770139306783676,0,0
33,LEFT_HEEL,0.5873613953590393,0.9236676692962646,0.06961096823215485,0,0
33,RIGHT_HEEL,0.4465991258621216,0.965271532535553,0.11447243392467499,0,0
33,LEFT_FOOT_INDEX,0.5846803188323975,0.9635754823684692,0.02554149553179741,0,0
33,RIGHT_FOOT_INDEX,0.4240110516548157,0.9894656538963318,0.04931182786822319,0,0
34,NOSE,0.4646534025669098,0.566619336605072,-0.056665096431970596,0,0
34,LEFT_EYE_INNER,0.4684646427631378,0.5557218790054321,-0.06687458604574203,0,0
34,LEFT_EYE,0.4697834849357605,0.5558201670646667,-0.06690666824579239,0,0
34,LEFT_EYE_OUTER,0.471293568611145,0.555981457233429,-0.06689109653234482,0,0
34,RIGHT_EYE_INNER,0.4675959646701813,0.5551829934120178,-0.047055359929800034,0,0
34,RIGHT_EYE,0.46816322207450867,0.5549636483192444,-0.04705731198191643,0,0
34,RIGHT_EYE_OUTER,0.4688800275325775,0.5547491312026978,-0.04709135740995407,0,0
34,LEFT_EAR,0.48063647747039795,0.5611507892608643,-0.08587882667779922,0,0
34,RIGHT_EAR,0.4774859845638275,0.5602529644966125,0.004777523223310709,0,0
34,MOUTH_LEFT,0.46828392148017883,0.5768377184867859,-0.06202356889843941,0,0
34,MOUTH_RIGHT,0.46694618463516235,0.5768588185310364,-0.03594479709863663,0,0
34,LEFT_SHOULDER,0.49335557222366333,0.6068264245986938,-0.12090997397899628,0,0
34,RIGHT_SHOULDER,0.4758669435977936,0.6133341789245605,0.06017719954252243,0,0
34,LEFT_ELBOW,0.4555552899837494,0.6309353709220886,-0.15761995315551758,0,0
34,RIGHT_ELBOW,0.44565439224243164,0.6518539786338806,0.08903377503156662,0,0
34,LEFT_WRIST,0.42457741498947144,0.6151279211044312,-0.15344087779521942,0,0
34,RIGHT_WRIST,0.4164467453956604,0.6524749994277954,0.0383027009665966,0,0
34,LEFT_PINKY,0.41352376341819763,0.6180705428123474,-0.1744079440832138,0,0
34,RIGHT_PINKY,0.40956300497055054,0.652055561542511,0.02932899072766304,0,0
34,LEFT_INDEX,0.4155353903770447,0.6131525039672852,-0.17229755222797394,0,0
34,RIGHT_INDEX,0.41001489758491516,0.6480700969696045,0.011168792843818665,0,0
34,LEFT_THUMB,0.4221113920211792,0.6123992800712585,-0.15234343707561493,0,0
34,RIGHT_THUMB,0.41215482354164124,0.6493481397628784,0.027672337368130684,0,0
34,LEFT_HIP,0.5037692785263062,0.7613216638565063,-0.040495917201042175,0,0
34,RIGHT_HIP,0.477064311504364,0.7602344751358032,0.040354613214731216,0,0
34,LEFT_KNEE,0.5277878642082214,0.864488422870636,-0.07165119051933289,0,0
34,RIGHT_KNEE,0.44587039947509766,0.858302891254425,0.01444291416555643,0,0
34,LEFT_ANKLE,0.5791400074958801,0.9200826287269592,0.050552453845739365,0,0
34,RIGHT_ANKLE,0.4407499134540558,0.9510393142700195,0.09527130424976349,0,0
34,LEFT_HEEL,0.5873399376869202,0.9150017499923706,0.06065713241696358,0,0
34,RIGHT_HEEL,0.4469614326953888,0.9649978280067444,0.10452015697956085,0,0
34,LEFT_FOOT_INDEX,0.582439124584198,0.9634395837783813,0.007229216862469912,0,0
34,RIGHT_FOOT_INDEX,0.4235243797302246,0.9889598488807678,0.04934065416455269,0,0
35,NOSE,0.4658440947532654,0.5621619820594788,-0.05244556814432144,0,0
35,LEFT_EYE_INNER,0.47001269459724426,0.5520298480987549,-0.06362437456846237,0,0
35,LEFT_EYE,0.4712395966053009,0.5520297288894653,-0.06365903466939926,0,0
35,LEFT_EYE_OUTER,0.4725175201892853,0.5521621704101562,-0.0636487603187561,0,0
35,RIGHT_EYE_INNER,0.46938106417655945,0.552079439163208,-0.04318821802735329,0,0
35,RIGHT_EYE,0.4700899124145508,0.5520694851875305,-0.04319215565919876,0,0
35,RIGHT_EYE_OUTER,0.4708442986011505,0.5520772933959961,-0.043225619941949844,0,0
35,LEFT_EAR,0.48069578409194946,0.5576770305633545,-0.08708042651414871,0,0
35,RIGHT_EAR,0.4780133068561554,0.5569899678230286,0.005945584271103144,0,0
35,MOUTH_LEFT,0.4695402979850769,0.571960985660553,-0.05960303172469139,0,0
35,MOUTH_RIGHT,0.468506783246994,0.572617769241333,-0.03284323960542679,0,0
35,LEFT_SHOULDER,0.49250316619873047,0.6033372282981873,-0.124698206782341,0,0
35,RIGHT_SHOULDER,0.4764274060726166,0.6131529211997986,0.0648505836725235,0,0
35,LEFT_ELBOW,0.45752963423728943,0.639366626739502,-0.15715333819389343,0,0
35,RIGHT_ELBOW,0.448675274848938,0.6500741839408875,0.10262113064527512,0,0
35,LEFT_WRIST,0.42549675703048706,0.624623715877533,-0.1420595943927765,0,0
35,RIGHT_WRIST,0.4164360463619232,0.648840606212616,0.06027046963572502,0,0
35,LEFT_PINKY,0.41821256279945374,0.6228581666946411,-0.1618703156709671,0,0
35,RIGHT_PINKY,0.40858495235443115,0.6463906764984131,0.05403466522693634,0,0
35,LEFT_INDEX,0.4200672209262848,0.6156638264656067,-0.16003936529159546,0,0
35,RIGHT_INDEX,0.40824881196022034,0.6412210464477539,0.03457136079668999,0,0
35,LEFT_THUMB,0.4259856939315796,0.6202896237373352,-0.1406870037317276,0,0
35,RIGHT_THUMB,0.4106534719467163,0.6431716084480286,0.04925910755991936,0,0
35,LEFT_HIP,0.5032339096069336,0.7596485018730164,-0.04293976351618767,0,0
35,RIGHT_HIP,0.4781448543071747,0.7590910792350769,0.04282961040735245,0,0
35,LEFT_KNEE,0.527437150478363,0.8631805181503296,-0.0707557424902916,0,0
35,RIGHT_KNEE,0.446170836687088,0.8566476106643677,0.013420650735497475,0,0
35,LEFT_ANKLE,0.5786595940589905,0.9155824780464172,0.05490873008966446,0,0
35,RIGHT_ANKLE,0.4403117597103119,0.9506680965423584,0.08181572705507278,0,0
35,LEFT_HEEL,0.587250292301178,0.9111703634262085,0.06570877879858017,0,0
35,RIGHT_HEEL,0.44681456685066223,0.96561199426651,0.08650485426187515,0,0
35,LEFT_FOOT_INDEX,0.5811061263084412,0.9625900983810425,0.016454484313726425,0,0
35,RIGHT_FOOT_INDEX,0.42267024517059326,0.98750239610672,0.048634372651576996,0,0
36,NOSE,0.4631751775741577,0.5533523559570312,-0.06505586951971054,0,0
36,LEFT_EYE_INNER,0.46822208166122437,0.5457273721694946,-0.09792948514223099,0,0
36,LEFT_EYE,0.4694293737411499,0.5458634495735168,-0.0979619175195694,0,0
36,LEFT_EYE_OUTER,0.4706014096736908,0.5461700558662415,-0.09791968762874603,0,0
36,RIGHT_EYE_INNER,0.467263787984848,0.5457136034965515,-0.05019701272249222,0,0
36,RIGHT_EYE,0.4677944481372833,0.5457603335380554,-0.05013743415474892,0,0
36,RIGHT_EYE_OUTER,0.46826425194740295,0.5458782911300659,-0.05033767968416214,0,0
36,LEFT_EAR,0.47813472151756287,0.5532976388931274,-0.13624721765518188,0,0
36,RIGHT_EAR,0.4744323790073395,0.5523806810379028,-0.03335230052471161,0,0
36,MOUTH_LEFT,0.46585625410079956,0.5629076957702637,-0.10058359056711197,0,0
36,MOUTH_RIGHT,0.46479395031929016,0.5631589293479919,-0.056611862033605576,0,0
36,LEFT_SHOULDER,0.48729974031448364,0.598328173160553,-0.17578712105751038,0,0
36,RIGHT_SHOULDER,0.4716652035713196,0.6075416803359985,0.03941464051604271,0,0
36,LEFT_ELBOW,0.45020562410354614,0.6400912404060364,-0.2144029140472412,0,0
36,RIGHT_ELBOW,0.4415801167488098,0.6130850911140442,0.061396289616823196,0,0
36,LEFT_WRIST,0.41149818897247314,0.6606267690658569,-0.21154442429542542,0,0
36,RIGHT_WRIST,0.40825194120407104,0.572452187538147,0.017274802550673485,0,0
36,LEFT_PINKY,0.3980235159397125,0.6653631925582886,-0.237910196185112,0,0
36,RIGHT_PINKY,0.39656639099121094,0.571101725101471,0.010390561074018478,0,0
36,LEFT_INDEX,0.39857161045074463,0.6608545184135437,-0.23213094472885132,0,0
36,RIGHT_INDEX,0.395315945148468,0.5580499172210693,-0.010650086216628551,0,0
36,LEFT_THUMB,0.4029339849948883,0.6611053347587585,-0.20920395851135254,0,0
36,RIGHT_THUMB,0.39758044481277466,0.5753377676010132,0.005808537360280752,0,0
36,LEFT_HIP,0.5030604600906372,0.7524010539054871,-0.051547810435295105,0,0
36,RIGHT_HIP,0.47894975543022156,0.7546473741531372,0.051396362483501434,0,0
36,LEFT_KNEE,0.5225545167922974,0.8615115284919739,-0.06975767016410828,0,0
36,RIGHT_KNEE,0.4480918347835541,0.8534635901451111,0.037460409104824066,0,0
36,LEFT_ANKLE,0.576981782913208,0.9131931066513062,0.05795484781265259,0,0
36,RIGHT_ANKLE,0.4404222369194031,0.9490321278572083,0.10900221019983292,0,0
36,LEFT_HEEL,0.5869211554527283,0.9093891382217407,0.06890256702899933,0,0
36,RIGHT_HEEL,0.44760239124298096,0.964559018611908,0.11403335630893707,0,0
36,LEFT_FOOT_INDEX,0.5767248868942261,0.9624762535095215,0.0192780252546072,0,0
36,RIGHT_FOOT_INDEX,0.4240582287311554,0.9855572581291199,0.06663279235363007,0,0
37,NOSE,0.4627564549446106,0.5492365956306458,-0.10736512392759323,0,0
37,LEFT_EYE_INNER,0.4665960371494293,0.5411856770515442,-0.12741562724113464,0,0
37,LEFT_EYE,0.4674970507621765,0.5413437485694885,-0.12744182348251343,0,0
37,LEFT_EYE_OUTER,0.46850308775901794,0.541687548160553,-0.12742522358894348,0,0
37,RIGHT_EYE_INNER,0.46621087193489075,0.5411219596862793,-0.09739761799573898,0,0
37,RIGHT_EYE,0.4668242633342743,0.5411441922187805,-0.09740915894508362,0,0
37,RIGHT_EYE_OUTER,0.4674023389816284,0.5412822365760803,-0.09746450930833817,0,0
37,LEFT_EAR,0.4767250418663025,0.5493465065956116,-0.15567615628242493,0,0
37,RIGHT_EAR,0.474148154258728,0.5483280420303345,-0.05432714894413948,0,0
37,MOUTH_LEFT,0.4652242064476013,0.5597395300865173,-0.12326492369174957,0,0
37,MOUTH_RIGHT,0.4647698402404785,0.5596391558647156,-0.08992137759923935,0,0
37,LEFT_SHOULDER,0.48388803005218506,0.5975916385650635,-0.19559432566165924,0,0
37,RIGHT_SHOULDER,0.4735614061355591,0.5991500020027161,0.03393460810184479,0,0
37,LEFT_ELBOW,0.439765065908432,0.641513466835022,-0.23797279596328735,0,0
37,RIGHT_ELBOW,0.4407957196235657,0.6125268936157227,0.0563603900372982,0,0
37,LEFT_WRIST,0.3983008563518524,0.6626735329627991,-0.2335405796766281,0,0
37,RIGHT_WRIST,0.4014517068862915,0.6022542119026184,0.009796923026442528,0,0
37,LEFT_PINKY,0.38462337851524353,0.6625093817710876,-0.2622579336166382,0,0
37,RIGHT_PINKY,0.39313727617263794,0.5932740569114685,0.003169688396155834,0,0
37,LEFT_INDEX,0.38335472345352173,0.6559147834777832,-0.25443291664123535,0,0
37,RIGHT_INDEX,0.39134424924850464,0.5901962518692017,-0.02099510096013546,0,0
37,LEFT_THUMB,0.38798874616622925,0.6579838395118713,-0.23049668967723846,0,0
37,RIGHT_THUMB,0.3934290111064911,0.5976184606552124,-0.002795219188556075,0,0
37,LEFT_HIP,0.5038802623748779,0.7479679584503174,-0.05657641962170601,0,0
37,RIGHT_HIP,0.480273574590683,0.7501614689826965,0.05644183233380318,0,0
37,LEFT_KNEE,0.5182422995567322,0.8597957491874695,-0.05950856953859329,0,0
37,RIGHT_KNEE,0.4493688642978668,0.8507255911827087,0.025792470201849937,0,0
37,LEFT_ANKLE,0.5733602643013,0.9140103459358215,0.05430428311228752,0,0
37,RIGHT_ANKLE,0.43924105167388916,0.9482108950614929,0.10373224318027496,0,0
37,LEFT_HEEL,0.5855275392532349,0.911647617816925,0.0668778046965599,0,0
37,RIGHT_HEEL,0.44689929485321045,0.9645365476608276,0.11241886764764786,0,0
37,LEFT_FOOT_INDEX,0.5648853182792664,0.9618295431137085,0.017068414017558098,0,0
37,RIGHT_FOOT_INDEX,0.42374512553215027,0.9875203371047974,0.0558580718934536,0,0
38,NOSE,0.46416598558425903,0.5421886444091797,-0.1295749545097351,0,0
38,LEFT_EYE_INNER,0.46749088168144226,0.5346407890319824,-0.1448184698820114,0,0
38,LEFT_EYE,0.4683171808719635,0.5348631739616394,-0.1448545753955841,0,0
38,LEFT_EYE_OUTER,0.46900975704193115,0.5353060960769653,-0.1448468118906021,0,0
38,RIGHT_EYE_INNER,0.4673791825771332,0.5348237156867981,-0.12149429321289062,0,0
38,RIGHT_EYE,0.4680103659629822,0.5350621938705444,-0.12151728570461273,0,0
38,RIGHT_EYE_OUTER,0.4685634672641754,0.535417377948761,-0.12155173718929291,0,0
38,LEFT_EAR,0.47712674736976624,0.5434520244598389,-0.17138908803462982,0,0
38,RIGHT_EAR,0.4755389094352722,0.542518675327301,-0.07078515738248825,0,0
38,MOUTH_LEFT,0.4664708971977234,0.5526054501533508,-0.13819049298763275,0,0
38,MOUTH_RIGHT,0.4663321077823639,0.5528581738471985,-0.1085607185959816,0,0
38,LEFT_SHOULDER,0.4839106798171997,0.5957281589508057,-0.21060842275619507,0,0
38,RIGHT_SHOULDER,0.4756159782409668,0.5937435030937195,0.017321515828371048,0,0
38,LEFT_ELBOW,0.43545496463775635,0.6402629017829895,-0.2512277364730835,0,0
38,RIGHT_ELBOW,0.44456425309181213,0.6227368116378784,0.0504777655005455,0,0
38,LEFT_WRIST,0.38543370366096497,0.6610651612281799,-0.23944702744483948,0,0
38,RIGHT_WRIST,0.40833303332328796,0.6407538056373596,0.013888397254049778,0,0
38,LEFT_PINKY,0.3732006251811981,0.6621766686439514,-0.2673519551753998,0,0
38,RIGHT_PINKY,0.39124801754951477,0.6280677318572998,0.010166505351662636,0,0
38,LEFT_INDEX,0.3725506663322449,0.6562385559082031,-0.2573162615299225,0,0
38,RIGHT_INDEX,0.3999386429786682,0.6322595477104187,-0.014798521995544434,0,0
38,LEFT_THUMB,0.3773621916770935,0.6577213406562805,-0.23528504371643066,0,0
38,RIGHT_THUMB,0.401427298784256,0.6374127864837646,0.0017328591784462333,0,0
38,LEFT_HIP,0.5050278306007385,0.7451395392417908,-0.05934031307697296,0,0
38,RIGHT_HIP,0.4810076951980591,0.7458454370498657,0.05922986567020416,0,0
38,LEFT_KNEE,0.5157029628753662,0.8596568703651428,-0.045070454478263855,0,0
38,RIGHT_KNEE,0.4500347077846527,0.8474253416061401,0.022915702313184738,0,0
38,LEFT_ANKLE,0.5702030062675476,0.9144622683525085,0.07465958595275879,0,0
38,RIGHT_ANKLE,0.4379686713218689,0.9497857093811035,0.0827854797244072,0,0
38,LEFT_HEEL,0.5819339156150818,0.9134899973869324,0.08513664454221725,0,0
38,RIGHT_HEEL,0.4439961612224579,0.9683994054794312,0.08643514662981033,0,0
38,LEFT_FOOT_INDEX,0.558712899684906,0.9614822864532471,0.031826939433813095,0,0
38,RIGHT_FOOT_INDEX,0.4219919741153717,0.992218017578125,0.03216029331088066,0,0
39,NOSE,0.46763211488723755,0.5413206815719604,-0.15100254118442535,0,0
39,LEFT_EYE_INNER,0.4711912274360657,0.5323404669761658,-0.1638786494731903,0,0
39,LEFT_EYE,0.4720706045627594,0.5323914289474487,-0.1639164239168167,0,0
39,LEFT_EYE_OUTER,0.47292378544807434,0.5326603651046753,-0.16391880810260773,0,0
39,RIGHT_EYE_INNER,0.4708426594734192,0.5326579213142395,-0.14250148832798004,0,0
39,RIGHT_EYE,0.4714195430278778,0.5328559875488281,-0.1425248235464096,0,0
39,RIGHT_EYE_OUTER,0.4719599783420563,0.5332160592079163,-0.1425604671239853,0,0
39,LEFT_EAR,0.48081642389297485,0.5399044752120972,-0.1847594678401947,0,0
39,RIGHT_EAR,0.47886914014816284,0.5398395657539368,-0.0874902755022049,0,0
39,MOUTH_LEFT,0.47000280022621155,0.5513416528701782,-0.15616606175899506,0,0
39,MOUTH_RIGHT,0.4696357548236847,0.551762580871582,-0.12812696397304535,0,0
39,LEFT_SHOULDER,0.48880064487457275,0.5932508707046509,-0.21926283836364746,0,0
39,RIGHT_SHOULDER,0.476431667804718,0.591566264629364,-0.0013373723486438394,0,0
39,LEFT_ELBOW,0.44033268094062805,0.6344183683395386,-0.26401427388191223,0,0
39,RIGHT_ELBOW,0.45466700196266174,0.6348206996917725,0.047506578266620636,0,0
39,LEFT_WRIST,0.3866906464099884,0.6588869094848633,-0.26179495453834534,0,0
39,RIGHT_WRIST,0.4351787567138672,0.676868200302124,0.016893254593014717,0,0
39,LEFT_PINKY,0.37446129322052,0.6595922708511353,-0.2913604974746704,0,0
39,RIGHT_PINKY,0.4338633418083191,0.6763643622398376,0.013464752584695816,0,0
39,LEFT_INDEX,0.3739639222621918,0.6478683352470398,-0.28064048290252686,0,0
39,RIGHT_INDEX,0.4333040118217468,0.6755459308624268,-0.010068814270198345,0,0
39,LEFT_THUMB,0.3790477216243744,0.6501251459121704,-0.25753262639045715,0,0
39,RIGHT_THUMB,0.4329777657985687,0.6762467622756958,0.005983615294098854,0,0
39,LEFT_HIP,0.50599604845047,0.7422186136245728,-0.061247456818819046,0,0
39,RIGHT_HIP,0.4811049699783325,0.7417089939117432,0.061133429408073425,0,0
39,LEFT_KNEE,0.5138316750526428,0.8618338108062744,-0.044493187218904495,0,0
39,RIGHT_KNEE,0.45216506719589233,0.8439729809761047,0.03747516870498657,0,0
39,LEFT_ANKLE,0.5660907030105591,0.9185966849327087,0.07157044857740402,0,0
39,RIGHT_ANKLE,0.43721893429756165,0.9490288496017456,0.10214464366436005,0,0
39,LEFT_HEEL,0.5788412094116211,0.9203499555587769,0.08123739808797836,0,0
39,RIGHT_HEEL,0.4424707591533661,0.9670396447181702,0.10650206357240677,0,0
39,LEFT_FOOT_INDEX,0.5532037019729614,0.9666453003883362,0.027336426079273224,0,0
39,RIGHT_FOOT_INDEX,0.42059582471847534,0.99013751745224,0.052402131259441376,0,0
40,NOSE,0.4684693515300751,0.5395680069923401,-0.13614089787006378,0,0
40,LEFT_EYE_INNER,0.4720005989074707,0.5308144688606262,-0.14677639305591583,0,0
40,LEFT_EYE,0.4727521240711212,0.5308889150619507,-0.14681273698806763,0,0
40,LEFT_EYE_OUTER,0.4734824597835541,0.531157374382019,-0.14680995047092438,0,0
40,RIGHT_EYE_INNER,0.4719931185245514,0.531055748462677,-0.1271277219057083,0,0
40,RIGHT_EYE,0.47269579768180847,0.5312288999557495,-0.12714724242687225,0,0
40,RIGHT_EYE_OUTER,0.4733571410179138,0.5315583944320679,-0.12718209624290466,0,0
40,LEFT_EAR,0.4814055562019348,0.537960946559906,-0.17012065649032593,0,0
40,RIGHT_EAR,0.48044803738594055,0.5377368330955505,-0.0723658949136734,0,0
40,MOUTH_LEFT,0.4708040952682495,0.5497031807899475,-0.1390494704246521,0,0
40,MOUTH_RIGHT,0.47077512741088867,0.5501830577850342,-0.11283408105373383,0,0
40,LEFT_SHOULDER,0.48809707164764404,0.5913074612617493,-0.20808787643909454,0,0
40,RIGHT_SHOULDER,0.47804057598114014,0.5905072093009949,0.00380225689150393,0,0
40,LEFT_ELBOW,0.4400331377983093,0.6318516731262207,-0.25443628430366516,0,0
40,RIGHT_ELBOW,0.47922971844673157,0.6484745740890503,0.06495223939418793,0,0
40,LEFT_WRIST,0.38319921493530273,0.6520939469337463,-0.2519790232181549,0,0
40,RIGHT_WRIST,0.47098308801651,0.7095082402229309,0.05502307787537575,0,0
40,LEFT_PINKY,0.37579911947250366,0.6580018997192383,-0.2795284688472748,0,0
40,RIGHT_PINKY,0.4716220498085022,0.7205675840377808,0.05496278777718544,0,0
40,LEFT_INDEX,0.3739990293979645,0.6491033434867859,-0.26962053775787354,0,0
40,RIGHT_INDEX,0.4710123836994171,0.7206971645355225,0.03311759978532791,0,0
40,LEFT_THUMB,0.37949737906455994,0.6509042978286743,-0.2476370632648468,0,0
40,RIGHT_THUMB,0.47075822949409485,0.7165728807449341,0.04561784490942955,0,0
40,LEFT_HIP,0.5063181519508362,0.74141925573349,-0.06296278536319733,0,0
40,RIGHT_HIP,0.4818630814552307,0.7409920692443848,0.06284518539905548,0,0
40,LEFT_KNEE,0.5133594274520874,0.8622390031814575,-0.04921701177954674,0,0
40,RIGHT_KNEE,0.453207790851593,0.8424637913703918,0.032886091619729996,0,0
40,LEFT_ANKLE,0.5652264356613159,0.920407772064209,0.055536963045597076,0,0
40,RIGHT_ANKLE,0.43713900446891785,0.9485527873039246,0.1014428585767746,0,0
40,LEFT_HEEL,0.5784024596214294,0.9239228367805481,0.06307366490364075,0,0
40,RIGHT_HEEL,0.44222089648246765,0.9665688872337341,0.10301881283521652,0,0
40,LEFT_FOOT_INDEX,0.5521963238716125,0.9679809808731079,0.005766297224909067,0,0
40,RIGHT_FOOT_INDEX,0.4197627902030945,0.9890763163566589,0.04815588891506195,0,0
41,NOSE,0.46994829177856445,0.5371919274330139,-0.09410414099693298,0,0
41,LEFT_EYE_INNER,0.473636269569397,0.528494656085968,-0.1057884618639946,0,0
41,LEFT_EYE,0.474540650844574,0.5286970138549805,-0.10581893473863602,0,0
41,LEFT_EYE_OUTER,0.47544559836387634,0.5290871858596802,-0.10581657290458679,0,0
41,RIGHT_EYE_INNER,0.4732438027858734,0.5283633470535278,-0.08475896716117859,0,0
41,RIGHT_EYE,0.47379806637763977,0.5284091830253601,-0.08478478342294693,0,0
41,RIGHT_EYE_OUTER,0.47429364919662476,0.5285820960998535,-0.08482638746500015,0,0
41,LEFT_EAR,0.48331737518310547,0.5359230637550354,-0.12914910912513733,0,0
41,RIGHT_EAR,0.48083433508872986,0.5347651839256287,-0.032831449061632156,0,0
41,MOUTH_LEFT,0.4725237786769867,0.5477275252342224,-0.10047581791877747,0,0
41,MOUTH_RIGHT,0.47202539443969727,0.5473187565803528,-0.07308732718229294,0,0
41,LEFT_SHOULDER,0.48825234174728394,0.58906489610672,-0.17393115162849426,0,0
41,RIGHT_SHOULDER,0.47818824648857117,0.588904082775116,0.0361841581761837,0,0
41,LEFT_ELBOW,0.44816073775291443,0.625490665435791,-0.1998361498117447,0,0
41,RIGHT_ELBOW,0.45315614342689514,0.6220943331718445,0.06252600997686386,0,0
41,LEFT_WRIST,0.39875686168670654,0.6094441413879395,-0.17567585408687592,0,0
41,RIGHT_WRIST,0.4229442775249481,0.6228094100952148,0.01008936483412981,0,0
41,LEFT_PINKY,0.38914042711257935,0.5999806523323059,-0.19987627863883972,0,0
41,RIGHT_PINKY,0.40755853056907654,0.6246991753578186,0.0006901313317939639,0,0
41,LEFT_INDEX,0.3808661997318268,0.5910125374794006,-0.19410093128681183,0,0
41,RIGHT_INDEX,0.4170951247215271,0.6094033718109131,-0.022225994616746902,0,0
41,LEFT_THUMB,0.38086798787117004,0.5950143337249756,-0.1734747737646103,0,0
41,RIGHT_THUMB,0.4180189073085785,0.6127381324768066,-0.0030424376018345356,0,0
41,LEFT_HIP,0.5064033269882202,0.7388638257980347,-0.057523854076862335,0,0
41,RIGHT_HIP,0.4835454821586609,0.7372915744781494,0.057413261383771896,0,0
41,LEFT_KNEE,0.5124174356460571,0.8620868921279907,-0.05102872475981712,0,0
41,RIGHT_KNEE,0.4566054344177246,0.8413828611373901,0.05850233510136604,0,0
41,LEFT_ANKLE,0.5598676204681396,0.9312368035316467,0.008104079402983189,0,0
41,RIGHT_ANKLE,0.43796440958976746,0.9457755088806152,0.11192645877599716,0,0
41,LEFT_HEEL,0.5726617574691772,0.9403367042541504,0.010775960050523281,0,0
41,RIGHT_HEEL,0.44291627407073975,0.9649345278739929,0.11438823491334915,0,0
41,LEFT_FOOT_INDEX,0.5406475067138672,0.972344160079956,-0.049142565578222275,0,0
41,RIGHT_FOOT_INDEX,0.41984906792640686,0.9858759045600891,0.06509637087583542,0,0
42,NOSE,0.47046613693237305,0.5313846468925476,-0.09663600474596024,0,0
42,LEFT_EYE_INNER,0.4749746322631836,0.5224189162254333,-0.10968051850795746,0,0
42,LEFT_EYE,0.47586455941200256,0.5224742293357849,-0.10970833152532578,0,0
42,LEFT_EYE_OUTER,0.4768027663230896,0.522714376449585,-0.1097184345126152,0,0
42,RIGHT_EYE_INNER,0.47520166635513306,0.522120475769043,-0.08778128027915955,0,0
42,RIGHT_EYE,0.47612130641937256,0.5218973755836487,-0.08780407905578613,0,0
42,RIGHT_EYE_OUTER,0.4769645929336548,0.5218088626861572,-0.08783574402332306,0,0
42,LEFT_EAR,0.485478937625885,0.5291832685470581,-0.133462056517601,0,0
42,RIGHT_EAR,0.4847577214241028,0.5281972885131836,-0.03601469844579697,0,0
42,MOUTH_LEFT,0.4733308255672455,0.5416292548179626,-0.103982113301754,0,0
42,MOUTH_RIGHT,0.4736790955066681,0.5409549474716187,-0.07542410492897034,0,0
42,LEFT_SHOULDER,0.496557354927063,0.5844756960868835,-0.17526127398014069,0,0
42,RIGHT_SHOULDER,0.4826313853263855,0.5822393298149109,0.03774811327457428,0,0
42,LEFT_ELBOW,0.45256078243255615,0.6255502104759216,-0.19243259727954865,0,0
42,RIGHT_ELBOW,0.45456138253211975,0.6123638153076172,0.06607159227132797,0,0
42,LEFT_WRIST,0.4047650098800659,0.607596755027771,-0.1485608071088791,0,0
42,RIGHT_WRIST,0.43122342228889465,0.5751561522483826,0.015709837898612022,0,0
42,LEFT_PINKY,0.39657965302467346,0.5978681445121765,-0.16897554695606232,0,0
42,RIGHT_PINKY,0.41159960627555847,0.5720699429512024,0.009265613742172718,0,0
42,LEFT_INDEX,0.4005911946296692,0.5870897769927979,-0.16480544209480286,0,0
42,RIGHT_INDEX,0.4210447669029236,0.5668278932571411,-0.009674537926912308,0,0
42,LEFT_THUMB,0.4022866487503052,0.5911175608634949,-0.14601700007915497,0,0
42,RIGHT_THUMB,0.42215052247047424,0.5728058815002441,0.005027026403695345,0,0
42,LEFT_HIP,0.5096020698547363,0.7361981272697449,-0.05772821605205536,0,0
42,RIGHT_HIP,0.4889985918998718,0.7338687777519226,0.05765806883573532,0,0
42,LEFT_KNEE,0.5119571685791016,0.8597283363342285,-0.05463903769850731,0,0
42,RIGHT_KNEE,0.4612624943256378,0.8391700387001038,0.0547371506690979,0,0
42,LEFT_ANKLE,0.5564403533935547,0.9369294047355652,0.018403714522719383,0,0
42,RIGHT_ANKLE,0.43843498826026917,0.9455090165138245,0.10858429223299026,0,0
42,LEFT_HEEL,0.569226086139679,0.9465198516845703,0.023961717262864113,0,0
42,RIGHT_HEEL,0.4428502321243286,0.9643515348434448,0.11157254874706268,0,0
42,LEFT_FOOT_INDEX,0.541638195514679,0.9732295274734497,-0.028751550242304802,0,0
42,RIGHT_FOOT_INDEX,0.4195536971092224,0.9856781959533691,0.06497867405414581,0,0
43,NOSE,0.4724329113960266,0.5243358612060547,-0.10188913345336914,0,0
43,LEFT_EYE_INNER,0.47773563861846924,0.5150816440582275,-0.11490462720394135,0,0
43,LEFT_EYE,0.4788689911365509,0.515265703201294,-0.11492719501256943,0,0
43,LEFT_EYE_OUTER,0.48001235723495483,0.5156301259994507,-0.11493484675884247,0,0
43,RIGHT_EYE_INNER,0.477628618478775,0.5143324136734009,-0.09325146675109863,0,0
43,RIGHT_EYE,0.4785431921482086,0.513959527015686,-0.09328269958496094,0,0
43,RIGHT_EYE_OUTER,0.47945794463157654,0.5137084722518921,-0.09331467002630234,0,0
43,LEFT_EAR,0.48894596099853516,0.522033154964447,-0.13892105221748352,0,0
43,RIGHT_EAR,0.48847612738609314,0.5206174254417419,-0.041184548288583755,0,0
43,MOUTH_LEFT,0.4760398268699646,0.5355191826820374,-0.10872505605220795,0,0
43,MOUTH_RIGHT,0.47613173723220825,0.5344189405441284,-0.08057580143213272,0,0
43,LEFT_SHOULDER,0.5027559399604797,0.5792902708053589,-0.18196390569210052,0,0
43,RIGHT_SHOULDER,0.49005237221717834,0.5766904950141907,0.03588853031396866,0,0
43,LEFT_ELBOW,0.46272972226142883,0.6280555129051208,-0.19716034829616547,0,0
43,RIGHT_ELBOW,0.46069660782814026,0.5981782674789429,0.08324555307626724,0,0
43,LEFT_WRIST,0.41373053193092346,0.63291335105896,-0.16446225345134735,0,0
43,RIGHT_WRIST,0.44162365794181824,0.5636868476867676,0.06174660846590996,0,0
43,LEFT_PINKY,0.40239477157592773,0.6107896566390991,-0.18510660529136658,0,0
43,RIGHT_PINKY,0.42179074883461,0.5524385571479797,0.060127198696136475,0,0
43,LEFT_INDEX,0.4012793004512787,0.6171727776527405,-0.18190933763980865,0,0
43,RIGHT_INDEX,0.42411139607429504,0.5502768158912659,0.04249205440282822,0,0
43,LEFT_THUMB,0.40448197722435,0.6255114674568176,-0.1619260013103485,0,0
43,RIGHT_THUMB,0.4261784255504608,0.5568230748176575,0.052904825657606125,0,0
43,LEFT_HIP,0.5174001455307007,0.7299632430076599,-0.059241097420454025,0,0
43,RIGHT_HIP,0.4961543083190918,0.7284322381019592,0.05918482318520546,0,0
43,LEFT_KNEE,0.5133482217788696,0.852577805519104,-0.07082843780517578,0,0
43,RIGHT_KNEE,0.46389296650886536,0.8381065726280212,0.04393868148326874,0,0
43,LEFT_ANKLE,0.5562189817428589,0.9369716644287109,0.019183283671736717,0,0
43,RIGHT_ANKLE,0.43853873014450073,0.946021318435669,0.09483353048563004,0,0
43,LEFT_HEEL,0.5668973326683044,0.9460384249687195,0.026657579466700554,0,0
43,RIGHT_HEEL,0.442470908164978,0.9641852378845215,0.09647021442651749,0,0
43,LEFT_FOOT_INDEX,0.5394777059555054,0.973385751247406,-0.02439603954553604,0,0
43,RIGHT_FOOT_INDEX,0.41924476623535156,0.9866085648536682,0.05182908847928047,0,0
44,NOSE,0.4779917895793915,0.5178830027580261,-0.07392974942922592,0,0
44,LEFT_EYE_INNER,0.4829433560371399,0.5093596577644348,-0.08793513476848602,0,0
44,LEFT_EYE,0.4838874936103821,0.5095851421356201,-0.08796612173318863,0,0
44,LEFT_EYE_OUTER,0.4848313629627228,0.509945273399353,-0.08795925229787827,0,0
44,RIGHT_EYE_INNER,0.48327502608299255,0.5089113116264343,-0.06480083614587784,0,0
44,RIGHT_EYE,0.48439469933509827,0.5088063478469849,-0.06483299285173416,0,0
44,RIGHT_EYE_OUTER,0.48551467061042786,0.5088285207748413,-0.06486621499061584,0,0
44,LEFT_EAR,0.49254778027534485,0.5165318846702576,-0.12025380879640579,0,0
44,RIGHT_EAR,0.4931039810180664,0.5157333016395569,-0.015845173969864845,0,0
44,MOUTH_LEFT,0.4810892343521118,0.5291239619255066,-0.08403540402650833,0,0
44,MOUTH_RIGHT,0.4816128611564636,0.528740644454956,-0.05395786836743355,0,0
44,LEFT_SHOULDER,0.5055182576179504,0.5719038844108582,-0.17816554009914398,0,0
44,RIGHT_SHOULDER,0.4980997145175934,0.5734241604804993,0.0641699880361557,0,0
44,LEFT_ELBOW,0.47065651416778564,0.6282156109809875,-0.1994108259677887,0,0
44,RIGHT_ELBOW,0.4666762948036194,0.6061730980873108,0.13087767362594604,0,0
44,LEFT_WRIST,0.4235602617263794,0.6470133662223816,-0.1736268848180771,0,0
44,RIGHT_WRIST,0.4351620674133301,0.5824753046035767,0.12588998675346375,0,0
44,LEFT_PINKY,0.4130180776119232,0.6476531624794006,-0.1957722157239914,0,0
44,RIGHT_PINKY,0.4222935140132904,0.5779331922531128,0.12902039289474487,0,0
44,LEFT_INDEX,0.40954455733299255,0.6443192958831787,-0.19027066230773926,0,0
44,RIGHT_INDEX,0.4224185645580292,0.5649677515029907,0.10648507624864578,0,0
44,LEFT_THUMB,0.41351425647735596,0.645672619342804,-0.1702311784029007,0,0
44,RIGHT_THUMB,0.42478418350219727,0.5748865604400635,0.11523149162530899,0,0
44,LEFT_HIP,0.5224072337150574,0.7279483079910278,-0.06435325741767883,0,0
44,RIGHT_HIP,0.5028383731842041,0.7260801196098328,0.06430020183324814,0,0
44,LEFT_KNEE,0.51454097032547,0.8474818468093872,-0.07837910205125809,0,0
44,RIGHT_KNEE,0.4696158766746521,0.831728994846344,0.05816580355167389,0,0
44,LEFT_ANKLE,0.5574935674667358,0.9398882389068604,-0.015074710361659527,0,0
44,RIGHT_ANKLE,0.44119200110435486,0.9397122859954834,0.11630508303642273,0,0
44,LEFT_HEEL,0.5688149333000183,0.9515395760536194,-0.0105455182492733,0,0
44,RIGHT_HEEL,0.4459519386291504,0.9580186605453491,0.11968077719211578,0,0
44,LEFT_FOOT_INDEX,0.5358822345733643,0.9762461185455322,-0.06478386372327805,0,0
44,RIGHT_FOOT_INDEX,0.4197743237018585,0.9826881885528564,0.0780070498585701,0,0
45,NOSE,0.4844123423099518,0.5144944190979004,-0.08080198615789413,0,0
45,LEFT_EYE_INNER,0.48876485228538513,0.5061152577400208,-0.09477633982896805,0,0
45,LEFT_EYE,0.4896169900894165,0.5063222646713257,-0.09480372816324234,0,0
45,LEFT_EYE_OUTER,0.4905208647251129,0.5066384673118591,-0.09480039775371552,0,0
45,RIGHT_EYE_INNER,0.48892852663993835,0.5054446458816528,-0.07138875126838684,0,0
45,RIGHT_EYE,0.48986271023750305,0.5051778554916382,-0.07142028212547302,0,0
45,RIGHT_EYE_OUTER,0.4908544719219208,0.505021870136261,-0.0714508593082428,0,0
45,LEFT_EAR,0.49840810894966125,0.5124068260192871,-0.12524208426475525,0,0
45,RIGHT_EAR,0.49817708134651184,0.5112689137458801,-0.01976572722196579,0,0
45,MOUTH_LEFT,0.4869634807109833,0.5251298546791077,-0.09020359814167023,0,0
45,MOUTH_RIGHT,0.48705828189849854,0.5247156620025635,-0.05971549451351166,0,0
45,LEFT_SHOULDER,0.5123130083084106,0.5653618574142456,-0.1779634952545166,0,0
45,RIGHT_SHOULDER,0.5011950731277466,0.5679284334182739,0.06467399001121521,0,0
45,LEFT_ELBOW,0.47903603315353394,0.6296451687812805,-0.2005680352449417,0,0
45,RIGHT_ELBOW,0.4761304557323456,0.6077261567115784,0.12694332003593445,0,0
45,LEFT_WRIST,0.43590229749679565,0.6517952084541321,-0.17110119760036469,0,0
45,RIGHT_WRIST,0.44373685121536255,0.5967411994934082,0.10850533843040466,0,0
45,LEFT_PINKY,0.42525964975357056,0.6587661504745483,-0.1931675523519516,0,0
45,RIGHT_PINKY,0.4356255531311035,0.5891568660736084,0.10968121886253357,0,0
45,LEFT_INDEX,0.42223116755485535,0.6541581749916077,-0.18880391120910645,0,0
45,RIGHT_INDEX,0.4345703423023224,0.5841822028160095,0.09027668088674545,0,0
45,LEFT_THUMB,0.4268440008163452,0.6524698138237,-0.16782967746257782,0,0
45,RIGHT_THUMB,0.4374350905418396,0.5895341634750366,0.09894818812608719,0,0
45,LEFT_HIP,0.5288019776344299,0.7259973287582397,-0.06944739818572998,0,0
45,RIGHT_HIP,0.5104536414146423,0.7239845991134644,0.06942256540060043,0,0
45,LEFT_KNEE,0.5193597078323364,0.8417103290557861,-0.08898793905973434,0,0
45,RIGHT_KNEE,0.47743770480155945,0.825583279132843,0.08654459565877914,0,0
45,LEFT_ANKLE,0.5551326274871826,0.9424780607223511,-0.018240002915263176,0,0
45,RIGHT_ANKLE,0.45075544714927673,0.9274581670761108,0.1687997728586197,0,0
45,LEFT_HEEL,0.5679745078086853,0.9538789987564087,-0.012959259562194347,0,0
45,RIGHT_HEEL,0.4562896490097046,0.9500609040260315,0.17447762191295624,0,0
45,LEFT_FOOT_INDEX,0.5377971529960632,0.9776763916015625,-0.06783752888441086,0,0
45,RIGHT_FOOT_INDEX,0.4249674677848816,0.9730223417282104,0.13681527972221375,0,0
46,NOSE,0.4870264232158661,0.5138885378837585,-0.09009690582752228,0,0
46,LEFT_EYE_INNER,0.4917074739933014,0.5051599740982056,-0.1028725802898407,0,0
46,LEFT_EYE,0.49250471591949463,0.505561351776123,-0.10290111601352692,0,0
46,LEFT_EYE_OUTER,0.4933100938796997,0.5060603022575378,-0.1029030829668045,0,0
46,RIGHT_EYE_INNER,0.49155277013778687,0.5041812658309937,-0.08106063306331635,0,0
46,RIGHT_EYE,0.49225300550460815,0.5038352012634277,-0.0810898169875145,0,0
46,RIGHT_EYE_OUTER,0.49295419454574585,0.503566563129425,-0.08112218976020813,0,0
46,LEFT_EAR,0.5006307363510132,0.5120490193367004,-0.1362147480249405,0,0
46,RIGHT_EAR,0.49989965558052063,0.5097135305404663,-0.027838891372084618,0,0
46,MOUTH_LEFT,0.489117294549942,0.5248953700065613,-0.09651202708482742,0,0
46,MOUTH_RIGHT,0.4886748194694519,0.5242698788642883,-0.06874550133943558,0,0
46,LEFT_SHOULDER,0.5131740570068359,0.5678867697715759,-0.18733468651771545,0,0
46,RIGHT_SHOULDER,0.5023466348648071,0.5660439133644104,0.05188647285103798,0,0
46,LEFT_ELBOW,0.480834037065506,0.6304572820663452,-0.2180304229259491,0,0
46,RIGHT_ELBOW,0.4818041920661926,0.6023502349853516,0.15018248558044434,0,0
46,LEFT_WRIST,0.43694862723350525,0.6537443995475769,-0.19358548521995544,0,0
46,RIGHT_WRIST,0.4524822533130646,0.5958250761032104,0.19335275888442993,0,0
46,LEFT_PINKY,0.4254489541053772,0.6617252230644226,-0.2165103554725647,0,0
46,RIGHT_PINKY,0.44241902232170105,0.5893430113792419,0.20349496603012085,0,0
46,LEFT_INDEX,0.4228149950504303,0.656095027923584,-0.21257492899894714,0,0
46,RIGHT_INDEX,0.441745787858963,0.5872350335121155,0.18445304036140442,0,0
46,LEFT_THUMB,0.4277406632900238,0.6545149683952332,-0.19087545573711395,0,0
46,RIGHT_THUMB,0.44430768489837646,0.5914922952651978,0.1858142763376236,0,0
46,LEFT_HIP,0.5297538638114929,0.7286903262138367,-0.06910011917352676,0,0
46,RIGHT_HIP,0.5113498568534851,0.724423885345459,0.06912112236022949,0,0
46,LEFT_KNEE,0.5241024494171143,0.8420879244804382,-0.06880281120538712,0,0
46,RIGHT_KNEE,0.4789140820503235,0.8233535289764404,0.07647936046123505,0,0
46,LEFT_ANKLE,0.5536416172981262,0.9424550533294678,0.010600817389786243,0,0
46,RIGHT_ANKLE,0.45268514752388,0.9221764206886292,0.15921778976917267,0,0
46,LEFT_HEEL,0.5665132403373718,0.9543271660804749,0.01680281013250351,0,0
46,RIGHT_HEEL,0.45798781514167786,0.9449860453605652,0.16501031816005707,0,0
46,LEFT_FOOT_INDEX,0.5383996963500977,0.976852297782898,-0.038186024874448776,0,0
46,RIGHT_FOOT_INDEX,0.42960360646247864,0.9651485681533813,0.12424971163272858,0,0
47,NOSE,0.49109789729118347,0.5119405388832092,-0.07187092304229736,0,0
47,LEFT_EYE_INNER,0.49566158652305603,0.5034867525100708,-0.08591321110725403,0,0
47,LEFT_EYE,0.4963737726211548,0.5037941336631775,-0.08594680577516556,0,0
47,LEFT_EYE_OUTER,0.497047483921051,0.504196286201477,-0.0859454870223999,0,0
47,RIGHT_EYE_INNER,0.4959331452846527,0.502968966960907,-0.06182060018181801,0,0
47,RIGHT_EYE,0.4968353807926178,0.5028459429740906,-0.06183808296918869,0,0
47,RIGHT_EYE_OUTER,0.4976900517940521,0.5027767419815063,-0.061884816735982895,0,0
47,LEFT_EAR,0.5040208697319031,0.5101853013038635,-0.11961866915225983,0,0
47,RIGHT_EAR,0.5049009919166565,0.508513331413269,-0.009845715016126633,0,0
47,MOUTH_LEFT,0.493208110332489,0.5231323838233948,-0.08224894851446152,0,0
47,MOUTH_RIGHT,0.49318915605545044,0.523198127746582,-0.05100535601377487,0,0
47,LEFT_SHOULDER,0.5145549178123474,0.5657703876495361,-0.17399001121520996,0,0
47,RIGHT_SHOULDER,0.5080922245979309,0.5667464137077332,0.06743863970041275,0,0
47,LEFT_ELBOW,0.490373432636261,0.6368533372879028,-0.1866440325975418,0,0
47,RIGHT_ELBOW,0.4850724935531616,0.616973340511322,0.11763285845518112,0,0
47,LEFT_WRIST,0.45386603474617004,0.6580616235733032,-0.14274725317955017,0,0
47,RIGHT_WRIST,0.45139533281326294,0.6441099643707275,0.10670611262321472,0,0
47,LEFT_PINKY,0.44249439239501953,0.667004406452179,-0.16306325793266296,0,0
47,RIGHT_PINKY,0.4420899450778961,0.6445196866989136,0.10487772524356842,0,0
47,LEFT_INDEX,0.44045111536979675,0.6675286889076233,-0.1601264923810959,0,0
47,RIGHT_INDEX,0.44088831543922424,0.6428226828575134,0.07315529137849808,0,0
47,LEFT_THUMB,0.4448098838329315,0.6657570004463196,-0.1405407041311264,0,0
47,RIGHT_THUMB,0.4439983665943146,0.6439022421836853,0.08811414241790771,0,0
47,LEFT_HIP,0.5343261957168579,0.7260608077049255,-0.0675337091088295,0,0
47,RIGHT_HIP,0.5174691081047058,0.7214297652244568,0.06753058731555939,0,0
47,LEFT_KNEE,0.5305102467536926,0.8395141363143921,-0.07126333564519882,0,0
47,RIGHT_KNEE,0.48656272888183594,0.8179576396942139,0.1063498929142952,0,0
47,LEFT_ANKLE,0.5529226660728455,0.9413185119628906,0.01212303526699543,0,0
47,RIGHT_ANKLE,0.46435290575027466,0.9167927503585815,0.18941612541675568,0,0
47,LEFT_HEEL,0.564647912979126,0.9535742998123169,0.018151411786675453,0,0
47,RIGHT_HEEL,0.47072941064834595,0.9400891065597534,0.19472593069076538,0,0
47,LEFT_FOOT_INDEX,0.5405488610267639,0.9766499996185303,-0.038135480135679245,0,0
47,RIGHT_FOOT_INDEX,0.4383835792541504,0.9547973871231079,0.16198495030403137,0,0
48,NOSE,0.49629342555999756,0.5101155042648315,-0.058463290333747864,0,0
48,LEFT_EYE_INNER,0.501022219657898,0.502135157585144,-0.07233481109142303,0,0
48,LEFT_EYE,0.5016941428184509,0.5023371577262878,-0.07237768173217773,0,0
48,LEFT_EYE_OUTER,0.5023242235183716,0.5026241540908813,-0.07239595800638199,0,0
48,RIGHT_EYE_INNER,0.5014569759368896,0.501653790473938,-0.04919765889644623,0,0
48,RIGHT_EYE,0.5024154186248779,0.501454770565033,-0.04921286180615425,0,0
48,RIGHT_EYE_OUTER,0.503315269947052,0.5013106465339661,-0.049269504845142365,0,0
48,LEFT_EAR,0.5087111592292786,0.5076859593391418,-0.10361494868993759,0,0
48,RIGHT_EAR,0.5101951360702515,0.5064331889152527,-2.4801198378554545e-05,0,0
48,MOUTH_LEFT,0.4982772171497345,0.5208169221878052,-0.06842375546693802,0,0
48,MOUTH_RIGHT,0.49858495593070984,0.5209466218948364,-0.03852808102965355,0,0
48,LEFT_SHOULDER,0.5169035196304321,0.5627354383468628,-0.15193216502666473,0,0
48,RIGHT_SHOULDER,0.5145474076271057,0.5640617609024048,0.07298754900693893,0,0
48,LEFT_ELBOW,0.49915653467178345,0.6401324272155762,-0.1473034918308258,0,0
48,RIGHT_ELBOW,0.49788111448287964,0.6260589957237244,0.10820724815130234,0,0
48,LEFT_WRIST,0.47275620698928833,0.6574110388755798,-0.0845034196972847,0,0
48,RIGHT_WRIST,0.4721774458885193,0.6445990204811096,0.050393834710121155,0,0
48,LEFT_PINKY,0.4636201560497284,0.6660972833633423,-0.10020282864570618,0,0
48,RIGHT_PINKY,0.46523454785346985,0.6458472609519958,0.04624873772263527,0,0
48,LEFT_INDEX,0.4641944169998169,0.6603267192840576,-0.10047528892755508,0,0
48,RIGHT_INDEX,0.4643043577671051,0.6407585144042969,0.026140309870243073,0,0
48,LEFT_THUMB,0.46790412068367004,0.6610594987869263,-0.08287081867456436,0,0
48,RIGHT_THUMB,0.4669453799724579,0.6408934593200684,0.03870738297700882,0,0
48,LEFT_HIP,0.5368732213973999,0.720635712146759,-0.06625598669052124,0,0
48,RIGHT_HIP,0.5237314105033875,0.7177091836929321,0.06627459079027176,0,0
48,LEFT_KNEE,0.5354375243186951,0.8294374346733093,-0.06654128432273865,0,0
48,RIGHT_KNEE,0.4940468668937683,0.8121234178543091,0.14107321202754974,0,0
48,LEFT_ANKLE,0.5504635572433472,0.9404786229133606,-0.01704910397529602,0,0
48,RIGHT_ANKLE,0.4800557792186737,0.9053279757499695,0.22842362523078918,0,0
48,LEFT_HEEL,0.5559825301170349,0.9572557210922241,-0.014805114828050137,0,0
48,RIGHT_HEEL,0.48707929253578186,0.9294528365135193,0.23456791043281555,0,0
48,LEFT_FOOT_INDEX,0.54222172498703,0.9728304147720337,-0.06431279331445694,0,0
48,RIGHT_FOOT_INDEX,0.4553041160106659,0.9360350370407104,0.21180005371570587,0,0
49,NOSE,0.5000718235969543,0.5098574161529541,-0.05215325579047203,0,0
49,LEFT_EYE_INNER,0.5046349167823792,0.5018275380134583,-0.06503099948167801,0,0
49,LEFT_EYE,0.505318284034729,0.5018370747566223,-0.06508215516805649,0,0
49,LEFT_EYE_OUTER,0.5059046149253845,0.501961886882782,-0.06510110199451447,0,0
49,RIGHT_EYE_INNER,0.5047350525856018,0.5016648769378662,-0.043298669159412384,0,0
49,RIGHT_EYE,0.5055029392242432,0.5014631152153015,-0.04331207647919655,0,0
49,RIGHT_EYE_OUTER,0.506194531917572,0.5013362765312195,-0.04338587075471878,0,0
49,LEFT_EAR,0.511954665184021,0.5061101913452148,-0.09296468645334244,0,0
49,RIGHT_EAR,0.5129721164703369,0.5055584907531738,0.004225531592965126,0,0
49,MOUTH_LEFT,0.5021000504493713,0.5195895433425903,-0.06086982041597366,0,0
49,MOUTH_RIGHT,0.5020816922187805,0.5198323726654053,-0.032723721116781235,0,0
49,LEFT_SHOULDER,0.5220561027526855,0.5579456686973572,-0.13737685978412628,0,0
49,RIGHT_SHOULDER,0.515933632850647,0.5627716779708862,0.0754253938794136,0,0
49,LEFT_ELBOW,0.5118581056594849,0.6400038003921509,-0.14400312304496765,0,0
49,RIGHT_ELBOW,0.5054201483726501,0.62714022397995,0.112724669277668,0,0
49,LEFT_WRIST,0.481937974691391,0.6553887128829956,-0.10580548644065857,0,0
49,RIGHT_WRIST,0.47856712341308594,0.638547956943512,0.05804530903697014,0,0
49,LEFT_PINKY,0.4743751883506775,0.6618450880050659,-0.12194282561540604,0,0
49,RIGHT_PINKY,0.4715089797973633,0.63808673620224,0.05600553750991821,0,0
49,LEFT_INDEX,0.4744493067264557,0.6583582162857056,-0.12306520342826843,0,0
49,RIGHT_INDEX,0.4694359600543976,0.6336418390274048,0.034671686589717865,0,0
49,LEFT_THUMB,0.4781179428100586,0.6549787521362305,-0.10483251512050629,0,0
49,RIGHT_THUMB,0.47225621342658997,0.6356210112571716,0.04702336713671684,0,0
49,LEFT_HIP,0.5403822064399719,0.7120586037635803,-0.06531725823879242,0,0
49,RIGHT_HIP,0.528352677822113,0.710884690284729,0.06529515236616135,0,0
49,LEFT_KNEE,0.5375267863273621,0.8229095935821533,-0.07683427631855011,0,0
49,RIGHT_KNEE,0.5025996565818787,0.8064646124839783,0.1309298425912857,0,0
49,LEFT_ANKLE,0.5460946559906006,0.938723623752594,-0.06242142245173454,0,0
49,RIGHT_ANKLE,0.49458441138267517,0.901610791683197,0.20458833873271942,0,0
49,LEFT_HEEL,0.5496519804000854,0.9558408260345459,-0.06391315162181854,0,0
49,RIGHT_HEEL,0.500727653503418,0.9238766431808472,0.20906351506710052,0,0
49,LEFT_FOOT_INDEX,0.5316345691680908,0.9654732942581177,-0.11828045547008514,0,0
49,RIGHT_FOOT_INDEX,0.4703035354614258,0.9204687476158142,0.1853773444890976,0,0
50,NOSE,0.5040939450263977,0.5097708702087402,-0.0399182103574276,0,0
50,LEFT_EYE_INNER,0.5087541937828064,0.5012010335922241,-0.05346795171499252,0,0
50,LEFT_EYE,0.5093520879745483,0.501126229763031,-0.05350949242711067,0,0
50,LEFT_EYE_OUTER,0.5098318457603455,0.5011833310127258,-0.05352705717086792,0,0
50,RIGHT_EYE_INNER,0.5090400576591492,0.5011835694313049,-0.030964534729719162,0,0
50,RIGHT_EYE,0.5098567008972168,0.5009927749633789,-0.030967216938734055,0,0
50,RIGHT_EYE_OUTER,0.5105456113815308,0.500889003276825,-0.03102731890976429,0,0
50,LEFT_EAR,0.515827476978302,0.5054628252983093,-0.08484361320734024,0,0
50,RIGHT_EAR,0.5171270966529846,0.5052527785301208,0.015596010722219944,0,0
50,MOUTH_LEFT,0.5058709383010864,0.5194564461708069,-0.05004246532917023,0,0
50,MOUTH_RIGHT,0.5059260725975037,0.5196313261985779,-0.02098173461854458,0,0
50,LEFT_SHOULDER,0.5276331305503845,0.5565481781959534,-0.1337631642818451,0,0
50,RIGHT_SHOULDER,0.5230472683906555,0.5605470538139343,0.08361683785915375,0,0
50,LEFT_ELBOW,0.5193396806716919,0.6309097409248352,-0.13956813514232635,0,0
50,RIGHT_ELBOW,0.5123685598373413,0.6240790486335754,0.1213446855545044,0,0
50,LEFT_WRIST,0.4948321282863617,0.6547122597694397,-0.08744875341653824,0,0
50,RIGHT_WRIST,0.4920939803123474,0.6378226280212402,0.07871567457914352,0,0
50,LEFT_PINKY,0.4895547032356262,0.6600803732872009,-0.10085044056177139,0,0
50,RIGHT_PINKY,0.48439428210258484,0.639923632144928,0.07669689506292343,0,0
50,LEFT_INDEX,0.48903852701187134,0.6557287573814392,-0.10262968391180038,0,0
50,RIGHT_INDEX,0.48544344305992126,0.6360429525375366,0.058710552752017975,0,0
50,LEFT_THUMB,0.4919848144054413,0.6546106934547424,-0.08615823090076447,0,0
50,RIGHT_THUMB,0.48757630586624146,0.6358665823936462,0.0687943696975708,0,0
50,LEFT_HIP,0.5437392592430115,0.7092986702919006,-0.06519583612680435,0,0
50,RIGHT_HIP,0.5316988825798035,0.708844780921936,0.06522054225206375,0,0
50,LEFT_KNEE,0.541641354560852,0.8190697431564331,-0.08553972840309143,0,0
50,RIGHT_KNEE,0.5103503465652466,0.8018349409103394,0.12946009635925293,0,0
50,LEFT_ANKLE,0.5453632473945618,0.9374260902404785,-0.08071426302194595,0,0
50,RIGHT_ANKLE,0.5126670598983765,0.8979589939117432,0.20314504206180573,0,0
50,LEFT_HEEL,0.5552948117256165,0.9543928503990173,-0.08278704434633255,0,0
50,RIGHT_HEEL,0.519657552242279,0.9188434481620789,0.2078220695257187,0,0
50,LEFT_FOOT_INDEX,0.5328701734542847,0.9628854393959045,-0.13871048390865326,0,0
50,RIGHT_FOOT_INDEX,0.48574504256248474,0.9238355159759521,0.18622002005577087,0,0
51,NOSE,0.5061054825782776,0.5097842216491699,-0.02550143375992775,0,0
51,LEFT_EYE_INNER,0.5101945996284485,0.5014647841453552,-0.03640145808458328,0,0
51,LEFT_EYE,0.5108145475387573,0.5012990832328796,-0.036441102623939514,0,0
51,LEFT_EYE_OUTER,0.5113347768783569,0.5012351870536804,-0.03644412383437157,0,0
51,RIGHT_EYE_INNER,0.5103074312210083,0.5015784502029419,-0.016487518325448036,0,0
51,RIGHT_EYE,0.5110297799110413,0.50140780210495,-0.016497191041707993,0,0
51,RIGHT_EYE_OUTER,0.5116026401519775,0.5013184547424316,-0.016560757532715797,0,0
51,LEFT_EAR,0.5174566507339478,0.5049803256988525,-0.06061459332704544,0,0
51,RIGHT_EAR,0.5183928608894348,0.5052869915962219,0.02901376597583294,0,0
51,MOUTH_LEFT,0.508232831954956,0.5181616544723511,-0.03349178656935692,0,0
51,MOUTH_RIGHT,0.5082116723060608,0.5183472633361816,-0.007514891214668751,0,0
51,LEFT_SHOULDER,0.5286404490470886,0.5531219244003296,-0.11187673360109329,0,0
51,RIGHT_SHOULDER,0.5199155211448669,0.5629762411117554,0.09036044031381607,0,0
51,LEFT_ELBOW,0.5204592943191528,0.5870309472084045,-0.15869992971420288,0,0
51,RIGHT_ELBOW,0.511435866355896,0.6272391080856323,0.12336092442274094,0,0
51,LEFT_WRIST,0.49771058559417725,0.5858986377716064,-0.15245793759822845,0,0
51,RIGHT_WRIST,0.4875310957431793,0.6482400298118591,0.08789670467376709,0,0
51,LEFT_PINKY,0.49268868565559387,0.5871307849884033,-0.16739889979362488,0,0
51,RIGHT_PINKY,0.4808858036994934,0.6456109285354614,0.08944319188594818,0,0
51,LEFT_INDEX,0.4923538267612457,0.5816700458526611,-0.1641215682029724,0,0
51,RIGHT_INDEX,0.4794699251651764,0.6495227813720703,0.07127903401851654,0,0
51,LEFT_THUMB,0.4949050545692444,0.5825444459915161,-0.15105421841144562,0,0
51,RIGHT_THUMB,0.48218101263046265,0.647307813167572,0.078611820936203,0,0
51,LEFT_HIP,0.5430499911308289,0.7055651545524597,-0.06498363614082336,0,0
51,RIGHT_HIP,0.5326563715934753,0.7070198059082031,0.0650077760219574,0,0
51,LEFT_KNEE,0.5400940775871277,0.8144292831420898,-0.10558991134166718,0,0
51,RIGHT_KNEE,0.510324239730835,0.8019565939903259,0.11077330261468887,0,0
51,LEFT_ANKLE,0.5433928966522217,0.9340704679489136,-0.11260487139225006,0,0
51,RIGHT_ANKLE,0.5125312805175781,0.8986117243766785,0.16444377601146698,0,0
51,LEFT_HEEL,0.5533539056777954,0.953735888004303,-0.11618593335151672,0,0
51,RIGHT_HEEL,0.5200789570808411,0.9176310896873474,0.16656523942947388,0,0
51,LEFT_FOOT_INDEX,0.5288249254226685,0.9553428292274475,-0.1727779507637024,0,0
51,RIGHT_FOOT_INDEX,0.4870118796825409,0.9258801341056824,0.15721148252487183,0,0
52,NOSE,0.5088094472885132,0.5093291997909546,-0.016748718917369843,0,0
52,LEFT_EYE_INNER,0.5131633281707764,0.5012871623039246,-0.028405258432030678,0,0
52,LEFT_EYE,0.5138442516326904,0.5011077523231506,-0.02841685339808464,0,0
52,LEFT_EYE_OUTER,0.5144768357276917,0.501038134098053,-0.028413599357008934,0,0
52,RIGHT_EYE_INNER,0.5130736827850342,0.5014380216598511,-0.008042043074965477,0,0
52,RIGHT_EYE,0.5137071013450623,0.501289427280426,-0.008045544847846031,0,0
52,RIGHT_EYE_OUTER,0.5141865015029907,0.5012224912643433,-0.008098318241536617,0,0
52,LEFT_EAR,0.52064448595047,0.5049918293952942,-0.05605448782444,0,0
52,RIGHT_EAR,0.5207374691963196,0.5054710507392883,0.03531436622142792,0,0
52,MOUTH_LEFT,0.5108329653739929,0.5173898935317993,-0.026178527623414993,0,0
52,MOUTH_RIGHT,0.510500967502594,0.5175555348396301,0.0002357687335461378,0,0
52,LEFT_SHOULDER,0.5325087308883667,0.5491582751274109,-0.1117892786860466,0,0
52,RIGHT_SHOULDER,0.5237911939620972,0.5617235898971558,0.09330181777477264,0,0
52,LEFT_ELBOW,0.5159491896629333,0.5237799286842346,-0.1376618593931198,0,0
52,RIGHT_ELBOW,0.5141404271125793,0.6218007206916809,0.13786858320236206,0,0
52,LEFT_WRIST,0.4996779263019562,0.49767330288887024,-0.06007331237196922,0,0
52,RIGHT_WRIST,0.4940914213657379,0.6435406804084778,0.12052139639854431,0,0
52,LEFT_PINKY,0.4957980811595917,0.4913000166416168,-0.06430628150701523,0,0
52,RIGHT_PINKY,0.48923447728157043,0.6455632448196411,0.12478155642747879,0,0
52,LEFT_INDEX,0.4972648322582245,0.4925917983055115,-0.06387022882699966,0,0
52,RIGHT_INDEX,0.4873456060886383,0.6447737216949463,0.10899412631988525,0,0
52,LEFT_THUMB,0.4997461438179016,0.49583518505096436,-0.0582410953938961,0,0
52,RIGHT_THUMB,0.48974359035491943,0.6425632834434509,0.11248589307069778,0,0
52,LEFT_HIP,0.5474509596824646,0.6996572017669678,-0.06507149338722229,0,0
52,RIGHT_HIP,0.537580668926239,0.7009852528572083,0.06505797803401947,0,0
52,LEFT_KNEE,0.5437998175621033,0.8101180195808411,-0.1064734235405922,0,0
52,RIGHT_KNEE,0.5160874128341675,0.7946363687515259,0.0981774628162384,0,0
52,LEFT_ANKLE,0.545950710773468,0.9295177459716797,-0.11978382617235184,0,0
52,RIGHT_ANKLE,0.5273578763008118,0.8942829370498657,0.15281347930431366,0,0
52,LEFT_HEEL,0.5556211471557617,0.9491850733757019,-0.1236286386847496,0,0
52,RIGHT_HEEL,0.534112274646759,0.9091958403587341,0.15626344084739685,0,0
52,LEFT_FOOT_INDEX,0.5299270153045654,0.9565848112106323,-0.18048079311847687,0,0
52,RIGHT_FOOT_INDEX,0.5003697276115417,0.9205647706985474,0.1536116898059845,0,0
53,NOSE,0.510242223739624,0.5099553465843201,-0.030122285708785057,0,0
53,LEFT_EYE_INNER,0.5145167112350464,0.502229630947113,-0.0414532870054245,0,0
53,LEFT_EYE,0.5154143571853638,0.5021718144416809,-0.04147551953792572,0,0
53,LEFT_EYE_OUTER,0.5161646008491516,0.5022116899490356,-0.0414796844124794,0,0
53,RIGHT_EYE_INNER,0.5140412449836731,0.5023049712181091,-0.02133338712155819,0,0
53,RIGHT_EYE,0.5146234035491943,0.5022370219230652,-0.02133960835635662,0,0
53,RIGHT_EYE_OUTER,0.5150352716445923,0.5022256374359131,-0.02138971909880638,0,0
53,LEFT_EAR,0.5230163931846619,0.5065110921859741,-0.06724768131971359,0,0
53,RIGHT_EAR,0.5213977694511414,0.5067004561424255,0.023429902270436287,0,0
53,MOUTH_LEFT,0.5130694508552551,0.5189529061317444,-0.03844539076089859,0,0
53,MOUTH_RIGHT,0.5123646259307861,0.5190576910972595,-0.012168209999799728,0,0
53,LEFT_SHOULDER,0.5362516045570374,0.5530974864959717,-0.11534375697374344,0,0
53,RIGHT_SHOULDER,0.5259784460067749,0.5624786019325256,0.08369453251361847,0,0
53,LEFT_ELBOW,0.5348379015922546,0.577539324760437,-0.15119697153568268,0,0
53,RIGHT_ELBOW,0.5095421075820923,0.622403085231781,0.1276908963918686,0,0
53,LEFT_WRIST,0.5134149789810181,0.5991223454475403,-0.15582121908664703,0,0
53,RIGHT_WRIST,0.4833758473396301,0.6473941802978516,0.11756601184606552,0,0
53,LEFT_PINKY,0.5087016224861145,0.6055921912193298,-0.1726566106081009,0,0
53,RIGHT_PINKY,0.47743186354637146,0.6460587382316589,0.11872854828834534,0,0
53,LEFT_INDEX,0.5072794556617737,0.5943641066551208,-0.17167721688747406,0,0
53,RIGHT_INDEX,0.4773692190647125,0.6461883783340454,0.10573722422122955,0,0
53,LEFT_THUMB,0.5094297528266907,0.593189537525177,-0.15528270602226257,0,0
53,RIGHT_THUMB,0.4782639741897583,0.6449361443519592,0.10938801616430283,0,0
53,LEFT_HIP,0.5485886335372925,0.6999697685241699,-0.06574418395757675,0,0
53,RIGHT_HIP,0.5384936928749084,0.7000457644462585,0.0657314881682396,0,0
53,LEFT_KNEE,0.5439803004264832,0.8127208352088928,-0.09531458467245102,0,0
53,RIGHT_KNEE,0.522132158279419,0.7930546998977661,0.12453386187553406,0,0
53,LEFT_ANKLE,0.5471763610839844,0.9276502132415771,-0.08437097072601318,0,0
53,RIGHT_ANKLE,0.537480890750885,0.8889622092247009,0.21008557081222534,0,0
53,LEFT_HEEL,0.5573166608810425,0.9487119317054749,-0.08658263832330704,0,0
53,RIGHT_HEEL,0.5420875549316406,0.9021459221839905,0.2169615626335144,0,0
53,LEFT_FOOT_INDEX,0.5297667384147644,0.9574301242828369,-0.14257697761058807,0,0
53,RIGHT_FOOT_INDEX,0.5131162405014038,0.9137594103813171,0.2025977224111557,0,0
54,NOSE,0.5098051428794861,0.5109619498252869,-0.03248806670308113,0,0
54,LEFT_EYE_INNER,0.5138002634048462,0.5029493570327759,-0.048354629427194595,0,0
54,LEFT_EYE,0.5147765874862671,0.5028541684150696,-0.0483555942773819,0,0
54,LEFT_EYE_OUTER,0.5155657529830933,0.5028577446937561,-0.04839559644460678,0,0
54,RIGHT_EYE_INNER,0.5130791664123535,0.5029280185699463,-0.029030775651335716,0,0
54,RIGHT_EYE,0.5136337876319885,0.5027168989181519,-0.029058169573545456,0,0
54,RIGHT_EYE_OUTER,0.5140383243560791,0.5025324821472168,-0.029169807210564613,0,0
54,LEFT_EAR,0.5227221846580505,0.5067925453186035,-0.08208975195884705,0,0
54,RIGHT_EAR,0.5206679105758667,0.5065365433692932,0.008070440962910652,0,0
54,MOUTH_LEFT,0.513022243976593,0.5199456214904785,-0.04104912281036377,0,0
54,MOUTH_RIGHT,0.5121484994888306,0.5200445652008057,-0.01666090078651905,0,0
54,LEFT_SHOULDER,0.5369653105735779,0.5530828237533569,-0.11728496104478836,0,0
54,RIGHT_SHOULDER,0.5271987318992615,0.5633578896522522,0.07283535599708557,0,0
54,LEFT_ELBOW,0.5269848108291626,0.6083040833473206,-0.14491286873817444,0,0
54,RIGHT_ELBOW,0.5066418051719666,0.6222281455993652,0.10855040699243546,0,0
54,LEFT_WRIST,0.5051221251487732,0.6370691657066345,-0.11888466775417328,0,0
54,RIGHT_WRIST,0.48171767592430115,0.6444868445396423,0.06980165094137192,0,0
54,LEFT_PINKY,0.4999033808708191,0.6453069448471069,-0.13225167989730835,0,0
54,RIGHT_PINKY,0.4739982783794403,0.6447511315345764,0.06761099398136139,0,0
54,LEFT_INDEX,0.49948957562446594,0.6357433199882507,-0.13408727943897247,0,0
54,RIGHT_INDEX,0.47185614705085754,0.6428897380828857,0.05058451369404793,0,0
54,LEFT_THUMB,0.502122163772583,0.6335951089859009,-0.1181095540523529,0,0
54,RIGHT_THUMB,0.476378858089447,0.6422176957130432,0.060206472873687744,0,0
54,LEFT_HIP,0.5502964854240417,0.6998109221458435,-0.06698063015937805,0,0
54,RIGHT_HIP,0.5405614376068115,0.6992653012275696,0.06694715470075607,0,0
54,LEFT_KNEE,0.5455018877983093,0.8127598762512207,-0.061383236199617386,0,0
54,RIGHT_KNEE,0.5321429371833801,0.7943135499954224,0.15673570334911346,0,0
54,LEFT_ANKLE,0.5477797985076904,0.9281162023544312,-0.051234740763902664,0,0
54,RIGHT_ANKLE,0.5461571216583252,0.8899678587913513,0.25255653262138367,0,0
54,LEFT_HEEL,0.5590498447418213,0.9486488699913025,-0.05303126573562622,0,0
54,RIGHT_HEEL,0.550283670425415,0.9010302424430847,0.26112592220306396,0,0
54,LEFT_FOOT_INDEX,0.5313747525215149,0.9584271311759949,-0.10581206530332565,0,0
54,RIGHT_FOOT_INDEX,0.5249789953231812,0.9088121652603149,0.24597536027431488,0,0
55,NOSE,0.5122672319412231,0.5144343972206116,0.009366542100906372,0,0
55,LEFT_EYE_INNER,0.5161694288253784,0.5071695446968079,-0.001894385670311749,0,0
55,LEFT_EYE,0.5167943835258484,0.5068754553794861,-0.0019159943331032991,0,0
55,LEFT_EYE_OUTER,0.5180588960647583,0.5065199732780457,-0.001922568422742188,0,0
55,RIGHT_EYE_INNER,0.5159637928009033,0.507218062877655,0.01651991717517376,0,0
55,RIGHT_EYE,0.5165325403213501,0.5068769454956055,0.016496356576681137,0,0
55,RIGHT_EYE_OUTER,0.5167849063873291,0.5065440535545349,0.016407039016485214,0,0
55,LEFT_EAR,0.524928092956543,0.5097225308418274,-0.031282976269721985,0,0
55,RIGHT_EAR,0.5247842073440552,0.5099468231201172,0.050750359892845154,0,0
55,MOUTH_LEFT,0.5171257257461548,0.5239382982254028,0.0003600188938435167,0,0
55,MOUTH_RIGHT,0.5168277025222778,0.5246284008026123,0.024096164852380753,0,0
55,LEFT_SHOULDER,0.5380924940109253,0.5533137917518616,-0.07849223911762238,0,0
55,RIGHT_SHOULDER,0.533103346824646,0.5664899945259094,0.10240527242422104,0,0
55,LEFT_ELBOW,0.5195847749710083,0.6215992569923401,-0.07013241201639175,0,0
55,RIGHT_ELBOW,0.5105529427528381,0.6321882009506226,0.12120001018047333,0,0
55,LEFT_WRIST,0.4964056611061096,0.636741578578949,-0.021326741203665733,0,0
55,RIGHT_WRIST,0.48033377528190613,0.6502740979194641,0.07067732512950897,0,0
55,LEFT_PINKY,0.4908847510814667,0.6391457319259644,-0.029379952698946,0,0
55,RIGHT_PINKY,0.4733547270298004,0.6504001617431641,0.07042074203491211,0,0
55,LEFT_INDEX,0.49223220348358154,0.6311563849449158,-0.028678523376584053,0,0
55,RIGHT_INDEX,0.4717235565185547,0.6457085609436035,0.05798609182238579,0,0
55,LEFT_THUMB,0.4949028789997101,0.6307695508003235,-0.01934862695634365,0,0
55,RIGHT_THUMB,0.47441455721855164,0.6462056636810303,0.06422615796327591,0,0
55,LEFT_HIP,0.5533656477928162,0.6995770335197449,-0.0637890174984932,0,0
55,RIGHT_HIP,0.5467913746833801,0.6998885273933411,0.06371833384037018,0,0
55,LEFT_KNEE,0.5461069941520691,0.8111106157302856,-0.07188136875629425,0,0
55,RIGHT_KNEE,0.5419847369194031,0.7975664734840393,0.10103102028369904,0,0
55,LEFT_ANKLE,0.547866940498352,0.9284148812294006,-0.08988078683614731,0,0
55,RIGHT_ANKLE,0.5482790470123291,0.8919622302055359,0.1297486126422882,0,0
55,LEFT_HEEL,0.5596178770065308,0.9480617642402649,-0.09291349351406097,0,0
55,RIGHT_HEEL,0.5551208853721619,0.9070888757705688,0.13181522488594055,0,0
55,LEFT_FOOT_INDEX,0.5322346687316895,0.9590457677841187,-0.13668380677700043,0,0
55,RIGHT_FOOT_INDEX,0.531593382358551,0.9155781865119934,0.11164406687021255,0,0
56,NOSE,0.5133303999900818,0.5184301733970642,-0.019370978698134422,0,0
56,LEFT_EYE_INNER,0.517021119594574,0.5096626281738281,-0.029779216274619102,0,0
56,LEFT_EYE,0.5177128314971924,0.5092809796333313,-0.029799340292811394,0,0
56,LEFT_EYE_OUTER,0.5183791518211365,0.5089108943939209,-0.029804809018969536,0,0
56,RIGHT_EYE_INNER,0.5167511701583862,0.5099169611930847,-0.011491495184600353,0,0
56,RIGHT_EYE,0.5173718333244324,0.5095919370651245,-0.011507001705467701,0,0
56,RIGHT_EYE_OUTER,0.5177705883979797,0.5092862248420715,-0.011568201705813408,0,0
56,LEFT_EAR,0.5260209441184998,0.5129980444908142,-0.0540299154818058,0,0
56,RIGHT_EAR,0.5251083374023438,0.5136080980300903,0.02915964089334011,0,0
56,MOUTH_LEFT,0.5176853537559509,0.5270874500274658,-0.027255503460764885,0,0
56,MOUTH_RIGHT,0.5173445343971252,0.5279251933097839,-0.00316805811598897,0,0
56,LEFT_SHOULDER,0.5395753383636475,0.554172694683075,-0.09778759628534317,0,0
56,RIGHT_SHOULDER,0.5342683792114258,0.5798377990722656,0.07902266085147858,0,0
56,LEFT_ELBOW,0.5183277726173401,0.5829942226409912,-0.0893174558877945,0,0
56,RIGHT_ELBOW,0.5137618184089661,0.6425967216491699,0.10855332762002945,0,0
56,LEFT_WRIST,0.49660590291023254,0.5701092481613159,-0.011242575012147427,0,0
56,RIGHT_WRIST,0.48353660106658936,0.6541188955307007,0.07264719903469086,0,0
56,LEFT_PINKY,0.490820974111557,0.5651113986968994,-0.01598917506635189,0,0
56,RIGHT_PINKY,0.4758697748184204,0.657308042049408,0.072452612221241,0,0
56,LEFT_INDEX,0.4928499758243561,0.5617433190345764,-0.01368351373821497,0,0
56,RIGHT_INDEX,0.47587910294532776,0.6540141701698303,0.05736773461103439,0,0
56,LEFT_THUMB,0.49587395787239075,0.5639019012451172,-0.008232323452830315,0,0
56,RIGHT_THUMB,0.47910651564598083,0.6537710428237915,0.06490591913461685,0,0
56,LEFT_HIP,0.5527945160865784,0.7026470899581909,-0.061371318995952606,0,0
56,RIGHT_HIP,0.5505996346473694,0.7095269560813904,0.061270199716091156,0,0
56,LEFT_KNEE,0.544822096824646,0.8163089752197266,-0.03604118153452873,0,0
56,RIGHT_KNEE,0.5479013323783875,0.807536780834198,0.12707261741161346,0,0
56,LEFT_ANKLE,0.550934374332428,0.9287310838699341,-0.0065267994068562984,0,0
56,RIGHT_ANKLE,0.5608741641044617,0.894646167755127,0.20503941178321838,0,0
56,LEFT_HEEL,0.5622449517250061,0.947976291179657,-0.0047370861284434795,0,0
56,RIGHT_HEEL,0.5608031153678894,0.9091456532478333,0.21273794770240784,0,0
56,LEFT_FOOT_INDEX,0.5333310961723328,0.9595281481742859,-0.04711068421602249,0,0
56,RIGHT_FOOT_INDEX,0.5432053804397583,0.9205236434936523,0.19524279236793518,0,0
57,NOSE,0.5128767490386963,0.51840740442276,-0.021152548491954803,0,0
57,LEFT_EYE_INNER,0.5163470506668091,0.5096843242645264,-0.032235387712717056,0,0
57,LEFT_EYE,0.5170663595199585,0.5093239545822144,-0.03233303874731064,0,0
57,LEFT_EYE_OUTER,0.5175782442092896,0.5090104937553406,-0.03239740803837776,0,0
57,RIGHT_EYE_INNER,0.516431450843811,0.5098688006401062,-0.012920833192765713,0,0
57,RIGHT_EYE,0.5173727869987488,0.5095245242118835,-0.012899457477033138,0,0
57,RIGHT_EYE_OUTER,0.5180056691169739,0.5092201232910156,-0.012913658283650875,0,0
57,LEFT_EAR,0.5244221091270447,0.51307612657547,-0.06989932060241699,0,0
57,RIGHT_EAR,0.5248954892158508,0.5135667324066162,0.016508636996150017,0,0
57,MOUTH_LEFT,0.5162259936332703,0.5270684361457825,-0.03244379907846451,0,0
57,MOUTH_RIGHT,0.5162046551704407,0.5278584361076355,-0.00801284983754158,0,0
57,LEFT_SHOULDER,0.5366023182868958,0.5618690848350525,-0.12035451084375381,0,0
57,RIGHT_SHOULDER,0.5379320383071899,0.5783833861351013,0.07559175789356232,0,0
57,LEFT_ELBOW,0.516754686832428,0.6326408386230469,-0.11573449522256851,0,0
57,RIGHT_ELBOW,0.5210428237915039,0.6403128504753113,0.10220227390527725,0,0
57,LEFT_WRIST,0.49447810649871826,0.6510468125343323,-0.06030001491308212,0,0
57,RIGHT_WRIST,0.4897640645503998,0.6613132953643799,0.06604201346635818,0,0
57,LEFT_PINKY,0.4881426990032196,0.6558325886726379,-0.07230129092931747,0,0
57,RIGHT_PINKY,0.48202845454216003,0.6663233637809753,0.06544899195432663,0,0
57,LEFT_INDEX,0.4884639084339142,0.6489178538322449,-0.07002760469913483,0,0
57,RIGHT_INDEX,0.48190850019454956,0.6618733406066895,0.0478021465241909,0,0
57,LEFT_THUMB,0.4918369650840759,0.6479184627532959,-0.057689715176820755,0,0
57,RIGHT_THUMB,0.4839615523815155,0.6609010696411133,0.05704868584871292,0,0
57,LEFT_HIP,0.5550596117973328,0.7033718228340149,-0.06144915148615837,0,0
57,RIGHT_HIP,0.5532158017158508,0.7099674344062805,0.061354901641607285,0,0
57,LEFT_KNEE,0.543965756893158,0.8192834854125977,-0.030743125826120377,0,0
57,RIGHT_KNEE,0.5476569533348083,0.8120050430297852,0.12113996595144272,0,0
57,LEFT_ANKLE,0.5512142777442932,0.9290424585342407,0.013522901572287083,0,0
57,RIGHT_ANKLE,0.5612603425979614,0.8998478055000305,0.19408872723579407,0,0
57,LEFT_HEEL,0.5635983943939209,0.9479501247406006,0.0164810623973608,0,0
57,RIGHT_HEEL,0.5675159096717834,0.9130299091339111,0.20023870468139648,0,0
57,LEFT_FOOT_INDEX,0.5334876775741577,0.9596680998802185,-0.021918227896094322,0,0
57,RIGHT_FOOT_INDEX,0.5425794124603271,0.9214973449707031,0.1788168102502823,0,0
58,NOSE,0.5121832489967346,0.520658016204834,-0.04827609285712242,0,0
58,LEFT_EYE_INNER,0.5157462954521179,0.5118926167488098,-0.061265476047992706,0,0
58,LEFT_EYE,0.5164192914962769,0.5116190910339355,-0.061307113617658615,0,0
58,LEFT_EYE_OUTER,0.5170100331306458,0.5114184617996216,-0.06133682280778885,0,0
58,RIGHT_EYE_INNER,0.5159221887588501,0.5117723941802979,-0.04131660982966423,0,0
58,RIGHT_EYE,0.5168261528015137,0.5112970471382141,-0.04132959619164467,0,0
58,RIGHT_EYE_OUTER,0.5175344347953796,0.5108984112739563,-0.04137493669986725,0,0
58,LEFT_EAR,0.5236107110977173,0.5151406526565552,-0.09522722661495209,0,0
58,RIGHT_EAR,0.5246021151542664,0.5150647759437561,-0.006497457157820463,0,0
58,MOUTH_LEFT,0.5157858729362488,0.5288047790527344,-0.05881836637854576,0,0
58,MOUTH_RIGHT,0.515902578830719,0.5289672017097473,-0.033248309046030045,0,0
58,LEFT_SHOULDER,0.5356674790382385,0.5715814828872681,-0.13990536332130432,0,0
58,RIGHT_SHOULDER,0.5409965515136719,0.5770535469055176,0.05945654958486557,0,0
58,LEFT_ELBOW,0.5167113542556763,0.6503202319145203,-0.12293800711631775,0,0
58,RIGHT_ELBOW,0.5270230174064636,0.6432593464851379,0.0930907279253006,0,0
58,LEFT_WRIST,0.4926804006099701,0.6598858833312988,-0.0558033250272274,0,0
58,RIGHT_WRIST,0.4941571354866028,0.6621461510658264,0.06351679563522339,0,0
58,LEFT_PINKY,0.4865137040615082,0.6661370396614075,-0.06621874868869781,0,0
58,RIGHT_PINKY,0.4866119623184204,0.6670383214950562,0.06390220671892166,0,0
58,LEFT_INDEX,0.4873727858066559,0.657494068145752,-0.06337274610996246,0,0
58,RIGHT_INDEX,0.48599353432655334,0.6610695719718933,0.04677969217300415,0,0
58,LEFT_THUMB,0.48977503180503845,0.656727135181427,-0.052409060299396515,0,0
58,RIGHT_THUMB,0.48719772696495056,0.660153865814209,0.055074337869882584,0,0
58,LEFT_HIP,0.5578696131706238,0.705531120300293,-0.062106773257255554,0,0
58,RIGHT_HIP,0.5577536225318909,0.7099753618240356,0.06203659623861313,0,0
58,LEFT_KNEE,0.543487012386322,0.8214837312698364,-0.04262051731348038,0,0
58,RIGHT_KNEE,0.5460291504859924,0.80631422996521,0.1458825170993805,0,0
58,LEFT_ANKLE,0.5534380078315735,0.9304044246673584,-0.011678994633257389,0,0
58,RIGHT_ANKLE,0.5636335611343384,0.8846861124038696,0.2352636456489563,0,0
58,LEFT_HEEL,0.566407322883606,0.9481168389320374,-0.010111355222761631,0,0
58,RIGHT_HEEL,0.5702988505363464,0.8971731662750244,0.2438824474811554,0,0
58,LEFT_FOOT_INDEX,0.5337290167808533,0.9622182250022888,-0.04769899323582649,0,0
58,RIGHT_FOOT_INDEX,0.5481025576591492,0.8987380862236023,0.23893795907497406,0,0
59,NOSE,0.5150672197341919,0.5245475172996521,-0.024359194561839104,0,0
59,LEFT_EYE_INNER,0.5173149704933167,0.5158886909484863,-0.03806670382618904,0,0
59,LEFT_EYE,0.517770528793335,0.5156922340393066,-0.038106031715869904,0,0
59,LEFT_EYE_OUTER,0.5183168649673462,0.5155623555183411,-0.03812086582183838,0,0
59,RIGHT_EYE_INNER,0.5176382064819336,0.5156145691871643,-0.01912953145802021,0,0
59,RIGHT_EYE,0.5186656713485718,0.5150042772293091,-0.019135748967528343,0,0
59,RIGHT_EYE_OUTER,0.5192866921424866,0.5146012902259827,-0.019187627360224724,0,0
59,LEFT_EAR,0.5242539644241333,0.5188964009284973,-0.07604154199361801,0,0
59,RIGHT_EAR,0.5255714058876038,0.518173098564148,0.006606382317841053,0,0
59,MOUTH_LEFT,0.5184773206710815,0.532604455947876,-0.035844169557094574,0,0
59,MOUTH_RIGHT,0.5188130140304565,0.5325019359588623,-0.01146937720477581,0,0
59,LEFT_SHOULDER,0.5349987149238586,0.5746318101882935,-0.12422625720500946,0,0
59,RIGHT_SHOULDER,0.5465538501739502,0.5745758414268494,0.06609756499528885,0,0
59,LEFT_ELBOW,0.5160044431686401,0.6517974138259888,-0.10993482172489166,0,0
59,RIGHT_ELBOW,0.5361412167549133,0.6411925554275513,0.10736671835184097,0,0
59,LEFT_WRIST,0.4931977391242981,0.6631704568862915,-0.04013117775321007,0,0
59,RIGHT_WRIST,0.5143842101097107,0.6586965918540955,0.09661570936441422,0,0
59,LEFT_PINKY,0.48649826645851135,0.6676920652389526,-0.049949247390031815,0,0
59,RIGHT_PINKY,0.5102040767669678,0.6623215675354004,0.09961187839508057,0,0
59,LEFT_INDEX,0.48733657598495483,0.6603108644485474,-0.047420427203178406,0,0
59,RIGHT_INDEX,0.507508397102356,0.6574451327323914,0.08472191542387009,0,0
59,LEFT_THUMB,0.48906823992729187,0.659563422203064,-0.03695542737841606,0,0
59,RIGHT_THUMB,0.5085941553115845,0.656886100769043,0.08967223763465881,0,0
59,LEFT_HIP,0.5607722997665405,0.7088103890419006,-0.06218099221587181,0,0
59,RIGHT_HIP,0.5595136284828186,0.7094669938087463,0.06211215630173683,0,0
59,LEFT_KNEE,0.543690025806427,0.8215363025665283,-0.04575200378894806,0,0
59,RIGHT_KNEE,0.5493882298469543,0.791580855846405,0.1549067199230194,0,0
59,LEFT_ANKLE,0.554424524307251,0.930454432964325,-0.02131631225347519,0,0
59,RIGHT_ANKLE,0.5680914521217346,0.8657060861587524,0.2515681982040405,0,0
59,LEFT_HEEL,0.5674454569816589,0.948114275932312,-0.020077455788850784,0,0
59,RIGHT_HEEL,0.5751206874847412,0.8773216009140015,0.26124098896980286,0,0
59,LEFT_FOOT_INDEX,0.5331709384918213,0.9626104235649109,-0.05474698543548584,0,0
59,RIGHT_FOOT_INDEX,0.5567908883094788,0.8844050168991089,0.2628529369831085,0,0
60,NOSE,0.515600860118866,0.526996910572052,-0.02170606143772602,0,0
60,LEFT_EYE_INNER,0.5180556774139404,0.5182937979698181,-0.03611886501312256,0,0
60,LEFT_EYE,0.5184794068336487,0.5182141065597534,-0.0361514613032341,0,0
60,LEFT_EYE_OUTER,0.5189197063446045,0.5182182192802429,-0.03616476431488991,0,0
60,RIGHT_EYE_INNER,0.5184273719787598,0.5177621245384216,-0.01721399463713169,0,0
60,RIGHT_EYE,0.5193498134613037,0.5171745419502258,-0.017219219356775284,0,0
60,RIGHT_EYE_OUTER,0.5199976563453674,0.5167444348335266,-0.017264753580093384,0,0
60,LEFT_EAR,0.5248382687568665,0.5216286778450012,-0.07449789345264435,0,0
60,RIGHT_EAR,0.5264166593551636,0.5204467177391052,0.006818012800067663,0,0
60,MOUTH_LEFT,0.5189337730407715,0.5345169305801392,-0.03325406089425087,0,0
60,MOUTH_RIGHT,0.5192896723747253,0.5343440771102905,-0.00904229935258627,0,0
60,LEFT_SHOULDER,0.5345955491065979,0.5798364877700806,-0.11980719119310379,0,0
60,RIGHT_SHOULDER,0.5483201146125793,0.5702176690101624,0.0665341317653656,0,0
60,LEFT_ELBOW,0.5157984495162964,0.6532845497131348,-0.10706698149442673,0,0
60,RIGHT_ELBOW,0.5347623229026794,0.6222443580627441,0.1278160959482193,0,0
60,LEFT_WRIST,0.4937204122543335,0.6639600992202759,-0.04076270014047623,0,0
60,RIGHT_WRIST,0.5086023211479187,0.6206824779510498,0.13977546989917755,0,0
60,LEFT_PINKY,0.4877035319805145,0.6686617136001587,-0.05143897607922554,0,0
60,RIGHT_PINKY,0.5036071538925171,0.616561770439148,0.14486996829509735,0,0
60,LEFT_INDEX,0.4867291748523712,0.6608811616897583,-0.05082052946090698,0,0
60,RIGHT_INDEX,0.5006111860275269,0.6123972535133362,0.13040022552013397,0,0
60,LEFT_THUMB,0.48907676339149475,0.6605106592178345,-0.03859008103609085,0,0
60,RIGHT_THUMB,0.501582145690918,0.6157183647155762,0.1334185004234314,0,0
60,LEFT_HIP,0.5619653463363647,0.7115065455436707,-0.062201742082834244,0,0
60,RIGHT_HIP,0.5615273714065552,0.7088131904602051,0.06215106323361397,0,0
60,LEFT_KNEE,0.5438197255134583,0.823287844657898,-0.047148238867521286,0,0
60,RIGHT_KNEE,0.5535002946853638,0.7909127473831177,0.16953322291374207,0,0
60,LEFT_ANKLE,0.5557482242584229,0.9323948621749878,-0.031869273632764816,0,0
60,RIGHT_ANKLE,0.5680485963821411,0.8618689775466919,0.26816025376319885,0,0
60,LEFT_HEEL,0.5680021643638611,0.9504868984222412,-0.031972482800483704,0,0
60,RIGHT_HEEL,0.575513482093811,0.8752272725105286,0.27824416756629944,0,0
60,LEFT_FOOT_INDEX,0.5330693125724792,0.9624375104904175,-0.056586503982543945,0,0
60,RIGHT_FOOT_INDEX,0.554151713848114,0.8851283192634583,0.28054681420326233,0,0
61,NOSE,0.5172718167304993,0.5283836722373962,-0.024365724995732307,0,0
61,LEFT_EYE_INNER,0.5196205973625183,0.5200267434120178,-0.03676432743668556,0,0
61,LEFT_EYE,0.5201668739318848,0.5199544429779053,-0.0367826409637928,0,0
61,LEFT_EYE_OUTER,0.5206077098846436,0.5199835300445557,-0.03678477928042412,0,0
61,RIGHT_EYE_INNER,0.5196163654327393,0.5193899273872375,-0.01867007464170456,0,0
61,RIGHT_EYE,0.5203096270561218,0.5187510848045349,-0.018684109672904015,0,0
61,RIGHT_EYE_OUTER,0.5208399891853333,0.5182065367698669,-0.018741022795438766,0,0
61,LEFT_EAR,0.5267233848571777,0.5229805707931519,-0.067085400223732,0,0
61,RIGHT_EAR,0.5275002717971802,0.5215538144111633,0.010753671638667583,0,0
61,MOUTH_LEFT,0.5206652879714966,0.5355444550514221,-0.03374260291457176,0,0
61,MOUTH_RIGHT,0.5205867290496826,0.5353867411613464,-0.010403349064290524,0,0
61,LEFT_SHOULDER,0.5370453000068665,0.5769942998886108,-0.10970333963632584,0,0
61,RIGHT_SHOULDER,0.5427236557006836,0.574660062789917,0.06806714832782745,0,0
61,LEFT_ELBOW,0.5185599327087402,0.6002026796340942,-0.10221001505851746,0,0
61,RIGHT_ELBOW,0.5280215740203857,0.6273988485336304,0.12282157689332962,0,0
61,LEFT_WRIST,0.5005107522010803,0.5820647478103638,-0.034116942435503006,0,0
61,RIGHT_WRIST,0.5010877251625061,0.6540659070014954,0.11152885109186172,0,0
61,LEFT_PINKY,0.4955493211746216,0.5777377486228943,-0.04160165414214134,0,0
61,RIGHT_PINKY,0.49863874912261963,0.6561679840087891,0.11291114240884781,0,0
61,LEFT_INDEX,0.4967189431190491,0.5733797550201416,-0.04067631810903549,0,0
61,RIGHT_INDEX,0.4927470088005066,0.6443982124328613,0.09574299305677414,0,0
61,LEFT_THUMB,0.49944984912872314,0.57546067237854,-0.031817805022001266,0,0
61,RIGHT_THUMB,0.4947097599506378,0.6498490571975708,0.10277719050645828,0,0
61,LEFT_HIP,0.5635116696357727,0.7120310664176941,-0.06200576573610306,0,0
61,RIGHT_HIP,0.5614392757415771,0.7091322541236877,0.061963215470314026,0,0
61,LEFT_KNEE,0.5463067293167114,0.8228424787521362,-0.06354208290576935,0,0
61,RIGHT_KNEE,0.5557048320770264,0.7937158942222595,0.1607351452112198,0,0
61,LEFT_ANKLE,0.5596814751625061,0.9335145950317383,-0.06329338252544403,0,0
61,RIGHT_ANKLE,0.572401762008667,0.8669318556785583,0.2554788589477539,0,0
61,LEFT_HEEL,0.5690200328826904,0.9503820538520813,-0.0644526556134224,0,0
61,RIGHT_HEEL,0.5797763466835022,0.8781696557998657,0.2647934854030609,0,0
61,LEFT_FOOT_INDEX,0.5358243584632874,0.9624392986297607,-0.11051968485116959,0,0
61,RIGHT_FOOT_INDEX,0.5587520599365234,0.8858145475387573,0.2578575611114502,0,0
62,NOSE,0.5175551176071167,0.5276416540145874,-0.02515529654920101,0,0
62,LEFT_EYE_INNER,0.5197952389717102,0.5195813775062561,-0.03821437060832977,0,0
62,LEFT_EYE,0.5203717350959778,0.5195319652557373,-0.0382387638092041,0,0
62,LEFT_EYE_OUTER,0.5208157300949097,0.5196060538291931,-0.038249365985393524,0,0
62,RIGHT_EYE_INNER,0.5197224020957947,0.5189351439476013,-0.01983296312391758,0,0
62,RIGHT_EYE,0.5203782916069031,0.5183168053627014,-0.019843759015202522,0,0
62,RIGHT_EYE_OUTER,0.5208998322486877,0.5177859663963318,-0.019893856719136238,0,0
62,LEFT_EAR,0.5269414186477661,0.5225957036018372,-0.06981812417507172,0,0
62,RIGHT_EAR,0.5275393724441528,0.5209973454475403,0.010620242916047573,0,0
62,MOUTH_LEFT,0.5210672616958618,0.5349423289299011,-0.03494355455040932,0,0
62,MOUTH_RIGHT,0.5209408402442932,0.5347994565963745,-0.011224573478102684,0,0
62,LEFT_SHOULDER,0.5364295840263367,0.5765944719314575,-0.11353568732738495,0,0
62,RIGHT_SHOULDER,0.5423488616943359,0.5728198289871216,0.06880483031272888,0,0
62,LEFT_ELBOW,0.5186572670936584,0.607257604598999,-0.10465547442436218,0,0
62,RIGHT_ELBOW,0.5285641551017761,0.6190474629402161,0.1344902068376541,0,0
62,LEFT_WRIST,0.5013979077339172,0.6019999384880066,-0.03147111088037491,0,0
62,RIGHT_WRIST,0.5016746520996094,0.633254885673523,0.1478338986635208,0,0
62,LEFT_PINKY,0.4973240792751312,0.6011620163917542,-0.038984835147857666,0,0
62,RIGHT_PINKY,0.49565526843070984,0.6358931660652161,0.152947336435318,0,0
62,LEFT_INDEX,0.49789178371429443,0.5962316393852234,-0.03926927223801613,0,0
62,RIGHT_INDEX,0.4936174750328064,0.6306224465370178,0.13879629969596863,0,0
62,LEFT_THUMB,0.5005730986595154,0.5973371863365173,-0.029284732416272163,0,0
62,RIGHT_THUMB,0.4959182143211365,0.6315138936042786,0.14139291644096375,0,0
62,LEFT_HIP,0.5641933083534241,0.7121257185935974,-0.06203593313694,0,0
62,RIGHT_HIP,0.5618965029716492,0.7090882062911987,0.06200079992413521,0,0
62,LEFT_KNEE,0.5468142032623291,0.8225672245025635,-0.06161407381296158,0,0
62,RIGHT_KNEE,0.5558039546012878,0.7941907644271851,0.16179727017879486,0,0
62,LEFT_ANKLE,0.5600244402885437,0.9340615272521973,-0.052456263452768326,0,0
62,RIGHT_ANKLE,0.5732367634773254,0.8670912384986877,0.2529658377170563,0,0
62,LEFT_HEEL,0.5702950954437256,0.9502756595611572,-0.05268338695168495,0,0
62,RIGHT_HEEL,0.5805807709693909,0.8752737641334534,0.26199325919151306,0,0
62,LEFT_FOOT_INDEX,0.5364487767219543,0.963776171207428,-0.09603002667427063,0,0
62,RIGHT_FOOT_INDEX,0.5603370666503906,0.8841423988342285,0.258167028427124,0,0
63,NOSE,0.5176851749420166,0.5292315483093262,-0.022468330338597298,0,0
63,LEFT_EYE_INNER,0.5199125409126282,0.5211289525032043,-0.035630736500024796,0,0
63,LEFT_EYE,0.5205461382865906,0.5209508538246155,-0.035644225776195526,0,0
63,LEFT_EYE_OUTER,0.5210451483726501,0.5208943486213684,-0.035650257021188736,0,0
63,RIGHT_EYE_INNER,0.5197685956954956,0.5204746723175049,-0.01753763109445572,0,0
63,RIGHT_EYE,0.5204183459281921,0.5197235345840454,-0.017553607001900673,0,0
63,RIGHT_EYE_OUTER,0.520950973033905,0.5190324783325195,-0.017611660063266754,0,0
63,LEFT_EAR,0.5276946425437927,0.5232301354408264,-0.06741375476121902,0,0
63,RIGHT_EAR,0.5279036164283752,0.5216813683509827,0.012389312498271465,0,0
63,MOUTH_LEFT,0.5214875936508179,0.5357627868652344,-0.032012827694416046,0,0
63,MOUTH_RIGHT,0.5212717056274414,0.5356329083442688,-0.008691731840372086,0,0
63,LEFT_SHOULDER,0.538404643535614,0.5729093551635742,-0.10719191282987595,0,0
63,RIGHT_SHOULDER,0.5425984859466553,0.570609986782074,0.06920880824327469,0,0
63,LEFT_ELBOW,0.520409345626831,0.5803884863853455,-0.1126517802476883,0,0
63,RIGHT_ELBOW,0.5265955328941345,0.6076441407203674,0.1447191685438156,0,0
63,LEFT_WRIST,0.5043045878410339,0.5624688267707825,-0.05746215954422951,0,0
63,RIGHT_WRIST,0.49916160106658936,0.610770046710968,0.17211507260799408,0,0
63,LEFT_PINKY,0.5001071691513062,0.5572006702423096,-0.06441481411457062,0,0
63,RIGHT_PINKY,0.4925275444984436,0.6112704873085022,0.18018555641174316,0,0
63,LEFT_INDEX,0.5013840198516846,0.5546536445617676,-0.06329204887151718,0,0
63,RIGHT_INDEX,0.4910917580127716,0.6073052883148193,0.16717283427715302,0,0
63,LEFT_THUMB,0.5037075281143188,0.5577136278152466,-0.05589640140533447,0,0
63,RIGHT_THUMB,0.49328044056892395,0.608125627040863,0.1667272001504898,0,0
63,LEFT_HIP,0.5644258260726929,0.7084781527519226,-0.06053322181105614,0,0
63,RIGHT_HIP,0.5628330707550049,0.706691324710846,0.06050814315676689,0,0
63,LEFT_KNEE,0.5490919947624207,0.8218933939933777,-0.06114940345287323,0,0
63,RIGHT_KNEE,0.556976318359375,0.794261634349823,0.1403300166130066,0,0
63,LEFT_ANKLE,0.5602577328681946,0.9347537159919739,-0.05435604974627495,0,0
63,RIGHT_ANKLE,0.57408207654953,0.868445873260498,0.2179432362318039,0,0
63,LEFT_HEEL,0.570817232131958,0.9517424702644348,-0.05506489425897598,0,0
63,RIGHT_HEEL,0.5827103853225708,0.8787975907325745,0.22562292218208313,0,0
63,LEFT_FOOT_INDEX,0.536777675151825,0.9629946351051331,-0.09842351824045181,0,0
63,RIGHT_FOOT_INDEX,0.5585451722145081,0.8843209743499756,0.21644903719425201,0,0
64,NOSE,0.5174021124839783,0.5291147828102112,-0.020818885415792465,0,0
64,LEFT_EYE_INNER,0.5198172330856323,0.5210263729095459,-0.03249369189143181,0,0
64,LEFT_EYE,0.5207122564315796,0.5207383036613464,-0.03249493986368179,0,0
64,LEFT_EYE_OUTER,0.5213890671730042,0.5206379294395447,-0.03248406574130058,0,0
64,RIGHT_EYE_INNER,0.519395649433136,0.5204437971115112,-0.014431346207857132,0,0
64,RIGHT_EYE,0.5200634598731995,0.5196197628974915,-0.01445048674941063,0,0
64,RIGHT_EYE_OUTER,0.5205735564231873,0.5188929438591003,-0.014515470713376999,0,0
64,LEFT_EAR,0.528412401676178,0.5227968692779541,-0.06013689935207367,0,0
64,RIGHT_EAR,0.5276168584823608,0.521352231502533,0.019687023013830185,0,0
64,MOUTH_LEFT,0.521386444568634,0.5357660055160522,-0.02968677319586277,0,0
64,MOUTH_RIGHT,0.5207422971725464,0.5355122685432434,-0.006455392576754093,0,0
64,LEFT_SHOULDER,0.5408876538276672,0.5628871917724609,-0.09896772354841232,0,0
64,RIGHT_SHOULDER,0.5414981842041016,0.5703381896018982,0.07014239579439163,0,0
64,LEFT_ELBOW,0.5216704607009888,0.5790732502937317,-0.0916350930929184,0,0
64,RIGHT_ELBOW,0.526271641254425,0.6138057708740234,0.11232387274503708,0,0
64,LEFT_WRIST,0.5045713782310486,0.5624343752861023,-0.012948914431035519,0,0
64,RIGHT_WRIST,0.4981747567653656,0.6546251177787781,0.08248277753591537,0,0
64,LEFT_PINKY,0.49976101517677307,0.5574352145195007,-0.01658475585281849,0,0
64,RIGHT_PINKY,0.49005910754203796,0.6563730835914612,0.08483149111270905,0,0
64,LEFT_INDEX,0.5015820860862732,0.5549349784851074,-0.013576239347457886,0,0
64,RIGHT_INDEX,0.4898652732372284,0.6443852782249451,0.06882362067699432,0,0
64,LEFT_THUMB,0.5039466023445129,0.557428777217865,-0.00970724131911993,0,0
64,RIGHT_THUMB,0.4926646053791046,0.6546404957771301,0.07492392510175705,0,0
64,LEFT_HIP,0.5674441456794739,0.7012806534767151,-0.059923429042100906,0,0
64,RIGHT_HIP,0.5619734525680542,0.6991742849349976,0.059871915727853775,0,0
64,LEFT_KNEE,0.5527924299240112,0.8201747536659241,-0.07652974873781204,0,0
64,RIGHT_KNEE,0.5562480688095093,0.7886488437652588,0.10496364533901215,0,0
64,LEFT_ANKLE,0.559833824634552,0.9351793527603149,-0.08500175178050995,0,0
64,RIGHT_ANKLE,0.5745886564254761,0.8694878220558167,0.1609494686126709,0,0
64,LEFT_HEEL,0.5705415606498718,0.95225989818573,-0.08767271041870117,0,0
64,RIGHT_HEEL,0.5824956893920898,0.8779678344726562,0.16578379273414612,0,0
64,LEFT_FOOT_INDEX,0.537376344203949,0.964187502861023,-0.13317684829235077,0,0
64,RIGHT_FOOT_INDEX,0.5598152875900269,0.889198362827301,0.1520000845193863,0,0
