frame_number,landmark,x,y,z,action,label
0,NOSE,0.37474489212036133,0.5103170275688171,-0.12307531386613846,[],0
0,LEFT_EYE_INNER,0.3795822262763977,0.49905428290367126,-0.12469974905252457,[],0
0,LEFT_EYE,0.3821165859699249,0.4988945722579956,-0.12471655011177063,[],0
0,LEFT_EYE_OUTER,0.38478976488113403,0.4985697567462921,-0.12470133602619171,[],0
0,RIGHT_EYE_INNER,0.37460625171661377,0.498813271522522,-0.11005706340074539,[],0
0,RIGHT_EYE,0.3736136257648468,0.4986477792263031,-0.11009547859430313,[],0
0,RIGHT_EYE_OUTER,0.37258902192115784,0.49840793013572693,-0.1101306900382042,[],0
0,LEFT_EAR,0.39236921072006226,0.5031007528305054,-0.10245345532894135,[],0
0,RIGHT_EAR,0.37768012285232544,0.5023056864738464,-0.034123100340366364,[],0
0,MOUTH_LEFT,0.38057607412338257,0.5220423340797424,-0.11298687011003494,[],0
0,MOUTH_RIGHT,0.3744989335536957,0.5222180485725403,-0.09361360967159271,[],0
0,LEFT_SHOULDER,0.41610828042030334,0.5598654747009277,-0.11286217719316483,[],0
0,RIGHT_SHOULDER,0.3710150122642517,0.5653401613235474,0.03974383696913719,[],0
0,LEFT_ELBOW,0.4253523051738739,0.6406368613243103,-0.1628239005804062,[],0
0,RIGHT_ELBOW,0.3607627749443054,0.6318066120147705,0.03980283811688423,[],0
0,LEFT_WRIST,0.38127508759498596,0.6666535139083862,-0.21406884491443634,[],0
0,RIGHT_WRIST,0.3525436520576477,0.6830564141273499,-0.07537730038166046,[],0
0,LEFT_PINKY,0.37171003222465515,0.6785879731178284,-0.2392226606607437,[],0
0,RIGHT_PINKY,0.35091912746429443,0.7001597881317139,-0.09704068303108215,[],0
0,LEFT_INDEX,0.3708944320678711,0.6681122183799744,-0.23936161398887634,[],0
0,RIGHT_INDEX,0.3529190421104431,0.6965342164039612,-0.11439702659845352,[],0
0,LEFT_THUMB,0.3731381595134735,0.6645610332489014,-0.2135816365480423,[],0
0,RIGHT_THUMB,0.3545079231262207,0.6901834607124329,-0.08610889315605164,[],0
0,LEFT_HIP,0.4159885048866272,0.7198518514633179,-0.048945751041173935,[],0
0,RIGHT_HIP,0.38602373003959656,0.7175645232200623,0.04886538162827492,[],0
0,LEFT_KNEE,0.44005605578422546,0.8233426809310913,-0.046417493373155594,[],0
0,RIGHT_KNEE,0.3485545217990875,0.802779495716095,-0.03250911459326744,[],0
0,LEFT_ANKLE,0.46396178007125854,0.9145268797874451,0.0378606803715229,[],0
0,RIGHT_ANKLE,0.3301827609539032,0.922470211982727,0.020005857571959496,[],0
0,LEFT_HEEL,0.4698128402233124,0.9265708327293396,0.04128611832857132,[],0
0,RIGHT_HEEL,0.3339768946170807,0.949498176574707,0.02124382182955742,[],0
0,LEFT_FOOT_INDEX,0.45161160826683044,0.9553196430206299,-0.04346270114183426,[],0
0,RIGHT_FOOT_INDEX,0.3017638921737671,0.9260921478271484,-0.04239729791879654,[],0
1,NOSE,0.37727242708206177,0.5105194449424744,-0.1122923269867897,0,0
1,LEFT_EYE_INNER,0.3818502128124237,0.49906960129737854,-0.11303053051233292,0,0
1,LEFT_EYE,0.38439032435417175,0.49889007210731506,-0.11303774267435074,0,0
1,LEFT_EYE_OUTER,0.38700926303863525,0.49855273962020874,-0.11301198601722717,0,0
1,RIGHT_EYE_INNER,0.3768635392189026,0.4993222951889038,-0.09913946688175201,0,0
1,RIGHT_EYE,0.3759182095527649,0.49934688210487366,-0.09918404370546341,0,0
1,RIGHT_EYE_OUTER,0.37503543496131897,0.49935755133628845,-0.09921541064977646,0,0
1,LEFT_EAR,0.3950748145580292,0.5029579997062683,-0.08932729065418243,0,0
1,RIGHT_EAR,0.3790208101272583,0.5032801032066345,-0.024571029469370842,0,0
1,MOUTH_LEFT,0.3830924332141876,0.5220488905906677,-0.10199562460184097,0,0
1,MOUTH_RIGHT,0.3772820830345154,0.5224525332450867,-0.08359607309103012,0,0
1,LEFT_SHOULDER,0.4221212565898895,0.5596750378608704,-0.09452580660581589,0,0
1,RIGHT_SHOULDER,0.3722834885120392,0.5653349161148071,0.04221481457352638,0,0
1,LEFT_ELBOW,0.43210479617118835,0.638498067855835,-0.14787472784519196,0,0
1,RIGHT_ELBOW,0.36221131682395935,0.631081223487854,0.03861870989203453,0,0
1,LEFT_WRIST,0.38850006461143494,0.6620154976844788,-0.21078915894031525,0,0
1,RIGHT_WRIST,0.3565663993358612,0.6820173263549805,-0.08627733588218689,0,0
1,LEFT_PINKY,0.37957653403282166,0.6740931272506714,-0.23567456007003784,0,0
1,RIGHT_PINKY,0.3558937907218933,0.6988534331321716,-0.11009736359119415,0,0
1,LEFT_INDEX,0.3776644170284271,0.6642009019851685,-0.2370075136423111,0,0
1,RIGHT_INDEX,0.3582013249397278,0.6949417591094971,-0.1255435198545456,0,0
1,LEFT_THUMB,0.37927016615867615,0.6606369018554688,-0.21088486909866333,0,0
1,RIGHT_THUMB,0.35938698053359985,0.6884301900863647,-0.09648394584655762,0,0
1,LEFT_HIP,0.41844847798347473,0.7189598679542542,-0.047285616397857666,0,0
1,RIGHT_HIP,0.3880288004875183,0.7160446047782898,0.047227442264556885,0,0
1,LEFT_KNEE,0.44061747193336487,0.8200721740722656,-0.05879342555999756,0,0
1,RIGHT_KNEE,0.35191917419433594,0.7983260154724121,-0.05659620836377144,0,0
1,LEFT_ANKLE,0.4638915956020355,0.9145360589027405,0.010078271850943565,0,0
1,RIGHT_ANKLE,0.3444097638130188,0.9183658361434937,-0.00585052790120244,0,0
1,LEFT_HEEL,0.4695214331150055,0.9265781044960022,0.011263979598879814,0,0
1,RIGHT_HEEL,0.35061293840408325,0.9453185796737671,-0.0051114740781486034,0,0
1,LEFT_FOOT_INDEX,0.4515829384326935,0.9566564559936523,-0.07597437500953674,0,0
1,RIGHT_FOOT_INDEX,0.3142244517803192,0.9272605180740356,-0.07048097252845764,0,0
2,NOSE,0.3786817491054535,0.5107556581497192,-0.10591887682676315,0,0
2,LEFT_EYE_INNER,0.3832424581050873,0.49912887811660767,-0.10561268031597137,0,0
2,LEFT_EYE,0.38589292764663696,0.4988929033279419,-0.10562591254711151,0,0
2,LEFT_EYE_OUTER,0.38852202892303467,0.4985497295856476,-0.10560409724712372,0,0
2,RIGHT_EYE_INNER,0.3781049847602844,0.4998966455459595,-0.09251675009727478,0,0
2,RIGHT_EYE,0.3771548271179199,0.5000603199005127,-0.09255538135766983,0,0
2,RIGHT_EYE_OUTER,0.37619102001190186,0.5002644062042236,-0.09258110821247101,0,0
2,LEFT_EAR,0.39636752009391785,0.5027124285697937,-0.07768042385578156,0,0
2,RIGHT_EAR,0.3795395791530609,0.5039017796516418,-0.01654048077762127,0,0
2,MOUTH_LEFT,0.38459357619285583,0.522049069404602,-0.09410422295331955,0,0
2,MOUTH_RIGHT,0.3786247968673706,0.522572934627533,-0.0767354667186737,0,0
2,LEFT_SHOULDER,0.4233536720275879,0.5591631531715393,-0.08462180942296982,0,0
2,RIGHT_SHOULDER,0.3729000687599182,0.5646010041236877,0.05159887298941612,0,0
2,LEFT_ELBOW,0.4331657588481903,0.6370128393173218,-0.14010997116565704,0,0
2,RIGHT_ELBOW,0.36282455921173096,0.6293652653694153,0.042473215609788895,0,0
2,LEFT_WRIST,0.39040929079055786,0.6604638695716858,-0.20718911290168762,0,0
2,RIGHT_WRIST,0.35767829418182373,0.680785059928894,-0.08457125723361969,0,0
2,LEFT_PINKY,0.3815034031867981,0.6732413172721863,-0.23305357992649078,0,0
2,RIGHT_PINKY,0.3570907711982727,0.6981889605522156,-0.10867702960968018,0,0
2,LEFT_INDEX,0.3792037069797516,0.6636032462120056,-0.23495058715343475,0,0
2,RIGHT_INDEX,0.3594919443130493,0.6941843032836914,-0.12455078214406967,0,0
2,LEFT_THUMB,0.38075101375579834,0.6598013639450073,-0.20764054358005524,0,0
2,RIGHT_THUMB,0.3606722056865692,0.6873112320899963,-0.09498826414346695,0,0
2,LEFT_HIP,0.41944822669029236,0.7183151841163635,-0.04703213647007942,0,0
2,RIGHT_HIP,0.38908082246780396,0.7150170207023621,0.04698539897799492,0,0
2,LEFT_KNEE,0.44101741909980774,0.8185037970542908,-0.06055630370974541,0,0
2,RIGHT_KNEE,0.35303470492362976,0.7971510887145996,-0.055631425231695175,0,0
2,LEFT_ANKLE,0.4638122320175171,0.9144984483718872,0.011835215613245964,0,0
2,RIGHT_ANKLE,0.3468725085258484,0.9165692925453186,-0.0034484860952943563,0,0
2,LEFT_HEEL,0.46927374601364136,0.9264814257621765,0.013484158553183079,0,0
2,RIGHT_HEEL,0.3528938293457031,0.9438080191612244,-0.002536126645281911,0,0
2,LEFT_FOOT_INDEX,0.4515336751937866,0.957356333732605,-0.07361144572496414,0,0
2,RIGHT_FOOT_INDEX,0.3166557848453522,0.9275014996528625,-0.06779012829065323,0,0
3,NOSE,0.38239771127700806,0.5100795030593872,-0.11559130996465683,0,0
3,LEFT_EYE_INNER,0.38659796118736267,0.4987190067768097,-0.11408613622188568,0,0
3,LEFT_EYE,0.38911500573158264,0.49837246537208557,-0.11408067494630814,0,0
3,LEFT_EYE_OUTER,0.39179569482803345,0.4978715777397156,-0.11404465138912201,0,0
3,RIGHT_EYE_INNER,0.38144537806510925,0.49983882904052734,-0.10360297560691833,0,0
3,RIGHT_EYE,0.3802380859851837,0.5000461339950562,-0.10364048928022385,0,0
3,RIGHT_EYE_OUTER,0.3791389763355255,0.5002732872962952,-0.10367034375667572,0,0
3,LEFT_EAR,0.3996371924877167,0.5009690523147583,-0.0851026102900505,0,0
3,RIGHT_EAR,0.3826753795146942,0.5038834810256958,-0.02868577279150486,0,0
3,MOUTH_LEFT,0.3886811137199402,0.5207684636116028,-0.09939203411340714,0,0
3,MOUTH_RIGHT,0.38249441981315613,0.5219541192054749,-0.08626814186573029,0,0
3,LEFT_SHOULDER,0.428895503282547,0.5556628704071045,-0.08570881187915802,0,0
3,RIGHT_SHOULDER,0.37519797682762146,0.5620129108428955,0.037133391946554184,0,0
3,LEFT_ELBOW,0.43779218196868896,0.633763313293457,-0.1283068060874939,0,0
3,RIGHT_ELBOW,0.36453714966773987,0.6284653544425964,0.031150419265031815,0,0
3,LEFT_WRIST,0.3945757746696472,0.6531606316566467,-0.19379860162734985,0,0
3,RIGHT_WRIST,0.36489608883857727,0.6734691858291626,-0.09501424431800842,0,0
3,LEFT_PINKY,0.3851657211780548,0.6650004982948303,-0.21676503121852875,0,0
3,RIGHT_PINKY,0.3652415871620178,0.6914535760879517,-0.11972401291131973,0,0
3,LEFT_INDEX,0.3832879364490509,0.6550288200378418,-0.2190883904695511,0,0
3,RIGHT_INDEX,0.36774522066116333,0.6853698492050171,-0.13254843652248383,0,0
3,LEFT_THUMB,0.3852524757385254,0.6512243151664734,-0.19409812986850739,0,0
3,RIGHT_THUMB,0.36861297488212585,0.6774132251739502,-0.1038108542561531,0,0
3,LEFT_HIP,0.4227592349052429,0.7150601148605347,-0.04233134165406227,0,0
3,RIGHT_HIP,0.3910527527332306,0.7126036286354065,0.04228469356894493,0,0
3,LEFT_KNEE,0.4422107934951782,0.8155902028083801,-0.05903016775846481,0,0
3,RIGHT_KNEE,0.35740333795547485,0.7941412925720215,-0.07443129271268845,0,0
3,LEFT_ANKLE,0.46377789974212646,0.9144847989082336,0.014370819553732872,0,0
3,RIGHT_ANKLE,0.3696668744087219,0.9094200730323792,-0.00569572439417243,0,0
3,LEFT_HEEL,0.4692157506942749,0.9264941811561584,0.015997854992747307,0,0
3,RIGHT_HEEL,0.3808898329734802,0.9317328333854675,-0.0033219794277101755,0,0
3,LEFT_FOOT_INDEX,0.45145225524902344,0.9582452774047852,-0.07245104759931564,0,0
3,RIGHT_FOOT_INDEX,0.340616375207901,0.9288212656974792,-0.06850133836269379,0,0
4,NOSE,0.3870835602283478,0.5068682432174683,-0.1333959996700287,0,0
4,LEFT_EYE_INNER,0.3908221125602722,0.4956567883491516,-0.1315104365348816,0,0
4,LEFT_EYE,0.393447607755661,0.4950191378593445,-0.13150712847709656,0,0
4,LEFT_EYE_OUTER,0.3959411382675171,0.4943688213825226,-0.13149961829185486,0,0
4,RIGHT_EYE_INNER,0.38557085394859314,0.49719521403312683,-0.12158232182264328,0,0
4,RIGHT_EYE,0.38433465361595154,0.49756181240081787,-0.12160424888134003,0,0
4,RIGHT_EYE_OUTER,0.383125364780426,0.49798059463500977,-0.12162898480892181,0,0
4,LEFT_EAR,0.4038030505180359,0.49629804491996765,-0.08818669617176056,0,0
4,RIGHT_EAR,0.38674962520599365,0.5007767081260681,-0.042872022837400436,0,0
4,MOUTH_LEFT,0.3936064839363098,0.5171589255332947,-0.11552970856428146,0,0
4,MOUTH_RIGHT,0.3874005377292633,0.5189639329910278,-0.10241229087114334,0,0
4,LEFT_SHOULDER,0.4345875680446625,0.5460094809532166,-0.07713636010885239,0,0
4,RIGHT_SHOULDER,0.37724199891090393,0.557526171207428,0.02046899124979973,0,0
4,LEFT_ELBOW,0.44603314995765686,0.623767614364624,-0.122543103992939,0,0
4,RIGHT_ELBOW,0.3671960234642029,0.6270495057106018,0.009385324083268642,0,0
4,LEFT_WRIST,0.4025353491306305,0.6390674710273743,-0.1941613107919693,0,0
4,RIGHT_WRIST,0.37271586060523987,0.6581759452819824,-0.12442692369222641,0,0
4,LEFT_PINKY,0.3950141966342926,0.6481326818466187,-0.21798750758171082,0,0
4,RIGHT_PINKY,0.37505513429641724,0.6719887852668762,-0.15230433642864227,0,0
4,LEFT_INDEX,0.3930901288986206,0.6368373036384583,-0.22016462683677673,0,0
4,RIGHT_INDEX,0.37839433550834656,0.661185085773468,-0.16274598240852356,0,0
4,LEFT_THUMB,0.3946695923805237,0.6333110332489014,-0.1962445080280304,0,0
4,RIGHT_THUMB,0.3787875175476074,0.6557000875473022,-0.13228721916675568,0,0
4,LEFT_HIP,0.4261254072189331,0.7073673605918884,-0.03413190692663193,0,0
4,RIGHT_HIP,0.3946969211101532,0.705664336681366,0.03408653661608696,0,0
4,LEFT_KNEE,0.4426945149898529,0.8123272061347961,-0.057660069316625595,0,0
4,RIGHT_KNEE,0.3623018264770508,0.7919420003890991,-0.08602922409772873,0,0
4,LEFT_ANKLE,0.46360063552856445,0.9126253724098206,0.03363865613937378,0,0
4,RIGHT_ANKLE,0.39525917172431946,0.8949633836746216,0.011096942238509655,0,0
4,LEFT_HEEL,0.4689256548881531,0.9248408675193787,0.0369298979640007,0,0
4,RIGHT_HEEL,0.4076426327228546,0.9085487723350525,0.018936563283205032,0,0
4,LEFT_FOOT_INDEX,0.4512716829776764,0.9577777981758118,-0.0581047497689724,0,0
4,RIGHT_FOOT_INDEX,0.3711974322795868,0.9278301000595093,-0.044370029121637344,0,0
5,NOSE,0.3896735906600952,0.5041959285736084,-0.13306120038032532,0,0
5,LEFT_EYE_INNER,0.393449604511261,0.49299269914627075,-0.12598592042922974,0,0
5,LEFT_EYE,0.3959405720233917,0.4922049045562744,-0.1259688287973404,0,0
5,LEFT_EYE_OUTER,0.39858734607696533,0.4912780821323395,-0.1259775012731552,0,0
5,RIGHT_EYE_INNER,0.38840943574905396,0.4945737421512604,-0.11838637292385101,0,0
5,RIGHT_EYE,0.3872256278991699,0.4949326813220978,-0.11846128851175308,0,0
5,RIGHT_EYE_OUTER,0.38609418272972107,0.49528712034225464,-0.11850056052207947,0,0
5,LEFT_EAR,0.4061984121799469,0.4914608299732208,-0.07966303080320358,0,0
5,RIGHT_EAR,0.3892757296562195,0.49644261598587036,-0.040321752429008484,0,0
5,MOUTH_LEFT,0.39593952894210815,0.5137227177619934,-0.1084037646651268,0,0
5,MOUTH_RIGHT,0.38976413011550903,0.5155878067016602,-0.10124107450246811,0,0
5,LEFT_SHOULDER,0.43682771921157837,0.5389178395271301,-0.05710805952548981,0,0
5,RIGHT_SHOULDER,0.3780476450920105,0.5511019229888916,0.02148670144379139,0,0
5,LEFT_ELBOW,0.45318594574928284,0.6163774132728577,-0.11091376096010208,0,0
5,RIGHT_ELBOW,0.3696446120738983,0.6226927042007446,0.00026518123922869563,0,0
5,LEFT_WRIST,0.41120103001594543,0.6189212203025818,-0.19946950674057007,0,0
5,RIGHT_WRIST,0.38061970472335815,0.6448239088058472,-0.12937220931053162,0,0
5,LEFT_PINKY,0.4031449258327484,0.6284588575363159,-0.22357606887817383,0,0
5,RIGHT_PINKY,0.3850293755531311,0.6572458148002625,-0.1575852930545807,0,0
5,LEFT_INDEX,0.40029841661453247,0.6196832656860352,-0.2223932445049286,0,0
5,RIGHT_INDEX,0.388954222202301,0.6474941372871399,-0.16327664256095886,0,0
5,LEFT_THUMB,0.402433305978775,0.615668535232544,-0.19962243735790253,0,0
5,RIGHT_THUMB,0.3883894383907318,0.6422494649887085,-0.1351519376039505,0,0
5,LEFT_HIP,0.42967307567596436,0.7032966613769531,-0.02814468927681446,0,0
5,RIGHT_HIP,0.3978999853134155,0.7025986313819885,0.028077173978090286,0,0
5,LEFT_KNEE,0.44569143652915955,0.8118257522583008,-0.039313916116952896,0,0
5,RIGHT_KNEE,0.3718838393688202,0.7927024364471436,-0.09326396882534027,0,0
5,LEFT_ANKLE,0.4635130763053894,0.9125164151191711,0.07145725935697556,0,0
5,RIGHT_ANKLE,0.4187993109226227,0.8740803003311157,0.02893025428056717,0,0
5,LEFT_HEEL,0.46871238946914673,0.9248757362365723,0.07683967053890228,0,0
5,RIGHT_HEEL,0.43027734756469727,0.8830734491348267,0.03895965591073036,0,0
5,LEFT_FOOT_INDEX,0.4503197968006134,0.9580428600311279,-0.015156942419707775,0,0
5,RIGHT_FOOT_INDEX,0.3982323706150055,0.921594500541687,-0.01762874610722065,0,0
6,NOSE,0.39176979660987854,0.5029212236404419,-0.13997583091259003,0,0
6,LEFT_EYE_INNER,0.39540794491767883,0.4911980628967285,-0.13862307369709015,0,0
6,LEFT_EYE,0.39786338806152344,0.49039435386657715,-0.13861580193042755,0,0
6,LEFT_EYE_OUTER,0.4005853235721588,0.48946791887283325,-0.13861504197120667,0,0
6,RIGHT_EYE_INNER,0.3902480900287628,0.4928024709224701,-0.12907375395298004,0,0
6,RIGHT_EYE,0.38898617029190063,0.4930743873119354,-0.12909992039203644,0,0
6,RIGHT_EYE_OUTER,0.38791248202323914,0.4933924376964569,-0.12913887202739716,0,0
6,LEFT_EAR,0.408297598361969,0.4885815680027008,-0.0954870730638504,0,0
6,RIGHT_EAR,0.39055150747299194,0.4935370087623596,-0.05109752342104912,0,0
6,MOUTH_LEFT,0.3978749215602875,0.511590838432312,-0.12015484273433685,0,0
6,MOUTH_RIGHT,0.3917028307914734,0.5133427381515503,-0.10800086706876755,0,0
6,LEFT_SHOULDER,0.4387493133544922,0.5360919833183289,-0.06540556252002716,0,0
6,RIGHT_SHOULDER,0.37838807702064514,0.5470227003097534,0.0036430468317121267,0,0
6,LEFT_ELBOW,0.45560532808303833,0.6151269674301147,-0.12320058792829514,0,0
6,RIGHT_ELBOW,0.37154799699783325,0.6220726370811462,-0.039748530834913254,0,0
6,LEFT_WRIST,0.42468807101249695,0.5997430682182312,-0.24566993117332458,0,0
6,RIGHT_WRIST,0.394293874502182,0.6336039304733276,-0.17674851417541504,0,0
6,LEFT_PINKY,0.4183785319328308,0.5940403342247009,-0.2695017457008362,0,0
6,RIGHT_PINKY,0.4022453725337982,0.6390547752380371,-0.20595821738243103,0,0
6,LEFT_INDEX,0.41812995076179504,0.5809339880943298,-0.26409855484962463,0,0
6,RIGHT_INDEX,0.40513214468955994,0.6269527673721313,-0.202177494764328,0,0
6,LEFT_THUMB,0.41889142990112305,0.5834450125694275,-0.24442961812019348,0,0
6,RIGHT_THUMB,0.40342044830322266,0.6223654747009277,-0.1784457117319107,0,0
6,LEFT_HIP,0.43217623233795166,0.7003905773162842,-0.03101053275167942,0,0
6,RIGHT_HIP,0.39890244603157043,0.7012677788734436,0.030945131555199623,0,0
6,LEFT_KNEE,0.4476175606250763,0.8107816576957703,-0.04250551760196686,0,0
6,RIGHT_KNEE,0.3849267065525055,0.7986025810241699,-0.08147645741701126,0,0
6,LEFT_ANKLE,0.46368247270584106,0.9124987125396729,0.06263076514005661,0,0
6,RIGHT_ANKLE,0.4293898940086365,0.8605147004127502,0.09416662901639938,0,0
6,LEFT_HEEL,0.46884647011756897,0.9249019622802734,0.06813313066959381,0,0
6,RIGHT_HEEL,0.4387142062187195,0.8614234924316406,0.10879800468683243,0,0
6,LEFT_FOOT_INDEX,0.45009517669677734,0.958008348941803,-0.020364737138152122,0,0
6,RIGHT_FOOT_INDEX,0.41990000009536743,0.9169959425926208,0.06551788747310638,0,0
7,NOSE,0.39242470264434814,0.5017967224121094,-0.1682312935590744,0,0
7,LEFT_EYE_INNER,0.3959331214427948,0.4897750914096832,-0.17118962109088898,0,0
7,LEFT_EYE,0.398375004529953,0.4888496696949005,-0.17117787897586823,0,0
7,LEFT_EYE_OUTER,0.4010280668735504,0.4878675639629364,-0.17119905352592468,0,0
7,RIGHT_EYE_INNER,0.39093050360679626,0.49168848991394043,-0.15991409122943878,0,0
7,RIGHT_EYE,0.38983333110809326,0.491973876953125,-0.1599271595478058,0,0
7,RIGHT_EYE_OUTER,0.3889524042606354,0.4922422766685486,-0.15996527671813965,0,0
7,LEFT_EAR,0.40928399562835693,0.48748406767845154,-0.1371116191148758,0,0
7,RIGHT_EAR,0.39153897762298584,0.4923226833343506,-0.08262976258993149,0,0
7,MOUTH_LEFT,0.39874252676963806,0.5101810693740845,-0.1509278416633606,0,0
7,MOUTH_RIGHT,0.3923690915107727,0.5117957592010498,-0.13550998270511627,0,0
7,LEFT_SHOULDER,0.44125062227249146,0.5352060794830322,-0.08365646749734879,0,0
7,RIGHT_SHOULDER,0.3786177635192871,0.5439964532852173,-0.0314653217792511,0,0
7,LEFT_ELBOW,0.45802077651023865,0.6163383722305298,-0.1662350445985794,0,0
7,RIGHT_ELBOW,0.3720687925815582,0.621978223323822,-0.08742883801460266,0,0
7,LEFT_WRIST,0.43731164932250977,0.5879583954811096,-0.29050764441490173,0,0
7,RIGHT_WRIST,0.40256112813949585,0.6224989295005798,-0.21894432604312897,0,0
7,LEFT_PINKY,0.4327659010887146,0.5806740522384644,-0.3164369761943817,0,0
7,RIGHT_PINKY,0.41461992263793945,0.6250022053718567,-0.24735556542873383,0,0
7,LEFT_INDEX,0.43083006143569946,0.5686103701591492,-0.3115895092487335,0,0
7,RIGHT_INDEX,0.4155578315258026,0.6113752126693726,-0.23969657719135284,0,0
7,LEFT_THUMB,0.43086668848991394,0.5706310272216797,-0.2900761067867279,0,0
7,RIGHT_THUMB,0.4129827618598938,0.6077448725700378,-0.21852731704711914,0,0
7,LEFT_HIP,0.434135764837265,0.7006869316101074,-0.03294159099459648,0,0
7,RIGHT_HIP,0.4003380239009857,0.7024502158164978,0.03290173411369324,0,0
7,LEFT_KNEE,0.4486541450023651,0.8105023503303528,-0.05971185117959976,0,0
7,RIGHT_KNEE,0.39991527795791626,0.8025307059288025,0.07154043018817902,0,0
7,LEFT_ANKLE,0.4637063443660736,0.9124878644943237,0.02708340808749199,0,0
7,RIGHT_ANKLE,0.43738213181495667,0.8625717163085938,0.26891806721687317,0,0
7,LEFT_HEEL,0.46873530745506287,0.9250922799110413,0.031390480697155,0,0
7,RIGHT_HEEL,0.44550010561943054,0.8684371113777161,0.28744471073150635,0,0
7,LEFT_FOOT_INDEX,0.4500843286514282,0.9592167735099792,-0.05537097528576851,0,0
7,RIGHT_FOOT_INDEX,0.42892125248908997,0.9127442240715027,0.2559492290019989,0,0
8,NOSE,0.3932555913925171,0.5021006464958191,-0.17013828456401825,0,0
8,LEFT_EYE_INNER,0.3964969515800476,0.49005964398384094,-0.1726117879152298,0,0
8,LEFT_EYE,0.398957759141922,0.4891543984413147,-0.1726037710905075,0,0
8,LEFT_EYE_OUTER,0.40154731273651123,0.488148033618927,-0.1726260632276535,0,0
8,RIGHT_EYE_INNER,0.39174145460128784,0.49181851744651794,-0.16163793206214905,0,0
8,RIGHT_EYE,0.39080554246902466,0.4920840263366699,-0.16165223717689514,0,0
8,RIGHT_EYE_OUTER,0.3899698257446289,0.49233007431030273,-0.1616848260164261,0,0
8,LEFT_EAR,0.4097101092338562,0.48803073167800903,-0.13560351729393005,0,0
8,RIGHT_EAR,0.3924046754837036,0.49248364567756653,-0.08250299096107483,0,0
8,MOUTH_LEFT,0.3997706472873688,0.510571300983429,-0.15170007944107056,0,0
8,MOUTH_RIGHT,0.3932827115058899,0.5122064352035522,-0.13667233288288116,0,0
8,LEFT_SHOULDER,0.44171613454818726,0.5351287722587585,-0.08448974788188934,0,0
8,RIGHT_SHOULDER,0.37923431396484375,0.5440264940261841,-0.027394110336899757,0,0
8,LEFT_ELBOW,0.458290159702301,0.6167076230049133,-0.16113892197608948,0,0
8,RIGHT_ELBOW,0.3727305829524994,0.6220520734786987,-0.08082709461450577,0,0
8,LEFT_WRIST,0.4404354691505432,0.589440643787384,-0.2814205586910248,0,0
8,RIGHT_WRIST,0.40443941950798035,0.6211328506469727,-0.21392174065113068,0,0
8,LEFT_PINKY,0.4368828535079956,0.5812962055206299,-0.30665773153305054,0,0
8,RIGHT_PINKY,0.41646072268486023,0.6238317489624023,-0.24192281067371368,0,0
8,LEFT_INDEX,0.43521198630332947,0.568412721157074,-0.3025740385055542,0,0
8,RIGHT_INDEX,0.4175369143486023,0.6096522808074951,-0.23462241888046265,0,0
8,LEFT_THUMB,0.43451961874961853,0.5705535411834717,-0.2810293734073639,0,0
8,RIGHT_THUMB,0.41498422622680664,0.6057839393615723,-0.2135850042104721,0,0
8,LEFT_HIP,0.43467971682548523,0.7005938291549683,-0.033723969012498856,0,0
8,RIGHT_HIP,0.40098604559898376,0.7032309174537659,0.03369801118969917,0,0
8,LEFT_KNEE,0.4501642882823944,0.8108848333358765,-0.0592925101518631,0,0
8,RIGHT_KNEE,0.4013228714466095,0.8045104742050171,0.07229575514793396,0,0
8,LEFT_ANKLE,0.4638238549232483,0.9125527143478394,0.027952831238508224,0,0
8,RIGHT_ANKLE,0.4380481541156769,0.8625909090042114,0.26860126852989197,0,0
8,LEFT_HEEL,0.46872586011886597,0.9256663918495178,0.032258566468954086,0,0
8,RIGHT_HEEL,0.4463730752468109,0.867335855960846,0.2873273193836212,0,0
8,LEFT_FOOT_INDEX,0.4501658082008362,0.9596184492111206,-0.053816501051187515,0,0
8,RIGHT_FOOT_INDEX,0.43031054735183716,0.9106961488723755,0.257083535194397,0,0
9,NOSE,0.3953005075454712,0.5023398399353027,-0.15464526414871216,0,0
9,LEFT_EYE_INNER,0.3986792266368866,0.4903397262096405,-0.15673857927322388,0,0
9,LEFT_EYE,0.40118274092674255,0.48946183919906616,-0.1567363739013672,0,0
9,LEFT_EYE_OUTER,0.4038515090942383,0.4884732961654663,-0.15672855079174042,0,0
9,RIGHT_EYE_INNER,0.39313647150993347,0.49195143580436707,-0.14478294551372528,0,0
9,RIGHT_EYE,0.39199963212013245,0.49214431643486023,-0.14479795098304749,0,0
9,RIGHT_EYE_OUTER,0.39101743698120117,0.4922890067100525,-0.14482778310775757,0,0
9,LEFT_EAR,0.41076523065567017,0.4886128306388855,-0.10281198471784592,0,0
9,RIGHT_EAR,0.3926904499530792,0.4924558997154236,-0.06715855002403259,0,0
9,MOUTH_LEFT,0.40175798535346985,0.510651171207428,-0.145769402384758,0,0
9,MOUTH_RIGHT,0.39448902010917664,0.5121368169784546,-0.1227470338344574,0,0
9,LEFT_SHOULDER,0.44008076190948486,0.5369529724121094,-0.051742248237133026,0,0
9,RIGHT_SHOULDER,0.37916892766952515,0.5427519083023071,-0.020938269793987274,0,0
9,LEFT_ELBOW,0.4569365382194519,0.6168138384819031,-0.12221578508615494,0,0
9,RIGHT_ELBOW,0.3735635578632355,0.6214311718940735,-0.07835713028907776,0,0
9,LEFT_WRIST,0.4486435353755951,0.5850051045417786,-0.256732702255249,0,0
9,RIGHT_WRIST,0.4134710133075714,0.6119271516799927,-0.19192126393318176,0,0
9,LEFT_PINKY,0.4476862847805023,0.5750038027763367,-0.28143107891082764,0,0
9,RIGHT_PINKY,0.4254140555858612,0.6119937300682068,-0.2183597832918167,0,0
9,LEFT_INDEX,0.44690218567848206,0.5631846189498901,-0.2791544198989868,0,0
9,RIGHT_INDEX,0.4275578260421753,0.5965933203697205,-0.211897611618042,0,0
9,LEFT_THUMB,0.44508928060531616,0.5656098127365112,-0.25607603788375854,0,0
9,RIGHT_THUMB,0.4244452118873596,0.596426784992218,-0.19119001924991608,0,0
9,LEFT_HIP,0.43565988540649414,0.6995450258255005,-0.028179245069622993,0,0
9,RIGHT_HIP,0.40151533484458923,0.7036746144294739,0.028218727558851242,0,0
9,LEFT_KNEE,0.45025914907455444,0.8093066215515137,-0.060104258358478546,0,0
9,RIGHT_KNEE,0.4141039550304413,0.8077614903450012,0.08559584617614746,0,0
9,LEFT_ANKLE,0.4633079767227173,0.9120429158210754,0.011737477965652943,0,0
9,RIGHT_ANKLE,0.44405773282051086,0.8687029480934143,0.25870218873023987,0,0
9,LEFT_HEEL,0.4674648940563202,0.925636351108551,0.01456950232386589,0,0
9,RIGHT_HEEL,0.45102575421333313,0.8755900859832764,0.27456238865852356,0,0
9,LEFT_FOOT_INDEX,0.4501371681690216,0.9600744247436523,-0.06944610923528671,0,0
9,RIGHT_FOOT_INDEX,0.43447425961494446,0.9109634757041931,0.23656722903251648,0,0
10,NOSE,0.3955442011356354,0.5027157068252563,-0.15203921496868134,0,0
10,LEFT_EYE_INNER,0.3991861045360565,0.4907274544239044,-0.15114587545394897,0,0
10,LEFT_EYE,0.4017218053340912,0.48961615562438965,-0.15114755928516388,0,0
10,LEFT_EYE_OUTER,0.4043503403663635,0.48856592178344727,-0.15115679800510406,0,0
10,RIGHT_EYE_INNER,0.39359384775161743,0.492427796125412,-0.14270775020122528,0,0
10,RIGHT_EYE,0.39244669675827026,0.4924066662788391,-0.14271336793899536,0,0
10,RIGHT_EYE_OUTER,0.3913864195346832,0.492361456155777,-0.1427406668663025,0,0
10,LEFT_EAR,0.4113518297672272,0.48920300602912903,-0.09746615588665009,0,0
10,RIGHT_EAR,0.3932740092277527,0.49289456009864807,-0.06503728777170181,0,0
10,MOUTH_LEFT,0.40205809473991394,0.5110683441162109,-0.137516051530838,0,0
10,MOUTH_RIGHT,0.39463409781455994,0.5125272870063782,-0.12003716081380844,0,0
10,LEFT_SHOULDER,0.43945178389549255,0.5378726124763489,-0.04494427144527435,0,0
10,RIGHT_SHOULDER,0.3792220652103424,0.5413768291473389,-0.02912169136106968,0,0
10,LEFT_ELBOW,0.457775741815567,0.614562451839447,-0.11371564120054245,0,0
10,RIGHT_ELBOW,0.3773997128009796,0.619547963142395,-0.08763692528009415,0,0
10,LEFT_WRIST,0.4523942768573761,0.5722460150718689,-0.24605792760849,0,0
10,RIGHT_WRIST,0.42247292399406433,0.6051202416419983,-0.18861882388591766,0,0
10,LEFT_PINKY,0.45384618639945984,0.5621207356452942,-0.2722731828689575,0,0
10,RIGHT_PINKY,0.43460333347320557,0.6063371300697327,-0.21410523355007172,0,0
10,LEFT_INDEX,0.453793466091156,0.5492368936538696,-0.27157607674598694,0,0
10,RIGHT_INDEX,0.4358915686607361,0.5913140773773193,-0.20706088840961456,0,0
10,LEFT_THUMB,0.4508974254131317,0.551791787147522,-0.250890851020813,0,0
10,RIGHT_THUMB,0.432657390832901,0.5911483764648438,-0.18727944791316986,0,0
10,LEFT_HIP,0.4360205829143524,0.6983431577682495,-0.023522956296801567,0,0
10,RIGHT_HIP,0.40169426798820496,0.7040241360664368,0.02359250746667385,0,0
10,LEFT_KNEE,0.45009899139404297,0.8088630437850952,-0.05331060662865639,0,0
10,RIGHT_KNEE,0.41826847195625305,0.8086691498756409,0.07799825817346573,0,0
10,LEFT_ANKLE,0.46100372076034546,0.908954918384552,0.012113218195736408,0,0
10,RIGHT_ANKLE,0.4430375397205353,0.8683187365531921,0.2538377642631531,0,0
10,LEFT_HEEL,0.4640114903450012,0.9227688908576965,0.01608395203948021,0,0
10,RIGHT_HEEL,0.4495624303817749,0.875339150428772,0.2702387571334839,0,0
10,LEFT_FOOT_INDEX,0.4512024521827698,0.9587725400924683,-0.05531119927763939,0,0
10,RIGHT_FOOT_INDEX,0.43361541628837585,0.9107437133789062,0.2316463440656662,0,0
11,NOSE,0.3954992890357971,0.5038912892341614,-0.17436257004737854,0,0
11,LEFT_EYE_INNER,0.3992455303668976,0.49183377623558044,-0.1695285439491272,0,0
11,LEFT_EYE,0.40183478593826294,0.49048304557800293,-0.1695503145456314,0,0
11,LEFT_EYE_OUTER,0.4043799042701721,0.489223837852478,-0.16960763931274414,0,0
11,RIGHT_EYE_INNER,0.39368993043899536,0.4933301508426666,-0.16607384383678436,0,0
11,RIGHT_EYE,0.39251139760017395,0.4929949641227722,-0.16606998443603516,0,0
11,RIGHT_EYE_OUTER,0.39132341742515564,0.49266114830970764,-0.1660970002412796,0,0
11,LEFT_EAR,0.4112718403339386,0.4895722568035126,-0.10267564654350281,0,0
11,RIGHT_EAR,0.39302870631217957,0.49320852756500244,-0.08591654896736145,0,0
11,MOUTH_LEFT,0.4015621840953827,0.5111753344535828,-0.1472296118736267,0,0
11,MOUTH_RIGHT,0.3944385349750519,0.5126538276672363,-0.14106668531894684,0,0
11,LEFT_SHOULDER,0.4384007453918457,0.5369606614112854,-0.04516701400279999,0,0
11,RIGHT_SHOULDER,0.37902024388313293,0.5414044260978699,-0.05644053593277931,0,0
11,LEFT_ELBOW,0.4604150652885437,0.6094088554382324,-0.11250541359186172,0,0
11,RIGHT_ELBOW,0.3848903775215149,0.6188185214996338,-0.12158434092998505,0,0
11,LEFT_WRIST,0.4579099714756012,0.5567024350166321,-0.23707813024520874,0,0
11,RIGHT_WRIST,0.43268251419067383,0.5941815376281738,-0.21206001937389374,0,0
11,LEFT_PINKY,0.46205827593803406,0.5439738631248474,-0.2607453763484955,0,0
11,RIGHT_PINKY,0.4452952742576599,0.5860105156898499,-0.23760411143302917,0,0
11,LEFT_INDEX,0.46091505885124207,0.5322210192680359,-0.2614589333534241,0,0
11,RIGHT_INDEX,0.44436246156692505,0.5731110572814941,-0.2291281372308731,0,0
11,LEFT_THUMB,0.4571545720100403,0.5361294150352478,-0.2428625226020813,0,0
11,RIGHT_THUMB,0.4410017430782318,0.5742846131324768,-0.21032476425170898,0,0
11,LEFT_HIP,0.4357965290546417,0.6973073482513428,-0.016007419675588608,0,0
11,RIGHT_HIP,0.40134066343307495,0.7039018869400024,0.01611219346523285,0,0
11,LEFT_KNEE,0.44965505599975586,0.8068888783454895,-0.04701744392514229,0,0
11,RIGHT_KNEE,0.4156167209148407,0.8083509206771851,0.06294921040534973,0,0
11,LEFT_ANKLE,0.45541101694107056,0.9063804745674133,0.03460768237709999,0,0
11,RIGHT_ANKLE,0.44122496247291565,0.8652544021606445,0.23836547136306763,0,0
11,LEFT_HEEL,0.45721155405044556,0.9187904000282288,0.039524566382169724,0,0
11,RIGHT_HEEL,0.4483785927295685,0.8725762367248535,0.25448691844940186,0,0
11,LEFT_FOOT_INDEX,0.44932201504707336,0.955851674079895,-0.03816113620996475,0,0
11,RIGHT_FOOT_INDEX,0.43496277928352356,0.9104518890380859,0.21431896090507507,0,0
12,NOSE,0.3953368365764618,0.5046287178993225,-0.16653844714164734,0,0
12,LEFT_EYE_INNER,0.39929941296577454,0.49224671721458435,-0.16197291016578674,0,0
12,LEFT_EYE,0.40202564001083374,0.4907014071941376,-0.16199226677417755,0,0
12,LEFT_EYE_OUTER,0.40472733974456787,0.4892851710319519,-0.1620393693447113,0,0
12,RIGHT_EYE_INNER,0.39355596899986267,0.4938187301158905,-0.1574006974697113,0,0
12,RIGHT_EYE,0.39228343963623047,0.4933638870716095,-0.15739518404006958,0,0
12,RIGHT_EYE_OUTER,0.39095261693000793,0.49291765689849854,-0.15742936730384827,0,0
12,LEFT_EAR,0.41145509481430054,0.4898696839809418,-0.09769554436206818,0,0
12,RIGHT_EAR,0.3926018178462982,0.4933244585990906,-0.07521282136440277,0,0
12,MOUTH_LEFT,0.40134483575820923,0.5113879442214966,-0.1400686651468277,0,0
12,MOUTH_RIGHT,0.39423462748527527,0.5127917528152466,-0.13245584070682526,0,0
12,LEFT_SHOULDER,0.4377763867378235,0.5348356366157532,-0.03715001046657562,0,0
12,RIGHT_SHOULDER,0.3788970112800598,0.5389505624771118,-0.044175148010253906,0,0
12,LEFT_ELBOW,0.4593718945980072,0.6005341410636902,-0.10903383046388626,0,0
12,RIGHT_ELBOW,0.3910009562969208,0.6173038482666016,-0.0980994924902916,0,0
12,LEFT_WRIST,0.46099814772605896,0.5425077080726624,-0.2304505705833435,0,0
12,RIGHT_WRIST,0.43879908323287964,0.5887550115585327,-0.18628253042697906,0,0
12,LEFT_PINKY,0.4659577012062073,0.533084511756897,-0.25281083583831787,0,0
12,RIGHT_PINKY,0.4520970284938812,0.5817593336105347,-0.21207378804683685,0,0
12,LEFT_INDEX,0.46559447050094604,0.5215551257133484,-0.25370946526527405,0,0
12,RIGHT_INDEX,0.45106908679008484,0.5724133253097534,-0.2138471007347107,0,0
12,LEFT_THUMB,0.46042600274086,0.5273855328559875,-0.23527802526950836,0,0
12,RIGHT_THUMB,0.4471305310726166,0.5721350908279419,-0.18797916173934937,0,0
12,LEFT_HIP,0.43513762950897217,0.697449266910553,-0.01698460429906845,0,0
12,RIGHT_HIP,0.4008296728134155,0.7031959295272827,0.017049944028258324,0,0
12,LEFT_KNEE,0.44860467314720154,0.8062373995780945,-0.05417980998754501,0,0
12,RIGHT_KNEE,0.4071294069290161,0.8086748719215393,0.026600966230034828,0,0
12,LEFT_ANKLE,0.45063316822052,0.9026942849159241,0.06107968091964722,0,0
12,RIGHT_ANKLE,0.43653932213783264,0.862413763999939,0.210638627409935,0,0
12,LEFT_HEEL,0.45351842045783997,0.9146162271499634,0.06948088109493256,0,0
12,RIGHT_HEEL,0.44359979033470154,0.8666768670082092,0.2287282645702362,0,0
12,LEFT_FOOT_INDEX,0.4413464367389679,0.9508669376373291,-0.012698834761977196,0,0
12,RIGHT_FOOT_INDEX,0.43143150210380554,0.9108745455741882,0.19061462581157684,0,0
13,NOSE,0.39519548416137695,0.5053038001060486,-0.17111457884311676,0,0
13,LEFT_EYE_INNER,0.3990989327430725,0.4929080605506897,-0.16797412931919098,0,0
13,LEFT_EYE,0.4019148647785187,0.491390198469162,-0.16798916459083557,0,0
13,LEFT_EYE_OUTER,0.4047011733055115,0.48996102809906006,-0.16803762316703796,0,0
13,RIGHT_EYE_INNER,0.3933349549770355,0.4944993853569031,-0.16257423162460327,0,0
13,RIGHT_EYE,0.39205220341682434,0.49411529302597046,-0.1625720113515854,0,0
13,RIGHT_EYE_OUTER,0.3906770944595337,0.49374571442604065,-0.16260552406311035,0,0
13,LEFT_EAR,0.41150861978530884,0.4900801479816437,-0.10676288604736328,0,0
13,RIGHT_EAR,0.39242857694625854,0.493416965007782,-0.07922045141458511,0,0
13,MOUTH_LEFT,0.4013890326023102,0.5120466351509094,-0.14439038932323456,0,0
13,MOUTH_RIGHT,0.39428064227104187,0.513256311416626,-0.13618634641170502,0,0
13,LEFT_SHOULDER,0.4378379285335541,0.5336868762969971,-0.049276724457740784,0,0
13,RIGHT_SHOULDER,0.3787902891635895,0.537952184677124,-0.04695849493145943,0,0
13,LEFT_ELBOW,0.4596256613731384,0.6006386280059814,-0.11310068517923355,0,0
13,RIGHT_ELBOW,0.39123064279556274,0.6167365908622742,-0.09760988503694534,0,0
13,LEFT_WRIST,0.4578215479850769,0.5459067821502686,-0.2397511899471283,0,0
13,RIGHT_WRIST,0.4402123987674713,0.5882148742675781,-0.18006597459316254,0,0
13,LEFT_PINKY,0.46064287424087524,0.5368161797523499,-0.26107701659202576,0,0
13,RIGHT_PINKY,0.45321938395500183,0.5801811218261719,-0.20537424087524414,0,0
13,LEFT_INDEX,0.4587916135787964,0.5260409712791443,-0.2603389322757721,0,0
13,RIGHT_INDEX,0.4522772431373596,0.5707219839096069,-0.20771297812461853,0,0
13,LEFT_THUMB,0.45598304271698,0.530890941619873,-0.24291737377643585,0,0
13,RIGHT_THUMB,0.44839778542518616,0.5711648464202881,-0.18076398968696594,0,0
13,LEFT_HIP,0.4349829852581024,0.6977949738502502,-0.020284734666347504,0,0
13,RIGHT_HIP,0.4004276692867279,0.7030283212661743,0.02033168077468872,0,0
13,LEFT_KNEE,0.4478631913661957,0.8061038851737976,-0.05396449193358421,0,0
13,RIGHT_KNEE,0.4055514633655548,0.8087723255157471,0.03030211105942726,0,0
13,LEFT_ANKLE,0.44938382506370544,0.90226149559021,0.06473466008901596,0,0
13,RIGHT_ANKLE,0.4365185499191284,0.8630481362342834,0.2149743139743805,0,0
13,LEFT_HEEL,0.4529927968978882,0.9145278334617615,0.07260004431009293,0,0
13,RIGHT_HEEL,0.4439045190811157,0.8682203888893127,0.2323417365550995,0,0
13,LEFT_FOOT_INDEX,0.43846675753593445,0.9486323595046997,-0.010097811929881573,0,0
13,RIGHT_FOOT_INDEX,0.4300151467323303,0.9112612009048462,0.1943463236093521,0,0
14,NOSE,0.3950142562389374,0.5059242248535156,-0.15501150488853455,0,0
14,LEFT_EYE_INNER,0.3987962007522583,0.49348682165145874,-0.14822497963905334,0,0
14,LEFT_EYE,0.40167900919914246,0.49207520484924316,-0.14824752509593964,0,0
14,LEFT_EYE_OUTER,0.4045485854148865,0.49069032073020935,-0.14829526841640472,0,0
14,RIGHT_EYE_INNER,0.3929682672023773,0.495048463344574,-0.14605337381362915,0,0
14,RIGHT_EYE,0.39165258407592773,0.4947223663330078,-0.1460210233926773,0,0
14,RIGHT_EYE_OUTER,0.3902808129787445,0.49444037675857544,-0.14604750275611877,0,0
14,LEFT_EAR,0.4113340377807617,0.49020978808403015,-0.08457792550325394,0,0
14,RIGHT_EAR,0.39226168394088745,0.4937152564525604,-0.06444819271564484,0,0
14,MOUTH_LEFT,0.4013594388961792,0.5127983093261719,-0.12627078592777252,0,0
14,MOUTH_RIGHT,0.39406248927116394,0.5139943361282349,-0.12139162421226501,0,0
14,LEFT_SHOULDER,0.43765023350715637,0.5326507091522217,-0.027986731380224228,0,0
14,RIGHT_SHOULDER,0.3787364065647125,0.5391354560852051,-0.04112597927451134,0,0
14,LEFT_ELBOW,0.458890825510025,0.5964798927307129,-0.10628034919500351,0,0
14,RIGHT_ELBOW,0.3943299651145935,0.6166943311691284,-0.0947282612323761,0,0
14,LEFT_WRIST,0.4677262604236603,0.5405141115188599,-0.2360173612833023,0,0
14,RIGHT_WRIST,0.4422551989555359,0.5898420214653015,-0.1769261360168457,0,0
14,LEFT_PINKY,0.4728009104728699,0.5290256142616272,-0.2586122155189514,0,0
14,RIGHT_PINKY,0.4539688229560852,0.584113597869873,-0.2028026580810547,0,0
14,LEFT_INDEX,0.4699082672595978,0.5196012854576111,-0.2583692967891693,0,0
14,RIGHT_INDEX,0.4534394443035126,0.5748594999313354,-0.20617008209228516,0,0
14,LEFT_THUMB,0.46676716208457947,0.5253227949142456,-0.24062280356884003,0,0
14,RIGHT_THUMB,0.4498896300792694,0.575719952583313,-0.17850685119628906,0,0
14,LEFT_HIP,0.43458041548728943,0.6967146396636963,-0.016433170065283775,0,0
14,RIGHT_HIP,0.39924001693725586,0.7001264095306396,0.01644699089229107,0,0
14,LEFT_KNEE,0.44658294320106506,0.8064069151878357,-0.04593712091445923,0,0
14,RIGHT_KNEE,0.3948598802089691,0.8086607456207275,-0.04755575209856033,0,0
14,LEFT_ANKLE,0.447390079498291,0.9010985493659973,0.09761247783899307,0,0
14,RIGHT_ANKLE,0.4306607246398926,0.8571467995643616,0.1456967294216156,0,0
14,LEFT_HEEL,0.4507984220981598,0.9117069244384766,0.10812293738126755,0,0
14,RIGHT_HEEL,0.43810468912124634,0.8568525910377502,0.16452115774154663,0,0
14,LEFT_FOOT_INDEX,0.43831178545951843,0.946762204170227,0.02870205231010914,0,0
14,RIGHT_FOOT_INDEX,0.42654943466186523,0.9112162590026855,0.12707115709781647,0,0
15,NOSE,0.3949572443962097,0.5095084309577942,-0.1388586163520813,0,0
15,LEFT_EYE_INNER,0.3981809914112091,0.49694693088531494,-0.13441547751426697,0,0
15,LEFT_EYE,0.4011116623878479,0.49558597803115845,-0.13440628349781036,0,0
15,LEFT_EYE_OUTER,0.40430670976638794,0.4941612482070923,-0.13441351056098938,0,0
15,RIGHT_EYE_INNER,0.3923468589782715,0.49824607372283936,-0.1289466917514801,0,0
15,RIGHT_EYE,0.3907777965068817,0.49803614616394043,-0.12893888354301453,0,0
15,RIGHT_EYE_OUTER,0.38926345109939575,0.4978351294994354,-0.12897108495235443,0,0
15,LEFT_EAR,0.41100993752479553,0.4927061200141907,-0.08123162388801575,0,0
15,RIGHT_EAR,0.3913952112197876,0.4963781237602234,-0.04950810968875885,0,0
15,MOUTH_LEFT,0.40127837657928467,0.5170680284500122,-0.11517761647701263,0,0
15,MOUTH_RIGHT,0.3940044045448303,0.5177555084228516,-0.10647895932197571,0,0
15,LEFT_SHOULDER,0.4376067817211151,0.533394992351532,-0.034190382808446884,0,0
15,RIGHT_SHOULDER,0.3786005675792694,0.5427273511886597,-0.035509321838617325,0,0
15,LEFT_ELBOW,0.45812922716140747,0.5904480814933777,-0.1131744459271431,0,0
15,RIGHT_ELBOW,0.39746803045272827,0.6169800162315369,-0.08429322391748428,0,0
15,LEFT_WRIST,0.4616265296936035,0.554288923740387,-0.2368314564228058,0,0
15,RIGHT_WRIST,0.4456070065498352,0.5958818793296814,-0.1566181778907776,0,0
15,LEFT_PINKY,0.46311599016189575,0.5416170358657837,-0.2590472400188446,0,0
15,RIGHT_PINKY,0.4582289457321167,0.5919206142425537,-0.1826646327972412,0,0
15,LEFT_INDEX,0.45729684829711914,0.5350590944290161,-0.25834500789642334,0,0
15,RIGHT_INDEX,0.45809370279312134,0.5823779702186584,-0.17668040096759796,0,0
15,LEFT_THUMB,0.4561024606227875,0.5404441952705383,-0.24038363993167877,0,0
15,RIGHT_THUMB,0.45404738187789917,0.5830948352813721,-0.15560288727283478,0,0
15,LEFT_HIP,0.4343166649341583,0.6969389915466309,-0.017027121037244797,0,0
15,RIGHT_HIP,0.39737388491630554,0.7004496455192566,0.016998883336782455,0,0
15,LEFT_KNEE,0.44478118419647217,0.8079843521118164,-0.04928778484463692,0,0
15,RIGHT_KNEE,0.37541648745536804,0.8087894916534424,-0.09302671998739243,0,0
15,LEFT_ANKLE,0.44750741124153137,0.9003474712371826,0.11541012674570084,0,0
15,RIGHT_ANKLE,0.4219309389591217,0.8504902720451355,0.11873674392700195,0,0
15,LEFT_HEEL,0.44963550567626953,0.9109606146812439,0.12865473330020905,0,0
15,RIGHT_HEEL,0.4301661550998688,0.8488873243331909,0.139537513256073,0,0
15,LEFT_FOOT_INDEX,0.437761127948761,0.9457838535308838,0.053050123155117035,0,0
15,RIGHT_FOOT_INDEX,0.41849225759506226,0.9073436856269836,0.10553032904863358,0,0
16,NOSE,0.39329832792282104,0.5158753395080566,-0.13958290219306946,0,0
16,LEFT_EYE_INNER,0.396295964717865,0.502909243106842,-0.1330360323190689,0,0
16,LEFT_EYE,0.3990301787853241,0.5018237233161926,-0.13303494453430176,0,0
16,LEFT_EYE_OUTER,0.4021884799003601,0.5005825161933899,-0.13306690752506256,0,0
16,RIGHT_EYE_INNER,0.3903070092201233,0.5040193200111389,-0.12916222214698792,0,0
16,RIGHT_EYE,0.3886064291000366,0.5039345026016235,-0.12914882600307465,0,0
16,RIGHT_EYE_OUTER,0.3868813216686249,0.5038402080535889,-0.12917651236057281,0,0
16,LEFT_EAR,0.40979763865470886,0.498188316822052,-0.07242707908153534,0,0
16,RIGHT_EAR,0.3887423574924469,0.5019876956939697,-0.049098990857601166,0,0
16,MOUTH_LEFT,0.3996897339820862,0.5236939191818237,-0.11426163464784622,0,0
16,MOUTH_RIGHT,0.3927319347858429,0.5247353911399841,-0.10748141258955002,0,0
16,LEFT_SHOULDER,0.4365676939487457,0.537157416343689,-0.016884634271264076,0,0
16,RIGHT_SHOULDER,0.3772490322589874,0.5500380992889404,-0.04238419234752655,0,0
16,LEFT_ELBOW,0.45804187655448914,0.5835211873054504,-0.09604500234127045,0,0
16,RIGHT_ELBOW,0.3995281755924225,0.6196339130401611,-0.09498362988233566,0,0
16,LEFT_WRIST,0.4741622507572174,0.5497238636016846,-0.23380404710769653,0,0
16,RIGHT_WRIST,0.45145219564437866,0.598015308380127,-0.1602775603532791,0,0
16,LEFT_PINKY,0.47984516620635986,0.5416628122329712,-0.2590109407901764,0,0
16,RIGHT_PINKY,0.4631747603416443,0.5946025252342224,-0.184811070561409,0,0
16,LEFT_INDEX,0.47687652707099915,0.5357019305229187,-0.2601514458656311,0,0
16,RIGHT_INDEX,0.4637329876422882,0.5866379141807556,-0.18126757442951202,0,0
16,LEFT_THUMB,0.47419771552085876,0.539585530757904,-0.2395305037498474,0,0
16,RIGHT_THUMB,0.4599887728691101,0.5866373777389526,-0.16002391278743744,0,0
16,LEFT_HIP,0.4323233366012573,0.6994367837905884,-0.012158936820924282,0,0
16,RIGHT_HIP,0.39469364285469055,0.7006340622901917,0.01215736661106348,0,0
16,LEFT_KNEE,0.4432750344276428,0.8122731447219849,-0.12399964779615402,0,0
16,RIGHT_KNEE,0.3623245656490326,0.8078058958053589,-0.08586964756250381,0,0
16,LEFT_ANKLE,0.44592374563217163,0.9002155065536499,0.028738360852003098,0,0
16,RIGHT_ANKLE,0.401650071144104,0.8544304966926575,0.114576555788517,0,0
16,LEFT_HEEL,0.4466509521007538,0.910573422908783,0.0410756841301918,0,0
16,RIGHT_HEEL,0.411358505487442,0.8552238941192627,0.1337120532989502,0,0
16,LEFT_FOOT_INDEX,0.4379328489303589,0.9455030560493469,-0.03995800390839577,0,0
16,RIGHT_FOOT_INDEX,0.3921101987361908,0.9074221253395081,0.09638600796461105,0,0
17,NOSE,0.39016759395599365,0.5255216956138611,-0.21115607023239136,0,0
17,LEFT_EYE_INNER,0.39321526885032654,0.5124474763870239,-0.20332662761211395,0,0
17,LEFT_EYE,0.3956061899662018,0.5113127827644348,-0.20332159101963043,0,0
17,LEFT_EYE_OUTER,0.3984881043434143,0.5097653865814209,-0.2033718079328537,0,0
17,RIGHT_EYE_INNER,0.38748276233673096,0.5138024091720581,-0.2011726349592209,0,0
17,RIGHT_EYE,0.3857492506504059,0.5137180089950562,-0.20117001235485077,0,0
17,RIGHT_EYE_OUTER,0.3839803636074066,0.513532280921936,-0.20119218528270721,0,0
17,LEFT_EAR,0.40626630187034607,0.5059529542922974,-0.13378040492534637,0,0
17,RIGHT_EAR,0.38629844784736633,0.5105177760124207,-0.11741296947002411,0,0
17,MOUTH_LEFT,0.3961445689201355,0.5328943133354187,-0.18222641944885254,0,0
17,MOUTH_RIGHT,0.39005082845687866,0.53437340259552,-0.17753033339977264,0,0
17,LEFT_SHOULDER,0.4331184923648834,0.5431088805198669,-0.0654970034956932,0,0
17,RIGHT_SHOULDER,0.37467512488365173,0.5625697374343872,-0.10204627364873886,0,0
17,LEFT_ELBOW,0.4577980935573578,0.5892529487609863,-0.145186647772789,0,0
17,RIGHT_ELBOW,0.4003150165081024,0.6313591599464417,-0.15618905425071716,0,0
17,LEFT_WRIST,0.4791199564933777,0.5615732073783875,-0.29485762119293213,0,0
17,RIGHT_WRIST,0.45310455560684204,0.6101319789886475,-0.22028908133506775,0,0
17,LEFT_PINKY,0.4898999333381653,0.5472937226295471,-0.3258741497993469,0,0
17,RIGHT_PINKY,0.4651870131492615,0.6079240441322327,-0.2499067336320877,0,0
17,LEFT_INDEX,0.48586681485176086,0.5527750253677368,-0.3331546485424042,0,0
17,RIGHT_INDEX,0.4663998782634735,0.5974458456039429,-0.24428683519363403,0,0
17,LEFT_THUMB,0.48162901401519775,0.5573146939277649,-0.302967369556427,0,0
17,RIGHT_THUMB,0.46283119916915894,0.5969507694244385,-0.21941392123699188,0,0
17,LEFT_HIP,0.42889317870140076,0.6996645331382751,-0.011127471923828125,0,0
17,RIGHT_HIP,0.3911033272743225,0.7006971836090088,0.011140752583742142,0,0
17,LEFT_KNEE,0.44270819425582886,0.8142138123512268,-0.1303902566432953,0,0
17,RIGHT_KNEE,0.3505052328109741,0.80521559715271,-0.08162426203489304,0,0
17,LEFT_ANKLE,0.44496825337409973,0.9004698395729065,0.034273676574230194,0,0
17,RIGHT_ANKLE,0.38242456316947937,0.869544267654419,0.09971043467521667,0,0
17,LEFT_HEEL,0.4450671374797821,0.9108853936195374,0.04642008617520332,0,0
17,RIGHT_HEEL,0.3945988118648529,0.8754299879074097,0.11533884704113007,0,0
17,LEFT_FOOT_INDEX,0.43887612223625183,0.9450192451477051,-0.0398143008351326,0,0
17,RIGHT_FOOT_INDEX,0.3617301881313324,0.9174240827560425,0.06296363472938538,0,0
18,NOSE,0.38396069407463074,0.5286084413528442,-0.22958730161190033,0,0
18,LEFT_EYE_INNER,0.38756126165390015,0.5162838101387024,-0.2211505025625229,0,0
18,LEFT_EYE,0.38988229632377625,0.5153391361236572,-0.22113880515098572,0,0
18,LEFT_EYE_OUTER,0.3923295736312866,0.5139307379722595,-0.22117921710014343,0,0
18,RIGHT_EYE_INNER,0.3817148804664612,0.5175748467445374,-0.21850450336933136,0,0
18,RIGHT_EYE,0.3800446391105652,0.5176191329956055,-0.2185254991054535,0,0
18,RIGHT_EYE_OUTER,0.37832456827163696,0.5175385475158691,-0.21853528916835785,0,0
18,LEFT_EAR,0.3994135856628418,0.5107083916664124,-0.15038393437862396,0,0
18,RIGHT_EAR,0.3813554644584656,0.5157245993614197,-0.13119296729564667,0,0
18,MOUTH_LEFT,0.39012277126312256,0.5369828939437866,-0.20042690634727478,0,0
18,MOUTH_RIGHT,0.38395601511001587,0.5380861163139343,-0.19495877623558044,0,0
18,LEFT_SHOULDER,0.4290693998336792,0.5491135120391846,-0.08615634590387344,0,0
18,RIGHT_SHOULDER,0.3716069161891937,0.5740460753440857,-0.11033681780099869,0,0
18,LEFT_ELBOW,0.45593708753585815,0.5895740985870361,-0.16448862850666046,0,0
18,RIGHT_ELBOW,0.4004930853843689,0.6373475193977356,-0.17175745964050293,0,0
18,LEFT_WRIST,0.4819902777671814,0.5901508927345276,-0.31124958395957947,0,0
18,RIGHT_WRIST,0.45353439450263977,0.6320991516113281,-0.24750082194805145,0,0
18,LEFT_PINKY,0.49118658900260925,0.5881579518318176,-0.3443748354911804,0,0
18,RIGHT_PINKY,0.466451495885849,0.6333269476890564,-0.27890631556510925,0,0
18,LEFT_INDEX,0.48923787474632263,0.5877395868301392,-0.35506656765937805,0,0
18,RIGHT_INDEX,0.4686793088912964,0.6236915588378906,-0.2753196358680725,0,0
18,LEFT_THUMB,0.48536524176597595,0.5894235968589783,-0.32067346572875977,0,0
18,RIGHT_THUMB,0.4656643867492676,0.622041642665863,-0.2476232349872589,0,0
18,LEFT_HIP,0.42543870210647583,0.7017116546630859,-0.013001027517020702,0,0
18,RIGHT_HIP,0.3886074721813202,0.7028571367263794,0.01296867523342371,0,0
18,LEFT_KNEE,0.44033128023147583,0.8159302473068237,-0.14734940230846405,0,0
18,RIGHT_KNEE,0.3417690098285675,0.8002551794052124,-0.1007104218006134,0,0
18,LEFT_ANKLE,0.44444045424461365,0.9007159471511841,0.011718034744262695,0,0
18,RIGHT_ANKLE,0.36120396852493286,0.8939289450645447,0.040198106318712234,0,0
18,LEFT_HEEL,0.44463837146759033,0.9110479354858398,0.022277148440480232,0,0
18,RIGHT_HEEL,0.3704124391078949,0.9067618250846863,0.050073254853487015,0,0
18,LEFT_FOOT_INDEX,0.4393884539604187,0.9442548751831055,-0.07121455669403076,0,0
18,RIGHT_FOOT_INDEX,0.33616387844085693,0.9288820028305054,-0.01881331391632557,0,0
19,NOSE,0.38233041763305664,0.5311954617500305,-0.23866111040115356,0,0
19,LEFT_EYE_INNER,0.38585612177848816,0.5189530253410339,-0.23019437491893768,0,0
19,LEFT_EYE,0.3881670832633972,0.5178565979003906,-0.23018208146095276,0,0
19,LEFT_EYE_OUTER,0.3903498351573944,0.5165032744407654,-0.2302192598581314,0,0
19,RIGHT_EYE_INNER,0.38037002086639404,0.5202333927154541,-0.22767971456050873,0,0
19,RIGHT_EYE,0.37879273295402527,0.5202999114990234,-0.22770634293556213,0,0
19,RIGHT_EYE_OUTER,0.3771766126155853,0.520196259021759,-0.2277219444513321,0,0
19,LEFT_EAR,0.39801523089408875,0.5134596824645996,-0.15796472132205963,0,0
19,RIGHT_EAR,0.3806506395339966,0.5179694890975952,-0.13943283259868622,0,0
19,MOUTH_LEFT,0.3883119523525238,0.5392512679100037,-0.20883697271347046,0,0
19,MOUTH_RIGHT,0.3824785053730011,0.5406669974327087,-0.20359525084495544,0,0
19,LEFT_SHOULDER,0.4269275963306427,0.5508643984794617,-0.09075915068387985,0,0
19,RIGHT_SHOULDER,0.37042999267578125,0.5757531523704529,-0.11543460190296173,0,0
19,LEFT_ELBOW,0.45441243052482605,0.5909935832023621,-0.16246162354946136,0,0
19,RIGHT_ELBOW,0.4003762900829315,0.6384314894676208,-0.17856889963150024,0,0
19,LEFT_WRIST,0.4821290373802185,0.595809817314148,-0.30376651883125305,0,0
19,RIGHT_WRIST,0.4527139365673065,0.6363522410392761,-0.25701531767845154,0,0
19,LEFT_PINKY,0.4910975694656372,0.5965025424957275,-0.3355422914028168,0,0
19,RIGHT_PINKY,0.4652038812637329,0.6385111808776855,-0.2882792055606842,0,0
19,LEFT_INDEX,0.48934206366539,0.5939279794692993,-0.3466857373714447,0,0
19,RIGHT_INDEX,0.4677657186985016,0.6292827129364014,-0.28522539138793945,0,0
19,LEFT_THUMB,0.4855078458786011,0.5950366854667664,-0.3130958676338196,0,0
19,RIGHT_THUMB,0.4647899270057678,0.6276329755783081,-0.25736376643180847,0,0
19,LEFT_HIP,0.4236986041069031,0.7026547193527222,-0.01432642713189125,0,0
19,RIGHT_HIP,0.3876103162765503,0.7038151621818542,0.014282994903624058,0,0
19,LEFT_KNEE,0.4392744302749634,0.815690279006958,-0.14814434945583344,0,0
19,RIGHT_KNEE,0.3412296175956726,0.7972593903541565,-0.1035240888595581,0,0
19,LEFT_ANKLE,0.4443948566913605,0.9010056257247925,-0.0016254130750894547,0,0
19,RIGHT_ANKLE,0.3591022491455078,0.8967013359069824,0.030059320852160454,0,0
19,LEFT_HEEL,0.44472694396972656,0.911350667476654,0.007359879091382027,0,0
19,RIGHT_HEEL,0.36830803751945496,0.9102827310562134,0.039049383252859116,0,0
19,LEFT_FOOT_INDEX,0.43975579738616943,0.9443747401237488,-0.08761981129646301,0,0
19,RIGHT_FOOT_INDEX,0.3346111476421356,0.9319186806678772,-0.03107088804244995,0,0
20,NOSE,0.3779078722000122,0.5319319367408752,-0.2203795313835144,0,0
20,LEFT_EYE_INNER,0.3817744851112366,0.5200796127319336,-0.21228130161762238,0,0
20,LEFT_EYE,0.3838880658149719,0.5192493796348572,-0.21228353679180145,0,0
20,LEFT_EYE_OUTER,0.38620737195014954,0.518120527267456,-0.2123209834098816,0,0
20,RIGHT_EYE_INNER,0.3762931823730469,0.5211726427078247,-0.20923109352588654,0,0
20,RIGHT_EYE,0.37473976612091064,0.5212163329124451,-0.2092592716217041,0,0
20,RIGHT_EYE_OUTER,0.37320512533187866,0.5211003422737122,-0.20926325023174286,0,0
20,LEFT_EAR,0.39383792877197266,0.515752911567688,-0.14288587868213654,0,0
20,RIGHT_EAR,0.3774243891239166,0.5193573832511902,-0.12326713651418686,0,0
20,MOUTH_LEFT,0.3841346800327301,0.5409519076347351,-0.19164429605007172,0,0
20,MOUTH_RIGHT,0.3780386745929718,0.541783332824707,-0.18612040579319,0,0
20,LEFT_SHOULDER,0.4240061938762665,0.5538899898529053,-0.0796063244342804,0,0
20,RIGHT_SHOULDER,0.36650487780570984,0.578517496585846,-0.09451323002576828,0,0
20,LEFT_ELBOW,0.45213860273361206,0.6027270555496216,-0.11548466235399246,0,0
20,RIGHT_ELBOW,0.3995153605937958,0.6439794301986694,-0.14256449043750763,0,0
20,LEFT_WRIST,0.4786929190158844,0.6383874416351318,-0.22396425902843475,0,0
20,RIGHT_WRIST,0.44804105162620544,0.6556875109672546,-0.23851342499256134,0,0
20,LEFT_PINKY,0.48692622780799866,0.642562747001648,-0.25383490324020386,0,0
20,RIGHT_PINKY,0.45975616574287415,0.6574462056159973,-0.27372387051582336,0,0
20,LEFT_INDEX,0.4865424335002899,0.6406691670417786,-0.272975355386734,0,0
20,RIGHT_INDEX,0.4616924822330475,0.6503090858459473,-0.24926534295082092,0,0
20,LEFT_THUMB,0.48267948627471924,0.6396902203559875,-0.23515912890434265,0,0
20,RIGHT_THUMB,0.45856931805610657,0.6490898132324219,-0.24462637305259705,0,0
20,LEFT_HIP,0.4204234182834625,0.7041982412338257,-0.01511877216398716,0,0
20,RIGHT_HIP,0.3848768472671509,0.7053254842758179,0.015125634148716927,0,0
20,LEFT_KNEE,0.4367068409919739,0.8155722618103027,-0.16101808845996857,0,0
20,RIGHT_KNEE,0.33769065141677856,0.7957497239112854,-0.13072654604911804,0,0
20,LEFT_ANKLE,0.44399359822273254,0.9013809561729431,-0.04520558938384056,0,0
20,RIGHT_ANKLE,0.340341717004776,0.9118225574493408,-0.05095565319061279,0,0
20,LEFT_HEEL,0.44404131174087524,0.9115550518035889,-0.03902840614318848,0,0
20,RIGHT_HEEL,0.3498798608779907,0.934134840965271,-0.04797285050153732,0,0
20,LEFT_FOOT_INDEX,0.43995770812034607,0.9441189169883728,-0.13504011929035187,0,0
20,RIGHT_FOOT_INDEX,0.31303831934928894,0.9428402781486511,-0.1286732256412506,0,0
21,NOSE,0.3720810115337372,0.5334305763244629,-0.19603344798088074,0,0
21,LEFT_EYE_INNER,0.37559476494789124,0.5214594602584839,-0.18822145462036133,0,0
21,LEFT_EYE,0.37785664200782776,0.5206990242004395,-0.18822091817855835,0,0
21,LEFT_EYE_OUTER,0.38006699085235596,0.5196823477745056,-0.18824976682662964,0,0
21,RIGHT_EYE_INNER,0.370684415102005,0.5222994089126587,-0.18317684531211853,0,0
21,RIGHT_EYE,0.36942407488822937,0.5222331881523132,-0.18320393562316895,0,0
21,RIGHT_EYE_OUTER,0.36806172132492065,0.522085428237915,-0.1831972897052765,0,0
21,LEFT_EAR,0.3876854479312897,0.5177489519119263,-0.12994784116744995,0,0
21,RIGHT_EAR,0.3722515404224396,0.5209886431694031,-0.10140478610992432,0,0
21,MOUTH_LEFT,0.37790754437446594,0.5428776741027832,-0.17288415133953094,0,0
21,MOUTH_RIGHT,0.37180355191230774,0.5435187220573425,-0.16460998356342316,0,0
21,LEFT_SHOULDER,0.42031872272491455,0.5565816164016724,-0.07829976826906204,0,0
21,RIGHT_SHOULDER,0.35954171419143677,0.5794239044189453,-0.07279875874519348,0,0
21,LEFT_ELBOW,0.4465806782245636,0.6096801161766052,-0.08299056440591812,0,0
21,RIGHT_ELBOW,0.38891977071762085,0.6494397521018982,-0.08567243069410324,0,0
21,LEFT_WRIST,0.47736862301826477,0.6642600297927856,-0.15765218436717987,0,0
21,RIGHT_WRIST,0.43489110469818115,0.6737651228904724,-0.13386103510856628,0,0
21,LEFT_PINKY,0.4815002977848053,0.6763736009597778,-0.18286867439746857,0,0
21,RIGHT_PINKY,0.44466862082481384,0.6859371066093445,-0.1599736511707306,0,0
21,LEFT_INDEX,0.4805539548397064,0.677239179611206,-0.20110496878623962,0,0
21,RIGHT_INDEX,0.44964662194252014,0.6775317192077637,-0.16451893746852875,0,0
21,LEFT_THUMB,0.4774208664894104,0.6738237142562866,-0.16691748797893524,0,0
21,RIGHT_THUMB,0.44658714532852173,0.6732129454612732,-0.1367807239294052,0,0
21,LEFT_HIP,0.41212302446365356,0.7062546610832214,-0.01856059394776821,0,0
21,RIGHT_HIP,0.3778184950351715,0.7067069411277771,0.018577763810753822,0,0
21,LEFT_KNEE,0.4310784339904785,0.8155640959739685,-0.13632994890213013,0,0
21,RIGHT_KNEE,0.3342432677745819,0.7960395812988281,-0.10090847313404083,0,0
21,LEFT_ANKLE,0.44376054406166077,0.9014602899551392,-0.03407718986272812,0,0
21,RIGHT_ANKLE,0.33154037594795227,0.9203004240989685,-0.04451485723257065,0,0
21,LEFT_HEEL,0.4443233907222748,0.9117227792739868,-0.028300771489739418,0,0
21,RIGHT_HEEL,0.3401795029640198,0.9453833699226379,-0.043544474989175797,0,0
21,LEFT_FOOT_INDEX,0.4398995637893677,0.9443269371986389,-0.11206971108913422,0,0
21,RIGHT_FOOT_INDEX,0.3065158724784851,0.9487299919128418,-0.11576762795448303,0,0
22,NOSE,0.3650108873844147,0.5326632857322693,-0.22921347618103027,0,0
22,LEFT_EYE_INNER,0.3690832555294037,0.5200623273849487,-0.22329184412956238,0,0
22,LEFT_EYE,0.3714195191860199,0.5193828344345093,-0.22328278422355652,0,0
22,LEFT_EYE_OUTER,0.3738292455673218,0.5185554027557373,-0.2233002930879593,0,0
22,RIGHT_EYE_INNER,0.3639608919620514,0.5208231210708618,-0.21661843359470367,0,0
22,RIGHT_EYE,0.3627451956272125,0.5207754373550415,-0.21665270626544952,0,0
22,RIGHT_EYE_OUTER,0.3617421090602875,0.5206586122512817,-0.21668276190757751,0,0
22,LEFT_EAR,0.3815214931964874,0.5176903605461121,-0.16430044174194336,0,0
22,RIGHT_EAR,0.3656438887119293,0.519909143447876,-0.12943406403064728,0,0
22,MOUTH_LEFT,0.37092047929763794,0.5427688360214233,-0.20494383573532104,0,0
22,MOUTH_RIGHT,0.3647734522819519,0.5431317687034607,-0.19511745870113373,0,0
22,LEFT_SHOULDER,0.4141617715358734,0.5618917942047119,-0.10572488605976105,0,0
22,RIGHT_SHOULDER,0.3517410159111023,0.5773704051971436,-0.09269589930772781,0,0
22,LEFT_ELBOW,0.4374210238456726,0.6321338415145874,-0.1054704412817955,0,0
22,RIGHT_ELBOW,0.3749189078807831,0.6493302583694458,-0.10028691589832306,0,0
22,LEFT_WRIST,0.4548889994621277,0.7012921571731567,-0.17017392814159393,0,0
22,RIGHT_WRIST,0.4188154935836792,0.6899583339691162,-0.1555696576833725,0,0
22,LEFT_PINKY,0.46030154824256897,0.719073474407196,-0.19379009306430817,0,0
22,RIGHT_PINKY,0.42490503191947937,0.705534040927887,-0.18048907816410065,0,0
22,LEFT_INDEX,0.4561866223812103,0.7184858322143555,-0.21106955409049988,0,0
22,RIGHT_INDEX,0.4292319416999817,0.7004326581954956,-0.18826906383037567,0,0
22,LEFT_THUMB,0.4527037441730499,0.7133349180221558,-0.17863525450229645,0,0
22,RIGHT_THUMB,0.4274703860282898,0.6950423717498779,-0.15926796197891235,0,0
22,LEFT_HIP,0.40224888920783997,0.7119996547698975,-0.020817182958126068,0,0
22,RIGHT_HIP,0.3689768612384796,0.7093080878257751,0.020840363577008247,0,0
22,LEFT_KNEE,0.4220952093601227,0.815561056137085,-0.07822941243648529,0,0
22,RIGHT_KNEE,0.32986682653427124,0.7980160713195801,-0.09107808768749237,0,0
22,LEFT_ANKLE,0.44310644268989563,0.9015292525291443,0.037005193531513214,0,0
22,RIGHT_ANKLE,0.33250370621681213,0.9266107678413391,-0.020709147676825523,0,0
22,LEFT_HEEL,0.4442093074321747,0.9112681746482849,0.04374163597822189,0,0
22,RIGHT_HEEL,0.33981937170028687,0.9518297910690308,-0.01835651509463787,0,0
22,LEFT_FOOT_INDEX,0.4400366246700287,0.9444841146469116,-0.03538808971643448,0,0
22,RIGHT_FOOT_INDEX,0.3041476905345917,0.950462281703949,-0.09512393176555634,0,0
23,NOSE,0.36087530851364136,0.5313535928726196,-0.22026915848255157,0,0
23,LEFT_EYE_INNER,0.36521488428115845,0.519050657749176,-0.21721333265304565,0,0
23,LEFT_EYE,0.36766812205314636,0.5184071660041809,-0.21718822419643402,0,0
23,LEFT_EYE_OUTER,0.37031134963035583,0.5175886154174805,-0.21719947457313538,0,0
23,RIGHT_EYE_INNER,0.3597191572189331,0.5196380019187927,-0.21061162650585175,0,0
23,RIGHT_EYE,0.3583170175552368,0.5195277333259583,-0.21064387261867523,0,0
23,RIGHT_EYE_OUTER,0.35711416602134705,0.5193533301353455,-0.21067501604557037,0,0
23,LEFT_EAR,0.37761345505714417,0.5163691639900208,-0.16803158819675446,0,0
23,RIGHT_EAR,0.3602520525455475,0.5185704827308655,-0.13528725504875183,0,0
23,MOUTH_LEFT,0.3664792478084564,0.5413137078285217,-0.19871385395526886,0,0
23,MOUTH_RIGHT,0.3599580228328705,0.5414562821388245,-0.189565047621727,0,0
23,LEFT_SHOULDER,0.4083945155143738,0.5692082643508911,-0.121973417699337,0,0
23,RIGHT_SHOULDER,0.3455352783203125,0.5724228620529175,-0.08692114800214767,0,0
23,LEFT_ELBOW,0.41775617003440857,0.6499560475349426,-0.11161769926548004,0,0
23,RIGHT_ELBOW,0.3563293516635895,0.6464556455612183,-0.07601910084486008,0,0
23,LEFT_WRIST,0.41536033153533936,0.7289615869522095,-0.15287154912948608,0,0
23,RIGHT_WRIST,0.38336193561553955,0.7022668719291687,-0.13088969886302948,0,0
23,LEFT_PINKY,0.4176606237888336,0.7510635256767273,-0.17341895401477814,0,0
23,RIGHT_PINKY,0.3870757520198822,0.7241142988204956,-0.15329524874687195,0,0
23,LEFT_INDEX,0.41369879245758057,0.7493830919265747,-0.18936005234718323,0,0
23,RIGHT_INDEX,0.3930981755256653,0.7225102186203003,-0.1657422035932541,0,0
23,LEFT_THUMB,0.41172847151756287,0.7421044111251831,-0.15907536447048187,0,0
23,RIGHT_THUMB,0.3925512731075287,0.7152183055877686,-0.136380136013031,0,0
23,LEFT_HIP,0.39547398686408997,0.7140160799026489,-0.021129412576556206,0,0
23,RIGHT_HIP,0.3610185384750366,0.709757387638092,0.021111462265253067,0,0
23,LEFT_KNEE,0.41421154141426086,0.8183582425117493,-0.029236849397420883,0,0
23,RIGHT_KNEE,0.3261750340461731,0.799283504486084,-0.07846274971961975,0,0
23,LEFT_ANKLE,0.4402328133583069,0.9002800583839417,0.08085480332374573,0,0
23,RIGHT_ANKLE,0.3316725194454193,0.9308672547340393,-0.017736248672008514,0,0
23,LEFT_HEEL,0.44216540455818176,0.9074764847755432,0.08786045014858246,0,0
23,RIGHT_HEEL,0.34091493487358093,0.9530994296073914,-0.016268709674477577,0,0
23,LEFT_FOOT_INDEX,0.44005459547042847,0.9458319544792175,0.019624611362814903,0,0
23,RIGHT_FOOT_INDEX,0.3040951192378998,0.9535550475120544,-0.08709679543972015,0,0
24,NOSE,0.3620261549949646,0.5305017232894897,-0.2281523495912552,0,0
24,LEFT_EYE_INNER,0.3664253354072571,0.5182901620864868,-0.22435037791728973,0,0
24,LEFT_EYE,0.3688753843307495,0.5176123976707458,-0.22431276738643646,0,0
24,LEFT_EYE_OUTER,0.37130844593048096,0.5167645215988159,-0.22430060803890228,0,0
24,RIGHT_EYE_INNER,0.36050111055374146,0.5188575387001038,-0.21913011372089386,0,0
24,RIGHT_EYE,0.3588649332523346,0.5188120603561401,-0.21916256844997406,0,0
24,RIGHT_EYE_OUTER,0.3572913408279419,0.5187857151031494,-0.21918800473213196,0,0
24,LEFT_EAR,0.37855371832847595,0.5154639482498169,-0.17168331146240234,0,0
24,RIGHT_EAR,0.3594311773777008,0.5182508826255798,-0.1458706259727478,0,0
24,MOUTH_LEFT,0.36695513129234314,0.540317714214325,-0.2056615650653839,0,0
24,MOUTH_RIGHT,0.36065420508384705,0.5404682159423828,-0.19847168028354645,0,0
24,LEFT_SHOULDER,0.4062561094760895,0.5710209608078003,-0.12363027781248093,0,0
24,RIGHT_SHOULDER,0.3442644774913788,0.5710475444793701,-0.0979953482747078,0,0
24,LEFT_ELBOW,0.41596895456314087,0.6527086496353149,-0.11413873732089996,0,0
24,RIGHT_ELBOW,0.3552311360836029,0.6455373167991638,-0.09158673137426376,0,0
24,LEFT_WRIST,0.4112534523010254,0.7317798733711243,-0.1553894728422165,0,0
24,RIGHT_WRIST,0.38228467106819153,0.7021158337593079,-0.1496395319700241,0,0
24,LEFT_PINKY,0.4138686954975128,0.7539905905723572,-0.17597617208957672,0,0
24,RIGHT_PINKY,0.38798636198043823,0.7237811088562012,-0.17326222360134125,0,0
24,LEFT_INDEX,0.4104873239994049,0.7524510622024536,-0.19101376831531525,0,0
24,RIGHT_INDEX,0.39260098338127136,0.7209751009941101,-0.1830025166273117,0,0
24,LEFT_THUMB,0.4084080457687378,0.7451505661010742,-0.16154898703098297,0,0
24,RIGHT_THUMB,0.3911735415458679,0.7130395770072937,-0.15397118031978607,0,0
24,LEFT_HIP,0.39345887303352356,0.7148823142051697,-0.020965075120329857,0,0
24,RIGHT_HIP,0.36047565937042236,0.7103942036628723,0.020908702164888382,0,0
24,LEFT_KNEE,0.41365668177604675,0.8214334845542908,-0.011763978749513626,0,0
24,RIGHT_KNEE,0.32705244421958923,0.8002541065216064,-0.09312643855810165,0,0
24,LEFT_ANKLE,0.43939289450645447,0.8985638618469238,0.11860977858304977,0,0
24,RIGHT_ANKLE,0.3319988548755646,0.930809497833252,-0.04485670104622841,0,0
24,LEFT_HEEL,0.4417814314365387,0.9054099321365356,0.12778040766716003,0,0
24,RIGHT_HEEL,0.34066301584243774,0.9542108774185181,-0.043848711997270584,0,0
24,LEFT_FOOT_INDEX,0.44047096371650696,0.9461069107055664,0.06037403643131256,0,0
24,RIGHT_FOOT_INDEX,0.3060382604598999,0.955142080783844,-0.11835400760173798,0,0
25,NOSE,0.35844850540161133,0.5266937613487244,-0.18151934444904327,0,0
25,LEFT_EYE_INNER,0.36322054266929626,0.5157797932624817,-0.18326973915100098,0,0
25,LEFT_EYE,0.36569228768348694,0.5155131220817566,-0.18325453996658325,0,0
25,LEFT_EYE_OUTER,0.36815840005874634,0.5151609182357788,-0.18324455618858337,0,0
25,RIGHT_EYE_INNER,0.35767456889152527,0.515450656414032,-0.17241357266902924,0,0
25,RIGHT_EYE,0.35629579424858093,0.5149447321891785,-0.17240165174007416,0,0
25,RIGHT_EYE_OUTER,0.35505563020706177,0.5143380761146545,-0.17241355776786804,0,0
25,LEFT_EAR,0.37683531641960144,0.5151723623275757,-0.1670566350221634,0,0
25,RIGHT_EAR,0.3588903248310089,0.5134130120277405,-0.0999993234872818,0,0
25,MOUTH_LEFT,0.36384329199790955,0.5373990535736084,-0.16530635952949524,0,0
25,MOUTH_RIGHT,0.3578873872756958,0.5362570881843567,-0.15124021470546722,0,0
25,LEFT_SHOULDER,0.39520135521888733,0.5740525126457214,-0.13138587772846222,0,0
25,RIGHT_SHOULDER,0.34668177366256714,0.5550040006637573,-0.008629425428807735,0,0
25,LEFT_ELBOW,0.38547247648239136,0.659085214138031,-0.13715021312236786,0,0
25,RIGHT_ELBOW,0.3382929563522339,0.62883061170578,0.024310292676091194,0,0
25,LEFT_WRIST,0.36065036058425903,0.7223442196846008,-0.1653883010149002,0,0
25,RIGHT_WRIST,0.3354455232620239,0.6956486701965332,-0.0526486374437809,0,0
25,LEFT_PINKY,0.35627517104148865,0.744230329990387,-0.18628090620040894,0,0
25,RIGHT_PINKY,0.3352600038051605,0.7189317941665649,-0.07055392116308212,0,0
25,LEFT_INDEX,0.35190656781196594,0.7402419447898865,-0.19692477583885193,0,0
25,RIGHT_INDEX,0.33963078260421753,0.715632438659668,-0.08982359617948532,0,0
25,LEFT_THUMB,0.3520655632019043,0.7319039106369019,-0.1685682237148285,0,0
25,RIGHT_THUMB,0.3411436378955841,0.7080429792404175,-0.06191829964518547,0,0
25,LEFT_HIP,0.3826200067996979,0.7159223556518555,-0.03804296255111694,0,0
25,RIGHT_HIP,0.3512100577354431,0.7109137177467346,0.03794190660119057,0,0
25,LEFT_KNEE,0.4015781283378601,0.822709321975708,-0.00024132498947437853,0,0
25,RIGHT_KNEE,0.32422152161598206,0.8008084893226624,-0.11475806683301926,0,0
25,LEFT_ANKLE,0.4368346929550171,0.8947212100028992,0.12328216433525085,0,0
25,RIGHT_ANKLE,0.3323970139026642,0.9299818873405457,-0.08916310220956802,0,0
25,LEFT_HEEL,0.442319393157959,0.8966582417488098,0.13250945508480072,0,0
25,RIGHT_HEEL,0.34083572030067444,0.9551419615745544,-0.09067677706480026,0,0
25,LEFT_FOOT_INDEX,0.43814465403556824,0.946128249168396,0.06518293172121048,0,0
25,RIGHT_FOOT_INDEX,0.3036850094795227,0.9528459310531616,-0.16673755645751953,0,0
26,NOSE,0.35490506887435913,0.5202934145927429,-0.1892513930797577,0,0
26,LEFT_EYE_INNER,0.35993072390556335,0.5115893483161926,-0.19199593365192413,0,0
26,LEFT_EYE,0.36224809288978577,0.511986255645752,-0.19202686846256256,0,0
26,LEFT_EYE_OUTER,0.3643989562988281,0.5122734308242798,-0.19199594855308533,0,0
26,RIGHT_EYE_INNER,0.3551919758319855,0.5092121362686157,-0.17943952977657318,0,0
26,RIGHT_EYE,0.35410842299461365,0.5080267786979675,-0.17944484949111938,0,0
26,RIGHT_EYE_OUTER,0.35318586230278015,0.5068253874778748,-0.1794603168964386,0,0
26,LEFT_EAR,0.37324848771095276,0.5150822401046753,-0.17494229972362518,0,0
26,RIGHT_EAR,0.35874253511428833,0.5079765319824219,-0.10268434882164001,0,0
26,MOUTH_LEFT,0.36019188165664673,0.5323618054389954,-0.1762140542268753,0,0
26,MOUTH_RIGHT,0.3549588620662689,0.528893232345581,-0.15784257650375366,0,0
26,LEFT_SHOULDER,0.3834078907966614,0.5759658217430115,-0.18789145350456238,0,0
26,RIGHT_SHOULDER,0.3497690260410309,0.547857940196991,0.009284990839660168,0,0
26,LEFT_ELBOW,0.34862035512924194,0.6473984122276306,-0.21791906654834747,0,0
26,RIGHT_ELBOW,0.3302976191043854,0.6057291030883789,0.10096856951713562,0,0
26,LEFT_WRIST,0.30043739080429077,0.6932548880577087,-0.2273028939962387,0,0
26,RIGHT_WRIST,0.3002554774284363,0.6423929929733276,0.0839691162109375,0,0
26,LEFT_PINKY,0.2897976338863373,0.7042293548583984,-0.24968864023685455,0,0
26,RIGHT_PINKY,0.2897118330001831,0.6581894755363464,0.08214134722948074,0,0
26,LEFT_INDEX,0.2876215875148773,0.6983903050422668,-0.2529873847961426,0,0
26,RIGHT_INDEX,0.2909061312675476,0.6551969647407532,0.05998527631163597,0,0
26,LEFT_THUMB,0.2913609743118286,0.6907035708427429,-0.22706523537635803,0,0
26,RIGHT_THUMB,0.2951992452144623,0.6502285003662109,0.0744333267211914,0,0
26,LEFT_HIP,0.37504109740257263,0.7185514569282532,-0.05351657047867775,0,0
26,RIGHT_HIP,0.3482801020145416,0.7096890211105347,0.05342012271285057,0,0
26,LEFT_KNEE,0.38258492946624756,0.824971079826355,-0.0376109853386879,0,0
26,RIGHT_KNEE,0.3234913945198059,0.8044267892837524,-0.04380885511636734,0,0
26,LEFT_ANKLE,0.430728942155838,0.88941890001297,0.08094631880521774,0,0
26,RIGHT_ANKLE,0.3333266079425812,0.9287317395210266,0.010047171264886856,0,0
26,LEFT_HEEL,0.43978944420814514,0.8839853405952454,0.09131980687379837,0,0
26,RIGHT_HEEL,0.3416600823402405,0.9535444378852844,0.01080150343477726,0,0
26,LEFT_FOOT_INDEX,0.43596184253692627,0.9464759826660156,0.04453946650028229,0,0
26,RIGHT_FOOT_INDEX,0.3030196726322174,0.9516459107398987,-0.04168593883514404,0,0
27,NOSE,0.34868258237838745,0.5103066563606262,-0.06380575895309448,0,0
27,LEFT_EYE_INNER,0.3532853126525879,0.5009475946426392,-0.07843630760908127,0,0
27,LEFT_EYE,0.35485464334487915,0.5014185905456543,-0.07849251478910446,0,0
27,LEFT_EYE_OUTER,0.3564593195915222,0.5018686056137085,-0.0784928947687149,0,0
27,RIGHT_EYE_INNER,0.3507630228996277,0.4992363750934601,-0.05703067407011986,0,0
27,RIGHT_EYE,0.3505857586860657,0.49842366576194763,-0.05702672898769379,0,0
27,RIGHT_EYE_OUTER,0.35052403807640076,0.4974502623081207,-0.05703715607523918,0,0
27,LEFT_EAR,0.3649161756038666,0.5093027353286743,-0.10504066199064255,0,0
27,RIGHT_EAR,0.3586479723453522,0.502147912979126,-0.005682413931936026,0,0
27,MOUTH_LEFT,0.3533625304698944,0.5239933133125305,-0.06929142773151398,0,0
27,MOUTH_RIGHT,0.35005253553390503,0.520837664604187,-0.041148699820041656,0,0
27,LEFT_SHOULDER,0.3678646981716156,0.5751132965087891,-0.15103192627429962,0,0
27,RIGHT_SHOULDER,0.36514145135879517,0.5475358963012695,0.08052103221416473,0,0
27,LEFT_ELBOW,0.32399216294288635,0.613069474697113,-0.20116493105888367,0,0
27,RIGHT_ELBOW,0.3264164626598358,0.5701462626457214,0.12979426980018616,0,0
27,LEFT_WRIST,0.2856622040271759,0.5856673121452332,-0.18909165263175964,0,0
27,RIGHT_WRIST,0.2859429121017456,0.5688999891281128,0.10343816876411438,0,0
27,LEFT_PINKY,0.26849672198295593,0.5796184539794922,-0.2080318182706833,0,0
27,RIGHT_PINKY,0.27041947841644287,0.5643063187599182,0.1062135174870491,0,0
27,LEFT_INDEX,0.27189958095550537,0.5728031992912292,-0.19623969495296478,0,0
27,RIGHT_INDEX,0.26879915595054626,0.5608004331588745,0.0835437998175621,0,0
27,LEFT_THUMB,0.2764110267162323,0.5742112994194031,-0.18289855122566223,0,0
27,RIGHT_THUMB,0.27250608801841736,0.5625824332237244,0.0920342430472374,0,0
27,LEFT_HIP,0.3578079640865326,0.7212108969688416,-0.06304287165403366,0,0
27,RIGHT_HIP,0.3459046483039856,0.7149749994277954,0.06298895925283432,0,0
27,LEFT_KNEE,0.3636985719203949,0.8266214728355408,-0.04492415115237236,0,0
27,RIGHT_KNEE,0.3226666748523712,0.8080770969390869,-0.003082622541114688,0,0
27,LEFT_ANKLE,0.4175652265548706,0.8845638036727905,0.05566117912530899,0,0
27,RIGHT_ANKLE,0.33237820863723755,0.9293304085731506,0.015766745433211327,0,0
27,LEFT_HEEL,0.4322737157344818,0.8772416114807129,0.06505485624074936,0,0
27,RIGHT_HEEL,0.34026917815208435,0.9549256563186646,0.01435170229524374,0,0
27,LEFT_FOOT_INDEX,0.41708627343177795,0.9467318058013916,0.029379557818174362,0,0
27,RIGHT_FOOT_INDEX,0.3009304702281952,0.950950026512146,-0.030290093272924423,0,0
28,NOSE,0.3414444625377655,0.5064974427223206,-0.04038373380899429,0,0
28,LEFT_EYE_INNER,0.3454704284667969,0.49635568261146545,-0.05688078701496124,0,0
28,LEFT_EYE,0.3466741144657135,0.4965778589248657,-0.05690136179327965,0,0
28,LEFT_EYE_OUTER,0.34800904989242554,0.496775358915329,-0.056892041116952896,0,0
28,RIGHT_EYE_INNER,0.34437769651412964,0.4952678978443146,-0.035345371812582016,0,0
28,RIGHT_EYE,0.34476378560066223,0.4946814179420471,-0.035364869982004166,0,0
28,RIGHT_EYE_OUTER,0.34529274702072144,0.49397504329681396,-0.03536653146147728,0,0
28,LEFT_EAR,0.35632649064064026,0.5038436055183411,-0.09218330681324005,0,0
28,RIGHT_EAR,0.3545336425304413,0.4994630515575409,0.005549945402890444,0,0
28,MOUTH_LEFT,0.3443501591682434,0.5191798210144043,-0.049373142421245575,0,0
28,MOUTH_RIGHT,0.3426998555660248,0.5174885988235474,-0.02138606086373329,0,0
28,LEFT_SHOULDER,0.35158786177635193,0.5591683387756348,-0.14303681254386902,0,0
28,RIGHT_SHOULDER,0.37054938077926636,0.5485288500785828,0.08901017159223557,0,0
28,LEFT_ELBOW,0.30569586157798767,0.5721988081932068,-0.1776212751865387,0,0
28,RIGHT_ELBOW,0.3419928550720215,0.5898357033729553,0.1905558705329895,0,0
28,LEFT_WRIST,0.28883177042007446,0.5054183602333069,-0.10514023900032043,0,0
28,RIGHT_WRIST,0.3166942894458771,0.5842239856719971,0.2548522353172302,0,0
28,LEFT_PINKY,0.28008586168289185,0.4883526861667633,-0.11564624309539795,0,0
28,RIGHT_PINKY,0.30955055356025696,0.5804360508918762,0.2722150385379791,0,0
28,LEFT_INDEX,0.28488221764564514,0.4837493300437927,-0.1098308339715004,0,0
28,RIGHT_INDEX,0.31007134914398193,0.5778098106384277,0.2567705512046814,0,0
28,LEFT_THUMB,0.28816643357276917,0.49110496044158936,-0.10072027891874313,0,0
28,RIGHT_THUMB,0.31176984310150146,0.5792924165725708,0.24928195774555206,0,0
28,LEFT_HIP,0.34114351868629456,0.7198048830032349,-0.07236102968454361,0,0
28,RIGHT_HIP,0.3485618233680725,0.7147814035415649,0.07235384732484818,0,0
28,LEFT_KNEE,0.3398714065551758,0.8259206414222717,-0.07192965596914291,0,0
28,RIGHT_KNEE,0.3239089250564575,0.8105506300926208,0.07043666392564774,0,0
28,LEFT_ANKLE,0.3997267484664917,0.885474681854248,-0.029066206887364388,0,0
28,RIGHT_ANKLE,0.3307000398635864,0.930236279964447,0.11080637574195862,0,0
28,LEFT_HEEL,0.41408541798591614,0.878412663936615,-0.022837728261947632,0,0
28,RIGHT_HEEL,0.3381892144680023,0.9540717005729675,0.11277439445257187,0,0
28,LEFT_FOOT_INDEX,0.39527222514152527,0.9490840435028076,-0.03397105634212494,0,0
28,RIGHT_FOOT_INDEX,0.3021465539932251,0.9500107169151306,0.0854041576385498,0,0
29,NOSE,0.34142571687698364,0.5065425038337708,-0.052594732493162155,0,0
29,LEFT_EYE_INNER,0.3451036512851715,0.4962242841720581,-0.06808674335479736,0,0
29,LEFT_EYE,0.3462370038032532,0.49637192487716675,-0.0681074783205986,0,0
29,LEFT_EYE_OUTER,0.34747207164764404,0.4964865744113922,-0.06810615956783295,0,0
29,RIGHT_EYE_INNER,0.344103068113327,0.4953550696372986,-0.04706169292330742,0,0
29,RIGHT_EYE,0.34452760219573975,0.4948412775993347,-0.0470799021422863,0,0
29,RIGHT_EYE_OUTER,0.34512293338775635,0.4941919445991516,-0.047071151435375214,0,0
29,LEFT_EAR,0.35533571243286133,0.5023942589759827,-0.09851232916116714,0,0
29,RIGHT_EAR,0.35410112142562866,0.49870583415031433,-0.0027642303612083197,0,0
29,MOUTH_LEFT,0.344317764043808,0.5185637474060059,-0.059680186212062836,0,0
29,MOUTH_RIGHT,0.34275081753730774,0.5172064900398254,-0.03218438848853111,0,0
29,LEFT_SHOULDER,0.35184943675994873,0.5548230409622192,-0.14541761577129364,0,0
29,RIGHT_SHOULDER,0.37099260091781616,0.549310028553009,0.08272770792245865,0,0
29,LEFT_ELBOW,0.30389684438705444,0.5651429891586304,-0.17410019040107727,0,0
29,RIGHT_ELBOW,0.34105607867240906,0.5681297183036804,0.18632462620735168,0,0
29,LEFT_WRIST,0.28777867555618286,0.5003070831298828,-0.09854845702648163,0,0
29,RIGHT_WRIST,0.30641287565231323,0.5279451012611389,0.24494056403636932,0,0
29,LEFT_PINKY,0.2788070738315582,0.4833150804042816,-0.10853032767772675,0,0
29,RIGHT_PINKY,0.30543282628059387,0.5317358374595642,0.2601640522480011,0,0
29,LEFT_INDEX,0.28229281306266785,0.477707177400589,-0.1051173284649849,0,0
29,RIGHT_INDEX,0.3060850203037262,0.529421329498291,0.24514514207839966,0,0
29,LEFT_THUMB,0.285235196352005,0.4846060276031494,-0.09478921443223953,0,0
29,RIGHT_THUMB,0.3076000511646271,0.5333978533744812,0.23928174376487732,0,0
29,LEFT_HIP,0.34056586027145386,0.7204500436782837,-0.07317253202199936,0,0
29,RIGHT_HIP,0.34812861680984497,0.7157607078552246,0.07313321530818939,0,0
29,LEFT_KNEE,0.3395751416683197,0.8274714946746826,-0.0750703364610672,0,0
29,RIGHT_KNEE,0.3239237070083618,0.8124068379402161,0.07986092567443848,0,0
29,LEFT_ANKLE,0.396872878074646,0.8855903744697571,-0.02175847813487053,0,0
29,RIGHT_ANKLE,0.3311106860637665,0.9292586445808411,0.12295878678560257,0,0
29,LEFT_HEEL,0.41151952743530273,0.8791972994804382,-0.014626753516495228,0,0
29,RIGHT_HEEL,0.3386567533016205,0.9535902142524719,0.12495331466197968,0,0
29,LEFT_FOOT_INDEX,0.39240360260009766,0.9505389332771301,-0.028003130108118057,0,0
29,RIGHT_FOOT_INDEX,0.30256006121635437,0.9498072862625122,0.09671808034181595,0,0
30,NOSE,0.33153170347213745,0.5039000511169434,-0.04265330731868744,0,0
30,LEFT_EYE_INNER,0.3351781666278839,0.49357107281684875,-0.061621248722076416,0,0
30,LEFT_EYE,0.3360222578048706,0.4937560558319092,-0.061606016010046005,0,0
30,LEFT_EYE_OUTER,0.3370119035243988,0.4939287006855011,-0.061598487198352814,0,0
30,RIGHT_EYE_INNER,0.33514130115509033,0.49225881695747375,-0.041108712553977966,0,0
30,RIGHT_EYE,0.33594152331352234,0.49158257246017456,-0.04114184156060219,0,0
30,RIGHT_EYE_OUTER,0.3368975520133972,0.49086111783981323,-0.04114706441760063,0,0
30,LEFT_EAR,0.3456510901451111,0.4988173246383667,-0.10757017135620117,0,0
30,RIGHT_EAR,0.34662380814552307,0.4954100549221039,-0.01615036092698574,0,0
30,MOUTH_LEFT,0.33373409509658813,0.5145793557167053,-0.05613227188587189,0,0
30,MOUTH_RIGHT,0.3334628939628601,0.5134906768798828,-0.029506107792258263,0,0
30,LEFT_SHOULDER,0.34099748730659485,0.5542057156562805,-0.14907106757164001,0,0
30,RIGHT_SHOULDER,0.36861392855644226,0.5478658676147461,0.05199127271771431,0,0
30,LEFT_ELBOW,0.30217570066452026,0.5274766683578491,-0.16913777589797974,0,0
30,RIGHT_ELBOW,0.3395351767539978,0.5689558386802673,0.15732166171073914,0,0
30,LEFT_WRIST,0.31920382380485535,0.4679819345474243,-0.08757311850786209,0,0
30,RIGHT_WRIST,0.3187476694583893,0.5469485521316528,0.24055151641368866,0,0
30,LEFT_PINKY,0.31917163729667664,0.45200198888778687,-0.092519111931324,0,0
30,RIGHT_PINKY,0.31522807478904724,0.5412813425064087,0.26014506816864014,0,0
30,LEFT_INDEX,0.3236721456050873,0.45566919445991516,-0.09287980943918228,0,0
30,RIGHT_INDEX,0.3163670301437378,0.5413349866867065,0.2506435215473175,0,0
30,LEFT_THUMB,0.3242282569408417,0.4629729986190796,-0.08572740107774734,0,0
30,RIGHT_THUMB,0.31703418493270874,0.5443370342254639,0.2381943315267563,0,0
30,LEFT_HIP,0.33355802297592163,0.7202304005622864,-0.06927964836359024,0,0
30,RIGHT_HIP,0.3470724821090698,0.7140207886695862,0.06927058845758438,0,0
30,LEFT_KNEE,0.32418590784072876,0.8268230557441711,-0.07382772117853165,0,0
30,RIGHT_KNEE,0.3215203583240509,0.814816951751709,0.06443408876657486,0,0
30,LEFT_ANKLE,0.37704646587371826,0.8887441158294678,-0.049220237880945206,0,0
30,RIGHT_ANKLE,0.33074232935905457,0.9283156394958496,0.09512227028608322,0,0
30,LEFT_HEEL,0.39067018032073975,0.8803999423980713,-0.04579535871744156,0,0
30,RIGHT_HEEL,0.33620789647102356,0.9527267813682556,0.0961659774184227,0,0
30,LEFT_FOOT_INDEX,0.36678585410118103,0.9531192183494568,-0.05896920710802078,0,0
30,RIGHT_FOOT_INDEX,0.30424973368644714,0.9493207931518555,0.06788143515586853,0,0
31,NOSE,0.32455188035964966,0.49389591813087463,0.02239767275750637,0,0
31,LEFT_EYE_INNER,0.3283239006996155,0.48425865173339844,0.0028941980563104153,0,0
31,LEFT_EYE,0.32858356833457947,0.48449084162712097,0.00290092034265399,0,0
31,LEFT_EYE_OUTER,0.3288390040397644,0.4847266376018524,0.002891342155635357,0,0
31,RIGHT_EYE_INNER,0.32961997389793396,0.4835300147533417,0.015215281397104263,0,0
31,RIGHT_EYE,0.3308609127998352,0.4833495616912842,0.015198679640889168,0,0
31,RIGHT_EYE_OUTER,0.3322294056415558,0.4831417500972748,0.015179367735981941,0,0
31,LEFT_EAR,0.33408597111701965,0.4912458062171936,-0.05839671567082405,0,0
31,RIGHT_EAR,0.34053581953048706,0.4902344346046448,-0.002072478411719203,0,0
31,MOUTH_LEFT,0.32530084252357483,0.5041221380233765,0.004211729392409325,0,0
31,MOUTH_RIGHT,0.32674440741539,0.503876805305481,0.02000998891890049,0,0
31,LEFT_SHOULDER,0.3212408423423767,0.537506639957428,-0.09209509193897247,0,0
31,RIGHT_SHOULDER,0.36746087670326233,0.5432369709014893,0.030868424102663994,0,0
31,LEFT_ELBOW,0.32057860493659973,0.5232989192008972,-0.03132138028740883,0,0
31,RIGHT_ELBOW,0.3588239252567291,0.530092179775238,0.12337755411863327,0,0
31,LEFT_WRIST,0.3324016034603119,0.4935067594051361,0.10272754728794098,0,0
31,RIGHT_WRIST,0.33238881826400757,0.5065389275550842,0.21158243715763092,0,0
31,LEFT_PINKY,0.3325358033180237,0.4868389070034027,0.11210551857948303,0,0
31,RIGHT_PINKY,0.3309219181537628,0.5017398595809937,0.2268272340297699,0,0
31,LEFT_INDEX,0.3354325294494629,0.4866461753845215,0.10593844950199127,0,0
31,RIGHT_INDEX,0.33108147978782654,0.503617525100708,0.21709278225898743,0,0
31,LEFT_THUMB,0.3362978994846344,0.4904646575450897,0.10382190346717834,0,0
31,RIGHT_THUMB,0.3314940333366394,0.5058541893959045,0.20994113385677338,0,0
31,LEFT_HIP,0.3206206262111664,0.7187538146972656,-0.0631660521030426,0,0
31,RIGHT_HIP,0.34791824221611023,0.713773250579834,0.06300371140241623,0,0
31,LEFT_KNEE,0.29888492822647095,0.8249873518943787,-0.05326206609606743,0,0
31,RIGHT_KNEE,0.3230215609073639,0.8139210939407349,0.1242685541510582,0,0
31,LEFT_ANKLE,0.3455687463283539,0.909582257270813,-0.08875038474798203,0,0
31,RIGHT_ANKLE,0.3300279974937439,0.926855742931366,0.1384209543466568,0,0
31,LEFT_HEEL,0.35910895466804504,0.9138325452804565,-0.08980624377727509,0,0
31,RIGHT_HEEL,0.331458181142807,0.9509321451187134,0.1391054093837738,0,0
31,LEFT_FOOT_INDEX,0.3467935621738434,0.9530362486839294,-0.0984916016459465,0,0
31,RIGHT_FOOT_INDEX,0.3071337938308716,0.9465468525886536,0.1261480301618576,0,0
32,NOSE,0.32054978609085083,0.48586222529411316,0.10608533769845963,0,0
32,LEFT_EYE_INNER,0.3217301666736603,0.4772582948207855,0.085284024477005,0,0
32,LEFT_EYE,0.3213008940219879,0.477500855922699,0.08531942218542099,0,0
32,LEFT_EYE_OUTER,0.32080161571502686,0.47782209515571594,0.08529137820005417,0,0
32,RIGHT_EYE_INNER,0.3243825137615204,0.47686219215393066,0.09425012767314911,0,0
32,RIGHT_EYE,0.3257879316806793,0.47691017389297485,0.09424608200788498,0,0
32,RIGHT_EYE_OUTER,0.3271903395652771,0.4770664870738983,0.09417520463466644,0,0
32,LEFT_EAR,0.32370421290397644,0.48354101181030273,0.01866600289940834,0,0
32,RIGHT_EAR,0.3332097828388214,0.48335447907447815,0.05884053558111191,0,0
32,MOUTH_LEFT,0.3208993971347809,0.4942840039730072,0.08691048622131348,0,0
32,MOUTH_RIGHT,0.32396069169044495,0.4940577745437622,0.09796328842639923,0,0
32,LEFT_SHOULDER,0.31163719296455383,0.5262638330459595,-0.00479441462084651,0,0
32,RIGHT_SHOULDER,0.36211884021759033,0.530664324760437,0.06913398951292038,0,0
32,LEFT_ELBOW,0.32862892746925354,0.5222743153572083,0.08208299428224564,0,0
32,RIGHT_ELBOW,0.3667876124382019,0.5115149617195129,0.17408624291419983,0,0
32,LEFT_WRIST,0.3459624648094177,0.4959326386451721,0.20490042865276337,0,0
32,RIGHT_WRIST,0.3483125567436218,0.4913659989833832,0.2695187032222748,0,0
32,LEFT_PINKY,0.3559315502643585,0.492214560508728,0.22128935158252716,0,0
32,RIGHT_PINKY,0.3468707501888275,0.48295512795448303,0.28212279081344604,0,0
32,LEFT_INDEX,0.36007750034332275,0.4950720965862274,0.2079765498638153,0,0
32,RIGHT_INDEX,0.344419002532959,0.48632511496543884,0.2764977514743805,0,0
32,LEFT_THUMB,0.3576536178588867,0.49182915687561035,0.2036169171333313,0,0
32,RIGHT_THUMB,0.3393801152706146,0.4856696128845215,0.26980650424957275,0,0
32,LEFT_HIP,0.31069526076316833,0.713421642780304,-0.059830740094184875,0,0
32,RIGHT_HIP,0.3442787826061249,0.7099218368530273,0.0596097931265831,0,0
32,LEFT_KNEE,0.2791282832622528,0.8166086673736572,-0.03754288703203201,0,0
32,RIGHT_KNEE,0.3244786262512207,0.8131785988807678,0.10347016155719757,0,0
32,LEFT_ANKLE,0.31488990783691406,0.9248964786529541,-0.08395591378211975,0,0
32,RIGHT_ANKLE,0.3296394646167755,0.9260844588279724,0.089850515127182,0,0
32,LEFT_HEEL,0.326377272605896,0.9442324638366699,-0.08623401820659637,0,0
32,RIGHT_HEEL,0.33505675196647644,0.9496701955795288,0.10191810131072998,0,0
32,LEFT_FOOT_INDEX,0.2927536964416504,0.9737203121185303,-0.09481944888830185,0,0
32,RIGHT_FOOT_INDEX,0.3080276846885681,0.9518035054206848,0.059249602258205414,0,0
33,NOSE,0.3186582326889038,0.4821629226207733,0.158133402466774,0,0
33,LEFT_EYE_INNER,0.3184230923652649,0.47375741600990295,0.13545086979866028,0,0
33,LEFT_EYE,0.31742051243782043,0.4739079475402832,0.13548444211483002,0,0
33,LEFT_EYE_OUTER,0.31633174419403076,0.4741598665714264,0.1354621946811676,0,0
33,RIGHT_EYE_INNER,0.3225851058959961,0.47320228815078735,0.14417840540409088,0,0
33,RIGHT_EYE,0.32456839084625244,0.47311797738075256,0.14415688812732697,0,0
33,RIGHT_EYE_OUTER,0.32658565044403076,0.47326740622520447,0.14409059286117554,0,0
33,LEFT_EAR,0.31719234585762024,0.4789717495441437,0.056517526507377625,0,0
33,RIGHT_EAR,0.33163002133369446,0.47949036955833435,0.09521663188934326,0,0
33,MOUTH_LEFT,0.31794363260269165,0.48972076177597046,0.13437774777412415,0,0
33,MOUTH_RIGHT,0.32215413451194763,0.4895569980144501,0.14502695202827454,0,0
33,LEFT_SHOULDER,0.3046010136604309,0.522172749042511,0.01642354018986225,0,0
33,RIGHT_SHOULDER,0.3556012511253357,0.5312032699584961,0.08798922598361969,0,0
33,LEFT_ELBOW,0.32143843173980713,0.5310423970222473,0.05750618129968643,0,0
33,RIGHT_ELBOW,0.36369943618774414,0.52515709400177,0.17757892608642578,0,0
33,LEFT_WRIST,0.34914347529411316,0.5070624351501465,0.1147092878818512,0,0
33,RIGHT_WRIST,0.36056867241859436,0.5078696608543396,0.2743697166442871,0,0
33,LEFT_PINKY,0.3605135679244995,0.5027835965156555,0.12145783007144928,0,0
33,RIGHT_PINKY,0.3626537621021271,0.5026901364326477,0.2868857979774475,0,0
33,LEFT_INDEX,0.36245816946029663,0.5067517757415771,0.10887200385332108,0,0
33,RIGHT_INDEX,0.36037781834602356,0.5063924789428711,0.2838904559612274,0,0
33,LEFT_THUMB,0.3600919544696808,0.5084004998207092,0.11195941269397736,0,0
33,RIGHT_THUMB,0.35531583428382874,0.5068218111991882,0.2758038341999054,0,0
33,LEFT_HIP,0.30047786235809326,0.7099484205245972,-0.055889490991830826,0,0
33,RIGHT_HIP,0.33660826086997986,0.709301233291626,0.055497266352176666,0,0
33,LEFT_KNEE,0.266708105802536,0.8079098463058472,-0.04377199709415436,0,0
33,RIGHT_KNEE,0.32360410690307617,0.8130233883857727,0.0777607262134552,0,0
33,LEFT_ANKLE,0.28064754605293274,0.932263195514679,-0.08714422583580017,0,0
33,RIGHT_ANKLE,0.33080896735191345,0.9273220896720886,0.045434605330228806,0,0
33,LEFT_HEEL,0.29381227493286133,0.9543924927711487,-0.08959625661373138,0,0
33,RIGHT_HEEL,0.3340316116809845,0.9522472023963928,0.04210694879293442,0,0
33,LEFT_FOOT_INDEX,0.2519509494304657,0.9722214341163635,-0.101307712495327,0,0
33,RIGHT_FOOT_INDEX,0.30861222743988037,0.9484413266181946,0.03842585161328316,0,0
34,NOSE,0.3167620301246643,0.48598819971084595,0.18235987424850464,0,0
34,LEFT_EYE_INNER,0.3161170184612274,0.4778146743774414,0.16228094696998596,0,0
34,LEFT_EYE,0.31505829095840454,0.4777373671531677,0.16231241822242737,0,0
34,LEFT_EYE_OUTER,0.31389835476875305,0.47767165303230286,0.16227318346500397,0,0
34,RIGHT_EYE_INNER,0.3202432096004486,0.47742587327957153,0.16930709779262543,0,0
34,RIGHT_EYE,0.3222073018550873,0.4772413372993469,0.1693033128976822,0,0
34,RIGHT_EYE_OUTER,0.32417190074920654,0.47723060846328735,0.16925592720508575,0,0
34,LEFT_EAR,0.31493937969207764,0.4806993901729584,0.09428726136684418,0,0
34,RIGHT_EAR,0.32969793677330017,0.48186030983924866,0.1257428377866745,0,0
34,MOUTH_LEFT,0.31591126322746277,0.49240192770957947,0.16251520812511444,0,0
34,MOUTH_RIGHT,0.3199872374534607,0.49274155497550964,0.17097146809101105,0,0
34,LEFT_SHOULDER,0.30379098653793335,0.5190063714981079,0.06671257317066193,0,0
34,RIGHT_SHOULDER,0.3534572422504425,0.5289095640182495,0.11591994762420654,0,0
34,LEFT_ELBOW,0.3238976299762726,0.5233590006828308,0.12393347173929214,0,0
34,RIGHT_ELBOW,0.36520376801490784,0.5312064290046692,0.20309318602085114,0,0
34,LEFT_WRIST,0.35120993852615356,0.5070818662643433,0.1941412091255188,0,0
34,RIGHT_WRIST,0.36774858832359314,0.50956130027771,0.3014078140258789,0,0
34,LEFT_PINKY,0.360779345035553,0.5045276284217834,0.205203115940094,0,0
34,RIGHT_PINKY,0.36875760555267334,0.5053818821907043,0.3144727349281311,0,0
34,LEFT_INDEX,0.3643014132976532,0.503254234790802,0.1922394186258316,0,0
34,RIGHT_INDEX,0.3660165071487427,0.5080527663230896,0.3135901093482971,0,0
34,LEFT_THUMB,0.35995009541511536,0.5084614753723145,0.19188626110553741,0,0
34,RIGHT_THUMB,0.3636848032474518,0.5093370079994202,0.30458149313926697,0,0
34,LEFT_HIP,0.2987895607948303,0.7069779634475708,-0.04830450192093849,0,0
34,RIGHT_HIP,0.33530697226524353,0.7087324261665344,0.04792816564440727,0,0
34,LEFT_KNEE,0.2658907473087311,0.8048887848854065,-0.04244299978017807,0,0
34,RIGHT_KNEE,0.32384905219078064,0.8127351403236389,0.07723505795001984,0,0
34,LEFT_ANKLE,0.2787095308303833,0.9363252520561218,-0.13966700434684753,0,0
34,RIGHT_ANKLE,0.33093515038490295,0.9302587509155273,-0.02230297215282917,0,0
34,LEFT_HEEL,0.29066896438598633,0.957331657409668,-0.14823059737682343,0,0
34,RIGHT_HEEL,0.331947922706604,0.9540542960166931,-0.03342209756374359,0,0
34,LEFT_FOOT_INDEX,0.2514396607875824,0.9708077907562256,-0.155781552195549,0,0
34,RIGHT_FOOT_INDEX,0.31058454513549805,0.9471277594566345,-0.04445862025022507,0,0
35,NOSE,0.31821107864379883,0.4859364330768585,0.18791143596172333,0,0
35,LEFT_EYE_INNER,0.3169735074043274,0.4776330590248108,0.16781173646450043,0,0
35,LEFT_EYE,0.3157348930835724,0.47738024592399597,0.16783718764781952,0,0
35,LEFT_EYE_OUTER,0.31436824798583984,0.47710713744163513,0.16779881715774536,0,0
35,RIGHT_EYE_INNER,0.3212674558162689,0.4777384400367737,0.17340567708015442,0,0
35,RIGHT_EYE,0.32315635681152344,0.47772741317749023,0.17340023815631866,0,0
35,RIGHT_EYE_OUTER,0.325074702501297,0.47786521911621094,0.17335517704486847,0,0
35,LEFT_EAR,0.31494101881980896,0.4794703722000122,0.10007002204656601,0,0
35,RIGHT_EAR,0.3303947150707245,0.4819554090499878,0.12489361315965652,0,0
35,MOUTH_LEFT,0.3168659508228302,0.4920716881752014,0.16814403235912323,0,0
35,MOUTH_RIGHT,0.3212992548942566,0.4928423762321472,0.17460395395755768,0,0
35,LEFT_SHOULDER,0.30323901772499084,0.5147702693939209,0.07335568964481354,0,0
35,RIGHT_SHOULDER,0.3514289855957031,0.5296372175216675,0.11430584639310837,0,0
35,LEFT_ELBOW,0.3254157304763794,0.5226590037345886,0.1298559606075287,0,0
35,RIGHT_ELBOW,0.36749738454818726,0.5272524952888489,0.19812999665737152,0,0
35,LEFT_WRIST,0.3566190004348755,0.5046708583831787,0.18753382563591003,0,0
35,RIGHT_WRIST,0.3681689500808716,0.5078405141830444,0.30039528012275696,0,0
35,LEFT_PINKY,0.3653341233730316,0.5013402700424194,0.19773782789707184,0,0
35,RIGHT_PINKY,0.36944329738616943,0.5032867789268494,0.314609169960022,0,0
35,LEFT_INDEX,0.36586469411849976,0.5042926073074341,0.18372437357902527,0,0
35,RIGHT_INDEX,0.36601895093917847,0.5047855973243713,0.313611775636673,0,0
35,LEFT_THUMB,0.36285483837127686,0.506659984588623,0.18454723060131073,0,0
35,RIGHT_THUMB,0.3648912012577057,0.5067475438117981,0.303734689950943,0,0
35,LEFT_HIP,0.2978457510471344,0.7060627341270447,-0.04147113859653473,0,0
35,RIGHT_HIP,0.3344281017780304,0.7087353467941284,0.04114798456430435,0,0
35,LEFT_KNEE,0.26575297117233276,0.8055621385574341,-0.036152150481939316,0,0
35,RIGHT_KNEE,0.32376009225845337,0.8131622076034546,0.06096172332763672,0,0
35,LEFT_ANKLE,0.2792927324771881,0.9361684322357178,-0.13243350386619568,0,0
35,RIGHT_ANKLE,0.3309258818626404,0.9315304756164551,-0.05706155300140381,0,0
35,LEFT_HEEL,0.29175859689712524,0.9573259353637695,-0.14105063676834106,0,0
35,RIGHT_HEEL,0.33067381381988525,0.9555031061172485,-0.0697166696190834,0,0
35,LEFT_FOOT_INDEX,0.25165504217147827,0.9698179960250854,-0.15145058929920197,0,0
35,RIGHT_FOOT_INDEX,0.31302645802497864,0.9463974237442017,-0.08662594109773636,0,0
36,NOSE,0.31364041566848755,0.4831576347351074,0.17416702210903168,0,0
36,LEFT_EYE_INNER,0.3127528727054596,0.47479626536369324,0.15459392964839935,0,0
36,LEFT_EYE,0.3115033507347107,0.47451266646385193,0.15462066233158112,0,0
36,LEFT_EYE_OUTER,0.3101567029953003,0.4742104411125183,0.15458157658576965,0,0
36,RIGHT_EYE_INNER,0.3171996772289276,0.47492313385009766,0.1616591513156891,0,0
36,RIGHT_EYE,0.31913653016090393,0.4749356806278229,0.16165323555469513,0,0
36,RIGHT_EYE_OUTER,0.32110610604286194,0.47510233521461487,0.1616075336933136,0,0
36,LEFT_EAR,0.3105674684047699,0.4768519699573517,0.08702492713928223,0,0
36,RIGHT_EAR,0.3266018033027649,0.4794963598251343,0.11862058192491531,0,0
36,MOUTH_LEFT,0.3124098777770996,0.48942920565605164,0.15410973131656647,0,0
36,MOUTH_RIGHT,0.31670135259628296,0.4902506470680237,0.16262997686862946,0,0
36,LEFT_SHOULDER,0.29884400963783264,0.5162361860275269,0.06302616000175476,0,0
36,RIGHT_SHOULDER,0.34757572412490845,0.5280477404594421,0.10881552845239639,0,0
36,LEFT_ELBOW,0.3180029094219208,0.5212938189506531,0.13684587180614471,0,0
36,RIGHT_ELBOW,0.3659208118915558,0.532925009727478,0.19166181981563568,0,0
36,LEFT_WRIST,0.35042330622673035,0.5057326555252075,0.2262435406446457,0,0
36,RIGHT_WRIST,0.36966535449028015,0.5132202506065369,0.2842552065849304,0,0
36,LEFT_PINKY,0.36233556270599365,0.5027350187301636,0.24012796580791473,0,0
36,RIGHT_PINKY,0.37425166368484497,0.5092762112617493,0.2961108982563019,0,0
36,LEFT_INDEX,0.3629440665245056,0.5064182281494141,0.22754986584186554,0,0
36,RIGHT_INDEX,0.37023550271987915,0.509868323802948,0.2946847081184387,0,0
36,LEFT_THUMB,0.36062508821487427,0.5093522071838379,0.2249470204114914,0,0
36,RIGHT_THUMB,0.3670746088027954,0.5108630061149597,0.2870107591152191,0,0
36,LEFT_HIP,0.29243093729019165,0.7040265798568726,-0.04032878577709198,0,0
36,RIGHT_HIP,0.32896938920021057,0.707969605922699,0.040024712681770325,0,0
36,LEFT_KNEE,0.2573067247867584,0.8045337796211243,-0.03936342895030975,0,0
36,RIGHT_KNEE,0.321773886680603,0.8130248188972473,0.06348360329866409,0,0
36,LEFT_ANKLE,0.25337645411491394,0.9356774091720581,-0.138356015086174,0,0
36,RIGHT_ANKLE,0.3290470540523529,0.9322923421859741,-0.03353730961680412,0,0
36,LEFT_HEEL,0.26069894433021545,0.9590601325035095,-0.14714793860912323,0,0
36,RIGHT_HEEL,0.3290887176990509,0.9566405415534973,-0.04370390996336937,0,0
36,LEFT_FOOT_INDEX,0.22163714468479156,0.9693636298179626,-0.1659824401140213,0,0
36,RIGHT_FOOT_INDEX,0.31142380833625793,0.9457703828811646,-0.061524443328380585,0,0
37,NOSE,0.30804717540740967,0.4813978374004364,0.16817666590213776,0,0
37,LEFT_EYE_INNER,0.3071245849132538,0.47308608889579773,0.1468336135149002,0,0
37,LEFT_EYE,0.3059704005718231,0.472842812538147,0.1468578428030014,0,0
37,LEFT_EYE_OUTER,0.30466145277023315,0.47261640429496765,0.146803081035614,0,0
37,RIGHT_EYE_INNER,0.3111741244792938,0.47312724590301514,0.15391723811626434,0,0
37,RIGHT_EYE,0.3130146861076355,0.4730779528617859,0.15392038226127625,0,0
37,RIGHT_EYE_OUTER,0.3149147927761078,0.4731493294239044,0.15387223660945892,0,0
37,LEFT_EAR,0.30446523427963257,0.4756460189819336,0.07372685521841049,0,0
37,RIGHT_EAR,0.32031863927841187,0.4771570861339569,0.10510072112083435,0,0
37,MOUTH_LEFT,0.30709823966026306,0.48783427476882935,0.1462557315826416,0,0
37,MOUTH_RIGHT,0.3108535706996918,0.48848244547843933,0.1546565741300583,0,0
37,LEFT_SHOULDER,0.2906135618686676,0.5185544490814209,0.05521496385335922,0,0
37,RIGHT_SHOULDER,0.34321945905685425,0.5279466509819031,0.08839759975671768,0,0
37,LEFT_ELBOW,0.30706682801246643,0.5227770209312439,0.15423037111759186,0,0
37,RIGHT_ELBOW,0.3680708706378937,0.5354690551757812,0.1659967303276062,0,0
37,LEFT_WRIST,0.33922508358955383,0.5034469962120056,0.282204270362854,0,0
37,RIGHT_WRIST,0.36867016553878784,0.5142354369163513,0.2647756338119507,0,0
37,LEFT_PINKY,0.3451134264469147,0.5007610321044922,0.3029271066188812,0,0
37,RIGHT_PINKY,0.37313535809516907,0.5080735087394714,0.27686038613319397,0,0
37,LEFT_INDEX,0.34907346963882446,0.4982019066810608,0.2918512225151062,0,0
37,RIGHT_INDEX,0.3679044842720032,0.5087085962295532,0.2794957160949707,0,0
37,LEFT_THUMB,0.3487940728664398,0.5012502074241638,0.28256914019584656,0,0
37,RIGHT_THUMB,0.3658491373062134,0.5109614133834839,0.2691727578639984,0,0
37,LEFT_HIP,0.2849600911140442,0.7031272649765015,-0.03136391192674637,0,0
37,RIGHT_HIP,0.3230173885822296,0.7072812914848328,0.031031586229801178,0,0
37,LEFT_KNEE,0.24878375232219696,0.8036888241767883,-0.030713515356183052,0,0
37,RIGHT_KNEE,0.3180750906467438,0.8114766478538513,0.05937408655881882,0,0
37,LEFT_ANKLE,0.2334706038236618,0.9316302537918091,-0.09804485738277435,0,0
37,RIGHT_ANKLE,0.32798871397972107,0.9316638708114624,-0.0076433271169662476,0,0
37,LEFT_HEEL,0.2366490215063095,0.9533779621124268,-0.1016312763094902,0,0
37,RIGHT_HEEL,0.3293382227420807,0.9559140801429749,-0.013485102914273739,0,0
37,LEFT_FOOT_INDEX,0.20998814702033997,0.9525310397148132,-0.1278907209634781,0,0
37,RIGHT_FOOT_INDEX,0.31074219942092896,0.9426227807998657,-0.061010994017124176,0,0
38,NOSE,0.30362966656684875,0.47898826003074646,0.18864862620830536,0,0
38,LEFT_EYE_INNER,0.3030783534049988,0.47067493200302124,0.16787666082382202,0,0
38,LEFT_EYE,0.3019266128540039,0.4703444838523865,0.16790686547756195,0,0
38,LEFT_EYE_OUTER,0.30060774087905884,0.4700241982936859,0.16784341633319855,0,0
38,RIGHT_EYE_INNER,0.3072727620601654,0.4710943400859833,0.17428280413150787,0,0
38,RIGHT_EYE,0.30922091007232666,0.4712027609348297,0.17429430782794952,0,0
38,RIGHT_EYE_OUTER,0.31124889850616455,0.47144848108291626,0.17426887154579163,0,0
38,LEFT_EAR,0.3003101944923401,0.47338709235191345,0.0930587574839592,0,0
38,RIGHT_EAR,0.3164331316947937,0.47599488496780396,0.12133347243070602,0,0
38,MOUTH_LEFT,0.3023620843887329,0.4859204888343811,0.16590143740177155,0,0
38,MOUTH_RIGHT,0.30615946650505066,0.4869512617588043,0.1734393686056137,0,0
38,LEFT_SHOULDER,0.2847985625267029,0.5161846280097961,0.07828149199485779,0,0
38,RIGHT_SHOULDER,0.33824682235717773,0.5287090539932251,0.09154903888702393,0,0
38,LEFT_ELBOW,0.29762187600135803,0.5144374966621399,0.18663817644119263,0,0
38,RIGHT_ELBOW,0.3674764931201935,0.5390914678573608,0.17477138340473175,0,0
38,LEFT_WRIST,0.32940763235092163,0.4987781047821045,0.3338308334350586,0,0
38,RIGHT_WRIST,0.36993926763534546,0.5192744135856628,0.295234352350235,0,0
38,LEFT_PINKY,0.33389806747436523,0.49707290530204773,0.36068418622016907,0,0
38,RIGHT_PINKY,0.3757341206073761,0.5125911235809326,0.31143149733543396,0,0
38,LEFT_INDEX,0.3381297290325165,0.49480223655700684,0.3501643240451813,0,0
38,RIGHT_INDEX,0.3715802729129791,0.5137633681297302,0.3163551986217499,0,0
38,LEFT_THUMB,0.33809420466423035,0.4977487027645111,0.33525550365448,0,0
38,RIGHT_THUMB,0.3675066828727722,0.5159459114074707,0.3014916777610779,0,0
38,LEFT_HIP,0.2771717607975006,0.701249361038208,-0.020438050851225853,0,0
38,RIGHT_HIP,0.3159654438495636,0.7060492038726807,0.020032010972499847,0,0
38,LEFT_KNEE,0.24380001425743103,0.8009572625160217,0.006595449522137642,0,0
38,RIGHT_KNEE,0.3143464922904968,0.8113211989402771,0.037327203899621964,0,0
38,LEFT_ANKLE,0.22583653032779694,0.9263566732406616,-0.07946126163005829,0,0
38,RIGHT_ANKLE,0.3255334794521332,0.9329219460487366,-0.08293509483337402,0,0
38,LEFT_HEEL,0.22889217734336853,0.9485700726509094,-0.08952116966247559,0,0
38,RIGHT_HEEL,0.3252226710319519,0.9560562968254089,-0.09367676824331284,0,0
38,LEFT_FOOT_INDEX,0.20767855644226074,0.9368293285369873,-0.08660633862018585,0,0
38,RIGHT_FOOT_INDEX,0.31339409947395325,0.9418933987617493,-0.10359054058790207,0,0
39,NOSE,0.2969956398010254,0.4792529046535492,0.18628065288066864,0,0
39,LEFT_EYE_INNER,0.2963148057460785,0.4710668921470642,0.16507969796657562,0,0
39,LEFT_EYE,0.29508253931999207,0.47068268060684204,0.16510775685310364,0,0
39,LEFT_EYE_OUTER,0.2937033772468567,0.47031059861183167,0.16503112018108368,0,0
39,RIGHT_EYE_INNER,0.30064189434051514,0.4714885950088501,0.17101465165615082,0,0
39,RIGHT_EYE,0.3026711642742157,0.47153785824775696,0.17103984951972961,0,0
39,RIGHT_EYE_OUTER,0.30475157499313354,0.4717390239238739,0.17102354764938354,0,0
39,LEFT_EAR,0.293199360370636,0.47356274724006653,0.0904715359210968,0,0
39,RIGHT_EAR,0.3100266754627228,0.4763408601284027,0.1173260435461998,0,0
39,MOUTH_LEFT,0.29581519961357117,0.48626571893692017,0.16402879357337952,0,0
39,MOUTH_RIGHT,0.2998122274875641,0.48730406165122986,0.17112524807453156,0,0
39,LEFT_SHOULDER,0.2784273326396942,0.5169683694839478,0.08133157342672348,0,0
39,RIGHT_SHOULDER,0.33382055163383484,0.5321917533874512,0.085084930062294,0,0
39,LEFT_ELBOW,0.29601016640663147,0.5219441056251526,0.17779582738876343,0,0
39,RIGHT_ELBOW,0.36528125405311584,0.5461614727973938,0.15595769882202148,0,0
39,LEFT_WRIST,0.32945480942726135,0.5066503882408142,0.29466450214385986,0,0
39,RIGHT_WRIST,0.36983534693717957,0.5231434106826782,0.2570573687553406,0,0
39,LEFT_PINKY,0.3351552188396454,0.5045732855796814,0.316318541765213,0,0
39,RIGHT_PINKY,0.3798576593399048,0.5165554881095886,0.2694335877895355,0,0
39,LEFT_INDEX,0.34150299429893494,0.5020630359649658,0.3077699542045593,0,0
39,RIGHT_INDEX,0.37187331914901733,0.5171895027160645,0.27367836236953735,0,0
39,LEFT_THUMB,0.3414868414402008,0.5046395659446716,0.2959117591381073,0,0
39,RIGHT_THUMB,0.3686942756175995,0.5197409391403198,0.26195207238197327,0,0
39,LEFT_HIP,0.2690161168575287,0.7000186443328857,-0.01354606170207262,0,0
39,RIGHT_HIP,0.3092440366744995,0.7060527205467224,0.013166618533432484,0,0
39,LEFT_KNEE,0.23765839636325836,0.8010850548744202,0.023201514035463333,0,0
39,RIGHT_KNEE,0.3105925917625427,0.8118389248847961,0.05716024711728096,0,0
39,LEFT_ANKLE,0.22313572466373444,0.9195137619972229,-0.03366995230317116,0,0
39,RIGHT_ANKLE,0.3212803900241852,0.9358050227165222,-0.03463513031601906,0,0
39,LEFT_HEEL,0.2276599258184433,0.9472784399986267,-0.03766954690217972,0,0
39,RIGHT_HEEL,0.3199118375778198,0.9588409662246704,-0.04193370044231415,0,0
39,LEFT_FOOT_INDEX,0.21181851625442505,0.9311302304267883,-0.04248354583978653,0,0
39,RIGHT_FOOT_INDEX,0.31540390849113464,0.9418144226074219,-0.06560390442609787,0,0
40,NOSE,0.295370876789093,0.4792245924472809,0.18364599347114563,0,0
40,LEFT_EYE_INNER,0.29507705569267273,0.4708303213119507,0.16335640847682953,0,0
40,LEFT_EYE,0.29399573802948,0.47037163376808167,0.16338443756103516,0,0
40,LEFT_EYE_OUTER,0.2928123474121094,0.4698937237262726,0.16330775618553162,0,0
40,RIGHT_EYE_INNER,0.29919102787971497,0.471407949924469,0.16979773342609406,0,0
40,RIGHT_EYE,0.3011827766895294,0.4714767634868622,0.16982139647006989,0,0
40,RIGHT_EYE_OUTER,0.3033031225204468,0.4716564416885376,0.16981002688407898,0,0
40,LEFT_EAR,0.2930755317211151,0.4730527997016907,0.0914103090763092,0,0
40,RIGHT_EAR,0.30965492129325867,0.4762592315673828,0.12094852328300476,0,0
40,MOUTH_LEFT,0.29396429657936096,0.4862508773803711,0.16222167015075684,0,0
40,MOUTH_RIGHT,0.29777079820632935,0.4875420928001404,0.17016573250293732,0,0
40,LEFT_SHOULDER,0.27780914306640625,0.5157037973403931,0.08590146154165268,0,0
40,RIGHT_SHOULDER,0.3336353600025177,0.5331537127494812,0.08257985860109329,0,0
40,LEFT_ELBOW,0.29264116287231445,0.5176557302474976,0.18856388330459595,0,0
40,RIGHT_ELBOW,0.36433884501457214,0.5508474707603455,0.1433921903371811,0,0
40,LEFT_WRIST,0.32734477519989014,0.5025346279144287,0.3164748549461365,0,0
40,RIGHT_WRIST,0.37148624658584595,0.5234401226043701,0.2523743808269501,0,0
40,LEFT_PINKY,0.3324131369590759,0.4999360144138336,0.3387364447116852,0,0
40,RIGHT_PINKY,0.3834470212459564,0.5195179581642151,0.26183080673217773,0,0
40,LEFT_INDEX,0.33767688274383545,0.49752146005630493,0.33024758100509644,0,0
40,RIGHT_INDEX,0.3800695240497589,0.5178006887435913,0.25781330466270447,0,0
40,LEFT_THUMB,0.3399815559387207,0.5079756379127502,0.31770387291908264,0,0
40,RIGHT_THUMB,0.371239572763443,0.5220012664794922,0.2506563067436218,0,0
40,LEFT_HIP,0.26701194047927856,0.6980342268943787,-0.01255005318671465,0,0
40,RIGHT_HIP,0.30738839507102966,0.7061020731925964,0.012144598178565502,0,0
40,LEFT_KNEE,0.23693381249904633,0.8010717034339905,0.02434941753745079,0,0
40,RIGHT_KNEE,0.307892769575119,0.8126471042633057,0.058968495577573776,0,0
40,LEFT_ANKLE,0.22195257246494293,0.9185765981674194,-0.03310532122850418,0,0
40,RIGHT_ANKLE,0.31991979479789734,0.9363182783126831,-0.030356841161847115,0,0
40,LEFT_HEEL,0.22490884363651276,0.9455973505973816,-0.03737139329314232,0,0
40,RIGHT_HEEL,0.31907445192337036,0.9595735669136047,-0.03774141147732735,0,0
40,LEFT_FOOT_INDEX,0.21156306564807892,0.9288411736488342,-0.045891668647527695,0,0
40,RIGHT_FOOT_INDEX,0.3163810670375824,0.9410971403121948,-0.04872165992856026,0,0
41,NOSE,0.29228800535202026,0.4799453318119049,0.1730688065290451,0,0
41,LEFT_EYE_INNER,0.291983425617218,0.47151342034339905,0.15102896094322205,0,0
41,LEFT_EYE,0.29085269570350647,0.4711947441101074,0.15105800330638885,0,0
41,LEFT_EYE_OUTER,0.28959888219833374,0.4708532392978668,0.15098735690116882,0,0
41,RIGHT_EYE_INNER,0.2962086796760559,0.4714977443218231,0.159184992313385,0,0
41,RIGHT_EYE,0.29824432730674744,0.47188621759414673,0.15919619798660278,0,0
41,RIGHT_EYE_OUTER,0.30047035217285156,0.4725290536880493,0.15918876230716705,0,0
41,LEFT_EAR,0.28947144746780396,0.47405293583869934,0.07611488550901413,0,0
41,RIGHT_EAR,0.3068154752254486,0.47785690426826477,0.11243153363466263,0,0
41,MOUTH_LEFT,0.2907000184059143,0.4872494041919708,0.15085212886333466,0,0
41,MOUTH_RIGHT,0.29468032717704773,0.4877888560295105,0.16075754165649414,0,0
41,LEFT_SHOULDER,0.272708535194397,0.5169808864593506,0.06493020802736282,0,0
41,RIGHT_SHOULDER,0.3303762376308441,0.541248083114624,0.09186484664678574,0,0
41,LEFT_ELBOW,0.28989169001579285,0.5208666920661926,0.16443051397800446,0,0
41,RIGHT_ELBOW,0.34375450015068054,0.5552532076835632,0.18467837572097778,0,0
41,LEFT_WRIST,0.31803861260414124,0.5063720941543579,0.30090081691741943,0,0
41,RIGHT_WRIST,0.35556697845458984,0.5246776938438416,0.32313019037246704,0,0
41,LEFT_PINKY,0.32043370604515076,0.5030992031097412,0.3246442973613739,0,0
41,RIGHT_PINKY,0.3619975447654724,0.515830397605896,0.3408564627170563,0,0
41,LEFT_INDEX,0.3256935775279999,0.5009658336639404,0.3154374659061432,0,0
41,RIGHT_INDEX,0.3615429997444153,0.5113083124160767,0.34758710861206055,0,0
41,LEFT_THUMB,0.3264789879322052,0.5080812573432922,0.3028310239315033,0,0
41,RIGHT_THUMB,0.3560434877872467,0.5186169147491455,0.32999303936958313,0,0
41,LEFT_HIP,0.2605801224708557,0.6987937092781067,-0.01991605944931507,0,0
41,RIGHT_HIP,0.3017997145652771,0.7077654600143433,0.019556665793061256,0,0
41,LEFT_KNEE,0.2317235916852951,0.8007098436355591,0.013542938977479935,0,0
41,RIGHT_KNEE,0.3031563460826874,0.8130472302436829,0.07436312735080719,0,0
41,LEFT_ANKLE,0.22656185925006866,0.9195910096168518,-0.045927420258522034,0,0
41,RIGHT_ANKLE,0.3162589371204376,0.9365384578704834,-0.023280151188373566,0,0
41,LEFT_HEEL,0.23268559575080872,0.9455767273902893,-0.04882369935512543,0,0
41,RIGHT_HEEL,0.3159608244895935,0.9600386023521423,-0.030785294249653816,0,0
41,LEFT_FOOT_INDEX,0.20480479300022125,0.933722972869873,-0.06060275807976723,0,0
41,RIGHT_FOOT_INDEX,0.3161913752555847,0.9401920437812805,-0.03520713374018669,0,0
42,NOSE,0.28501051664352417,0.48624923825263977,0.176746666431427,0,0
42,LEFT_EYE_INNER,0.28577694296836853,0.4782237410545349,0.15532609820365906,0,0
42,LEFT_EYE,0.2848777174949646,0.4780091941356659,0.15535449981689453,0,0
42,LEFT_EYE_OUTER,0.2838047444820404,0.47780540585517883,0.15527662634849548,0,0
42,RIGHT_EYE_INNER,0.28935566544532776,0.47858673334121704,0.1633935421705246,0,0
42,RIGHT_EYE,0.2912195324897766,0.4790985584259033,0.16340719163417816,0,0
42,RIGHT_EYE_OUTER,0.2931646406650543,0.4798283874988556,0.16341052949428558,0,0
42,LEFT_EAR,0.2842331528663635,0.48127010464668274,0.08314311504364014,0,0
42,RIGHT_EAR,0.29906898736953735,0.48521676659584045,0.11955823749303818,0,0
42,MOUTH_LEFT,0.2836879789829254,0.49284079670906067,0.155924990773201,0,0
42,MOUTH_RIGHT,0.2872571647167206,0.4935775101184845,0.16565927863121033,0,0
42,LEFT_SHOULDER,0.2668687701225281,0.5176988244056702,0.07409416884183884,0,0
42,RIGHT_SHOULDER,0.3237384557723999,0.5496083498001099,0.10592687875032425,0,0
42,LEFT_ELBOW,0.28842052817344666,0.5279560685157776,0.17200599610805511,0,0
42,RIGHT_ELBOW,0.3316369354724884,0.5631959438323975,0.20723754167556763,0,0
42,LEFT_WRIST,0.32174381613731384,0.5118163228034973,0.2965725362300873,0,0
42,RIGHT_WRIST,0.34616419672966003,0.5255033373832703,0.34669625759124756,0,0
42,LEFT_PINKY,0.3257675766944885,0.5061691403388977,0.31933706998825073,0,0
42,RIGHT_PINKY,0.35080602765083313,0.5179204344749451,0.36506348848342896,0,0
42,LEFT_INDEX,0.32995328307151794,0.5081040263175964,0.3069152534008026,0,0
42,RIGHT_INDEX,0.34746694564819336,0.5142645835876465,0.3719693124294281,0,0
42,LEFT_THUMB,0.32989636063575745,0.5109027624130249,0.2968123257160187,0,0
42,RIGHT_THUMB,0.3462294638156891,0.5203288197517395,0.3539140820503235,0,0
42,LEFT_HIP,0.2540225684642792,0.7009992003440857,-0.02286994829773903,0,0
42,RIGHT_HIP,0.2949346601963043,0.7121440172195435,0.022531481459736824,0,0
42,LEFT_KNEE,0.22740238904953003,0.8031931519508362,0.0026599124539643526,0,0
42,RIGHT_KNEE,0.2981909215450287,0.8129583597183228,0.0816197320818901,0,0
42,LEFT_ANKLE,0.227376788854599,0.9270284175872803,-0.07334775477647781,0,0
42,RIGHT_ANKLE,0.31264835596084595,0.9361214637756348,-0.019023993983864784,0,0
42,LEFT_HEEL,0.23323121666908264,0.9512085914611816,-0.07938544452190399,0,0
42,RIGHT_HEEL,0.31254348158836365,0.9595845341682434,-0.029948128387331963,0,0
42,LEFT_FOOT_INDEX,0.2020302712917328,0.9343575835227966,-0.08899381011724472,0,0
42,RIGHT_FOOT_INDEX,0.31465277075767517,0.9372748732566833,-0.02346315234899521,0,0
43,NOSE,0.28049084544181824,0.49101945757865906,0.1811978816986084,0,0
43,LEFT_EYE_INNER,0.28105247020721436,0.482302188873291,0.15919028222560883,0,0
43,LEFT_EYE,0.2800609767436981,0.48207566142082214,0.15921732783317566,0,0
43,LEFT_EYE_OUTER,0.2789255380630493,0.48187607526779175,0.1591431200504303,0,0
43,RIGHT_EYE_INNER,0.28495657444000244,0.4828803837299347,0.16679897904396057,0,0
43,RIGHT_EYE,0.28689044713974,0.4833872616291046,0.16680507361888885,0,0
43,RIGHT_EYE_OUTER,0.28886881470680237,0.48404863476753235,0.16680392622947693,0,0
43,LEFT_EAR,0.2793882191181183,0.48509299755096436,0.08439824730157852,0,0
43,RIGHT_EAR,0.29387786984443665,0.4888105094432831,0.11897101253271103,0,0
43,MOUTH_LEFT,0.2791590988636017,0.4976130723953247,0.15913374722003937,0,0
43,MOUTH_RIGHT,0.28294646739959717,0.4983634650707245,0.1683310568332672,0,0
43,LEFT_SHOULDER,0.26079830527305603,0.5208473205566406,0.0691935271024704,0,0
43,RIGHT_SHOULDER,0.3180311322212219,0.5530348420143127,0.10337553918361664,0,0
43,LEFT_ELBOW,0.276344895362854,0.536955714225769,0.16732802987098694,0,0
43,RIGHT_ELBOW,0.3257404863834381,0.5800285339355469,0.20500998198986053,0,0
43,LEFT_WRIST,0.30754950642585754,0.524193286895752,0.3029281198978424,0,0
43,RIGHT_WRIST,0.33192989230155945,0.5354570746421814,0.35694754123687744,0,0
43,LEFT_PINKY,0.31524041295051575,0.5141739249229431,0.3278806507587433,0,0
43,RIGHT_PINKY,0.3348503112792969,0.5252731442451477,0.37932711839675903,0,0
43,LEFT_INDEX,0.31607115268707275,0.5173751711845398,0.31795215606689453,0,0
43,RIGHT_INDEX,0.334743857383728,0.5196263790130615,0.38590922951698303,0,0
43,LEFT_THUMB,0.3159105181694031,0.5195152163505554,0.30436766147613525,0,0
43,RIGHT_THUMB,0.33215925097465515,0.527741014957428,0.36447641253471375,0,0
43,LEFT_HIP,0.24888958036899567,0.7023860812187195,-0.02374807931482792,0,0
43,RIGHT_HIP,0.29109570384025574,0.7138205766677856,0.023399922996759415,0,0
43,LEFT_KNEE,0.22541598975658417,0.8051472306251526,-0.001575513044372201,0,0
43,RIGHT_KNEE,0.2948315441608429,0.8086400628089905,0.09924645721912384,0,0
43,LEFT_ANKLE,0.2276681810617447,0.9279090166091919,-0.09374108165502548,0,0
43,RIGHT_ANKLE,0.3080500066280365,0.9291306138038635,0.009135513566434383,0,0
43,LEFT_HEEL,0.23421774804592133,0.9528675079345703,-0.10048438608646393,0,0
43,RIGHT_HEEL,0.30821946263313293,0.9492690563201904,0.0012564508942887187,0,0
43,LEFT_FOOT_INDEX,0.20357878506183624,0.9353654980659485,-0.10504917800426483,0,0
43,RIGHT_FOOT_INDEX,0.3125709891319275,0.9325556755065918,0.012469184584915638,0,0
44,NOSE,0.27355387806892395,0.49162110686302185,0.16567233204841614,0,0
44,LEFT_EYE_INNER,0.2748761475086212,0.48239943385124207,0.13534291088581085,0,0
44,LEFT_EYE,0.2740265727043152,0.4821774959564209,0.1353282928466797,0,0
44,LEFT_EYE_OUTER,0.2731162905693054,0.48198723793029785,0.13526760041713715,0,0
44,RIGHT_EYE_INNER,0.2785819470882416,0.4830351769924164,0.14690275490283966,0,0
44,RIGHT_EYE,0.28049176931381226,0.48354706168174744,0.14687897264957428,0,0
44,RIGHT_EYE_OUTER,0.2824443578720093,0.48421710729599,0.14684778451919556,0,0
44,LEFT_EAR,0.2743779122829437,0.4855930507183075,0.04732435196638107,0,0
44,RIGHT_EAR,0.288035124540329,0.48961102962493896,0.09263475239276886,0,0
44,MOUTH_LEFT,0.27198079228401184,0.4988955557346344,0.13364604115486145,0,0
44,MOUTH_RIGHT,0.2756478190422058,0.49971234798431396,0.14770883321762085,0,0
44,LEFT_SHOULDER,0.254986435174942,0.5228379964828491,0.01680067740380764,0,0
44,RIGHT_SHOULDER,0.3142014145851135,0.5552207231521606,0.08988794684410095,0,0
44,LEFT_ELBOW,0.25754454731941223,0.5501813888549805,0.09965614974498749,0,0
44,RIGHT_ELBOW,0.320253849029541,0.5891563892364502,0.1923082321882248,0,0
44,LEFT_WRIST,0.27948084473609924,0.538249135017395,0.2549358606338501,0,0
44,RIGHT_WRIST,0.31262242794036865,0.5478766560554504,0.3481314778327942,0,0
44,LEFT_PINKY,0.28236350417137146,0.5332570672035217,0.29914993047714233,0,0
44,RIGHT_PINKY,0.3125458061695099,0.5386651754379272,0.3753954768180847,0,0
44,LEFT_INDEX,0.2869816720485687,0.5318517088890076,0.29055604338645935,0,0
44,RIGHT_INDEX,0.30682405829429626,0.5386286377906799,0.38133296370506287,0,0
44,LEFT_THUMB,0.287148654460907,0.5356339812278748,0.2660624086856842,0,0
44,RIGHT_THUMB,0.30649852752685547,0.5422749519348145,0.35534945130348206,0,0
44,LEFT_HIP,0.24564187228679657,0.7038905024528503,-0.028641778975725174,0,0
44,RIGHT_HIP,0.28689002990722656,0.7160421013832092,0.028185909613966942,0,0
44,LEFT_KNEE,0.22481097280979156,0.8054569363594055,0.0010568848811089993,0,0
44,RIGHT_KNEE,0.2898331880569458,0.8016821146011353,0.1155816987156868,0,0
44,LEFT_ANKLE,0.2280467003583908,0.9275953769683838,-0.10602737963199615,0,0
44,RIGHT_ANKLE,0.3017558157444,0.9129465818405151,0.01579710841178894,0,0
44,LEFT_HEEL,0.23479939997196198,0.9529812335968018,-0.11471211165189743,0,0
44,RIGHT_HEEL,0.302185982465744,0.9328290224075317,0.007517427671700716,0,0
44,LEFT_FOOT_INDEX,0.20355255901813507,0.9363101720809937,-0.11925401538610458,0,0
44,RIGHT_FOOT_INDEX,0.30900225043296814,0.9253835082054138,0.022885089740157127,0,0
45,NOSE,0.2742772698402405,0.49153661727905273,0.16214142739772797,0,0
45,LEFT_EYE_INNER,0.2747710943222046,0.48217710852622986,0.13631398975849152,0,0
45,LEFT_EYE,0.27365240454673767,0.48192980885505676,0.13631375133991241,0,0
45,LEFT_EYE_OUTER,0.2725028097629547,0.4817379415035248,0.13625839352607727,0,0
45,RIGHT_EYE_INNER,0.27901753783226013,0.48300448060035706,0.1459946185350418,0,0
45,RIGHT_EYE,0.28101789951324463,0.48344686627388,0.14597798883914948,0,0
45,RIGHT_EYE_OUTER,0.2830392122268677,0.4840230345726013,0.14594705402851105,0,0
45,LEFT_EAR,0.2733895480632782,0.48550552129745483,0.050996460020542145,0,0
45,RIGHT_EAR,0.289025217294693,0.48933619260787964,0.09282729029655457,0,0
45,MOUTH_LEFT,0.272238552570343,0.49877217411994934,0.13475129008293152,0,0
45,MOUTH_RIGHT,0.2765948176383972,0.49961039423942566,0.14683766663074493,0,0
45,LEFT_SHOULDER,0.25322410464286804,0.5235769152641296,0.018395323306322098,0,0
45,RIGHT_SHOULDER,0.31535306572914124,0.5574826598167419,0.08735665678977966,0,0
45,LEFT_ELBOW,0.25858908891677856,0.556249737739563,0.09022023528814316,0,0
45,RIGHT_ELBOW,0.31582990288734436,0.6123208999633789,0.18572184443473816,0,0
45,LEFT_WRIST,0.27904564142227173,0.5412158966064453,0.227338507771492,0,0
45,RIGHT_WRIST,0.30456018447875977,0.5729101300239563,0.3349028527736664,0,0
45,LEFT_PINKY,0.28136423230171204,0.5361221432685852,0.25237923860549927,0,0
45,RIGHT_PINKY,0.3056511878967285,0.5517324209213257,0.36068663001060486,0,0
45,LEFT_INDEX,0.28620436787605286,0.5340544581413269,0.25361862778663635,0,0
45,RIGHT_INDEX,0.30389606952667236,0.5513719320297241,0.3668830096721649,0,0
45,LEFT_THUMB,0.28652969002723694,0.5384668707847595,0.23369155824184418,0,0
45,RIGHT_THUMB,0.3007452189922333,0.5550966262817383,0.3419688940048218,0,0
45,LEFT_HIP,0.24544626474380493,0.7040801048278809,-0.029497867450118065,0,0
45,RIGHT_HIP,0.28620919585227966,0.7159071564674377,0.029077060520648956,0,0
45,LEFT_KNEE,0.22543391585350037,0.8058468699455261,-0.0006356008816510439,0,0
45,RIGHT_KNEE,0.28948792815208435,0.7997680902481079,0.12283308804035187,0,0
45,LEFT_ANKLE,0.22784611582756042,0.9285149574279785,-0.09803373366594315,0,0
45,RIGHT_ANKLE,0.3012109696865082,0.9096630811691284,0.05983240157365799,0,0
45,LEFT_HEEL,0.23401008546352386,0.9541814923286438,-0.10511133819818497,0,0
45,RIGHT_HEEL,0.30184096097946167,0.9311845898628235,0.05518947169184685,0,0
45,LEFT_FOOT_INDEX,0.2028121054172516,0.936118483543396,-0.11212646216154099,0,0
45,RIGHT_FOOT_INDEX,0.3080979287624359,0.9224109053611755,0.07062756270170212,0,0
46,NOSE,0.27176111936569214,0.4915093779563904,0.14654788374900818,0,0
46,LEFT_EYE_INNER,0.27192413806915283,0.48208215832710266,0.12102747708559036,0,0
46,LEFT_EYE,0.27079206705093384,0.4818582534790039,0.12102270871400833,0,0
46,LEFT_EYE_OUTER,0.26958802342414856,0.48167017102241516,0.12096220999956131,0,0
46,RIGHT_EYE_INNER,0.2761323153972626,0.4828149974346161,0.1301582306623459,0,0
46,RIGHT_EYE,0.2780420184135437,0.4832252264022827,0.13012507557868958,0,0
46,RIGHT_EYE_OUTER,0.28001970052719116,0.483787477016449,0.13007596135139465,0,0
46,LEFT_EAR,0.2706241309642792,0.48547589778900146,0.03882924094796181,0,0
46,RIGHT_EAR,0.2865120470523834,0.48921164870262146,0.07893255352973938,0,0
46,MOUTH_LEFT,0.27014848589897156,0.4986855387687683,0.12080175429582596,0,0
46,MOUTH_RIGHT,0.2746194899082184,0.4995225667953491,0.13202929496765137,0,0
46,LEFT_SHOULDER,0.2513594925403595,0.5243206024169922,0.00806692149490118,0,0
46,RIGHT_SHOULDER,0.3142882287502289,0.5559329390525818,0.07621865719556808,0,0
46,LEFT_ELBOW,0.2563459575176239,0.5525960326194763,0.0937921553850174,0,0
46,RIGHT_ELBOW,0.3175691068172455,0.6070634126663208,0.1856188178062439,0,0
46,LEFT_WRIST,0.27676764130592346,0.5371075868606567,0.2402505874633789,0,0
46,RIGHT_WRIST,0.30798324942588806,0.5628814101219177,0.33165794610977173,0,0
46,LEFT_PINKY,0.27854207158088684,0.5322523713111877,0.26315727829933167,0,0
46,RIGHT_PINKY,0.30596768856048584,0.5474640727043152,0.356102854013443,0,0
46,LEFT_INDEX,0.2836381793022156,0.5309010744094849,0.2611580193042755,0,0
46,RIGHT_INDEX,0.30449074506759644,0.5463478565216064,0.36046555638313293,0,0
46,LEFT_THUMB,0.2842943072319031,0.5350739359855652,0.2455444633960724,0,0
46,RIGHT_THUMB,0.30467936396598816,0.5492688417434692,0.3379996418952942,0,0
46,LEFT_HIP,0.24539771676063538,0.7054318189620972,-0.032531172037124634,0,0
46,RIGHT_HIP,0.28464242815971375,0.7157951593399048,0.03211425244808197,0,0
46,LEFT_KNEE,0.22653193771839142,0.8058902025222778,0.0009755606879480183,0,0
46,RIGHT_KNEE,0.28678473830223083,0.7949054837226868,0.16135981678962708,0,0
46,LEFT_ANKLE,0.22829100489616394,0.9282163977622986,-0.07523011416196823,0,0
46,RIGHT_ANKLE,0.2958928346633911,0.8987810611724854,0.14650098979473114,0,0
46,LEFT_HEEL,0.23425976932048798,0.9533358216285706,-0.07985441386699677,0,0
46,RIGHT_HEEL,0.2977053225040436,0.9225829839706421,0.14709393680095673,0,0
46,LEFT_FOOT_INDEX,0.20355987548828125,0.9343506693840027,-0.0828951820731163,0,0
46,RIGHT_FOOT_INDEX,0.2947476804256439,0.9006098508834839,0.16836734116077423,0,0
47,NOSE,0.26932308077812195,0.48966702818870544,0.14622174203395844,0,0
47,LEFT_EYE_INNER,0.2697694003582001,0.47959446907043457,0.12120265513658524,0,0
47,LEFT_EYE,0.2688736319541931,0.47936439514160156,0.1211906373500824,0,0
47,LEFT_EYE_OUTER,0.26793068647384644,0.4791949689388275,0.12113717943429947,0,0
47,RIGHT_EYE_INNER,0.27353519201278687,0.48052725195884705,0.13077053427696228,0,0
47,RIGHT_EYE,0.275338351726532,0.48102501034736633,0.1307416409254074,0,0
47,RIGHT_EYE_OUTER,0.27721336483955383,0.4817010462284088,0.1306866854429245,0,0
47,LEFT_EAR,0.2695341110229492,0.48408734798431396,0.038983769714832306,0,0
47,RIGHT_EAR,0.2840779721736908,0.48823925852775574,0.08237957954406738,0,0
47,MOUTH_LEFT,0.2679641842842102,0.49798980355262756,0.12070168554782867,0,0
47,MOUTH_RIGHT,0.271980345249176,0.49893918633461,0.13264049589633942,0,0
47,LEFT_SHOULDER,0.25049737095832825,0.5251744389533997,-0.006678037811070681,0,0
47,RIGHT_SHOULDER,0.31400805711746216,0.5547369718551636,0.07848712056875229,0,0
47,LEFT_ELBOW,0.24691371619701385,0.5634720921516418,0.06097523868083954,0,0
47,RIGHT_ELBOW,0.31790056824684143,0.6101483106613159,0.1831161230802536,0,0
47,LEFT_WRIST,0.2570000886917114,0.5486898422241211,0.20168136060237885,0,0
47,RIGHT_WRIST,0.2993920147418976,0.5808336734771729,0.3273319900035858,0,0
47,LEFT_PINKY,0.2568919360637665,0.5445520877838135,0.21709059178829193,0,0
47,RIGHT_PINKY,0.2963533103466034,0.5731706619262695,0.3505267798900604,0,0
47,LEFT_INDEX,0.26134663820266724,0.5420806407928467,0.21702560782432556,0,0
47,RIGHT_INDEX,0.2936411499977112,0.5697224140167236,0.3530750870704651,0,0
47,LEFT_THUMB,0.2628456652164459,0.546185314655304,0.20647892355918884,0,0
47,RIGHT_THUMB,0.29313671588897705,0.5718822479248047,0.3325107991695404,0,0
47,LEFT_HIP,0.2460373342037201,0.7056727409362793,-0.04104491323232651,0,0
47,RIGHT_HIP,0.2839396595954895,0.7156329154968262,0.04067503288388252,0,0
47,LEFT_KNEE,0.22689372301101685,0.8059150576591492,0.0007184200221672654,0,0
47,RIGHT_KNEE,0.2841358482837677,0.7846892476081848,0.1723785549402237,0,0
47,LEFT_ANKLE,0.22846201062202454,0.9279128313064575,-0.06817451119422913,0,0
47,RIGHT_ANKLE,0.289616197347641,0.8861469626426697,0.1720917522907257,0,0
47,LEFT_HEEL,0.23438137769699097,0.9525361061096191,-0.0722731426358223,0,0
47,RIGHT_HEEL,0.2899654507637024,0.9089969992637634,0.1735757440328598,0,0
47,LEFT_FOOT_INDEX,0.20277836918830872,0.9337748289108276,-0.07838264107704163,0,0
47,RIGHT_FOOT_INDEX,0.28321391344070435,0.8936502933502197,0.19255928695201874,0,0
48,NOSE,0.26667073369026184,0.48894646763801575,0.12532037496566772,0,0
48,LEFT_EYE_INNER,0.26807650923728943,0.4788437485694885,0.10069072991609573,0,0
48,LEFT_EYE,0.2675480246543884,0.4786379337310791,0.10066787898540497,0,0
48,LEFT_EYE_OUTER,0.2669810652732849,0.4784806966781616,0.10061823576688766,0,0
48,RIGHT_EYE_INNER,0.2711678147315979,0.47959598898887634,0.11125724762678146,0,0
48,RIGHT_EYE,0.2728300988674164,0.4799736738204956,0.1112276092171669,0,0
48,RIGHT_EYE_OUTER,0.2745712995529175,0.48051565885543823,0.11115580052137375,0,0
48,LEFT_EAR,0.2698824107646942,0.48348766565322876,0.0198957696557045,0,0
48,RIGHT_EAR,0.2823837101459503,0.48720189929008484,0.06735396385192871,0,0
48,MOUTH_LEFT,0.266210675239563,0.4977171719074249,0.10063960403203964,0,0
48,MOUTH_RIGHT,0.2693497836589813,0.49868419766426086,0.11392505466938019,0,0
48,LEFT_SHOULDER,0.2520574629306793,0.5259078145027161,-0.03081217035651207,0,0
48,RIGHT_SHOULDER,0.31487318873405457,0.5542787909507751,0.0723186582326889,0,0
48,LEFT_ELBOW,0.24163205921649933,0.5769986510276794,0.03462807089090347,0,0
48,RIGHT_ELBOW,0.3169926106929779,0.6158028244972229,0.16860030591487885,0,0
48,LEFT_WRIST,0.24372142553329468,0.5627174377441406,0.16895583271980286,0,0
48,RIGHT_WRIST,0.29288262128829956,0.6063940525054932,0.29898661375045776,0,0
48,LEFT_PINKY,0.242046058177948,0.5595993399620056,0.17982318997383118,0,0
48,RIGHT_PINKY,0.2881506085395813,0.6051769852638245,0.3195076286792755,0,0
48,LEFT_INDEX,0.24596132338047028,0.5554576516151428,0.18028052151203156,0,0
48,RIGHT_INDEX,0.2857168912887573,0.6011883616447449,0.3172298073768616,0,0
48,LEFT_THUMB,0.24817433953285217,0.5587284564971924,0.173489511013031,0,0
48,RIGHT_THUMB,0.2858290672302246,0.6009268164634705,0.3016407787799835,0,0
48,LEFT_HIP,0.24781443178653717,0.7059398889541626,-0.0463959164917469,0,0
48,RIGHT_HIP,0.28440478444099426,0.7151899933815002,0.04604233428835869,0,0
48,LEFT_KNEE,0.22781749069690704,0.8059450387954712,0.0010316555853933096,0,0
48,RIGHT_KNEE,0.281798779964447,0.7809798717498779,0.19345228374004364,0,0
48,LEFT_ANKLE,0.22892524302005768,0.927700400352478,-0.03585972264409065,0,0
48,RIGHT_ANKLE,0.28735053539276123,0.8778490424156189,0.231660395860672,0,0
48,LEFT_HEEL,0.23510293662548065,0.9520509839057922,-0.036879654973745346,0,0
48,RIGHT_HEEL,0.28827717900276184,0.899223268032074,0.23760493099689484,0,0
48,LEFT_FOOT_INDEX,0.2024659961462021,0.933795154094696,-0.044586461037397385,0,0
48,RIGHT_FOOT_INDEX,0.2811763882637024,0.8892435431480408,0.2579082250595093,0,0
49,NOSE,0.26857084035873413,0.4881087839603424,0.08885961025953293,0,0
49,LEFT_EYE_INNER,0.2699703872203827,0.4781525731086731,0.06380874663591385,0,0
49,LEFT_EYE,0.26948586106300354,0.4779190719127655,0.06378578394651413,0,0
49,LEFT_EYE_OUTER,0.2689644396305084,0.47771480679512024,0.06374481320381165,0,0
49,RIGHT_EYE_INNER,0.27286988496780396,0.47885605692863464,0.07527768611907959,0,0
49,RIGHT_EYE,0.2745312750339508,0.47914424538612366,0.07524630427360535,0,0
49,RIGHT_EYE_OUTER,0.27625173330307007,0.4795369505882263,0.07517363131046295,0,0
49,LEFT_EAR,0.27191922068595886,0.482666015625,-0.016835657879710197,0,0
49,RIGHT_EAR,0.2839703857898712,0.48622792959213257,0.034995030611753464,0,0
49,MOUTH_LEFT,0.2682340741157532,0.4970003366470337,0.06459107995033264,0,0
49,MOUTH_RIGHT,0.2713245451450348,0.49812832474708557,0.07912400364875793,0,0
49,LEFT_SHOULDER,0.2543683648109436,0.5280554890632629,-0.0638936311006546,0,0
49,RIGHT_SHOULDER,0.31590986251831055,0.5536805391311646,0.0462212972342968,0,0
49,LEFT_ELBOW,0.23547117412090302,0.5783376097679138,0.010980955325067043,0,0
49,RIGHT_ELBOW,0.3159800171852112,0.6209492683410645,0.14802251756191254,0,0
49,LEFT_WRIST,0.23319056630134583,0.5618908405303955,0.15420211851596832,0,0
49,RIGHT_WRIST,0.292236328125,0.6082591414451599,0.2792730927467346,0,0
49,LEFT_PINKY,0.23118026554584503,0.5585470795631409,0.1649450659751892,0,0
49,RIGHT_PINKY,0.28637221455574036,0.6070714592933655,0.29968690872192383,0,0
49,LEFT_INDEX,0.23519225418567657,0.5538679957389832,0.16498439013957977,0,0
49,RIGHT_INDEX,0.2845366597175598,0.6028105616569519,0.29650524258613586,0,0
49,LEFT_THUMB,0.23746313154697418,0.5570451617240906,0.15879100561141968,0,0
49,RIGHT_THUMB,0.28523847460746765,0.6025417447090149,0.28173208236694336,0,0
49,LEFT_HIP,0.24854885041713715,0.7068179845809937,-0.04867686703801155,0,0
49,RIGHT_HIP,0.28427261114120483,0.7151304483413696,0.04829373583197594,0,0
49,LEFT_KNEE,0.2285936325788498,0.8059677481651306,0.009660935960710049,0,0
49,RIGHT_KNEE,0.2810896039009094,0.7779679894447327,0.21368128061294556,0,0
49,LEFT_ANKLE,0.22892017662525177,0.9275439381599426,-0.005817277356982231,0,0
49,RIGHT_ANKLE,0.2907424867153168,0.8717626929283142,0.2761338949203491,0,0
49,LEFT_HEEL,0.23525793850421906,0.9517278671264648,-0.004112453665584326,0,0
49,RIGHT_HEEL,0.29213008284568787,0.8934071660041809,0.2855069041252136,0,0
49,LEFT_FOOT_INDEX,0.20181283354759216,0.9341035485267639,-0.010502379387617111,0,0
49,RIGHT_FOOT_INDEX,0.28860437870025635,0.8837145566940308,0.3098655939102173,0,0
50,NOSE,0.2671653926372528,0.48707500100135803,0.077906534075737,0,0
50,LEFT_EYE_INNER,0.26909515261650085,0.477225124835968,0.052630383521318436,0,0
50,LEFT_EYE,0.2687748372554779,0.47702252864837646,0.05260464921593666,0,0
50,LEFT_EYE_OUTER,0.26843056082725525,0.47682228684425354,0.052564579993486404,0,0
50,RIGHT_EYE_INNER,0.27173787355422974,0.4777833819389343,0.06512338668107986,0,0
50,RIGHT_EYE,0.27331456542015076,0.47797873616218567,0.06509219110012054,0,0
50,RIGHT_EYE_OUTER,0.27492424845695496,0.47823649644851685,0.06501530110836029,0,0
50,LEFT_EAR,0.27202120423316956,0.48186248540878296,-0.02795642800629139,0,0
50,RIGHT_EAR,0.28282642364501953,0.48496493697166443,0.02852991409599781,0,0
50,MOUTH_LEFT,0.267302930355072,0.49618107080459595,0.053706955164670944,0,0
50,MOUTH_RIGHT,0.2701159715652466,0.4973415732383728,0.06958218663930893,0,0
50,LEFT_SHOULDER,0.25487393140792847,0.5285496115684509,-0.0747225433588028,0,0
50,RIGHT_SHOULDER,0.31590813398361206,0.5529419779777527,0.04136264696717262,0,0
50,LEFT_ELBOW,0.2354423552751541,0.5769082903862,-0.0003426009207032621,0,0
50,RIGHT_ELBOW,0.31581181287765503,0.6185970306396484,0.1447114199399948,0,0
50,LEFT_WRIST,0.2318411022424698,0.5589033365249634,0.14427852630615234,0,0
50,RIGHT_WRIST,0.29161903262138367,0.607494056224823,0.2763262987136841,0,0
50,LEFT_PINKY,0.2299187183380127,0.5551848411560059,0.15496066212654114,0,0
50,RIGHT_PINKY,0.2857356071472168,0.6062780022621155,0.29744789004325867,0,0
50,LEFT_INDEX,0.23384934663772583,0.5506031513214111,0.1544531285762787,0,0
50,RIGHT_INDEX,0.28425148129463196,0.6023218631744385,0.29416483640670776,0,0
50,LEFT_THUMB,0.2360515296459198,0.5539639592170715,0.14879430830478668,0,0
50,RIGHT_THUMB,0.2850361764431,0.6021568775177002,0.2788609564304352,0,0
50,LEFT_HIP,0.24899807572364807,0.7070634365081787,-0.05033337324857712,0,0
50,RIGHT_HIP,0.28435277938842773,0.7148023843765259,0.04992534965276718,0,0
50,LEFT_KNEE,0.22895555198192596,0.8059861063957214,0.008865656331181526,0,0
50,RIGHT_KNEE,0.2807411849498749,0.7775315642356873,0.2175755500793457,0,0
50,LEFT_ANKLE,0.2290208637714386,0.9274470806121826,-0.011936822906136513,0,0
50,RIGHT_ANKLE,0.29167577624320984,0.8709569573402405,0.27847909927368164,0,0
50,LEFT_HEEL,0.2353791743516922,0.9516011476516724,-0.010634753853082657,0,0
50,RIGHT_HEEL,0.2936774790287018,0.8921517729759216,0.28786447644233704,0,0
50,LEFT_FOOT_INDEX,0.20186786353588104,0.9343252778053284,-0.016254374757409096,0,0
50,RIGHT_FOOT_INDEX,0.2914825975894928,0.884462833404541,0.31330034136772156,0,0
51,NOSE,0.2689167559146881,0.4874313771724701,0.054781246930360794,0,0
51,LEFT_EYE_INNER,0.27082014083862305,0.4775979518890381,0.03115956112742424,0,0
51,LEFT_EYE,0.2705022096633911,0.47741517424583435,0.03113994561135769,0,0
51,LEFT_EYE_OUTER,0.2701389193534851,0.4772225320339203,0.031108127906918526,0,0
51,RIGHT_EYE_INNER,0.27331775426864624,0.47800490260124207,0.043330319225788116,0,0
51,RIGHT_EYE,0.27485859394073486,0.478127658367157,0.04329793527722359,0,0
51,RIGHT_EYE_OUTER,0.2764565646648407,0.47830843925476074,0.043236635625362396,0,0
51,LEFT_EAR,0.2736225426197052,0.4821794331073761,-0.04201159253716469,0,0
51,RIGHT_EAR,0.28449997305870056,0.48501327633857727,0.013171438127756119,0,0
51,MOUTH_LEFT,0.2691475450992584,0.4967001974582672,0.03329247608780861,0,0
51,MOUTH_RIGHT,0.2719927430152893,0.497688353061676,0.048803795129060745,0,0
51,LEFT_SHOULDER,0.25669315457344055,0.5309906601905823,-0.08266077190637589,0,0
51,RIGHT_SHOULDER,0.316726952791214,0.5526716709136963,0.027899496257305145,0,0
51,LEFT_ELBOW,0.23740553855895996,0.5860514044761658,-0.007799542509019375,0,0
51,RIGHT_ELBOW,0.3162609934806824,0.6197445392608643,0.12177928537130356,0,0
51,LEFT_WRIST,0.23920473456382751,0.5759173035621643,0.13071255385875702,0,0
51,RIGHT_WRIST,0.2918702960014343,0.6116904020309448,0.2374112755060196,0,0
51,LEFT_PINKY,0.23816345632076263,0.5732649564743042,0.13994507491588593,0,0
51,RIGHT_PINKY,0.28660014271736145,0.6110612750053406,0.25465482473373413,0,0
51,LEFT_INDEX,0.24277274310588837,0.5673872828483582,0.13837777078151703,0,0
51,RIGHT_INDEX,0.2857956290245056,0.6069828271865845,0.2516022026538849,0,0
51,LEFT_THUMB,0.24482695758342743,0.5701798796653748,0.13456597924232483,0,0
51,RIGHT_THUMB,0.2863152325153351,0.6064774990081787,0.2394753396511078,0,0
51,LEFT_HIP,0.2500894367694855,0.7079266309738159,-0.05137850344181061,0,0
51,RIGHT_HIP,0.2850225567817688,0.7146886587142944,0.051014650613069534,0,0
51,LEFT_KNEE,0.22874973714351654,0.8058245778083801,0.0013930440181866288,0,0
51,RIGHT_KNEE,0.28095683455467224,0.7764328122138977,0.23612920939922333,0,0
51,LEFT_ANKLE,0.2283913791179657,0.927307665348053,-0.026325466111302376,0,0
51,RIGHT_ANKLE,0.2925661504268646,0.868816077709198,0.31991368532180786,0,0
51,LEFT_HEEL,0.23466558754444122,0.9514415860176086,-0.025332657620310783,0,0
51,RIGHT_HEEL,0.29914671182632446,0.8876948952674866,0.33141377568244934,0,0
51,LEFT_FOOT_INDEX,0.20139935612678528,0.9344372153282166,-0.03466387838125229,0,0
51,RIGHT_FOOT_INDEX,0.29810959100723267,0.8858242034912109,0.35498279333114624,0,0
52,NOSE,0.27070149779319763,0.4890492260456085,0.02958269603550434,0,0
52,LEFT_EYE_INNER,0.2717275023460388,0.4789029657840729,0.0070498790591955185,0,0
52,LEFT_EYE,0.27067896723747253,0.47876784205436707,0.007011999376118183,0,0
52,LEFT_EYE_OUTER,0.2710359990596771,0.4786469638347626,0.006991457659751177,0,0
52,RIGHT_EYE_INNER,0.275027334690094,0.47908422350883484,0.023183954879641533,0,0
52,RIGHT_EYE,0.2766572833061218,0.47907382249832153,0.02314767986536026,0,0
52,RIGHT_EYE_OUTER,0.27831268310546875,0.47910767793655396,0.02309849113225937,0,0
52,LEFT_EAR,0.27665361762046814,0.48387694358825684,-0.06233910471200943,0,0
52,RIGHT_EAR,0.28597137331962585,0.48567336797714233,0.010553985834121704,0,0
52,MOUTH_LEFT,0.2704336941242218,0.49907708168029785,0.008550508879125118,0,0
52,MOUTH_RIGHT,0.2736506164073944,0.4997675120830536,0.029430944472551346,0,0
52,LEFT_SHOULDER,0.2632428705692291,0.5365936756134033,-0.10811905562877655,0,0
52,RIGHT_SHOULDER,0.31721892952919006,0.5523830056190491,0.03842705115675926,0,0
52,LEFT_ELBOW,0.24019885063171387,0.5880433320999146,-0.0567304752767086,0,0
52,RIGHT_ELBOW,0.31624338030815125,0.6163973808288574,0.13724812865257263,0,0
52,LEFT_WRIST,0.2277708351612091,0.5771276354789734,0.07516525685787201,0,0
52,RIGHT_WRIST,0.2895466983318329,0.6077499985694885,0.25360068678855896,0,0
52,LEFT_PINKY,0.2235002964735031,0.5747384428977966,0.07993576675653458,0,0
52,RIGHT_PINKY,0.2831985056400299,0.6051709651947021,0.2712240517139435,0,0
52,LEFT_INDEX,0.22627751529216766,0.5680690407752991,0.08028395473957062,0,0
52,RIGHT_INDEX,0.2825756371021271,0.6016359925270081,0.26540181040763855,0,0
52,LEFT_THUMB,0.22968216240406036,0.5709482431411743,0.07978548854589462,0,0
52,RIGHT_THUMB,0.2835719883441925,0.6022706031799316,0.25409001111984253,0,0
52,LEFT_HIP,0.2515133321285248,0.7081281542778015,-0.05721296742558479,0,0
52,RIGHT_HIP,0.2862083315849304,0.7146288156509399,0.05693487823009491,0,0
52,LEFT_KNEE,0.2289413958787918,0.8045252561569214,-0.020220065489411354,0,0
52,RIGHT_KNEE,0.28058868646621704,0.7779601216316223,0.2195400893688202,0,0
52,LEFT_ANKLE,0.22832177579402924,0.926365852355957,-0.03388386219739914,0,0
52,RIGHT_ANKLE,0.3039299547672272,0.8660832047462463,0.3069218397140503,0,0
52,LEFT_HEEL,0.23472853004932404,0.9510491490364075,-0.03337817266583443,0,0
52,RIGHT_HEEL,0.31292277574539185,0.8834075331687927,0.31837600469589233,0,0
52,LEFT_FOOT_INDEX,0.20112290978431702,0.9345487356185913,-0.043495770543813705,0,0
52,RIGHT_FOOT_INDEX,0.2931725084781647,0.8902086019515991,0.3379007577896118,0,0
53,NOSE,0.2723965346813202,0.4929600954055786,0.02131843939423561,0,0
53,LEFT_EYE_INNER,0.27535536885261536,0.48206827044487,0.0006123740458860993,0,0
53,LEFT_EYE,0.2750987708568573,0.48196688294410706,0.0005732205463573337,0,0
53,LEFT_EYE_OUTER,0.2755640745162964,0.48189082741737366,0.0005673745763488114,0,0
53,RIGHT_EYE_INNER,0.2774282991886139,0.48208171129226685,0.01693962700664997,0,0
53,RIGHT_EYE,0.27880164980888367,0.48201361298561096,0.01689874939620495,0,0
53,RIGHT_EYE_OUTER,0.2801888585090637,0.48201045393943787,0.016851792111992836,0,0
53,LEFT_EAR,0.28143179416656494,0.4882379472255707,-0.0643659308552742,0,0
53,RIGHT_EAR,0.28851357102394104,0.4895181655883789,0.009433617815375328,0,0
53,MOUTH_LEFT,0.2727842628955841,0.5034288167953491,0.0010775078553706408,0,0
53,MOUTH_RIGHT,0.27485063672065735,0.5040348172187805,0.022252418100833893,0,0
53,LEFT_SHOULDER,0.2698887884616852,0.5430281758308411,-0.11048617959022522,0,0
53,RIGHT_SHOULDER,0.31846338510513306,0.5539999008178711,0.04231041669845581,0,0
53,LEFT_ELBOW,0.24028316140174866,0.5932960510253906,-0.07598426192998886,0,0
53,RIGHT_ELBOW,0.30728447437286377,0.617825448513031,0.13027305901050568,0,0
53,LEFT_WRIST,0.2238149791955948,0.581284761428833,0.03459758311510086,0,0
53,RIGHT_WRIST,0.2742042541503906,0.6092185974121094,0.2193930447101593,0,0
53,LEFT_PINKY,0.2183855175971985,0.5765268206596375,0.035961348563432693,0,0
53,RIGHT_PINKY,0.26699507236480713,0.6067618727684021,0.2333877682685852,0,0
53,LEFT_INDEX,0.22056840360164642,0.5702023506164551,0.037118006497621536,0,0
53,RIGHT_INDEX,0.2657381594181061,0.6043726801872253,0.2254209816455841,0,0
53,LEFT_THUMB,0.22456292808055878,0.5732263326644897,0.03897450119256973,0,0
53,RIGHT_THUMB,0.2671530842781067,0.6053834557533264,0.21807582676410675,0,0
53,LEFT_HIP,0.2572747468948364,0.710874080657959,-0.055707454681396484,0,0
53,RIGHT_HIP,0.28661713004112244,0.7185871005058289,0.05544297397136688,0,0
53,LEFT_KNEE,0.22945941984653473,0.8043370246887207,-0.014606147073209286,0,0
53,RIGHT_KNEE,0.2820722758769989,0.77951580286026,0.21687822043895721,0,0
53,LEFT_ANKLE,0.2285076528787613,0.925824761390686,-0.032858796417713165,0,0
53,RIGHT_ANKLE,0.31373491883277893,0.8659440875053406,0.29685160517692566,0,0
53,LEFT_HEEL,0.23460188508033752,0.9506085515022278,-0.03308281674981117,0,0
53,RIGHT_HEEL,0.32131239771842957,0.8837601542472839,0.30713745951652527,0,0
53,LEFT_FOOT_INDEX,0.20178312063217163,0.9346188306808472,-0.049560461193323135,0,0
53,RIGHT_FOOT_INDEX,0.2983226776123047,0.8923717141151428,0.32231172919273376,0,0
54,NOSE,0.2782003581523895,0.49610382318496704,0.0045740846544504166,0,0
54,LEFT_EYE_INNER,0.2819199860095978,0.4854196012020111,-0.013282773084938526,0,0
54,LEFT_EYE,0.28209999203681946,0.48523423075675964,-0.013324286788702011,0,0
54,LEFT_EYE_OUTER,0.28250932693481445,0.48502179980278015,-0.01332105789333582,0,0
54,RIGHT_EYE_INNER,0.2834366261959076,0.4855373203754425,0.0029994447249919176,0,0
54,RIGHT_EYE,0.28465792536735535,0.48548322916030884,0.0029683331958949566,0,0
54,RIGHT_EYE_OUTER,0.2858677804470062,0.48541876673698425,0.0029137670062482357,0,0
54,LEFT_EAR,0.28869038820266724,0.49125802516937256,-0.0677877813577652,0,0
54,RIGHT_EAR,0.29396888613700867,0.4925156831741333,0.005542431492358446,0,0
54,MOUTH_LEFT,0.27918341755867004,0.5064613819122314,-0.011901411227881908,0,0
54,MOUTH_RIGHT,0.28088173270225525,0.5068853497505188,0.009180603548884392,0,0
54,LEFT_SHOULDER,0.2809002101421356,0.5455592274665833,-0.11558140069246292,0,0
54,RIGHT_SHOULDER,0.3196944296360016,0.5545812249183655,0.04429072514176369,0,0
54,LEFT_ELBOW,0.24317727982997894,0.6046944260597229,-0.11797215789556503,0,0
54,RIGHT_ELBOW,0.2978048622608185,0.616572380065918,0.10637088119983673,0,0
54,LEFT_WRIST,0.22088895738124847,0.6063737273216248,-0.06310907751321793,0,0
54,RIGHT_WRIST,0.2578626871109009,0.6191259026527405,0.14167028665542603,0,0
54,LEFT_PINKY,0.21397539973258972,0.6061906218528748,-0.07179617136716843,0,0
54,RIGHT_PINKY,0.24978657066822052,0.6191771626472473,0.14814220368862152,0,0
54,LEFT_INDEX,0.21508033573627472,0.5987089276313782,-0.06724863499403,0,0
54,RIGHT_INDEX,0.24727383255958557,0.6177942752838135,0.13582344353199005,0,0
54,LEFT_THUMB,0.21987810730934143,0.6001115441322327,-0.05908979848027229,0,0
54,RIGHT_THUMB,0.24922624230384827,0.6183813214302063,0.13704149425029755,0,0
54,LEFT_HIP,0.2649078667163849,0.7139567136764526,-0.055581092834472656,0,0
54,RIGHT_HIP,0.2913472056388855,0.7215732932090759,0.05538833886384964,0,0
54,LEFT_KNEE,0.23261475563049316,0.8043429255485535,-0.03560798615217209,0,0
54,RIGHT_KNEE,0.28501707315444946,0.7812643051147461,0.2158632129430771,0,0
54,LEFT_ANKLE,0.22858767211437225,0.9257481694221497,-0.03481815382838249,0,0
54,RIGHT_ANKLE,0.32172563672065735,0.8670127391815186,0.33564308285713196,0,0
54,LEFT_HEEL,0.23418177664279938,0.9505297541618347,-0.034318480640649796,0,0
54,RIGHT_HEEL,0.3310812711715698,0.8834012150764465,0.34959107637405396,0,0
54,LEFT_FOOT_INDEX,0.20245616137981415,0.9346839785575867,-0.065933458507061,0,0
54,RIGHT_FOOT_INDEX,0.3003077208995819,0.8936360478401184,0.36064741015434265,0,0
55,NOSE,0.2794809639453888,0.49904513359069824,0.0008449117885902524,0,0
55,LEFT_EYE_INNER,0.28336650133132935,0.48854437470436096,-0.016703901812434196,0,0
55,LEFT_EYE,0.2836894690990448,0.48840421438217163,-0.016742318868637085,0,0
55,LEFT_EYE_OUTER,0.2840918004512787,0.48820704221725464,-0.016740532591938972,0,0
55,RIGHT_EYE_INNER,0.2846129536628723,0.4884602427482605,-0.0003764515568036586,0,0
55,RIGHT_EYE,0.28581371903419495,0.48826757073402405,-0.0004072049632668495,0,0
55,RIGHT_EYE_OUTER,0.28704750537872314,0.4880337715148926,-0.0004513089661486447,0,0
55,LEFT_EAR,0.2901630401611328,0.4945666790008545,-0.06909795850515366,0,0
55,RIGHT_EAR,0.29545357823371887,0.49550923705101013,0.00451247114688158,0,0
55,MOUTH_LEFT,0.2807518541812897,0.5094864368438721,-0.014993102289736271,0,0
55,MOUTH_RIGHT,0.2820400297641754,0.5095551013946533,0.006180278956890106,0,0
55,LEFT_SHOULDER,0.2823334038257599,0.5482550859451294,-0.11400497704744339,0,0
55,RIGHT_SHOULDER,0.32045382261276245,0.5545141100883484,0.04420926794409752,0,0
55,LEFT_ELBOW,0.24458414316177368,0.6098693609237671,-0.10731638222932816,0,0
55,RIGHT_ELBOW,0.2944316864013672,0.6161925196647644,0.10186631977558136,0,0
55,LEFT_WRIST,0.22599437832832336,0.6098613142967224,-0.03848712146282196,0,0
55,RIGHT_WRIST,0.25909069180488586,0.6172246932983398,0.13636615872383118,0,0
55,LEFT_PINKY,0.21896766126155853,0.6050826907157898,-0.045438628643751144,0,0
55,RIGHT_PINKY,0.25169503688812256,0.616253674030304,0.14305156469345093,0,0
55,LEFT_INDEX,0.2205277532339096,0.5978779792785645,-0.04151814803481102,0,0
55,RIGHT_INDEX,0.24441081285476685,0.6176875829696655,0.13124075531959534,0,0
55,LEFT_THUMB,0.22500427067279816,0.5998473763465881,-0.034507572650909424,0,0
55,RIGHT_THUMB,0.25102970004081726,0.6154777407646179,0.1319947987794876,0,0
55,LEFT_HIP,0.26695114374160767,0.7145207524299622,-0.05530886352062225,0,0
55,RIGHT_HIP,0.29213160276412964,0.7226212620735168,0.05514359846711159,0,0
55,LEFT_KNEE,0.23331522941589355,0.8040106296539307,-0.047256868332624435,0,0
55,RIGHT_KNEE,0.2865544259548187,0.7822670340538025,0.2122860699892044,0,0
55,LEFT_ANKLE,0.22819998860359192,0.9256068468093872,-0.05806708708405495,0,0
55,RIGHT_ANKLE,0.3232232928276062,0.868050754070282,0.32613077759742737,0,0
55,LEFT_HEEL,0.23430615663528442,0.9502657055854797,-0.058222971856594086,0,0
55,RIGHT_HEEL,0.3324853479862213,0.8840577006340027,0.33919987082481384,0,0
55,LEFT_FOOT_INDEX,0.20188632607460022,0.9350435733795166,-0.09485498070716858,0,0
55,RIGHT_FOOT_INDEX,0.3021615743637085,0.8939983248710632,0.35066166520118713,0,0
56,NOSE,0.28434810042381287,0.4986918270587921,-0.018359350040555,0,0
56,LEFT_EYE_INNER,0.2882756292819977,0.4880942404270172,-0.035187721252441406,0,0
56,LEFT_EYE,0.28875625133514404,0.4879618287086487,-0.03521285578608513,0,0
56,LEFT_EYE_OUTER,0.28930187225341797,0.4877776503562927,-0.03518805652856827,0,0
56,RIGHT_EYE_INNER,0.2893874943256378,0.48798149824142456,-0.01657223328948021,0,0
56,RIGHT_EYE,0.2906281650066376,0.48780250549316406,-0.01658620499074459,0,0
56,RIGHT_EYE_OUTER,0.29193809628486633,0.4876026213169098,-0.01663343980908394,0,0
56,LEFT_EAR,0.29622286558151245,0.4941602945327759,-0.0838175043463707,0,0
56,RIGHT_EAR,0.29999080300331116,0.49490565061569214,-0.0006931378156878054,0,0
56,MOUTH_LEFT,0.2861105799674988,0.5092759728431702,-0.03285195305943489,0,0
56,MOUTH_RIGHT,0.2872503399848938,0.509426474571228,-0.008780976757407188,0,0
56,LEFT_SHOULDER,0.29364117980003357,0.5494081974029541,-0.13651765882968903,0,0
56,RIGHT_SHOULDER,0.3217759430408478,0.5541813969612122,0.04842174053192139,0,0
56,LEFT_ELBOW,0.2560529112815857,0.6171281337738037,-0.15206517279148102,0,0
56,RIGHT_ELBOW,0.2899596393108368,0.615414023399353,0.08562101423740387,0,0
56,LEFT_WRIST,0.22630544006824493,0.6395497918128967,-0.11625064164400101,0,0
56,RIGHT_WRIST,0.24932213127613068,0.6327772736549377,0.06496696919202805,0,0
56,LEFT_PINKY,0.21628403663635254,0.6432893872261047,-0.13319164514541626,0,0
56,RIGHT_PINKY,0.24186088144779205,0.6367813944816589,0.06450746208429337,0,0
56,LEFT_INDEX,0.21602633595466614,0.6361317038536072,-0.1275598704814911,0,0
56,RIGHT_INDEX,0.23914183676242828,0.6340548992156982,0.048045624047517776,0,0
56,LEFT_THUMB,0.2193533480167389,0.6338387131690979,-0.11245376616716385,0,0
56,RIGHT_THUMB,0.24002791941165924,0.6350792050361633,0.056942250579595566,0,0
56,LEFT_HIP,0.27769723534584045,0.715109646320343,-0.059805117547512054,0,0
56,RIGHT_HIP,0.3004591166973114,0.7219275832176208,0.059627991169691086,0,0
56,LEFT_KNEE,0.24097341299057007,0.8042654395103455,-0.03312500938773155,0,0
56,RIGHT_KNEE,0.29433199763298035,0.7871900200843811,0.2231723815202713,0,0
56,LEFT_ANKLE,0.22846582531929016,0.9251670837402344,-0.01175729837268591,0,0
56,RIGHT_ANKLE,0.32369866967201233,0.869913637638092,0.35434138774871826,0,0
56,LEFT_HEEL,0.23463508486747742,0.9500834345817566,-0.009998311288654804,0,0
56,RIGHT_HEEL,0.3319090008735657,0.8858441114425659,0.3687063157558441,0,0
56,LEFT_FOOT_INDEX,0.2011975646018982,0.9350658655166626,-0.054014433175325394,0,0
56,RIGHT_FOOT_INDEX,0.30202716588974,0.8941491842269897,0.37703508138656616,0,0
57,NOSE,0.28854799270629883,0.4981713891029358,-0.04242445528507233,0,0
57,LEFT_EYE_INNER,0.2925169765949249,0.48764365911483765,-0.056675516068935394,0,0
57,LEFT_EYE,0.29327884316444397,0.48753660917282104,-0.05668874830007553,0,0
57,LEFT_EYE_OUTER,0.2941029369831085,0.48738041520118713,-0.05666324123740196,0,0
57,RIGHT_EYE_INNER,0.2930717468261719,0.48752927780151367,-0.03514969348907471,0,0
57,RIGHT_EYE,0.29419004917144775,0.48742052912712097,-0.03514004871249199,0,0
57,RIGHT_EYE_OUTER,0.2954193353652954,0.48740360140800476,-0.03517591580748558,0,0
57,LEFT_EAR,0.3020758032798767,0.49368953704833984,-0.09617378562688828,0,0
57,RIGHT_EAR,0.30393674969673157,0.4945816099643707,-0.0006660316721536219,0,0
57,MOUTH_LEFT,0.29120296239852905,0.5088668465614319,-0.05445525422692299,0,0
57,MOUTH_RIGHT,0.2914816439151764,0.5088904500007629,-0.02661431021988392,0,0
57,LEFT_SHOULDER,0.3017337918281555,0.5518947243690491,-0.15222422778606415,0,0
57,RIGHT_SHOULDER,0.3217776417732239,0.5500401258468628,0.06497923284769058,0,0
57,LEFT_ELBOW,0.27045875787734985,0.6240759491920471,-0.17444144189357758,0,0
57,RIGHT_ELBOW,0.2927928566932678,0.6148678064346313,0.09455188363790512,0,0
57,LEFT_WRIST,0.22876913845539093,0.6589164733886719,-0.14138047397136688,0,0
57,RIGHT_WRIST,0.2573055624961853,0.6491861343383789,0.05228232592344284,0,0
57,LEFT_PINKY,0.2239813208580017,0.670928418636322,-0.16302312910556793,0,0
57,RIGHT_PINKY,0.24891993403434753,0.6561306715011597,0.04919746145606041,0,0
57,LEFT_INDEX,0.22467653453350067,0.6646604537963867,-0.15801474452018738,0,0
57,RIGHT_INDEX,0.24592582881450653,0.6551782488822937,0.02945598028600216,0,0
57,LEFT_THUMB,0.22751839458942413,0.6604522466659546,-0.13796298205852509,0,0
57,RIGHT_THUMB,0.24869325757026672,0.654089629650116,0.04203798621892929,0,0
57,LEFT_HIP,0.2876519560813904,0.7149912714958191,-0.06731761246919632,0,0
57,RIGHT_HIP,0.30728474259376526,0.7180338501930237,0.06723499298095703,0,0
57,LEFT_KNEE,0.2535248398780823,0.8038906455039978,-0.030291693285107613,0,0
57,RIGHT_KNEE,0.3015105128288269,0.7893571257591248,0.216959610581398,0,0
57,LEFT_ANKLE,0.23007182776927948,0.9238254427909851,0.004121366888284683,0,0
57,RIGHT_ANKLE,0.32570743560791016,0.8730103373527527,0.34714385867118835,0,0
57,LEFT_HEEL,0.2355622947216034,0.9487031102180481,0.0063096159137785435,0,0
57,RIGHT_HEEL,0.3345472514629364,0.8913353681564331,0.36056262254714966,0,0
57,LEFT_FOOT_INDEX,0.19909435510635376,0.9319051504135132,-0.04045991227030754,0,0
57,RIGHT_FOOT_INDEX,0.3003939986228943,0.8943350911140442,0.36252352595329285,0,0
58,NOSE,0.2936571538448334,0.4978937804698944,-0.04078546538949013,0,0
58,LEFT_EYE_INNER,0.2982473075389862,0.4875764548778534,-0.05434739217162132,0,0
58,LEFT_EYE,0.29924276471138,0.4873659908771515,-0.05436581373214722,0,0
58,LEFT_EYE_OUTER,0.3002948462963104,0.4870970547199249,-0.05435342714190483,0,0
58,RIGHT_EYE_INNER,0.29781752824783325,0.4868614375591278,-0.033184733241796494,0,0
58,RIGHT_EYE,0.2984217405319214,0.48654162883758545,-0.03316574916243553,0,0
58,RIGHT_EYE_OUTER,0.2990683615207672,0.4862833023071289,-0.03320328891277313,0,0
58,LEFT_EAR,0.3081325888633728,0.49322208762168884,-0.08985546231269836,0,0
58,RIGHT_EAR,0.30738556385040283,0.49370449781417847,0.003635915694758296,0,0
58,MOUTH_LEFT,0.29630976915359497,0.5083999037742615,-0.051386989653110504,0,0
58,MOUTH_RIGHT,0.29560187458992004,0.5084729790687561,-0.02412031963467598,0,0
58,LEFT_SHOULDER,0.30831366777420044,0.5501363277435303,-0.1441938728094101,0,0
58,RIGHT_SHOULDER,0.32271257042884827,0.54539555311203,0.07290010154247284,0,0
58,LEFT_ELBOW,0.2869763672351837,0.6229041218757629,-0.1682818979024887,0,0
58,RIGHT_ELBOW,0.3003065288066864,0.6185717582702637,0.1036231517791748,0,0
58,LEFT_WRIST,0.250241756439209,0.6700820326805115,-0.13654980063438416,0,0
58,RIGHT_WRIST,0.26602426171302795,0.6628237962722778,0.07343633472919464,0,0
58,LEFT_PINKY,0.24068400263786316,0.6837469339370728,-0.15773732960224152,0,0
58,RIGHT_PINKY,0.26405787467956543,0.6714901328086853,0.07306423783302307,0,0
58,LEFT_INDEX,0.23776875436306,0.6785295009613037,-0.15152911841869354,0,0
58,RIGHT_INDEX,0.2654629349708557,0.6687420606613159,0.05385410785675049,0,0
58,LEFT_THUMB,0.24125881493091583,0.674034833908081,-0.13259340822696686,0,0
58,RIGHT_THUMB,0.2674441933631897,0.6638136506080627,0.06384439766407013,0,0
58,LEFT_HIP,0.29438307881355286,0.7148756980895996,-0.06630782783031464,0,0
58,RIGHT_HIP,0.31184646487236023,0.7118857502937317,0.06625593453645706,0,0
58,LEFT_KNEE,0.26630187034606934,0.8049717545509338,-0.029238959774374962,0,0
58,RIGHT_KNEE,0.30724647641181946,0.7925420999526978,0.198335200548172,0,0
58,LEFT_ANKLE,0.23676098883152008,0.9208827614784241,0.0032886103726923466,0,0
58,RIGHT_ANKLE,0.3262995779514313,0.876285970211029,0.31435930728912354,0,0
58,LEFT_HEEL,0.24003291130065918,0.9456962943077087,0.004989368841052055,0,0
58,RIGHT_HEEL,0.3340073525905609,0.8957015872001648,0.32582035660743713,0,0
58,LEFT_FOOT_INDEX,0.1998203694820404,0.9274313449859619,-0.040527183562517166,0,0
58,RIGHT_FOOT_INDEX,0.2990235388278961,0.8923759460449219,0.3330621123313904,0,0
59,NOSE,0.2987480163574219,0.49691689014434814,-0.07625481486320496,0,0
59,LEFT_EYE_INNER,0.30350685119628906,0.48611128330230713,-0.0849260538816452,0,0
59,LEFT_EYE,0.3049740195274353,0.48618343472480774,-0.08492301404476166,0,0
59,LEFT_EYE_OUTER,0.3066273033618927,0.4862120449542999,-0.08492188900709152,0,0
59,RIGHT_EYE_INNER,0.3016567826271057,0.4851451814174652,-0.06559840589761734,0,0
59,RIGHT_EYE,0.30161893367767334,0.48479485511779785,-0.06556843221187592,0,0
59,RIGHT_EYE_OUTER,0.30159029364585876,0.48442140221595764,-0.06561010330915451,0,0
59,LEFT_EAR,0.31462377309799194,0.4926084280014038,-0.09616051614284515,0,0
59,RIGHT_EAR,0.3094910979270935,0.49128270149230957,-0.009947444312274456,0,0
59,MOUTH_LEFT,0.3021385073661804,0.5080670714378357,-0.07787709683179855,0,0
59,MOUTH_RIGHT,0.3002583682537079,0.5081029534339905,-0.053058408200740814,0,0
59,LEFT_SHOULDER,0.31429529190063477,0.5495028495788574,-0.14970408380031586,0,0
59,RIGHT_SHOULDER,0.32661202549934387,0.5409678220748901,0.07364053279161453,0,0
59,LEFT_ELBOW,0.3027137815952301,0.6236259937286377,-0.17946681380271912,0,0
59,RIGHT_ELBOW,0.31682926416397095,0.620049774646759,0.10134553164243698,0,0
59,LEFT_WRIST,0.2710193693637848,0.672450602054596,-0.14752882719039917,0,0
59,RIGHT_WRIST,0.29348134994506836,0.6736804246902466,0.05587003752589226,0,0
59,LEFT_PINKY,0.26011043787002563,0.6882322430610657,-0.1665087193250656,0,0
59,RIGHT_PINKY,0.28786006569862366,0.6888134479522705,0.05577748268842697,0,0
59,LEFT_INDEX,0.2569213807582855,0.6837590336799622,-0.15930363535881042,0,0
59,RIGHT_INDEX,0.2851974368095398,0.6878843903541565,0.03760218620300293,0,0
59,LEFT_THUMB,0.26023033261299133,0.6793583035469055,-0.14249667525291443,0,0
59,RIGHT_THUMB,0.28815552592277527,0.6829679012298584,0.046586502343416214,0,0
59,LEFT_HIP,0.3048745393753052,0.7073100805282593,-0.06752889603376389,0,0
59,RIGHT_HIP,0.3204435110092163,0.7035102844238281,0.0674990564584732,0,0
59,LEFT_KNEE,0.275494784116745,0.8011883497238159,-0.05366330221295357,0,0
59,RIGHT_KNEE,0.31040942668914795,0.7903929948806763,0.1777077615261078,0,0
59,LEFT_ANKLE,0.24964159727096558,0.9182654023170471,-0.038710106164216995,0,0
59,RIGHT_ANKLE,0.3256584107875824,0.8767455220222473,0.2809908092021942,0,0
59,LEFT_HEEL,0.25440558791160583,0.9419740438461304,-0.03920624777674675,0,0
59,RIGHT_HEEL,0.33454856276512146,0.8969012498855591,0.2900932729244232,0,0
59,LEFT_FOOT_INDEX,0.21370111405849457,0.9279972910881042,-0.083046093583107,0,0
59,RIGHT_FOOT_INDEX,0.29901599884033203,0.8906965255737305,0.2873699963092804,0,0
60,NOSE,0.3037460148334503,0.49365195631980896,-0.09788625687360764,0,0
60,LEFT_EYE_INNER,0.3088129460811615,0.48346734046936035,-0.10613637417554855,0,0
60,LEFT_EYE,0.31050774455070496,0.483673095703125,-0.10612653195858002,0,0
60,LEFT_EYE_OUTER,0.31237512826919556,0.48381075263023376,-0.10612103343009949,0,0
60,RIGHT_EYE_INNER,0.3064802587032318,0.4822886288166046,-0.08616610616445541,0,0
60,RIGHT_EYE,0.30632105469703674,0.48184284567832947,-0.08614249527454376,0,0
60,RIGHT_EYE_OUTER,0.3061596751213074,0.48128899931907654,-0.0861695259809494,0,0
60,LEFT_EAR,0.32070067524909973,0.4897521436214447,-0.1129661425948143,0,0
60,RIGHT_EAR,0.3146933913230896,0.487383633852005,-0.02390148676931858,0,0
60,MOUTH_LEFT,0.30727365612983704,0.5065247416496277,-0.09809710830450058,0,0
60,MOUTH_RIGHT,0.30452507734298706,0.5056636929512024,-0.07234596461057663,0,0
60,LEFT_SHOULDER,0.32277336716651917,0.5459769368171692,-0.16052725911140442,0,0
60,RIGHT_SHOULDER,0.32836678624153137,0.5359860062599182,0.06931639462709427,0,0
60,LEFT_ELBOW,0.31900548934936523,0.6220983862876892,-0.19048947095870972,0,0
60,RIGHT_ELBOW,0.3218548893928528,0.6205968856811523,0.09751100838184357,0,0
60,LEFT_WRIST,0.28685712814331055,0.6740630269050598,-0.16871096193790436,0,0
60,RIGHT_WRIST,0.30433526635169983,0.6774176359176636,0.04770804941654205,0,0
60,LEFT_PINKY,0.2782690227031708,0.6935579776763916,-0.188394695520401,0,0
60,RIGHT_PINKY,0.29939886927604675,0.6934884190559387,0.047052349895238876,0,0
60,LEFT_INDEX,0.2738521695137024,0.6895637512207031,-0.18267430365085602,0,0
60,RIGHT_INDEX,0.29660049080848694,0.6932330131530762,0.02697712369263172,0,0
60,LEFT_THUMB,0.27643296122550964,0.6842013597488403,-0.16441453993320465,0,0
60,RIGHT_THUMB,0.29910901188850403,0.6881052255630493,0.03786377236247063,0,0
60,LEFT_HIP,0.31365957856178284,0.7004258632659912,-0.06858180463314056,0,0
60,RIGHT_HIP,0.3261586129665375,0.6961104869842529,0.06856965273618698,0,0
60,LEFT_KNEE,0.28033795952796936,0.7941418886184692,-0.07393498718738556,0,0
60,RIGHT_KNEE,0.31387993693351746,0.7857154607772827,0.1573641300201416,0,0
60,LEFT_ANKLE,0.2732280492782593,0.9173807501792908,-0.06925766915082932,0,0
60,RIGHT_ANKLE,0.32493799924850464,0.8768652081489563,0.2418629676103592,0,0
60,LEFT_HEEL,0.28143247961997986,0.9378126263618469,-0.07086827605962753,0,0
60,RIGHT_HEEL,0.3342306315898895,0.8971007466316223,0.24873271584510803,0,0
60,LEFT_FOOT_INDEX,0.24311591684818268,0.9393782615661621,-0.11824062466621399,0,0
60,RIGHT_FOOT_INDEX,0.2989784777164459,0.8911936283111572,0.23860977590084076,0,0
61,NOSE,0.3050341308116913,0.49162381887435913,-0.10163057595491409,0,0
61,LEFT_EYE_INNER,0.3096671998500824,0.4817468822002411,-0.10985852032899857,0,0
61,LEFT_EYE,0.3111606538295746,0.4819386899471283,-0.10985644906759262,0,0
61,LEFT_EYE_OUTER,0.31281644105911255,0.4820115268230438,-0.10986988246440887,0,0
61,RIGHT_EYE_INNER,0.3077326714992523,0.48065879940986633,-0.0897422805428505,0,0
61,RIGHT_EYE,0.3077021837234497,0.4802381098270416,-0.08971910923719406,0,0
61,RIGHT_EYE_OUTER,0.3076767027378082,0.47969087958335876,-0.08975116908550262,0,0
61,LEFT_EAR,0.3216770589351654,0.4877872169017792,-0.11621616780757904,0,0
61,RIGHT_EAR,0.3158884048461914,0.48536109924316406,-0.026593446731567383,0,0
61,MOUTH_LEFT,0.3083030581474304,0.5046216249465942,-0.10152419656515121,0,0
61,MOUTH_RIGHT,0.3060358464717865,0.5035238862037659,-0.07555938512086868,0,0
61,LEFT_SHOULDER,0.32452642917633057,0.5447489619255066,-0.16334500908851624,0,0
61,RIGHT_SHOULDER,0.32779568433761597,0.5335525274276733,0.06734424084424973,0,0
61,LEFT_ELBOW,0.3187832236289978,0.6239009499549866,-0.19553568959236145,0,0
61,RIGHT_ELBOW,0.32131022214889526,0.6197391748428345,0.0965922400355339,0,0
61,LEFT_WRIST,0.2852080464363098,0.6768422722816467,-0.17736896872520447,0,0
61,RIGHT_WRIST,0.3049008250236511,0.67526775598526,0.04651350900530815,0,0
61,LEFT_PINKY,0.27737972140312195,0.6953508257865906,-0.19896943867206573,0,0
61,RIGHT_PINKY,0.2975623309612274,0.6977354884147644,0.04581589251756668,0,0
61,LEFT_INDEX,0.2731028199195862,0.692403256893158,-0.19306328892707825,0,0
61,RIGHT_INDEX,0.29554513096809387,0.6978870034217834,0.02594163827598095,0,0
61,LEFT_THUMB,0.27537262439727783,0.6874567270278931,-0.17310597002506256,0,0
61,RIGHT_THUMB,0.2979901432991028,0.6926558613777161,0.03687776252627373,0,0
61,LEFT_HIP,0.3134459853172302,0.6978866457939148,-0.0699460357427597,0,0
61,RIGHT_HIP,0.3261203169822693,0.692902147769928,0.06997137516736984,0,0
61,LEFT_KNEE,0.2820611000061035,0.7927284836769104,-0.08480548858642578,0,0
61,RIGHT_KNEE,0.31263667345046997,0.7858321666717529,0.1708943098783493,0,0
61,LEFT_ANKLE,0.2752636969089508,0.9151613712310791,-0.08603765070438385,0,0
61,RIGHT_ANKLE,0.3252720236778259,0.8771122097969055,0.2637033760547638,0,0
61,LEFT_HEEL,0.28318655490875244,0.9347575902938843,-0.0882914736866951,0,0
61,RIGHT_HEEL,0.33359113335609436,0.8970597982406616,0.27244824171066284,0,0
61,LEFT_FOOT_INDEX,0.24552208185195923,0.9418194890022278,-0.1399022787809372,0,0
61,RIGHT_FOOT_INDEX,0.29775044322013855,0.8912603855133057,0.26492729783058167,0,0
62,NOSE,0.31060171127319336,0.4887923002243042,-0.0790155827999115,0,0
62,LEFT_EYE_INNER,0.3155938386917114,0.47876259684562683,-0.08506233990192413,0,0
62,LEFT_EYE,0.3176044225692749,0.4788430631160736,-0.08505315333604813,0,0
62,LEFT_EYE_OUTER,0.3198336958885193,0.47886279225349426,-0.0850621908903122,0,0
62,RIGHT_EYE_INNER,0.3123968839645386,0.47803786396980286,-0.06695274263620377,0,0
62,RIGHT_EYE,0.31195878982543945,0.47772905230522156,-0.06692001968622208,0,0
62,RIGHT_EYE_OUTER,0.31157270073890686,0.4773353934288025,-0.0669630914926529,0,0
62,LEFT_EAR,0.3280852138996124,0.4849005937576294,-0.09471707046031952,0,0
62,RIGHT_EAR,0.3189605474472046,0.4823400378227234,-0.017165731638669968,0,0
62,MOUTH_LEFT,0.31484454870224,0.5017322897911072,-0.07673923671245575,0,0
62,MOUTH_RIGHT,0.3112717866897583,0.5006341338157654,-0.05366310849785805,0,0
62,LEFT_SHOULDER,0.3333622217178345,0.540221631526947,-0.14524517953395844,0,0
62,RIGHT_SHOULDER,0.3278101682662964,0.532489001750946,0.08596397936344147,0,0
62,LEFT_ELBOW,0.33405598998069763,0.6216692924499512,-0.16169780492782593,0,0
62,RIGHT_ELBOW,0.32234275341033936,0.6161331534385681,0.11967488378286362,0,0
62,LEFT_WRIST,0.301443874835968,0.6729081273078918,-0.14458870887756348,0,0
62,RIGHT_WRIST,0.3085139989852905,0.6643478274345398,0.06436363607645035,0,0
62,LEFT_PINKY,0.2957453429698944,0.6929041743278503,-0.1627821922302246,0,0
62,RIGHT_PINKY,0.30307865142822266,0.6812880039215088,0.061152730137109756,0,0
62,LEFT_INDEX,0.2923617362976074,0.6889677047729492,-0.16287259757518768,0,0
62,RIGHT_INDEX,0.3022456765174866,0.6809834837913513,0.04196237027645111,0,0
62,LEFT_THUMB,0.2941901981830597,0.6827457547187805,-0.14261041581630707,0,0
62,RIGHT_THUMB,0.3029418885707855,0.6765345335006714,0.054632145911455154,0,0
62,LEFT_HIP,0.3229604661464691,0.6971462965011597,-0.07017833739519119,0,0
62,RIGHT_HIP,0.3268047273159027,0.6910962462425232,0.07024398446083069,0,0
62,LEFT_KNEE,0.2917396128177643,0.7912614345550537,-0.08804310113191605,0,0
62,RIGHT_KNEE,0.3162136673927307,0.7855415940284729,0.12155374884605408,0,0
62,LEFT_ANKLE,0.3032609522342682,0.9085009098052979,-0.07863219827413559,0,0
62,RIGHT_ANKLE,0.3260399103164673,0.8770028948783875,0.1794402152299881,0,0
62,LEFT_HEEL,0.3105018734931946,0.9254311919212341,-0.07979889959096909,0,0
62,RIGHT_HEEL,0.3325698971748352,0.8970099687576294,0.1824512630701065,0,0
62,LEFT_FOOT_INDEX,0.280757874250412,0.9455441236495972,-0.12163858115673065,0,0
62,RIGHT_FOOT_INDEX,0.3050203025341034,0.8915461897850037,0.16595016419887543,0,0
63,NOSE,0.3174295723438263,0.4869810938835144,-0.1377096027135849,0,0
63,LEFT_EYE_INNER,0.3230922818183899,0.47738948464393616,-0.13967269659042358,0,0
63,LEFT_EYE,0.32563960552215576,0.4777601957321167,-0.13972072303295135,0,0
63,LEFT_EYE_OUTER,0.32803282141685486,0.47806864976882935,-0.13976459205150604,0,0
63,RIGHT_EYE_INNER,0.3187035024166107,0.47620871663093567,-0.12305523455142975,0,0
63,RIGHT_EYE,0.31791526079177856,0.4758034646511078,-0.12302421033382416,0,0
63,RIGHT_EYE_OUTER,0.3171454668045044,0.4753180742263794,-0.12300793826580048,0,0
63,LEFT_EAR,0.3351186513900757,0.4839734733104706,-0.11922415345907211,0,0
63,RIGHT_EAR,0.3240590989589691,0.48022422194480896,-0.044075366109609604,0,0
63,MOUTH_LEFT,0.3222297728061676,0.5003767013549805,-0.1280202567577362,0,0
63,MOUTH_RIGHT,0.31740063428878784,0.49879518151283264,-0.10636007785797119,0,0
63,LEFT_SHOULDER,0.3431873023509979,0.5392526984214783,-0.15095020830631256,0,0
63,RIGHT_SHOULDER,0.3274982273578644,0.5306670069694519,0.06159685552120209,0,0
63,LEFT_ELBOW,0.346608966588974,0.6201140880584717,-0.1713503748178482,0,0
63,RIGHT_ELBOW,0.3234642446041107,0.6066244840621948,0.10674469918012619,0,0
63,LEFT_WRIST,0.3137614130973816,0.6716248393058777,-0.1642390936613083,0,0
63,RIGHT_WRIST,0.31323525309562683,0.6640613675117493,0.037024542689323425,0,0
63,LEFT_PINKY,0.3077857792377472,0.6878727078437805,-0.18334610760211945,0,0
63,RIGHT_PINKY,0.3089090883731842,0.6738665103912354,0.030028650537133217,0,0
63,LEFT_INDEX,0.30525028705596924,0.6813714504241943,-0.1844843178987503,0,0
63,RIGHT_INDEX,0.30839917063713074,0.6731913089752197,0.00793319009244442,0,0
63,LEFT_THUMB,0.3066328763961792,0.6763522028923035,-0.16245682537555695,0,0
63,RIGHT_THUMB,0.3094227612018585,0.6715747117996216,0.02552483044564724,0,0
63,LEFT_HIP,0.33319392800331116,0.6932597160339355,-0.06863881647586823,0,0
63,RIGHT_HIP,0.32209932804107666,0.6822395920753479,0.06866075843572617,0,0
63,LEFT_KNEE,0.31289708614349365,0.7911073565483093,-0.07230300456285477,0,0
63,RIGHT_KNEE,0.31248965859413147,0.7728474736213684,0.06137834116816521,0,0
63,LEFT_ANKLE,0.33225440979003906,0.8959551453590393,-0.038043320178985596,0,0
63,RIGHT_ANKLE,0.3253192603588104,0.8701754808425903,0.12919564545154572,0,0
63,LEFT_HEEL,0.3413833975791931,0.9101470112800598,-0.03745512664318085,0,0
63,RIGHT_HEEL,0.3323252499103546,0.8873907327651978,0.13304387032985687,0,0
63,LEFT_FOOT_INDEX,0.313042551279068,0.9344766139984131,-0.12044114619493484,0,0
63,RIGHT_FOOT_INDEX,0.30335548520088196,0.891338586807251,0.09782689064741135,0,0
64,NOSE,0.3229595124721527,0.4868566393852234,-0.14122329652309418,0,0
64,LEFT_EYE_INNER,0.3283427059650421,0.4769858419895172,-0.14421206712722778,0,0
64,LEFT_EYE,0.3307240307331085,0.47733640670776367,-0.14424927532672882,0,0
64,LEFT_EYE_OUTER,0.3331688642501831,0.4776231050491333,-0.1442839652299881,0,0
64,RIGHT_EYE_INNER,0.3240404725074768,0.47583523392677307,-0.12766678631305695,0,0
64,RIGHT_EYE,0.3232361078262329,0.475404292345047,-0.12764066457748413,0,0
64,RIGHT_EYE_OUTER,0.3223543167114258,0.4748888313770294,-0.12762393057346344,0,0
64,LEFT_EAR,0.3406761884689331,0.48276203870773315,-0.12530547380447388,0,0
64,RIGHT_EAR,0.32901716232299805,0.47872987389564514,-0.049419648945331573,0,0
64,MOUTH_LEFT,0.327883780002594,0.4996011257171631,-0.13187290728092194,0,0
64,MOUTH_RIGHT,0.3229883909225464,0.49833276867866516,-0.11009516566991806,0,0
64,LEFT_SHOULDER,0.35290300846099854,0.5376468896865845,-0.14549677073955536,0,0
64,RIGHT_SHOULDER,0.32886406779289246,0.5298807621002197,0.04925673082470894,0,0
64,LEFT_ELBOW,0.3597017824649811,0.6148290038108826,-0.17006151378154755,0,0
64,RIGHT_ELBOW,0.3235500454902649,0.6040151119232178,0.09873650968074799,0,0
64,LEFT_WRIST,0.3294413983821869,0.6687023043632507,-0.1839529126882553,0,0
64,RIGHT_WRIST,0.31226488947868347,0.6605290770530701,0.036180660128593445,0,0
64,LEFT_PINKY,0.3224947154521942,0.6851319670677185,-0.20527328550815582,0,0
64,RIGHT_PINKY,0.3103109300136566,0.671427845954895,0.029642732813954353,0,0
64,LEFT_INDEX,0.31812727451324463,0.6788941621780396,-0.20580576360225677,0,0
64,RIGHT_INDEX,0.3108140230178833,0.670685350894928,0.008229098282754421,0,0
64,LEFT_THUMB,0.31958961486816406,0.67364501953125,-0.18239156901836395,0,0
64,RIGHT_THUMB,0.31169620156288147,0.6671835780143738,0.025572294369339943,0,0
64,LEFT_HIP,0.3396835923194885,0.6890192627906799,-0.06453422456979752,0,0
64,RIGHT_HIP,0.3229184150695801,0.6805267930030823,0.06456144154071808,0,0
64,LEFT_KNEE,0.33177071809768677,0.7919045686721802,-0.06859104335308075,0,0
64,RIGHT_KNEE,0.31434598565101624,0.7751718163490295,0.056325435638427734,0,0
64,LEFT_ANKLE,0.3612983822822571,0.8868295550346375,-0.012371973134577274,0,0
64,RIGHT_ANKLE,0.32621145248413086,0.8714246153831482,0.12400447577238083,0,0
64,LEFT_HEEL,0.3700471520423889,0.8941525816917419,-0.009731660597026348,0,0
64,RIGHT_HEEL,0.3325093388557434,0.890117883682251,0.12719449400901794,0,0
64,LEFT_FOOT_INDEX,0.35142725706100464,0.9338558912277222,-0.07638145238161087,0,0
64,RIGHT_FOOT_INDEX,0.3032771348953247,0.8948274850845337,0.08130525052547455,0,0
65,NOSE,0.33031779527664185,0.4869627356529236,-0.1326487809419632,0,0
65,LEFT_EYE_INNER,0.33569082617759705,0.47723856568336487,-0.1322777420282364,0,0
65,LEFT_EYE,0.3383205235004425,0.47753483057022095,-0.13231223821640015,0,0
65,LEFT_EYE_OUTER,0.34073251485824585,0.47779178619384766,-0.13233719766139984,0,0
65,RIGHT_EYE_INNER,0.3306944966316223,0.4761929512023926,-0.11851506680250168,0,0
65,RIGHT_EYE,0.32952752709388733,0.4757889211177826,-0.11849083751440048,0,0
65,RIGHT_EYE_OUTER,0.328347772359848,0.4753020703792572,-0.11846162378787994,0,0
65,LEFT_EAR,0.3476308584213257,0.4828460216522217,-0.11002708226442337,0,0
65,RIGHT_EAR,0.33262738585472107,0.4792822301387787,-0.038416165858507156,0,0
65,MOUTH_LEFT,0.33505260944366455,0.49936744570732117,-0.11934594810009003,0,0
65,MOUTH_RIGHT,0.32931220531463623,0.49822309613227844,-0.10094711929559708,0,0
65,LEFT_SHOULDER,0.3609057664871216,0.53741055727005,-0.11744625121355057,0,0
65,RIGHT_SHOULDER,0.33003658056259155,0.5313066840171814,0.05391978472471237,0,0
65,LEFT_ELBOW,0.36832550168037415,0.61311936378479,-0.14370594918727875,0,0
65,RIGHT_ELBOW,0.32515013217926025,0.6045292019844055,0.10063356906175613,0,0
65,LEFT_WRIST,0.3378777503967285,0.666083037853241,-0.16783387959003448,0,0
65,RIGHT_WRIST,0.3152013421058655,0.6596226096153259,0.03833877295255661,0,0
65,LEFT_PINKY,0.3298788368701935,0.6813349723815918,-0.19065804779529572,0,0
65,RIGHT_PINKY,0.3148761987686157,0.671356201171875,0.028295673429965973,0,0
65,LEFT_INDEX,0.3264566659927368,0.6756656765937805,-0.1932486593723297,0,0
65,RIGHT_INDEX,0.31668949127197266,0.6700228452682495,0.008048375137150288,0,0
65,LEFT_THUMB,0.32876476645469666,0.6702429056167603,-0.1676904261112213,0,0
65,RIGHT_THUMB,0.31730857491493225,0.6649833917617798,0.028171861544251442,0,0
65,LEFT_HIP,0.3489316701889038,0.6881018877029419,-0.06030721217393875,0,0
65,RIGHT_HIP,0.3277703821659088,0.6832921504974365,0.06033438816666603,0,0
65,LEFT_KNEE,0.3490453362464905,0.7919870018959045,-0.07052873075008392,0,0
65,RIGHT_KNEE,0.318183034658432,0.7761416435241699,0.05012795701622963,0,0
65,LEFT_ANKLE,0.3859483301639557,0.8783971667289734,0.01727454923093319,0,0
65,RIGHT_ANKLE,0.326318621635437,0.8725422024726868,0.13843828439712524,0,0
65,LEFT_HEEL,0.39593425393104553,0.8817317485809326,0.02322482131421566,0,0
65,RIGHT_HEEL,0.3347810208797455,0.8937762975692749,0.14350676536560059,0,0
65,LEFT_FOOT_INDEX,0.3812878429889679,0.9304550886154175,-0.039821807295084,0,0
65,RIGHT_FOOT_INDEX,0.3026612102985382,0.8958081007003784,0.0931611955165863,0,0
66,NOSE,0.33534762263298035,0.4879588484764099,-0.11260160803794861,0,0
66,LEFT_EYE_INNER,0.34093648195266724,0.4783581793308258,-0.11379390209913254,0,0
66,LEFT_EYE,0.34341156482696533,0.4785742163658142,-0.11381864547729492,0,0
66,LEFT_EYE_OUTER,0.3457581102848053,0.47874772548675537,-0.11383378505706787,0,0
66,RIGHT_EYE_INNER,0.33602622151374817,0.47744762897491455,-0.0996171161532402,0,0
66,RIGHT_EYE,0.33499911427497864,0.47705936431884766,-0.09959868341684341,0,0
66,RIGHT_EYE_OUTER,0.3340369164943695,0.47660329937934875,-0.09957889467477798,0,0
66,LEFT_EAR,0.3531878590583801,0.48299458622932434,-0.0919480100274086,0,0
66,RIGHT_EAR,0.33949387073516846,0.4794759750366211,-0.03255864605307579,0,0
66,MOUTH_LEFT,0.34015634655952454,0.4995482861995697,-0.10237748920917511,0,0
66,MOUTH_RIGHT,0.3343815207481384,0.4982685148715973,-0.08336921036243439,0,0
66,LEFT_SHOULDER,0.36898019909858704,0.537941038608551,-0.1016712635755539,0,0
66,RIGHT_SHOULDER,0.3332657516002655,0.5347548723220825,0.05697004124522209,0,0
66,LEFT_ELBOW,0.3775723874568939,0.612214207649231,-0.13202331960201263,0,0
66,RIGHT_ELBOW,0.32922184467315674,0.6051332950592041,0.0921369269490242,0,0
66,LEFT_WRIST,0.3470330834388733,0.6639100909233093,-0.16233253479003906,0,0
66,RIGHT_WRIST,0.3208375573158264,0.657220184803009,0.0075995782390236855,0,0
66,LEFT_PINKY,0.33950600028038025,0.6801148056983948,-0.18567760288715363,0,0
66,RIGHT_PINKY,0.321590393781662,0.6743202805519104,-0.007582825608551502,0,0
66,LEFT_INDEX,0.3356780409812927,0.6748749017715454,-0.18744772672653198,0,0
66,RIGHT_INDEX,0.3240879774093628,0.6715561151504517,-0.02610454522073269,0,0
66,LEFT_THUMB,0.33738115429878235,0.668474555015564,-0.1620054990053177,0,0
66,RIGHT_THUMB,0.3242565393447876,0.6651445627212524,-0.002555854618549347,0,0
66,LEFT_HIP,0.35743242502212524,0.6895278096199036,-0.05645434930920601,0,0
66,RIGHT_HIP,0.33328667283058167,0.6853844523429871,0.05646643787622452,0,0
66,LEFT_KNEE,0.367843896150589,0.7924764752388,-0.0681331604719162,0,0
66,RIGHT_KNEE,0.3198062777519226,0.7752869129180908,0.05187024921178818,0,0
66,LEFT_ANKLE,0.40703585743904114,0.8747161030769348,0.020763354375958443,0,0
66,RIGHT_ANKLE,0.32664382457733154,0.873927116394043,0.14383533596992493,0,0
66,LEFT_HEEL,0.41569164395332336,0.8766905069351196,0.026444418355822563,0,0
66,RIGHT_HEEL,0.3355990946292877,0.8979051113128662,0.14935828745365143,0,0
66,LEFT_FOOT_INDEX,0.40664127469062805,0.9268316626548767,-0.03895283490419388,0,0
66,RIGHT_FOOT_INDEX,0.30236369371414185,0.8960849046707153,0.09856703877449036,0,0
67,NOSE,0.3361181616783142,0.4881105124950409,-0.11204636842012405,0,0
67,LEFT_EYE_INNER,0.3413926064968109,0.4784441888332367,-0.10117222368717194,0,0
67,LEFT_EYE,0.34376418590545654,0.47863030433654785,-0.1011953204870224,0,0
67,LEFT_EYE_OUTER,0.3461642861366272,0.4788101315498352,-0.10118815302848816,0,0
67,RIGHT_EYE_INNER,0.3370118737220764,0.47769007086753845,-0.09006266295909882,0,0
67,RIGHT_EYE,0.3362112045288086,0.47734832763671875,-0.09007528424263,0,0
67,RIGHT_EYE_OUTER,0.3355397880077362,0.47695234417915344,-0.0900195837020874,0,0
67,LEFT_EAR,0.3535175323486328,0.4831506907939911,-0.0768384113907814,0,0
67,RIGHT_EAR,0.33992400765419006,0.4795975387096405,-0.010955142788589,0,0
67,MOUTH_LEFT,0.34047549962997437,0.49968221783638,-0.08876197040081024,0,0
67,MOUTH_RIGHT,0.3355450928211212,0.49839556217193604,-0.07179823517799377,0,0
67,LEFT_SHOULDER,0.3717145621776581,0.5382931232452393,-0.09168367832899094,0,0
67,RIGHT_SHOULDER,0.332825630903244,0.5369297862052917,0.06288338452577591,0,0
67,LEFT_ELBOW,0.3800290524959564,0.6123867034912109,-0.12693920731544495,0,0
67,RIGHT_ELBOW,0.3274919390678406,0.6056064367294312,0.08461309224367142,0,0
67,LEFT_WRIST,0.34808626770973206,0.6626520752906799,-0.1604825109243393,0,0
67,RIGHT_WRIST,0.321382075548172,0.6575092673301697,-0.0056299674324691296,0,0
67,LEFT_PINKY,0.33959099650382996,0.6792669892311096,-0.18396948277950287,0,0
67,RIGHT_PINKY,0.32203152775764465,0.6768880486488342,-0.021809171885252,0,0
67,LEFT_INDEX,0.3353676497936249,0.6739451885223389,-0.18489733338356018,0,0
67,RIGHT_INDEX,0.32539573311805725,0.6726379990577698,-0.03850898519158363,0,0
67,LEFT_THUMB,0.33703798055648804,0.6673560738563538,-0.15996472537517548,0,0
67,RIGHT_THUMB,0.3257124125957489,0.6659498810768127,-0.01514615397900343,0,0
67,LEFT_HIP,0.3598695397377014,0.6887714862823486,-0.054890021681785583,0,0
67,RIGHT_HIP,0.33551186323165894,0.6855481266975403,0.054886285215616226,0,0
67,LEFT_KNEE,0.36808931827545166,0.7929107546806335,-0.06881897151470184,0,0
67,RIGHT_KNEE,0.3204233944416046,0.7753304839134216,0.04703931882977486,0,0
67,LEFT_ANKLE,0.40707680583000183,0.8725358247756958,0.0023558689281344414,0,0
67,RIGHT_ANKLE,0.32676976919174194,0.8746781349182129,0.13169239461421967,0,0
67,LEFT_HEEL,0.417058527469635,0.8754149675369263,0.006023505702614784,0,0
67,RIGHT_HEEL,0.33567526936531067,0.8990685939788818,0.13655871152877808,0,0
67,LEFT_FOOT_INDEX,0.40776526927948,0.9257338643074036,-0.056039415299892426,0,0
67,RIGHT_FOOT_INDEX,0.3022127151489258,0.8972873091697693,0.08569982647895813,0,0
68,NOSE,0.3428875803947449,0.4892464578151703,-0.09584849327802658,0,0
68,LEFT_EYE_INNER,0.3481663465499878,0.47943416237831116,-0.08700481802225113,0,0
68,LEFT_EYE,0.3505823314189911,0.479506254196167,-0.08703358471393585,0,0
68,LEFT_EYE_OUTER,0.35287657380104065,0.4795701801776886,-0.08703557401895523,0,0
68,RIGHT_EYE_INNER,0.34326618909835815,0.4791235327720642,-0.07712666690349579,0,0
68,RIGHT_EYE,0.34215134382247925,0.4789015054702759,-0.0771384909749031,0,0
68,RIGHT_EYE_OUTER,0.34114789962768555,0.47867488861083984,-0.07710988074541092,0,0
68,LEFT_EAR,0.3599625527858734,0.48385897278785706,-0.05654994398355484,0,0
68,RIGHT_EAR,0.345426082611084,0.48169833421707153,-0.0008272850536741316,0,0
68,MOUTH_LEFT,0.34758085012435913,0.5006855130195618,-0.0754428580403328,0,0
68,MOUTH_RIGHT,0.34197697043418884,0.4993196129798889,-0.0608946792781353,0,0
68,LEFT_SHOULDER,0.37874871492385864,0.5393405556678772,-0.06880833208560944,0,0
68,RIGHT_SHOULDER,0.33600711822509766,0.5384283065795898,0.06640184670686722,0,0
68,LEFT_ELBOW,0.38530901074409485,0.612710177898407,-0.11091455072164536,0,0
68,RIGHT_ELBOW,0.32973164319992065,0.6079351305961609,0.07773470133543015,0,0
68,LEFT_WRIST,0.3553991913795471,0.6613262891769409,-0.160851389169693,0,0
68,RIGHT_WRIST,0.32695502042770386,0.6625325679779053,-0.015241623856127262,0,0
68,LEFT_PINKY,0.347042977809906,0.6791403889656067,-0.18649516999721527,0,0
68,RIGHT_PINKY,0.3289686143398285,0.6825205087661743,-0.03337763249874115,0,0
68,LEFT_INDEX,0.34381237626075745,0.6729902029037476,-0.1884220391511917,0,0
68,RIGHT_INDEX,0.33192744851112366,0.6754944324493408,-0.04926646873354912,0,0
68,LEFT_THUMB,0.345525324344635,0.6669002771377563,-0.16148510575294495,0,0
68,RIGHT_THUMB,0.33155447244644165,0.6683976054191589,-0.024451589211821556,0,0
68,LEFT_HIP,0.36713507771492004,0.6888535022735596,-0.048145975917577744,0,0
68,RIGHT_HIP,0.341417521238327,0.6861068606376648,0.04815688356757164,0,0
68,LEFT_KNEE,0.3855024576187134,0.7921960353851318,-0.06855955719947815,0,0
68,RIGHT_KNEE,0.32202208042144775,0.7739284038543701,0.027906937524676323,0,0
68,LEFT_ANKLE,0.42508986592292786,0.8756440281867981,-0.005976088345050812,0,0
68,RIGHT_ANKLE,0.32666632533073425,0.8749121427536011,0.11071963608264923,0,0
68,LEFT_HEEL,0.43194150924682617,0.8809230923652649,-0.0036014090292155743,0,0
68,RIGHT_HEEL,0.33522388339042664,0.899347722530365,0.11538806557655334,0,0
68,LEFT_FOOT_INDEX,0.42537787556648254,0.9232496023178101,-0.07786477357149124,0,0
68,RIGHT_FOOT_INDEX,0.30190107226371765,0.8972270488739014,0.0582980252802372,0,0
69,NOSE,0.3479079008102417,0.49001216888427734,-0.0935564711689949,0,0
69,LEFT_EYE_INNER,0.3534286916255951,0.48044946789741516,-0.08819504827260971,0,0
69,LEFT_EYE,0.35567614436149597,0.4804733395576477,-0.08822184056043625,0,0
69,LEFT_EYE_OUTER,0.3578839600086212,0.48048123717308044,-0.08822512626647949,0,0
69,RIGHT_EYE_INNER,0.3488231599330902,0.4803171157836914,-0.07712873071432114,0,0
69,RIGHT_EYE,0.3478274643421173,0.48009586334228516,-0.07714010775089264,0,0
69,RIGHT_EYE_OUTER,0.34687405824661255,0.4799031615257263,-0.07711447775363922,0,0
69,LEFT_EAR,0.3651484549045563,0.48519524931907654,-0.06518305093050003,0,0
69,RIGHT_EAR,0.3522596061229706,0.48346835374832153,-0.005111347418278456,0,0
69,MOUTH_LEFT,0.35304513573646545,0.5015466213226318,-0.07751555740833282,0,0
69,MOUTH_RIGHT,0.3471364378929138,0.500069260597229,-0.06112083047628403,0,0
69,LEFT_SHOULDER,0.38504496216773987,0.5410001873970032,-0.07990375906229019,0,0
69,RIGHT_SHOULDER,0.3399144411087036,0.5428163409233093,0.060331426560878754,0,0
69,LEFT_ELBOW,0.391308456659317,0.6127603054046631,-0.12258068472146988,0,0
69,RIGHT_ELBOW,0.33504539728164673,0.6141155958175659,0.06944514811038971,0,0
69,LEFT_WRIST,0.3693120777606964,0.6590097546577454,-0.18854887783527374,0,0
69,RIGHT_WRIST,0.33271273970603943,0.6677556037902832,-0.023717598989605904,0,0
69,LEFT_PINKY,0.36396655440330505,0.6783997416496277,-0.2163793444633484,0,0
69,RIGHT_PINKY,0.33440741896629333,0.686541736125946,-0.0429345928132534,0,0
69,LEFT_INDEX,0.3588095009326935,0.6727157235145569,-0.22097930312156677,0,0
69,RIGHT_INDEX,0.33660081028938293,0.6789791584014893,-0.060094788670539856,0,0
69,LEFT_THUMB,0.3598279356956482,0.6661347150802612,-0.1906779706478119,0,0
69,RIGHT_THUMB,0.3363235592842102,0.6718159914016724,-0.03363456577062607,0,0
69,LEFT_HIP,0.3775624632835388,0.6895105242729187,-0.046396948397159576,0,0
69,RIGHT_HIP,0.34962424635887146,0.686339795589447,0.04638318717479706,0,0
69,LEFT_KNEE,0.4007752537727356,0.790313184261322,-0.04880271852016449,0,0
69,RIGHT_KNEE,0.32595619559288025,0.7744163274765015,0.008503718301653862,0,0
69,LEFT_ANKLE,0.4358060657978058,0.8760088086128235,0.02594120241701603,0,0
69,RIGHT_ANKLE,0.32706478238105774,0.8749510645866394,0.09305126219987869,0,0
69,LEFT_HEEL,0.43947699666023254,0.8824169039726257,0.02900332398712635,0,0
69,RIGHT_HEEL,0.3354838788509369,0.89934903383255,0.09811846166849136,0,0
69,LEFT_FOOT_INDEX,0.43377068638801575,0.9202209711074829,-0.051361288875341415,0,0
69,RIGHT_FOOT_INDEX,0.3017250895500183,0.8966101408004761,0.039476122707128525,0,0
70,NOSE,0.3545819818973541,0.4972504675388336,-0.10550452023744583,0,0
70,LEFT_EYE_INNER,0.35892772674560547,0.4864211976528168,-0.10271134972572327,0,0
70,LEFT_EYE,0.36109358072280884,0.4860769212245941,-0.10272900015115738,0,0
70,LEFT_EYE_OUTER,0.3634425401687622,0.48572540283203125,-0.1027071475982666,0,0
70,RIGHT_EYE_INNER,0.3542937636375427,0.48708677291870117,-0.09195461869239807,0,0
70,RIGHT_EYE,0.35333383083343506,0.4870777130126953,-0.09197583794593811,0,0
70,RIGHT_EYE_OUTER,0.352413147687912,0.48714983463287354,-0.09199154376983643,0,0
70,LEFT_EAR,0.37119385600090027,0.4892827868461609,-0.07205111533403397,0,0
70,RIGHT_EAR,0.35614821314811707,0.49011823534965515,-0.01862790435552597,0,0
70,MOUTH_LEFT,0.3599820137023926,0.5079653859138489,-0.09167337417602539,0,0
70,MOUTH_RIGHT,0.3542775511741638,0.5075312852859497,-0.07693555951118469,0,0
70,LEFT_SHOULDER,0.39423081278800964,0.5462974905967712,-0.08681254088878632,0,0
70,RIGHT_SHOULDER,0.34518781304359436,0.5502862930297852,0.04531174525618553,0,0
70,LEFT_ELBOW,0.39691460132598877,0.6169602274894714,-0.12609155476093292,0,0
70,RIGHT_ELBOW,0.3392708897590637,0.6194422245025635,0.052116990089416504,0,0
70,LEFT_WRIST,0.36847275495529175,0.6589260697364807,-0.20060211420059204,0,0
70,RIGHT_WRIST,0.33917108178138733,0.6744951009750366,-0.04320720583200455,0,0
70,LEFT_PINKY,0.36034125089645386,0.6785690188407898,-0.228162944316864,0,0
70,RIGHT_PINKY,0.3393573760986328,0.6932260394096375,-0.06411104649305344,0,0
70,LEFT_INDEX,0.359625905752182,0.6754263639450073,-0.23317812383174896,0,0
70,RIGHT_INDEX,0.3425789773464203,0.686995804309845,-0.07975061982870102,0,0
70,LEFT_THUMB,0.35941311717033386,0.6656439304351807,-0.20311857759952545,0,0
70,RIGHT_THUMB,0.34295952320098877,0.6796016693115234,-0.05243106558918953,0,0
70,LEFT_HIP,0.38964298367500305,0.6972449421882629,-0.04461631551384926,0,0
70,RIGHT_HIP,0.3600222170352936,0.6959588527679443,0.04456960782408714,0,0
70,LEFT_KNEE,0.41643908619880676,0.7912591099739075,-0.04342680796980858,0,0
70,RIGHT_KNEE,0.3305458128452301,0.7743819355964661,-0.020207619294524193,0,0
70,LEFT_ANKLE,0.4396154582500458,0.8770512342453003,0.06555965542793274,0,0
70,RIGHT_ANKLE,0.3275516629219055,0.8749608993530273,0.08292566239833832,0,0
70,LEFT_HEEL,0.44197070598602295,0.8844512701034546,0.07181208580732346,0,0
70,RIGHT_HEEL,0.3357393145561218,0.8990954756736755,0.09014056622982025,0,0
70,LEFT_FOOT_INDEX,0.4355675280094147,0.921657145023346,-0.009638126008212566,0,0
70,RIGHT_FOOT_INDEX,0.30163857340812683,0.8951342105865479,0.03211662918329239,0,0
71,NOSE,0.36034584045410156,0.5010977387428284,-0.10875562578439713,0,0
71,LEFT_EYE_INNER,0.36434289813041687,0.4901101589202881,-0.10661707073450089,0,0
71,LEFT_EYE,0.3664676547050476,0.48966848850250244,-0.10663299262523651,0,0
71,LEFT_EYE_OUTER,0.36871710419654846,0.48922938108444214,-0.10661416500806808,0,0
71,RIGHT_EYE_INNER,0.35971757769584656,0.49108490347862244,-0.09555553644895554,0,0
71,RIGHT_EYE,0.35873135924339294,0.4912381172180176,-0.09558247029781342,0,0
71,RIGHT_EYE_OUTER,0.3577897250652313,0.4914171099662781,-0.09561581909656525,0,0
71,LEFT_EAR,0.37664473056793213,0.4931495487689972,-0.07476483285427094,0,0
71,RIGHT_EAR,0.3614174425601959,0.4946242868900299,-0.023288972675800323,0,0
71,MOUTH_LEFT,0.36593785881996155,0.5114743709564209,-0.09600182622671127,0,0
71,MOUTH_RIGHT,0.3601122498512268,0.5114709138870239,-0.08114413172006607,0,0
71,LEFT_SHOULDER,0.3999857008457184,0.5484719276428223,-0.08824310451745987,0,0
71,RIGHT_SHOULDER,0.3518780469894409,0.5554677248001099,0.04051319137215614,0,0
71,LEFT_ELBOW,0.40514519810676575,0.6186183094978333,-0.12759314477443695,0,0
71,RIGHT_ELBOW,0.3438394367694855,0.6227074861526489,0.04709858447313309,0,0
71,LEFT_WRIST,0.37544170022010803,0.6588729023933411,-0.20641390979290009,0,0
71,RIGHT_WRIST,0.3432442843914032,0.6769872307777405,-0.0476296991109848,0,0
71,LEFT_PINKY,0.37018707394599915,0.6805553436279297,-0.23366691172122955,0,0
71,RIGHT_PINKY,0.3438468277454376,0.6950417757034302,-0.06819742172956467,0,0
71,LEFT_INDEX,0.3651650547981262,0.6745109558105469,-0.23845848441123962,0,0
71,RIGHT_INDEX,0.3467201590538025,0.6888048052787781,-0.08289702981710434,0,0
71,LEFT_THUMB,0.36707228422164917,0.6657667756080627,-0.20885632932186127,0,0
71,RIGHT_THUMB,0.34731876850128174,0.6818141341209412,-0.05639353767037392,0,0
71,LEFT_HIP,0.3993086516857147,0.6993900537490845,-0.04303756728768349,0,0
71,RIGHT_HIP,0.3694304823875427,0.700622022151947,0.042975474148988724,0,0
71,LEFT_KNEE,0.42257121205329895,0.7917433977127075,-0.06324826180934906,0,0
71,RIGHT_KNEE,0.336778461933136,0.7746651768684387,-0.017499146983027458,0,0
71,LEFT_ANKLE,0.4413776397705078,0.8777284026145935,0.044223006814718246,0,0
71,RIGHT_ANKLE,0.3295283317565918,0.8744969964027405,0.09035882353782654,0,0
71,LEFT_HEEL,0.4434340298175812,0.8858062028884888,0.05044164881110191,0,0
71,RIGHT_HEEL,0.33722126483917236,0.8971750736236572,0.09800973534584045,0,0
71,LEFT_FOOT_INDEX,0.43640926480293274,0.9215682148933411,-0.028880570083856583,0,0
71,RIGHT_FOOT_INDEX,0.30349716544151306,0.892849862575531,0.04267382249236107,0,0
72,NOSE,0.3608192801475525,0.5024169087409973,-0.10824353992938995,0,0
72,LEFT_EYE_INNER,0.3650096356868744,0.49154746532440186,-0.10194527357816696,0,0
72,LEFT_EYE,0.3672288656234741,0.49129554629325867,-0.10195375978946686,0,0
72,LEFT_EYE_OUTER,0.3695961534976959,0.49097296595573425,-0.10191144794225693,0,0
72,RIGHT_EYE_INNER,0.36046847701072693,0.49196380376815796,-0.09392019361257553,0,0
72,RIGHT_EYE,0.3594888746738434,0.4919886887073517,-0.09387656301259995,0,0
72,RIGHT_EYE_OUTER,0.358460396528244,0.4919833838939667,-0.09382603317499161,0,0
72,LEFT_EAR,0.3769257366657257,0.49545976519584656,-0.07172088325023651,0,0
72,RIGHT_EAR,0.36172598600387573,0.495841920375824,-0.021797167137265205,0,0
72,MOUTH_LEFT,0.365771621465683,0.513003945350647,-0.09130309522151947,0,0
72,MOUTH_RIGHT,0.3599775731563568,0.5131510496139526,-0.07859707623720169,0,0
72,LEFT_SHOULDER,0.39941301941871643,0.5480738282203674,-0.08083401620388031,0,0
72,RIGHT_SHOULDER,0.35280781984329224,0.5568238496780396,0.04112714156508446,0,0
72,LEFT_ELBOW,0.4095527231693268,0.6181967854499817,-0.1274750530719757,0,0
72,RIGHT_ELBOW,0.3440227210521698,0.6237328052520752,0.05309978500008583,0,0
72,LEFT_WRIST,0.38195884227752686,0.6496620178222656,-0.20018793642520905,0,0
72,RIGHT_WRIST,0.34433966875076294,0.6770788431167603,-0.027153020724654198,0,0
72,LEFT_PINKY,0.3732394576072693,0.6690766215324402,-0.22458533942699432,0,0
72,RIGHT_PINKY,0.3454968333244324,0.6957885026931763,-0.044477757066488266,0,0
72,LEFT_INDEX,0.37078145146369934,0.6603667140007019,-0.22889383137226105,0,0
72,RIGHT_INDEX,0.34808436036109924,0.6899420022964478,-0.0594952218234539,0,0
72,LEFT_THUMB,0.3718101680278778,0.6548702716827393,-0.2024712860584259,0,0
72,RIGHT_THUMB,0.34866076707839966,0.6829010844230652,-0.03576164320111275,0,0
72,LEFT_HIP,0.3990105092525482,0.6997068524360657,-0.04198544844985008,0,0
72,RIGHT_HIP,0.36944976449012756,0.7004826664924622,0.041929252445697784,0,0
72,LEFT_KNEE,0.42295899987220764,0.7919676899909973,-0.06990175694227219,0,0
72,RIGHT_KNEE,0.3375140428543091,0.7742232084274292,-0.0043663461692631245,0,0
72,LEFT_ANKLE,0.4416234791278839,0.8782574534416199,0.010896616615355015,0,0
72,RIGHT_ANKLE,0.3307946026325226,0.8740254640579224,0.08144669234752655,0,0
72,LEFT_HEEL,0.44414424896240234,0.8860071897506714,0.013166949152946472,0,0
72,RIGHT_HEEL,0.33814045786857605,0.8964890837669373,0.08650181442499161,0,0
72,LEFT_FOOT_INDEX,0.4360242784023285,0.9219428300857544,-0.06895648688077927,0,0
72,RIGHT_FOOT_INDEX,0.30373841524124146,0.8921657800674438,0.037130292505025864,0,0
