frame_number,landmark,x,y,z,action,label
0,NOSE,0.4750552773475647,0.5084940791130066,-0.13549169898033142,[],0
0,LEFT_EYE_INNER,0.4779391288757324,0.49666184186935425,-0.14099974930286407,[],0
0,LEFT_EYE,0.4798286259174347,0.4960480332374573,-0.1410372108221054,[],0
0,LEFT_EYE_OUTER,0.4820115864276886,0.4953479766845703,-0.14106819033622742,[],0
0,RIGHT_EYE_INNER,0.4751947522163391,0.49747562408447266,-0.12282171100378036,[],0
0,RIGHT_EYE,0.4749842882156372,0.4974408745765686,-0.12283173948526382,[],0
0,RIGHT_EYE_OUTER,0.47477978467941284,0.4974173605442047,-0.1228385865688324,[],0
0,LEFT_EAR,0.4907309114933014,0.49842405319213867,-0.1365298330783844,[],0
0,RIGHT_EAR,0.4823724925518036,0.4994770884513855,-0.05451209098100662,[],0
0,MOUTH_LEFT,0.4808402955532074,0.5195459127426147,-0.13168254494667053,[],0
0,MOUTH_RIGHT,0.4774151146411896,0.519839346408844,-0.1079319417476654,[],0
0,LEFT_SHOULDER,0.503487229347229,0.5599797368049622,-0.16932660341262817,[],0
0,RIGHT_SHOULDER,0.4920739531517029,0.5553079843521118,0.04193686321377754,[],0
0,LEFT_ELBOW,0.48987600207328796,0.6304746866226196,-0.18629612028598785,[],0
0,RIGHT_ELBOW,0.4797928035259247,0.61895751953125,0.10747313499450684,[],0
0,LEFT_WRIST,0.4544910788536072,0.6460973024368286,-0.1762106865644455,[],0
0,RIGHT_WRIST,0.45299088954925537,0.64397132396698,0.07274135202169418,[],0
0,LEFT_PINKY,0.44616663455963135,0.6547325253486633,-0.19757041335105896,[],0
0,RIGHT_PINKY,0.4442592263221741,0.6521071195602417,0.07036221027374268,[],0
0,LEFT_INDEX,0.44368666410446167,0.645656943321228,-0.19840404391288757,[],0
0,RIGHT_INDEX,0.4432309567928314,0.6478813886642456,0.050984080880880356,[],0
0,LEFT_THUMB,0.4464193284511566,0.6434158086776733,-0.17522111535072327,[],0
0,RIGHT_THUMB,0.4461844265460968,0.6461224555969238,0.06308829039335251,[],0
0,LEFT_HIP,0.5229159593582153,0.6936251521110535,-0.0686914250254631,[],0
0,RIGHT_HIP,0.5099663734436035,0.6852045059204102,0.06865475326776505,[],0
0,LEFT_KNEE,0.5167640447616577,0.7896355390548706,-0.04735257104039192,[],0
0,RIGHT_KNEE,0.5046082139015198,0.767976701259613,0.1880469173192978,[],0
0,LEFT_ANKLE,0.5393649935722351,0.8898204565048218,-0.010841045528650284,[],0
0,RIGHT_ANKLE,0.5272415280342102,0.8471458554267883,0.31421348452568054,[],0
0,LEFT_HEEL,0.5506564974784851,0.9073151350021362,-0.009369874373078346,[],0
0,RIGHT_HEEL,0.5315618515014648,0.8592746257781982,0.3256615698337555,[],0
0,LEFT_FOOT_INDEX,0.5218546986579895,0.9318602085113525,-0.06245393678545952,[],0
0,RIGHT_FOOT_INDEX,0.5051731467247009,0.8680678606033325,0.31349653005599976,[],0
1,NOSE,0.4776093661785126,0.5079122185707092,-0.15842652320861816,0,0
1,LEFT_EYE_INNER,0.480306476354599,0.49644672870635986,-0.16187600791454315,0,0
1,LEFT_EYE,0.48211848735809326,0.49588119983673096,-0.16193097829818726,0,0
1,LEFT_EYE_OUTER,0.4842451214790344,0.4952453672885895,-0.16198007762432098,0,0
1,RIGHT_EYE_INNER,0.4777182638645172,0.4971613585948944,-0.14521130919456482,0,0
1,RIGHT_EYE,0.4774588346481323,0.4971201717853546,-0.14522644877433777,0,0
1,RIGHT_EYE_OUTER,0.4771996736526489,0.49707749485969543,-0.14525337517261505,0,0
1,LEFT_EAR,0.49289795756340027,0.49842461943626404,-0.14643190801143646,0,0
1,RIGHT_EAR,0.4839523136615753,0.4993491768836975,-0.07103865593671799,0,0
1,MOUTH_LEFT,0.4828403890132904,0.5190958380699158,-0.1502586305141449,0,0
1,MOUTH_RIGHT,0.47966641187667847,0.5191370248794556,-0.12856967747211456,0,0
1,LEFT_SHOULDER,0.5058543086051941,0.5608763098716736,-0.17416729032993317,0,0
1,RIGHT_SHOULDER,0.49176380038261414,0.5543564558029175,0.029255609959363937,0,0
1,LEFT_ELBOW,0.487095445394516,0.6303913593292236,-0.1934642344713211,0,0
1,RIGHT_ELBOW,0.4797435998916626,0.6181141138076782,0.07763687521219254,0,0
1,LEFT_WRIST,0.4509620666503906,0.6348177194595337,-0.19353632628917694,0,0
1,RIGHT_WRIST,0.45351555943489075,0.643316924571991,0.011351142078638077,0,0
1,LEFT_PINKY,0.4400537610054016,0.6370089054107666,-0.2176007628440857,0,0
1,RIGHT_PINKY,0.44621217250823975,0.6524962782859802,0.0020914338529109955,0,0
1,LEFT_INDEX,0.43759649991989136,0.6276447772979736,-0.218623086810112,0,0
1,RIGHT_INDEX,0.4453272223472595,0.6480600237846375,-0.017746243625879288,0,0
1,LEFT_THUMB,0.44157692790031433,0.6273135542869568,-0.19287501275539398,0,0
1,RIGHT_THUMB,0.44799596071243286,0.6461228132247925,0.0005968237528577447,0,0
1,LEFT_HIP,0.5233601331710815,0.6947659850120544,-0.06774511188268661,0,0
1,RIGHT_HIP,0.5097157955169678,0.6855213046073914,0.06770812720060349,0,0
1,LEFT_KNEE,0.5176025629043579,0.790134608745575,-0.032014261931180954,0,0
1,RIGHT_KNEE,0.5046125054359436,0.768155574798584,0.1899159699678421,0,0
1,LEFT_ANKLE,0.5395234823226929,0.8899182677268982,0.035504356026649475,0,0
1,RIGHT_ANKLE,0.5269085764884949,0.8469165563583374,0.33956989645957947,0,0
1,LEFT_HEEL,0.5506211519241333,0.9073361158370972,0.039902281016111374,0,0
1,RIGHT_HEEL,0.5315279960632324,0.8582534790039062,0.35353177785873413,0,0
1,LEFT_FOOT_INDEX,0.5218546390533447,0.9311255216598511,-0.015134698711335659,0,0
1,RIGHT_FOOT_INDEX,0.5046675205230713,0.86781245470047,0.33495697379112244,0,0
2,NOSE,0.4791296720504761,0.5071670413017273,-0.16457907855510712,0,0
2,LEFT_EYE_INNER,0.4818877577781677,0.496017724275589,-0.16822098195552826,0,0
2,LEFT_EYE,0.4837200343608856,0.49548232555389404,-0.16827288269996643,0,0
2,LEFT_EYE_OUTER,0.4858635365962982,0.49490323662757874,-0.16832230985164642,0,0
2,RIGHT_EYE_INNER,0.47923579812049866,0.49659740924835205,-0.15136046707630157,0,0
2,RIGHT_EYE,0.4789522886276245,0.4965043365955353,-0.15137621760368347,0,0
2,RIGHT_EYE_OUTER,0.4786853790283203,0.49637869000434875,-0.15140695869922638,0,0
2,LEFT_EAR,0.49486106634140015,0.4981982111930847,-0.15154126286506653,0,0
2,RIGHT_EAR,0.48524370789527893,0.49871957302093506,-0.07534627616405487,0,0
2,MOUTH_LEFT,0.4843668043613434,0.518832266330719,-0.15589872002601624,0,0
2,MOUTH_RIGHT,0.4811548888683319,0.5185056924819946,-0.13389308750629425,0,0
2,LEFT_SHOULDER,0.5086532235145569,0.5602134466171265,-0.17620675265789032,0,0
2,RIGHT_SHOULDER,0.4917524456977844,0.5507281422615051,0.026374833658337593,0,0
2,LEFT_ELBOW,0.4869087338447571,0.6281001567840576,-0.19440387189388275,0,0
2,RIGHT_ELBOW,0.4796803891658783,0.6143715977668762,0.07950687408447266,0,0
2,LEFT_WRIST,0.45044583082199097,0.6280879974365234,-0.1953250765800476,0,0
2,RIGHT_WRIST,0.45271414518356323,0.6375545859336853,0.019192613661289215,0,0
2,LEFT_PINKY,0.4397013485431671,0.6283185482025146,-0.2196311354637146,0,0
2,RIGHT_PINKY,0.44577503204345703,0.6431649327278137,0.011000958271324635,0,0
2,LEFT_INDEX,0.43762174248695374,0.6188713312149048,-0.22114062309265137,0,0
2,RIGHT_INDEX,0.4451637864112854,0.6400566101074219,-0.009994667023420334,0,0
2,LEFT_THUMB,0.44169241189956665,0.6197525858879089,-0.1948963850736618,0,0
2,RIGHT_THUMB,0.4478877782821655,0.6385109424591064,0.008135928772389889,0,0
2,LEFT_HIP,0.525482714176178,0.6929126381874084,-0.0670340433716774,0,0
2,RIGHT_HIP,0.5099835395812988,0.6845002770423889,0.06700994819402695,0,0
2,LEFT_KNEE,0.5189176797866821,0.7899671792984009,-0.03971221670508385,0,0
2,RIGHT_KNEE,0.5050477385520935,0.7681535482406616,0.1875438392162323,0,0
2,LEFT_ANKLE,0.5396109223365784,0.889954149723053,0.014164036139845848,0,0
2,RIGHT_ANKLE,0.5266324877738953,0.8470756411552429,0.3309839963912964,0,0
2,LEFT_HEEL,0.5505799651145935,0.9073198437690735,0.016934441402554512,0,0
2,RIGHT_HEEL,0.5311712026596069,0.858267068862915,0.34392276406288147,0,0
2,LEFT_FOOT_INDEX,0.5219710469245911,0.9309378862380981,-0.036485351622104645,0,0
2,RIGHT_FOOT_INDEX,0.5040308833122253,0.8675979971885681,0.32806679606437683,0,0
3,NOSE,0.48095473647117615,0.5040175914764404,-0.16877248883247375,0,0
3,LEFT_EYE_INNER,0.4839770495891571,0.49320006370544434,-0.17271719872951508,0,0
3,LEFT_EYE,0.48572269082069397,0.49265921115875244,-0.17276671528816223,0,0
3,LEFT_EYE_OUTER,0.48778825998306274,0.4920811951160431,-0.17280921339988708,0,0
3,RIGHT_EYE_INNER,0.48131629824638367,0.4933985471725464,-0.155532106757164,0,0
3,RIGHT_EYE,0.4810257852077484,0.493180513381958,-0.15554508566856384,0,0
3,RIGHT_EYE_OUTER,0.48077312111854553,0.49292925000190735,-0.1555703580379486,0,0
3,LEFT_EAR,0.4964505434036255,0.4950724244117737,-0.1564599871635437,0,0
3,RIGHT_EAR,0.4876112937927246,0.49541202187538147,-0.07839323580265045,0,0
3,MOUTH_LEFT,0.48621758818626404,0.5164892077445984,-0.1602194905281067,0,0
3,MOUTH_RIGHT,0.48307523131370544,0.5157927870750427,-0.13764530420303345,0,0
3,LEFT_SHOULDER,0.5110458731651306,0.5546680688858032,-0.1803250014781952,0,0
3,RIGHT_SHOULDER,0.49227485060691833,0.5468069314956665,0.023866184055805206,0,0
3,LEFT_ELBOW,0.48710495233535767,0.6210604310035706,-0.20153769850730896,0,0
3,RIGHT_ELBOW,0.47970834374427795,0.6128386855125427,0.07622597366571426,0,0
3,LEFT_WRIST,0.4505876898765564,0.6166680455207825,-0.20723944902420044,0,0
3,RIGHT_WRIST,0.45255663990974426,0.6356497406959534,0.008093131706118584,0,0
3,LEFT_PINKY,0.4401204288005829,0.6144223213195801,-0.23300035297870636,0,0
3,RIGHT_PINKY,0.44571658968925476,0.6395369172096252,-0.0012744424166157842,0,0
3,LEFT_INDEX,0.43810704350471497,0.6047592759132385,-0.23375478386878967,0,0
3,RIGHT_INDEX,0.4451143443584442,0.6339612603187561,-0.023091934621334076,0,0
3,LEFT_THUMB,0.4420008659362793,0.605984628200531,-0.2066643387079239,0,0
3,RIGHT_THUMB,0.4477994740009308,0.6333073377609253,-0.003480372251942754,0,0
3,LEFT_HIP,0.5270331501960754,0.6882357597351074,-0.06707983464002609,0,0
3,RIGHT_HIP,0.5105631947517395,0.6807621121406555,0.06705280393362045,0,0
3,LEFT_KNEE,0.5204501748085022,0.7895333170890808,-0.055064957588911057,0,0
3,RIGHT_KNEE,0.5051648616790771,0.7649452090263367,0.19096022844314575,0,0
3,LEFT_ANKLE,0.5396553874015808,0.8904663920402527,-0.0018812400521710515,0,0
3,RIGHT_ANKLE,0.5259803533554077,0.8463488817214966,0.33986857533454895,0,0
3,LEFT_HEEL,0.5504304766654968,0.9072993397712708,0.0005817881319671869,0,0
3,RIGHT_HEEL,0.5302743315696716,0.8581564426422119,0.35328778624534607,0,0
3,LEFT_FOOT_INDEX,0.5219950675964355,0.9309431910514832,-0.06297861039638519,0,0
3,RIGHT_FOOT_INDEX,0.5038548111915588,0.8674585223197937,0.3322625160217285,0,0
4,NOSE,0.4816529154777527,0.5030524730682373,-0.166532963514328,0,0
4,LEFT_EYE_INNER,0.48465028405189514,0.49189841747283936,-0.16961951553821564,0,0
4,LEFT_EYE,0.48642823100090027,0.49135521054267883,-0.169670969247818,0,0
4,LEFT_EYE_OUTER,0.48847511410713196,0.4907934069633484,-0.1697116643190384,0,0
4,RIGHT_EYE_INNER,0.4818587899208069,0.4922240674495697,-0.15267793834209442,0,0
4,RIGHT_EYE,0.48151853680610657,0.49203023314476013,-0.1526896208524704,0,0
4,RIGHT_EYE_OUTER,0.48122796416282654,0.4918185770511627,-0.15270958840847015,0,0
4,LEFT_EAR,0.49714499711990356,0.49373236298561096,-0.15281841158866882,0,0
4,RIGHT_EAR,0.4880315661430359,0.4942184388637543,-0.07535869628190994,0,0
4,MOUTH_LEFT,0.48690319061279297,0.5153243541717529,-0.15792284905910492,0,0
4,MOUTH_RIGHT,0.48367902636528015,0.5147737264633179,-0.1356232613325119,0,0
4,LEFT_SHOULDER,0.5132416486740112,0.5516924262046814,-0.1786450296640396,0,0
4,RIGHT_SHOULDER,0.4923863112926483,0.5454503297805786,0.023895492777228355,0,0
4,LEFT_ELBOW,0.48972681164741516,0.6183640360832214,-0.20670245587825775,0,0
4,RIGHT_ELBOW,0.4797237813472748,0.6121460795402527,0.07083446532487869,0,0
4,LEFT_WRIST,0.4508213400840759,0.6146136522293091,-0.22070735692977905,0,0
4,RIGHT_WRIST,0.4521152079105377,0.6349965929985046,-0.002295453567057848,0,0
4,LEFT_PINKY,0.44044846296310425,0.6128299832344055,-0.24791060388088226,0,0
4,RIGHT_PINKY,0.4455297291278839,0.6380468010902405,-0.012926734052598476,0,0
4,LEFT_INDEX,0.43835511803627014,0.603476345539093,-0.24824967980384827,0,0
4,RIGHT_INDEX,0.44464996457099915,0.6322180032730103,-0.0342385359108448,0,0
4,LEFT_THUMB,0.4421480596065521,0.6046892404556274,-0.22026865184307098,0,0
4,RIGHT_THUMB,0.4470745325088501,0.6315073370933533,-0.013934471644461155,0,0
4,LEFT_HIP,0.5280752182006836,0.6870207786560059,-0.06687425076961517,0,0
4,RIGHT_HIP,0.5108324289321899,0.6799823641777039,0.06684968620538712,0,0
4,LEFT_KNEE,0.5210407376289368,0.7893651127815247,-0.06240975484251976,0,0
4,RIGHT_KNEE,0.5051617622375488,0.7635593414306641,0.18557968735694885,0,0
4,LEFT_ANKLE,0.5397789478302002,0.8909116983413696,-0.010373438708484173,0,0
4,RIGHT_ANKLE,0.5255605578422546,0.8456589579582214,0.3334067463874817,0,0
4,LEFT_HEEL,0.5503720045089722,0.9072990417480469,-0.007961864583194256,0,0
4,RIGHT_HEEL,0.5298565626144409,0.8580115437507629,0.34634485840797424,0,0
4,LEFT_FOOT_INDEX,0.5220534205436707,0.9309473037719727,-0.07180633395910263,0,0
4,RIGHT_FOOT_INDEX,0.5037635564804077,0.8674049377441406,0.3318207561969757,0,0
5,NOSE,0.48305362462997437,0.5007556080818176,-0.1737804412841797,0,0
5,LEFT_EYE_INNER,0.4864238202571869,0.4895154535770416,-0.17455428838729858,0,0
5,LEFT_EYE,0.4883583188056946,0.48895275592803955,-0.17460088431835175,0,0
5,LEFT_EYE_OUTER,0.4906109571456909,0.48838353157043457,-0.17464013397693634,0,0
5,RIGHT_EYE_INNER,0.4831487536430359,0.4898824691772461,-0.15905876457691193,0,0
5,RIGHT_EYE,0.4826447665691376,0.4897107183933258,-0.1590777188539505,0,0
5,RIGHT_EYE_OUTER,0.48220863938331604,0.489528626203537,-0.15909400582313538,0,0
5,LEFT_EAR,0.49851906299591064,0.4916975796222687,-0.15051957964897156,0,0
5,RIGHT_EAR,0.4883520305156708,0.49205729365348816,-0.07693454623222351,0,0
5,MOUTH_LEFT,0.48844245076179504,0.5135738253593445,-0.161563903093338,0,0
5,MOUTH_RIGHT,0.48469671607017517,0.512660562992096,-0.1412472277879715,0,0
5,LEFT_SHOULDER,0.5143077373504639,0.5480273365974426,-0.17149974405765533,0,0
5,RIGHT_SHOULDER,0.492383748292923,0.542334258556366,0.02291400358080864,0,0
5,LEFT_ELBOW,0.4896998107433319,0.6129668354988098,-0.203532874584198,0,0
5,RIGHT_ELBOW,0.4802989065647125,0.6099425554275513,0.05173496529459953,0,0
5,LEFT_WRIST,0.4507931172847748,0.6078479886054993,-0.20721490681171417,0,0
5,RIGHT_WRIST,0.45282381772994995,0.6299026012420654,-0.04657839238643646,0,0
5,LEFT_PINKY,0.44027772545814514,0.6056872606277466,-0.231825053691864,0,0
5,RIGHT_PINKY,0.4466215968132019,0.6330991387367249,-0.060352426022291183,0,0
5,LEFT_INDEX,0.4384617805480957,0.5961652994155884,-0.23238052427768707,0,0
5,RIGHT_INDEX,0.4452734887599945,0.6259452700614929,-0.07948664575815201,0,0
5,LEFT_THUMB,0.44220834970474243,0.5973647236824036,-0.20653735101222992,0,0
5,RIGHT_THUMB,0.4475274980068207,0.6250844597816467,-0.05794837325811386,0,0
5,LEFT_HIP,0.5304558873176575,0.6839256286621094,-0.06330744922161102,0,0
5,RIGHT_HIP,0.511544406414032,0.6784806847572327,0.06329970061779022,0,0
5,LEFT_KNEE,0.5232524275779724,0.7854463458061218,-0.08244310319423676,0,0
5,RIGHT_KNEE,0.5051559209823608,0.760695219039917,0.14511653780937195,0,0
5,LEFT_ANKLE,0.5397088527679443,0.8900054097175598,-0.038380224257707596,0,0
5,RIGHT_ANKLE,0.5254611372947693,0.843170702457428,0.2838864326477051,0,0
5,LEFT_HEEL,0.5496090650558472,0.9052296280860901,-0.03699253126978874,0,0
5,RIGHT_HEEL,0.5301684141159058,0.8562421798706055,0.295584112405777,0,0
5,LEFT_FOOT_INDEX,0.5221627950668335,0.9309511780738831,-0.10146668553352356,0,0
5,RIGHT_FOOT_INDEX,0.5044823884963989,0.8673633933067322,0.2708185911178589,0,0
6,NOSE,0.48361456394195557,0.49484965205192566,-0.1708083152770996,0,0
6,LEFT_EYE_INNER,0.48704174160957336,0.4842144548892975,-0.16851207613945007,0,0
6,LEFT_EYE,0.4889368712902069,0.4836213290691376,-0.16852539777755737,0,0
6,LEFT_EYE_OUTER,0.4911649525165558,0.4829730689525604,-0.16851910948753357,0,0
6,RIGHT_EYE_INNER,0.48398149013519287,0.48451194167137146,-0.15407146513462067,0,0
6,RIGHT_EYE,0.4835869371891022,0.48432475328445435,-0.1541149616241455,0,0
6,RIGHT_EYE_OUTER,0.4832567572593689,0.48415544629096985,-0.15416555106639862,0,0
6,LEFT_EAR,0.49918121099472046,0.4857175052165985,-0.14079007506370544,0,0
6,RIGHT_EAR,0.48953285813331604,0.48670491576194763,-0.06663688272237778,0,0
6,MOUTH_LEFT,0.48922231793403625,0.5072640180587769,-0.15376095473766327,0,0
6,MOUTH_RIGHT,0.485662043094635,0.5060142874717712,-0.13395516574382782,0,0
6,LEFT_SHOULDER,0.5162079930305481,0.5412949323654175,-0.1599036604166031,0,0
6,RIGHT_SHOULDER,0.49238094687461853,0.5355472564697266,0.027375582605600357,0,0
6,LEFT_ELBOW,0.49128812551498413,0.6080280542373657,-0.19155672192573547,0,0
6,RIGHT_ELBOW,0.48050978779792786,0.595895528793335,0.055712178349494934,0,0
6,LEFT_WRIST,0.45182985067367554,0.5998628735542297,-0.2003321498632431,0,0
6,RIGHT_WRIST,0.4528385102748871,0.6129648685455322,-0.045868102461099625,0,0
6,LEFT_PINKY,0.4409523904323578,0.5988025069236755,-0.22166010737419128,0,0
6,RIGHT_PINKY,0.4465109705924988,0.6187395453453064,-0.05894378572702408,0,0
6,LEFT_INDEX,0.43985655903816223,0.586749255657196,-0.22016160190105438,0,0
6,RIGHT_INDEX,0.4452133774757385,0.6082808375358582,-0.07770473510026932,0,0
6,LEFT_THUMB,0.4434771239757538,0.5877437591552734,-0.19846269488334656,0,0
6,RIGHT_THUMB,0.4474983513355255,0.6087838411331177,-0.05723709240555763,0,0
6,LEFT_HIP,0.5329991579055786,0.6768792271614075,-0.06130896136164665,0,0
6,RIGHT_HIP,0.5120944380760193,0.6732295155525208,0.061289362609386444,0,0
6,LEFT_KNEE,0.5265793800354004,0.7804616093635559,-0.09417135268449783,0,0
6,RIGHT_KNEE,0.5047369003295898,0.7577005624771118,0.1147969588637352,0,0
6,LEFT_ANKLE,0.5395576357841492,0.8869673609733582,-0.055310364812612534,0,0
6,RIGHT_ANKLE,0.5244222283363342,0.839300274848938,0.2600058913230896,0,0
6,LEFT_HEEL,0.5487390160560608,0.902282178401947,-0.05470104515552521,0,0
6,RIGHT_HEEL,0.5301523804664612,0.8527376055717468,0.2723374664783478,0,0
6,LEFT_FOOT_INDEX,0.5223249793052673,0.9314508438110352,-0.12001192569732666,0,0
6,RIGHT_FOOT_INDEX,0.5048231482505798,0.867382287979126,0.2510429322719574,0,0
7,NOSE,0.48511484265327454,0.49054422974586487,-0.1642673760652542,0,0
7,LEFT_EYE_INNER,0.48938602209091187,0.48006054759025574,-0.16521696746349335,0,0
7,LEFT_EYE,0.49169760942459106,0.479554682970047,-0.16524697840213776,0,0
7,LEFT_EYE_OUTER,0.49392786622047424,0.4792599678039551,-0.16526302695274353,0,0
7,RIGHT_EYE_INNER,0.4853925108909607,0.480459988117218,-0.1494453251361847,0,0
7,RIGHT_EYE,0.4846801459789276,0.4802990257740021,-0.1494748890399933,0,0
7,RIGHT_EYE_OUTER,0.4840649366378784,0.48012757301330566,-0.1495075523853302,0,0
7,LEFT_EAR,0.5013047456741333,0.482930451631546,-0.13694429397583008,0,0
7,RIGHT_EAR,0.49013736844062805,0.4827374517917633,-0.06677999347448349,0,0
7,MOUTH_LEFT,0.49098384380340576,0.5027590990066528,-0.15219300985336304,0,0
7,MOUTH_RIGHT,0.48640167713165283,0.5014435052871704,-0.13125838339328766,0,0
7,LEFT_SHOULDER,0.5183619856834412,0.5363039374351501,-0.15709656476974487,0,0
7,RIGHT_SHOULDER,0.49231192469596863,0.53014075756073,0.027067013084888458,0,0
7,LEFT_ELBOW,0.4921402931213379,0.6024141311645508,-0.18801064789295197,0,0
7,RIGHT_ELBOW,0.4807208776473999,0.592879056930542,0.027619987726211548,0,0
7,LEFT_WRIST,0.4532734453678131,0.5919550061225891,-0.18805895745754242,0,0
7,RIGHT_WRIST,0.4560431241989136,0.6096386909484863,-0.0975969210267067,0,0
7,LEFT_PINKY,0.44191083312034607,0.5893975496292114,-0.20765219628810883,0,0
7,RIGHT_PINKY,0.44868534803390503,0.6162801384925842,-0.11441484093666077,0,0
7,LEFT_INDEX,0.44127634167671204,0.5772032141685486,-0.20613466203212738,0,0
7,RIGHT_INDEX,0.44707685708999634,0.6048673987388611,-0.12904709577560425,0,0
7,LEFT_THUMB,0.4447261393070221,0.5776481032371521,-0.18592199683189392,0,0
7,RIGHT_THUMB,0.4518234431743622,0.6087737679481506,-0.10781502723693848,0,0
7,LEFT_HIP,0.5352174639701843,0.6723522543907166,-0.05954895541071892,0,0
7,RIGHT_HIP,0.5128443837165833,0.6692960858345032,0.0595112107694149,0,0
7,LEFT_KNEE,0.5300998091697693,0.7757201790809631,-0.09179078042507172,0,0
7,RIGHT_KNEE,0.5048614740371704,0.7550110220909119,0.10933327674865723,0,0
7,LEFT_ANKLE,0.539609968662262,0.8812747001647949,-0.049399860203266144,0,0
7,RIGHT_ANKLE,0.5241786241531372,0.8383151292800903,0.25015789270401,0,0
7,LEFT_HEEL,0.5487123131752014,0.898003339767456,-0.04865286871790886,0,0
7,RIGHT_HEEL,0.530223548412323,0.8515883088111877,0.2616191804409027,0,0
7,LEFT_FOOT_INDEX,0.5223249793052673,0.9297025203704834,-0.11588810384273529,0,0
7,RIGHT_FOOT_INDEX,0.5065661072731018,0.8713214993476868,0.2342180609703064,0,0
8,NOSE,0.4867393374443054,0.4919557273387909,-0.16715197265148163,0,0
8,LEFT_EYE_INNER,0.49079805612564087,0.4809136986732483,-0.16831859946250916,0,0
8,LEFT_EYE,0.4932040870189667,0.4802451729774475,-0.1683385670185089,0,0
8,LEFT_EYE_OUTER,0.4954821765422821,0.47976601123809814,-0.16835691034793854,0,0
8,RIGHT_EYE_INNER,0.48626282811164856,0.481646329164505,-0.15371173620224,0,0
8,RIGHT_EYE,0.4853552281856537,0.48150187730789185,-0.1537468433380127,0,0
8,RIGHT_EYE_OUTER,0.4845324158668518,0.4813218414783478,-0.1537756323814392,0,0
8,LEFT_EAR,0.5026273131370544,0.48248568177223206,-0.1378202587366104,0,0
8,RIGHT_EAR,0.4903779923915863,0.48308196663856506,-0.07476511597633362,0,0
8,MOUTH_LEFT,0.4926106035709381,0.5028094053268433,-0.15510252118110657,0,0
8,MOUTH_RIGHT,0.4876466691493988,0.5025683045387268,-0.13601216673851013,0,0
8,LEFT_SHOULDER,0.521337628364563,0.5321030616760254,-0.15895846486091614,0,0
8,RIGHT_SHOULDER,0.49175360798835754,0.5294672250747681,0.014578633941709995,0,0
8,LEFT_ELBOW,0.495276540517807,0.5987398624420166,-0.18873590230941772,0,0
8,RIGHT_ELBOW,0.4814056158065796,0.5950384140014648,0.0050462414510548115,0,0
8,LEFT_WRIST,0.4556249678134918,0.5888568162918091,-0.18884147703647614,0,0
8,RIGHT_WRIST,0.4571087956428528,0.610331654548645,-0.12861135601997375,0,0
8,LEFT_PINKY,0.44370290637016296,0.5844438076019287,-0.20952653884887695,0,0
8,RIGHT_PINKY,0.4493268132209778,0.6176995635032654,-0.14781971275806427,0,0
8,LEFT_INDEX,0.44323912262916565,0.5744475722312927,-0.20889632403850555,0,0
8,RIGHT_INDEX,0.44829073548316956,0.6074602007865906,-0.1622578501701355,0,0
8,LEFT_THUMB,0.44646942615509033,0.5749803781509399,-0.18709850311279297,0,0
8,RIGHT_THUMB,0.4523601531982422,0.6071348190307617,-0.13894811272621155,0,0
8,LEFT_HIP,0.5372589826583862,0.6666535139083862,-0.05694136768579483,0,0
8,RIGHT_HIP,0.5132033824920654,0.6662667393684387,0.05689762160181999,0,0
8,LEFT_KNEE,0.5349182486534119,0.7697955369949341,-0.09252168238162994,0,0
8,RIGHT_KNEE,0.5069916844367981,0.7552731037139893,0.13298459351062775,0,0
8,LEFT_ANKLE,0.5420962572097778,0.8795350193977356,-0.06250668317079544,0,0
8,RIGHT_ANKLE,0.5245696902275085,0.8400443196296692,0.2701895534992218,0,0
8,LEFT_HEEL,0.5501185655593872,0.8976882100105286,-0.06352409720420837,0,0
8,RIGHT_HEEL,0.5315957069396973,0.8517242074012756,0.2811117172241211,0,0
8,LEFT_FOOT_INDEX,0.5235663056373596,0.9279500842094421,-0.13811275362968445,0,0
8,RIGHT_FOOT_INDEX,0.5080972909927368,0.8771890997886658,0.24951723217964172,0,0
9,NOSE,0.48824185132980347,0.49306923151016235,-0.14788368344306946,0,0
9,LEFT_EYE_INNER,0.49177688360214233,0.48198750615119934,-0.1498597264289856,0,0
9,LEFT_EYE,0.4939902424812317,0.4813978970050812,-0.14987294375896454,0,0
9,LEFT_EYE_OUTER,0.496229350566864,0.480959415435791,-0.14988091588020325,0,0
9,RIGHT_EYE_INNER,0.4876857101917267,0.48265233635902405,-0.13631881773471832,0,0
9,RIGHT_EYE,0.4869130551815033,0.48256462812423706,-0.1363685429096222,0,0
9,RIGHT_EYE_OUTER,0.486189067363739,0.48244526982307434,-0.13641104102134705,0,0
9,LEFT_EAR,0.5038945078849792,0.4839055836200714,-0.12676386535167694,0,0
9,RIGHT_EAR,0.4922354519367218,0.48443806171417236,-0.06579359620809555,0,0
9,MOUTH_LEFT,0.4940946698188782,0.5043367147445679,-0.13769033551216125,0,0
9,MOUTH_RIGHT,0.4893893301486969,0.504119336605072,-0.12014242261648178,0,0
9,LEFT_SHOULDER,0.5240508913993835,0.5349445343017578,-0.14560317993164062,0,0
9,RIGHT_SHOULDER,0.4916689097881317,0.5320236682891846,0.01849522814154625,0,0
9,LEFT_ELBOW,0.49971625208854675,0.5999107956886292,-0.1800137460231781,0,0
9,RIGHT_ELBOW,0.48139387369155884,0.5968048572540283,0.004020503722131252,0,0
9,LEFT_WRIST,0.46088168025016785,0.5915225148200989,-0.1879999190568924,0,0
9,RIGHT_WRIST,0.4567458927631378,0.6143725514411926,-0.13479416072368622,0,0
9,LEFT_PINKY,0.4492296576499939,0.5906662940979004,-0.209608256816864,0,0
9,RIGHT_PINKY,0.4490349590778351,0.6180874705314636,-0.1551084816455841,0,0
9,LEFT_INDEX,0.4483291506767273,0.5792704224586487,-0.20939308404922485,0,0
9,RIGHT_INDEX,0.44807296991348267,0.6097644567489624,-0.17019431293010712,0,0
9,LEFT_THUMB,0.4513833224773407,0.5797849893569946,-0.18671472370624542,0,0
9,RIGHT_THUMB,0.45188435912132263,0.6092918515205383,-0.14557084441184998,0,0
9,LEFT_HIP,0.5388981699943542,0.6677350401878357,-0.055155277252197266,0,0
9,RIGHT_HIP,0.513833224773407,0.6678357124328613,0.05509511008858681,0,0
9,LEFT_KNEE,0.5375025272369385,0.7699984312057495,-0.08911396563053131,0,0
9,RIGHT_KNEE,0.5102236270904541,0.7576406002044678,0.10800400376319885,0,0
9,LEFT_ANKLE,0.5448340773582458,0.8805621266365051,-0.06982224434614182,0,0
9,RIGHT_ANKLE,0.5265819430351257,0.8498489260673523,0.22182779014110565,0,0
9,LEFT_HEEL,0.5516763925552368,0.8984335660934448,-0.07206081598997116,0,0
9,RIGHT_HEEL,0.5337504148483276,0.859393835067749,0.229874849319458,0,0
9,LEFT_FOOT_INDEX,0.5283624529838562,0.927843451499939,-0.14597342908382416,0,0
9,RIGHT_FOOT_INDEX,0.5083590149879456,0.8841118216514587,0.19434420764446259,0,0
10,NOSE,0.48876306414604187,0.49387314915657043,-0.14946267008781433,0,0
10,LEFT_EYE_INNER,0.4921738803386688,0.4828435778617859,-0.15193302929401398,0,0
10,LEFT_EYE,0.49431726336479187,0.4822767376899719,-0.15195180475711823,0,0
10,LEFT_EYE_OUTER,0.49657440185546875,0.4818199872970581,-0.1519651710987091,0,0
10,RIGHT_EYE_INNER,0.48813536763191223,0.48344776034355164,-0.137690469622612,0,0
10,RIGHT_EYE,0.4873903691768646,0.4833836257457733,-0.1377326101064682,0,0
10,RIGHT_EYE_OUTER,0.48668909072875977,0.48328152298927307,-0.1377698928117752,0,0
10,LEFT_EAR,0.5043193697929382,0.48470374941825867,-0.13085360825061798,0,0
10,RIGHT_EAR,0.49262747168540955,0.48532834649086,-0.0664183497428894,0,0
10,MOUTH_LEFT,0.49465838074684143,0.5050601363182068,-0.13976401090621948,0,0
10,MOUTH_RIGHT,0.4899662435054779,0.5050230622291565,-0.12131338566541672,0,0
10,LEFT_SHOULDER,0.5248669981956482,0.5353705883026123,-0.14984676241874695,0,0
10,RIGHT_SHOULDER,0.49165329337120056,0.5335257649421692,0.015945157036185265,0,0
10,LEFT_ELBOW,0.501246452331543,0.6004582047462463,-0.1828206330537796,0,0
10,RIGHT_ELBOW,0.4814393222332001,0.5982556343078613,0.0012638588668778539,0,0
10,LEFT_WRIST,0.46199551224708557,0.5916330814361572,-0.1902361959218979,0,0
10,RIGHT_WRIST,0.4568098783493042,0.6160070300102234,-0.13679374754428864,0,0
10,LEFT_PINKY,0.4502859115600586,0.5905560255050659,-0.21221305429935455,0,0
10,RIGHT_PINKY,0.4492378830909729,0.6187593340873718,-0.1570213884115219,0,0
10,LEFT_INDEX,0.4491773843765259,0.5789427161216736,-0.212080717086792,0,0
10,RIGHT_INDEX,0.4484791159629822,0.610868513584137,-0.17202401161193848,0,0
10,LEFT_THUMB,0.4522564113140106,0.5797679424285889,-0.18910057842731476,0,0
10,RIGHT_THUMB,0.4520339071750641,0.6100117564201355,-0.14755915105342865,0,0
10,LEFT_HIP,0.5390124917030334,0.6683735847473145,-0.05443913862109184,0,0
10,RIGHT_HIP,0.5138123631477356,0.6688115000724792,0.054377973079681396,0,0
10,LEFT_KNEE,0.5377491116523743,0.7710973620414734,-0.08385264873504639,0,0
10,RIGHT_KNEE,0.5119187831878662,0.7602049112319946,0.11825957149267197,0,0
10,LEFT_ANKLE,0.5454955697059631,0.8808800578117371,-0.05513164773583412,0,0
10,RIGHT_ANKLE,0.5273404121398926,0.8521245718002319,0.23824818432331085,0,0
10,LEFT_HEEL,0.5521925687789917,0.8982505202293396,-0.05618385970592499,0,0
10,RIGHT_HEEL,0.5346222519874573,0.8624057173728943,0.24703349173069,0,0
10,LEFT_FOOT_INDEX,0.52943354845047,0.926868736743927,-0.12933781743049622,0,0
10,RIGHT_FOOT_INDEX,0.5086137652397156,0.8861765265464783,0.2109709233045578,0,0
11,NOSE,0.49068111181259155,0.49763381481170654,-0.129821315407753,0,0
11,LEFT_EYE_INNER,0.49374932050704956,0.48703375458717346,-0.13328345119953156,0,0
11,LEFT_EYE,0.4956982433795929,0.4862154424190521,-0.1333049237728119,0,0
11,LEFT_EYE_OUTER,0.49782028794288635,0.48539552092552185,-0.1333157867193222,0,0
11,RIGHT_EYE_INNER,0.4900377094745636,0.48804423213005066,-0.11864783614873886,0,0
11,RIGHT_EYE,0.48933520913124084,0.48791006207466125,-0.11868169158697128,0,0
11,RIGHT_EYE_OUTER,0.48866912722587585,0.4876953065395355,-0.11872301995754242,0,0
11,LEFT_EAR,0.5051224231719971,0.4870166480541229,-0.11625979095697403,0,0
11,RIGHT_EAR,0.49383679032325745,0.48956480622291565,-0.05030160769820213,0,0
11,MOUTH_LEFT,0.4964379668235779,0.506641685962677,-0.12151788175106049,0,0
11,MOUTH_RIGHT,0.4917973279953003,0.5070709586143494,-0.1025657206773758,0,0
11,LEFT_SHOULDER,0.5271356701850891,0.5368990302085876,-0.13396933674812317,0,0
11,RIGHT_SHOULDER,0.49125638604164124,0.5356172323226929,0.02429121546447277,0,0
11,LEFT_ELBOW,0.5033741593360901,0.6018176078796387,-0.16959260404109955,0,0
11,RIGHT_ELBOW,0.4809407889842987,0.6033169031143188,0.009599974378943443,0,0
11,LEFT_WRIST,0.4643848240375519,0.5943058133125305,-0.18107342720031738,0,0
11,RIGHT_WRIST,0.458644837141037,0.6172752380371094,-0.1306992918252945,0,0
11,LEFT_PINKY,0.45268964767456055,0.594162106513977,-0.20242242515087128,0,0
11,RIGHT_PINKY,0.4510129988193512,0.6204266548156738,-0.1517116278409958,0,0
11,LEFT_INDEX,0.45174720883369446,0.5827380418777466,-0.20239953696727753,0,0
11,RIGHT_INDEX,0.450444757938385,0.6116765737533569,-0.16494768857955933,0,0
11,LEFT_THUMB,0.4546453058719635,0.5835286378860474,-0.17995598912239075,0,0
11,RIGHT_THUMB,0.45399942994117737,0.6120729446411133,-0.1408369094133377,0,0
11,LEFT_HIP,0.5390318632125854,0.6687864661216736,-0.05154769495129585,0,0
11,RIGHT_HIP,0.5137506723403931,0.6730591654777527,0.05148942768573761,0,0
11,LEFT_KNEE,0.5402281284332275,0.7725256085395813,-0.08148845285177231,0,0
11,RIGHT_KNEE,0.5129820108413696,0.7648439407348633,0.10416852682828903,0,0
11,LEFT_ANKLE,0.5474287271499634,0.8862035870552063,-0.049862150102853775,0,0
11,RIGHT_ANKLE,0.5280104875564575,0.8539115190505981,0.23349398374557495,0,0
11,LEFT_HEEL,0.553605318069458,0.9009974598884583,-0.05041218921542168,0,0
11,RIGHT_HEEL,0.53529292345047,0.8648415207862854,0.24375508725643158,0,0
11,LEFT_FOOT_INDEX,0.535723865032196,0.9297201037406921,-0.12068594247102737,0,0
11,RIGHT_FOOT_INDEX,0.5084837079048157,0.887119472026825,0.21418550610542297,0,0
12,NOSE,0.4923979341983795,0.5023287534713745,-0.12662473320960999,0,0
12,LEFT_EYE_INNER,0.4962027966976166,0.4909139573574066,-0.12901337444782257,0,0
12,LEFT_EYE,0.4985497295856476,0.4899396002292633,-0.1290368139743805,0,0
12,LEFT_EYE_OUTER,0.5008097290992737,0.48911410570144653,-0.1290455013513565,0,0
12,RIGHT_EYE_INNER,0.49175187945365906,0.4924052059650421,-0.11522969603538513,0,0
12,RIGHT_EYE,0.4908275902271271,0.49234381318092346,-0.11525663733482361,0,0
12,RIGHT_EYE_OUTER,0.4899795651435852,0.4921655058860779,-0.11530002951622009,0,0
12,LEFT_EAR,0.5076915621757507,0.4905882775783539,-0.10982508957386017,0,0
12,RIGHT_EAR,0.49516531825065613,0.493917852640152,-0.04773467034101486,0,0
12,MOUTH_LEFT,0.49887582659721375,0.5108389258384705,-0.11770210415124893,0,0
12,MOUTH_RIGHT,0.49342337250709534,0.5117200613021851,-0.09986917674541473,0,0
12,LEFT_SHOULDER,0.5296241641044617,0.5394066572189331,-0.12679846584796906,0,0
12,RIGHT_SHOULDER,0.49125781655311584,0.540740966796875,0.02499776892364025,0,0
12,LEFT_ELBOW,0.508023202419281,0.6025346517562866,-0.16249188780784607,0,0
12,RIGHT_ELBOW,0.48131802678108215,0.6082896590232849,0.019347863271832466,0,0
12,LEFT_WRIST,0.4677982032299042,0.5963243246078491,-0.17892895638942719,0,0
12,RIGHT_WRIST,0.4605352282524109,0.6320268511772156,-0.10485208034515381,0,0
12,LEFT_PINKY,0.4556041359901428,0.5953588485717773,-0.2001366764307022,0,0
12,RIGHT_PINKY,0.45328041911125183,0.6334406137466431,-0.1237257644534111,0,0
12,LEFT_INDEX,0.45488378405570984,0.5849654674530029,-0.1988014131784439,0,0
12,RIGHT_INDEX,0.45309993624687195,0.6322264671325684,-0.13923737406730652,0,0
12,LEFT_THUMB,0.4577215611934662,0.5855720043182373,-0.17749954760074615,0,0
12,RIGHT_THUMB,0.4561016261577606,0.6269696950912476,-0.11540839076042175,0,0
12,LEFT_HIP,0.5403357148170471,0.6764398813247681,-0.048225145787000656,0,0
12,RIGHT_HIP,0.5139987468719482,0.6815696954727173,0.04815294221043587,0,0
12,LEFT_KNEE,0.5426937341690063,0.77808678150177,-0.08115797489881516,0,0
12,RIGHT_KNEE,0.5138819217681885,0.7713929414749146,0.09622697532176971,0,0
12,LEFT_ANKLE,0.5498769283294678,0.8915742039680481,-0.033113591372966766,0,0
12,RIGHT_ANKLE,0.5281813144683838,0.8532264828681946,0.2504323124885559,0,0
12,LEFT_HEEL,0.5537305474281311,0.9035025835037231,-0.031657055020332336,0,0
12,RIGHT_HEEL,0.5354421138763428,0.864631712436676,0.26230815052986145,0,0
12,LEFT_FOOT_INDEX,0.5452677011489868,0.9330748915672302,-0.09846333414316177,0,0
12,RIGHT_FOOT_INDEX,0.5084051489830017,0.8865585923194885,0.2329796999692917,0,0
13,NOSE,0.4931659698486328,0.5062181949615479,-0.11089479178190231,0,0
13,LEFT_EYE_INNER,0.4969650208950043,0.49467021226882935,-0.1145499050617218,0,0
13,LEFT_EYE,0.4992043375968933,0.4937131106853485,-0.11457002907991409,0,0
13,LEFT_EYE_OUTER,0.5014889240264893,0.4929368793964386,-0.1145671159029007,0,0
13,RIGHT_EYE_INNER,0.49296942353248596,0.49592551589012146,-0.0996648371219635,0,0
13,RIGHT_EYE,0.4922761917114258,0.49574482440948486,-0.09969299286603928,0,0
13,RIGHT_EYE_OUTER,0.491671085357666,0.49545860290527344,-0.09974643588066101,0,0
13,LEFT_EAR,0.5089229345321655,0.49459314346313477,-0.10110588371753693,0,0
13,RIGHT_EAR,0.4974888563156128,0.4968321621417999,-0.03440892696380615,0,0
13,MOUTH_LEFT,0.49979352951049805,0.5152938365936279,-0.1042342260479927,0,0
13,MOUTH_RIGHT,0.49470430612564087,0.515794038772583,-0.08503407984972,0,0
13,LEFT_SHOULDER,0.5324378609657288,0.5426713824272156,-0.11606300622224808,0,0
13,RIGHT_SHOULDER,0.49119722843170166,0.5450356006622314,0.02802964299917221,0,0
13,LEFT_ELBOW,0.5096178650856018,0.6034631133079529,-0.15389879047870636,0,0
13,RIGHT_ELBOW,0.4814763069152832,0.6097306609153748,0.018469851464033127,0,0
13,LEFT_WRIST,0.4711771011352539,0.5976230502128601,-0.16632190346717834,0,0
13,RIGHT_WRIST,0.4633188843727112,0.6415318846702576,-0.11050941050052643,0,0
13,LEFT_PINKY,0.45887988805770874,0.5968616604804993,-0.18595772981643677,0,0
13,RIGHT_PINKY,0.45676755905151367,0.6480556130409241,-0.13189704716205597,0,0
13,LEFT_INDEX,0.4579777717590332,0.5865277051925659,-0.18414068222045898,0,0
13,RIGHT_INDEX,0.45683571696281433,0.6447761058807373,-0.14648883044719696,0,0
13,LEFT_THUMB,0.46112996339797974,0.5869949460029602,-0.16462931036949158,0,0
13,RIGHT_THUMB,0.4596535265445709,0.6414908766746521,-0.12102329730987549,0,0
13,LEFT_HIP,0.5419209599494934,0.6833640336990356,-0.03908556327223778,0,0
13,RIGHT_HIP,0.5139556527137756,0.6869945526123047,0.039014872163534164,0,0
13,LEFT_KNEE,0.5445919036865234,0.786045253276825,-0.08069523423910141,0,0
13,RIGHT_KNEE,0.512993574142456,0.7731643319129944,-0.020987210795283318,0,0
13,LEFT_ANKLE,0.5520395040512085,0.8965762257575989,-0.017043061554431915,0,0
13,RIGHT_ANKLE,0.5283247232437134,0.8533918857574463,0.10008648037910461,0,0
13,LEFT_HEEL,0.5541999936103821,0.9078651070594788,-0.015010003931820393,0,0
13,RIGHT_HEEL,0.5355863571166992,0.8656614422798157,0.10949087142944336,0,0
13,LEFT_FOOT_INDEX,0.5519750714302063,0.9359273314476013,-0.08170117437839508,0,0
13,RIGHT_FOOT_INDEX,0.5088278651237488,0.8869832754135132,0.06769310683012009,0,0
14,NOSE,0.49552157521247864,0.5106726288795471,-0.0959758460521698,0,0
14,LEFT_EYE_INNER,0.49904558062553406,0.4995363652706146,-0.09910447895526886,0,0
14,LEFT_EYE,0.5013114213943481,0.4984970688819885,-0.09912814944982529,0,0
14,LEFT_EYE_OUTER,0.5035315155982971,0.4974794089794159,-0.09912238270044327,0,0
14,RIGHT_EYE_INNER,0.49508434534072876,0.5005323886871338,-0.08464372158050537,0,0
14,RIGHT_EYE,0.4943370521068573,0.5002733469009399,-0.08466454595327377,0,0
14,RIGHT_EYE_OUTER,0.4937067925930023,0.4998781085014343,-0.08471239358186722,0,0
14,LEFT_EAR,0.5110371112823486,0.4976423978805542,-0.08368728309869766,0,0
14,RIGHT_EAR,0.4993939995765686,0.49963921308517456,-0.018751585856080055,0,0
14,MOUTH_LEFT,0.5021341443061829,0.5194903016090393,-0.08862484991550446,0,0
14,MOUTH_RIGHT,0.4971664249897003,0.5201482772827148,-0.06992810219526291,0,0
14,LEFT_SHOULDER,0.5353931188583374,0.5441117286682129,-0.09761500358581543,0,0
14,RIGHT_SHOULDER,0.49212411046028137,0.5489327907562256,0.04189416393637657,0,0
14,LEFT_ELBOW,0.5196362733840942,0.6063246130943298,-0.14530903100967407,0,0
14,RIGHT_ELBOW,0.48528817296028137,0.612471878528595,0.02138931304216385,0,0
14,LEFT_WRIST,0.47880128026008606,0.5978095531463623,-0.1724250167608261,0,0
14,RIGHT_WRIST,0.4678848385810852,0.6440324187278748,-0.10547254979610443,0,0
14,LEFT_PINKY,0.4668411314487457,0.5977533459663391,-0.19290518760681152,0,0
14,RIGHT_PINKY,0.46209749579429626,0.6521562933921814,-0.12719374895095825,0,0
14,LEFT_INDEX,0.4655397832393646,0.5866968631744385,-0.19054251909255981,0,0
14,RIGHT_INDEX,0.46233293414115906,0.6480026245117188,-0.14159367978572845,0,0
14,LEFT_THUMB,0.4692295789718628,0.5874524116516113,-0.17068059742450714,0,0
14,RIGHT_THUMB,0.4645301103591919,0.6446425914764404,-0.11603429913520813,0,0
14,LEFT_HIP,0.5429184436798096,0.6888700723648071,-0.03781895712018013,0,0
14,RIGHT_HIP,0.5143452286720276,0.6900042295455933,0.03777989372611046,0,0
14,LEFT_KNEE,0.5460866093635559,0.7897174954414368,-0.08056359738111496,0,0
14,RIGHT_KNEE,0.5129067301750183,0.7730990648269653,-0.027016974985599518,0,0
14,LEFT_ANKLE,0.5532109141349792,0.8988925814628601,-0.024792008101940155,0,0
14,RIGHT_ANKLE,0.5285872220993042,0.8543375730514526,0.09782294183969498,0,0
14,LEFT_HEEL,0.5548792481422424,0.91110759973526,-0.02361811138689518,0,0
14,RIGHT_HEEL,0.5357934832572937,0.8666125535964966,0.10775737464427948,0,0
14,LEFT_FOOT_INDEX,0.5531781911849976,0.9368444085121155,-0.0904221385717392,0,0
14,RIGHT_FOOT_INDEX,0.5093075037002563,0.8880805373191833,0.06919854134321213,0,0
15,NOSE,0.49629709124565125,0.510560929775238,-0.10155037045478821,0,0
15,LEFT_EYE_INNER,0.5000208616256714,0.4991978406906128,-0.10220027714967728,0,0
15,LEFT_EYE,0.5023220181465149,0.49821609258651733,-0.1022336408495903,0,0
15,LEFT_EYE_OUTER,0.5046895146369934,0.49730122089385986,-0.10223137587308884,0,0
15,RIGHT_EYE_INNER,0.49578943848609924,0.5002272725105286,-0.08958520740270615,0,0
15,RIGHT_EYE,0.4949924349784851,0.5000324249267578,-0.08960707485675812,0,0
15,RIGHT_EYE_OUTER,0.49431028962135315,0.49972003698349,-0.08964891731739044,0,0
15,LEFT_EAR,0.5119258761405945,0.49806806445121765,-0.07759496569633484,0,0
15,RIGHT_EAR,0.49952998757362366,0.500174343585968,-0.0212644524872303,0,0
15,MOUTH_LEFT,0.5028173923492432,0.520031750202179,-0.09116078168153763,0,0
15,MOUTH_RIGHT,0.4976792335510254,0.5206333994865417,-0.07488603889942169,0,0
15,LEFT_SHOULDER,0.5359145998954773,0.544220507144928,-0.09047796577215195,0,0
15,RIGHT_SHOULDER,0.4923141300678253,0.5509841442108154,0.0427195206284523,0,0
15,LEFT_ELBOW,0.5214794278144836,0.6075617074966431,-0.14542797207832336,0,0
15,RIGHT_ELBOW,0.48655205965042114,0.6148425340652466,0.028777528554201126,0,0
15,LEFT_WRIST,0.48058366775512695,0.5980080366134644,-0.18567876517772675,0,0
15,RIGHT_WRIST,0.46871381998062134,0.645983874797821,-0.09765684604644775,0,0
15,LEFT_PINKY,0.4683576226234436,0.5983319878578186,-0.20708607137203217,0,0
15,RIGHT_PINKY,0.4632318317890167,0.6535264253616333,-0.11655940115451813,0,0
15,LEFT_INDEX,0.46679508686065674,0.5868889093399048,-0.2021826058626175,0,0
15,RIGHT_INDEX,0.46305787563323975,0.649300217628479,-0.13191311061382294,0,0
15,LEFT_THUMB,0.470783531665802,0.5877470374107361,-0.18379107117652893,0,0
15,RIGHT_THUMB,0.46525946259498596,0.6464512348175049,-0.10808396339416504,0,0
15,LEFT_HIP,0.5433058142662048,0.689751148223877,-0.03689034283161163,0,0
15,RIGHT_HIP,0.5148659348487854,0.6903440356254578,0.036877311766147614,0,0
15,LEFT_KNEE,0.5462849140167236,0.7908744215965271,-0.08366336673498154,0,0
15,RIGHT_KNEE,0.5118620991706848,0.7723157405853271,-0.05073811858892441,0,0
15,LEFT_ANKLE,0.5535096526145935,0.9014514088630676,-0.04374752938747406,0,0
15,RIGHT_ANKLE,0.5287373661994934,0.8548141121864319,0.05553462728857994,0,0
15,LEFT_HEEL,0.5554528832435608,0.9152928590774536,-0.044380415230989456,0,0
15,RIGHT_HEEL,0.5357568860054016,0.8675137162208557,0.06335031241178513,0,0
15,LEFT_FOOT_INDEX,0.5535500645637512,0.9378232359886169,-0.11400893330574036,0,0
15,RIGHT_FOOT_INDEX,0.5098181366920471,0.8885382413864136,0.02045893296599388,0,0
16,NOSE,0.4969213306903839,0.5108609199523926,-0.09017856419086456,0,0
16,LEFT_EYE_INNER,0.5006165504455566,0.49922141432762146,-0.09282627701759338,0,0
16,LEFT_EYE,0.5028622150421143,0.49820077419281006,-0.09286011010408401,0,0
16,LEFT_EYE_OUTER,0.5053005218505859,0.4972398579120636,-0.09285878390073776,0,0
16,RIGHT_EYE_INNER,0.4964480400085449,0.5002797842025757,-0.07884025573730469,0,0
16,RIGHT_EYE,0.4957037568092346,0.50002521276474,-0.07884950935840607,0,0
16,RIGHT_EYE_OUTER,0.4950502812862396,0.4996623992919922,-0.07889577746391296,0,0
16,LEFT_EAR,0.5129008293151855,0.4977870285511017,-0.07487406581640244,0,0
16,RIGHT_EAR,0.5004830360412598,0.49991580843925476,-0.011841162107884884,0,0
16,MOUTH_LEFT,0.5036163926124573,0.5198384523391724,-0.08169513195753098,0,0
16,MOUTH_RIGHT,0.49861985445022583,0.5206486582756042,-0.06355384737253189,0,0
16,LEFT_SHOULDER,0.5381906032562256,0.5441207885742188,-0.08936680108308792,0,0
16,RIGHT_SHOULDER,0.4926699697971344,0.5504041314125061,0.051238466054201126,0,0
16,LEFT_ELBOW,0.5265677571296692,0.6077566742897034,-0.15090888738632202,0,0
16,RIGHT_ELBOW,0.4895159602165222,0.6140177845954895,0.055394139140844345,0,0
16,LEFT_WRIST,0.48455914855003357,0.5982187390327454,-0.20429491996765137,0,0
16,RIGHT_WRIST,0.47440803050994873,0.6482128500938416,-0.05693421885371208,0,0
16,LEFT_PINKY,0.472537100315094,0.5976667404174805,-0.22588634490966797,0,0
16,RIGHT_PINKY,0.4690185785293579,0.6564930081367493,-0.07502942532300949,0,0
16,LEFT_INDEX,0.47086775302886963,0.5876964926719666,-0.22165313363075256,0,0
16,RIGHT_INDEX,0.46858569979667664,0.6529549360275269,-0.0908844918012619,0,0
16,LEFT_THUMB,0.47457998991012573,0.5884323120117188,-0.20235994458198547,0,0
16,RIGHT_THUMB,0.47064217925071716,0.649406909942627,-0.06747569143772125,0,0
16,LEFT_HIP,0.543545126914978,0.6895793080329895,-0.0382305346429348,0,0
16,RIGHT_HIP,0.5149053931236267,0.6904923319816589,0.03821154311299324,0,0
16,LEFT_KNEE,0.547476589679718,0.792239785194397,-0.0834089145064354,0,0
16,RIGHT_KNEE,0.5113577246665955,0.7721555829048157,-0.04044914245605469,0,0
16,LEFT_ANKLE,0.5539615154266357,0.9016963839530945,-0.038012273609638214,0,0
16,RIGHT_ANKLE,0.5291597247123718,0.8546027541160583,0.08925970643758774,0,0
16,LEFT_HEEL,0.5558351874351501,0.9162445664405823,-0.03789503499865532,0,0
16,RIGHT_HEEL,0.5359926819801331,0.8670475482940674,0.10004046559333801,0,0
16,LEFT_FOOT_INDEX,0.5536780953407288,0.9385344982147217,-0.1049388125538826,0,0
16,RIGHT_FOOT_INDEX,0.5105169415473938,0.8884953260421753,0.06649324297904968,0,0
17,NOSE,0.4975365102291107,0.511596143245697,-0.0840831845998764,0,0
17,LEFT_EYE_INNER,0.5009359121322632,0.4999876320362091,-0.08928992599248886,0,0
17,LEFT_EYE,0.5030921101570129,0.49892374873161316,-0.08931122720241547,0,0
17,LEFT_EYE_OUTER,0.5054985284805298,0.49782031774520874,-0.08930560946464539,0,0
17,RIGHT_EYE_INNER,0.4970646798610687,0.5010531544685364,-0.07344140857458115,0,0
17,RIGHT_EYE,0.4964354336261749,0.5007254481315613,-0.07344458252191544,0,0
17,RIGHT_EYE_OUTER,0.4958517253398895,0.5003104209899902,-0.07349085062742233,0,0
17,LEFT_EAR,0.5134588479995728,0.497718870639801,-0.07874745875597,0,0
17,RIGHT_EAR,0.5015968084335327,0.5000836253166199,-0.0072669368237257,0,0
17,MOUTH_LEFT,0.5044162273406982,0.5205654501914978,-0.07803960889577866,0,0
17,MOUTH_RIGHT,0.4997166693210602,0.5212271809577942,-0.05734950304031372,0,0
17,LEFT_SHOULDER,0.5411060452461243,0.5439218878746033,-0.08755884319543839,0,0
17,RIGHT_SHOULDER,0.49425438046455383,0.5497609376907349,0.053728263825178146,0,0
17,LEFT_ELBOW,0.5304074883460999,0.6083857417106628,-0.14586405456066132,0,0
17,RIGHT_ELBOW,0.49153292179107666,0.6137612462043762,0.06514128297567368,0,0
17,LEFT_WRIST,0.4905698895454407,0.5959951281547546,-0.19941820204257965,0,0
17,RIGHT_WRIST,0.4806397259235382,0.6486493945121765,-0.03830987960100174,0,0
17,LEFT_PINKY,0.47924768924713135,0.5922268629074097,-0.22033341228961945,0,0
17,RIGHT_PINKY,0.4748450219631195,0.6564492583274841,-0.05517159402370453,0,0
17,LEFT_INDEX,0.47830730676651,0.5853298902511597,-0.21724894642829895,0,0
17,RIGHT_INDEX,0.47407302260398865,0.6526010632514954,-0.07019104063510895,0,0
17,LEFT_THUMB,0.4816851317882538,0.5862855315208435,-0.1977718323469162,0,0
17,RIGHT_THUMB,0.47694674134254456,0.6494430899620056,-0.04828176647424698,0,0
17,LEFT_HIP,0.5441104769706726,0.6896415948867798,-0.03756723180413246,0,0
17,RIGHT_HIP,0.5150327086448669,0.6897595524787903,0.037536438554525375,0,0
17,LEFT_KNEE,0.5490293502807617,0.7942236065864563,-0.08122626692056656,0,0
17,RIGHT_KNEE,0.5086049437522888,0.7741010785102844,-0.035697486251592636,0,0
17,LEFT_ANKLE,0.5551404356956482,0.9012129902839661,-0.023069942370057106,0,0
17,RIGHT_ANKLE,0.5290743708610535,0.8523173332214355,0.10615091770887375,0,0
17,LEFT_HEEL,0.5562360882759094,0.91609787940979,-0.02145025134086609,0,0
17,RIGHT_HEEL,0.5358425974845886,0.863723874092102,0.11836706846952438,0,0
17,LEFT_FOOT_INDEX,0.5541797280311584,0.9394318461418152,-0.08932197093963623,0,0
17,RIGHT_FOOT_INDEX,0.5111078023910522,0.8890672326087952,0.08811245113611221,0,0
18,NOSE,0.49858465790748596,0.5121380686759949,-0.07629024982452393,0,0
18,LEFT_EYE_INNER,0.5013588666915894,0.5003910064697266,-0.0810341164469719,0,0
18,LEFT_EYE,0.5034971833229065,0.49913543462753296,-0.0810609683394432,0,0
18,LEFT_EYE_OUTER,0.5058762431144714,0.49790650606155396,-0.081059031188488,0,0
18,RIGHT_EYE_INNER,0.4978744089603424,0.5018146634101868,-0.06548182666301727,0,0
18,RIGHT_EYE,0.49727675318717957,0.5015684366226196,-0.06547898799180984,0,0
18,RIGHT_EYE_OUTER,0.4967387914657593,0.5012401342391968,-0.0655207484960556,0,0
18,LEFT_EAR,0.5143595933914185,0.49745607376098633,-0.06925001740455627,0,0
18,RIGHT_EAR,0.5019543170928955,0.5003176927566528,0.0014834462199360132,0,0
18,MOUTH_LEFT,0.505587100982666,0.5207564830780029,-0.06975017488002777,0,0
18,MOUTH_RIGHT,0.5008970499038696,0.5219050645828247,-0.04936768487095833,0,0
18,LEFT_SHOULDER,0.5436956286430359,0.5420650839805603,-0.07486412674188614,0,0
18,RIGHT_SHOULDER,0.49569272994995117,0.5496001839637756,0.06095515564084053,0,0
18,LEFT_ELBOW,0.5365940928459167,0.6082683205604553,-0.13994330167770386,0,0
18,RIGHT_ELBOW,0.4939458966255188,0.614009439945221,0.07602240145206451,0,0
18,LEFT_WRIST,0.4989699721336365,0.5922915935516357,-0.20228511095046997,0,0
18,RIGHT_WRIST,0.4843280017375946,0.6468753218650818,-0.022789280861616135,0,0
18,LEFT_PINKY,0.4889082610607147,0.5869811177253723,-0.22240719199180603,0,0
18,RIGHT_PINKY,0.47971057891845703,0.6544690132141113,-0.03834773600101471,0,0
18,LEFT_INDEX,0.4878736436367035,0.5792444348335266,-0.21868734061717987,0,0
18,RIGHT_INDEX,0.4793435037136078,0.6504978537559509,-0.05218454450368881,0,0
18,LEFT_THUMB,0.49087485671043396,0.580445408821106,-0.2003755271434784,0,0
18,RIGHT_THUMB,0.48210927844047546,0.6478435397148132,-0.03210504353046417,0,0
18,LEFT_HIP,0.5445396304130554,0.6900216937065125,-0.03280694782733917,0,0
18,RIGHT_HIP,0.5150112509727478,0.6896858215332031,0.032798223197460175,0,0
18,LEFT_KNEE,0.5499276518821716,0.7953420281410217,-0.07196111977100372,0,0
18,RIGHT_KNEE,0.5036661028862,0.7750270366668701,-0.08181877434253693,0,0
18,LEFT_ANKLE,0.5551624894142151,0.9007786512374878,-0.0030258260667324066,0,0
18,RIGHT_ANKLE,0.5270856022834778,0.8486592769622803,0.04822038486599922,0,0
18,LEFT_HEEL,0.5560492873191833,0.9156088829040527,-0.0004748030623886734,0,0
18,RIGHT_HEEL,0.534290075302124,0.8572782874107361,0.05913728103041649,0,0
18,LEFT_FOOT_INDEX,0.5550242066383362,0.9416028261184692,-0.0718495100736618,0,0
18,RIGHT_FOOT_INDEX,0.5111132264137268,0.8889144062995911,0.019916994497179985,0,0
19,NOSE,0.5019034147262573,0.517095685005188,-0.06466793268918991,0,0
19,LEFT_EYE_INNER,0.5038083791732788,0.504269540309906,-0.06888881325721741,0,0
19,LEFT_EYE,0.5056295394897461,0.5028698444366455,-0.06891503930091858,0,0
19,LEFT_EYE_OUTER,0.5075615644454956,0.501308023929596,-0.0689135417342186,0,0
19,RIGHT_EYE_INNER,0.5010671019554138,0.5054047107696533,-0.0539003349840641,0,0
19,RIGHT_EYE,0.500752866268158,0.5049239993095398,-0.05390192195773125,0,0
19,RIGHT_EYE_OUTER,0.5004375576972961,0.5042977333068848,-0.05395554006099701,0,0
19,LEFT_EAR,0.5157503485679626,0.4985973834991455,-0.057272035628557205,0,0
19,RIGHT_EAR,0.5059453248977661,0.5013722777366638,0.011551463045179844,0,0
19,MOUTH_LEFT,0.5085489153862,0.5242480635643005,-0.058128613978624344,0,0
19,MOUTH_RIGHT,0.5043563842773438,0.5254045724868774,-0.03829703480005264,0,0
19,LEFT_SHOULDER,0.5454229116439819,0.5382207632064819,-0.0585789792239666,0,0
19,RIGHT_SHOULDER,0.4973619878292084,0.5518531203269958,0.06224244460463524,0,0
19,LEFT_ELBOW,0.5417616367340088,0.6070702075958252,-0.12498386949300766,0,0
19,RIGHT_ELBOW,0.4981195628643036,0.6233806610107422,0.07160082459449768,0,0
19,LEFT_WRIST,0.5056396126747131,0.5872438549995422,-0.1997157633304596,0,0
19,RIGHT_WRIST,0.4911883771419525,0.6435294151306152,-0.025198934599757195,0,0
19,LEFT_PINKY,0.49668848514556885,0.5798099637031555,-0.22033996880054474,0,0
19,RIGHT_PINKY,0.48902061581611633,0.6452305316925049,-0.041835568845272064,0,0
19,LEFT_INDEX,0.49516308307647705,0.5711206793785095,-0.21412010490894318,0,0
19,RIGHT_INDEX,0.48836907744407654,0.6370580196380615,-0.051762714982032776,0,0
19,LEFT_THUMB,0.4975142478942871,0.5728447437286377,-0.19815558195114136,0,0
19,RIGHT_THUMB,0.4902316629886627,0.6353440880775452,-0.03266666457056999,0,0
19,LEFT_HIP,0.5449473857879639,0.6908339262008667,-0.02684309333562851,0,0
19,RIGHT_HIP,0.5149879455566406,0.6897757649421692,0.026819447055459023,0,0
19,LEFT_KNEE,0.5505914092063904,0.7984008193016052,-0.06977459788322449,0,0
19,RIGHT_KNEE,0.497219055891037,0.7745016813278198,-0.11755522340536118,0,0
19,LEFT_ANKLE,0.5551214814186096,0.9002123475074768,0.019490040838718414,0,0
19,RIGHT_ANKLE,0.5240485072135925,0.8431883454322815,0.020408613607287407,0,0
19,LEFT_HEEL,0.5557977557182312,0.9150537848472595,0.0247668344527483,0,0
19,RIGHT_HEEL,0.5307709574699402,0.8484017848968506,0.03282647579908371,0,0
19,LEFT_FOOT_INDEX,0.5558561086654663,0.9426174759864807,-0.046459224075078964,0,0
19,RIGHT_FOOT_INDEX,0.5110031366348267,0.88911372423172,-0.006645172368735075,0,0
20,NOSE,0.5034958720207214,0.5156992077827454,-0.0756605714559555,0,0
20,LEFT_EYE_INNER,0.5056915283203125,0.5032198429107666,-0.07698457688093185,0,0
20,LEFT_EYE,0.5075913071632385,0.5019106268882751,-0.07701889425516129,0,0
20,LEFT_EYE_OUTER,0.5097132325172424,0.5004873871803284,-0.0770239531993866,0,0
20,RIGHT_EYE_INNER,0.5024648904800415,0.5043318867683411,-0.06469511240720749,0,0
20,RIGHT_EYE,0.501879870891571,0.5039032697677612,-0.064692921936512,0,0
20,RIGHT_EYE_OUTER,0.5013077855110168,0.5033484697341919,-0.06474569439888,0,0
20,LEFT_EAR,0.5175686478614807,0.4983579218387604,-0.05263778939843178,0,0
20,RIGHT_EAR,0.5051202178001404,0.5012108683586121,0.0032646714244037867,0,0
20,MOUTH_LEFT,0.5100158452987671,0.5240631699562073,-0.06468313187360764,0,0
20,MOUTH_RIGHT,0.5051332116127014,0.5245490670204163,-0.04845775291323662,0,0
20,LEFT_SHOULDER,0.5459689497947693,0.5337855815887451,-0.04677349701523781,0,0
20,RIGHT_SHOULDER,0.49688127636909485,0.5527430176734924,0.0581994503736496,0,0
20,LEFT_ELBOW,0.548163115978241,0.6054127812385559,-0.11621052771806717,0,0
20,RIGHT_ELBOW,0.49806150794029236,0.6252203583717346,0.0790829136967659,0,0
20,LEFT_WRIST,0.5138568878173828,0.5825674533843994,-0.21138718724250793,0,0
20,RIGHT_WRIST,0.495036244392395,0.6426622867584229,-0.00626408401876688,0,0
20,LEFT_PINKY,0.5062931180000305,0.5737830996513367,-0.23510336875915527,0,0
20,RIGHT_PINKY,0.49527058005332947,0.6466212272644043,-0.0225036833435297,0,0
20,LEFT_INDEX,0.5058851838111877,0.5667054653167725,-0.2318706214427948,0,0
20,RIGHT_INDEX,0.4956303834915161,0.6367416381835938,-0.03541940078139305,0,0
20,LEFT_THUMB,0.5077508091926575,0.5693252086639404,-0.21100614964962006,0,0
20,RIGHT_THUMB,0.49646812677383423,0.6338729858398438,-0.014147588051855564,0,0
20,LEFT_HIP,0.5445611476898193,0.6914541721343994,-0.025270145386457443,0,0
20,RIGHT_HIP,0.5142203569412231,0.6900607347488403,0.02528185024857521,0,0
20,LEFT_KNEE,0.5502511858940125,0.7973777055740356,-0.06405825912952423,0,0
20,RIGHT_KNEE,0.4911178648471832,0.7713792324066162,-0.11457083374261856,0,0
20,LEFT_ANKLE,0.5548030734062195,0.900059163570404,0.026972582563757896,0,0
20,RIGHT_ANKLE,0.518295407295227,0.8417132496833801,0.013858705759048462,0,0
20,LEFT_HEEL,0.5553114414215088,0.9148479104042053,0.0318504236638546,0,0
20,RIGHT_HEEL,0.5258099436759949,0.8469479084014893,0.02456614002585411,0,0
20,LEFT_FOOT_INDEX,0.5557886958122253,0.9433928728103638,-0.048563458025455475,0,0
20,RIGHT_FOOT_INDEX,0.5070930123329163,0.8889837265014648,-0.02657591551542282,0,0
21,NOSE,0.5037277340888977,0.51495760679245,-0.07627976685762405,0,0
21,LEFT_EYE_INNER,0.5058943629264832,0.50253826379776,-0.07688875496387482,0,0
21,LEFT_EYE,0.5079265236854553,0.5012938976287842,-0.07692468911409378,0,0
21,LEFT_EYE_OUTER,0.5102109909057617,0.49997028708457947,-0.07692902535200119,0,0
21,RIGHT_EYE_INNER,0.5024104714393616,0.5036854147911072,-0.06530360877513885,0,0
21,RIGHT_EYE,0.5017350316047668,0.5033440589904785,-0.06529830396175385,0,0
21,RIGHT_EYE_OUTER,0.5010707378387451,0.5028865933418274,-0.06535018980503082,0,0
21,LEFT_EAR,0.5181826949119568,0.4982604384422302,-0.05063595622777939,0,0
21,RIGHT_EAR,0.5044905543327332,0.5012903809547424,0.0028315982781350613,0,0
21,MOUTH_LEFT,0.5104954242706299,0.5236284732818604,-0.06445437669754028,0,0
21,MOUTH_RIGHT,0.5051687955856323,0.5238624215126038,-0.04906655475497246,0,0
21,LEFT_SHOULDER,0.5459505915641785,0.5322624444961548,-0.04292317479848862,0,0
21,RIGHT_SHOULDER,0.4966500401496887,0.5530768632888794,0.05721614137291908,0,0
21,LEFT_ELBOW,0.5493417382240295,0.6042723059654236,-0.11279402673244476,0,0
21,RIGHT_ELBOW,0.4978245794773102,0.6240488290786743,0.08734436333179474,0,0
21,LEFT_WRIST,0.5152762532234192,0.5812628269195557,-0.21349471807479858,0,0
21,RIGHT_WRIST,0.49572789669036865,0.6422437429428101,0.010096126236021519,0,0
21,LEFT_PINKY,0.5076886415481567,0.5725259184837341,-0.23772358894348145,0,0
21,RIGHT_PINKY,0.49587374925613403,0.6478983163833618,-0.0051896777004003525,0,0
21,LEFT_INDEX,0.5072252154350281,0.5655079483985901,-0.2347669005393982,0,0
21,RIGHT_INDEX,0.49679893255233765,0.6367799639701843,-0.01977268047630787,0,0
21,LEFT_THUMB,0.5090935230255127,0.5681674480438232,-0.21322792768478394,0,0
21,RIGHT_THUMB,0.4977034032344818,0.6338513493537903,0.0018193081486970186,0,0
21,LEFT_HIP,0.5443580746650696,0.6914778351783752,-0.024228645488619804,0,0
21,RIGHT_HIP,0.513672947883606,0.6898401975631714,0.0242468249052763,0,0
21,LEFT_KNEE,0.5503555536270142,0.796494722366333,-0.06074902042746544,0,0
21,RIGHT_KNEE,0.49024587869644165,0.7688471078872681,-0.1180717870593071,0,0
21,LEFT_ANKLE,0.5545759201049805,0.8998035192489624,0.02846769616007805,0,0
21,RIGHT_ANKLE,0.517363965511322,0.8406726121902466,0.0071690804325044155,0,0
21,LEFT_HEEL,0.5546095371246338,0.9146617650985718,0.03314478322863579,0,0
21,RIGHT_HEEL,0.5246567130088806,0.8461072444915771,0.017540927976369858,0,0
21,LEFT_FOOT_INDEX,0.5557407736778259,0.943313479423523,-0.048486802726984024,0,0
21,RIGHT_FOOT_INDEX,0.5058504343032837,0.8891788125038147,-0.03457031026482582,0,0
22,NOSE,0.5077255964279175,0.5056043267250061,-0.09742479771375656,0,0
22,LEFT_EYE_INNER,0.5099517107009888,0.4924285411834717,-0.08944832533597946,0,0
22,LEFT_EYE,0.5120156407356262,0.4906560182571411,-0.08949156850576401,0,0
22,LEFT_EYE_OUTER,0.5142045617103577,0.4889325797557831,-0.08948584645986557,0,0
22,RIGHT_EYE_INNER,0.5053641200065613,0.49516889452934265,-0.08504874259233475,0,0
22,RIGHT_EYE,0.5041795372962952,0.49534177780151367,-0.08504059165716171,0,0
22,RIGHT_EYE_OUTER,0.5028490424156189,0.4953489601612091,-0.08509271591901779,0,0
22,LEFT_EAR,0.5210227370262146,0.4896593987941742,-0.055458616465330124,0,0
22,RIGHT_EAR,0.5038724541664124,0.49707528948783875,-0.011408308520913124,0,0
22,MOUTH_LEFT,0.5130401253700256,0.5115857124328613,-0.07400805503129959,0,0
22,MOUTH_RIGHT,0.5071701407432556,0.5138304829597473,-0.06929033249616623,0,0
22,LEFT_SHOULDER,0.5463816523551941,0.5307586789131165,-0.04605424031615257,0,0
22,RIGHT_SHOULDER,0.49552488327026367,0.5528734922409058,0.04081646725535393,0,0
22,LEFT_ELBOW,0.5510590672492981,0.6041603088378906,-0.1154576912522316,0,0
22,RIGHT_ELBOW,0.49977579712867737,0.6246373653411865,0.030506806448101997,0,0
22,LEFT_WRIST,0.5211088061332703,0.5738627910614014,-0.21649721264839172,0,0
22,RIGHT_WRIST,0.5008170008659363,0.6325119137763977,-0.08332409709692001,0,0
22,LEFT_PINKY,0.5147841572761536,0.56285160779953,-0.24086102843284607,0,0
22,RIGHT_PINKY,0.5029543042182922,0.637124240398407,-0.10501156747341156,0,0
22,LEFT_INDEX,0.5143770575523376,0.5566904544830322,-0.23806215822696686,0,0
22,RIGHT_INDEX,0.5034922361373901,0.6255715489387512,-0.11298543959856033,0,0
22,LEFT_THUMB,0.5158028602600098,0.5597267746925354,-0.2164623886346817,0,0
22,RIGHT_THUMB,0.5037952065467834,0.6203526854515076,-0.08956155180931091,0,0
22,LEFT_HIP,0.544207751750946,0.6913508772850037,-0.023707333952188492,0,0
22,RIGHT_HIP,0.5123700499534607,0.6896585822105408,0.0237103383988142,0,0
22,LEFT_KNEE,0.5498901009559631,0.7959335446357727,-0.055912088602781296,0,0
22,RIGHT_KNEE,0.48384156823158264,0.7674993872642517,-0.10249195992946625,0,0
22,LEFT_ANKLE,0.5543617010116577,0.8997045159339905,0.05182754248380661,0,0
22,RIGHT_ANKLE,0.5087712407112122,0.8417163491249084,0.028482289984822273,0,0
22,LEFT_HEEL,0.5537275075912476,0.9141026735305786,0.05759604647755623,0,0
22,RIGHT_HEEL,0.5181819796562195,0.8464202880859375,0.03860914334654808,0,0
22,LEFT_FOOT_INDEX,0.5550111532211304,0.9436178207397461,-0.0280589759349823,0,0
22,RIGHT_FOOT_INDEX,0.4934653341770172,0.890862762928009,-0.021740254014730453,0,0
23,NOSE,0.500790536403656,0.5100106000900269,-0.08934888243675232,0,0
23,LEFT_EYE_INNER,0.5015819668769836,0.49876850843429565,-0.08689861744642258,0,0
23,LEFT_EYE,0.5032885074615479,0.4969635009765625,-0.08692049235105515,0,0
23,LEFT_EYE_OUTER,0.5047757625579834,0.49510130286216736,-0.08691559731960297,0,0
23,RIGHT_EYE_INNER,0.49732211232185364,0.5015743374824524,-0.07847616076469421,0,0
23,RIGHT_EYE,0.4962441027164459,0.5018653869628906,-0.0784856379032135,0,0
23,RIGHT_EYE_OUTER,0.49513885378837585,0.5020174384117126,-0.07853475213050842,0,0
23,LEFT_EAR,0.5098392963409424,0.49409082531929016,-0.05534055456519127,0,0
23,RIGHT_EAR,0.4967852830886841,0.5028605461120605,-0.008280270732939243,0,0
23,MOUTH_LEFT,0.5061735510826111,0.5141216516494751,-0.07305686920881271,0,0
23,MOUTH_RIGHT,0.5013934969902039,0.5175056457519531,-0.061774689704179764,0,0
23,LEFT_SHOULDER,0.5448901057243347,0.5317991971969604,-0.029546687379479408,0,0
23,RIGHT_SHOULDER,0.4923597276210785,0.5550301671028137,0.03342873975634575,0,0
23,LEFT_ELBOW,0.5545687079429626,0.6038720607757568,-0.09581667929887772,0,0
23,RIGHT_ELBOW,0.5002039670944214,0.6251131296157837,0.006308031268417835,0,0
23,LEFT_WRIST,0.5296226143836975,0.5717796683311462,-0.1897178739309311,0,0
23,RIGHT_WRIST,0.5062369704246521,0.6298615336418152,-0.10837367922067642,0,0
23,LEFT_PINKY,0.5246090292930603,0.5592507123947144,-0.20892119407653809,0,0
23,RIGHT_PINKY,0.5116979479789734,0.6323708295822144,-0.12988440692424774,0,0
23,LEFT_INDEX,0.523896336555481,0.5509074926376343,-0.20596356689929962,0,0
23,RIGHT_INDEX,0.512562096118927,0.6208516359329224,-0.1336674839258194,0,0
23,LEFT_THUMB,0.5247803926467896,0.554115355014801,-0.1896584928035736,0,0
23,RIGHT_THUMB,0.511844277381897,0.6170453429222107,-0.11309146136045456,0,0
23,LEFT_HIP,0.5433866381645203,0.6920520067214966,-0.020698420703411102,0,0
23,RIGHT_HIP,0.5103209018707275,0.6904495358467102,0.02071998082101345,0,0
23,LEFT_KNEE,0.5494394302368164,0.7944365739822388,-0.050149105489254,0,0
23,RIGHT_KNEE,0.47937583923339844,0.7653487324714661,-0.11417534202337265,0,0
23,LEFT_ANKLE,0.5543379187583923,0.8990775346755981,0.033760033547878265,0,0
23,RIGHT_ANKLE,0.4995265305042267,0.8538469672203064,-0.009020290337502956,0,0
23,LEFT_HEEL,0.5521770119667053,0.9131778478622437,0.03700786456465721,0,0
23,RIGHT_HEEL,0.5093289017677307,0.8653109669685364,-0.0015950571978464723,0,0
23,LEFT_FOOT_INDEX,0.5545876622200012,0.9433639645576477,-0.047987423837184906,0,0
23,RIGHT_FOOT_INDEX,0.4782341718673706,0.8932217955589294,-0.0665525570511818,0,0
24,NOSE,0.4970545172691345,0.5193176865577698,-0.11902391165494919,0,0
24,LEFT_EYE_INNER,0.4979308545589447,0.5078269243240356,-0.11751095950603485,0,0
24,LEFT_EYE,0.49947988986968994,0.5063069462776184,-0.11751998215913773,0,0
24,LEFT_EYE_OUTER,0.5008445382118225,0.5045936107635498,-0.11753509938716888,0,0
24,RIGHT_EYE_INNER,0.4943434000015259,0.5102921724319458,-0.1092122420668602,0,0
24,RIGHT_EYE,0.4935641288757324,0.5106074810028076,-0.10923100262880325,0,0
24,RIGHT_EYE_OUTER,0.49271005392074585,0.5108385682106018,-0.10928203910589218,0,0
24,LEFT_EAR,0.5075602531433105,0.5011111497879028,-0.07768337428569794,0,0
24,RIGHT_EAR,0.49597904086112976,0.5104916095733643,-0.036001984030008316,0,0
24,MOUTH_LEFT,0.5028309226036072,0.5242394804954529,-0.10132590681314468,0,0
24,MOUTH_RIGHT,0.4989413321018219,0.5274043679237366,-0.08949741721153259,0,0
24,LEFT_SHOULDER,0.5443363189697266,0.5343404412269592,-0.0391019806265831,0,0
24,RIGHT_SHOULDER,0.49059051275253296,0.5585936903953552,-0.008150837384164333,0,0
24,LEFT_ELBOW,0.5621296167373657,0.6021716594696045,-0.11176016926765442,0,0
24,RIGHT_ELBOW,0.501272976398468,0.6270536184310913,-0.052792564034461975,0,0
24,LEFT_WRIST,0.5404233932495117,0.5674136281013489,-0.2107638567686081,0,0
24,RIGHT_WRIST,0.5155925154685974,0.629143238067627,-0.153872549533844,0,0
24,LEFT_PINKY,0.5380837321281433,0.555450975894928,-0.23228520154953003,0,0
24,RIGHT_PINKY,0.5226103663444519,0.6323555111885071,-0.1774223893880844,0,0
24,LEFT_INDEX,0.5358383059501648,0.5487990975379944,-0.22661802172660828,0,0
24,RIGHT_INDEX,0.5243351459503174,0.6215441226959229,-0.17687077820301056,0,0
24,LEFT_THUMB,0.5356066226959229,0.5524232387542725,-0.21084432303905487,0,0
24,RIGHT_THUMB,0.5232726335525513,0.6176387667655945,-0.15619947016239166,0,0
24,LEFT_HIP,0.5421953201293945,0.6947169899940491,-0.019541053101420403,0,0
24,RIGHT_HIP,0.5073758959770203,0.6914114952087402,0.019607406109571457,0,0
24,LEFT_KNEE,0.54917973279953,0.7932294607162476,-0.09945832192897797,0,0
24,RIGHT_KNEE,0.4753042757511139,0.7655526995658875,-0.10549618303775787,0,0
24,LEFT_ANKLE,0.5543049573898315,0.8990042209625244,-0.02665603719651699,0,0
24,RIGHT_ANKLE,0.48324015736579895,0.8665376901626587,-0.010273787193000317,0,0
24,LEFT_HEEL,0.5517573952674866,0.9131549000740051,-0.024688782170414925,0,0
24,RIGHT_HEEL,0.49120819568634033,0.884124755859375,-0.003956756554543972,0,0
24,LEFT_FOOT_INDEX,0.5544990301132202,0.943568766117096,-0.11178568005561829,0,0
24,RIGHT_FOOT_INDEX,0.4588647782802582,0.8985934853553772,-0.06822168827056885,0,0
25,NOSE,0.49200403690338135,0.5210514664649963,-0.12585170567035675,0,0
25,LEFT_EYE_INNER,0.4937920570373535,0.5109565258026123,-0.12343431264162064,0,0
25,LEFT_EYE,0.4954735040664673,0.509793758392334,-0.12345124781131744,0,0
25,LEFT_EYE_OUTER,0.49714672565460205,0.5084028840065002,-0.123480886220932,0,0
25,RIGHT_EYE_INNER,0.4907728135585785,0.5126426219940186,-0.11672662943601608,0,0
25,RIGHT_EYE,0.49031224846839905,0.5128472447395325,-0.11674617975950241,0,0
25,RIGHT_EYE_OUTER,0.4898236393928528,0.5129897594451904,-0.11680002510547638,0,0
25,LEFT_EAR,0.5047422051429749,0.5051769614219666,-0.07977966964244843,0,0
25,RIGHT_EAR,0.49504655599594116,0.5120288729667664,-0.044677164405584335,0,0
25,MOUTH_LEFT,0.49830228090286255,0.5269875526428223,-0.1065850779414177,0,0
25,MOUTH_RIGHT,0.4946063160896301,0.5287848711013794,-0.09665509313344955,0,0
25,LEFT_SHOULDER,0.5399836897850037,0.5380499362945557,-0.031756214797496796,0,0
25,RIGHT_SHOULDER,0.489113986492157,0.561020016670227,-0.023372149094939232,0,0
25,LEFT_ELBOW,0.5609292984008789,0.6010186076164246,-0.11261583119630814,0,0
25,RIGHT_ELBOW,0.5026648640632629,0.6279318332672119,-0.07512959837913513,0,0
25,LEFT_WRIST,0.5467349290847778,0.5624790787696838,-0.22272492945194244,0,0
25,RIGHT_WRIST,0.5284014344215393,0.6296325922012329,-0.16456185281276703,0,0
25,LEFT_PINKY,0.5474109053611755,0.5503610372543335,-0.24683700501918793,0,0
25,RIGHT_PINKY,0.5356037020683289,0.6324029564857483,-0.18776704370975494,0,0
25,LEFT_INDEX,0.5444793701171875,0.5463045835494995,-0.2435423731803894,0,0
25,RIGHT_INDEX,0.5366982221603394,0.6221848130226135,-0.1873006522655487,0,0
25,LEFT_THUMB,0.5427677035331726,0.5502631664276123,-0.22474822402000427,0,0
25,RIGHT_THUMB,0.5349114537239075,0.6189128756523132,-0.16638509929180145,0,0
25,LEFT_HIP,0.5400975942611694,0.6959816217422485,-0.018040688708424568,0,0
25,RIGHT_HIP,0.5056850910186768,0.6921637058258057,0.01814582198858261,0,0
25,LEFT_KNEE,0.5490881204605103,0.7931793928146362,-0.11090784519910812,0,0
25,RIGHT_KNEE,0.4724234640598297,0.7657583951950073,-0.12210575491189957,0,0
25,LEFT_ANKLE,0.5542537569999695,0.8990060687065125,-0.048847079277038574,0,0
25,RIGHT_ANKLE,0.4671163260936737,0.8749448657035828,-0.06059414520859718,0,0
25,LEFT_HEEL,0.5514652729034424,0.9135176539421082,-0.04820491746068001,0,0
25,RIGHT_HEEL,0.473428338766098,0.8930288553237915,-0.058277375996112823,0,0
25,LEFT_FOOT_INDEX,0.5545720458030701,0.9436852335929871,-0.13989415764808655,0,0
25,RIGHT_FOOT_INDEX,0.44013622403144836,0.9009590148925781,-0.13619370758533478,0,0
26,NOSE,0.49082645773887634,0.5222306847572327,-0.13597416877746582,0,0
26,LEFT_EYE_INNER,0.4929453730583191,0.5120888352394104,-0.13330025970935822,0,0
26,LEFT_EYE,0.4947262406349182,0.5109908580780029,-0.13331511616706848,0,0
26,LEFT_EYE_OUTER,0.496486634016037,0.5096921920776367,-0.133343905210495,0,0
26,RIGHT_EYE_INNER,0.48980459570884705,0.5135983228683472,-0.1264691948890686,0,0
26,RIGHT_EYE,0.4892607629299164,0.5137293934822083,-0.12649080157279968,0,0
26,RIGHT_EYE_OUTER,0.4887048602104187,0.5138197541236877,-0.12654444575309753,0,0
26,LEFT_EAR,0.5041652321815491,0.5064224004745483,-0.08590991050004959,0,0
26,RIGHT_EAR,0.49412956833839417,0.5124393105506897,-0.05027750879526138,0,0
26,MOUTH_LEFT,0.49718236923217773,0.528695821762085,-0.11520539224147797,0,0
26,MOUTH_RIGHT,0.4931582808494568,0.5300626158714294,-0.10506860166788101,0,0
26,LEFT_SHOULDER,0.5384438037872314,0.5387399792671204,-0.034219857305288315,0,0
26,RIGHT_SHOULDER,0.48804041743278503,0.5612679123878479,-0.026011336594820023,0,0
26,LEFT_ELBOW,0.5604264736175537,0.5999267101287842,-0.1118532046675682,0,0
26,RIGHT_ELBOW,0.5025504231452942,0.6278543472290039,-0.07498185336589813,0,0
26,LEFT_WRIST,0.5472604632377625,0.5636892318725586,-0.22261445224285126,0,0
26,RIGHT_WRIST,0.5278241038322449,0.6300274729728699,-0.16417089104652405,0,0
26,LEFT_PINKY,0.5483689904212952,0.5511413216590881,-0.24741525948047638,0,0
26,RIGHT_PINKY,0.5353328585624695,0.6328780055046082,-0.187305748462677,0,0
26,LEFT_INDEX,0.5454360842704773,0.5470442175865173,-0.24498078227043152,0,0
26,RIGHT_INDEX,0.5365360975265503,0.6231633424758911,-0.18824757635593414,0,0
26,LEFT_THUMB,0.5435945987701416,0.5510079860687256,-0.22489626705646515,0,0
26,RIGHT_THUMB,0.5346505045890808,0.6201111674308777,-0.16643215715885162,0,0
26,LEFT_HIP,0.5388273000717163,0.6964153051376343,-0.018956661224365234,0,0
26,RIGHT_HIP,0.5045480728149414,0.692844033241272,0.01905297115445137,0,0
26,LEFT_KNEE,0.5490312576293945,0.7931736707687378,-0.12023801356554031,0,0
26,RIGHT_KNEE,0.4716794788837433,0.7666577696800232,-0.1066899299621582,0,0
26,LEFT_ANKLE,0.554233968257904,0.8991961479187012,-0.05576934292912483,0,0
26,RIGHT_ANKLE,0.4659929573535919,0.877997875213623,-0.036872748285532,0,0
26,LEFT_HEEL,0.5514306426048279,0.9138774871826172,-0.054783180356025696,0,0
26,RIGHT_HEEL,0.47240015864372253,0.8959252238273621,-0.03363232687115669,0,0
26,LEFT_FOOT_INDEX,0.5546956658363342,0.9436739087104797,-0.14504025876522064,0,0
26,RIGHT_FOOT_INDEX,0.4389818012714386,0.9020801186561584,-0.10797469317913055,0,0
27,NOSE,0.4879380464553833,0.5265399217605591,-0.15321417152881622,0,0
27,LEFT_EYE_INNER,0.48950299620628357,0.5158900022506714,-0.15185731649398804,0,0
27,LEFT_EYE,0.491207480430603,0.5146217346191406,-0.15186403691768646,0,0
27,LEFT_EYE_OUTER,0.49293071031570435,0.5131571292877197,-0.1518886834383011,0,0
27,RIGHT_EYE_INNER,0.4865679144859314,0.517542839050293,-0.1432386338710785,0,0
27,RIGHT_EYE,0.4862018823623657,0.5176516771316528,-0.14325138926506042,0,0
27,RIGHT_EYE_OUTER,0.48582836985588074,0.5177373886108398,-0.14328838884830475,0,0
27,LEFT_EAR,0.5013397336006165,0.5084955096244812,-0.10640182346105576,0,0
27,RIGHT_EAR,0.4920659363269806,0.5150970220565796,-0.06191239133477211,0,0
27,MOUTH_LEFT,0.49464014172554016,0.532123863697052,-0.13287407159805298,0,0
27,MOUTH_RIGHT,0.49098414182662964,0.5340718030929565,-0.12020887434482574,0,0
27,LEFT_SHOULDER,0.537834882736206,0.5385257005691528,-0.04264618828892708,0,0
27,RIGHT_SHOULDER,0.4861188232898712,0.5636501312255859,-0.03513102978467941,0,0
27,LEFT_ELBOW,0.557396650314331,0.5967651605606079,-0.11492304503917694,0,0
27,RIGHT_ELBOW,0.5029577016830444,0.630521297454834,-0.07459010928869247,0,0
27,LEFT_WRIST,0.5575625896453857,0.566987931728363,-0.22922690212726593,0,0
27,RIGHT_WRIST,0.5377470850944519,0.6334400773048401,-0.15119805932044983,0,0
27,LEFT_PINKY,0.5597096681594849,0.5550650358200073,-0.25548431277275085,0,0
27,RIGHT_PINKY,0.5451039671897888,0.6332631707191467,-0.17191490530967712,0,0
27,LEFT_INDEX,0.5581967234611511,0.5496659278869629,-0.2589670419692993,0,0
27,RIGHT_INDEX,0.5458652377128601,0.623995840549469,-0.1739315688610077,0,0
27,LEFT_THUMB,0.5560452342033386,0.5538268685340881,-0.2340993583202362,0,0
27,RIGHT_THUMB,0.543951153755188,0.6202321648597717,-0.15313754975795746,0,0
27,LEFT_HIP,0.5365685224533081,0.697662889957428,-0.020124206319451332,0,0
27,RIGHT_HIP,0.5017558336257935,0.6946732997894287,0.020182635635137558,0,0
27,LEFT_KNEE,0.5484212040901184,0.7931762337684631,-0.14677569270133972,0,0
27,RIGHT_KNEE,0.46859461069107056,0.7727611660957336,-0.0658862516283989,0,0
27,LEFT_ANKLE,0.5541175603866577,0.8992448449134827,-0.06861543655395508,0,0
27,RIGHT_ANKLE,0.4501860439777374,0.8840472102165222,-0.001978372922167182,0,0
27,LEFT_HEEL,0.5514708161354065,0.9138060808181763,-0.06585396081209183,0,0
27,RIGHT_HEEL,0.455661416053772,0.9039201140403748,0.0036813421174883842,0,0
27,LEFT_FOOT_INDEX,0.5548974871635437,0.9438260197639465,-0.15652316808700562,0,0
27,RIGHT_FOOT_INDEX,0.4233854115009308,0.9013932943344116,-0.0675889328122139,0,0
28,NOSE,0.48445621132850647,0.5367306470870972,-0.18070456385612488,0,0
28,LEFT_EYE_INNER,0.48550987243652344,0.5255470871925354,-0.18032126128673553,0,0
28,LEFT_EYE,0.48715320229530334,0.5241632461547852,-0.18032903969287872,0,0
28,LEFT_EYE_OUTER,0.48895397782325745,0.5225467085838318,-0.18035759031772614,0,0
28,RIGHT_EYE_INNER,0.4823721945285797,0.5273504257202148,-0.16940416395664215,0,0
28,RIGHT_EYE,0.48185059428215027,0.5273929238319397,-0.16940633952617645,0,0
28,RIGHT_EYE_OUTER,0.4812847077846527,0.527393102645874,-0.16942055523395538,0,0
28,LEFT_EAR,0.4974192976951599,0.5154064893722534,-0.13672742247581482,0,0
28,RIGHT_EAR,0.4870803952217102,0.523852527141571,-0.08077453821897507,0,0
28,MOUTH_LEFT,0.490977942943573,0.5408378839492798,-0.1608935445547104,0,0
28,MOUTH_RIGHT,0.4863780438899994,0.5429675579071045,-0.14494134485721588,0,0
28,LEFT_SHOULDER,0.5366485118865967,0.5389474034309387,-0.07649687677621841,0,0
28,RIGHT_SHOULDER,0.48277345299720764,0.568941056728363,-0.048929862678050995,0,0
28,LEFT_ELBOW,0.5584477782249451,0.5890114903450012,-0.15686875581741333,0,0
28,RIGHT_ELBOW,0.5025820136070251,0.6331130266189575,-0.09136863797903061,0,0
28,LEFT_WRIST,0.5655702948570251,0.5667608380317688,-0.27711209654808044,0,0
28,RIGHT_WRIST,0.5405653119087219,0.6356860399246216,-0.16927939653396606,0,0
28,LEFT_PINKY,0.569253146648407,0.5550593733787537,-0.30696022510528564,0,0
28,RIGHT_PINKY,0.5495782494544983,0.6336038112640381,-0.19061307609081268,0,0
28,LEFT_INDEX,0.5670859217643738,0.5508155226707458,-0.30936768651008606,0,0
28,RIGHT_INDEX,0.5506909489631653,0.6244443655014038,-0.1916283220052719,0,0
28,LEFT_THUMB,0.5641719698905945,0.5545896887779236,-0.28184330463409424,0,0
28,RIGHT_THUMB,0.548395574092865,0.6208848357200623,-0.1710290014743805,0,0
28,LEFT_HIP,0.5326565504074097,0.7005675435066223,-0.021048618480563164,0,0
28,RIGHT_HIP,0.4976727366447449,0.6989075541496277,0.021107984706759453,0,0
28,LEFT_KNEE,0.5469509959220886,0.7960982918739319,-0.14069080352783203,0,0
28,RIGHT_KNEE,0.46332311630249023,0.7828930616378784,-0.03668224811553955,0,0
28,LEFT_ANKLE,0.5540394186973572,0.8995595574378967,-0.060046590864658356,0,0
28,RIGHT_ANKLE,0.4361037015914917,0.8892441391944885,0.027822738513350487,0,0
28,LEFT_HEEL,0.5514898896217346,0.9137528538703918,-0.05697225034236908,0,0
28,RIGHT_HEEL,0.4397629499435425,0.9128885865211487,0.02978842332959175,0,0
28,LEFT_FOOT_INDEX,0.5548337697982788,0.9440680742263794,-0.1484285444021225,0,0
28,RIGHT_FOOT_INDEX,0.4101153016090393,0.901295006275177,-0.055173855274915695,0,0
29,NOSE,0.48036518692970276,0.541072428226471,-0.19370505213737488,0,0
29,LEFT_EYE_INNER,0.4811152219772339,0.5294831991195679,-0.19161437451839447,0,0
29,LEFT_EYE,0.4828093647956848,0.5278230905532837,-0.19162175059318542,0,0
29,LEFT_EYE_OUTER,0.48453351855278015,0.5259771943092346,-0.19164422154426575,0,0
29,RIGHT_EYE_INNER,0.47820618748664856,0.5318725109100342,-0.18144311010837555,0,0
29,RIGHT_EYE,0.47766467928886414,0.5320889353752136,-0.18144449591636658,0,0
29,RIGHT_EYE_OUTER,0.4771360158920288,0.5323219299316406,-0.18144866824150085,0,0
29,LEFT_EAR,0.4933713972568512,0.5195065140724182,-0.14189676940441132,0,0
29,RIGHT_EAR,0.48279592394828796,0.529721200466156,-0.08884049206972122,0,0
29,MOUTH_LEFT,0.486757755279541,0.5456317663192749,-0.17193534970283508,0,0
29,MOUTH_RIGHT,0.4823279082775116,0.5482282638549805,-0.15692849457263947,0,0
29,LEFT_SHOULDER,0.530436635017395,0.539587676525116,-0.08206956833600998,0,0
29,RIGHT_SHOULDER,0.4786761999130249,0.5762689709663391,-0.05857802927494049,0,0
29,LEFT_ELBOW,0.5566853880882263,0.5756963491439819,-0.14556251466274261,0,0
29,RIGHT_ELBOW,0.5037948489189148,0.6385508179664612,-0.09504592418670654,0,0
29,LEFT_WRIST,0.5700274705886841,0.5629609227180481,-0.24585556983947754,0,0
29,RIGHT_WRIST,0.5452513098716736,0.6409149765968323,-0.1665945202112198,0,0
29,LEFT_PINKY,0.5769351124763489,0.5561785697937012,-0.27204927802085876,0,0
29,RIGHT_PINKY,0.5553735494613647,0.6386125087738037,-0.18888798356056213,0,0
29,LEFT_INDEX,0.5748594999313354,0.5516344904899597,-0.278195858001709,0,0
29,RIGHT_INDEX,0.5566791892051697,0.627755880355835,-0.1922491043806076,0,0
29,LEFT_THUMB,0.5714410543441772,0.5556240081787109,-0.25064340233802795,0,0
29,RIGHT_THUMB,0.5541093945503235,0.6251128315925598,-0.16888509690761566,0,0
29,LEFT_HIP,0.527387797832489,0.7033275961875916,-0.021181326359510422,0,0
29,RIGHT_HIP,0.49332472681999207,0.7034613490104675,0.021183600649237633,0,0
29,LEFT_KNEE,0.5449556708335876,0.7963523864746094,-0.13743996620178223,0,0
29,RIGHT_KNEE,0.458601176738739,0.7882346510887146,-0.04148774966597557,0,0
29,LEFT_ANKLE,0.5539988875389099,0.9011209011077881,-0.06661441922187805,0,0
29,RIGHT_ANKLE,0.42630961537361145,0.8894849419593811,0.008860244415700436,0,0
29,LEFT_HEEL,0.5515156388282776,0.9143111109733582,-0.06425578147172928,0,0
29,RIGHT_HEEL,0.42840471863746643,0.9148982763290405,0.00908509362488985,0,0
29,LEFT_FOOT_INDEX,0.5555992722511292,0.9443954229354858,-0.15727980434894562,0,0
29,RIGHT_FOOT_INDEX,0.40032851696014404,0.8957996964454651,-0.07253072410821915,0,0
30,NOSE,0.4764076769351959,0.5424640774726868,-0.20791205763816833,0,0
30,LEFT_EYE_INNER,0.47701361775398254,0.5312322378158569,-0.20572194457054138,0,0
30,LEFT_EYE,0.47868701815605164,0.5296324491500854,-0.20573334395885468,0,0
30,LEFT_EYE_OUTER,0.48038142919540405,0.5278652906417847,-0.20575422048568726,0,0
30,RIGHT_EYE_INNER,0.47426852583885193,0.5337305068969727,-0.19586960971355438,0,0
30,RIGHT_EYE,0.47377195954322815,0.5340198278427124,-0.19586795568466187,0,0
30,RIGHT_EYE_OUTER,0.4733273386955261,0.534317672252655,-0.19587509334087372,0,0
30,LEFT_EAR,0.4888944625854492,0.5224691033363342,-0.15503685176372528,0,0
30,RIGHT_EAR,0.4788762629032135,0.533025324344635,-0.10355553030967712,0,0
30,MOUTH_LEFT,0.48277297616004944,0.5476849675178528,-0.18576839566230774,0,0
30,MOUTH_RIGHT,0.4786737263202667,0.5501300692558289,-0.17118556797504425,0,0
30,LEFT_SHOULDER,0.5255609154701233,0.5423371195793152,-0.09547903388738632,0,0
30,RIGHT_SHOULDER,0.47321897745132446,0.5822309255599976,-0.07090381532907486,0,0
30,LEFT_ELBOW,0.556217610836029,0.5814104676246643,-0.16565200686454773,0,0
30,RIGHT_ELBOW,0.5024594068527222,0.646855354309082,-0.1017252579331398,0,0
30,LEFT_WRIST,0.5696488618850708,0.5670900344848633,-0.2875930368900299,0,0
30,RIGHT_WRIST,0.5449780225753784,0.6514821648597717,-0.16881224513053894,0,0
30,LEFT_PINKY,0.5749053359031677,0.569267749786377,-0.3188043236732483,0,0
30,RIGHT_PINKY,0.5554112792015076,0.6516454219818115,-0.1925729215145111,0,0
30,LEFT_INDEX,0.5729307532310486,0.5703849792480469,-0.3277086019515991,0,0
30,RIGHT_INDEX,0.5575740337371826,0.6396244168281555,-0.19672925770282745,0,0
30,LEFT_THUMB,0.5703370571136475,0.5716890692710876,-0.2949519455432892,0,0
30,RIGHT_THUMB,0.5548991560935974,0.636963427066803,-0.1715307980775833,0,0
30,LEFT_HIP,0.5223066806793213,0.7045696973800659,-0.02114841714501381,0,0
30,RIGHT_HIP,0.4882097542285919,0.7056816816329956,0.021108288317918777,0,0
30,LEFT_KNEE,0.5420914888381958,0.7990096211433411,-0.11338068544864655,0,0
30,RIGHT_KNEE,0.45221084356307983,0.7950699329376221,-0.03474801406264305,0,0
30,LEFT_ANKLE,0.5537208318710327,0.9010429978370667,-0.026049649342894554,0,0
30,RIGHT_ANKLE,0.41933295130729675,0.8946280479431152,0.011968695558607578,0,0
30,LEFT_HEEL,0.5514532923698425,0.9142329096794128,-0.02220424823462963,0,0
30,RIGHT_HEEL,0.4205470085144043,0.9208495020866394,0.013784477487206459,0,0
30,LEFT_FOOT_INDEX,0.5559836030006409,0.9446612000465393,-0.12253425270318985,0,0
30,RIGHT_FOOT_INDEX,0.3940209746360779,0.8948138952255249,-0.06346079707145691,0,0
31,NOSE,0.47145694494247437,0.5480180382728577,-0.28507503867149353,0,0
31,LEFT_EYE_INNER,0.47306588292121887,0.5369463562965393,-0.2830135226249695,0,0
31,LEFT_EYE,0.47498729825019836,0.535273015499115,-0.2830047309398651,0,0
31,LEFT_EYE_OUTER,0.4768878221511841,0.5335361361503601,-0.28303730487823486,0,0
31,RIGHT_EYE_INNER,0.46941056847572327,0.5394028425216675,-0.27334097027778625,0,0
31,RIGHT_EYE,0.4684749245643616,0.5395157933235168,-0.2733578383922577,0,0
31,RIGHT_EYE_OUTER,0.4675298035144806,0.5395883917808533,-0.2733635902404785,0,0
31,LEFT_EAR,0.48549380898475647,0.5284384489059448,-0.22499927878379822,0,0
31,RIGHT_EAR,0.4726794362068176,0.5379016995429993,-0.17442980408668518,0,0
31,MOUTH_LEFT,0.4776178300380707,0.5541349649429321,-0.2596948742866516,0,0
31,MOUTH_RIGHT,0.47293058037757874,0.5562030076980591,-0.24538254737854004,0,0
31,LEFT_SHOULDER,0.5203137397766113,0.5484738349914551,-0.14283700287342072,0,0
31,RIGHT_SHOULDER,0.46710023283958435,0.5854679942131042,-0.13470374047756195,0,0
31,LEFT_ELBOW,0.5534873604774475,0.5821894407272339,-0.16972437500953674,0,0
31,RIGHT_ELBOW,0.49693185091018677,0.6533054709434509,-0.16807802021503448,0,0
31,LEFT_WRIST,0.5713003873825073,0.5935176610946655,-0.2628104090690613,0,0
31,RIGHT_WRIST,0.5409570336341858,0.6667566895484924,-0.2293572872877121,0,0
31,LEFT_PINKY,0.5776596069335938,0.5930671095848083,-0.28813469409942627,0,0
31,RIGHT_PINKY,0.5506359934806824,0.672405481338501,-0.25399911403656006,0,0
31,LEFT_INDEX,0.5762138366699219,0.5932591557502747,-0.3010338842868805,0,0
31,RIGHT_INDEX,0.5539523363113403,0.6609558463096619,-0.2590025067329407,0,0
31,LEFT_THUMB,0.5734177231788635,0.595011830329895,-0.27041345834732056,0,0
31,RIGHT_THUMB,0.5515472292900085,0.6577346920967102,-0.23215535283088684,0,0
31,LEFT_HIP,0.5157545208930969,0.7092993259429932,-0.019441209733486176,0,0
31,RIGHT_HIP,0.48149538040161133,0.7103052139282227,0.019367218017578125,0,0
31,LEFT_KNEE,0.5380082726478577,0.8016844987869263,-0.10695648193359375,0,0
31,RIGHT_KNEE,0.4452415108680725,0.8013868927955627,-0.01608145795762539,0,0
31,LEFT_ANKLE,0.5534899234771729,0.9010877013206482,-0.008070975542068481,0,0
31,RIGHT_ANKLE,0.41700512170791626,0.902100145816803,0.06365400552749634,0,0
31,LEFT_HEEL,0.5513294339179993,0.9139642119407654,-0.0035840454511344433,0,0
31,RIGHT_HEEL,0.419290691614151,0.9251548051834106,0.06758679449558258,0,0
31,LEFT_FOOT_INDEX,0.5561932325363159,0.9454745650291443,-0.1035885363817215,0,0
31,RIGHT_FOOT_INDEX,0.39051729440689087,0.901732861995697,-0.013772035948932171,0,0
32,NOSE,0.46901655197143555,0.5495740175247192,-0.2948282063007355,0,0
32,LEFT_EYE_INNER,0.4703702926635742,0.5387964248657227,-0.2932793200016022,0,0
32,LEFT_EYE,0.47216325998306274,0.537395179271698,-0.2932780981063843,0,0
32,LEFT_EYE_OUTER,0.4740472733974457,0.5359768271446228,-0.29331377148628235,0,0
32,RIGHT_EYE_INNER,0.4672788381576538,0.5404503345489502,-0.28316405415534973,0,0
32,RIGHT_EYE,0.466653972864151,0.5403284430503845,-0.28318625688552856,0,0
32,RIGHT_EYE_OUTER,0.4661213159561157,0.540225625038147,-0.2832052409648895,0,0
32,LEFT_EAR,0.4831964075565338,0.5306888222694397,-0.2373926341533661,0,0
32,RIGHT_EAR,0.47197410464286804,0.538972795009613,-0.18452468514442444,0,0
32,MOUTH_LEFT,0.47570911049842834,0.5565179586410522,-0.2700919806957245,0,0
32,MOUTH_RIGHT,0.47121885418891907,0.5577499866485596,-0.25516465306282043,0,0
32,LEFT_SHOULDER,0.5194374322891235,0.5499522686004639,-0.15443004667758942,0,0
32,RIGHT_SHOULDER,0.46755900979042053,0.5872843861579895,-0.14239385724067688,0,0
32,LEFT_ELBOW,0.5497786402702332,0.5840938091278076,-0.16643695533275604,0,0
32,RIGHT_ELBOW,0.49532589316368103,0.6561987400054932,-0.1741953343153,0,0
32,LEFT_WRIST,0.5666666626930237,0.5982856750488281,-0.24311162531375885,0,0
32,RIGHT_WRIST,0.5417343378067017,0.6677623987197876,-0.24138464033603668,0,0
32,LEFT_PINKY,0.5734983086585999,0.5958494544029236,-0.26169806718826294,0,0
32,RIGHT_PINKY,0.5522944331169128,0.6735246777534485,-0.2686319649219513,0,0
32,LEFT_INDEX,0.5723432898521423,0.5953586101531982,-0.29904210567474365,0,0
32,RIGHT_INDEX,0.5547066330909729,0.6627123355865479,-0.2724834680557251,0,0
32,LEFT_THUMB,0.569415271282196,0.5975746512413025,-0.2571552097797394,0,0
32,RIGHT_THUMB,0.5529486536979675,0.6582244038581848,-0.24410293996334076,0,0
32,LEFT_HIP,0.5151877999305725,0.7097465991973877,-0.019964689388871193,0,0
32,RIGHT_HIP,0.48067501187324524,0.709493100643158,0.019901519641280174,0,0
32,LEFT_KNEE,0.5364035964012146,0.8039225339889526,-0.09600690007209778,0,0
32,RIGHT_KNEE,0.44492536783218384,0.8017877340316772,-0.02876073122024536,0,0
32,LEFT_ANKLE,0.5534620881080627,0.9021813869476318,0.018877394497394562,0,0
32,RIGHT_ANKLE,0.41600286960601807,0.9068949222564697,0.0512365847826004,0,0
32,LEFT_HEEL,0.5513460040092468,0.9140750169754028,0.024788830429315567,0,0
32,RIGHT_HEEL,0.41809141635894775,0.9303876161575317,0.05517669767141342,0,0
32,LEFT_FOOT_INDEX,0.5561079382896423,0.9456706047058105,-0.07677563279867172,0,0
32,RIGHT_FOOT_INDEX,0.3889593482017517,0.9035540819168091,-0.02607002854347229,0,0
33,NOSE,0.4656478464603424,0.551182210445404,-0.24510769546031952,0,0
33,LEFT_EYE_INNER,0.4672483205795288,0.5403863191604614,-0.24385695159435272,0,0
33,LEFT_EYE,0.4690111577510834,0.5390249490737915,-0.24385157227516174,0,0
33,LEFT_EYE_OUTER,0.47092804312705994,0.5376442670822144,-0.24388746917247772,0,0
33,RIGHT_EYE_INNER,0.46373429894447327,0.5418965816497803,-0.2353491336107254,0,0
33,RIGHT_EYE,0.46293559670448303,0.5417596697807312,-0.23537735641002655,0,0
33,RIGHT_EYE_OUTER,0.46221300959587097,0.541629433631897,-0.2354012429714203,0,0
33,LEFT_EAR,0.4793042540550232,0.5329849720001221,-0.19470664858818054,0,0
33,RIGHT_EAR,0.4674336612224579,0.5407693386077881,-0.14949433505535126,0,0
33,MOUTH_LEFT,0.47188466787338257,0.5580909848213196,-0.22312460839748383,0,0
33,MOUTH_RIGHT,0.4669300615787506,0.5594919323921204,-0.21040162444114685,0,0
33,LEFT_SHOULDER,0.5135272741317749,0.5524476170539856,-0.12289007008075714,0,0
33,RIGHT_SHOULDER,0.4613668620586395,0.5903101563453674,-0.11279719322919846,0,0
33,LEFT_ELBOW,0.5417609810829163,0.5859827399253845,-0.11200236529111862,0,0
33,RIGHT_ELBOW,0.4880636930465698,0.659221887588501,-0.12269195914268494,0,0
33,LEFT_WRIST,0.5647974014282227,0.6175200343132019,-0.15633746981620789,0,0
33,RIGHT_WRIST,0.5398882031440735,0.6829193234443665,-0.17807699739933014,0,0
33,LEFT_PINKY,0.5704420208930969,0.6209524273872375,-0.17199952900409698,0,0
33,RIGHT_PINKY,0.546562135219574,0.6924346685409546,-0.2003367394208908,0,0
33,LEFT_INDEX,0.5689390897750854,0.6226143836975098,-0.18953894078731537,0,0
33,RIGHT_INDEX,0.5484963059425354,0.6810851097106934,-0.21120935678482056,0,0
33,LEFT_THUMB,0.5663750767707825,0.6235344409942627,-0.16401928663253784,0,0
33,RIGHT_THUMB,0.546796441078186,0.6765769124031067,-0.18037006258964539,0,0
33,LEFT_HIP,0.5091052651405334,0.7107353806495667,-0.019567053765058517,0,0
33,RIGHT_HIP,0.4752289652824402,0.7100865840911865,0.019455909729003906,0,0
33,LEFT_KNEE,0.5307772755622864,0.8042581677436829,-0.08738388121128082,0,0
33,RIGHT_KNEE,0.4400663375854492,0.8017935156822205,-0.013949664309620857,0,0
33,LEFT_ANKLE,0.5524237155914307,0.9020876884460449,-0.0005790659924969077,0,0
33,RIGHT_ANKLE,0.41157665848731995,0.908606231212616,0.04488246142864227,0,0
33,LEFT_HEEL,0.5509998798370361,0.9139907360076904,0.003360130125656724,0,0
33,RIGHT_HEEL,0.4151213765144348,0.9311009645462036,0.04758765920996666,0,0
33,LEFT_FOOT_INDEX,0.5556582808494568,0.9453293085098267,-0.09001950919628143,0,0
33,RIGHT_FOOT_INDEX,0.3836115598678589,0.9160570502281189,-0.029435791075229645,0,0
34,NOSE,0.46012213826179504,0.5525314211845398,-0.2480275183916092,0,0
34,LEFT_EYE_INNER,0.462138831615448,0.541649341583252,-0.24806183576583862,0,0
34,LEFT_EYE,0.46396270394325256,0.5403380990028381,-0.24805589020252228,0,0
34,LEFT_EYE_OUTER,0.46594277024269104,0.538963258266449,-0.2480931580066681,0,0
34,RIGHT_EYE_INNER,0.45821619033813477,0.5430252552032471,-0.2401578426361084,0,0
34,RIGHT_EYE,0.4573599696159363,0.542835533618927,-0.2401847094297409,0,0
34,RIGHT_EYE_OUTER,0.45661818981170654,0.5426198244094849,-0.24020420014858246,0,0
34,LEFT_EAR,0.4741764962673187,0.5341017842292786,-0.20233048498630524,0,0
34,RIGHT_EAR,0.46205225586891174,0.5412999987602234,-0.15993960201740265,0,0
34,MOUTH_LEFT,0.46618616580963135,0.5591370463371277,-0.2267347276210785,0,0
34,MOUTH_RIGHT,0.4611234962940216,0.5605258345603943,-0.21472477912902832,0,0
34,LEFT_SHOULDER,0.5066786408424377,0.5538422465324402,-0.13445118069648743,0,0
34,RIGHT_SHOULDER,0.4529777467250824,0.5907608270645142,-0.11805988848209381,0,0
34,LEFT_ELBOW,0.5315659642219543,0.5915791392326355,-0.14482103288173676,0,0
34,RIGHT_ELBOW,0.4778222143650055,0.6643770933151245,-0.11594080179929733,0,0
34,LEFT_WRIST,0.5618434548377991,0.632142961025238,-0.23513396084308624,0,0
34,RIGHT_WRIST,0.5224058032035828,0.7042639851570129,-0.16492529213428497,0,0
34,LEFT_PINKY,0.5660730004310608,0.6337010860443115,-0.2623675763607025,0,0
34,RIGHT_PINKY,0.5324122309684753,0.7126612663269043,-0.18902213871479034,0,0
34,LEFT_INDEX,0.5648464560508728,0.6371306777000427,-0.2827896177768707,0,0
34,RIGHT_INDEX,0.535483717918396,0.7033087611198425,-0.20465053617954254,0,0
34,LEFT_THUMB,0.5623911023139954,0.6387032866477966,-0.2459343522787094,0,0
34,RIGHT_THUMB,0.5328986644744873,0.6994922757148743,-0.1689452975988388,0,0
34,LEFT_HIP,0.5005918145179749,0.716025173664093,-0.019420135766267776,0,0
34,RIGHT_HIP,0.4668073356151581,0.7145079970359802,0.019311368465423584,0,0
34,LEFT_KNEE,0.5254236459732056,0.8098967671394348,-0.08521120250225067,0,0
34,RIGHT_KNEE,0.43057459592819214,0.8045085072517395,0.0037499915342777967,0,0
34,LEFT_ANKLE,0.54991215467453,0.9021920561790466,0.014836045913398266,0,0
34,RIGHT_ANKLE,0.4077092111110687,0.9117494225502014,0.09854022413492203,0,0
34,LEFT_HEEL,0.5484037399291992,0.9139376878738403,0.020452948287129402,0,0
34,RIGHT_HEEL,0.4131399989128113,0.9320316314697266,0.10431451350450516,0,0
34,LEFT_FOOT_INDEX,0.5557178258895874,0.9453086853027344,-0.06730888038873672,0,0
34,RIGHT_FOOT_INDEX,0.38118255138397217,0.9342198371887207,0.034091632813215256,0,0
35,NOSE,0.45454198122024536,0.5521871447563171,-0.18743179738521576,0,0
35,LEFT_EYE_INNER,0.45680493116378784,0.541084885597229,-0.19040606915950775,0,0
35,LEFT_EYE,0.4587109386920929,0.5398716330528259,-0.1904076784849167,0,0
35,LEFT_EYE_OUTER,0.4606475234031677,0.5386086702346802,-0.19044627249240875,0,0
35,RIGHT_EYE_INNER,0.45327630639076233,0.5424317717552185,-0.18297897279262543,0,0
35,RIGHT_EYE,0.45249512791633606,0.5422483682632446,-0.18299761414527893,0,0
35,RIGHT_EYE_OUTER,0.45180898904800415,0.5420904159545898,-0.18300296366214752,0,0
35,LEFT_EAR,0.46948447823524475,0.5337119698524475,-0.1632881462574005,0,0
35,RIGHT_EAR,0.45808255672454834,0.5399436950683594,-0.13726845383644104,0,0
35,MOUTH_LEFT,0.46023130416870117,0.5591225624084473,-0.17234700918197632,0,0
35,MOUTH_RIGHT,0.4554385244846344,0.5602096319198608,-0.16178211569786072,0,0
35,LEFT_SHOULDER,0.5015783309936523,0.5587607622146606,-0.10883282124996185,0,0
35,RIGHT_SHOULDER,0.445360392332077,0.589626133441925,-0.1100115031003952,0,0
35,LEFT_ELBOW,0.5248807072639465,0.5993195176124573,-0.09361682087182999,0,0
35,RIGHT_ELBOW,0.46013033390045166,0.66959547996521,-0.06265925616025925,0,0
35,LEFT_WRIST,0.5542429089546204,0.6458244323730469,-0.14580203592777252,0,0
35,RIGHT_WRIST,0.49707144498825073,0.7229756712913513,-0.10202682763338089,0,0
35,LEFT_PINKY,0.5650777220726013,0.6527459025382996,-0.16384704411029816,0,0
35,RIGHT_PINKY,0.5055215358734131,0.7391050457954407,-0.12188238650560379,0,0
35,LEFT_INDEX,0.5631214380264282,0.6563218235969543,-0.18140214681625366,0,0
35,RIGHT_INDEX,0.5103131532669067,0.7319851517677307,-0.1320011168718338,0,0
35,LEFT_THUMB,0.5575637817382812,0.6558769345283508,-0.1535230129957199,0,0
35,RIGHT_THUMB,0.5083683729171753,0.7261644005775452,-0.10562039911746979,0,0
35,LEFT_HIP,0.49415314197540283,0.7177507877349854,-0.0171663798391819,0,0
35,RIGHT_HIP,0.459507554769516,0.714502215385437,0.017052773386240005,0,0
35,LEFT_KNEE,0.5163461565971375,0.8164142370223999,-0.007854499854147434,0,0
35,RIGHT_KNEE,0.42522522807121277,0.8020577430725098,-0.01580793596804142,0,0
35,LEFT_ANKLE,0.5469686388969421,0.9021730422973633,0.09210800379514694,0,0
35,RIGHT_ANKLE,0.4053633511066437,0.9141022562980652,0.028625570237636566,0,0
35,LEFT_HEEL,0.5458351373672485,0.9127563238143921,0.09912081807851791,0,0
35,RIGHT_HEEL,0.41178029775619507,0.9340393543243408,0.030979789793491364,0,0
35,LEFT_FOOT_INDEX,0.5566782355308533,0.9457207918167114,0.03323742374777794,0,0
35,RIGHT_FOOT_INDEX,0.38058334589004517,0.9430599212646484,-0.03003290295600891,0,0
36,NOSE,0.4489137828350067,0.5523199439048767,-0.17204883694648743,0,0
36,LEFT_EYE_INNER,0.45084819197654724,0.5410478115081787,-0.17727163434028625,0,0
36,LEFT_EYE,0.45251893997192383,0.5398930907249451,-0.17728036642074585,0,0
36,LEFT_EYE_OUTER,0.45425641536712646,0.5385740995407104,-0.1773192137479782,0,0
36,RIGHT_EYE_INNER,0.4479418694972992,0.5422898530960083,-0.1663508117198944,0,0
36,RIGHT_EYE,0.44743791222572327,0.5420594215393066,-0.16637179255485535,0,0
36,RIGHT_EYE_OUTER,0.4469890594482422,0.5418409109115601,-0.16638006269931793,0,0
36,LEFT_EAR,0.4638966917991638,0.5332224369049072,-0.1565578430891037,0,0
36,RIGHT_EAR,0.4542352855205536,0.5385875701904297,-0.10680310428142548,0,0
36,MOUTH_LEFT,0.454348087310791,0.5591333508491516,-0.15961888432502747,0,0
36,MOUTH_RIGHT,0.45029398798942566,0.5600730180740356,-0.14460769295692444,0,0
36,LEFT_SHOULDER,0.49596521258354187,0.5626538395881653,-0.10436062514781952,0,0
36,RIGHT_SHOULDER,0.4400915503501892,0.5877596735954285,-0.062319375574588776,0,0
36,LEFT_ELBOW,0.5188418626785278,0.6069064140319824,-0.08809033781290054,0,0
36,RIGHT_ELBOW,0.4426526427268982,0.6659820079803467,-0.018699366599321365,0,0
36,LEFT_WRIST,0.5436581969261169,0.6608679890632629,-0.13302510976791382,0,0
36,RIGHT_WRIST,0.4566730558872223,0.7417687177658081,-0.06322318315505981,0,0
36,LEFT_PINKY,0.5566462874412537,0.6746318340301514,-0.15027061104774475,0,0
36,RIGHT_PINKY,0.4569939970970154,0.7634491920471191,-0.07986755669116974,0,0
36,LEFT_INDEX,0.5534047484397888,0.6772311329841614,-0.16778381168842316,0,0
36,RIGHT_INDEX,0.46449682116508484,0.7619249820709229,-0.09745526313781738,0,0
36,LEFT_THUMB,0.54768306016922,0.6745447516441345,-0.14067645370960236,0,0
36,RIGHT_THUMB,0.4657110869884491,0.7549247145652771,-0.0706438198685646,0,0
36,LEFT_HIP,0.4814249575138092,0.7289525866508484,-0.01729736477136612,0,0
36,RIGHT_HIP,0.44750213623046875,0.7226762175559998,0.01720317453145981,0,0
36,LEFT_KNEE,0.511931300163269,0.8276024460792542,-0.01598791964352131,0,0
36,RIGHT_KNEE,0.4187013804912567,0.8019251823425293,-0.04652935266494751,0,0
36,LEFT_ANKLE,0.5404637455940247,0.901212215423584,0.10137633234262466,0,0
36,RIGHT_ANKLE,0.4045807123184204,0.9151945114135742,0.03288467973470688,0,0
36,LEFT_HEEL,0.5392464995384216,0.9114193320274353,0.10985418409109116,0,0
36,RIGHT_HEEL,0.41080960631370544,0.9344462156295776,0.036557234823703766,0,0
36,LEFT_FOOT_INDEX,0.5566287636756897,0.9449662566184998,0.04534328356385231,0,0
36,RIGHT_FOOT_INDEX,0.37949487566947937,0.9458996653556824,-0.02883560210466385,0,0
37,NOSE,0.4475971758365631,0.5509948134422302,-0.19538384675979614,0,0
37,LEFT_EYE_INNER,0.44983598589897156,0.5398281216621399,-0.20027226209640503,0,0
37,LEFT_EYE,0.45157861709594727,0.5386175513267517,-0.20027033984661102,0,0
37,LEFT_EYE_OUTER,0.45338916778564453,0.5372349619865417,-0.2003118246793747,0,0
37,RIGHT_EYE_INNER,0.44711512327194214,0.5411570072174072,-0.19213293492794037,0,0
37,RIGHT_EYE,0.4467427134513855,0.5409708619117737,-0.19216281175613403,0,0
37,RIGHT_EYE_OUTER,0.44642332196235657,0.5407416224479675,-0.19216935336589813,0,0
37,LEFT_EAR,0.46321219205856323,0.531959056854248,-0.16945452988147736,0,0
37,RIGHT_EAR,0.4545261263847351,0.5374926328659058,-0.12841980159282684,0,0
37,MOUTH_LEFT,0.4533557891845703,0.5578939318656921,-0.17999450862407684,0,0
37,MOUTH_RIGHT,0.4498237669467926,0.5588198304176331,-0.168888658285141,0,0
37,LEFT_SHOULDER,0.49418121576309204,0.5643485188484192,-0.1101861298084259,0,0
37,RIGHT_SHOULDER,0.43805497884750366,0.5866153240203857,-0.07634791731834412,0,0
37,LEFT_ELBOW,0.5178055167198181,0.6079174280166626,-0.08695720881223679,0,0
37,RIGHT_ELBOW,0.4407341182231903,0.6663834452629089,-0.045522257685661316,0,0
37,LEFT_WRIST,0.5416908860206604,0.6622281670570374,-0.1271342933177948,0,0
37,RIGHT_WRIST,0.4558706283569336,0.7441240549087524,-0.0896652489900589,0,0
37,LEFT_PINKY,0.5530369877815247,0.6755022406578064,-0.14365284144878387,0,0
37,RIGHT_PINKY,0.45618560910224915,0.7660462260246277,-0.10739962756633759,0,0
37,LEFT_INDEX,0.5502058267593384,0.6782580614089966,-0.16182245314121246,0,0
37,RIGHT_INDEX,0.4630524218082428,0.7651718258857727,-0.12395420670509338,0,0
37,LEFT_THUMB,0.5449410676956177,0.6751968860626221,-0.13491006195545197,0,0
37,RIGHT_THUMB,0.464298278093338,0.7582785487174988,-0.09652065485715866,0,0
37,LEFT_HIP,0.4822944700717926,0.7299850583076477,-0.01660938374698162,0,0
37,RIGHT_HIP,0.44739970564842224,0.7237256765365601,0.016517406329512596,0,0
37,LEFT_KNEE,0.508129358291626,0.8282889127731323,-0.02810167334973812,0,0
37,RIGHT_KNEE,0.4165894687175751,0.8053781986236572,-0.0493570901453495,0,0
37,LEFT_ANKLE,0.5373089909553528,0.8990317583084106,0.10773036628961563,0,0
37,RIGHT_ANKLE,0.4056447744369507,0.9146928787231445,0.05607355013489723,0,0
37,LEFT_HEEL,0.535702645778656,0.907696008682251,0.11835607886314392,0,0
37,RIGHT_HEEL,0.41165903210639954,0.93476402759552,0.0643310695886612,0,0
37,LEFT_FOOT_INDEX,0.5563602447509766,0.9448245167732239,0.05449648201465607,0,0
37,RIGHT_FOOT_INDEX,0.37947511672973633,0.9466800689697266,0.001415831153281033,0,0
38,NOSE,0.44836100935935974,0.551415741443634,-0.20189881324768066,0,0
38,LEFT_EYE_INNER,0.4506980776786804,0.5401039123535156,-0.20546750724315643,0,0
38,LEFT_EYE,0.4524601995944977,0.5388680696487427,-0.20546196401119232,0,0
38,LEFT_EYE_OUTER,0.4543702304363251,0.5374746918678284,-0.20549272000789642,0,0
38,RIGHT_EYE_INNER,0.4475638270378113,0.541594922542572,-0.19757786393165588,0,0
38,RIGHT_EYE,0.44704198837280273,0.5414968729019165,-0.19760368764400482,0,0
38,RIGHT_EYE_OUTER,0.4465952217578888,0.5412773489952087,-0.19760039448738098,0,0
38,LEFT_EAR,0.46401166915893555,0.532048761844635,-0.1696261465549469,0,0
38,RIGHT_EAR,0.45422953367233276,0.5372412800788879,-0.1285366266965866,0,0
38,MOUTH_LEFT,0.4539697468280792,0.5583239793777466,-0.1843602955341339,0,0
38,MOUTH_RIGHT,0.45051175355911255,0.5591462850570679,-0.1733991801738739,0,0
38,LEFT_SHOULDER,0.49583351612091064,0.5646334886550903,-0.10915302485227585,0,0
38,RIGHT_SHOULDER,0.4393818974494934,0.586071252822876,-0.07570842653512955,0,0
38,LEFT_ELBOW,0.5187161564826965,0.6096372604370117,-0.0830971822142601,0,0
38,RIGHT_ELBOW,0.4407890737056732,0.6670578718185425,-0.03634762391448021,0,0
38,LEFT_WRIST,0.5421872735023499,0.6644867062568665,-0.12369120121002197,0,0
38,RIGHT_WRIST,0.455252468585968,0.7430095076560974,-0.07892613112926483,0,0
38,LEFT_PINKY,0.5530380606651306,0.6781470775604248,-0.1398787498474121,0,0
38,RIGHT_PINKY,0.45512357354164124,0.7651680707931519,-0.09539686143398285,0,0
38,LEFT_INDEX,0.5503091812133789,0.6805510520935059,-0.15755148231983185,0,0
38,RIGHT_INDEX,0.46198755502700806,0.7643091082572937,-0.11261048167943954,0,0
38,LEFT_THUMB,0.545711100101471,0.6772338151931763,-0.1312144547700882,0,0
38,RIGHT_THUMB,0.46321308612823486,0.75718754529953,-0.08586429804563522,0,0
38,LEFT_HIP,0.48218002915382385,0.7287136912345886,-0.016984201967716217,0,0
38,RIGHT_HIP,0.44791749119758606,0.7228038907051086,0.016896357759833336,0,0
38,LEFT_KNEE,0.5050029158592224,0.8247576951980591,-0.0313526913523674,0,0
38,RIGHT_KNEE,0.4167230725288391,0.8051691055297852,-0.04850750043988228,0,0
38,LEFT_ANKLE,0.536535382270813,0.8972914218902588,0.08786072582006454,0,0
38,RIGHT_ANKLE,0.40484941005706787,0.9148805737495422,0.0533188171684742,0,0
38,LEFT_HEEL,0.5355107188224792,0.9049350619316101,0.09677901118993759,0,0
38,RIGHT_HEEL,0.4106961190700531,0.935528576374054,0.060687389224767685,0,0
38,LEFT_FOOT_INDEX,0.5557301044464111,0.9448553323745728,0.03134974092245102,0,0
38,RIGHT_FOOT_INDEX,0.3788700997829437,0.945882260799408,-0.0031882552430033684,0,0
39,NOSE,0.4419533312320709,0.5480186939239502,-0.19887849688529968,0,0
39,LEFT_EYE_INNER,0.44512563943862915,0.5374895930290222,-0.20313392579555511,0,0
39,LEFT_EYE,0.4469009041786194,0.536673367023468,-0.20316246151924133,0,0
39,LEFT_EYE_OUTER,0.448809415102005,0.5355516076087952,-0.2031984180212021,0,0
39,RIGHT_EYE_INNER,0.4420252740383148,0.5369575023651123,-0.18961313366889954,0,0
39,RIGHT_EYE,0.44160035252571106,0.5359103679656982,-0.18962879478931427,0,0
39,RIGHT_EYE_OUTER,0.44128042459487915,0.5346806645393372,-0.1896091252565384,0,0
39,LEFT_EAR,0.4576701819896698,0.5305737853050232,-0.1692708283662796,0,0
39,RIGHT_EAR,0.4490553140640259,0.5299091339111328,-0.10605638474225998,0,0
39,MOUTH_LEFT,0.44736048579216003,0.5552252531051636,-0.1831151843070984,0,0
39,MOUTH_RIGHT,0.44344738125801086,0.5544204711914062,-0.16516436636447906,0,0
39,LEFT_SHOULDER,0.4868946373462677,0.5675100088119507,-0.1332521289587021,0,0
39,RIGHT_SHOULDER,0.433535635471344,0.5711573958396912,-0.025848230347037315,0,0
39,LEFT_ELBOW,0.5131403207778931,0.6230202317237854,-0.1545504778623581,0,0
39,RIGHT_ELBOW,0.4061554968357086,0.6274762153625488,0.023585250601172447,0,0
39,LEFT_WRIST,0.5323787331581116,0.6948325037956238,-0.20242343842983246,0,0
39,RIGHT_WRIST,0.37168481945991516,0.6833726763725281,-0.04052555561065674,0,0
39,LEFT_PINKY,0.5403308272361755,0.7134752869606018,-0.2237056940793991,0,0
39,RIGHT_PINKY,0.3605644404888153,0.7043814659118652,-0.05527187138795853,0,0
39,LEFT_INDEX,0.5364018678665161,0.7168874740600586,-0.241085946559906,0,0
39,RIGHT_INDEX,0.36090710759162903,0.7095205783843994,-0.0844728872179985,0,0
39,LEFT_THUMB,0.5328781604766846,0.7115384936332703,-0.21048830449581146,0,0
39,RIGHT_THUMB,0.3642173707485199,0.7044042944908142,-0.055090341717004776,0,0
39,LEFT_HIP,0.47140076756477356,0.7286760807037354,-0.03612416982650757,0,0
39,RIGHT_HIP,0.4400876462459564,0.7210396528244019,0.03614626079797745,0,0
39,LEFT_KNEE,0.47956162691116333,0.8279547095298767,-0.04318702965974808,0,0
39,RIGHT_KNEE,0.4137692153453827,0.8023881316184998,-0.05487839877605438,0,0
39,LEFT_ANKLE,0.5315924286842346,0.8897948265075684,0.06511985510587692,0,0
39,RIGHT_ANKLE,0.4041297137737274,0.9136345982551575,0.02252405881881714,0,0
39,LEFT_HEEL,0.5370557904243469,0.8824206590652466,0.07185876369476318,0,0
39,RIGHT_HEEL,0.41022688150405884,0.9349783658981323,0.026434261351823807,0,0
39,LEFT_FOOT_INDEX,0.5426857471466064,0.9443853497505188,0.0026290391106158495,0,0
39,RIGHT_FOOT_INDEX,0.3784441649913788,0.9441694617271423,-0.041279252618551254,0,0
40,NOSE,0.44090384244918823,0.5474272966384888,-0.19881492853164673,0,0
40,LEFT_EYE_INNER,0.44412320852279663,0.5366173982620239,-0.2037268579006195,0,0
40,LEFT_EYE,0.4458327293395996,0.5358260869979858,-0.20376621186733246,0,0
40,LEFT_EYE_OUTER,0.44755858182907104,0.5347095727920532,-0.20380626618862152,0,0
40,RIGHT_EYE_INNER,0.4410794973373413,0.5356870889663696,-0.18824611604213715,0,0
40,RIGHT_EYE,0.4406718909740448,0.5344310402870178,-0.18826033174991608,0,0
40,RIGHT_EYE_OUTER,0.44030484557151794,0.5330110192298889,-0.18824411928653717,0,0
40,LEFT_EAR,0.4566476047039032,0.5297335982322693,-0.18034164607524872,0,0
40,RIGHT_EAR,0.44760969281196594,0.5274838209152222,-0.10163553804159164,0,0
40,MOUTH_LEFT,0.4463547170162201,0.5545938014984131,-0.1846514195203781,0,0
40,MOUTH_RIGHT,0.4424618184566498,0.5535314679145813,-0.16363221406936646,0,0
40,LEFT_SHOULDER,0.4871761202812195,0.5706937909126282,-0.15358063578605652,0,0
40,RIGHT_SHOULDER,0.4325612187385559,0.5676658749580383,-0.01703088916838169,0,0
40,LEFT_ELBOW,0.5133593678474426,0.6257824897766113,-0.1865270435810089,0,0
40,RIGHT_ELBOW,0.40305185317993164,0.6208696365356445,0.03239057585597038,0,0
40,LEFT_WRIST,0.5305238366127014,0.6977871656417847,-0.23994317650794983,0,0
40,RIGHT_WRIST,0.36852189898490906,0.675324022769928,-0.03294773027300835,0,0
40,LEFT_PINKY,0.5377912521362305,0.7158520817756653,-0.26358258724212646,0,0
40,RIGHT_PINKY,0.3581327497959137,0.6925987005233765,-0.04674844816327095,0,0
40,LEFT_INDEX,0.5338605642318726,0.7190887928009033,-0.27987778186798096,0,0
40,RIGHT_INDEX,0.35880047082901,0.6958892345428467,-0.07612355053424835,0,0
40,LEFT_THUMB,0.5301985740661621,0.7128981947898865,-0.2478484958410263,0,0
40,RIGHT_THUMB,0.3625396192073822,0.6912901997566223,-0.04795874282717705,0,0
40,LEFT_HIP,0.46885377168655396,0.7291659712791443,-0.043726567178964615,0,0
40,RIGHT_HIP,0.43795135617256165,0.7200890183448792,0.043787967413663864,0,0
40,LEFT_KNEE,0.4767366945743561,0.8275729417800903,-0.061757516115903854,0,0
40,RIGHT_KNEE,0.4129273593425751,0.8000616431236267,-0.043539173901081085,0,0
40,LEFT_ANKLE,0.5301598906517029,0.8872763514518738,0.03951876610517502,0,0
40,RIGHT_ANKLE,0.4040469229221344,0.9132119417190552,0.0246893297880888,0,0
40,LEFT_HEEL,0.5373876690864563,0.8777102828025818,0.04672406613826752,0,0
40,RIGHT_HEEL,0.41107892990112305,0.9343451857566833,0.03225250914692879,0,0
40,LEFT_FOOT_INDEX,0.5408218502998352,0.9429976940155029,-0.011940013617277145,0,0
40,RIGHT_FOOT_INDEX,0.37839242815971375,0.9421612620353699,-0.03967611864209175,0,0
41,NOSE,0.43834802508354187,0.5444024801254272,-0.1837141066789627,0,0
41,LEFT_EYE_INNER,0.4417836368083954,0.5335010290145874,-0.18937739729881287,0,0
41,LEFT_EYE,0.4435068368911743,0.532916784286499,-0.1894133985042572,0,0
41,LEFT_EYE_OUTER,0.44520702958106995,0.5319763422012329,-0.18944087624549866,0,0
41,RIGHT_EYE_INNER,0.4389951527118683,0.5325465798377991,-0.17241930961608887,0,0
41,RIGHT_EYE,0.43880799412727356,0.5314656496047974,-0.17242880165576935,0,0
41,RIGHT_EYE_OUTER,0.4386610686779022,0.5302608609199524,-0.1724073737859726,0,0
41,LEFT_EAR,0.45416128635406494,0.5281744599342346,-0.1681099385023117,0,0
41,RIGHT_EAR,0.4454483687877655,0.5256096124649048,-0.08694940060377121,0,0
41,MOUTH_LEFT,0.44357872009277344,0.5528718829154968,-0.17095743119716644,0,0
41,MOUTH_RIGHT,0.44008246064186096,0.5515657663345337,-0.14833129942417145,0,0
41,LEFT_SHOULDER,0.48210227489471436,0.5707656741142273,-0.14317587018013,0,0
41,RIGHT_SHOULDER,0.43194839358329773,0.5590841174125671,0.005761806387454271,0,0
41,LEFT_ELBOW,0.5068643093109131,0.6310587525367737,-0.18032370507717133,0,0
41,RIGHT_ELBOW,0.40034282207489014,0.5863645076751709,0.06455397605895996,0,0
41,LEFT_WRIST,0.5252678394317627,0.6993632316589355,-0.2349172681570053,0,0
41,RIGHT_WRIST,0.3617519736289978,0.6121065616607666,0.00924524012953043,0,0
41,LEFT_PINKY,0.5311865210533142,0.7215766906738281,-0.25557824969291687,0,0
41,RIGHT_PINKY,0.3488110303878784,0.6173635721206665,0.0008224178454838693,0,0
41,LEFT_INDEX,0.5267610549926758,0.7246537208557129,-0.27223268151283264,0,0
41,RIGHT_INDEX,0.3487951159477234,0.6179497838020325,-0.026146352291107178,0,0
41,LEFT_THUMB,0.5234823226928711,0.7173259854316711,-0.24278566241264343,0,0
41,RIGHT_THUMB,0.35238218307495117,0.6184083819389343,-0.004432979039847851,0,0
41,LEFT_HIP,0.463961124420166,0.7282879948616028,-0.04805620759725571,0,0
41,RIGHT_HIP,0.43469709157943726,0.720033586025238,0.048080962151288986,0,0
41,LEFT_KNEE,0.46633681654930115,0.8299131393432617,-0.08884275704622269,0,0
41,RIGHT_KNEE,0.41018638014793396,0.7964137196540833,-0.05566342547535896,0,0
41,LEFT_ANKLE,0.5243154764175415,0.8784250617027283,0.013020277954638004,0,0
41,RIGHT_ANKLE,0.4035147726535797,0.9130707383155823,0.008288792334496975,0,0
41,LEFT_HEEL,0.5340735912322998,0.8680488467216492,0.02065403014421463,0,0
41,RIGHT_HEEL,0.41102898120880127,0.934141218662262,0.011450443416833878,0,0
41,LEFT_FOOT_INDEX,0.5324627161026001,0.9406135082244873,-0.03540709242224693,0,0
41,RIGHT_FOOT_INDEX,0.37699803709983826,0.9424803853034973,-0.05259789898991585,0,0
42,NOSE,0.4333529472351074,0.5382614135742188,-0.17138133943080902,0,0
42,LEFT_EYE_INNER,0.43721166253089905,0.5275421142578125,-0.18093784153461456,0,0
42,LEFT_EYE,0.43904781341552734,0.5271114110946655,-0.18095919489860535,0,0
42,LEFT_EYE_OUTER,0.4409252405166626,0.5264016389846802,-0.18098632991313934,0,0
42,RIGHT_EYE_INNER,0.43490925431251526,0.5269434452056885,-0.16027864813804626,0,0
42,RIGHT_EYE,0.43507128953933716,0.5261626243591309,-0.1602853387594223,0,0
42,RIGHT_EYE_OUTER,0.43533337116241455,0.5252423882484436,-0.16025592386722565,0,0
42,LEFT_EAR,0.4506126344203949,0.5252324938774109,-0.17407578229904175,0,0
42,RIGHT_EAR,0.44433823227882385,0.522451639175415,-0.08216488361358643,0,0
42,MOUTH_LEFT,0.4395497143268585,0.5487062335014343,-0.16605830192565918,0,0
42,MOUTH_RIGHT,0.4363706409931183,0.5476102232933044,-0.13883250951766968,0,0
42,LEFT_SHOULDER,0.4766373038291931,0.5754547119140625,-0.1709410846233368,0,0
42,RIGHT_SHOULDER,0.4353399872779846,0.5497637987136841,0.012681931257247925,0,0
42,LEFT_ELBOW,0.4995817244052887,0.642306387424469,-0.21015238761901855,0,0
42,RIGHT_ELBOW,0.40468528866767883,0.5555946826934814,0.0729769840836525,0,0
42,LEFT_WRIST,0.5197722911834717,0.7099664807319641,-0.24486978352069855,0,0
42,RIGHT_WRIST,0.36681851744651794,0.547313928604126,0.028591036796569824,0,0
42,LEFT_PINKY,0.5254495143890381,0.7309265732765198,-0.26362594962120056,0,0
42,RIGHT_PINKY,0.35577329993247986,0.5372979044914246,0.025353489443659782,0,0
42,LEFT_INDEX,0.5214563608169556,0.7342740297317505,-0.27999162673950195,0,0
42,RIGHT_INDEX,0.3548676073551178,0.5371685028076172,0.0013840551255270839,0,0
42,LEFT_THUMB,0.5185712575912476,0.7286887764930725,-0.25194862484931946,0,0
42,RIGHT_THUMB,0.35843074321746826,0.5430560111999512,0.016063053160905838,0,0
42,LEFT_HIP,0.45730847120285034,0.7274072170257568,-0.05870526283979416,0,0
42,RIGHT_HIP,0.4313788115978241,0.7143878936767578,0.058668412268161774,0,0
42,LEFT_KNEE,0.4562694728374481,0.8306492567062378,-0.12092112749814987,0,0
42,RIGHT_KNEE,0.4078543782234192,0.7944397330284119,0.0014138425467535853,0,0
42,LEFT_ANKLE,0.5150649547576904,0.873870313167572,-0.03411775082349777,0,0
42,RIGHT_ANKLE,0.40437671542167664,0.9125919342041016,0.05711282789707184,0,0
42,LEFT_HEEL,0.5286455750465393,0.8632282614707947,-0.02728928066790104,0,0
42,RIGHT_HEEL,0.41162076592445374,0.9342448711395264,0.05887926369905472,0,0
42,LEFT_FOOT_INDEX,0.5255548357963562,0.9390426874160767,-0.07125179469585419,0,0
42,RIGHT_FOOT_INDEX,0.3768825829029083,0.9419786930084229,0.010830575600266457,0,0
43,NOSE,0.43274202942848206,0.5364338755607605,-0.17477530241012573,0,0
43,LEFT_EYE_INNER,0.4365464150905609,0.5255312323570251,-0.1852646917104721,0,0
43,LEFT_EYE,0.4383253753185272,0.525116503238678,-0.18528935313224792,0,0
43,LEFT_EYE_OUTER,0.4400802552700043,0.524479329586029,-0.18532468378543854,0,0
43,RIGHT_EYE_INNER,0.4343799352645874,0.5250979661941528,-0.16459475457668304,0,0
43,RIGHT_EYE,0.43457910418510437,0.5244227647781372,-0.16460318863391876,0,0
43,RIGHT_EYE_OUTER,0.4348512291908264,0.5236309170722961,-0.16457274556159973,0,0
43,LEFT_EAR,0.4498549997806549,0.5237219929695129,-0.18572217226028442,0,0
43,RIGHT_EAR,0.44382616877555847,0.5209953784942627,-0.08836068212985992,0,0
43,MOUTH_LEFT,0.4391346573829651,0.5469910502433777,-0.16972152888774872,0,0
43,MOUTH_RIGHT,0.43608856201171875,0.5456600785255432,-0.14251437783241272,0,0
43,LEFT_SHOULDER,0.4759555757045746,0.5763307213783264,-0.1829676479101181,0,0
43,RIGHT_SHOULDER,0.43725448846817017,0.5471636652946472,0.006350817624479532,0,0
43,LEFT_ELBOW,0.49911436438560486,0.6428003907203674,-0.22496338188648224,0,0
43,RIGHT_ELBOW,0.40667107701301575,0.5527217388153076,0.0790453627705574,0,0
43,LEFT_WRIST,0.5190083384513855,0.7101511359214783,-0.2676840126514435,0,0
43,RIGHT_WRIST,0.36950021982192993,0.5471480488777161,0.05445227399468422,0,0
43,LEFT_PINKY,0.5239673256874084,0.7307557463645935,-0.2888008654117584,0,0
43,RIGHT_PINKY,0.3592101037502289,0.5392228364944458,0.055192120373249054,0,0
43,LEFT_INDEX,0.5204245448112488,0.734588086605072,-0.3039500415325165,0,0
43,RIGHT_INDEX,0.35802677273750305,0.5390298366546631,0.02976214326918125,0,0
43,LEFT_THUMB,0.5177902579307556,0.7283120155334473,-0.27442577481269836,0,0
43,RIGHT_THUMB,0.36129438877105713,0.5426045656204224,0.041746076196432114,0,0
43,LEFT_HIP,0.45684659481048584,0.7270985841751099,-0.0602077879011631,0,0
43,RIGHT_HIP,0.4313045144081116,0.7133892178535461,0.06021833419799805,0,0
43,LEFT_KNEE,0.4541863203048706,0.8307651877403259,-0.11680276691913605,0,0
43,RIGHT_KNEE,0.40894848108291626,0.7945071458816528,0.059816353023052216,0,0
43,LEFT_ANKLE,0.5139245986938477,0.8748558759689331,-0.02954557165503502,0,0
43,RIGHT_ANKLE,0.4041696786880493,0.912222683429718,0.1341441571712494,0,0
43,LEFT_HEEL,0.5280845761299133,0.8654183745384216,-0.02245970629155636,0,0
43,RIGHT_HEEL,0.41141805052757263,0.9338553547859192,0.13776858150959015,0,0
43,LEFT_FOOT_INDEX,0.52458655834198,0.9385912418365479,-0.06692757457494736,0,0
43,RIGHT_FOOT_INDEX,0.3772425353527069,0.9409912824630737,0.09036768227815628,0,0
44,NOSE,0.43006792664527893,0.5339627861976624,-0.17689499258995056,0,0
44,LEFT_EYE_INNER,0.4330524206161499,0.5238789916038513,-0.18844066560268402,0,0
44,LEFT_EYE,0.43447235226631165,0.5237215161323547,-0.18846286833286285,0,0
44,LEFT_EYE_OUTER,0.4359370470046997,0.5234098434448242,-0.18849672377109528,0,0
44,RIGHT_EYE_INNER,0.4314955174922943,0.5228857398033142,-0.16731460392475128,0,0
44,RIGHT_EYE,0.43179580569267273,0.5220508575439453,-0.16732853651046753,0,0
44,RIGHT_EYE_OUTER,0.4322426915168762,0.5210708975791931,-0.16730211675167084,0,0
44,LEFT_EAR,0.44558438658714294,0.5231255888938904,-0.20802806317806244,0,0
44,RIGHT_EAR,0.44225558638572693,0.5194017291069031,-0.08882789313793182,0,0
44,MOUTH_LEFT,0.4354037344455719,0.5438255667686462,-0.17456267774105072,0,0
44,MOUTH_RIGHT,0.433012992143631,0.5421133041381836,-0.14697785675525665,0,0
44,LEFT_SHOULDER,0.46913057565689087,0.5816088318824768,-0.20946060121059418,0,0
44,RIGHT_SHOULDER,0.44448122382164,0.5449330806732178,-0.007638018112629652,0,0
44,LEFT_ELBOW,0.49210256338119507,0.6552598476409912,-0.25304892659187317,0,0
44,RIGHT_ELBOW,0.416416198015213,0.5246865749359131,0.10495713353157043,0,0
44,LEFT_WRIST,0.5119950771331787,0.7249768376350403,-0.2723208963871002,0,0
44,RIGHT_WRIST,0.38867902755737305,0.50096195936203,0.15505002439022064,0,0
44,LEFT_PINKY,0.5180286169052124,0.744859516620636,-0.28920242190361023,0,0
44,RIGHT_PINKY,0.3813447058200836,0.49318134784698486,0.16788293421268463,0,0
44,LEFT_INDEX,0.5149244070053101,0.7461019158363342,-0.3011825382709503,0,0
44,RIGHT_INDEX,0.3807218670845032,0.493471622467041,0.1448715329170227,0,0
44,LEFT_THUMB,0.5118805170059204,0.7423045635223389,-0.2769263982772827,0,0
44,RIGHT_THUMB,0.3827740550041199,0.49714529514312744,0.14563851058483124,0,0
44,LEFT_HIP,0.4497920572757721,0.7288062572479248,-0.06443122029304504,0,0
44,RIGHT_HIP,0.4313356280326843,0.7133423686027527,0.06441528350114822,0,0
44,LEFT_KNEE,0.44976508617401123,0.8307046890258789,-0.11151300370693207,0,0
44,RIGHT_KNEE,0.4100683927536011,0.7945627570152283,0.058982837945222855,0,0
44,LEFT_ANKLE,0.508190393447876,0.8743019700050354,-0.00427647028118372,0,0
44,RIGHT_ANKLE,0.40413898229599,0.9126558303833008,0.12884460389614105,0,0
44,LEFT_HEEL,0.5238081216812134,0.8643978834152222,0.002738711191341281,0,0
44,RIGHT_HEEL,0.41106775403022766,0.9341853857040405,0.1313851922750473,0,0
44,LEFT_FOOT_INDEX,0.5186296701431274,0.937888503074646,-0.04744119197130203,0,0
44,RIGHT_FOOT_INDEX,0.3769382834434509,0.9403162002563477,0.08168881386518478,0,0
45,NOSE,0.4272341728210449,0.527729868888855,-0.16152414679527283,0,0
45,LEFT_EYE_INNER,0.43037912249565125,0.5166410803794861,-0.17732159793376923,0,0
45,LEFT_EYE,0.4317553639411926,0.5163952112197876,-0.1773131936788559,0,0
45,LEFT_EYE_OUTER,0.43315088748931885,0.5162215828895569,-0.17733682692050934,0,0
45,RIGHT_EYE_INNER,0.42929694056510925,0.5157817006111145,-0.15407665073871613,0,0
45,RIGHT_EYE,0.42983999848365784,0.5148768424987793,-0.15408001840114594,0,0
45,RIGHT_EYE_OUTER,0.4305188059806824,0.5140098333358765,-0.15402759611606598,0,0
45,LEFT_EAR,0.4426743686199188,0.5178217887878418,-0.20206743478775024,0,0
45,RIGHT_EAR,0.4404406249523163,0.514251172542572,-0.09340249747037888,0,0
45,MOUTH_LEFT,0.4321485757827759,0.5378513932228088,-0.16738586127758026,0,0
45,MOUTH_RIGHT,0.4304104447364807,0.5365788340568542,-0.13728603720664978,0,0
45,LEFT_SHOULDER,0.46187397837638855,0.5833423137664795,-0.21432390809059143,0,0
45,RIGHT_SHOULDER,0.44687986373901367,0.5490257740020752,-0.012245938181877136,0,0
45,LEFT_ELBOW,0.48429542779922485,0.6605963110923767,-0.2520216703414917,0,0
45,RIGHT_ELBOW,0.4478549063205719,0.5206173658370972,0.12572582066059113,0,0
45,LEFT_WRIST,0.5020708441734314,0.7356734275817871,-0.2476920336484909,0,0
45,RIGHT_WRIST,0.4507898986339569,0.5003303289413452,0.24990959465503693,0,0
45,LEFT_PINKY,0.5084245204925537,0.7580710053443909,-0.2680276334285736,0,0
45,RIGHT_PINKY,0.44853588938713074,0.5029110908508301,0.27091315388679504,0,0
45,LEFT_INDEX,0.5047774910926819,0.7594851851463318,-0.28657737374305725,0,0
45,RIGHT_INDEX,0.4577070474624634,0.5079835653305054,0.2618226706981659,0,0
45,LEFT_THUMB,0.5022458434104919,0.7530466318130493,-0.2529085874557495,0,0
45,RIGHT_THUMB,0.456904798746109,0.5113915205001831,0.24827322363853455,0,0
45,LEFT_HIP,0.4440498650074005,0.7334626913070679,-0.06565346568822861,0,0
45,RIGHT_HIP,0.42945942282676697,0.7173619866371155,0.0655548945069313,0,0
45,LEFT_KNEE,0.44601985812187195,0.830398678779602,-0.04486127570271492,0,0
45,RIGHT_KNEE,0.4110681712627411,0.7950630784034729,0.08202872425317764,0,0
45,LEFT_ANKLE,0.5050731301307678,0.8742076754570007,0.055184364318847656,0,0
45,RIGHT_ANKLE,0.40428638458251953,0.9126532077789307,0.1606558859348297,0,0
45,LEFT_HEEL,0.520147442817688,0.8634395599365234,0.06560268253087997,0,0
45,RIGHT_HEEL,0.4111497700214386,0.9342746138572693,0.16479207575321198,0,0
45,LEFT_FOOT_INDEX,0.5141281485557556,0.9363135695457458,0.041654519736766815,0,0
45,RIGHT_FOOT_INDEX,0.3765290081501007,0.9400639533996582,0.12574073672294617,0,0
46,NOSE,0.42372745275497437,0.5177201628684998,-0.14368748664855957,0,0
46,LEFT_EYE_INNER,0.42695900797843933,0.5074796080589294,-0.16017581522464752,0,0
46,LEFT_EYE,0.4279908239841461,0.5072364807128906,-0.16017939150333405,0,0
46,LEFT_EYE_OUTER,0.4291062653064728,0.5070292353630066,-0.16020770370960236,0,0
46,RIGHT_EYE_INNER,0.42660072445869446,0.50684654712677,-0.1367611140012741,0,0
46,RIGHT_EYE,0.4273717701435089,0.5060946941375732,-0.13673360645771027,0,0
46,RIGHT_EYE_OUTER,0.4282852113246918,0.5053082704544067,-0.1367100328207016,0,0
46,LEFT_EAR,0.43819159269332886,0.5099292993545532,-0.19379210472106934,0,0
46,RIGHT_EAR,0.43798789381980896,0.5075740218162537,-0.0854916125535965,0,0
46,MOUTH_LEFT,0.4282873272895813,0.5279103517532349,-0.1518351435661316,0,0
46,MOUTH_RIGHT,0.42744794487953186,0.5276129841804504,-0.12117543071508408,0,0
46,LEFT_SHOULDER,0.4551696181297302,0.5808481574058533,-0.21311278641223907,0,0
46,RIGHT_SHOULDER,0.4472440183162689,0.5506244897842407,-0.005604168400168419,0,0
46,LEFT_ELBOW,0.47312289476394653,0.6590110063552856,-0.24224433302879333,0,0
46,RIGHT_ELBOW,0.45569929480552673,0.6051246523857117,0.07762619107961655,0,0
46,LEFT_WRIST,0.4867648184299469,0.7406230568885803,-0.24199704825878143,0,0
46,RIGHT_WRIST,0.4658961594104767,0.6639463901519775,0.10570631176233292,0,0
46,LEFT_PINKY,0.4922981560230255,0.7648072242736816,-0.2657149136066437,0,0
46,RIGHT_PINKY,0.46600234508514404,0.6819735765457153,0.09479017555713654,0,0
46,LEFT_INDEX,0.4897638261318207,0.766859769821167,-0.2565458416938782,0,0
46,RIGHT_INDEX,0.46634748578071594,0.6842406392097473,0.08053333312273026,0,0
46,LEFT_THUMB,0.4871351420879364,0.7591521739959717,-0.23488575220108032,0,0
46,RIGHT_THUMB,0.46606114506721497,0.6777872443199158,0.10054456442594528,0,0
46,LEFT_HIP,0.44403794407844543,0.7323753237724304,-0.06766310334205627,0,0
46,RIGHT_HIP,0.4279255270957947,0.7178542613983154,0.06762756407260895,0,0
46,LEFT_KNEE,0.44528016448020935,0.8297985792160034,-0.05563637241721153,0,0
46,RIGHT_KNEE,0.4097760021686554,0.7955864071846008,0.11350223422050476,0,0
46,LEFT_ANKLE,0.5027412176132202,0.8723831176757812,0.04289257153868675,0,0
46,RIGHT_ANKLE,0.40452462434768677,0.912487804889679,0.18805649876594543,0,0
46,LEFT_HEEL,0.5185443162918091,0.8640721440315247,0.05184477940201759,0,0
46,RIGHT_HEEL,0.41114917397499084,0.9340944886207581,0.19205978512763977,0,0
46,LEFT_FOOT_INDEX,0.5093541741371155,0.9340080618858337,0.023337703198194504,0,0
46,RIGHT_FOOT_INDEX,0.37669846415519714,0.9400531053543091,0.1566748172044754,0,0
47,NOSE,0.42468026280403137,0.5131096243858337,-0.13326993584632874,0,0
47,LEFT_EYE_INNER,0.42771151661872864,0.5031595826148987,-0.15140846371650696,0,0
47,LEFT_EYE,0.42874202132225037,0.5028868317604065,-0.15140819549560547,0,0
47,LEFT_EYE_OUTER,0.42987146973609924,0.5026642680168152,-0.15141597390174866,0,0
47,RIGHT_EYE_INNER,0.4275257885456085,0.502644419670105,-0.1278655230998993,0,0
47,RIGHT_EYE,0.4283581078052521,0.5019433498382568,-0.12783624231815338,0,0
47,RIGHT_EYE_OUTER,0.4293338656425476,0.5011918544769287,-0.1278063803911209,0,0
47,LEFT_EAR,0.43873292207717896,0.5054712295532227,-0.19064857065677643,0,0
47,RIGHT_EAR,0.43863925337791443,0.5033292174339294,-0.08281160145998001,0,0
47,MOUTH_LEFT,0.4290347099304199,0.5225649476051331,-0.14284032583236694,0,0
47,MOUTH_RIGHT,0.42836248874664307,0.5226099491119385,-0.11258931457996368,0,0
47,LEFT_SHOULDER,0.4523136019706726,0.5766759514808655,-0.21497751772403717,0,0
47,RIGHT_SHOULDER,0.44850459694862366,0.5494557023048401,0.003068573074415326,0,0
47,LEFT_ELBOW,0.46225664019584656,0.6560109257698059,-0.2477954477071762,0,0
47,RIGHT_ELBOW,0.4575916826725006,0.570285975933075,0.11281535774469376,0,0
47,LEFT_WRIST,0.469762921333313,0.7425775527954102,-0.24036721885204315,0,0
47,RIGHT_WRIST,0.46336090564727783,0.5697499513626099,0.1851116567850113,0,0
47,LEFT_PINKY,0.47432392835617065,0.7681344151496887,-0.2592479884624481,0,0
47,RIGHT_PINKY,0.46462568640708923,0.5713351964950562,0.19982708990573883,0,0
47,LEFT_INDEX,0.46997305750846863,0.77016282081604,-0.2575823664665222,0,0
47,RIGHT_INDEX,0.4643438756465912,0.5696470141410828,0.18534143269062042,0,0
47,LEFT_THUMB,0.4675430357456207,0.7608963847160339,-0.23779256641864777,0,0
47,RIGHT_THUMB,0.4626731872558594,0.5693971514701843,0.18014134466648102,0,0
47,LEFT_HIP,0.44455403089523315,0.7305589914321899,-0.06770573556423187,0,0
47,RIGHT_HIP,0.42848244309425354,0.7181988954544067,0.06763530522584915,0,0
47,LEFT_KNEE,0.4522877335548401,0.829473614692688,0.008825613185763359,0,0
47,RIGHT_KNEE,0.410147488117218,0.7954608798027039,0.08463644236326218,0,0
47,LEFT_ANKLE,0.5023921132087708,0.8728687763214111,0.15572474896907806,0,0
47,RIGHT_ANKLE,0.4044025242328644,0.9124618768692017,0.15284942090511322,0,0
47,LEFT_HEEL,0.5184285044670105,0.8658936619758606,0.1698291301727295,0,0
47,RIGHT_HEEL,0.41043713688850403,0.9345752000808716,0.15615740418434143,0,0
47,LEFT_FOOT_INDEX,0.5025054812431335,0.9322537779808044,0.14249968528747559,0,0
47,RIGHT_FOOT_INDEX,0.3763004243373871,0.9398415088653564,0.11265011131763458,0,0
48,NOSE,0.4246799647808075,0.5128820538520813,-0.13570648431777954,0,0
48,LEFT_EYE_INNER,0.42757222056388855,0.5029422044754028,-0.15347836911678314,0,0
48,LEFT_EYE,0.42860451340675354,0.5025779008865356,-0.15347425639629364,0,0
48,LEFT_EYE_OUTER,0.42972320318222046,0.5022610425949097,-0.15347997844219208,0,0
48,RIGHT_EYE_INNER,0.4274279773235321,0.5024498105049133,-0.12984901666641235,0,0
48,RIGHT_EYE,0.4282792806625366,0.5016663074493408,-0.1298215538263321,0,0
48,RIGHT_EYE_OUTER,0.4292735755443573,0.50083988904953,-0.12978191673755646,0,0
48,LEFT_EAR,0.4384954869747162,0.5042489171028137,-0.18995800614356995,0,0
48,RIGHT_EAR,0.4385726749897003,0.5021612644195557,-0.08358213305473328,0,0
48,MOUTH_LEFT,0.4290018677711487,0.5219740271568298,-0.14490541815757751,0,0
48,MOUTH_RIGHT,0.4283786118030548,0.5221193432807922,-0.11463037133216858,0,0
48,LEFT_SHOULDER,0.4518126845359802,0.5750958919525146,-0.2173459529876709,0,0
48,RIGHT_SHOULDER,0.44940927624702454,0.5479058623313904,0.0016409727977588773,0,0
48,LEFT_ELBOW,0.461431622505188,0.6557912826538086,-0.253119558095932,0,0
48,RIGHT_ELBOW,0.45789849758148193,0.5436273217201233,0.11973198503255844,0,0
48,LEFT_WRIST,0.468728631734848,0.7431454658508301,-0.24216346442699432,0,0
48,RIGHT_WRIST,0.46243301033973694,0.5176158547401428,0.20987072587013245,0,0
48,LEFT_PINKY,0.4730977416038513,0.7687026858329773,-0.2583397328853607,0,0
48,RIGHT_PINKY,0.4658918082714081,0.5233726501464844,0.22629503905773163,0,0
48,LEFT_INDEX,0.46887147426605225,0.7707321643829346,-0.2606167793273926,0,0
48,RIGHT_INDEX,0.46641191840171814,0.5237902402877808,0.21394681930541992,0,0
48,LEFT_THUMB,0.46651825308799744,0.7612333297729492,-0.2414039522409439,0,0
48,RIGHT_THUMB,0.464449018239975,0.5252095460891724,0.20597192645072937,0,0
48,LEFT_HIP,0.44398248195648193,0.7287068963050842,-0.0686807855963707,0,0
48,RIGHT_HIP,0.42878130078315735,0.7180941104888916,0.06859114021062851,0,0
48,LEFT_KNEE,0.45308658480644226,0.8290978670120239,0.008345079608261585,0,0
48,RIGHT_KNEE,0.41029784083366394,0.7949525117874146,0.0838259607553482,0,0
48,LEFT_ANKLE,0.5023298859596252,0.8732407093048096,0.1518244743347168,0,0
48,RIGHT_ANKLE,0.404204398393631,0.9124664664268494,0.15352268517017365,0,0
48,LEFT_HEEL,0.5182665586471558,0.8666329979896545,0.16589437425136566,0,0
48,RIGHT_HEEL,0.4099721610546112,0.9348604679107666,0.15681327879428864,0,0
48,LEFT_FOOT_INDEX,0.5018313527107239,0.9314621090888977,0.13859350979328156,0,0
48,RIGHT_FOOT_INDEX,0.37601301074028015,0.9396808743476868,0.11291013658046722,0,0
49,NOSE,0.4241076409816742,0.5089784860610962,-0.08618580549955368,0,0
49,LEFT_EYE_INNER,0.4270930588245392,0.4987586736679077,-0.10261304676532745,0,0
49,LEFT_EYE,0.4280097186565399,0.4987226128578186,-0.10259760916233063,0,0
49,LEFT_EYE_OUTER,0.42903900146484375,0.4987123906612396,-0.10257713496685028,0,0
49,RIGHT_EYE_INNER,0.42739138007164,0.4979587197303772,-0.08035148680210114,0,0
49,RIGHT_EYE,0.42847156524658203,0.4972889721393585,-0.08033153414726257,0,0
49,RIGHT_EYE_OUTER,0.4296906888484955,0.496560662984848,-0.08028636872768402,0,0
49,LEFT_EAR,0.43791061639785767,0.5017995834350586,-0.14184172451496124,0,0
49,RIGHT_EAR,0.4390552341938019,0.49892452359199524,-0.04192357510328293,0,0
49,MOUTH_LEFT,0.4281103014945984,0.5187448859214783,-0.09712280333042145,0,0
49,MOUTH_RIGHT,0.42792829871177673,0.5186597108840942,-0.0686054602265358,0,0
49,LEFT_SHOULDER,0.44752392172813416,0.5684654712677002,-0.19172880053520203,0,0
49,RIGHT_SHOULDER,0.4555721580982208,0.5419066548347473,0.02965930476784706,0,0
49,LEFT_ELBOW,0.45310401916503906,0.6527805328369141,-0.2343057245016098,0,0
49,RIGHT_ELBOW,0.47201618552207947,0.5111744999885559,0.12915979325771332,0,0
49,LEFT_WRIST,0.44979703426361084,0.7375023365020752,-0.2321493923664093,0,0
49,RIGHT_WRIST,0.48041582107543945,0.4934661388397217,0.20927561819553375,0,0
49,LEFT_PINKY,0.4518127739429474,0.7650337219238281,-0.24663028120994568,0,0
49,RIGHT_PINKY,0.4833731949329376,0.48427852988243103,0.22064541280269623,0,0
49,LEFT_INDEX,0.44682368636131287,0.766074001789093,-0.24903418123722076,0,0
49,RIGHT_INDEX,0.48638084530830383,0.48534145951271057,0.21243293583393097,0,0
49,LEFT_THUMB,0.44578585028648376,0.7553324103355408,-0.23070238530635834,0,0
49,RIGHT_THUMB,0.4818062484264374,0.48777589201927185,0.20630647242069244,0,0
49,LEFT_HIP,0.4417196810245514,0.7255880236625671,-0.06889128684997559,0,0
49,RIGHT_HIP,0.43047815561294556,0.7147284150123596,0.0687493309378624,0,0
49,LEFT_KNEE,0.4475254714488983,0.8211805820465088,0.001604091958142817,0,0
49,RIGHT_KNEE,0.4107418656349182,0.7933144569396973,0.06265006959438324,0,0
49,LEFT_ANKLE,0.5020293593406677,0.8736782073974609,0.12178351730108261,0,0
49,RIGHT_ANKLE,0.4039882719516754,0.9124174118041992,0.11141826957464218,0,0
49,LEFT_HEEL,0.518218457698822,0.8764902949333191,0.1332663893699646,0,0
49,RIGHT_HEEL,0.40956851840019226,0.9353939294815063,0.11162069439888,0,0
49,LEFT_FOOT_INDEX,0.49036091566085815,0.9320256114006042,0.09955733269453049,0,0
49,RIGHT_FOOT_INDEX,0.37590962648391724,0.939564049243927,0.0667334496974945,0,0
50,NOSE,0.42606431245803833,0.5058977007865906,-0.006403496488928795,0,0
50,LEFT_EYE_INNER,0.4288107752799988,0.4954671859741211,-0.022089630365371704,0,0
50,LEFT_EYE,0.42964592576026917,0.49553850293159485,-0.022055108100175858,0,0
50,LEFT_EYE_OUTER,0.43053463101387024,0.4956376850605011,-0.022052103653550148,0,0
50,RIGHT_EYE_INNER,0.4289170205593109,0.4945853352546692,-0.00278672156855464,0,0
50,RIGHT_EYE,0.42980143427848816,0.49399006366729736,-0.0027704122476279736,0,0
50,RIGHT_EYE_OUTER,0.4307989776134491,0.4933875799179077,-0.002715000417083502,0,0
50,LEFT_EAR,0.4388886094093323,0.4988340735435486,-0.06858999282121658,0,0
50,RIGHT_EAR,0.4399205446243286,0.4957520663738251,0.01713702827692032,0,0
50,MOUTH_LEFT,0.43010881543159485,0.515598475933075,-0.020148584619164467,0,0
50,MOUTH_RIGHT,0.42975446581840515,0.5150671005249023,0.004418386146426201,0,0
50,LEFT_SHOULDER,0.4464993476867676,0.5617133975028992,-0.11851419508457184,0,0
50,RIGHT_SHOULDER,0.46389448642730713,0.537361741065979,0.06695444881916046,0,0
50,LEFT_ELBOW,0.44425201416015625,0.6514240503311157,-0.15033072233200073,0,0
50,RIGHT_ELBOW,0.49031969904899597,0.5145705342292786,0.12635746598243713,0,0
50,LEFT_WRIST,0.4316155016422272,0.7337241768836975,-0.1277649849653244,0,0
50,RIGHT_WRIST,0.5124909281730652,0.48630279302597046,0.16946078836917877,0,0
50,LEFT_PINKY,0.42924463748931885,0.7598076462745667,-0.13573279976844788,0,0
50,RIGHT_PINKY,0.5197688341140747,0.4826236963272095,0.17123264074325562,0,0
50,LEFT_INDEX,0.42532244324684143,0.7602909207344055,-0.14030225574970245,0,0
50,RIGHT_INDEX,0.5206030607223511,0.48082733154296875,0.16860775649547577,0,0
50,LEFT_THUMB,0.42648789286613464,0.7504773139953613,-0.12672066688537598,0,0
50,RIGHT_THUMB,0.5145638585090637,0.4839882254600525,0.16708555817604065,0,0
50,LEFT_HIP,0.44185468554496765,0.7180107831954956,-0.06563957780599594,0,0
50,RIGHT_HIP,0.43853139877319336,0.7097169756889343,0.06552305817604065,0,0
50,LEFT_KNEE,0.4282073378562927,0.8095414042472839,-0.009239552542567253,0,0
50,RIGHT_KNEE,0.440477192401886,0.813758909702301,0.07885327935218811,0,0
50,LEFT_ANKLE,0.44324997067451477,0.8956810235977173,0.04684724286198616,0,0
50,RIGHT_ANKLE,0.4878755211830139,0.8949658274650574,0.11234103888273239,0,0
50,LEFT_HEEL,0.452882319688797,0.912772536277771,0.05010959133505821,0,0
50,RIGHT_HEEL,0.4752691984176636,0.9353088736534119,0.11306372284889221,0,0
50,LEFT_FOOT_INDEX,0.4178653359413147,0.9312061071395874,0.008372459560632706,0,0
50,RIGHT_FOOT_INDEX,0.46520087122917175,0.9362220764160156,0.08917424827814102,0,0
51,NOSE,0.42689648270606995,0.5050132870674133,-0.014033270999789238,0,0
51,LEFT_EYE_INNER,0.429954469203949,0.49432656168937683,-0.03248561546206474,0,0
51,LEFT_EYE,0.4308270812034607,0.494426429271698,-0.03248005360364914,0,0
51,LEFT_EYE_OUTER,0.43165910243988037,0.4945268929004669,-0.03249673172831535,0,0
51,RIGHT_EYE_INNER,0.4291418492794037,0.4933071434497833,-0.013189771212637424,0,0
51,RIGHT_EYE,0.4302210211753845,0.4926939308643341,-0.013143910095095634,0,0
51,RIGHT_EYE_OUTER,0.43168026208877563,0.4920837879180908,-0.013088180683553219,0,0
51,LEFT_EAR,0.43990862369537354,0.4977998435497284,-0.08459721505641937,0,0
51,RIGHT_EAR,0.439965158700943,0.49427366256713867,9.985271753976122e-05,0,0
51,MOUTH_LEFT,0.4314253628253937,0.5151779651641846,-0.029404830187559128,0,0
51,MOUTH_RIGHT,0.42989465594291687,0.5141223669052124,-0.005015305243432522,0,0
51,LEFT_SHOULDER,0.44465550780296326,0.5597636103630066,-0.13279874622821808,0,0
51,RIGHT_SHOULDER,0.47181323170661926,0.5382243990898132,0.0525461807847023,0,0
51,LEFT_ELBOW,0.4369204342365265,0.6504435539245605,-0.17678624391555786,0,0
51,RIGHT_ELBOW,0.503352701663971,0.5248849987983704,0.15363599359989166,0,0
51,LEFT_WRIST,0.4146288335323334,0.7327778935432434,-0.1725553572177887,0,0
51,RIGHT_WRIST,0.5215133428573608,0.5008473992347717,0.2520066797733307,0,0
51,LEFT_PINKY,0.4072379469871521,0.7591149806976318,-0.18377991020679474,0,0
51,RIGHT_PINKY,0.5309010148048401,0.4952154755592346,0.26389095187187195,0,0
51,LEFT_INDEX,0.4032808542251587,0.753693699836731,-0.18757297098636627,0,0
51,RIGHT_INDEX,0.5298464298248291,0.4930607080459595,0.26169174909591675,0,0
51,LEFT_THUMB,0.4062500298023224,0.7448343634605408,-0.17188231647014618,0,0
51,RIGHT_THUMB,0.5263826251029968,0.49595460295677185,0.2521500289440155,0,0
51,LEFT_HIP,0.437837153673172,0.7173587083816528,-0.06531523913145065,0,0
51,RIGHT_HIP,0.44632312655448914,0.7101268768310547,0.06513849645853043,0,0
51,LEFT_KNEE,0.4204372465610504,0.8035190105438232,-0.0030194404534995556,0,0
51,RIGHT_KNEE,0.44320306181907654,0.8101905584335327,0.13000759482383728,0,0
51,LEFT_ANKLE,0.40675485134124756,0.9091159701347351,0.05536823719739914,0,0
51,RIGHT_ANKLE,0.4872290790081024,0.8981308937072754,0.20525524020195007,0,0
51,LEFT_HEEL,0.41177669167518616,0.9336274266242981,0.06058309227228165,0,0
51,RIGHT_HEEL,0.4975828528404236,0.9211401343345642,0.21144206821918488,0,0
51,LEFT_FOOT_INDEX,0.3766874074935913,0.9315692782402039,0.016268009319901466,0,0
51,RIGHT_FOOT_INDEX,0.4622045159339905,0.9366102814674377,0.192617267370224,0,0
52,NOSE,0.4294608235359192,0.5030209422111511,-0.017507052049040794,0,0
52,LEFT_EYE_INNER,0.43213099241256714,0.4926101267337799,-0.03675169125199318,0,0
52,LEFT_EYE,0.4325891137123108,0.49271851778030396,-0.036749523133039474,0,0
52,LEFT_EYE_OUTER,0.4329964518547058,0.4928158223628998,-0.03676415979862213,0,0
52,RIGHT_EYE_INNER,0.4330097734928131,0.4917588531970978,-0.018347376957535744,0,0
52,RIGHT_EYE,0.4343615472316742,0.49126842617988586,-0.018319951370358467,0,0
52,RIGHT_EYE_OUTER,0.4358309507369995,0.4907739758491516,-0.018276633694767952,0,0
52,LEFT_EAR,0.4403896629810333,0.4971165955066681,-0.08870372921228409,0,0
52,RIGHT_EAR,0.4439469277858734,0.49406811594963074,-0.007925495505332947,0,0
52,MOUTH_LEFT,0.43308019638061523,0.5133230090141296,-0.03228466957807541,0,0
52,MOUTH_RIGHT,0.43353965878486633,0.5121819376945496,-0.009130519814789295,0,0
52,LEFT_SHOULDER,0.4433874785900116,0.5594847202301025,-0.1364874541759491,0,0
52,RIGHT_SHOULDER,0.4746958315372467,0.5388959646224976,0.04701691120862961,0,0
52,LEFT_ELBOW,0.4317219853401184,0.6451302170753479,-0.16819407045841217,0,0
52,RIGHT_ELBOW,0.5040827393531799,0.5345810651779175,0.1498400866985321,0,0
52,LEFT_WRIST,0.39825931191444397,0.7055434584617615,-0.14797137677669525,0,0
52,RIGHT_WRIST,0.5315659642219543,0.5155764818191528,0.2461998164653778,0,0
52,LEFT_PINKY,0.3862886428833008,0.7274388670921326,-0.15561331808567047,0,0
52,RIGHT_PINKY,0.540610671043396,0.5128970146179199,0.2584924101829529,0,0
52,LEFT_INDEX,0.38283655047416687,0.7211495637893677,-0.1604003757238388,0,0
52,RIGHT_INDEX,0.539498507976532,0.5097550749778748,0.25654447078704834,0,0
52,LEFT_THUMB,0.38708460330963135,0.7140922546386719,-0.1468045860528946,0,0
52,RIGHT_THUMB,0.5354484915733337,0.5114104747772217,0.2466800957918167,0,0
52,LEFT_HIP,0.43813592195510864,0.717133641242981,-0.06537692993879318,0,0
52,RIGHT_HIP,0.4498720169067383,0.7089638113975525,0.06517302989959717,0,0
52,LEFT_KNEE,0.42914915084838867,0.8042284846305847,-0.002396379364654422,0,0
52,RIGHT_KNEE,0.4418083727359772,0.8082953691482544,0.1180136576294899,0,0
52,LEFT_ANKLE,0.4078579246997833,0.9088767170906067,0.05931490659713745,0,0
52,RIGHT_ANKLE,0.4823269844055176,0.8997805714607239,0.1856648027896881,0,0
52,LEFT_HEEL,0.4121794104576111,0.9338695406913757,0.06535057723522186,0,0
52,RIGHT_HEEL,0.49482089281082153,0.9185661673545837,0.19072672724723816,0,0
52,LEFT_FOOT_INDEX,0.3782043159008026,0.9284005761146545,0.022008489817380905,0,0
52,RIGHT_FOOT_INDEX,0.4584094285964966,0.9368252754211426,0.16807444393634796,0,0
53,NOSE,0.4308781325817108,0.5025663375854492,-0.0186957735568285,0,0
53,LEFT_EYE_INNER,0.43328824639320374,0.49240535497665405,-0.03810012713074684,0,0
53,LEFT_EYE,0.43356409668922424,0.4925594627857208,-0.038098618388175964,0,0
53,LEFT_EYE_OUTER,0.43375030159950256,0.4926837980747223,-0.03811606392264366,0,0
53,RIGHT_EYE_INNER,0.4347619116306305,0.49145135283470154,-0.01976178213953972,0,0
53,RIGHT_EYE,0.4361646771430969,0.49093225598335266,-0.01973354071378708,0,0
53,RIGHT_EYE_OUTER,0.4375748336315155,0.4903983771800995,-0.01969301328063011,0,0
53,LEFT_EAR,0.4405878186225891,0.49725303053855896,-0.09092393517494202,0,0
53,RIGHT_EAR,0.4457125663757324,0.4941401779651642,-0.010687528178095818,0,0
53,MOUTH_LEFT,0.4341140389442444,0.5129184722900391,-0.03371559828519821,0,0
53,MOUTH_RIGHT,0.43538573384284973,0.5115838050842285,-0.01070054154843092,0,0
53,LEFT_SHOULDER,0.4431002736091614,0.5593670010566711,-0.13742011785507202,0,0
53,RIGHT_SHOULDER,0.4756265878677368,0.5388442277908325,0.043410830199718475,0,0
53,LEFT_ELBOW,0.4317307472229004,0.6425551772117615,-0.16719156503677368,0,0
53,RIGHT_ELBOW,0.504377543926239,0.5379770994186401,0.14659883081912994,0,0
53,LEFT_WRIST,0.39783525466918945,0.6991968154907227,-0.14670772850513458,0,0
53,RIGHT_WRIST,0.5318624973297119,0.5184593200683594,0.24258136749267578,0,0
53,LEFT_PINKY,0.3858439326286316,0.7200189232826233,-0.15464693307876587,0,0
53,RIGHT_PINKY,0.5408214926719666,0.5151259303092957,0.2542804777622223,0,0
53,LEFT_INDEX,0.38252872228622437,0.7147756218910217,-0.15959535539150238,0,0
53,RIGHT_INDEX,0.5395346283912659,0.5117083787918091,0.25207945704460144,0,0
53,LEFT_THUMB,0.38700389862060547,0.7078216075897217,-0.14565640687942505,0,0
53,RIGHT_THUMB,0.5354568958282471,0.513755738735199,0.24290457367897034,0,0
53,LEFT_HIP,0.4376990497112274,0.7170131802558899,-0.06508663296699524,0,0
53,RIGHT_HIP,0.45116564631462097,0.7085402607917786,0.06487645953893661,0,0
53,LEFT_KNEE,0.4280047118663788,0.8032951951026917,-0.0016737396363168955,0,0
53,RIGHT_KNEE,0.4419792592525482,0.8070996403694153,0.12032101303339005,0,0
53,LEFT_ANKLE,0.4075770080089569,0.9084843993186951,0.06075562909245491,0,0
53,RIGHT_ANKLE,0.4822416603565216,0.9005756974220276,0.18993808329105377,0,0
53,LEFT_HEEL,0.41109374165534973,0.9330970048904419,0.06658116728067398,0,0
53,RIGHT_HEEL,0.49457958340644836,0.9171475768089294,0.1953747421503067,0,0
53,LEFT_FOOT_INDEX,0.3777362108230591,0.9263125658035278,0.021840909495949745,0,0
53,RIGHT_FOOT_INDEX,0.4581958055496216,0.9368463754653931,0.1730131357908249,0,0
54,NOSE,0.43307778239250183,0.5005618929862976,-0.005714112892746925,0,0
54,LEFT_EYE_INNER,0.43522167205810547,0.49053817987442017,-0.02553434856235981,0,0
54,LEFT_EYE,0.4354666769504547,0.490680992603302,-0.02554417960345745,0,0
54,LEFT_EYE_OUTER,0.435640811920166,0.49080199003219604,-0.025554263964295387,0,0
54,RIGHT_EYE_INNER,0.4368559718132019,0.48970556259155273,-0.007596122566610575,0,0
54,RIGHT_EYE,0.43818482756614685,0.48925504088401794,-0.007595062721520662,0,0
54,RIGHT_EYE_OUTER,0.4395290017127991,0.4887737035751343,-0.007585231680423021,0,0
54,LEFT_EAR,0.44218146800994873,0.49503186345100403,-0.07980365306138992,0,0
54,RIGHT_EAR,0.44753795862197876,0.49164536595344543,-0.0003542704216670245,0,0
54,MOUTH_LEFT,0.43648862838745117,0.5106424689292908,-0.021250057965517044,0,0
54,MOUTH_RIGHT,0.43809980154037476,0.5096951723098755,0.0015070053050294518,0,0
54,LEFT_SHOULDER,0.4449869692325592,0.5581907033920288,-0.13466791808605194,0,0
54,RIGHT_SHOULDER,0.47889426350593567,0.5363916754722595,0.05549877509474754,0,0
54,LEFT_ELBOW,0.4277871251106262,0.6371341943740845,-0.1678929179906845,0,0
54,RIGHT_ELBOW,0.5061747431755066,0.5500240325927734,0.16557615995407104,0,0
54,LEFT_WRIST,0.38792654871940613,0.678835928440094,-0.14599470794200897,0,0
54,RIGHT_WRIST,0.5382148027420044,0.5231064558029175,0.2694346010684967,0,0
54,LEFT_PINKY,0.3752485513687134,0.6969842314720154,-0.15353374183177948,0,0
54,RIGHT_PINKY,0.5496808290481567,0.5190272927284241,0.2863251566886902,0,0
54,LEFT_INDEX,0.37264806032180786,0.6913907527923584,-0.1571403294801712,0,0
54,RIGHT_INDEX,0.5489736795425415,0.5190674662590027,0.2837645709514618,0,0
54,LEFT_THUMB,0.37752488255500793,0.6848810911178589,-0.14415957033634186,0,0
54,RIGHT_THUMB,0.5439525842666626,0.5211811661720276,0.27071520686149597,0,0
54,LEFT_HIP,0.43787652254104614,0.7112776041030884,-0.0690392404794693,0,0
54,RIGHT_HIP,0.45688340067863464,0.7026610970497131,0.06881549209356308,0,0
54,LEFT_KNEE,0.43262189626693726,0.8024428486824036,-0.02886117808520794,0,0
54,RIGHT_KNEE,0.439829021692276,0.7986273169517517,0.10544232279062271,0,0
54,LEFT_ANKLE,0.47430750727653503,0.9045897126197815,0.02596866711974144,0,0
54,RIGHT_ANKLE,0.4160037338733673,0.9011938571929932,0.17400342226028442,0,0
54,LEFT_HEEL,0.48576125502586365,0.9221047163009644,0.03177322819828987,0,0
54,RIGHT_HEEL,0.4353710412979126,0.9245392680168152,0.17800143361091614,0,0
54,LEFT_FOOT_INDEX,0.40560901165008545,0.9417858719825745,-0.010451247915625572,0,0
54,RIGHT_FOOT_INDEX,0.3980571925640106,0.9260379076004028,0.14575982093811035,0,0
55,NOSE,0.435274600982666,0.49739572405815125,0.01085749827325344,0,0
55,LEFT_EYE_INNER,0.4373122751712799,0.4870907962322235,-0.00972167868167162,0,0
55,LEFT_EYE,0.4376421868801117,0.4871249198913574,-0.009744196198880672,0,0
55,LEFT_EYE_OUTER,0.4379828870296478,0.48715561628341675,-0.009754492901265621,0,0
55,RIGHT_EYE_INNER,0.4389667212963104,0.4862692356109619,0.008406142704188824,0,0
55,RIGHT_EYE,0.44034966826438904,0.4856940805912018,0.008407906629145145,0,0
55,RIGHT_EYE_OUTER,0.441854327917099,0.4850480258464813,0.008402983658015728,0,0
55,LEFT_EAR,0.445313036441803,0.49042195081710815,-0.06802134960889816,0,0
55,RIGHT_EAR,0.4508129358291626,0.48710349202156067,0.013382487930357456,0,0
55,MOUTH_LEFT,0.43917232751846313,0.507428765296936,-0.006168243009597063,0,0
55,MOUTH_RIGHT,0.4408243000507355,0.5064411163330078,0.017127124592661858,0,0
55,LEFT_SHOULDER,0.4470490515232086,0.5530944466590881,-0.12767978012561798,0,0
55,RIGHT_SHOULDER,0.4842258393764496,0.5314646363258362,0.0663084089756012,0,0
55,LEFT_ELBOW,0.4301377832889557,0.6261127591133118,-0.16467666625976562,0,0
55,RIGHT_ELBOW,0.5093563795089722,0.5633217096328735,0.16657015681266785,0,0
55,LEFT_WRIST,0.38561344146728516,0.6561597585678101,-0.14536474645137787,0,0
55,RIGHT_WRIST,0.5357197523117065,0.5483117699623108,0.2618107199668884,0,0
55,LEFT_PINKY,0.3726035952568054,0.6705538630485535,-0.15457896888256073,0,0
55,RIGHT_PINKY,0.5450698733329773,0.5448407530784607,0.278921902179718,0,0
55,LEFT_INDEX,0.3691256642341614,0.6627370715141296,-0.1554921567440033,0,0
55,RIGHT_INDEX,0.5431092977523804,0.54081791639328,0.2755376100540161,0,0
55,LEFT_THUMB,0.3745010197162628,0.6585042476654053,-0.14289528131484985,0,0
55,RIGHT_THUMB,0.53947514295578,0.5432515740394592,0.2625825107097626,0,0
55,LEFT_HIP,0.4470553398132324,0.7086737155914307,-0.06940008699893951,0,0
55,RIGHT_HIP,0.46274757385253906,0.7002884149551392,0.06916686147451401,0,0
55,LEFT_KNEE,0.446140855550766,0.8021705150604248,-0.02706478163599968,0,0
55,RIGHT_KNEE,0.44190800189971924,0.7972649931907654,0.09929253160953522,0,0
55,LEFT_ANKLE,0.4840734899044037,0.902972400188446,0.04128094017505646,0,0
55,RIGHT_ANKLE,0.4126046597957611,0.9000709652900696,0.16713687777519226,0,0
55,LEFT_HEEL,0.494360089302063,0.9179767370223999,0.04796483740210533,0,0
55,RIGHT_HEEL,0.4221321940422058,0.925879180431366,0.17087239027023315,0,0
55,LEFT_FOOT_INDEX,0.45399242639541626,0.9419724941253662,0.0062639545649290085,0,0
55,RIGHT_FOOT_INDEX,0.3883616328239441,0.8958675265312195,0.1362771838903427,0,0
56,NOSE,0.4396749436855316,0.4957858622074127,-0.0005928247701376677,0,0
56,LEFT_EYE_INNER,0.44182470440864563,0.48460185527801514,-0.021877910941839218,0,0
56,LEFT_EYE,0.4421895444393158,0.4845086634159088,-0.021907297894358635,0,0
56,LEFT_EYE_OUTER,0.44260719418525696,0.48443111777305603,-0.0219135619699955,0,0
56,RIGHT_EYE_INNER,0.4434412121772766,0.4837771952152252,-0.0034054203424602747,0,0
56,RIGHT_EYE,0.44492146372795105,0.483055055141449,-0.003404294140636921,0,0
56,RIGHT_EYE_OUTER,0.4464954733848572,0.4822559356689453,-0.0034159242641180754,0,0
56,LEFT_EAR,0.44999396800994873,0.48697277903556824,-0.08063969016075134,0,0
56,RIGHT_EAR,0.455610454082489,0.48402050137519836,0.002266577910631895,0,0
56,MOUTH_LEFT,0.44327718019485474,0.5055904388427734,-0.017864730209112167,0,0
56,MOUTH_RIGHT,0.44479385018348694,0.504628598690033,0.005868555046617985,0,0
56,LEFT_SHOULDER,0.4487956762313843,0.5470060110092163,-0.13699378073215485,0,0
56,RIGHT_SHOULDER,0.4907911717891693,0.5289695858955383,0.0600447878241539,0,0
56,LEFT_ELBOW,0.4327940344810486,0.6164893507957458,-0.1725432425737381,0,0
56,RIGHT_ELBOW,0.5137286186218262,0.5780500173568726,0.17081424593925476,0,0
56,LEFT_WRIST,0.387106329202652,0.6423534750938416,-0.1541958749294281,0,0
56,RIGHT_WRIST,0.5339889526367188,0.5631888508796692,0.2821689248085022,0,0
56,LEFT_PINKY,0.3741917312145233,0.6519699692726135,-0.163864403963089,0,0
56,RIGHT_PINKY,0.5431306958198547,0.5606120228767395,0.3033835291862488,0,0
56,LEFT_INDEX,0.372323215007782,0.6439873576164246,-0.16442401707172394,0,0
56,RIGHT_INDEX,0.5400112271308899,0.5557246804237366,0.30087757110595703,0,0
56,LEFT_THUMB,0.377476304769516,0.6407827734947205,-0.1518537700176239,0,0
56,RIGHT_THUMB,0.5366659760475159,0.5583556294441223,0.28371497988700867,0,0
56,LEFT_HIP,0.4581916928291321,0.7057130336761475,-0.06889297813177109,0,0
56,RIGHT_HIP,0.4688180685043335,0.6989032030105591,0.06864237785339355,0,0
56,LEFT_KNEE,0.45801877975463867,0.8023107051849365,-0.005682944320142269,0,0
56,RIGHT_KNEE,0.4428155720233917,0.7914900183677673,0.10245325416326523,0,0
56,LEFT_ANKLE,0.48657041788101196,0.9018957018852234,0.07913664728403091,0,0
56,RIGHT_ANKLE,0.4170216917991638,0.8914973735809326,0.1712765246629715,0,0
56,LEFT_HEEL,0.49679410457611084,0.916668176651001,0.0869942232966423,0,0
56,RIGHT_HEEL,0.4198154807090759,0.917552649974823,0.17542998492717743,0,0
56,LEFT_FOOT_INDEX,0.4595181345939636,0.9409716725349426,0.04524066671729088,0,0
56,RIGHT_FOOT_INDEX,0.3929412066936493,0.8803324699401855,0.1420164704322815,0,0
57,NOSE,0.4434475600719452,0.4927745759487152,0.01111293863505125,0,0
57,LEFT_EYE_INNER,0.44549474120140076,0.4815133512020111,-0.010343697853386402,0,0
57,LEFT_EYE,0.4459243416786194,0.48135149478912354,-0.010379931889474392,0,0
57,LEFT_EYE_OUTER,0.4464273154735565,0.4811936616897583,-0.010389686562120914,0,0
57,RIGHT_EYE_INNER,0.4470033049583435,0.4807509183883667,0.008767500519752502,0,0
57,RIGHT_EYE,0.44843441247940063,0.4800112247467041,0.008764837868511677,0,0
57,RIGHT_EYE_OUTER,0.44994983077049255,0.4792119264602661,0.008737285621464252,0,0
57,LEFT_EAR,0.4540524184703827,0.4835149049758911,-0.07237616926431656,0,0
57,RIGHT_EAR,0.45851612091064453,0.48076099157333374,0.01326431892812252,0,0
57,MOUTH_LEFT,0.4472566246986389,0.5028471350669861,-0.0076328059658408165,0,0
57,MOUTH_RIGHT,0.44866764545440674,0.5018470287322998,0.016931163147091866,0,0
57,LEFT_SHOULDER,0.4521283805370331,0.5408663153648376,-0.1373147815465927,0,0
57,RIGHT_SHOULDER,0.493744432926178,0.526789128780365,0.06924117356538773,0,0
57,LEFT_ELBOW,0.4365309178829193,0.6135721802711487,-0.16498668491840363,0,0
57,RIGHT_ELBOW,0.5131437182426453,0.5853385925292969,0.16760006546974182,0,0
57,LEFT_WRIST,0.3919704258441925,0.6295897960662842,-0.13202433288097382,0,0
57,RIGHT_WRIST,0.5251689553260803,0.5890421271324158,0.2590862214565277,0,0
57,LEFT_PINKY,0.37984755635261536,0.6377142667770386,-0.14241227507591248,0,0
57,RIGHT_PINKY,0.5318813920021057,0.588079035282135,0.27755168080329895,0,0
57,LEFT_INDEX,0.3778107464313507,0.6287011504173279,-0.1404082328081131,0,0
57,RIGHT_INDEX,0.5297033786773682,0.5847798585891724,0.2720109820365906,0,0
57,LEFT_THUMB,0.3824586570262909,0.6260408759117126,-0.1286141723394394,0,0
57,RIGHT_THUMB,0.5267711281776428,0.5861449241638184,0.25857317447662354,0,0
57,LEFT_HIP,0.46540799736976624,0.6998763084411621,-0.06959085166454315,0,0
57,RIGHT_HIP,0.47690820693969727,0.6941033601760864,0.06936246901750565,0,0
57,LEFT_KNEE,0.46486201882362366,0.7994624376296997,-0.02594931609928608,0,0
57,RIGHT_KNEE,0.4460563063621521,0.7829570770263672,0.12552301585674286,0,0
57,LEFT_ANKLE,0.48734501004219055,0.903242826461792,0.021979771554470062,0,0
57,RIGHT_ANKLE,0.42382124066352844,0.8852758407592773,0.2048560529947281,0,0
57,LEFT_HEEL,0.49665069580078125,0.9200282692909241,0.026067405939102173,0,0
57,RIGHT_HEEL,0.4267801344394684,0.9110828638076782,0.21098493039608002,0,0
57,LEFT_FOOT_INDEX,0.4603082537651062,0.9402481913566589,-0.01764034479856491,0,0
57,RIGHT_FOOT_INDEX,0.3994312584400177,0.8750714063644409,0.1854396015405655,0,0
58,NOSE,0.44362276792526245,0.4913395047187805,0.015364031307399273,0,0
58,LEFT_EYE_INNER,0.4457481801509857,0.48015448451042175,-0.0066510955803096294,0,0
58,LEFT_EYE,0.4462314248085022,0.4799765646457672,-0.006689813919365406,0,0
58,LEFT_EYE_OUTER,0.44680076837539673,0.4797849953174591,-0.006704747676849365,0,0
58,RIGHT_EYE_INNER,0.44717732071876526,0.4795341193675995,0.012411038391292095,0,0
58,RIGHT_EYE,0.4485485255718231,0.4788374602794647,0.01240596268326044,0,0
58,RIGHT_EYE_OUTER,0.4499686360359192,0.4780615270137787,0.012379352003335953,0,0
58,LEFT_EAR,0.4548424184322357,0.48238620162010193,-0.07067956775426865,0,0
58,RIGHT_EAR,0.4586542844772339,0.47980183362960815,0.014562001451849937,0,0
58,MOUTH_LEFT,0.4470478296279907,0.5014389753341675,-0.004280895926058292,0,0
58,MOUTH_RIGHT,0.44829148054122925,0.5008147358894348,0.020208772271871567,0,0
58,LEFT_SHOULDER,0.45279034972190857,0.5383611917495728,-0.13674701750278473,0,0
58,RIGHT_SHOULDER,0.49333980679512024,0.526900589466095,0.06990649551153183,0,0
58,LEFT_ELBOW,0.4379695653915405,0.6124687790870667,-0.16259101033210754,0,0
58,RIGHT_ELBOW,0.5128013491630554,0.5854184031486511,0.16745419800281525,0,0
58,LEFT_WRIST,0.3929181694984436,0.6291329860687256,-0.12900570034980774,0,0
58,RIGHT_WRIST,0.5242308378219604,0.5869565010070801,0.2570210099220276,0,0
58,LEFT_PINKY,0.3805783987045288,0.636843740940094,-0.13903917372226715,0,0
58,RIGHT_PINKY,0.5308841466903687,0.5819676518440247,0.2760528028011322,0,0
58,LEFT_INDEX,0.37831684947013855,0.628372311592102,-0.13727349042892456,0,0
58,RIGHT_INDEX,0.5287603735923767,0.5795149803161621,0.269936203956604,0,0
58,LEFT_THUMB,0.38322800397872925,0.6255396604537964,-0.1255994290113449,0,0
58,RIGHT_THUMB,0.5257234573364258,0.582168459892273,0.25634482502937317,0,0
58,LEFT_HIP,0.4661768674850464,0.6979546546936035,-0.06957649439573288,0,0
58,RIGHT_HIP,0.47743168473243713,0.6910809874534607,0.06936370581388474,0,0
58,LEFT_KNEE,0.4660172760486603,0.7987304925918579,-0.038900673389434814,0,0
58,RIGHT_KNEE,0.4475365877151489,0.7821710705757141,0.11525861918926239,0,0
58,LEFT_ANKLE,0.48808303475379944,0.9038857817649841,0.004385282285511494,0,0
58,RIGHT_ANKLE,0.42636576294898987,0.8867788910865784,0.1862201988697052,0,0
58,LEFT_HEEL,0.4984975755214691,0.9207973480224609,0.008043135516345501,0,0
58,RIGHT_HEEL,0.430091917514801,0.9109535217285156,0.19125747680664062,0,0
58,LEFT_FOOT_INDEX,0.4619673192501068,0.9401654005050659,-0.03215911611914635,0,0
58,RIGHT_FOOT_INDEX,0.40207454562187195,0.8769981861114502,0.16564759612083435,0,0
59,NOSE,0.446499228477478,0.4878244996070862,0.02118208445608616,0,0
59,LEFT_EYE_INNER,0.4486493468284607,0.47678154706954956,3.2158502563106595e-06,0,0
59,LEFT_EYE,0.4491691589355469,0.47651541233062744,-3.669956640806049e-05,0,0
59,LEFT_EYE_OUTER,0.4498162865638733,0.47624653577804565,-5.96478785155341e-05,0,0
59,RIGHT_EYE_INNER,0.44994890689849854,0.4762795865535736,0.018802111968398094,0,0
59,RIGHT_EYE,0.45124492049217224,0.4756145477294922,0.0187982264906168,0,0
59,RIGHT_EYE_OUTER,0.45268192887306213,0.47486820816993713,0.018765807151794434,0,0
59,LEFT_EAR,0.45815277099609375,0.47882717847824097,-0.06428790092468262,0,0
59,RIGHT_EAR,0.4612019956111908,0.4764862656593323,0.019746266305446625,0,0
59,MOUTH_LEFT,0.4501761794090271,0.49781715869903564,0.0012712669558823109,0,0
59,MOUTH_RIGHT,0.4514077305793762,0.4972071349620819,0.025471052154898643,0,0
59,LEFT_SHOULDER,0.4569143056869507,0.5346598029136658,-0.13028201460838318,0,0
59,RIGHT_SHOULDER,0.49731531739234924,0.5253087878227234,0.07371512800455093,0,0
59,LEFT_ELBOW,0.4399317800998688,0.6121143102645874,-0.13451753556728363,0,0
59,RIGHT_ELBOW,0.5115751028060913,0.5964279770851135,0.17212790250778198,0,0
59,LEFT_WRIST,0.3984251618385315,0.6229944825172424,-0.06366466730833054,0,0
59,RIGHT_WRIST,0.5023291110992432,0.6012272834777832,0.2634338140487671,0,0
59,LEFT_PINKY,0.38566234707832336,0.6294337511062622,-0.07078180462121964,0,0
59,RIGHT_PINKY,0.5000655055046082,0.6036189198493958,0.2832733392715454,0,0
59,LEFT_INDEX,0.3839571177959442,0.6201231479644775,-0.06608107686042786,0,0
59,RIGHT_INDEX,0.4960973560810089,0.5992029309272766,0.2721985876560211,0,0
59,LEFT_THUMB,0.388162225484848,0.6179202795028687,-0.05871181562542915,0,0
59,RIGHT_THUMB,0.49624451994895935,0.598903238773346,0.26038292050361633,0,0
59,LEFT_HIP,0.47057977318763733,0.6946079730987549,-0.06917150318622589,0,0
59,RIGHT_HIP,0.4841807186603546,0.687781035900116,0.06899771094322205,0,0
59,LEFT_KNEE,0.4659561216831207,0.7957547903060913,-0.02710329182446003,0,0
59,RIGHT_KNEE,0.4547152817249298,0.7785875201225281,0.12559130787849426,0,0
59,LEFT_ANKLE,0.4871319532394409,0.9052908420562744,0.026835540309548378,0,0
59,RIGHT_ANKLE,0.4406750500202179,0.8808252215385437,0.19849304854869843,0,0
59,LEFT_HEEL,0.4991399049758911,0.9233993887901306,0.032243575900793076,0,0
59,RIGHT_HEEL,0.44214025139808655,0.9015855193138123,0.20495125651359558,0,0
59,LEFT_FOOT_INDEX,0.46088629961013794,0.9383827447891235,-0.003125445218756795,0,0
59,RIGHT_FOOT_INDEX,0.4154243767261505,0.8735870122909546,0.18886509537696838,0,0
60,NOSE,0.45102545619010925,0.4860009551048279,0.0006579455803148448,0,0
60,LEFT_EYE_INNER,0.4528929591178894,0.4747326970100403,-0.019585194066166878,0,0
60,LEFT_EYE,0.4533630311489105,0.47448262572288513,-0.0196158979088068,0,0
60,LEFT_EYE_OUTER,0.4539124369621277,0.4742337763309479,-0.019634397700428963,0,0
60,RIGHT_EYE_INNER,0.4543209969997406,0.4742818772792816,-0.0007155032944865525,0,0
60,RIGHT_EYE,0.4557627737522125,0.4736602008342743,-0.0007135940832085907,0,0
60,RIGHT_EYE_OUTER,0.45719048380851746,0.47296571731567383,-0.0007275891257449985,0,0
60,LEFT_EAR,0.4617592692375183,0.4773183763027191,-0.07365073263645172,0,0
60,RIGHT_EAR,0.465984970331192,0.4750809371471405,0.014760686084628105,0,0
60,MOUTH_LEFT,0.45484110713005066,0.49586808681488037,-0.016422854736447334,0,0
60,MOUTH_RIGHT,0.4562848210334778,0.4950272738933563,0.007882630452513695,0,0
60,LEFT_SHOULDER,0.4612205922603607,0.5342791676521301,-0.13417425751686096,0,0
60,RIGHT_SHOULDER,0.5003248453140259,0.5251381993293762,0.06758707016706467,0,0
60,LEFT_ELBOW,0.44607222080230713,0.6123589277267456,-0.13891781866550446,0,0
60,RIGHT_ELBOW,0.5120018124580383,0.5968905687332153,0.16339386999607086,0,0
60,LEFT_WRIST,0.4009968638420105,0.6203978657722473,-0.06404782086610794,0,0
60,RIGHT_WRIST,0.4876161813735962,0.615936815738678,0.2589900493621826,0,0
60,LEFT_PINKY,0.39115631580352783,0.6251004338264465,-0.07238917052745819,0,0
60,RIGHT_PINKY,0.4821874797344208,0.617890477180481,0.27827802300453186,0,0
60,LEFT_INDEX,0.3885464072227478,0.6164836883544922,-0.06673777848482132,0,0
60,RIGHT_INDEX,0.47893306612968445,0.6162058711051941,0.26636937260627747,0,0
60,LEFT_THUMB,0.3915660083293915,0.6158350706100464,-0.05907315015792847,0,0
60,RIGHT_THUMB,0.4827064871788025,0.6182144284248352,0.25567716360092163,0,0
60,LEFT_HIP,0.4746970236301422,0.6947527527809143,-0.06792140752077103,0,0
60,RIGHT_HIP,0.48781177401542664,0.6873411536216736,0.0677388608455658,0,0
60,LEFT_KNEE,0.47071295976638794,0.7969381213188171,0.018491098657250404,0,0
60,RIGHT_KNEE,0.46167901158332825,0.7718632817268372,0.19127056002616882,0,0
60,LEFT_ANKLE,0.4868360459804535,0.9063540697097778,0.09025761485099792,0,0
60,RIGHT_ANKLE,0.4641905426979065,0.8658514618873596,0.3222883641719818,0,0
60,LEFT_HEEL,0.4978625178337097,0.9242264032363892,0.0982939675450325,0,0
60,RIGHT_HEEL,0.4680304527282715,0.8832926154136658,0.3360675871372223,0,0
60,LEFT_FOOT_INDEX,0.46347466111183167,0.9394887685775757,0.07393106073141098,0,0
60,RIGHT_FOOT_INDEX,0.43670135736465454,0.8676916360855103,0.3338133990764618,0,0
61,NOSE,0.4543794095516205,0.4843982756137848,-0.0033876560628414154,0,0
61,LEFT_EYE_INNER,0.4565555155277252,0.47348061203956604,-0.022964537143707275,0,0
61,LEFT_EYE,0.4571627676486969,0.4733811020851135,-0.022961454465985298,0,0
61,LEFT_EYE_OUTER,0.45779818296432495,0.4733026325702667,-0.022945065051317215,0,0
61,RIGHT_EYE_INNER,0.4578293561935425,0.4727866053581238,-0.0036265940871089697,0,0
61,RIGHT_EYE,0.4592565894126892,0.4721398949623108,-0.0036166817881166935,0,0
61,RIGHT_EYE_OUTER,0.46057161688804626,0.4714566469192505,-0.0035644208546727896,0,0
61,LEFT_EAR,0.46564218401908875,0.4768242835998535,-0.07852555066347122,0,0
61,RIGHT_EAR,0.4691029489040375,0.47440287470817566,0.006325403228402138,0,0
61,MOUTH_LEFT,0.4584803283214569,0.49454542994499207,-0.017758596688508987,0,0
61,MOUTH_RIGHT,0.45956307649612427,0.4935280680656433,0.007073523011058569,0,0
61,LEFT_SHOULDER,0.4668150246143341,0.5341061949729919,-0.13812370598316193,0,0
61,RIGHT_SHOULDER,0.4997502267360687,0.5236673355102539,0.059633251279592514,0,0
61,LEFT_ELBOW,0.45632678270339966,0.6140490770339966,-0.140127494931221,0,0
61,RIGHT_ELBOW,0.5115899443626404,0.5934597253799438,0.16009362041950226,0,0
61,LEFT_WRIST,0.4127742648124695,0.6206703782081604,-0.06184544414281845,0,0
61,RIGHT_WRIST,0.4856639802455902,0.6093194484710693,0.2593909502029419,0,0
61,LEFT_PINKY,0.400968462228775,0.6259352564811707,-0.06946849822998047,0,0
61,RIGHT_PINKY,0.4869152009487152,0.6145852208137512,0.27880239486694336,0,0
61,LEFT_INDEX,0.3991888165473938,0.6178087592124939,-0.06375289708375931,0,0
61,RIGHT_INDEX,0.4782986342906952,0.6089593768119812,0.2674815058708191,0,0
61,LEFT_THUMB,0.40354591608047485,0.6165843605995178,-0.05681486800312996,0,0
61,RIGHT_THUMB,0.47946056723594666,0.6083620190620422,0.256413072347641,0,0
61,LEFT_HIP,0.4792221188545227,0.6949347257614136,-0.06777182966470718,0,0
61,RIGHT_HIP,0.48916786909103394,0.6856445074081421,0.06759000569581985,0,0
61,LEFT_KNEE,0.47429749369621277,0.7965645790100098,0.013326372019946575,0,0
61,RIGHT_KNEE,0.46824929118156433,0.7671173810958862,0.207066148519516,0,0
61,LEFT_ANKLE,0.487422376871109,0.9057282209396362,0.07428071647882462,0,0
61,RIGHT_ANKLE,0.47696444392204285,0.8554854393005371,0.3461185693740845,0,0
61,LEFT_HEEL,0.49689817428588867,0.9229188561439514,0.08100521564483643,0,0
61,RIGHT_HEEL,0.4824407994747162,0.8723903298377991,0.3605130612850189,0,0
61,LEFT_FOOT_INDEX,0.4644014537334442,0.939535915851593,0.05252769961953163,0,0
61,RIGHT_FOOT_INDEX,0.45441529154777527,0.8705014586448669,0.3605988323688507,0,0
62,NOSE,0.4600847065448761,0.48563694953918457,-0.007304489146918058,0,0
62,LEFT_EYE_INNER,0.46164289116859436,0.4745672643184662,-0.026682429015636444,0,0
62,LEFT_EYE,0.46200621128082275,0.4744906425476074,-0.026698226109147072,0,0
62,LEFT_EYE_OUTER,0.4623626172542572,0.4744606912136078,-0.026699868962168694,0,0
62,RIGHT_EYE_INNER,0.4627165198326111,0.47383540868759155,-0.0071706268936395645,0,0
62,RIGHT_EYE,0.4638330042362213,0.47320547699928284,-0.007165201473981142,0,0
62,RIGHT_EYE_OUTER,0.4650149345397949,0.47252610325813293,-0.007153456564992666,0,0
62,LEFT_EAR,0.4692510962486267,0.47767210006713867,-0.08050281554460526,0,0
62,RIGHT_EAR,0.4742770195007324,0.475101500749588,0.007539853919297457,0,0
62,MOUTH_LEFT,0.46340808272361755,0.4955068528652191,-0.022545766085386276,0,0
62,MOUTH_RIGHT,0.46450549364089966,0.4946330785751343,0.0020102818962186575,0,0
62,LEFT_SHOULDER,0.47291162610054016,0.5344134569168091,-0.1389128565788269,0,0
62,RIGHT_SHOULDER,0.5001148581504822,0.5236778259277344,0.06656339019536972,0,0
62,LEFT_ELBOW,0.4626777768135071,0.6135467290878296,-0.14575961232185364,0,0
62,RIGHT_ELBOW,0.5088406205177307,0.5907143950462341,0.1601918488740921,0,0
62,LEFT_WRIST,0.42274346947669983,0.6220258474349976,-0.08082343637943268,0,0
62,RIGHT_WRIST,0.48398464918136597,0.602680504322052,0.2397415041923523,0,0
62,LEFT_PINKY,0.41218772530555725,0.6289584040641785,-0.0917673334479332,0,0
62,RIGHT_PINKY,0.48144131898880005,0.6058274507522583,0.25569432973861694,0,0
62,LEFT_INDEX,0.40971609950065613,0.6209697127342224,-0.08690794557332993,0,0
62,RIGHT_INDEX,0.47817376255989075,0.6017225384712219,0.24280790984630585,0,0
62,LEFT_THUMB,0.41370174288749695,0.6185756921768188,-0.07634522765874863,0,0
62,RIGHT_THUMB,0.4786035716533661,0.6015397906303406,0.23539063334465027,0,0
62,LEFT_HIP,0.48325446248054504,0.6933938264846802,-0.06885658204555511,0,0
62,RIGHT_HIP,0.496197372674942,0.6823615431785583,0.06875371932983398,0,0
62,LEFT_KNEE,0.47578927874565125,0.792817234992981,-0.02193072810769081,0,0
62,RIGHT_KNEE,0.47738727927207947,0.7620235681533813,0.19091811776161194,0,0
62,LEFT_ANKLE,0.4875449240207672,0.9063409566879272,0.0008617887506261468,0,0
62,RIGHT_ANKLE,0.4949294626712799,0.8488225936889648,0.3054424822330475,0,0
62,LEFT_HEEL,0.4977455139160156,0.9246214628219604,0.0034057192970067263,0,0
62,RIGHT_HEEL,0.504464864730835,0.8583744168281555,0.31728968024253845,0,0
62,LEFT_FOOT_INDEX,0.4633041322231293,0.9409544467926025,-0.030556006357073784,0,0
62,RIGHT_FOOT_INDEX,0.4829021990299225,0.8658544421195984,0.3185238838195801,0,0
63,NOSE,0.4633997678756714,0.48570454120635986,-0.05151728540658951,0,0
63,LEFT_EYE_INNER,0.46589958667755127,0.47477269172668457,-0.06492894142866135,0,0
63,LEFT_EYE,0.4666759669780731,0.4747510552406311,-0.06495822221040726,0,0
63,LEFT_EYE_OUTER,0.4674665331840515,0.47474178671836853,-0.06496220082044601,0,0
63,RIGHT_EYE_INNER,0.4656967520713806,0.47407352924346924,-0.043415702879428864,0,0
63,RIGHT_EYE,0.46630483865737915,0.47354114055633545,-0.043400950729846954,0,0
63,RIGHT_EYE_OUTER,0.46694517135620117,0.4729425311088562,-0.04340606555342674,0,0
63,LEFT_EAR,0.47518253326416016,0.47793087363243103,-0.09412334114313126,0,0
63,RIGHT_EAR,0.4758914113044739,0.47582364082336426,0.006996371783316135,0,0
63,MOUTH_LEFT,0.46700647473335266,0.49602198600769043,-0.059452369809150696,0,0
63,MOUTH_RIGHT,0.4667280316352844,0.49522942304611206,-0.03157716244459152,0,0
63,LEFT_SHOULDER,0.47940024733543396,0.5341018438339233,-0.14422060549259186,0,0
63,RIGHT_SHOULDER,0.4973665475845337,0.5240200757980347,0.07271603494882584,0,0
63,LEFT_ELBOW,0.4671379625797272,0.6137310266494751,-0.1501729041337967,0,0
63,RIGHT_ELBOW,0.49545156955718994,0.5998438000679016,0.11271162331104279,0,0
63,LEFT_WRIST,0.4288497269153595,0.6243709921836853,-0.09409958869218826,0,0
63,RIGHT_WRIST,0.4711291193962097,0.6439159512519836,0.08206180483102798,0,0
63,LEFT_PINKY,0.418064147233963,0.6312277317047119,-0.10467469692230225,0,0
63,RIGHT_PINKY,0.4657205045223236,0.6539521813392639,0.0818057581782341,0,0
63,LEFT_INDEX,0.4161323010921478,0.6241498589515686,-0.09396138042211533,0,0
63,RIGHT_INDEX,0.4634934663772583,0.6516904234886169,0.06437180936336517,0,0
63,LEFT_THUMB,0.4201434552669525,0.6218308806419373,-0.09107071906328201,0,0
63,RIGHT_THUMB,0.46527379751205444,0.6489952206611633,0.07330257445573807,0,0
63,LEFT_HIP,0.48723897337913513,0.6918478012084961,-0.06928740441799164,0,0
63,RIGHT_HIP,0.4981524348258972,0.6798080801963806,0.06920898705720901,0,0
63,LEFT_KNEE,0.4776577055454254,0.7875708341598511,-0.0500556044280529,0,0
63,RIGHT_KNEE,0.48535090684890747,0.76124107837677,0.19541169703006744,0,0
63,LEFT_ANKLE,0.4880944490432739,0.9080377221107483,-0.03307140991091728,0,0
63,RIGHT_ANKLE,0.5090532898902893,0.84162437915802,0.30457863211631775,0,0
63,LEFT_HEEL,0.49744030833244324,0.9250796437263489,-0.03238970786333084,0,0
63,RIGHT_HEEL,0.5199823975563049,0.8529319763183594,0.31565767526626587,0,0
63,LEFT_FOOT_INDEX,0.4637581706047058,0.9415988922119141,-0.07134290784597397,0,0
63,RIGHT_FOOT_INDEX,0.49189525842666626,0.8661114573478699,0.32038572430610657,0,0
64,NOSE,0.4640978276729584,0.4861243963241577,-0.042923904955387115,0,0
64,LEFT_EYE_INNER,0.46666768193244934,0.4752439260482788,-0.05740759149193764,0,0
64,LEFT_EYE,0.4673299789428711,0.47528189420700073,-0.057429298758506775,0,0
64,LEFT_EYE_OUTER,0.46800220012664795,0.47532954812049866,-0.05742831155657768,0,0
64,RIGHT_EYE_INNER,0.4667620360851288,0.4744280278682709,-0.03620082139968872,0,0
64,RIGHT_EYE,0.4674784243106842,0.4738973379135132,-0.03618727624416351,0,0
64,RIGHT_EYE_OUTER,0.46823060512542725,0.47329849004745483,-0.03619164973497391,0,0
64,LEFT_EAR,0.4756421148777008,0.47858157753944397,-0.09351212531328201,0,0
64,RIGHT_EAR,0.47731390595436096,0.47636672854423523,0.005948367528617382,0,0
64,MOUTH_LEFT,0.46755707263946533,0.4965101480484009,-0.05265221372246742,0,0
64,MOUTH_RIGHT,0.46746209263801575,0.4957006275653839,-0.025199152529239655,0,0
64,LEFT_SHOULDER,0.47992944717407227,0.5345242023468018,-0.14173981547355652,0,0
64,RIGHT_SHOULDER,0.49661731719970703,0.5240241885185242,0.07658566534519196,0,0
64,LEFT_ELBOW,0.4673750698566437,0.6143817901611328,-0.14994335174560547,0,0
64,RIGHT_ELBOW,0.4923573434352875,0.6030293107032776,0.11774904280900955,0,0
64,LEFT_WRIST,0.4303206205368042,0.6247124075889587,-0.09804927557706833,0,0
64,RIGHT_WRIST,0.4692312180995941,0.6515144109725952,0.09382137656211853,0,0
64,LEFT_PINKY,0.4196871817111969,0.6322106719017029,-0.11049747467041016,0,0
64,RIGHT_PINKY,0.46398797631263733,0.6619932055473328,0.0947040319442749,0,0
64,LEFT_INDEX,0.4172409176826477,0.6250136494636536,-0.10478757321834564,0,0
64,RIGHT_INDEX,0.4619094729423523,0.660148024559021,0.07735250145196915,0,0
64,LEFT_THUMB,0.42131462693214417,0.6227195858955383,-0.09417214244604111,0,0
64,RIGHT_THUMB,0.463680237531662,0.6572859883308411,0.08552590757608414,0,0
64,LEFT_HIP,0.48729032278060913,0.6897135972976685,-0.06913881003856659,0,0
64,RIGHT_HIP,0.4994237720966339,0.677259624004364,0.0690586268901825,0,0
64,LEFT_KNEE,0.47872284054756165,0.7834187746047974,-0.0660165324807167,0,0
64,RIGHT_KNEE,0.48686617612838745,0.7601596117019653,0.19977983832359314,0,0
64,LEFT_ANKLE,0.48806771636009216,0.9081329107284546,-0.06061277911067009,0,0
64,RIGHT_ANKLE,0.5121175050735474,0.8421602845191956,0.3096887767314911,0,0
64,LEFT_HEEL,0.4972477853298187,0.9254554510116577,-0.06072843447327614,0,0
64,RIGHT_HEEL,0.5222739577293396,0.8541447520256042,0.3208567798137665,0,0
64,LEFT_FOOT_INDEX,0.4630501866340637,0.9420105218887329,-0.09853809326887131,0,0
64,RIGHT_FOOT_INDEX,0.4932246804237366,0.8654165863990784,0.32559603452682495,0,0
65,NOSE,0.4667412340641022,0.4865536689758301,-0.045094992965459824,0,0
65,LEFT_EYE_INNER,0.4696877896785736,0.4756155014038086,-0.05968806520104408,0,0
65,LEFT_EYE,0.4704158902168274,0.4756356179714203,-0.05970834940671921,0,0
65,LEFT_EYE_OUTER,0.47120338678359985,0.4756690263748169,-0.05970218405127525,0,0
65,RIGHT_EYE_INNER,0.46951764822006226,0.4748224914073944,-0.037324193865060806,0,0
65,RIGHT_EYE,0.4700731635093689,0.4742927849292755,-0.03731369972229004,0,0
65,RIGHT_EYE_OUTER,0.47069090604782104,0.47369369864463806,-0.03731393441557884,0,0
65,LEFT_EAR,0.47938358783721924,0.479038268327713,-0.09531129896640778,0,0
65,RIGHT_EAR,0.47966670989990234,0.47683313488960266,0.005187938921153545,0,0
65,MOUTH_LEFT,0.4700121283531189,0.4969502091407776,-0.05557215213775635,0,0
65,MOUTH_RIGHT,0.46942511200904846,0.49616146087646484,-0.02653076872229576,0,0
65,LEFT_SHOULDER,0.48516976833343506,0.5346680879592896,-0.14534689486026764,0,0
65,RIGHT_SHOULDER,0.49649545550346375,0.528416097164154,0.07850676029920578,0,0
65,LEFT_ELBOW,0.47105008363723755,0.614599347114563,-0.16081975400447845,0,0
65,RIGHT_ELBOW,0.488932728767395,0.6095571517944336,0.11914066970348358,0,0
65,LEFT_WRIST,0.430940717458725,0.6269605755805969,-0.12359404563903809,0,0
65,RIGHT_WRIST,0.4663561284542084,0.6466633677482605,0.08619441837072372,0,0
65,LEFT_PINKY,0.42077872157096863,0.6334853768348694,-0.14463257789611816,0,0
65,RIGHT_PINKY,0.4598599076271057,0.6522021889686584,0.08438637852668762,0,0
65,LEFT_INDEX,0.4184514880180359,0.6269378066062927,-0.13856779038906097,0,0
65,RIGHT_INDEX,0.4563198685646057,0.6492872834205627,0.06605886667966843,0,0
65,LEFT_THUMB,0.42270347476005554,0.625093400478363,-0.11964406818151474,0,0
65,RIGHT_THUMB,0.45978227257728577,0.6473912000656128,0.07688775658607483,0,0
65,LEFT_HIP,0.4926837682723999,0.6909241080284119,-0.0701662078499794,0,0
65,RIGHT_HIP,0.5030927658081055,0.6793306469917297,0.07012487202882767,0,0
65,LEFT_KNEE,0.48135319352149963,0.784241259098053,-0.05011308938264847,0,0
65,RIGHT_KNEE,0.49202749133110046,0.7619509100914001,0.19563131034374237,0,0
65,LEFT_ANKLE,0.4888502359390259,0.9079576730728149,-0.02073414996266365,0,0
65,RIGHT_ANKLE,0.5240464806556702,0.8393064737319946,0.30573564767837524,0,0
65,LEFT_HEEL,0.4979444444179535,0.925186038017273,-0.018372952938079834,0,0
65,RIGHT_HEEL,0.5374537706375122,0.8503127694129944,0.3166455626487732,0,0
65,LEFT_FOOT_INDEX,0.462885320186615,0.9418411254882812,-0.05480017140507698,0,0
65,RIGHT_FOOT_INDEX,0.505662739276886,0.8644945025444031,0.3186342418193817,0,0
66,NOSE,0.4688805341720581,0.48664939403533936,-0.04188446328043938,0,0
66,LEFT_EYE_INNER,0.4721289277076721,0.47589918971061707,-0.05623765289783478,0,0
66,LEFT_EYE,0.47302553057670593,0.4759165346622467,-0.056255947798490524,0,0
66,LEFT_EYE_OUTER,0.47400805354118347,0.4759397804737091,-0.05625010281801224,0,0
66,RIGHT_EYE_INNER,0.47157564759254456,0.47500887513160706,-0.03427736088633537,0,0
66,RIGHT_EYE,0.47198209166526794,0.47437748312950134,-0.0342678502202034,0,0
66,RIGHT_EYE_OUTER,0.47242242097854614,0.4738231897354126,-0.03427336364984512,0,0
66,LEFT_EAR,0.48260167241096497,0.47998854517936707,-0.09262587875127792,0,0
66,RIGHT_EAR,0.4812178909778595,0.4783928096294403,0.00851473119109869,0,0
66,MOUTH_LEFT,0.4725204110145569,0.49743521213531494,-0.0521320104598999,0,0
66,MOUTH_RIGHT,0.4714165925979614,0.4968041777610779,-0.0237016212195158,0,0
66,LEFT_SHOULDER,0.4905173182487488,0.537963330745697,-0.14394456148147583,0,0
66,RIGHT_SHOULDER,0.4968506395816803,0.5337693095207214,0.08489780873060226,0,0
66,LEFT_ELBOW,0.47526201605796814,0.6147167086601257,-0.1642497032880783,0,0
66,RIGHT_ELBOW,0.49166667461395264,0.6070029735565186,0.13505497574806213,0,0
66,LEFT_WRIST,0.4353470504283905,0.6287117004394531,-0.1348986029624939,0,0
66,RIGHT_WRIST,0.47195133566856384,0.6508160829544067,0.13099686801433563,0,0
66,LEFT_PINKY,0.4253027141094208,0.635991632938385,-0.15574494004249573,0,0
66,RIGHT_PINKY,0.4657820761203766,0.655828595161438,0.13466563820838928,0,0
66,LEFT_INDEX,0.4225344955921173,0.6293801665306091,-0.14968989789485931,0,0
66,RIGHT_INDEX,0.4646773934364319,0.6544110774993896,0.11788582801818848,0,0
66,LEFT_THUMB,0.42624664306640625,0.6272373795509338,-0.13071367144584656,0,0
66,RIGHT_THUMB,0.4663005471229553,0.6520799398422241,0.12337521463632584,0,0
66,LEFT_HIP,0.499595046043396,0.6907234787940979,-0.07021751254796982,0,0
66,RIGHT_HIP,0.5084978342056274,0.6797963976860046,0.07020242512226105,0,0
66,LEFT_KNEE,0.483504980802536,0.7832630276679993,-0.0669243335723877,0,0
66,RIGHT_KNEE,0.5005350708961487,0.7638083100318909,0.1940261721611023,0,0
66,LEFT_ANKLE,0.4883617162704468,0.9078627228736877,-0.058451004326343536,0,0
66,RIGHT_ANKLE,0.5308526754379272,0.8439410924911499,0.301969975233078,0,0
66,LEFT_HEEL,0.4976643919944763,0.9255600571632385,-0.05809330567717552,0,0
66,RIGHT_HEEL,0.5430956482887268,0.8559694886207581,0.31257757544517517,0,0
66,LEFT_FOOT_INDEX,0.46267518401145935,0.941746711730957,-0.09693596512079239,0,0
66,RIGHT_FOOT_INDEX,0.5100430250167847,0.8652083277702332,0.3141762316226959,0,0
67,NOSE,0.47129687666893005,0.49267899990081787,-0.09149660915136337,0,0
67,LEFT_EYE_INNER,0.4749351739883423,0.4814821481704712,-0.10087886452674866,0,0
67,LEFT_EYE,0.4761210083961487,0.48142603039741516,-0.10088761150836945,0,0
67,LEFT_EYE_OUTER,0.47749605774879456,0.4813295006752014,-0.10089372843503952,0,0
67,RIGHT_EYE_INNER,0.47366243600845337,0.4809360206127167,-0.08101887255907059,0,0
67,RIGHT_EYE,0.47383975982666016,0.48046842217445374,-0.08100713789463043,0,0
67,RIGHT_EYE_OUTER,0.47403064370155334,0.48000210523605347,-0.08100792020559311,0,0
67,LEFT_EAR,0.4860154688358307,0.4860829710960388,-0.11100642383098602,0,0
67,RIGHT_EAR,0.48263034224510193,0.4848041534423828,-0.021548232063651085,0,0
67,MOUTH_LEFT,0.47514599561691284,0.5038795471191406,-0.09268954396247864,0,0
67,MOUTH_RIGHT,0.4732915163040161,0.5029879212379456,-0.06686736643314362,0,0
67,LEFT_SHOULDER,0.4922456741333008,0.5475545525550842,-0.15340739488601685,0,0
67,RIGHT_SHOULDER,0.49817755818367004,0.5386632084846497,0.07230237126350403,0,0
67,LEFT_ELBOW,0.4776758849620819,0.6213729381561279,-0.17371626198291779,0,0
67,RIGHT_ELBOW,0.4916608929634094,0.6167819499969482,0.11049371212720871,0,0
67,LEFT_WRIST,0.4374813139438629,0.6301364302635193,-0.14499741792678833,0,0
67,RIGHT_WRIST,0.46606090664863586,0.6525245904922485,0.06855451315641403,0,0
67,LEFT_PINKY,0.4271593391895294,0.6372439861297607,-0.16685804724693298,0,0
67,RIGHT_PINKY,0.45928236842155457,0.6573883891105652,0.06740834563970566,0,0
67,LEFT_INDEX,0.424363911151886,0.6299112439155579,-0.16119486093521118,0,0
67,RIGHT_INDEX,0.4571748375892639,0.6554757356643677,0.04836876690387726,0,0
67,LEFT_THUMB,0.42794230580329895,0.6276541352272034,-0.14106209576129913,0,0
67,RIGHT_THUMB,0.45949217677116394,0.6531859040260315,0.05935691297054291,0,0
67,LEFT_HIP,0.5051157474517822,0.6913431286811829,-0.07020015269517899,0,0
67,RIGHT_HIP,0.5131203532218933,0.680331289768219,0.07013852149248123,0,0
67,LEFT_KNEE,0.4854392111301422,0.7834698557853699,-0.0718124732375145,0,0
67,RIGHT_KNEE,0.5055455565452576,0.7649469375610352,0.20106419920921326,0,0
67,LEFT_ANKLE,0.48935797810554504,0.9077852368354797,-0.0645185261964798,0,0
67,RIGHT_ANKLE,0.5322643518447876,0.8468068838119507,0.3166070878505707,0,0
67,LEFT_HEEL,0.49880221486091614,0.9253616333007812,-0.06470886617898941,0,0
67,RIGHT_HEEL,0.543217658996582,0.8603788018226624,0.3276310861110687,0,0
67,LEFT_FOOT_INDEX,0.4629608988761902,0.9407230615615845,-0.10398901253938675,0,0
67,RIGHT_FOOT_INDEX,0.5056056976318359,0.8652839660644531,0.3290438652038574,0,0
68,NOSE,0.4722002148628235,0.4978336989879608,-0.08458025008440018,0,0
68,LEFT_EYE_INNER,0.4756646752357483,0.48703551292419434,-0.09713757783174515,0,0
68,LEFT_EYE,0.476925790309906,0.486838161945343,-0.09715281426906586,0,0
68,LEFT_EYE_OUTER,0.4783182144165039,0.4866064488887787,-0.0971451997756958,0,0
68,RIGHT_EYE_INNER,0.4742818772792816,0.4869089126586914,-0.07537921518087387,0,0
68,RIGHT_EYE,0.47447338700294495,0.48656758666038513,-0.07538877427577972,0,0
68,RIGHT_EYE_OUTER,0.4746403694152832,0.4861665368080139,-0.07540688663721085,0,0
68,LEFT_EAR,0.4876275360584259,0.4912552535533905,-0.12202302366495132,0,0
68,RIGHT_EAR,0.48343130946159363,0.48988693952560425,-0.024480976164340973,0,0
68,MOUTH_LEFT,0.4767856299877167,0.509819746017456,-0.09152619540691376,0,0
68,MOUTH_RIGHT,0.4746544063091278,0.5088416934013367,-0.06317256391048431,0,0
68,LEFT_SHOULDER,0.4969850182533264,0.5548734664916992,-0.16587893664836884,0,0
68,RIGHT_SHOULDER,0.4988163411617279,0.5457960367202759,0.060146115720272064,0,0
68,LEFT_ELBOW,0.47828182578086853,0.6242058873176575,-0.19613295793533325,0,0
68,RIGHT_ELBOW,0.49137672781944275,0.6210830807685852,0.11200295388698578,0,0
68,LEFT_WRIST,0.4395953118801117,0.6306016445159912,-0.18523138761520386,0,0
68,RIGHT_WRIST,0.4623352587223053,0.6504165530204773,0.08442756533622742,0,0
68,LEFT_PINKY,0.4286079704761505,0.63743656873703,-0.2105650007724762,0,0
68,RIGHT_PINKY,0.456452876329422,0.6562914848327637,0.08372172713279724,0,0
68,LEFT_INDEX,0.42548391222953796,0.6303032040596008,-0.20609651505947113,0,0
68,RIGHT_INDEX,0.45372793078422546,0.6536974310874939,0.06545621901750565,0,0
68,LEFT_THUMB,0.42940276861190796,0.6278167963027954,-0.18235018849372864,0,0
68,RIGHT_THUMB,0.4559873044490814,0.6509433388710022,0.07571831345558167,0,0
68,LEFT_HIP,0.5127056241035461,0.6916958093643188,-0.0707704946398735,0,0
68,RIGHT_HIP,0.5155125856399536,0.6802694201469421,0.07076837867498398,0,0
68,LEFT_KNEE,0.4888620972633362,0.7814925312995911,-0.10471601784229279,0,0
68,RIGHT_KNEE,0.5045908093452454,0.7639983296394348,0.19610577821731567,0,0
68,LEFT_ANKLE,0.4951991140842438,0.907734751701355,-0.10801038146018982,0,0
68,RIGHT_ANKLE,0.5315130352973938,0.8474940061569214,0.31868472695350647,0,0
68,LEFT_HEEL,0.5053213834762573,0.9251939058303833,-0.10928107798099518,0,0
68,RIGHT_HEEL,0.5414682030677795,0.8611803650856018,0.33010968565940857,0,0
68,LEFT_FOOT_INDEX,0.4670048654079437,0.9365424513816833,-0.15958857536315918,0,0
68,RIGHT_FOOT_INDEX,0.5080476999282837,0.8652737736701965,0.32552796602249146,0,0
69,NOSE,0.4729657471179962,0.4986458122730255,-0.0712234228849411,0,0
69,LEFT_EYE_INNER,0.47615280747413635,0.48815205693244934,-0.08458985388278961,0,0
69,LEFT_EYE,0.47718486189842224,0.4880640208721161,-0.08460592478513718,0,0
69,LEFT_EYE_OUTER,0.47835782170295715,0.4879595637321472,-0.08460091054439545,0,0
69,RIGHT_EYE_INNER,0.47537440061569214,0.48782122135162354,-0.06284619867801666,0,0
69,RIGHT_EYE,0.4757150113582611,0.487480491399765,-0.06285251677036285,0,0
69,RIGHT_EYE_OUTER,0.47605186700820923,0.4871172308921814,-0.06286651641130447,0,0
69,LEFT_EAR,0.4876071512699127,0.4928961396217346,-0.11383862048387527,0,0
69,RIGHT_EAR,0.48482972383499146,0.49119240045547485,-0.01715347170829773,0,0
69,MOUTH_LEFT,0.4771685004234314,0.5102773904800415,-0.07968053966760635,0,0
69,MOUTH_RIGHT,0.4756670296192169,0.5093576908111572,-0.05143965780735016,0,0
69,LEFT_SHOULDER,0.4961835741996765,0.557766854763031,-0.1615261733531952,0,0
69,RIGHT_SHOULDER,0.4984312057495117,0.545717179775238,0.061680980026721954,0,0
69,LEFT_ELBOW,0.4774356186389923,0.6291993856430054,-0.18707267940044403,0,0
69,RIGHT_ELBOW,0.4915512800216675,0.6209772229194641,0.1102522537112236,0,0
69,LEFT_WRIST,0.4403917193412781,0.6322093605995178,-0.1641533523797989,0,0
69,RIGHT_WRIST,0.46562784910202026,0.6525720953941345,0.08148514479398727,0,0
69,LEFT_PINKY,0.42872053384780884,0.638260543346405,-0.18725590407848358,0,0
69,RIGHT_PINKY,0.4554681181907654,0.6536033153533936,0.08067247271537781,0,0
69,LEFT_INDEX,0.42654719948768616,0.6307923793792725,-0.18226954340934753,0,0
69,RIGHT_INDEX,0.45450085401535034,0.6507073044776917,0.06298445910215378,0,0
69,LEFT_THUMB,0.43081536889076233,0.6289633512496948,-0.16087116301059723,0,0
69,RIGHT_THUMB,0.45766937732696533,0.6485783457756042,0.07288549095392227,0,0
69,LEFT_HIP,0.5124431252479553,0.6921959519386292,-0.07087496668100357,0,0
69,RIGHT_HIP,0.5155975222587585,0.6802459359169006,0.07089321315288544,0,0
69,LEFT_KNEE,0.4903358817100525,0.7817723751068115,-0.09754721075296402,0,0
69,RIGHT_KNEE,0.5033461451530457,0.7631040811538696,0.19866742193698883,0,0
69,LEFT_ANKLE,0.4982761740684509,0.9073157906532288,-0.09977743774652481,0,0
69,RIGHT_ANKLE,0.5316599607467651,0.8481122255325317,0.3182338774204254,0,0
69,LEFT_HEEL,0.5079087615013123,0.9252389669418335,-0.10074326395988464,0,0
69,RIGHT_HEEL,0.5414918065071106,0.8620407581329346,0.3294209837913513,0,0
69,LEFT_FOOT_INDEX,0.4693821370601654,0.9346867799758911,-0.14609788358211517,0,0
69,RIGHT_FOOT_INDEX,0.5085960626602173,0.8647280931472778,0.3270955979824066,0,0
70,NOSE,0.4742298722267151,0.5015925168991089,-0.08218229562044144,0,0
70,LEFT_EYE_INNER,0.4771521985530853,0.49076539278030396,-0.09522143006324768,0,0
70,LEFT_EYE,0.4782711863517761,0.4905068278312683,-0.09524557739496231,0,0
70,LEFT_EYE_OUTER,0.4795149862766266,0.49029895663261414,-0.09524128586053848,0,0
70,RIGHT_EYE_INNER,0.4761120080947876,0.4909660518169403,-0.07357985526323318,0,0
70,RIGHT_EYE,0.4763767123222351,0.49076610803604126,-0.07359230518341064,0,0
70,RIGHT_EYE_OUTER,0.4766094386577606,0.49058884382247925,-0.07361772656440735,0,0
70,LEFT_EAR,0.4888993501663208,0.49464958906173706,-0.1232186034321785,0,0
70,RIGHT_EAR,0.4852451682090759,0.49384766817092896,-0.02610291913151741,0,0
70,MOUTH_LEFT,0.47862672805786133,0.5126748085021973,-0.09034869074821472,0,0
70,MOUTH_RIGHT,0.47700798511505127,0.5122758746147156,-0.06210942193865776,0,0
70,LEFT_SHOULDER,0.49943074584007263,0.5578404068946838,-0.1692603975534439,0,0
70,RIGHT_SHOULDER,0.49830755591392517,0.5470583438873291,0.053307533264160156,0,0
70,LEFT_ELBOW,0.48077771067619324,0.6279666423797607,-0.20415441691875458,0,0
70,RIGHT_ELBOW,0.49201691150665283,0.6193147897720337,0.10372752696275711,0,0
70,LEFT_WRIST,0.4420241415500641,0.6328257322311401,-0.20044225454330444,0,0
70,RIGHT_WRIST,0.46658292412757874,0.6553478837013245,0.0734080821275711,0,0
70,LEFT_PINKY,0.4302513897418976,0.6381967067718506,-0.22682790458202362,0,0
70,RIGHT_PINKY,0.45598676800727844,0.6552570462226868,0.0715237632393837,0,0
70,LEFT_INDEX,0.4283677041530609,0.6315584778785706,-0.22286580502986908,0,0
70,RIGHT_INDEX,0.4551520347595215,0.6525829434394836,0.05281645432114601,0,0
70,LEFT_THUMB,0.43310338258743286,0.6297249794006348,-0.19815371930599213,0,0
70,RIGHT_THUMB,0.45622771978378296,0.6505730748176575,0.06426642835140228,0,0
70,LEFT_HIP,0.5171345472335815,0.6906135678291321,-0.07141401618719101,0,0
70,RIGHT_HIP,0.5173763036727905,0.6780422925949097,0.07145129889249802,0,0
70,LEFT_KNEE,0.49482014775276184,0.7798535227775574,-0.12048938870429993,0,0
70,RIGHT_KNEE,0.5039292573928833,0.761533260345459,0.17783880233764648,0,0
70,LEFT_ANKLE,0.5074109435081482,0.9047287702560425,-0.1277991086244583,0,0
70,RIGHT_ANKLE,0.5306352376937866,0.8453112244606018,0.29976022243499756,0,0
70,LEFT_HEEL,0.5190247297286987,0.9214709997177124,-0.12947717308998108,0,0
70,RIGHT_HEEL,0.540308952331543,0.8599635362625122,0.3105399012565613,0,0
70,LEFT_FOOT_INDEX,0.48118847608566284,0.933185875415802,-0.18182581663131714,0,0
70,RIGHT_FOOT_INDEX,0.5109912157058716,0.8633460402488708,0.30156201124191284,0,0
71,NOSE,0.4776000678539276,0.5043864846229553,-0.10125752538442612,0,0
71,LEFT_EYE_INNER,0.4800359904766083,0.4935617446899414,-0.11180002242326736,0,0
71,LEFT_EYE,0.48133260011672974,0.4932873249053955,-0.11182273179292679,0,0
71,LEFT_EYE_OUTER,0.4827635586261749,0.4930153787136078,-0.11182326823472977,0,0
71,RIGHT_EYE_INNER,0.47837528586387634,0.49378764629364014,-0.09159990400075912,0,0
71,RIGHT_EYE,0.47834348678588867,0.4936431348323822,-0.09162327647209167,0,0
71,RIGHT_EYE_OUTER,0.4782760441303253,0.4935007095336914,-0.09164086729288101,0,0
71,LEFT_EAR,0.49129536747932434,0.4964297115802765,-0.12771865725517273,0,0
71,RIGHT_EAR,0.4863288700580597,0.49588465690612793,-0.035845015197992325,0,0
71,MOUTH_LEFT,0.48189881443977356,0.5148187875747681,-0.10464640706777573,0,0
71,MOUTH_RIGHT,0.4796752631664276,0.5144827961921692,-0.07806456089019775,0,0
71,LEFT_SHOULDER,0.5005092620849609,0.5575868487358093,-0.1655922532081604,0,0
71,RIGHT_SHOULDER,0.49869304895401,0.5469635128974915,0.047657571732997894,0,0
71,LEFT_ELBOW,0.4837411344051361,0.6273765563964844,-0.1917758584022522,0,0
71,RIGHT_ELBOW,0.49176427721977234,0.6187078356742859,0.09971850365400314,0,0
71,LEFT_WRIST,0.4472449719905853,0.632973849773407,-0.1782895028591156,0,0
71,RIGHT_WRIST,0.4638986587524414,0.6511456966400146,0.06320668756961823,0,0
71,LEFT_PINKY,0.43520402908325195,0.635230541229248,-0.20141515135765076,0,0
71,RIGHT_PINKY,0.4527987539768219,0.652252197265625,0.060642972588539124,0,0
71,LEFT_INDEX,0.4341614544391632,0.6286041736602783,-0.19899052381515503,0,0
71,RIGHT_INDEX,0.45072808861732483,0.6487685441970825,0.041553594172000885,0,0
71,LEFT_THUMB,0.43883228302001953,0.6287480592727661,-0.1762019246816635,0,0
71,RIGHT_THUMB,0.45308977365493774,0.6475464701652527,0.05397774279117584,0,0
71,LEFT_HIP,0.5209277868270874,0.6897588968276978,-0.07135339081287384,0,0
71,RIGHT_HIP,0.5167608857154846,0.6768487691879272,0.07136336714029312,0,0
71,LEFT_KNEE,0.49926215410232544,0.7798402309417725,-0.13326148688793182,0,0
71,RIGHT_KNEE,0.5065205097198486,0.7594566345214844,0.20263655483722687,0,0
71,LEFT_ANKLE,0.5215557813644409,0.8982976078987122,-0.15165995061397552,0,0
71,RIGHT_ANKLE,0.5320307612419128,0.8363244533538818,0.33561640977859497,0,0
71,LEFT_HEEL,0.5339568853378296,0.9148162007331848,-0.15489836037158966,0,0
71,RIGHT_HEEL,0.5427899956703186,0.8420224785804749,0.34744346141815186,0,0
71,LEFT_FOOT_INDEX,0.5000360012054443,0.9336056113243103,-0.21224048733711243,0,0
71,RIGHT_FOOT_INDEX,0.5161168575286865,0.8624231219291687,0.3402341902256012,0,0
72,NOSE,0.47986307740211487,0.5050331950187683,-0.11395859718322754,0,0
72,LEFT_EYE_INNER,0.48253896832466125,0.49449390172958374,-0.12144159525632858,0,0
72,LEFT_EYE,0.4840598404407501,0.49424511194229126,-0.1214648187160492,0,0
72,LEFT_EYE_OUTER,0.48567041754722595,0.493999183177948,-0.12147923558950424,0,0
72,RIGHT_EYE_INNER,0.48041555285453796,0.4947451651096344,-0.10165245831012726,0,0
72,RIGHT_EYE,0.48024415969848633,0.4946310520172119,-0.10167376697063446,0,0
72,RIGHT_EYE_OUTER,0.4800495207309723,0.49447914958000183,-0.10169410705566406,0,0
72,LEFT_EAR,0.49428078532218933,0.4977159798145294,-0.1270744949579239,0,0
72,RIGHT_EAR,0.4877212345600128,0.4968756139278412,-0.037083838135004044,0,0
72,MOUTH_LEFT,0.48423025012016296,0.5156204700469971,-0.11388940364122391,0,0
72,MOUTH_RIGHT,0.4814368486404419,0.5153009295463562,-0.08786895126104355,0,0
72,LEFT_SHOULDER,0.5038960576057434,0.5574156641960144,-0.16367976367473602,0,0
72,RIGHT_SHOULDER,0.49847176671028137,0.5467655062675476,0.04968763515353203,0,0
72,LEFT_ELBOW,0.4861157536506653,0.626919150352478,-0.18830230832099915,0,0
72,RIGHT_ELBOW,0.4901251792907715,0.6170891523361206,0.1002441942691803,0,0
72,LEFT_WRIST,0.4507994055747986,0.632075846195221,-0.17870016396045685,0,0
72,RIGHT_WRIST,0.46301013231277466,0.6489032506942749,0.0540168359875679,0,0
72,LEFT_PINKY,0.43959560990333557,0.6316589713096619,-0.20236611366271973,0,0
72,RIGHT_PINKY,0.4533984959125519,0.6503327488899231,0.05109064280986786,0,0
72,LEFT_INDEX,0.4374736547470093,0.6232176423072815,-0.19963499903678894,0,0
72,RIGHT_INDEX,0.45111703872680664,0.6471127867698669,0.030278271064162254,0,0
72,LEFT_THUMB,0.44145023822784424,0.623784065246582,-0.1768403798341751,0,0
72,RIGHT_THUMB,0.454122930765152,0.6460866332054138,0.04383688420057297,0,0
72,LEFT_HIP,0.5241658091545105,0.6895660758018494,-0.07154226303100586,0,0
72,RIGHT_HIP,0.5148179531097412,0.6769581437110901,0.07156483829021454,0,0
72,LEFT_KNEE,0.5077597498893738,0.7809523344039917,-0.12367356568574905,0,0
72,RIGHT_KNEE,0.5073555707931519,0.7614643573760986,0.16699473559856415,0,0
72,LEFT_ANKLE,0.5361326336860657,0.8885915875434875,-0.12893253564834595,0,0
72,RIGHT_ANKLE,0.5321140885353088,0.8395592570304871,0.27874627709388733,0,0
72,LEFT_HEEL,0.5475007891654968,0.9034396409988403,-0.13088257610797882,0,0
72,RIGHT_HEEL,0.5404478311538696,0.8488077521324158,0.2880810797214508,0,0
72,LEFT_FOOT_INDEX,0.5194311738014221,0.9322524070739746,-0.1794443428516388,0,0
72,RIGHT_FOOT_INDEX,0.5121895670890808,0.8654114007949829,0.2779898941516876,0,0
73,NOSE,0.48208314180374146,0.5054277777671814,-0.15535707771778107,0,0
73,LEFT_EYE_INNER,0.4853568375110626,0.49456363916397095,-0.15996122360229492,0,0
73,LEFT_EYE,0.48714569211006165,0.4943718910217285,-0.16000165045261383,0,0
73,LEFT_EYE_OUTER,0.4891222417354584,0.4941670298576355,-0.16004028916358948,0,0
73,RIGHT_EYE_INNER,0.4822920560836792,0.4946959316730499,-0.14252573251724243,0,0
73,RIGHT_EYE,0.48181965947151184,0.494528204202652,-0.1425434798002243,0,0
73,RIGHT_EYE_OUTER,0.48134419322013855,0.49429377913475037,-0.14255614578723907,0,0
73,LEFT_EAR,0.49758240580558777,0.4982626438140869,-0.14927895367145538,0,0
73,RIGHT_EAR,0.4887129068374634,0.4967914819717407,-0.07028239220380783,0,0
73,MOUTH_LEFT,0.48700660467147827,0.5161378383636475,-0.1489439457654953,0,0
73,MOUTH_RIGHT,0.4831331968307495,0.5158013105392456,-0.1261509507894516,0,0
73,LEFT_SHOULDER,0.5062128305435181,0.5588880181312561,-0.17859476804733276,0,0
73,RIGHT_SHOULDER,0.49827632308006287,0.5471011400222778,0.02855857089161873,0,0
73,LEFT_ELBOW,0.48583269119262695,0.6267436742782593,-0.20065149664878845,0,0
73,RIGHT_ELBOW,0.48593658208847046,0.6160441637039185,0.08896829187870026,0,0
73,LEFT_WRIST,0.4515856206417084,0.6288374662399292,-0.19734689593315125,0,0
73,RIGHT_WRIST,0.4586954712867737,0.6428312659263611,0.04865168407559395,0,0
73,LEFT_PINKY,0.4407667815685272,0.6286507248878479,-0.22121793031692505,0,0
73,RIGHT_PINKY,0.45195648074150085,0.6494379639625549,0.04508211836218834,0,0
73,LEFT_INDEX,0.4384705424308777,0.6194782853126526,-0.21992360055446625,0,0
73,RIGHT_INDEX,0.44996368885040283,0.6465793251991272,0.02458268031477928,0,0
73,LEFT_THUMB,0.4426201283931732,0.620217502117157,-0.19592136144638062,0,0
73,RIGHT_THUMB,0.4528924822807312,0.644951581954956,0.03872440755367279,0,0
73,LEFT_HIP,0.5251455903053284,0.6901164650917053,-0.07053675502538681,0,0
73,RIGHT_HIP,0.5141440629959106,0.6772558093070984,0.07055310904979706,0,0
73,LEFT_KNEE,0.51535964012146,0.782391369342804,-0.08018096536397934,0,0
73,RIGHT_KNEE,0.5095036029815674,0.7620980739593506,0.19400691986083984,0,0
73,LEFT_ANKLE,0.5439554452896118,0.8838193416595459,-0.05020627751946449,0,0
73,RIGHT_ANKLE,0.5311806201934814,0.8392220139503479,0.34046778082847595,0,0
73,LEFT_HEEL,0.5564196109771729,0.8992606997489929,-0.049303989857435226,0,0
73,RIGHT_HEEL,0.5372957587242126,0.8508926033973694,0.35376015305519104,0,0
73,LEFT_FOOT_INDEX,0.5290288925170898,0.9315215945243835,-0.10535459965467453,0,0
73,RIGHT_FOOT_INDEX,0.5091665387153625,0.8653724193572998,0.34115660190582275,0,0
