frame_number,landmark,x,y,z,action,label
0,NOSE,0.40806522965431213,0.4933428168296814,0.12863455712795258,[],0
0,LEFT_EYE_INNER,0.40620434284210205,0.4868755340576172,0.1078847348690033,[],0
0,LEFT_EYE,0.40488412976264954,0.48734724521636963,0.10789618641138077,[],0
0,LEFT_EYE_OUTER,0.40370556712150574,0.48783811926841736,0.10786356031894684,[],0
0,RIGHT_EYE_INNER,0.4106760323047638,0.4861206114292145,0.1137867271900177,[],0
0,RIGHT_EYE,0.4123697578907013,0.4860844910144806,0.11377403885126114,[],0
0,RIGHT_EYE_OUTER,0.41396358609199524,0.4860791265964508,0.1136973574757576,[],0
0,LEFT_EAR,0.40441465377807617,0.4929106533527374,0.035276733338832855,[],0
0,RIGHT_EAR,0.41837841272354126,0.49037227034568787,0.06059786304831505,[],0
0,MOUTH_LEFT,0.40615537762641907,0.5010824799537659,0.10595367103815079,[],0
0,MOUTH_RIGHT,0.4115388095378876,0.5000429153442383,0.11298108845949173,[],0
0,LEFT_SHOULDER,0.39097151160240173,0.5438040494918823,-0.009884716011583805,[],0
0,RIGHT_SHOULDER,0.44571372866630554,0.5392054319381714,0.052015308290719986,[],0
0,LEFT_ELBOW,0.38805729150772095,0.6131636500358582,0.06042245402932167,[],0
0,RIGHT_ELBOW,0.44740140438079834,0.5931660532951355,0.11942657828330994,[],0
0,LEFT_WRIST,0.39403900504112244,0.5994037389755249,0.19048860669136047,[],0
0,RIGHT_WRIST,0.43275466561317444,0.5792886018753052,0.23020237684249878,[],0
0,LEFT_PINKY,0.39672571420669556,0.5997463464736938,0.20657525956630707,[],0
0,RIGHT_PINKY,0.4322335422039032,0.5756685733795166,0.25322651863098145,[],0
0,LEFT_INDEX,0.4017023742198944,0.5931320786476135,0.20433901250362396,[],0
0,RIGHT_INDEX,0.42894431948661804,0.5711890459060669,0.2544209063053131,[],0
0,LEFT_THUMB,0.40267515182495117,0.5933449268341064,0.19368712604045868,[],0
0,RIGHT_THUMB,0.4284270107746124,0.5717822909355164,0.23439548909664154,[],0
0,LEFT_HIP,0.4086933732032776,0.686036229133606,-0.021874265745282173,[],0
0,RIGHT_HIP,0.44139304757118225,0.6832486987113953,0.02172720991075039,[],0
0,LEFT_KNEE,0.39245250821113586,0.7719373106956482,-0.02430945634841919,[],0
0,RIGHT_KNEE,0.4481869637966156,0.7666414380073547,0.05208805948495865,[],0
0,LEFT_ANKLE,0.3866489827632904,0.8852174878120422,-0.05115288868546486,[],0
0,RIGHT_ANKLE,0.4530942142009735,0.8746415376663208,0.0238459724932909,[],0
0,LEFT_HEEL,0.39171403646469116,0.9027296304702759,-0.05221639573574066,[],0
0,RIGHT_HEEL,0.45230337977409363,0.8916950225830078,0.02261365018785,[],0
0,LEFT_FOOT_INDEX,0.36866578459739685,0.891913115978241,-0.051554448902606964,[],0
0,RIGHT_FOOT_INDEX,0.45239534974098206,0.8853089809417725,0.0319538339972496,[],0
1,NOSE,0.40778234601020813,0.4934002459049225,0.16488471627235413,0,0
1,LEFT_EYE_INNER,0.40619957447052,0.4868318438529968,0.14531216025352478,0,0
1,LEFT_EYE,0.40488576889038086,0.48724454641342163,0.14532746374607086,0,0
1,LEFT_EYE_OUTER,0.40371036529541016,0.48767220973968506,0.14530350267887115,0,0
1,RIGHT_EYE_INNER,0.41061410307884216,0.4861077666282654,0.15114927291870117,0,0
1,RIGHT_EYE,0.41228848695755005,0.4860588312149048,0.15114262700080872,0,0
1,RIGHT_EYE_OUTER,0.4138619601726532,0.48604628443717957,0.15108050405979156,0,0
1,LEFT_EAR,0.4044362008571625,0.49247294664382935,0.07423435151576996,0,0
1,RIGHT_EAR,0.4182756841182709,0.49036622047424316,0.09900626540184021,0,0
1,MOUTH_LEFT,0.40578070282936096,0.501114010810852,0.14229799807071686,0,0
1,MOUTH_RIGHT,0.41087478399276733,0.5002015829086304,0.14918626844882965,0,0
1,LEFT_SHOULDER,0.39103350043296814,0.542144238948822,0.023523814976215363,0,0
1,RIGHT_SHOULDER,0.4443775713443756,0.5367600917816162,0.09016990661621094,0,0
1,LEFT_ELBOW,0.3880595564842224,0.612659752368927,0.0852871835231781,0,0
1,RIGHT_ELBOW,0.4472622871398926,0.5882464647293091,0.16766218841075897,0,0
1,LEFT_WRIST,0.3946858048439026,0.598334014415741,0.20815183222293854,0,0
1,RIGHT_WRIST,0.42911022901535034,0.5816650986671448,0.2905103266239166,0,0
1,LEFT_PINKY,0.39593860507011414,0.5984005331993103,0.2229834496974945,0,0
1,RIGHT_PINKY,0.4266970753669739,0.5797248482704163,0.3136579394340515,0,0
1,LEFT_INDEX,0.4004257321357727,0.5918393731117249,0.2204618752002716,0,0
1,RIGHT_INDEX,0.42350420355796814,0.575265109539032,0.3153248131275177,0,0
1,LEFT_THUMB,0.4017010033130646,0.5917681455612183,0.21103991568088531,0,0
1,RIGHT_THUMB,0.4231686294078827,0.5751146674156189,0.2948928475379944,0,0
1,LEFT_HIP,0.40868186950683594,0.6830077767372131,-0.021872850134968758,0,0
1,RIGHT_HIP,0.4400349259376526,0.6780228614807129,0.021727243438363075,0,0
1,LEFT_KNEE,0.3908548355102539,0.7714807391166687,-0.02493167854845524,0,0
1,RIGHT_KNEE,0.44795623421669006,0.7657871842384338,0.03211292624473572,0,0
1,LEFT_ANKLE,0.3864792585372925,0.8851243853569031,-0.0547405444085598,0,0
1,RIGHT_ANKLE,0.45312806963920593,0.8750795722007751,-0.014265996403992176,0,0
1,LEFT_HEEL,0.391070157289505,0.902352511882782,-0.05687928572297096,0,0
1,RIGHT_HEEL,0.4523143768310547,0.8916860818862915,-0.018823713064193726,0,0
1,LEFT_FOOT_INDEX,0.3684423267841339,0.8915623426437378,-0.058178242295980453,0,0
1,RIGHT_FOOT_INDEX,0.4542533755302429,0.8851553797721863,-0.021044054999947548,0,0
2,NOSE,0.4077620804309845,0.49355846643447876,0.17134597897529602,0,0
2,LEFT_EYE_INNER,0.40623050928115845,0.4868272542953491,0.15177777409553528,0,0
2,LEFT_EYE,0.40493518114089966,0.4872061312198639,0.1517956256866455,0,0
2,LEFT_EYE_OUTER,0.4037555456161499,0.4875810444355011,0.15177156031131744,0,0
2,RIGHT_EYE_INNER,0.4106256067752838,0.4861169755458832,0.1574428677558899,0,0
2,RIGHT_EYE,0.412296861410141,0.4860628545284271,0.1574370115995407,0,0
2,RIGHT_EYE_OUTER,0.41387107968330383,0.48604822158813477,0.1573755145072937,0,0
2,LEFT_EAR,0.404472291469574,0.4921073615550995,0.08049997687339783,0,0
2,RIGHT_EAR,0.41827812790870667,0.49036917090415955,0.10458271205425262,0,0
2,MOUTH_LEFT,0.4057151973247528,0.5011683702468872,0.14874233305454254,0,0
2,MOUTH_RIGHT,0.4107707142829895,0.5003869533538818,0.1554306447505951,0,0
2,LEFT_SHOULDER,0.39113977551460266,0.5405727028846741,0.03013981692492962,0,0
2,RIGHT_SHOULDER,0.443539023399353,0.5357189774513245,0.09512113034725189,0,0
2,LEFT_ELBOW,0.3880714774131775,0.6124359965324402,0.09224343299865723,0,0
2,RIGHT_ELBOW,0.4472476840019226,0.5876299738883972,0.17172178626060486,0,0
2,LEFT_WRIST,0.39447909593582153,0.5978638529777527,0.21535071730613708,0,0
2,RIGHT_WRIST,0.427868515253067,0.5850766897201538,0.29139989614486694,0,0
2,LEFT_PINKY,0.3941982090473175,0.596985399723053,0.23021487891674042,0,0
2,RIGHT_PINKY,0.42504116892814636,0.5837869048118591,0.3144281804561615,0,0
2,LEFT_INDEX,0.3985742926597595,0.5900960564613342,0.2285657674074173,0,0
2,RIGHT_INDEX,0.4216536283493042,0.5793561339378357,0.315836101770401,0,0
2,LEFT_THUMB,0.4002411961555481,0.5899516940116882,0.21858133375644684,0,0
2,RIGHT_THUMB,0.4213666021823883,0.578921377658844,0.2956133782863617,0,0
2,LEFT_HIP,0.40879377722740173,0.6812589764595032,-0.021634045988321304,0,0
2,RIGHT_HIP,0.4397052228450775,0.6760647296905518,0.021513961255550385,0,0
2,LEFT_KNEE,0.39008018374443054,0.7707905173301697,-0.024146122857928276,0,0
2,RIGHT_KNEE,0.4477231204509735,0.7647284269332886,0.0334794782102108,0,0
2,LEFT_ANKLE,0.38632774353027344,0.8851308226585388,-0.056459859013557434,0,0
2,RIGHT_ANKLE,0.4531283378601074,0.8751475214958191,-0.015480147674679756,0,0
2,LEFT_HEEL,0.39061233401298523,0.9023048281669617,-0.05909687280654907,0,0
2,RIGHT_HEEL,0.45211800932884216,0.891572892665863,-0.020407823845744133,0,0
2,LEFT_FOOT_INDEX,0.3680971562862396,0.8911687731742859,-0.059866927564144135,0,0
2,RIGHT_FOOT_INDEX,0.4558046758174896,0.8851639032363892,-0.023412035778164864,0,0
3,NOSE,0.40776270627975464,0.49327725172042847,0.17383846640586853,0,0
3,LEFT_EYE_INNER,0.40630409121513367,0.48617812991142273,0.15366099774837494,0,0
3,LEFT_EYE,0.4050311744213104,0.48646602034568787,0.153670996427536,0,0
3,LEFT_EYE_OUTER,0.4038408100605011,0.48679181933403015,0.1536402702331543,0,0
3,RIGHT_EYE_INNER,0.41065895557403564,0.48541757464408875,0.15939480066299438,0,0
3,RIGHT_EYE,0.4123193323612213,0.48528358340263367,0.15938714146614075,0,0
3,RIGHT_EYE_OUTER,0.4138951897621155,0.48523151874542236,0.1593238264322281,0,0
3,LEFT_EAR,0.4044932723045349,0.490815669298172,0.08103606849908829,0,0
3,RIGHT_EAR,0.41829779744148254,0.4894975423812866,0.10544434189796448,0,0
3,MOUTH_LEFT,0.4057177007198334,0.5005540251731873,0.15087904036045074,0,0
3,MOUTH_RIGHT,0.41075077652931213,0.4999038577079773,0.15767648816108704,0,0
3,LEFT_SHOULDER,0.39114266633987427,0.5361476540565491,0.030985474586486816,0,0
3,RIGHT_SHOULDER,0.44300761818885803,0.5336153507232666,0.09793458878993988,0,0
3,LEFT_ELBOW,0.3881720006465912,0.6079137325286865,0.0946107804775238,0,0
3,RIGHT_ELBOW,0.44730061292648315,0.5840263366699219,0.17903386056423187,0,0
3,LEFT_WRIST,0.39222681522369385,0.597884476184845,0.21900512278079987,0,0
3,RIGHT_WRIST,0.4277708828449249,0.5793995261192322,0.3046102523803711,0,0
3,LEFT_PINKY,0.39220255613327026,0.5978569984436035,0.23422656953334808,0,0
3,RIGHT_PINKY,0.42477741837501526,0.5827342867851257,0.3279355764389038,0,0
3,LEFT_INDEX,0.3963643014431,0.5908441543579102,0.2319515496492386,0,0
3,RIGHT_INDEX,0.4212230443954468,0.5784502625465393,0.3293691575527191,0,0
3,LEFT_THUMB,0.39823687076568604,0.5901992321014404,0.22203223407268524,0,0
3,RIGHT_THUMB,0.42109087109565735,0.5779994130134583,0.3087998032569885,0,0
3,LEFT_HIP,0.40858039259910583,0.6779977083206177,-0.021872935816645622,0,0
3,RIGHT_HIP,0.4384669065475464,0.6731970310211182,0.021784057840704918,0,0
3,LEFT_KNEE,0.3900495171546936,0.7693720459938049,-0.029024947434663773,0,0
3,RIGHT_KNEE,0.44697305560112,0.7637076377868652,0.03111623413860798,0,0
3,LEFT_ANKLE,0.38629284501075745,0.8848118782043457,-0.05929308757185936,0,0
3,RIGHT_ANKLE,0.45295822620391846,0.8749294281005859,-0.010807606391608715,0,0
3,LEFT_HEEL,0.3905167579650879,0.9018025398254395,-0.06167611852288246,0,0
3,RIGHT_HEEL,0.45138436555862427,0.8905158042907715,-0.014994721859693527,0,0
3,LEFT_FOOT_INDEX,0.368074893951416,0.8913117051124573,-0.06283334642648697,0,0
3,RIGHT_FOOT_INDEX,0.45611444115638733,0.8851182460784912,-0.01860734075307846,0,0
4,NOSE,0.4077681005001068,0.4877724051475525,0.1447421759366989,0,0
4,LEFT_EYE_INNER,0.40630248188972473,0.48076048493385315,0.12534049153327942,0,0
4,LEFT_EYE,0.40502557158470154,0.4810579717159271,0.12534907460212708,0,0
4,LEFT_EYE_OUTER,0.4038088619709015,0.48147672414779663,0.12531708180904388,0,0
4,RIGHT_EYE_INNER,0.41065672039985657,0.4797102212905884,0.13014639914035797,0,0
4,RIGHT_EYE,0.4123140573501587,0.4794022738933563,0.13015799224376678,0,0
4,RIGHT_EYE_OUTER,0.4138924479484558,0.47923538088798523,0.13010276854038239,0,0
4,LEFT_EAR,0.40420228242874146,0.4852446913719177,0.05963163450360298,0,0
4,RIGHT_EAR,0.4182837903499603,0.483658105134964,0.07890112698078156,0,0
4,MOUTH_LEFT,0.4057190716266632,0.4950820803642273,0.12410273402929306,0,0
4,MOUTH_RIGHT,0.410734623670578,0.4938904941082001,0.1297525018453598,0,0
4,LEFT_SHOULDER,0.3908015787601471,0.5296215415000916,0.02427509054541588,0,0
4,RIGHT_SHOULDER,0.4427458345890045,0.526743471622467,0.0712781623005867,0,0
4,LEFT_ELBOW,0.38485032320022583,0.5938530564308167,0.0838245376944542,0,0
4,RIGHT_ELBOW,0.44496971368789673,0.5762898325920105,0.14034920930862427,0,0
4,LEFT_WRIST,0.39195555448532104,0.5752266645431519,0.19835583865642548,0,0
4,RIGHT_WRIST,0.42793816328048706,0.5745024681091309,0.25213423371315,0,0
4,LEFT_PINKY,0.39240825176239014,0.5786207914352417,0.21142172813415527,0,0
4,RIGHT_PINKY,0.4248304069042206,0.5753306150436401,0.27222776412963867,0,0
4,LEFT_INDEX,0.3965732753276825,0.5723584294319153,0.20888812839984894,0,0
4,RIGHT_INDEX,0.4221915304660797,0.5711413025856018,0.27444133162498474,0,0
4,LEFT_THUMB,0.39862924814224243,0.5729538202285767,0.2007049173116684,0,0
4,RIGHT_THUMB,0.42222604155540466,0.570365309715271,0.25635871291160583,0,0
4,LEFT_HIP,0.4078029692173004,0.669908881187439,-0.020465346053242683,0,0
4,RIGHT_HIP,0.43761900067329407,0.6641197204589844,0.020410526543855667,0,0
4,LEFT_KNEE,0.39007213711738586,0.763515830039978,-0.027144979685544968,0,0
4,RIGHT_KNEE,0.44501012563705444,0.7547164559364319,0.02506605163216591,0,0
4,LEFT_ANKLE,0.3862926661968231,0.8817465901374817,-0.04373415559530258,0,0
4,RIGHT_ANKLE,0.4522309899330139,0.8646672964096069,-0.006439040880650282,0,0
4,LEFT_HEEL,0.3905240297317505,0.898650586605072,-0.04471974819898605,0,0
4,RIGHT_HEEL,0.45101407170295715,0.8806126117706299,-0.009330274537205696,0,0
4,LEFT_FOOT_INDEX,0.36793842911720276,0.890977680683136,-0.048859696835279465,0,0
4,RIGHT_FOOT_INDEX,0.456559956073761,0.8811355233192444,-0.01270279847085476,0,0
5,NOSE,0.40779051184654236,0.48468339443206787,0.14930421113967896,0,0
5,LEFT_EYE_INNER,0.4063415229320526,0.47744858264923096,0.12965542078018188,0,0
5,LEFT_EYE,0.40505358576774597,0.4776984751224518,0.12966053187847137,0,0
5,LEFT_EYE_OUTER,0.40381181240081787,0.4780862331390381,0.12962958216667175,0,0
5,RIGHT_EYE_INNER,0.41065871715545654,0.4764241576194763,0.13541735708713531,0,0
5,RIGHT_EYE,0.4123101532459259,0.4761445224285126,0.135422021150589,0,0
5,RIGHT_EYE_OUTER,0.41387951374053955,0.4760674238204956,0.1353655904531479,0,0
5,LEFT_EAR,0.40397417545318604,0.4814177453517914,0.061373259872198105,0,0
5,RIGHT_EAR,0.418202668428421,0.4803619384765625,0.08552980422973633,0,0
5,MOUTH_LEFT,0.4057548940181732,0.49146825075149536,0.1279265284538269,0,0
5,MOUTH_RIGHT,0.4107169508934021,0.49061477184295654,0.13474225997924805,0,0
5,LEFT_SHOULDER,0.39040225744247437,0.5216283202171326,0.016952740028500557,0,0
5,RIGHT_SHOULDER,0.4416157603263855,0.5234822034835815,0.085416778922081,0,0
5,LEFT_ELBOW,0.3842388093471527,0.5854082107543945,0.08180730044841766,0,0
5,RIGHT_ELBOW,0.44274935126304626,0.5750853419303894,0.15766555070877075,0,0
5,LEFT_WRIST,0.3883649408817291,0.570641815662384,0.1922706812620163,0,0
5,RIGHT_WRIST,0.4252064526081085,0.5738309025764465,0.26309725642204285,0,0
5,LEFT_PINKY,0.3887059986591339,0.5753635764122009,0.20317240059375763,0,0
5,RIGHT_PINKY,0.42253217101097107,0.5743714570999146,0.2812841236591339,0,0
5,LEFT_INDEX,0.3927854895591736,0.5690709948539734,0.20011663436889648,0,0
5,RIGHT_INDEX,0.4200173318386078,0.5699794888496399,0.28139737248420715,0,0
5,LEFT_THUMB,0.39438197016716003,0.5692154169082642,0.19436949491500854,0,0
5,RIGHT_THUMB,0.42000359296798706,0.5688386559486389,0.2661510109901428,0,0
5,LEFT_HIP,0.4077085256576538,0.6647526621818542,-0.026860591024160385,0,0
5,RIGHT_HIP,0.43707382678985596,0.6602765917778015,0.0268551018089056,0,0
5,LEFT_KNEE,0.39003345370292664,0.7597358226776123,-0.03311094269156456,0,0
5,RIGHT_KNEE,0.44239696860313416,0.750601053237915,0.0254830215126276,0,0
5,LEFT_ANKLE,0.38606664538383484,0.8769960403442383,-0.04562222212553024,0,0
5,RIGHT_ANKLE,0.45197173953056335,0.8603132367134094,-0.005748503375798464,0,0
5,LEFT_HEEL,0.39042752981185913,0.8935750126838684,-0.04718629643321037,0,0
5,RIGHT_HEEL,0.45126983523368835,0.8750728368759155,-0.008840960450470448,0,0
5,LEFT_FOOT_INDEX,0.3679125905036926,0.8907168507575989,-0.05503445118665695,0,0
5,RIGHT_FOOT_INDEX,0.4517553746700287,0.8766517639160156,-0.01691121980547905,0,0
6,NOSE,0.40691807866096497,0.4844924807548523,0.13968589901924133,0,0
6,LEFT_EYE_INNER,0.4057431221008301,0.476627379655838,0.11969459801912308,0,0
6,LEFT_EYE,0.40454965829849243,0.47670283913612366,0.11969219148159027,0,0
6,LEFT_EYE_OUTER,0.40335801243782043,0.4768860936164856,0.11965814232826233,0,0
6,RIGHT_EYE_INNER,0.4098202586174011,0.4759824872016907,0.12626487016677856,0,0
6,RIGHT_EYE,0.4114857316017151,0.47576165199279785,0.12626640498638153,0,0
6,RIGHT_EYE_OUTER,0.4130714535713196,0.4757121205329895,0.12621289491653442,0,0
6,LEFT_EAR,0.4037552773952484,0.4798782765865326,0.05173518508672714,0,0
6,RIGHT_EAR,0.4175577461719513,0.47939565777778625,0.07985369861125946,0,0
6,MOUTH_LEFT,0.40505680441856384,0.4907965064048767,0.11843881011009216,0,0
6,MOUTH_RIGHT,0.40979135036468506,0.4902295768260956,0.12630322575569153,0,0
6,LEFT_SHOULDER,0.3904055953025818,0.5198401808738708,0.005523409228771925,0,0
6,RIGHT_SHOULDER,0.4416086971759796,0.5229034423828125,0.08074959367513657,0,0
6,LEFT_ELBOW,0.3840629756450653,0.5856821537017822,0.06769911199808121,0,0
6,RIGHT_ELBOW,0.4407804608345032,0.577376663684845,0.15278151631355286,0,0
6,LEFT_WRIST,0.3849654197692871,0.572010338306427,0.18195609748363495,0,0
6,RIGHT_WRIST,0.4260212779045105,0.5699007511138916,0.25820547342300415,0,0
6,LEFT_PINKY,0.38198477029800415,0.573721170425415,0.19297221302986145,0,0
6,RIGHT_PINKY,0.42366740107536316,0.5686667561531067,0.27575623989105225,0,0
6,LEFT_INDEX,0.38599926233291626,0.5672709345817566,0.1904165893793106,0,0
6,RIGHT_INDEX,0.4208432734012604,0.5641804337501526,0.27580147981643677,0,0
6,LEFT_THUMB,0.38784757256507874,0.5676422119140625,0.18452639877796173,0,0
6,RIGHT_THUMB,0.42068931460380554,0.563569962978363,0.26098495721817017,0,0
6,LEFT_HIP,0.407360702753067,0.6627540588378906,-0.02833658643066883,0,0
6,RIGHT_HIP,0.436809241771698,0.6585521697998047,0.028314845636487007,0,0
6,LEFT_KNEE,0.38986653089523315,0.7585317492485046,-0.034468431025743484,0,0
6,RIGHT_KNEE,0.44115111231803894,0.7487397193908691,0.026069145649671555,0,0
6,LEFT_ANKLE,0.386057049036026,0.875569224357605,-0.04709465801715851,0,0
6,RIGHT_ANKLE,0.451846182346344,0.8588303327560425,-0.004198102746158838,0,0
6,LEFT_HEEL,0.39049196243286133,0.8922973871231079,-0.048772282898426056,0,0
6,RIGHT_HEEL,0.45161646604537964,0.8724355697631836,-0.007116109598428011,0,0
6,LEFT_FOOT_INDEX,0.36812201142311096,0.8905938863754272,-0.05603443458676338,0,0
6,RIGHT_FOOT_INDEX,0.4489513039588928,0.8745654225349426,-0.014698254875838757,0,0
7,NOSE,0.40588846802711487,0.48292800784111023,0.14755752682685852,0,0
7,LEFT_EYE_INNER,0.40470394492149353,0.47431159019470215,0.12777461111545563,0,0
7,LEFT_EYE,0.40357455611228943,0.47430697083473206,0.12777146697044373,0,0
7,LEFT_EYE_OUTER,0.40246686339378357,0.47438275814056396,0.12776102125644684,0,0
7,RIGHT_EYE_INNER,0.40861648321151733,0.47368088364601135,0.13628368079662323,0,0
7,RIGHT_EYE,0.4102722108364105,0.4733807444572449,0.13627080619335175,0,0
7,RIGHT_EYE_OUTER,0.41183727979660034,0.4732326865196228,0.13622115552425385,0,0
7,LEFT_EAR,0.4033045768737793,0.47752001881599426,0.057245783507823944,0,0
7,RIGHT_EAR,0.41664430499076843,0.4769437313079834,0.09297814220190048,0,0
7,MOUTH_LEFT,0.40430089831352234,0.4892332851886749,0.1250605285167694,0,0
7,MOUTH_RIGHT,0.4087214767932892,0.48868006467819214,0.1353817731142044,0,0
7,LEFT_SHOULDER,0.3910254240036011,0.5203857421875,0.004177060443907976,0,0
7,RIGHT_SHOULDER,0.4415436089038849,0.5218256115913391,0.10186485946178436,0,0
7,LEFT_ELBOW,0.38255998492240906,0.5870744585990906,0.059343766421079636,0,0
7,RIGHT_ELBOW,0.4350443482398987,0.5762203335762024,0.1792880892753601,0,0
7,LEFT_WRIST,0.38405904173851013,0.5702652931213379,0.17578163743019104,0,0
7,RIGHT_WRIST,0.4123585522174835,0.5708260536193848,0.2809221148490906,0,0
7,LEFT_PINKY,0.38242876529693604,0.5696195960044861,0.18536736071109772,0,0
7,RIGHT_PINKY,0.4082041084766388,0.5696338415145874,0.2993510663509369,0,0
7,LEFT_INDEX,0.3862425684928894,0.5641839504241943,0.18133018910884857,0,0
7,RIGHT_INDEX,0.4061017632484436,0.5649315714836121,0.29743704199790955,0,0
7,LEFT_THUMB,0.38806697726249695,0.5651112198829651,0.17778781056404114,0,0
7,RIGHT_THUMB,0.40647003054618835,0.5645986795425415,0.28298383951187134,0,0
7,LEFT_HIP,0.4073537290096283,0.6638718247413635,-0.038099028170108795,0,0
7,RIGHT_HIP,0.43680885434150696,0.660447359085083,0.03800506517291069,0,0
7,LEFT_KNEE,0.3876568377017975,0.753655731678009,-0.031013667583465576,0,0
7,RIGHT_KNEE,0.4382196366786957,0.7475000023841858,0.027232615277171135,0,0
7,LEFT_ANKLE,0.383823037147522,0.871902346611023,-0.061095282435417175,0,0
7,RIGHT_ANKLE,0.4515470564365387,0.8591017127037048,-0.030079491436481476,0,0
7,LEFT_HEEL,0.38789495825767517,0.8880333304405212,-0.06440023332834244,0,0
7,RIGHT_HEEL,0.4526045620441437,0.8738903403282166,-0.03727950528264046,0,0
7,LEFT_FOOT_INDEX,0.36782294511795044,0.8895375728607178,-0.07182085514068604,0,0
7,RIGHT_FOOT_INDEX,0.4399086534976959,0.8752440810203552,-0.05095793679356575,0,0
8,NOSE,0.4049263298511505,0.482392817735672,0.1480536311864853,0,0
8,LEFT_EYE_INNER,0.40376272797584534,0.4738442897796631,0.1281535029411316,0,0
8,LEFT_EYE,0.4026893973350525,0.47386685013771057,0.12815040349960327,0,0
8,LEFT_EYE_OUTER,0.40163546800613403,0.47395604848861694,0.12813903391361237,0,0
8,RIGHT_EYE_INNER,0.4075961709022522,0.4731435775756836,0.1368054300546646,0,0
8,RIGHT_EYE,0.40926703810691833,0.4728173017501831,0.13678915798664093,0,0
8,RIGHT_EYE_OUTER,0.41087907552719116,0.4726219177246094,0.13673743605613708,0,0
8,LEFT_EAR,0.4027215838432312,0.47698459029197693,0.057846106588840485,0,0
8,RIGHT_EAR,0.41603073477745056,0.47603195905685425,0.09489154815673828,0,0
8,MOUTH_LEFT,0.40346381068229675,0.48876872658729553,0.1257064938545227,0,0
8,MOUTH_RIGHT,0.4078105092048645,0.48813825845718384,0.13638252019882202,0,0
8,LEFT_SHOULDER,0.39144739508628845,0.5204178690910339,0.00249716779217124,0,0
8,RIGHT_SHOULDER,0.4415026307106018,0.5207205414772034,0.105830617249012,0,0
8,LEFT_ELBOW,0.38301151990890503,0.5858516693115234,0.051457591354846954,0,0
8,RIGHT_ELBOW,0.4367266595363617,0.5738447308540344,0.18905013799667358,0,0
8,LEFT_WRIST,0.38453254103660583,0.5723139643669128,0.16478870809078217,0,0
8,RIGHT_WRIST,0.4159691035747528,0.5666362643241882,0.2986074388027191,0,0
8,LEFT_PINKY,0.38218411803245544,0.5703915357589722,0.1746794581413269,0,0
8,RIGHT_PINKY,0.4121035933494568,0.5651094913482666,0.31897300481796265,0,0
8,LEFT_INDEX,0.3853619694709778,0.5661301016807556,0.17090290784835815,0,0
8,RIGHT_INDEX,0.4097684621810913,0.5616695284843445,0.3182254731655121,0,0
8,LEFT_THUMB,0.38703086972236633,0.5661953091621399,0.16695185005664825,0,0
8,RIGHT_THUMB,0.4101710915565491,0.561499297618866,0.30130207538604736,0,0
8,LEFT_HIP,0.4073849320411682,0.6644388437271118,-0.040424127131700516,0,0
8,RIGHT_HIP,0.43687501549720764,0.6613808274269104,0.04033546894788742,0,0
8,LEFT_KNEE,0.38677701354026794,0.7518390417098999,-0.030656227841973305,0,0
8,RIGHT_KNEE,0.43764975666999817,0.7476797699928284,0.027820225805044174,0,0
8,LEFT_ANKLE,0.38291308283805847,0.8704238533973694,-0.07159162312746048,0,0
8,RIGHT_ANKLE,0.4514690935611725,0.8591883778572083,-0.030754638835787773,0,0
8,LEFT_HEEL,0.38673049211502075,0.8863291144371033,-0.07539080828428268,0,0
8,RIGHT_HEEL,0.45309263467788696,0.87431800365448,-0.037863973528146744,0,0
8,LEFT_FOOT_INDEX,0.36734840273857117,0.8884789347648621,-0.0834418311715126,0,0
8,RIGHT_FOOT_INDEX,0.4382229447364807,0.8757055401802063,-0.04912019893527031,0,0
9,NOSE,0.4028429388999939,0.48282214999198914,0.15270133316516876,0,0
9,LEFT_EYE_INNER,0.40208718180656433,0.47475093603134155,0.13231754302978516,0,0
9,LEFT_EYE,0.40119513869285583,0.47482091188430786,0.13231384754180908,0,0
9,LEFT_EYE_OUTER,0.4002833664417267,0.47495174407958984,0.1323036551475525,0,0
9,RIGHT_EYE_INNER,0.4058392345905304,0.47399261593818665,0.14251193404197693,0,0
9,RIGHT_EYE,0.4076136350631714,0.4736913740634918,0.14249402284622192,0,0
9,RIGHT_EYE_OUTER,0.40933191776275635,0.4735144078731537,0.14243699610233307,0,0
9,LEFT_EAR,0.4019024968147278,0.4781903922557831,0.059535618871450424,0,0
9,RIGHT_EAR,0.414847731590271,0.47713759541511536,0.10312044620513916,0,0
9,MOUTH_LEFT,0.40174397826194763,0.489432156085968,0.129218190908432,0,0
9,MOUTH_RIGHT,0.4057900309562683,0.4885014295578003,0.1418147087097168,0,0
9,LEFT_SHOULDER,0.39159825444221497,0.5219475626945496,-0.00047982457908801734,0,0
9,RIGHT_SHOULDER,0.4405774474143982,0.522121250629425,0.11613660305738449,0,0
9,LEFT_ELBOW,0.3821510076522827,0.5866888165473938,0.04838815703988075,0,0
9,RIGHT_ELBOW,0.4367564916610718,0.5765490531921387,0.19968757033348083,0,0
9,LEFT_WRIST,0.380780965089798,0.5760313868522644,0.168171688914299,0,0
9,RIGHT_WRIST,0.4122011363506317,0.5696719288825989,0.29982706904411316,0,0
9,LEFT_PINKY,0.37753525376319885,0.5782439112663269,0.178114116191864,0,0
9,RIGHT_PINKY,0.4072760343551636,0.5703638195991516,0.31983524560928345,0,0
9,LEFT_INDEX,0.3805762827396393,0.5735601186752319,0.17512701451778412,0,0
9,RIGHT_INDEX,0.4044018089771271,0.5668739676475525,0.3169974088668823,0,0
9,LEFT_THUMB,0.3828637897968292,0.5726391077041626,0.17082466185092926,0,0
9,RIGHT_THUMB,0.4052119553089142,0.56581050157547,0.3013286888599396,0,0
9,LEFT_HIP,0.40740931034088135,0.6679924130439758,-0.04462588578462601,0,0
9,RIGHT_HIP,0.4366798996925354,0.6663406491279602,0.04452049359679222,0,0
9,LEFT_KNEE,0.3842160999774933,0.7531614303588867,-0.038698460906744,0,0
9,RIGHT_KNEE,0.4368947744369507,0.7501246333122253,0.04344438761472702,0,0
9,LEFT_ANKLE,0.3814437687397003,0.8718068599700928,-0.07818673551082611,0,0
9,RIGHT_ANKLE,0.45086047053337097,0.8621671795845032,-0.01991298235952854,0,0
9,LEFT_HEEL,0.3853304982185364,0.8875534534454346,-0.08106531202793121,0,0
9,RIGHT_HEEL,0.4529053568840027,0.8799428939819336,-0.025439880788326263,0,0
9,LEFT_FOOT_INDEX,0.3604205250740051,0.8884706497192383,-0.08590599149465561,0,0
9,RIGHT_FOOT_INDEX,0.43790295720100403,0.8761316537857056,-0.033426329493522644,0,0
10,NOSE,0.4031796455383301,0.4833381474018097,0.13988491892814636,0,0
10,LEFT_EYE_INNER,0.40208107233047485,0.47527679800987244,0.11863292753696442,0,0
10,LEFT_EYE,0.40103262662887573,0.47522634267807007,0.1186293289065361,0,0
10,LEFT_EYE_OUTER,0.39999112486839294,0.4752565026283264,0.11863323301076889,0,0
10,RIGHT_EYE_INNER,0.40619248151779175,0.4747929275035858,0.12912341952323914,0,0
10,RIGHT_EYE,0.4079750180244446,0.47445306181907654,0.12910343706607819,0,0
10,RIGHT_EYE_OUTER,0.4096727669239044,0.4741632640361786,0.1290338933467865,0,0
10,LEFT_EAR,0.4011813998222351,0.4784725606441498,0.042524680495262146,0,0
10,RIGHT_EAR,0.4150242805480957,0.4772643446922302,0.0881502628326416,0,0
10,MOUTH_LEFT,0.4017999768257141,0.4899791479110718,0.1151948943734169,0,0
10,MOUTH_RIGHT,0.4061657190322876,0.48977723717689514,0.12786994874477386,0,0
10,LEFT_SHOULDER,0.3917195498943329,0.5244991183280945,-0.019156048074364662,0,0
10,RIGHT_SHOULDER,0.4382324516773224,0.5272856950759888,0.1024419516324997,0,0
10,LEFT_ELBOW,0.3799663484096527,0.5883508920669556,0.03220224380493164,0,0
10,RIGHT_ELBOW,0.4292883276939392,0.5832929611206055,0.18317314982414246,0,0
10,LEFT_WRIST,0.3735712170600891,0.5770009160041809,0.1532539427280426,0,0
10,RIGHT_WRIST,0.4030769467353821,0.5807648301124573,0.2971820831298828,0,0
10,LEFT_PINKY,0.36791399121284485,0.5727097988128662,0.1633119136095047,0,0
10,RIGHT_PINKY,0.3972737491130829,0.5828481316566467,0.31126049160957336,0,0
10,LEFT_INDEX,0.37063947319984436,0.5687239170074463,0.16185714304447174,0,0
10,RIGHT_INDEX,0.3946477770805359,0.5785720944404602,0.29871878027915955,0,0
10,LEFT_THUMB,0.37343472242355347,0.5698134303092957,0.1568412184715271,0,0
10,RIGHT_THUMB,0.395864874124527,0.5771650075912476,0.28878703713417053,0,0
10,LEFT_HIP,0.40774378180503845,0.6776121258735657,-0.04409480839967728,0,0
10,RIGHT_HIP,0.4365849196910858,0.6765594482421875,0.043965041637420654,0,0
10,LEFT_KNEE,0.3814382255077362,0.7544184327125549,-0.043352775275707245,0,0
10,RIGHT_KNEE,0.43707218766212463,0.7592896223068237,0.06388633698225021,0,0
10,LEFT_ANKLE,0.37967047095298767,0.8720305562019348,-0.07207468152046204,0,0
10,RIGHT_ANKLE,0.45048990845680237,0.867702066898346,0.027767283841967583,0,0
10,LEFT_HEEL,0.38367918133735657,0.8927841186523438,-0.07382965832948685,0,0
10,RIGHT_HEEL,0.45276060700416565,0.8888572454452515,0.024544067680835724,0,0
10,LEFT_FOOT_INDEX,0.3541879951953888,0.8885971903800964,-0.07812907546758652,0,0
10,RIGHT_FOOT_INDEX,0.4395042955875397,0.8764401078224182,0.019161956384778023,0,0
11,NOSE,0.4028546214103699,0.4852495491504669,0.17301757633686066,0,0
11,LEFT_EYE_INNER,0.40178367495536804,0.47651275992393494,0.15293993055820465,0,0
11,LEFT_EYE,0.40075987577438354,0.47640201449394226,0.15294688940048218,0,0
11,LEFT_EYE_OUTER,0.3997420370578766,0.4763781428337097,0.15294919908046722,0,0
11,RIGHT_EYE_INNER,0.4059572219848633,0.4761914908885956,0.16318774223327637,0,0
11,RIGHT_EYE,0.4077928364276886,0.47587546706199646,0.16316692531108856,0,0
11,RIGHT_EYE_OUTER,0.40957900881767273,0.47561854124069214,0.16310694813728333,0,0
11,LEFT_EAR,0.4008970856666565,0.4797416925430298,0.07738057523965836,0,0
11,RIGHT_EAR,0.4149828553199768,0.4789310693740845,0.12157514691352844,0,0
11,MOUTH_LEFT,0.40156421065330505,0.49175381660461426,0.14825205504894257,0,0
11,MOUTH_RIGHT,0.40602225065231323,0.49206510186195374,0.1607961803674698,0,0
11,LEFT_SHOULDER,0.3918795883655548,0.5253617763519287,0.010218261741101742,0,0
11,RIGHT_SHOULDER,0.4381595253944397,0.5303499698638916,0.1305299550294876,0,0
11,LEFT_ELBOW,0.37924668192863464,0.5892319679260254,0.060047414153814316,0,0
11,RIGHT_ELBOW,0.42700955271720886,0.5848438739776611,0.21569040417671204,0,0
11,LEFT_WRIST,0.3746080994606018,0.5808336138725281,0.1873188465833664,0,0
11,RIGHT_WRIST,0.3997040092945099,0.5896926522254944,0.3155391812324524,0,0
11,LEFT_PINKY,0.3695007860660553,0.5739230513572693,0.19807717204093933,0,0
11,RIGHT_PINKY,0.39257413148880005,0.5897256135940552,0.33489030599594116,0,0
11,LEFT_INDEX,0.37155941128730774,0.5699315667152405,0.1947498768568039,0,0
11,RIGHT_INDEX,0.38968321681022644,0.5836213231086731,0.33041176199913025,0,0
11,LEFT_THUMB,0.3743581175804138,0.5704897046089172,0.19030646979808807,0,0
11,RIGHT_THUMB,0.3912639915943146,0.5841242074966431,0.31585872173309326,0,0
11,LEFT_HIP,0.4078437387943268,0.6799700856208801,-0.04498392343521118,0,0
11,RIGHT_HIP,0.43655699491500854,0.6791108250617981,0.04485877603292465,0,0
11,LEFT_KNEE,0.3809758722782135,0.7550086379051208,-0.04339848831295967,0,0
11,RIGHT_KNEE,0.43687260150909424,0.7612650394439697,0.0655006691813469,0,0
11,LEFT_ANKLE,0.3790935277938843,0.8733100891113281,-0.09392043203115463,0,0
11,RIGHT_ANKLE,0.45035645365715027,0.87052321434021,0.015579300932586193,0,0
11,LEFT_HEEL,0.38284021615982056,0.8945232033729553,-0.09834297001361847,0,0
11,RIGHT_HEEL,0.45260176062583923,0.8904915452003479,0.023046554997563362,0,0
11,LEFT_FOOT_INDEX,0.35330870747566223,0.8888083696365356,-0.10403820872306824,0,0
11,RIGHT_FOOT_INDEX,0.4397907853126526,0.8773680925369263,0.00661206990480423,0,0
12,NOSE,0.4000028967857361,0.49279090762138367,0.12164448946714401,0,0
12,LEFT_EYE_INNER,0.39954087138175964,0.4834343194961548,0.10109095275402069,0,0
12,LEFT_EYE,0.39855220913887024,0.4833865761756897,0.10108792781829834,0,0
12,LEFT_EYE_OUTER,0.3975488543510437,0.4833737909793854,0.10110101103782654,0,0
12,RIGHT_EYE_INNER,0.40347835421562195,0.4830569326877594,0.11426524817943573,0,0
12,RIGHT_EYE,0.405356228351593,0.4827188551425934,0.11425001919269562,0,0
12,RIGHT_EYE_OUTER,0.4071767032146454,0.48246222734451294,0.11418165266513824,0,0
12,LEFT_EAR,0.39868977665901184,0.48734644055366516,0.0288225244730711,0,0
12,RIGHT_EAR,0.41247931122779846,0.48613491654396057,0.08747611194849014,0,0
12,MOUTH_LEFT,0.3990408182144165,0.49994394183158875,0.0983048677444458,0,0
12,MOUTH_RIGHT,0.4030965268611908,0.5006087422370911,0.11460914462804794,0,0
12,LEFT_SHOULDER,0.391874223947525,0.5333871841430664,-0.036809664219617844,0,0
12,RIGHT_SHOULDER,0.43439385294914246,0.5385286211967468,0.11350209265947342,0,0
12,LEFT_ELBOW,0.3765949606895447,0.5907009840011597,0.010193432681262493,0,0
12,RIGHT_ELBOW,0.4165637195110321,0.5911845564842224,0.21506823599338531,0,0
12,LEFT_WRIST,0.372683584690094,0.5865375995635986,0.13147994875907898,0,0
12,RIGHT_WRIST,0.3868767321109772,0.6024252772331238,0.24703429639339447,0,0
12,LEFT_PINKY,0.3679361343383789,0.5773789286613464,0.14047527313232422,0,0
12,RIGHT_PINKY,0.38161981105804443,0.6062212586402893,0.26422321796417236,0,0
12,LEFT_INDEX,0.3704589307308197,0.5764833688735962,0.13796547055244446,0,0
12,RIGHT_INDEX,0.38233762979507446,0.6030398607254028,0.25650137662887573,0,0
12,LEFT_THUMB,0.3721875846385956,0.5778513550758362,0.13503028452396393,0,0
12,RIGHT_THUMB,0.3835674524307251,0.6006952524185181,0.24546223878860474,0,0
12,LEFT_HIP,0.408182829618454,0.6880749464035034,-0.04846392571926117,0,0
12,RIGHT_HIP,0.4363679885864258,0.688139796257019,0.04827463626861572,0,0
12,LEFT_KNEE,0.3787153959274292,0.7570383548736572,-0.04247845336794853,0,0
12,RIGHT_KNEE,0.436517596244812,0.7676553726196289,0.07243656367063522,0,0
12,LEFT_ANKLE,0.3785533308982849,0.8797445893287659,-0.08184079080820084,0,0
12,RIGHT_ANKLE,0.45039016008377075,0.8737425208091736,0.014976038597524166,0,0
12,LEFT_HEEL,0.38289129734039307,0.9023146033287048,-0.08458220958709717,0,0
12,RIGHT_HEEL,0.45272329449653625,0.8935731053352356,0.011864411644637585,0,0
12,LEFT_FOOT_INDEX,0.3501060903072357,0.8919609189033508,-0.08909977227449417,0,0
12,RIGHT_FOOT_INDEX,0.44064861536026,0.8799037933349609,0.006979324854910374,0,0
13,NOSE,0.39997395873069763,0.49471408128738403,0.13265801966190338,0,0
13,LEFT_EYE_INNER,0.39927560091018677,0.48530489206314087,0.11226484179496765,0,0
13,LEFT_EYE,0.39828500151634216,0.4852249026298523,0.11226864159107208,0,0
13,LEFT_EYE_OUTER,0.39726385474205017,0.48519620299339294,0.11225526034832001,0,0
13,RIGHT_EYE_INNER,0.40337425470352173,0.4850292503833771,0.11858903616666794,0,0
13,RIGHT_EYE,0.4052385687828064,0.4847733676433563,0.11857899278402328,0,0
13,RIGHT_EYE_OUTER,0.40705427527427673,0.4845980703830719,0.1185319647192955,0,0
13,LEFT_EAR,0.3983519375324249,0.4890304505825043,0.03994682803750038,0,0
13,RIGHT_EAR,0.412282794713974,0.48855748772621155,0.09720349311828613,0,0
13,MOUTH_LEFT,0.39891400933265686,0.5015929341316223,0.10957305878400803,0,0
13,MOUTH_RIGHT,0.4029817581176758,0.5023935437202454,0.11670590937137604,0,0
13,LEFT_SHOULDER,0.3915325701236725,0.5344222784042358,-0.021752825006842613,0,0
13,RIGHT_SHOULDER,0.4333418905735016,0.5410273671150208,0.12081662565469742,0,0
13,LEFT_ELBOW,0.37668222188949585,0.5910207033157349,0.023397255688905716,0,0
13,RIGHT_ELBOW,0.4171082079410553,0.5937896966934204,0.20620465278625488,0,0
13,LEFT_WRIST,0.3682989180088043,0.5829433798789978,0.1428779661655426,0,0
13,RIGHT_WRIST,0.3865183889865875,0.6033821702003479,0.27868473529815674,0,0
13,LEFT_PINKY,0.3613557815551758,0.5720326900482178,0.15257520973682404,0,0
13,RIGHT_PINKY,0.3819939196109772,0.6051880121231079,0.29713699221611023,0,0
13,LEFT_INDEX,0.3651207983493805,0.5709748864173889,0.15081654489040375,0,0
13,RIGHT_INDEX,0.3827652931213379,0.6032360196113586,0.2883218228816986,0,0
13,LEFT_THUMB,0.3673568665981293,0.5738363265991211,0.14680609107017517,0,0
13,RIGHT_THUMB,0.382782518863678,0.5977104902267456,0.27710482478141785,0,0
13,LEFT_HIP,0.4081900715827942,0.6894820332527161,-0.04857305809855461,0,0
13,RIGHT_HIP,0.4359467327594757,0.6898301243782043,0.04840654507279396,0,0
13,LEFT_KNEE,0.3785147964954376,0.7579333782196045,-0.04818648099899292,0,0
13,RIGHT_KNEE,0.43600744009017944,0.7686425447463989,0.07701718807220459,0,0
13,LEFT_ANKLE,0.37842386960983276,0.8815160989761353,-0.08975272625684738,0,0
13,RIGHT_ANKLE,0.4504135847091675,0.8758694529533386,0.021800663322210312,0,0
13,LEFT_HEEL,0.3828987181186676,0.902993381023407,-0.09261011332273483,0,0
13,RIGHT_HEEL,0.45272955298423767,0.8938286304473877,0.016835808753967285,0,0
13,LEFT_FOOT_INDEX,0.34796133637428284,0.8924517035484314,-0.0954514592885971,0,0
13,RIGHT_FOOT_INDEX,0.4411880373954773,0.8812709450721741,0.014340066350996494,0,0
14,NOSE,0.39814940094947815,0.49742391705513,0.15087060630321503,0,0
14,LEFT_EYE_INNER,0.39768028259277344,0.48804253339767456,0.13084323704242706,0,0
14,LEFT_EYE,0.3968052268028259,0.4878995418548584,0.13083669543266296,0,0
14,LEFT_EYE_OUTER,0.3958861529827118,0.4878247380256653,0.13083960115909576,0,0
14,RIGHT_EYE_INNER,0.4013107419013977,0.48786693811416626,0.14290396869182587,0,0
14,RIGHT_EYE,0.40313103795051575,0.48756617307662964,0.14289337396621704,0,0
14,RIGHT_EYE_OUTER,0.40487387776374817,0.48736849427223206,0.14282356202602386,0,0
14,LEFT_EAR,0.39735230803489685,0.4912566542625427,0.05728407949209213,0,0
14,RIGHT_EAR,0.41015973687171936,0.4910486936569214,0.11366615444421768,0,0
14,MOUTH_LEFT,0.3975420296192169,0.5039156675338745,0.1266813576221466,0,0
14,MOUTH_RIGHT,0.40124842524528503,0.5048320293426514,0.14148181676864624,0,0
14,LEFT_SHOULDER,0.39087551832199097,0.5358160734176636,-0.01338093914091587,0,0
14,RIGHT_SHOULDER,0.4330138564109802,0.5426762700080872,0.13084763288497925,0,0
14,LEFT_ELBOW,0.3757370114326477,0.5937811732292175,0.0340920090675354,0,0
14,RIGHT_ELBOW,0.41456663608551025,0.5972719192504883,0.20829251408576965,0,0
14,LEFT_WRIST,0.3674342930316925,0.5859411358833313,0.15245021879673004,0,0
14,RIGHT_WRIST,0.3844165503978729,0.6082853078842163,0.28343304991722107,0,0
14,LEFT_PINKY,0.36149802803993225,0.5823997855186462,0.16194936633110046,0,0
14,RIGHT_PINKY,0.38048335909843445,0.6154862642288208,0.3004463016986847,0,0
14,LEFT_INDEX,0.3648194670677185,0.573258101940155,0.15945546329021454,0,0
14,RIGHT_INDEX,0.38008779287338257,0.60992431640625,0.2919367849826813,0,0
14,LEFT_THUMB,0.3672579526901245,0.5771816968917847,0.1559450328350067,0,0
14,RIGHT_THUMB,0.3806115388870239,0.6065740585327148,0.28220418095588684,0,0
14,LEFT_HIP,0.40778884291648865,0.690824031829834,-0.04743887111544609,0,0
14,RIGHT_HIP,0.43499061465263367,0.6902799606323242,0.047275327146053314,0,0
14,LEFT_KNEE,0.37857869267463684,0.762349545955658,-0.04849420487880707,0,0
14,RIGHT_KNEE,0.43538331985473633,0.771118700504303,0.06912223249673843,0,0
14,LEFT_ANKLE,0.37882140278816223,0.8864561915397644,-0.09575193375349045,0,0
14,RIGHT_ANKLE,0.4504302442073822,0.8786985874176025,0.015247602015733719,0,0
14,LEFT_HEEL,0.3831937909126282,0.9064054489135742,-0.10000060498714447,0,0
14,RIGHT_HEEL,0.45283743739128113,0.8954266905784607,0.006293779239058495,0,0
14,LEFT_FOOT_INDEX,0.3483283817768097,0.8958690762519836,-0.10734817385673523,0,0
14,RIGHT_FOOT_INDEX,0.4410055875778198,0.8816197514533997,-0.0002629640221130103,0,0
15,NOSE,0.3942018449306488,0.5001003742218018,0.11797920614480972,0,0
15,LEFT_EYE_INNER,0.3939894139766693,0.49057334661483765,0.09678591042757034,0,0
15,LEFT_EYE,0.39310750365257263,0.49041393399238586,0.09678994864225388,0,0
15,LEFT_EYE_OUTER,0.39219146966934204,0.49030908942222595,0.09681067615747452,0,0
15,RIGHT_EYE_INNER,0.39778587222099304,0.4902729094028473,0.1094374805688858,0,0
15,RIGHT_EYE,0.3995518386363983,0.4899151921272278,0.10941615700721741,0,0
15,RIGHT_EYE_OUTER,0.4013836681842804,0.4896613359451294,0.109352707862854,0,0
15,LEFT_EAR,0.39342671632766724,0.49343979358673096,0.024215035140514374,0,0
15,RIGHT_EAR,0.4062146246433258,0.49316418170928955,0.07992048561573029,0,0
15,MOUTH_LEFT,0.3933872878551483,0.506332516670227,0.09483372420072556,0,0
15,MOUTH_RIGHT,0.397065132856369,0.5071537494659424,0.1104397252202034,0,0
15,LEFT_SHOULDER,0.38865596055984497,0.5380959510803223,-0.040886588394641876,0,0
15,RIGHT_SHOULDER,0.42588919401168823,0.5456101894378662,0.1125994399189949,0,0
15,LEFT_ELBOW,0.37151414155960083,0.6001573801040649,-0.007418867666274309,0,0
15,RIGHT_ELBOW,0.4020307958126068,0.6012961268424988,0.17740705609321594,0,0
15,LEFT_WRIST,0.3575420379638672,0.5828712582588196,0.0926121398806572,0,0
15,RIGHT_WRIST,0.3726121187210083,0.6130040287971497,0.2307365983724594,0,0
15,LEFT_PINKY,0.34961217641830444,0.5712738633155823,0.09809708595275879,0,0
15,RIGHT_PINKY,0.367247611284256,0.6160284876823425,0.2454948127269745,0,0
15,LEFT_INDEX,0.353796124458313,0.567888081073761,0.09704108536243439,0,0
15,RIGHT_INDEX,0.36639705300331116,0.6103859543800354,0.2374938428401947,0,0
15,LEFT_THUMB,0.3566865921020508,0.5722573399543762,0.0963444784283638,0,0
15,RIGHT_THUMB,0.36811384558677673,0.6079483032226562,0.22900627553462982,0,0
15,LEFT_HIP,0.4051212668418884,0.6946884393692017,-0.04973753169178963,0,0
15,RIGHT_HIP,0.4304063618183136,0.6928277015686035,0.04957055300474167,0,0
15,LEFT_KNEE,0.37648719549179077,0.76506507396698,-0.046352919191122055,0,0
15,RIGHT_KNEE,0.4313925802707672,0.7714917063713074,0.08392024785280228,0,0
15,LEFT_ANKLE,0.37896475195884705,0.8872734904289246,-0.08945794403553009,0,0
15,RIGHT_ANKLE,0.449462354183197,0.8781762719154358,0.028882069513201714,0,0
15,LEFT_HEEL,0.38337793946266174,0.9067555069923401,-0.09299299120903015,0,0
15,RIGHT_HEEL,0.45174792408943176,0.894405722618103,0.023184459656476974,0,0
15,LEFT_FOOT_INDEX,0.34891387820243835,0.8995351791381836,-0.09691645205020905,0,0
15,RIGHT_FOOT_INDEX,0.439963698387146,0.882332980632782,0.019503692165017128,0,0
16,NOSE,0.39117881655693054,0.49963095784187317,0.10767318308353424,0,0
16,LEFT_EYE_INNER,0.3913295567035675,0.490077942609787,0.08703909814357758,0,0
16,LEFT_EYE,0.39056941866874695,0.4899319112300873,0.08704240620136261,0,0
16,LEFT_EYE_OUTER,0.3897605538368225,0.4898500144481659,0.08706434816122055,0,0
16,RIGHT_EYE_INNER,0.39470428228378296,0.48975738883018494,0.09986986964941025,0,0
16,RIGHT_EYE,0.39630720019340515,0.48941507935523987,0.09985484927892685,0,0
16,RIGHT_EYE_OUTER,0.39803990721702576,0.4891798198223114,0.09978877007961273,0,0
16,LEFT_EAR,0.39137181639671326,0.49305233359336853,0.017411567270755768,0,0
16,RIGHT_EAR,0.40305426716804504,0.49277463555336,0.07344255596399307,0,0
16,MOUTH_LEFT,0.3905661702156067,0.5060908794403076,0.0857170969247818,0,0
16,MOUTH_RIGHT,0.39398062229156494,0.506820559501648,0.10161726176738739,0,0
16,LEFT_SHOULDER,0.38681885600090027,0.53745436668396,-0.04533226788043976,0,0
16,RIGHT_SHOULDER,0.42196547985076904,0.5447182655334473,0.10528265684843063,0,0
16,LEFT_ELBOW,0.36636021733283997,0.6000312566757202,-0.025204746052622795,0,0
16,RIGHT_ELBOW,0.3962065577507019,0.6043453216552734,0.16519767045974731,0,0
16,LEFT_WRIST,0.34802377223968506,0.567457914352417,0.055085133761167526,0,0
16,RIGHT_WRIST,0.36661356687545776,0.6156262159347534,0.20806540548801422,0,0
16,LEFT_PINKY,0.34033864736557007,0.5606040954589844,0.055664412677288055,0,0
16,RIGHT_PINKY,0.36095061898231506,0.6173638701438904,0.2193935066461563,0,0
16,LEFT_INDEX,0.3447103500366211,0.5578102469444275,0.05656788870692253,0,0
16,RIGHT_INDEX,0.3605863153934479,0.6136994361877441,0.21123117208480835,0,0
16,LEFT_THUMB,0.34804633259773254,0.5608912706375122,0.058857906609773636,0,0
16,RIGHT_THUMB,0.3620159924030304,0.6113946437835693,0.2059512883424759,0,0
16,LEFT_HIP,0.40285414457321167,0.692575216293335,-0.05070357397198677,0,0
16,RIGHT_HIP,0.42713308334350586,0.6904102563858032,0.05056621879339218,0,0
16,LEFT_KNEE,0.3759947419166565,0.7670304179191589,-0.04506870359182358,0,0
16,RIGHT_KNEE,0.4271441102027893,0.7708795070648193,0.10204093158245087,0,0
16,LEFT_ANKLE,0.37902769446372986,0.8881418108940125,-0.07709402590990067,0,0
16,RIGHT_ANKLE,0.4475317895412445,0.8763457536697388,0.08490956574678421,0,0
16,LEFT_HEEL,0.38358446955680847,0.9076504707336426,-0.07974503934383392,0,0
16,RIGHT_HEEL,0.45128506422042847,0.8919830918312073,0.08352907747030258,0,0
16,LEFT_FOOT_INDEX,0.34918680787086487,0.9018888473510742,-0.09333479404449463,0,0
16,RIGHT_FOOT_INDEX,0.4350515305995941,0.8816721439361572,0.07991544157266617,0,0
17,NOSE,0.38764864206314087,0.4993627369403839,0.11093318462371826,0,0
17,LEFT_EYE_INNER,0.38765189051628113,0.4897041618824005,0.09209953248500824,0,0
17,LEFT_EYE,0.3869735598564148,0.48956745862960815,0.09210444241762161,0,0
17,LEFT_EYE_OUTER,0.3862394392490387,0.4895128011703491,0.09213367104530334,0,0
17,RIGHT_EYE_INNER,0.39085811376571655,0.4893537759780884,0.10448724776506424,0,0
17,RIGHT_EYE,0.39241331815719604,0.48898395895957947,0.10446406900882721,0,0
17,RIGHT_EYE_OUTER,0.3940427005290985,0.48873206973075867,0.10440163314342499,0,0
17,LEFT_EAR,0.3880232870578766,0.4927293658256531,0.02618427947163582,0,0
17,RIGHT_EAR,0.3988324701786041,0.49225831031799316,0.07946348190307617,0,0
17,MOUTH_LEFT,0.38734740018844604,0.5058251023292542,0.08997002989053726,0,0
17,MOUTH_RIGHT,0.3905915319919586,0.5065072178840637,0.10541243851184845,0,0
17,LEFT_SHOULDER,0.3842674791812897,0.5372070670127869,-0.03514939546585083,0,0
17,RIGHT_SHOULDER,0.4190996587276459,0.5442571043968201,0.1060633435845375,0,0
17,LEFT_ELBOW,0.36565840244293213,0.5976609587669373,-0.01917729340493679,0,0
17,RIGHT_ELBOW,0.3939889371395111,0.6038874387741089,0.1649998277425766,0,0
17,LEFT_WRIST,0.34240084886550903,0.5621626973152161,0.055521126836538315,0,0
17,RIGHT_WRIST,0.36236393451690674,0.6179534792900085,0.20373699069023132,0,0
17,LEFT_PINKY,0.3352532386779785,0.5568157434463501,0.055841267108917236,0,0
17,RIGHT_PINKY,0.35638219118118286,0.6166389584541321,0.2129562348127365,0,0
17,LEFT_INDEX,0.33926063776016235,0.554879903793335,0.056918900460004807,0,0
17,RIGHT_INDEX,0.35568979382514954,0.6150211095809937,0.20459869503974915,0,0
17,LEFT_THUMB,0.3423500955104828,0.5574793219566345,0.059106823056936264,0,0
17,RIGHT_THUMB,0.3570432662963867,0.6144589185714722,0.20129410922527313,0,0
17,LEFT_HIP,0.3991958498954773,0.6912879943847656,-0.05041735619306564,0,0
17,RIGHT_HIP,0.423828125,0.6896926760673523,0.0502636693418026,0,0
17,LEFT_KNEE,0.3757876455783844,0.766688346862793,-0.04046457260847092,0,0
17,RIGHT_KNEE,0.4209668040275574,0.7697578072547913,0.1056792214512825,0,0
17,LEFT_ANKLE,0.3789442479610443,0.8879876136779785,-0.07912103831768036,0,0
17,RIGHT_ANKLE,0.4428729712963104,0.8639877438545227,0.07242472469806671,0,0
17,LEFT_HEEL,0.3837490379810333,0.9071381688117981,-0.08336398750543594,0,0
17,RIGHT_HEEL,0.44913309812545776,0.8778584599494934,0.06892688572406769,0,0
17,LEFT_FOOT_INDEX,0.34924837946891785,0.9037068486213684,-0.1028519719839096,0,0
17,RIGHT_FOOT_INDEX,0.4333014190196991,0.8818343281745911,0.06336044520139694,0,0
18,NOSE,0.38705381751060486,0.499899297952652,0.10824281722307205,0,0
18,LEFT_EYE_INNER,0.38692015409469604,0.49024805426597595,0.08874700963497162,0,0
18,LEFT_EYE,0.38618752360343933,0.49010688066482544,0.0887557715177536,0,0
18,LEFT_EYE_OUTER,0.3854197859764099,0.4900588393211365,0.08878503739833832,0,0
18,RIGHT_EYE_INNER,0.3901273012161255,0.4898175895214081,0.10045118629932404,0,0
18,RIGHT_EYE,0.39167702198028564,0.48939260840415955,0.10042287409305573,0,0
18,RIGHT_EYE_OUTER,0.3933127820491791,0.4890969693660736,0.10035654902458191,0,0
18,LEFT_EAR,0.38736480474472046,0.493064820766449,0.021622858941555023,0,0
18,RIGHT_EAR,0.3981470465660095,0.49238598346710205,0.07252077013254166,0,0
18,MOUTH_LEFT,0.386723130941391,0.5063948035240173,0.08677127212285995,0,0
18,MOUTH_RIGHT,0.39014923572540283,0.5069832801818848,0.10123442858457565,0,0
18,LEFT_SHOULDER,0.38389596343040466,0.5374480485916138,-0.03864181786775589,0,0
18,RIGHT_SHOULDER,0.41719120740890503,0.5442065596580505,0.09923341125249863,0,0
18,LEFT_ELBOW,0.36814484000205994,0.6020562648773193,-0.008334379643201828,0,0
18,RIGHT_ELBOW,0.395298033952713,0.6026580929756165,0.16132114827632904,0,0
18,LEFT_WRIST,0.34786251187324524,0.5863363742828369,0.08358780294656754,0,0
18,RIGHT_WRIST,0.3608132302761078,0.6163085103034973,0.2089191973209381,0,0
18,LEFT_PINKY,0.34231770038604736,0.5815231204032898,0.08758827298879623,0,0
18,RIGHT_PINKY,0.35437819361686707,0.61405348777771,0.22036024928092957,0,0
18,LEFT_INDEX,0.3450331389904022,0.5769965052604675,0.08790332823991776,0,0
18,RIGHT_INDEX,0.3538163900375366,0.6122706532478333,0.2117832452058792,0,0
18,LEFT_THUMB,0.34754320979118347,0.5762258172035217,0.0876503735780716,0,0
18,RIGHT_THUMB,0.35524430871009827,0.6115618348121643,0.20665842294692993,0,0
18,LEFT_HIP,0.398240864276886,0.6908304691314697,-0.050301264971494675,0,0
18,RIGHT_HIP,0.4228610098361969,0.688689649105072,0.05014758184552193,0,0
18,LEFT_KNEE,0.3754922151565552,0.7679728269577026,-0.04304094240069389,0,0
18,RIGHT_KNEE,0.41971200704574585,0.7680685520172119,0.10899367183446884,0,0
18,LEFT_ANKLE,0.3787008821964264,0.8889707326889038,-0.0802043005824089,0,0
18,RIGHT_ANKLE,0.44202739000320435,0.861545979976654,0.09057379513978958,0,0
18,LEFT_HEEL,0.38384586572647095,0.907430112361908,-0.083834208548069,0,0
18,RIGHT_HEEL,0.44872763752937317,0.8760994076728821,0.0890631228685379,0,0
18,LEFT_FOOT_INDEX,0.34959876537323,0.9037063717842102,-0.09987916797399521,0,0
18,RIGHT_FOOT_INDEX,0.43233680725097656,0.8824282884597778,0.08666517585515976,0,0
19,NOSE,0.38144999742507935,0.5006685853004456,0.08233236521482468,0,0
19,LEFT_EYE_INNER,0.3813599646091461,0.49058154225349426,0.06730441004037857,0,0
19,LEFT_EYE,0.380663126707077,0.4903714656829834,0.06731201708316803,0,0
19,LEFT_EYE_OUTER,0.3799061179161072,0.4902624487876892,0.06735303997993469,0,0
19,RIGHT_EYE_INNER,0.38437217473983765,0.4903050661087036,0.08080247044563293,0,0
19,RIGHT_EYE,0.3858749568462372,0.4898894131183624,0.08077465742826462,0,0
19,RIGHT_EYE_OUTER,0.38739219307899475,0.4895930588245392,0.08072580397129059,0,0
19,LEFT_EAR,0.3816831409931183,0.4932447075843811,0.015799805521965027,0,0
19,RIGHT_EAR,0.3913934826850891,0.4927438199520111,0.07384232431650162,0,0
19,MOUTH_LEFT,0.38125506043434143,0.5069946050643921,0.06580328196287155,0,0
19,MOUTH_RIGHT,0.3843553364276886,0.507698655128479,0.08278878778219223,0,0
19,LEFT_SHOULDER,0.3806721270084381,0.5371957421302795,-0.04276609793305397,0,0
19,RIGHT_SHOULDER,0.4125005006790161,0.543871283531189,0.10211975872516632,0,0
19,LEFT_ELBOW,0.3645957410335541,0.5981918573379517,-0.06435330212116241,0,0
19,RIGHT_ELBOW,0.38875454664230347,0.6032992601394653,0.16560067236423492,0,0
19,LEFT_WRIST,0.3393386900424957,0.5839773416519165,-0.04061436653137207,0,0
19,RIGHT_WRIST,0.3544491231441498,0.6149068474769592,0.20850610733032227,0,0
19,LEFT_PINKY,0.3321172595024109,0.5772013068199158,-0.0485762320458889,0,0
19,RIGHT_PINKY,0.34637507796287537,0.6135538816452026,0.21891994774341583,0,0
19,LEFT_INDEX,0.3324974477291107,0.5685901641845703,-0.04327699914574623,0,0
19,RIGHT_INDEX,0.34540313482284546,0.6118682622909546,0.2094542533159256,0,0
19,LEFT_THUMB,0.3345789313316345,0.5673433542251587,-0.03634007275104523,0,0
19,RIGHT_THUMB,0.3472682237625122,0.6110652685165405,0.20585711300373077,0,0
19,LEFT_HIP,0.39318376779556274,0.6903002262115479,-0.05182432755827904,0,0
19,RIGHT_HIP,0.4175371527671814,0.6860504746437073,0.051657695323228836,0,0
19,LEFT_KNEE,0.3738727569580078,0.7712571024894714,-0.04291979596018791,0,0
19,RIGHT_KNEE,0.4115443527698517,0.7635780572891235,0.13639825582504272,0,0
19,LEFT_ANKLE,0.3779485523700714,0.8894429206848145,-0.09731817990541458,0,0
19,RIGHT_ANKLE,0.432730108499527,0.8459669351577759,0.13626477122306824,0,0
19,LEFT_HEEL,0.3839060664176941,0.9078049659729004,-0.10313768684864044,0,0
19,RIGHT_HEEL,0.43894436955451965,0.8577647805213928,0.13641898334026337,0,0
19,LEFT_FOOT_INDEX,0.349624365568161,0.9041016101837158,-0.13004253804683685,0,0
19,RIGHT_FOOT_INDEX,0.4219917058944702,0.8599770665168762,0.13475976884365082,0,0
20,NOSE,0.37620222568511963,0.501505970954895,0.03677058964967728,0,0
20,LEFT_EYE_INNER,0.37653571367263794,0.4911060035228729,0.02112278714776039,0,0
20,LEFT_EYE,0.3761041760444641,0.49081459641456604,0.021131932735443115,0,0
20,LEFT_EYE_OUTER,0.3756371736526489,0.4906284511089325,0.021163754165172577,0,0
20,RIGHT_EYE_INNER,0.3790484368801117,0.4909287691116333,0.035907529294490814,0,0
20,RIGHT_EYE,0.38041648268699646,0.49048173427581787,0.035885319113731384,0,0
20,RIGHT_EYE_OUTER,0.38179799914360046,0.4901171028614044,0.0358341783285141,0,0
20,LEFT_EAR,0.378557950258255,0.49358436465263367,-0.025082724168896675,0,0
20,RIGHT_EAR,0.3862951993942261,0.49301695823669434,0.04021568223834038,0,0
20,MOUTH_LEFT,0.376983106136322,0.5078454613685608,0.022484544664621353,0,0
20,MOUTH_RIGHT,0.3796388804912567,0.5084402561187744,0.04129437357187271,0,0
20,LEFT_SHOULDER,0.38047075271606445,0.5381332039833069,-0.0771954208612442,0,0
20,RIGHT_SHOULDER,0.40771546959877014,0.5421570539474487,0.08433917909860611,0,0
20,LEFT_ELBOW,0.3573848605155945,0.5939689874649048,-0.09563717991113663,0,0
20,RIGHT_ELBOW,0.379692405462265,0.5966620445251465,0.13536269962787628,0,0
20,LEFT_WRIST,0.3292140066623688,0.5582332015037537,-0.06603238731622696,0,0
20,RIGHT_WRIST,0.34547048807144165,0.6071528792381287,0.14481410384178162,0,0
20,LEFT_PINKY,0.32056525349617004,0.5528024435043335,-0.07703541964292526,0,0
20,RIGHT_PINKY,0.336274117231369,0.5982835292816162,0.15073445439338684,0,0
20,LEFT_INDEX,0.321225643157959,0.5450014472007751,-0.07045577466487885,0,0
20,RIGHT_INDEX,0.3350057601928711,0.5995357632637024,0.1385379284620285,0,0
20,LEFT_THUMB,0.3242342174053192,0.5472771525382996,-0.061558544635772705,0,0
20,RIGHT_THUMB,0.33736416697502136,0.597685694694519,0.1402231901884079,0,0
20,LEFT_HIP,0.39192694425582886,0.6900179982185364,-0.054356835782527924,0,0
20,RIGHT_HIP,0.4146419167518616,0.6835567355155945,0.05423427373170853,0,0
20,LEFT_KNEE,0.3714798390865326,0.771533727645874,-0.056526076048612595,0,0
20,RIGHT_KNEE,0.4056839942932129,0.7546318173408508,0.16794227063655853,0,0
20,LEFT_ANKLE,0.3777256906032562,0.8896591663360596,-0.0925571471452713,0,0
20,RIGHT_ANKLE,0.425960898399353,0.8366586565971375,0.23484346270561218,0,0
20,LEFT_HEEL,0.38394495844841003,0.9076319336891174,-0.10261859744787216,0,0
20,RIGHT_HEEL,0.43310484290122986,0.8490602374076843,0.24262391030788422,0,0
20,LEFT_FOOT_INDEX,0.34890130162239075,0.9046999216079712,-0.11607705056667328,0,0
20,RIGHT_FOOT_INDEX,0.4168383479118347,0.8629266619682312,0.24742846190929413,0,0
21,NOSE,0.3736244738101959,0.5015237331390381,0.018243439495563507,0,0
21,LEFT_EYE_INNER,0.3739111125469208,0.49105632305145264,0.0024798039812594652,0,0
21,LEFT_EYE,0.37342560291290283,0.490829199552536,0.002489757491275668,0,0
21,LEFT_EYE_OUTER,0.3729172646999359,0.4907287061214447,0.0025279594119638205,0,0
21,RIGHT_EYE_INNER,0.3765125870704651,0.49077069759368896,0.01714019663631916,0,0
21,RIGHT_EYE,0.3778885006904602,0.4903089106082916,0.017113929614424706,0,0
21,RIGHT_EYE_OUTER,0.3792790174484253,0.4899437129497528,0.01705864816904068,0,0
21,LEFT_EAR,0.37570443749427795,0.4941159188747406,-0.04231719672679901,0,0
21,RIGHT_EAR,0.38328298926353455,0.4930117130279541,0.022007465362548828,0,0
21,MOUTH_LEFT,0.3743603825569153,0.5081303119659424,0.004540708847343922,0,0
21,MOUTH_RIGHT,0.3769809305667877,0.5085603594779968,0.02301517128944397,0,0
21,LEFT_SHOULDER,0.3790587782859802,0.5396864414215088,-0.09181869029998779,0,0
21,RIGHT_SHOULDER,0.40284979343414307,0.540098249912262,0.07021018862724304,0,0
21,LEFT_ELBOW,0.35514941811561584,0.5941399931907654,-0.08902516961097717,0,0
21,RIGHT_ELBOW,0.37583643198013306,0.5813367366790771,0.12547056376934052,0,0
21,LEFT_WRIST,0.32779696583747864,0.5788628458976746,-0.02942247875034809,0,0
21,RIGHT_WRIST,0.34034791588783264,0.5833091735839844,0.14093120396137238,0,0
21,LEFT_PINKY,0.3204348385334015,0.5691632032394409,-0.03717007115483284,0,0
21,RIGHT_PINKY,0.33235979080200195,0.5804492235183716,0.14667414128780365,0,0
21,LEFT_INDEX,0.3209766149520874,0.561846911907196,-0.03263082727789879,0,0
21,RIGHT_INDEX,0.33050328493118286,0.5819619297981262,0.135018989443779,0,0
21,LEFT_THUMB,0.32347503304481506,0.5611206293106079,-0.024919891729950905,0,0
21,RIGHT_THUMB,0.3323206603527069,0.5806382894515991,0.1365559846162796,0,0
21,LEFT_HIP,0.39041051268577576,0.6897013783454895,-0.0543578676879406,0,0
21,RIGHT_HIP,0.4123588502407074,0.6831574440002441,0.054234184324741364,0,0
21,LEFT_KNEE,0.3702203035354614,0.7724872827529907,-0.05249430611729622,0,0
21,RIGHT_KNEE,0.4025231897830963,0.7515407800674438,0.1697123944759369,0,0
21,LEFT_ANKLE,0.3776649534702301,0.8896612524986267,-0.054600588977336884,0,0
21,RIGHT_ANKLE,0.4216950535774231,0.8367130756378174,0.2522299885749817,0,0
21,LEFT_HEEL,0.3843231499195099,0.9075530171394348,-0.05515798181295395,0,0
21,RIGHT_HEEL,0.4286918640136719,0.8513240218162537,0.2614554464817047,0,0
21,LEFT_FOOT_INDEX,0.3490452766418457,0.9044941663742065,-0.08119556307792664,0,0
21,RIGHT_FOOT_INDEX,0.4077779948711395,0.85004061460495,0.2674998342990875,0,0
22,NOSE,0.374926894903183,0.5012412667274475,0.03103560581803322,0,0
22,LEFT_EYE_INNER,0.37491485476493835,0.49089863896369934,0.014760573394596577,0,0
22,LEFT_EYE,0.3742383122444153,0.4907257556915283,0.014768408611416817,0,0
22,LEFT_EYE_OUTER,0.3735745847225189,0.49069836735725403,0.01480261143296957,0,0
22,RIGHT_EYE_INNER,0.3781174123287201,0.4906105399131775,0.028318611904978752,0,0
22,RIGHT_EYE,0.3796105980873108,0.4901769459247589,0.028289642184972763,0,0
22,RIGHT_EYE_OUTER,0.38118407130241394,0.48984554409980774,0.0282229445874691,0,0
22,LEFT_EAR,0.37580692768096924,0.494357705116272,-0.03324192017316818,0,0
22,RIGHT_EAR,0.3853898048400879,0.49290111660957336,0.02611556090414524,0,0
22,MOUTH_LEFT,0.37508445978164673,0.5078944563865662,0.016266580671072006,0,0
22,MOUTH_RIGHT,0.37829887866973877,0.508292555809021,0.033266521990299225,0,0
22,LEFT_SHOULDER,0.3786000609397888,0.5402724742889404,-0.08671655505895615,0,0
22,RIGHT_SHOULDER,0.40187692642211914,0.5394265055656433,0.07132355123758316,0,0
22,LEFT_ELBOW,0.3533369302749634,0.5942642092704773,-0.08757566660642624,0,0
22,RIGHT_ELBOW,0.37425556778907776,0.5755912065505981,0.12600062787532806,0,0
22,LEFT_WRIST,0.32628506422042847,0.5716753602027893,-0.03785473853349686,0,0
22,RIGHT_WRIST,0.3386121690273285,0.5728602409362793,0.13859541714191437,0,0
22,LEFT_PINKY,0.31999585032463074,0.5635839104652405,-0.04732416570186615,0,0
22,RIGHT_PINKY,0.3315006494522095,0.5712417960166931,0.14355145394802094,0,0
22,LEFT_INDEX,0.318764865398407,0.5589250922203064,-0.042977914214134216,0,0
22,RIGHT_INDEX,0.32923346757888794,0.5702117085456848,0.1315605342388153,0,0
22,LEFT_THUMB,0.3236241936683655,0.5592347383499146,-0.03389959782361984,0,0
22,RIGHT_THUMB,0.3311995565891266,0.5692474246025085,0.13400129973888397,0,0
22,LEFT_HIP,0.39046764373779297,0.6894149780273438,-0.05524410307407379,0,0
22,RIGHT_HIP,0.41325846314430237,0.682671844959259,0.055135589092969894,0,0
22,LEFT_KNEE,0.3705032765865326,0.7722697854042053,-0.05652874708175659,0,0
22,RIGHT_KNEE,0.40105074644088745,0.7493763566017151,0.17230930924415588,0,0
22,LEFT_ANKLE,0.3775039315223694,0.8899573087692261,-0.06381933391094208,0,0
22,RIGHT_ANKLE,0.4203747510910034,0.8346560001373291,0.25600379705429077,0,0
22,LEFT_HEEL,0.3844785690307617,0.9079234004020691,-0.06469455361366272,0,0
22,RIGHT_HEEL,0.42788028717041016,0.8493194580078125,0.26514938473701477,0,0
22,LEFT_FOOT_INDEX,0.34925344586372375,0.9044284820556641,-0.08533657342195511,0,0
22,RIGHT_FOOT_INDEX,0.40337294340133667,0.8527730703353882,0.26818493008613586,0,0
23,NOSE,0.3686702847480774,0.5021254420280457,0.016909105703234673,0,0
23,LEFT_EYE_INNER,0.3686295449733734,0.4920460879802704,0.0010488921543583274,0,0
23,LEFT_EYE,0.3681197762489319,0.49195992946624756,0.001065536285750568,0,0
23,LEFT_EYE_OUTER,0.3676266074180603,0.4920102655887604,0.0010981957893818617,0,0
23,RIGHT_EYE_INNER,0.37136226892471313,0.49153363704681396,0.015347626991569996,0,0
23,RIGHT_EYE,0.3726578652858734,0.49105381965637207,0.01532311737537384,0,0
23,RIGHT_EYE_OUTER,0.37399864196777344,0.4906904995441437,0.015256330370903015,0,0
23,LEFT_EAR,0.37007376551628113,0.49565207958221436,-0.041929442435503006,0,0
23,RIGHT_EAR,0.3781704306602478,0.4936721920967102,0.020870031788945198,0,0
23,MOUTH_LEFT,0.36930543184280396,0.508757472038269,0.0042641377076506615,0,0
23,MOUTH_RIGHT,0.3719547390937805,0.5088552832603455,0.022347504273056984,0,0
23,LEFT_SHOULDER,0.3763566315174103,0.5399807691574097,-0.09133990854024887,0,0
23,RIGHT_SHOULDER,0.395707905292511,0.538666844367981,0.07061145454645157,0,0
23,LEFT_ELBOW,0.3540495038032532,0.5943041443824768,-0.11541300266981125,0,0
23,RIGHT_ELBOW,0.36702761054039,0.5786094665527344,0.12336328625679016,0,0
23,LEFT_WRIST,0.32289987802505493,0.5598251223564148,-0.09363575279712677,0,0
23,RIGHT_WRIST,0.32939913868904114,0.5721319913864136,0.13166582584381104,0,0
23,LEFT_PINKY,0.31209585070610046,0.5596249103546143,-0.10687005519866943,0,0
23,RIGHT_PINKY,0.32080718874931335,0.5676203370094299,0.13731583952903748,0,0
23,LEFT_INDEX,0.313925564289093,0.5398898720741272,-0.09913351386785507,0,0
23,RIGHT_INDEX,0.3178718686103821,0.5628185868263245,0.1258702576160431,0,0
23,LEFT_THUMB,0.3177221119403839,0.547227144241333,-0.08908086270093918,0,0
23,RIGHT_THUMB,0.3209252953529358,0.5604498386383057,0.12725557386875153,0,0
23,LEFT_HIP,0.3889666795730591,0.6899096369743347,-0.055888231843709946,0,0
23,RIGHT_HIP,0.41087403893470764,0.6826643347740173,0.05578233674168587,0,0
23,LEFT_KNEE,0.36852607131004333,0.7731494307518005,-0.05393572896718979,0,0
23,RIGHT_KNEE,0.3977905511856079,0.7466063499450684,0.1851850003004074,0,0
23,LEFT_ANKLE,0.37735986709594727,0.8897842168807983,-0.058033060282468796,0,0
23,RIGHT_ANKLE,0.4127178192138672,0.8342852592468262,0.28357040882110596,0,0
23,LEFT_HEEL,0.3846815526485443,0.9076953530311584,-0.05838015303015709,0,0
23,RIGHT_HEEL,0.41848257184028625,0.8503745794296265,0.29393869638442993,0,0
23,LEFT_FOOT_INDEX,0.34918487071990967,0.9050400257110596,-0.08615909516811371,0,0
23,RIGHT_FOOT_INDEX,0.3880242109298706,0.8465861082077026,0.2969204783439636,0,0
24,NOSE,0.36427634954452515,0.5054425597190857,-0.001261484925635159,0,0
24,LEFT_EYE_INNER,0.36456090211868286,0.4957202970981598,-0.016687054187059402,0,0
24,LEFT_EYE,0.36426547169685364,0.4955826997756958,-0.016666555777192116,0,0
24,LEFT_EYE_OUTER,0.36397698521614075,0.4955453872680664,-0.016628200188279152,0,0
24,RIGHT_EYE_INNER,0.36680448055267334,0.49505558609962463,-0.0003576884919311851,0,0
24,RIGHT_EYE,0.36804071068763733,0.4944501519203186,-0.0003820910060312599,0,0
24,RIGHT_EYE_OUTER,0.36935099959373474,0.4939541816711426,-0.0004379551683086902,0,0
24,LEFT_EAR,0.36739876866340637,0.4988766610622406,-0.057516150176525116,0,0
24,RIGHT_EAR,0.374521940946579,0.49654167890548706,0.014805814251303673,0,0
24,MOUTH_LEFT,0.3656971752643585,0.5119803547859192,-0.013301292434334755,0,0
24,MOUTH_RIGHT,0.3679191470146179,0.5121389031410217,0.007657306268811226,0,0
24,LEFT_SHOULDER,0.37586405873298645,0.5413998961448669,-0.10285700112581253,0,0
24,RIGHT_SHOULDER,0.391322523355484,0.5380638241767883,0.06529668718576431,0,0
24,LEFT_ELBOW,0.3531733453273773,0.5935499668121338,-0.14108170568943024,0,0
24,RIGHT_ELBOW,0.36189138889312744,0.5713286995887756,0.10594764351844788,0,0
24,LEFT_WRIST,0.32203608751296997,0.557121992111206,-0.13896426558494568,0,0
24,RIGHT_WRIST,0.3236966133117676,0.5638481378555298,0.09109945595264435,0,0
24,LEFT_PINKY,0.31287112832069397,0.5548121929168701,-0.15714988112449646,0,0
24,RIGHT_PINKY,0.3150595426559448,0.5709491968154907,0.09299040585756302,0,0
24,LEFT_INDEX,0.31292444467544556,0.5388786196708679,-0.1485440731048584,0,0
24,RIGHT_INDEX,0.31319788098335266,0.5601029992103577,0.07785580307245255,0,0
24,LEFT_THUMB,0.3164702355861664,0.5460177659988403,-0.13492436707019806,0,0
24,RIGHT_THUMB,0.3164405822753906,0.5637004971504211,0.08429892361164093,0,0
24,LEFT_HIP,0.3884485960006714,0.6913257241249084,-0.05719906836748123,0,0
24,RIGHT_HIP,0.40925997495651245,0.6828208565711975,0.05709626525640488,0,0
24,LEFT_KNEE,0.3685164451599121,0.7748662829399109,-0.05275130271911621,0,0
24,RIGHT_KNEE,0.3960034251213074,0.7478896975517273,0.17656093835830688,0,0
24,LEFT_ANKLE,0.37734463810920715,0.8896795511245728,-0.04850522428750992,0,0
24,RIGHT_ANKLE,0.40846124291419983,0.8351030945777893,0.2681722044944763,0,0
24,LEFT_HEEL,0.3849211633205414,0.9076541662216187,-0.04906688630580902,0,0
24,RIGHT_HEEL,0.4150465130805969,0.8509602546691895,0.2777457535266876,0,0
24,LEFT_FOOT_INDEX,0.34930020570755005,0.9052200317382812,-0.08070404827594757,0,0
24,RIGHT_FOOT_INDEX,0.3845772445201874,0.8427896499633789,0.2788017988204956,0,0
25,NOSE,0.3612680435180664,0.5087300539016724,-0.015882836654782295,0,0
25,LEFT_EYE_INNER,0.3617168366909027,0.4992976486682892,-0.032046396285295486,0,0
25,LEFT_EYE,0.36157476902008057,0.49915945529937744,-0.032021667808294296,0,0
25,LEFT_EYE_OUTER,0.3614501655101776,0.49911612272262573,-0.03198954835534096,0,0
25,RIGHT_EYE_INNER,0.3636639416217804,0.49842914938926697,-0.014949783682823181,0,0
25,RIGHT_EYE,0.36487171053886414,0.4976913034915924,-0.014974956400692463,0,0
25,RIGHT_EYE_OUTER,0.3661494851112366,0.4970513880252838,-0.015025937929749489,0,0
25,LEFT_EAR,0.3657534420490265,0.5018059611320496,-0.07454673200845718,0,0
25,RIGHT_EAR,0.3720954954624176,0.49881982803344727,0.0012955408310517669,0,0
25,MOUTH_LEFT,0.36334502696990967,0.5153792500495911,-0.028392435982823372,0,0
25,MOUTH_RIGHT,0.36525920033454895,0.515258252620697,-0.006474834401160479,0,0
25,LEFT_SHOULDER,0.3748539388179779,0.5429900288581848,-0.1145181953907013,0,0
25,RIGHT_SHOULDER,0.38926833868026733,0.5372424721717834,0.053401827812194824,0,0
25,LEFT_ELBOW,0.35401809215545654,0.5955403447151184,-0.13195666670799255,0,0
25,RIGHT_ELBOW,0.35932227969169617,0.5752319097518921,0.09716549515724182,0,0
25,LEFT_WRIST,0.3217727541923523,0.5605249404907227,-0.1032099798321724,0,0
25,RIGHT_WRIST,0.3246651291847229,0.5616315603256226,0.08437664061784744,0,0
25,LEFT_PINKY,0.3130444586277008,0.556672215461731,-0.11819031089544296,0,0
25,RIGHT_PINKY,0.31523048877716064,0.5700522065162659,0.0870588943362236,0,0
25,LEFT_INDEX,0.3132272958755493,0.5442996025085449,-0.11006862670183182,0,0
25,RIGHT_INDEX,0.31413504481315613,0.5570738911628723,0.07153802365064621,0,0
25,LEFT_THUMB,0.316527396440506,0.5488843321800232,-0.09870609641075134,0,0
25,RIGHT_THUMB,0.3157741129398346,0.5655001401901245,0.07763160020112991,0,0
25,LEFT_HIP,0.3885725736618042,0.6920197606086731,-0.05678311735391617,0,0
25,RIGHT_HIP,0.4086858630180359,0.6829087138175964,0.056686658412218094,0,0
25,LEFT_KNEE,0.3686352074146271,0.7746742963790894,-0.03787451237440109,0,0
25,RIGHT_KNEE,0.3947588801383972,0.7481124997138977,0.17923244833946228,0,0
25,LEFT_ANKLE,0.3773578703403473,0.8896740078926086,-0.02453301101922989,0,0
25,RIGHT_ANKLE,0.4022006690502167,0.8340573906898499,0.27761465311050415,0,0
25,LEFT_HEEL,0.38501739501953125,0.9075811505317688,-0.024051014333963394,0,0
25,RIGHT_HEEL,0.4079856276512146,0.8497992157936096,0.28806284070014954,0,0
25,LEFT_FOOT_INDEX,0.3493860065937042,0.9051370024681091,-0.05189291760325432,0,0
25,RIGHT_FOOT_INDEX,0.3817295730113983,0.8382932543754578,0.29218578338623047,0,0
26,NOSE,0.36071062088012695,0.5087436437606812,0.006961454171687365,0,0
26,LEFT_EYE_INNER,0.3605777621269226,0.49983397126197815,-0.008729935623705387,0,0
26,LEFT_EYE,0.36015480756759644,0.49985232949256897,-0.008710351772606373,0,0
26,LEFT_EYE_OUTER,0.3597186803817749,0.4999779164791107,-0.008676226250827312,0,0
26,RIGHT_EYE_INNER,0.36306101083755493,0.4986359775066376,0.006653113756328821,0,0
26,RIGHT_EYE,0.364402711391449,0.4978283941745758,0.0066335503943264484,0,0
26,RIGHT_EYE_OUTER,0.3657849133014679,0.4971393644809723,0.006582705769687891,0,0
26,LEFT_EAR,0.3628009855747223,0.5025514960289001,-0.05082123726606369,0,0
26,RIGHT_EAR,0.3711436092853546,0.4987700283527374,0.017010385170578957,0,0
26,MOUTH_LEFT,0.3622896075248718,0.5153412818908691,-0.005418887361884117,0,0
26,MOUTH_RIGHT,0.3647406995296478,0.5150539875030518,0.014100784435868263,0,0
26,LEFT_SHOULDER,0.3722945749759674,0.5431764721870422,-0.09636653959751129,0,0
26,RIGHT_SHOULDER,0.3873163163661957,0.5335459113121033,0.06413449347019196,0,0
26,LEFT_ELBOW,0.3552570044994354,0.5970333814620972,-0.12587985396385193,0,0
26,RIGHT_ELBOW,0.3597855865955353,0.5717748999595642,0.11369172483682632,0,0
26,LEFT_WRIST,0.3223622739315033,0.5844138264656067,-0.11418876051902771,0,0
26,RIGHT_WRIST,0.3248673975467682,0.5513972043991089,0.11519566923379898,0,0
26,LEFT_PINKY,0.3128831088542938,0.5852285027503967,-0.13007327914237976,0,0
26,RIGHT_PINKY,0.31557565927505493,0.5533890128135681,0.12034031748771667,0,0
26,LEFT_INDEX,0.31276363134384155,0.5740997791290283,-0.12242505699396133,0,0
26,RIGHT_INDEX,0.3136634826660156,0.5438289642333984,0.10485009849071503,0,0
26,LEFT_THUMB,0.31676191091537476,0.5731214284896851,-0.10996826738119125,0,0
26,RIGHT_THUMB,0.3164256513118744,0.5490208268165588,0.10906197130680084,0,0
26,LEFT_HIP,0.3883417248725891,0.6918053030967712,-0.056403107941150665,0,0
26,RIGHT_HIP,0.4089903235435486,0.6823119521141052,0.056299950927495956,0,0
26,LEFT_KNEE,0.36892813444137573,0.7745466232299805,-0.03998113051056862,0,0
26,RIGHT_KNEE,0.39484432339668274,0.7483302354812622,0.18174415826797485,0,0
26,LEFT_ANKLE,0.37713274359703064,0.8896191120147705,-0.04336941987276077,0,0
26,RIGHT_ANKLE,0.39870530366897583,0.8298453092575073,0.27487432956695557,0,0
26,LEFT_HEEL,0.38497084379196167,0.9074798226356506,-0.044044509530067444,0,0
26,RIGHT_HEEL,0.4029935896396637,0.8466281890869141,0.2845902740955353,0,0
26,LEFT_FOOT_INDEX,0.34930703043937683,0.9050582647323608,-0.06971196085214615,0,0
26,RIGHT_FOOT_INDEX,0.3815353214740753,0.8337075710296631,0.2885855734348297,0,0
27,NOSE,0.3583531379699707,0.5107013583183289,-0.0004397370503284037,0,0
27,LEFT_EYE_INNER,0.3580629527568817,0.5019637942314148,-0.015958815813064575,0,0
27,LEFT_EYE,0.3577398955821991,0.5020014047622681,-0.015927646309137344,0,0
27,LEFT_EYE_OUTER,0.3574107885360718,0.5021406412124634,-0.015889789909124374,0,0
27,RIGHT_EYE_INNER,0.3603018820285797,0.5006611943244934,-0.0017740002367645502,0,0
27,RIGHT_EYE,0.3615686595439911,0.4997686743736267,-0.0017942021368071437,0,0
27,RIGHT_EYE_OUTER,0.3628808259963989,0.49901139736175537,-0.0018672219011932611,0,0
27,LEFT_EAR,0.36091348528862,0.5044739246368408,-0.05632772669196129,0,0
27,RIGHT_EAR,0.36823710799217224,0.5004172325134277,0.006197385955601931,0,0
27,MOUTH_LEFT,0.36017167568206787,0.517703115940094,-0.012238004244863987,0,0
27,MOUTH_RIGHT,0.36252495646476746,0.5171077847480774,0.0057837823405861855,0,0
27,LEFT_SHOULDER,0.371184766292572,0.5439645051956177,-0.09615690261125565,0,0
27,RIGHT_SHOULDER,0.38534921407699585,0.5319603085517883,0.04742000252008438,0,0
27,LEFT_ELBOW,0.35553818941116333,0.5996869802474976,-0.1430024802684784,0,0
27,RIGHT_ELBOW,0.3590039908885956,0.569353461265564,0.08338327705860138,0,0
27,LEFT_WRIST,0.32420027256011963,0.5897617936134338,-0.16478534042835236,0,0
27,RIGHT_WRIST,0.32647213339805603,0.5542590618133545,0.0697268471121788,0,0
27,LEFT_PINKY,0.3147517144680023,0.5957347750663757,-0.18535639345645905,0,0
27,RIGHT_PINKY,0.3171115815639496,0.554743230342865,0.07139597088098526,0,0
27,LEFT_INDEX,0.3148307800292969,0.5850552320480347,-0.17709708213806152,0,0
27,RIGHT_INDEX,0.3150423765182495,0.551701009273529,0.054656047374010086,0,0
27,LEFT_THUMB,0.3182172477245331,0.5822538137435913,-0.16158734261989594,0,0
27,RIGHT_THUMB,0.3178085386753082,0.5526463389396667,0.06288859993219376,0,0
27,LEFT_HIP,0.3884875178337097,0.6922135353088379,-0.05447595193982124,0,0
27,RIGHT_HIP,0.40877071022987366,0.6819725632667542,0.05436471477150917,0,0
27,LEFT_KNEE,0.3692086935043335,0.7744998335838318,-0.03651677072048187,0,0
27,RIGHT_KNEE,0.396578848361969,0.7460851073265076,0.18850721418857574,0,0
27,LEFT_ANKLE,0.3770522177219391,0.8895831108093262,-0.03689722716808319,0,0
27,RIGHT_ANKLE,0.39629465341567993,0.8207505345344543,0.29499366879463196,0,0
27,LEFT_HEEL,0.38485661149024963,0.9074229001998901,-0.037482138723134995,0,0
27,RIGHT_HEEL,0.40062224864959717,0.8370941877365112,0.30582842230796814,0,0
27,LEFT_FOOT_INDEX,0.34898313879966736,0.9050022959709167,-0.06655018031597137,0,0
27,RIGHT_FOOT_INDEX,0.3815915286540985,0.8317126631736755,0.30911505222320557,0,0
28,NOSE,0.35867127776145935,0.5162511467933655,-0.00370583264157176,0,0
28,LEFT_EYE_INNER,0.35753077268600464,0.5070172548294067,-0.018565675243735313,0,0
28,LEFT_EYE,0.3570926785469055,0.5068812370300293,-0.01853984408080578,0,0
28,LEFT_EYE_OUTER,0.3565899431705475,0.5068067908287048,-0.018517445772886276,0,0
28,RIGHT_EYE_INNER,0.35986119508743286,0.5057801008224487,-0.003674406325444579,0,0
28,RIGHT_EYE,0.36109861731529236,0.5047813057899475,-0.003693531034514308,0,0
28,RIGHT_EYE_OUTER,0.36237385869026184,0.5039010643959045,-0.0037755367811769247,0,0
28,LEFT_EAR,0.35941818356513977,0.5076180696487427,-0.056916654109954834,0,0
28,RIGHT_EAR,0.3673030138015747,0.50406414270401,0.009125196374952793,0,0
28,MOUTH_LEFT,0.3603895902633667,0.5225636959075928,-0.014802890829741955,0,0
28,MOUTH_RIGHT,0.36267563700675964,0.5221757888793945,0.00435088062658906,0,0
28,LEFT_SHOULDER,0.37244945764541626,0.5436850786209106,-0.09960541874170303,0,0
28,RIGHT_SHOULDER,0.38453972339630127,0.5325535535812378,0.052537474781274796,0,0
28,LEFT_ELBOW,0.36312732100486755,0.5978912115097046,-0.19273123145103455,0,0
28,RIGHT_ELBOW,0.36048927903175354,0.5755355954170227,0.0988093689084053,0,0
28,LEFT_WRIST,0.32878416776657104,0.5720341205596924,-0.26675066351890564,0,0
28,RIGHT_WRIST,0.3263390362262726,0.5830069780349731,0.09615369141101837,0,0
28,LEFT_PINKY,0.3152090907096863,0.5876278877258301,-0.29503288865089417,0,0
28,RIGHT_PINKY,0.3165316581726074,0.5899598598480225,0.10149087011814117,0,0
28,LEFT_INDEX,0.31686538457870483,0.5635461807250977,-0.2800726294517517,0,0
28,RIGHT_INDEX,0.3155742287635803,0.5831356048583984,0.08341069519519806,0,0
28,LEFT_THUMB,0.31999117136001587,0.5642549395561218,-0.2625234127044678,0,0
28,RIGHT_THUMB,0.31837955117225647,0.5829300284385681,0.08894521743059158,0,0
28,LEFT_HIP,0.3886617124080658,0.69209885597229,-0.054711416363716125,0,0
28,RIGHT_HIP,0.4084617495536804,0.6815699934959412,0.054636213928461075,0,0
28,LEFT_KNEE,0.3689277768135071,0.7769052386283875,-0.037514496594667435,0,0
28,RIGHT_KNEE,0.397329717874527,0.7449472546577454,0.19851507246494293,0,0
28,LEFT_ANKLE,0.37706655263900757,0.8898636698722839,-0.0377516932785511,0,0
28,RIGHT_ANKLE,0.3943294882774353,0.817251980304718,0.31476983428001404,0,0
28,LEFT_HEEL,0.38479235768318176,0.9073410630226135,-0.03845568373799324,0,0
28,RIGHT_HEEL,0.3983176648616791,0.8307797312736511,0.32638514041900635,0,0
28,LEFT_FOOT_INDEX,0.34899139404296875,0.9052189588546753,-0.07124624401330948,0,0
28,RIGHT_FOOT_INDEX,0.37640058994293213,0.8288842439651489,0.32489797472953796,0,0
29,NOSE,0.3579525053501129,0.5221095085144043,-0.015682876110076904,0,0
29,LEFT_EYE_INNER,0.35696175694465637,0.5113044381141663,-0.029520560055971146,0,0
29,LEFT_EYE,0.35661762952804565,0.5109868049621582,-0.02948581986129284,0,0
29,LEFT_EYE_OUTER,0.3561953604221344,0.5106880068778992,-0.029478978365659714,0,0
29,RIGHT_EYE_INNER,0.359005331993103,0.510328471660614,-0.017236756160855293,0,0
29,RIGHT_EYE,0.36016952991485596,0.5093293190002441,-0.017256397753953934,0,0
29,RIGHT_EYE_OUTER,0.36138230562210083,0.5084119439125061,-0.01735677756369114,0,0
29,LEFT_EAR,0.35887542366981506,0.5098980665206909,-0.062029242515563965,0,0
29,RIGHT_EAR,0.36614981293678284,0.5072731375694275,-0.0073785241693258286,0,0
29,MOUTH_LEFT,0.359809935092926,0.5277026295661926,-0.024470796808600426,0,0
29,MOUTH_RIGHT,0.36147060990333557,0.5276108980178833,-0.008695023134350777,0,0
29,LEFT_SHOULDER,0.37219861149787903,0.5436801314353943,-0.1015976220369339,0,0
29,RIGHT_SHOULDER,0.38081321120262146,0.5371620059013367,0.03467530012130737,0,0
29,LEFT_ELBOW,0.36930128931999207,0.5960898399353027,-0.19764043390750885,0,0
29,RIGHT_ELBOW,0.35932037234306335,0.5961138606071472,0.08531738072633743,0,0
29,LEFT_WRIST,0.336690217256546,0.5692397356033325,-0.2838155925273895,0,0
29,RIGHT_WRIST,0.3258534073829651,0.6136243343353271,0.08170943707227707,0,0
29,LEFT_PINKY,0.3255602717399597,0.5730640888214111,-0.31206920742988586,0,0
29,RIGHT_PINKY,0.31750646233558655,0.6138294339179993,0.0863880068063736,0,0
29,LEFT_INDEX,0.324010968208313,0.5612170100212097,-0.29862725734710693,0,0
29,RIGHT_INDEX,0.31675004959106445,0.6107684373855591,0.06776908785104752,0,0
29,LEFT_THUMB,0.32704293727874756,0.5625517964363098,-0.2805074155330658,0,0
29,RIGHT_THUMB,0.31948187947273254,0.6099838018417358,0.07443033903837204,0,0
29,LEFT_HIP,0.3888356387615204,0.691849410533905,-0.052872929722070694,0,0
29,RIGHT_HIP,0.4075859487056732,0.680754542350769,0.05285876244306564,0,0
29,LEFT_KNEE,0.36899706721305847,0.7793987989425659,-0.023233989253640175,0,0
29,RIGHT_KNEE,0.3956584632396698,0.7417359352111816,0.1924552023410797,0,0
29,LEFT_ANKLE,0.3771398961544037,0.8904018402099609,-0.012852266430854797,0,0
29,RIGHT_ANKLE,0.3925766944885254,0.811966061592102,0.30929556488990784,0,0
29,LEFT_HEEL,0.3849467635154724,0.9076669812202454,-0.01258969958871603,0,0
29,RIGHT_HEEL,0.3958840072154999,0.8268175721168518,0.32056668400764465,0,0
29,LEFT_FOOT_INDEX,0.34902122616767883,0.9051434993743896,-0.046141061931848526,0,0
29,RIGHT_FOOT_INDEX,0.375616192817688,0.8236832618713379,0.3174895644187927,0,0
30,NOSE,0.35888582468032837,0.5238205790519714,0.008292182348668575,0,0
30,LEFT_EYE_INNER,0.3572741746902466,0.5148090124130249,-0.009499008767306805,0,0
30,LEFT_EYE,0.3566429316997528,0.5146996378898621,-0.009384151548147202,0,0
30,LEFT_EYE_OUTER,0.35595637559890747,0.5145712494850159,-0.009460718370974064,0,0
30,RIGHT_EYE_INNER,0.3598358929157257,0.5132072567939758,-0.005476620979607105,0,0
30,RIGHT_EYE,0.36105018854141235,0.5120366215705872,-0.005559404846280813,0,0
30,RIGHT_EYE_OUTER,0.3622560203075409,0.5109041929244995,-0.005548736546188593,0,0
30,LEFT_EAR,0.35740676522254944,0.5137977600097656,-0.04426674544811249,0,0
30,RIGHT_EAR,0.3656403124332428,0.5095493197441101,-0.0030673786532133818,0,0
30,MOUTH_LEFT,0.35999050736427307,0.5293053388595581,-7.810293027432635e-05,0,0
30,MOUTH_RIGHT,0.36201220750808716,0.5288015007972717,0.00010089117859024554,0,0
30,LEFT_SHOULDER,0.36926257610321045,0.5449629426002502,-0.08910629898309708,0,0
30,RIGHT_SHOULDER,0.3779582381248474,0.5379766821861267,0.02438410557806492,0,0
30,LEFT_ELBOW,0.3794403374195099,0.5953881740570068,-0.17941053211688995,0,0
30,RIGHT_ELBOW,0.35776159167289734,0.596655547618866,-0.004843830596655607,0,0
30,LEFT_WRIST,0.3434247374534607,0.5700376033782959,-0.26420605182647705,0,0
30,RIGHT_WRIST,0.32880398631095886,0.6214278340339661,-0.10590506345033646,0,0
30,LEFT_PINKY,0.33395102620124817,0.5727007389068604,-0.2928605377674103,0,0
30,RIGHT_PINKY,0.32040777802467346,0.625307559967041,-0.11535370349884033,0,0
30,LEFT_INDEX,0.3330603241920471,0.5624798536300659,-0.2804409861564636,0,0
30,RIGHT_INDEX,0.3193603456020355,0.6215197443962097,-0.12978903949260712,0,0
30,LEFT_THUMB,0.3357433080673218,0.5640950798988342,-0.2614275813102722,0,0
30,RIGHT_THUMB,0.3218674063682556,0.6193918585777283,-0.1140972301363945,0,0
30,LEFT_HIP,0.38906776905059814,0.6913681030273438,-0.045045364648103714,0,0
30,RIGHT_HIP,0.40737321972846985,0.680147647857666,0.04500662162899971,0,0
30,LEFT_KNEE,0.369371622800827,0.7801291346549988,-0.016570696607232094,0,0
30,RIGHT_KNEE,0.3942214250564575,0.740600049495697,0.18348516523838043,0,0
30,LEFT_ANKLE,0.37710848450660706,0.890393078327179,-0.01329015102237463,0,0
30,RIGHT_ANKLE,0.390443354845047,0.8118041157722473,0.2858070731163025,0,0
30,LEFT_HEEL,0.3849482834339142,0.9073012471199036,-0.014076517894864082,0,0
30,RIGHT_HEEL,0.3935338258743286,0.8250192403793335,0.29586419463157654,0,0
30,LEFT_FOOT_INDEX,0.3490291237831116,0.9051085114479065,-0.04634953290224075,0,0
30,RIGHT_FOOT_INDEX,0.3745180368423462,0.8227579593658447,0.2910572588443756,0,0
31,NOSE,0.3573795557022095,0.5280404090881348,0.018307870253920555,0,0
31,LEFT_EYE_INNER,0.35599270462989807,0.5188784003257751,0.00407758355140686,0,0
31,LEFT_EYE,0.3555022180080414,0.5186014771461487,0.004167682491242886,0,0
31,LEFT_EYE_OUTER,0.35498517751693726,0.5182749032974243,0.004124277736991644,0,0
31,RIGHT_EYE_INNER,0.3580864369869232,0.5173607468605042,0.0064642238430678844,0,0
31,RIGHT_EYE,0.35906755924224854,0.5160441994667053,0.006416124291718006,0,0
31,RIGHT_EYE_OUTER,0.36017248034477234,0.5146916508674622,0.006340777035802603,0,0
31,LEFT_EAR,0.35665300488471985,0.516631543636322,-0.02683529071509838,0,0
31,RIGHT_EAR,0.3629761040210724,0.5126126408576965,0.0050537195056676865,0,0
31,MOUTH_LEFT,0.3582272529602051,0.5328798294067383,0.010759096592664719,0,0
31,MOUTH_RIGHT,0.35963675379753113,0.532041072845459,0.01249823160469532,0,0
31,LEFT_SHOULDER,0.3701251447200775,0.5457607507705688,-0.0717935562133789,0,0
31,RIGHT_SHOULDER,0.3722105324268341,0.5421382188796997,0.03628033027052879,0,0
31,LEFT_ELBOW,0.38791146874427795,0.5955358147621155,-0.1591276079416275,0,0
31,RIGHT_ELBOW,0.3530973792076111,0.6049581170082092,0.0035740328021347523,0,0
31,LEFT_WRIST,0.34894895553588867,0.59156733751297,-0.23226000368595123,0,0
31,RIGHT_WRIST,0.33009785413742065,0.6330024003982544,-0.09703453630208969,0,0
31,LEFT_PINKY,0.33937036991119385,0.5964280366897583,-0.25726431608200073,0,0
31,RIGHT_PINKY,0.32149749994277954,0.638508677482605,-0.10595177859067917,0,0
31,LEFT_INDEX,0.3377150595188141,0.5892897248268127,-0.24439208209514618,0,0
31,RIGHT_INDEX,0.3196066915988922,0.63410484790802,-0.1174311488866806,0,0
31,LEFT_THUMB,0.34049978852272034,0.5899151563644409,-0.228506937623024,0,0
31,RIGHT_THUMB,0.32218489050865173,0.6316671967506409,-0.10373398661613464,0,0
31,LEFT_HIP,0.3896894156932831,0.6880275011062622,-0.044931571930646896,0,0
31,RIGHT_HIP,0.40501219034194946,0.6783839464187622,0.04491307958960533,0,0
31,LEFT_KNEE,0.36965638399124146,0.7791649699211121,-0.04159391671419144,0,0
31,RIGHT_KNEE,0.3918851613998413,0.7385925054550171,0.14620758593082428,0,0
31,LEFT_ANKLE,0.37727272510528564,0.8897961378097534,-0.06758769601583481,0,0
31,RIGHT_ANKLE,0.3894466757774353,0.8148202896118164,0.22442875802516937,0,0
31,LEFT_HEEL,0.38511916995048523,0.9062142372131348,-0.07144592702388763,0,0
31,RIGHT_HEEL,0.39188557863235474,0.8285436034202576,0.23143155872821808,0,0
31,LEFT_FOOT_INDEX,0.34910309314727783,0.9054347276687622,-0.10815443843603134,0,0
31,RIGHT_FOOT_INDEX,0.3745168149471283,0.8271941542625427,0.2196377068758011,0,0
32,NOSE,0.3576122522354126,0.5276365280151367,0.02500721625983715,0,0
32,LEFT_EYE_INNER,0.3564397096633911,0.5185031294822693,0.012621152214705944,0,0
32,LEFT_EYE,0.35603535175323486,0.518099844455719,0.012678774073719978,0,0
32,LEFT_EYE_OUTER,0.3555942475795746,0.5176283717155457,0.012658681720495224,0,0
32,RIGHT_EYE_INNER,0.3580509126186371,0.5172946453094482,0.01944650523364544,0,0
32,RIGHT_EYE,0.35877978801727295,0.5161158442497253,0.019416071474552155,0,0
32,RIGHT_EYE_OUTER,0.35955575108528137,0.5149321556091309,0.0193342138081789,0,0
32,LEFT_EAR,0.3569425046443939,0.5161596536636353,-0.016556182876229286,0,0
32,RIGHT_EAR,0.3618461489677429,0.5131996870040894,0.0191893819719553,0,0
32,MOUTH_LEFT,0.3584461808204651,0.5324698686599731,0.017408907413482666,0,0
32,MOUTH_RIGHT,0.3592340052127838,0.5320195555686951,0.025475919246673584,0,0
32,LEFT_SHOULDER,0.371089369058609,0.5448097586631775,-0.06671837717294693,0,0
32,RIGHT_SHOULDER,0.3683616816997528,0.5442455410957336,0.04750985652208328,0,0
32,LEFT_ELBOW,0.3917027711868286,0.5938909649848938,-0.1565549671649933,0,0
32,RIGHT_ELBOW,0.351307213306427,0.607941210269928,0.014296237379312515,0,0
32,LEFT_WRIST,0.35172730684280396,0.5948524475097656,-0.23059286177158356,0,0
32,RIGHT_WRIST,0.33083024621009827,0.636825680732727,-0.09613656997680664,0,0
32,LEFT_PINKY,0.34133943915367126,0.599178671836853,-0.2548772692680359,0,0
32,RIGHT_PINKY,0.32170119881629944,0.6407347321510315,-0.10574845224618912,0,0
32,LEFT_INDEX,0.340035617351532,0.5923013687133789,-0.2412266731262207,0,0
32,RIGHT_INDEX,0.32063379883766174,0.6366547346115112,-0.1150299534201622,0,0
32,LEFT_THUMB,0.34244897961616516,0.5922331213951111,-0.2260776311159134,0,0
32,RIGHT_THUMB,0.32317033410072327,0.6346192359924316,-0.1023937240242958,0,0
32,LEFT_HIP,0.39204540848731995,0.6844457387924194,-0.04543689265847206,0,0
32,RIGHT_HIP,0.40311965346336365,0.6771227717399597,0.045361459255218506,0,0
32,LEFT_KNEE,0.37018871307373047,0.7762812972068787,-0.05136984586715698,0,0
32,RIGHT_KNEE,0.38636350631713867,0.7395001649856567,0.13481435179710388,0,0
32,LEFT_ANKLE,0.377523273229599,0.8863072395324707,-0.07330401241779327,0,0
32,RIGHT_ANKLE,0.3873279392719269,0.8152657747268677,0.201732337474823,0,0
32,LEFT_HEEL,0.38554805517196655,0.9035707712173462,-0.07674195617437363,0,0
32,RIGHT_HEEL,0.39103877544403076,0.8295309543609619,0.20757842063903809,0,0
32,LEFT_FOOT_INDEX,0.34948447346687317,0.9053977131843567,-0.11435889452695847,0,0
32,RIGHT_FOOT_INDEX,0.37106654047966003,0.8300889134407043,0.1932554692029953,0,0
33,NOSE,0.3569001257419586,0.5322074890136719,-0.026381246745586395,0,0
33,LEFT_EYE_INNER,0.35641857981681824,0.522482693195343,-0.03351813554763794,0,0
33,LEFT_EYE,0.3564766049385071,0.5216352939605713,-0.033515606075525284,0,0
33,LEFT_EYE_OUTER,0.3564220070838928,0.5208001732826233,-0.03351772949099541,0,0
33,RIGHT_EYE_INNER,0.35647255182266235,0.5223345756530762,-0.02114883065223694,0,0
33,RIGHT_EYE,0.3566555082798004,0.5213959217071533,-0.02116966061294079,0,0
33,RIGHT_EYE_OUTER,0.3568209111690521,0.5205342769622803,-0.021219855174422264,0,0
33,LEFT_EAR,0.358331561088562,0.5180457830429077,-0.030957218259572983,0,0
33,RIGHT_EAR,0.35904642939567566,0.5179898142814636,0.019039923325181007,0,0
33,MOUTH_LEFT,0.3587539792060852,0.535840630531311,-0.024345893412828445,0,0
33,MOUTH_RIGHT,0.35841089487075806,0.5366700291633606,-0.008662285283207893,0,0
33,LEFT_SHOULDER,0.3791240155696869,0.5428900718688965,-0.07092036306858063,0,0
33,RIGHT_SHOULDER,0.35929057002067566,0.5520718097686768,0.07036139070987701,0,0
33,LEFT_ELBOW,0.3980925381183624,0.5931150913238525,-0.15773127973079681,0,0
33,RIGHT_ELBOW,0.3500993549823761,0.6174770593643188,0.04535789042711258,0,0
33,LEFT_WRIST,0.3562976121902466,0.6022230982780457,-0.23618842661380768,0,0
33,RIGHT_WRIST,0.3310021460056305,0.645361065864563,-0.05206331983208656,0,0
33,LEFT_PINKY,0.3469794690608978,0.6137679815292358,-0.26214849948883057,0,0
33,RIGHT_PINKY,0.324689656496048,0.6518260836601257,-0.062245454639196396,0,0
33,LEFT_INDEX,0.34453678131103516,0.6111722588539124,-0.2520115077495575,0,0
33,RIGHT_INDEX,0.32411277294158936,0.6476032137870789,-0.07352288067340851,0,0
33,LEFT_THUMB,0.3473203778266907,0.6079505681991577,-0.23229579627513885,0,0
33,RIGHT_THUMB,0.3265814185142517,0.6452727913856506,-0.059121616184711456,0,0
33,LEFT_HIP,0.3968100845813751,0.6805696487426758,-0.05194132402539253,0,0
33,RIGHT_HIP,0.39859291911125183,0.6772764921188354,0.05196123197674751,0,0
33,LEFT_KNEE,0.3712145984172821,0.7699631452560425,-0.08098801225423813,0,0
33,RIGHT_KNEE,0.3806525766849518,0.7464258074760437,0.11463223397731781,0,0
33,LEFT_ANKLE,0.37765103578567505,0.884097695350647,-0.0992499515414238,0,0
33,RIGHT_ANKLE,0.3856619596481323,0.8362608551979065,0.17269481718540192,0,0
33,LEFT_HEEL,0.38562530279159546,0.9014747738838196,-0.10236107558012009,0,0
33,RIGHT_HEEL,0.3889680802822113,0.8478617668151855,0.17712990939617157,0,0
33,LEFT_FOOT_INDEX,0.34983140230178833,0.9053626656532288,-0.14580625295639038,0,0
33,RIGHT_FOOT_INDEX,0.3656539022922516,0.8488065004348755,0.15662218630313873,0,0
34,NOSE,0.35347941517829895,0.5297213196754456,0.023236939683556557,0,0
34,LEFT_EYE_INNER,0.3528289496898651,0.5210715532302856,0.010245416313409805,0,0
34,LEFT_EYE,0.35255247354507446,0.520859956741333,0.010264057666063309,0,0
34,LEFT_EYE_OUTER,0.3521961271762848,0.520684003829956,0.010260850191116333,0,0
34,RIGHT_EYE_INNER,0.35439637303352356,0.5199963450431824,0.026810796931385994,0,0
34,RIGHT_EYE,0.35526907444000244,0.5190137624740601,0.02681013196706772,0,0
34,RIGHT_EYE_OUTER,0.3560539484024048,0.5181013941764832,0.026763081550598145,0,0
34,LEFT_EAR,0.35477641224861145,0.5206516981124878,-0.02530638501048088,0,0
34,RIGHT_EAR,0.3597941994667053,0.5170732736587524,0.045121073722839355,0,0
34,MOUTH_LEFT,0.3556026816368103,0.5351495742797852,0.010946130380034447,0,0
34,MOUTH_RIGHT,0.3569367229938507,0.5350960493087769,0.03256700932979584,0,0
34,LEFT_SHOULDER,0.377472460269928,0.5475266575813293,-0.07989351451396942,0,0
34,RIGHT_SHOULDER,0.3625378906726837,0.5507401823997498,0.08829439431428909,0,0
34,LEFT_ELBOW,0.40094518661499023,0.5877618193626404,-0.1800050139427185,0,0
34,RIGHT_ELBOW,0.36516910791397095,0.6201326251029968,0.10689293593168259,0,0
34,LEFT_WRIST,0.36857983469963074,0.6156373620033264,-0.26218000054359436,0,0
34,RIGHT_WRIST,0.3382617235183716,0.6679152250289917,0.0782928615808487,0,0
34,LEFT_PINKY,0.36269620060920715,0.6331848502159119,-0.288829505443573,0,0
34,RIGHT_PINKY,0.33262571692466736,0.6762796640396118,0.08451361954212189,0,0
34,LEFT_INDEX,0.35883983969688416,0.6257807612419128,-0.2737312614917755,0,0
34,RIGHT_INDEX,0.3323010206222534,0.6718451976776123,0.06562452763319016,0,0
34,LEFT_THUMB,0.3596411645412445,0.6207991242408752,-0.2570473849773407,0,0
34,RIGHT_THUMB,0.3346205949783325,0.6694386005401611,0.07000814378261566,0,0
34,LEFT_HIP,0.39375412464141846,0.6797711849212646,-0.057112958282232285,0,0
34,RIGHT_HIP,0.4004565179347992,0.6760594844818115,0.057104386389255524,0,0
34,LEFT_KNEE,0.36866626143455505,0.7666308283805847,-0.07294963300228119,0,0
34,RIGHT_KNEE,0.38172289729118347,0.745332658290863,0.13590268790721893,0,0
34,LEFT_ANKLE,0.3775942623615265,0.8822061419487,-0.08757580816745758,0,0
34,RIGHT_ANKLE,0.38734400272369385,0.8264768719673157,0.20119896531105042,0,0
34,LEFT_HEEL,0.38562455773353577,0.897743284702301,-0.09041454643011093,0,0
34,RIGHT_HEEL,0.3937968313694,0.8414681553840637,0.2066117376089096,0,0
34,LEFT_FOOT_INDEX,0.3497609794139862,0.9056320190429688,-0.12488885223865509,0,0
34,RIGHT_FOOT_INDEX,0.37103164196014404,0.8413210511207581,0.1965668499469757,0,0
35,NOSE,0.35417085886001587,0.5281908512115479,0.01976742222905159,0,0
35,LEFT_EYE_INNER,0.35334476828575134,0.5193562507629395,0.00655661104246974,0,0
35,LEFT_EYE,0.35307827591896057,0.51917564868927,0.00657848734408617,0,0
35,LEFT_EYE_OUTER,0.35275813937187195,0.5190431475639343,0.006580122280865908,0,0
35,RIGHT_EYE_INNER,0.3549864590167999,0.5182758569717407,0.021627066656947136,0,0
35,RIGHT_EYE,0.35588985681533813,0.5173269510269165,0.021623481065034866,0,0
35,RIGHT_EYE_OUTER,0.35673654079437256,0.5164600610733032,0.021562328562140465,0,0
35,LEFT_EAR,0.3557076156139374,0.5193521976470947,-0.025683870539069176,0,0
35,RIGHT_EAR,0.3610249161720276,0.5159686803817749,0.03779857978224754,0,0
35,MOUTH_LEFT,0.3566926121711731,0.5337011218070984,0.00999426655471325,0,0
35,MOUTH_RIGHT,0.35812273621559143,0.5335447192192078,0.02768896147608757,0,0
35,LEFT_SHOULDER,0.3771844804286957,0.5482938289642334,-0.09040436148643494,0,0
35,RIGHT_SHOULDER,0.3680730164051056,0.5519744753837585,0.08284146338701248,0,0
35,LEFT_ELBOW,0.3978804349899292,0.5860448479652405,-0.1763371080160141,0,0
35,RIGHT_ELBOW,0.36685484647750854,0.6207901835441589,0.10240067541599274,0,0
35,LEFT_WRIST,0.37245285511016846,0.6309981942176819,-0.24372275173664093,0,0
35,RIGHT_WRIST,0.3388316035270691,0.6743711829185486,0.06692949682474136,0,0
35,LEFT_PINKY,0.36680978536605835,0.6489587426185608,-0.2689899802207947,0,0
35,RIGHT_PINKY,0.3348809778690338,0.687790036201477,0.07139699161052704,0,0
35,LEFT_INDEX,0.362702339887619,0.6447276473045349,-0.2580965459346771,0,0
35,RIGHT_INDEX,0.3339439332485199,0.6852923631668091,0.05168478563427925,0,0
35,LEFT_THUMB,0.3634675145149231,0.6400975584983826,-0.2398739606142044,0,0
35,RIGHT_THUMB,0.3362669050693512,0.6803622841835022,0.0581556111574173,0,0
35,LEFT_HIP,0.39293569326400757,0.6780657768249512,-0.057188451290130615,0,0
35,RIGHT_HIP,0.4014889597892761,0.6753196120262146,0.05717655271291733,0,0
35,LEFT_KNEE,0.36765187978744507,0.7664896249771118,-0.06949757039546967,0,0
35,RIGHT_KNEE,0.3855631947517395,0.7461966276168823,0.12485286593437195,0,0
35,LEFT_ANKLE,0.37718716263771057,0.8769826292991638,-0.08012408763170242,0,0
35,RIGHT_ANKLE,0.3853207230567932,0.8305124640464783,0.17569278180599213,0,0
35,LEFT_HEEL,0.3854123055934906,0.8919809460639954,-0.08293555676937103,0,0
35,RIGHT_HEEL,0.3951004147529602,0.851076602935791,0.1795847862958908,0,0
35,LEFT_FOOT_INDEX,0.3496354818344116,0.9054290652275085,-0.11680950224399567,0,0
35,RIGHT_FOOT_INDEX,0.3698557913303375,0.8411471843719482,0.16552647948265076,0,0
36,NOSE,0.3549691438674927,0.5279597640037537,0.018546568229794502,0,0
36,LEFT_EYE_INNER,0.3542630970478058,0.518826961517334,0.0050095017068088055,0,0
36,LEFT_EYE,0.3540806770324707,0.5187345743179321,0.005024690646678209,0,0
36,LEFT_EYE_OUTER,0.3538176715373993,0.5186378955841064,0.0050294543616473675,0,0
36,RIGHT_EYE_INNER,0.3555792272090912,0.5173590183258057,0.02129545621573925,0,0
36,RIGHT_EYE,0.35634976625442505,0.5163691639900208,0.021299444139003754,0,0
36,RIGHT_EYE_OUTER,0.35705140233039856,0.5155513882637024,0.021255791187286377,0,0
36,LEFT_EAR,0.3565676808357239,0.5183776617050171,-0.024883054196834564,0,0
36,RIGHT_EAR,0.36130085587501526,0.5155653953552246,0.05247751623392105,0,0
36,MOUTH_LEFT,0.35748490691185,0.5331194996833801,0.009664205834269524,0,0
36,MOUTH_RIGHT,0.35884004831314087,0.5327386856079102,0.02711222507059574,0,0
36,LEFT_SHOULDER,0.37787720561027527,0.5475329756736755,-0.08813153207302094,0,0
36,RIGHT_SHOULDER,0.3709857761859894,0.5577199459075928,0.1094864159822464,0,0
36,LEFT_ELBOW,0.3961457908153534,0.5869080424308777,-0.15946267545223236,0,0
36,RIGHT_ELBOW,0.36665022373199463,0.625747561454773,0.14060039818286896,0,0
36,LEFT_WRIST,0.3787313997745514,0.6446790099143982,-0.20471486449241638,0,0
36,RIGHT_WRIST,0.340541809797287,0.6820681095123291,0.10916450619697571,0,0
36,LEFT_PINKY,0.37837955355644226,0.6655233502388,-0.2261229306459427,0,0
36,RIGHT_PINKY,0.33593353629112244,0.6955088376998901,0.11466196179389954,0,0
36,LEFT_INDEX,0.3737912178039551,0.6655449867248535,-0.22081048786640167,0,0
36,RIGHT_INDEX,0.33530715107917786,0.695310652256012,0.09576333314180374,0,0
36,LEFT_THUMB,0.3729611039161682,0.6606089472770691,-0.20171484351158142,0,0
36,RIGHT_THUMB,0.3378022611141205,0.6911890506744385,0.10027264803647995,0,0
36,LEFT_HIP,0.3953700065612793,0.6749109029769897,-0.05995453521609306,0,0
36,RIGHT_HIP,0.4022032618522644,0.6753981709480286,0.05995412915945053,0,0
36,LEFT_KNEE,0.3667683005332947,0.7625741362571716,-0.06927075982093811,0,0
36,RIGHT_KNEE,0.38596826791763306,0.7482563853263855,0.10913215577602386,0,0
36,LEFT_ANKLE,0.3762844204902649,0.8695080876350403,-0.07579731941223145,0,0
36,RIGHT_ANKLE,0.38545140624046326,0.8347240686416626,0.14762762188911438,0,0
36,LEFT_HEEL,0.38434627652168274,0.8841581344604492,-0.07625554502010345,0,0
36,RIGHT_HEEL,0.39583587646484375,0.852044403553009,0.1502564400434494,0,0
36,LEFT_FOOT_INDEX,0.3495597839355469,0.9017471671104431,-0.11007966101169586,0,0
36,RIGHT_FOOT_INDEX,0.3712753653526306,0.8425061702728271,0.13692761957645416,0,0
37,NOSE,0.35501015186309814,0.527072012424469,0.014866858720779419,0,0
37,LEFT_EYE_INNER,0.3546947240829468,0.5178998112678528,0.003981549758464098,0,0
37,LEFT_EYE,0.354604035615921,0.5176042318344116,0.003962076734751463,0,0
37,LEFT_EYE_OUTER,0.35440218448638916,0.5173295140266418,0.003966411575675011,0,0
37,RIGHT_EYE_INNER,0.355847030878067,0.5171008706092834,0.019513031467795372,0,0
37,RIGHT_EYE,0.3566074073314667,0.5163050889968872,0.01951087825000286,0,0
37,RIGHT_EYE_OUTER,0.3573170602321625,0.5153152942657471,0.019458269700407982,0,0
37,LEFT_EAR,0.3566333055496216,0.5179276466369629,-0.02689957059919834,0,0
37,RIGHT_EAR,0.3617688715457916,0.5150060057640076,0.04672268405556679,0,0
37,MOUTH_LEFT,0.35794195532798767,0.5323718190193176,0.006378791760653257,0,0
37,MOUTH_RIGHT,0.3591606020927429,0.5321398973464966,0.025757018476724625,0,0
37,LEFT_SHOULDER,0.3776147961616516,0.545157790184021,-0.08729726821184158,0,0
37,RIGHT_SHOULDER,0.37262025475502014,0.5554255843162537,0.10441487282514572,0,0
37,LEFT_ELBOW,0.3939473032951355,0.5877061486244202,-0.1455574631690979,0,0
37,RIGHT_ELBOW,0.3704282343387604,0.6220447421073914,0.13413266837596893,0,0
37,LEFT_WRIST,0.38309958577156067,0.6617984771728516,-0.17809490859508514,0,0
37,RIGHT_WRIST,0.3468681275844574,0.6738778352737427,0.10241908580064774,0,0
37,LEFT_PINKY,0.38332948088645935,0.6839215159416199,-0.19882093369960785,0,0
37,RIGHT_PINKY,0.3423074185848236,0.6881160736083984,0.10782590508460999,0,0
37,LEFT_INDEX,0.3784198462963104,0.6840055584907532,-0.19329361617565155,0,0
37,RIGHT_INDEX,0.3422129452228546,0.6880400776863098,0.08850277215242386,0,0
37,LEFT_THUMB,0.3772648572921753,0.6778846383094788,-0.17498111724853516,0,0
37,RIGHT_THUMB,0.3443583548069,0.6842742562294006,0.09354127198457718,0,0
37,LEFT_HIP,0.39524421095848083,0.6731804609298706,-0.05937706679105759,0,0
37,RIGHT_HIP,0.40269583463668823,0.6751219630241394,0.05938250198960304,0,0
37,LEFT_KNEE,0.36394166946411133,0.7615284323692322,-0.06083213910460472,0,0
37,RIGHT_KNEE,0.3872866928577423,0.7475811243057251,0.11553072929382324,0,0
37,LEFT_ANKLE,0.37369304895401,0.8661510944366455,-0.04166754335165024,0,0
37,RIGHT_ANKLE,0.38983145356178284,0.832789957523346,0.16791529953479767,0,0
37,LEFT_HEEL,0.3825916051864624,0.8790771961212158,-0.040999885648489,0,0
37,RIGHT_HEEL,0.39821287989616394,0.8493818640708923,0.17232193052768707,0,0
37,LEFT_FOOT_INDEX,0.34954890608787537,0.8994919061660767,-0.06567740440368652,0,0
37,RIGHT_FOOT_INDEX,0.3718332350254059,0.8408750891685486,0.1621658205986023,0,0
38,NOSE,0.3549063503742218,0.5266781449317932,0.005993389058858156,0,0
38,LEFT_EYE_INNER,0.35488173365592957,0.5175991654396057,-0.0040391553193330765,0,0
38,LEFT_EYE,0.3548845648765564,0.5171178579330444,-0.004064351320266724,0,0
38,LEFT_EYE_OUTER,0.35474780201911926,0.5166853070259094,-0.004055009223520756,0,0
38,RIGHT_EYE_INNER,0.35581260919570923,0.5167847871780396,0.014107617549598217,0,0
38,RIGHT_EYE,0.35652676224708557,0.5158640146255493,0.014117678627371788,0,0
38,RIGHT_EYE_OUTER,0.3571900725364685,0.5148457884788513,0.014079602435231209,0,0
38,LEFT_EAR,0.3569125235080719,0.5176286697387695,-0.03116551786661148,0,0
38,RIGHT_EAR,0.3618168234825134,0.5146389007568359,0.04398508742451668,0,0
38,MOUTH_LEFT,0.35820871591567993,0.5319623947143555,-0.0026577822864055634,0,0
38,MOUTH_RIGHT,0.3592368960380554,0.5319982171058655,0.020449552685022354,0,0
38,LEFT_SHOULDER,0.37769070267677307,0.5444175004959106,-0.09047829359769821,0,0
38,RIGHT_SHOULDER,0.37322911620140076,0.5545380711555481,0.10387050360441208,0,0
38,LEFT_ELBOW,0.3936537504196167,0.5892257690429688,-0.14812389016151428,0,0
38,RIGHT_ELBOW,0.3703639805316925,0.620814323425293,0.1357439160346985,0,0
38,LEFT_WRIST,0.3835354745388031,0.6638240814208984,-0.18405050039291382,0,0
38,RIGHT_WRIST,0.34826260805130005,0.6732624173164368,0.1072145625948906,0,0
38,LEFT_PINKY,0.3836813271045685,0.685610830783844,-0.20536907017230988,0,0
38,RIGHT_PINKY,0.34322407841682434,0.6871157884597778,0.11310732364654541,0,0
38,LEFT_INDEX,0.37879401445388794,0.686002254486084,-0.19929127395153046,0,0
38,RIGHT_INDEX,0.3431086838245392,0.6880859136581421,0.09392049163579941,0,0
38,LEFT_THUMB,0.37768858671188354,0.679987907409668,-0.18089962005615234,0,0
38,RIGHT_THUMB,0.3453517258167267,0.684654176235199,0.09836386144161224,0,0
38,LEFT_HIP,0.39546316862106323,0.6739017963409424,-0.0589686743915081,0,0
38,RIGHT_HIP,0.4031536877155304,0.6752651333808899,0.05896816775202751,0,0
38,LEFT_KNEE,0.36346933245658875,0.7605993151664734,-0.054991599172353745,0,0
38,RIGHT_KNEE,0.3876728117465973,0.7488927245140076,0.10978398472070694,0,0
38,LEFT_ANKLE,0.3733029067516327,0.8651095032691956,-0.031044917181134224,0,0
38,RIGHT_ANKLE,0.3865435719490051,0.8334061503410339,0.1603383719921112,0,0
38,LEFT_HEEL,0.38228923082351685,0.8782931566238403,-0.03016505017876625,0,0
38,RIGHT_HEEL,0.39848870038986206,0.851079523563385,0.16440722346305847,0,0
38,LEFT_FOOT_INDEX,0.3495422899723053,0.8985666036605835,-0.055246032774448395,0,0
38,RIGHT_FOOT_INDEX,0.3726893663406372,0.8416957259178162,0.1524803787469864,0,0
39,NOSE,0.3613383173942566,0.5165812969207764,0.05344078689813614,0,0
39,LEFT_EYE_INNER,0.35898593068122864,0.5098150968551636,0.037420567125082016,0,0
39,LEFT_EYE,0.358060747385025,0.5102453827857971,0.037409838289022446,0,0
39,LEFT_EYE_OUTER,0.3570687174797058,0.5107527375221252,0.0374038890004158,0,0
39,RIGHT_EYE_INNER,0.3622191846370697,0.5077319741249084,0.04851126670837402,0,0
39,RIGHT_EYE,0.36350223422050476,0.5068435668945312,0.048535630106925964,0,0
39,RIGHT_EYE_OUTER,0.36485347151756287,0.505909264087677,0.04848914220929146,0,0
39,LEFT_EAR,0.35741764307022095,0.5143781900405884,-0.015381714329123497,0,0
39,RIGHT_EAR,0.36936190724372864,0.5071741342544556,0.04075085371732712,0,0
39,MOUTH_LEFT,0.3622019588947296,0.5231996774673462,0.037034470587968826,0,0
39,MOUTH_RIGHT,0.3658568561077118,0.5214085578918457,0.05139767378568649,0,0
39,LEFT_SHOULDER,0.36446502804756165,0.5455014109611511,-0.07222755253314972,0,0
39,RIGHT_SHOULDER,0.39137446880340576,0.5395509004592896,0.06358452141284943,0,0
39,LEFT_ELBOW,0.37801796197891235,0.6004199385643005,-0.12376084178686142,0,0
39,RIGHT_ELBOW,0.40148815512657166,0.618624210357666,0.06897038966417313,0,0
39,LEFT_WRIST,0.3820734918117523,0.6758021712303162,-0.14921490848064423,0,0
39,RIGHT_WRIST,0.40495017170906067,0.6716869473457336,0.052425604313611984,0,0
39,LEFT_PINKY,0.3844175934791565,0.6935125589370728,-0.16571927070617676,0,0
39,RIGHT_PINKY,0.40852463245391846,0.6878200769424438,0.058650098741054535,0,0
39,LEFT_INDEX,0.3834092319011688,0.6948433518409729,-0.1593685895204544,0,0
39,RIGHT_INDEX,0.40577182173728943,0.6899449825286865,0.0427989587187767,0,0
39,LEFT_THUMB,0.3829379379749298,0.688176155090332,-0.14705559611320496,0,0
39,RIGHT_THUMB,0.4033988416194916,0.6851949095726013,0.04603452607989311,0,0
39,LEFT_HIP,0.3898874521255493,0.6747674345970154,-0.048417411744594574,0,0
39,RIGHT_HIP,0.40596577525138855,0.6749963164329529,0.048408184200525284,0,0
39,LEFT_KNEE,0.36527928709983826,0.7594203352928162,-0.01895788684487343,0,0
39,RIGHT_KNEE,0.3921080529689789,0.7484648823738098,0.11560941487550735,0,0
39,LEFT_ANKLE,0.3743152320384979,0.8464912176132202,0.013738024048507214,0,0
39,RIGHT_ANKLE,0.38727056980133057,0.8299210071563721,0.16990552842617035,0,0
39,LEFT_HEEL,0.3822311758995056,0.8580318093299866,0.01552130002528429,0,0
39,RIGHT_HEEL,0.39209648966789246,0.8489269018173218,0.1745336651802063,0,0
39,LEFT_FOOT_INDEX,0.3557489812374115,0.8832914233207703,-0.010227502323687077,0,0
39,RIGHT_FOOT_INDEX,0.37279459834098816,0.8423041105270386,0.15915875136852264,0,0
40,NOSE,0.36343249678611755,0.5132239460945129,0.05416450276970863,0,0
40,LEFT_EYE_INNER,0.36066946387290955,0.5076073408126831,0.03456229344010353,0,0
40,LEFT_EYE,0.3594556748867035,0.5082528591156006,0.034565795212984085,0,0
40,LEFT_EYE_OUTER,0.3581582307815552,0.5089731812477112,0.03455149009823799,0,0
40,RIGHT_EYE_INNER,0.3644600808620453,0.5050266981124878,0.04482138529419899,0,0
40,RIGHT_EYE,0.36592137813568115,0.5039556622505188,0.04480838030576706,0,0
40,RIGHT_EYE_OUTER,0.36747515201568604,0.5028589367866516,0.044759854674339294,0,0
40,LEFT_EAR,0.3574688732624054,0.5121926665306091,-0.023505566641688347,0,0
40,RIGHT_EAR,0.3720107674598694,0.503233015537262,0.01649298146367073,0,0
40,MOUTH_LEFT,0.36333274841308594,0.5193229913711548,0.03401078283786774,0,0
40,MOUTH_RIGHT,0.36764591932296753,0.5169069170951843,0.04715949669480324,0,0
40,LEFT_SHOULDER,0.36014655232429504,0.5469586849212646,-0.08059639483690262,0,0
40,RIGHT_SHOULDER,0.3977493345737457,0.5327525734901428,0.03998463228344917,0,0
40,LEFT_ELBOW,0.3709625005722046,0.6069503426551819,-0.10444757342338562,0,0
40,RIGHT_ELBOW,0.41296908259391785,0.5818362236022949,0.07651559263467789,0,0
40,LEFT_WRIST,0.37880659103393555,0.6820685267448425,-0.06935996562242508,0,0
40,RIGHT_WRIST,0.40408870577812195,0.5681354403495789,0.11224288493394852,0,0
40,LEFT_PINKY,0.38204875588417053,0.7001821398735046,-0.07433381676673889,0,0
40,RIGHT_PINKY,0.39818575978279114,0.5691724419593811,0.12647995352745056,0,0
40,LEFT_INDEX,0.3815321624279022,0.7010806798934937,-0.06913511455059052,0,0
40,RIGHT_INDEX,0.3932604491710663,0.5680847764015198,0.1199522465467453,0,0
40,LEFT_THUMB,0.3811359107494354,0.6958242058753967,-0.06576672196388245,0,0
40,RIGHT_THUMB,0.39382776618003845,0.5678876042366028,0.11064641177654266,0,0
40,LEFT_HIP,0.38833051919937134,0.6753697991371155,-0.047299858182668686,0,0
40,RIGHT_HIP,0.4076460003852844,0.6743776202201843,0.047268543392419815,0,0
40,LEFT_KNEE,0.3675197958946228,0.7600507140159607,0.009620403870940208,0,0
40,RIGHT_KNEE,0.39273887872695923,0.748020589351654,0.12092378735542297,0,0
40,LEFT_ANKLE,0.3772794008255005,0.8417365550994873,0.031159454956650734,0,0
40,RIGHT_ANKLE,0.3874579966068268,0.827919602394104,0.1557915210723877,0,0
40,LEFT_HEEL,0.38301190733909607,0.848971962928772,0.03362784534692764,0,0
40,RIGHT_HEEL,0.3904678523540497,0.8447414636611938,0.1587454378604889,0,0
40,LEFT_FOOT_INDEX,0.3613224923610687,0.8806223273277283,0.020398875698447227,0,0
40,RIGHT_FOOT_INDEX,0.37297165393829346,0.8465968370437622,0.14910146594047546,0,0
41,NOSE,0.36560192704200745,0.5116652846336365,0.053943414241075516,0,0
41,LEFT_EYE_INNER,0.36267098784446716,0.5056746006011963,0.03220726177096367,0,0
41,LEFT_EYE,0.3613682985305786,0.5063127279281616,0.03220554441213608,0,0
41,LEFT_EYE_OUTER,0.3599986732006073,0.5071004629135132,0.03218672424554825,0,0
41,RIGHT_EYE_INNER,0.3667808473110199,0.5033496618270874,0.0405740961432457,0,0
41,RIGHT_EYE,0.36835765838623047,0.5024027228355408,0.04057241603732109,0,0
41,RIGHT_EYE_OUTER,0.37006086111068726,0.5014644861221313,0.040533408522605896,0,0
41,LEFT_EAR,0.3593333959579468,0.5107172727584839,-0.03442090004682541,0,0
41,RIGHT_EAR,0.3750595450401306,0.5019111037254333,-0.002007317030802369,0,0
41,MOUTH_LEFT,0.36527785658836365,0.5179101228713989,0.03313242271542549,0,0
41,MOUTH_RIGHT,0.36992713809013367,0.5160229206085205,0.04375668615102768,0,0
41,LEFT_SHOULDER,0.3584105372428894,0.5482277870178223,-0.07877767086029053,0,0
41,RIGHT_SHOULDER,0.4021504819393158,0.5306645035743713,0.011557890102267265,0,0
41,LEFT_ELBOW,0.36655357480049133,0.6138685345649719,-0.07881324738264084,0,0
41,RIGHT_ELBOW,0.42762118577957153,0.5441298484802246,0.06460899859666824,0,0
41,LEFT_WRIST,0.37567397952079773,0.6849644184112549,-0.04292459785938263,0,0
41,RIGHT_WRIST,0.43368789553642273,0.5246469974517822,0.126851424574852,0,0
41,LEFT_PINKY,0.3774228096008301,0.7024356722831726,-0.04538337513804436,0,0
41,RIGHT_PINKY,0.4394027292728424,0.5193195939064026,0.1397983282804489,0,0
41,LEFT_INDEX,0.37719079852104187,0.7022733092308044,-0.04578041285276413,0,0
41,RIGHT_INDEX,0.4360612630844116,0.5159040689468384,0.1367018073797226,0,0
41,LEFT_THUMB,0.3772161602973938,0.6962752342224121,-0.04111948236823082,0,0
41,RIGHT_THUMB,0.43256908655166626,0.5192669630050659,0.1273190677165985,0,0
41,LEFT_HIP,0.3866737186908722,0.6756662726402283,-0.03532387316226959,0,0
41,RIGHT_HIP,0.4076066017150879,0.6744314432144165,0.03519533947110176,0,0
41,LEFT_KNEE,0.37119749188423157,0.7596153020858765,0.04308623448014259,0,0
41,RIGHT_KNEE,0.3932470977306366,0.747977077960968,0.1110481545329094,0,0
41,LEFT_ANKLE,0.3788004219532013,0.8361383676528931,0.08587145060300827,0,0
41,RIGHT_ANKLE,0.3873719871044159,0.8272119760513306,0.15141943097114563,0,0
41,LEFT_HEEL,0.38384267687797546,0.8441751599311829,0.09061555564403534,0,0
41,RIGHT_HEEL,0.3902183771133423,0.8433319330215454,0.15542630851268768,0,0
41,LEFT_FOOT_INDEX,0.36386772990226746,0.8754842281341553,0.07998247444629669,0,0
41,RIGHT_FOOT_INDEX,0.37421658635139465,0.8494700789451599,0.14372135698795319,0,0
42,NOSE,0.36665576696395874,0.5112645626068115,0.05239616706967354,0,0
42,LEFT_EYE_INNER,0.3640080690383911,0.505016028881073,0.03156280890107155,0,0
42,LEFT_EYE,0.36281079053878784,0.5055293440818787,0.03156878054141998,0,0
42,LEFT_EYE_OUTER,0.3615525960922241,0.5062229633331299,0.03154347091913223,0,0
42,RIGHT_EYE_INNER,0.36767157912254333,0.5028751492500305,0.038777172565460205,0,0
42,RIGHT_EYE,0.3690786063671112,0.5018839240074158,0.03876525163650513,0,0
42,RIGHT_EYE_OUTER,0.37055301666259766,0.5009443759918213,0.03872370347380638,0,0
42,LEFT_EAR,0.3614107072353363,0.5096344947814941,-0.03446166589856148,0,0
42,RIGHT_EAR,0.3754512667655945,0.5013365745544434,-0.004021532367914915,0,0
42,MOUTH_LEFT,0.3665081560611725,0.517390251159668,0.032842058688402176,0,0
42,MOUTH_RIGHT,0.37085437774658203,0.5157030820846558,0.04204346239566803,0,0
42,LEFT_SHOULDER,0.3582431972026825,0.5489636063575745,-0.06560216844081879,0,0
42,RIGHT_SHOULDER,0.4035005271434784,0.5262324213981628,0.0002582170127425343,0,0
42,LEFT_ELBOW,0.3633952736854553,0.6179422736167908,-0.06435593962669373,0,0
42,RIGHT_ELBOW,0.43258076906204224,0.5243409276008606,0.025151656940579414,0,0
42,LEFT_WRIST,0.36805859208106995,0.6901584267616272,-0.03597879409790039,0,0
42,RIGHT_WRIST,0.4592932164669037,0.5062088370323181,0.058242060244083405,0,0
42,LEFT_PINKY,0.3728991448879242,0.7088574767112732,-0.037393029779195786,0,0
42,RIGHT_PINKY,0.46767985820770264,0.5070429444313049,0.06407119333744049,0,0
42,LEFT_INDEX,0.3746141791343689,0.7088461518287659,-0.03823200613260269,0,0
42,RIGHT_INDEX,0.46579763293266296,0.506955623626709,0.07003448903560638,0,0
42,LEFT_THUMB,0.37445491552352905,0.7037374377250671,-0.03419926390051842,0,0
42,RIGHT_THUMB,0.46285733580589294,0.5078063011169434,0.06164649501442909,0,0
42,LEFT_HIP,0.3835007846355438,0.6757810711860657,-0.030574284493923187,0,0
42,RIGHT_HIP,0.40755853056907654,0.6742385625839233,0.03036278858780861,0,0
42,LEFT_KNEE,0.3734739422798157,0.7600321769714355,0.031600091606378555,0,0
42,RIGHT_KNEE,0.39421597123146057,0.7478316426277161,0.08799504488706589,0,0
42,LEFT_ANKLE,0.3795570433139801,0.8328580260276794,0.04813102260231972,0,0
42,RIGHT_ANKLE,0.3901910185813904,0.8319173455238342,0.10353907197713852,0,0
42,LEFT_HEEL,0.3847574293613434,0.8415001630783081,0.04989166557788849,0,0
42,RIGHT_HEEL,0.3900620639324188,0.8410377502441406,0.10493043810129166,0,0
42,LEFT_FOOT_INDEX,0.3675871193408966,0.8731827735900879,0.03463898226618767,0,0
42,RIGHT_FOOT_INDEX,0.3784742057323456,0.8520135879516602,0.08615580946207047,0,0
43,NOSE,0.369361937046051,0.5085701942443848,0.04713692143559456,0,0
43,LEFT_EYE_INNER,0.3663935661315918,0.5028887987136841,0.02704044245183468,0,0
43,LEFT_EYE,0.365092933177948,0.5034346580505371,0.027042364701628685,0,0
43,LEFT_EYE_OUTER,0.36376890540122986,0.5041487812995911,0.027014033868908882,0,0
43,RIGHT_EYE_INNER,0.37022972106933594,0.5005519390106201,0.03542100265622139,0,0
43,RIGHT_EYE,0.3716493844985962,0.4994727373123169,0.03541184589266777,0,0
43,RIGHT_EYE_OUTER,0.3731136918067932,0.49845337867736816,0.03536612540483475,0,0
43,LEFT_EAR,0.36360758543014526,0.5074546933174133,-0.03922949731349945,0,0
43,RIGHT_EAR,0.3777938485145569,0.498590886592865,-0.008499132469296455,0,0
43,MOUTH_LEFT,0.3688898980617523,0.5146492719650269,0.028174858540296555,0,0
43,MOUTH_RIGHT,0.37334612011909485,0.5126638412475586,0.03971218317747116,0,0
43,LEFT_SHOULDER,0.35870635509490967,0.5505816340446472,-0.0704246237874031,0,0
43,RIGHT_SHOULDER,0.4064047932624817,0.5224159359931946,-0.0014838639181107283,0,0
43,LEFT_ELBOW,0.35994282364845276,0.6205861568450928,-0.07621096819639206,0,0
43,RIGHT_ELBOW,0.4390011429786682,0.511314332485199,0.027274377644062042,0,0
43,LEFT_WRIST,0.358139306306839,0.6917048096656799,-0.05570965260267258,0,0
43,RIGHT_WRIST,0.46586188673973083,0.4899033010005951,0.05171160772442818,0,0
43,LEFT_PINKY,0.36023667454719543,0.7103655934333801,-0.059562161564826965,0,0
43,RIGHT_PINKY,0.47422006726264954,0.48341450095176697,0.0548131950199604,0,0
43,LEFT_INDEX,0.36163657903671265,0.7099389433860779,-0.06161823496222496,0,0
43,RIGHT_INDEX,0.47247058153152466,0.48221826553344727,0.05560724437236786,0,0
43,LEFT_THUMB,0.36270156502723694,0.7045238018035889,-0.054331764578819275,0,0
43,RIGHT_THUMB,0.46932539343833923,0.48699384927749634,0.052906617522239685,0,0
43,LEFT_HIP,0.38373276591300964,0.6760069131851196,-0.029726454988121986,0,0
43,RIGHT_HIP,0.4075237512588501,0.6739973425865173,0.02950393408536911,0,0
43,LEFT_KNEE,0.3763052821159363,0.7603413462638855,0.02981654368340969,0,0
43,RIGHT_KNEE,0.39527028799057007,0.7474230527877808,0.07498611509799957,0,0
43,LEFT_ANKLE,0.3809322416782379,0.8338543176651001,0.05005263537168503,0,0
43,RIGHT_ANKLE,0.3911602199077606,0.8355278372764587,0.0924568846821785,0,0
43,LEFT_HEEL,0.38670310378074646,0.8431008458137512,0.05188913270831108,0,0
43,RIGHT_HEEL,0.3907301723957062,0.8396437764167786,0.09385036677122116,0,0
43,LEFT_FOOT_INDEX,0.36899521946907043,0.8711373805999756,0.03138532489538193,0,0
43,RIGHT_FOOT_INDEX,0.37904706597328186,0.8544765114784241,0.06872859597206116,0,0
44,NOSE,0.37004944682121277,0.5042527914047241,0.050735391676425934,0,0
44,LEFT_EYE_INNER,0.36690887808799744,0.4992622137069702,0.030490048229694366,0,0
44,LEFT_EYE,0.3656119108200073,0.5000284910202026,0.030484551563858986,0,0
44,LEFT_EYE_OUTER,0.3642593324184418,0.500982940196991,0.03044772334396839,0,0
44,RIGHT_EYE_INNER,0.37085044384002686,0.49692264199256897,0.03639984503388405,0,0
44,RIGHT_EYE,0.3722800314426422,0.4960918724536896,0.036390673369169235,0,0
44,RIGHT_EYE_OUTER,0.37376782298088074,0.4953678846359253,0.036347854882478714,0,0
44,LEFT_EAR,0.3641127347946167,0.5055037140846252,-0.03807206451892853,0,0
44,RIGHT_EAR,0.3789915442466736,0.49666154384613037,-0.010177310556173325,0,0
44,MOUTH_LEFT,0.3693965971469879,0.5116898417472839,0.03147224336862564,0,0
44,MOUTH_RIGHT,0.37409067153930664,0.5091578960418701,0.039226073771715164,0,0
44,LEFT_SHOULDER,0.3591810464859009,0.5525643229484558,-0.0626169815659523,0,0
44,RIGHT_SHOULDER,0.40712741017341614,0.5217087268829346,-0.008653724566102028,0,0
44,LEFT_ELBOW,0.3596852719783783,0.6225379705429077,-0.05922601744532585,0,0
44,RIGHT_ELBOW,0.43847671151161194,0.5087409615516663,0.02232113480567932,0,0
44,LEFT_WRIST,0.3565572500228882,0.6921594142913818,-0.03483355790376663,0,0
44,RIGHT_WRIST,0.46694883704185486,0.4878120720386505,0.05419242009520531,0,0
44,LEFT_PINKY,0.3574700951576233,0.7103820443153381,-0.03611253574490547,0,0
44,RIGHT_PINKY,0.47461453080177307,0.48099762201309204,0.05644643306732178,0,0
44,LEFT_INDEX,0.3585437536239624,0.7096824645996094,-0.040935926139354706,0,0
44,RIGHT_INDEX,0.47273167967796326,0.4785677194595337,0.05731421336531639,0,0
44,LEFT_THUMB,0.36010318994522095,0.7043260931968689,-0.034270279109478,0,0
44,RIGHT_THUMB,0.4699932634830475,0.48384612798690796,0.05541529506444931,0,0
44,LEFT_HIP,0.38314250111579895,0.6761468648910522,-0.023058880120515823,0,0
44,RIGHT_HIP,0.4074863791465759,0.6738767027854919,0.02280629612505436,0,0
44,LEFT_KNEE,0.3774941861629486,0.7595123052597046,0.05791633576154709,0,0
44,RIGHT_KNEE,0.3959203362464905,0.7471752762794495,0.06218787655234337,0,0
44,LEFT_ANKLE,0.38125211000442505,0.8349416255950928,0.08620784431695938,0,0
44,RIGHT_ANKLE,0.391157329082489,0.8376197814941406,0.07794158905744553,0,0
44,LEFT_HEEL,0.38681361079216003,0.8439329266548157,0.0888415277004242,0,0
44,RIGHT_HEEL,0.39056724309921265,0.8390458226203918,0.07918500155210495,0,0
44,LEFT_FOOT_INDEX,0.36886340379714966,0.8709043264389038,0.07054957747459412,0,0
44,RIGHT_FOOT_INDEX,0.37886905670166016,0.8555235862731934,0.051434796303510666,0,0
45,NOSE,0.37113553285598755,0.4997188448905945,0.053614553064107895,0,0
45,LEFT_EYE_INNER,0.3681196868419647,0.49449673295021057,0.03334356099367142,0,0
45,LEFT_EYE,0.36679425835609436,0.4951648414134979,0.03333166986703873,0,0
45,LEFT_EYE_OUTER,0.36539071798324585,0.49600332975387573,0.03330294415354729,0,0
45,RIGHT_EYE_INNER,0.37224656343460083,0.49239760637283325,0.03889808431267738,0,0
45,RIGHT_EYE,0.37375491857528687,0.49160823225975037,0.038885630667209625,0,0
45,RIGHT_EYE_OUTER,0.37531858682632446,0.49091315269470215,0.0388355627655983,0,0
45,LEFT_EAR,0.36509570479393005,0.5009382963180542,-0.037098824977874756,0,0
45,RIGHT_EAR,0.3805088996887207,0.49276694655418396,-0.007917814888060093,0,0
45,MOUTH_LEFT,0.3700140118598938,0.5071671605110168,0.03389136120676994,0,0
45,MOUTH_RIGHT,0.37500858306884766,0.5048608183860779,0.040742866694927216,0,0
45,LEFT_SHOULDER,0.35926368832588196,0.5526798367500305,-0.06661536544561386,0,0
45,RIGHT_SHOULDER,0.40641850233078003,0.5220881104469299,-0.0006653302116319537,0,0
45,LEFT_ELBOW,0.35494622588157654,0.622489333152771,-0.07259784638881683,0,0
45,RIGHT_ELBOW,0.44009649753570557,0.5048566460609436,0.04217299446463585,0,0
45,LEFT_WRIST,0.34290435910224915,0.6893961429595947,-0.05332023277878761,0,0
45,RIGHT_WRIST,0.4671573042869568,0.47125816345214844,0.09483824670314789,0,0
45,LEFT_PINKY,0.33968088030815125,0.7082985043525696,-0.05630696937441826,0,0
45,RIGHT_PINKY,0.4764310419559479,0.4648624062538147,0.1000121459364891,0,0
45,LEFT_INDEX,0.33984777331352234,0.7084061503410339,-0.05912463739514351,0,0
45,RIGHT_INDEX,0.47546061873435974,0.46164461970329285,0.1020154133439064,0,0
45,LEFT_THUMB,0.3420538902282715,0.7024523019790649,-0.05195586755871773,0,0
45,RIGHT_THUMB,0.47209814190864563,0.4649394154548645,0.09741988778114319,0,0
45,LEFT_HIP,0.38320380449295044,0.6767638325691223,-0.026737021282315254,0,0
45,RIGHT_HIP,0.40745702385902405,0.6739879250526428,0.026481306180357933,0,0
45,LEFT_KNEE,0.37776926159858704,0.7596710920333862,0.05814758688211441,0,0
45,RIGHT_KNEE,0.39564111828804016,0.7497905492782593,0.0691291019320488,0,0
45,LEFT_ANKLE,0.3821435570716858,0.8322569727897644,0.10097050666809082,0,0
45,RIGHT_ANKLE,0.38762059807777405,0.8369957208633423,0.08964971452951431,0,0
45,LEFT_HEEL,0.38757580518722534,0.8420745134353638,0.10559140145778656,0,0
45,RIGHT_HEEL,0.38906773924827576,0.8443466424942017,0.09110293537378311,0,0
45,LEFT_FOOT_INDEX,0.3705221712589264,0.8684784770011902,0.09102644771337509,0,0
45,RIGHT_FOOT_INDEX,0.3747579753398895,0.8641437888145447,0.061451829969882965,0,0
46,NOSE,0.37248626351356506,0.5000032186508179,0.04949960857629776,0,0
46,LEFT_EYE_INNER,0.369529664516449,0.49451780319213867,0.03177708014845848,0,0
46,LEFT_EYE,0.36825159192085266,0.4950869381427765,0.03173990175127983,0,0
46,LEFT_EYE_OUTER,0.36691099405288696,0.49583467841148376,0.03167416900396347,0,0
46,RIGHT_EYE_INNER,0.37359756231307983,0.49273252487182617,0.03309864550828934,0,0
46,RIGHT_EYE,0.3751038908958435,0.49203869700431824,0.03308684006333351,0,0
46,RIGHT_EYE_OUTER,0.376661092042923,0.4914267659187317,0.033038292080163956,0,0
46,LEFT_EAR,0.3662945032119751,0.5004986524581909,-0.042432792484760284,0,0
46,RIGHT_EAR,0.3815748393535614,0.49318191409111023,-0.017247874289751053,0,0
46,MOUTH_LEFT,0.37129729986190796,0.5073585510253906,0.031331807374954224,0,0
46,MOUTH_RIGHT,0.37621423602104187,0.5055918097496033,0.034196339547634125,0,0
46,LEFT_SHOULDER,0.35904207825660706,0.5525729656219482,-0.075323686003685,0,0
46,RIGHT_SHOULDER,0.40674111247062683,0.5227797627449036,-0.007068966515362263,0,0
46,LEFT_ELBOW,0.35370638966560364,0.6226417422294617,-0.08343781530857086,0,0
46,RIGHT_ELBOW,0.4391095042228699,0.5034610629081726,0.042695943266153336,0,0
46,LEFT_WRIST,0.34119370579719543,0.6893278360366821,-0.0660143569111824,0,0
46,RIGHT_WRIST,0.46783724427223206,0.4711691737174988,0.09865176677703857,0,0
46,LEFT_PINKY,0.3376769423484802,0.708705484867096,-0.0706699937582016,0,0
46,RIGHT_PINKY,0.47773706912994385,0.4645158052444458,0.10452406853437424,0,0
46,LEFT_INDEX,0.33756494522094727,0.708713173866272,-0.07303787767887115,0,0
46,RIGHT_INDEX,0.4768528938293457,0.4618649482727051,0.10507316887378693,0,0
46,LEFT_THUMB,0.3397683799266815,0.7026546001434326,-0.06457451730966568,0,0
46,RIGHT_THUMB,0.4733191132545471,0.4649800956249237,0.10075995326042175,0,0
46,LEFT_HIP,0.3833424150943756,0.6774113774299622,-0.029375799000263214,0,0
46,RIGHT_HIP,0.4074423909187317,0.6743636727333069,0.029117289930582047,0,0
46,LEFT_KNEE,0.3775671720504761,0.7598475813865662,0.06730727106332779,0,0
46,RIGHT_KNEE,0.39549070596694946,0.7499499320983887,0.08223477005958557,0,0
46,LEFT_ANKLE,0.38290151953697205,0.8319529294967651,0.11668781191110611,0,0
46,RIGHT_ANKLE,0.38732004165649414,0.8326073288917542,0.11253681778907776,0,0
46,LEFT_HEEL,0.38828226923942566,0.8417689800262451,0.12216734141111374,0,0
46,RIGHT_HEEL,0.38972774147987366,0.8441846966743469,0.11475975811481476,0,0
46,LEFT_FOOT_INDEX,0.3701692223548889,0.8688408732414246,0.10683822631835938,0,0
46,RIGHT_FOOT_INDEX,0.3742300271987915,0.8633453845977783,0.09511817246675491,0,0
47,NOSE,0.3750118017196655,0.4959581792354584,0.052572302520275116,0,0
47,LEFT_EYE_INNER,0.3719879984855652,0.49048349261283875,0.032219693064689636,0,0
47,LEFT_EYE,0.37060895562171936,0.4911307394504547,0.03220352903008461,0,0
47,LEFT_EYE_OUTER,0.3691790699958801,0.4919792413711548,0.032169878482818604,0,0
47,RIGHT_EYE_INNER,0.3759987950325012,0.4886154234409332,0.03505227342247963,0,0
47,RIGHT_EYE,0.3774849474430084,0.487936407327652,0.0350450836122036,0,0
47,RIGHT_EYE_OUTER,0.37901830673217773,0.4873484969139099,0.034996744245290756,0,0
47,LEFT_EAR,0.36806854605674744,0.49740442633628845,-0.040270496159791946,0,0
47,RIGHT_EAR,0.3837115466594696,0.4899643361568451,-0.0210038460791111,0,0
47,MOUTH_LEFT,0.3740168809890747,0.503867506980896,0.03202703967690468,0,0
47,MOUTH_RIGHT,0.37866201996803284,0.5020594596862793,0.03524524345993996,0,0
47,LEFT_SHOULDER,0.35904261469841003,0.5523554682731628,-0.07518517225980759,0,0
47,RIGHT_SHOULDER,0.4076191782951355,0.5222414135932922,-0.017268914729356766,0,0
47,LEFT_ELBOW,0.35138702392578125,0.6225086450576782,-0.07652373611927032,0,0
47,RIGHT_ELBOW,0.44085514545440674,0.5021356344223022,0.029921889305114746,0,0
47,LEFT_WRIST,0.33650335669517517,0.686883270740509,-0.06199311465024948,0,0
47,RIGHT_WRIST,0.46842774748802185,0.47123509645462036,0.08833642303943634,0,0
47,LEFT_PINKY,0.33203691244125366,0.7057659029960632,-0.06716897338628769,0,0
47,RIGHT_PINKY,0.47908419370651245,0.4614163935184479,0.09477751702070236,0,0
47,LEFT_INDEX,0.3317562937736511,0.7051296830177307,-0.07054968178272247,0,0
47,RIGHT_INDEX,0.4774731993675232,0.4577977657318115,0.09078272432088852,0,0
47,LEFT_THUMB,0.3340813219547272,0.699167013168335,-0.06108001992106438,0,0
47,RIGHT_THUMB,0.47359317541122437,0.4626886546611786,0.08841453492641449,0,0
47,LEFT_HIP,0.38318878412246704,0.6774047613143921,-0.026381103321909904,0,0
47,RIGHT_HIP,0.40776994824409485,0.6740869879722595,0.026105688884854317,0,0
47,LEFT_KNEE,0.37723508477211,0.758802056312561,0.07954271882772446,0,0
47,RIGHT_KNEE,0.3962397575378418,0.749021053314209,0.09156633913516998,0,0
47,LEFT_ANKLE,0.3831144869327545,0.83254474401474,0.1546735167503357,0,0
47,RIGHT_ANKLE,0.38753777742385864,0.8292087912559509,0.14901290833950043,0,0
47,LEFT_HEEL,0.38826611638069153,0.8427922129631042,0.16289590299129486,0,0
47,RIGHT_HEEL,0.3901260793209076,0.8434867858886719,0.1542186290025711,0,0
47,LEFT_FOOT_INDEX,0.3708154559135437,0.8686447739601135,0.14860481023788452,0,0
47,RIGHT_FOOT_INDEX,0.37771549820899963,0.8610005974769592,0.1281767040491104,0,0
48,NOSE,0.3800594210624695,0.4929633140563965,0.03286953270435333,0,0
48,LEFT_EYE_INNER,0.37718668580055237,0.4864524006843567,0.012452185153961182,0,0
48,LEFT_EYE,0.375714510679245,0.4870491325855255,0.01244486216455698,0,0
48,LEFT_EYE_OUTER,0.3741972744464874,0.48782360553741455,0.01242442149668932,0,0
48,RIGHT_EYE_INNER,0.38111069798469543,0.48442772030830383,0.015025069937109947,0,0
48,RIGHT_EYE,0.38248082995414734,0.48359817266464233,0.015028800815343857,0,0
48,RIGHT_EYE_OUTER,0.3839583992958069,0.4827992618083954,0.014979098923504353,0,0
48,LEFT_EAR,0.37219828367233276,0.49304109811782837,-0.05171053484082222,0,0
48,RIGHT_EAR,0.3881416618824005,0.48503023386001587,-0.03834429755806923,0,0
48,MOUTH_LEFT,0.3791378438472748,0.5004013776779175,0.014389974996447563,0,0
48,MOUTH_RIGHT,0.3834293782711029,0.49904316663742065,0.017257167026400566,0,0
48,LEFT_SHOULDER,0.35951951146125793,0.5468556880950928,-0.08110753446817398,0,0
48,RIGHT_SHOULDER,0.40911349654197693,0.5206987857818604,-0.028361020609736443,0,0
48,LEFT_ELBOW,0.34961825609207153,0.6190032362937927,-0.08341007679700851,0,0
48,RIGHT_ELBOW,0.4372659921646118,0.5082151293754578,0.027881136164069176,0,0
48,LEFT_WRIST,0.3303547501564026,0.681149959564209,-0.07182417809963226,0,0
48,RIGHT_WRIST,0.4612397849559784,0.48162269592285156,0.09026893228292465,0,0
48,LEFT_PINKY,0.32575592398643494,0.7016049027442932,-0.07804979383945465,0,0
48,RIGHT_PINKY,0.4701828062534332,0.4792422354221344,0.09586663544178009,0,0
48,LEFT_INDEX,0.32521143555641174,0.7003398537635803,-0.07718746364116669,0,0
48,RIGHT_INDEX,0.4676901698112488,0.4745478928089142,0.09396587312221527,0,0
48,LEFT_THUMB,0.32708999514579773,0.6927289366722107,-0.06753797829151154,0,0
48,RIGHT_THUMB,0.4642353653907776,0.4765795171260834,0.09164884686470032,0,0
48,LEFT_HIP,0.38304370641708374,0.6773279905319214,-0.02521675080060959,0,0
48,RIGHT_HIP,0.4078417420387268,0.6738007068634033,0.024958623573184013,0,0
48,LEFT_KNEE,0.37698474526405334,0.7579352259635925,0.07205842435359955,0,0
48,RIGHT_KNEE,0.3980315327644348,0.7463861703872681,0.11858924478292465,0,0
48,LEFT_ANKLE,0.38391149044036865,0.8341024518013,0.1397130936384201,0,0
48,RIGHT_ANKLE,0.3876347839832306,0.8269827961921692,0.19156384468078613,0,0
48,LEFT_HEEL,0.3883163034915924,0.8451618552207947,0.1470562368631363,0,0
48,RIGHT_HEEL,0.39074116945266724,0.8415764570236206,0.19868245720863342,0,0
48,LEFT_FOOT_INDEX,0.3724461793899536,0.8646496534347534,0.13321779668331146,0,0
48,RIGHT_FOOT_INDEX,0.3801276981830597,0.8524066209793091,0.18039050698280334,0,0
49,NOSE,0.3800198435783386,0.4911697506904602,0.03400828689336777,0,0
49,LEFT_EYE_INNER,0.377117782831192,0.4846546947956085,0.013947447761893272,0,0
49,LEFT_EYE,0.3756934702396393,0.48532071709632874,0.013940243050456047,0,0
49,LEFT_EYE_OUTER,0.3741975724697113,0.48617035150527954,0.013923821970820427,0,0
49,RIGHT_EYE_INNER,0.3813546299934387,0.48246505856513977,0.01840841956436634,0,0
49,RIGHT_EYE,0.38281068205833435,0.48163315653800964,0.01841253601014614,0,0
49,RIGHT_EYE_OUTER,0.38439038395881653,0.48083433508872986,0.01837405562400818,0,0
49,LEFT_EAR,0.37277117371559143,0.49141719937324524,-0.048872772604227066,0,0
49,RIGHT_EAR,0.388789564371109,0.4831884801387787,-0.028743566945195198,0,0
49,MOUTH_LEFT,0.3791150748729706,0.49870312213897705,0.015657763928174973,0,0
49,MOUTH_RIGHT,0.3835490047931671,0.4970444142818451,0.02090730331838131,0,0
49,LEFT_SHOULDER,0.35963594913482666,0.5465450882911682,-0.08075553923845291,0,0
49,RIGHT_SHOULDER,0.4098663032054901,0.5210542678833008,-0.016165658831596375,0,0
49,LEFT_ELBOW,0.3485589623451233,0.6181658506393433,-0.08540234714746475,0,0
49,RIGHT_ELBOW,0.43712490797042847,0.5100547075271606,0.03162716329097748,0,0
49,LEFT_WRIST,0.3293267488479614,0.6789599061012268,-0.07696424424648285,0,0
49,RIGHT_WRIST,0.45964497327804565,0.4832213222980499,0.1127225011587143,0,0
49,LEFT_PINKY,0.3249029815196991,0.7002692222595215,-0.08400356024503708,0,0
49,RIGHT_PINKY,0.4688030779361725,0.48216044902801514,0.1193394586443901,0,0
49,LEFT_INDEX,0.32438352704048157,0.698431134223938,-0.08458982408046722,0,0
49,RIGHT_INDEX,0.4658730626106262,0.47689735889434814,0.11714708805084229,0,0
49,LEFT_THUMB,0.32613685727119446,0.6901949048042297,-0.07467933744192123,0,0
49,RIGHT_THUMB,0.4623454809188843,0.478327214717865,0.11403024941682816,0,0
49,LEFT_HIP,0.3827350437641144,0.6773383021354675,-0.02558121830224991,0,0
49,RIGHT_HIP,0.40784379839897156,0.6738227009773254,0.025324884802103043,0,0
49,LEFT_KNEE,0.37673184275627136,0.7580808401107788,0.0760316401720047,0,0
49,RIGHT_KNEE,0.39838966727256775,0.7462027072906494,0.12283756583929062,0,0
49,LEFT_ANKLE,0.38405758142471313,0.8337001800537109,0.15168160200119019,0,0
49,RIGHT_ANKLE,0.3879987895488739,0.8254337906837463,0.19844642281532288,0,0
49,LEFT_HEEL,0.3883708119392395,0.8457273840904236,0.15999890863895416,0,0
49,RIGHT_HEEL,0.3915497958660126,0.8405227065086365,0.20620672404766083,0,0
49,LEFT_FOOT_INDEX,0.37164247035980225,0.8637996912002563,0.14884378015995026,0,0
49,RIGHT_FOOT_INDEX,0.38122543692588806,0.8517823815345764,0.19087496399879456,0,0
50,NOSE,0.38156619668006897,0.4900217652320862,0.045348867774009705,0,0
50,LEFT_EYE_INNER,0.37875238060951233,0.4833487570285797,0.02596251852810383,0,0
50,LEFT_EYE,0.3774501383304596,0.48382115364074707,0.02593604102730751,0,0
50,LEFT_EYE_OUTER,0.37609151005744934,0.484487920999527,0.025919746607542038,0,0
50,RIGHT_EYE_INNER,0.3827436566352844,0.48154178261756897,0.02723577246069908,0,0
50,RIGHT_EYE,0.38420480489730835,0.48076188564300537,0.02725439891219139,0,0
50,RIGHT_EYE_OUTER,0.38587722182273865,0.48001131415367126,0.027187742292881012,0,0
50,LEFT_EAR,0.37537655234336853,0.4890558421611786,-0.03483705595135689,0,0
50,RIGHT_EAR,0.3908052146434784,0.48225969076156616,-0.022491363808512688,0,0
50,MOUTH_LEFT,0.3808996379375458,0.4965190887451172,0.027734102681279182,0,0
50,MOUTH_RIGHT,0.3850436806678772,0.4952419698238373,0.02885887771844864,0,0
50,LEFT_SHOULDER,0.3636411726474762,0.5410078763961792,-0.06632532924413681,0,0
50,RIGHT_SHOULDER,0.41070255637168884,0.5186793208122253,-0.017211787402629852,0,0
50,LEFT_ELBOW,0.35151034593582153,0.6037090420722961,-0.08280324190855026,0,0
50,RIGHT_ELBOW,0.4383682608604431,0.5143187046051025,0.03221184015274048,0,0
50,LEFT_WRIST,0.331772118806839,0.6554286479949951,-0.09182526171207428,0,0
50,RIGHT_WRIST,0.4590415954589844,0.49476414918899536,0.10126425325870514,0,0
50,LEFT_PINKY,0.3272356390953064,0.6689295172691345,-0.10186402499675751,0,0
50,RIGHT_PINKY,0.4685516059398651,0.49303317070007324,0.107545867562294,0,0
50,LEFT_INDEX,0.3268775939941406,0.6677252650260925,-0.10352577269077301,0,0
50,RIGHT_INDEX,0.46707868576049805,0.49290731549263,0.10552594810724258,0,0
50,LEFT_THUMB,0.32903820276260376,0.6631937623023987,-0.09131523221731186,0,0
50,RIGHT_THUMB,0.46333274245262146,0.4843443036079407,0.1026848703622818,0,0
50,LEFT_HIP,0.3828538954257965,0.6724966168403625,-0.025789838284254074,0,0
50,RIGHT_HIP,0.40792396664619446,0.6699420809745789,0.025500629097223282,0,0
50,LEFT_KNEE,0.37713566422462463,0.7547674179077148,0.06308779120445251,0,0
50,RIGHT_KNEE,0.399504154920578,0.7435268759727478,0.11823295056819916,0,0
50,LEFT_ANKLE,0.3839421570301056,0.8405269980430603,0.12336073070764542,0,0
50,RIGHT_ANKLE,0.3905373811721802,0.8227829933166504,0.18808084726333618,0,0
50,LEFT_HEEL,0.38785380125045776,0.8539807200431824,0.13005946576595306,0,0
50,RIGHT_HEEL,0.3927089273929596,0.8372607827186584,0.19504013657569885,0,0
50,LEFT_FOOT_INDEX,0.37210363149642944,0.8643659949302673,0.13441534340381622,0,0
50,RIGHT_FOOT_INDEX,0.3834543228149414,0.8447498083114624,0.17733322083950043,0,0
51,NOSE,0.3823815584182739,0.4908246695995331,0.059464335441589355,0,0
51,LEFT_EYE_INNER,0.37927815318107605,0.48410764336586,0.04102863743901253,0,0
51,LEFT_EYE,0.37792155146598816,0.4844585955142975,0.04101315885782242,0,0
51,LEFT_EYE_OUTER,0.37656527757644653,0.48494625091552734,0.04099954292178154,0,0
51,RIGHT_EYE_INNER,0.3833145797252655,0.4824548363685608,0.043101657181978226,0,0
51,RIGHT_EYE,0.3847021162509918,0.48168882727622986,0.04311514273285866,0,0
51,RIGHT_EYE_OUTER,0.3861268162727356,0.48097318410873413,0.0430416502058506,0,0
51,LEFT_EAR,0.376263290643692,0.489121675491333,-0.018710186704993248,0,0
51,RIGHT_EAR,0.39061179757118225,0.4833526015281677,-0.010829279199242592,0,0
51,MOUTH_LEFT,0.38163959980010986,0.4972788989543915,0.041665297001600266,0,0
51,MOUTH_RIGHT,0.38577091693878174,0.4960765242576599,0.04371032491326332,0,0
51,LEFT_SHOULDER,0.3657597303390503,0.5383341312408447,-0.06104269251227379,0,0
51,RIGHT_SHOULDER,0.41020381450653076,0.5196207165718079,-0.005602633114904165,0,0
51,LEFT_ELBOW,0.3528141677379608,0.5937838554382324,-0.06957627087831497,0,0
51,RIGHT_ELBOW,0.4376862943172455,0.5248898267745972,0.03561681509017944,0,0
51,LEFT_WRIST,0.33578768372535706,0.6345523595809937,-0.07045971602201462,0,0
51,RIGHT_WRIST,0.45601412653923035,0.5069106221199036,0.09647329151630402,0,0
51,LEFT_PINKY,0.3319714367389679,0.6462600231170654,-0.07994116842746735,0,0
51,RIGHT_PINKY,0.4663650393486023,0.5077375769615173,0.10221888870000839,0,0
51,LEFT_INDEX,0.3316384553909302,0.6445808410644531,-0.08063484728336334,0,0
51,RIGHT_INDEX,0.464680939912796,0.5036262273788452,0.0996970683336258,0,0
51,LEFT_THUMB,0.33350998163223267,0.6409074664115906,-0.06936205178499222,0,0
51,RIGHT_THUMB,0.46075722575187683,0.4989583194255829,0.09728594124317169,0,0
51,LEFT_HIP,0.38287732005119324,0.6693564057350159,-0.031866464763879776,0,0
51,RIGHT_HIP,0.40901631116867065,0.6665739417076111,0.031581949442625046,0,0
51,LEFT_KNEE,0.37814420461654663,0.7513654828071594,0.006679821293801069,0,0
51,RIGHT_KNEE,0.40078893303871155,0.7353150248527527,0.11709597706794739,0,0
51,LEFT_ANKLE,0.3842490613460541,0.8450754284858704,0.02726282924413681,0,0
51,RIGHT_ANKLE,0.3928110897541046,0.8146935701370239,0.18284226953983307,0,0
51,LEFT_HEEL,0.38796907663345337,0.8605925440788269,0.029142411425709724,0,0
51,RIGHT_HEEL,0.39410364627838135,0.828583836555481,0.188958078622818,0,0
51,LEFT_FOOT_INDEX,0.37022829055786133,0.865337610244751,0.004130044020712376,0,0
51,RIGHT_FOOT_INDEX,0.3838614523410797,0.8271107077598572,0.17399872839450836,0,0
52,NOSE,0.3847001791000366,0.4889344274997711,0.0824013501405716,0,0
52,LEFT_EYE_INNER,0.3818262815475464,0.4816630482673645,0.06647200137376785,0,0
52,LEFT_EYE,0.3804927468299866,0.48179197311401367,0.06646101921796799,0,0
52,LEFT_EYE_OUTER,0.37924903631210327,0.4820728302001953,0.066472128033638,0,0
52,RIGHT_EYE_INNER,0.386077344417572,0.4807007908821106,0.06592177599668503,0,0
52,RIGHT_EYE,0.387599378824234,0.4801821708679199,0.0659208744764328,0,0
52,RIGHT_EYE_OUTER,0.3891112208366394,0.47973543405532837,0.06587790697813034,0,0
52,LEFT_EAR,0.3790237307548523,0.48575958609580994,0.010801759548485279,0,0
52,RIGHT_EAR,0.39255669713020325,0.4830864667892456,0.006783784832805395,0,0
52,MOUTH_LEFT,0.383871465921402,0.49527058005332947,0.06537213176488876,0,0
52,MOUTH_RIGHT,0.38810715079307556,0.49476200342178345,0.06409871578216553,0,0
52,LEFT_SHOULDER,0.3686114549636841,0.5319734811782837,-0.012917967513203621,0,0
52,RIGHT_SHOULDER,0.4100114107131958,0.52021324634552,-0.008854834362864494,0,0
52,LEFT_ELBOW,0.35705041885375977,0.5818403363227844,0.0076599521562457085,0,0
52,RIGHT_ELBOW,0.4354178011417389,0.5402526259422302,-0.011442238464951515,0,0
52,LEFT_WRIST,0.33906733989715576,0.6164137721061707,0.03138916194438934,0,0
52,RIGHT_WRIST,0.45511767268180847,0.5255935192108154,0.0026208076160401106,0,0
52,LEFT_PINKY,0.33553585410118103,0.6273673176765442,0.033211786299943924,0,0
52,RIGHT_PINKY,0.4646010994911194,0.5230323672294617,0.003116812091320753,0,0
52,LEFT_INDEX,0.3363790214061737,0.6253713369369507,0.029616910964250565,0,0
52,RIGHT_INDEX,0.46289560198783875,0.5151830315589905,0.005896659102290869,0,0
52,LEFT_THUMB,0.33795493841171265,0.6217513084411621,0.03251020610332489,0,0
52,RIGHT_THUMB,0.4591439664363861,0.5149244070053101,0.005123733077198267,0,0
52,LEFT_HIP,0.3826679289340973,0.6657440662384033,-0.010817517526447773,0,0
52,RIGHT_HIP,0.4089978337287903,0.6615880131721497,0.010501135140657425,0,0
52,LEFT_KNEE,0.3801289200782776,0.749077320098877,0.007288587279617786,0,0
52,RIGHT_KNEE,0.40116065740585327,0.7337549328804016,0.06937795132398605,0,0
52,LEFT_ANKLE,0.384159117937088,0.8490050435066223,-0.015706418082118034,0,0
52,RIGHT_ANKLE,0.3926592469215393,0.8129221200942993,0.07414305210113525,0,0
52,LEFT_HEEL,0.3877198100090027,0.8627802729606628,-0.01937248185276985,0,0
52,RIGHT_HEEL,0.3940335214138031,0.8236168026924133,0.0744323655962944,0,0
52,LEFT_FOOT_INDEX,0.3709791898727417,0.8725077509880066,-0.046575143933296204,0,0
52,RIGHT_FOOT_INDEX,0.3834371566772461,0.8335450291633606,0.05736374482512474,0,0
53,NOSE,0.38723957538604736,0.48151153326034546,0.07895603775978088,0,0
53,LEFT_EYE_INNER,0.38478416204452515,0.4746093153953552,0.06458670645952225,0,0
53,LEFT_EYE,0.38335883617401123,0.4749961495399475,0.06459005177021027,0,0
53,LEFT_EYE_OUTER,0.3819068968296051,0.4755479097366333,0.06459791213274002,0,0
53,RIGHT_EYE_INNER,0.3889710009098053,0.4736819565296173,0.06272049993276596,0,0
53,RIGHT_EYE,0.3904227316379547,0.47339773178100586,0.06270816177129745,0,0
53,RIGHT_EYE_OUTER,0.3919982314109802,0.4731503129005432,0.06266796588897705,0,0
53,LEFT_EAR,0.3806037902832031,0.4801514148712158,0.01668083854019642,0,0
53,RIGHT_EAR,0.39474281668663025,0.4771418273448944,0.006315987091511488,0,0
53,MOUTH_LEFT,0.3859211206436157,0.4881894290447235,0.06472920626401901,0,0
53,MOUTH_RIGHT,0.3898870348930359,0.4878494143486023,0.06161603704094887,0,0
53,LEFT_SHOULDER,0.36814266443252563,0.5257567763328552,0.003615532536059618,0,0
53,RIGHT_SHOULDER,0.40952199697494507,0.5149532556533813,-0.019964508712291718,0,0
53,LEFT_ELBOW,0.36025527119636536,0.5762825012207031,0.03894992545247078,0,0
53,RIGHT_ELBOW,0.4318447709083557,0.5518365502357483,-0.04042327031493187,0,0
53,LEFT_WRIST,0.3472226560115814,0.6011641621589661,0.0777905285358429,0,0
53,RIGHT_WRIST,0.45395544171333313,0.5427497625350952,-0.04868670180439949,0,0
53,LEFT_PINKY,0.3442520201206207,0.6102569103240967,0.08266996592283249,0,0
53,RIGHT_PINKY,0.4625553786754608,0.5389072299003601,-0.05169393867254257,0,0
53,LEFT_INDEX,0.3452032804489136,0.6067894697189331,0.07906500995159149,0,0
53,RIGHT_INDEX,0.4607143700122833,0.5322597026824951,-0.04728670045733452,0,0
53,LEFT_THUMB,0.346671462059021,0.6045043468475342,0.07907865196466446,0,0
53,RIGHT_THUMB,0.4572356343269348,0.5337604284286499,-0.045806922018527985,0,0
53,LEFT_HIP,0.38275009393692017,0.6595357060432434,0.0007115457556210458,0,0
53,RIGHT_HIP,0.40897905826568604,0.656086266040802,-0.0009279704536311328,0,0
53,LEFT_KNEE,0.38108712434768677,0.7481211423873901,-0.007908400148153305,0,0
53,RIGHT_KNEE,0.4026261270046234,0.7341791391372681,0.029641835018992424,0,0
53,LEFT_ANKLE,0.384070485830307,0.8501371145248413,-0.012262921780347824,0,0
53,RIGHT_ANKLE,0.39423173666000366,0.8151357173919678,0.04878382384777069,0,0
53,LEFT_HEEL,0.386334627866745,0.8647534251213074,-0.013739779591560364,0,0
53,RIGHT_HEEL,0.3942120671272278,0.8264407515525818,0.05100473016500473,0,0
53,LEFT_FOOT_INDEX,0.37170782685279846,0.8713731169700623,-0.03770144283771515,0,0
53,RIGHT_FOOT_INDEX,0.3874593675136566,0.836476743221283,0.03520448878407478,0,0
54,NOSE,0.38885268568992615,0.48022499680519104,0.07390543818473816,0,0
54,LEFT_EYE_INNER,0.3863348364830017,0.4733744263648987,0.05943882837891579,0,0
54,LEFT_EYE,0.38497984409332275,0.47375479340553284,0.059442855417728424,0,0
54,LEFT_EYE_OUTER,0.3835690915584564,0.4742881953716278,0.0594441294670105,0,0
54,RIGHT_EYE_INNER,0.39035144448280334,0.4724014401435852,0.05772870406508446,0,0
54,RIGHT_EYE,0.39175671339035034,0.47205835580825806,0.05770905315876007,0,0
54,RIGHT_EYE_OUTER,0.39331361651420593,0.4717007279396057,0.05765942111611366,0,0
54,LEFT_EAR,0.38190221786499023,0.4793042242527008,0.011917387135326862,0,0
54,RIGHT_EAR,0.3959938883781433,0.47567230463027954,0.0032202405855059624,0,0
54,MOUTH_LEFT,0.38775697350502014,0.4873969852924347,0.059954430907964706,0,0
54,MOUTH_RIGHT,0.3916567265987396,0.4870634377002716,0.05721508711576462,0,0
54,LEFT_SHOULDER,0.3686847984790802,0.5271379351615906,-0.0035563274286687374,0,0
54,RIGHT_SHOULDER,0.40971699357032776,0.514754056930542,-0.020541779696941376,0,0
54,LEFT_ELBOW,0.36013972759246826,0.5822852849960327,0.03867052495479584,0,0
54,RIGHT_ELBOW,0.42976143956184387,0.5554346442222595,-0.03791788965463638,0,0
54,LEFT_WRIST,0.3498972952365875,0.6007038354873657,0.08990825712680817,0,0
54,RIGHT_WRIST,0.4531135857105255,0.5447341203689575,-0.041795916855335236,0,0
54,LEFT_PINKY,0.34696266055107117,0.6096107363700867,0.09489176422357559,0,0
54,RIGHT_PINKY,0.4615546464920044,0.5405965447425842,-0.044338956475257874,0,0
54,LEFT_INDEX,0.3479161858558655,0.6065289974212646,0.09116028249263763,0,0
54,RIGHT_INDEX,0.4598342478275299,0.5330512523651123,-0.040620021522045135,0,0
54,LEFT_THUMB,0.34948477149009705,0.6031952500343323,0.09117578715085983,0,0
54,RIGHT_THUMB,0.45665857195854187,0.5347286462783813,-0.03915731608867645,0,0
54,LEFT_HIP,0.3827844560146332,0.6612026691436768,-0.00463325809687376,0,0
54,RIGHT_HIP,0.4089268147945404,0.6584577560424805,0.004427346400916576,0,0
54,LEFT_KNEE,0.38117486238479614,0.7488803267478943,-0.013950198888778687,0,0
54,RIGHT_KNEE,0.4028477370738983,0.7345889806747437,0.040999796241521835,0,0
54,LEFT_ANKLE,0.3840063810348511,0.8507891297340393,-0.013246775604784489,0,0
54,RIGHT_ANKLE,0.3941698670387268,0.8205680847167969,0.06669574230909348,0,0
54,LEFT_HEEL,0.3857622742652893,0.8655944466590881,-0.014341297559440136,0,0
54,RIGHT_HEEL,0.39395496249198914,0.8374950885772705,0.06931933760643005,0,0
54,LEFT_FOOT_INDEX,0.371347039937973,0.8688184022903442,-0.03771515190601349,0,0
54,RIGHT_FOOT_INDEX,0.38670098781585693,0.8379964828491211,0.05388588830828667,0,0
55,NOSE,0.39144307374954224,0.47839418053627014,0.07321149855852127,0,0
55,LEFT_EYE_INNER,0.38875845074653625,0.4711341857910156,0.06149733066558838,0,0
55,LEFT_EYE,0.3873042166233063,0.4713866114616394,0.06151620298624039,0,0
55,LEFT_EYE_OUTER,0.38580939173698425,0.4718061685562134,0.061509501188993454,0,0
55,RIGHT_EYE_INNER,0.3926580250263214,0.4704030156135559,0.05760657787322998,0,0
55,RIGHT_EYE,0.3939806818962097,0.4700942933559418,0.05759755149483681,0,0
55,RIGHT_EYE_OUTER,0.39548492431640625,0.4697798788547516,0.05756773054599762,0,0
55,LEFT_EAR,0.38291770219802856,0.4767320454120636,0.025191254913806915,0,0
55,RIGHT_EAR,0.3974049687385559,0.47341927886009216,0.005396904423832893,0,0
55,MOUTH_LEFT,0.3896923065185547,0.4851625859737396,0.06320745497941971,0,0
55,MOUTH_RIGHT,0.3936050832271576,0.4849027395248413,0.05750870704650879,0,0
55,LEFT_SHOULDER,0.36875051259994507,0.5265421867370605,0.02013079635798931,0,0
55,RIGHT_SHOULDER,0.40925905108451843,0.5136769413948059,-0.027567880228161812,0,0
55,LEFT_ELBOW,0.3600176274776459,0.5855816006660461,0.07654281705617905,0,0
55,RIGHT_ELBOW,0.4250979423522949,0.5618456602096558,-0.06217905133962631,0,0
55,LEFT_WRIST,0.36145445704460144,0.5930793285369873,0.1430024951696396,0,0
55,RIGHT_WRIST,0.45265406370162964,0.5565057992935181,-0.09034223854541779,0,0
55,LEFT_PINKY,0.36072593927383423,0.5982071757316589,0.15183591842651367,0,0
55,RIGHT_PINKY,0.4610751271247864,0.5559249520301819,-0.09629900008440018,0,0
55,LEFT_INDEX,0.3621906340122223,0.5937159657478333,0.1478932499885559,0,0
55,RIGHT_INDEX,0.4591192901134491,0.5498290061950684,-0.09113387763500214,0,0
55,LEFT_THUMB,0.36333850026130676,0.5926060676574707,0.14431384205818176,0,0
55,RIGHT_THUMB,0.4559166729450226,0.5509247779846191,-0.08748137205839157,0,0
55,LEFT_HIP,0.3825402855873108,0.661596953868866,0.0046515497379004955,0,0
55,RIGHT_HIP,0.40857189893722534,0.6591858267784119,-0.004766574129462242,0,0
55,LEFT_KNEE,0.38118231296539307,0.7490439414978027,-0.0052421241998672485,0,0
55,RIGHT_KNEE,0.4038088023662567,0.732890784740448,0.04191923141479492,0,0
55,LEFT_ANKLE,0.38395240902900696,0.8551496267318726,-0.004576028324663639,0,0
55,RIGHT_ANKLE,0.3996857702732086,0.8135861158370972,0.07737021893262863,0,0
55,LEFT_HEEL,0.3854774832725525,0.8678367137908936,-0.005119425244629383,0,0
55,RIGHT_HEEL,0.39817026257514954,0.8277888298034668,0.0818619355559349,0,0
55,LEFT_FOOT_INDEX,0.3733350336551666,0.8672570586204529,-0.023933904245495796,0,0
55,RIGHT_FOOT_INDEX,0.3956470489501953,0.8274258375167847,0.07486143708229065,0,0
56,NOSE,0.39419153332710266,0.4767814874649048,0.07419625669717789,0,0
56,LEFT_EYE_INNER,0.39125362038612366,0.4692842364311218,0.06397728621959686,0,0
56,LEFT_EYE,0.38975459337234497,0.4694475531578064,0.06400314718484879,0,0
56,LEFT_EYE_OUTER,0.388252317905426,0.46975812315940857,0.06399434804916382,0,0
56,RIGHT_EYE_INNER,0.39546164870262146,0.4688321650028229,0.057887155562639236,0,0
56,RIGHT_EYE,0.39681920409202576,0.46862855553627014,0.0578937903046608,0,0
56,RIGHT_EYE_OUTER,0.398267537355423,0.46846622228622437,0.05786724388599396,0,0
56,LEFT_EAR,0.3849731981754303,0.47459372878074646,0.032915569841861725,0,0
56,RIGHT_EAR,0.3994908034801483,0.472377210855484,0.004540830850601196,0,0
56,MOUTH_LEFT,0.3921428620815277,0.48358413577079773,0.06667394191026688,0,0
56,MOUTH_RIGHT,0.3960496485233307,0.483511358499527,0.05816002935171127,0,0
56,LEFT_SHOULDER,0.3695419728755951,0.5244359970092773,0.0398421436548233,0,0
56,RIGHT_SHOULDER,0.40906956791877747,0.5139763951301575,-0.03909638896584511,0,0
56,LEFT_ELBOW,0.35972365736961365,0.5861800312995911,0.10570733994245529,0,0
56,RIGHT_ELBOW,0.4163300693035126,0.5715612769126892,-0.08890457451343536,0,0
56,LEFT_WRIST,0.36797890067100525,0.5908811688423157,0.16955524682998657,0,0
56,RIGHT_WRIST,0.4480174481868744,0.5772433876991272,-0.1429021805524826,0,0
56,LEFT_PINKY,0.36915960907936096,0.5955167412757874,0.17895269393920898,0,0
56,RIGHT_PINKY,0.45639997720718384,0.5817269086837769,-0.15387222170829773,0,0
56,LEFT_INDEX,0.37075427174568176,0.591833233833313,0.17220287024974823,0,0
56,RIGHT_INDEX,0.4562729299068451,0.573945164680481,-0.14945748448371887,0,0
56,LEFT_THUMB,0.3717762231826782,0.5903560519218445,0.16936834156513214,0,0
56,RIGHT_THUMB,0.45354095101356506,0.5710236430168152,-0.140676811337471,0,0
56,LEFT_HIP,0.38247883319854736,0.6607028841972351,0.01826568879187107,0,0
56,RIGHT_HIP,0.40810060501098633,0.6589775085449219,-0.018395964056253433,0,0
56,LEFT_KNEE,0.38161173462867737,0.7490573525428772,0.0039713322184979916,0,0
56,RIGHT_KNEE,0.40511226654052734,0.7331582903862,0.03856946527957916,0,0
56,LEFT_ANKLE,0.38416483998298645,0.8549520373344421,0.003610803745687008,0,0
56,RIGHT_ANKLE,0.4026120901107788,0.8154585957527161,0.0734473317861557,0,0
56,LEFT_HEEL,0.38547641038894653,0.8675111532211304,0.002921540290117264,0,0
56,RIGHT_HEEL,0.40011513233184814,0.834032416343689,0.07828424870967865,0,0
56,LEFT_FOOT_INDEX,0.37920233607292175,0.8638913631439209,-0.015129044651985168,0,0
56,RIGHT_FOOT_INDEX,0.41062217950820923,0.8209174871444702,0.07199661433696747,0,0
57,NOSE,0.3974097967147827,0.4744807481765747,0.08118917047977448,0,0
57,LEFT_EYE_INNER,0.3938964307308197,0.4663890600204468,0.07202562689781189,0,0
57,LEFT_EYE,0.3922771215438843,0.4663306176662445,0.0720537081360817,0,0
57,LEFT_EYE_OUTER,0.3907172977924347,0.46647024154663086,0.07203184068202972,0,0
57,RIGHT_EYE_INNER,0.3984051048755646,0.4665794372558594,0.0652143731713295,0,0
57,RIGHT_EYE,0.3998270034790039,0.46660420298576355,0.06523985415697098,0,0
57,RIGHT_EYE_OUTER,0.401358425617218,0.4667071998119354,0.06520675867795944,0,0
57,LEFT_EAR,0.3876902461051941,0.4708694517612457,0.04060710594058037,0,0
57,RIGHT_EAR,0.4024372398853302,0.4711036682128906,0.010713022202253342,0,0
57,MOUTH_LEFT,0.39522022008895874,0.4812983274459839,0.0738338977098465,0,0
57,MOUTH_RIGHT,0.39929887652397156,0.48183196783065796,0.06481534242630005,0,0
57,LEFT_SHOULDER,0.37186506390571594,0.5220251083374023,0.05245601013302803,0,0
57,RIGHT_SHOULDER,0.4106757938861847,0.5145313739776611,-0.03973400592803955,0,0
57,LEFT_ELBOW,0.36304277181625366,0.5838750004768372,0.12400976568460464,0,0
57,RIGHT_ELBOW,0.41480472683906555,0.5810311436653137,-0.061920166015625,0,0
57,LEFT_WRIST,0.38260790705680847,0.5914516448974609,0.19292289018630981,0,0
57,RIGHT_WRIST,0.4476836323738098,0.6049352884292603,-0.06986942887306213,0,0
57,LEFT_PINKY,0.3848634362220764,0.5932286977767944,0.20624373853206635,0,0
57,RIGHT_PINKY,0.45614391565322876,0.6139238476753235,-0.07477295398712158,0,0
57,LEFT_INDEX,0.3907918632030487,0.590004563331604,0.19767504930496216,0,0
57,RIGHT_INDEX,0.4563349187374115,0.6058573126792908,-0.07105722278356552,0,0
57,LEFT_THUMB,0.39040619134902954,0.5897260904312134,0.19165389239788055,0,0
57,RIGHT_THUMB,0.45362603664398193,0.6022467613220215,-0.06703101098537445,0,0
57,LEFT_HIP,0.3826957046985626,0.6590006351470947,0.02573593147099018,0,0
57,RIGHT_HIP,0.4081476330757141,0.6576449275016785,-0.025828149169683456,0,0
57,LEFT_KNEE,0.3819677233695984,0.7479385733604431,0.005456783343106508,0,0
57,RIGHT_KNEE,0.413754403591156,0.7338235974311829,0.02721443586051464,0,0
57,LEFT_ANKLE,0.38417965173721313,0.8545850515365601,0.01090835127979517,0,0
57,RIGHT_ANKLE,0.4125572144985199,0.8223152160644531,0.052116937935352325,0,0
57,LEFT_HEEL,0.3855041563510895,0.867553174495697,0.010508022271096706,0,0
57,RIGHT_HEEL,0.407781183719635,0.8412810564041138,0.056127797812223434,0,0
57,LEFT_FOOT_INDEX,0.38002291321754456,0.8640824556350708,-0.006523917429149151,0,0
57,RIGHT_FOOT_INDEX,0.42760318517684937,0.825676441192627,0.05194615572690964,0,0
58,NOSE,0.398230642080307,0.4744492173194885,0.07710457593202591,0,0
58,LEFT_EYE_INNER,0.39478614926338196,0.4662158489227295,0.06673432141542435,0,0
58,LEFT_EYE,0.3931817412376404,0.4661622643470764,0.06676032394170761,0,0
58,LEFT_EYE_OUTER,0.3915988504886627,0.4662962257862091,0.06674110889434814,0,0
58,RIGHT_EYE_INNER,0.39921364188194275,0.4663781225681305,0.060858406126499176,0,0
58,RIGHT_EYE,0.400546669960022,0.4664197564125061,0.060874007642269135,0,0
58,RIGHT_EYE_OUTER,0.40202441811561584,0.4665333330631256,0.060837309807538986,0,0
58,LEFT_EAR,0.3884502649307251,0.4707774817943573,0.0324622318148613,0,0
58,RIGHT_EAR,0.402957946062088,0.4708596467971802,0.007395225577056408,0,0
58,MOUTH_LEFT,0.3960358798503876,0.4812666177749634,0.06862138211727142,0,0
58,MOUTH_RIGHT,0.40001994371414185,0.48162055015563965,0.06078600510954857,0,0
58,LEFT_SHOULDER,0.3731078803539276,0.5214648842811584,0.04632686451077461,0,0
58,RIGHT_SHOULDER,0.4115426242351532,0.5150544047355652,-0.04721967875957489,0,0
58,LEFT_ELBOW,0.3644930422306061,0.5818089842796326,0.12385480105876923,0,0
58,RIGHT_ELBOW,0.4135764241218567,0.583397626876831,-0.05650847777724266,0,0
58,LEFT_WRIST,0.3806647062301636,0.5895127654075623,0.20156876742839813,0,0
58,RIGHT_WRIST,0.44651684165000916,0.6068150401115417,-0.04623894765973091,0,0
58,LEFT_PINKY,0.3829379975795746,0.5912593007087708,0.2160787731409073,0,0
58,RIGHT_PINKY,0.45535892248153687,0.6158526539802551,-0.04881317913532257,0,0
58,LEFT_INDEX,0.38859322667121887,0.5875941514968872,0.20781747996807098,0,0
58,RIGHT_INDEX,0.4562443494796753,0.6079815626144409,-0.04623455926775932,0,0
58,LEFT_THUMB,0.3887242078781128,0.5873127579689026,0.20068958401679993,0,0
58,RIGHT_THUMB,0.4535059332847595,0.6044934391975403,-0.043477073311805725,0,0
58,LEFT_HIP,0.38273656368255615,0.659648060798645,0.02823435515165329,0,0
58,RIGHT_HIP,0.40808406472206116,0.658129870891571,-0.028356196358799934,0,0
58,LEFT_KNEE,0.382476806640625,0.7476653456687927,0.0178927443921566,0,0
58,RIGHT_KNEE,0.41492795944213867,0.7341380715370178,0.025688031688332558,0,0
58,LEFT_ANKLE,0.3841579854488373,0.8545461297035217,0.012016254477202892,0,0
58,RIGHT_ANKLE,0.41378286480903625,0.8240992426872253,0.05401674285531044,0,0
58,LEFT_HEEL,0.3858077824115753,0.867291271686554,0.013523468747735023,0,0
58,RIGHT_HEEL,0.4093019366264343,0.8430665135383606,0.05853121355175972,0,0
58,LEFT_FOOT_INDEX,0.3793998658657074,0.8630908727645874,0.00579072255641222,0,0
58,RIGHT_FOOT_INDEX,0.4285213053226471,0.8264185786247253,0.056603867560625076,0,0
59,NOSE,0.3993898034095764,0.47260525822639465,0.07913792133331299,0,0
59,LEFT_EYE_INNER,0.3959590196609497,0.4642672836780548,0.06839944422245026,0,0
59,LEFT_EYE,0.39440441131591797,0.4641563296318054,0.06843038648366928,0,0
59,LEFT_EYE_OUTER,0.3928888440132141,0.46422162652015686,0.06840701401233673,0,0
59,RIGHT_EYE_INNER,0.40040919184684753,0.46471384167671204,0.062439896166324615,0,0
59,RIGHT_EYE,0.4018159508705139,0.4648744463920593,0.062468696385622025,0,0
59,RIGHT_EYE_OUTER,0.40339356660842896,0.46510428190231323,0.062433771789073944,0,0
59,LEFT_EAR,0.3896180987358093,0.468889445066452,0.03219940885901451,0,0
59,RIGHT_EAR,0.4046466648578644,0.46989578008651733,0.007052225526422262,0,0
59,MOUTH_LEFT,0.39719918370246887,0.47936388850212097,0.0702420100569725,0,0
59,MOUTH_RIGHT,0.4011739492416382,0.4799114167690277,0.06247749179601669,0,0
59,LEFT_SHOULDER,0.37393346428871155,0.5205963253974915,0.04632466658949852,0,0
59,RIGHT_SHOULDER,0.4133847653865814,0.5155092477798462,-0.046748723834753036,0,0
59,LEFT_ELBOW,0.366801381111145,0.5813891887664795,0.12553174793720245,0,0
59,RIGHT_ELBOW,0.41501584649086,0.5851000547409058,-0.04301737993955612,0,0
59,LEFT_WRIST,0.3838721811771393,0.585789680480957,0.20500285923480988,0,0
59,RIGHT_WRIST,0.44652804732322693,0.6158230304718018,-0.004018363077193499,0,0
59,LEFT_PINKY,0.38659390807151794,0.5875257253646851,0.22057856619358063,0,0
59,RIGHT_PINKY,0.4550369679927826,0.6254068613052368,-0.002702987752854824,0,0
59,LEFT_INDEX,0.39273586869239807,0.583640992641449,0.21206693351268768,0,0
59,RIGHT_INDEX,0.45627230405807495,0.6171684265136719,-0.0003317687660455704,0,0
59,LEFT_THUMB,0.39265015721321106,0.5835784077644348,0.2040485292673111,0,0
59,RIGHT_THUMB,0.45356714725494385,0.6140868663787842,-0.00040605434332974255,0,0
59,LEFT_HIP,0.3834199011325836,0.6597762107849121,0.03052097000181675,0,0
59,RIGHT_HIP,0.40840834379196167,0.6579911112785339,-0.030630342662334442,0,0
59,LEFT_KNEE,0.383964866399765,0.7474696636199951,0.026525257155299187,0,0
59,RIGHT_KNEE,0.419718474149704,0.7352387309074402,0.017407648265361786,0,0
59,LEFT_ANKLE,0.3841388523578644,0.8553791642189026,0.024905318394303322,0,0
59,RIGHT_ANKLE,0.41879209876060486,0.8326462507247925,0.035856619477272034,0,0
59,LEFT_HEEL,0.3858065903186798,0.8683030605316162,0.025382857769727707,0,0
59,RIGHT_HEEL,0.4133741557598114,0.8502364754676819,0.03935333713889122,0,0
59,LEFT_FOOT_INDEX,0.38194024562835693,0.8613055348396301,0.019041838124394417,0,0
59,RIGHT_FOOT_INDEX,0.4350261092185974,0.8303529620170593,0.037171848118305206,0,0
60,NOSE,0.4016360640525818,0.4728383421897888,0.08056320250034332,0,0
60,LEFT_EYE_INNER,0.39862504601478577,0.46464723348617554,0.07016311585903168,0,0
60,LEFT_EYE,0.3968249261379242,0.4645374119281769,0.07018602639436722,0,0
60,LEFT_EYE_OUTER,0.3950609564781189,0.46459224820137024,0.07015929371118546,0,0
60,RIGHT_EYE_INNER,0.40357959270477295,0.46505406498908997,0.06325450539588928,0,0
60,RIGHT_EYE,0.4051825702190399,0.4652206003665924,0.06328446418046951,0,0
60,RIGHT_EYE_OUTER,0.4068168103694916,0.4654669761657715,0.06323503702878952,0,0
60,LEFT_EAR,0.3919333219528198,0.46921247243881226,0.03463298827409744,0,0
60,RIGHT_EAR,0.40788131952285767,0.47043880820274353,0.005965695716440678,0,0
60,MOUTH_LEFT,0.3987334370613098,0.4796505868434906,0.07162674516439438,0,0
60,MOUTH_RIGHT,0.403360515832901,0.48020607233047485,0.06257441639900208,0,0
60,LEFT_SHOULDER,0.3753449618816376,0.5219537615776062,0.049029938876628876,0,0
60,RIGHT_SHOULDER,0.41552767157554626,0.5157576203346252,-0.05245567858219147,0,0
60,LEFT_ELBOW,0.37611228227615356,0.5777619481086731,0.1167571172118187,0,0
60,RIGHT_ELBOW,0.41541844606399536,0.58392333984375,-0.0766003429889679,0,0
60,LEFT_WRIST,0.3886489272117615,0.5868949890136719,0.18390578031539917,0,0
60,RIGHT_WRIST,0.44671979546546936,0.6260232925415039,-0.08031866699457169,0,0
60,LEFT_PINKY,0.39055463671684265,0.5903609395027161,0.19753053784370422,0,0
60,RIGHT_PINKY,0.45473816990852356,0.639984667301178,-0.08648746460676193,0,0
60,LEFT_INDEX,0.3961639702320099,0.5848661065101624,0.1901639997959137,0,0
60,RIGHT_INDEX,0.4562719166278839,0.6338328123092651,-0.08165795356035233,0,0
60,LEFT_THUMB,0.3974513113498688,0.5836970210075378,0.18306602537631989,0,0
60,RIGHT_THUMB,0.45363742113113403,0.6296691298484802,-0.07746220380067825,0,0
60,LEFT_HIP,0.3877735733985901,0.6618492007255554,0.036808911710977554,0,0
60,RIGHT_HIP,0.41370508074760437,0.659391462802887,-0.036903101950883865,0,0
60,LEFT_KNEE,0.3855249583721161,0.7477259635925293,0.043192844837903976,0,0
60,RIGHT_KNEE,0.43236589431762695,0.7356889843940735,0.015807896852493286,0,0
60,LEFT_ANKLE,0.3841257691383362,0.8557349443435669,0.056091468781232834,0,0
60,RIGHT_ANKLE,0.43162858486175537,0.839770495891571,0.04761819913983345,0,0
60,LEFT_HEEL,0.3852938115596771,0.8691648840904236,0.05736427754163742,0,0
60,RIGHT_HEEL,0.42569854855537415,0.85711669921875,0.051857493817806244,0,0
60,LEFT_FOOT_INDEX,0.38081854581832886,0.8618540167808533,0.04837740585207939,0,0
60,RIGHT_FOOT_INDEX,0.45435959100723267,0.8450119495391846,0.0486752949655056,0,0
61,NOSE,0.40058788657188416,0.47290170192718506,0.08474590629339218,0,0
61,LEFT_EYE_INNER,0.3977936804294586,0.46467292308807373,0.07405562698841095,0,0
61,LEFT_EYE,0.3960886001586914,0.46458524465560913,0.07407660037279129,0,0
61,LEFT_EYE_OUTER,0.39432719349861145,0.4646618068218231,0.07404792308807373,0,0
61,RIGHT_EYE_INNER,0.4026936888694763,0.4649811387062073,0.06717841327190399,0,0
61,RIGHT_EYE,0.4043028652667999,0.46512606739997864,0.06721019744873047,0,0
61,RIGHT_EYE_OUTER,0.40603262186050415,0.4653693735599518,0.06715395301580429,0,0
61,LEFT_EAR,0.39139997959136963,0.469317764043808,0.0372728556394577,0,0
61,RIGHT_EAR,0.4075659513473511,0.4705161452293396,0.007322059478610754,0,0
61,MOUTH_LEFT,0.397822767496109,0.4795680344104767,0.07539479434490204,0,0
61,MOUTH_RIGHT,0.40258270502090454,0.4801374077796936,0.06633593142032623,0,0
61,LEFT_SHOULDER,0.3757106363773346,0.5221339464187622,0.05097372829914093,0,0
61,RIGHT_SHOULDER,0.4163273274898529,0.5159554481506348,-0.050595205277204514,0,0
61,LEFT_ELBOW,0.37762805819511414,0.5730756521224976,0.11459607630968094,0,0
61,RIGHT_ELBOW,0.4164859354496002,0.584753692150116,-0.07606006413698196,0,0
61,LEFT_WRIST,0.3891603648662567,0.5802597403526306,0.1743677705526352,0,0
61,RIGHT_WRIST,0.4465166926383972,0.6263169050216675,-0.08090544492006302,0,0
61,LEFT_PINKY,0.3909277021884918,0.5830612182617188,0.18676641583442688,0,0
61,RIGHT_PINKY,0.454450786113739,0.6414359211921692,-0.08730925619602203,0,0
61,LEFT_INDEX,0.39670854806900024,0.576801061630249,0.17925772070884705,0,0
61,RIGHT_INDEX,0.4562733471393585,0.6347969770431519,-0.08241445571184158,0,0
61,LEFT_THUMB,0.3982029855251312,0.5756807923316956,0.17315253615379333,0,0
61,RIGHT_THUMB,0.4536333382129669,0.6305999159812927,-0.07810437679290771,0,0
61,LEFT_HIP,0.38886213302612305,0.6626688241958618,0.03718042001128197,0,0
61,RIGHT_HIP,0.4145651161670685,0.6598674058914185,-0.03727389872074127,0,0
61,LEFT_KNEE,0.38647526502609253,0.7478185296058655,0.04123815521597862,0,0
61,RIGHT_KNEE,0.4333098530769348,0.7357315421104431,0.016458841040730476,0,0
61,LEFT_ANKLE,0.38409265875816345,0.8559918403625488,0.05307367816567421,0,0
61,RIGHT_ANKLE,0.43274083733558655,0.8401177525520325,0.05087000131607056,0,0
61,LEFT_HEEL,0.3849065601825714,0.8695284128189087,0.05404907464981079,0,0
61,RIGHT_HEEL,0.42778533697128296,0.8571338653564453,0.05527157336473465,0,0
61,LEFT_FOOT_INDEX,0.38108256459236145,0.8620617389678955,0.042762819677591324,0,0
61,RIGHT_FOOT_INDEX,0.4554510712623596,0.8481370806694031,0.05206204578280449,0,0
62,NOSE,0.40168267488479614,0.47297435998916626,0.10928566008806229,0,0
62,LEFT_EYE_INNER,0.39928707480430603,0.4651677906513214,0.09407321363687515,0,0
62,LEFT_EYE,0.39760103821754456,0.46510323882102966,0.09409499168395996,0,0
62,LEFT_EYE_OUTER,0.39595821499824524,0.4651630222797394,0.09407998621463776,0,0
62,RIGHT_EYE_INNER,0.4044516384601593,0.46537652611732483,0.09095557779073715,0,0
62,RIGHT_EYE,0.40634721517562866,0.46552032232284546,0.09098511189222336,0,0
62,RIGHT_EYE_OUTER,0.40823081135749817,0.4657660126686096,0.09092244505882263,0,0
62,LEFT_EAR,0.39430472254753113,0.46959295868873596,0.03943322226405144,0,0
62,RIGHT_EAR,0.41037723422050476,0.47082221508026123,0.025154849514365196,0,0
62,MOUTH_LEFT,0.3990362584590912,0.4797467887401581,0.09334805607795715,0,0
62,MOUTH_RIGHT,0.40400412678718567,0.48051565885543823,0.08909444510936737,0,0
62,LEFT_SHOULDER,0.3776201605796814,0.5220560431480408,0.04008438438177109,0,0
62,RIGHT_SHOULDER,0.423427015542984,0.5170477032661438,-0.02414567954838276,0,0
62,LEFT_ELBOW,0.37874338030815125,0.5755162835121155,0.10359501838684082,0,0
62,RIGHT_ELBOW,0.4273913502693176,0.5891085267066956,-0.009425939992070198,0,0
62,LEFT_WRIST,0.39470478892326355,0.5783904790878296,0.17195956408977509,0,0
62,RIGHT_WRIST,0.4459697902202606,0.6344221234321594,0.028526948764920235,0,0
62,LEFT_PINKY,0.3970664143562317,0.5785547494888306,0.18402595818042755,0,0
62,RIGHT_PINKY,0.451528400182724,0.6487857103347778,0.031733281910419464,0,0
62,LEFT_INDEX,0.4036794602870941,0.5735164284706116,0.17977681756019592,0,0
62,RIGHT_INDEX,0.45166194438934326,0.6455113887786865,0.0321752093732357,0,0
62,LEFT_THUMB,0.40461838245391846,0.5733618140220642,0.17217884957790375,0,0
62,RIGHT_THUMB,0.44895410537719727,0.6405268907546997,0.03068935126066208,0,0
62,LEFT_HIP,0.3909810185432434,0.6630849838256836,0.027885735034942627,0,0
62,RIGHT_HIP,0.4188709855079651,0.6601982116699219,-0.028031080961227417,0,0
62,LEFT_KNEE,0.3863574266433716,0.7490249276161194,0.012915318831801414,0,0
62,RIGHT_KNEE,0.4398920238018036,0.739576518535614,0.01816968247294426,0,0
62,LEFT_ANKLE,0.38399675488471985,0.8566703796386719,0.011528775095939636,0,0
62,RIGHT_ANKLE,0.44592398405075073,0.847034752368927,0.029685435816645622,0,0
62,LEFT_HEEL,0.38492536544799805,0.8704193830490112,0.011500833556056023,0,0
62,RIGHT_HEEL,0.44135379791259766,0.8617905974388123,0.03139360249042511,0,0
62,LEFT_FOOT_INDEX,0.37815728783607483,0.8628858327865601,-0.003173377364873886,0,0
62,RIGHT_FOOT_INDEX,0.4624105393886566,0.8682892322540283,0.022948237136006355,0,0
63,NOSE,0.4022215008735657,0.47360503673553467,0.11320855468511581,0,0
63,LEFT_EYE_INNER,0.3998384177684784,0.4658043384552002,0.09848295152187347,0,0
63,LEFT_EYE,0.39812928438186646,0.465751051902771,0.09849965572357178,0,0
63,LEFT_EYE_OUTER,0.3963932693004608,0.4658253490924835,0.09847978502511978,0,0
63,RIGHT_EYE_INNER,0.40525615215301514,0.4659421145915985,0.09504292160272598,0,0
63,RIGHT_EYE,0.40723487734794617,0.46604520082473755,0.0950770229101181,0,0
63,RIGHT_EYE_OUTER,0.40927764773368835,0.4662420153617859,0.09501735866069794,0,0
63,LEFT_EAR,0.3946617841720581,0.47013184428215027,0.04438288137316704,0,0
63,RIGHT_EAR,0.41105520725250244,0.4711221754550934,0.02921762317419052,0,0
63,MOUTH_LEFT,0.3993918299674988,0.4803280234336853,0.09762715548276901,0,0
63,MOUTH_RIGHT,0.40457671880722046,0.48102760314941406,0.09298025816679001,0,0
63,LEFT_SHOULDER,0.3778849244117737,0.5221307873725891,0.042836301028728485,0,0
63,RIGHT_SHOULDER,0.42518317699432373,0.5187792181968689,-0.017920611426234245,0,0
63,LEFT_ELBOW,0.38123172521591187,0.5770086646080017,0.1007973849773407,0,0
63,RIGHT_ELBOW,0.4318169355392456,0.591673731803894,-0.0043911412358284,0,0
63,LEFT_WRIST,0.39908817410469055,0.5837920308113098,0.16029085218906403,0,0
63,RIGHT_WRIST,0.446063369512558,0.6372518539428711,0.03693808615207672,0,0
63,LEFT_PINKY,0.40201547741889954,0.5856115221977234,0.17099295556545258,0,0
63,RIGHT_PINKY,0.45191049575805664,0.6507030725479126,0.03969268128275871,0,0
63,LEFT_INDEX,0.40833523869514465,0.5810238718986511,0.16598838567733765,0,0
63,RIGHT_INDEX,0.451744943857193,0.6473917365074158,0.04127006605267525,0,0
63,LEFT_THUMB,0.409067839384079,0.5804041624069214,0.15995046496391296,0,0
63,RIGHT_THUMB,0.4489472806453705,0.6427669525146484,0.03947550803422928,0,0
63,LEFT_HIP,0.3920923173427582,0.663129448890686,0.02390475757420063,0,0
63,RIGHT_HIP,0.420151025056839,0.6602509617805481,-0.024039248004555702,0,0
63,LEFT_KNEE,0.38643649220466614,0.7501816153526306,0.014092518948018551,0,0
63,RIGHT_KNEE,0.44100508093833923,0.7415211200714111,0.015292572788894176,0,0
63,LEFT_ANKLE,0.38398754596710205,0.8569409847259521,0.019100259989500046,0,0
63,RIGHT_ANKLE,0.447508305311203,0.8491852283477783,0.03039546124637127,0,0
63,LEFT_HEEL,0.38495519757270813,0.8709989786148071,0.019554229453206062,0,0
63,RIGHT_HEEL,0.4429798424243927,0.8634863495826721,0.032517027109861374,0,0
63,LEFT_FOOT_INDEX,0.3770865499973297,0.8629449605941772,0.005052330903708935,0,0
63,RIGHT_FOOT_INDEX,0.46372705698013306,0.8707162737846375,0.024531880393624306,0,0
64,NOSE,0.4045183062553406,0.4740584194660187,0.13568970561027527,0,0
64,LEFT_EYE_INNER,0.4024580121040344,0.46609818935394287,0.1156662330031395,0,0
64,LEFT_EYE,0.4009326696395874,0.46604183316230774,0.11566625535488129,0,0
64,LEFT_EYE_OUTER,0.3994157612323761,0.4660692811012268,0.11564555764198303,0,0
64,RIGHT_EYE_INNER,0.4074198007583618,0.4662664532661438,0.11628802120685577,0,0
64,RIGHT_EYE,0.4093376398086548,0.4664517343044281,0.11631245911121368,0,0
64,RIGHT_EYE_OUTER,0.41132882237434387,0.46670830249786377,0.11625782400369644,0,0
64,LEFT_EAR,0.3985735774040222,0.47037360072135925,0.04529422149062157,0,0
64,RIGHT_EAR,0.4145165681838989,0.47205641865730286,0.04736296087503433,0,0
64,MOUTH_LEFT,0.40240344405174255,0.4813902676105499,0.11418812721967697,0,0
64,MOUTH_RIGHT,0.40720638632774353,0.48238834738731384,0.11477030813694,0,0
64,LEFT_SHOULDER,0.3831995725631714,0.5223181247711182,0.025725191459059715,0,0
64,RIGHT_SHOULDER,0.43426084518432617,0.5227712988853455,0.004838281311094761,0,0
64,LEFT_ELBOW,0.3871127665042877,0.5802159309387207,0.02502940408885479,0,0
64,RIGHT_ELBOW,0.44024282693862915,0.6001225709915161,-0.010618616826832294,0,0
64,LEFT_WRIST,0.4046008288860321,0.5862966179847717,0.035815898329019547,0,0
64,RIGHT_WRIST,0.443986713886261,0.6480546593666077,-0.011585109867155552,0,0
64,LEFT_PINKY,0.4079991579055786,0.590787947177887,0.034747276455163956,0,0
64,RIGHT_PINKY,0.443875253200531,0.6597535014152527,-0.017176197841763496,0,0
64,LEFT_INDEX,0.41453903913497925,0.5853252410888672,0.032377202063798904,0,0
64,RIGHT_INDEX,0.4427183270454407,0.6563540697097778,-0.018632734194397926,0,0
64,LEFT_THUMB,0.4153921902179718,0.5826519727706909,0.03466222435235977,0,0
64,RIGHT_THUMB,0.4416257441043854,0.6519519090652466,-0.01399323996156454,0,0
64,LEFT_HIP,0.3957325220108032,0.6662152409553528,0.009178088046610355,0,0
64,RIGHT_HIP,0.42559003829956055,0.6643890142440796,-0.009169849567115307,0,0
64,LEFT_KNEE,0.3865956962108612,0.7522295713424683,0.006577850319445133,0,0
64,RIGHT_KNEE,0.44470158219337463,0.7514373064041138,0.021335365250706673,0,0
64,LEFT_ANKLE,0.38397160172462463,0.8577769994735718,0.015913989394903183,0,0
64,RIGHT_ANKLE,0.45687228441238403,0.8564965128898621,0.03506442531943321,0,0
64,LEFT_HEEL,0.38522210717201233,0.8717604875564575,0.01662817783653736,0,0
64,RIGHT_HEEL,0.45465052127838135,0.8701267838478088,0.03629644587635994,0,0
64,LEFT_FOOT_INDEX,0.3750988245010376,0.8631056547164917,-0.002090773545205593,0,0
64,RIGHT_FOOT_INDEX,0.466443806886673,0.8850758075714111,0.020756935700774193,0,0
65,NOSE,0.4070184826850891,0.4779883027076721,0.13948915898799896,0,0
65,LEFT_EYE_INNER,0.40508219599723816,0.47038736939430237,0.11824806779623032,0,0
65,LEFT_EYE,0.4036438763141632,0.4702785611152649,0.11824917048215866,0,0
65,LEFT_EYE_OUTER,0.40223929286003113,0.47022294998168945,0.11822584271430969,0,0
65,RIGHT_EYE_INNER,0.4097297787666321,0.4706728756427765,0.1219036877155304,0,0
65,RIGHT_EYE,0.4116358757019043,0.47084563970565796,0.12192592769861221,0,0
65,RIGHT_EYE_OUTER,0.41361674666404724,0.47104865312576294,0.1218801811337471,0,0
65,LEFT_EAR,0.40184304118156433,0.4744992256164551,0.04574877768754959,0,0
65,RIGHT_EAR,0.417547345161438,0.4763674736022949,0.061191625893116,0,0
65,MOUTH_LEFT,0.4054638147354126,0.48503655195236206,0.11758501827716827,0,0
65,MOUTH_RIGHT,0.40985503792762756,0.4862516522407532,0.1219526082277298,0,0
65,LEFT_SHOULDER,0.38736492395401,0.5256910920143127,0.012009358033537865,0,0
65,RIGHT_SHOULDER,0.4400491416454315,0.5283276438713074,0.03121744841337204,0,0
65,LEFT_ELBOW,0.3874797523021698,0.5931512713432312,0.036890700459480286,0,0
65,RIGHT_ELBOW,0.44650188088417053,0.6094287037849426,0.04417363926768303,0,0
65,LEFT_WRIST,0.4028264582157135,0.6083100438117981,0.09421730786561966,0,0
65,RIGHT_WRIST,0.43595653772354126,0.6387391090393066,0.07185903936624527,0,0
65,LEFT_PINKY,0.4063928425312042,0.6158888936042786,0.10023175179958344,0,0
65,RIGHT_PINKY,0.43262845277786255,0.6531039476394653,0.07617273181676865,0,0
65,LEFT_INDEX,0.41238194704055786,0.6105404496192932,0.09429387003183365,0,0
65,RIGHT_INDEX,0.42858996987342834,0.6446358561515808,0.07537079602479935,0,0
65,LEFT_THUMB,0.41285669803619385,0.6067713499069214,0.09348341077566147,0,0
65,RIGHT_THUMB,0.42912542819976807,0.6403115391731262,0.07171591371297836,0,0
65,LEFT_HIP,0.398007333278656,0.6693924069404602,-0.0016951895086094737,0,0
65,RIGHT_HIP,0.4289034903049469,0.6686196327209473,0.0017131210770457983,0,0
65,LEFT_KNEE,0.38650912046432495,0.7533683776855469,0.0107863275334239,0,0
65,RIGHT_KNEE,0.446641743183136,0.7579343318939209,0.024153513833880424,0,0
65,LEFT_ANKLE,0.3838823735713959,0.8583747148513794,0.01674085296690464,0,0
65,RIGHT_ANKLE,0.4597756266593933,0.8652362823486328,0.02067386731505394,0,0
65,LEFT_HEEL,0.3854421079158783,0.8727338314056396,0.021180100739002228,0,0
65,RIGHT_HEEL,0.4579329490661621,0.8817847371101379,0.02023099549114704,0,0
65,LEFT_FOOT_INDEX,0.3740396797657013,0.8633467555046082,0.015565762296319008,0,0
65,RIGHT_FOOT_INDEX,0.46628549695014954,0.8863102197647095,0.010609498247504234,0,0
66,NOSE,0.4098964035511017,0.4819238781929016,0.12391655147075653,0,0
66,LEFT_EYE_INNER,0.4084029793739319,0.4746185839176178,0.10375218838453293,0,0
66,LEFT_EYE,0.40705934166908264,0.47464442253112793,0.10375969856977463,0,0
66,LEFT_EYE_OUTER,0.40563473105430603,0.47477903962135315,0.10373739898204803,0,0
66,RIGHT_EYE_INNER,0.4127146601676941,0.47458750009536743,0.10639412701129913,0,0
66,RIGHT_EYE,0.41442689299583435,0.4746379852294922,0.10641755163669586,0,0
66,RIGHT_EYE_OUTER,0.41633933782577515,0.47468340396881104,0.10636713355779648,0,0
66,LEFT_EAR,0.4048786461353302,0.47984230518341064,0.037264131009578705,0,0
66,RIGHT_EAR,0.42026472091674805,0.47996798157691956,0.04703988879919052,0,0
66,MOUTH_LEFT,0.4082137942314148,0.48925837874412537,0.1037147268652916,0,0
66,MOUTH_RIGHT,0.41259363293647766,0.4899258613586426,0.1068568155169487,0,0
66,LEFT_SHOULDER,0.39063015580177307,0.5333924889564514,0.003497274126857519,0,0
66,RIGHT_SHOULDER,0.44381317496299744,0.5325537919998169,0.017521018162369728,0,0
66,LEFT_ELBOW,0.38921430706977844,0.605183482170105,0.049929168075323105,0,0
66,RIGHT_ELBOW,0.4511494040489197,0.613110363483429,0.06304390728473663,0,0
66,LEFT_WRIST,0.4062775671482086,0.609292209148407,0.13986462354660034,0,0
66,RIGHT_WRIST,0.4367310702800751,0.6319057941436768,0.14443106949329376,0,0
66,LEFT_PINKY,0.4091305732727051,0.6221104860305786,0.15221913158893585,0,0
66,RIGHT_PINKY,0.4331261217594147,0.6424058675765991,0.15696518123149872,0,0
66,LEFT_INDEX,0.41452160477638245,0.6166795492172241,0.15096977353096008,0,0
66,RIGHT_INDEX,0.4291655719280243,0.6361174583435059,0.15669912099838257,0,0
66,LEFT_THUMB,0.41501036286354065,0.6135833263397217,0.14198313653469086,0,0
66,RIGHT_THUMB,0.42919495701789856,0.632191002368927,0.14627842605113983,0,0
66,LEFT_HIP,0.4002392590045929,0.675273060798645,0.0009535594726912677,0,0
66,RIGHT_HIP,0.4321434795856476,0.6746793389320374,-0.0009937766008079052,0,0
66,LEFT_KNEE,0.38641291856765747,0.75462806224823,0.03395296260714531,0,0
66,RIGHT_KNEE,0.4483392536640167,0.7631429433822632,0.03624439239501953,0,0
66,LEFT_ANKLE,0.3828955590724945,0.8582470417022705,0.06071607768535614,0,0
66,RIGHT_ANKLE,0.4584878981113434,0.8727383613586426,0.03231951966881752,0,0
66,LEFT_HEEL,0.38448408246040344,0.8726587891578674,0.06531714648008347,0,0
66,RIGHT_HEEL,0.45702680945396423,0.8920339345932007,0.03491499647498131,0,0
66,LEFT_FOOT_INDEX,0.3750617206096649,0.8632369041442871,0.06957361847162247,0,0
66,RIGHT_FOOT_INDEX,0.46546223759651184,0.8843807578086853,0.03260079398751259,0,0
67,NOSE,0.41092798113822937,0.4842906892299652,0.13221986591815948,0,0
67,LEFT_EYE_INNER,0.40933677554130554,0.47728049755096436,0.11116593331098557,0,0
67,LEFT_EYE,0.40793418884277344,0.4773825705051422,0.11117537319660187,0,0
67,LEFT_EYE_OUTER,0.40651118755340576,0.47758862376213074,0.11114397644996643,0,0
67,RIGHT_EYE_INNER,0.41370731592178345,0.47696658968925476,0.11499755084514618,0,0
67,RIGHT_EYE,0.4153583347797394,0.4768773317337036,0.11501821875572205,0,0
67,RIGHT_EYE_OUTER,0.41718894243240356,0.476821631193161,0.11496924608945847,0,0
67,LEFT_EAR,0.40596428513526917,0.48229551315307617,0.038035858422517776,0,0
67,RIGHT_EAR,0.42138755321502686,0.4816570580005646,0.05358258634805679,0,0
67,MOUTH_LEFT,0.4091958701610565,0.49134957790374756,0.1096356213092804,0,0
67,MOUTH_RIGHT,0.4137897193431854,0.49168333411216736,0.11414860188961029,0,0
67,LEFT_SHOULDER,0.39182016253471375,0.5352555513381958,0.005037993658334017,0,0
67,RIGHT_SHOULDER,0.4460161626338959,0.5338459610939026,0.02619248442351818,0,0
67,LEFT_ELBOW,0.38875719904899597,0.6071961522102356,0.054608460515737534,0,0
67,RIGHT_ELBOW,0.45037034153938293,0.6141894459724426,0.07451499253511429,0,0
67,LEFT_WRIST,0.40520307421684265,0.6141469478607178,0.15312212705612183,0,0
67,RIGHT_WRIST,0.43676358461380005,0.627668559551239,0.15620984137058258,0,0
67,LEFT_PINKY,0.4084319770336151,0.6203224062919617,0.16529642045497894,0,0
67,RIGHT_PINKY,0.43324336409568787,0.6388521194458008,0.16990545392036438,0,0
67,LEFT_INDEX,0.41385430097579956,0.6143563389778137,0.1650179922580719,0,0
67,RIGHT_INDEX,0.42931631207466125,0.6325445771217346,0.16951148211956024,0,0
67,LEFT_THUMB,0.4143345057964325,0.6119325757026672,0.15559954941272736,0,0
67,RIGHT_THUMB,0.4292496144771576,0.6286294460296631,0.15793593227863312,0,0
67,LEFT_HIP,0.4012875258922577,0.6755626797676086,-0.0018615064909681678,0,0
67,RIGHT_HIP,0.4329647123813629,0.6750129461288452,0.0018154856516048312,0,0
67,LEFT_KNEE,0.3862958252429962,0.7552879452705383,0.030493775382637978,0,0
67,RIGHT_KNEE,0.4493367373943329,0.7657140493392944,0.0414532870054245,0,0
67,LEFT_ANKLE,0.38267865777015686,0.8581039905548096,0.058772020041942596,0,0
67,RIGHT_ANKLE,0.458170622587204,0.8732777833938599,0.03108108602464199,0,0
67,LEFT_HEEL,0.38406217098236084,0.8724558353424072,0.06484537571668625,0,0
67,RIGHT_HEEL,0.4569830298423767,0.8925309181213379,0.031151454895734787,0,0
67,LEFT_FOOT_INDEX,0.37505975365638733,0.8656336665153503,0.04264390096068382,0,0
67,RIGHT_FOOT_INDEX,0.463928759098053,0.8853742480278015,0.029828835278749466,0,0
68,NOSE,0.4120870530605316,0.4907074570655823,0.12226217240095139,0,0
68,LEFT_EYE_INNER,0.41067570447921753,0.48323747515678406,0.1063382551074028,0,0
68,LEFT_EYE,0.40938976407051086,0.48329439759254456,0.10636759549379349,0,0
68,LEFT_EYE_OUTER,0.4081208407878876,0.483426570892334,0.10634610801935196,0,0
68,RIGHT_EYE_INNER,0.415041983127594,0.48281747102737427,0.10505403578281403,0,0
68,RIGHT_EYE,0.41674235463142395,0.4826503098011017,0.10507364571094513,0,0
68,RIGHT_EYE_OUTER,0.41859129071235657,0.4825075566768646,0.10502441972494125,0,0
68,LEFT_EAR,0.40819910168647766,0.4877917170524597,0.027617957442998886,0,0
68,RIGHT_EAR,0.42367440462112427,0.4867422580718994,0.048840440809726715,0,0
68,MOUTH_LEFT,0.4105866253376007,0.49747490882873535,0.10652415454387665,0,0
68,MOUTH_RIGHT,0.4151875376701355,0.497526615858078,0.10474276542663574,0,0
68,LEFT_SHOULDER,0.39555007219314575,0.5396620035171509,-0.008175362832844257,0,0
68,RIGHT_SHOULDER,0.4502619206905365,0.5396426320075989,0.02794315479695797,0,0
68,LEFT_ELBOW,0.3931906521320343,0.6123574376106262,0.043793726712465286,0,0
68,RIGHT_ELBOW,0.4566706717014313,0.6184846758842468,0.07711897045373917,0,0
68,LEFT_WRIST,0.4111660122871399,0.6143755316734314,0.1462278813123703,0,0
68,RIGHT_WRIST,0.4377405047416687,0.6263497471809387,0.15787498652935028,0,0
68,LEFT_PINKY,0.4126327633857727,0.6240671873092651,0.15733219683170319,0,0
68,RIGHT_PINKY,0.43405798077583313,0.6364316940307617,0.17087221145629883,0,0
68,LEFT_INDEX,0.41732266545295715,0.6183352470397949,0.156487837433815,0,0
68,RIGHT_INDEX,0.42985114455223083,0.6299865245819092,0.16973060369491577,0,0
68,LEFT_THUMB,0.41796353459358215,0.616163432598114,0.148568257689476,0,0
68,RIGHT_THUMB,0.4300171136856079,0.6262155771255493,0.15915481746196747,0,0
68,LEFT_HIP,0.4051111340522766,0.6792442798614502,-0.0054307421669363976,0,0
68,RIGHT_HIP,0.4383941888809204,0.6801518797874451,0.0053588468581438065,0,0
68,LEFT_KNEE,0.38621869683265686,0.7562048435211182,0.029350193217396736,0,0
68,RIGHT_KNEE,0.4501599967479706,0.7725259065628052,0.04122249409556389,0,0
68,LEFT_ANKLE,0.3793478012084961,0.8580603003501892,0.05624508485198021,0,0
68,RIGHT_ANKLE,0.4590616524219513,0.8790397644042969,0.035923514515161514,0,0
68,LEFT_HEEL,0.38082221150398254,0.8725906610488892,0.06064365804195404,0,0
68,RIGHT_HEEL,0.45956581830978394,0.8993497490882874,0.03734702616930008,0,0
68,LEFT_FOOT_INDEX,0.37434902787208557,0.8654215931892395,0.060408834367990494,0,0
68,RIGHT_FOOT_INDEX,0.46158134937286377,0.8858582377433777,0.0338120236992836,0,0
69,NOSE,0.41546401381492615,0.49166402220726013,0.12186051160097122,0,0
69,LEFT_EYE_INNER,0.41373440623283386,0.48452550172805786,0.10271243751049042,0,0
69,LEFT_EYE,0.41223108768463135,0.4846934676170349,0.10272829234600067,0,0
69,LEFT_EYE_OUTER,0.4107426702976227,0.48493850231170654,0.10270753502845764,0,0
69,RIGHT_EYE_INNER,0.41860154271125793,0.48408666253089905,0.1055489331483841,0,0
69,RIGHT_EYE,0.42036041617393494,0.48399436473846436,0.10556384921073914,0,0
69,RIGHT_EYE_OUTER,0.4222720265388489,0.4839326739311218,0.10551349073648453,0,0
69,LEFT_EAR,0.41041097044944763,0.48980844020843506,0.028567561879754066,0,0
69,RIGHT_EAR,0.42662209272384644,0.4884471893310547,0.04946223273873329,0,0
69,MOUTH_LEFT,0.41327133774757385,0.49891939759254456,0.10225676000118256,0,0
69,MOUTH_RIGHT,0.4185877740383148,0.4987342059612274,0.10530463606119156,0,0
69,LEFT_SHOULDER,0.3968457579612732,0.54228675365448,-0.006536431144922972,0,0
69,RIGHT_SHOULDER,0.4518906772136688,0.5414338111877441,0.030836882069706917,0,0
69,LEFT_ELBOW,0.39464521408081055,0.6148107051849365,0.044696152210235596,0,0
69,RIGHT_ELBOW,0.4575618505477905,0.618375301361084,0.07841411978006363,0,0
69,LEFT_WRIST,0.4124535322189331,0.6151570081710815,0.14415225386619568,0,0
69,RIGHT_WRIST,0.43796151876449585,0.6255936026573181,0.15719740092754364,0,0
69,LEFT_PINKY,0.41555121541023254,0.6274372339248657,0.155089870095253,0,0
69,RIGHT_PINKY,0.4350084066390991,0.6367825269699097,0.17050863802433014,0,0
69,LEFT_INDEX,0.4206252098083496,0.621987521648407,0.15405839681625366,0,0
69,RIGHT_INDEX,0.4292629361152649,0.6286503672599792,0.16995270550251007,0,0
69,LEFT_THUMB,0.41882088780403137,0.6139641404151917,0.1463492065668106,0,0
69,RIGHT_THUMB,0.43061670660972595,0.6250731945037842,0.15878605842590332,0,0
69,LEFT_HIP,0.4079401195049286,0.6807299852371216,-0.01013700570911169,0,0
69,RIGHT_HIP,0.440760999917984,0.681576669216156,0.010087075643241405,0,0
69,LEFT_KNEE,0.3862026631832123,0.7572672367095947,0.021092288196086884,0,0
69,RIGHT_KNEE,0.45132583379745483,0.7752737402915955,0.045511581003665924,0,0
69,LEFT_ANKLE,0.3778894245624542,0.8588566780090332,0.049272265285253525,0,0
69,RIGHT_ANKLE,0.4597834050655365,0.8793284296989441,0.04642583057284355,0,0
69,LEFT_HEEL,0.3804355263710022,0.8741474747657776,0.05090342089533806,0,0
69,RIGHT_HEEL,0.46006640791893005,0.900962769985199,0.047677285969257355,0,0
69,LEFT_FOOT_INDEX,0.3717484176158905,0.8667810559272766,0.0480852872133255,0,0
69,RIGHT_FOOT_INDEX,0.46007364988327026,0.8869875073432922,0.04831993952393532,0,0
70,NOSE,0.41422775387763977,0.4946066439151764,0.1329483538866043,0,0
70,LEFT_EYE_INNER,0.4124639928340912,0.4875417649745941,0.11287309229373932,0,0
70,LEFT_EYE,0.4110899269580841,0.48771706223487854,0.11289019882678986,0,0
70,LEFT_EYE_OUTER,0.40978777408599854,0.4879210889339447,0.11286231130361557,0,0
70,RIGHT_EYE_INNER,0.41721999645233154,0.4868314266204834,0.1187276765704155,0,0
70,RIGHT_EYE,0.41900259256362915,0.48660826683044434,0.11873893439769745,0,0
70,RIGHT_EYE_OUTER,0.42088600993156433,0.4864591360092163,0.11869414150714874,0,0
70,LEFT_EAR,0.4099855124950409,0.49212703108787537,0.041268106549978256,0,0
70,RIGHT_EAR,0.4257984161376953,0.49067461490631104,0.06760834157466888,0,0
70,MOUTH_LEFT,0.4121874272823334,0.5017873644828796,0.11139056086540222,0,0
70,MOUTH_RIGHT,0.4174666106700897,0.5012862682342529,0.11833848804235458,0,0
70,LEFT_SHOULDER,0.3968485891819,0.5442222952842712,-0.001551407272927463,0,0
70,RIGHT_SHOULDER,0.45199093222618103,0.5423958897590637,0.05495266988873482,0,0
70,LEFT_ELBOW,0.39535337686538696,0.6187670230865479,0.05317720025777817,0,0
70,RIGHT_ELBOW,0.4591936469078064,0.6193338632583618,0.10773635655641556,0,0
70,LEFT_WRIST,0.4112337529659271,0.6146976351737976,0.17658990621566772,0,0
70,RIGHT_WRIST,0.43841156363487244,0.6249914765357971,0.1945602148771286,0,0
70,LEFT_PINKY,0.4156501889228821,0.6240128874778748,0.18989606201648712,0,0
70,RIGHT_PINKY,0.4358624517917633,0.636335015296936,0.21037955582141876,0,0
70,LEFT_INDEX,0.4207158088684082,0.6185535788536072,0.19043822586536407,0,0
70,RIGHT_INDEX,0.4309006333351135,0.6284480690956116,0.21035940945148468,0,0
70,LEFT_THUMB,0.4208237826824188,0.6136878728866577,0.18001598119735718,0,0
70,RIGHT_THUMB,0.432075560092926,0.6244168281555176,0.19659996032714844,0,0
70,LEFT_HIP,0.4095817506313324,0.6821457147598267,-0.021036893129348755,0,0
70,RIGHT_HIP,0.44223031401634216,0.6828907132148743,0.020990638062357903,0,0
70,LEFT_KNEE,0.3862243890762329,0.7571372985839844,0.004819873254746199,0,0
70,RIGHT_KNEE,0.451398104429245,0.7733109593391418,0.05046248808503151,0,0
70,LEFT_ANKLE,0.3784276247024536,0.8608905673027039,0.01356483157724142,0,0
70,RIGHT_ANKLE,0.46046140789985657,0.8787072896957397,0.03997611626982689,0,0
70,LEFT_HEEL,0.3808201849460602,0.8769214749336243,0.016048509627580643,0,0
70,RIGHT_HEEL,0.46076324582099915,0.8984842896461487,0.03939896076917648,0,0
70,LEFT_FOOT_INDEX,0.36700546741485596,0.8723782896995544,0.021313276141881943,0,0
70,RIGHT_FOOT_INDEX,0.46021440625190735,0.8893737196922302,0.041949037462472916,0,0
71,NOSE,0.41323110461235046,0.4951784908771515,0.1275922805070877,0,0
71,LEFT_EYE_INNER,0.4116562306880951,0.4878278970718384,0.10743114352226257,0,0
71,LEFT_EYE,0.41039609909057617,0.4878944754600525,0.10744274407625198,0,0
71,LEFT_EYE_OUTER,0.40922847390174866,0.48804783821105957,0.10741233825683594,0,0
71,RIGHT_EYE_INNER,0.4161650836467743,0.48733657598495483,0.11269428580999374,0,0
71,RIGHT_EYE,0.4179362952709198,0.4871186316013336,0.11270765960216522,0,0
71,RIGHT_EYE_OUTER,0.4197026491165161,0.4870094060897827,0.11265382170677185,0,0
71,LEFT_EAR,0.40990889072418213,0.49197256565093994,0.04014644771814346,0,0
71,RIGHT_EAR,0.4244689643383026,0.49106788635253906,0.060379091650247574,0,0
71,MOUTH_LEFT,0.4113370478153229,0.5020294785499573,0.10640480369329453,0,0
71,MOUTH_RIGHT,0.4163546860218048,0.5018020868301392,0.11264738440513611,0,0
71,LEFT_SHOULDER,0.3966149091720581,0.5440726280212402,-0.007897158153355122,0,0
71,RIGHT_SHOULDER,0.4517463445663452,0.5429826974868774,0.05004946142435074,0,0
71,LEFT_ELBOW,0.39660823345184326,0.6176132559776306,0.0498451367020607,0,0
71,RIGHT_ELBOW,0.45806267857551575,0.6165573596954346,0.10460500419139862,0,0
71,LEFT_WRIST,0.4122749865055084,0.6175994873046875,0.16090479493141174,0,0
71,RIGHT_WRIST,0.43767550587654114,0.6242161989212036,0.19267220795154572,0,0
71,LEFT_PINKY,0.4159783720970154,0.6224724650382996,0.17245180904865265,0,0
71,RIGHT_PINKY,0.4337562620639801,0.6362130641937256,0.20869165658950806,0,0
71,LEFT_INDEX,0.4212087392807007,0.6168153285980225,0.1717389076948166,0,0
71,RIGHT_INDEX,0.42952626943588257,0.6256663203239441,0.20833401381969452,0,0
71,LEFT_THUMB,0.4217522442340851,0.6130542755126953,0.1635085940361023,0,0
71,RIGHT_THUMB,0.43096938729286194,0.6236084699630737,0.19457297027111053,0,0
71,LEFT_HIP,0.4105941951274872,0.6831719279289246,-0.02336195297539234,0,0
71,RIGHT_HIP,0.4434148371219635,0.6829493045806885,0.02329934388399124,0,0
71,LEFT_KNEE,0.3864549398422241,0.7592469453811646,-0.0029251081869006157,0,0
71,RIGHT_KNEE,0.45298177003860474,0.7765136957168579,0.053137827664613724,0,0
71,LEFT_ANKLE,0.38006654381752014,0.8668274283409119,0.011984099633991718,0,0
71,RIGHT_ANKLE,0.46087783575057983,0.8811925649642944,0.05200754478573799,0,0
71,LEFT_HEEL,0.3855845034122467,0.8841425776481628,0.015538062900304794,0,0
71,RIGHT_HEEL,0.4610389769077301,0.9019164443016052,0.052681904286146164,0,0
71,LEFT_FOOT_INDEX,0.3655190169811249,0.8816632032394409,0.02148510329425335,0,0
71,RIGHT_FOOT_INDEX,0.4601500928401947,0.8886365294456482,0.05541115254163742,0,0
72,NOSE,0.41243651509284973,0.49560466408729553,0.1284753382205963,0,0
72,LEFT_EYE_INNER,0.4108758270740509,0.4883963167667389,0.10783389955759048,0,0
72,LEFT_EYE,0.4096605181694031,0.4884457588195801,0.10784316807985306,0,0
72,LEFT_EYE_OUTER,0.40855297446250916,0.4886062741279602,0.1078028529882431,0,0
72,RIGHT_EYE_INNER,0.4153462052345276,0.48798856139183044,0.11380164325237274,0,0
72,RIGHT_EYE,0.41712257266044617,0.487801730632782,0.11381639540195465,0,0
72,RIGHT_EYE_OUTER,0.41887786984443665,0.48774030804634094,0.11376157402992249,0,0
72,LEFT_EAR,0.40959101915359497,0.4924609065055847,0.03856634721159935,0,0
72,RIGHT_EAR,0.42367538809776306,0.49179431796073914,0.06190793961286545,0,0
72,MOUTH_LEFT,0.4106636345386505,0.5023022294044495,0.10662607848644257,0,0
72,MOUTH_RIGHT,0.41556236147880554,0.5021799206733704,0.11370387673377991,0,0
72,LEFT_SHOULDER,0.3962085545063019,0.5438077449798584,-0.006347232032567263,0,0
72,RIGHT_SHOULDER,0.4514654874801636,0.542540967464447,0.056082990020513535,0,0
72,LEFT_ELBOW,0.39659246802330017,0.6156354546546936,0.051284074783325195,0,0
72,RIGHT_ELBOW,0.45660966634750366,0.6161052584648132,0.11891520023345947,0,0
72,LEFT_WRIST,0.4124780595302582,0.6163520812988281,0.1734980046749115,0,0
72,RIGHT_WRIST,0.43706846237182617,0.6228741407394409,0.21924181282520294,0,0
72,LEFT_PINKY,0.4158681333065033,0.6156307458877563,0.18720898032188416,0,0
72,RIGHT_PINKY,0.43272989988327026,0.6258887052536011,0.23818820714950562,0,0
72,LEFT_INDEX,0.4211847186088562,0.6081117391586304,0.18681825697422028,0,0
72,RIGHT_INDEX,0.4288114905357361,0.6196938753128052,0.2390376478433609,0,0
72,LEFT_THUMB,0.4218793511390686,0.6078991293907166,0.17671489715576172,0,0
72,RIGHT_THUMB,0.4296198785305023,0.6182225942611694,0.2221054583787918,0,0
72,LEFT_HIP,0.41093626618385315,0.684509813785553,-0.0253483634442091,0,0
72,RIGHT_HIP,0.4434569180011749,0.6830577850341797,0.02528151497244835,0,0
72,LEFT_KNEE,0.3875522315502167,0.7620792984962463,-0.008309640921652317,0,0
72,RIGHT_KNEE,0.4526781141757965,0.7737306952476501,0.05283397063612938,0,0
72,LEFT_ANKLE,0.38374263048171997,0.8721266984939575,-0.002098657423630357,0,0
72,RIGHT_ANKLE,0.461597740650177,0.8806787133216858,0.04704214632511139,0,0
72,LEFT_HEEL,0.39025408029556274,0.8896454572677612,0.000773242674767971,0,0
72,RIGHT_HEEL,0.46148738265037537,0.9014644622802734,0.04642690718173981,0,0
72,LEFT_FOOT_INDEX,0.36632680892944336,0.8905541300773621,0.008502334356307983,0,0
72,RIGHT_FOOT_INDEX,0.45983031392097473,0.8878786563873291,0.05307261645793915,0,0
73,NOSE,0.41255030035972595,0.495211124420166,0.13563421368598938,0,0
73,LEFT_EYE_INNER,0.41096484661102295,0.4879249930381775,0.1149904876947403,0,0
73,LEFT_EYE,0.40973225235939026,0.4879465103149414,0.11499634385108948,0,0
73,LEFT_EYE_OUTER,0.4085935056209564,0.48806825280189514,0.11495710909366608,0,0
73,RIGHT_EYE_INNER,0.41539379954338074,0.4874928295612335,0.12122884392738342,0,0
73,RIGHT_EYE,0.41715124249458313,0.48727524280548096,0.12123628705739975,0,0
73,RIGHT_EYE_OUTER,0.41885340213775635,0.4871891140937805,0.1211826428771019,0,0
73,LEFT_EAR,0.4094737768173218,0.4918614625930786,0.044447578489780426,0,0
73,RIGHT_EAR,0.42380422353744507,0.4912138879299164,0.07005663961172104,0,0
73,MOUTH_LEFT,0.41075432300567627,0.5017155408859253,0.11376991122961044,0,0
73,MOUTH_RIGHT,0.4155632257461548,0.5015901923179626,0.12113174051046371,0,0
73,LEFT_SHOULDER,0.39604443311691284,0.542792022228241,-0.0035221497528254986,0,0
73,RIGHT_SHOULDER,0.450897753238678,0.5422474145889282,0.06169126182794571,0,0
73,LEFT_ELBOW,0.39544427394866943,0.6145237684249878,0.055528029799461365,0,0
73,RIGHT_ELBOW,0.4554241895675659,0.6145097017288208,0.12026693671941757,0,0
73,LEFT_WRIST,0.41275012493133545,0.6174574494361877,0.16889046132564545,0,0
73,RIGHT_WRIST,0.43584635853767395,0.6198269128799438,0.2121535837650299,0,0
73,LEFT_PINKY,0.416980117559433,0.6175962090492249,0.18125896155834198,0,0
73,RIGHT_PINKY,0.43055540323257446,0.6206994652748108,0.2287542223930359,0,0
73,LEFT_INDEX,0.4221852123737335,0.6104190945625305,0.17892931401729584,0,0
73,RIGHT_INDEX,0.4278741478919983,0.61356121301651,0.2286270558834076,0,0
73,LEFT_THUMB,0.4225617051124573,0.6101422309875488,0.17096847295761108,0,0
73,RIGHT_THUMB,0.4288958013057709,0.6134638786315918,0.2143041342496872,0,0
73,LEFT_HIP,0.41031187772750854,0.685364305973053,-0.025918040424585342,0,0
73,RIGHT_HIP,0.44252315163612366,0.6832774877548218,0.025850417092442513,0,0
73,LEFT_KNEE,0.3893786668777466,0.7668552994728088,-0.020579876378178596,0,0
73,RIGHT_KNEE,0.452446848154068,0.7727121710777283,0.035780325531959534,0,0
73,LEFT_ANKLE,0.3863586187362671,0.8795983195304871,-0.024457918480038643,0,0
73,RIGHT_ANKLE,0.46141517162323,0.8819701671600342,0.014395839534699917,0,0
73,LEFT_HEEL,0.3925556540489197,0.900066614151001,-0.023086057975888252,0,0
73,RIGHT_HEEL,0.46196046471595764,0.9018305540084839,0.012821546755731106,0,0
73,LEFT_FOOT_INDEX,0.36727288365364075,0.8938654065132141,-0.020624954253435135,0,0
73,RIGHT_FOOT_INDEX,0.4594374895095825,0.8880773186683655,0.011987993493676186,0,0
