frame_number,landmark,x,y,z,action,label
0,NOSE,0.5301839113235474,0.5435361862182617,0.08455396443605423,[],0
0,LEFT_EYE_INNER,0.5306224226951599,0.5353671908378601,0.07251498848199844,[],0
0,LEFT_EYE,0.5301055312156677,0.5353773832321167,0.0724996030330658,[],0
0,LEFT_EYE_OUTER,0.5295450687408447,0.5354905724525452,0.07247378677129745,[],0
0,RIGHT_EYE_INNER,0.5332114100456238,0.5346590876579285,0.0869201049208641,[],0
0,RIGHT_EYE,0.5344731211662292,0.5341976881027222,0.08691951632499695,[],0
0,RIGHT_EYE_OUTER,0.535647988319397,0.5338680744171143,0.08687669783830643,[],0
0,LEFT_EAR,0.5315162539482117,0.5372106432914734,0.023326585069298744,[],0
0,RIGHT_EAR,0.5402509570121765,0.5355560779571533,0.08827851712703705,[],0
0,MOUTH_LEFT,0.5303040742874146,0.5486260056495667,0.06792667508125305,[],0
0,MOUTH_RIGHT,0.5331774950027466,0.547967791557312,0.08638036996126175,[],0
0,LEFT_SHOULDER,0.5328249931335449,0.5683358907699585,-0.051667336374521255,[],0
0,RIGHT_SHOULDER,0.5598747134208679,0.5746189951896667,0.10957185178995132,[],0
0,LEFT_ELBOW,0.5330483317375183,0.6382858753204346,-0.08780840784311295,[],0
0,RIGHT_ELBOW,0.5608301758766174,0.6296207904815674,0.13068893551826477,[],0
0,LEFT_WRIST,0.517566978931427,0.6778051257133484,-0.06682197749614716,[],0
0,RIGHT_WRIST,0.5528995990753174,0.6609675288200378,0.12936624884605408,[],0
0,LEFT_PINKY,0.5125133395195007,0.6872808337211609,-0.07481648772954941,[],0
0,RIGHT_PINKY,0.551212728023529,0.6827743649482727,0.13994498550891876,[],0
0,LEFT_INDEX,0.5120408535003662,0.6851735711097717,-0.06446586549282074,[],0
0,RIGHT_INDEX,0.5481706261634827,0.6813279390335083,0.1296008825302124,[],0
0,LEFT_THUMB,0.5138072967529297,0.6825129985809326,-0.060652222484350204,[],0
0,RIGHT_THUMB,0.5478101372718811,0.6786322593688965,0.12509740889072418,[],0
0,LEFT_HIP,0.5438256859779358,0.6913537383079529,-0.05661417543888092,[],0
0,RIGHT_HIP,0.5629299879074097,0.6933544874191284,0.05634743720293045,[],0
0,LEFT_KNEE,0.5229904651641846,0.7751595973968506,-0.027247052639722824,[],0
0,RIGHT_KNEE,0.5517557263374329,0.7746772766113281,0.12899117171764374,[],0
0,LEFT_ANKLE,0.5427674055099487,0.8608043789863586,-0.07143763452768326,[],0
0,RIGHT_ANKLE,0.5620573163032532,0.8563923835754395,0.10583139210939407,[],0
0,LEFT_HEEL,0.5490672588348389,0.875767707824707,-0.07299783825874329,[],0
0,RIGHT_HEEL,0.5692476034164429,0.8710038661956787,0.10463050752878189,[],0
0,LEFT_FOOT_INDEX,0.5224010348320007,0.8874422311782837,-0.08089306205511093,[],0
0,RIGHT_FOOT_INDEX,0.543613076210022,0.8741446137428284,0.10581497102975845,[],0
1,NOSE,0.527152955532074,0.5435865521430969,0.055667027831077576,0,0
1,LEFT_EYE_INNER,0.5285179615020752,0.5352195501327515,0.04281647130846977,0,0
1,LEFT_EYE,0.5285246968269348,0.535227358341217,0.04282043129205704,0,0
1,LEFT_EYE_OUTER,0.5284908413887024,0.5353088974952698,0.04282485693693161,0,0
1,RIGHT_EYE_INNER,0.5300739407539368,0.5344418287277222,0.056975945830345154,0,0
1,RIGHT_EYE,0.5312134027481079,0.5339118838310242,0.05698200687766075,0,0
1,RIGHT_EYE_OUTER,0.5323706865310669,0.533417284488678,0.05693316087126732,0,0
1,LEFT_EAR,0.5314961671829224,0.5370407104492188,-0.002195341745391488,0,0
1,RIGHT_EAR,0.5376307368278503,0.5346755385398865,0.06017422303557396,0,0
1,MOUTH_LEFT,0.5287436842918396,0.5494901537895203,0.04057078808546066,0,0
1,MOUTH_RIGHT,0.5300868153572083,0.5488319396972656,0.0585622675716877,0,0
1,LEFT_SHOULDER,0.5332559943199158,0.5707283616065979,-0.06596645712852478,0,0
1,RIGHT_SHOULDER,0.5577694773674011,0.5735524296760559,0.09178685396909714,0,0
1,LEFT_ELBOW,0.533725917339325,0.6395810842514038,-0.08826625347137451,0,0
1,RIGHT_ELBOW,0.5608421564102173,0.6327275633811951,0.1120760515332222,0,0
1,LEFT_WRIST,0.519908607006073,0.6783961653709412,-0.057957906275987625,0,0
1,RIGHT_WRIST,0.5488131642341614,0.6690294742584229,0.09896884858608246,0,0
1,LEFT_PINKY,0.5150313973426819,0.688019335269928,-0.06742024421691895,0,0
1,RIGHT_PINKY,0.546282947063446,0.6836897134780884,0.10513479262590408,0,0
1,LEFT_INDEX,0.5140193104743958,0.6857883334159851,-0.06153009459376335,0,0
1,RIGHT_INDEX,0.5417860150337219,0.6835857629776001,0.09141229093074799,0,0
1,LEFT_THUMB,0.5158394575119019,0.682977557182312,-0.054163333028554916,0,0
1,RIGHT_THUMB,0.5443119406700134,0.6791548132896423,0.09301599860191345,0,0
1,LEFT_HIP,0.5456487536430359,0.6920155882835388,-0.054916344583034515,0,0
1,RIGHT_HIP,0.5638231635093689,0.6929212212562561,0.054797932505607605,0,0
1,LEFT_KNEE,0.5238401889801025,0.7754022479057312,-0.05649877339601517,0,0
1,RIGHT_KNEE,0.5526469349861145,0.7730358839035034,0.09271398186683655,0,0
1,LEFT_ANKLE,0.5432256460189819,0.8624156713485718,-0.06743116676807404,0,0
1,RIGHT_ANKLE,0.5624873638153076,0.8529642224311829,0.10109123587608337,0,0
1,LEFT_HEEL,0.5518054962158203,0.8768230676651001,-0.06701847165822983,0,0
1,RIGHT_HEEL,0.5697611570358276,0.8687737584114075,0.10161998867988586,0,0
1,LEFT_FOOT_INDEX,0.522860586643219,0.8875986933708191,-0.07465719431638718,0,0
1,RIGHT_FOOT_INDEX,0.5445491671562195,0.8720453977584839,0.09884084016084671,0,0
2,NOSE,0.5265740752220154,0.5432516932487488,0.05449335277080536,0,0
2,LEFT_EYE_INNER,0.5280460715293884,0.5347407460212708,0.04219885170459747,0,0
2,LEFT_EYE,0.5280969738960266,0.5347543358802795,0.042199261486530304,0,0
2,LEFT_EYE_OUTER,0.5281341075897217,0.5348156690597534,0.04220927506685257,0,0
2,RIGHT_EYE_INNER,0.5295583605766296,0.5338090658187866,0.05628491938114166,0,0
2,RIGHT_EYE,0.5307005643844604,0.5331961512565613,0.056287262588739395,0,0
2,RIGHT_EYE_OUTER,0.5318798422813416,0.5325712561607361,0.05623477324843407,0,0
2,LEFT_EAR,0.5314434170722961,0.536672830581665,-0.0017556491075083613,0,0
2,RIGHT_EAR,0.5371186137199402,0.5338963866233826,0.05991378054022789,0,0
2,MOUTH_LEFT,0.5282600522041321,0.5494841933250427,0.039626870304346085,0,0
2,MOUTH_RIGHT,0.52939373254776,0.5488275289535522,0.057444460690021515,0,0
2,LEFT_SHOULDER,0.5333667993545532,0.5730732679367065,-0.06484950333833694,0,0
2,RIGHT_SHOULDER,0.5578927993774414,0.5732315182685852,0.09202877432107925,0,0
2,LEFT_ELBOW,0.5342239141464233,0.6403143405914307,-0.0878797397017479,0,0
2,RIGHT_ELBOW,0.5601253509521484,0.6326720118522644,0.1132429912686348,0,0
2,LEFT_WRIST,0.5206061601638794,0.6791974902153015,-0.0576341338455677,0,0
2,RIGHT_WRIST,0.5446353554725647,0.670590341091156,0.10384860634803772,0,0
2,LEFT_PINKY,0.5156475901603699,0.6891339421272278,-0.06737039983272552,0,0
2,RIGHT_PINKY,0.5401117205619812,0.6841480731964111,0.11067640036344528,0,0
2,LEFT_INDEX,0.5144994854927063,0.6864612698554993,-0.06174740940332413,0,0
2,RIGHT_INDEX,0.538061261177063,0.6836461424827576,0.09718211740255356,0,0
2,LEFT_THUMB,0.5166458487510681,0.6833701133728027,-0.054119475185871124,0,0
2,RIGHT_THUMB,0.5387674570083618,0.6787306070327759,0.09806367754936218,0,0
2,LEFT_HIP,0.5463560819625854,0.6920117139816284,-0.05215338245034218,0,0
2,RIGHT_HIP,0.564560055732727,0.6915201544761658,0.052105825394392014,0,0
2,LEFT_KNEE,0.5242606401443481,0.7753441333770752,-0.05683686584234238,0,0
2,RIGHT_KNEE,0.5534053444862366,0.7717671990394592,0.06935003399848938,0,0
2,LEFT_ANKLE,0.5432570576667786,0.8639998435974121,-0.0566113106906414,0,0
2,RIGHT_ANKLE,0.5628315210342407,0.8531397581100464,0.073555588722229,0,0
2,LEFT_HEEL,0.5515637993812561,0.8784833550453186,-0.05566165968775749,0,0
2,RIGHT_HEEL,0.5694593191146851,0.8688309192657471,0.0735701471567154,0,0
2,LEFT_FOOT_INDEX,0.5229853987693787,0.8872685432434082,-0.06600149720907211,0,0
2,RIGHT_FOOT_INDEX,0.5459915995597839,0.872117817401886,0.06574062258005142,0,0
3,NOSE,0.5265682339668274,0.5437343716621399,0.04498963803052902,0,0
3,LEFT_EYE_INNER,0.5280696749687195,0.5352960228919983,0.03355701267719269,0,0
3,LEFT_EYE,0.528103232383728,0.5352679491043091,0.033558957278728485,0,0
3,LEFT_EYE_OUTER,0.5281320810317993,0.5352419018745422,0.03357180207967758,0,0
3,RIGHT_EYE_INNER,0.5296705365180969,0.5343524813652039,0.04769586771726608,0,0
3,RIGHT_EYE,0.5308372974395752,0.5337201356887817,0.047698959708213806,0,0
3,RIGHT_EYE_OUTER,0.5320329070091248,0.5330628752708435,0.047653552144765854,0,0
3,LEFT_EAR,0.5314580798149109,0.5372711420059204,-0.0072480784729123116,0,0
3,RIGHT_EAR,0.5372018814086914,0.5345755815505981,0.054733119904994965,0,0
3,MOUTH_LEFT,0.5281922817230225,0.5503818988800049,0.03103669360280037,0,0
3,MOUTH_RIGHT,0.5294589996337891,0.5496054887771606,0.049026008695364,0,0
3,LEFT_SHOULDER,0.5338079929351807,0.5755618810653687,-0.06774609535932541,0,0
3,RIGHT_SHOULDER,0.5582048296928406,0.5744208097457886,0.08858810365200043,0,0
3,LEFT_ELBOW,0.5353699326515198,0.6431179046630859,-0.09159862995147705,0,0
3,RIGHT_ELBOW,0.5607103109359741,0.6331599950790405,0.1084388792514801,0,0
3,LEFT_WRIST,0.521241307258606,0.6835788488388062,-0.06983231753110886,0,0
3,RIGHT_WRIST,0.5461119413375854,0.6757600903511047,0.09529975056648254,0,0
3,LEFT_PINKY,0.5157141089439392,0.6936669945716858,-0.08024480193853378,0,0
3,RIGHT_PINKY,0.542644739151001,0.6887320280075073,0.10084409266710281,0,0
3,LEFT_INDEX,0.5149977207183838,0.6910091638565063,-0.07612618803977966,0,0
3,RIGHT_INDEX,0.5401062369346619,0.6882460117340088,0.08751584589481354,0,0
3,LEFT_THUMB,0.5170854926109314,0.6880862712860107,-0.06715337187051773,0,0
3,RIGHT_THUMB,0.5405681133270264,0.6845183968544006,0.08940328657627106,0,0
3,LEFT_HIP,0.5469491481781006,0.6924601197242737,-0.05113200843334198,0,0
3,RIGHT_HIP,0.5646693706512451,0.6915358304977417,0.05108090117573738,0,0
3,LEFT_KNEE,0.5267966389656067,0.776901125907898,-0.05568518862128258,0,0
3,RIGHT_KNEE,0.5532664656639099,0.7697722911834717,0.0686965361237526,0,0
3,LEFT_ANKLE,0.5481356978416443,0.8644415140151978,-0.060494206845760345,0,0
3,RIGHT_ANKLE,0.5630174875259399,0.8531174659729004,0.06574574112892151,0,0
3,LEFT_HEEL,0.5560981631278992,0.876353919506073,-0.060564521700143814,0,0
3,RIGHT_HEEL,0.5696137547492981,0.8688074946403503,0.06471138447523117,0,0
3,LEFT_FOOT_INDEX,0.5268707871437073,0.8911498785018921,-0.07011684775352478,0,0
3,RIGHT_FOOT_INDEX,0.5468661189079285,0.8721514344215393,0.054836392402648926,0,0
4,NOSE,0.5267547369003296,0.5437166094779968,0.04331136867403984,0,0
4,LEFT_EYE_INNER,0.5281135439872742,0.5352710485458374,0.031711507588624954,0,0
4,LEFT_EYE,0.5281628370285034,0.5352528095245361,0.0317143015563488,0,0
4,LEFT_EYE_OUTER,0.5282588601112366,0.5352303385734558,0.03172268345952034,0,0
4,RIGHT_EYE_INNER,0.5298811793327332,0.5343347787857056,0.04556308314204216,0,0
4,RIGHT_EYE,0.5310559868812561,0.5337114334106445,0.0455646850168705,0,0
4,RIGHT_EYE_OUTER,0.5322454571723938,0.5330567955970764,0.0455029234290123,0,0
4,LEFT_EAR,0.5317543148994446,0.5375487208366394,-0.00911138579249382,0,0
4,RIGHT_EAR,0.5373544096946716,0.5347461104393005,0.05131256580352783,0,0
4,MOUTH_LEFT,0.5282068848609924,0.5504026412963867,0.02936062589287758,0,0
4,MOUTH_RIGHT,0.5296414494514465,0.5497032403945923,0.046857528388500214,0,0
4,LEFT_SHOULDER,0.5342692732810974,0.5769644379615784,-0.06886648386716843,0,0
4,RIGHT_SHOULDER,0.5582675933837891,0.574549674987793,0.08462192118167877,0,0
4,LEFT_ELBOW,0.536896824836731,0.6450004577636719,-0.0911627784371376,0,0
4,RIGHT_ELBOW,0.5613847374916077,0.6337774395942688,0.10555937141180038,0,0
4,LEFT_WRIST,0.5232866406440735,0.6859368085861206,-0.06890692561864853,0,0
4,RIGHT_WRIST,0.5488285422325134,0.6771252751350403,0.09399398416280746,0,0
4,LEFT_PINKY,0.5173143744468689,0.6968598961830139,-0.07834329456090927,0,0
4,RIGHT_PINKY,0.5429747700691223,0.6909477114677429,0.09905097633600235,0,0
4,LEFT_INDEX,0.5164528489112854,0.6940286159515381,-0.07485076785087585,0,0
4,RIGHT_INDEX,0.5425511598587036,0.6907355785369873,0.08703497797250748,0,0
4,LEFT_THUMB,0.518822968006134,0.6908408999443054,-0.06635603308677673,0,0
4,RIGHT_THUMB,0.5439738035202026,0.6881814002990723,0.08853557705879211,0,0
4,LEFT_HIP,0.5479758977890015,0.6929526925086975,-0.050333455204963684,0,0
4,RIGHT_HIP,0.5649115443229675,0.6915058493614197,0.05028568580746651,0,0
4,LEFT_KNEE,0.5306740999221802,0.7797081470489502,-0.06465338170528412,0,0
4,RIGHT_KNEE,0.553245484828949,0.7685251832008362,0.0734589621424675,0,0
4,LEFT_ANKLE,0.553904116153717,0.8678081035614014,-0.07559781521558762,0,0
4,RIGHT_ANKLE,0.5640498399734497,0.852717399597168,0.08028603345155716,0,0
4,LEFT_HEEL,0.5623143911361694,0.8825321793556213,-0.077256940305233,0,0
4,RIGHT_HEEL,0.5712035298347473,0.8682861328125,0.07902554422616959,0,0
4,LEFT_FOOT_INDEX,0.533004879951477,0.8931399583816528,-0.1005108579993248,0,0
4,RIGHT_FOOT_INDEX,0.5494747757911682,0.8688789010047913,0.07302204519510269,0,0
5,NOSE,0.5268409252166748,0.5435380935668945,0.04582439735531807,0,0
5,LEFT_EYE_INNER,0.5283207297325134,0.5348171591758728,0.034213483333587646,0,0
5,LEFT_EYE,0.5284229516983032,0.5348418354988098,0.03421163186430931,0,0
5,LEFT_EYE_OUTER,0.5285451412200928,0.5348728895187378,0.034220773726701736,0,0
5,RIGHT_EYE_INNER,0.5299249887466431,0.5339416861534119,0.04828847572207451,0,0
5,RIGHT_EYE,0.5311418175697327,0.5333888530731201,0.04829201474785805,0,0
5,RIGHT_EYE_OUTER,0.5323483347892761,0.5328094959259033,0.048236146569252014,0,0
5,LEFT_EAR,0.5320684313774109,0.537545382976532,-0.007663155440241098,0,0
5,RIGHT_EAR,0.5374302268028259,0.5347583293914795,0.053804911673069,0,0
5,MOUTH_LEFT,0.5283476710319519,0.5503857731819153,0.03149505704641342,0,0
5,MOUTH_RIGHT,0.5297527313232422,0.5496823191642761,0.04930531233549118,0,0
5,LEFT_SHOULDER,0.5344972610473633,0.5779513716697693,-0.06891021132469177,0,0
5,RIGHT_SHOULDER,0.5583118200302124,0.5753147602081299,0.08719297498464584,0,0
5,LEFT_ELBOW,0.537510871887207,0.6465687155723572,-0.09105232357978821,0,0
5,RIGHT_ELBOW,0.561802327632904,0.6386531591415405,0.10668854415416718,0,0
5,LEFT_WRIST,0.5233222246170044,0.6878912448883057,-0.07087685912847519,0,0
5,RIGHT_WRIST,0.5493420958518982,0.6844944357872009,0.09358884394168854,0,0
5,LEFT_PINKY,0.5173895955085754,0.6985202431678772,-0.07999459654092789,0,0
5,RIGHT_PINKY,0.5435352921485901,0.6946566104888916,0.09852833300828934,0,0
5,LEFT_INDEX,0.5167511105537415,0.6958478689193726,-0.07760170847177505,0,0
5,RIGHT_INDEX,0.5427874326705933,0.6943734884262085,0.086370550096035,0,0
5,LEFT_THUMB,0.5189459919929504,0.6927293539047241,-0.06873594969511032,0,0
5,RIGHT_THUMB,0.5450087785720825,0.6918957829475403,0.08789492398500443,0,0
5,LEFT_HIP,0.5485101938247681,0.6931931972503662,-0.05006762221455574,0,0
5,RIGHT_HIP,0.5651119947433472,0.6914991736412048,0.05000260844826698,0,0
5,LEFT_KNEE,0.5319539904594421,0.7815067768096924,-0.0607723742723465,0,0
5,RIGHT_KNEE,0.5532124042510986,0.7688804864883423,0.06467487663030624,0,0
5,LEFT_ANKLE,0.5546705722808838,0.8708754181861877,-0.07004846632480621,0,0
5,RIGHT_ANKLE,0.5652688145637512,0.8535286784172058,0.07262370735406876,0,0
5,LEFT_HEEL,0.5638221502304077,0.8847084641456604,-0.07182028144598007,0,0
5,RIGHT_HEEL,0.5721749663352966,0.8691691160202026,0.07223263382911682,0,0
5,LEFT_FOOT_INDEX,0.5339257121086121,0.8949047923088074,-0.09346795082092285,0,0
5,RIGHT_FOOT_INDEX,0.5499343872070312,0.8692795634269714,0.05890717729926109,0,0
6,NOSE,0.5274180173873901,0.5439409613609314,0.042421165853738785,0,0
6,LEFT_EYE_INNER,0.5287761092185974,0.5350334644317627,0.03064972721040249,0,0
6,LEFT_EYE,0.5288534760475159,0.5350676774978638,0.030650638043880463,0,0
6,LEFT_EYE_OUTER,0.5289340019226074,0.5351089239120483,0.030658366158604622,0,0
6,RIGHT_EYE_INNER,0.5302157402038574,0.5342523455619812,0.044203806668519974,0,0
6,RIGHT_EYE,0.5313495993614197,0.5337725877761841,0.0442044734954834,0,0
6,RIGHT_EYE_OUTER,0.5325103402137756,0.5332677364349365,0.04413854330778122,0,0
6,LEFT_EAR,0.5323166847229004,0.5382807850837708,-0.010578365996479988,0,0
6,RIGHT_EAR,0.53745436668396,0.5358045101165771,0.048357002437114716,0,0
6,MOUTH_LEFT,0.528727114200592,0.550982654094696,0.028374098241329193,0,0
6,MOUTH_RIGHT,0.5302566885948181,0.5503904819488525,0.045458339154720306,0,0
6,LEFT_SHOULDER,0.5345112681388855,0.5788505673408508,-0.0696658045053482,0,0
6,RIGHT_SHOULDER,0.558341383934021,0.5763441324234009,0.08132894337177277,0,0
6,LEFT_ELBOW,0.5376561284065247,0.6479319930076599,-0.08788260817527771,0,0
6,RIGHT_ELBOW,0.5618178248405457,0.638543963432312,0.1013718843460083,0,0
6,LEFT_WRIST,0.5235450267791748,0.6885392665863037,-0.06130506843328476,0,0
6,RIGHT_WRIST,0.5497686266899109,0.6839594841003418,0.09125571697950363,0,0
6,LEFT_PINKY,0.517238199710846,0.6997634768486023,-0.0682486742734909,0,0
6,RIGHT_PINKY,0.5439205169677734,0.6933848261833191,0.09624133259057999,0,0
6,LEFT_INDEX,0.5167651772499084,0.6970717310905457,-0.06853864341974258,0,0
6,RIGHT_INDEX,0.5440952777862549,0.6942536234855652,0.08536828309297562,0,0
6,LEFT_THUMB,0.5190043449401855,0.6938055753707886,-0.06003028154373169,0,0
6,RIGHT_THUMB,0.5457990765571594,0.6909776926040649,0.08617275208234787,0,0
6,LEFT_HIP,0.5494861006736755,0.6948848366737366,-0.04984559491276741,0,0
6,RIGHT_HIP,0.5655181407928467,0.6917501091957092,0.049787234514951706,0,0
6,LEFT_KNEE,0.5350491404533386,0.78517085313797,-0.06408146023750305,0,0
6,RIGHT_KNEE,0.5535039305686951,0.7690773010253906,0.07711256295442581,0,0
6,LEFT_ANKLE,0.557807981967926,0.8750172257423401,-0.079799585044384,0,0
6,RIGHT_ANKLE,0.565769374370575,0.8520751595497131,0.0973840206861496,0,0
6,LEFT_HEEL,0.5658995509147644,0.8913684487342834,-0.08228473365306854,0,0
6,RIGHT_HEEL,0.5723728537559509,0.8659950494766235,0.09893080592155457,0,0
6,LEFT_FOOT_INDEX,0.5345500707626343,0.8957738280296326,-0.10795938968658447,0,0
6,RIGHT_FOOT_INDEX,0.5502030849456787,0.8635409474372864,0.08772185444831848,0,0
7,NOSE,0.5279222130775452,0.5449531078338623,0.048964276909828186,0,0
7,LEFT_EYE_INNER,0.5293314456939697,0.5360696315765381,0.03703572228550911,0,0
7,LEFT_EYE,0.529388427734375,0.5361297130584717,0.03703082725405693,0,0
7,LEFT_EYE_OUTER,0.5294336676597595,0.5361954569816589,0.03703291714191437,0,0
7,RIGHT_EYE_INNER,0.5306656360626221,0.5354644060134888,0.05071349814534187,0,0
7,RIGHT_EYE,0.5317471623420715,0.53510582447052,0.050717540085315704,0,0
7,RIGHT_EYE_OUTER,0.5328548550605774,0.534718930721283,0.05066116526722908,0,0
7,LEFT_EAR,0.5326393842697144,0.5400084853172302,-0.00582789396867156,0,0
7,RIGHT_EAR,0.5376373529434204,0.5378862619400024,0.05375995114445686,0,0
7,MOUTH_LEFT,0.5290496349334717,0.5522837042808533,0.0343635194003582,0,0
7,MOUTH_RIGHT,0.5306980609893799,0.5518271923065186,0.05166231095790863,0,0
7,LEFT_SHOULDER,0.5344886779785156,0.5803431868553162,-0.0694342628121376,0,0
7,RIGHT_SHOULDER,0.5585817098617554,0.5778884887695312,0.08492466062307358,0,0
7,LEFT_ELBOW,0.5373921990394592,0.6488840579986572,-0.07500464469194412,0,0
7,RIGHT_ELBOW,0.5621113181114197,0.6400668621063232,0.10416208952665329,0,0
7,LEFT_WRIST,0.5233688950538635,0.6895438432693481,-0.036725811660289764,0,0
7,RIGHT_WRIST,0.5516323447227478,0.683066189289093,0.09582676738500595,0,0
7,LEFT_PINKY,0.5170964002609253,0.7005563974380493,-0.04108321666717529,0,0
7,RIGHT_PINKY,0.5462322235107422,0.6955198645591736,0.10156510025262833,0,0
7,LEFT_INDEX,0.5166252255439758,0.6979683637619019,-0.040347836911678314,0,0
7,RIGHT_INDEX,0.545153021812439,0.6955406665802002,0.09119321405887604,0,0
7,LEFT_THUMB,0.5188647508621216,0.6946850419044495,-0.03458818420767784,0,0
7,RIGHT_THUMB,0.5465587973594666,0.6954137086868286,0.09095069020986557,0,0
7,LEFT_HIP,0.5502967834472656,0.6970256567001343,-0.0500650480389595,0,0
7,RIGHT_HIP,0.5660253167152405,0.6930014491081238,0.04999684914946556,0,0
7,LEFT_KNEE,0.535965085029602,0.7882394194602966,-0.06961126625537872,0,0
7,RIGHT_KNEE,0.5525445342063904,0.7700160145759583,0.08020209521055222,0,0
7,LEFT_ANKLE,0.5583261847496033,0.8782612681388855,-0.0903647392988205,0,0
7,RIGHT_ANKLE,0.5655642151832581,0.8508952856063843,0.09954372048377991,0,0
7,LEFT_HEEL,0.5663554668426514,0.8958663940429688,-0.09296972304582596,0,0
7,RIGHT_HEEL,0.5722429156303406,0.8619056344032288,0.10090794414281845,0,0
7,LEFT_FOOT_INDEX,0.5342780351638794,0.8964332342147827,-0.11747989803552628,0,0
7,RIGHT_FOOT_INDEX,0.5496845245361328,0.8632290363311768,0.0921076238155365,0,0
8,NOSE,0.5283510088920593,0.5455870032310486,0.05155641958117485,0,0
8,LEFT_EYE_INNER,0.5296972393989563,0.5367546081542969,0.03967064619064331,0,0
8,LEFT_EYE,0.5297176241874695,0.5368432402610779,0.039667245000600815,0,0
8,LEFT_EYE_OUTER,0.5297309160232544,0.53694087266922,0.039667196571826935,0,0
8,RIGHT_EYE_INNER,0.5310529470443726,0.5362834930419922,0.053586237132549286,0,0
8,RIGHT_EYE,0.532139003276825,0.5360212326049805,0.05358899012207985,0,0
8,RIGHT_EYE_OUTER,0.5332648158073425,0.5357170104980469,0.053534384816884995,0,0
8,LEFT_EAR,0.5328643918037415,0.5411834716796875,-0.003978842403739691,0,0
8,RIGHT_EAR,0.5380503535270691,0.5393404364585876,0.05676569789648056,0,0
8,MOUTH_LEFT,0.5293081998825073,0.5530984401702881,0.036688871681690216,0,0
8,MOUTH_RIGHT,0.5310494899749756,0.5526868104934692,0.05439404398202896,0,0
8,LEFT_SHOULDER,0.534480094909668,0.5817776918411255,-0.06341616809368134,0,0
8,RIGHT_SHOULDER,0.5588861703872681,0.5796267986297607,0.08715497702360153,0,0
8,LEFT_ELBOW,0.5372193455696106,0.650263786315918,-0.07047072052955627,0,0
8,RIGHT_ELBOW,0.5630178451538086,0.6410720348358154,0.10629043728113174,0,0
8,LEFT_WRIST,0.5232305526733398,0.6900607943534851,-0.03482145071029663,0,0
8,RIGHT_WRIST,0.5546332001686096,0.6831210851669312,0.09793584048748016,0,0
8,LEFT_PINKY,0.5170604586601257,0.7001504302024841,-0.038930490612983704,0,0
8,RIGHT_PINKY,0.5500021576881409,0.6963143348693848,0.10360383242368698,0,0
8,LEFT_INDEX,0.5166105031967163,0.6977308988571167,-0.0381547249853611,0,0
8,RIGHT_INDEX,0.5480766296386719,0.6961411833763123,0.09376085549592972,0,0
8,LEFT_THUMB,0.5188043713569641,0.694767951965332,-0.03260593116283417,0,0
8,RIGHT_THUMB,0.5499927401542664,0.6961457133293152,0.09323481470346451,0,0
8,LEFT_HIP,0.5506723523139954,0.6995583772659302,-0.050110895186662674,0,0
8,RIGHT_HIP,0.566218376159668,0.6946200728416443,0.05003989860415459,0,0
8,LEFT_KNEE,0.5362777709960938,0.7887725830078125,-0.07223943620920181,0,0
8,RIGHT_KNEE,0.5511302351951599,0.7701056003570557,0.08082316815853119,0,0
8,LEFT_ANKLE,0.5584574341773987,0.8785791397094727,-0.09580574184656143,0,0
8,RIGHT_ANKLE,0.5654111504554749,0.8481364250183105,0.09814479202032089,0,0
8,LEFT_HEEL,0.5666707754135132,0.8965118527412415,-0.09884241968393326,0,0
8,RIGHT_HEEL,0.5720990896224976,0.8569182753562927,0.09915925562381744,0,0
8,LEFT_FOOT_INDEX,0.5346395969390869,0.8958362936973572,-0.12428489327430725,0,0
8,RIGHT_FOOT_INDEX,0.5494567155838013,0.860704779624939,0.09205591678619385,0,0
9,NOSE,0.5284532308578491,0.5466093420982361,0.04966854676604271,0,0
9,LEFT_EYE_INNER,0.5298017263412476,0.5376557111740112,0.03776257857680321,0,0
9,LEFT_EYE,0.5298326015472412,0.5377395153045654,0.03775327280163765,0,0
9,LEFT_EYE_OUTER,0.5298612713813782,0.5378293991088867,0.0377541221678257,0,0
9,RIGHT_EYE_INNER,0.5311091542243958,0.5371418595314026,0.05153772607445717,0,0
9,RIGHT_EYE,0.5321810245513916,0.5368319153785706,0.05154351517558098,0,0
9,RIGHT_EYE_OUTER,0.5333165526390076,0.5364726781845093,0.051493238657712936,0,0
9,LEFT_EAR,0.5331187844276428,0.5420700311660767,-0.004953024443238974,0,0
9,RIGHT_EAR,0.538250207901001,0.5399971008300781,0.055291157215833664,0,0
9,MOUTH_LEFT,0.5295482873916626,0.5542926788330078,0.035199109464883804,0,0
9,MOUTH_RIGHT,0.5312522053718567,0.5538751482963562,0.052677564322948456,0,0
9,LEFT_SHOULDER,0.5347554087638855,0.5832785964012146,-0.06335488706827164,0,0
9,RIGHT_SHOULDER,0.5590258240699768,0.580464243888855,0.08677469193935394,0,0
9,LEFT_ELBOW,0.537182629108429,0.6526698470115662,-0.06935302168130875,0,0
9,RIGHT_ELBOW,0.5650657415390015,0.6447782516479492,0.10680520534515381,0,0
9,LEFT_WRIST,0.5223901271820068,0.689680814743042,-0.026720775291323662,0,0
9,RIGHT_WRIST,0.5546519160270691,0.6825429797172546,0.09928193688392639,0,0
9,LEFT_PINKY,0.5163398385047913,0.699460506439209,-0.029931049793958664,0,0
9,RIGHT_PINKY,0.550923228263855,0.6964481472969055,0.10522916167974472,0,0
9,LEFT_INDEX,0.5153635740280151,0.6971020698547363,-0.028899019584059715,0,0
9,RIGHT_INDEX,0.5483915209770203,0.6960214376449585,0.09510961174964905,0,0
9,LEFT_THUMB,0.5176616907119751,0.6940851211547852,-0.02419663779437542,0,0
9,RIGHT_THUMB,0.5511395931243896,0.6962291598320007,0.09455299377441406,0,0
9,LEFT_HIP,0.5509253740310669,0.700445830821991,-0.050107236951589584,0,0
9,RIGHT_HIP,0.5663252472877502,0.6948503851890564,0.05003410950303078,0,0
9,LEFT_KNEE,0.5364859700202942,0.7884657382965088,-0.06874980032444,0,0
9,RIGHT_KNEE,0.5509387254714966,0.7698493003845215,0.08066046983003616,0,0
9,LEFT_ANKLE,0.5584901571273804,0.8775967359542847,-0.08778344839811325,0,0
9,RIGHT_ANKLE,0.5652002692222595,0.847350537776947,0.09861887246370316,0,0
9,LEFT_HEEL,0.5667470097541809,0.8951232433319092,-0.09003589302301407,0,0
9,RIGHT_HEEL,0.5707372426986694,0.8568228483200073,0.09981166571378708,0,0
9,LEFT_FOOT_INDEX,0.5352867841720581,0.8945091962814331,-0.11211245507001877,0,0
9,RIGHT_FOOT_INDEX,0.5483267307281494,0.8602016568183899,0.09395010024309158,0,0
10,NOSE,0.5286303162574768,0.5470281839370728,0.04190210625529289,0,0
10,LEFT_EYE_INNER,0.529906690120697,0.5380061864852905,0.02943667583167553,0,0
10,LEFT_EYE,0.5299331545829773,0.5381242632865906,0.0294258501380682,0,0
10,LEFT_EYE_OUTER,0.5299628376960754,0.538256049156189,0.029431164264678955,0,0
10,RIGHT_EYE_INNER,0.5311951637268066,0.5374021530151367,0.043472770601511,0,0
10,RIGHT_EYE,0.5322498679161072,0.5370600819587708,0.04347658529877663,0,0
10,RIGHT_EYE_OUTER,0.5333821773529053,0.5366909503936768,0.04342478886246681,0,0
10,LEFT_EAR,0.533257246017456,0.5425400137901306,-0.014149942435324192,0,0
10,RIGHT_EAR,0.5384008288383484,0.540306806564331,0.04734174534678459,0,0
10,MOUTH_LEFT,0.5298594832420349,0.5547670125961304,0.02724297158420086,0,0
10,MOUTH_RIGHT,0.5314931273460388,0.5543116331100464,0.04507233574986458,0,0
10,LEFT_SHOULDER,0.535309374332428,0.5835615992546082,-0.07188080251216888,0,0
10,RIGHT_SHOULDER,0.5590275526046753,0.5808666348457336,0.08307070285081863,0,0
10,LEFT_ELBOW,0.5366935729980469,0.6543302536010742,-0.0737515240907669,0,0
10,RIGHT_ELBOW,0.5627089142799377,0.6453018188476562,0.104039266705513,0,0
10,LEFT_WRIST,0.5199220180511475,0.6892340779304504,-0.029569989070296288,0,0
10,RIGHT_WRIST,0.547736406326294,0.6833981275558472,0.09265604615211487,0,0
10,LEFT_PINKY,0.515089750289917,0.6982397437095642,-0.034740906208753586,0,0
10,RIGHT_PINKY,0.544793426990509,0.695919930934906,0.09720350056886673,0,0
10,LEFT_INDEX,0.513769268989563,0.6945446729660034,-0.03303090110421181,0,0
10,RIGHT_INDEX,0.5419548153877258,0.6957882642745972,0.08705489337444305,0,0
10,LEFT_THUMB,0.5156271457672119,0.6925003528594971,-0.026932137086987495,0,0
10,RIGHT_THUMB,0.5406824350357056,0.6900110244750977,0.08772015571594238,0,0
10,LEFT_HIP,0.5514947772026062,0.7010154724121094,-0.05012423172593117,0,0
10,RIGHT_HIP,0.5664207339286804,0.6952208280563354,0.050053808838129044,0,0
10,LEFT_KNEE,0.5371214151382446,0.78863924741745,-0.0658097118139267,0,0
10,RIGHT_KNEE,0.5506458282470703,0.7697605490684509,0.09280314296483994,0,0
10,LEFT_ANKLE,0.5587649941444397,0.8768777251243591,-0.07265374809503555,0,0
10,RIGHT_ANKLE,0.5648593306541443,0.847286581993103,0.12783107161521912,0,0
10,LEFT_HEEL,0.5669161677360535,0.8948902487754822,-0.07406233251094818,0,0
10,RIGHT_HEEL,0.5703454613685608,0.8565769195556641,0.1307118833065033,0,0
10,LEFT_FOOT_INDEX,0.5347843170166016,0.8941223621368408,-0.09897313266992569,0,0
10,RIGHT_FOOT_INDEX,0.5474511981010437,0.8573635816574097,0.1262194961309433,0,0
11,NOSE,0.5286352038383484,0.5470618605613708,0.04533581808209419,0,0
11,LEFT_EYE_INNER,0.5299073457717896,0.5380278825759888,0.03314519301056862,0,0
11,LEFT_EYE,0.52994304895401,0.5381251573562622,0.03313375636935234,0,0
11,LEFT_EYE_OUTER,0.5299949049949646,0.5382453203201294,0.03313712030649185,0,0
11,RIGHT_EYE_INNER,0.5311723947525024,0.537441611289978,0.04704110696911812,0,0
11,RIGHT_EYE,0.532183825969696,0.5370917320251465,0.047043755650520325,0,0
11,RIGHT_EYE_OUTER,0.5332638025283813,0.5367249250411987,0.046990763396024704,0,0
11,LEFT_EAR,0.5334504246711731,0.5423591732978821,-0.00998412724584341,0,0
11,RIGHT_EAR,0.5384218692779541,0.5401613712310791,0.05093265697360039,0,0
11,MOUTH_LEFT,0.5299521684646606,0.5547899603843689,0.03081825189292431,0,0
11,MOUTH_RIGHT,0.5314988493919373,0.5543584227561951,0.04845692589879036,0,0
11,LEFT_SHOULDER,0.5358441472053528,0.5828375220298767,-0.0694776400923729,0,0
11,RIGHT_SHOULDER,0.5590966939926147,0.5807769298553467,0.08445904403924942,0,0
11,LEFT_ELBOW,0.5365163087844849,0.653191864490509,-0.07114076614379883,0,0
11,RIGHT_ELBOW,0.5605800747871399,0.6441457271575928,0.10678954422473907,0,0
11,LEFT_WRIST,0.5178492069244385,0.6860825419425964,-0.021107980981469154,0,0
11,RIGHT_WRIST,0.5437286496162415,0.683076798915863,0.09706399589776993,0,0
11,LEFT_PINKY,0.5128559470176697,0.6939030289649963,-0.0256036426872015,0,0
11,RIGHT_PINKY,0.5406036972999573,0.6912038326263428,0.10106759518384933,0,0
11,LEFT_INDEX,0.511813759803772,0.6900057792663574,-0.023593364283442497,0,0
11,RIGHT_INDEX,0.5376282930374146,0.6902873516082764,0.09217695891857147,0,0
11,LEFT_THUMB,0.5137821435928345,0.6878603100776672,-0.01814214698970318,0,0
11,RIGHT_THUMB,0.5365350842475891,0.6830667853355408,0.09240389615297318,0,0
11,LEFT_HIP,0.5520950555801392,0.7006255388259888,-0.0501517616212368,0,0
11,RIGHT_HIP,0.5668218731880188,0.6952298879623413,0.05007512494921684,0,0
11,LEFT_KNEE,0.5376074314117432,0.7885311245918274,-0.06404589116573334,0,0
11,RIGHT_KNEE,0.5506982803344727,0.7698741555213928,0.09163905680179596,0,0
11,LEFT_ANKLE,0.5587726831436157,0.8774545192718506,-0.07364512979984283,0,0
11,RIGHT_ANKLE,0.5650926828384399,0.8485748171806335,0.11756861954927444,0,0
11,LEFT_HEEL,0.5663139820098877,0.8951213359832764,-0.07519734650850296,0,0
11,RIGHT_HEEL,0.5706713199615479,0.8573911190032959,0.11970801651477814,0,0
11,LEFT_FOOT_INDEX,0.5343454480171204,0.893551230430603,-0.09885707497596741,0,0
11,RIGHT_FOOT_INDEX,0.5473306179046631,0.8586305975914001,0.11462423205375671,0,0
12,NOSE,0.5286639332771301,0.5469968318939209,0.04168969765305519,0,0
12,LEFT_EYE_INNER,0.5300014615058899,0.5379834175109863,0.029483933001756668,0,0
12,LEFT_EYE,0.5300662517547607,0.5380764007568359,0.029472503811120987,0,0
12,LEFT_EYE_OUTER,0.5301487445831299,0.5381941795349121,0.029475722461938858,0,0
12,RIGHT_EYE_INNER,0.5311882495880127,0.5373963117599487,0.04362048953771591,0,0
12,RIGHT_EYE,0.5321980118751526,0.5370445251464844,0.043620482087135315,0,0
12,RIGHT_EYE_OUTER,0.5332857370376587,0.5366809964179993,0.04356919974088669,0,0
12,LEFT_EAR,0.5336729884147644,0.5422226786613464,-0.01218334399163723,0,0
12,RIGHT_EAR,0.538529634475708,0.5400482416152954,0.049581363797187805,0,0
12,MOUTH_LEFT,0.530051589012146,0.5546770691871643,0.027783876284956932,0,0
12,MOUTH_RIGHT,0.5315409302711487,0.5542297959327698,0.04570161923766136,0,0
12,LEFT_SHOULDER,0.5361770987510681,0.5824055671691895,-0.0717845931649208,0,0
12,RIGHT_SHOULDER,0.5591248273849487,0.5810099244117737,0.08472276479005814,0,0
12,LEFT_ELBOW,0.5364012122154236,0.6525754928588867,-0.07262750715017319,0,0
12,RIGHT_ELBOW,0.5582136511802673,0.6434990167617798,0.10946867614984512,0,0
12,LEFT_WRIST,0.5166329145431519,0.6841511726379395,-0.017900260165333748,0,0
12,RIGHT_WRIST,0.5403209328651428,0.6799654364585876,0.09930519014596939,0,0
12,LEFT_PINKY,0.5117508172988892,0.6917129755020142,-0.022959474474191666,0,0
12,RIGHT_PINKY,0.5367283225059509,0.6863135695457458,0.10292306542396545,0,0
12,LEFT_INDEX,0.5108165740966797,0.6877574920654297,-0.02089523710310459,0,0
12,RIGHT_INDEX,0.5340166091918945,0.6847264766693115,0.09370314329862595,0,0
12,LEFT_THUMB,0.5127623081207275,0.6855461001396179,-0.014878000132739544,0,0
12,RIGHT_THUMB,0.5344459414482117,0.6804695129394531,0.09436062723398209,0,0
12,LEFT_HIP,0.5524746179580688,0.700537919998169,-0.051222097128629684,0,0
12,RIGHT_HIP,0.5668767094612122,0.6952667832374573,0.0511472225189209,0,0
12,LEFT_KNEE,0.53786301612854,0.7889614105224609,-0.0638783723115921,0,0
12,RIGHT_KNEE,0.5506659746170044,0.7702282667160034,0.09564914554357529,0,0
12,LEFT_ANKLE,0.5590968728065491,0.8779507279396057,-0.06840264797210693,0,0
12,RIGHT_ANKLE,0.5651835203170776,0.8487499952316284,0.1279989778995514,0,0
12,LEFT_HEEL,0.5663788914680481,0.8955798149108887,-0.06960785388946533,0,0
12,RIGHT_HEEL,0.5709384083747864,0.8578197956085205,0.13076727092266083,0,0
12,LEFT_FOOT_INDEX,0.5343970656394958,0.8934242725372314,-0.09291244298219681,0,0
12,RIGHT_FOOT_INDEX,0.5473201870918274,0.8591347932815552,0.1259032040834427,0,0
13,NOSE,0.5286668539047241,0.5469599366188049,0.03857313469052315,0,0
13,LEFT_EYE_INNER,0.5300328731536865,0.5379542112350464,0.026692289859056473,0,0
13,LEFT_EYE,0.5301149487495422,0.5380481481552124,0.026680292561650276,0,0
13,LEFT_EYE_OUTER,0.5302147269248962,0.5381672978401184,0.02668353170156479,0,0
13,RIGHT_EYE_INNER,0.5312024354934692,0.5373597145080566,0.04071773588657379,0,0
13,RIGHT_EYE,0.532210648059845,0.5370045900344849,0.04071339592337608,0,0
13,RIGHT_EYE_OUTER,0.5332855582237244,0.5366409420967102,0.0406607985496521,0,0
13,LEFT_EAR,0.5337924957275391,0.5421391725540161,-0.013435847125947475,0,0
13,RIGHT_EAR,0.5385530591011047,0.5399771332740784,0.047811202704906464,0,0
13,MOUTH_LEFT,0.5301148295402527,0.5545811057090759,0.025230001658201218,0,0
13,MOUTH_RIGHT,0.5315463542938232,0.5541291832923889,0.04300399124622345,0,0
13,LEFT_SHOULDER,0.5364930033683777,0.5821266770362854,-0.07169089466333389,0,0
13,RIGHT_SHOULDER,0.5593196749687195,0.5808611512184143,0.08574672043323517,0,0
13,LEFT_ELBOW,0.5359914898872375,0.6523606181144714,-0.07252122461795807,0,0
13,RIGHT_ELBOW,0.5581852197647095,0.6426019668579102,0.11055149883031845,0,0
13,LEFT_WRIST,0.5137927532196045,0.6799132823944092,-0.01708630472421646,0,0
13,RIGHT_WRIST,0.5403595566749573,0.674705982208252,0.10388019680976868,0,0
13,LEFT_PINKY,0.5088488459587097,0.686855137348175,-0.021903080865740776,0,0
13,RIGHT_PINKY,0.53663569688797,0.68080073595047,0.10929270833730698,0,0
13,LEFT_INDEX,0.5076265931129456,0.6825231313705444,-0.019003411754965782,0,0
13,RIGHT_INDEX,0.5339282155036926,0.6789315938949585,0.09935957938432693,0,0
13,LEFT_THUMB,0.5096501708030701,0.6805114150047302,-0.013681991025805473,0,0
13,RIGHT_THUMB,0.5349092483520508,0.6757032871246338,0.09906414151191711,0,0
13,LEFT_HIP,0.5527480840682983,0.7003064751625061,-0.05136750638484955,0,0
13,RIGHT_HIP,0.5672616958618164,0.6952356696128845,0.05129462108016014,0,0
13,LEFT_KNEE,0.5386687517166138,0.788711428642273,-0.06306461989879608,0,0
13,RIGHT_KNEE,0.5520380139350891,0.7706696391105652,0.0941770151257515,0,0
13,LEFT_ANKLE,0.5590744018554688,0.8776111006736755,-0.06808065623044968,0,0
13,RIGHT_ANKLE,0.5654764175415039,0.8488819599151611,0.12448513507843018,0,0
13,LEFT_HEEL,0.5665035843849182,0.8952794075012207,-0.06917614489793777,0,0
13,RIGHT_HEEL,0.5714142322540283,0.8583530783653259,0.12713828682899475,0,0
13,LEFT_FOOT_INDEX,0.5343908667564392,0.892818033695221,-0.08954132348299026,0,0
13,RIGHT_FOOT_INDEX,0.5473124980926514,0.8591160774230957,0.12331394106149673,0,0
14,NOSE,0.5286471247673035,0.547102689743042,0.03656769543886185,0,0
14,LEFT_EYE_INNER,0.5300339460372925,0.5380175709724426,0.024342676624655724,0,0
14,LEFT_EYE,0.5301254987716675,0.5380962491035461,0.024332884699106216,0,0
14,LEFT_EYE_OUTER,0.5302406549453735,0.5382009148597717,0.02433900162577629,0,0
14,RIGHT_EYE_INNER,0.5311883091926575,0.5374231338500977,0.038767531514167786,0,0
14,RIGHT_EYE,0.5321616530418396,0.5370622277259827,0.03875785320997238,0,0
14,RIGHT_EYE_OUTER,0.5331871509552002,0.536685585975647,0.03870759159326553,0,0
14,LEFT_EAR,0.5339176654815674,0.5420610904693604,-0.015958311036229134,0,0
14,RIGHT_EAR,0.5385619401931763,0.539908230304718,0.04697568342089653,0,0
14,MOUTH_LEFT,0.5301539301872253,0.5546866059303284,0.02321203425526619,0,0
14,MOUTH_RIGHT,0.5315551161766052,0.5542029142379761,0.041496358811855316,0,0
14,LEFT_SHOULDER,0.5372539758682251,0.5819645524024963,-0.07345058768987656,0,0
14,RIGHT_SHOULDER,0.5593846440315247,0.580750584602356,0.08612005412578583,0,0
14,LEFT_ELBOW,0.5357235670089722,0.6521895527839661,-0.07216306030750275,0,0
14,RIGHT_ELBOW,0.5567682981491089,0.6414605975151062,0.11527702957391739,0,0
14,LEFT_WRIST,0.512044370174408,0.6765654683113098,-0.013919482007622719,0,0
14,RIGHT_WRIST,0.5365312099456787,0.6731091737747192,0.11343870311975479,0,0
14,LEFT_PINKY,0.5064263343811035,0.682235836982727,-0.01909778267145157,0,0
14,RIGHT_PINKY,0.5320790410041809,0.6775144338607788,0.1199769601225853,0,0
14,LEFT_INDEX,0.5050485134124756,0.6780769228935242,-0.016056492924690247,0,0
14,RIGHT_INDEX,0.5265775322914124,0.6769349575042725,0.1088675707578659,0,0
14,LEFT_THUMB,0.5074089765548706,0.6765707731246948,-0.01036075595766306,0,0
14,RIGHT_THUMB,0.5291057229042053,0.6741660237312317,0.10843047499656677,0,0
14,LEFT_HIP,0.5531107187271118,0.7002031803131104,-0.052020151168107986,0,0
14,RIGHT_HIP,0.5675216317176819,0.695232093334198,0.05195210129022598,0,0
14,LEFT_KNEE,0.5388020277023315,0.7888239622116089,-0.06252723187208176,0,0
14,RIGHT_KNEE,0.5523806214332581,0.772270917892456,0.093745656311512,0,0
14,LEFT_ANKLE,0.5590530633926392,0.8782942295074463,-0.06698708236217499,0,0
14,RIGHT_ANKLE,0.5655274987220764,0.8504038453102112,0.12472549080848694,0,0
14,LEFT_HEEL,0.566408097743988,0.8950502276420593,-0.06785450130701065,0,0
14,RIGHT_HEEL,0.5714905261993408,0.8601932525634766,0.12747947871685028,0,0
14,LEFT_FOOT_INDEX,0.5344727635383606,0.8936610221862793,-0.08711690455675125,0,0
14,RIGHT_FOOT_INDEX,0.5473175644874573,0.8600724339485168,0.1236778125166893,0,0
15,NOSE,0.5285804867744446,0.5478124022483826,0.025025319308042526,0,0
15,LEFT_EYE_INNER,0.5300161838531494,0.5384904742240906,0.013929860666394234,0,0
15,LEFT_EYE,0.5301252007484436,0.5385134816169739,0.013920730911195278,0,0
15,LEFT_EYE_OUTER,0.5302546620368958,0.5385608673095703,0.013927853666245937,0,0
15,RIGHT_EYE_INNER,0.5310536623001099,0.5379520058631897,0.028666425496339798,0,0
15,RIGHT_EYE,0.5319461226463318,0.537587583065033,0.02865799330174923,0,0
15,RIGHT_EYE_OUTER,0.5328658223152161,0.537201464176178,0.028620729222893715,0,0
15,LEFT_EAR,0.534142792224884,0.5421709418296814,-0.02094549685716629,0,0
15,RIGHT_EAR,0.5384818315505981,0.5401084423065186,0.04347904399037361,0,0
15,MOUTH_LEFT,0.5301865339279175,0.5551537275314331,0.013611571863293648,0,0
15,MOUTH_RIGHT,0.531527042388916,0.5547191500663757,0.032367344945669174,0,0
15,LEFT_SHOULDER,0.5386993288993835,0.5821188688278198,-0.07406485825777054,0,0
15,RIGHT_SHOULDER,0.5593865513801575,0.5811085104942322,0.08653269708156586,0,0
15,LEFT_ELBOW,0.5352588295936584,0.6516933441162109,-0.07215476036071777,0,0
15,RIGHT_ELBOW,0.5552951693534851,0.6412278413772583,0.11499805003404617,0,0
15,LEFT_WRIST,0.510371744632721,0.672805666923523,-0.01312991138547659,0,0
15,RIGHT_WRIST,0.5348870754241943,0.672878086566925,0.1107557937502861,0,0
15,LEFT_PINKY,0.504947304725647,0.6780730485916138,-0.01820077933371067,0,0
15,RIGHT_PINKY,0.5304470062255859,0.6787435412406921,0.11743512749671936,0,0
15,LEFT_INDEX,0.5034591555595398,0.674379289150238,-0.014763486571609974,0,0
15,RIGHT_INDEX,0.5244781374931335,0.6765594482421875,0.10833393782377243,0,0
15,LEFT_THUMB,0.5058051943778992,0.6732431054115295,-0.009312838315963745,0,0
15,RIGHT_THUMB,0.5253111720085144,0.6744414567947388,0.10608769953250885,0,0
15,LEFT_HIP,0.5542668104171753,0.6995382308959961,-0.052478425204753876,0,0
15,RIGHT_HIP,0.5681007504463196,0.6947592496871948,0.052414052188396454,0,0
15,LEFT_KNEE,0.5382663011550903,0.7881853580474854,-0.06171199306845665,0,0
15,RIGHT_KNEE,0.5526415705680847,0.7722984552383423,0.09155264496803284,0,0
15,LEFT_ANKLE,0.5587279200553894,0.8764185905456543,-0.05916958674788475,0,0
15,RIGHT_ANKLE,0.5643822550773621,0.8506099581718445,0.12000452727079391,0,0
15,LEFT_HEEL,0.5661299824714661,0.8916292786598206,-0.05913294479250908,0,0
15,RIGHT_HEEL,0.5711666345596313,0.8609616160392761,0.12227437645196915,0,0
15,LEFT_FOOT_INDEX,0.5350452065467834,0.8936154842376709,-0.07408200949430466,0,0
15,RIGHT_FOOT_INDEX,0.5468524694442749,0.8608343005180359,0.11819716542959213,0,0
16,NOSE,0.5285409688949585,0.548095703125,0.008315187878906727,0,0
16,LEFT_EYE_INNER,0.5300165414810181,0.5386718511581421,-0.0028108367696404457,0,0
16,LEFT_EYE,0.5301438570022583,0.5386799573898315,-0.002817073604092002,0,0
16,LEFT_EYE_OUTER,0.5303195714950562,0.5387111902236938,-0.002814010251313448,0,0
16,RIGHT_EYE_INNER,0.5310068130493164,0.5381693243980408,0.013077269308269024,0,0
16,RIGHT_EYE,0.5318635702133179,0.5378193259239197,0.01307065412402153,0,0
16,RIGHT_EYE_OUTER,0.5327409505844116,0.5374423265457153,0.013044607825577259,0,0
16,LEFT_EAR,0.5344426035881042,0.5422746539115906,-0.03379928693175316,0,0
16,RIGHT_EAR,0.5384795069694519,0.5402628779411316,0.03601236268877983,0,0
16,MOUTH_LEFT,0.5302321910858154,0.5553659796714783,-0.001613641157746315,0,0
16,MOUTH_RIGHT,0.5315161347389221,0.5549861192703247,0.01870310865342617,0,0
16,LEFT_SHOULDER,0.53981614112854,0.5825410485267639,-0.08188959956169128,0,0
16,RIGHT_SHOULDER,0.5587079524993896,0.5811405777931213,0.08674626797437668,0,0
16,LEFT_ELBOW,0.5339776873588562,0.6515243053436279,-0.07342488318681717,0,0
16,RIGHT_ELBOW,0.5498248338699341,0.6411827802658081,0.11466025561094284,0,0
16,LEFT_WRIST,0.5091000199317932,0.6703731417655945,-0.011105651035904884,0,0
16,RIGHT_WRIST,0.5264129638671875,0.6726532578468323,0.0969754159450531,0,0
16,LEFT_PINKY,0.5040755271911621,0.6747689247131348,-0.01731899194419384,0,0
16,RIGHT_PINKY,0.5178961157798767,0.6779090166091919,0.10077209770679474,0,0
16,LEFT_INDEX,0.5024224519729614,0.6711119413375854,-0.014315342530608177,0,0
16,RIGHT_INDEX,0.5144152641296387,0.6760169267654419,0.08763207495212555,0,0
16,LEFT_THUMB,0.5045802593231201,0.6701239347457886,-0.007404661271721125,0,0
16,RIGHT_THUMB,0.5172998905181885,0.6743789315223694,0.09080078452825546,0,0
16,LEFT_HIP,0.5560538172721863,0.6994876265525818,-0.05421815067529678,0,0
16,RIGHT_HIP,0.5680217742919922,0.6944215893745422,0.0541887991130352,0,0
16,LEFT_KNEE,0.5379675626754761,0.7849355340003967,-0.06411968171596527,0,0
16,RIGHT_KNEE,0.5514833927154541,0.7723274827003479,0.09864577651023865,0,0
16,LEFT_ANKLE,0.5581775307655334,0.8720961809158325,-0.06320825219154358,0,0
16,RIGHT_ANKLE,0.5625965595245361,0.8507312536239624,0.13231833279132843,0,0
16,LEFT_HEEL,0.5660276412963867,0.8878395557403564,-0.06367440521717072,0,0
16,RIGHT_HEEL,0.5707480907440186,0.8630805611610413,0.1349877417087555,0,0
16,LEFT_FOOT_INDEX,0.5349730253219604,0.8935835957527161,-0.08149655163288116,0,0
16,RIGHT_FOOT_INDEX,0.5443555116653442,0.8614458441734314,0.1301296502351761,0,0
17,NOSE,0.5285422801971436,0.548603892326355,0.008445984683930874,0,0
17,LEFT_EYE_INNER,0.5300295352935791,0.5390582084655762,-0.0025799686554819345,0,0
17,LEFT_EYE,0.5301842093467712,0.53904128074646,-0.002584129339084029,0,0
17,LEFT_EYE_OUTER,0.5304005146026611,0.539045512676239,-0.002580312080681324,0,0
17,RIGHT_EYE_INNER,0.5310018658638,0.5385939478874207,0.013009266927838326,0,0
17,RIGHT_EYE,0.5318421721458435,0.5382499098777771,0.013001784682273865,0,0
17,RIGHT_EYE_OUTER,0.532702624797821,0.5378671288490295,0.012975899502635002,0,0
17,LEFT_EAR,0.5346241593360901,0.5424671173095703,-0.03364364802837372,0,0
17,RIGHT_EAR,0.5384805202484131,0.5404972434043884,0.03496713191270828,0,0
17,MOUTH_LEFT,0.5303207635879517,0.5557541847229004,-0.0015379776014015079,0,0
17,MOUTH_RIGHT,0.5315184593200684,0.5554396510124207,0.018396295607089996,0,0
17,LEFT_SHOULDER,0.5401410460472107,0.5831093192100525,-0.08151354640722275,0,0
17,RIGHT_SHOULDER,0.5586068630218506,0.5812535285949707,0.08622656017541885,0,0
17,LEFT_ELBOW,0.5335663557052612,0.6513306498527527,-0.07348299026489258,0,0
17,RIGHT_ELBOW,0.5486074686050415,0.641132652759552,0.11290616542100906,0,0
17,LEFT_WRIST,0.5090651512145996,0.6697250008583069,-0.012724374420940876,0,0
17,RIGHT_WRIST,0.5256920456886292,0.6722810864448547,0.09288614243268967,0,0
17,LEFT_PINKY,0.5043375492095947,0.6745017766952515,-0.01929410547018051,0,0
17,RIGHT_PINKY,0.5169420838356018,0.6776683926582336,0.09648170322179794,0,0
17,LEFT_INDEX,0.5025075674057007,0.6705684661865234,-0.01621912606060505,0,0
17,RIGHT_INDEX,0.5130041241645813,0.6754066944122314,0.08327330648899078,0,0
17,LEFT_THUMB,0.5045379400253296,0.6693568825721741,-0.009093906730413437,0,0
17,RIGHT_THUMB,0.5163231492042542,0.6739686727523804,0.08673551678657532,0,0
17,LEFT_HIP,0.5567331314086914,0.6990476846694946,-0.05450356751680374,0,0
17,RIGHT_HIP,0.5679944157600403,0.6941312551498413,0.05447957664728165,0,0
17,LEFT_KNEE,0.5377456545829773,0.7831630706787109,-0.06410524249076843,0,0
17,RIGHT_KNEE,0.5511918663978577,0.7723198533058167,0.10068812221288681,0,0
17,LEFT_ANKLE,0.5578223466873169,0.8710651993751526,-0.0641588643193245,0,0
17,RIGHT_ANKLE,0.5620977878570557,0.8507418036460876,0.13555532693862915,0,0
17,LEFT_HEEL,0.5659791827201843,0.8869348764419556,-0.06461133807897568,0,0
17,RIGHT_HEEL,0.5706034898757935,0.8635216951370239,0.13837581872940063,0,0
17,LEFT_FOOT_INDEX,0.5349293947219849,0.8935554027557373,-0.0835237205028534,0,0
17,RIGHT_FOOT_INDEX,0.5439172387123108,0.8615456819534302,0.13342468440532684,0,0
18,NOSE,0.5285434126853943,0.5496813654899597,-0.0050362637266516685,0,0
18,LEFT_EYE_INNER,0.5300502777099609,0.5399231910705566,-0.01644224114716053,0,0
18,LEFT_EYE,0.5302488803863525,0.5398727655410767,-0.016445759683847427,0,0
18,LEFT_EYE_OUTER,0.5305317640304565,0.539829671382904,-0.016438327729701996,0,0
18,RIGHT_EYE_INNER,0.5309854745864868,0.5394918918609619,-0.0005186175694689155,0,0
18,RIGHT_EYE,0.5318042039871216,0.5391383767127991,-0.0005249747191555798,0,0
18,RIGHT_EYE_OUTER,0.5326412320137024,0.5387406945228577,-0.0005460359388962388,0,0
18,LEFT_EAR,0.5349401831626892,0.5431649684906006,-0.04625541344285011,0,0
18,RIGHT_EAR,0.5384841561317444,0.5413256883621216,0.0240580253303051,0,0
18,MOUTH_LEFT,0.5304945707321167,0.556710958480835,-0.014322197996079922,0,0
18,MOUTH_RIGHT,0.5315251350402832,0.5564896464347839,0.006108052562922239,0,0
18,LEFT_SHOULDER,0.5413337349891663,0.5835553407669067,-0.09035646170377731,0,0
18,RIGHT_SHOULDER,0.5582157969474792,0.5814739465713501,0.07877754420042038,0,0
18,LEFT_ELBOW,0.5333552956581116,0.6512442231178284,-0.08296781033277512,0,0
18,RIGHT_ELBOW,0.547397255897522,0.6405099630355835,0.10635329782962799,0,0
18,LEFT_WRIST,0.507800281047821,0.6675611138343811,-0.01853242702782154,0,0
18,RIGHT_WRIST,0.5214402079582214,0.6713840961456299,0.08625592291355133,0,0
18,LEFT_PINKY,0.502973198890686,0.6728626489639282,-0.028103534132242203,0,0
18,RIGHT_PINKY,0.5116212964057922,0.6764397621154785,0.0889606773853302,0,0
18,LEFT_INDEX,0.5011399984359741,0.6686477065086365,-0.025144943967461586,0,0
18,RIGHT_INDEX,0.51055908203125,0.6743760108947754,0.07516871392726898,0,0
18,LEFT_THUMB,0.5031895637512207,0.6672085523605347,-0.01496763527393341,0,0
18,RIGHT_THUMB,0.5123842358589172,0.6729077100753784,0.07983024418354034,0,0
18,LEFT_HIP,0.5572518110275269,0.6999345421791077,-0.05461518093943596,0,0
18,RIGHT_HIP,0.5674488544464111,0.6943261623382568,0.05459482595324516,0,0
18,LEFT_KNEE,0.5376017689704895,0.7810486555099487,-0.05846179649233818,0,0
18,RIGHT_KNEE,0.5509239435195923,0.7715930342674255,0.10641850531101227,0,0
18,LEFT_ANKLE,0.557763934135437,0.8684729933738708,-0.04814327880740166,0,0
18,RIGHT_ANKLE,0.5615481734275818,0.8501334190368652,0.1474972516298294,0,0
18,LEFT_HEEL,0.5658321380615234,0.8832501173019409,-0.047635890543460846,0,0
18,RIGHT_HEEL,0.570419430732727,0.8635786771774292,0.1509365439414978,0,0
18,LEFT_FOOT_INDEX,0.5354057550430298,0.8913818001747131,-0.06785145401954651,0,0
18,RIGHT_FOOT_INDEX,0.5430909395217896,0.8615238070487976,0.14538554847240448,0,0
19,NOSE,0.5285124778747559,0.5507667660713196,-0.01283283531665802,0,0
19,LEFT_EYE_INNER,0.5300577878952026,0.5408897399902344,-0.024069899693131447,0,0
19,LEFT_EYE,0.5302985310554504,0.5407924652099609,-0.02407791092991829,0,0
19,LEFT_EYE_OUTER,0.5306519865989685,0.5406969785690308,-0.024071170017123222,0,0
19,RIGHT_EYE_INNER,0.5308927297592163,0.5405102968215942,-0.007668106351047754,0,0
19,RIGHT_EYE,0.5316421389579773,0.5401290059089661,-0.00767395319417119,0,0
19,RIGHT_EYE_OUTER,0.5324097871780396,0.5396942496299744,-0.00768848042935133,0,0
19,LEFT_EAR,0.5353089570999146,0.543884813785553,-0.05251951515674591,0,0
19,RIGHT_EAR,0.5383710265159607,0.5420474410057068,0.02013019099831581,0,0
19,MOUTH_LEFT,0.5305707454681396,0.5574900507926941,-0.021705392748117447,0,0
19,MOUTH_RIGHT,0.5314719080924988,0.557401180267334,-0.0005890060565434396,0,0
19,LEFT_SHOULDER,0.5434749126434326,0.5837278366088867,-0.09680350124835968,0,0
19,RIGHT_SHOULDER,0.5567495226860046,0.5816575884819031,0.076508529484272,0,0
19,LEFT_ELBOW,0.5332931876182556,0.6500232219696045,-0.09426165372133255,0,0
19,RIGHT_ELBOW,0.5429383516311646,0.6419421434402466,0.10342863202095032,0,0
19,LEFT_WRIST,0.5072153210639954,0.6652572154998779,-0.04025508463382721,0,0
19,RIGHT_WRIST,0.5129920244216919,0.669729471206665,0.07749398052692413,0,0
19,LEFT_PINKY,0.5019339323043823,0.6698529124259949,-0.0507252998650074,0,0
19,RIGHT_PINKY,0.5074329972267151,0.673693060874939,0.07915378361940384,0,0
19,LEFT_INDEX,0.49942952394485474,0.6644477844238281,-0.0473710373044014,0,0
19,RIGHT_INDEX,0.5066539645195007,0.6715811491012573,0.06413410604000092,0,0
19,LEFT_THUMB,0.5017951726913452,0.6636543869972229,-0.036897946149110794,0,0
19,RIGHT_THUMB,0.5083600878715515,0.6706234216690063,0.07021777331829071,0,0
19,LEFT_HIP,0.5587736964225769,0.7005259990692139,-0.0549292229115963,0,0
19,RIGHT_HIP,0.5661726593971252,0.6949925422668457,0.0549098402261734,0,0
19,LEFT_KNEE,0.5376853346824646,0.7794583439826965,-0.054347649216651917,0,0
19,RIGHT_KNEE,0.5489910840988159,0.7715162038803101,0.0929633155465126,0,0
19,LEFT_ANKLE,0.5577808022499084,0.8646669983863831,-0.028087113052606583,0,0
19,RIGHT_ANKLE,0.5606239438056946,0.8508768677711487,0.12960249185562134,0,0
19,LEFT_HEEL,0.5659745335578918,0.8792481422424316,-0.025768117979168892,0,0
19,RIGHT_HEEL,0.5695247054100037,0.8651807308197021,0.13208672404289246,0,0
19,LEFT_FOOT_INDEX,0.5371812582015991,0.8884048461914062,-0.04196343198418617,0,0
19,RIGHT_FOOT_INDEX,0.5415335297584534,0.8669275045394897,0.12085190415382385,0,0
20,NOSE,0.5285198092460632,0.5509861707687378,-0.014741793274879456,0,0
20,LEFT_EYE_INNER,0.5301005244255066,0.5411328077316284,-0.026095574721693993,0,0
20,LEFT_EYE,0.530377209186554,0.5410441756248474,-0.026103297248482704,0,0
20,LEFT_EYE_OUTER,0.5307599306106567,0.5409497022628784,-0.026097791269421577,0,0
20,RIGHT_EYE_INNER,0.5308916568756104,0.5407007336616516,-0.009943070821464062,0,0
20,RIGHT_EYE,0.5316289067268372,0.5403027534484863,-0.009950012899935246,0,0
20,RIGHT_EYE_OUTER,0.5323821306228638,0.5398532152175903,-0.009965429082512856,0,0
20,LEFT_EAR,0.5354634523391724,0.5441505908966064,-0.054685451090335846,0,0
20,RIGHT_EAR,0.5383636355400085,0.5423102974891663,0.01674208790063858,0,0
20,MOUTH_LEFT,0.5307027697563171,0.557824969291687,-0.02361583709716797,0,0
20,MOUTH_RIGHT,0.5314779877662659,0.5577546954154968,-0.0028730907943099737,0,0
20,LEFT_SHOULDER,0.5435338616371155,0.5842868089675903,-0.09809830039739609,0,0
20,RIGHT_SHOULDER,0.5561730265617371,0.5817004442214966,0.07301730662584305,0,0
20,LEFT_ELBOW,0.5331740975379944,0.6498027443885803,-0.09198296070098877,0,0
20,RIGHT_ELBOW,0.5430771112442017,0.6422060132026672,0.09968939423561096,0,0
20,LEFT_WRIST,0.5076668858528137,0.6644130945205688,-0.034539710730314255,0,0
20,RIGHT_WRIST,0.5145087838172913,0.6679323315620422,0.07594137638807297,0,0
20,LEFT_PINKY,0.5023577809333801,0.6698469519615173,-0.043416690081357956,0,0
20,RIGHT_PINKY,0.5083186626434326,0.6730541586875916,0.0776873379945755,0,0
20,LEFT_INDEX,0.49997127056121826,0.6643847227096558,-0.04048716276884079,0,0
20,RIGHT_INDEX,0.5075878500938416,0.670775830745697,0.0632556676864624,0,0
20,LEFT_THUMB,0.5021311640739441,0.6630452871322632,-0.031237103044986725,0,0
20,RIGHT_THUMB,0.5093715190887451,0.6694054007530212,0.06898519396781921,0,0
20,LEFT_HIP,0.5586553812026978,0.7010964155197144,-0.05481209233403206,0,0
20,RIGHT_HIP,0.5656099915504456,0.6952252388000488,0.054786667227745056,0,0
20,LEFT_KNEE,0.5377981066703796,0.7791155576705933,-0.050614822655916214,0,0
20,RIGHT_KNEE,0.5490525364875793,0.7715147137641907,0.08596933633089066,0,0
20,LEFT_ANKLE,0.5581200122833252,0.8635512590408325,-0.020518485456705093,0,0
20,RIGHT_ANKLE,0.5605879426002502,0.8517044186592102,0.11688714474439621,0,0
20,LEFT_HEEL,0.5662708282470703,0.8780528903007507,-0.017733236774802208,0,0
20,RIGHT_HEEL,0.569112241268158,0.8666893243789673,0.11887169629335403,0,0
20,LEFT_FOOT_INDEX,0.5380510687828064,0.8871679306030273,-0.030900008976459503,0,0
20,RIGHT_FOOT_INDEX,0.540657103061676,0.8696721196174622,0.10965707153081894,0,0
21,NOSE,0.528518557548523,0.5511720180511475,-0.019619226455688477,0,0
21,LEFT_EYE_INNER,0.5301125049591064,0.5414049029350281,-0.030930528417229652,0,0
21,LEFT_EYE,0.5304298996925354,0.541267454624176,-0.03094276785850525,0,0
21,LEFT_EYE_OUTER,0.5308678150177002,0.5411148071289062,-0.030942875891923904,0,0
21,RIGHT_EYE_INNER,0.5308306813240051,0.5410216450691223,-0.014194556511938572,0,0
21,RIGHT_EYE,0.5315173268318176,0.5406042337417603,-0.014197488315403461,0,0
21,RIGHT_EYE_OUTER,0.5322151184082031,0.5401312708854675,-0.014205771498382092,0,0
21,LEFT_EAR,0.5357836484909058,0.5441485643386841,-0.058645036071538925,0,0
21,RIGHT_EAR,0.5382056832313538,0.5425054430961609,0.015590457245707512,0,0
21,MOUTH_LEFT,0.5308333039283752,0.5579742789268494,-0.02822243981063366,0,0
21,MOUTH_RIGHT,0.5314728617668152,0.5580466389656067,-0.006626940798014402,0,0
21,LEFT_SHOULDER,0.544883668422699,0.5840997695922852,-0.1036083996295929,0,0
21,RIGHT_SHOULDER,0.5555689930915833,0.5819972157478333,0.0744645744562149,0,0
21,LEFT_ELBOW,0.5330353379249573,0.6478103399276733,-0.1023077443242073,0,0
21,RIGHT_ELBOW,0.5410563349723816,0.6422386169433594,0.10125640034675598,0,0
21,LEFT_WRIST,0.5070606470108032,0.6621291637420654,-0.050683796405792236,0,0
21,RIGHT_WRIST,0.5117141008377075,0.665218710899353,0.07386375218629837,0,0
21,LEFT_PINKY,0.5015470385551453,0.6679843664169312,-0.062281593680381775,0,0
21,RIGHT_PINKY,0.5058638453483582,0.669777512550354,0.0749354213476181,0,0
21,LEFT_INDEX,0.49895912408828735,0.6619239449501038,-0.05834251642227173,0,0
21,RIGHT_INDEX,0.5051349401473999,0.6668547987937927,0.06006517633795738,0,0
21,LEFT_THUMB,0.5008699893951416,0.6601310968399048,-0.047203727066516876,0,0
21,RIGHT_THUMB,0.5066357851028442,0.665489912033081,0.06644277274608612,0,0
21,LEFT_HIP,0.56022047996521,0.7009982466697693,-0.05597803741693497,0,0
21,RIGHT_HIP,0.5649069547653198,0.6955528855323792,0.05595821887254715,0,0
21,LEFT_KNEE,0.5380327105522156,0.7783953547477722,-0.05177617073059082,0,0
21,RIGHT_KNEE,0.5458889603614807,0.7714868783950806,0.08786256611347198,0,0
21,LEFT_ANKLE,0.5587469935417175,0.8614285588264465,-0.02002044767141342,0,0
21,RIGHT_ANKLE,0.5602254867553711,0.8514861464500427,0.12445814162492752,0,0
21,LEFT_HEEL,0.5670181512832642,0.8765109181404114,-0.0169585719704628,0,0
21,RIGHT_HEEL,0.5683329105377197,0.8664818406105042,0.12750284373760223,0,0
21,LEFT_FOOT_INDEX,0.5393812656402588,0.8835364580154419,-0.033614132553339005,0,0
21,RIGHT_FOOT_INDEX,0.5402458310127258,0.8690431118011475,0.11651478707790375,0,0
22,NOSE,0.5285941362380981,0.5510630011558533,-0.017944226041436195,0,0
22,LEFT_EYE_INNER,0.5303895473480225,0.541341245174408,-0.029419107362627983,0,0
22,LEFT_EYE,0.5308120846748352,0.5412068963050842,-0.02943950705230236,0,0
22,LEFT_EYE_OUTER,0.5313236117362976,0.5410609245300293,-0.029441598802804947,0,0
22,RIGHT_EYE_INNER,0.530860960483551,0.5409664511680603,-0.012274976819753647,0,0
22,RIGHT_EYE,0.5315195322036743,0.5405567288398743,-0.01227634958922863,0,0
22,RIGHT_EYE_OUTER,0.5322137475013733,0.5400946140289307,-0.01228890661150217,0,0
22,LEFT_EAR,0.5364187359809875,0.5441046357154846,-0.05842312052845955,0,0
22,RIGHT_EAR,0.5381606817245483,0.5425401329994202,0.017911599949002266,0,0
22,MOUTH_LEFT,0.5311495065689087,0.5578934550285339,-0.027084747329354286,0,0
22,MOUTH_RIGHT,0.5314751267433167,0.5579355359077454,-0.004863564856350422,0,0
22,LEFT_SHOULDER,0.54648756980896,0.580842912197113,-0.10489308834075928,0,0
22,RIGHT_SHOULDER,0.554623007774353,0.5818319916725159,0.07618249207735062,0,0
22,LEFT_ELBOW,0.5328075289726257,0.6445708274841309,-0.11223313212394714,0,0
22,RIGHT_ELBOW,0.5383766889572144,0.6421480774879456,0.10247467458248138,0,0
22,LEFT_WRIST,0.5064219236373901,0.660590648651123,-0.07611407339572906,0,0
22,RIGHT_WRIST,0.5101375579833984,0.6644334197044373,0.07068029046058655,0,0
22,LEFT_PINKY,0.501083254814148,0.6666529178619385,-0.09011112153530121,0,0
22,RIGHT_PINKY,0.50429368019104,0.6692913770675659,0.07121403515338898,0,0
22,LEFT_INDEX,0.49846014380455017,0.6608151197433472,-0.08518319576978683,0,0
22,RIGHT_INDEX,0.5034540295600891,0.6662710309028625,0.055649206042289734,0,0
22,LEFT_THUMB,0.5003703236579895,0.6592881083488464,-0.07256390899419785,0,0
22,RIGHT_THUMB,0.5051165223121643,0.664948046207428,0.06272365152835846,0,0
22,LEFT_HIP,0.5611904859542847,0.7009578943252563,-0.05701710283756256,0,0
22,RIGHT_HIP,0.5632940530776978,0.6959400773048401,0.05698467418551445,0,0
22,LEFT_KNEE,0.5397454500198364,0.7787797451019287,-0.0518333800137043,0,0
22,RIGHT_KNEE,0.5441280603408813,0.7724241614341736,0.09192589670419693,0,0
22,LEFT_ANKLE,0.5613375902175903,0.858559787273407,-0.01876879669725895,0,0
22,RIGHT_ANKLE,0.5598072409629822,0.8505657315254211,0.14025822281837463,0,0
22,LEFT_HEEL,0.5704849362373352,0.8725212216377258,-0.015682855620980263,0,0
22,RIGHT_HEEL,0.5670950412750244,0.8648058176040649,0.1441948413848877,0,0
22,LEFT_FOOT_INDEX,0.5417593121528625,0.8829327821731567,-0.034728679805994034,0,0
22,RIGHT_FOOT_INDEX,0.5390533804893494,0.8685803413391113,0.13453975319862366,0,0
23,NOSE,0.5286388993263245,0.5509532690048218,-0.01778241991996765,0,0
23,LEFT_EYE_INNER,0.5305423736572266,0.5412564873695374,-0.02921164594590664,0,0
23,LEFT_EYE,0.5310173630714417,0.5411070585250854,-0.029230011627078056,0,0
23,LEFT_EYE_OUTER,0.5315601229667664,0.5409525632858276,-0.029229799285531044,0,0
23,RIGHT_EYE_INNER,0.530875027179718,0.5409159064292908,-0.012138890102505684,0,0
23,RIGHT_EYE,0.5315223336219788,0.5405148267745972,-0.012141106650233269,0,0
23,RIGHT_EYE_OUTER,0.5322080254554749,0.5400634407997131,-0.01215563528239727,0,0
23,LEFT_EAR,0.5367591977119446,0.5439425706863403,-0.0586262010037899,0,0
23,RIGHT_EAR,0.5381260514259338,0.5425280928611755,0.01755787804722786,0,0
23,MOUTH_LEFT,0.5313475131988525,0.5577791929244995,-0.02706119418144226,0,0
23,MOUTH_RIGHT,0.5314767956733704,0.5579185485839844,-0.004924136679619551,0,0
23,LEFT_SHOULDER,0.5478617548942566,0.5790340900421143,-0.10514970868825912,0,0
23,RIGHT_SHOULDER,0.5542011857032776,0.5813183188438416,0.07613544911146164,0,0
23,LEFT_ELBOW,0.5328314304351807,0.6413698792457581,-0.1089535653591156,0,0
23,RIGHT_ELBOW,0.5373756289482117,0.6418946981430054,0.10322830080986023,0,0
23,LEFT_WRIST,0.5065255761146545,0.6582830548286438,-0.06860049813985825,0,0
23,RIGHT_WRIST,0.5103410482406616,0.6635569930076599,0.07446963340044022,0,0
23,LEFT_PINKY,0.5010401010513306,0.6644865274429321,-0.08111827075481415,0,0
23,RIGHT_PINKY,0.5042099356651306,0.6687823534011841,0.07489550113677979,0,0
23,LEFT_INDEX,0.49851295351982117,0.6587975025177002,-0.07739415764808655,0,0
23,RIGHT_INDEX,0.5031315088272095,0.6658849120140076,0.06001199781894684,0,0
23,LEFT_THUMB,0.5004228949546814,0.6572529673576355,-0.06525344401597977,0,0
23,RIGHT_THUMB,0.5047924518585205,0.6644279360771179,0.06680800020694733,0,0
23,LEFT_HIP,0.561399519443512,0.7009475231170654,-0.056932080537080765,0,0
23,RIGHT_HIP,0.5622936487197876,0.6962035298347473,0.05688793584704399,0,0
23,LEFT_KNEE,0.5424240827560425,0.7797353267669678,-0.04672829061746597,0,0
23,RIGHT_KNEE,0.5434324145317078,0.7730015516281128,0.10035442560911179,0,0
23,LEFT_ANKLE,0.5642881393432617,0.8602970242500305,-0.014381945133209229,0,0
23,RIGHT_ANKLE,0.5599895715713501,0.8498812317848206,0.15920355916023254,0,0
23,LEFT_HEEL,0.5733545422554016,0.8748207092285156,-0.011682091280817986,0,0
23,RIGHT_HEEL,0.5667746067047119,0.862345814704895,0.164338618516922,0,0
23,LEFT_FOOT_INDEX,0.5435658097267151,0.8835552334785461,-0.03467482328414917,0,0
23,RIGHT_FOOT_INDEX,0.5391407012939453,0.8682234883308411,0.15681767463684082,0,0
24,NOSE,0.5289126634597778,0.5509267449378967,-0.0156645979732275,0,0
24,LEFT_EYE_INNER,0.530822217464447,0.5412384867668152,-0.02706334926187992,0,0
24,LEFT_EYE,0.5313037633895874,0.5410884022712708,-0.027080612257122993,0,0
24,LEFT_EYE_OUTER,0.5318357944488525,0.5409358143806458,-0.02707669325172901,0,0
24,RIGHT_EYE_INNER,0.5310698747634888,0.5408867001533508,-0.010161606594920158,0,0
24,RIGHT_EYE,0.5316827297210693,0.5404806733131409,-0.01016454678028822,0,0
24,RIGHT_EYE_OUTER,0.53233802318573,0.5400263071060181,-0.010179543867707253,0,0
24,LEFT_EAR,0.537072479724884,0.5439175963401794,-0.056862201541662216,0,0
24,RIGHT_EAR,0.5381885170936584,0.542492687702179,0.01848600246012211,0,0
24,MOUTH_LEFT,0.5317137241363525,0.5577459335327148,-0.025044167414307594,0,0
24,MOUTH_RIGHT,0.531647264957428,0.5578932762145996,-0.0031353936064988375,0,0
24,LEFT_SHOULDER,0.548599123954773,0.5791137218475342,-0.10277916491031647,0,0
24,RIGHT_SHOULDER,0.5542953014373779,0.5812210440635681,0.07590591162443161,0,0
24,LEFT_ELBOW,0.5327603220939636,0.6403898596763611,-0.10912538319826126,0,0
24,RIGHT_ELBOW,0.536673903465271,0.6411961913108826,0.10349086672067642,0,0
24,LEFT_WRIST,0.5059081315994263,0.6577713489532471,-0.07811474055051804,0,0
24,RIGHT_WRIST,0.5101022124290466,0.6630459427833557,0.07748744636774063,0,0
24,LEFT_PINKY,0.4999024271965027,0.6630254983901978,-0.09184373915195465,0,0
24,RIGHT_PINKY,0.5035851001739502,0.6677111983299255,0.07934697717428207,0,0
24,LEFT_INDEX,0.4974331557750702,0.6573119163513184,-0.08765290677547455,0,0
24,RIGHT_INDEX,0.5023061633110046,0.6643079519271851,0.06505432724952698,0,0
24,LEFT_THUMB,0.49945536255836487,0.6560295224189758,-0.07486656308174133,0,0
24,RIGHT_THUMB,0.5040323138237,0.6630380749702454,0.07055319845676422,0,0
24,LEFT_HIP,0.56075119972229,0.7013781666755676,-0.05680109187960625,0,0
24,RIGHT_HIP,0.5617431998252869,0.696495771408081,0.05675874277949333,0,0
24,LEFT_KNEE,0.5431849956512451,0.7806445956230164,-0.04768717288970947,0,0
24,RIGHT_KNEE,0.542914092540741,0.7730423212051392,0.09873492270708084,0,0
24,LEFT_ANKLE,0.5648487210273743,0.860383152961731,-0.02083512768149376,0,0
24,RIGHT_ANKLE,0.559751570224762,0.8490568399429321,0.1555223912000656,0,0
24,LEFT_HEEL,0.5733532309532166,0.875201940536499,-0.018812209367752075,0,0
24,RIGHT_HEEL,0.5658726096153259,0.8609723448753357,0.16071099042892456,0,0
24,LEFT_FOOT_INDEX,0.5434598922729492,0.8839032649993896,-0.042717285454273224,0,0
24,RIGHT_FOOT_INDEX,0.5388149619102478,0.8676545023918152,0.15385518968105316,0,0
25,NOSE,0.5290405750274658,0.5516828894615173,-0.021237514913082123,0,0
25,LEFT_EYE_INNER,0.5309546589851379,0.5418851375579834,-0.03311927616596222,0,0
25,LEFT_EYE,0.5314785838127136,0.541686475276947,-0.03313888981938362,0,0
25,LEFT_EYE_OUTER,0.5320609211921692,0.5414572358131409,-0.03313716873526573,0,0
25,RIGHT_EYE_INNER,0.5311118960380554,0.5414915084838867,-0.015904944390058517,0,0
25,RIGHT_EYE,0.5317109227180481,0.5410093665122986,-0.015909601002931595,0,0
25,RIGHT_EYE_OUTER,0.5323611497879028,0.5404518246650696,-0.01592450775206089,0,0
25,LEFT_EAR,0.5375167727470398,0.544120192527771,-0.06302482634782791,0,0
25,RIGHT_EAR,0.5382203459739685,0.5426689386367798,0.013794450089335442,0,0
25,MOUTH_LEFT,0.5320778489112854,0.5581927299499512,-0.03044244647026062,0,0
25,MOUTH_RIGHT,0.5317918658256531,0.5583644509315491,-0.008123552426695824,0,0
25,LEFT_SHOULDER,0.5508015155792236,0.5792794823646545,-0.10784535109996796,0,0
25,RIGHT_SHOULDER,0.5544572472572327,0.5810699462890625,0.07191283255815506,0,0
25,LEFT_ELBOW,0.5327786207199097,0.6402861475944519,-0.11530671268701553,0,0
25,RIGHT_ELBOW,0.536087155342102,0.640175998210907,0.1038074865937233,0,0
25,LEFT_WRIST,0.5053684711456299,0.6571959853172302,-0.08371853083372116,0,0
25,RIGHT_WRIST,0.5086020827293396,0.6607303023338318,0.08069800585508347,0,0
25,LEFT_PINKY,0.4991549551486969,0.6626091003417969,-0.0972636491060257,0,0
25,RIGHT_PINKY,0.5022121071815491,0.6648783087730408,0.08003358542919159,0,0
25,LEFT_INDEX,0.49680277705192566,0.6570698022842407,-0.09399443119764328,0,0
25,RIGHT_INDEX,0.5006818175315857,0.6615839004516602,0.06565902382135391,0,0
25,LEFT_THUMB,0.49893462657928467,0.6557266712188721,-0.08076723664999008,0,0
25,RIGHT_THUMB,0.5028241276741028,0.6604251265525818,0.07294713705778122,0,0
25,LEFT_HIP,0.5611146688461304,0.703050971031189,-0.056618764996528625,0,0
25,RIGHT_HIP,0.5606585144996643,0.6982412934303284,0.05657484754920006,0,0
25,LEFT_KNEE,0.5436357855796814,0.7824228405952454,-0.04801012948155403,0,0
25,RIGHT_KNEE,0.540400505065918,0.7724311947822571,0.09806909412145615,0,0
25,LEFT_ANKLE,0.5650841593742371,0.8613757491111755,-0.01953144744038582,0,0
25,RIGHT_ANKLE,0.5589489340782166,0.8461024165153503,0.15783803164958954,0,0
25,LEFT_HEEL,0.573502242565155,0.876254141330719,-0.017074350267648697,0,0
25,RIGHT_HEEL,0.5644272565841675,0.8555393218994141,0.16369245946407318,0,0
25,LEFT_FOOT_INDEX,0.5437857508659363,0.8842322826385498,-0.03944450989365578,0,0
25,RIGHT_FOOT_INDEX,0.5379603505134583,0.8657271862030029,0.15968342125415802,0,0
26,NOSE,0.5291517376899719,0.55180823802948,-0.024616507813334465,0,0
26,LEFT_EYE_INNER,0.5310620069503784,0.5420947074890137,-0.03627718985080719,0,0
26,LEFT_EYE,0.5316282510757446,0.5418647527694702,-0.03629961982369423,0,0
26,LEFT_EYE_OUTER,0.5322501063346863,0.5415939688682556,-0.03630129247903824,0,0
26,RIGHT_EYE_INNER,0.5311363935470581,0.5417625308036804,-0.019125105813145638,0,0
26,RIGHT_EYE,0.5317230820655823,0.5412846803665161,-0.01912763901054859,0,0
26,RIGHT_EYE_OUTER,0.5323678255081177,0.5407000184059143,-0.019142409786581993,0,0
26,LEFT_EAR,0.5378371477127075,0.5441279411315918,-0.06501594930887222,0,0
26,RIGHT_EAR,0.5382419228553772,0.542744517326355,0.01169417891651392,0,0
26,MOUTH_LEFT,0.5324575304985046,0.5582718253135681,-0.03339139744639397,0,0
26,MOUTH_RIGHT,0.5319811701774597,0.5584753155708313,-0.011102135293185711,0,0
26,LEFT_SHOULDER,0.5516712069511414,0.5792550444602966,-0.11013844609260559,0,0
26,RIGHT_SHOULDER,0.5542891025543213,0.5809299945831299,0.07073885947465897,0,0
26,LEFT_ELBOW,0.5328566431999207,0.6398766040802002,-0.1182222068309784,0,0
26,RIGHT_ELBOW,0.5354917645454407,0.6399274468421936,0.10324456542730331,0,0
26,LEFT_WRIST,0.5053902268409729,0.656574010848999,-0.08786620199680328,0,0
26,RIGHT_WRIST,0.5077314376831055,0.6596368551254272,0.07817475497722626,0,0
26,LEFT_PINKY,0.49925318360328674,0.6627000570297241,-0.10198697447776794,0,0
26,RIGHT_PINKY,0.5008488297462463,0.6643747687339783,0.07746755331754684,0,0
26,LEFT_INDEX,0.496859073638916,0.6572406888008118,-0.09898851066827774,0,0
26,RIGHT_INDEX,0.49953901767730713,0.661090612411499,0.06266213953495026,0,0
26,LEFT_THUMB,0.49899187684059143,0.6557537913322449,-0.08505584299564362,0,0
26,RIGHT_THUMB,0.5016540288925171,0.6598025560379028,0.07029680162668228,0,0
26,LEFT_HIP,0.5619712471961975,0.7033158540725708,-0.056616682559251785,0,0
26,RIGHT_HIP,0.559063732624054,0.6986122131347656,0.05657383054494858,0,0
26,LEFT_KNEE,0.54410719871521,0.7830801010131836,-0.04606407880783081,0,0
26,RIGHT_KNEE,0.5384407639503479,0.771047055721283,0.0972115769982338,0,0
26,LEFT_ANKLE,0.5648441910743713,0.8619661331176758,-0.012186789885163307,0,0
26,RIGHT_ANKLE,0.5585339069366455,0.8434503674507141,0.16087669134140015,0,0
26,LEFT_HEEL,0.5733574032783508,0.8766839504241943,-0.009134209714829922,0,0
26,RIGHT_HEEL,0.5636709332466125,0.8531214594841003,0.16715006530284882,0,0
26,LEFT_FOOT_INDEX,0.543855607509613,0.8844087719917297,-0.031879134476184845,0,0
26,RIGHT_FOOT_INDEX,0.5381700396537781,0.8648138642311096,0.1627437174320221,0,0
27,NOSE,0.5290141701698303,0.552396297454834,-0.0259013120085001,0,0
27,LEFT_EYE_INNER,0.5309547185897827,0.542664110660553,-0.03737342357635498,0,0
27,LEFT_EYE,0.5315850377082825,0.5423519015312195,-0.03740173205733299,0,0
27,LEFT_EYE_OUTER,0.5322331190109253,0.5420023202896118,-0.037403006106615067,0,0
27,RIGHT_EYE_INNER,0.5308970808982849,0.5424163937568665,-0.02005048468708992,0,0
27,RIGHT_EYE,0.5314605832099915,0.5419074296951294,-0.020049773156642914,0,0
27,RIGHT_EYE_OUTER,0.5320983529090881,0.5412687063217163,-0.02007102221250534,0,0
27,LEFT_EAR,0.5378915667533875,0.544233500957489,-0.06550893932580948,0,0
27,RIGHT_EAR,0.5381745100021362,0.5429682731628418,0.01191359106451273,0,0
27,MOUTH_LEFT,0.532448410987854,0.5585793852806091,-0.034431543201208115,0,0
27,MOUTH_RIGHT,0.5319632887840271,0.5588469505310059,-0.011928997002542019,0,0
27,LEFT_SHOULDER,0.5530253648757935,0.5785817503929138,-0.11112023890018463,0,0
27,RIGHT_SHOULDER,0.5535519123077393,0.5808578729629517,0.07082463800907135,0,0
27,LEFT_ELBOW,0.5336869359016418,0.6388975381851196,-0.12532766163349152,0,0
27,RIGHT_ELBOW,0.5362297892570496,0.639857828617096,0.10698271542787552,0,0
27,LEFT_WRIST,0.5055506825447083,0.6554452180862427,-0.10477463155984879,0,0
27,RIGHT_WRIST,0.5076520442962646,0.659367024898529,0.08688078820705414,0,0
27,LEFT_PINKY,0.49922046065330505,0.6615241765975952,-0.11986234784126282,0,0
27,RIGHT_PINKY,0.5007678270339966,0.6640107035636902,0.08567416667938232,0,0
27,LEFT_INDEX,0.4968095123767853,0.6560734510421753,-0.11754835397005081,0,0
27,RIGHT_INDEX,0.4996930658817291,0.6604854464530945,0.07136297971010208,0,0
27,LEFT_THUMB,0.4989927411079407,0.6544976234436035,-0.1023649200797081,0,0
27,RIGHT_THUMB,0.5019538998603821,0.6591575145721436,0.07908249646425247,0,0
27,LEFT_HIP,0.5634115934371948,0.7033681869506836,-0.05654919520020485,0,0
27,RIGHT_HIP,0.5559619665145874,0.6998611688613892,0.05650625750422478,0,0
27,LEFT_KNEE,0.5464364290237427,0.7840322256088257,-0.04672832787036896,0,0
27,RIGHT_KNEE,0.5352901816368103,0.7701929807662964,0.08766612410545349,0,0
27,LEFT_ANKLE,0.5649482607841492,0.8622821569442749,-0.012517531402409077,0,0
27,RIGHT_ANKLE,0.557292640209198,0.8420503735542297,0.15452079474925995,0,0
27,LEFT_HEEL,0.5731374025344849,0.8768547773361206,-0.009725883603096008,0,0
27,RIGHT_HEEL,0.5620077848434448,0.8511499762535095,0.1605754792690277,0,0
27,LEFT_FOOT_INDEX,0.5444350838661194,0.8844923973083496,-0.03528767079114914,0,0
27,RIGHT_FOOT_INDEX,0.5380356311798096,0.8647264242172241,0.15584418177604675,0,0
28,NOSE,0.528660237789154,0.5529235601425171,-0.03218454495072365,0,0
28,LEFT_EYE_INNER,0.5305132269859314,0.5432947278022766,-0.043781496584415436,0,0
28,LEFT_EYE,0.5312225818634033,0.5428935885429382,-0.04380732402205467,0,0
28,LEFT_EYE_OUTER,0.5319713950157166,0.5424447059631348,-0.04380415007472038,0,0
28,RIGHT_EYE_INNER,0.5303012132644653,0.5431402921676636,-0.026609238237142563,0,0
28,RIGHT_EYE,0.5308288931846619,0.5426060557365417,-0.026611924171447754,0,0
28,RIGHT_EYE_OUTER,0.5314520001411438,0.5419130921363831,-0.026644373312592506,0,0
28,LEFT_EAR,0.5378105044364929,0.5442371964454651,-0.07170309871435165,0,0
28,RIGHT_EAR,0.5377272367477417,0.5430223941802979,0.005205833353102207,0,0
28,MOUTH_LEFT,0.5323997735977173,0.5588710308074951,-0.04058380424976349,0,0
28,MOUTH_RIGHT,0.5317564010620117,0.5591488480567932,-0.018249738961458206,0,0
28,LEFT_SHOULDER,0.5544174909591675,0.578296422958374,-0.11367214471101761,0,0
28,RIGHT_SHOULDER,0.5520116090774536,0.5803982019424438,0.06211375817656517,0,0
28,LEFT_ELBOW,0.5347471237182617,0.6376671195030212,-0.13116231560707092,0,0
28,RIGHT_ELBOW,0.5354149341583252,0.6371102333068848,0.09980043023824692,0,0
28,LEFT_WRIST,0.505737841129303,0.6550570726394653,-0.12009125202894211,0,0
28,RIGHT_WRIST,0.5075185298919678,0.6575024127960205,0.0778392031788826,0,0
28,LEFT_PINKY,0.49940750002861023,0.6615244746208191,-0.1353578418493271,0,0
28,RIGHT_PINKY,0.5002936124801636,0.6623609662055969,0.07576005160808563,0,0
28,LEFT_INDEX,0.4970385432243347,0.6561042070388794,-0.13446882367134094,0,0
28,RIGHT_INDEX,0.49928104877471924,0.659023106098175,0.062243733555078506,0,0
28,LEFT_THUMB,0.49919241666793823,0.6544878482818604,-0.11839540302753448,0,0
28,RIGHT_THUMB,0.5014703869819641,0.6577948927879333,0.07023617625236511,0,0
28,LEFT_HIP,0.5641513466835022,0.7024803757667542,-0.05499814823269844,0,0
28,RIGHT_HIP,0.5541056394577026,0.6997393369674683,0.054955337196588516,0,0
28,LEFT_KNEE,0.548301100730896,0.7839056253433228,-0.05393928661942482,0,0
28,RIGHT_KNEE,0.5332169532775879,0.7668677568435669,0.08390439301729202,0,0
28,LEFT_ANKLE,0.5647439956665039,0.8624885082244873,-0.030976293608546257,0,0
28,RIGHT_ANKLE,0.5545921921730042,0.8368495106697083,0.15219490230083466,0,0
28,LEFT_HEEL,0.5730187296867371,0.8771276473999023,-0.03024369291961193,0,0
28,RIGHT_HEEL,0.5586658716201782,0.8448230028152466,0.1581180989742279,0,0
28,LEFT_FOOT_INDEX,0.5441909432411194,0.8845978379249573,-0.06503598392009735,0,0
28,RIGHT_FOOT_INDEX,0.5364538431167603,0.8638041019439697,0.15271733701229095,0,0
29,NOSE,0.5283386707305908,0.553220808506012,-0.033477626740932465,0,0
29,LEFT_EYE_INNER,0.5300382971763611,0.5437378287315369,-0.04480036720633507,0,0
29,LEFT_EYE,0.5307388305664062,0.5433169603347778,-0.04482400417327881,0,0
29,LEFT_EYE_OUTER,0.5314958691596985,0.5428406000137329,-0.04481600224971771,0,0
29,RIGHT_EYE_INNER,0.5298413038253784,0.5435664653778076,-0.02763659507036209,0,0
29,RIGHT_EYE,0.530365526676178,0.5430074334144592,-0.027640482410788536,0,0
29,RIGHT_EYE_OUTER,0.530994176864624,0.5422837734222412,-0.027676302939653397,0,0
29,LEFT_EAR,0.5376037955284119,0.5442306399345398,-0.07156099379062653,0,0
29,RIGHT_EAR,0.5372382998466492,0.5430207848548889,0.005296983290463686,0,0
29,MOUTH_LEFT,0.5321221947669983,0.5590142011642456,-0.04161175712943077,0,0
29,MOUTH_RIGHT,0.5314891338348389,0.559252917766571,-0.019293585792183876,0,0
29,LEFT_SHOULDER,0.5549917817115784,0.5783593058586121,-0.1121508777141571,0,0
29,RIGHT_SHOULDER,0.5484455823898315,0.5804083347320557,0.05987013503909111,0,0
29,LEFT_ELBOW,0.536928117275238,0.6354288458824158,-0.13163845241069794,0,0
29,RIGHT_ELBOW,0.5340988039970398,0.6352989077568054,0.09619490057229996,0,0
29,LEFT_WRIST,0.5073033571243286,0.6532739996910095,-0.12283773720264435,0,0
29,RIGHT_WRIST,0.5082929730415344,0.6556791663169861,0.07035451382398605,0,0
29,LEFT_PINKY,0.5007912516593933,0.6607415676116943,-0.13818712532520294,0,0
29,RIGHT_PINKY,0.5010185837745667,0.6617765426635742,0.06721534579992294,0,0
29,LEFT_INDEX,0.4984435737133026,0.6550798416137695,-0.1379876285791397,0,0
29,RIGHT_INDEX,0.5003287196159363,0.6581273674964905,0.05414428189396858,0,0
29,LEFT_THUMB,0.5006004571914673,0.6527590155601501,-0.12154124677181244,0,0
29,RIGHT_THUMB,0.5026342868804932,0.6563472747802734,0.06281845271587372,0,0
29,LEFT_HIP,0.5641124844551086,0.7018348574638367,-0.0536307767033577,0,0
29,RIGHT_HIP,0.5522347092628479,0.698805034160614,0.053584158420562744,0,0
29,LEFT_KNEE,0.5503206849098206,0.7835661768913269,-0.05693220719695091,0,0
29,RIGHT_KNEE,0.5300567150115967,0.7625221014022827,0.07501185685396194,0,0
29,LEFT_ANKLE,0.5644670724868774,0.8626549243927002,-0.03063027933239937,0,0
29,RIGHT_ANKLE,0.5513806939125061,0.8323608040809631,0.15044236183166504,0,0
29,LEFT_HEEL,0.5727533102035522,0.8772399425506592,-0.029469076544046402,0,0
29,RIGHT_HEEL,0.5563957691192627,0.8414163589477539,0.1559886783361435,0,0
29,LEFT_FOOT_INDEX,0.5438307523727417,0.8867422938346863,-0.06401679664850235,0,0
29,RIGHT_FOOT_INDEX,0.532528281211853,0.859630823135376,0.15224695205688477,0,0
30,NOSE,0.5276817083358765,0.5531479716300964,-0.03011184185743332,0,0
30,LEFT_EYE_INNER,0.5291651487350464,0.5436869859695435,-0.04095982015132904,0,0
30,LEFT_EYE,0.5298145413398743,0.5432736277580261,-0.04098159447312355,0,0
30,LEFT_EYE_OUTER,0.5305219292640686,0.5428045392036438,-0.040971335023641586,0,0
30,RIGHT_EYE_INNER,0.5290778875350952,0.5435020327568054,-0.02434801682829857,0,0
30,RIGHT_EYE,0.5296304821968079,0.542942464351654,-0.024352755397558212,0,0
30,RIGHT_EYE_OUTER,0.5302873253822327,0.5422241687774658,-0.024388888850808144,0,0
30,LEFT_EAR,0.5366554260253906,0.5437659025192261,-0.06724600493907928,0,0
30,RIGHT_EAR,0.5365400910377502,0.5426697731018066,0.0075032650493085384,0,0
30,MOUTH_LEFT,0.5315821170806885,0.5589761734008789,-0.037993062287569046,0,0
30,MOUTH_RIGHT,0.5310972332954407,0.5592069029808044,-0.016400046646595,0,0
30,LEFT_SHOULDER,0.554853081703186,0.5778623223304749,-0.11131076514720917,0,0
30,RIGHT_SHOULDER,0.5462509393692017,0.5804027318954468,0.05988100916147232,0,0
30,LEFT_ELBOW,0.540425717830658,0.6315327882766724,-0.125827819108963,0,0
30,RIGHT_ELBOW,0.5335049033164978,0.634477972984314,0.08706045150756836,0,0
30,LEFT_WRIST,0.5104870200157166,0.6500157117843628,-0.11827953904867172,0,0
30,RIGHT_WRIST,0.5084612965583801,0.6542297005653381,0.05042877420783043,0,0
30,LEFT_PINKY,0.5039149522781372,0.6578717827796936,-0.13308878242969513,0,0
30,RIGHT_PINKY,0.5013071298599243,0.6604135632514954,0.045621052384376526,0,0
30,LEFT_INDEX,0.5017618536949158,0.6534252762794495,-0.13373488187789917,0,0
30,RIGHT_INDEX,0.5006598234176636,0.6567524671554565,0.0327296145260334,0,0
30,LEFT_THUMB,0.5039389133453369,0.6508675813674927,-0.1172102838754654,0,0
30,RIGHT_THUMB,0.503059983253479,0.6549146771430969,0.042676765471696854,0,0
30,LEFT_HIP,0.5636905431747437,0.7004243731498718,-0.05128674954175949,0,0
30,RIGHT_HIP,0.5521793961524963,0.6973124146461487,0.05123550817370415,0,0
30,LEFT_KNEE,0.5508260726928711,0.7816612124443054,-0.05747031420469284,0,0
30,RIGHT_KNEE,0.5293936729431152,0.7590692639350891,0.07745783776044846,0,0
30,LEFT_ANKLE,0.5644987225532532,0.8627797365188599,-0.04016171395778656,0,0
30,RIGHT_ANKLE,0.5478262305259705,0.8287202715873718,0.14404627680778503,0,0
30,LEFT_HEEL,0.5726336240768433,0.8779436945915222,-0.040431082248687744,0,0
30,RIGHT_HEEL,0.553352952003479,0.8396971821784973,0.1490686684846878,0,0
30,LEFT_FOOT_INDEX,0.5436047911643982,0.8867729902267456,-0.07924817502498627,0,0
30,RIGHT_FOOT_INDEX,0.5284538865089417,0.8564499020576477,0.13977298140525818,0,0
31,NOSE,0.5268544554710388,0.5531008243560791,-0.019989915192127228,0,0
31,LEFT_EYE_INNER,0.5283768773078918,0.5436335802078247,-0.029278738424181938,0,0
31,LEFT_EYE,0.5291000008583069,0.5432464480400085,-0.02929917722940445,0,0
31,LEFT_EYE_OUTER,0.5298905968666077,0.542743444442749,-0.0292802844196558,0,0
31,RIGHT_EYE_INNER,0.5280175805091858,0.5434908270835876,-0.013621265068650246,0,0
31,RIGHT_EYE,0.5284835696220398,0.5429522395133972,-0.013618950732052326,0,0
31,RIGHT_EYE_OUTER,0.5290508270263672,0.5422514081001282,-0.013657529838383198,0,0
31,LEFT_EAR,0.5363838076591492,0.5427893400192261,-0.05106351524591446,0,0
31,RIGHT_EAR,0.5356103181838989,0.5423477292060852,0.01967901736497879,0,0
31,MOUTH_LEFT,0.5310593247413635,0.5587302446365356,-0.026186136528849602,0,0
31,MOUTH_RIGHT,0.530341625213623,0.5591277480125427,-0.005799845326691866,0,0
31,LEFT_SHOULDER,0.5583521127700806,0.5743638277053833,-0.09054795652627945,0,0
31,RIGHT_SHOULDER,0.5393449068069458,0.5813000202178955,0.06659625470638275,0,0
31,LEFT_ELBOW,0.5461211800575256,0.6265663504600525,-0.11587666720151901,0,0
31,RIGHT_ELBOW,0.5310054421424866,0.6323708295822144,0.09237062931060791,0,0
31,LEFT_WRIST,0.5164723992347717,0.6469707489013672,-0.11452048271894455,0,0
31,RIGHT_WRIST,0.50904780626297,0.6522378325462341,0.05416311323642731,0,0
31,LEFT_PINKY,0.5086526274681091,0.6550644040107727,-0.12883873283863068,0,0
31,RIGHT_PINKY,0.5019782185554504,0.6584075093269348,0.04895900562405586,0,0
31,LEFT_INDEX,0.506456732749939,0.6505711078643799,-0.12957541644573212,0,0
31,RIGHT_INDEX,0.5008464455604553,0.6547179818153381,0.03641023486852646,0,0
31,LEFT_THUMB,0.5084950923919678,0.6480631232261658,-0.11330726742744446,0,0
31,RIGHT_THUMB,0.5034155249595642,0.6528425216674805,0.046438347548246384,0,0
31,LEFT_HIP,0.563805878162384,0.6981777548789978,-0.04869614541530609,0,0
31,RIGHT_HIP,0.5494738221168518,0.6949223875999451,0.04865443706512451,0,0
31,LEFT_KNEE,0.5506618618965149,0.7807591557502747,-0.05707782879471779,0,0
31,RIGHT_KNEE,0.527957558631897,0.7571209669113159,0.061088453978300095,0,0
31,LEFT_ANKLE,0.5648634433746338,0.8630995750427246,-0.037837445735931396,0,0
31,RIGHT_ANKLE,0.5445077419281006,0.826356828212738,0.12098897993564606,0,0
31,LEFT_HEEL,0.5727024674415588,0.878860354423523,-0.03820884972810745,0,0
31,RIGHT_HEEL,0.5505224466323853,0.8384926915168762,0.12519471347332,0,0
31,LEFT_FOOT_INDEX,0.5440008640289307,0.8867858648300171,-0.07972025126218796,0,0
31,RIGHT_FOOT_INDEX,0.5254791378974915,0.8540701270103455,0.11239159852266312,0,0
32,NOSE,0.5263683795928955,0.5530548095703125,-0.01714722067117691,0,0
32,LEFT_EYE_INNER,0.5279715657234192,0.5435974597930908,-0.02644697017967701,0,0
32,LEFT_EYE,0.5287118554115295,0.543209969997406,-0.026469772681593895,0,0
32,LEFT_EYE_OUTER,0.5295160412788391,0.5427359342575073,-0.02645479515194893,0,0
32,RIGHT_EYE_INNER,0.5276015400886536,0.5435123443603516,-0.010728295892477036,0,0
32,RIGHT_EYE,0.528076708316803,0.5429921746253967,-0.010724088177084923,0,0
32,RIGHT_EYE_OUTER,0.5286532640457153,0.5423107743263245,-0.010762853547930717,0,0
32,LEFT_EAR,0.5361354947090149,0.5423374772071838,-0.04855883866548538,0,0
32,RIGHT_EAR,0.535247266292572,0.5422055125236511,0.02235724776983261,0,0
32,MOUTH_LEFT,0.5306240320205688,0.5586041212081909,-0.023492932319641113,0,0
32,MOUTH_RIGHT,0.5298833847045898,0.5590782761573792,-0.0030324242543429136,0,0
32,LEFT_SHOULDER,0.5588673949241638,0.5726597309112549,-0.08837612718343735,0,0
32,RIGHT_SHOULDER,0.5386820435523987,0.5817538499832153,0.0698433443903923,0,0
32,LEFT_ELBOW,0.5471385717391968,0.6249141693115234,-0.11515580862760544,0,0
32,RIGHT_ELBOW,0.5304092168807983,0.6319390535354614,0.09432133287191391,0,0
32,LEFT_WRIST,0.5172925591468811,0.6460567712783813,-0.11863238364458084,0,0
32,RIGHT_WRIST,0.5093882083892822,0.6511473655700684,0.05669837445020676,0,0
32,LEFT_PINKY,0.5096545815467834,0.6544272303581238,-0.1333318054676056,0,0
32,RIGHT_PINKY,0.5020765662193298,0.6575430631637573,0.0516839362680912,0,0
32,LEFT_INDEX,0.5073563456535339,0.6500232815742493,-0.13379482924938202,0,0
32,RIGHT_INDEX,0.501276969909668,0.6537140011787415,0.03901644051074982,0,0
32,LEFT_THUMB,0.5094678401947021,0.6474616527557373,-0.11733163893222809,0,0
32,RIGHT_THUMB,0.5037546157836914,0.6518298387527466,0.04890204966068268,0,0
32,LEFT_HIP,0.5637778043746948,0.6970089673995972,-0.04752785712480545,0,0
32,RIGHT_HIP,0.5490037202835083,0.6938098669052124,0.047489143908023834,0,0
32,LEFT_KNEE,0.5505649447441101,0.7799822688102722,-0.0568653866648674,0,0
32,RIGHT_KNEE,0.5276772379875183,0.7570100426673889,0.05739258974790573,0,0
32,LEFT_ANKLE,0.5649827122688293,0.8630768656730652,-0.03595716878771782,0,0
32,RIGHT_ANKLE,0.5441514253616333,0.8262667059898376,0.12053707987070084,0,0
32,LEFT_HEEL,0.5726560950279236,0.8788800239562988,-0.035452842712402344,0,0
32,RIGHT_HEEL,0.5497316122055054,0.8375296592712402,0.12518362700939178,0,0
32,LEFT_FOOT_INDEX,0.544112503528595,0.8865677714347839,-0.07572604715824127,0,0
32,RIGHT_FOOT_INDEX,0.5249670743942261,0.8534507751464844,0.1123613640666008,0,0
33,NOSE,0.5260389447212219,0.5527055859565735,-0.020048638805747032,0,0
33,LEFT_EYE_INNER,0.5275810360908508,0.5433142185211182,-0.028734879568219185,0,0
33,LEFT_EYE,0.5283406972885132,0.542816162109375,-0.02875945158302784,0,0
33,LEFT_EYE_OUTER,0.5291554927825928,0.5422283411026001,-0.028751777485013008,0,0
33,RIGHT_EYE_INNER,0.5271334052085876,0.543407678604126,-0.013323966413736343,0,0
33,RIGHT_EYE,0.5275709629058838,0.5429111123085022,-0.013315718621015549,0,0
33,RIGHT_EYE_OUTER,0.5281121730804443,0.5422433614730835,-0.013344180770218372,0,0
33,LEFT_EAR,0.5359023213386536,0.5414304733276367,-0.0512707494199276,0,0
33,RIGHT_EAR,0.5347986221313477,0.5416610240936279,0.021039986982941628,0,0
33,MOUTH_LEFT,0.5302591919898987,0.5580185055732727,-0.02519194595515728,0,0
33,MOUTH_RIGHT,0.5294261574745178,0.5586309432983398,-0.005352974869310856,0,0
33,LEFT_SHOULDER,0.5593421459197998,0.5710906386375427,-0.09004063159227371,0,0
33,RIGHT_SHOULDER,0.5374508500099182,0.5817368626594543,0.067942313849926,0,0
33,LEFT_ELBOW,0.5508796572685242,0.6233093738555908,-0.1162736713886261,0,0
33,RIGHT_ELBOW,0.5300784707069397,0.6293880939483643,0.07484184950590134,0,0
33,LEFT_WRIST,0.5224639773368835,0.6436670422554016,-0.1199614629149437,0,0
33,RIGHT_WRIST,0.5104257464408875,0.6488244533538818,0.01249429676681757,0,0
33,LEFT_PINKY,0.5150725245475769,0.6530805826187134,-0.13461574912071228,0,0
33,RIGHT_PINKY,0.504753589630127,0.6555459499359131,0.004550598096102476,0,0
33,LEFT_INDEX,0.5131282210350037,0.6484721899032593,-0.13399331271648407,0,0
33,RIGHT_INDEX,0.5046204924583435,0.6515259146690369,-0.006410463713109493,0,0
33,LEFT_THUMB,0.5154045224189758,0.6453021764755249,-0.11805436760187149,0,0
33,RIGHT_THUMB,0.5060436725616455,0.6495540738105774,0.004825294483453035,0,0
33,LEFT_HIP,0.5636441111564636,0.6955699324607849,-0.0472906157374382,0,0
33,RIGHT_HIP,0.5483283400535583,0.692893922328949,0.04725877568125725,0,0
33,LEFT_KNEE,0.5507718920707703,0.7785608768463135,-0.05363411083817482,0,0
33,RIGHT_KNEE,0.528739333152771,0.7569131851196289,0.06715001165866852,0,0
33,LEFT_ANKLE,0.5651577711105347,0.863124430179596,-0.034441571682691574,0,0
33,RIGHT_ANKLE,0.5419479012489319,0.8236911296844482,0.1263199895620346,0,0
33,LEFT_HEEL,0.5726034641265869,0.8791515827178955,-0.03481663390994072,0,0
33,RIGHT_HEEL,0.5478538870811462,0.8367587327957153,0.13050170242786407,0,0
33,LEFT_FOOT_INDEX,0.5442518591880798,0.8865939974784851,-0.07517925649881363,0,0
33,RIGHT_FOOT_INDEX,0.5218644738197327,0.8494478464126587,0.12254808098077774,0,0
34,NOSE,0.5249208807945251,0.5526244640350342,-0.020053420215845108,0,0
34,LEFT_EYE_INNER,0.5264999270439148,0.5431908965110779,-0.02890663407742977,0,0
34,LEFT_EYE,0.5272665619850159,0.5426519513130188,-0.028929809108376503,0,0
34,LEFT_EYE_OUTER,0.5280900597572327,0.5420153141021729,-0.028921538963913918,0,0
34,RIGHT_EYE_INNER,0.5260379314422607,0.5433155298233032,-0.013401465490460396,0,0
34,RIGHT_EYE,0.5264219045639038,0.5428248643875122,-0.013391437940299511,0,0
34,RIGHT_EYE_OUTER,0.5269282460212708,0.5421608686447144,-0.013416255824267864,0,0
34,LEFT_EAR,0.5349838137626648,0.5409098863601685,-0.05198012292385101,0,0
34,RIGHT_EAR,0.5336397886276245,0.5411332845687866,0.020033778622746468,0,0
34,MOUTH_LEFT,0.5289126634597778,0.5577966570854187,-0.025613289326429367,0,0
34,MOUTH_RIGHT,0.5281107425689697,0.5584518313407898,-0.005458928178995848,0,0
34,LEFT_SHOULDER,0.5595727562904358,0.5688055157661438,-0.09018721431493759,0,0
34,RIGHT_SHOULDER,0.5363735556602478,0.5804852843284607,0.07052286714315414,0,0
34,LEFT_ELBOW,0.5546678304672241,0.6220042705535889,-0.12313036620616913,0,0
34,RIGHT_ELBOW,0.5281248688697815,0.6215172410011292,0.10007672011852264,0,0
34,LEFT_WRIST,0.525690495967865,0.6408389210700989,-0.14070020616054535,0,0
34,RIGHT_WRIST,0.5070904493331909,0.6180991530418396,0.06405063718557358,0,0
34,LEFT_PINKY,0.51945960521698,0.6506620049476624,-0.15504591166973114,0,0
34,RIGHT_PINKY,0.49931690096855164,0.6090552806854248,0.06186680868268013,0,0
34,LEFT_INDEX,0.5179730653762817,0.6459699869155884,-0.15553981065750122,0,0
34,RIGHT_INDEX,0.49911344051361084,0.5998225808143616,0.05352216213941574,0,0
34,LEFT_THUMB,0.5201014280319214,0.6422536969184875,-0.1392253190279007,0,0
34,RIGHT_THUMB,0.5019959807395935,0.6026391983032227,0.05827663838863373,0,0
34,LEFT_HIP,0.5628917217254639,0.6935734152793884,-0.04808511212468147,0,0
34,RIGHT_HIP,0.5473200678825378,0.6908255219459534,0.04805668815970421,0,0
34,LEFT_KNEE,0.5508008599281311,0.7770715951919556,-0.051585111767053604,0,0
34,RIGHT_KNEE,0.5291227102279663,0.7558251619338989,0.0783715546131134,0,0
34,LEFT_ANKLE,0.565101683139801,0.863254725933075,-0.03384091705083847,0,0
34,RIGHT_ANKLE,0.5397192239761353,0.8216737508773804,0.13597960770130157,0,0
34,LEFT_HEEL,0.5725142955780029,0.8794050812721252,-0.03415069356560707,0,0
34,RIGHT_HEEL,0.545526921749115,0.8360382914543152,0.1393730491399765,0,0
34,LEFT_FOOT_INDEX,0.5441733002662659,0.8868959546089172,-0.07735874503850937,0,0
34,RIGHT_FOOT_INDEX,0.5193787813186646,0.8456131815910339,0.12622641026973724,0,0
35,NOSE,0.524043619632721,0.5525657534599304,-0.031163422390818596,0,0
35,LEFT_EYE_INNER,0.5253854990005493,0.5430925488471985,-0.040514905005693436,0,0
35,LEFT_EYE,0.526145339012146,0.5425044298171997,-0.040538348257541656,0,0
35,LEFT_EYE_OUTER,0.5269854068756104,0.5418204069137573,-0.040545690804719925,0,0
35,RIGHT_EYE_INNER,0.5249524712562561,0.543276309967041,-0.025092611089348793,0,0
35,RIGHT_EYE,0.5253368616104126,0.542801022529602,-0.025082124397158623,0,0
35,RIGHT_EYE_OUTER,0.5258247256278992,0.5421493649482727,-0.025095349177718163,0,0
35,LEFT_EAR,0.5339988470077515,0.5404810309410095,-0.059097953140735626,0,0
35,RIGHT_EAR,0.532426655292511,0.5409396886825562,0.010395660065114498,0,0
35,MOUTH_LEFT,0.5276640057563782,0.5576348304748535,-0.03621261194348335,0,0
35,MOUTH_RIGHT,0.5270093083381653,0.5583781599998474,-0.016245946288108826,0,0
35,LEFT_SHOULDER,0.5595880746841431,0.5675092339515686,-0.08968332409858704,0,0
35,RIGHT_SHOULDER,0.5334076285362244,0.5796959400177002,0.05416335165500641,0,0
35,LEFT_ELBOW,0.5566378235816956,0.6205533742904663,-0.10838642716407776,0,0
35,RIGHT_ELBOW,0.5292040109634399,0.6199570298194885,0.048050299286842346,0,0
35,LEFT_WRIST,0.5292667150497437,0.6413972973823547,-0.1017376258969307,0,0
35,RIGHT_WRIST,0.5219694375991821,0.6320174336433411,-0.027963098138570786,0,0
35,LEFT_PINKY,0.5235340595245361,0.649383008480072,-0.11416272073984146,0,0
35,RIGHT_PINKY,0.5170678496360779,0.6209486722946167,-0.03849613294005394,0,0
35,LEFT_INDEX,0.5222912430763245,0.6448609232902527,-0.11415786296129227,0,0
35,RIGHT_INDEX,0.5184133052825928,0.6172922849655151,-0.048093657940626144,0,0
35,LEFT_THUMB,0.5244327187538147,0.6415035128593445,-0.0996292307972908,0,0
35,RIGHT_THUMB,0.5197298526763916,0.6216834187507629,-0.0351262204349041,0,0
35,LEFT_HIP,0.5618907809257507,0.6910140514373779,-0.044816602021455765,0,0
35,RIGHT_HIP,0.5450631976127625,0.6882437467575073,0.04482678696513176,0,0
35,LEFT_KNEE,0.5511726140975952,0.7761222124099731,-0.05267082154750824,0,0
35,RIGHT_KNEE,0.5294712781906128,0.7548677921295166,0.09067090600728989,0,0
35,LEFT_ANKLE,0.5650585889816284,0.8639532923698425,-0.046463433653116226,0,0
35,RIGHT_ANKLE,0.5379631519317627,0.820115327835083,0.15837213397026062,0,0
35,LEFT_HEEL,0.5724059343338013,0.8795440196990967,-0.04851820692420006,0,0
35,RIGHT_HEEL,0.5438074469566345,0.8354988098144531,0.16289931535720825,0,0
35,LEFT_FOOT_INDEX,0.5443590879440308,0.8868584036827087,-0.09702885150909424,0,0
35,RIGHT_FOOT_INDEX,0.5179141759872437,0.8422900438308716,0.1450234353542328,0,0
36,NOSE,0.5227453708648682,0.5526354312896729,-0.03158988058567047,0,0
36,LEFT_EYE_INNER,0.5241590738296509,0.5430911779403687,-0.0402836948633194,0,0
36,LEFT_EYE,0.5249817371368408,0.5424917340278625,-0.04029868543148041,0,0
36,LEFT_EYE_OUTER,0.5259029865264893,0.5418108701705933,-0.04030027613043785,0,0
36,RIGHT_EYE_INNER,0.5236830711364746,0.5433204770088196,-0.025665931403636932,0,0
36,RIGHT_EYE,0.5241056084632874,0.5428441166877747,-0.02566489204764366,0,0
36,RIGHT_EYE_OUTER,0.5246321558952332,0.5422084927558899,-0.025683630257844925,0,0
36,LEFT_EAR,0.5328357219696045,0.5404079556465149,-0.0571327768266201,0,0
36,RIGHT_EAR,0.5313284993171692,0.5409460067749023,0.010620967485010624,0,0
36,MOUTH_LEFT,0.5264224410057068,0.5576041340827942,-0.03549452871084213,0,0
36,MOUTH_RIGHT,0.5257848501205444,0.5583779811859131,-0.016305286437273026,0,0
36,LEFT_SHOULDER,0.559455931186676,0.5654476881027222,-0.07606755197048187,0,0
36,RIGHT_SHOULDER,0.5300784111022949,0.5795445442199707,0.04709657281637192,0,0
36,LEFT_ELBOW,0.5581645965576172,0.6158438324928284,-0.10351449996232986,0,0
36,RIGHT_ELBOW,0.5248776078224182,0.6184882521629333,0.032920267432928085,0,0
36,LEFT_WRIST,0.5366485714912415,0.6399637460708618,-0.12061312049627304,0,0
36,RIGHT_WRIST,0.5218341946601868,0.6364707946777344,-0.0459982268512249,0,0
36,LEFT_PINKY,0.5309661626815796,0.6474312543869019,-0.13615062832832336,0,0
36,RIGHT_PINKY,0.5222508311271667,0.6260852217674255,-0.05802394822239876,0,0
36,LEFT_INDEX,0.5290848016738892,0.6411364674568176,-0.13735350966453552,0,0
36,RIGHT_INDEX,0.5237432718276978,0.6267702579498291,-0.06485812366008759,0,0
36,LEFT_THUMB,0.5305200219154358,0.6375020742416382,-0.12018974870443344,0,0
36,RIGHT_THUMB,0.5238876342773438,0.631090521812439,-0.05140608549118042,0,0
36,LEFT_HIP,0.5604188442230225,0.6873981952667236,-0.04357840493321419,0,0
36,RIGHT_HIP,0.5438432097434998,0.6860495805740356,0.04357002303004265,0,0
36,LEFT_KNEE,0.5508282780647278,0.7734144330024719,-0.059820301830768585,0,0
36,RIGHT_KNEE,0.5299245715141296,0.7551351189613342,0.08765947818756104,0,0
36,LEFT_ANKLE,0.565158486366272,0.8648796677589417,-0.06257396936416626,0,0
36,RIGHT_ANKLE,0.5364494919776917,0.8194695115089417,0.1538439244031906,0,0
36,LEFT_HEEL,0.5719985961914062,0.8797104954719543,-0.06557001918554306,0,0
36,RIGHT_HEEL,0.5427396297454834,0.8360097408294678,0.1545233279466629,0,0
36,LEFT_FOOT_INDEX,0.5443412065505981,0.8864521384239197,-0.11742069572210312,0,0
36,RIGHT_FOOT_INDEX,0.5168322920799255,0.8397383093833923,0.12441849708557129,0,0
37,NOSE,0.5222545266151428,0.5526721477508545,-0.03108961321413517,0,0
37,LEFT_EYE_INNER,0.5236308574676514,0.5431183576583862,-0.03968518599867821,0,0
37,LEFT_EYE,0.5244725942611694,0.5424852967262268,-0.039700113236904144,0,0
37,LEFT_EYE_OUTER,0.5253896117210388,0.5418074727058411,-0.03970082849264145,0,0
37,RIGHT_EYE_INNER,0.5230908989906311,0.5434610247612,-0.02514437958598137,0,0
37,RIGHT_EYE,0.5234713554382324,0.5429865121841431,-0.02514568530023098,0,0
37,RIGHT_EYE_OUTER,0.5239431262016296,0.5423673391342163,-0.02516346611082554,0,0
37,LEFT_EAR,0.5321995615959167,0.540350615978241,-0.05515886843204498,0,0
37,RIGHT_EAR,0.5305253863334656,0.5410488843917847,0.011423422954976559,0,0
37,MOUTH_LEFT,0.5258892774581909,0.557460606098175,-0.03473334014415741,0,0
37,MOUTH_RIGHT,0.5251644849777222,0.5583544373512268,-0.015616333112120628,0,0
37,LEFT_SHOULDER,0.5591527819633484,0.564131498336792,-0.07441782206296921,0,0
37,RIGHT_SHOULDER,0.5297749042510986,0.5789340734481812,0.04917735606431961,0,0
37,LEFT_ELBOW,0.5584375262260437,0.6136531233787537,-0.10402776300907135,0,0
37,RIGHT_ELBOW,0.5254022479057312,0.6183862090110779,0.03391163796186447,0,0
37,LEFT_WRIST,0.5375171303749084,0.6386427283287048,-0.12563180923461914,0,0
37,RIGHT_WRIST,0.5222424268722534,0.6390984058380127,-0.04790370911359787,0,0
37,LEFT_PINKY,0.5320559144020081,0.6465943455696106,-0.14119018614292145,0,0
37,RIGHT_PINKY,0.5230165123939514,0.6351101994514465,-0.06014535576105118,0,0
37,LEFT_INDEX,0.5294182896614075,0.6400038003921509,-0.14280006289482117,0,0
37,RIGHT_INDEX,0.5240371227264404,0.6340380311012268,-0.06675548851490021,0,0
37,LEFT_THUMB,0.5309665203094482,0.6365527510643005,-0.12530700862407684,0,0
37,RIGHT_THUMB,0.5241252779960632,0.6350641250610352,-0.053371790796518326,0,0
37,LEFT_HIP,0.5601390600204468,0.6857113242149353,-0.04325124993920326,0,0
37,RIGHT_HIP,0.5436505675315857,0.6837138533592224,0.043242476880550385,0,0
37,LEFT_KNEE,0.5507521033287048,0.771807849407196,-0.06151530519127846,0,0
37,RIGHT_KNEE,0.530022382736206,0.7532386183738708,0.08465741574764252,0,0
37,LEFT_ANKLE,0.5651992559432983,0.8649381995201111,-0.0627082958817482,0,0
37,RIGHT_ANKLE,0.53700852394104,0.8190838098526001,0.1401398628950119,0,0
37,LEFT_HEEL,0.5719431042671204,0.8795886635780334,-0.06556586921215057,0,0
37,RIGHT_HEEL,0.5428137183189392,0.8358979821205139,0.1423162966966629,0,0
37,LEFT_FOOT_INDEX,0.5446445345878601,0.8863192796707153,-0.11648230254650116,0,0
37,RIGHT_FOOT_INDEX,0.516493558883667,0.8381721377372742,0.1167721226811409,0,0
38,NOSE,0.5219842791557312,0.5544419884681702,-0.03482167050242424,0,0
38,LEFT_EYE_INNER,0.523077666759491,0.544503927230835,-0.044166162610054016,0,0
38,LEFT_EYE,0.5238438248634338,0.5436261892318726,-0.04416229948401451,0,0
38,LEFT_EYE_OUTER,0.5246853828430176,0.5427348613739014,-0.04415707662701607,0,0
38,RIGHT_EYE_INNER,0.5226610898971558,0.5449826121330261,-0.02926175855100155,0,0
38,RIGHT_EYE,0.5230602622032166,0.5444141030311584,-0.029262717813253403,0,0
38,RIGHT_EYE_OUTER,0.5235582590103149,0.5437566041946411,-0.02928905375301838,0,0
38,LEFT_EAR,0.5313807129859924,0.540821373462677,-0.059337783604860306,0,0
38,RIGHT_EAR,0.5299767851829529,0.5418364405632019,0.007683678064495325,0,0
38,MOUTH_LEFT,0.52565598487854,0.558147668838501,-0.03852907195687294,0,0
38,MOUTH_RIGHT,0.5252171754837036,0.5592625737190247,-0.01920522376894951,0,0
38,LEFT_SHOULDER,0.5588521957397461,0.5652517676353455,-0.07448875159025192,0,0
38,RIGHT_SHOULDER,0.5291129946708679,0.5779235363006592,0.04033469781279564,0,0
38,LEFT_ELBOW,0.5569441318511963,0.6164780259132385,-0.09996695071458817,0,0
38,RIGHT_ELBOW,0.5238540172576904,0.6200585961341858,0.019156601279973984,0,0
38,LEFT_WRIST,0.5380535125732422,0.6123493313789368,-0.11331062018871307,0,0
38,RIGHT_WRIST,0.5259493589401245,0.6408898234367371,-0.05854444205760956,0,0
38,LEFT_PINKY,0.5340604186058044,0.6113570332527161,-0.12487855553627014,0,0
38,RIGHT_PINKY,0.5304008722305298,0.6392711400985718,-0.0707445815205574,0,0
38,LEFT_INDEX,0.5341822504997253,0.6049172282218933,-0.1258547604084015,0,0
38,RIGHT_INDEX,0.5312318205833435,0.634863018989563,-0.07359978556632996,0,0
38,LEFT_THUMB,0.5354670286178589,0.6056004762649536,-0.1132211908698082,0,0
38,RIGHT_THUMB,0.5302191376686096,0.6360408663749695,-0.062263499945402145,0,0
38,LEFT_HIP,0.5587764978408813,0.6870938539505005,-0.04123211279511452,0,0
38,RIGHT_HIP,0.5426731705665588,0.6847566366195679,0.04120552912354469,0,0
38,LEFT_KNEE,0.5509542226791382,0.772614061832428,-0.06034157797694206,0,0
38,RIGHT_KNEE,0.5299912095069885,0.7538627982139587,0.08733424544334412,0,0
38,LEFT_ANKLE,0.5651851296424866,0.865510880947113,-0.05537424236536026,0,0
38,RIGHT_ANKLE,0.5366236567497253,0.8205364346504211,0.15595348179340363,0,0
38,LEFT_HEEL,0.5716517567634583,0.8797054886817932,-0.057592347264289856,0,0
38,RIGHT_HEEL,0.542556881904602,0.8365327715873718,0.16074328124523163,0,0
38,LEFT_FOOT_INDEX,0.5447877645492554,0.8865838646888733,-0.10747901350259781,0,0
38,RIGHT_FOOT_INDEX,0.5161842703819275,0.8385844230651855,0.1380269080400467,0,0
39,NOSE,0.519870936870575,0.5527109503746033,-0.023756949231028557,0,0
39,LEFT_EYE_INNER,0.521010160446167,0.5432563424110413,-0.03233068063855171,0,0
39,LEFT_EYE,0.5217307806015015,0.5425220727920532,-0.03233726695179939,0,0
39,LEFT_EYE_OUTER,0.5225222110748291,0.5417715311050415,-0.03234252706170082,0,0
39,RIGHT_EYE_INNER,0.520652711391449,0.5436592102050781,-0.019060660153627396,0,0
39,RIGHT_EYE,0.5210574269294739,0.5431912541389465,-0.019067706540226936,0,0
39,RIGHT_EYE_OUTER,0.5215404033660889,0.542655348777771,-0.019107693806290627,0,0
39,LEFT_EAR,0.5290200710296631,0.5405552983283997,-0.04504930600523949,0,0
39,RIGHT_EAR,0.5277683138847351,0.5414257645606995,0.016675204038619995,0,0
39,MOUTH_LEFT,0.5232072472572327,0.5564597845077515,-0.02611318603157997,0,0
39,MOUTH_RIGHT,0.5227808952331543,0.5573992133140564,-0.00845387950539589,0,0
39,LEFT_SHOULDER,0.5567222833633423,0.5643625259399414,-0.05754256621003151,0,0
39,RIGHT_SHOULDER,0.525465726852417,0.5768814086914062,0.04440399259328842,0,0
39,LEFT_ELBOW,0.5575390458106995,0.6060130596160889,-0.09993212670087814,0,0
39,RIGHT_ELBOW,0.5224716067314148,0.6208909749984741,0.030574506148695946,0,0
39,LEFT_WRIST,0.5538796782493591,0.6229623556137085,-0.1511264592409134,0,0
39,RIGHT_WRIST,0.5290760397911072,0.6436092853546143,-0.04098297283053398,0,0
39,LEFT_PINKY,0.5546092391014099,0.6274398565292358,-0.16886839270591736,0,0
39,RIGHT_PINKY,0.5353062748908997,0.6502894163131714,-0.05430671200156212,0,0
39,LEFT_INDEX,0.5518904328346252,0.6220723986625671,-0.17496903240680695,0,0
39,RIGHT_INDEX,0.5376666188240051,0.6421007513999939,-0.05912093445658684,0,0
39,LEFT_THUMB,0.5515972375869751,0.6205143928527832,-0.15404273569583893,0,0
39,RIGHT_THUMB,0.5363708734512329,0.6410730481147766,-0.045387253165245056,0,0
39,LEFT_HIP,0.5569747090339661,0.6869953274726868,-0.03863600641489029,0,0
39,RIGHT_HIP,0.540884256362915,0.6853833794593811,0.03861242160201073,0,0
39,LEFT_KNEE,0.550883412361145,0.772842526435852,-0.056416504085063934,0,0
39,RIGHT_KNEE,0.5293589234352112,0.7543565630912781,0.08645331859588623,0,0
39,LEFT_ANKLE,0.5651800036430359,0.8655053377151489,-0.05821084976196289,0,0
39,RIGHT_ANKLE,0.5364342927932739,0.8217771053314209,0.14380447566509247,0,0
39,LEFT_HEEL,0.5715700387954712,0.8797119855880737,-0.06169712916016579,0,0
39,RIGHT_HEEL,0.5430580377578735,0.8383049368858337,0.14728468656539917,0,0
39,LEFT_FOOT_INDEX,0.5453135371208191,0.8865548372268677,-0.11672767996788025,0,0
39,RIGHT_FOOT_INDEX,0.5161573886871338,0.8398257493972778,0.11971446126699448,0,0
40,NOSE,0.5185557007789612,0.5522049069404602,-0.017236020416021347,0,0
40,LEFT_EYE_INNER,0.5197277665138245,0.5430402159690857,-0.02508568949997425,0,0
40,LEFT_EYE,0.520357072353363,0.5423399806022644,-0.025087004527449608,0,0
40,LEFT_EYE_OUTER,0.5210411548614502,0.541638970375061,-0.025086762383580208,0,0
40,RIGHT_EYE_INNER,0.5195452570915222,0.543350875377655,-0.012335564941167831,0,0
40,RIGHT_EYE,0.5199902057647705,0.5428452491760254,-0.012336578220129013,0,0
40,RIGHT_EYE_OUTER,0.5204930901527405,0.5423027873039246,-0.012374093756079674,0,0
40,LEFT_EAR,0.5270301699638367,0.5405130982398987,-0.036099694669246674,0,0
40,RIGHT_EAR,0.5261276960372925,0.5411725640296936,0.02216622605919838,0,0
40,MOUTH_LEFT,0.5214540958404541,0.5557484030723572,-0.019201939925551414,0,0
40,MOUTH_RIGHT,0.5212385654449463,0.5564239621162415,-0.0024634920991957188,0,0
40,LEFT_SHOULDER,0.5537914633750916,0.5647034645080566,-0.0529508963227272,0,0
40,RIGHT_SHOULDER,0.5235621333122253,0.5759162902832031,0.04850142076611519,0,0
40,LEFT_ELBOW,0.5588040947914124,0.6100587248802185,-0.09181568026542664,0,0
40,RIGHT_ELBOW,0.5216000080108643,0.6205590963363647,0.04452461004257202,0,0
40,LEFT_WRIST,0.5521106123924255,0.6296494603157043,-0.1441960334777832,0,0
40,RIGHT_WRIST,0.5342905521392822,0.6476172208786011,-0.022952495142817497,0,0
40,LEFT_PINKY,0.5513803362846375,0.6446340680122375,-0.1625233143568039,0,0
40,RIGHT_PINKY,0.5412107706069946,0.6577210426330566,-0.029834674671292305,0,0
40,LEFT_INDEX,0.5485252737998962,0.6408413648605347,-0.16852112114429474,0,0
40,RIGHT_INDEX,0.5432069897651672,0.6508612632751465,-0.038479432463645935,0,0
40,LEFT_THUMB,0.5480784177780151,0.6377841830253601,-0.1467771828174591,0,0
40,RIGHT_THUMB,0.5419966578483582,0.6484172344207764,-0.03213739022612572,0,0
40,LEFT_HIP,0.5555328726768494,0.6842867732048035,-0.03929678350687027,0,0
40,RIGHT_HIP,0.5393213033676147,0.6847578883171082,0.03927520662546158,0,0
40,LEFT_KNEE,0.5497215390205383,0.7701891660690308,-0.06136784702539444,0,0
40,RIGHT_KNEE,0.5278336405754089,0.754180371761322,0.06275998800992966,0,0
40,LEFT_ANKLE,0.565003514289856,0.8653856515884399,-0.07205107808113098,0,0
40,RIGHT_ANKLE,0.5366652607917786,0.8257935643196106,0.10611049085855484,0,0
40,LEFT_HEEL,0.571234941482544,0.8796911835670471,-0.07606276869773865,0,0
40,RIGHT_HEEL,0.5432854294776917,0.8417676091194153,0.1082652360200882,0,0
40,LEFT_FOOT_INDEX,0.5457133054733276,0.8864650726318359,-0.13018876314163208,0,0
40,RIGHT_FOOT_INDEX,0.5161643624305725,0.8399814963340759,0.08130831271409988,0,0
41,NOSE,0.5164061784744263,0.5519575476646423,-0.019233742728829384,0,0
41,LEFT_EYE_INNER,0.5175937414169312,0.5428529977798462,-0.027549535036087036,0,0
41,LEFT_EYE,0.5182707905769348,0.5421202778816223,-0.027553515508770943,0,0
41,LEFT_EYE_OUTER,0.519007682800293,0.5414009094238281,-0.027551770210266113,0,0
41,RIGHT_EYE_INNER,0.5172916650772095,0.5432100296020508,-0.014090307988226414,0,0
41,RIGHT_EYE,0.517697274684906,0.5427031517028809,-0.014091221615672112,0,0
41,RIGHT_EYE_OUTER,0.5181565880775452,0.5421699285507202,-0.014123800210654736,0,0
41,LEFT_EAR,0.5250658392906189,0.5403242111206055,-0.037929002195596695,0,0
41,RIGHT_EAR,0.5234372019767761,0.5411156415939331,0.020398534834384918,0,0
41,MOUTH_LEFT,0.5193480849266052,0.5554934740066528,-0.022147607058286667,0,0
41,MOUTH_RIGHT,0.5189514756202698,0.5561834573745728,-0.0046150158159434795,0,0
41,LEFT_SHOULDER,0.5516491532325745,0.5651239156723022,-0.05296573415398598,0,0
41,RIGHT_SHOULDER,0.520361602306366,0.5757710933685303,0.04698372259736061,0,0
41,LEFT_ELBOW,0.5594813823699951,0.6106043457984924,-0.08460097014904022,0,0
41,RIGHT_ELBOW,0.5212723016738892,0.6210503578186035,0.0464029535651207,0,0
41,LEFT_WRIST,0.5509635210037231,0.647411048412323,-0.13466273248195648,0,0
41,RIGHT_WRIST,0.5360727906227112,0.6535260677337646,0.007343594450503588,0,0
41,LEFT_PINKY,0.5502201318740845,0.6602959632873535,-0.1521775722503662,0,0
41,RIGHT_PINKY,0.5413248538970947,0.6648935079574585,-0.0024943167809396982,0,0
41,LEFT_INDEX,0.5471500158309937,0.6565644145011902,-0.15715478360652924,0,0
41,RIGHT_INDEX,0.5446091294288635,0.6585932374000549,-0.010229548439383507,0,0
41,LEFT_THUMB,0.5468467473983765,0.6528553366661072,-0.1363804042339325,0,0
41,RIGHT_THUMB,0.5436094403266907,0.6554931998252869,0.0026562705170363188,0,0
41,LEFT_HIP,0.5532509684562683,0.6841020584106445,-0.03892488405108452,0,0
41,RIGHT_HIP,0.5363273024559021,0.6842955350875854,0.03889841586351395,0,0
41,LEFT_KNEE,0.5474818348884583,0.770271897315979,-0.06580111384391785,0,0
41,RIGHT_KNEE,0.5270591974258423,0.7552660703659058,0.05624406412243843,0,0
41,LEFT_ANKLE,0.5642950534820557,0.8648778796195984,-0.07430554926395416,0,0
41,RIGHT_ANKLE,0.5371426343917847,0.8292303681373596,0.10526777058839798,0,0
41,LEFT_HEEL,0.5705707669258118,0.8783267736434937,-0.07791372388601303,0,0
41,RIGHT_HEEL,0.5435998439788818,0.8432801961898804,0.10807930678129196,0,0
41,LEFT_FOOT_INDEX,0.5456593036651611,0.8867017030715942,-0.13084819912910461,0,0
41,RIGHT_FOOT_INDEX,0.5160523056983948,0.8414360284805298,0.08229916542768478,0,0
42,NOSE,0.5161824226379395,0.5519981384277344,-0.0181642584502697,0,0
42,LEFT_EYE_INNER,0.5169976353645325,0.5429130792617798,-0.026402167975902557,0,0
42,LEFT_EYE,0.5174837708473206,0.5422187447547913,-0.02640623040497303,0,0
42,LEFT_EYE_OUTER,0.5180203318595886,0.5415483117103577,-0.02641051448881626,0,0
42,RIGHT_EYE_INNER,0.5171049237251282,0.5432081818580627,-0.013421265408396721,0,0
42,RIGHT_EYE,0.5176370739936829,0.5426963567733765,-0.013417867943644524,0,0
42,RIGHT_EYE_OUTER,0.51824551820755,0.5421631932258606,-0.013452527113258839,0,0
42,LEFT_EAR,0.523830235004425,0.5405691266059875,-0.040185797959566116,0,0
42,RIGHT_EAR,0.5236013531684875,0.541130006313324,0.019546547904610634,0,0
42,MOUTH_LEFT,0.5187416672706604,0.5557803511619568,-0.021575378254055977,0,0
42,MOUTH_RIGHT,0.5187715888023376,0.5563134551048279,-0.004556473810225725,0,0
42,LEFT_SHOULDER,0.5495087504386902,0.5655295252799988,-0.05852862074971199,0,0
42,RIGHT_SHOULDER,0.5225707292556763,0.5750017166137695,0.04731501638889313,0,0
42,LEFT_ELBOW,0.5590153932571411,0.6113301515579224,-0.07961233705282211,0,0
42,RIGHT_ELBOW,0.5223602056503296,0.6212183833122253,0.05778241157531738,0,0
42,LEFT_WRIST,0.550139844417572,0.6531368494033813,-0.11568495631217957,0,0
42,RIGHT_WRIST,0.5377446413040161,0.6555142998695374,0.023943476378917694,0,0
42,LEFT_PINKY,0.5497366189956665,0.6647521257400513,-0.13194404542446136,0,0
42,RIGHT_PINKY,0.5432893633842468,0.6656155586242676,0.015833115205168724,0,0
42,LEFT_INDEX,0.5468015670776367,0.6610243320465088,-0.13878709077835083,0,0
42,RIGHT_INDEX,0.5458424687385559,0.6601687669754028,0.007074784953147173,0,0
42,LEFT_THUMB,0.5463629364967346,0.6573253870010376,-0.11816105991601944,0,0
42,RIGHT_THUMB,0.5446110963821411,0.6572498679161072,0.019161079078912735,0,0
42,LEFT_HIP,0.5520498752593994,0.6839795708656311,-0.03960023075342178,0,0
42,RIGHT_HIP,0.5372735261917114,0.6844332218170166,0.039574868977069855,0,0
42,LEFT_KNEE,0.5466829538345337,0.7704184055328369,-0.06481099128723145,0,0
42,RIGHT_KNEE,0.5272920727729797,0.7552851438522339,0.06116091459989548,0,0
42,LEFT_ANKLE,0.5637864470481873,0.8649240732192993,-0.07546935975551605,0,0
42,RIGHT_ANKLE,0.5373365879058838,0.8307499885559082,0.10669291764497757,0,0
42,LEFT_HEEL,0.5704584717750549,0.8783696889877319,-0.07942426204681396,0,0
42,RIGHT_HEEL,0.5437167882919312,0.8446712493896484,0.10906636714935303,0,0
42,LEFT_FOOT_INDEX,0.5456149578094482,0.8873154520988464,-0.13111504912376404,0,0
42,RIGHT_FOOT_INDEX,0.5159679651260376,0.841934859752655,0.08325989544391632,0,0
43,NOSE,0.5153823494911194,0.5519779324531555,-0.031056132167577744,0,0
43,LEFT_EYE_INNER,0.5166286826133728,0.5428733825683594,-0.03657105937600136,0,0
43,LEFT_EYE,0.5173030495643616,0.5421700477600098,-0.03657538443803787,0,0
43,LEFT_EYE_OUTER,0.5180155634880066,0.5414820909500122,-0.036580171436071396,0,0
43,RIGHT_EYE_INNER,0.5162033438682556,0.5431920886039734,-0.02543296478688717,0,0
43,RIGHT_EYE,0.5165459513664246,0.5426867008209229,-0.02543460763990879,0,0
43,RIGHT_EYE_OUTER,0.5169339179992676,0.5421597361564636,-0.02546836994588375,0,0
43,LEFT_EAR,0.5238775014877319,0.5405834317207336,-0.041993096470832825,0,0
43,RIGHT_EAR,0.5215832591056824,0.5412487983703613,0.011454189196228981,0,0
43,MOUTH_LEFT,0.5181687474250793,0.5558109283447266,-0.03010471537709236,0,0
43,MOUTH_RIGHT,0.5176265835762024,0.5564454197883606,-0.015570963732898235,0,0
43,LEFT_SHOULDER,0.5478828549385071,0.5657501816749573,-0.05867604911327362,0,0
43,RIGHT_SHOULDER,0.518238365650177,0.575775146484375,0.046584028750658035,0,0
43,LEFT_ELBOW,0.5582543611526489,0.6125591993331909,-0.0794789046049118,0,0
43,RIGHT_ELBOW,0.5221800208091736,0.6242714524269104,0.06467623263597488,0,0
43,LEFT_WRIST,0.5494124889373779,0.6577678918838501,-0.11694739758968353,0,0
43,RIGHT_WRIST,0.5358327627182007,0.6603879332542419,0.03169118985533714,0,0
43,LEFT_PINKY,0.5491132140159607,0.6697171926498413,-0.133261576294899,0,0
43,RIGHT_PINKY,0.5404011011123657,0.672478199005127,0.024258172139525414,0,0
43,LEFT_INDEX,0.546039879322052,0.6665023565292358,-0.13878507912158966,0,0
43,RIGHT_INDEX,0.5429904460906982,0.6673350930213928,0.015060278587043285,0,0
43,LEFT_THUMB,0.5455577373504639,0.6627557873725891,-0.11868537962436676,0,0
43,RIGHT_THUMB,0.542050302028656,0.6638072729110718,0.02719283290207386,0,0
43,LEFT_HIP,0.5507394075393677,0.6828870177268982,-0.040127839893102646,0,0
43,RIGHT_HIP,0.5353736281394958,0.684131383895874,0.04010133817791939,0,0
43,LEFT_KNEE,0.5394972562789917,0.7686123251914978,-0.08108708262443542,0,0
43,RIGHT_KNEE,0.525296151638031,0.757191002368927,0.045850202441215515,0,0
43,LEFT_ANKLE,0.5602070093154907,0.8605902791023254,-0.09882256388664246,0,0
43,RIGHT_ANKLE,0.5374818444252014,0.8306450843811035,0.09020598232746124,0,0
43,LEFT_HEEL,0.5686381459236145,0.8730424642562866,-0.10260944068431854,0,0
43,RIGHT_HEEL,0.5434333682060242,0.8435040712356567,0.09267391264438629,0,0
43,LEFT_FOOT_INDEX,0.5440739393234253,0.8879255652427673,-0.15019869804382324,0,0
43,RIGHT_FOOT_INDEX,0.5155947208404541,0.8425003886222839,0.06980184465646744,0,0
44,NOSE,0.5145375728607178,0.5508238673210144,-0.018162677064538002,0,0
44,LEFT_EYE_INNER,0.5159279704093933,0.5423116087913513,-0.025174014270305634,0,0
44,LEFT_EYE,0.5166478753089905,0.5416229963302612,-0.02518075332045555,0,0
44,LEFT_EYE_OUTER,0.5174397230148315,0.5409250259399414,-0.025184176862239838,0,0
44,RIGHT_EYE_INNER,0.5154235363006592,0.5426827073097229,-0.012065662071108818,0,0
44,RIGHT_EYE,0.5157376527786255,0.5422338843345642,-0.012060071341693401,0,0
44,RIGHT_EYE_OUTER,0.5160878300666809,0.5417448878288269,-0.012073815800249577,0,0
44,LEFT_EAR,0.5231915712356567,0.5404476523399353,-0.038140907883644104,0,0
44,RIGHT_EAR,0.520595371723175,0.5412091612815857,0.020686056464910507,0,0
44,MOUTH_LEFT,0.517379641532898,0.5552748441696167,-0.02113969437777996,0,0
44,MOUTH_RIGHT,0.5167786478996277,0.5558992624282837,-0.004261303227394819,0,0
44,LEFT_SHOULDER,0.5429542660713196,0.565433144569397,-0.06992551684379578,0,0
44,RIGHT_SHOULDER,0.5185407400131226,0.5785101652145386,0.06623896956443787,0,0
44,LEFT_ELBOW,0.5530689358711243,0.6135803461074829,-0.09833043068647385,0,0
44,RIGHT_ELBOW,0.5216447710990906,0.6272742748260498,0.08554860204458237,0,0
44,LEFT_WRIST,0.5480553507804871,0.6654660105705261,-0.12193601578474045,0,0
44,RIGHT_WRIST,0.5342094898223877,0.6669803261756897,0.05127657949924469,0,0
44,LEFT_PINKY,0.5455345511436462,0.6784910559654236,-0.13862432539463043,0,0
44,RIGHT_PINKY,0.5375915169715881,0.6810243129730225,0.04821183159947395,0,0
44,LEFT_INDEX,0.5443457365036011,0.6755426526069641,-0.1393549144268036,0,0
44,RIGHT_INDEX,0.5397657752037048,0.6776384115219116,0.03678542748093605,0,0
44,LEFT_THUMB,0.5444661974906921,0.6718503832817078,-0.12100919336080551,0,0
44,RIGHT_THUMB,0.5389402508735657,0.6728836297988892,0.0456557460129261,0,0
44,LEFT_HIP,0.5472522974014282,0.6809887290000916,-0.04888659343123436,0,0
44,RIGHT_HIP,0.5357678532600403,0.6834024786949158,0.048865191638469696,0,0
44,LEFT_KNEE,0.530200719833374,0.7658341526985168,-0.07323599606752396,0,0
44,RIGHT_KNEE,0.527025580406189,0.7581833600997925,0.051027946174144745,0,0
44,LEFT_ANKLE,0.5552388429641724,0.848759114742279,-0.08890066295862198,0,0
44,RIGHT_ANKLE,0.5400640964508057,0.8330001831054688,0.0744483694434166,0,0
44,LEFT_HEEL,0.5650094747543335,0.8567565083503723,-0.08336810022592545,0,0
44,RIGHT_HEEL,0.5470653772354126,0.8464698791503906,0.07505672425031662,0,0
44,LEFT_FOOT_INDEX,0.5440776944160461,0.8879224061965942,-0.10217940807342529,0,0
44,RIGHT_FOOT_INDEX,0.5161502957344055,0.8467379808425903,0.05711707845330238,0,0
45,NOSE,0.5150152444839478,0.5467948913574219,0.007033272180706263,0,0
45,LEFT_EYE_INNER,0.516482949256897,0.5389842987060547,-0.0021947354543954134,0,0
45,LEFT_EYE,0.5170090794563293,0.5388739705085754,-0.0021997110452502966,0,0
45,LEFT_EYE_OUTER,0.5175632238388062,0.5387412905693054,-0.002190793165937066,0,0
45,RIGHT_EYE_INNER,0.5163126587867737,0.5384893417358398,0.012315778993070126,0,0
45,RIGHT_EYE,0.5166679620742798,0.5380139946937561,0.012327965348958969,0,0
45,RIGHT_EYE_OUTER,0.5170167088508606,0.5375345349311829,0.01231574360281229,0,0
45,LEFT_EAR,0.5226086974143982,0.5401018857955933,-0.02919095754623413,0,0
45,RIGHT_EAR,0.5219505429267883,0.5390746593475342,0.034339986741542816,0,0
45,MOUTH_LEFT,0.5173675417900085,0.5531651973724365,-0.0021804345306009054,0,0
45,MOUTH_RIGHT,0.5174128413200378,0.5530617833137512,0.01633773185312748,0,0
45,LEFT_SHOULDER,0.5315687656402588,0.5681564807891846,-0.07935968786478043,0,0
45,RIGHT_SHOULDER,0.5309252142906189,0.574472963809967,0.08273474872112274,0,0
45,LEFT_ELBOW,0.5393869280815125,0.6208462119102478,-0.1100831925868988,0,0
45,RIGHT_ELBOW,0.528781533241272,0.6274220943450928,0.10635919123888016,0,0
45,LEFT_WRIST,0.5296024084091187,0.6701436638832092,-0.11989501863718033,0,0
45,RIGHT_WRIST,0.5206677317619324,0.6663104891777039,0.08229168504476547,0,0
45,LEFT_PINKY,0.5295101404190063,0.6849167346954346,-0.13605032861232758,0,0
45,RIGHT_PINKY,0.5202189683914185,0.6795136332511902,0.08466846495866776,0,0
45,LEFT_INDEX,0.527858316898346,0.6830189228057861,-0.13272295892238617,0,0
45,RIGHT_INDEX,0.5212735533714294,0.6772232055664062,0.06934890151023865,0,0
45,LEFT_THUMB,0.5271919369697571,0.6784946918487549,-0.1176479384303093,0,0
45,RIGHT_THUMB,0.5212143659591675,0.6726933717727661,0.07496877014636993,0,0
45,LEFT_HIP,0.5393860936164856,0.6813538670539856,-0.05150816962122917,0,0
45,RIGHT_HIP,0.5419390797615051,0.6824469566345215,0.05146709829568863,0,0
45,LEFT_KNEE,0.5268042087554932,0.7622185945510864,-0.07266303896903992,0,0
45,RIGHT_KNEE,0.5269057154655457,0.754192054271698,0.061439160257577896,0,0
45,LEFT_ANKLE,0.5568975806236267,0.8363669514656067,-0.06715994328260422,0,0
45,RIGHT_ANKLE,0.539645791053772,0.8298818469047546,0.08991627395153046,0,0
45,LEFT_HEEL,0.5658738613128662,0.8370557427406311,-0.0640595406293869,0,0
45,RIGHT_HEEL,0.5458621382713318,0.8460221886634827,0.09101588279008865,0,0
45,LEFT_FOOT_INDEX,0.5503507852554321,0.8780260682106018,-0.07724713534116745,0,0
45,RIGHT_FOOT_INDEX,0.516291081905365,0.845572292804718,0.07784533500671387,0,0
46,NOSE,0.5174120664596558,0.5457928776741028,0.08070316165685654,0,0
46,LEFT_EYE_INNER,0.517610490322113,0.5381000638008118,0.06939640641212463,0,0
46,LEFT_EYE,0.5172304511070251,0.5379160642623901,0.06938712298870087,0,0
46,LEFT_EYE_OUTER,0.5180891752243042,0.537765622138977,0.0693940669298172,0,0
46,RIGHT_EYE_INNER,0.5195042490959167,0.5376859307289124,0.08116716891527176,0,0
46,RIGHT_EYE,0.5206018686294556,0.5371553301811218,0.08117817342281342,0,0
46,RIGHT_EYE_OUTER,0.5216991305351257,0.5366342663764954,0.08115733414888382,0,0
46,LEFT_EAR,0.5224232077598572,0.5393980741500854,0.029160019010305405,0,0
46,RIGHT_EAR,0.5258402228355408,0.538072407245636,0.08192873746156693,0,0
46,MOUTH_LEFT,0.5177571177482605,0.551630973815918,0.06743109971284866,0,0
46,MOUTH_RIGHT,0.5198164582252502,0.5513721108436584,0.08261943608522415,0,0
46,LEFT_SHOULDER,0.523000180721283,0.5664786100387573,-0.033003371208906174,0,0
46,RIGHT_SHOULDER,0.5454755425453186,0.5734195709228516,0.11264445632696152,0,0
46,LEFT_ELBOW,0.521131694316864,0.6207900643348694,-0.059656497091054916,0,0
46,RIGHT_ELBOW,0.546562135219574,0.6227049231529236,0.1407211273908615,0,0
46,LEFT_WRIST,0.5035318732261658,0.6657925248146057,-0.04981251433491707,0,0
46,RIGHT_WRIST,0.5366140007972717,0.6622675657272339,0.14535991847515106,0,0
46,LEFT_PINKY,0.5009385943412781,0.6788139343261719,-0.06003374978899956,0,0
46,RIGHT_PINKY,0.5338398814201355,0.6701542139053345,0.15299145877361298,0,0
46,LEFT_INDEX,0.4998158812522888,0.6779293417930603,-0.05407363921403885,0,0
46,RIGHT_INDEX,0.530220091342926,0.675165593624115,0.1417257934808731,0,0
46,LEFT_THUMB,0.5008098483085632,0.6739153861999512,-0.046020638197660446,0,0
46,RIGHT_THUMB,0.5309787392616272,0.6720283627510071,0.14116936922073364,0,0
46,LEFT_HIP,0.5339842438697815,0.6785753965377808,-0.051536038517951965,0,0
46,RIGHT_HIP,0.5485791563987732,0.6794747114181519,0.051411792635917664,0,0
46,LEFT_KNEE,0.5263973474502563,0.7616564631462097,-0.07018139213323593,0,0
46,RIGHT_KNEE,0.528965413570404,0.7540535926818848,0.0804513618350029,0,0
46,LEFT_ANKLE,0.5577079057693481,0.8247354030609131,-0.10778964310884476,0,0
46,RIGHT_ANKLE,0.5361783504486084,0.8298676013946533,0.07760442048311234,0,0
46,LEFT_HEEL,0.5690014958381653,0.8237177133560181,-0.11103734374046326,0,0
46,RIGHT_HEEL,0.5420724153518677,0.8455225825309753,0.07556572556495667,0,0
46,LEFT_FOOT_INDEX,0.5591247081756592,0.8681820631027222,-0.11785458028316498,0,0
46,RIGHT_FOOT_INDEX,0.5163699388504028,0.8450693488121033,0.06335806101560593,0,0
47,NOSE,0.5194656252861023,0.5450650453567505,0.07304425537586212,0,0
47,LEFT_EYE_INNER,0.5191174149513245,0.5375906229019165,0.06182151287794113,0,0
47,LEFT_EYE,0.5181850790977478,0.5374093651771545,0.06181413680315018,0,0
47,LEFT_EYE_OUTER,0.5181577205657959,0.5372785925865173,0.061826858669519424,0,0
47,RIGHT_EYE_INNER,0.5218726992607117,0.5371280908584595,0.07352601736783981,0,0
47,RIGHT_EYE,0.5231673717498779,0.5365998148918152,0.07353367656469345,0,0
47,RIGHT_EYE_OUTER,0.5244371891021729,0.5361104607582092,0.07351414114236832,0,0
47,LEFT_EAR,0.5224032402038574,0.5388848185539246,0.022378213703632355,0,0
47,RIGHT_EAR,0.5284590125083923,0.5374365448951721,0.07482431828975677,0,0
47,MOUTH_LEFT,0.5181288123130798,0.5506210327148438,0.06006792560219765,0,0
47,MOUTH_RIGHT,0.5216680765151978,0.5502760410308838,0.07517977058887482,0,0
47,LEFT_SHOULDER,0.5220988392829895,0.5658974647521973,-0.03665289655327797,0,0
47,RIGHT_SHOULDER,0.5472351908683777,0.5733336210250854,0.1045052707195282,0,0
47,LEFT_ELBOW,0.5197572708129883,0.6207422614097595,-0.061350367963314056,0,0
47,RIGHT_ELBOW,0.5471170544624329,0.6210235953330994,0.1282685548067093,0,0
47,LEFT_WRIST,0.502008318901062,0.6643819212913513,-0.05039827525615692,0,0
47,RIGHT_WRIST,0.5378968119621277,0.658897340297699,0.1269497275352478,0,0
47,LEFT_PINKY,0.4994107186794281,0.6769136190414429,-0.06030282750725746,0,0
47,RIGHT_PINKY,0.5356584787368774,0.665017306804657,0.13344833254814148,0,0
47,LEFT_INDEX,0.4983237385749817,0.6762740015983582,-0.054598744958639145,0,0
47,RIGHT_INDEX,0.5319689512252808,0.6704675555229187,0.12213049083948135,0,0
47,LEFT_THUMB,0.4993553161621094,0.6724073886871338,-0.04668410122394562,0,0
47,RIGHT_THUMB,0.5327691435813904,0.6686202883720398,0.12257875502109528,0,0
47,LEFT_HIP,0.532751202583313,0.6784634590148926,-0.05072740465402603,0,0
47,RIGHT_HIP,0.5500348210334778,0.6789227724075317,0.05059134215116501,0,0
47,LEFT_KNEE,0.5263720154762268,0.76096510887146,-0.0587565153837204,0,0
47,RIGHT_KNEE,0.5307927131652832,0.754170835018158,0.08267994225025177,0,0
47,LEFT_ANKLE,0.557798445224762,0.8243603706359863,-0.09992928057909012,0,0
47,RIGHT_ANKLE,0.5346860885620117,0.8302978277206421,0.06962355971336365,0,0
47,LEFT_HEEL,0.5695151686668396,0.8229832649230957,-0.10376090556383133,0,0
47,RIGHT_HEEL,0.539188027381897,0.8454678058624268,0.06671731173992157,0,0
47,LEFT_FOOT_INDEX,0.5598757863044739,0.8655083775520325,-0.11630317568778992,0,0
47,RIGHT_FOOT_INDEX,0.5160382390022278,0.8446525931358337,0.05397222563624382,0,0
48,NOSE,0.5221402645111084,0.5450146794319153,0.14933668076992035,0,0
48,LEFT_EYE_INNER,0.52113938331604,0.5378906726837158,0.13732589781284332,0,0
48,LEFT_EYE,0.5198240280151367,0.5376473069190979,0.13732776045799255,0,0
48,LEFT_EYE_OUTER,0.5188181400299072,0.5374454259872437,0.13734212517738342,0,0
48,RIGHT_EYE_INNER,0.5243819952011108,0.5375224947929382,0.1451498568058014,0,0
48,RIGHT_EYE,0.5256896615028381,0.5369811058044434,0.14514170587062836,0,0
48,RIGHT_EYE_OUTER,0.5270049571990967,0.5364302396774292,0.1451399028301239,0,0
48,LEFT_EAR,0.5218049883842468,0.5388985276222229,0.08723148703575134,0,0
48,RIGHT_EAR,0.5307608246803284,0.5374968647956848,0.12267164140939713,0,0
48,MOUTH_LEFT,0.5199579000473022,0.5501264333724976,0.13257993757724762,0,0
48,MOUTH_RIGHT,0.5241135954856873,0.5501833558082581,0.1427164375782013,0,0
48,LEFT_SHOULDER,0.5144012570381165,0.5658016204833984,0.022357460111379623,0,0
48,RIGHT_SHOULDER,0.54838627576828,0.573418915271759,0.13210242986679077,0,0
48,LEFT_ELBOW,0.5051437616348267,0.620768666267395,0.015226098708808422,0,0
48,RIGHT_ELBOW,0.5437411069869995,0.6213669776916504,0.16110007464885712,0,0
48,LEFT_WRIST,0.4896530508995056,0.653935968875885,0.05425310134887695,0,0
48,RIGHT_WRIST,0.5235034227371216,0.6442385315895081,0.18647928535938263,0,0
48,LEFT_PINKY,0.48578956723213196,0.656352698802948,0.050363801419734955,0,0
48,RIGHT_PINKY,0.514320433139801,0.654516875743866,0.1957157701253891,0,0
48,LEFT_INDEX,0.48577579855918884,0.6540849804878235,0.0561184398829937,0,0
48,RIGHT_INDEX,0.5114071369171143,0.6563279628753662,0.18723151087760925,0,0
48,LEFT_THUMB,0.4873567521572113,0.6536556482315063,0.05821104347705841,0,0
48,RIGHT_THUMB,0.5123419165611267,0.6548604965209961,0.18380135297775269,0,0
48,LEFT_HIP,0.5305292010307312,0.679153561592102,-0.04865553602576256,0,0
48,RIGHT_HIP,0.5500230193138123,0.6782235503196716,0.048462554812431335,0,0
48,LEFT_KNEE,0.5290141701698303,0.7611391544342041,-0.043235354125499725,0,0
48,RIGHT_KNEE,0.5357069373130798,0.7542625665664673,0.08210892230272293,0,0
48,LEFT_ANKLE,0.5627549290657043,0.8150356411933899,-0.10545028746128082,0,0
48,RIGHT_ANKLE,0.5350427031517029,0.8311057090759277,0.04301603510975838,0,0
48,LEFT_HEEL,0.5740066170692444,0.810237467288971,-0.11102437973022461,0,0
48,RIGHT_HEEL,0.5399596691131592,0.8455355763435364,0.03741059452295303,0,0
48,LEFT_FOOT_INDEX,0.5700713992118835,0.8565776944160461,-0.11609350889921188,0,0
48,RIGHT_FOOT_INDEX,0.5161855220794678,0.8444950580596924,0.027148820459842682,0,0
49,NOSE,0.5248793959617615,0.5454016923904419,0.1674479991197586,0,0
49,LEFT_EYE_INNER,0.5235484838485718,0.5384800434112549,0.15500245988368988,0,0
49,LEFT_EYE,0.5222513675689697,0.5382956266403198,0.15502433478832245,0,0
49,LEFT_EYE_OUTER,0.5209008455276489,0.538162112236023,0.15502868592739105,0,0
49,RIGHT_EYE_INNER,0.5268648266792297,0.5381415486335754,0.16087618470191956,0,0
49,RIGHT_EYE,0.5281127095222473,0.5377429127693176,0.1608612835407257,0,0
49,RIGHT_EYE_OUTER,0.5294023752212524,0.5374181270599365,0.16087913513183594,0,0
49,LEFT_EAR,0.5220728516578674,0.5397465229034424,0.10280406475067139,0,0
49,RIGHT_EAR,0.5326166152954102,0.5391481518745422,0.1294279247522354,0,0
49,MOUTH_LEFT,0.5227189660072327,0.550440788269043,0.14977280795574188,0,0
49,MOUTH_RIGHT,0.5266669988632202,0.5505954623222351,0.15727172791957855,0,0
49,LEFT_SHOULDER,0.5130686163902283,0.5662157535552979,0.04166966676712036,0,0
49,RIGHT_SHOULDER,0.5483810305595398,0.5736793875694275,0.12984296679496765,0,0
49,LEFT_ELBOW,0.5037526488304138,0.6191179752349854,0.06600762158632278,0,0
49,RIGHT_ELBOW,0.5448630452156067,0.6215537786483765,0.15769901871681213,0,0
49,LEFT_WRIST,0.4983921945095062,0.5946974754333496,0.14370591938495636,0,0
49,RIGHT_WRIST,0.5241339802742004,0.62848299741745,0.19136570394039154,0,0
49,LEFT_PINKY,0.4932989478111267,0.5898646712303162,0.14823278784751892,0,0
49,RIGHT_PINKY,0.5197277665138245,0.6287051439285278,0.201018288731575,0,0
49,LEFT_INDEX,0.4966419041156769,0.5855140686035156,0.15074332058429718,0,0
49,RIGHT_INDEX,0.5180568695068359,0.6275145411491394,0.19817756116390228,0,0
49,LEFT_THUMB,0.49826207756996155,0.588419497013092,0.14731468260288239,0,0
49,RIGHT_THUMB,0.518146812915802,0.6276390552520752,0.19153429567813873,0,0
49,LEFT_HIP,0.5270479917526245,0.6795344948768616,-0.04490676149725914,0,0
49,RIGHT_HIP,0.5491419434547424,0.6774701476097107,0.04469233378767967,0,0
49,LEFT_KNEE,0.5306686758995056,0.7591086030006409,-0.026331039145588875,0,0
49,RIGHT_KNEE,0.5365812182426453,0.7537670731544495,0.08246468007564545,0,0
49,LEFT_ANKLE,0.5684705972671509,0.7998661398887634,-0.11543235182762146,0,0
49,RIGHT_ANKLE,0.5352500677108765,0.8311713933944702,0.021249281242489815,0,0
49,LEFT_HEEL,0.5777390003204346,0.7915422320365906,-0.12297645211219788,0,0
49,RIGHT_HEEL,0.5393744111061096,0.8454187512397766,0.013532514683902264,0,0
49,LEFT_FOOT_INDEX,0.5778952836990356,0.8444479703903198,-0.1228632926940918,0,0
49,RIGHT_FOOT_INDEX,0.5163624882698059,0.8439820408821106,0.002628507325425744,0,0
50,NOSE,0.5264312028884888,0.5455173254013062,0.1483738273382187,0,0
50,LEFT_EYE_INNER,0.5248261094093323,0.5385671257972717,0.13551637530326843,0,0
50,LEFT_EYE,0.5235345959663391,0.5385014414787292,0.1355373114347458,0,0
50,LEFT_EYE_OUTER,0.5221020579338074,0.538471519947052,0.1355137676000595,0,0
50,RIGHT_EYE_INNER,0.528238832950592,0.5383158326148987,0.1373586505651474,0,0
50,RIGHT_EYE,0.5294430255889893,0.538215160369873,0.1373504251241684,0,0
50,RIGHT_EYE_OUTER,0.5307297110557556,0.5382692813873291,0.13735143840312958,0,0
50,LEFT_EAR,0.5220592021942139,0.5409379601478577,0.085974782705307,0,0
50,RIGHT_EAR,0.5332064032554626,0.5417729020118713,0.09629609435796738,0,0
50,MOUTH_LEFT,0.5243849158287048,0.5505611300468445,0.1331525444984436,0,0
50,MOUTH_RIGHT,0.5281960368156433,0.550868809223175,0.13517212867736816,0,0
50,LEFT_SHOULDER,0.5103030800819397,0.5689751505851746,0.055811405181884766,0,0
50,RIGHT_SHOULDER,0.5467202067375183,0.5739597082138062,0.0999370664358139,0,0
50,LEFT_ELBOW,0.5177453756332397,0.5795806050300598,0.1223180815577507,0,0
50,RIGHT_ELBOW,0.5464645624160767,0.5632593631744385,0.13734866678714752,0,0
50,LEFT_WRIST,0.5323129296302795,0.5445924997329712,0.2046622484922409,0,0
50,RIGHT_WRIST,0.540744960308075,0.5163931250572205,0.19815854728221893,0,0
50,LEFT_PINKY,0.5336229205131531,0.5377746224403381,0.21545304358005524,0,0
50,RIGHT_PINKY,0.5402650833129883,0.5054305195808411,0.2071373611688614,0,0
50,LEFT_INDEX,0.5371620655059814,0.5352895259857178,0.2119104564189911,0,0
50,RIGHT_INDEX,0.5378808379173279,0.5037320256233215,0.2045348584651947,0,0
50,LEFT_THUMB,0.5375099778175354,0.5383109450340271,0.20574690401554108,0,0
50,RIGHT_THUMB,0.5324137806892395,0.5067387819290161,0.1988992989063263,0,0
50,LEFT_HIP,0.5238294005393982,0.6830095648765564,-0.03584100678563118,0,0
50,RIGHT_HIP,0.5484796762466431,0.6779493093490601,0.035681333392858505,0,0
50,LEFT_KNEE,0.531502366065979,0.7601261138916016,-0.038992710411548615,0,0
50,RIGHT_KNEE,0.5359029173851013,0.7538968920707703,0.07145630568265915,0,0
50,LEFT_ANKLE,0.5734171271324158,0.7943485379219055,-0.10433705151081085,0,0
50,RIGHT_ANKLE,0.5348122715950012,0.8311402201652527,0.05474431812763214,0,0
50,LEFT_HEEL,0.5802651643753052,0.7876603007316589,-0.11418332159519196,0,0
50,RIGHT_HEEL,0.5378878712654114,0.8453812599182129,0.05251096561551094,0,0
50,LEFT_FOOT_INDEX,0.5841327905654907,0.8337427377700806,-0.11166974902153015,0,0
50,RIGHT_FOOT_INDEX,0.5173393487930298,0.8427315950393677,0.03562311828136444,0,0
51,NOSE,0.5266705751419067,0.5453108549118042,0.14719238877296448,0,0
51,LEFT_EYE_INNER,0.5251337289810181,0.5386956930160522,0.1343977004289627,0,0
51,LEFT_EYE,0.523906946182251,0.5385927557945251,0.13441623747348785,0,0
51,LEFT_EYE_OUTER,0.522531270980835,0.5385214686393738,0.13439029455184937,0,0
51,RIGHT_EYE_INNER,0.5284737348556519,0.5384834408760071,0.13640180230140686,0,0
51,RIGHT_EYE,0.5296566486358643,0.5383252501487732,0.13639244437217712,0,0
51,RIGHT_EYE_OUTER,0.5309262871742249,0.5383087396621704,0.13638897240161896,0,0
51,LEFT_EAR,0.5219908952713013,0.5412001609802246,0.08577319979667664,0,0
51,RIGHT_EAR,0.5333138704299927,0.5422949194908142,0.09523621201515198,0,0
51,MOUTH_LEFT,0.5248311161994934,0.5504137873649597,0.13242828845977783,0,0
51,MOUTH_RIGHT,0.5283949971199036,0.55094975233078,0.13464632630348206,0,0
51,LEFT_SHOULDER,0.5101312398910522,0.5696715712547302,0.05852890759706497,0,0
51,RIGHT_SHOULDER,0.5460447669029236,0.574072003364563,0.09771489351987839,0,0
51,LEFT_ELBOW,0.5216931700706482,0.5681784152984619,0.12881183624267578,0,0
51,RIGHT_ELBOW,0.5471823811531067,0.5579970479011536,0.14466522634029388,0,0
51,LEFT_WRIST,0.5354923009872437,0.530973494052887,0.2196941077709198,0,0
51,RIGHT_WRIST,0.542690098285675,0.5130967497825623,0.215164914727211,0,0
51,LEFT_PINKY,0.5364208817481995,0.523576021194458,0.23215129971504211,0,0
51,RIGHT_PINKY,0.542596161365509,0.49937641620635986,0.22540394961833954,0,0
51,LEFT_INDEX,0.538916826248169,0.5216328501701355,0.2291461080312729,0,0
51,RIGHT_INDEX,0.5406656265258789,0.5007826685905457,0.22314368188381195,0,0
51,LEFT_THUMB,0.5393384099006653,0.5247722268104553,0.22129617631435394,0,0
51,RIGHT_THUMB,0.5392053127288818,0.5070986151695251,0.21624311804771423,0,0
51,LEFT_HIP,0.5237224102020264,0.6839775443077087,-0.03377322852611542,0,0
51,RIGHT_HIP,0.5482147932052612,0.6781799793243408,0.03363173082470894,0,0
51,LEFT_KNEE,0.5318638682365417,0.7602414488792419,-0.042000316083431244,0,0
51,RIGHT_KNEE,0.5361576080322266,0.754145622253418,0.06314560025930405,0,0
51,LEFT_ANKLE,0.5741032361984253,0.7919526100158691,-0.09524527192115784,0,0
51,RIGHT_ANKLE,0.5337150692939758,0.8312336206436157,0.05875055119395256,0,0
51,LEFT_HEEL,0.5804423689842224,0.784026563167572,-0.09848439693450928,0,0
51,RIGHT_HEEL,0.5358671545982361,0.8452828526496887,0.0577608086168766,0,0
51,LEFT_FOOT_INDEX,0.5851086974143982,0.8295040726661682,-0.10196756571531296,0,0
51,RIGHT_FOOT_INDEX,0.5179113745689392,0.8423030376434326,0.03921348601579666,0,0
52,NOSE,0.5264261364936829,0.5447412133216858,0.1368226259946823,0,0
52,LEFT_EYE_INNER,0.5242847204208374,0.5385541915893555,0.1258200854063034,0,0
52,LEFT_EYE,0.5228105187416077,0.5384268760681152,0.1258300393819809,0,0
52,LEFT_EYE_OUTER,0.5212926268577576,0.538336455821991,0.1258237212896347,0,0
52,RIGHT_EYE_INNER,0.5281044840812683,0.5384315848350525,0.1274043768644333,0,0
52,RIGHT_EYE,0.5289655327796936,0.5382956862449646,0.12740111351013184,0,0
52,RIGHT_EYE_OUTER,0.5299798846244812,0.5382949113845825,0.12741024792194366,0,0
52,LEFT_EAR,0.5199374556541443,0.5410977005958557,0.08463382720947266,0,0
52,RIGHT_EAR,0.5331205129623413,0.5422490239143372,0.0923752710223198,0,0
52,MOUTH_LEFT,0.5235722064971924,0.5496069192886353,0.12436395138502121,0,0
52,MOUTH_RIGHT,0.5276476144790649,0.5504453778266907,0.12619933485984802,0,0
52,LEFT_SHOULDER,0.5100383162498474,0.5695897936820984,0.052962325513362885,0,0
52,RIGHT_SHOULDER,0.5445747971534729,0.574543833732605,0.09028765559196472,0,0
52,LEFT_ELBOW,0.522593080997467,0.5853352546691895,0.08107659965753555,0,0
52,RIGHT_ELBOW,0.5517618656158447,0.608429491519928,0.13479021191596985,0,0
52,LEFT_WRIST,0.5491841435432434,0.5547844767570496,0.11293413490056992,0,0
52,RIGHT_WRIST,0.5513956546783447,0.5687276124954224,0.17234426736831665,0,0
52,LEFT_PINKY,0.554653525352478,0.5435686707496643,0.11494215577840805,0,0
52,RIGHT_PINKY,0.5550445318222046,0.5588396787643433,0.17954760789871216,0,0
52,LEFT_INDEX,0.5551316142082214,0.5430639386177063,0.11198905110359192,0,0
52,RIGHT_INDEX,0.5526843667030334,0.5560881495475769,0.17787712812423706,0,0
52,LEFT_THUMB,0.5529105067253113,0.5471440553665161,0.11269813030958176,0,0
52,RIGHT_THUMB,0.5505945086479187,0.5608052015304565,0.1732303351163864,0,0
52,LEFT_HIP,0.5228182673454285,0.6861468553543091,-0.03457576781511307,0,0
52,RIGHT_HIP,0.5464293956756592,0.6798222661018372,0.03447719290852547,0,0
52,LEFT_KNEE,0.5320497751235962,0.7603535056114197,-0.0556146577000618,0,0
52,RIGHT_KNEE,0.5355982184410095,0.7592149972915649,0.0648864209651947,0,0
52,LEFT_ANKLE,0.5762955546379089,0.7880071997642517,-0.12051410973072052,0,0
52,RIGHT_ANKLE,0.5328654050827026,0.8315005898475647,0.062285345047712326,0,0
52,LEFT_HEEL,0.5823280215263367,0.778967559337616,-0.12533338367938995,0,0
52,RIGHT_HEEL,0.5362548828125,0.8452044129371643,0.06063240021467209,0,0
52,LEFT_FOOT_INDEX,0.5889397263526917,0.8235751390457153,-0.14141811430454254,0,0
52,RIGHT_FOOT_INDEX,0.5179000496864319,0.8424384593963623,0.04167547449469566,0,0
53,NOSE,0.5262952446937561,0.5443578362464905,0.13091222941875458,0,0
53,LEFT_EYE_INNER,0.5235246419906616,0.5382788181304932,0.11953773349523544,0,0
53,LEFT_EYE,0.5219407677650452,0.5381560325622559,0.11954601854085922,0,0
53,LEFT_EYE_OUTER,0.5204125046730042,0.53807532787323,0.11953678727149963,0,0
53,RIGHT_EYE_INNER,0.5276581645011902,0.5381870269775391,0.12054518610239029,0,0
53,RIGHT_EYE,0.5283342599868774,0.5380827188491821,0.12055422365665436,0,0
53,RIGHT_EYE_OUTER,0.5292435884475708,0.5381177067756653,0.12057515233755112,0,0
53,LEFT_EAR,0.5189611315727234,0.5407271981239319,0.0785711333155632,0,0
53,RIGHT_EAR,0.5327624678611755,0.5420264601707458,0.08622559159994125,0,0
53,MOUTH_LEFT,0.5227864980697632,0.5491966605186462,0.11881209164857864,0,0
53,MOUTH_RIGHT,0.527468204498291,0.5500069260597229,0.1200118288397789,0,0
53,LEFT_SHOULDER,0.5100687742233276,0.5694552659988403,0.05451475456357002,0,0
53,RIGHT_SHOULDER,0.5439065098762512,0.5762724280357361,0.07580623775720596,0,0
53,LEFT_ELBOW,0.5272387266159058,0.573287844657898,0.09810109436511993,0,0
53,RIGHT_ELBOW,0.556893527507782,0.6166201829910278,0.1089298278093338,0,0
53,LEFT_WRIST,0.5550105571746826,0.5422453880310059,0.13813428580760956,0,0
53,RIGHT_WRIST,0.5613721013069153,0.5726755261421204,0.1560710072517395,0,0
53,LEFT_PINKY,0.5601901412010193,0.5342657566070557,0.14382429420948029,0,0
53,RIGHT_PINKY,0.5632379651069641,0.563785195350647,0.16289013624191284,0,0
53,LEFT_INDEX,0.5606438517570496,0.5316701531410217,0.1410239338874817,0,0
53,RIGHT_INDEX,0.5606383085250854,0.5604086518287659,0.1616552174091339,0,0
53,LEFT_THUMB,0.558131754398346,0.5370903015136719,0.13843552768230438,0,0
53,RIGHT_THUMB,0.5589249730110168,0.5641115307807922,0.15704134106636047,0,0
53,LEFT_HIP,0.5203393697738647,0.6871639490127563,-0.02901393733918667,0,0
53,RIGHT_HIP,0.5432386994361877,0.6817266345024109,0.028915446251630783,0,0
53,LEFT_KNEE,0.5319963097572327,0.76051926612854,-0.055263422429561615,0,0
53,RIGHT_KNEE,0.5353333950042725,0.7607211470603943,0.06514327973127365,0,0
53,LEFT_ANKLE,0.5757175087928772,0.785975456237793,-0.115376777946949,0,0
53,RIGHT_ANKLE,0.5321659445762634,0.8314375281333923,0.056837454438209534,0,0
53,LEFT_HEEL,0.5813567638397217,0.7763819098472595,-0.1203245222568512,0,0
53,RIGHT_HEEL,0.5361968278884888,0.8449462056159973,0.05499251186847687,0,0
53,LEFT_FOOT_INDEX,0.5877858996391296,0.8212347626686096,-0.13701453804969788,0,0
53,RIGHT_FOOT_INDEX,0.5183509588241577,0.8424349427223206,0.03740586340427399,0,0
54,NOSE,0.5215717554092407,0.5444455742835999,0.1302483230829239,0,0
54,LEFT_EYE_INNER,0.5200707316398621,0.5383369326591492,0.11972209811210632,0,0
54,LEFT_EYE,0.518910825252533,0.5381763577461243,0.11972790211439133,0,0
54,LEFT_EYE_OUTER,0.5177357196807861,0.5380455255508423,0.11972007155418396,0,0
54,RIGHT_EYE_INNER,0.5235575437545776,0.5382497310638428,0.12040705233812332,0,0
54,RIGHT_EYE,0.5246360898017883,0.5381337404251099,0.12041870504617691,0,0
54,RIGHT_EYE_OUTER,0.5258799195289612,0.5381474494934082,0.12043028324842453,0,0
54,LEFT_EAR,0.5169751048088074,0.5401815176010132,0.08159110695123672,0,0
54,RIGHT_EAR,0.5299401879310608,0.5419475436210632,0.08591810613870621,0,0
54,MOUTH_LEFT,0.5196155309677124,0.5488811731338501,0.11901113390922546,0,0
54,MOUTH_RIGHT,0.5230388045310974,0.5498416423797607,0.11982607841491699,0,0
54,LEFT_SHOULDER,0.5098641514778137,0.5693666934967041,0.05029236897826195,0,0
54,RIGHT_SHOULDER,0.5437639951705933,0.5766763687133789,0.07519141584634781,0,0
54,LEFT_ELBOW,0.5267001986503601,0.581285834312439,0.07706727832555771,0,0
54,RIGHT_ELBOW,0.5579655766487122,0.6169200539588928,0.09601505100727081,0,0
54,LEFT_WRIST,0.5498620271682739,0.5546721816062927,0.1011587455868721,0,0
54,RIGHT_WRIST,0.5618388652801514,0.5725123286247253,0.1288207471370697,0,0
54,LEFT_PINKY,0.5550404191017151,0.5487357378005981,0.10183901339769363,0,0
54,RIGHT_PINKY,0.563685953617096,0.5654954314231873,0.13258597254753113,0,0
54,LEFT_INDEX,0.554652750492096,0.5479688048362732,0.09870922565460205,0,0
54,RIGHT_INDEX,0.5610898733139038,0.5623515844345093,0.13243074715137482,0,0
54,LEFT_THUMB,0.5529701709747314,0.5502680540084839,0.10069044679403305,0,0
54,RIGHT_THUMB,0.5592893362045288,0.564720869064331,0.1302592009305954,0,0
54,LEFT_HIP,0.5201705694198608,0.6869122385978699,-0.031969960778951645,0,0
54,RIGHT_HIP,0.5418192744255066,0.6816585659980774,0.03189024701714516,0,0
54,LEFT_KNEE,0.5291324853897095,0.7601643800735474,-0.054604995995759964,0,0
54,RIGHT_KNEE,0.5346624255180359,0.7603062391281128,0.06375063955783844,0,0
54,LEFT_ANKLE,0.573715329170227,0.7870880365371704,-0.10881095379590988,0,0
54,RIGHT_ANKLE,0.532450795173645,0.83165043592453,0.05193997547030449,0,0
54,LEFT_HEEL,0.579403817653656,0.7779676914215088,-0.11294889450073242,0,0
54,RIGHT_HEEL,0.5366932153701782,0.8451492786407471,0.04959322512149811,0,0
54,LEFT_FOOT_INDEX,0.5814971923828125,0.8249282836914062,-0.13033811748027802,0,0
54,RIGHT_FOOT_INDEX,0.5183903574943542,0.8425769805908203,0.032870713621377945,0,0
55,NOSE,0.5201412439346313,0.5442717671394348,0.11824719607830048,0,0
55,LEFT_EYE_INNER,0.5191223621368408,0.538306713104248,0.1076950952410698,0,0
55,LEFT_EYE,0.5180960893630981,0.538133442401886,0.10769177973270416,0,0
55,LEFT_EYE_OUTER,0.5170088410377502,0.5379922986030579,0.10768809169530869,0,0
55,RIGHT_EYE_INNER,0.5223758220672607,0.5382077097892761,0.11996391415596008,0,0
55,RIGHT_EYE,0.5236034393310547,0.5380668640136719,0.1199781596660614,0,0
55,RIGHT_EYE_OUTER,0.5249300003051758,0.5380612015724182,0.11999993771314621,0,0
55,LEFT_EAR,0.5163983702659607,0.5399138331413269,0.07055104523897171,0,0
55,RIGHT_EAR,0.5288211107254028,0.5415748357772827,0.07041773200035095,0,0
55,MOUTH_LEFT,0.518688440322876,0.5486000180244446,0.10675448924303055,0,0
55,MOUTH_RIGHT,0.5218974351882935,0.5494173169136047,0.11564555019140244,0,0
55,LEFT_SHOULDER,0.5091368556022644,0.5692983269691467,0.03806005418300629,0,0
55,RIGHT_SHOULDER,0.5432851314544678,0.5778998136520386,0.06124765798449516,0,0
55,LEFT_ELBOW,0.5247475504875183,0.5904036164283752,0.07946480810642242,0,0
55,RIGHT_ELBOW,0.558333158493042,0.6204919219017029,0.09051176905632019,0,0
55,LEFT_WRIST,0.5467355251312256,0.5644174218177795,0.12453480809926987,0,0
55,RIGHT_WRIST,0.5612403750419617,0.575222909450531,0.13008452951908112,0,0
55,LEFT_PINKY,0.5511249303817749,0.5553138256072998,0.12993979454040527,0,0
55,RIGHT_PINKY,0.5634048581123352,0.5687761306762695,0.13538533449172974,0,0
55,LEFT_INDEX,0.5525057315826416,0.5554698705673218,0.12696503102779388,0,0
55,RIGHT_INDEX,0.5600100159645081,0.5653079748153687,0.13452427089214325,0,0
55,LEFT_THUMB,0.5508562326431274,0.5580641627311707,0.12478677928447723,0,0
55,RIGHT_THUMB,0.5583055019378662,0.5677114725112915,0.13148459792137146,0,0
55,LEFT_HIP,0.5206915736198425,0.6871806979179382,-0.032816506922245026,0,0
55,RIGHT_HIP,0.5408464074134827,0.6824821829795837,0.03274945542216301,0,0
55,LEFT_KNEE,0.5250298976898193,0.7612419128417969,-0.04729162156581879,0,0
55,RIGHT_KNEE,0.5316489338874817,0.7631914019584656,0.06509526073932648,0,0
55,LEFT_ANKLE,0.5640420913696289,0.7929282188415527,-0.10711506754159927,0,0
55,RIGHT_ANKLE,0.5326744914054871,0.8322649598121643,0.05263824760913849,0,0
55,LEFT_HEEL,0.5730972290039062,0.7848499417304993,-0.11116740107536316,0,0
55,RIGHT_HEEL,0.5369952917098999,0.8452057838439941,0.05026945099234581,0,0
55,LEFT_FOOT_INDEX,0.5701413750648499,0.8313952684402466,-0.11663220077753067,0,0
55,RIGHT_FOOT_INDEX,0.5183403491973877,0.8428930044174194,0.035793859511613846,0,0
56,NOSE,0.5196856260299683,0.5438502430915833,0.11761292815208435,0,0
56,LEFT_EYE_INNER,0.5188130736351013,0.5381432771682739,0.1068950891494751,0,0
56,LEFT_EYE,0.5178312659263611,0.537988543510437,0.10690721869468689,0,0
56,LEFT_EYE_OUTER,0.516764223575592,0.5378612875938416,0.10689809173345566,0,0
56,RIGHT_EYE_INNER,0.5219862461090088,0.5379571914672852,0.11118464916944504,0,0
56,RIGHT_EYE,0.5232584476470947,0.537787914276123,0.1111895963549614,0,0
56,RIGHT_EYE_OUTER,0.5245961546897888,0.5377591252326965,0.11119811981916428,0,0
56,LEFT_EAR,0.5161875486373901,0.5396488904953003,0.0690620020031929,0,0
56,RIGHT_EAR,0.528439462184906,0.5410407781600952,0.07206778973340988,0,0
56,MOUTH_LEFT,0.5183410048484802,0.5481935739517212,0.106294646859169,0,0
56,MOUTH_RIGHT,0.521483838558197,0.5488035082817078,0.11021994054317474,0,0
56,LEFT_SHOULDER,0.5087853670120239,0.5692487359046936,0.044831130653619766,0,0
56,RIGHT_SHOULDER,0.5429984331130981,0.5790228247642517,0.06849915534257889,0,0
56,LEFT_ELBOW,0.5247666239738464,0.5922089219093323,0.09025155752897263,0,0
56,RIGHT_ELBOW,0.5590207576751709,0.6212385892868042,0.09955425560474396,0,0
56,LEFT_WRIST,0.546222448348999,0.5657479763031006,0.13761873543262482,0,0
56,RIGHT_WRIST,0.5611923933029175,0.5766541361808777,0.14147360622882843,0,0
56,LEFT_PINKY,0.5502974390983582,0.5561131834983826,0.14373184740543365,0,0
56,RIGHT_PINKY,0.5635074973106384,0.5693292021751404,0.14842857420444489,0,0
56,LEFT_INDEX,0.5518003106117249,0.5558068752288818,0.14091774821281433,0,0
56,RIGHT_INDEX,0.5604031085968018,0.5657567381858826,0.14855699241161346,0,0
56,LEFT_THUMB,0.5501222014427185,0.5589954257011414,0.13814805448055267,0,0
56,RIGHT_THUMB,0.5586269497871399,0.5683560967445374,0.1438571959733963,0,0
56,LEFT_HIP,0.520555853843689,0.6871312260627747,-0.03346379101276398,0,0
56,RIGHT_HIP,0.5405024290084839,0.6832969188690186,0.03339149057865143,0,0
56,LEFT_KNEE,0.5251801013946533,0.7615130543708801,-0.04600585997104645,0,0
56,RIGHT_KNEE,0.530483603477478,0.764450192451477,0.06741080433130264,0,0
56,LEFT_ANKLE,0.5618109107017517,0.7946154475212097,-0.1131201907992363,0,0
56,RIGHT_ANKLE,0.5327942371368408,0.8329004645347595,0.042604610323905945,0,0
56,LEFT_HEEL,0.5714911222457886,0.7861371636390686,-0.11850345879793167,0,0
56,RIGHT_HEEL,0.5367856621742249,0.8452159762382507,0.03868042305111885,0,0
56,LEFT_FOOT_INDEX,0.5670387744903564,0.8336659669876099,-0.1262262463569641,0,0
56,RIGHT_FOOT_INDEX,0.51848304271698,0.8430753350257874,0.024218406528234482,0,0
57,NOSE,0.5198277831077576,0.5435272455215454,0.11246096342802048,0,0
57,LEFT_EYE_INNER,0.5190028548240662,0.5380145311355591,0.10202397406101227,0,0
57,LEFT_EYE,0.5180537104606628,0.5378783941268921,0.10203560441732407,0,0
57,LEFT_EYE_OUTER,0.5170155167579651,0.5377553701400757,0.1020127534866333,0,0
57,RIGHT_EYE_INNER,0.522075891494751,0.5377182960510254,0.10145305097103119,0,0
57,RIGHT_EYE,0.5233127474784851,0.5375070571899414,0.10144145041704178,0,0
57,RIGHT_EYE_OUTER,0.5246079564094543,0.5374338626861572,0.10143396258354187,0,0
57,LEFT_EAR,0.5163552165031433,0.5393818616867065,0.06850480288267136,0,0
57,RIGHT_EAR,0.5284689664840698,0.5404592156410217,0.06478648632764816,0,0
57,MOUTH_LEFT,0.5186156034469604,0.547879159450531,0.10258808732032776,0,0
57,MOUTH_RIGHT,0.5216703414916992,0.5484605431556702,0.10099125653505325,0,0
57,LEFT_SHOULDER,0.508623480796814,0.5688135623931885,0.038349952548742294,0,0
57,RIGHT_SHOULDER,0.5429433584213257,0.5794401168823242,0.060762591660022736,0,0
57,LEFT_ELBOW,0.5260050296783447,0.5911410450935364,0.08166937530040741,0,0
57,RIGHT_ELBOW,0.5580123662948608,0.6229139566421509,0.0968555212020874,0,0
57,LEFT_WRIST,0.550885796546936,0.564060628414154,0.1234595775604248,0,0
57,RIGHT_WRIST,0.5603092312812805,0.5789377093315125,0.1433791220188141,0,0
57,LEFT_PINKY,0.5544239282608032,0.5581433773040771,0.12802210450172424,0,0
57,RIGHT_PINKY,0.5627496838569641,0.5719279646873474,0.15052494406700134,0,0
57,LEFT_INDEX,0.5548394322395325,0.5577181577682495,0.12297912687063217,0,0
57,RIGHT_INDEX,0.559732973575592,0.5686503648757935,0.1496080756187439,0,0
57,LEFT_THUMB,0.552852213382721,0.560985267162323,0.12267375737428665,0,0
57,RIGHT_THUMB,0.5577576756477356,0.571050226688385,0.1453244537115097,0,0
57,LEFT_HIP,0.5203104615211487,0.6874537467956543,-0.032755739986896515,0,0
57,RIGHT_HIP,0.5401679873466492,0.6842129230499268,0.03272280469536781,0,0
57,LEFT_KNEE,0.5196374654769897,0.7622153162956238,-0.054598577320575714,0,0
57,RIGHT_KNEE,0.5306662321090698,0.7615824937820435,0.05927853658795357,0,0
57,LEFT_ANKLE,0.5547448396682739,0.7951738834381104,-0.11248182505369186,0,0
57,RIGHT_ANKLE,0.5330509543418884,0.8340897560119629,0.04727445915341377,0,0
57,LEFT_HEEL,0.56574946641922,0.7902830839157104,-0.11589503288269043,0,0
57,RIGHT_HEEL,0.5369561910629272,0.8462874293327332,0.0403590090572834,0,0
57,LEFT_FOOT_INDEX,0.5615953207015991,0.8349922895431519,-0.12175881862640381,0,0
57,RIGHT_FOOT_INDEX,0.5190463662147522,0.8433268070220947,0.026126183569431305,0,0
58,NOSE,0.519895076751709,0.5422440767288208,0.08855382353067398,0,0
58,LEFT_EYE_INNER,0.5191360116004944,0.5368849039077759,0.07640722393989563,0,0
58,LEFT_EYE,0.5181958079338074,0.5368878841400146,0.07641828060150146,0,0
58,LEFT_EYE_OUTER,0.5171570777893066,0.5369042158126831,0.07641056925058365,0,0
58,RIGHT_EYE_INNER,0.5221174359321594,0.5363129377365112,0.0761071965098381,0,0
58,RIGHT_EYE,0.5233240723609924,0.5361377000808716,0.07609907537698746,0,0
58,RIGHT_EYE_OUTER,0.5246796011924744,0.5361959338188171,0.07607727497816086,0,0
58,LEFT_EAR,0.5164903402328491,0.5386783480644226,0.03496973589062691,0,0
58,RIGHT_EAR,0.5284899473190308,0.5395981669425964,0.03405468165874481,0,0
58,MOUTH_LEFT,0.5188230872154236,0.5467391014099121,0.07631739974021912,0,0
58,MOUTH_RIGHT,0.5217534303665161,0.5471480488777161,0.07557003200054169,0,0
58,LEFT_SHOULDER,0.5085294842720032,0.5683165788650513,0.011138930916786194,0,0
58,RIGHT_SHOULDER,0.5427847504615784,0.5800027847290039,0.03024732694029808,0,0
58,LEFT_ELBOW,0.5259556770324707,0.5906462669372559,0.04846389964222908,0,0
58,RIGHT_ELBOW,0.5567777156829834,0.6263270974159241,0.06216006353497505,0,0
58,LEFT_WRIST,0.5487457513809204,0.5632004737854004,0.08113057166337967,0,0
58,RIGHT_WRIST,0.5589483380317688,0.580612063407898,0.10632436722517014,0,0
58,LEFT_PINKY,0.5522746443748474,0.5561368465423584,0.08526299893856049,0,0
58,RIGHT_PINKY,0.56110680103302,0.5741075277328491,0.1138586774468422,0,0
58,LEFT_INDEX,0.5529208779335022,0.5563831329345703,0.08108144253492355,0,0
58,RIGHT_INDEX,0.5587335824966431,0.5710378289222717,0.11217403411865234,0,0
58,LEFT_THUMB,0.5512761473655701,0.5585079789161682,0.08035671710968018,0,0
58,RIGHT_THUMB,0.5567075610160828,0.573265790939331,0.10754598677158356,0,0
58,LEFT_HIP,0.5196511745452881,0.6874728202819824,-0.03176892548799515,0,0
58,RIGHT_HIP,0.539679229259491,0.6845969557762146,0.03172801434993744,0,0
58,LEFT_KNEE,0.5175129175186157,0.7629234194755554,-0.03986651077866554,0,0
58,RIGHT_KNEE,0.5308412313461304,0.7614040970802307,0.0679301917552948,0,0
58,LEFT_ANKLE,0.5434627532958984,0.8058844208717346,-0.08059500902891159,0,0
58,RIGHT_ANKLE,0.533032238483429,0.8323259353637695,0.06747985631227493,0,0
58,LEFT_HEEL,0.555838942527771,0.809378445148468,-0.08319716900587082,0,0
58,RIGHT_HEEL,0.5357128381729126,0.8463063836097717,0.0661403089761734,0,0
58,LEFT_FOOT_INDEX,0.5498729348182678,0.8427624106407166,-0.09200320392847061,0,0
58,RIGHT_FOOT_INDEX,0.5220082402229309,0.8459177613258362,0.0536876916885376,0,0
59,NOSE,0.520506739616394,0.5408744812011719,0.06515427678823471,0,0
59,LEFT_EYE_INNER,0.5196822881698608,0.5352295637130737,0.051518458873033524,0,0
59,LEFT_EYE,0.5185512900352478,0.53535395860672,0.05153823271393776,0,0
59,LEFT_EYE_OUTER,0.5173255801200867,0.5355005860328674,0.05152001231908798,0,0
59,RIGHT_EYE_INNER,0.5230182409286499,0.5347006320953369,0.05268202722072601,0,0
59,RIGHT_EYE,0.5242771506309509,0.5346494317054749,0.05267872288823128,0,0
59,RIGHT_EYE_OUTER,0.5256524682044983,0.5348183512687683,0.05265023931860924,0,0
59,LEFT_EAR,0.5167909860610962,0.538131594657898,0.006430609617382288,0,0
59,RIGHT_EAR,0.5286661386489868,0.5389939546585083,0.0117692481726408,0,0
59,MOUTH_LEFT,0.5189450979232788,0.5461490154266357,0.051430594176054,0,0
59,MOUTH_RIGHT,0.5221216082572937,0.5465599298477173,0.05274689942598343,0,0
59,LEFT_SHOULDER,0.5076161623001099,0.5683152675628662,-0.011878220364451408,0,0
59,RIGHT_SHOULDER,0.5426839590072632,0.5806580185890198,0.010208476334810257,0,0
59,LEFT_ELBOW,0.5264431238174438,0.5910567045211792,0.031019067391753197,0,0
59,RIGHT_ELBOW,0.5558955073356628,0.6307016015052795,0.03128579631447792,0,0
59,LEFT_WRIST,0.5474897027015686,0.5633435845375061,0.07565997540950775,0,0
59,RIGHT_WRIST,0.5571831464767456,0.5861181616783142,0.060569170862436295,0,0
59,LEFT_PINKY,0.553257942199707,0.555175244808197,0.08020424097776413,0,0
59,RIGHT_PINKY,0.5595560669898987,0.5776211619377136,0.06560251116752625,0,0
59,LEFT_INDEX,0.5535417795181274,0.555261492729187,0.07603132724761963,0,0
59,RIGHT_INDEX,0.5571103692054749,0.5743980407714844,0.06306461989879608,0,0
59,LEFT_THUMB,0.551019012928009,0.5580613017082214,0.07488974928855896,0,0
59,RIGHT_THUMB,0.5551794171333313,0.5764384865760803,0.06070059910416603,0,0
59,LEFT_HIP,0.5182592868804932,0.6895636320114136,-0.03029835782945156,0,0
59,RIGHT_HIP,0.5387076735496521,0.6874145269393921,0.03028157912194729,0,0
59,LEFT_KNEE,0.5139028429985046,0.7656328082084656,-0.030943209305405617,0,0
59,RIGHT_KNEE,0.5310570001602173,0.7613096833229065,0.04813208431005478,0,0
59,LEFT_ANKLE,0.5368015766143799,0.8191767930984497,-0.030091112479567528,0,0
59,RIGHT_ANKLE,0.5318188071250916,0.832145094871521,0.05765830725431442,0,0
59,LEFT_HEEL,0.5462721586227417,0.8281089067459106,-0.029096050187945366,0,0
59,RIGHT_HEEL,0.5318994522094727,0.847943127155304,0.05813394859433174,0,0
59,LEFT_FOOT_INDEX,0.5262925028800964,0.8520300388336182,-0.03654022514820099,0,0
59,RIGHT_FOOT_INDEX,0.5209313631057739,0.8544124960899353,0.044338408857584,0,0
60,NOSE,0.5204932689666748,0.5409877300262451,0.06855597347021103,0,0
60,LEFT_EYE_INNER,0.5196838974952698,0.535247266292572,0.05540807917714119,0,0
60,LEFT_EYE,0.5185827016830444,0.5353507995605469,0.055423762649297714,0,0
60,LEFT_EYE_OUTER,0.517402708530426,0.5354836583137512,0.05540886148810387,0,0
60,RIGHT_EYE_INNER,0.5229485034942627,0.5347614884376526,0.057490553706884384,0,0
60,RIGHT_EYE,0.5241698622703552,0.5347005724906921,0.057482026517391205,0,0
60,RIGHT_EYE_OUTER,0.5255017876625061,0.5348581671714783,0.05744701251387596,0,0
60,LEFT_EAR,0.5168254375457764,0.5381562113761902,0.012008990161120892,0,0
60,RIGHT_EAR,0.5284297466278076,0.5389497876167297,0.02124009095132351,0,0
60,MOUTH_LEFT,0.5190008282661438,0.5462608337402344,0.05515775457024574,0,0
60,MOUTH_RIGHT,0.5220623016357422,0.5467002391815186,0.05766795948147774,0,0
60,LEFT_SHOULDER,0.5069974660873413,0.5686919689178467,-0.006508635822683573,0,0
60,RIGHT_SHOULDER,0.542594313621521,0.5811293721199036,0.02025447227060795,0,0
60,LEFT_ELBOW,0.527044951915741,0.5911780595779419,0.020865099504590034,0,0
60,RIGHT_ELBOW,0.5541795492172241,0.6340433359146118,0.03759230300784111,0,0
60,LEFT_WRIST,0.5467715859413147,0.5650736093521118,0.053762756288051605,0,0
60,RIGHT_WRIST,0.5532688498497009,0.5955745577812195,0.06274078786373138,0,0
60,LEFT_PINKY,0.5512798428535461,0.5586743354797363,0.05657609552145004,0,0
60,RIGHT_PINKY,0.5558566451072693,0.5867614150047302,0.06699224561452866,0,0
60,LEFT_INDEX,0.5519341230392456,0.5583200454711914,0.05211138352751732,0,0
60,RIGHT_INDEX,0.5541019439697266,0.5834403038024902,0.06486694514751434,0,0
60,LEFT_THUMB,0.5495928525924683,0.5607571005821228,0.05257360264658928,0,0
60,RIGHT_THUMB,0.5520226359367371,0.5874761939048767,0.06271369755268097,0,0
60,LEFT_HIP,0.5176851153373718,0.6927163004875183,-0.029310571029782295,0,0
60,RIGHT_HIP,0.5378229022026062,0.6899443864822388,0.02928631752729416,0,0
60,LEFT_KNEE,0.5098183155059814,0.7687916159629822,-0.02737773209810257,0,0
60,RIGHT_KNEE,0.5311623811721802,0.7618198394775391,0.04478942230343819,0,0
60,LEFT_ANKLE,0.5304462313652039,0.8322753310203552,-0.0413435697555542,0,0
60,RIGHT_ANKLE,0.5314813256263733,0.832121729850769,0.036747291684150696,0,0
60,LEFT_HEEL,0.537662923336029,0.8419671654701233,-0.04283619672060013,0,0
60,RIGHT_HEEL,0.5330007076263428,0.846804141998291,0.034630678594112396,0,0
60,LEFT_FOOT_INDEX,0.5160791277885437,0.8649563789367676,-0.054876573383808136,0,0
60,RIGHT_FOOT_INDEX,0.5184201002120972,0.8571566343307495,0.01942388154566288,0,0
61,NOSE,0.5201312899589539,0.541068434715271,0.07154251635074615,0,0
61,LEFT_EYE_INNER,0.5194336175918579,0.5353590846061707,0.06423003226518631,0,0
61,LEFT_EYE,0.5184146165847778,0.5354326963424683,0.06421968340873718,0,0
61,LEFT_EYE_OUTER,0.5173237323760986,0.5355328321456909,0.06418469548225403,0,0
61,RIGHT_EYE_INNER,0.5224965214729309,0.5349010229110718,0.059535279870033264,0,0
61,RIGHT_EYE,0.5236789584159851,0.5348250269889832,0.05962274223566055,0,0
61,RIGHT_EYE_OUTER,0.5249784588813782,0.5349514484405518,0.059809669852256775,0,0
61,LEFT_EAR,0.5168339610099792,0.5383021831512451,0.027909431606531143,0,0
61,RIGHT_EAR,0.5281478762626648,0.5389986634254456,0.026500515639781952,0,0
61,MOUTH_LEFT,0.5188542604446411,0.5463036298751831,0.06604882329702377,0,0
61,MOUTH_RIGHT,0.5217462182044983,0.5468064546585083,0.06274840980768204,0,0
61,LEFT_SHOULDER,0.5068734288215637,0.5689270496368408,0.004236941691488028,0,0
61,RIGHT_SHOULDER,0.542736828327179,0.5821388959884644,0.0302690751850605,0,0
61,LEFT_ELBOW,0.5270106792449951,0.5909290909767151,0.020084526389837265,0,0
61,RIGHT_ELBOW,0.5537204146385193,0.6367263197898865,0.06038815900683403,0,0
61,LEFT_WRIST,0.5439029335975647,0.5663798451423645,0.04282037913799286,0,0
61,RIGHT_WRIST,0.548164427280426,0.6136910915374756,0.1077154204249382,0,0
61,LEFT_PINKY,0.5445712208747864,0.5587577819824219,0.044419508427381516,0,0
61,RIGHT_PINKY,0.5471190214157104,0.5995212197303772,0.11519019305706024,0,0
61,LEFT_INDEX,0.5473092794418335,0.5591914653778076,0.0412328839302063,0,0
61,RIGHT_INDEX,0.545452356338501,0.6001772284507751,0.11053025722503662,0,0
61,LEFT_THUMB,0.5447771549224854,0.5621833801269531,0.04208926111459732,0,0
61,RIGHT_THUMB,0.5436623096466064,0.6102614402770996,0.10701130330562592,0,0
61,LEFT_HIP,0.5171029567718506,0.6945785880088806,-0.029822321608662605,0,0
61,RIGHT_HIP,0.5371267199516296,0.6922287344932556,0.029796434566378593,0,0
61,LEFT_KNEE,0.50555819272995,0.7707969546318054,-0.02701132744550705,0,0
61,RIGHT_KNEE,0.530555784702301,0.7617479562759399,0.05124451592564583,0,0
61,LEFT_ANKLE,0.5227768421173096,0.8397236466407776,-0.0634603425860405,0,0
61,RIGHT_ANKLE,0.5316416621208191,0.8324689269065857,0.013529698364436626,0,0
61,LEFT_HEEL,0.5304989218711853,0.8491092324256897,-0.06627378612756729,0,0
61,RIGHT_HEEL,0.533572256565094,0.8475043177604675,0.007723002694547176,0,0
61,LEFT_FOOT_INDEX,0.5069029927253723,0.8752865791320801,-0.07755360752344131,0,0
61,RIGHT_FOOT_INDEX,0.5175938010215759,0.8574858903884888,-0.006323179695755243,0,0
62,NOSE,0.5200331211090088,0.5411702394485474,0.09147998690605164,0,0
62,LEFT_EYE_INNER,0.5194344520568848,0.5353322625160217,0.07859619706869125,0,0
62,LEFT_EYE,0.5184493064880371,0.5354090332984924,0.07861142605543137,0,0
62,LEFT_EYE_OUTER,0.5173868536949158,0.5355240702629089,0.0786001905798912,0,0
62,RIGHT_EYE_INNER,0.5224185585975647,0.5348795056343079,0.08199016749858856,0,0
62,RIGHT_EYE,0.5235968828201294,0.5347994565963745,0.0819973573088646,0,0
62,RIGHT_EYE_OUTER,0.5249029994010925,0.534926176071167,0.08200139552354813,0,0
62,LEFT_EAR,0.5169298052787781,0.5383194088935852,0.032241836190223694,0,0
62,RIGHT_EAR,0.5281509160995483,0.5389613509178162,0.04866962134838104,0,0
62,MOUTH_LEFT,0.5188596248626709,0.5463825464248657,0.07666550576686859,0,0
62,MOUTH_RIGHT,0.5216677784919739,0.5469028949737549,0.08169576525688171,0,0
62,LEFT_SHOULDER,0.5070450901985168,0.5690065622329712,0.007708920631557703,0,0
62,RIGHT_SHOULDER,0.542908251285553,0.582445502281189,0.04705125838518143,0,0
62,LEFT_ELBOW,0.5269818902015686,0.5910252332687378,0.025828862562775612,0,0
62,RIGHT_ELBOW,0.5532532334327698,0.6380205154418945,0.092603899538517,0,0
62,LEFT_WRIST,0.5402134656906128,0.5664516091346741,0.057721611112356186,0,0
62,RIGHT_WRIST,0.5448100566864014,0.6266332268714905,0.1452169418334961,0,0
62,LEFT_PINKY,0.5425887703895569,0.5612263083457947,0.06004435196518898,0,0
62,RIGHT_PINKY,0.543181300163269,0.627832293510437,0.1541062742471695,0,0
62,LEFT_INDEX,0.5461221933364868,0.5635843276977539,0.05713479220867157,0,0
62,RIGHT_INDEX,0.5405337810516357,0.6254071593284607,0.1489119827747345,0,0
62,LEFT_THUMB,0.5439484119415283,0.5641653537750244,0.05738008767366409,0,0
62,RIGHT_THUMB,0.5397631525993347,0.6254615187644958,0.14475958049297333,0,0
62,LEFT_HIP,0.5168956518173218,0.6960992813110352,-0.03144805505871773,0,0
62,RIGHT_HIP,0.5364459753036499,0.694091260433197,0.03139396756887436,0,0
62,LEFT_KNEE,0.5045792460441589,0.7725095152854919,-0.024967040866613388,0,0
62,RIGHT_KNEE,0.5301971435546875,0.761957049369812,0.05804525688290596,0,0
62,LEFT_ANKLE,0.5222485065460205,0.8413183689117432,-0.06884200870990753,0,0
62,RIGHT_ANKLE,0.5317556262016296,0.8324258327484131,0.018826626241207123,0,0
62,LEFT_HEEL,0.5302022695541382,0.8505402207374573,-0.07240168750286102,0,0
62,RIGHT_HEEL,0.5338941812515259,0.8474336266517639,0.012981212697923183,0,0
62,LEFT_FOOT_INDEX,0.5065009593963623,0.8761804699897766,-0.08274102210998535,0,0
62,RIGHT_FOOT_INDEX,0.5175462365150452,0.8563441634178162,0.000360371865099296,0,0
63,NOSE,0.5200058221817017,0.5414519309997559,0.10035792738199234,0,0
63,LEFT_EYE_INNER,0.5194380283355713,0.5355914831161499,0.08530444651842117,0,0
63,LEFT_EYE,0.5184711217880249,0.5356854796409607,0.08532335609197617,0,0
63,LEFT_EYE_OUTER,0.5174289345741272,0.5358153581619263,0.08531007915735245,0,0
63,RIGHT_EYE_INNER,0.5224042534828186,0.5350862741470337,0.09066318720579147,0,0
63,RIGHT_EYE,0.5235866904258728,0.5349949598312378,0.09065143764019012,0,0
63,RIGHT_EYE_OUTER,0.5248943567276001,0.535111129283905,0.09062238782644272,0,0
63,LEFT_EAR,0.5169919729232788,0.5386719107627869,0.034215133637189865,0,0
63,RIGHT_EAR,0.5281614661216736,0.539228618144989,0.05546482279896736,0,0
63,MOUTH_LEFT,0.5188648700714111,0.5465475916862488,0.08310699462890625,0,0
63,MOUTH_RIGHT,0.5216745734214783,0.5470419526100159,0.09002920985221863,0,0
63,LEFT_SHOULDER,0.5068601369857788,0.5702566504478455,0.003077724250033498,0,0
63,RIGHT_SHOULDER,0.5433846116065979,0.5841588377952576,0.055355291813611984,0,0
63,LEFT_ELBOW,0.5255178809165955,0.5936306715011597,0.019923588261008263,0,0
63,RIGHT_ELBOW,0.551973283290863,0.6409468054771423,0.10215536504983902,0,0
63,LEFT_WRIST,0.5335274338722229,0.5671353936195374,0.06007368490099907,0,0
63,RIGHT_WRIST,0.5411065220832825,0.6327981352806091,0.15634484589099884,0,0
63,LEFT_PINKY,0.5335218906402588,0.561362624168396,0.06164358928799629,0,0
63,RIGHT_PINKY,0.539442241191864,0.6352328658103943,0.1651754379272461,0,0
63,LEFT_INDEX,0.5367282032966614,0.562413215637207,0.06060680001974106,0,0
63,RIGHT_INDEX,0.5364922881126404,0.6318157315254211,0.16026617586612701,0,0
63,LEFT_THUMB,0.5376335382461548,0.5639515519142151,0.06062016636133194,0,0
63,RIGHT_THUMB,0.5357595682144165,0.6309406757354736,0.15587571263313293,0,0
63,LEFT_HIP,0.5161449313163757,0.6976203918457031,-0.034071993082761765,0,0
63,RIGHT_HIP,0.5357305407524109,0.6957675814628601,0.03401336818933487,0,0
63,LEFT_KNEE,0.5031542778015137,0.7739077806472778,-0.025446901097893715,0,0
63,RIGHT_KNEE,0.5293025374412537,0.7619227766990662,0.09602946788072586,0,0
63,LEFT_ANKLE,0.5168168544769287,0.8527912497520447,-0.060757435858249664,0,0
63,RIGHT_ANKLE,0.5320050120353699,0.8318460583686829,0.09122931212186813,0,0
63,LEFT_HEEL,0.524128794670105,0.8646439909934998,-0.06350366771221161,0,0
63,RIGHT_HEEL,0.5340127944946289,0.8470413088798523,0.09012122452259064,0,0
63,LEFT_FOOT_INDEX,0.5008061528205872,0.8806080222129822,-0.07604490220546722,0,0
63,RIGHT_FOOT_INDEX,0.5177870392799377,0.8527852892875671,0.08294447511434555,0,0
64,NOSE,0.5196629166603088,0.5427842736244202,0.11356056481599808,0,0
64,LEFT_EYE_INNER,0.5191466808319092,0.5369352698326111,0.09867727011442184,0,0
64,LEFT_EYE,0.5182143449783325,0.5368910431861877,0.09870295226573944,0,0
64,LEFT_EYE_OUTER,0.517236053943634,0.5369043350219727,0.09868986904621124,0,0
64,RIGHT_EYE_INNER,0.5220974087715149,0.53672856092453,0.10319600999355316,0,0
64,RIGHT_EYE,0.5233036279678345,0.5366546511650085,0.10318715870380402,0,0
64,RIGHT_EYE_OUTER,0.5246285200119019,0.5367591381072998,0.10316017270088196,0,0
64,LEFT_EAR,0.516792893409729,0.5397792458534241,0.04493508115410805,0,0
64,RIGHT_EAR,0.5279362797737122,0.5407246351242065,0.06463921815156937,0,0
64,MOUTH_LEFT,0.5183601975440979,0.5476633310317993,0.09640305489301682,0,0
64,MOUTH_RIGHT,0.5212113857269287,0.5483725666999817,0.10192274302244186,0,0
64,LEFT_SHOULDER,0.505329966545105,0.5737509727478027,0.004568153992295265,0,0
64,RIGHT_SHOULDER,0.5433875322341919,0.5860877633094788,0.060039158910512924,0,0
64,LEFT_ELBOW,0.5138838291168213,0.6224156618118286,0.002895070007070899,0,0
64,RIGHT_ELBOW,0.5512552857398987,0.6435806751251221,0.08409711718559265,0,0
64,LEFT_WRIST,0.5258919596672058,0.6073536276817322,0.024684036150574684,0,0
64,RIGHT_WRIST,0.5393632054328918,0.6449376344680786,0.10162804275751114,0,0
64,LEFT_PINKY,0.5270496010780334,0.60487961769104,0.022582024335861206,0,0
64,RIGHT_PINKY,0.5373779535293579,0.6488041281700134,0.1055745780467987,0,0
64,LEFT_INDEX,0.5307559370994568,0.5989722609519958,0.024251360446214676,0,0
64,RIGHT_INDEX,0.5342085957527161,0.6449162364006042,0.10210214555263519,0,0
64,LEFT_THUMB,0.5315253138542175,0.599914014339447,0.0256884153932333,0,0
64,RIGHT_THUMB,0.5338131189346313,0.643048107624054,0.10049930959939957,0,0
64,LEFT_HIP,0.5152994394302368,0.6989467144012451,-0.03480268269777298,0,0
64,RIGHT_HIP,0.5352785587310791,0.6972604393959045,0.03477809950709343,0,0
64,LEFT_KNEE,0.5020403265953064,0.7758932709693909,-0.0257783941924572,0,0
64,RIGHT_KNEE,0.5288054943084717,0.7620022892951965,0.10199321061372757,0,0
64,LEFT_ANKLE,0.5171704292297363,0.8559870719909668,-0.0608610175549984,0,0
64,RIGHT_ANKLE,0.5323835611343384,0.8317103981971741,0.10418835282325745,0,0
64,LEFT_HEEL,0.5251010656356812,0.8685832619667053,-0.0636318027973175,0,0
64,RIGHT_HEEL,0.5344104170799255,0.8467094302177429,0.10364081710577011,0,0
64,LEFT_FOOT_INDEX,0.5005358457565308,0.882368266582489,-0.07648872584104538,0,0
64,RIGHT_FOOT_INDEX,0.5180521607398987,0.8487697243690491,0.09780192375183105,0,0
65,NOSE,0.5195900201797485,0.5439554452896118,0.07597094029188156,0,0
65,LEFT_EYE_INNER,0.5190134048461914,0.538218080997467,0.05959971621632576,0,0
65,LEFT_EYE,0.5180421471595764,0.5381190776824951,0.0596160814166069,0,0
65,LEFT_EYE_OUTER,0.517046332359314,0.5380926132202148,0.05959171801805496,0,0
65,RIGHT_EYE_INNER,0.5220721364021301,0.5382125377655029,0.06299569457769394,0,0
65,RIGHT_EYE,0.5232927203178406,0.5381765961647034,0.06297946721315384,0,0
65,RIGHT_EYE_OUTER,0.524628221988678,0.5382915139198303,0.06292936205863953,0,0
65,LEFT_EAR,0.5164746046066284,0.5411800742149353,0.005348376929759979,0,0
65,RIGHT_EAR,0.5279297232627869,0.5421534776687622,0.019648054614663124,0,0
65,MOUTH_LEFT,0.5181417465209961,0.5488643646240234,0.05906737968325615,0,0
65,MOUTH_RIGHT,0.5212308168411255,0.5496546626091003,0.0630580335855484,0,0
65,LEFT_SHOULDER,0.5031659007072449,0.5768104195594788,-0.03126693516969681,0,0
65,RIGHT_SHOULDER,0.543401837348938,0.5873936414718628,0.021505992859601974,0,0
65,LEFT_ELBOW,0.5028353929519653,0.6339498162269592,0.0098984744399786,0,0
65,RIGHT_ELBOW,0.5501728057861328,0.6458864808082581,0.06370539963245392,0,0
65,LEFT_WRIST,0.5177967548370361,0.6377216577529907,0.07940754294395447,0,0
65,RIGHT_WRIST,0.5339415073394775,0.6378234624862671,0.11122502386569977,0,0
65,LEFT_PINKY,0.5199636220932007,0.6392145156860352,0.08533041179180145,0,0
65,RIGHT_PINKY,0.5328657627105713,0.6427828669548035,0.11597272753715515,0,0
65,LEFT_INDEX,0.5239943265914917,0.6325536370277405,0.08333151042461395,0,0
65,RIGHT_INDEX,0.5295991897583008,0.637111485004425,0.11225281655788422,0,0
65,LEFT_THUMB,0.5246165990829468,0.6316355466842651,0.08036218583583832,0,0
65,RIGHT_THUMB,0.529655396938324,0.6353120803833008,0.11073970049619675,0,0
65,LEFT_HIP,0.5142611265182495,0.7011300921440125,-0.03428846225142479,0,0
65,RIGHT_HIP,0.5348530411720276,0.6995609402656555,0.03430796414613724,0,0
65,LEFT_KNEE,0.5017756819725037,0.7788231372833252,-0.025428524240851402,0,0
65,RIGHT_KNEE,0.5287178754806519,0.7632236480712891,0.10800262540578842,0,0
65,LEFT_ANKLE,0.5185084939002991,0.8593575358390808,-0.035096291452646255,0,0
65,RIGHT_ANKLE,0.5328020453453064,0.8316483497619629,0.15257780253887177,0,0
65,LEFT_HEEL,0.5262145400047302,0.8722026944160461,-0.034712694585323334,0,0
65,RIGHT_HEEL,0.5349848866462708,0.8465090990066528,0.15711157023906708,0,0
65,LEFT_FOOT_INDEX,0.5020682215690613,0.8800763487815857,-0.04639313742518425,0,0
65,RIGHT_FOOT_INDEX,0.5183321237564087,0.8465404510498047,0.15835215151309967,0,0
66,NOSE,0.5188889503479004,0.5440446734428406,0.08089412748813629,0,0
66,LEFT_EYE_INNER,0.5183242559432983,0.5382537841796875,0.06455780565738678,0,0
66,LEFT_EYE,0.517314076423645,0.5381832718849182,0.06457721441984177,0,0
66,LEFT_EYE_OUTER,0.5163204073905945,0.5381724834442139,0.06455250829458237,0,0
66,RIGHT_EYE_INNER,0.5216032862663269,0.5381841659545898,0.06786641478538513,0,0
66,RIGHT_EYE,0.5228784680366516,0.5381370782852173,0.06785455346107483,0,0
66,RIGHT_EYE_OUTER,0.524186909198761,0.5382456183433533,0.06780675798654556,0,0
66,LEFT_EAR,0.5158001780509949,0.5413659811019897,0.010047989897429943,0,0
66,RIGHT_EAR,0.5275551676750183,0.5420811772346497,0.023744989186525345,0,0
66,MOUTH_LEFT,0.5171744227409363,0.5490392446517944,0.06421606987714767,0,0
66,MOUTH_RIGHT,0.5204561352729797,0.5497730374336243,0.06802989542484283,0,0
66,LEFT_SHOULDER,0.5019931197166443,0.5789601802825928,-0.029958849772810936,0,0
66,RIGHT_SHOULDER,0.5432835817337036,0.5874302387237549,0.02475523017346859,0,0
66,LEFT_ELBOW,0.49835240840911865,0.6374989151954651,0.01573455147445202,0,0
66,RIGHT_ELBOW,0.5490437150001526,0.6462056040763855,0.06774408370256424,0,0
66,LEFT_WRIST,0.5121448636054993,0.640092670917511,0.0939938873052597,0,0
66,RIGHT_WRIST,0.5352073907852173,0.6455278992652893,0.12099600583314896,0,0
66,LEFT_PINKY,0.5146144032478333,0.6400130987167358,0.10000386834144592,0,0
66,RIGHT_PINKY,0.5334895253181458,0.6487599611282349,0.12955167889595032,0,0
66,LEFT_INDEX,0.5196695923805237,0.6331488490104675,0.09732060879468918,0,0
66,RIGHT_INDEX,0.5303405523300171,0.6429125070571899,0.1274525374174118,0,0
66,LEFT_THUMB,0.5202106833457947,0.6328018307685852,0.0947389081120491,0,0
66,RIGHT_THUMB,0.530105710029602,0.6406422853469849,0.12130071222782135,0,0
66,LEFT_HIP,0.513818621635437,0.702664852142334,-0.034285493195056915,0,0
66,RIGHT_HIP,0.5346061587333679,0.7010431289672852,0.03429996222257614,0,0
66,LEFT_KNEE,0.5020097494125366,0.7819175124168396,-0.024698393419384956,0,0
66,RIGHT_KNEE,0.528732419013977,0.7657190561294556,0.11020927876234055,0,0
66,LEFT_ANKLE,0.5193520188331604,0.8629924058914185,-0.022887859493494034,0,0
66,RIGHT_ANKLE,0.5328096151351929,0.8323175311088562,0.16781793534755707,0,0
66,LEFT_HEEL,0.5263150930404663,0.875199556350708,-0.02112654782831669,0,0
66,RIGHT_HEEL,0.5350474119186401,0.8465835452079773,0.17402563989162445,0,0
66,LEFT_FOOT_INDEX,0.5028603076934814,0.880324125289917,-0.030474478378891945,0,0
66,RIGHT_FOOT_INDEX,0.5187607407569885,0.8463976979255676,0.1778964102268219,0,0
67,NOSE,0.5184977650642395,0.5440618991851807,0.0790407657623291,0,0
67,LEFT_EYE_INNER,0.5179438591003418,0.5382436513900757,0.062207672744989395,0,0
67,LEFT_EYE,0.5169180035591125,0.5381713509559631,0.06222402676939964,0,0
67,LEFT_EYE_OUTER,0.5159235000610352,0.5381656885147095,0.06219789758324623,0,0
67,RIGHT_EYE_INNER,0.5212703943252563,0.5381475687026978,0.065765880048275,0,0
67,RIGHT_EYE,0.5225375294685364,0.5380913019180298,0.06575670838356018,0,0
67,RIGHT_EYE_OUTER,0.5238019227981567,0.5382006168365479,0.06570544093847275,0,0
67,LEFT_EAR,0.5154785513877869,0.5414232015609741,0.006661293562501669,0,0
67,RIGHT_EAR,0.5272088050842285,0.5420137047767639,0.021726487204432487,0,0
67,MOUTH_LEFT,0.5167686343193054,0.549150824546814,0.061999209225177765,0,0
67,MOUTH_RIGHT,0.5200656652450562,0.5498266220092773,0.06615664064884186,0,0
67,LEFT_SHOULDER,0.5021936893463135,0.5791820287704468,-0.03359708935022354,0,0
67,RIGHT_SHOULDER,0.5430042743682861,0.587780237197876,0.025364922359585762,0,0
67,LEFT_ELBOW,0.4980083703994751,0.6364427208900452,0.013717478141188622,0,0
67,RIGHT_ELBOW,0.5485841631889343,0.646158754825592,0.07192106544971466,0,0
67,LEFT_WRIST,0.5103259086608887,0.6399838328361511,0.09386344254016876,0,0
67,RIGHT_WRIST,0.536012589931488,0.6387155055999756,0.1347503960132599,0,0
67,LEFT_PINKY,0.512357234954834,0.6393101811408997,0.1004474088549614,0,0
67,RIGHT_PINKY,0.5342599153518677,0.6396428346633911,0.14450840651988983,0,0
67,LEFT_INDEX,0.5173571109771729,0.6324499249458313,0.09758039563894272,0,0
67,RIGHT_INDEX,0.5310696363449097,0.6339743137359619,0.14284643530845642,0,0
67,LEFT_THUMB,0.5180107355117798,0.6323935985565186,0.0947568342089653,0,0
67,RIGHT_THUMB,0.5307565331459045,0.6327447295188904,0.13545472919940948,0,0
67,LEFT_HIP,0.513582706451416,0.7037268877029419,-0.034735582768917084,0,0
67,RIGHT_HIP,0.5345484614372253,0.7023429274559021,0.03476938232779503,0,0
67,LEFT_KNEE,0.502082109451294,0.7822595238685608,-0.02540949359536171,0,0
67,RIGHT_KNEE,0.528693675994873,0.7665406465530396,0.11213364452123642,0,0
67,LEFT_ANKLE,0.5189427137374878,0.8629545569419861,-0.02929789014160633,0,0
67,RIGHT_ANKLE,0.5328390598297119,0.8329638242721558,0.1636335551738739,0,0
67,LEFT_HEEL,0.5260866284370422,0.8759139180183411,-0.028313225135207176,0,0
67,RIGHT_HEEL,0.5354445576667786,0.8468121290206909,0.16902931034564972,0,0
67,LEFT_FOOT_INDEX,0.5021780729293823,0.8800646066665649,-0.03753958269953728,0,0
67,RIGHT_FOOT_INDEX,0.5189749002456665,0.8465599417686462,0.17288920283317566,0,0
68,NOSE,0.5169273018836975,0.544048547744751,0.06744452565908432,0,0
68,LEFT_EYE_INNER,0.5167848467826843,0.5380269885063171,0.04998747631907463,0,0
68,LEFT_EYE,0.5158351063728333,0.5379709601402283,0.049995724111795425,0,0
68,LEFT_EYE_OUTER,0.5148752331733704,0.5379828214645386,0.0499722957611084,0,0
68,RIGHT_EYE_INNER,0.51997971534729,0.5379078388214111,0.05412201210856438,0,0
68,RIGHT_EYE,0.5212596654891968,0.5378474593162537,0.05410630255937576,0,0
68,RIGHT_EYE_OUTER,0.5224725604057312,0.5379518866539001,0.05404298007488251,0,0
68,LEFT_EAR,0.5146581530570984,0.5413703322410583,-0.006254608277231455,0,0
68,RIGHT_EAR,0.5259767174720764,0.5419070720672607,0.010926058515906334,0,0
68,MOUTH_LEFT,0.5149727463722229,0.5491447448730469,0.05026399344205856,0,0
68,MOUTH_RIGHT,0.5183349251747131,0.5498178601264954,0.05508856847882271,0,0
68,LEFT_SHOULDER,0.5015183091163635,0.5784008502960205,-0.04753051698207855,0,0
68,RIGHT_SHOULDER,0.5429683327674866,0.5874416828155518,0.015915624797344208,0,0
68,LEFT_ELBOW,0.4971427619457245,0.6391547918319702,-0.0009675743640400469,0,0
68,RIGHT_ELBOW,0.5483776926994324,0.6457161903381348,0.06274307519197464,0,0
68,LEFT_WRIST,0.5091564059257507,0.6428232789039612,0.09259118139743805,0,0
68,RIGHT_WRIST,0.5338904857635498,0.6360357403755188,0.12821707129478455,0,0
68,LEFT_PINKY,0.5115858912467957,0.6432390213012695,0.09179116040468216,0,0
68,RIGHT_PINKY,0.532985508441925,0.6400555372238159,0.14109103381633759,0,0
68,LEFT_INDEX,0.5164713263511658,0.6365340352058411,0.0960957482457161,0,0
68,RIGHT_INDEX,0.5283523201942444,0.6320778131484985,0.14252246916294098,0,0
68,LEFT_THUMB,0.5170519948005676,0.6360285878181458,0.09300903975963593,0,0
68,RIGHT_THUMB,0.5296169519424438,0.6325516104698181,0.1291954666376114,0,0
68,LEFT_HIP,0.5136747360229492,0.7046728134155273,-0.03503743186593056,0,0
68,RIGHT_HIP,0.5345508456230164,0.7029231190681458,0.035067614167928696,0,0
68,LEFT_KNEE,0.5026512145996094,0.7839613556861877,-0.02272883988916874,0,0
68,RIGHT_KNEE,0.5287512540817261,0.7677090167999268,0.11701441556215286,0,0
68,LEFT_ANKLE,0.5199882984161377,0.8633078336715698,-0.022764964029192924,0,0
68,RIGHT_ANKLE,0.5326544642448425,0.832967221736908,0.18020209670066833,0,0
68,LEFT_HEEL,0.5266219973564148,0.877297043800354,-0.02138163335621357,0,0
68,RIGHT_HEEL,0.5353136658668518,0.8467968702316284,0.18688395619392395,0,0
68,LEFT_FOOT_INDEX,0.5029807090759277,0.879242479801178,-0.030627219006419182,0,0
68,RIGHT_FOOT_INDEX,0.5188964009284973,0.8463869094848633,0.19215089082717896,0,0
69,NOSE,0.516688883304596,0.5422090291976929,0.0852106511592865,0,0
69,LEFT_EYE_INNER,0.5165284872055054,0.5353876948356628,0.06708427518606186,0,0
69,LEFT_EYE,0.5155910849571228,0.5353924632072449,0.06709527224302292,0,0
69,LEFT_EYE_OUTER,0.514634370803833,0.5355033874511719,0.0670633465051651,0,0
69,RIGHT_EYE_INNER,0.5197146534919739,0.5353537797927856,0.0696602612733841,0,0
69,RIGHT_EYE,0.5210021734237671,0.5353524684906006,0.069647878408432,0,0
69,RIGHT_EYE_OUTER,0.5222268104553223,0.5354745984077454,0.06957352161407471,0,0
69,LEFT_EAR,0.5144484639167786,0.5393829345703125,-0.0013515142491087317,0,0
69,RIGHT_EAR,0.5256643891334534,0.5399066805839539,0.023853849619627,0,0
69,MOUTH_LEFT,0.514656126499176,0.5477963089942932,0.06610754877328873,0,0
69,MOUTH_RIGHT,0.5180312991142273,0.5483059883117676,0.06863424926996231,0,0
69,LEFT_SHOULDER,0.5010705590248108,0.5779337286949158,-0.029480742290616035,0,0
69,RIGHT_SHOULDER,0.5426989793777466,0.5869737863540649,0.0264777559787035,0,0
69,LEFT_ELBOW,0.4962356984615326,0.6381915807723999,0.0021638881880789995,0,0
69,RIGHT_ELBOW,0.5479589700698853,0.6444107294082642,0.067827969789505,0,0
69,LEFT_WRIST,0.5056410431861877,0.6452135443687439,0.09374652057886124,0,0
69,RIGHT_WRIST,0.5326354503631592,0.6415683031082153,0.12699507176876068,0,0
69,LEFT_PINKY,0.5074853897094727,0.6469216346740723,0.09886905550956726,0,0
69,RIGHT_PINKY,0.5336697697639465,0.6508616209030151,0.1376599371433258,0,0
69,LEFT_INDEX,0.5122872591018677,0.64011150598526,0.09696336090564728,0,0
69,RIGHT_INDEX,0.5298147201538086,0.6443582773208618,0.13632985949516296,0,0
69,LEFT_THUMB,0.5130964517593384,0.6388777494430542,0.09441588819026947,0,0
69,RIGHT_THUMB,0.5299143195152283,0.6420823335647583,0.12755204737186432,0,0
69,LEFT_HIP,0.5137561559677124,0.7037924528121948,-0.03501926735043526,0,0
69,RIGHT_HIP,0.5346372723579407,0.7018398642539978,0.03505765274167061,0,0
69,LEFT_KNEE,0.5029281377792358,0.7835491299629211,-0.024388432502746582,0,0
69,RIGHT_KNEE,0.5290476679801941,0.7674103379249573,0.11282248795032501,0,0
69,LEFT_ANKLE,0.5205135941505432,0.8650757670402527,-0.027592366561293602,0,0
69,RIGHT_ANKLE,0.5325154066085815,0.8331993222236633,0.17177221179008484,0,0
69,LEFT_HEEL,0.5269938707351685,0.8792339563369751,-0.026588020846247673,0,0
69,RIGHT_HEEL,0.5350787043571472,0.8477851748466492,0.17807625234127045,0,0
69,LEFT_FOOT_INDEX,0.502958357334137,0.8805831074714661,-0.03580795228481293,0,0
69,RIGHT_FOOT_INDEX,0.5188369750976562,0.846419632434845,0.18411079049110413,0,0
70,NOSE,0.5164850354194641,0.539638102054596,0.10789962112903595,0,0
70,LEFT_EYE_INNER,0.5160968899726868,0.5327502489089966,0.09205545485019684,0,0
70,LEFT_EYE,0.5151413679122925,0.5328372120857239,0.09207937121391296,0,0
70,LEFT_EYE_OUTER,0.5141740441322327,0.5329647660255432,0.09204451739788055,0,0
70,RIGHT_EYE_INNER,0.5193907618522644,0.5325220823287964,0.09465743601322174,0,0
70,RIGHT_EYE,0.5207160115242004,0.53246009349823,0.09465331584215164,0,0
70,RIGHT_EYE_OUTER,0.521974503993988,0.5325002074241638,0.09459495544433594,0,0
70,LEFT_EAR,0.5140722393989563,0.5367421507835388,0.03362748399376869,0,0
70,RIGHT_EAR,0.5253636240959167,0.537006139755249,0.04548611864447594,0,0
70,MOUTH_LEFT,0.514564573764801,0.5455798506736755,0.08989407122135162,0,0
70,MOUTH_RIGHT,0.5180008411407471,0.5459603667259216,0.0926763042807579,0,0
70,LEFT_SHOULDER,0.5012823343276978,0.5775895118713379,-0.01503134798258543,0,0
70,RIGHT_SHOULDER,0.5422624349594116,0.5845249891281128,0.04286569729447365,0,0
70,LEFT_ELBOW,0.4981990456581116,0.6400598883628845,0.021623186767101288,0,0
70,RIGHT_ELBOW,0.5472123622894287,0.6442631483078003,0.07478552311658859,0,0
70,LEFT_WRIST,0.502936065196991,0.650804340839386,0.10454247891902924,0,0
70,RIGHT_WRIST,0.5334416031837463,0.6608972549438477,0.1254172921180725,0,0
70,LEFT_PINKY,0.5036429762840271,0.6551028490066528,0.1109314113855362,0,0
70,RIGHT_PINKY,0.5322261452674866,0.6688006520271301,0.13430079817771912,0,0
70,LEFT_INDEX,0.5081764459609985,0.6488240361213684,0.10999899357557297,0,0
70,RIGHT_INDEX,0.5271536111831665,0.6613108515739441,0.13502682745456696,0,0
70,LEFT_THUMB,0.5094413161277771,0.646446704864502,0.10579127818346024,0,0
70,RIGHT_THUMB,0.5286835432052612,0.6599158048629761,0.12585629522800446,0,0
70,LEFT_HIP,0.514013946056366,0.7020717263221741,-0.035091158002614975,0,0
70,RIGHT_HIP,0.535530686378479,0.7003344297409058,0.03514130413532257,0,0
70,LEFT_KNEE,0.5028830766677856,0.7827418446540833,-0.02470889315009117,0,0
70,RIGHT_KNEE,0.5298629403114319,0.7670974135398865,0.10422514379024506,0,0
70,LEFT_ANKLE,0.5209687352180481,0.8646768927574158,-0.02583124302327633,0,0
70,RIGHT_ANKLE,0.5330085158348083,0.8350454568862915,0.14505890011787415,0,0
70,LEFT_HEEL,0.5274401307106018,0.8781836032867432,-0.024697044864296913,0,0
70,RIGHT_HEEL,0.5357199907302856,0.8517754673957825,0.14931784570217133,0,0
70,LEFT_FOOT_INDEX,0.5041989088058472,0.8798197507858276,-0.0358981229364872,0,0
70,RIGHT_FOOT_INDEX,0.5191590189933777,0.8492873311042786,0.150221049785614,0,0
71,NOSE,0.5161799788475037,0.5388455986976624,0.10685919970273972,0,0
71,LEFT_EYE_INNER,0.5157424211502075,0.5320737361907959,0.09142590314149857,0,0
71,LEFT_EYE,0.5148162245750427,0.5321835279464722,0.09145102649927139,0,0
71,LEFT_EYE_OUTER,0.5138895511627197,0.5323295593261719,0.09142034500837326,0,0
71,RIGHT_EYE_INNER,0.518975555896759,0.5318070650100708,0.09417988359928131,0,0
71,RIGHT_EYE,0.5202622413635254,0.5317587852478027,0.09417329728603363,0,0
71,RIGHT_EYE_OUTER,0.521489143371582,0.5318167209625244,0.09411777555942535,0,0
71,LEFT_EAR,0.5138344168663025,0.536048412322998,0.03550989180803299,0,0
71,RIGHT_EAR,0.52482008934021,0.5363260507583618,0.04678960517048836,0,0
71,MOUTH_LEFT,0.5143898129463196,0.5448526740074158,0.08944448083639145,0,0
71,MOUTH_RIGHT,0.5177708268165588,0.5451967716217041,0.09248118102550507,0,0
71,LEFT_SHOULDER,0.5015321373939514,0.5775185227394104,-0.012232556939125061,0,0
71,RIGHT_SHOULDER,0.5419456958770752,0.5833961367607117,0.04397581145167351,0,0
71,LEFT_ELBOW,0.4989929795265198,0.6413019299507141,0.024811336770653725,0,0
71,RIGHT_ELBOW,0.5472531914710999,0.643918514251709,0.07560243457555771,0,0
71,LEFT_WRIST,0.5030659437179565,0.6496589183807373,0.1031867265701294,0,0
71,RIGHT_WRIST,0.5344825983047485,0.663807213306427,0.12131423503160477,0,0
71,LEFT_PINKY,0.5035356283187866,0.6536179780960083,0.10953304916620255,0,0
71,RIGHT_PINKY,0.5329658389091492,0.6712973713874817,0.12880949676036835,0,0
71,LEFT_INDEX,0.5080581903457642,0.6468781232833862,0.10877616703510284,0,0
71,RIGHT_INDEX,0.5288506746292114,0.6663123369216919,0.12846669554710388,0,0
71,LEFT_THUMB,0.5094518065452576,0.6446613669395447,0.10453060269355774,0,0
71,RIGHT_THUMB,0.529435932636261,0.6626461744308472,0.12154010683298111,0,0
71,LEFT_HIP,0.5141031742095947,0.7015434503555298,-0.03509954363107681,0,0
71,RIGHT_HIP,0.5361501574516296,0.6997635960578918,0.03515028581023216,0,0
71,LEFT_KNEE,0.502944827079773,0.7822846174240112,-0.024825679138302803,0,0
71,RIGHT_KNEE,0.5302772521972656,0.7668825387954712,0.10025187581777573,0,0
71,LEFT_ANKLE,0.5205933451652527,0.8642638921737671,-0.023618627339601517,0,0
71,RIGHT_ANKLE,0.5333441495895386,0.8351133465766907,0.14071841537952423,0,0
71,LEFT_HEEL,0.5273985862731934,0.8768874406814575,-0.022087639197707176,0,0
71,RIGHT_HEEL,0.5363191962242126,0.8517048358917236,0.14512771368026733,0,0
71,LEFT_FOOT_INDEX,0.5043817758560181,0.8799529671669006,-0.03174233064055443,0,0
71,RIGHT_FOOT_INDEX,0.5194840431213379,0.8501582145690918,0.146738663315773,0,0
72,NOSE,0.515631914138794,0.5383201837539673,0.10913292318582535,0,0
72,LEFT_EYE_INNER,0.5151541233062744,0.5317133069038391,0.09473615139722824,0,0
72,LEFT_EYE,0.5142430663108826,0.5317927598953247,0.09475383162498474,0,0
72,LEFT_EYE_OUTER,0.5133242607116699,0.5319045186042786,0.09472276270389557,0,0
72,RIGHT_EYE_INNER,0.5183246731758118,0.5315157771110535,0.0975712463259697,0,0
72,RIGHT_EYE,0.5196077823638916,0.5314887166023254,0.09756682813167572,0,0
72,RIGHT_EYE_OUTER,0.5208345055580139,0.5315728187561035,0.0975065752863884,0,0
72,LEFT_EAR,0.5133386850357056,0.5355255007743835,0.041374266147613525,0,0
72,RIGHT_EAR,0.5241434574127197,0.5359826683998108,0.052913445979356766,0,0
72,MOUTH_LEFT,0.5139688849449158,0.5441114902496338,0.0923829972743988,0,0
72,MOUTH_RIGHT,0.5173525214195251,0.5445332527160645,0.09558829665184021,0,0
72,LEFT_SHOULDER,0.5017086863517761,0.5761391520500183,-0.007213160395622253,0,0
72,RIGHT_SHOULDER,0.5416386723518372,0.581327497959137,0.04978208988904953,0,0
72,LEFT_ELBOW,0.49932777881622314,0.6417798399925232,0.015979520976543427,0,0
72,RIGHT_ELBOW,0.5474076867103577,0.6414300799369812,0.07444605976343155,0,0
72,LEFT_WRIST,0.5052789449691772,0.6606076955795288,0.07095261663198471,0,0
72,RIGHT_WRIST,0.5343244671821594,0.6616318225860596,0.10420568287372589,0,0
72,LEFT_PINKY,0.5071994662284851,0.6660898327827454,0.07470335811376572,0,0
72,RIGHT_PINKY,0.5328348278999329,0.6736482977867126,0.10946840792894363,0,0
72,LEFT_INDEX,0.5100294947624207,0.6619047522544861,0.07440532743930817,0,0
72,RIGHT_INDEX,0.5287228226661682,0.6665724515914917,0.1088758334517479,0,0
72,LEFT_THUMB,0.5099158883094788,0.6596617698669434,0.07174685597419739,0,0
72,RIGHT_THUMB,0.529318630695343,0.6656549572944641,0.1041259840130806,0,0
72,LEFT_HIP,0.5154839158058167,0.6995173692703247,-0.03513514623045921,0,0
72,RIGHT_HIP,0.5370923280715942,0.697801411151886,0.035182517021894455,0,0
72,LEFT_KNEE,0.5032036304473877,0.78191739320755,-0.026570992544293404,0,0
72,RIGHT_KNEE,0.5307704210281372,0.766719400882721,0.08124959468841553,0,0
72,LEFT_ANKLE,0.521169126033783,0.8644577860832214,-0.02554446831345558,0,0
72,RIGHT_ANKLE,0.5360838770866394,0.8375589847564697,0.11208190768957138,0,0
72,LEFT_HEEL,0.5279228091239929,0.8773117065429688,-0.0244500283151865,0,0
72,RIGHT_HEEL,0.5395556092262268,0.8541147112846375,0.11490610986948013,0,0
72,LEFT_FOOT_INDEX,0.5053932666778564,0.880842924118042,-0.03562726825475693,0,0
72,RIGHT_FOOT_INDEX,0.5216025114059448,0.854997992515564,0.11292920261621475,0,0
73,NOSE,0.5155476331710815,0.536284863948822,0.10998138785362244,0,0
73,LEFT_EYE_INNER,0.515033483505249,0.5297880172729492,0.09481608867645264,0,0
73,LEFT_EYE,0.5141735672950745,0.5298352241516113,0.09481892734766006,0,0
73,LEFT_EYE_OUTER,0.5132918953895569,0.5299572348594666,0.09479880332946777,0,0
73,RIGHT_EYE_INNER,0.518110454082489,0.5298423767089844,0.09988435357809067,0,0
73,RIGHT_EYE,0.5193536877632141,0.5299422144889832,0.09988048672676086,0,0
73,RIGHT_EYE_OUTER,0.5205749869346619,0.5301416516304016,0.09983213990926743,0,0
73,LEFT_EAR,0.5133861303329468,0.5339145064353943,0.03890122100710869,0,0
73,RIGHT_EAR,0.5238557457923889,0.5346353054046631,0.06085051968693733,0,0
73,MOUTH_LEFT,0.5140389204025269,0.5419347882270813,0.09224953502416611,0,0
73,MOUTH_RIGHT,0.5173930525779724,0.5424543619155884,0.09842395782470703,0,0
73,LEFT_SHOULDER,0.5029531121253967,0.573681116104126,-0.014494874514639378,0,0
73,RIGHT_SHOULDER,0.5416418313980103,0.5790166854858398,0.061830539256334305,0,0
73,LEFT_ELBOW,0.5004445910453796,0.6393446922302246,-0.019016260281205177,0,0
73,RIGHT_ELBOW,0.5475655794143677,0.6368685960769653,0.0828690156340599,0,0
73,LEFT_WRIST,0.4989461600780487,0.6602947115898132,0.015263867564499378,0,0
73,RIGHT_WRIST,0.5335556268692017,0.6597712635993958,0.10884792357683182,0,0
73,LEFT_PINKY,0.4960044026374817,0.6648837327957153,0.012887317687273026,0,0
73,RIGHT_PINKY,0.5307069420814514,0.6724998950958252,0.11374858766794205,0,0
73,LEFT_INDEX,0.4971390664577484,0.6615128517150879,0.01535045262426138,0,0
73,RIGHT_INDEX,0.5280184745788574,0.6657519340515137,0.11056887358427048,0,0
73,LEFT_THUMB,0.49875515699386597,0.6598439812660217,0.01682070456445217,0,0
73,RIGHT_THUMB,0.5284523367881775,0.662811815738678,0.10776215046644211,0,0
73,LEFT_HIP,0.5166709423065186,0.6976783275604248,-0.03856198489665985,0,0
73,RIGHT_HIP,0.5381258130073547,0.6963305473327637,0.03858206793665886,0,0
73,LEFT_KNEE,0.5034198760986328,0.7817965745925903,-0.030405718833208084,0,0
73,RIGHT_KNEE,0.5313636064529419,0.7666193842887878,0.08590685576200485,0,0
73,LEFT_ANKLE,0.5214934945106506,0.864503800868988,-0.026738030835986137,0,0
73,RIGHT_ANKLE,0.5414513349533081,0.8376230597496033,0.11475161463022232,0,0
73,LEFT_HEEL,0.5283594727516174,0.877780020236969,-0.025525132194161415,0,0
73,RIGHT_HEEL,0.5450515151023865,0.8543001413345337,0.11722595989704132,0,0
73,LEFT_FOOT_INDEX,0.5050175189971924,0.8813719749450684,-0.03638631850481033,0,0
73,RIGHT_FOOT_INDEX,0.5263978242874146,0.8563011288642883,0.11442862451076508,0,0
74,NOSE,0.5147688984870911,0.5354635715484619,0.10659833997488022,0,0
74,LEFT_EYE_INNER,0.5144473314285278,0.5288361310958862,0.09135963022708893,0,0
74,LEFT_EYE,0.5137625336647034,0.5288229584693909,0.09136121720075607,0,0
74,LEFT_EYE_OUTER,0.513034999370575,0.528892993927002,0.09134633094072342,0,0
74,RIGHT_EYE_INNER,0.5171629786491394,0.5289692878723145,0.09812741726636887,0,0
74,RIGHT_EYE,0.5184205174446106,0.5290381908416748,0.09811697900295258,0,0
74,RIGHT_EYE_OUTER,0.5196509957313538,0.5291850566864014,0.09806844592094421,0,0
74,LEFT_EAR,0.5134570002555847,0.5327380299568176,0.035920508205890656,0,0
74,RIGHT_EAR,0.5232023000717163,0.5331356525421143,0.0668424442410469,0,0
74,MOUTH_LEFT,0.5137830376625061,0.5408578515052795,0.08889540284872055,0,0
74,MOUTH_RIGHT,0.5168313384056091,0.5413368940353394,0.09713058918714523,0,0
74,LEFT_SHOULDER,0.505262553691864,0.5714898109436035,-0.022745056077837944,0,0
74,RIGHT_SHOULDER,0.5416596531867981,0.5765957832336426,0.07247614860534668,0,0
74,LEFT_ELBOW,0.5026060342788696,0.6376150846481323,-0.02981439232826233,0,0
74,RIGHT_ELBOW,0.5475669503211975,0.6319838762283325,0.09255824983119965,0,0
74,LEFT_WRIST,0.49713075160980225,0.6623855233192444,0.003535863012075424,0,0
74,RIGHT_WRIST,0.5333249568939209,0.6585449576377869,0.1116332933306694,0,0
74,LEFT_PINKY,0.4936034083366394,0.6667039394378662,0.0003244110266678035,0,0
74,RIGHT_PINKY,0.5296898484230042,0.6720307469367981,0.11717738956212997,0,0
74,LEFT_INDEX,0.49433067440986633,0.6634056568145752,0.003649229882284999,0,0
74,RIGHT_INDEX,0.5266231894493103,0.6681007146835327,0.1126738041639328,0,0
74,LEFT_THUMB,0.4956454634666443,0.661996066570282,0.005777013022452593,0,0
74,RIGHT_THUMB,0.5270417332649231,0.6645559072494507,0.11011234670877457,0,0
74,LEFT_HIP,0.518395721912384,0.6944722533226013,-0.041283462196588516,0,0
74,RIGHT_HIP,0.5393494963645935,0.6935091614723206,0.04127974808216095,0,0
74,LEFT_KNEE,0.5044190287590027,0.7806119322776794,-0.04063044488430023,0,0
74,RIGHT_KNEE,0.5323181748390198,0.7665708661079407,0.07956670969724655,0,0
74,LEFT_ANKLE,0.5211226344108582,0.8644919991493225,-0.0473276823759079,0,0
74,RIGHT_ANKLE,0.5452137589454651,0.83780437707901,0.08961581438779831,0,0
74,LEFT_HEEL,0.5277146100997925,0.8783772587776184,-0.04756159335374832,0,0
74,RIGHT_HEEL,0.548265814781189,0.8546374440193176,0.09014413505792618,0,0
74,LEFT_FOOT_INDEX,0.5029547810554504,0.8815928101539612,-0.060677435249090195,0,0
74,RIGHT_FOOT_INDEX,0.5295815467834473,0.8589339852333069,0.08513624221086502,0,0
75,NOSE,0.5149152278900146,0.534844160079956,0.11130402982234955,0,0
75,LEFT_EYE_INNER,0.5145471096038818,0.5281215310096741,0.09627728164196014,0,0
75,LEFT_EYE,0.5138594508171082,0.5280477404594421,0.09627435356378555,0,0
75,LEFT_EYE_OUTER,0.5131299495697021,0.5280647277832031,0.09626476466655731,0,0
75,RIGHT_EYE_INNER,0.5172686576843262,0.5283586382865906,0.1044587790966034,0,0
75,RIGHT_EYE,0.5185126662254333,0.5284277200698853,0.10444894433021545,0,0
75,RIGHT_EYE_OUTER,0.5197430849075317,0.5285542011260986,0.10440366715192795,0,0
75,LEFT_EAR,0.5135104060173035,0.5318543314933777,0.03959843888878822,0,0
75,RIGHT_EAR,0.523319661617279,0.5322144627571106,0.0754036083817482,0,0
75,MOUTH_LEFT,0.5139045119285583,0.5401179194450378,0.09297051280736923,0,0
75,MOUTH_RIGHT,0.5169721245765686,0.5406383872032166,0.10313144326210022,0,0
75,LEFT_SHOULDER,0.5066121220588684,0.5698931217193604,-0.02159598097205162,0,0
75,RIGHT_SHOULDER,0.5417754650115967,0.5761030316352844,0.08277495950460434,0,0
75,LEFT_ELBOW,0.5040362477302551,0.6366606950759888,-0.03422029688954353,0,0
75,RIGHT_ELBOW,0.5474125742912292,0.6313057541847229,0.10411076992750168,0,0
75,LEFT_WRIST,0.49771153926849365,0.6626654267311096,-0.007787900976836681,0,0
75,RIGHT_WRIST,0.5330033898353577,0.6591300964355469,0.12159993499517441,0,0
75,LEFT_PINKY,0.49381929636001587,0.6672430038452148,-0.012500006705522537,0,0
75,RIGHT_PINKY,0.5286043882369995,0.6736729741096497,0.12711913883686066,0,0
75,LEFT_INDEX,0.494083046913147,0.6641287803649902,-0.008658519014716148,0,0
75,RIGHT_INDEX,0.5254582762718201,0.6705055236816406,0.12005855143070221,0,0
75,LEFT_THUMB,0.49589335918426514,0.6626047492027283,-0.0055338675156235695,0,0
75,RIGHT_THUMB,0.5258057117462158,0.6667364239692688,0.1186189129948616,0,0
75,LEFT_HIP,0.519413411617279,0.6935669183731079,-0.04280903562903404,0,0
75,RIGHT_HIP,0.5403810739517212,0.692205548286438,0.042794305831193924,0,0
75,LEFT_KNEE,0.5053325295448303,0.7797176241874695,-0.042542535811662674,0,0
75,RIGHT_KNEE,0.5329921841621399,0.7665005922317505,0.07932166755199432,0,0
75,LEFT_ANKLE,0.5212656855583191,0.8641019463539124,-0.050252724438905716,0,0
75,RIGHT_ANKLE,0.5460418462753296,0.8386585116386414,0.08642122149467468,0,0
75,LEFT_HEEL,0.5278065800666809,0.8779430389404297,-0.050589896738529205,0,0
75,RIGHT_HEEL,0.5491657853126526,0.85521000623703,0.08660569787025452,0,0
75,LEFT_FOOT_INDEX,0.5030028820037842,0.8811813592910767,-0.06404058635234833,0,0
75,RIGHT_FOOT_INDEX,0.5299279093742371,0.8593690395355225,0.08067604154348373,0,0
76,NOSE,0.514701783657074,0.5310696363449097,0.09852364659309387,0,0
76,LEFT_EYE_INNER,0.5145441293716431,0.5246866345405579,0.08401941508054733,0,0
76,LEFT_EYE,0.5139056444168091,0.5247732400894165,0.08400832861661911,0,0
76,LEFT_EYE_OUTER,0.5132029056549072,0.5249524712562561,0.08401092886924744,0,0
76,RIGHT_EYE_INNER,0.5170873403549194,0.5246216654777527,0.09755288809537888,0,0
76,RIGHT_EYE,0.5182663202285767,0.524664580821991,0.09753909707069397,0,0
76,RIGHT_EYE_OUTER,0.5194277167320251,0.5247968435287476,0.0974937304854393,0,0
76,LEFT_EAR,0.5136124491691589,0.5293852686882019,0.028318477794528008,0,0
76,RIGHT_EAR,0.5230954885482788,0.5291960835456848,0.06978344917297363,0,0
76,MOUTH_LEFT,0.5138887763023376,0.5371438264846802,0.07999642193317413,0,0
76,MOUTH_RIGHT,0.5167441368103027,0.5375279784202576,0.09641260653734207,0,0
76,LEFT_SHOULDER,0.5084636807441711,0.5687723159790039,-0.036367837339639664,0,0
76,RIGHT_SHOULDER,0.5418327450752258,0.5732229948043823,0.08337397873401642,0,0
76,LEFT_ELBOW,0.5069568157196045,0.6355414390563965,-0.047565530985593796,0,0
76,RIGHT_ELBOW,0.5457006692886353,0.6284436583518982,0.10751630365848541,0,0
76,LEFT_WRIST,0.4988035559654236,0.6629823446273804,-0.014148966409265995,0,0
76,RIGHT_WRIST,0.531924843788147,0.6575071215629578,0.12197432667016983,0,0
76,LEFT_PINKY,0.4933997392654419,0.668390154838562,-0.01913096383213997,0,0
76,RIGHT_PINKY,0.5272759199142456,0.6700900793075562,0.12777577340602875,0,0
76,LEFT_INDEX,0.49351513385772705,0.6654373407363892,-0.015691328793764114,0,0
76,RIGHT_INDEX,0.5243480801582336,0.6669976115226746,0.12013650685548782,0,0
76,LEFT_THUMB,0.49589547514915466,0.6637663841247559,-0.011711809784173965,0,0
76,RIGHT_THUMB,0.5249121189117432,0.6634728908538818,0.11868976056575775,0,0
76,LEFT_HIP,0.5208395719528198,0.6924161314964294,-0.04570329561829567,0,0
76,RIGHT_HIP,0.5413426756858826,0.6905921697616577,0.045677464455366135,0,0
76,LEFT_KNEE,0.50654536485672,0.7781792283058167,-0.04812295362353325,0,0
76,RIGHT_KNEE,0.5336595177650452,0.7664840817451477,0.07985984534025192,0,0
76,LEFT_ANKLE,0.5212447047233582,0.8640241026878357,-0.05758723244071007,0,0
76,RIGHT_ANKLE,0.5492006540298462,0.8385876417160034,0.08826415240764618,0,0
76,LEFT_HEEL,0.5280197262763977,0.8775993585586548,-0.05829666927456856,0,0
76,RIGHT_HEEL,0.5523888468742371,0.8549584746360779,0.08854985237121582,0,0
76,LEFT_FOOT_INDEX,0.5023811459541321,0.8815600275993347,-0.07527174055576324,0,0
76,RIGHT_FOOT_INDEX,0.5335044264793396,0.8608609437942505,0.08174162358045578,0,0
77,NOSE,0.5145325064659119,0.5314877033233643,0.07695990055799484,0,0
77,LEFT_EYE_INNER,0.5145742893218994,0.5250133275985718,0.06312181800603867,0,0
77,LEFT_EYE,0.5139661431312561,0.5251034498214722,0.06310844421386719,0,0
77,LEFT_EYE_OUTER,0.5132381916046143,0.5252809524536133,0.06311648339033127,0,0
77,RIGHT_EYE_INNER,0.517001748085022,0.524846076965332,0.07621201127767563,0,0
77,RIGHT_EYE,0.5181733965873718,0.5248284339904785,0.07620430737733841,0,0
77,RIGHT_EYE_OUTER,0.5193278789520264,0.5248855948448181,0.07615677267313004,0,0
77,LEFT_EAR,0.5142368078231812,0.5294827222824097,0.012665021233260632,0,0
77,RIGHT_EAR,0.5231737494468689,0.5288369655609131,0.06578341871500015,0,0
77,MOUTH_LEFT,0.5139212012290955,0.5374559164047241,0.06022213399410248,0,0
77,MOUTH_RIGHT,0.5166810154914856,0.5376960635185242,0.07670324295759201,0,0
77,LEFT_SHOULDER,0.5120202898979187,0.5678704977035522,-0.0503072515130043,0,0
77,RIGHT_SHOULDER,0.5418931245803833,0.570195734500885,0.08937828987836838,0,0
77,LEFT_ELBOW,0.5119177103042603,0.6342580318450928,-0.06800518929958344,0,0
77,RIGHT_ELBOW,0.5429807305335999,0.6237357258796692,0.11570849269628525,0,0
77,LEFT_WRIST,0.49924078583717346,0.6642211079597473,-0.038673482835292816,0,0
77,RIGHT_WRIST,0.527908205986023,0.6564947366714478,0.12354042381048203,0,0
77,LEFT_PINKY,0.49327772855758667,0.6716516613960266,-0.04579993709921837,0,0
77,RIGHT_PINKY,0.5234348773956299,0.6690633296966553,0.12945905327796936,0,0
77,LEFT_INDEX,0.49274882674217224,0.6690377593040466,-0.042417652904987335,0,0
77,RIGHT_INDEX,0.5207998156547546,0.6644370555877686,0.12019532173871994,0,0
77,LEFT_THUMB,0.49518266320228577,0.6668423414230347,-0.036065325140953064,0,0
77,RIGHT_THUMB,0.5217030048370361,0.6617509126663208,0.11923964321613312,0,0
77,LEFT_HIP,0.5230026245117188,0.6912816762924194,-0.0482821986079216,0,0
77,RIGHT_HIP,0.5426282286643982,0.6890157461166382,0.04824289306998253,0,0
77,LEFT_KNEE,0.5079092383384705,0.7761708498001099,-0.0525088831782341,0,0
77,RIGHT_KNEE,0.5356342792510986,0.7666928768157959,0.07318393886089325,0,0
77,LEFT_ANKLE,0.5211131572723389,0.8636018633842468,-0.0592162199318409,0,0
77,RIGHT_ANKLE,0.5530496835708618,0.8401046395301819,0.08048991113901138,0,0
77,LEFT_HEEL,0.5279236435890198,0.8777142763137817,-0.05996377021074295,0,0
77,RIGHT_HEEL,0.5573108196258545,0.8554410338401794,0.08062578737735748,0,0
77,LEFT_FOOT_INDEX,0.5009249448776245,0.8813945055007935,-0.07950936257839203,0,0
77,RIGHT_FOOT_INDEX,0.5383748412132263,0.864538311958313,0.07121767103672028,0,0
78,NOSE,0.514659583568573,0.5320014357566833,0.06927987933158875,0,0
78,LEFT_EYE_INNER,0.5148268938064575,0.5255297422409058,0.0564083456993103,0,0
78,LEFT_EYE,0.5143467783927917,0.5256084203720093,0.05639610067009926,0,0
78,LEFT_EYE_OUTER,0.5137900710105896,0.5257495641708374,0.05640421807765961,0,0
78,RIGHT_EYE_INNER,0.5170311331748962,0.5253044962882996,0.06934871524572372,0,0
78,RIGHT_EYE,0.5182086825370789,0.5252362489700317,0.06934547424316406,0,0
78,RIGHT_EYE_OUTER,0.5193874835968018,0.5252120494842529,0.06929569691419601,0,0
78,LEFT_EAR,0.5154213309288025,0.5297603607177734,0.009255700744688511,0,0
78,RIGHT_EAR,0.5233476758003235,0.5289267897605896,0.06478364765644073,0,0
78,MOUTH_LEFT,0.5144581198692322,0.5379536747932434,0.05359853804111481,0,0
78,MOUTH_RIGHT,0.5170596241950989,0.5381208062171936,0.06993945688009262,0,0
78,LEFT_SHOULDER,0.5149184465408325,0.5677823424339294,-0.05292091518640518,0,0
78,RIGHT_SHOULDER,0.541904866695404,0.5698071718215942,0.09173022210597992,0,0
78,LEFT_ELBOW,0.5160340070724487,0.6341648101806641,-0.07392039895057678,0,0
78,RIGHT_ELBOW,0.5425117015838623,0.6250366568565369,0.11380646377801895,0,0
78,LEFT_WRIST,0.5004271864891052,0.6649388074874878,-0.05211871117353439,0,0
78,RIGHT_WRIST,0.5258535146713257,0.6569654941558838,0.11410810053348541,0,0
78,LEFT_PINKY,0.4952446222305298,0.6727105379104614,-0.06055860593914986,0,0
78,RIGHT_PINKY,0.5204788446426392,0.6674452424049377,0.11977159976959229,0,0
78,LEFT_INDEX,0.4948108494281769,0.6697946786880493,-0.05635833367705345,0,0
78,RIGHT_INDEX,0.5187314748764038,0.6641134023666382,0.10851554572582245,0,0
78,LEFT_THUMB,0.49720850586891174,0.6674713492393494,-0.04930707439780235,0,0
78,RIGHT_THUMB,0.5192744731903076,0.6616485118865967,0.10869764536619186,0,0
78,LEFT_HIP,0.5261426568031311,0.6910094618797302,-0.04815295711159706,0,0
78,RIGHT_HIP,0.5453539490699768,0.6890169382095337,0.048114657402038574,0,0
78,LEFT_KNEE,0.508285641670227,0.7747480273246765,-0.0524793341755867,0,0
78,RIGHT_KNEE,0.537969708442688,0.7675806879997253,0.06720183044672012,0,0
78,LEFT_ANKLE,0.520393431186676,0.8633180856704712,-0.0566328801214695,0,0
78,RIGHT_ANKLE,0.5561811327934265,0.8447628021240234,0.07052559405565262,0,0
78,LEFT_HEEL,0.5269603133201599,0.877980649471283,-0.057031143456697464,0,0
78,RIGHT_HEEL,0.5616410374641418,0.8612436652183533,0.07019679248332977,0,0
78,LEFT_FOOT_INDEX,0.4995949864387512,0.881355345249176,-0.07350321859121323,0,0
78,RIGHT_FOOT_INDEX,0.5408782958984375,0.8678498864173889,0.06017274409532547,0,0
79,NOSE,0.5148583650588989,0.5323826670646667,0.061642054468393326,0,0
79,LEFT_EYE_INNER,0.515363335609436,0.5258107781410217,0.04888813942670822,0,0
79,LEFT_EYE,0.5150074362754822,0.5258105397224426,0.048880934715270996,0,0
79,LEFT_EYE_OUTER,0.5145922899246216,0.5258845090866089,0.04889095202088356,0,0
79,RIGHT_EYE_INNER,0.5173288583755493,0.5256946682929993,0.06279639154672623,0,0
79,RIGHT_EYE,0.5184499025344849,0.5256409645080566,0.06279794871807098,0,0
79,RIGHT_EYE_OUTER,0.5195749998092651,0.5256465077400208,0.06274723261594772,0,0
79,LEFT_EAR,0.5165741443634033,0.5298895239830017,0.0025736577808856964,0,0
79,RIGHT_EAR,0.5237112641334534,0.5294007658958435,0.06337045133113861,0,0
79,MOUTH_LEFT,0.5150058269500732,0.5380995869636536,0.046008624136447906,0,0
79,MOUTH_RIGHT,0.5173825621604919,0.5384001135826111,0.06353642791509628,0,0
79,LEFT_SHOULDER,0.5169656872749329,0.5689584016799927,-0.060295410454273224,0,0
79,RIGHT_SHOULDER,0.5418845415115356,0.5704089403152466,0.09155319631099701,0,0
79,LEFT_ELBOW,0.5192252993583679,0.6366308331489563,-0.08358054608106613,0,0
79,RIGHT_ELBOW,0.5404598712921143,0.6261340379714966,0.11247923225164413,0,0
79,LEFT_WRIST,0.5012147426605225,0.6669093370437622,-0.06559750437736511,0,0
79,RIGHT_WRIST,0.5253190994262695,0.6622360348701477,0.10655184835195541,0,0
79,LEFT_PINKY,0.49677783250808716,0.6756658554077148,-0.07489064335823059,0,0
79,RIGHT_PINKY,0.5215108394622803,0.6700015068054199,0.1125708818435669,0,0
79,LEFT_INDEX,0.49660906195640564,0.6726489663124084,-0.0705450028181076,0,0
79,RIGHT_INDEX,0.5186883807182312,0.668034553527832,0.10093487054109573,0,0
79,LEFT_THUMB,0.49879223108291626,0.6700411438941956,-0.06270300596952438,0,0
79,RIGHT_THUMB,0.5194721817970276,0.6652543544769287,0.10109414160251617,0,0
79,LEFT_HIP,0.5291579365730286,0.6911994218826294,-0.04759393632411957,0,0
79,RIGHT_HIP,0.5480184555053711,0.6890473961830139,0.0475483313202858,0,0
79,LEFT_KNEE,0.5081575512886047,0.7729787230491638,-0.05497289076447487,0,0
79,RIGHT_KNEE,0.5392670035362244,0.7687824964523315,0.057901665568351746,0,0
79,LEFT_ANKLE,0.5202435851097107,0.8632031083106995,-0.058554280549287796,0,0
79,RIGHT_ANKLE,0.556860625743866,0.8507565259933472,0.050792112946510315,0,0
79,LEFT_HEEL,0.5271614193916321,0.8781478404998779,-0.058623846620321274,0,0
79,RIGHT_HEEL,0.5623277425765991,0.8668684363365173,0.04942332208156586,0,0
79,LEFT_FOOT_INDEX,0.500389039516449,0.8798143863677979,-0.07191085070371628,0,0
79,RIGHT_FOOT_INDEX,0.5419703722000122,0.8686186671257019,0.03982158750295639,0,0
