frame_number,landmark,x,y,z,action,label
0,NOSE,0.42561259865760803,0.5302164554595947,0.1485050469636917,[],0
0,LEFT_EYE_INNER,0.4228634238243103,0.5228349566459656,0.13520048558712006,[],0
0,LEFT_EYE,0.4211578369140625,0.5229488611221313,0.1352263242006302,[],0
0,LEFT_EYE_OUTER,0.4194057285785675,0.5232581496238708,0.13521043956279755,[],0
0,RIGHT_EYE_INNER,0.42697662115097046,0.5227251648902893,0.13170628249645233,[],0
0,RIGHT_EYE,0.4281482994556427,0.522680401802063,0.13171833753585815,[],0
0,RIGHT_EYE_OUTER,0.42936810851097107,0.5227696299552917,0.13167798519134521,[],0
0,LEFT_EAR,0.41627487540245056,0.527999997138977,0.08253886550664902,[],0
0,RIGHT_EAR,0.43059152364730835,0.5266492962837219,0.06779194623231888,[],0
0,MOUTH_LEFT,0.42336228489875793,0.5366408228874207,0.13302479684352875,[],0
0,MOUTH_RIGHT,0.42792144417762756,0.5364343523979187,0.12863831222057343,[],0
0,LEFT_SHOULDER,0.3970349133014679,0.5735495686531067,0.08268406242132187,[],0
0,RIGHT_SHOULDER,0.4437576234340668,0.5720863938331604,0.01671730913221836,[],0
0,LEFT_ELBOW,0.39962562918663025,0.6398231387138367,0.1580454260110855,[],0
0,RIGHT_ELBOW,0.4545072913169861,0.6423555612564087,0.07438316196203232,[],0
0,LEFT_WRIST,0.41407063603401184,0.6335410475730896,0.2678661644458771,[],0
0,RIGHT_WRIST,0.4501076638698578,0.628279447555542,0.19290117919445038,[],0
0,LEFT_PINKY,0.41555434465408325,0.6334710717201233,0.29113420844078064,[],0
0,RIGHT_PINKY,0.44877415895462036,0.623799741268158,0.21140727400779724,[],0
0,LEFT_INDEX,0.4195880889892578,0.6269712448120117,0.2925579249858856,[],0
0,RIGHT_INDEX,0.4431150257587433,0.6176251173019409,0.21211060881614685,[],0
0,LEFT_THUMB,0.42045313119888306,0.6267951726913452,0.2719854414463043,[],0
0,RIGHT_THUMB,0.4421537220478058,0.6193859577178955,0.1971476972103119,[],0
0,LEFT_HIP,0.40393590927124023,0.7126587629318237,0.03047189675271511,[],0
0,RIGHT_HIP,0.43279585242271423,0.7114361524581909,-0.030657384544610977,[],0
0,LEFT_KNEE,0.39210185408592224,0.7964777946472168,0.07123146951198578,[],0
0,RIGHT_KNEE,0.4539337754249573,0.7953694462776184,0.005564630031585693,[],0
0,LEFT_ANKLE,0.3792414963245392,0.8895857334136963,0.027570432052016258,[],0
0,RIGHT_ANKLE,0.4544864892959595,0.8978469371795654,-0.051912110298871994,[],0
0,LEFT_HEEL,0.3793558180332184,0.9068357944488525,0.023754842579364777,[],0
0,RIGHT_HEEL,0.4482060968875885,0.9186513423919678,-0.056498441845178604,[],0
0,LEFT_FOOT_INDEX,0.3767915666103363,0.9004784822463989,0.029360929504036903,[],0
0,RIGHT_FOOT_INDEX,0.4751323461532593,0.914665937423706,-0.054893359541893005,[],0
1,NOSE,0.42575785517692566,0.5307385921478271,0.14459559321403503,0,0
1,LEFT_EYE_INNER,0.4229834973812103,0.5230903625488281,0.1316404789686203,0,0
1,LEFT_EYE,0.42126837372779846,0.5231230854988098,0.13166587054729462,0,0
1,LEFT_EYE_OUTER,0.4195074141025543,0.5233416557312012,0.13165150582790375,0,0
1,RIGHT_EYE_INNER,0.42713692784309387,0.5231546759605408,0.12721467018127441,0,0
1,RIGHT_EYE,0.4283124506473541,0.5231572389602661,0.12722566723823547,0,0
1,RIGHT_EYE_OUTER,0.4295513331890106,0.5232717394828796,0.12718066573143005,0,0
1,LEFT_EAR,0.4162748157978058,0.528006374835968,0.08104502409696579,0,0
1,RIGHT_EAR,0.430602490901947,0.5272130370140076,0.06131761893630028,0,0
1,MOUTH_LEFT,0.42345884442329407,0.5371448397636414,0.13012605905532837,0,0
1,MOUTH_RIGHT,0.4280259311199188,0.5373377203941345,0.12428352236747742,0,0
1,LEFT_SHOULDER,0.39693090319633484,0.5737352967262268,0.07805890589952469,0,0
1,RIGHT_SHOULDER,0.4437513053417206,0.5728329420089722,0.016058219596743584,0,0
1,LEFT_ELBOW,0.3976117968559265,0.6402239203453064,0.1577419936656952,0,0
1,RIGHT_ELBOW,0.4547390043735504,0.6424286961555481,0.07435481995344162,0,0
1,LEFT_WRIST,0.4122663140296936,0.6431173086166382,0.27142053842544556,0,0
1,RIGHT_WRIST,0.4432484805583954,0.6361362934112549,0.19319620728492737,0,0
1,LEFT_PINKY,0.41268616914749146,0.6480504274368286,0.2936808168888092,0,0
1,RIGHT_PINKY,0.4415777325630188,0.6330922245979309,0.21161295473575592,0,0
1,LEFT_INDEX,0.41681262850761414,0.6415301561355591,0.29365190863609314,0,0
1,RIGHT_INDEX,0.4359430968761444,0.6256675720214844,0.21226848661899567,0,0
1,LEFT_THUMB,0.41808050870895386,0.6405800580978394,0.2748763859272003,0,0
1,RIGHT_THUMB,0.43498340249061584,0.6263362765312195,0.19738231599330902,0,0
1,LEFT_HIP,0.40391805768013,0.7143226265907288,0.02888411656022072,0,0
1,RIGHT_HIP,0.4327508211135864,0.7130778431892395,-0.029098626226186752,0,0
1,LEFT_KNEE,0.39218053221702576,0.7965302467346191,0.06430479884147644,0,0
1,RIGHT_KNEE,0.45419737696647644,0.7950513958930969,0.03629890829324722,0,0
1,LEFT_ANKLE,0.37923890352249146,0.8904982209205627,0.032450128346681595,0,0
1,RIGHT_ANKLE,0.45433884859085083,0.8980136513710022,0.019439909607172012,0,0
1,LEFT_HEEL,0.3781900405883789,0.9075602889060974,0.031266577541828156,0,0
1,RIGHT_HEEL,0.44784224033355713,0.9182388782501221,0.0197231937199831,0,0
1,LEFT_FOOT_INDEX,0.37783387303352356,0.9004721641540527,0.04019314423203468,0,0
1,RIGHT_FOOT_INDEX,0.474332720041275,0.9145297408103943,0.030291784554719925,0,0
2,NOSE,0.4269116222858429,0.5320123434066772,0.15113791823387146,0,0
2,LEFT_EYE_INNER,0.4242646098136902,0.5244596004486084,0.139142706990242,0,0
2,LEFT_EYE,0.4226756691932678,0.524347722530365,0.13918454945087433,0,0
2,LEFT_EYE_OUTER,0.4211174249649048,0.5244158506393433,0.1391790211200714,0,0
2,RIGHT_EYE_INNER,0.4283601939678192,0.5248830318450928,0.13328209519386292,0,0
2,RIGHT_EYE,0.42969533801078796,0.5249649882316589,0.13329604268074036,0,0
2,RIGHT_EYE_OUTER,0.4310745596885681,0.5250674486160278,0.13324131071567535,0,0
2,LEFT_EAR,0.4180699586868286,0.5292298197746277,0.09132169932126999,0,0
2,RIGHT_EAR,0.4319517910480499,0.529242217540741,0.0651077926158905,0,0
2,MOUTH_LEFT,0.4249717891216278,0.5384228825569153,0.13776437938213348,0,0
2,MOUTH_RIGHT,0.429275244474411,0.5391348600387573,0.13008412718772888,0,0
2,LEFT_SHOULDER,0.39987146854400635,0.5739947557449341,0.10363038629293442,0,0
2,RIGHT_SHOULDER,0.4444039762020111,0.5753191709518433,0.01592843607068062,0,0
2,LEFT_ELBOW,0.4083247184753418,0.6265971660614014,0.19559045135974884,0,0
2,RIGHT_ELBOW,0.4552513062953949,0.6445756554603577,0.077063649892807,0,0
2,LEFT_WRIST,0.42939484119415283,0.5932350754737854,0.30869027972221375,0,0
2,RIGHT_WRIST,0.44421762228012085,0.6360690593719482,0.2087307721376419,0,0
2,LEFT_PINKY,0.4308841824531555,0.5847928524017334,0.3320674002170563,0,0
2,RIGHT_PINKY,0.44232624769210815,0.6329483985900879,0.2279215008020401,0,0
2,LEFT_INDEX,0.43476298451423645,0.5808547735214233,0.33213144540786743,0,0
2,RIGHT_INDEX,0.43767106533050537,0.6258822679519653,0.22715339064598083,0,0
2,LEFT_THUMB,0.43509387969970703,0.5843396186828613,0.31216803193092346,0,0
2,RIGHT_THUMB,0.4356169104576111,0.6266987323760986,0.21305373311042786,0,0
2,LEFT_HIP,0.40598592162132263,0.7150123119354248,0.034609030932188034,0,0
2,RIGHT_HIP,0.4332676827907562,0.7143927812576294,-0.03488650172948837,0,0
2,LEFT_KNEE,0.3930162787437439,0.7952903509140015,0.07528793066740036,0,0
2,RIGHT_KNEE,0.455672949552536,0.795808732509613,0.027538497000932693,0,0
2,LEFT_ANKLE,0.3792271316051483,0.8887843489646912,0.039354436099529266,0,0
2,RIGHT_ANKLE,0.45398712158203125,0.8980672955513,-0.0045686885714530945,0,0
2,LEFT_HEEL,0.3776145279407501,0.9065349102020264,0.03733491525053978,0,0
2,RIGHT_HEEL,0.4469907581806183,0.9182290434837341,-0.005829150322824717,0,0
2,LEFT_FOOT_INDEX,0.37840536236763,0.8991413116455078,0.045993030071258545,0,0
2,RIGHT_FOOT_INDEX,0.4742750823497772,0.9145384430885315,-0.0009028089116327465,0,0
3,NOSE,0.42723649740219116,0.5328256487846375,0.1516900509595871,0,0
3,LEFT_EYE_INNER,0.4247157871723175,0.5253275632858276,0.1397256851196289,0,0
3,LEFT_EYE,0.42315998673439026,0.5251466035842896,0.13976842164993286,0,0
3,LEFT_EYE_OUTER,0.421640545129776,0.5251299738883972,0.13976334035396576,0,0
3,RIGHT_EYE_INNER,0.42875435948371887,0.5259286761283875,0.13371582329273224,0,0
3,RIGHT_EYE,0.4301115572452545,0.5261011123657227,0.13372914493083954,0,0
3,RIGHT_EYE_OUTER,0.4315384328365326,0.5262930393218994,0.13367386162281036,0,0
3,LEFT_EAR,0.4185216724872589,0.5298503637313843,0.09235620498657227,0,0
3,RIGHT_EAR,0.43245774507522583,0.530646800994873,0.06520970165729523,0,0
3,MOUTH_LEFT,0.4253443777561188,0.5392006039619446,0.13847829401493073,0,0
3,MOUTH_RIGHT,0.4295472800731659,0.5401543974876404,0.13056156039237976,0,0
3,LEFT_SHOULDER,0.4004327654838562,0.5739955306053162,0.10595545917749405,0,0
3,RIGHT_SHOULDER,0.4444909691810608,0.5763674378395081,0.014528132043778896,0,0
3,LEFT_ELBOW,0.4091220498085022,0.6218580007553101,0.1981331706047058,0,0
3,RIGHT_ELBOW,0.45528775453567505,0.6458225846290588,0.07683691382408142,0,0
3,LEFT_WRIST,0.430326908826828,0.5823383927345276,0.311570942401886,0,0
3,RIGHT_WRIST,0.4450123608112335,0.636504054069519,0.20604181289672852,0,0
3,LEFT_PINKY,0.43262746930122375,0.5642320513725281,0.33422356843948364,0,0
3,RIGHT_PINKY,0.44327518343925476,0.6334646940231323,0.22475452721118927,0,0
3,LEFT_INDEX,0.4355435371398926,0.5686585903167725,0.33475908637046814,0,0
3,RIGHT_INDEX,0.43814998865127563,0.6265898942947388,0.22348462045192719,0,0
3,LEFT_THUMB,0.4359152019023895,0.5724983215332031,0.3151255249977112,0,0
3,RIGHT_THUMB,0.4365801513195038,0.6274181604385376,0.2100398689508438,0,0
3,LEFT_HIP,0.4066634476184845,0.7150392532348633,0.037449441850185394,0,0
3,RIGHT_HIP,0.43342283368110657,0.7146041393280029,-0.03772912919521332,0,0
3,LEFT_KNEE,0.3936448097229004,0.7948957681655884,0.07963401824235916,0,0
3,RIGHT_KNEE,0.45623907446861267,0.7961340546607971,0.02319970913231373,0,0
3,LEFT_ANKLE,0.3792155981063843,0.8880422115325928,0.05423189699649811,0,0
3,RIGHT_ANKLE,0.45386311411857605,0.8980377316474915,-0.0003323034616187215,0,0
3,LEFT_HEEL,0.3768112361431122,0.9059914350509644,0.05330794304609299,0,0
3,RIGHT_HEEL,0.4468268156051636,0.917914092540741,-0.00041064532706514,0,0
3,LEFT_FOOT_INDEX,0.38038191199302673,0.8984196186065674,0.06193980947136879,0,0
3,RIGHT_FOOT_INDEX,0.4741998016834259,0.914454996585846,0.003512631868943572,0,0
4,NOSE,0.4327526092529297,0.5374107956886292,0.15939436852931976,0,0
4,LEFT_EYE_INNER,0.43000727891921997,0.5292724967002869,0.14979606866836548,0,0
4,LEFT_EYE,0.4284916818141937,0.5288889408111572,0.14983537793159485,0,0
4,LEFT_EYE_OUTER,0.4270378649234772,0.5286180973052979,0.14983104169368744,0,0
4,RIGHT_EYE_INNER,0.43366023898124695,0.530022144317627,0.14202432334423065,0,0
4,RIGHT_EYE,0.4347709119319916,0.5300644636154175,0.142027348279953,0,0
4,RIGHT_EYE_OUTER,0.43589791655540466,0.530025839805603,0.1419735699892044,0,0
4,LEFT_EAR,0.42311155796051025,0.5328094959259033,0.10782572627067566,0,0
4,RIGHT_EAR,0.4354313313961029,0.5337086319923401,0.07360539585351944,0,0
4,MOUTH_LEFT,0.4307596981525421,0.5433846712112427,0.14774955809116364,0,0
4,MOUTH_RIGHT,0.4342530071735382,0.5445729494094849,0.13775961101055145,0,0
4,LEFT_SHOULDER,0.40342268347740173,0.5747864246368408,0.1228267177939415,0,0
4,RIGHT_SHOULDER,0.4468923807144165,0.5800443887710571,0.018051352351903915,0,0
4,LEFT_ELBOW,0.410882830619812,0.6247899532318115,0.21816396713256836,0,0
4,RIGHT_ELBOW,0.45553770661354065,0.6514060497283936,0.07924597710371017,0,0
4,LEFT_WRIST,0.43066880106925964,0.5976859927177429,0.3354405164718628,0,0
4,RIGHT_WRIST,0.4509029686450958,0.641169548034668,0.21120674908161163,0,0
4,LEFT_PINKY,0.4327734410762787,0.5886428356170654,0.3607795834541321,0,0
4,RIGHT_PINKY,0.45165637135505676,0.6380884051322937,0.22987771034240723,0,0
4,LEFT_INDEX,0.4365061819553375,0.5868752002716064,0.35999566316604614,0,0
4,RIGHT_INDEX,0.4466038644313812,0.630918562412262,0.22986802458763123,0,0
4,LEFT_THUMB,0.43670180439949036,0.5896344184875488,0.3388242721557617,0,0
4,RIGHT_THUMB,0.4443611204624176,0.631851315498352,0.2159714251756668,0,0
4,LEFT_HIP,0.4080280065536499,0.7161616086959839,0.038306187838315964,0,0
4,RIGHT_HIP,0.43437066674232483,0.7158834934234619,-0.0385921411216259,0,0
4,LEFT_KNEE,0.39425384998321533,0.7927970290184021,0.08191120624542236,0,0
4,RIGHT_KNEE,0.45895251631736755,0.7973857522010803,0.006094790995121002,0,0
4,LEFT_ANKLE,0.3791061043739319,0.8826996088027954,0.018369551748037338,0,0
4,RIGHT_ANKLE,0.45375320315361023,0.8982852697372437,-0.06367561221122742,0,0
4,LEFT_HEEL,0.3768935203552246,0.9004522562026978,0.01180475763976574,0,0
4,RIGHT_HEEL,0.4465525448322296,0.9179137945175171,-0.06904781609773636,0,0
4,LEFT_FOOT_INDEX,0.3802209794521332,0.8967282176017761,0.017849799245595932,0,0
4,RIGHT_FOOT_INDEX,0.47421661019325256,0.914488673210144,-0.068538598716259,0,0
5,NOSE,0.4347042739391327,0.5390124917030334,0.1569056361913681,0,0
5,LEFT_EYE_INNER,0.4319932758808136,0.5306107401847839,0.1468365490436554,0,0
5,LEFT_EYE,0.4304332435131073,0.5301461219787598,0.14687059819698334,0,0
5,LEFT_EYE_OUTER,0.4289623498916626,0.5297797322273254,0.14686571061611176,0,0
5,RIGHT_EYE_INNER,0.4356941878795624,0.5314475297927856,0.13962481915950775,0,0
5,RIGHT_EYE,0.4367770850658417,0.5314469337463379,0.1396292895078659,0,0
5,RIGHT_EYE_OUTER,0.437816321849823,0.5313462018966675,0.1395774632692337,0,0
5,LEFT_EAR,0.42479056119918823,0.5338473916053772,0.10520492494106293,0,0
5,RIGHT_EAR,0.4370083212852478,0.5347763299942017,0.07228688150644302,0,0
5,MOUTH_LEFT,0.43250223994255066,0.5449873805046082,0.1448085606098175,0,0
5,MOUTH_RIGHT,0.4359797239303589,0.5462139844894409,0.13573087751865387,0,0
5,LEFT_SHOULDER,0.40400853753089905,0.5759734511375427,0.11726221442222595,0,0
5,RIGHT_SHOULDER,0.4477355182170868,0.5817689895629883,0.017909174785017967,0,0
5,LEFT_ELBOW,0.4109545946121216,0.6256974935531616,0.2077304720878601,0,0
5,RIGHT_ELBOW,0.4555307924747467,0.653647780418396,0.07898036390542984,0,0
5,LEFT_WRIST,0.4276207685470581,0.6043688654899597,0.3236013650894165,0,0
5,RIGHT_WRIST,0.45074495673179626,0.6430188417434692,0.2081904113292694,0,0
5,LEFT_PINKY,0.42937883734703064,0.5977354049682617,0.3481016755104065,0,0
5,RIGHT_PINKY,0.45105090737342834,0.6395118832588196,0.22689656913280487,0,0
5,LEFT_INDEX,0.43316930532455444,0.5946963429450989,0.3481333553791046,0,0
5,RIGHT_INDEX,0.4459531605243683,0.6323117613792419,0.2269800305366516,0,0
5,LEFT_THUMB,0.4335877001285553,0.5967742800712585,0.32725203037261963,0,0
5,RIGHT_THUMB,0.4440106749534607,0.6333191394805908,0.21287815272808075,0,0
5,LEFT_HIP,0.4086717665195465,0.717575192451477,0.03803493455052376,0,0
5,RIGHT_HIP,0.435081422328949,0.7172158360481262,-0.03832266107201576,0,0
5,LEFT_KNEE,0.39453428983688354,0.7908962965011597,0.08833590894937515,0,0
5,RIGHT_KNEE,0.45980727672576904,0.7980479598045349,0.008089396171271801,0,0
5,LEFT_ANKLE,0.37881380319595337,0.8803380131721497,0.01912710815668106,0,0
5,RIGHT_ANKLE,0.4537225365638733,0.8984174728393555,-0.059562135487794876,0,0
5,LEFT_HEEL,0.3766990303993225,0.8972561359405518,0.012546154670417309,0,0
5,RIGHT_HEEL,0.4465537965297699,0.9177913069725037,-0.06488706171512604,0,0
5,LEFT_FOOT_INDEX,0.38001981377601624,0.8963284492492676,0.018493304029107094,0,0
5,RIGHT_FOOT_INDEX,0.4740796387195587,0.9145095348358154,-0.06429307907819748,0,0
6,NOSE,0.44206640124320984,0.5477791428565979,0.1543874442577362,0,0
6,LEFT_EYE_INNER,0.43936651945114136,0.539092481136322,0.14598055183887482,0,0
6,LEFT_EYE,0.4380132257938385,0.5386781096458435,0.1460411548614502,0,0
6,LEFT_EYE_OUTER,0.43665972352027893,0.5383248329162598,0.14602001011371613,0,0
6,RIGHT_EYE_INNER,0.4423995316028595,0.5395934581756592,0.13618531823158264,0,0
6,RIGHT_EYE,0.44315382838249207,0.5395205616950989,0.13618065416812897,0,0
6,RIGHT_EYE_OUTER,0.44383111596107483,0.539445161819458,0.13611502945423126,0,0
6,LEFT_EAR,0.4321286380290985,0.5420559048652649,0.10102197527885437,0,0
6,RIGHT_EAR,0.44208112359046936,0.5429602861404419,0.06527914851903915,0,0
6,MOUTH_LEFT,0.4397229552268982,0.5540267825126648,0.14459791779518127,0,0
6,MOUTH_RIGHT,0.4424497187137604,0.555145263671875,0.13132967054843903,0,0
6,LEFT_SHOULDER,0.409957617521286,0.5820376873016357,0.11066997796297073,0,0
6,RIGHT_SHOULDER,0.4511035978794098,0.5907236933708191,0.006304706912487745,0,0
6,LEFT_ELBOW,0.4130321145057678,0.6373398900032043,0.17155197262763977,0,0
6,RIGHT_ELBOW,0.45605456829071045,0.6671333312988281,0.06014811620116234,0,0
6,LEFT_WRIST,0.42639753222465515,0.6316289901733398,0.2421407550573349,0,0
6,RIGHT_WRIST,0.4507784843444824,0.6545986533164978,0.18269994854927063,0,0
6,LEFT_PINKY,0.42786458134651184,0.6303316354751587,0.2570144236087799,0,0
6,RIGHT_PINKY,0.4508536458015442,0.6515326499938965,0.19690148532390594,0,0
6,LEFT_INDEX,0.4316994547843933,0.6256036758422852,0.25613322854042053,0,0
6,RIGHT_INDEX,0.44601812958717346,0.6446340680122375,0.19592490792274475,0,0
6,LEFT_THUMB,0.4323020279407501,0.6263114213943481,0.24362607300281525,0,0
6,RIGHT_THUMB,0.4441264867782593,0.6454159617424011,0.1862037032842636,0,0
6,LEFT_HIP,0.4100310504436493,0.7189675569534302,0.04192236438393593,0,0
6,RIGHT_HIP,0.4351619482040405,0.7207343578338623,-0.042192064225673676,0,0
6,LEFT_KNEE,0.39663758873939514,0.7908114790916443,0.09933824837207794,0,0
6,RIGHT_KNEE,0.4638272225856781,0.7981493473052979,0.010451664216816425,0,0
6,LEFT_ANKLE,0.37880927324295044,0.8787007927894592,0.06017021834850311,0,0
6,RIGHT_ANKLE,0.4538078010082245,0.8983662128448486,-0.023768387734889984,0,0
6,LEFT_HEEL,0.37590792775154114,0.8959804773330688,0.056796811521053314,0,0
6,RIGHT_HEEL,0.44650164246559143,0.9173464179039001,-0.025250835344195366,0,0
6,LEFT_FOOT_INDEX,0.3824121654033661,0.8912774324417114,0.06480847299098969,0,0
6,RIGHT_FOOT_INDEX,0.47465085983276367,0.9145210385322571,-0.022280145436525345,0,0
7,NOSE,0.44453537464141846,0.5532679557800293,0.15014861524105072,0,0
7,LEFT_EYE_INNER,0.4414626657962799,0.5445795059204102,0.14201106131076813,0,0
7,LEFT_EYE,0.43990251421928406,0.5440922975540161,0.14203324913978577,0,0
7,LEFT_EYE_OUTER,0.43844226002693176,0.5436800122261047,0.142031729221344,0,0
7,RIGHT_EYE_INNER,0.4447782635688782,0.54526287317276,0.13217192888259888,0,0
7,RIGHT_EYE,0.44562795758247375,0.5452476739883423,0.1321755349636078,0,0
7,RIGHT_EYE_OUTER,0.4463943839073181,0.5452569723129272,0.13211505115032196,0,0
7,LEFT_EAR,0.43432924151420593,0.5471386313438416,0.09888149797916412,0,0
7,RIGHT_EAR,0.4448232054710388,0.5488202571868896,0.062288105487823486,0,0
7,MOUTH_LEFT,0.44196027517318726,0.5596743226051331,0.14023098349571228,0,0
7,MOUTH_RIGHT,0.4450167715549469,0.5608466863632202,0.12751588225364685,0,0
7,LEFT_SHOULDER,0.41277268528938293,0.5890358090400696,0.10755996406078339,0,0
7,RIGHT_SHOULDER,0.45159828662872314,0.5972882509231567,0.004462006501853466,0,0
7,LEFT_ELBOW,0.41410738229751587,0.6467189192771912,0.16327764093875885,0,0
7,RIGHT_ELBOW,0.4561316668987274,0.6734828352928162,0.052654169499874115,0,0
7,LEFT_WRIST,0.42589056491851807,0.6539420485496521,0.23445339500904083,0,0
7,RIGHT_WRIST,0.4498198628425598,0.6653741598129272,0.1627512276172638,0,0
7,LEFT_PINKY,0.4271675944328308,0.6558198928833008,0.24999959766864777,0,0
7,RIGHT_PINKY,0.4492034316062927,0.664818525314331,0.17562571167945862,0,0
7,LEFT_INDEX,0.43108266592025757,0.6508020758628845,0.24807414412498474,0,0
7,RIGHT_INDEX,0.4453354775905609,0.6576739549636841,0.17510972917079926,0,0
7,LEFT_THUMB,0.4318130910396576,0.6502996683120728,0.23568247258663177,0,0
7,RIGHT_THUMB,0.44345957040786743,0.6574604511260986,0.16613540053367615,0,0
7,LEFT_HIP,0.41052040457725525,0.7230539321899414,0.04110931605100632,0,0
7,RIGHT_HIP,0.43525171279907227,0.7266639471054077,-0.04137696325778961,0,0
7,LEFT_KNEE,0.3973386585712433,0.7928500175476074,0.09671003371477127,0,0
7,RIGHT_KNEE,0.4647785425186157,0.8007951378822327,0.02880176715552807,0,0
7,LEFT_ANKLE,0.3797779679298401,0.8810905814170837,0.0659041479229927,0,0
7,RIGHT_ANKLE,0.4540294110774994,0.8988288640975952,0.005072408821433783,0,0
7,LEFT_HEEL,0.37730100750923157,0.8977223634719849,0.06367181986570358,0,0
7,RIGHT_HEEL,0.4465312063694,0.917348325252533,0.004243302624672651,0,0
7,LEFT_FOOT_INDEX,0.38258516788482666,0.8920086026191711,0.07234130054712296,0,0
7,RIGHT_FOOT_INDEX,0.47483915090560913,0.9145188331604004,0.009196186438202858,0,0
8,NOSE,0.44727692008018494,0.557972252368927,0.14783766865730286,0,0
8,LEFT_EYE_INNER,0.44427236914634705,0.5491208434104919,0.14150649309158325,0,0
8,LEFT_EYE,0.44276145100593567,0.5485568046569824,0.14151717722415924,0,0
8,LEFT_EYE_OUTER,0.44130268692970276,0.5480598211288452,0.1415201723575592,0,0
8,RIGHT_EYE_INNER,0.4470021426677704,0.5499817728996277,0.13057352602481842,0,0
8,RIGHT_EYE,0.44761165976524353,0.5500437617301941,0.13057346642017365,0,0
8,RIGHT_EYE_OUTER,0.4481799900531769,0.5501366257667542,0.13051855564117432,0,0
8,LEFT_EAR,0.43653881549835205,0.5511597990989685,0.10441868007183075,0,0
8,RIGHT_EAR,0.4461559057235718,0.5534816384315491,0.062463294714689255,0,0
8,MOUTH_LEFT,0.4444896876811981,0.5644737482070923,0.13982439041137695,0,0
8,MOUTH_RIGHT,0.4471689760684967,0.5658624172210693,0.12584073841571808,0,0
8,LEFT_SHOULDER,0.4143195152282715,0.5933002829551697,0.11722750216722488,0,0
8,RIGHT_SHOULDER,0.45215904712677,0.6032588481903076,0.0035067920107394457,0,0
8,LEFT_ELBOW,0.4144289195537567,0.6550409197807312,0.18448561429977417,0,0
8,RIGHT_ELBOW,0.45593515038490295,0.6793680787086487,0.048653494566679,0,0
8,LEFT_WRIST,0.4266209304332733,0.6680066585540771,0.25442981719970703,0,0
8,RIGHT_WRIST,0.450361430644989,0.67082679271698,0.1558908373117447,0,0
8,LEFT_PINKY,0.4278232157230377,0.671065628528595,0.2778100073337555,0,0
8,RIGHT_PINKY,0.45038166642189026,0.6703659296035767,0.168376624584198,0,0
8,LEFT_INDEX,0.43179842829704285,0.6661168336868286,0.27895718812942505,0,0
8,RIGHT_INDEX,0.4466429054737091,0.6622387766838074,0.16808205842971802,0,0
8,LEFT_THUMB,0.4325394332408905,0.6650339961051941,0.2604263424873352,0,0
8,RIGHT_THUMB,0.44462817907333374,0.6619333028793335,0.15945889055728912,0,0
8,LEFT_HIP,0.41065841913223267,0.7262283563613892,0.043270088732242584,0,0
8,RIGHT_HIP,0.43520811200141907,0.7299314737319946,-0.043529052287340164,0,0
8,LEFT_KNEE,0.39763012528419495,0.7971064448356628,0.09438665956258774,0,0
8,RIGHT_KNEE,0.4659630358219147,0.8012191653251648,0.02391788549721241,0,0
8,LEFT_ANKLE,0.3800240457057953,0.8839678764343262,0.0616450272500515,0,0
8,RIGHT_ANKLE,0.454466313123703,0.8995587229728699,-0.005263821687549353,0,0
8,LEFT_HEEL,0.3775838315486908,0.8990952372550964,0.05889033153653145,0,0
8,RIGHT_HEEL,0.44673237204551697,0.9175452589988708,-0.00641693314537406,0,0
8,LEFT_FOOT_INDEX,0.38360121846199036,0.8943175673484802,0.06674633175134659,0,0
8,RIGHT_FOOT_INDEX,0.4761284291744232,0.9146299958229065,-0.0019219183595851064,0,0
9,NOSE,0.4487535357475281,0.5620307326316833,0.14351493120193481,0,0
9,LEFT_EYE_INNER,0.4461275041103363,0.5533317923545837,0.13780921697616577,0,0
9,LEFT_EYE,0.4447494447231293,0.5526707172393799,0.1378142088651657,0,0
9,LEFT_EYE_OUTER,0.44342342019081116,0.5520123839378357,0.13781170547008514,0,0
9,RIGHT_EYE_INNER,0.44857046008110046,0.5541067123413086,0.12651456892490387,0,0
9,RIGHT_EYE,0.4490695893764496,0.5540720820426941,0.12652048468589783,0,0
9,RIGHT_EYE_OUTER,0.44954413175582886,0.5539934039115906,0.12647327780723572,0,0
9,LEFT_EAR,0.4384423792362213,0.5547189116477966,0.10373759269714355,0,0
9,RIGHT_EAR,0.44724780321121216,0.5570650100708008,0.0589892715215683,0,0
9,MOUTH_LEFT,0.44595929980278015,0.5681424736976624,0.13596627116203308,0,0
9,MOUTH_RIGHT,0.4483600854873657,0.5693281888961792,0.12154841423034668,0,0
9,LEFT_SHOULDER,0.4147156774997711,0.5949593782424927,0.11773787438869476,0,0
9,RIGHT_SHOULDER,0.45242515206336975,0.6057891249656677,-0.0011955815134570003,0,0
9,LEFT_ELBOW,0.41481369733810425,0.6570156812667847,0.18488381803035736,0,0
9,RIGHT_ELBOW,0.45523086190223694,0.6830971837043762,0.0390593446791172,0,0
9,LEFT_WRIST,0.42642542719841003,0.6709211468696594,0.2615312337875366,0,0
9,RIGHT_WRIST,0.4528788924217224,0.6744455099105835,0.1349441111087799,0,0
9,LEFT_PINKY,0.4274906814098358,0.6742835640907288,0.27924174070358276,0,0
9,RIGHT_PINKY,0.4542103707790375,0.6738601326942444,0.14432768523693085,0,0
9,LEFT_INDEX,0.4315236210823059,0.6690000295639038,0.2765781581401825,0,0
9,RIGHT_INDEX,0.45073938369750977,0.6648631691932678,0.1447579562664032,0,0
9,LEFT_THUMB,0.4323117434978485,0.6677022576332092,0.26313844323158264,0,0
9,RIGHT_THUMB,0.4484318196773529,0.664475679397583,0.13841989636421204,0,0
9,LEFT_HIP,0.4108257591724396,0.7274444103240967,0.04474322125315666,0,0
9,RIGHT_HIP,0.43511614203453064,0.7309333682060242,-0.04495314508676529,0,0
9,LEFT_KNEE,0.39843934774398804,0.7992252707481384,0.09399957209825516,0,0
9,RIGHT_KNEE,0.46599212288856506,0.8011999726295471,0.013171335682272911,0,0
9,LEFT_ANKLE,0.3801228404045105,0.8859898447990417,0.06502413749694824,0,0
9,RIGHT_ANKLE,0.45518943667411804,0.899876058101654,-0.006525327917188406,0,0
9,LEFT_HEEL,0.37754520773887634,0.8997413516044617,0.06325604021549225,0,0
9,RIGHT_HEEL,0.44798895716667175,0.9178439974784851,-0.006747802719473839,0,0
9,LEFT_FOOT_INDEX,0.38416725397109985,0.8954344987869263,0.06934963911771774,0,0
9,RIGHT_FOOT_INDEX,0.47771161794662476,0.9149781465530396,-0.0037025350611656904,0,0
10,NOSE,0.4479597210884094,0.5618475079536438,0.1345527470111847,0,0
10,LEFT_EYE_INNER,0.44526249170303345,0.5532934069633484,0.12843123078346252,0,0
10,LEFT_EYE,0.443930059671402,0.5526971220970154,0.1284390091896057,0,0
10,LEFT_EYE_OUTER,0.44263210892677307,0.5521610975265503,0.12843090295791626,0,0
10,RIGHT_EYE_INNER,0.4481883943080902,0.5544459819793701,0.11758115887641907,0,0
10,RIGHT_EYE,0.4488156735897064,0.5545899271965027,0.11758753657341003,0,0
10,RIGHT_EYE_OUTER,0.4493929445743561,0.5547007918357849,0.11754347383975983,0,0
10,LEFT_EAR,0.4380508065223694,0.5555984973907471,0.10159389674663544,0,0
10,RIGHT_EAR,0.44740819931030273,0.5581771731376648,0.051814787089824677,0,0
10,MOUTH_LEFT,0.444975882768631,0.5682121515274048,0.12729468941688538,0,0
10,MOUTH_RIGHT,0.44784897565841675,0.5695719122886658,0.11329065263271332,0,0
10,LEFT_SHOULDER,0.4147471487522125,0.5945994853973389,0.11547435075044632,0,0
10,RIGHT_SHOULDER,0.4521198272705078,0.6067123413085938,-0.008033921010792255,0,0
10,LEFT_ELBOW,0.41452714800834656,0.6572955250740051,0.18470534682273865,0,0
10,RIGHT_ELBOW,0.4533073306083679,0.6840720176696777,0.01725749857723713,0,0
10,LEFT_WRIST,0.4265821576118469,0.6742099523544312,0.2587675452232361,0,0
10,RIGHT_WRIST,0.45688220858573914,0.6734976172447205,0.0891832485795021,0,0
10,LEFT_PINKY,0.42779865860939026,0.6781177520751953,0.2747918665409088,0,0
10,RIGHT_PINKY,0.46187958121299744,0.6687543392181396,0.09459833055734634,0,0
10,LEFT_INDEX,0.4320295453071594,0.6729868054389954,0.2696065902709961,0,0
10,RIGHT_INDEX,0.4593556821346283,0.662440836429596,0.09645874053239822,0,0
10,LEFT_THUMB,0.43277373909950256,0.6714453101158142,0.25868332386016846,0,0
10,RIGHT_THUMB,0.4567504823207855,0.6619830131530762,0.09266037493944168,0,0
10,LEFT_HIP,0.410975843667984,0.7282353043556213,0.04543176665902138,0,0
10,RIGHT_HIP,0.43482890725135803,0.7312727570533752,-0.045613374561071396,0,0
10,LEFT_KNEE,0.39901793003082275,0.7998817563056946,0.07883891463279724,0,0
10,RIGHT_KNEE,0.466330349445343,0.8014509677886963,0.0011028461158275604,0,0
10,LEFT_ANKLE,0.380302757024765,0.8868001103401184,0.06249166280031204,0,0
10,RIGHT_ANKLE,0.45557743310928345,0.9001874923706055,-0.007511941250413656,0,0
10,LEFT_HEEL,0.37792932987213135,0.9004737138748169,0.061389125883579254,0,0
10,RIGHT_HEEL,0.44916799664497375,0.9181244373321533,-0.0067588952369987965,0,0
10,LEFT_FOOT_INDEX,0.3837567865848541,0.8955063223838806,0.06490344554185867,0,0
10,RIGHT_FOOT_INDEX,0.4786556661128998,0.9148538708686829,-0.004548958502709866,0,0
11,NOSE,0.4484367370605469,0.5622971057891846,0.12970095872879028,0,0
11,LEFT_EYE_INNER,0.445657879114151,0.5534436702728271,0.12363433092832565,0,0
11,LEFT_EYE,0.4442952871322632,0.5527741312980652,0.12364309281110764,0,0
11,LEFT_EYE_OUTER,0.44290924072265625,0.5521270036697388,0.12363462895154953,0,0
11,RIGHT_EYE_INNER,0.4486418664455414,0.5546755194664001,0.1124805435538292,0,0
11,RIGHT_EYE,0.449290931224823,0.5547812581062317,0.11248434334993362,0,0
11,RIGHT_EYE_OUTER,0.4498715400695801,0.5548235774040222,0.11243755370378494,0,0
11,LEFT_EAR,0.438169926404953,0.5554825067520142,0.09807364642620087,0,0
11,RIGHT_EAR,0.4478377401828766,0.5581827759742737,0.046501681208610535,0,0
11,MOUTH_LEFT,0.4453023076057434,0.5686167478561401,0.12283380329608917,0,0
11,MOUTH_RIGHT,0.4481414556503296,0.5699563026428223,0.10842705518007278,0,0
11,LEFT_SHOULDER,0.4150741696357727,0.5946547389030457,0.114620141685009,0,0
11,RIGHT_SHOULDER,0.45180264115333557,0.6070091128349304,-0.012935011647641659,0,0
11,LEFT_ELBOW,0.41496604681015015,0.6582576036453247,0.18419067561626434,0,0
11,RIGHT_ELBOW,0.45286738872528076,0.6844924092292786,0.014210612513124943,0,0
11,LEFT_WRIST,0.42849841713905334,0.6704612374305725,0.2561442255973816,0,0
11,RIGHT_WRIST,0.4579426348209381,0.6726685166358948,0.09183589369058609,0,0
11,LEFT_PINKY,0.42996910214424133,0.6733802556991577,0.2717067003250122,0,0
11,RIGHT_PINKY,0.46317005157470703,0.6665763258934021,0.0978892371058464,0,0
11,LEFT_INDEX,0.4341951906681061,0.6680646538734436,0.26685625314712524,0,0
11,RIGHT_INDEX,0.4607814848423004,0.6610969305038452,0.09975680708885193,0,0
11,LEFT_THUMB,0.4348776042461395,0.6669414639472961,0.2559358775615692,0,0
11,RIGHT_THUMB,0.4583585560321808,0.6608415246009827,0.09545286744832993,0,0
11,LEFT_HIP,0.4110400378704071,0.7288410663604736,0.046571943908929825,0,0
11,RIGHT_HIP,0.43481874465942383,0.7318219542503357,-0.04674141854047775,0,0
11,LEFT_KNEE,0.39882516860961914,0.8008679747581482,0.08016569167375565,0,0
11,RIGHT_KNEE,0.4666271209716797,0.8024267554283142,-0.002876169979572296,0,0
11,LEFT_ANKLE,0.38041847944259644,0.8875362277030945,0.07229241728782654,0,0
11,RIGHT_ANKLE,0.4556143879890442,0.9007357358932495,-0.005129614844918251,0,0
11,LEFT_HEEL,0.3781234323978424,0.9009853005409241,0.07192763686180115,0,0
11,RIGHT_HEEL,0.44918572902679443,0.9184447526931763,-0.0035772151313722134,0,0
11,LEFT_FOOT_INDEX,0.3835459053516388,0.8956106901168823,0.07491341233253479,0,0
11,RIGHT_FOOT_INDEX,0.47894158959388733,0.9149456024169922,-0.001800108002498746,0,0
12,NOSE,0.4488576650619507,0.5610401034355164,0.11011992394924164,0,0
12,LEFT_EYE_INNER,0.4460260570049286,0.551802933216095,0.10308270156383514,0,0
12,LEFT_EYE,0.4447244703769684,0.5511683821678162,0.10309724509716034,0,0
12,LEFT_EYE_OUTER,0.44341737031936646,0.5505933165550232,0.10308730602264404,0,0
12,RIGHT_EYE_INNER,0.448985755443573,0.5531094670295715,0.09231338649988174,0,0
12,RIGHT_EYE,0.4496723413467407,0.5533028841018677,0.09232110530138016,0,0
12,RIGHT_EYE_OUTER,0.45027196407318115,0.5534629821777344,0.09228282421827316,0,0
12,LEFT_EAR,0.4388200044631958,0.5543588995933533,0.07545146346092224,0,0
12,RIGHT_EAR,0.4481515884399414,0.5570592284202576,0.02751530334353447,0,0
12,MOUTH_LEFT,0.4458383023738861,0.5676227807998657,0.1036023423075676,0,0
12,MOUTH_RIGHT,0.44854190945625305,0.5690383315086365,0.08977524191141129,0,0
12,LEFT_SHOULDER,0.41595908999443054,0.5940490365028381,0.10383237898349762,0,0
12,RIGHT_SHOULDER,0.4515891671180725,0.6078464388847351,-0.02745647542178631,0,0
12,LEFT_ELBOW,0.4154868721961975,0.6580308079719543,0.18575096130371094,0,0
12,RIGHT_ELBOW,0.45113474130630493,0.684761643409729,0.009675437584519386,0,0
12,LEFT_WRIST,0.43467026948928833,0.6603060960769653,0.25749513506889343,0,0
12,RIGHT_WRIST,0.45973584055900574,0.6690106987953186,0.09808040410280228,0,0
12,LEFT_PINKY,0.43763822317123413,0.657639741897583,0.273381769657135,0,0
12,RIGHT_PINKY,0.46493226289749146,0.6638963222503662,0.10579387098550797,0,0
12,LEFT_INDEX,0.44217708706855774,0.6513774394989014,0.2749529778957367,0,0
12,RIGHT_INDEX,0.4617803692817688,0.658194899559021,0.1071322113275528,0,0
12,LEFT_THUMB,0.4423476457595825,0.6528982520103455,0.26003754138946533,0,0
12,RIGHT_THUMB,0.4604997932910919,0.6578920483589172,0.10189961642026901,0,0
12,LEFT_HIP,0.41092488169670105,0.7285259962081909,0.047486562281847,0,0
12,RIGHT_HIP,0.43464183807373047,0.7314947843551636,-0.04766856133937836,0,0
12,LEFT_KNEE,0.39867621660232544,0.8005926012992859,0.08922422677278519,0,0
12,RIGHT_KNEE,0.4661109745502472,0.8026549220085144,-0.005189195740967989,0,0
12,LEFT_ANKLE,0.3806493580341339,0.8880191445350647,0.08772098273038864,0,0
12,RIGHT_ANKLE,0.45568764209747314,0.9007927179336548,-0.006342856213450432,0,0
12,LEFT_HEEL,0.3784107565879822,0.9014313817024231,0.08834584057331085,0,0
12,RIGHT_HEEL,0.4494636356830597,0.9184369444847107,-0.004385258071124554,0,0
12,LEFT_FOOT_INDEX,0.3834182024002075,0.8956769108772278,0.09319789707660675,0,0
12,RIGHT_FOOT_INDEX,0.47909048199653625,0.9147109389305115,-0.0011940541444346309,0,0
13,NOSE,0.4494289755821228,0.5617080330848694,0.0951448529958725,0,0
13,LEFT_EYE_INNER,0.44672948122024536,0.5520157814025879,0.08981785178184509,0,0
13,LEFT_EYE,0.4454396665096283,0.551271915435791,0.08983109891414642,0,0
13,LEFT_EYE_OUTER,0.44410112500190735,0.5506185293197632,0.0898248702287674,0,0
13,RIGHT_EYE_INNER,0.44940614700317383,0.5534191727638245,0.07716847211122513,0,0
13,RIGHT_EYE,0.4499892294406891,0.5535728335380554,0.07717442512512207,0,0
13,RIGHT_EYE_OUTER,0.45047882199287415,0.5536900758743286,0.07713208347558975,0,0
13,LEFT_EAR,0.43939390778541565,0.5542730689048767,0.06876032054424286,0,0
13,RIGHT_EAR,0.4479709267616272,0.556904673576355,0.012706815265119076,0,0
13,MOUTH_LEFT,0.4462560713291168,0.5680936574935913,0.09117838740348816,0,0
13,MOUTH_RIGHT,0.44875404238700867,0.5695555806159973,0.07484433054924011,0,0
13,LEFT_SHOULDER,0.4165315330028534,0.5933898091316223,0.10054566711187363,0,0
13,RIGHT_SHOULDER,0.45077407360076904,0.6065734028816223,-0.040933750569820404,0,0
13,LEFT_ELBOW,0.41685131192207336,0.6563050150871277,0.18542879819869995,0,0
13,RIGHT_ELBOW,0.4503951370716095,0.6830677390098572,-0.0031071873381733894,0,0
13,LEFT_WRIST,0.43969032168388367,0.6554609537124634,0.2556299865245819,0,0
13,RIGHT_WRIST,0.4594701826572418,0.6676246523857117,0.09384127706289291,0,0
13,LEFT_PINKY,0.44361236691474915,0.6509526371955872,0.2720165252685547,0,0
13,RIGHT_PINKY,0.4652598798274994,0.6626935005187988,0.10213299840688705,0,0
13,LEFT_INDEX,0.44782769680023193,0.6444115042686462,0.267587274312973,0,0
13,RIGHT_INDEX,0.4625033736228943,0.6566697955131531,0.10347887128591537,0,0
13,LEFT_THUMB,0.4475444555282593,0.646622359752655,0.2556004226207733,0,0
13,RIGHT_THUMB,0.4609490931034088,0.6564143300056458,0.09800135344266891,0,0
13,LEFT_HIP,0.410855233669281,0.7279477715492249,0.04934072121977806,0,0
13,RIGHT_HIP,0.43403664231300354,0.7307221293449402,-0.0495339035987854,0,0
13,LEFT_KNEE,0.39858782291412354,0.8003430962562561,0.10009601712226868,0,0
13,RIGHT_KNEE,0.46573516726493835,0.8026913404464722,-0.002366884145885706,0,0
13,LEFT_ANKLE,0.38090845942497253,0.8883638978004456,0.10460059344768524,0,0
13,RIGHT_ANKLE,0.45566675066947937,0.9007769227027893,0.00326261087320745,0,0
13,LEFT_HEEL,0.3785182535648346,0.9016811847686768,0.10597493499517441,0,0
13,RIGHT_HEEL,0.4494088292121887,0.9184053540229797,0.0062010884284973145,0,0
13,LEFT_FOOT_INDEX,0.38329997658729553,0.8963362574577332,0.11140380054712296,0,0
13,RIGHT_FOOT_INDEX,0.47896337509155273,0.9147109985351562,0.009651447646319866,0,0
14,NOSE,0.4489964544773102,0.5604894161224365,0.08253373950719833,0,0
14,LEFT_EYE_INNER,0.4463043808937073,0.5513654351234436,0.07770204544067383,0,0
14,LEFT_EYE,0.44503358006477356,0.5507743954658508,0.07772209495306015,0,0
14,LEFT_EYE_OUTER,0.44375693798065186,0.5502710342407227,0.07771582156419754,0,0
14,RIGHT_EYE_INNER,0.44875746965408325,0.5525487065315247,0.06453074514865875,0,0
14,RIGHT_EYE,0.4492737948894501,0.5526609420776367,0.06453821063041687,0,0
14,RIGHT_EYE_OUTER,0.44973984360694885,0.552743136882782,0.0644962340593338,0,0
14,LEFT_EAR,0.4391462206840515,0.5540486574172974,0.06067227944731712,0,0
14,RIGHT_EAR,0.4472927451133728,0.5561367273330688,0.001950679812580347,0,0
14,MOUTH_LEFT,0.44593584537506104,0.5667174458503723,0.08014719188213348,0,0
14,MOUTH_RIGHT,0.44826096296310425,0.5680875182151794,0.0630144402384758,0,0
14,LEFT_SHOULDER,0.41628408432006836,0.592162549495697,0.09693118184804916,0,0
14,RIGHT_SHOULDER,0.4487054944038391,0.6050572395324707,-0.05058643966913223,0,0
14,LEFT_ELBOW,0.4195067584514618,0.655329704284668,0.18519994616508484,0,0
14,RIGHT_ELBOW,0.448209673166275,0.6827409863471985,-0.01294443104416132,0,0
14,LEFT_WRIST,0.44622400403022766,0.6428125500679016,0.25518354773521423,0,0
14,RIGHT_WRIST,0.4591960608959198,0.6674402356147766,0.08652437478303909,0,0
14,LEFT_PINKY,0.4514012634754181,0.6373681426048279,0.27119988203048706,0,0
14,RIGHT_PINKY,0.46615010499954224,0.6613993644714355,0.09416460990905762,0,0
14,LEFT_INDEX,0.4553189277648926,0.6317934989929199,0.2650321424007416,0,0
14,RIGHT_INDEX,0.4646014869213104,0.6560236811637878,0.09478535503149033,0,0
14,LEFT_THUMB,0.45446789264678955,0.6343739628791809,0.25426197052001953,0,0
14,RIGHT_THUMB,0.4621887803077698,0.6559098958969116,0.09057562798261642,0,0
14,LEFT_HIP,0.41055774688720703,0.7272008657455444,0.04963136091828346,0,0
14,RIGHT_HIP,0.4333432614803314,0.730563759803772,-0.049819327890872955,0,0
14,LEFT_KNEE,0.3985253572463989,0.8001888990402222,0.10681113600730896,0,0
14,RIGHT_KNEE,0.46399033069610596,0.8025496006011963,-8.537543180864304e-05,0,0
14,LEFT_ANKLE,0.380927175283432,0.888389527797699,0.12755082547664642,0,0
14,RIGHT_ANKLE,0.45564162731170654,0.900749683380127,0.01705453172326088,0,0
14,LEFT_HEEL,0.3785141110420227,0.9017622470855713,0.13058651983737946,0,0
14,RIGHT_HEEL,0.44941970705986023,0.9182864427566528,0.020814310759305954,0,0
14,LEFT_FOOT_INDEX,0.38336342573165894,0.8963147401809692,0.1351291537284851,0,0
14,RIGHT_FOOT_INDEX,0.47886332869529724,0.9146440625190735,0.02137526497244835,0,0
15,NOSE,0.4484722316265106,0.5558367967605591,0.07805642485618591,0,0
15,LEFT_EYE_INNER,0.4456747770309448,0.546400785446167,0.07336197048425674,0,0
15,LEFT_EYE,0.44440412521362305,0.5457267761230469,0.0733744278550148,0,0
15,LEFT_EYE_OUTER,0.4431271255016327,0.5451750755310059,0.07337132841348648,0,0
15,RIGHT_EYE_INNER,0.4481780230998993,0.547703206539154,0.060316480696201324,0,0
15,RIGHT_EYE,0.44870245456695557,0.5478660464286804,0.060319121927022934,0,0
15,RIGHT_EYE_OUTER,0.449190229177475,0.5480724573135376,0.06027378514409065,0,0
15,LEFT_EAR,0.4386361539363861,0.5488165020942688,0.05722641944885254,0,0
15,RIGHT_EAR,0.4468858540058136,0.5512795448303223,-0.0012148133246228099,0,0
15,MOUTH_LEFT,0.44544509053230286,0.563016414642334,0.07576112449169159,0,0
15,MOUTH_RIGHT,0.44782087206840515,0.5645539164543152,0.05880105867981911,0,0
15,LEFT_SHOULDER,0.4164450466632843,0.5878565311431885,0.08896332234144211,0,0
15,RIGHT_SHOULDER,0.44722217321395874,0.6039315462112427,-0.057000599801540375,0,0
15,LEFT_ELBOW,0.4190047085285187,0.6547403335571289,0.15772895514965057,0,0
15,RIGHT_ELBOW,0.44541576504707336,0.6771881580352783,-0.028387777507305145,0,0
15,LEFT_WRIST,0.441672682762146,0.6504515409469604,0.19689851999282837,0,0
15,RIGHT_WRIST,0.45852482318878174,0.6664693355560303,0.060554925352334976,0,0
15,LEFT_PINKY,0.44658783078193665,0.6508929133415222,0.2064218372106552,0,0
15,RIGHT_PINKY,0.4656722843647003,0.6608889102935791,0.06487642228603363,0,0
15,LEFT_INDEX,0.4504857659339905,0.6443461179733276,0.19793425500392914,0,0
15,RIGHT_INDEX,0.4645984470844269,0.6554189324378967,0.0658717229962349,0,0
15,LEFT_THUMB,0.44982901215553284,0.6444858908653259,0.1937456578016281,0,0
15,RIGHT_THUMB,0.46203526854515076,0.6555312871932983,0.06423257291316986,0,0
15,LEFT_HIP,0.40984269976615906,0.7238031625747681,0.04969022050499916,0,0
15,RIGHT_HIP,0.43247753381729126,0.7276601791381836,-0.04982643574476242,0,0
15,LEFT_KNEE,0.3984468877315521,0.7999687194824219,0.1046123206615448,0,0
15,RIGHT_KNEE,0.462374210357666,0.8016403913497925,-0.015538976527750492,0,0
15,LEFT_ANKLE,0.38093867897987366,0.8884037137031555,0.11397155374288559,0,0
15,RIGHT_ANKLE,0.4556291401386261,0.9007402658462524,0.005305456463247538,0,0
15,LEFT_HEEL,0.3785061538219452,0.9019243717193604,0.11633860319852829,0,0
15,RIGHT_HEEL,0.4494820535182953,0.9182433485984802,0.00734202703461051,0,0
15,LEFT_FOOT_INDEX,0.3834744989871979,0.896341860294342,0.1172058954834938,0,0
15,RIGHT_FOOT_INDEX,0.4785645604133606,0.9143251776695251,0.011303449980914593,0,0
16,NOSE,0.4480557441711426,0.553071916103363,0.07976950705051422,0,0
16,LEFT_EYE_INNER,0.4452373683452606,0.5437996983528137,0.07473087310791016,0,0
16,LEFT_EYE,0.4439642131328583,0.5431452393531799,0.07474525272846222,0,0
16,LEFT_EYE_OUTER,0.44267788529396057,0.542613685131073,0.07474235445261002,0,0
16,RIGHT_EYE_INNER,0.4477885365486145,0.5450630187988281,0.061854686588048935,0,0
16,RIGHT_EYE,0.4483298361301422,0.5452415347099304,0.06185781955718994,0,0
16,RIGHT_EYE_OUTER,0.44884011149406433,0.5454890131950378,0.061811719089746475,0,0
16,LEFT_EAR,0.43824711441993713,0.546319842338562,0.05765710771083832,0,0
16,RIGHT_EAR,0.4466298520565033,0.5486583709716797,-5.59265936317388e-05,0,0
16,MOUTH_LEFT,0.445040762424469,0.5605800747871399,0.07720721513032913,0,0
16,MOUTH_RIGHT,0.44748738408088684,0.5621280074119568,0.06045084819197655,0,0
16,LEFT_SHOULDER,0.41655686497688293,0.5860981345176697,0.08906354755163193,0,0
16,RIGHT_SHOULDER,0.4466066360473633,0.6021499037742615,-0.056561730802059174,0,0
16,LEFT_ELBOW,0.418186753988266,0.654653012752533,0.15855951607227325,0,0
16,RIGHT_ELBOW,0.4447533190250397,0.6743590831756592,-0.026316119357943535,0,0
16,LEFT_WRIST,0.4417417645454407,0.6499701738357544,0.20031000673770905,0,0
16,RIGHT_WRIST,0.4581505358219147,0.665956437587738,0.06564249843358994,0,0
16,LEFT_PINKY,0.44706907868385315,0.6507013440132141,0.21036392450332642,0,0
16,RIGHT_PINKY,0.46526584029197693,0.6607006788253784,0.07060467451810837,0,0
16,LEFT_INDEX,0.4510367214679718,0.6436563730239868,0.2023918181657791,0,0
16,RIGHT_INDEX,0.4640060365200043,0.6549618244171143,0.07152990251779556,0,0
16,LEFT_THUMB,0.45027369260787964,0.643754243850708,0.19745519757270813,0,0
16,RIGHT_THUMB,0.4616646468639374,0.6552415490150452,0.0693892315030098,0,0
16,LEFT_HIP,0.40940549969673157,0.7223369479179382,0.04987068474292755,0,0
16,RIGHT_HIP,0.4320117235183716,0.7260321974754333,-0.049988631159067154,0,0
16,LEFT_KNEE,0.3984137773513794,0.7996817231178284,0.09952712804079056,0,0
16,RIGHT_KNEE,0.4613268971443176,0.8009174466133118,-0.015693606808781624,0,0
16,LEFT_ANKLE,0.3809414803981781,0.8884192705154419,0.11596352607011795,0,0
16,RIGHT_ANKLE,0.4556174576282501,0.9007214307785034,0.003163739573210478,0,0
16,LEFT_HEEL,0.3784828186035156,0.902053713798523,0.1186034306883812,0,0
16,RIGHT_HEEL,0.44951000809669495,0.9181541204452515,0.006001473404467106,0,0
16,LEFT_FOOT_INDEX,0.38358819484710693,0.8963606357574463,0.11972249299287796,0,0
16,RIGHT_FOOT_INDEX,0.47822263836860657,0.9141188859939575,0.005769426468759775,0,0
17,NOSE,0.4477372467517853,0.547529935836792,0.06190931424498558,0,0
17,LEFT_EYE_INNER,0.44493529200553894,0.538786768913269,0.05664960294961929,0,0
17,LEFT_EYE,0.4436447024345398,0.5381621718406677,0.05666814371943474,0,0
17,LEFT_EYE_OUTER,0.44234994053840637,0.5376920104026794,0.05666154995560646,0,0
17,RIGHT_EYE_INNER,0.4475767910480499,0.540222704410553,0.04346229135990143,0,0
17,RIGHT_EYE,0.44814786314964294,0.5405397415161133,0.04347215220332146,0,0
17,RIGHT_EYE_OUTER,0.44867655634880066,0.5408689975738525,0.04343771934509277,0,0
17,LEFT_EAR,0.437924861907959,0.5417430996894836,0.042241111397743225,0,0
17,RIGHT_EAR,0.44646045565605164,0.5442723631858826,-0.017161229625344276,0,0
17,MOUTH_LEFT,0.4447517693042755,0.5545011758804321,0.060429953038692474,0,0
17,MOUTH_RIGHT,0.447256475687027,0.556033194065094,0.04320620745420456,0,0
17,LEFT_SHOULDER,0.4184231460094452,0.5827475190162659,0.08082103729248047,0,0
17,RIGHT_SHOULDER,0.44632431864738464,0.5974448919296265,-0.07246105372905731,0,0
17,LEFT_ELBOW,0.4212712049484253,0.6515496969223022,0.14212682843208313,0,0
17,RIGHT_ELBOW,0.4432239234447479,0.6694876551628113,-0.04804001376032829,0,0
17,LEFT_WRIST,0.4564518928527832,0.6358036398887634,0.16579365730285645,0,0
17,RIGHT_WRIST,0.46092814207077026,0.6609955430030823,0.037286385893821716,0,0
17,LEFT_PINKY,0.46487680077552795,0.6307167410850525,0.17207075655460358,0,0
17,RIGHT_PINKY,0.46912553906440735,0.6561383008956909,0.0385344959795475,0,0
17,LEFT_INDEX,0.4692888855934143,0.6254594922065735,0.16281190514564514,0,0
17,RIGHT_INDEX,0.4686315953731537,0.6494408249855042,0.03964506834745407,0,0
17,LEFT_THUMB,0.46700313687324524,0.6279008388519287,0.1616365611553192,0,0
17,RIGHT_THUMB,0.4659877419471741,0.649644672870636,0.04074258357286453,0,0
17,LEFT_HIP,0.40919792652130127,0.7186462879180908,0.05164331570267677,0,0
17,RIGHT_HIP,0.43146762251853943,0.722133457660675,-0.05170273035764694,0,0
17,LEFT_KNEE,0.3985420763492584,0.7992329001426697,0.10005978494882584,0,0
17,RIGHT_KNEE,0.45999667048454285,0.799551784992218,-0.012898225337266922,0,0
17,LEFT_ANKLE,0.380937397480011,0.8885313868522644,0.13523165881633759,0,0
17,RIGHT_ANKLE,0.4553908705711365,0.9001159071922302,0.02400616928935051,0,0
17,LEFT_HEEL,0.37847739458084106,0.9022820591926575,0.13905803859233856,0,0
17,RIGHT_HEEL,0.4494559168815613,0.9174748659133911,0.028882723301649094,0,0
17,LEFT_FOOT_INDEX,0.38366299867630005,0.896428108215332,0.1390608847141266,0,0
17,RIGHT_FOOT_INDEX,0.4781370162963867,0.9132209420204163,0.026461336761713028,0,0
18,NOSE,0.4483200013637543,0.5422924757003784,0.04020288214087486,0,0
18,LEFT_EYE_INNER,0.4452751874923706,0.5339990258216858,0.036404263228178024,0,0
18,LEFT_EYE,0.44405171275138855,0.5335566401481628,0.03641430288553238,0,0
18,LEFT_EYE_OUTER,0.4427994191646576,0.5332461595535278,0.03640710189938545,0,0
18,RIGHT_EYE_INNER,0.4476296305656433,0.5351144075393677,0.021559489890933037,0,0
18,RIGHT_EYE,0.44810569286346436,0.5353990197181702,0.02156960591673851,0,0
18,RIGHT_EYE_OUTER,0.44856879115104675,0.5357508659362793,0.021539706736803055,0,0
18,LEFT_EAR,0.4382561445236206,0.5374040603637695,0.02933690883219242,0,0
18,RIGHT_EAR,0.4463423788547516,0.539691150188446,-0.037457797676324844,0,0
18,MOUTH_LEFT,0.44545432925224304,0.5495010018348694,0.0413861908018589,0,0
18,MOUTH_RIGHT,0.4475909471511841,0.5507466793060303,0.022024141624569893,0,0
18,LEFT_SHOULDER,0.42008644342422485,0.5792728066444397,0.07456157356500626,0,0
18,RIGHT_SHOULDER,0.44579893350601196,0.5937353372573853,-0.09097710996866226,0,0
18,LEFT_ELBOW,0.4226903021335602,0.646733283996582,0.1376071572303772,0,0
18,RIGHT_ELBOW,0.44285085797309875,0.6645276546478271,-0.07568802684545517,0,0
18,LEFT_WRIST,0.46061524748802185,0.6348173022270203,0.15358851850032806,0,0
18,RIGHT_WRIST,0.4649375379085541,0.6569565534591675,-0.0034185736440122128,0,0
18,LEFT_PINKY,0.46978914737701416,0.6305394768714905,0.15838328003883362,0,0
18,RIGHT_PINKY,0.47301027178764343,0.6530885100364685,-0.0067838882096111774,0,0
18,LEFT_INDEX,0.47438153624534607,0.6254158020019531,0.14602507650852203,0,0
18,RIGHT_INDEX,0.4729193150997162,0.6455776691436768,-0.005329661536961794,0,0
18,LEFT_THUMB,0.47186198830604553,0.627601146697998,0.14784637093544006,0,0
18,RIGHT_THUMB,0.47019654512405396,0.6456236839294434,-0.0003002079320140183,0,0
18,LEFT_HIP,0.40891972184181213,0.7153404951095581,0.05460027605295181,0,0
18,RIGHT_HIP,0.43109130859375,0.7196236252784729,-0.05463673546910286,0,0
18,LEFT_KNEE,0.39875513315200806,0.7985392808914185,0.1151101365685463,0,0
18,RIGHT_KNEE,0.459317147731781,0.7985459566116333,-0.015087766572833061,0,0
18,LEFT_ANKLE,0.38095229864120483,0.8884809613227844,0.1653183251619339,0,0
18,RIGHT_ANKLE,0.45262959599494934,0.9000457525253296,0.03183845058083534,0,0
18,LEFT_HEEL,0.37847188115119934,0.9022981524467468,0.1702471822500229,0,0
18,RIGHT_HEEL,0.4463196396827698,0.917472243309021,0.03752685338258743,0,0
18,LEFT_FOOT_INDEX,0.3837216794490814,0.8964277505874634,0.1694038063287735,0,0
18,RIGHT_FOOT_INDEX,0.47648555040359497,0.9130795001983643,0.03334387019276619,0,0
19,NOSE,0.44830167293548584,0.5408757925033569,0.0524471253156662,0,0
19,LEFT_EYE_INNER,0.4452112913131714,0.5326118469238281,0.04775075614452362,0,0
19,LEFT_EYE,0.4439705014228821,0.5321739912033081,0.04776263236999512,0,0
19,LEFT_EYE_OUTER,0.44267982244491577,0.5318906307220459,0.04775675758719444,0,0
19,RIGHT_EYE_INNER,0.4475638270378113,0.5337802171707153,0.03378206118941307,0,0
19,RIGHT_EYE,0.44803085923194885,0.5340952277183533,0.033790938556194305,0,0
19,RIGHT_EYE_OUTER,0.4484861195087433,0.5344731211662292,0.03375501558184624,0,0
19,LEFT_EAR,0.4381899833679199,0.5362556576728821,0.035752519965171814,0,0
19,RIGHT_EAR,0.4462966322898865,0.5386068820953369,-0.02713167667388916,0,0
19,MOUTH_LEFT,0.4453938901424408,0.5481989979743958,0.051795464009046555,0,0
19,MOUTH_RIGHT,0.4475875198841095,0.5493435859680176,0.03359299898147583,0,0
19,LEFT_SHOULDER,0.42083659768104553,0.5777807235717773,0.07759176939725876,0,0
19,RIGHT_SHOULDER,0.4457767605781555,0.5925403833389282,-0.08202982693910599,0,0
19,LEFT_ELBOW,0.42387455701828003,0.6452634334564209,0.13843639194965363,0,0
19,RIGHT_ELBOW,0.44286710023880005,0.663649320602417,-0.06270117312669754,0,0
19,LEFT_WRIST,0.4609600007534027,0.6345134973526001,0.15353456139564514,0,0
19,RIGHT_WRIST,0.4646788537502289,0.6553298234939575,0.01413461472839117,0,0
19,LEFT_PINKY,0.46979236602783203,0.6305838227272034,0.15829862654209137,0,0
19,RIGHT_PINKY,0.4727129638195038,0.6516445875167847,0.012392415665090084,0,0
19,LEFT_INDEX,0.47441646456718445,0.6253609657287598,0.14674441516399384,0,0
19,RIGHT_INDEX,0.47271019220352173,0.6437035799026489,0.013611005619168282,0,0
19,LEFT_THUMB,0.47203806042671204,0.6274224519729614,0.14811088144779205,0,0
19,RIGHT_THUMB,0.46991074085235596,0.6437330842018127,0.017219843342900276,0,0
19,LEFT_HIP,0.40884849429130554,0.7142917513847351,0.05452774837613106,0,0
19,RIGHT_HIP,0.4310728907585144,0.7184062600135803,-0.054569292813539505,0,0
19,LEFT_KNEE,0.3994092643260956,0.7979570031166077,0.10953585803508759,0,0
19,RIGHT_KNEE,0.45920321345329285,0.7979300618171692,-0.015357401221990585,0,0
19,LEFT_ANKLE,0.3809623718261719,0.8883405327796936,0.15226306021213531,0,0
19,RIGHT_ANKLE,0.45155858993530273,0.8997855186462402,0.029844310134649277,0,0
19,LEFT_HEEL,0.3784046769142151,0.902315616607666,0.1565101146697998,0,0
19,RIGHT_HEEL,0.444944828748703,0.9174079298973083,0.03522178903222084,0,0
19,LEFT_FOOT_INDEX,0.38380154967308044,0.8966245651245117,0.15540830790996552,0,0
19,RIGHT_FOOT_INDEX,0.47565656900405884,0.9130429029464722,0.03139184042811394,0,0
20,NOSE,0.44883859157562256,0.53974848985672,0.04710608720779419,0,0
20,LEFT_EYE_INNER,0.4456951320171356,0.531543493270874,0.042775578796863556,0,0
20,LEFT_EYE,0.4444590210914612,0.5311092138290405,0.04278678819537163,0,0
20,LEFT_EYE_OUTER,0.4431908428668976,0.5308483839035034,0.04277725890278816,0,0
20,RIGHT_EYE_INNER,0.4480271637439728,0.5327820181846619,0.028880907222628593,0,0
20,RIGHT_EYE,0.44847142696380615,0.5331311225891113,0.028896909207105637,0,0
20,RIGHT_EYE_OUTER,0.4489026665687561,0.533532977104187,0.028856979683041573,0,0
20,LEFT_EAR,0.43888166546821594,0.5353074073791504,0.03213844820857048,0,0
20,RIGHT_EAR,0.4467464089393616,0.5377041101455688,-0.030226610600948334,0,0
20,MOUTH_LEFT,0.4459429383277893,0.5468704700469971,0.04685193672776222,0,0
20,MOUTH_RIGHT,0.44811946153640747,0.5480068922042847,0.028800100088119507,0,0
20,LEFT_SHOULDER,0.4223383665084839,0.576419472694397,0.07791994512081146,0,0
20,RIGHT_SHOULDER,0.44585689902305603,0.5906802415847778,-0.08639717847108841,0,0
20,LEFT_ELBOW,0.423610121011734,0.643212616443634,0.14657574892044067,0,0
20,RIGHT_ELBOW,0.4427405595779419,0.6617236733436584,-0.07573952525854111,0,0
20,LEFT_WRIST,0.4590173661708832,0.6344054937362671,0.17385870218276978,0,0
20,RIGHT_WRIST,0.46446365118026733,0.6555251479148865,-0.015074221417307854,0,0
20,LEFT_PINKY,0.46731317043304443,0.6313059329986572,0.18053683638572693,0,0
20,RIGHT_PINKY,0.4721035957336426,0.6519809365272522,-0.019578956067562103,0,0
20,LEFT_INDEX,0.4720380902290344,0.6258494853973389,0.16855734586715698,0,0
20,RIGHT_INDEX,0.47204795479774475,0.6440237164497375,-0.01858232170343399,0,0
20,LEFT_THUMB,0.46987006068229675,0.6275029182434082,0.16865865886211395,0,0
20,RIGHT_THUMB,0.46932804584503174,0.6439842581748962,-0.012557833455502987,0,0
20,LEFT_HIP,0.4092172086238861,0.7124334573745728,0.05563146993517876,0,0
20,RIGHT_HIP,0.4310985803604126,0.7165914177894592,-0.055652666836977005,0,0
20,LEFT_KNEE,0.4003615081310272,0.7973421216011047,0.10620512813329697,0,0
20,RIGHT_KNEE,0.45874661207199097,0.7979181408882141,-0.018472356721758842,0,0
20,LEFT_ANKLE,0.38109883666038513,0.8876292109489441,0.1382559984922409,0,0
20,RIGHT_ANKLE,0.4455000162124634,0.899345338344574,0.02627064473927021,0,0
20,LEFT_HEEL,0.37832117080688477,0.9016643762588501,0.14163541793823242,0,0
20,RIGHT_HEEL,0.4370158314704895,0.9158232808113098,0.031533870846033096,0,0
20,LEFT_FOOT_INDEX,0.38440391421318054,0.89822918176651,0.138540118932724,0,0
20,RIGHT_FOOT_INDEX,0.4684940576553345,0.9130473732948303,0.02812882885336876,0,0
21,NOSE,0.44973236322402954,0.5390422940254211,0.04425978660583496,0,0
21,LEFT_EYE_INNER,0.44658932089805603,0.5306634902954102,0.03958364576101303,0,0
21,LEFT_EYE,0.4452705979347229,0.5301960706710815,0.03958241268992424,0,0
21,LEFT_EYE_OUTER,0.44396570324897766,0.5299360752105713,0.03956902399659157,0,0
21,RIGHT_EYE_INNER,0.44911277294158936,0.5321275591850281,0.025822920724749565,0,0
21,RIGHT_EYE,0.4496019184589386,0.5325643420219421,0.025836633518338203,0,0
21,RIGHT_EYE_OUTER,0.4500617980957031,0.5330310463905334,0.025796983391046524,0,0
21,LEFT_EAR,0.43986424803733826,0.5346177816390991,0.027224039658904076,0,0
21,RIGHT_EAR,0.447880357503891,0.5372921228408813,-0.03447108343243599,0,0
21,MOUTH_LEFT,0.4466824233531952,0.5461615920066833,0.04324692115187645,0,0
21,MOUTH_RIGHT,0.4490199685096741,0.5473862886428833,0.025482429191470146,0,0
21,LEFT_SHOULDER,0.42326146364212036,0.5760734677314758,0.06992541253566742,0,0
21,RIGHT_SHOULDER,0.4461424946784973,0.5906351804733276,-0.08763674646615982,0,0
21,LEFT_ELBOW,0.42265892028808594,0.6423414349555969,0.12624353170394897,0,0
21,RIGHT_ELBOW,0.4432360529899597,0.6625710129737854,-0.08013718575239182,0,0
21,LEFT_WRIST,0.45627403259277344,0.6391798853874207,0.13665898144245148,0,0
21,RIGHT_WRIST,0.4651338756084442,0.6558598875999451,-0.027328331023454666,0,0
21,LEFT_PINKY,0.4642486572265625,0.6389321684837341,0.13883669674396515,0,0
21,RIGHT_PINKY,0.47326627373695374,0.6521823406219482,-0.032967641949653625,0,0
21,LEFT_INDEX,0.4691697657108307,0.6322008967399597,0.12657903134822845,0,0
21,RIGHT_INDEX,0.4732121527194977,0.6441965699195862,-0.03229702264070511,0,0
21,LEFT_THUMB,0.46720680594444275,0.6326976418495178,0.1305992156267166,0,0
21,RIGHT_THUMB,0.470580518245697,0.6441898345947266,-0.025345124304294586,0,0
21,LEFT_HIP,0.41084372997283936,0.7114697098731995,0.05475916713476181,0,0
21,RIGHT_HIP,0.43149691820144653,0.7163077592849731,-0.05478682368993759,0,0
21,LEFT_KNEE,0.4028506577014923,0.796554684638977,0.10441525280475616,0,0
21,RIGHT_KNEE,0.45816466212272644,0.798542320728302,-0.02195882797241211,0,0
21,LEFT_ANKLE,0.3815341889858246,0.8852722644805908,0.1434919536113739,0,0
21,RIGHT_ANKLE,0.4435180127620697,0.8997620940208435,0.021677426993846893,0,0
21,LEFT_HEEL,0.37836208939552307,0.8993302583694458,0.14698699116706848,0,0
21,RIGHT_HEEL,0.4352368414402008,0.9158647060394287,0.025561930611729622,0,0
21,LEFT_FOOT_INDEX,0.3855045437812805,0.8980609774589539,0.1424725502729416,0,0
21,RIGHT_FOOT_INDEX,0.46626463532447815,0.9132646322250366,0.020811060443520546,0,0
22,NOSE,0.45223674178123474,0.5396791100502014,0.05488159880042076,0,0
22,LEFT_EYE_INNER,0.4492148160934448,0.5314132571220398,0.05076314136385918,0,0
22,LEFT_EYE,0.44795334339141846,0.5308992266654968,0.050762839615345,0,0
22,LEFT_EYE_OUTER,0.44667816162109375,0.5305612683296204,0.05074920505285263,0,0
22,RIGHT_EYE_INNER,0.45160162448883057,0.5328867435455322,0.0369449108839035,0,0
22,RIGHT_EYE,0.45205608010292053,0.533296525478363,0.03694911301136017,0,0
22,RIGHT_EYE_OUTER,0.45248278975486755,0.5337252020835876,0.03690458461642265,0,0
22,LEFT_EAR,0.4425000250339508,0.5350512862205505,0.03705866262316704,0,0
22,RIGHT_EAR,0.45002254843711853,0.5377612113952637,-0.02439156174659729,0,0
22,MOUTH_LEFT,0.44898632168769836,0.5469216704368591,0.05336252227425575,0,0
22,MOUTH_RIGHT,0.4514233469963074,0.5481268763542175,0.035508740693330765,0,0
22,LEFT_SHOULDER,0.4239348769187927,0.5765776038169861,0.07577170431613922,0,0
22,RIGHT_SHOULDER,0.4472278952598572,0.5909715294837952,-0.07956638932228088,0,0
22,LEFT_ELBOW,0.422519713640213,0.6429210305213928,0.12598063051700592,0,0
22,RIGHT_ELBOW,0.44435203075408936,0.663245677947998,-0.07354550808668137,0,0
22,LEFT_WRIST,0.45011383295059204,0.665217936038971,0.13763634860515594,0,0
22,RIGHT_WRIST,0.46813729405403137,0.6559587717056274,-0.022116785869002342,0,0
22,LEFT_PINKY,0.45602408051490784,0.6700486540794373,0.1412288397550583,0,0
22,RIGHT_PINKY,0.4762910306453705,0.6527736783027649,-0.02669646218419075,0,0
22,LEFT_INDEX,0.46026358008384705,0.6639213562011719,0.13100649416446686,0,0
22,RIGHT_INDEX,0.4760058522224426,0.6449119448661804,-0.024936681613326073,0,0
22,LEFT_THUMB,0.4590298533439636,0.6621624231338501,0.1325821727514267,0,0
22,RIGHT_THUMB,0.4731058180332184,0.6449854373931885,-0.019809067249298096,0,0
22,LEFT_HIP,0.4129089117050171,0.7115050554275513,0.05421622097492218,0,0
22,RIGHT_HIP,0.43253055214881897,0.7162724733352661,-0.05426112934947014,0,0
22,LEFT_KNEE,0.40695783495903015,0.7935779690742493,0.10350034385919571,0,0
22,RIGHT_KNEE,0.45827874541282654,0.798555850982666,-0.02084330841898918,0,0
22,LEFT_ANKLE,0.3831707239151001,0.8786318898200989,0.1220453754067421,0,0
22,RIGHT_ANKLE,0.44293248653411865,0.899693489074707,-0.0015131450491026044,0,0
22,LEFT_HEEL,0.37909597158432007,0.892841637134552,0.12237929552793503,0,0
22,RIGHT_HEEL,0.43481239676475525,0.9156832695007324,0.0007923198281787336,0,0
22,LEFT_FOOT_INDEX,0.3876901865005493,0.8946830630302429,0.11375033855438232,0,0
22,RIGHT_FOOT_INDEX,0.46530961990356445,0.9134328961372375,-0.007542789448052645,0,0
23,NOSE,0.4543306529521942,0.5397762060165405,0.059959594160318375,0,0
23,LEFT_EYE_INNER,0.4514365792274475,0.5315129160881042,0.05877368524670601,0,0
23,LEFT_EYE,0.4502575099468231,0.530997633934021,0.05875556170940399,0,0
23,LEFT_EYE_OUTER,0.4490760564804077,0.5306901335716248,0.05872439965605736,0,0
23,RIGHT_EYE_INNER,0.4537380635738373,0.5329853296279907,0.04252060130238533,0,0
23,RIGHT_EYE,0.45414599776268005,0.5333585739135742,0.04249690845608711,0,0
23,RIGHT_EYE_OUTER,0.45448797941207886,0.5338019132614136,0.042455244809389114,0,0
23,LEFT_EAR,0.44496408104896545,0.5352456569671631,0.047350697219371796,0,0
23,RIGHT_EAR,0.45180100202560425,0.5378966331481934,-0.023676179349422455,0,0
23,MOUTH_LEFT,0.4509061872959137,0.5472797155380249,0.059290580451488495,0,0
23,MOUTH_RIGHT,0.45334917306900024,0.5483689308166504,0.0370679572224617,0,0
23,LEFT_SHOULDER,0.42497682571411133,0.5770231485366821,0.08635810017585754,0,0
23,RIGHT_SHOULDER,0.44854405522346497,0.5911723971366882,-0.0765802413225174,0,0
23,LEFT_ELBOW,0.42756208777427673,0.6434714198112488,0.13691164553165436,0,0
23,RIGHT_ELBOW,0.447515070438385,0.6639377474784851,-0.06180237606167793,0,0
23,LEFT_WRIST,0.4585399627685547,0.663190484046936,0.16262878477573395,0,0
23,RIGHT_WRIST,0.4718772768974304,0.6560439467430115,-0.007448725868016481,0,0
23,LEFT_PINKY,0.465847373008728,0.6670364737510681,0.1691664755344391,0,0
23,RIGHT_PINKY,0.4800184369087219,0.6532431840896606,-0.01066307071596384,0,0
23,LEFT_INDEX,0.47031253576278687,0.658088743686676,0.15944485366344452,0,0
23,RIGHT_INDEX,0.479816734790802,0.6452047824859619,-0.010043204762041569,0,0
23,LEFT_THUMB,0.4685015380382538,0.6576675772666931,0.1584557145833969,0,0
23,RIGHT_THUMB,0.476723849773407,0.6455013155937195,-0.005396217107772827,0,0
23,LEFT_HIP,0.4149278998374939,0.7111315727233887,0.054146766662597656,0,0
23,RIGHT_HIP,0.43400871753692627,0.7157465815544128,-0.05421125516295433,0,0
23,LEFT_KNEE,0.41230323910713196,0.7876385450363159,0.10549511760473251,0,0
23,RIGHT_KNEE,0.4584745764732361,0.7985934615135193,-0.02923896163702011,0,0
23,LEFT_ANKLE,0.38572219014167786,0.8683074116706848,0.09720316529273987,0,0
23,RIGHT_ANKLE,0.4431219696998596,0.899671733379364,-0.04488495737314224,0,0
23,LEFT_HEEL,0.3799368739128113,0.8812984228134155,0.09544851630926132,0,0
23,RIGHT_HEEL,0.43463629484176636,0.9156460762023926,-0.045331694185733795,0,0
23,LEFT_FOOT_INDEX,0.3893781304359436,0.8929457664489746,0.08698150515556335,0,0
23,RIGHT_FOOT_INDEX,0.46588820219039917,0.9139722585678101,-0.05389430746436119,0,0
24,NOSE,0.45691242814064026,0.54593825340271,0.06331230700016022,0,0
24,LEFT_EYE_INNER,0.45448312163352966,0.5368409156799316,0.06386670470237732,0,0
24,LEFT_EYE,0.45333921909332275,0.5362235307693481,0.06384731829166412,0,0
24,LEFT_EYE_OUTER,0.4521445333957672,0.535621166229248,0.0638188049197197,0,0
24,RIGHT_EYE_INNER,0.45633384585380554,0.538055419921875,0.047630343586206436,0,0
24,RIGHT_EYE,0.4566105306148529,0.5382621884346008,0.04760640487074852,0,0
24,RIGHT_EYE_OUTER,0.4568259119987488,0.538442075252533,0.04757511243224144,0,0
24,LEFT_EAR,0.4475213289260864,0.5384905338287354,0.05464507266879082,0,0
24,RIGHT_EAR,0.4537079632282257,0.5415524244308472,-0.014663471840322018,0,0
24,MOUTH_LEFT,0.45371705293655396,0.5530254244804382,0.06395155191421509,0,0
24,MOUTH_RIGHT,0.4555489420890808,0.5537182688713074,0.04088049381971359,0,0
24,LEFT_SHOULDER,0.4267066717147827,0.5774153470993042,0.0918351337313652,0,0
24,RIGHT_SHOULDER,0.4498300850391388,0.5914194583892822,-0.06863868981599808,0,0
24,LEFT_ELBOW,0.4291270673274994,0.6473637819290161,0.14020149409770966,0,0
24,RIGHT_ELBOW,0.4514385759830475,0.6659282445907593,-0.060294259339571,0,0
24,LEFT_WRIST,0.45974284410476685,0.6592155694961548,0.16488653421401978,0,0
24,RIGHT_WRIST,0.4747990071773529,0.6572100520133972,-0.013011695817112923,0,0
24,LEFT_PINKY,0.4670693576335907,0.6609282493591309,0.1707674115896225,0,0
24,RIGHT_PINKY,0.4827713668346405,0.6550436019897461,-0.01707451418042183,0,0
24,LEFT_INDEX,0.47174325585365295,0.6538842916488647,0.16012606024742126,0,0
24,RIGHT_INDEX,0.48274174332618713,0.6462134122848511,-0.015619163401424885,0,0
24,LEFT_THUMB,0.4690173268318176,0.652802050113678,0.16009187698364258,0,0
24,RIGHT_THUMB,0.4798656105995178,0.6464912295341492,-0.010815749876201153,0,0
24,LEFT_HIP,0.41634640097618103,0.7108923196792603,0.053956665098667145,0,0
24,RIGHT_HIP,0.43509170413017273,0.7154188752174377,-0.05402802675962448,0,0
24,LEFT_KNEE,0.41633278131484985,0.7859839797019958,0.1046474352478981,0,0
24,RIGHT_KNEE,0.45882847905158997,0.7987020015716553,-0.03864423185586929,0,0
24,LEFT_ANKLE,0.38848865032196045,0.8652023673057556,0.08741246908903122,0,0
24,RIGHT_ANKLE,0.44366133213043213,0.8985956311225891,-0.06464754790067673,0,0
24,LEFT_HEEL,0.3822982609272003,0.8784045577049255,0.08516110479831696,0,0
24,RIGHT_HEEL,0.4349667429924011,0.9146172404289246,-0.06590896099805832,0,0
24,LEFT_FOOT_INDEX,0.39412251114845276,0.88840252161026,0.07659795135259628,0,0
24,RIGHT_FOOT_INDEX,0.4660438597202301,0.9138935804367065,-0.07425568997859955,0,0
25,NOSE,0.45758312940597534,0.5474990010261536,0.06831875443458557,0,0
25,LEFT_EYE_INNER,0.4551317095756531,0.5383906960487366,0.06754115223884583,0,0
25,LEFT_EYE,0.4539865553379059,0.5377808213233948,0.06752770394086838,0,0
25,LEFT_EYE_OUTER,0.4528006911277771,0.5371501445770264,0.06750393658876419,0,0
25,RIGHT_EYE_INNER,0.45686885714530945,0.5395393371582031,0.05228322371840477,0,0
25,RIGHT_EYE,0.45707184076309204,0.5397593379020691,0.05226617306470871,0,0
25,RIGHT_EYE_OUTER,0.4572213590145111,0.5399167537689209,0.05222862958908081,0,0
25,LEFT_EAR,0.4480069577693939,0.5397348403930664,0.056729599833488464,0,0
25,RIGHT_EAR,0.45401912927627563,0.5427917242050171,-0.009391537867486477,0,0
25,MOUTH_LEFT,0.45438188314437866,0.5547575354576111,0.06799304485321045,0,0
25,MOUTH_RIGHT,0.45606452226638794,0.5553686618804932,0.04696285352110863,0,0
25,LEFT_SHOULDER,0.42703333497047424,0.5778807401657104,0.09262379258871078,0,0
25,RIGHT_SHOULDER,0.4504467844963074,0.5916217565536499,-0.06469796597957611,0,0
25,LEFT_ELBOW,0.42933765053749084,0.649822473526001,0.14243462681770325,0,0
25,RIGHT_ELBOW,0.4525371789932251,0.6669980883598328,-0.05883275344967842,0,0
25,LEFT_WRIST,0.4589647650718689,0.6601659059524536,0.1608884185552597,0,0
25,RIGHT_WRIST,0.47563880681991577,0.6580497622489929,-0.011686773039400578,0,0
25,LEFT_PINKY,0.4660133719444275,0.6620990633964539,0.16624553501605988,0,0
25,RIGHT_PINKY,0.48350438475608826,0.6558107733726501,-0.01556381769478321,0,0
25,LEFT_INDEX,0.4706447720527649,0.6555943489074707,0.15589456260204315,0,0
25,RIGHT_INDEX,0.48331958055496216,0.6468595862388611,-0.014066691510379314,0,0
25,LEFT_THUMB,0.46864813566207886,0.6551333665847778,0.1560761034488678,0,0
25,RIGHT_THUMB,0.48040464520454407,0.6472617983818054,-0.009484542533755302,0,0
25,LEFT_HIP,0.41691869497299194,0.7107489705085754,0.053800564259290695,0,0
25,RIGHT_HIP,0.43587878346443176,0.7154198884963989,-0.053874626755714417,0,0
25,LEFT_KNEE,0.4166639447212219,0.7847852110862732,0.10433138906955719,0,0
25,RIGHT_KNEE,0.4591905176639557,0.7987426519393921,-0.03797958418726921,0,0
25,LEFT_ANKLE,0.3891983926296234,0.8639903664588928,0.08927115797996521,0,0
25,RIGHT_ANKLE,0.4437867999076843,0.8982892632484436,-0.05829034373164177,0,0
25,LEFT_HEEL,0.38254478573799133,0.8769730925559998,0.08744430541992188,0,0
25,RIGHT_HEEL,0.4351556897163391,0.9144822359085083,-0.059040360152721405,0,0
25,LEFT_FOOT_INDEX,0.39623555541038513,0.8867901563644409,0.07946207374334335,0,0
25,RIGHT_FOOT_INDEX,0.4655991494655609,0.9138756990432739,-0.06734220683574677,0,0
26,NOSE,0.45770564675331116,0.5514074563980103,0.0692499652504921,0,0
26,LEFT_EYE_INNER,0.4556269943714142,0.5418568253517151,0.06879649311304092,0,0
26,LEFT_EYE,0.454530268907547,0.5411850810050964,0.06878307461738586,0,0
26,LEFT_EYE_OUTER,0.4533771574497223,0.5404479503631592,0.06876341998577118,0,0
26,RIGHT_EYE_INNER,0.45735010504722595,0.5428996086120605,0.05360674485564232,0,0
26,RIGHT_EYE,0.4575813412666321,0.5430327653884888,0.05359164997935295,0,0
26,RIGHT_EYE_OUTER,0.45776432752609253,0.5431355834007263,0.05355317145586014,0,0
26,LEFT_EAR,0.44871556758880615,0.5424889922142029,0.06074216589331627,0,0
26,RIGHT_EAR,0.45485034584999084,0.5458751320838928,-0.006126782391220331,0,0
26,MOUTH_LEFT,0.45475226640701294,0.5580489039421082,0.06951387971639633,0,0
26,MOUTH_RIGHT,0.4564042091369629,0.558607280254364,0.04878467321395874,0,0
26,LEFT_SHOULDER,0.42818403244018555,0.5791106820106506,0.09749933332204819,0,0
26,RIGHT_SHOULDER,0.45051124691963196,0.5921130180358887,-0.061580952256917953,0,0
26,LEFT_ELBOW,0.4333254098892212,0.6497129201889038,0.14348791539669037,0,0
26,RIGHT_ELBOW,0.4564341902732849,0.6674390435218811,-0.05769626423716545,0,0
26,LEFT_WRIST,0.46268805861473083,0.6619900465011597,0.15136729180812836,0,0
26,RIGHT_WRIST,0.4794923961162567,0.6580417156219482,-0.009771383367478848,0,0
26,LEFT_PINKY,0.46968597173690796,0.6646899580955505,0.15546901524066925,0,0
26,RIGHT_PINKY,0.48680612444877625,0.6558026075363159,-0.014782455749809742,0,0
26,LEFT_INDEX,0.47401323914527893,0.6581709980964661,0.1450478434562683,0,0
26,RIGHT_INDEX,0.48652681708335876,0.64687180519104,-0.013274098746478558,0,0
26,LEFT_THUMB,0.47228437662124634,0.6579023599624634,0.14625416696071625,0,0
26,RIGHT_THUMB,0.4839147925376892,0.6472716927528381,-0.007647458929568529,0,0
26,LEFT_HIP,0.41757333278656006,0.7110326290130615,0.054707176983356476,0,0
26,RIGHT_HIP,0.435946524143219,0.7156301736831665,-0.05478188022971153,0,0
26,LEFT_KNEE,0.4186609089374542,0.7844899892807007,0.11600641906261444,0,0
26,RIGHT_KNEE,0.45943576097488403,0.7986544966697693,-0.03869323059916496,0,0
26,LEFT_ANKLE,0.3923589289188385,0.8630229830741882,0.1256120204925537,0,0
26,RIGHT_ANKLE,0.4431905448436737,0.8980730772018433,-0.05293744057416916,0,0
26,LEFT_HEEL,0.3857625424861908,0.8782359957695007,0.12599115073680878,0,0
26,RIGHT_HEEL,0.43363893032073975,0.9145196676254272,-0.053715888410806656,0,0
26,LEFT_FOOT_INDEX,0.40140435099601746,0.8772428631782532,0.1194879338145256,0,0
26,RIGHT_FOOT_INDEX,0.465433269739151,0.913637638092041,-0.06589009612798691,0,0
27,NOSE,0.45822039246559143,0.553214967250824,0.053790412843227386,0,0
27,LEFT_EYE_INNER,0.45613738894462585,0.5433897376060486,0.051808424293994904,0,0
27,LEFT_EYE,0.4550798833370209,0.5426886081695557,0.05180159956216812,0,0
27,LEFT_EYE_OUTER,0.45399680733680725,0.5419386029243469,0.05179235711693764,0,0
27,RIGHT_EYE_INNER,0.4578366279602051,0.5444992780685425,0.03673297166824341,0,0
27,RIGHT_EYE,0.45805853605270386,0.5446481108665466,0.03672691062092781,0,0
27,RIGHT_EYE_OUTER,0.4582260251045227,0.5447734594345093,0.036702096462249756,0,0
27,LEFT_EAR,0.44939228892326355,0.5441513061523438,0.04581289365887642,0,0
27,RIGHT_EAR,0.4553801715373993,0.5475569367408752,-0.022053567692637444,0,0
27,MOUTH_LEFT,0.45539426803588867,0.559785008430481,0.05468200519680977,0,0
27,MOUTH_RIGHT,0.45693251490592957,0.5604725480079651,0.03487376123666763,0,0
27,LEFT_SHOULDER,0.42911186814308167,0.5807527303695679,0.0884285643696785,0,0
27,RIGHT_SHOULDER,0.450578898191452,0.5935958623886108,-0.0714794173836708,0,0
27,LEFT_ELBOW,0.44104209542274475,0.6439797282218933,0.14837774634361267,0,0
27,RIGHT_ELBOW,0.4600566625595093,0.6669639348983765,-0.05812126398086548,0,0
27,LEFT_WRIST,0.4753740429878235,0.6418868899345398,0.1611630767583847,0,0
27,RIGHT_WRIST,0.4833794832229614,0.65257328748703,-0.0006839598063379526,0,0
27,LEFT_PINKY,0.48373472690582275,0.6399513483047485,0.1660194993019104,0,0
27,RIGHT_PINKY,0.4911626875400543,0.650963544845581,-0.009539335034787655,0,0
27,LEFT_INDEX,0.4869966506958008,0.6353802680969238,0.14554135501384735,0,0
27,RIGHT_INDEX,0.49130165576934814,0.6429852247238159,-0.006845281925052404,0,0
27,LEFT_THUMB,0.4798978567123413,0.6348797678947449,0.1540222465991974,0,0
27,RIGHT_THUMB,0.4882219433784485,0.6430810689926147,0.002410885877907276,0,0
27,LEFT_HIP,0.41815438866615295,0.7116822004318237,0.054868683218955994,0,0
27,RIGHT_HIP,0.43605151772499084,0.7167395353317261,-0.05493151769042015,0,0
27,LEFT_KNEE,0.41904088854789734,0.7843746542930603,0.1462036818265915,0,0
27,RIGHT_KNEE,0.459629625082016,0.7986559271812439,-0.03556152805685997,0,0
27,LEFT_ANKLE,0.3954141438007355,0.8613194227218628,0.1986093372106552,0,0
27,RIGHT_ANKLE,0.4423820376396179,0.8980808854103088,-0.03973042219877243,0,0
27,LEFT_HEEL,0.3885580599308014,0.8777298927307129,0.2034793347120285,0,0
27,RIGHT_HEEL,0.43273913860321045,0.9147887229919434,-0.03942451253533363,0,0
27,LEFT_FOOT_INDEX,0.4070366322994232,0.8710500001907349,0.20130206644535065,0,0
27,RIGHT_FOOT_INDEX,0.46523675322532654,0.9134151935577393,-0.04646553844213486,0,0
28,NOSE,0.4584808349609375,0.5562651753425598,0.05291862413287163,0,0
28,LEFT_EYE_INNER,0.456452339887619,0.5460882186889648,0.05113321170210838,0,0
28,LEFT_EYE,0.45546504855155945,0.5453223586082458,0.051125653088092804,0,0
28,LEFT_EYE_OUTER,0.4544844925403595,0.5445113182067871,0.05111490562558174,0,0
28,RIGHT_EYE_INNER,0.45799338817596436,0.5472154021263123,0.03617345169186592,0,0
28,RIGHT_EYE,0.45814254879951477,0.5472817420959473,0.03618268668651581,0,0
28,RIGHT_EYE_OUTER,0.4582478106021881,0.5473111271858215,0.03616904467344284,0,0
28,LEFT_EAR,0.4498443603515625,0.5465235114097595,0.04681270197033882,0,0
28,RIGHT_EAR,0.4552360773086548,0.549694299697876,-0.02038879133760929,0,0
28,MOUTH_LEFT,0.4557340443134308,0.5625428557395935,0.054730888456106186,0,0
28,MOUTH_RIGHT,0.4570215344429016,0.5632493495941162,0.03499161824584007,0,0
28,LEFT_SHOULDER,0.4312566816806793,0.581814169883728,0.08765485137701035,0,0
28,RIGHT_SHOULDER,0.45050206780433655,0.5967594981193542,-0.07019885629415512,0,0
28,LEFT_ELBOW,0.4526521861553192,0.6289132237434387,0.1523556411266327,0,0
28,RIGHT_ELBOW,0.4630899131298065,0.661615252494812,-0.07561524957418442,0,0
28,LEFT_WRIST,0.4857828915119171,0.6256677508354187,0.16487331688404083,0,0
28,RIGHT_WRIST,0.4865206778049469,0.645438551902771,-0.04645366594195366,0,0
28,LEFT_PINKY,0.4940299689769745,0.6206346750259399,0.16939999163150787,0,0
28,RIGHT_PINKY,0.4947965741157532,0.6432634592056274,-0.05643253028392792,0,0
28,LEFT_INDEX,0.4960375130176544,0.6165696382522583,0.15346695482730865,0,0
28,RIGHT_INDEX,0.4949416518211365,0.6368049383163452,-0.05294648930430412,0,0
28,LEFT_THUMB,0.4922848641872406,0.6202672719955444,0.15662077069282532,0,0
28,RIGHT_THUMB,0.4919425845146179,0.6366339921951294,-0.04365525394678116,0,0
28,LEFT_HIP,0.4182528853416443,0.7126818895339966,0.05536786466836929,0,0
28,RIGHT_HIP,0.43604838848114014,0.7183774709701538,-0.05540872737765312,0,0
28,LEFT_KNEE,0.41912513971328735,0.7836886644363403,0.14401014149188995,0,0
28,RIGHT_KNEE,0.45976123213768005,0.7988848090171814,-0.06038099154829979,0,0
28,LEFT_ANKLE,0.3979579508304596,0.8594071865081787,0.21749337017536163,0,0
28,RIGHT_ANKLE,0.4419794976711273,0.8981097340583801,-0.052529215812683105,0,0
28,LEFT_HEEL,0.3906511664390564,0.8760588765144348,0.22444966435432434,0,0
28,RIGHT_HEEL,0.4324469268321991,0.9151654243469238,-0.051303260028362274,0,0
28,LEFT_FOOT_INDEX,0.4117865264415741,0.8677234053611755,0.22353030741214752,0,0
28,RIGHT_FOOT_INDEX,0.4654305577278137,0.9134090542793274,-0.06624607741832733,0,0
29,NOSE,0.4583878517150879,0.5582157373428345,0.04238023981451988,0,0
29,LEFT_EYE_INNER,0.4561881422996521,0.5478073358535767,0.04145752638578415,0,0
29,LEFT_EYE,0.4552294909954071,0.5469868779182434,0.04145423322916031,0,0
29,LEFT_EYE_OUTER,0.4542394280433655,0.546086847782135,0.04144363850355148,0,0
29,RIGHT_EYE_INNER,0.4576888382434845,0.5488445162773132,0.026215935125947,0,0
29,RIGHT_EYE,0.4578212797641754,0.5487582683563232,0.026232827454805374,0,0
29,RIGHT_EYE_OUTER,0.45790624618530273,0.5486330389976501,0.02622855082154274,0,0
29,LEFT_EAR,0.44930610060691833,0.5479393005371094,0.042262569069862366,0,0
29,RIGHT_EAR,0.45476585626602173,0.5505992770195007,-0.02667362429201603,0,0
29,MOUTH_LEFT,0.4554722011089325,0.5641965270042419,0.045823462307453156,0,0
29,MOUTH_RIGHT,0.4567625820636749,0.5647949576377869,0.025696290656924248,0,0
29,LEFT_SHOULDER,0.4317583441734314,0.5830454230308533,0.08236196637153625,0,0
29,RIGHT_SHOULDER,0.45026975870132446,0.5980807542800903,-0.07207690179347992,0,0
29,LEFT_ELBOW,0.45539358258247375,0.624650776386261,0.1488610804080963,0,0
29,RIGHT_ELBOW,0.4628128409385681,0.6541432738304138,-0.08444175124168396,0,0
29,LEFT_WRIST,0.4886009991168976,0.6179847717285156,0.16018779575824738,0,0
29,RIGHT_WRIST,0.48903247714042664,0.6356160640716553,-0.05251134932041168,0,0
29,LEFT_PINKY,0.49866464734077454,0.614686131477356,0.16535186767578125,0,0
29,RIGHT_PINKY,0.49724018573760986,0.634170413017273,-0.061710819602012634,0,0
29,LEFT_INDEX,0.49876317381858826,0.609614908695221,0.1512880176305771,0,0
29,RIGHT_INDEX,0.4976508319377899,0.6271273493766785,-0.0578758530318737,0,0
29,LEFT_THUMB,0.4955803453922272,0.6121534109115601,0.15408223867416382,0,0
29,RIGHT_THUMB,0.4945961534976959,0.627265214920044,-0.04944109171628952,0,0
29,LEFT_HIP,0.4178771674633026,0.7139669060707092,0.05521122366189957,0,0
29,RIGHT_HIP,0.43596410751342773,0.7193369269371033,-0.05525819584727287,0,0
29,LEFT_KNEE,0.41981303691864014,0.7840805649757385,0.13986095786094666,0,0
29,RIGHT_KNEE,0.45940762758255005,0.7989233732223511,-0.05836819112300873,0,0
29,LEFT_ANKLE,0.39861059188842773,0.8595574498176575,0.21093842387199402,0,0
29,RIGHT_ANKLE,0.4415341019630432,0.8983094692230225,-0.04880307614803314,0,0
29,LEFT_HEEL,0.3910773992538452,0.8763457536697388,0.21764764189720154,0,0
29,RIGHT_HEEL,0.4323413670063019,0.9157653450965881,-0.04733158275485039,0,0
29,LEFT_FOOT_INDEX,0.41243183612823486,0.8680658936500549,0.2174420803785324,0,0
29,RIGHT_FOOT_INDEX,0.4653920531272888,0.9134628176689148,-0.06067894399166107,0,0
30,NOSE,0.457964688539505,0.557673990726471,0.033528391271829605,0,0
30,LEFT_EYE_INNER,0.4556542932987213,0.5471588969230652,0.035569533705711365,0,0
30,LEFT_EYE,0.45466306805610657,0.5464079976081848,0.035563524812459946,0,0
30,LEFT_EYE_OUTER,0.4536396265029907,0.545617938041687,0.035547900944948196,0,0
30,RIGHT_EYE_INNER,0.45730242133140564,0.548126757144928,0.01956780068576336,0,0
30,RIGHT_EYE,0.45754387974739075,0.5480626225471497,0.019586734473705292,0,0
30,RIGHT_EYE_OUTER,0.45776647329330444,0.5479740500450134,0.019588498398661613,0,0
30,LEFT_EAR,0.4487767815589905,0.5479617714881897,0.042765066027641296,0,0
30,RIGHT_EAR,0.45389512181282043,0.5502444505691528,-0.024762190878391266,0,0
30,MOUTH_LEFT,0.4550079107284546,0.5640226602554321,0.04105790704488754,0,0
30,MOUTH_RIGHT,0.4564068913459778,0.5645958185195923,0.019869420677423477,0,0
30,LEFT_SHOULDER,0.4330640733242035,0.5831121802330017,0.08838120847940445,0,0
30,RIGHT_SHOULDER,0.44590941071510315,0.5973212718963623,-0.07104980200529099,0,0
30,LEFT_ELBOW,0.461248517036438,0.6079695820808411,0.1567564457654953,0,0
30,RIGHT_ELBOW,0.460688978433609,0.6460806727409363,-0.10846581310033798,0,0
30,LEFT_WRIST,0.49209609627723694,0.5998277068138123,0.17061932384967804,0,0
30,RIGHT_WRIST,0.491106778383255,0.6225778460502625,-0.11229777336120605,0,0
30,LEFT_PINKY,0.499762624502182,0.5922900438308716,0.1766619235277176,0,0
30,RIGHT_PINKY,0.4984167218208313,0.6191878318786621,-0.12578143179416656,0,0
30,LEFT_INDEX,0.4994301497936249,0.5928559303283691,0.16289575397968292,0,0
30,RIGHT_INDEX,0.49899089336395264,0.6121143102645874,-0.12141471356153488,0,0
30,LEFT_THUMB,0.4971520006656647,0.5966475009918213,0.1652432382106781,0,0
30,RIGHT_THUMB,0.49618375301361084,0.6133325099945068,-0.10967476665973663,0,0
30,LEFT_HIP,0.4177275002002716,0.7137927412986755,0.05642382800579071,0,0
30,RIGHT_HIP,0.4348054826259613,0.718779981136322,-0.056460123509168625,0,0
30,LEFT_KNEE,0.4204306900501251,0.7843764424324036,0.13227349519729614,0,0
30,RIGHT_KNEE,0.4587949216365814,0.7983554601669312,-0.08404340595006943,0,0
30,LEFT_ANKLE,0.3975469470024109,0.8603845238685608,0.1907205432653427,0,0
30,RIGHT_ANKLE,0.44173672795295715,0.898288905620575,-0.09126221388578415,0,0
30,LEFT_HEEL,0.39014118909835815,0.8775548338890076,0.1957448124885559,0,0
30,RIGHT_HEEL,0.4327537417411804,0.9160840511322021,-0.09182801097631454,0,0
30,LEFT_FOOT_INDEX,0.4126942753791809,0.8699790835380554,0.19208769500255585,0,0
30,RIGHT_FOOT_INDEX,0.4646458029747009,0.9136680960655212,-0.10985247045755386,0,0
31,NOSE,0.4578514099121094,0.5570658445358276,0.023245669901371002,0,0
31,LEFT_EYE_INNER,0.455424964427948,0.5466193556785583,0.02601560205221176,0,0
31,LEFT_EYE,0.4544650614261627,0.5459111332893372,0.02600862830877304,0,0
31,LEFT_EYE_OUTER,0.45346397161483765,0.5451807379722595,0.025992732495069504,0,0
31,RIGHT_EYE_INNER,0.45700523257255554,0.5475838780403137,0.009962155483663082,0,0
31,RIGHT_EYE,0.45727142691612244,0.5475524663925171,0.009983578696846962,0,0
31,RIGHT_EYE_OUTER,0.45756101608276367,0.5474984049797058,0.009984690696001053,0,0
31,LEFT_EAR,0.44855406880378723,0.5477396845817566,0.041759248822927475,0,0
31,RIGHT_EAR,0.45342200994491577,0.5499371886253357,-0.029956402257084846,0,0
31,MOUTH_LEFT,0.45488739013671875,0.5636531114578247,0.03200242668390274,0,0
31,MOUTH_RIGHT,0.4561990797519684,0.5642105937004089,0.010811405256390572,0,0
31,LEFT_SHOULDER,0.4339727759361267,0.5832659602165222,0.08766999840736389,0,0
31,RIGHT_SHOULDER,0.4445357024669647,0.5969581007957458,-0.07232625037431717,0,0
31,LEFT_ELBOW,0.4614589810371399,0.6065818071365356,0.15474501252174377,0,0
31,RIGHT_ELBOW,0.45963725447654724,0.6454523801803589,-0.11532381922006607,0,0
31,LEFT_WRIST,0.4922712445259094,0.598910391330719,0.16875092685222626,0,0
31,RIGHT_WRIST,0.4904346168041229,0.6220662593841553,-0.12305517494678497,0,0
31,LEFT_PINKY,0.4991433918476105,0.5908094048500061,0.1747244894504547,0,0
31,RIGHT_PINKY,0.4976830780506134,0.6191518902778625,-0.13741323351860046,0,0
31,LEFT_INDEX,0.4992743730545044,0.5914393663406372,0.16106249392032623,0,0
31,RIGHT_INDEX,0.4983440339565277,0.6118032932281494,-0.13278329372406006,0,0
31,LEFT_THUMB,0.497015118598938,0.595565915107727,0.1633930504322052,0,0
31,RIGHT_THUMB,0.4956769049167633,0.6126804351806641,-0.12048588693141937,0,0
31,LEFT_HIP,0.41771838068962097,0.7135239243507385,0.056480202823877335,0,0
31,RIGHT_HIP,0.43418437242507935,0.7184098362922668,-0.05651392787694931,0,0
31,LEFT_KNEE,0.4207985997200012,0.7843722105026245,0.12900789082050323,0,0
31,RIGHT_KNEE,0.4585396647453308,0.7979815006256104,-0.08324550092220306,0,0
31,LEFT_ANKLE,0.39702215790748596,0.8610661625862122,0.18501459062099457,0,0
31,RIGHT_ANKLE,0.4418865144252777,0.8982639312744141,-0.08693418651819229,0,0
31,LEFT_HEEL,0.38970309495925903,0.8781556487083435,0.1898280829191208,0,0
31,RIGHT_HEEL,0.43293413519859314,0.9162203669548035,-0.08719047904014587,0,0
31,LEFT_FOOT_INDEX,0.412935733795166,0.8702263832092285,0.18593306839466095,0,0
31,RIGHT_FOOT_INDEX,0.46455812454223633,0.9138685464859009,-0.10428407788276672,0,0
32,NOSE,0.4577225148677826,0.55720454454422,0.017917515709996223,0,0
32,LEFT_EYE_INNER,0.4552636444568634,0.5465670824050903,0.02274635247886181,0,0
32,LEFT_EYE,0.4542463421821594,0.5458746552467346,0.022738337516784668,0,0
32,LEFT_EYE_OUTER,0.4532361626625061,0.545161247253418,0.02272777631878853,0,0
32,RIGHT_EYE_INNER,0.45639026165008545,0.5474085211753845,0.006702592596411705,0,0
32,RIGHT_EYE,0.4561963379383087,0.5473331212997437,0.006722229532897472,0,0
32,RIGHT_EYE_OUTER,0.4559246301651001,0.5472516417503357,0.0067185596562922,0,0
32,LEFT_EAR,0.44836169481277466,0.5476790070533752,0.04313280060887337,0,0
32,RIGHT_EAR,0.45066651701927185,0.549915611743927,-0.02704036235809326,0,0
32,MOUTH_LEFT,0.4546941816806793,0.5638203024864197,0.028700118884444237,0,0
32,MOUTH_RIGHT,0.4557250142097473,0.5641927719116211,0.007756603416055441,0,0
32,LEFT_SHOULDER,0.4361344873905182,0.5832434892654419,0.088934987783432,0,0
32,RIGHT_SHOULDER,0.4387490451335907,0.5949084162712097,-0.07032465189695358,0,0
32,LEFT_ELBOW,0.46431949734687805,0.6079072952270508,0.143330380320549,0,0
32,RIGHT_ELBOW,0.45737653970718384,0.642355740070343,-0.11687111109495163,0,0
32,LEFT_WRIST,0.49190473556518555,0.5978377461433411,0.13508521020412445,0,0
32,RIGHT_WRIST,0.48759138584136963,0.6173776388168335,-0.13482150435447693,0,0
32,LEFT_PINKY,0.49961090087890625,0.5914677381515503,0.13685430586338043,0,0
32,RIGHT_PINKY,0.494994193315506,0.6149675846099854,-0.15080462396144867,0,0
32,LEFT_INDEX,0.49968618154525757,0.5902779698371887,0.12461218237876892,0,0
32,RIGHT_INDEX,0.49540990591049194,0.607825756072998,-0.14624254405498505,0,0
32,LEFT_THUMB,0.4973709285259247,0.5924915075302124,0.12945637106895447,0,0
32,RIGHT_THUMB,0.4927874207496643,0.6083796620368958,-0.13248413801193237,0,0
32,LEFT_HIP,0.4178847372531891,0.7113839983940125,0.0558428093791008,0,0
32,RIGHT_HIP,0.43219178915023804,0.7160046100616455,-0.0558745376765728,0,0
32,LEFT_KNEE,0.42034339904785156,0.7845966219902039,0.11147948354482651,0,0
32,RIGHT_KNEE,0.4585958421230316,0.7937604188919067,-0.08442042768001556,0,0
32,LEFT_ANKLE,0.39625680446624756,0.8617061376571655,0.16245360672473907,0,0
32,RIGHT_ANKLE,0.44268473982810974,0.8951742053031921,-0.09253255277872086,0,0
32,LEFT_HEEL,0.38926830887794495,0.8782267570495605,0.1659698635339737,0,0
32,RIGHT_HEEL,0.4336353838443756,0.9094642400741577,-0.09373345971107483,0,0
32,LEFT_FOOT_INDEX,0.41220027208328247,0.8716714382171631,0.15670914947986603,0,0
32,RIGHT_FOOT_INDEX,0.4647427797317505,0.9138851165771484,-0.11489809304475784,0,0
33,NOSE,0.45757952332496643,0.5579323768615723,0.006454776041209698,0,0
33,LEFT_EYE_INNER,0.4551040828227997,0.5473794937133789,0.013677132315933704,0,0
33,LEFT_EYE,0.4541378617286682,0.5466880798339844,0.013668482191860676,0,0
33,LEFT_EYE_OUTER,0.45321983098983765,0.5459699630737305,0.01367392111569643,0,0
33,RIGHT_EYE_INNER,0.45592233538627625,0.5479692220687866,-0.0021333994809538126,0,0
33,RIGHT_EYE,0.45538008213043213,0.5477436184883118,-0.0021237118635326624,0,0
33,RIGHT_EYE_OUTER,0.4547213017940521,0.5475335121154785,-0.0021366856526583433,0,0
33,LEFT_EAR,0.4482159912586212,0.5483179092407227,0.04399777576327324,0,0
33,RIGHT_EAR,0.4486550986766815,0.5503804087638855,-0.025683993473649025,0,0
33,MOUTH_LEFT,0.45457711815834045,0.5643935203552246,0.02052336372435093,0,0
33,MOUTH_RIGHT,0.4552815854549408,0.5645569562911987,-9.86139421002008e-05,0,0
33,LEFT_SHOULDER,0.4382186830043793,0.5835442543029785,0.08931583911180496,0,0
33,RIGHT_SHOULDER,0.4335114061832428,0.5911176204681396,-0.06772956997156143,0,0
33,LEFT_ELBOW,0.4688774645328522,0.597449779510498,0.1319596916437149,0,0
33,RIGHT_ELBOW,0.44708871841430664,0.6330388188362122,-0.13635283708572388,0,0
33,LEFT_WRIST,0.4986509382724762,0.585453450679779,0.11935421824455261,0,0
33,RIGHT_WRIST,0.4811062216758728,0.6128380298614502,-0.16820001602172852,0,0
33,LEFT_PINKY,0.5073000192642212,0.5807998180389404,0.12052357941865921,0,0
33,RIGHT_PINKY,0.4912344217300415,0.6092146039009094,-0.18479974567890167,0,0
33,LEFT_INDEX,0.5062919855117798,0.5778017044067383,0.1100209429860115,0,0
33,RIGHT_INDEX,0.49160176515579224,0.6020805835723877,-0.17874278128147125,0,0
33,LEFT_THUMB,0.503446638584137,0.5793747305870056,0.11410759389400482,0,0
33,RIGHT_THUMB,0.48921844363212585,0.6029807925224304,-0.16538622975349426,0,0
33,LEFT_HIP,0.41830146312713623,0.7102788686752319,0.05352369323372841,0,0
33,RIGHT_HIP,0.4306108355522156,0.7134110927581787,-0.05357657000422478,0,0
33,LEFT_KNEE,0.4209372401237488,0.7846492528915405,0.09140700846910477,0,0
33,RIGHT_KNEE,0.46011048555374146,0.7862637042999268,-0.08371973037719727,0,0
33,LEFT_ANKLE,0.3961247205734253,0.8621922135353088,0.13455113768577576,0,0
33,RIGHT_ANKLE,0.4487471580505371,0.8835694789886475,-0.08389386534690857,0,0
33,LEFT_HEEL,0.38902348279953003,0.8786693215370178,0.1372632384300232,0,0
33,RIGHT_HEEL,0.4376932680606842,0.8963524103164673,-0.08458702266216278,0,0
33,LEFT_FOOT_INDEX,0.4117880165576935,0.8722594976425171,0.12565438449382782,0,0
33,RIGHT_FOOT_INDEX,0.4658350944519043,0.9135745763778687,-0.10691861808300018,0,0
34,NOSE,0.45749709010124207,0.5576517581939697,0.005922179203480482,0,0
34,LEFT_EYE_INNER,0.45500633120536804,0.547204315662384,0.013222725130617619,0,0
34,LEFT_EYE,0.4540431797504425,0.5465425848960876,0.013216652907431126,0,0
34,LEFT_EYE_OUTER,0.4531647264957428,0.5458544492721558,0.013225180096924305,0,0
34,RIGHT_EYE_INNER,0.4555094540119171,0.5477693676948547,-0.0025311321951448917,0,0
34,RIGHT_EYE,0.4548220932483673,0.5475571751594543,-0.0025251025799661875,0,0
34,RIGHT_EYE_OUTER,0.4540497064590454,0.547362744808197,-0.002544446149840951,0,0
34,LEFT_EAR,0.4481152892112732,0.548191249370575,0.04443754628300667,0,0
34,RIGHT_EAR,0.447842001914978,0.5502458214759827,-0.024946754798293114,0,0
34,MOUTH_LEFT,0.4544861912727356,0.5641233921051025,0.0199442021548748,0,0
34,MOUTH_RIGHT,0.4548809826374054,0.5643050670623779,-0.0005670707323588431,0,0
34,LEFT_SHOULDER,0.4394649267196655,0.5835757851600647,0.09006690979003906,0,0
34,RIGHT_SHOULDER,0.43275186419487,0.5888908505439758,-0.06719745695590973,0,0
34,LEFT_ELBOW,0.46871843934059143,0.5957794785499573,0.13120681047439575,0,0
34,RIGHT_ELBOW,0.4453311860561371,0.6314226388931274,-0.13957853615283966,0,0
34,LEFT_WRIST,0.49942007660865784,0.5830563306808472,0.11832427978515625,0,0
34,RIGHT_WRIST,0.4783359467983246,0.6119440793991089,-0.17165809869766235,0,0
34,LEFT_PINKY,0.5077919363975525,0.5791798233985901,0.11960743367671967,0,0
34,RIGHT_PINKY,0.48872628808021545,0.6086180806159973,-0.18788644671440125,0,0
34,LEFT_INDEX,0.5077066421508789,0.575600266456604,0.10921638458967209,0,0
34,RIGHT_INDEX,0.4883941113948822,0.6017833352088928,-0.18167482316493988,0,0
34,LEFT_THUMB,0.5036473274230957,0.5774186849594116,0.11300144344568253,0,0
34,RIGHT_THUMB,0.4863068163394928,0.6021973490715027,-0.16875623166561127,0,0
34,LEFT_HIP,0.4185633361339569,0.7093653082847595,0.052650999277830124,0,0
34,RIGHT_HIP,0.42984238266944885,0.7117912173271179,-0.05270269885659218,0,0
34,LEFT_KNEE,0.42139825224876404,0.7847414612770081,0.08055627346038818,0,0
34,RIGHT_KNEE,0.4606707692146301,0.7840049862861633,-0.08303039520978928,0,0
34,LEFT_ANKLE,0.3958389163017273,0.8624112010002136,0.11733324080705643,0,0
34,RIGHT_ANKLE,0.45010462403297424,0.8814644813537598,-0.08281030505895615,0,0
34,LEFT_HEEL,0.38893017172813416,0.8789749145507812,0.11931193619966507,0,0
34,RIGHT_HEEL,0.4395650029182434,0.894252359867096,-0.0835527554154396,0,0
34,LEFT_FOOT_INDEX,0.4123641848564148,0.873441755771637,0.10643483698368073,0,0
34,RIGHT_FOOT_INDEX,0.4662710726261139,0.9133032560348511,-0.10568951815366745,0,0
35,NOSE,0.45743098855018616,0.5574072599411011,0.004979791585355997,0,0
35,LEFT_EYE_INNER,0.4549466669559479,0.5470178127288818,0.012778161093592644,0,0
35,LEFT_EYE,0.45408982038497925,0.5463690757751465,0.012771964073181152,0,0
35,LEFT_EYE_OUTER,0.4533054232597351,0.5457034111022949,0.012787209823727608,0,0
35,RIGHT_EYE_INNER,0.4553852677345276,0.5476255416870117,-0.0034907341469079256,0,0
35,RIGHT_EYE,0.4546140134334564,0.5474457740783691,-0.003486061003059149,0,0
35,RIGHT_EYE_OUTER,0.453786700963974,0.5472846031188965,-0.0035077633801847696,0,0
35,LEFT_EAR,0.44807884097099304,0.5481171011924744,0.04531038552522659,0,0
35,RIGHT_EAR,0.44755133986473083,0.5501393675804138,-0.02515052817761898,0,0
35,MOUTH_LEFT,0.4545348286628723,0.5639029741287231,0.019619204103946686,0,0
35,MOUTH_RIGHT,0.45482972264289856,0.5641634464263916,-0.0015165780205279589,0,0
35,LEFT_SHOULDER,0.44141995906829834,0.5835841298103333,0.09186527132987976,0,0
35,RIGHT_SHOULDER,0.43196922540664673,0.5878627896308899,-0.06801100820302963,0,0
35,LEFT_ELBOW,0.46927616000175476,0.5950037837028503,0.1304873824119568,0,0
35,RIGHT_ELBOW,0.444508820772171,0.6308351159095764,-0.14282011985778809,0,0
35,LEFT_WRIST,0.5008022785186768,0.5819035172462463,0.11059368401765823,0,0
35,RIGHT_WRIST,0.4771631360054016,0.6117079854011536,-0.1721111685037613,0,0
35,LEFT_PINKY,0.5087379813194275,0.5792610049247742,0.11062968522310257,0,0
35,RIGHT_PINKY,0.48731130361557007,0.6090052127838135,-0.18855419754981995,0,0
35,LEFT_INDEX,0.5088402032852173,0.5754338502883911,0.09993492066860199,0,0
35,RIGHT_INDEX,0.4873167872428894,0.6026208996772766,-0.18264524638652802,0,0
35,LEFT_THUMB,0.5046937465667725,0.5770580768585205,0.10486245900392532,0,0
35,RIGHT_THUMB,0.48505544662475586,0.6028593182563782,-0.16920138895511627,0,0
35,LEFT_HIP,0.41937753558158875,0.7083672881126404,0.05274992436170578,0,0
35,RIGHT_HIP,0.42914649844169617,0.7108150124549866,-0.05280179902911186,0,0
35,LEFT_KNEE,0.42145857214927673,0.7848079204559326,0.08455643057823181,0,0
35,RIGHT_KNEE,0.46117785573005676,0.7831960320472717,-0.0838916078209877,0,0
35,LEFT_ANKLE,0.3956683874130249,0.8626802563667297,0.12372305989265442,0,0
35,RIGHT_ANKLE,0.4503934681415558,0.8816187381744385,-0.08140936493873596,0,0
35,LEFT_HEEL,0.38890597224235535,0.8788389563560486,0.12595976889133453,0,0
35,RIGHT_HEEL,0.44000688195228577,0.8948914408683777,-0.08203920722007751,0,0
35,LEFT_FOOT_INDEX,0.412626713514328,0.8736370801925659,0.11331746727228165,0,0
35,RIGHT_FOOT_INDEX,0.46651217341423035,0.9132183790206909,-0.10516826063394547,0,0
36,NOSE,0.4573725163936615,0.5573410987854004,0.006791392341256142,0,0
36,LEFT_EYE_INNER,0.4549036920070648,0.5469948053359985,0.014561314135789871,0,0
36,LEFT_EYE,0.45403853058815,0.5463135242462158,0.014552632346749306,0,0
36,LEFT_EYE_OUTER,0.4532634913921356,0.5456182360649109,0.01456630788743496,0,0
36,RIGHT_EYE_INNER,0.4551081955432892,0.5474894046783447,-0.0014959017280489206,0,0
36,RIGHT_EYE,0.45430681109428406,0.547286331653595,-0.0014911990147083998,0,0
36,RIGHT_EYE_OUTER,0.45346805453300476,0.5471049547195435,-0.001516115153208375,0,0
36,LEFT_EAR,0.4480292499065399,0.5480349063873291,0.04750145971775055,0,0
36,RIGHT_EAR,0.4473068118095398,0.5500674247741699,-0.02461564540863037,0,0
36,MOUTH_LEFT,0.4544900059700012,0.5638719797134399,0.021252542734146118,0,0
36,MOUTH_RIGHT,0.45466598868370056,0.5639870762825012,0.0004123924009036273,0,0
36,LEFT_SHOULDER,0.44191843271255493,0.5835765600204468,0.093216672539711,0,0
36,RIGHT_SHOULDER,0.43171006441116333,0.5871079564094543,-0.06734612584114075,0,0
36,LEFT_ELBOW,0.4692632853984833,0.5954866409301758,0.12830963730812073,0,0
36,RIGHT_ELBOW,0.4447081685066223,0.6304788589477539,-0.1383104771375656,0,0
36,LEFT_WRIST,0.4991331994533539,0.5847394466400146,0.10383515805006027,0,0
36,RIGHT_WRIST,0.4774336516857147,0.6115223169326782,-0.16618183255195618,0,0
36,LEFT_PINKY,0.5080900192260742,0.5802966952323914,0.10275514423847198,0,0
36,RIGHT_PINKY,0.48723500967025757,0.6087010502815247,-0.1826394945383072,0,0
36,LEFT_INDEX,0.5077922344207764,0.5774217247962952,0.09225168824195862,0,0
36,RIGHT_INDEX,0.4872351884841919,0.6022884845733643,-0.17745137214660645,0,0
36,LEFT_THUMB,0.5038858652114868,0.5785664916038513,0.09807775169610977,0,0
36,RIGHT_THUMB,0.48496711254119873,0.6025992631912231,-0.16359713673591614,0,0
36,LEFT_HIP,0.4196002781391144,0.707886815071106,0.0528191514313221,0,0
36,RIGHT_HIP,0.42796897888183594,0.7103865146636963,-0.05287104845046997,0,0
36,LEFT_KNEE,0.42144930362701416,0.7848839163780212,0.08625440299510956,0,0
36,RIGHT_KNEE,0.4613514542579651,0.7832294702529907,-0.08644398301839828,0,0
36,LEFT_ANKLE,0.39554721117019653,0.8627829551696777,0.12542201578617096,0,0
36,RIGHT_ANKLE,0.45057639479637146,0.8816078901290894,-0.08543579280376434,0,0
36,LEFT_HEEL,0.38888412714004517,0.8785766363143921,0.1276102215051651,0,0
36,RIGHT_HEEL,0.4401005208492279,0.8942775130271912,-0.08628911525011063,0,0
36,LEFT_FOOT_INDEX,0.41258546710014343,0.8737137913703918,0.11477367579936981,0,0
36,RIGHT_FOOT_INDEX,0.4670056998729706,0.9132229685783386,-0.1101793721318245,0,0
37,NOSE,0.45742136240005493,0.5592474341392517,-0.00602894090116024,0,0
37,LEFT_EYE_INNER,0.4553200304508209,0.5487287640571594,0.004320335574448109,0,0
37,LEFT_EYE,0.45472902059555054,0.5480429530143738,0.004312890116125345,0,0
37,LEFT_EYE_OUTER,0.45418182015419006,0.5473172068595886,0.0043382300063967705,0,0
37,RIGHT_EYE_INNER,0.45511019229888916,0.5489057898521423,-0.013121853582561016,0,0
37,RIGHT_EYE,0.4543072581291199,0.5484386086463928,-0.013109227642416954,0,0
37,RIGHT_EYE_OUTER,0.4534599483013153,0.5479798913002014,-0.013120817020535469,0,0
37,LEFT_EAR,0.448346346616745,0.5483445525169373,0.047929562628269196,0,0
37,RIGHT_EAR,0.4472027122974396,0.5501044988632202,-0.028261495754122734,0,0
37,MOUTH_LEFT,0.45470255613327026,0.5658904314041138,0.012149233371019363,0,0
37,MOUTH_RIGHT,0.45460087060928345,0.5659880042076111,-0.01045217551290989,0,0
37,LEFT_SHOULDER,0.4441632032394409,0.583736002445221,0.09282781183719635,0,0
37,RIGHT_SHOULDER,0.42638757824897766,0.5875288248062134,-0.07303392142057419,0,0
37,LEFT_ELBOW,0.4770003855228424,0.5949249267578125,0.07242267578840256,0,0
37,RIGHT_ELBOW,0.428028404712677,0.6188654899597168,-0.15502867102622986,0,0
37,LEFT_WRIST,0.4967969059944153,0.5818725824356079,-0.01820787973701954,0,0
37,RIGHT_WRIST,0.4630529582500458,0.5985889434814453,-0.178060382604599,0,0
37,LEFT_PINKY,0.5044454336166382,0.573883593082428,-0.031020794063806534,0,0
37,RIGHT_PINKY,0.4720275104045868,0.5972365736961365,-0.195802241563797,0,0
37,LEFT_INDEX,0.5060111880302429,0.5701848268508911,-0.037326376885175705,0,0
37,RIGHT_INDEX,0.4743784964084625,0.5918530821800232,-0.19117245078086853,0,0
37,LEFT_THUMB,0.5011231899261475,0.5728908181190491,-0.024553852155804634,0,0
37,RIGHT_THUMB,0.4718150198459625,0.5922388434410095,-0.17564606666564941,0,0
37,LEFT_HIP,0.422880083322525,0.7064133882522583,0.052884798496961594,0,0
37,RIGHT_HIP,0.42474743723869324,0.7082636952400208,-0.05293385311961174,0,0
37,LEFT_KNEE,0.42278799414634705,0.785003662109375,0.06878140568733215,0,0
37,RIGHT_KNEE,0.46228304505348206,0.7752403020858765,-0.08925078809261322,0,0
37,LEFT_ANKLE,0.39554789662361145,0.8637846112251282,0.09536482393741608,0,0
37,RIGHT_ANKLE,0.4629119038581848,0.8753693103790283,-0.09681030362844467,0,0
37,LEFT_HEEL,0.3888614773750305,0.8789405822753906,0.09600682556629181,0,0
37,RIGHT_HEEL,0.45568811893463135,0.8939487338066101,-0.09952592849731445,0,0
37,LEFT_FOOT_INDEX,0.4130232632160187,0.8746333122253418,0.07593222707509995,0,0
37,RIGHT_FOOT_INDEX,0.4854296147823334,0.899856448173523,-0.13265807926654816,0,0
38,NOSE,0.4605712890625,0.5614464282989502,-0.01597166433930397,0,0
38,LEFT_EYE_INNER,0.4596326947212219,0.5521637797355652,-0.005072225816547871,0,0
38,LEFT_EYE,0.4593731164932251,0.5514059662818909,-0.005061545874923468,0,0
38,LEFT_EYE_OUTER,0.45905447006225586,0.5505450963973999,-0.005024781450629234,0,0
38,RIGHT_EYE_INNER,0.45870593190193176,0.552427351474762,-0.020400144159793854,0,0
38,RIGHT_EYE,0.45777732133865356,0.5518496632575989,-0.02040945552289486,0,0
38,RIGHT_EYE_OUTER,0.4567190408706665,0.5511205792427063,-0.020429577678442,0,0
38,LEFT_EAR,0.45300135016441345,0.5497474074363708,0.04570237174630165,0,0
38,RIGHT_EAR,0.449576199054718,0.5504270195960999,-0.027977315708994865,0,0
38,MOUTH_LEFT,0.45850297808647156,0.567068338394165,0.0037866702768951654,0,0
38,MOUTH_RIGHT,0.4572482109069824,0.5673813223838806,-0.016130371019244194,0,0
38,LEFT_SHOULDER,0.4521128833293915,0.5866503119468689,0.08774341642856598,0,0
38,RIGHT_SHOULDER,0.4245603680610657,0.5858679413795471,-0.05667797103524208,0,0
38,LEFT_ELBOW,0.47876641154289246,0.5984333753585815,0.039194654673337936,0,0
38,RIGHT_ELBOW,0.41079193353652954,0.6135419011116028,-0.13657411932945251,0,0
38,LEFT_WRIST,0.4884539544582367,0.5832451581954956,-0.06599504500627518,0,0
38,RIGHT_WRIST,0.4463513493537903,0.5983292460441589,-0.16416682302951813,0,0
38,LEFT_PINKY,0.4907997250556946,0.5775206685066223,-0.08147981017827988,0,0
38,RIGHT_PINKY,0.4557480216026306,0.5990496873855591,-0.18032240867614746,0,0
38,LEFT_INDEX,0.48884162306785583,0.5740246772766113,-0.08028075844049454,0,0
38,RIGHT_INDEX,0.4577561020851135,0.5947461724281311,-0.17406593263149261,0,0
38,LEFT_THUMB,0.4860159456729889,0.5764514207839966,-0.06911008805036545,0,0
38,RIGHT_THUMB,0.4556032717227936,0.5945549607276917,-0.16067229211330414,0,0
38,LEFT_HIP,0.4279928207397461,0.705642580986023,0.05093258246779442,0,0
38,RIGHT_HIP,0.4250398278236389,0.7069846987724304,-0.0509343259036541,0,0
38,LEFT_KNEE,0.42563021183013916,0.7850260138511658,0.06103283539414406,0,0
38,RIGHT_KNEE,0.46178916096687317,0.7785810828208923,-0.08352748304605484,0,0
38,LEFT_ANKLE,0.39592885971069336,0.8635793924331665,0.08050470054149628,0,0
38,RIGHT_ANKLE,0.47343239188194275,0.8779473304748535,-0.09253593534231186,0,0
38,LEFT_HEEL,0.38873931765556335,0.878576397895813,0.0802864208817482,0,0
38,RIGHT_HEEL,0.46927350759506226,0.8951424360275269,-0.0959787517786026,0,0
38,LEFT_FOOT_INDEX,0.41247639060020447,0.8752080798149109,0.0537022203207016,0,0
38,RIGHT_FOOT_INDEX,0.4950662851333618,0.8840871453285217,-0.13736484944820404,0,0
39,NOSE,0.46272340416908264,0.5638332366943359,-0.04027547687292099,0,0
39,LEFT_EYE_INNER,0.46219757199287415,0.5553041696548462,-0.03088456019759178,0,0
39,LEFT_EYE,0.4621778130531311,0.5548362731933594,-0.0308707095682621,0,0
39,LEFT_EYE_OUTER,0.46212607622146606,0.5543314218521118,-0.030839581042528152,0,0
39,RIGHT_EYE_INNER,0.46053096652030945,0.5548917055130005,-0.04307202622294426,0,0
39,RIGHT_EYE,0.45932188630104065,0.5540785193443298,-0.04308457672595978,0,0
39,RIGHT_EYE_OUTER,0.4579649567604065,0.5531355738639832,-0.04309748113155365,0,0
39,LEFT_EAR,0.4571651816368103,0.5531418323516846,0.019888946786522865,0,0
39,RIGHT_EAR,0.4507773816585541,0.5514019131660461,-0.03547286614775658,0,0
39,MOUTH_LEFT,0.461182564496994,0.5692509412765503,-0.020032016560435295,0,0
39,MOUTH_RIGHT,0.4587900936603546,0.5694667100906372,-0.03586511313915253,0,0
39,LEFT_SHOULDER,0.45721831917762756,0.5891042947769165,0.06344562023878098,0,0
39,RIGHT_SHOULDER,0.42299047112464905,0.5863645672798157,-0.05338521674275398,0,0
39,LEFT_ELBOW,0.48622608184814453,0.6003677845001221,0.015728292986750603,0,0
39,RIGHT_ELBOW,0.40424975752830505,0.6110663414001465,-0.1344033032655716,0,0
39,LEFT_WRIST,0.4805736541748047,0.5975832939147949,-0.08140864968299866,0,0
39,RIGHT_WRIST,0.43921661376953125,0.6010289788246155,-0.1570306122303009,0,0
39,LEFT_PINKY,0.48375239968299866,0.5987881422042847,-0.09617636352777481,0,0
39,RIGHT_PINKY,0.44875970482826233,0.6010470986366272,-0.17181138694286346,0,0
39,LEFT_INDEX,0.4775647222995758,0.5937047600746155,-0.09213175624608994,0,0
39,RIGHT_INDEX,0.4510383903980255,0.5971132516860962,-0.16402432322502136,0,0
39,LEFT_THUMB,0.4766773283481598,0.5961194634437561,-0.08257164061069489,0,0
39,RIGHT_THUMB,0.44929519295692444,0.5974757075309753,-0.15281446278095245,0,0
39,LEFT_HIP,0.4313860535621643,0.705855667591095,0.04539736732840538,0,0
39,RIGHT_HIP,0.42588844895362854,0.7076752781867981,-0.04538470879197121,0,0
39,LEFT_KNEE,0.42637908458709717,0.7857166528701782,0.0578637458384037,0,0
39,RIGHT_KNEE,0.46084704995155334,0.7791789770126343,-0.07224147021770477,0,0
39,LEFT_ANKLE,0.3961433470249176,0.8634493947029114,0.07807935774326324,0,0
39,RIGHT_ANKLE,0.47489774227142334,0.8794267773628235,-0.07932145893573761,0,0
39,LEFT_HEEL,0.3886553645133972,0.8784351944923401,0.07829485833644867,0,0
39,RIGHT_HEEL,0.4709470868110657,0.8962348699569702,-0.08321741968393326,0,0
39,LEFT_FOOT_INDEX,0.4121290445327759,0.876149594783783,0.05415922403335571,0,0
39,RIGHT_FOOT_INDEX,0.49359825253486633,0.8888341784477234,-0.11945807188749313,0,0
40,NOSE,0.4660247266292572,0.5639408826828003,-0.03573702648282051,0,0
40,LEFT_EYE_INNER,0.46471771597862244,0.5553197264671326,-0.026434045284986496,0,0
40,LEFT_EYE,0.46450889110565186,0.5548392534255981,-0.0264174435287714,0,0
40,LEFT_EYE_OUTER,0.4642248749732971,0.5542594194412231,-0.02637626975774765,0,0
40,RIGHT_EYE_INNER,0.463490754365921,0.5549598932266235,-0.040230799466371536,0,0
40,RIGHT_EYE,0.4624573588371277,0.5542194843292236,-0.04024386778473854,0,0
40,RIGHT_EYE_OUTER,0.46124160289764404,0.5533196330070496,-0.04025286063551903,0,0
40,LEFT_EAR,0.458941251039505,0.5530720949172974,0.021946484223008156,0,0
40,RIGHT_EAR,0.4543383717536926,0.5515364408493042,-0.04029892385005951,0,0
40,MOUTH_LEFT,0.46428316831588745,0.5695376396179199,-0.01633130945265293,0,0
40,MOUTH_RIGHT,0.4627383053302765,0.569322943687439,-0.034461379051208496,0,0
40,LEFT_SHOULDER,0.459581196308136,0.5897414088249207,0.06675669550895691,0,0
40,RIGHT_SHOULDER,0.42505136132240295,0.586662769317627,-0.05738942325115204,0,0
40,LEFT_ELBOW,0.4856357276439667,0.6037746667861938,0.03490828350186348,0,0
40,RIGHT_ELBOW,0.40215346217155457,0.6097046732902527,-0.14343826472759247,0,0
40,LEFT_WRIST,0.48331546783447266,0.6108638644218445,-0.05399682745337486,0,0
40,RIGHT_WRIST,0.4338871240615845,0.6042699813842773,-0.19580450654029846,0,0
40,LEFT_PINKY,0.4873760938644409,0.6112401485443115,-0.06578346341848373,0,0
40,RIGHT_PINKY,0.44329318404197693,0.6027597784996033,-0.21288275718688965,0,0
40,LEFT_INDEX,0.48440492153167725,0.6107601523399353,-0.06670213490724564,0,0
40,RIGHT_INDEX,0.44601985812187195,0.5985159277915955,-0.2035033106803894,0,0
40,LEFT_THUMB,0.4823814332485199,0.6117497086524963,-0.056819938123226166,0,0
40,RIGHT_THUMB,0.4448487162590027,0.5990845561027527,-0.1912095695734024,0,0
40,LEFT_HIP,0.4332932233810425,0.7065286636352539,0.046852752566337585,0,0
40,RIGHT_HIP,0.4263540208339691,0.7084589600563049,-0.046854060143232346,0,0
40,LEFT_KNEE,0.4273490309715271,0.7879649996757507,0.07195999473333359,0,0
40,RIGHT_KNEE,0.46227726340293884,0.7803322076797485,-0.08799709379673004,0,0
40,LEFT_ANKLE,0.39623624086380005,0.863488495349884,0.0979044958949089,0,0
40,RIGHT_ANKLE,0.4752873480319977,0.8803083300590515,-0.10219600051641464,0,0
40,LEFT_HEEL,0.38857316970825195,0.878386378288269,0.0987328290939331,0,0
40,RIGHT_HEEL,0.4701575040817261,0.8975132703781128,-0.10561619699001312,0,0
40,LEFT_FOOT_INDEX,0.41196686029434204,0.8762827515602112,0.07920216023921967,0,0
40,RIGHT_FOOT_INDEX,0.4958038926124573,0.8910010457038879,-0.14156809449195862,0,0
41,NOSE,0.46671658754348755,0.5641198754310608,-0.0351923443377018,0,0
41,LEFT_EYE_INNER,0.4652952253818512,0.5553953051567078,-0.026159746572375298,0,0
41,LEFT_EYE,0.4650306701660156,0.5548807382583618,-0.02613789215683937,0,0
41,LEFT_EYE_OUTER,0.4646906852722168,0.5542511343955994,-0.026092594489455223,0,0
41,RIGHT_EYE_INNER,0.4641948640346527,0.5551233291625977,-0.04014231264591217,0,0
41,RIGHT_EYE,0.4631946384906769,0.5544344782829285,-0.040153659880161285,0,0
41,RIGHT_EYE_OUTER,0.462091326713562,0.553618848323822,-0.04016232490539551,0,0
41,LEFT_EAR,0.4597042202949524,0.5530695915222168,0.02137059159576893,0,0
41,RIGHT_EAR,0.45578712224960327,0.5519250631332397,-0.04218016564846039,0,0
41,MOUTH_LEFT,0.4649587571620941,0.5698785781860352,-0.01603381708264351,0,0
41,MOUTH_RIGHT,0.46369442343711853,0.5694611072540283,-0.034452974796295166,0,0
41,LEFT_SHOULDER,0.4600928723812103,0.5896616578102112,0.06802643835544586,0,0
41,RIGHT_SHOULDER,0.42558199167251587,0.5868126153945923,-0.05906210467219353,0,0
41,LEFT_ELBOW,0.48327523469924927,0.6044316291809082,0.05434691160917282,0,0
41,RIGHT_ELBOW,0.40126553177833557,0.6101333498954773,-0.14734990894794464,0,0
41,LEFT_WRIST,0.4838714301586151,0.6143625378608704,-0.01332925260066986,0,0
41,RIGHT_WRIST,0.4325272738933563,0.6059234738349915,-0.2025829255580902,0,0
41,LEFT_PINKY,0.48939523100852966,0.6143146753311157,-0.020705124363303185,0,0
41,RIGHT_PINKY,0.4425082504749298,0.6033643484115601,-0.2196817547082901,0,0
41,LEFT_INDEX,0.4871428310871124,0.6141423583030701,-0.02355886809527874,0,0
41,RIGHT_INDEX,0.4452836811542511,0.6009690165519714,-0.2098563015460968,0,0
41,LEFT_THUMB,0.4847789704799652,0.6147385835647583,-0.016272686421871185,0,0
41,RIGHT_THUMB,0.4441651701927185,0.6013275980949402,-0.19779987633228302,0,0
41,LEFT_HIP,0.43462228775024414,0.7072769999504089,0.04776003211736679,0,0
41,RIGHT_HIP,0.4266330897808075,0.7094866037368774,-0.04776909202337265,0,0
41,LEFT_KNEE,0.4273025393486023,0.7887961864471436,0.07594701647758484,0,0
41,RIGHT_KNEE,0.4628322720527649,0.780673623085022,-0.08915011584758759,0,0
41,LEFT_ANKLE,0.3963576853275299,0.863096296787262,0.1023193746805191,0,0
41,RIGHT_ANKLE,0.4753468930721283,0.8808380961418152,-0.10254192352294922,0,0
41,LEFT_HEEL,0.38850095868110657,0.8776088356971741,0.10329048335552216,0,0
41,RIGHT_HEEL,0.4700595736503601,0.8984460830688477,-0.10564474761486053,0,0
41,LEFT_FOOT_INDEX,0.41195201873779297,0.8762726187705994,0.08493462949991226,0,0
41,RIGHT_FOOT_INDEX,0.4964187741279602,0.891484260559082,-0.14042581617832184,0,0
42,NOSE,0.4687354862689972,0.5670425295829773,-0.05319370701909065,0,0
42,LEFT_EYE_INNER,0.467352956533432,0.557782769203186,-0.04393760859966278,0,0
42,LEFT_EYE,0.46699947118759155,0.5570001602172852,-0.0438978336751461,0,0
42,LEFT_EYE_OUTER,0.4664844870567322,0.5560392737388611,-0.043859824538230896,0,0
42,RIGHT_EYE_INNER,0.4663671851158142,0.5575323700904846,-0.05864690616726875,0,0
42,RIGHT_EYE,0.4654153287410736,0.5567054748535156,-0.058649539947509766,0,0
42,RIGHT_EYE_OUTER,0.4642385244369507,0.555681586265564,-0.058657653629779816,0,0
42,LEFT_EAR,0.46111613512039185,0.5538925528526306,0.005899297073483467,0,0
42,RIGHT_EAR,0.457658588886261,0.5528723001480103,-0.06176110729575157,0,0
42,MOUTH_LEFT,0.46637487411499023,0.5719767212867737,-0.03277835622429848,0,0
42,MOUTH_RIGHT,0.4654388725757599,0.5715090036392212,-0.05245682969689369,0,0
42,LEFT_SHOULDER,0.4605119526386261,0.5894587635993958,0.0633087009191513,0,0
42,RIGHT_SHOULDER,0.4260460436344147,0.5868751406669617,-0.07926847040653229,0,0
42,LEFT_ELBOW,0.4807882606983185,0.6054296493530273,0.13236315548419952,0,0
42,RIGHT_ELBOW,0.4036597013473511,0.6108279824256897,-0.1709272712469101,0,0
42,LEFT_WRIST,0.49438658356666565,0.6214296817779541,0.16147275269031525,0,0
42,RIGHT_WRIST,0.43313291668891907,0.612683892250061,-0.2339107245206833,0,0
42,LEFT_PINKY,0.5008545517921448,0.6248483061790466,0.17347179353237152,0,0
42,RIGHT_PINKY,0.44128990173339844,0.6148755550384521,-0.2509371042251587,0,0
42,LEFT_INDEX,0.5002738833427429,0.6256513595581055,0.1624816358089447,0,0
42,RIGHT_INDEX,0.44399136304855347,0.6103300452232361,-0.24391399323940277,0,0
42,LEFT_THUMB,0.4976455569267273,0.625123143196106,0.15832382440567017,0,0
42,RIGHT_THUMB,0.44301334023475647,0.6095400452613831,-0.23046134412288666,0,0
42,LEFT_HIP,0.4328228235244751,0.7084090113639832,0.0482696034014225,0,0
42,RIGHT_HIP,0.43059200048446655,0.7123786211013794,-0.04828132316470146,0,0
42,LEFT_KNEE,0.42658504843711853,0.7893994450569153,0.07781866192817688,0,0
42,RIGHT_KNEE,0.46553942561149597,0.7819888591766357,-0.08844029903411865,0,0
42,LEFT_ANKLE,0.3963441848754883,0.8631189465522766,0.10268110781908035,0,0
42,RIGHT_ANKLE,0.47636228799819946,0.880911111831665,-0.09303758293390274,0,0
42,LEFT_HEEL,0.38843393325805664,0.8775976300239563,0.10341322422027588,0,0
42,RIGHT_HEEL,0.4710082411766052,0.8991761803627014,-0.09544195979833603,0,0
42,LEFT_FOOT_INDEX,0.41189977526664734,0.8763023018836975,0.08696672320365906,0,0
42,RIGHT_FOOT_INDEX,0.4959169924259186,0.8922843933105469,-0.13901665806770325,0,0
43,NOSE,0.47084474563598633,0.5661664009094238,-0.03249676898121834,0,0
43,LEFT_EYE_INNER,0.4693071246147156,0.5568193793296814,-0.024030227214097977,0,0
43,LEFT_EYE,0.4688911437988281,0.5560850501060486,-0.024008668959140778,0,0
43,LEFT_EYE_OUTER,0.4683469831943512,0.5552002191543579,-0.023979123681783676,0,0
43,RIGHT_EYE_INNER,0.4684794545173645,0.5566724538803101,-0.03901689499616623,0,0
43,RIGHT_EYE,0.46758145093917847,0.555938184261322,-0.039015837013721466,0,0
43,RIGHT_EYE_OUTER,0.4665278494358063,0.5550372004508972,-0.03902100399136543,0,0
43,LEFT_EAR,0.4622836410999298,0.5537987351417542,0.017751066014170647,0,0
43,RIGHT_EAR,0.46010446548461914,0.5531511306762695,-0.04960773512721062,0,0
43,MOUTH_LEFT,0.468661367893219,0.571398138999939,-0.014821027405560017,0,0
43,MOUTH_RIGHT,0.46770843863487244,0.5710512399673462,-0.03481273725628853,0,0
43,LEFT_SHOULDER,0.46101871132850647,0.589521050453186,0.06535328179597855,0,0
43,RIGHT_SHOULDER,0.43096256256103516,0.5870166420936584,-0.0746869370341301,0,0
43,LEFT_ELBOW,0.48162680864334106,0.61130690574646,0.1450321525335312,0,0
43,RIGHT_ELBOW,0.4103544354438782,0.6122521758079529,-0.16025550663471222,0,0
43,LEFT_WRIST,0.5027550458908081,0.6330870389938354,0.16345050930976868,0,0
43,RIGHT_WRIST,0.43745359778404236,0.6240726709365845,-0.22514455020427704,0,0
43,LEFT_PINKY,0.5093613266944885,0.6394394040107727,0.1732451170682907,0,0
43,RIGHT_PINKY,0.44450318813323975,0.6301648616790771,-0.24366171658039093,0,0
43,LEFT_INDEX,0.5087866187095642,0.6391904354095459,0.15888899564743042,0,0
43,RIGHT_INDEX,0.447726309299469,0.6260682344436646,-0.2384742796421051,0,0
43,LEFT_THUMB,0.5058615207672119,0.6370603442192078,0.1583116352558136,0,0
43,RIGHT_THUMB,0.44658663868904114,0.6247280836105347,-0.22313208878040314,0,0
43,LEFT_HIP,0.4318581819534302,0.7084351778030396,0.0485619381070137,0,0
43,RIGHT_HIP,0.4340426027774811,0.7133772969245911,-0.04858291894197464,0,0
43,LEFT_KNEE,0.4261656701564789,0.7893147468566895,0.0757894366979599,0,0
43,RIGHT_KNEE,0.4679783880710602,0.7820494771003723,-0.07112877815961838,0,0
43,LEFT_ANKLE,0.3963819742202759,0.8629018068313599,0.10207853466272354,0,0
43,RIGHT_ANKLE,0.47607165575027466,0.8812264204025269,-0.06877098232507706,0,0
43,LEFT_HEEL,0.38838231563568115,0.8765833377838135,0.10306365042924881,0,0
43,RIGHT_HEEL,0.47054392099380493,0.8996126651763916,-0.07023027539253235,0,0
43,LEFT_FOOT_INDEX,0.4118621051311493,0.8766892552375793,0.08681956678628922,0,0
43,RIGHT_FOOT_INDEX,0.4961448013782501,0.8932338356971741,-0.10082605481147766,0,0
44,NOSE,0.47167158126831055,0.5606510639190674,-0.015495166182518005,0,0
44,LEFT_EYE_INNER,0.46965399384498596,0.5516881942749023,-0.007837332785129547,0,0
44,LEFT_EYE,0.4691222012042999,0.5511655211448669,-0.007821342907845974,0,0
44,LEFT_EYE_OUTER,0.4684644043445587,0.5505057573318481,-0.007800151128321886,0,0
44,RIGHT_EYE_INNER,0.4695294499397278,0.5518834590911865,-0.023191535845398903,0,0
44,RIGHT_EYE,0.46895360946655273,0.5515305995941162,-0.023189444094896317,0,0
44,RIGHT_EYE_OUTER,0.46823984384536743,0.5510266423225403,-0.02320072241127491,0,0
44,LEFT_EAR,0.4623846113681793,0.5514830946922302,0.02826620265841484,0,0
44,RIGHT_EAR,0.4627135097980499,0.5516117215156555,-0.04214664548635483,0,0
44,MOUTH_LEFT,0.46948114037513733,0.56728595495224,-0.0004521988157648593,0,0
44,MOUTH_RIGHT,0.46920526027679443,0.566996693611145,-0.0208739023655653,0,0
44,LEFT_SHOULDER,0.4582463502883911,0.5892012119293213,0.07950282096862793,0,0
44,RIGHT_SHOULDER,0.44323140382766724,0.5850017070770264,-0.07275716215372086,0,0
44,LEFT_ELBOW,0.4787549078464508,0.6134280562400818,0.14004163444042206,0,0
44,RIGHT_ELBOW,0.42323535680770874,0.6137133836746216,-0.15216149389743805,0,0
44,LEFT_WRIST,0.5003494024276733,0.6350107192993164,0.1436176598072052,0,0
44,RIGHT_WRIST,0.4478112757205963,0.6398630738258362,-0.20872551202774048,0,0
44,LEFT_PINKY,0.5067855715751648,0.6456647515296936,0.14923831820487976,0,0
44,RIGHT_PINKY,0.45126649737358093,0.647190272808075,-0.22755862772464752,0,0
44,LEFT_INDEX,0.5063623189926147,0.6452093124389648,0.1345522105693817,0,0
44,RIGHT_INDEX,0.45629987120628357,0.6417734622955322,-0.221474751830101,0,0
44,LEFT_THUMB,0.5031977295875549,0.640848696231842,0.13767512142658234,0,0
44,RIGHT_THUMB,0.45647427439689636,0.639690101146698,-0.20619505643844604,0,0
44,LEFT_HIP,0.4309561848640442,0.707658052444458,0.04892180114984512,0,0
44,RIGHT_HIP,0.4383447766304016,0.712658703327179,-0.04892479628324509,0,0
44,LEFT_KNEE,0.42612946033477783,0.7862052917480469,0.06547893583774567,0,0
44,RIGHT_KNEE,0.4696895480155945,0.7825779318809509,-0.0676155611872673,0,0
44,LEFT_ANKLE,0.3963676691055298,0.8616935014724731,0.08120767772197723,0,0
44,RIGHT_ANKLE,0.4762691557407379,0.8814001083374023,-0.07035078853368759,0,0
44,LEFT_HEEL,0.3884038031101227,0.87545245885849,0.0807628408074379,0,0
44,RIGHT_HEEL,0.47056978940963745,0.8999461531639099,-0.07234499603509903,0,0
44,LEFT_FOOT_INDEX,0.41179779171943665,0.8765853047370911,0.06219194084405899,0,0
44,RIGHT_FOOT_INDEX,0.4965002238750458,0.8932217359542847,-0.10170727223157883,0,0
45,NOSE,0.4719834327697754,0.5592131018638611,-0.015040024183690548,0,0
45,LEFT_EYE_INNER,0.47025835514068604,0.549906849861145,-0.007210579700767994,0,0
45,LEFT_EYE,0.4697493314743042,0.5494053959846497,-0.007195700891315937,0,0
45,LEFT_EYE_OUTER,0.4691486358642578,0.5487812161445618,-0.007175186183303595,0,0
45,RIGHT_EYE_INNER,0.47006383538246155,0.5500906109809875,-0.022382859140634537,0,0
45,RIGHT_EYE,0.46946558356285095,0.549752414226532,-0.02238297089934349,0,0
45,RIGHT_EYE_OUTER,0.46874192357063293,0.5492641925811768,-0.022394709289073944,0,0
45,LEFT_EAR,0.46345144510269165,0.550309956073761,0.029935428872704506,0,0
45,RIGHT_EAR,0.46306583285331726,0.5505669713020325,-0.03983280435204506,0,0
45,MOUTH_LEFT,0.47003045678138733,0.5659924745559692,0.00036575173726305366,0,0
45,MOUTH_RIGHT,0.46966955065727234,0.565784215927124,-0.01979418657720089,0,0
45,LEFT_SHOULDER,0.4589395225048065,0.5890273451805115,0.08225707709789276,0,0
45,RIGHT_SHOULDER,0.44426679611206055,0.5829662680625916,-0.07161585241556168,0,0
45,LEFT_ELBOW,0.4782610535621643,0.614977240562439,0.13946838676929474,0,0
45,RIGHT_ELBOW,0.42728284001350403,0.6140621304512024,-0.15143123269081116,0,0
45,LEFT_WRIST,0.501206636428833,0.6356599926948547,0.14446234703063965,0,0
45,RIGHT_WRIST,0.4501308500766754,0.6414108872413635,-0.20890508592128754,0,0
45,LEFT_PINKY,0.5081896781921387,0.6473227143287659,0.1498693972826004,0,0
45,RIGHT_PINKY,0.4514589011669159,0.6495810151100159,-0.228007510304451,0,0
45,LEFT_INDEX,0.5085355043411255,0.645534873008728,0.13485120236873627,0,0
45,RIGHT_INDEX,0.4578362703323364,0.6439833641052246,-0.22246353328227997,0,0
45,LEFT_THUMB,0.5054152011871338,0.6410285830497742,0.13827726244926453,0,0
45,RIGHT_THUMB,0.4586407542228699,0.6413618326187134,-0.20666243135929108,0,0
45,LEFT_HIP,0.4305866062641144,0.7070874571800232,0.04905886948108673,0,0
45,RIGHT_HIP,0.43878278136253357,0.712331235408783,-0.0490386076271534,0,0
45,LEFT_KNEE,0.42592623829841614,0.7855099439620972,0.06436756253242493,0,0
45,RIGHT_KNEE,0.46992650628089905,0.7825081944465637,-0.0682254284620285,0,0
45,LEFT_ANKLE,0.39630162715911865,0.8615849614143372,0.08118701726198196,0,0
45,RIGHT_ANKLE,0.47643640637397766,0.8810082674026489,-0.0773637667298317,0,0
45,LEFT_HEEL,0.3883746862411499,0.8754591941833496,0.0807722732424736,0,0
45,RIGHT_HEEL,0.47023433446884155,0.9001730680465698,-0.08041351288557053,0,0
45,LEFT_FOOT_INDEX,0.41190335154533386,0.8765445351600647,0.06094392389059067,0,0
45,RIGHT_FOOT_INDEX,0.4957459568977356,0.8929272890090942,-0.11303600668907166,0,0
46,NOSE,0.4712720811367035,0.5571966171264648,0.027525631710886955,0,0
46,LEFT_EYE_INNER,0.46939611434936523,0.5471154451370239,0.030114684253931046,0,0
46,LEFT_EYE,0.46865925192832947,0.5462550520896912,0.030114084482192993,0,0
46,LEFT_EYE_OUTER,0.4679087698459625,0.5453830361366272,0.030085118487477303,0,0
46,RIGHT_EYE_INNER,0.47010374069213867,0.5483618378639221,0.015057557262480259,0,0
46,RIGHT_EYE,0.4699364900588989,0.5483925342559814,0.01507407333701849,0,0
46,RIGHT_EYE_OUTER,0.4697268605232239,0.5482836961746216,0.015059802681207657,0,0
46,LEFT_EAR,0.46237891912460327,0.546559751033783,0.042132627218961716,0,0
46,RIGHT_EAR,0.46556082367897034,0.5497084259986877,-0.026726223528385162,0,0
46,MOUTH_LEFT,0.4686587452888489,0.5637559294700623,0.03413041681051254,0,0
46,MOUTH_RIGHT,0.46905338764190674,0.564518392086029,0.014041519723832607,0,0
46,LEFT_SHOULDER,0.4409976601600647,0.5788154006004333,0.08406659215688705,0,0
46,RIGHT_SHOULDER,0.4544937312602997,0.585528552532196,-0.07120153307914734,0,0
46,LEFT_ELBOW,0.4433887302875519,0.623184859752655,0.15833869576454163,0,0
46,RIGHT_ELBOW,0.4474758505821228,0.6313287019729614,-0.1285080909729004,0,0
46,LEFT_WRIST,0.47918686270713806,0.6354813575744629,0.20275619626045227,0,0
46,RIGHT_WRIST,0.47759684920310974,0.6606648564338684,-0.1711871176958084,0,0
46,LEFT_PINKY,0.4861559271812439,0.6405220627784729,0.21447952091693878,0,0
46,RIGHT_PINKY,0.4852551519870758,0.663887619972229,-0.18890081346035004,0,0
46,LEFT_INDEX,0.4901295602321625,0.6386520862579346,0.19951175153255463,0,0
46,RIGHT_INDEX,0.48825803399086,0.6577733755111694,-0.18298302590847015,0,0
46,LEFT_THUMB,0.4875752627849579,0.6375751495361328,0.19776877760887146,0,0
46,RIGHT_THUMB,0.4854608476161957,0.6561505198478699,-0.16916687786579132,0,0
46,LEFT_HIP,0.42458492517471313,0.701740562915802,0.049431852996349335,0,0
46,RIGHT_HIP,0.4410940408706665,0.7082837224006653,-0.049416374415159225,0,0
46,LEFT_KNEE,0.42149052023887634,0.7801598310470581,0.06743335723876953,0,0
46,RIGHT_KNEE,0.46989500522613525,0.7815186381340027,-0.05818589776754379,0,0
46,LEFT_ANKLE,0.3961743414402008,0.8580747842788696,0.08857539296150208,0,0
46,RIGHT_ANKLE,0.47667884826660156,0.8805220127105713,-0.06037326157093048,0,0
46,LEFT_HEEL,0.3882390260696411,0.8730478286743164,0.08934852480888367,0,0
46,RIGHT_HEEL,0.4704021215438843,0.9002265930175781,-0.06108555942773819,0,0
46,LEFT_FOOT_INDEX,0.41186952590942383,0.8752642869949341,0.07321871817111969,0,0
46,RIGHT_FOOT_INDEX,0.49592703580856323,0.892846405506134,-0.07851115614175797,0,0
47,NOSE,0.4709773063659668,0.5515775084495544,0.04319194331765175,0,0
47,LEFT_EYE_INNER,0.46896156668663025,0.541989266872406,0.03839680925011635,0,0
47,LEFT_EYE,0.46739548444747925,0.5410183668136597,0.038397084921598434,0,0
47,LEFT_EYE_OUTER,0.4659888446331024,0.5401850938796997,0.03836251050233841,0,0
47,RIGHT_EYE_INNER,0.4690655767917633,0.5442911386489868,0.027275269851088524,0,0
47,RIGHT_EYE,0.4691048562526703,0.5447859168052673,0.027280934154987335,0,0
47,RIGHT_EYE_OUTER,0.46922481060028076,0.545212984085083,0.027236947789788246,0,0
47,LEFT_EAR,0.46147048473358154,0.5422812104225159,0.027004307135939598,0,0
47,RIGHT_EAR,0.4662540853023529,0.5475090742111206,-0.02647310122847557,0,0
47,MOUTH_LEFT,0.4676440358161926,0.5572822093963623,0.04074273258447647,0,0
47,MOUTH_RIGHT,0.4680474102497101,0.5595767498016357,0.026001952588558197,0,0
47,LEFT_SHOULDER,0.43330347537994385,0.5734542608261108,0.060603559017181396,0,0
47,RIGHT_SHOULDER,0.4636721909046173,0.593279242515564,-0.07405276596546173,0,0
47,LEFT_ELBOW,0.4340004622936249,0.6249545216560364,0.14520372450351715,0,0
47,RIGHT_ELBOW,0.4701654314994812,0.6482864618301392,-0.09979958087205887,0,0
47,LEFT_WRIST,0.4499426782131195,0.6373308897018433,0.21533502638339996,0,0
47,RIGHT_WRIST,0.5020690560340881,0.6767634153366089,-0.10924573987722397,0,0
47,LEFT_PINKY,0.4519229829311371,0.6413120031356812,0.22997866570949554,0,0
47,RIGHT_PINKY,0.5097891688346863,0.6826594471931458,-0.12194124609231949,0,0
47,LEFT_INDEX,0.4553939700126648,0.6376002430915833,0.22076120972633362,0,0
47,RIGHT_INDEX,0.5105566382408142,0.675563395023346,-0.11879872530698776,0,0
47,LEFT_THUMB,0.4563153386116028,0.637420117855072,0.2139086276292801,0,0
47,RIGHT_THUMB,0.5082505345344543,0.673037052154541,-0.1074506863951683,0,0
47,LEFT_HIP,0.4236029088497162,0.7016088962554932,0.04924195259809494,0,0
47,RIGHT_HIP,0.4449264109134674,0.7086212038993835,-0.04924517869949341,0,0
47,LEFT_KNEE,0.416084885597229,0.7715768218040466,0.09850527346134186,0,0
47,RIGHT_KNEE,0.46998876333236694,0.7816153168678284,-0.039256416261196136,0,0
47,LEFT_ANKLE,0.396159827709198,0.8502368927001953,0.1514635682106018,0,0
47,RIGHT_ANKLE,0.4771866202354431,0.8806032538414001,-0.023396290838718414,0,0
47,LEFT_HEEL,0.38822972774505615,0.8663450479507446,0.15642859041690826,0,0
47,RIGHT_HEEL,0.47114789485931396,0.900311291217804,-0.021650422364473343,0,0
47,LEFT_FOOT_INDEX,0.411272794008255,0.8700525760650635,0.15143556892871857,0,0
47,RIGHT_FOOT_INDEX,0.49568870663642883,0.8930200934410095,-0.034971218556165695,0,0
48,NOSE,0.46614035964012146,0.5437064170837402,0.07378603518009186,0,0
48,LEFT_EYE_INNER,0.46417930722236633,0.5343357920646667,0.06545849144458771,0,0
48,LEFT_EYE,0.46237385272979736,0.5333415865898132,0.06545296311378479,0,0
48,LEFT_EYE_OUTER,0.46069642901420593,0.5325584411621094,0.0654166117310524,0,0
48,RIGHT_EYE_INNER,0.4679376780986786,0.5372989773750305,0.058387283235788345,0,0
48,RIGHT_EYE,0.46865278482437134,0.5380857586860657,0.0584055632352829,0,0
48,RIGHT_EYE_OUTER,0.46823662519454956,0.5388553738594055,0.058379776775836945,0,0
48,LEFT_EAR,0.456585556268692,0.5358026027679443,0.03571324050426483,0,0
48,RIGHT_EAR,0.4659527838230133,0.5421754121780396,0.00538301607593894,0,0
48,MOUTH_LEFT,0.46238335967063904,0.5489499568939209,0.06705339252948761,0,0
48,MOUTH_RIGHT,0.4662013649940491,0.551831841468811,0.057678110897541046,0,0
48,LEFT_SHOULDER,0.42897382378578186,0.5687991976737976,0.05993642657995224,0,0
48,RIGHT_SHOULDER,0.4695853292942047,0.5933195948600769,-0.04468848556280136,0,0
48,LEFT_ELBOW,0.42538943886756897,0.6047883033752441,0.14469172060489655,0,0
48,RIGHT_ELBOW,0.488525927066803,0.6458317637443542,-0.05568890646100044,0,0
48,LEFT_WRIST,0.4416183829307556,0.6058041453361511,0.2332814484834671,0,0
48,RIGHT_WRIST,0.5206332802772522,0.664171040058136,-0.04856900870800018,0,0
48,LEFT_PINKY,0.4434570372104645,0.6060609817504883,0.25048983097076416,0,0
48,RIGHT_PINKY,0.5279678106307983,0.6696458458900452,-0.05635445564985275,0,0
48,LEFT_INDEX,0.4469192326068878,0.6042036414146423,0.24519610404968262,0,0
48,RIGHT_INDEX,0.5282361507415771,0.6636040210723877,-0.05158086493611336,0,0
48,LEFT_THUMB,0.4477584660053253,0.6060342788696289,0.23441505432128906,0,0
48,RIGHT_THUMB,0.5254579782485962,0.6612472534179688,-0.04551529511809349,0,0
48,LEFT_HIP,0.42191967368125916,0.6989362835884094,0.04044725373387337,0,0
48,RIGHT_HIP,0.44710952043533325,0.7058006525039673,-0.04052497074007988,0,0
48,LEFT_KNEE,0.41031551361083984,0.7640519142150879,0.11418235301971436,0,0
48,RIGHT_KNEE,0.46970072388648987,0.7817537188529968,-0.02347429282963276,0,0
48,LEFT_ANKLE,0.3962628245353699,0.8411810398101807,0.1556306630373001,0,0
48,RIGHT_ANKLE,0.4776960015296936,0.8805309534072876,-0.02570813149213791,0,0
48,LEFT_HEEL,0.39054882526397705,0.8561125993728638,0.16014328598976135,0,0
48,RIGHT_HEEL,0.4726196527481079,0.9003876447677612,-0.02481277473270893,0,0
48,LEFT_FOOT_INDEX,0.4088207185268402,0.8494121432304382,0.16116401553153992,0,0
48,RIGHT_FOOT_INDEX,0.49497297406196594,0.8921789526939392,-0.031615301966667175,0,0
49,NOSE,0.46344393491744995,0.538827657699585,0.07077311724424362,0,0
49,LEFT_EYE_INNER,0.4618383049964905,0.529559314250946,0.06135787069797516,0,0
49,LEFT_EYE,0.4601634442806244,0.5285292267799377,0.06135118007659912,0,0
49,LEFT_EYE_OUTER,0.45857125520706177,0.5276819467544556,0.061325863003730774,0,0
49,RIGHT_EYE_INNER,0.46651649475097656,0.5324069261550903,0.056202638894319534,0,0
49,RIGHT_EYE,0.4682939648628235,0.5331665873527527,0.05621673911809921,0,0
49,RIGHT_EYE_OUTER,0.4676876962184906,0.5339091420173645,0.05619283765554428,0,0
49,LEFT_EAR,0.45434585213661194,0.5303390622138977,0.033975839614868164,0,0
49,RIGHT_EAR,0.4658931791782379,0.5372565984725952,0.007634537294507027,0,0
49,MOUTH_LEFT,0.46008217334747314,0.5440667271614075,0.06358738243579865,0,0
49,MOUTH_RIGHT,0.46452799439430237,0.5469580888748169,0.05655312165617943,0,0
49,LEFT_SHOULDER,0.42639079689979553,0.5643829703330994,0.039354823529720306,0,0
49,RIGHT_SHOULDER,0.4704781770706177,0.591715931892395,-0.029164690524339676,0,0
49,LEFT_ELBOW,0.41524940729141235,0.6041989326477051,0.1118779182434082,0,0
49,RIGHT_ELBOW,0.4917396903038025,0.6424435377120972,-0.033560555428266525,0,0
49,LEFT_WRIST,0.4294416606426239,0.6103054285049438,0.1885826587677002,0,0
49,RIGHT_WRIST,0.520013689994812,0.6345970630645752,-0.014171318151056767,0,0
49,LEFT_PINKY,0.4325043261051178,0.6120542883872986,0.20325972139835358,0,0
49,RIGHT_PINKY,0.5291059017181396,0.6404973268508911,-0.017621371895074844,0,0
49,LEFT_INDEX,0.4362562894821167,0.610447883605957,0.19694951176643372,0,0
49,RIGHT_INDEX,0.5294056534767151,0.6340320706367493,-0.010109620168805122,0,0
49,LEFT_THUMB,0.4364076852798462,0.6111610531806946,0.18917427957057953,0,0
49,RIGHT_THUMB,0.5259607434272766,0.6325646042823792,-0.009600242599844933,0,0
49,LEFT_HIP,0.4215901494026184,0.6971670985221863,0.02923056110739708,0,0
49,RIGHT_HIP,0.45028194785118103,0.7045992016792297,-0.029385438188910484,0,0
49,LEFT_KNEE,0.4076623320579529,0.7578178644180298,0.12586458027362823,0,0
49,RIGHT_KNEE,0.46934160590171814,0.7819487452507019,-0.003654475323855877,0,0
49,LEFT_ANKLE,0.3962591588497162,0.8292688727378845,0.17361778020858765,0,0
49,RIGHT_ANKLE,0.47761985659599304,0.8798934817314148,-0.01943879947066307,0,0
49,LEFT_HEEL,0.39272627234458923,0.8444792032241821,0.17949803173542023,0,0
49,RIGHT_HEEL,0.47380679845809937,0.9003193378448486,-0.0196443609893322,0,0
49,LEFT_FOOT_INDEX,0.4032159447669983,0.8293903470039368,0.18296900391578674,0,0
49,RIGHT_FOOT_INDEX,0.49440982937812805,0.8921827673912048,-0.02742965891957283,0,0
50,NOSE,0.4613656997680664,0.5358619689941406,0.0887126624584198,0,0
50,LEFT_EYE_INNER,0.4602205157279968,0.5268292427062988,0.07772566378116608,0,0
50,LEFT_EYE,0.4587191641330719,0.5258868932723999,0.07770491391420364,0,0
50,LEFT_EYE_OUTER,0.4572559893131256,0.5251418352127075,0.0776822417974472,0,0
50,RIGHT_EYE_INNER,0.46475517749786377,0.5292767882347107,0.07240810245275497,0,0
50,RIGHT_EYE,0.46689745783805847,0.5299007892608643,0.07242957502603531,0,0
50,RIGHT_EYE_OUTER,0.46756303310394287,0.5305399298667908,0.07239247858524323,0,0
50,LEFT_EAR,0.45303875207901,0.5274898409843445,0.0414692685008049,0,0
50,RIGHT_EAR,0.4653092920780182,0.5346140265464783,0.01803872548043728,0,0
50,MOUTH_LEFT,0.45811229944229126,0.5408151149749756,0.08018510043621063,0,0
50,MOUTH_RIGHT,0.46258774399757385,0.543581485748291,0.07291792333126068,0,0
50,LEFT_SHOULDER,0.42429354786872864,0.559323787689209,0.03470398485660553,0,0
50,RIGHT_SHOULDER,0.4693398177623749,0.5828616619110107,-0.004376963712275028,0,0
50,LEFT_ELBOW,0.4058583974838257,0.605120062828064,0.10791781544685364,0,0
50,RIGHT_ELBOW,0.4834658205509186,0.6173170804977417,0.03434918820858002,0,0
50,LEFT_WRIST,0.4181257486343384,0.6083763241767883,0.19829759001731873,0,0
50,RIGHT_WRIST,0.4984128773212433,0.595762312412262,0.12066655606031418,0,0
50,LEFT_PINKY,0.4208858609199524,0.6103391647338867,0.21483013033866882,0,0
50,RIGHT_PINKY,0.5052759051322937,0.5962665677070618,0.1304960697889328,0,0
50,LEFT_INDEX,0.42438042163848877,0.6083469390869141,0.21025080978870392,0,0
50,RIGHT_INDEX,0.5051259994506836,0.5906134843826294,0.1367175132036209,0,0
50,LEFT_THUMB,0.424682080745697,0.6089715361595154,0.2001260668039322,0,0
50,RIGHT_THUMB,0.502712070941925,0.5919149518013,0.12662988901138306,0,0
50,LEFT_HIP,0.4209979176521301,0.6961010694503784,0.019636867567896843,0,0
50,RIGHT_HIP,0.4498576521873474,0.7031005024909973,-0.01987425610423088,0,0
50,LEFT_KNEE,0.4064207375049591,0.7531160712242126,0.12683971226215363,0,0
50,RIGHT_KNEE,0.4664612114429474,0.7821000218391418,0.026754209771752357,0,0
50,LEFT_ANKLE,0.39508000016212463,0.8228902816772461,0.17424225807189941,0,0
50,RIGHT_ANKLE,0.47725918889045715,0.8792986273765564,0.015094297006726265,0,0
50,LEFT_HEEL,0.39221251010894775,0.8393639922142029,0.1810131072998047,0,0
50,RIGHT_HEEL,0.47352680563926697,0.9002053737640381,0.015760473906993866,0,0
50,LEFT_FOOT_INDEX,0.3980920612812042,0.8187282681465149,0.19304688274860382,0,0
50,RIGHT_FOOT_INDEX,0.4928005039691925,0.8923645615577698,0.01769162341952324,0,0
51,NOSE,0.46009618043899536,0.534004271030426,0.09748634696006775,0,0
51,LEFT_EYE_INNER,0.45903751254081726,0.5254442095756531,0.08414459973573685,0,0
51,LEFT_EYE,0.4575609564781189,0.5246212482452393,0.08412887901067734,0,0
51,LEFT_EYE_OUTER,0.4560663402080536,0.5239911675453186,0.08411124348640442,0,0
51,RIGHT_EYE_INNER,0.4635084271430969,0.5275161862373352,0.08146823942661285,0,0
51,RIGHT_EYE,0.46568360924720764,0.5280953049659729,0.08149123936891556,0,0
51,RIGHT_EYE_OUTER,0.46715933084487915,0.5287274122238159,0.08145303279161453,0,0
51,LEFT_EAR,0.45201072096824646,0.5265589952468872,0.040327634662389755,0,0
51,RIGHT_EAR,0.46518436074256897,0.533599317073822,0.02739139087498188,0,0
51,MOUTH_LEFT,0.45720168948173523,0.5393304824829102,0.0857146680355072,0,0
51,MOUTH_RIGHT,0.4616279900074005,0.5417786836624146,0.08196897804737091,0,0
51,LEFT_SHOULDER,0.4247014820575714,0.5571352243423462,0.029040085151791573,0,0
51,RIGHT_SHOULDER,0.47153955698013306,0.580685019493103,0.004286142531782389,0,0
51,LEFT_ELBOW,0.4070717990398407,0.6053028106689453,0.09816082566976547,0,0
51,RIGHT_ELBOW,0.48370739817619324,0.6129233241081238,0.049405232071876526,0,0
51,LEFT_WRIST,0.41908740997314453,0.6096915602684021,0.1908663660287857,0,0
51,RIGHT_WRIST,0.49458450078964233,0.5919306874275208,0.14356929063796997,0,0
51,LEFT_PINKY,0.42219310998916626,0.612023115158081,0.208310067653656,0,0
51,RIGHT_PINKY,0.49974119663238525,0.5916644334793091,0.15634043514728546,0,0
51,LEFT_INDEX,0.4253178536891937,0.6109918355941772,0.20479387044906616,0,0
51,RIGHT_INDEX,0.4984854757785797,0.586188018321991,0.16155384480953217,0,0
51,LEFT_THUMB,0.4253493845462799,0.6108476519584656,0.19333098828792572,0,0
51,RIGHT_THUMB,0.49621570110321045,0.5870252251625061,0.14923469722270966,0,0
51,LEFT_HIP,0.42110395431518555,0.6957141160964966,0.01770770736038685,0,0
51,RIGHT_HIP,0.4497477412223816,0.7021735310554504,-0.01798061653971672,0,0
51,LEFT_KNEE,0.4061391055583954,0.7517877817153931,0.11977668106555939,0,0
51,RIGHT_KNEE,0.4652494490146637,0.7821573615074158,0.023063234984874725,0,0
51,LEFT_ANKLE,0.3946493864059448,0.8206159472465515,0.15776090323925018,0,0
51,RIGHT_ANKLE,0.47727838158607483,0.8786343336105347,0.0027836053632199764,0,0
51,LEFT_HEEL,0.39206448197364807,0.8383672833442688,0.1634339541196823,0,0
51,RIGHT_HEEL,0.47353750467300415,0.8999985456466675,0.0025952085852622986,0,0
51,LEFT_FOOT_INDEX,0.39707276225090027,0.8185635209083557,0.17649346590042114,0,0
51,RIGHT_FOOT_INDEX,0.49145373702049255,0.890911877155304,0.0065613859333097935,0,0
52,NOSE,0.46078917384147644,0.5364404916763306,0.1033954918384552,0,0
52,LEFT_EYE_INNER,0.45968377590179443,0.5277458429336548,0.0906762182712555,0,0
52,LEFT_EYE,0.45838749408721924,0.5267760157585144,0.09067638218402863,0,0
52,LEFT_EYE_OUTER,0.45701172947883606,0.525998592376709,0.09065886586904526,0,0
52,RIGHT_EYE_INNER,0.4640142023563385,0.5300185680389404,0.0870971754193306,0,0
52,RIGHT_EYE,0.4660317301750183,0.5305156707763672,0.08711019158363342,0,0
52,RIGHT_EYE_OUTER,0.4674045443534851,0.5310099720954895,0.08708654344081879,0,0
52,LEFT_EAR,0.4526352286338806,0.5276800394058228,0.04384059086441994,0,0
52,RIGHT_EAR,0.4654906690120697,0.5346608757972717,0.027387432754039764,0,0
52,MOUTH_LEFT,0.4580497443675995,0.5409871339797974,0.09028785675764084,0,0
52,MOUTH_RIGHT,0.46165910363197327,0.5437865853309631,0.08509515970945358,0,0
52,LEFT_SHOULDER,0.4232371151447296,0.5588759779930115,0.01984148845076561,0,0
52,RIGHT_SHOULDER,0.46910130977630615,0.5769966840744019,0.015203521586954594,0,0
52,LEFT_ELBOW,0.40416985750198364,0.610771656036377,0.09101121872663498,0,0
52,RIGHT_ELBOW,0.45722758769989014,0.6145033836364746,0.06016896292567253,0,0
52,LEFT_WRIST,0.42342039942741394,0.605211615562439,0.21027861535549164,0,0
52,RIGHT_WRIST,0.4471530616283417,0.5873839855194092,0.15068265795707703,0,0
52,LEFT_PINKY,0.4275527596473694,0.6033670902252197,0.22649823129177094,0,0
52,RIGHT_PINKY,0.44721969962120056,0.582154393196106,0.16639746725559235,0,0
52,LEFT_INDEX,0.42929941415786743,0.6013927459716797,0.22532624006271362,0,0
52,RIGHT_INDEX,0.44414129853248596,0.5768079161643982,0.16929380595684052,0,0
52,LEFT_THUMB,0.42829278111457825,0.6014190316200256,0.21339532732963562,0,0
52,RIGHT_THUMB,0.44336047768592834,0.5782774090766907,0.15514203906059265,0,0
52,LEFT_HIP,0.4204384386539459,0.6965360641479492,0.009772812947630882,0,0
52,RIGHT_HIP,0.4502541720867157,0.7028712630271912,-0.009951318614184856,0,0
52,LEFT_KNEE,0.40316134691238403,0.7491525411605835,0.11291205137968063,0,0
52,RIGHT_KNEE,0.46517327427864075,0.7830689549446106,0.03814469650387764,0,0
52,LEFT_ANKLE,0.3914068341255188,0.8239818215370178,0.15184113383293152,0,0
52,RIGHT_ANKLE,0.4775071144104004,0.8785971999168396,0.019317854195833206,0,0
52,LEFT_HEEL,0.39169421792030334,0.8415778279304504,0.15742848813533783,0,0
52,RIGHT_HEEL,0.47369006276130676,0.8999447822570801,0.019343115389347076,0,0
52,LEFT_FOOT_INDEX,0.390278697013855,0.8191753029823303,0.16755500435829163,0,0
52,RIGHT_FOOT_INDEX,0.4914275109767914,0.8911018371582031,0.020471425727009773,0,0
53,NOSE,0.45697978138923645,0.5357161164283752,0.12463678419589996,0,0
53,LEFT_EYE_INNER,0.4560193717479706,0.5270269513130188,0.10858362168073654,0,0
53,LEFT_EYE,0.4545685350894928,0.5261303186416626,0.10859175771474838,0,0
53,LEFT_EYE_OUTER,0.45308202505111694,0.5253708362579346,0.10857684910297394,0,0
53,RIGHT_EYE_INNER,0.46025514602661133,0.5293033123016357,0.10782530903816223,0,0
53,RIGHT_EYE,0.46189209818840027,0.5298892855644226,0.10783589631319046,0,0
53,RIGHT_EYE_OUTER,0.46339213848114014,0.5304908752441406,0.10782663524150848,0,0
53,LEFT_EAR,0.4488740563392639,0.5274096131324768,0.0487905815243721,0,0
53,RIGHT_EAR,0.4637688100337982,0.5344985127449036,0.043994203209877014,0,0
53,MOUTH_LEFT,0.4538378119468689,0.5407342314720154,0.10657525062561035,0,0
53,MOUTH_RIGHT,0.45800164341926575,0.5435432195663452,0.10491397976875305,0,0
53,LEFT_SHOULDER,0.4219340682029724,0.5612269043922424,0.018860839307308197,0,0
53,RIGHT_SHOULDER,0.4658210575580597,0.5763033628463745,0.031762298196554184,0,0
53,LEFT_ELBOW,0.40397775173187256,0.6195525527000427,0.0840931087732315,0,0
53,RIGHT_ELBOW,0.44316285848617554,0.6132863163948059,0.06234041973948479,0,0
53,LEFT_WRIST,0.42249611020088196,0.6161170601844788,0.19578997790813446,0,0
53,RIGHT_WRIST,0.4295082986354828,0.5919023156166077,0.11431728303432465,0,0
53,LEFT_PINKY,0.4248824417591095,0.6128457188606262,0.2102048546075821,0,0
53,RIGHT_PINKY,0.4275401830673218,0.5882371664047241,0.12636063992977142,0,0
53,LEFT_INDEX,0.4279463589191437,0.6126840710639954,0.20742180943489075,0,0
53,RIGHT_INDEX,0.4248737692832947,0.5843270421028137,0.1279585212469101,0,0
53,LEFT_THUMB,0.4280221164226532,0.6137624382972717,0.19814305007457733,0,0
53,RIGHT_THUMB,0.4248608946800232,0.5854000449180603,0.1170092299580574,0,0
53,LEFT_HIP,0.4203842878341675,0.6987232565879822,0.004373377189040184,0,0
53,RIGHT_HIP,0.449823260307312,0.7035989165306091,-0.004556109197437763,0,0
53,LEFT_KNEE,0.39858806133270264,0.7498565912246704,0.08149494230747223,0,0
53,RIGHT_KNEE,0.46522197127342224,0.7838338613510132,0.04635821655392647,0,0
53,LEFT_ANKLE,0.3847713768482208,0.8290208578109741,0.08183029294013977,0,0
53,RIGHT_ANKLE,0.478067010641098,0.8786699771881104,0.0034463671036064625,0,0
53,LEFT_HEEL,0.3851374089717865,0.8458277583122253,0.08410676568746567,0,0
53,RIGHT_HEEL,0.4748266041278839,0.900046706199646,0.0012067011557519436,0,0
53,LEFT_FOOT_INDEX,0.38507822155952454,0.8289467096328735,0.08999726176261902,0,0
53,RIGHT_FOOT_INDEX,0.4907355308532715,0.8912533521652222,-0.00024106731871142983,0,0
54,NOSE,0.45341819524765015,0.5360729694366455,0.133701354265213,0,0
54,LEFT_EYE_INNER,0.45197850465774536,0.5276212096214294,0.11728992313146591,0,0
54,LEFT_EYE,0.4502429962158203,0.5267676711082458,0.117304228246212,0,0
54,LEFT_EYE_OUTER,0.44841641187667847,0.5260411500930786,0.11729205399751663,0,0
54,RIGHT_EYE_INNER,0.456126868724823,0.5295836329460144,0.11718985438346863,0,0
54,RIGHT_EYE,0.45743197202682495,0.5300906896591187,0.11719154566526413,0,0
54,RIGHT_EYE_OUTER,0.4588123559951782,0.5306589007377625,0.1171790212392807,0,0
54,LEFT_EAR,0.44372856616973877,0.5281428098678589,0.05377787724137306,0,0
54,RIGHT_EAR,0.4595484137535095,0.5346852540969849,0.05227375403046608,0,0
54,MOUTH_LEFT,0.4494900405406952,0.541114866733551,0.11420762538909912,0,0
54,MOUTH_RIGHT,0.45435190200805664,0.5436751246452332,0.11337186396121979,0,0
54,LEFT_SHOULDER,0.4211088716983795,0.5625863075256348,0.021125109866261482,0,0
54,RIGHT_SHOULDER,0.46534302830696106,0.5748602151870728,0.038684021681547165,0,0
54,LEFT_ELBOW,0.40546807646751404,0.6272624135017395,0.09016771614551544,0,0
54,RIGHT_ELBOW,0.43449100852012634,0.6143580675125122,0.07886660844087601,0,0
54,LEFT_WRIST,0.41187041997909546,0.6096547245979309,0.20777566730976105,0,0
54,RIGHT_WRIST,0.41423770785331726,0.5917752981185913,0.13607969880104065,0,0
54,LEFT_PINKY,0.4122530519962311,0.6060745120048523,0.2246466428041458,0,0
54,RIGHT_PINKY,0.41041299700737,0.5866715312004089,0.14996181428432465,0,0
54,LEFT_INDEX,0.4165627658367157,0.6043335199356079,0.22173278033733368,0,0
54,RIGHT_INDEX,0.40761277079582214,0.5831900238990784,0.1510603427886963,0,0
54,LEFT_THUMB,0.4180431067943573,0.6067153811454773,0.2105541080236435,0,0
54,RIGHT_THUMB,0.40820059180259705,0.5850253701210022,0.1387590765953064,0,0
54,LEFT_HIP,0.42027610540390015,0.7010428309440613,0.003028360428288579,0,0
54,RIGHT_HIP,0.4492793381214142,0.704378068447113,-0.0032283177133649588,0,0
54,LEFT_KNEE,0.39588770270347595,0.7533063888549805,0.062398601323366165,0,0
54,RIGHT_KNEE,0.46525031328201294,0.7842447757720947,0.056834105402231216,0,0
54,LEFT_ANKLE,0.37954849004745483,0.8370375633239746,0.02782527543604374,0,0
54,RIGHT_ANKLE,0.47813454270362854,0.8787172436714172,-0.007061391603201628,0,0
54,LEFT_HEEL,0.38080909848213196,0.8549996614456177,0.026692116633057594,0,0
54,RIGHT_HEEL,0.4751109480857849,0.9000661969184875,-0.009927010163664818,0,0
54,LEFT_FOOT_INDEX,0.378275990486145,0.8478392958641052,0.030027924105525017,0,0
54,RIGHT_FOOT_INDEX,0.48947829008102417,0.8912587761878967,-0.01248854212462902,0,0
55,NOSE,0.4476630985736847,0.5371180772781372,0.14451712369918823,0,0
55,LEFT_EYE_INNER,0.44560179114341736,0.5286867022514343,0.12871666252613068,0,0
55,LEFT_EYE,0.44377344846725464,0.5278418660163879,0.12872423231601715,0,0
55,LEFT_EYE_OUTER,0.4419071078300476,0.5271089673042297,0.1287146806716919,0,0
55,RIGHT_EYE_INNER,0.44998911023139954,0.5304824113845825,0.128236785531044,0,0
55,RIGHT_EYE,0.45119819045066833,0.5308676958084106,0.12823328375816345,0,0
55,RIGHT_EYE_OUTER,0.45236045122146606,0.5312825441360474,0.1282162368297577,0,0
55,LEFT_EAR,0.4381636679172516,0.5291317701339722,0.06454009562730789,0,0
55,RIGHT_EAR,0.45292696356773376,0.5350565314292908,0.06135495379567146,0,0
55,MOUTH_LEFT,0.4436502754688263,0.5421836972236633,0.1242777556180954,0,0
55,MOUTH_RIGHT,0.448604941368103,0.5443721413612366,0.12300138920545578,0,0
55,LEFT_SHOULDER,0.41985851526260376,0.5662195682525635,0.030114276334643364,0,0
55,RIGHT_SHOULDER,0.4581255316734314,0.5754426717758179,0.0390704981982708,0,0
55,LEFT_ELBOW,0.4053676426410675,0.6352004408836365,0.09152471274137497,0,0
55,RIGHT_ELBOW,0.430919349193573,0.6199308037757874,0.05995657294988632,0,0
55,LEFT_WRIST,0.4084968566894531,0.618844747543335,0.19536232948303223,0,0
55,RIGHT_WRIST,0.41147786378860474,0.6018814444541931,0.0910399854183197,0,0
55,LEFT_PINKY,0.4076193571090698,0.6173761487007141,0.2095285803079605,0,0
55,RIGHT_PINKY,0.40763139724731445,0.5949444770812988,0.09974046796560287,0,0
55,LEFT_INDEX,0.4114471673965454,0.613865852355957,0.20635786652565002,0,0
55,RIGHT_INDEX,0.40509045124053955,0.594471275806427,0.10066185146570206,0,0
55,LEFT_THUMB,0.4134877920150757,0.6155655384063721,0.19733722507953644,0,0
55,RIGHT_THUMB,0.4058978855609894,0.5960227847099304,0.09277275949716568,0,0
55,LEFT_HIP,0.41908004879951477,0.7049442529678345,0.006417073775082827,0,0
55,RIGHT_HIP,0.44873514771461487,0.7073476314544678,-0.006591908633708954,0,0
55,LEFT_KNEE,0.3926393687725067,0.7703156471252441,0.04379971697926521,0,0
55,RIGHT_KNEE,0.4649321138858795,0.784876823425293,0.041284359991550446,0,0
55,LEFT_ANKLE,0.3742712140083313,0.8547155857086182,-0.004558252636343241,0,0
55,RIGHT_ANKLE,0.47829702496528625,0.8792394399642944,-0.026328377425670624,0,0
55,LEFT_HEEL,0.37464988231658936,0.8721214532852173,-0.007996472530066967,0,0
55,RIGHT_HEEL,0.47607600688934326,0.9003222584724426,-0.03245522454380989,0,0
55,LEFT_FOOT_INDEX,0.3699968755245209,0.8790464401245117,-0.014508183114230633,0,0
55,RIGHT_FOOT_INDEX,0.4883634150028229,0.8912416696548462,-0.03763611614704132,0,0
56,NOSE,0.4466276466846466,0.5376993417739868,0.13454414904117584,0,0
56,LEFT_EYE_INNER,0.4445565938949585,0.5293290019035339,0.11913669109344482,0,0
56,LEFT_EYE,0.4426875710487366,0.5284923911094666,0.11914540827274323,0,0
56,LEFT_EYE_OUTER,0.4407724440097809,0.5277577042579651,0.11914549767971039,0,0
56,RIGHT_EYE_INNER,0.448831707239151,0.5310163497924805,0.11835911124944687,0,0
56,RIGHT_EYE,0.44993293285369873,0.5313438773155212,0.11835500597953796,0,0
56,RIGHT_EYE_OUTER,0.45108821988105774,0.5317019820213318,0.11834535747766495,0,0
56,LEFT_EAR,0.43675878643989563,0.5297287702560425,0.06002295762300491,0,0
56,RIGHT_EAR,0.4516511559486389,0.5353738069534302,0.05448378250002861,0,0
56,MOUTH_LEFT,0.44280150532722473,0.5428288578987122,0.115941122174263,0,0
56,MOUTH_RIGHT,0.4477052688598633,0.5447376370429993,0.11416514962911606,0,0
56,LEFT_SHOULDER,0.4188651442527771,0.5669068694114685,0.03129269927740097,0,0
56,RIGHT_SHOULDER,0.45575180649757385,0.5754913091659546,0.032407406717538834,0,0
56,LEFT_ELBOW,0.40540266036987305,0.6356847286224365,0.08619841188192368,0,0
56,RIGHT_ELBOW,0.42696723341941833,0.6192928552627563,0.03442206233739853,0,0
56,LEFT_WRIST,0.4133574068546295,0.627062201499939,0.17883029580116272,0,0
56,RIGHT_WRIST,0.4116330146789551,0.6035953164100647,0.03636254370212555,0,0
56,LEFT_PINKY,0.41341808438301086,0.6278432607650757,0.1917368471622467,0,0
56,RIGHT_PINKY,0.40870577096939087,0.5992991328239441,0.04054686054587364,0,0
56,LEFT_INDEX,0.41742661595344543,0.6248685121536255,0.18759508430957794,0,0
56,RIGHT_INDEX,0.40692228078842163,0.5970173478126526,0.042834196239709854,0,0
56,LEFT_THUMB,0.4190319776535034,0.6258561015129089,0.1805402934551239,0,0
56,RIGHT_THUMB,0.40745410323143005,0.5981233716011047,0.036952026188373566,0,0
56,LEFT_HIP,0.4186252951622009,0.7064678072929382,0.0068418895825743675,0,0
56,RIGHT_HIP,0.4483173191547394,0.7088531851768494,-0.006978165823966265,0,0
56,LEFT_KNEE,0.39277735352516174,0.7724828720092773,0.053026292473077774,0,0
56,RIGHT_KNEE,0.4648599326610565,0.7852658629417419,0.04409351572394371,0,0
56,LEFT_ANKLE,0.37364426255226135,0.8581058382987976,-0.006790283601731062,0,0
56,RIGHT_ANKLE,0.4783690869808197,0.8800516128540039,-0.03847010061144829,0,0
56,LEFT_HEEL,0.37402263283729553,0.8760737180709839,-0.010893231257796288,0,0
56,RIGHT_HEEL,0.4765898883342743,0.9004217982292175,-0.04503482207655907,0,0
56,LEFT_FOOT_INDEX,0.36973604559898376,0.8810830116271973,-0.014287295751273632,0,0
56,RIGHT_FOOT_INDEX,0.48631322383880615,0.8911306858062744,-0.0478048138320446,0,0
57,NOSE,0.4411611557006836,0.5393586158752441,0.14941667020320892,0,0
57,LEFT_EYE_INNER,0.43919992446899414,0.5313772559165955,0.13308338820934296,0,0
57,LEFT_EYE,0.4373766779899597,0.5306270122528076,0.13308833539485931,0,0
57,LEFT_EYE_OUTER,0.4355236887931824,0.5299732685089111,0.13308022916316986,0,0
57,RIGHT_EYE_INNER,0.4436260461807251,0.5324541330337524,0.1332504153251648,0,0
57,RIGHT_EYE,0.4448453485965729,0.5325422883033752,0.13324779272079468,0,0
57,RIGHT_EYE_OUTER,0.446010947227478,0.5326822400093079,0.13321976363658905,0,0
57,LEFT_EAR,0.4322684109210968,0.5323357582092285,0.0677129253745079,0,0
57,RIGHT_EAR,0.4468352496623993,0.53618985414505,0.06722479313611984,0,0
57,MOUTH_LEFT,0.4378686845302582,0.5441199541091919,0.12872855365276337,0,0
57,MOUTH_RIGHT,0.4423912763595581,0.5458935499191284,0.12830482423305511,0,0
57,LEFT_SHOULDER,0.4168147146701813,0.5737530589103699,0.033296018838882446,0,0
57,RIGHT_SHOULDER,0.45007017254829407,0.5758907794952393,0.04168248921632767,0,0
57,LEFT_ELBOW,0.40393778681755066,0.6421692371368408,0.0810060054063797,0,0
57,RIGHT_ELBOW,0.42629867792129517,0.6211708188056946,0.05644373223185539,0,0
57,LEFT_WRIST,0.39304062724113464,0.6330428123474121,0.16449791193008423,0,0
57,RIGHT_WRIST,0.4014858901500702,0.6100035905838013,0.0688704252243042,0,0
57,LEFT_PINKY,0.3886823058128357,0.6346259117126465,0.17567893862724304,0,0
57,RIGHT_PINKY,0.39612406492233276,0.6074936389923096,0.07329771667718887,0,0
57,LEFT_INDEX,0.3919728994369507,0.6290499567985535,0.1733017861843109,0,0
57,RIGHT_INDEX,0.39316728711128235,0.6033102869987488,0.0731433853507042,0,0
57,LEFT_THUMB,0.3955855071544647,0.6291359066963196,0.16657184064388275,0,0
57,RIGHT_THUMB,0.3940833806991577,0.6039659380912781,0.06924895942211151,0,0
57,LEFT_HIP,0.4179251790046692,0.7136616110801697,0.008134539239108562,0,0
57,RIGHT_HIP,0.44803857803344727,0.7124291658401489,-0.008271202445030212,0,0
57,LEFT_KNEE,0.3916301131248474,0.7816138863563538,0.013158680871129036,0,0
57,RIGHT_KNEE,0.46485134959220886,0.7855043411254883,0.04480955749750137,0,0
57,LEFT_ANKLE,0.3696025609970093,0.8720054626464844,-0.02257283218204975,0,0
57,RIGHT_ANKLE,0.47830837965011597,0.8802136182785034,0.014217793010175228,0,0
57,LEFT_HEEL,0.3679780066013336,0.8891798257827759,-0.024738596752285957,0,0
57,RIGHT_HEEL,0.4773736000061035,0.900343656539917,0.013078306801617146,0,0
57,LEFT_FOOT_INDEX,0.37079790234565735,0.8837546110153198,-0.03181242197751999,0,0
57,RIGHT_FOOT_INDEX,0.49082520604133606,0.8910991549491882,0.012423759326338768,0,0
58,NOSE,0.43125253915786743,0.5424331426620483,0.16743889451026917,0,0
58,LEFT_EYE_INNER,0.4288784861564636,0.5354837775230408,0.15163801610469818,0,0
58,LEFT_EYE,0.42723363637924194,0.5350834727287292,0.15161605179309845,0,0
58,LEFT_EYE_OUTER,0.4256654381752014,0.5347837805747986,0.15161831676959991,0,0
58,RIGHT_EYE_INNER,0.43345895409584045,0.5361176133155823,0.15426822006702423,0,0
58,RIGHT_EYE,0.43490830063819885,0.536149263381958,0.15428733825683594,0,0
58,RIGHT_EYE_OUTER,0.4362829327583313,0.5361700057983398,0.15424665808677673,0,0
58,LEFT_EAR,0.4232763648033142,0.5381370186805725,0.08524812757968903,0,0
58,RIGHT_EAR,0.43840885162353516,0.5394884943962097,0.09573199599981308,0,0
58,MOUTH_LEFT,0.4287521541118622,0.5472729206085205,0.14587388932704926,0,0
58,MOUTH_RIGHT,0.4332040846347809,0.5486717224121094,0.14854708313941956,0,0
58,LEFT_SHOULDER,0.41342735290527344,0.5797440409660339,0.034283991903066635,0,0
58,RIGHT_SHOULDER,0.441927433013916,0.5789092183113098,0.07243026793003082,0,0
58,LEFT_ELBOW,0.40329036116600037,0.6449848413467407,0.044548071920871735,0,0
58,RIGHT_ELBOW,0.42547357082366943,0.6321941018104553,0.0679490715265274,0,0
58,LEFT_WRIST,0.38372325897216797,0.6481637358665466,0.07878401130437851,0,0
58,RIGHT_WRIST,0.3964107632637024,0.6426708698272705,0.05679493770003319,0,0
58,LEFT_PINKY,0.3776174783706665,0.6544181704521179,0.0784701555967331,0,0
58,RIGHT_PINKY,0.3881031572818756,0.6497749090194702,0.06279149651527405,0,0
58,LEFT_INDEX,0.3782224953174591,0.6506752371788025,0.07845636457204819,0,0
58,RIGHT_INDEX,0.38850298523902893,0.6498310565948486,0.0618261881172657,0,0
58,LEFT_THUMB,0.3810896873474121,0.6487573385238647,0.08038847148418427,0,0
58,RIGHT_THUMB,0.3892219662666321,0.6439238786697388,0.0583423487842083,0,0
58,LEFT_HIP,0.4160770773887634,0.7193953394889832,-0.00450045894831419,0,0
58,RIGHT_HIP,0.44516363739967346,0.7168263792991638,0.004379792604595423,0,0
58,LEFT_KNEE,0.3893856704235077,0.7879103422164917,-0.007076350040733814,0,0
58,RIGHT_KNEE,0.46396905183792114,0.7863171696662903,0.041951607912778854,0,0
58,LEFT_ANKLE,0.3702985346317291,0.8814164996147156,-0.02874862402677536,0,0
58,RIGHT_ANKLE,0.47816601395606995,0.8801873326301575,0.01659284345805645,0,0
58,LEFT_HEEL,0.36964985728263855,0.8979641795158386,-0.029868656769394875,0,0
58,RIGHT_HEEL,0.4769512414932251,0.9002024531364441,0.015497952699661255,0,0
58,LEFT_FOOT_INDEX,0.36982566118240356,0.8870301246643066,-0.0360858328640461,0,0
58,RIGHT_FOOT_INDEX,0.48809608817100525,0.8911056518554688,0.013129908591508865,0,0
59,NOSE,0.423024445772171,0.5475299954414368,0.15988264977931976,0,0
59,LEFT_EYE_INNER,0.4208468496799469,0.540579080581665,0.14507941901683807,0,0
59,LEFT_EYE,0.4193456768989563,0.5404311418533325,0.14505335688591003,0,0
59,LEFT_EYE_OUTER,0.41787204146385193,0.5403984189033508,0.14505478739738464,0,0
59,RIGHT_EYE_INNER,0.42547205090522766,0.5409637093544006,0.15048065781593323,0,0
59,RIGHT_EYE,0.4269210994243622,0.5409824252128601,0.15049880743026733,0,0
59,RIGHT_EYE_OUTER,0.42831164598464966,0.54096919298172,0.1504528969526291,0,0
59,LEFT_EAR,0.4161527752876282,0.5446541905403137,0.08144715428352356,0,0
59,RIGHT_EAR,0.4301983416080475,0.5446940660476685,0.10475229471921921,0,0
59,MOUTH_LEFT,0.42060142755508423,0.5526547431945801,0.13875435292720795,0,0
59,MOUTH_RIGHT,0.42529118061065674,0.5537987351417542,0.14513681828975677,0,0
59,LEFT_SHOULDER,0.40890997648239136,0.5864133834838867,0.021258406341075897,0,0
59,RIGHT_SHOULDER,0.43591269850730896,0.5849650502204895,0.09136976301670074,0,0
59,LEFT_ELBOW,0.4007161557674408,0.6502512097358704,-0.01135240588337183,0,0
59,RIGHT_ELBOW,0.42555421590805054,0.6495751142501831,0.08068732172250748,0,0
59,LEFT_WRIST,0.3818475306034088,0.6691845655441284,-0.018221067264676094,0,0
59,RIGHT_WRIST,0.40045419335365295,0.6734107732772827,0.055535756051540375,0,0
59,LEFT_PINKY,0.37657853960990906,0.6776586174964905,-0.028729591518640518,0,0
59,RIGHT_PINKY,0.39360329508781433,0.6842184066772461,0.05708784610033035,0,0
59,LEFT_INDEX,0.3767664134502411,0.6751111745834351,-0.026343289762735367,0,0
59,RIGHT_INDEX,0.3931083083152771,0.6812751293182373,0.05532564967870712,0,0
59,LEFT_THUMB,0.3794228434562683,0.6728549003601074,-0.017146266996860504,0,0
59,RIGHT_THUMB,0.3946966826915741,0.6778635382652283,0.05474002659320831,0,0
59,LEFT_HIP,0.4149141013622284,0.7227185368537903,-0.019981104880571365,0,0
59,RIGHT_HIP,0.4411171078681946,0.7195265889167786,0.019862137734889984,0,0
59,LEFT_KNEE,0.38548848032951355,0.7894643545150757,-0.024592693895101547,0,0
59,RIGHT_KNEE,0.4602496027946472,0.7889851331710815,0.04596204310655594,0,0
59,LEFT_ANKLE,0.37122389674186707,0.8856382966041565,-0.04558352380990982,0,0
59,RIGHT_ANKLE,0.47775763273239136,0.8801024556159973,0.006668314337730408,0,0
59,LEFT_HEEL,0.3721359372138977,0.9027077555656433,-0.04721037670969963,0,0
59,RIGHT_HEEL,0.47687095403671265,0.8999732732772827,0.003234186675399542,0,0
59,LEFT_FOOT_INDEX,0.3649049997329712,0.8900110721588135,-0.05635920539498329,0,0
59,RIGHT_FOOT_INDEX,0.48326021432876587,0.8916038870811462,-0.003442825051024556,0,0
60,NOSE,0.4163181185722351,0.5515118837356567,0.15008053183555603,0,0
60,LEFT_EYE_INNER,0.4144856631755829,0.5444982647895813,0.1353895366191864,0,0
60,LEFT_EYE,0.412990540266037,0.5444830656051636,0.13536925613880157,0,0
60,LEFT_EYE_OUTER,0.4115660786628723,0.5446109175682068,0.13536980748176575,0,0
60,RIGHT_EYE_INNER,0.4190368950366974,0.5446242690086365,0.1389937400817871,0,0
60,RIGHT_EYE,0.4205945134162903,0.5445766448974609,0.13902157545089722,0,0
60,RIGHT_EYE_OUTER,0.4219934642314911,0.544519305229187,0.1389855444431305,0,0
60,LEFT_EAR,0.40954339504241943,0.5489911437034607,0.0751974806189537,0,0
60,RIGHT_EAR,0.42375534772872925,0.5479288101196289,0.08999578654766083,0,0
60,MOUTH_LEFT,0.4139094054698944,0.5571889281272888,0.13031105697155,0,0
60,MOUTH_RIGHT,0.4184783101081848,0.5580223798751831,0.13438767194747925,0,0
60,LEFT_SHOULDER,0.40401431918144226,0.5911515951156616,0.010936054401099682,0,0
60,RIGHT_SHOULDER,0.42999234795570374,0.5897203087806702,0.07631714642047882,0,0
60,LEFT_ELBOW,0.3988818824291229,0.6540249586105347,-0.051488470286130905,0,0
60,RIGHT_ELBOW,0.4170561134815216,0.6434967517852783,0.05806087702512741,0,0
60,LEFT_WRIST,0.3878825306892395,0.6837231516838074,-0.09948000311851501,0,0
60,RIGHT_WRIST,0.3974442183971405,0.6871528625488281,-0.011340356431901455,0,0
60,LEFT_PINKY,0.383207768201828,0.6985554099082947,-0.11604383587837219,0,0
60,RIGHT_PINKY,0.39024239778518677,0.7034838795661926,-0.02010839618742466,0,0
60,LEFT_INDEX,0.38395705819129944,0.6948139667510986,-0.11300527304410934,0,0
60,RIGHT_INDEX,0.3883956968784332,0.6985753178596497,-0.02437608875334263,0,0
60,LEFT_THUMB,0.3856707215309143,0.6897717118263245,-0.09952742606401443,0,0
60,RIGHT_THUMB,0.39260396361351013,0.6953144073486328,-0.014583736658096313,0,0
60,LEFT_HIP,0.4133354425430298,0.7259244918823242,-0.022441664710640907,0,0
60,RIGHT_HIP,0.43800273537635803,0.7211450934410095,0.022317050024867058,0,0
60,LEFT_KNEE,0.38219311833381653,0.7919698357582092,-0.02090398408472538,0,0
60,RIGHT_KNEE,0.4569854438304901,0.7914637923240662,0.06165848299860954,0,0
60,LEFT_ANKLE,0.3709551692008972,0.8888231515884399,-0.032684799283742905,0,0
60,RIGHT_ANKLE,0.4767496883869171,0.8801063895225525,0.03375322371721268,0,0
60,LEFT_HEEL,0.3727037012577057,0.9051399827003479,-0.03307817876338959,0,0
60,RIGHT_HEEL,0.476683109998703,0.8992576003074646,0.031341176480054855,0,0
60,LEFT_FOOT_INDEX,0.3617725968360901,0.8928775787353516,-0.04060077294707298,0,0
60,RIGHT_FOOT_INDEX,0.4840129017829895,0.8923899531364441,0.02366766333580017,0,0
61,NOSE,0.4145122766494751,0.5530357360839844,0.16364188492298126,0,0
61,LEFT_EYE_INNER,0.4123167395591736,0.5463501811027527,0.1490500569343567,0,0
61,LEFT_EYE,0.41082534193992615,0.5464169979095459,0.14903278648853302,0,0
61,LEFT_EYE_OUTER,0.40943464636802673,0.5466187000274658,0.1490369588136673,0,0
61,RIGHT_EYE_INNER,0.4167838394641876,0.5460817217826843,0.1524253636598587,0,0
61,RIGHT_EYE,0.4183296263217926,0.5458787083625793,0.15245598554611206,0,0
61,RIGHT_EYE_OUTER,0.41978877782821655,0.5456855297088623,0.15242579579353333,0,0
61,LEFT_EAR,0.4079250693321228,0.5505818128585815,0.08759117871522903,0,0
61,RIGHT_EAR,0.4225044846534729,0.5489702820777893,0.10164602100849152,0,0
61,MOUTH_LEFT,0.41249004006385803,0.5589765310287476,0.14343397319316864,0,0
61,MOUTH_RIGHT,0.4169885516166687,0.5592911243438721,0.14728215336799622,0,0
61,LEFT_SHOULDER,0.40236157178878784,0.5943806171417236,0.019735395908355713,0,0
61,RIGHT_SHOULDER,0.4297848045825958,0.5916475057601929,0.08146674185991287,0,0
61,LEFT_ELBOW,0.3982751667499542,0.6554868817329407,-0.042690739035606384,0,0
61,RIGHT_ELBOW,0.4191846251487732,0.6446917057037354,0.03764543682336807,0,0
61,LEFT_WRIST,0.3903350830078125,0.6887413263320923,-0.0941169261932373,0,0
61,RIGHT_WRIST,0.3946134150028229,0.6785929799079895,-0.0471382774412632,0,0
61,LEFT_PINKY,0.38843822479248047,0.705082893371582,-0.10952404886484146,0,0
61,RIGHT_PINKY,0.38773632049560547,0.6953652501106262,-0.05812856927514076,0,0
61,LEFT_INDEX,0.3876870274543762,0.7010055780410767,-0.10716918855905533,0,0
61,RIGHT_INDEX,0.3872895836830139,0.6955468058586121,-0.06032563000917435,0,0
61,LEFT_THUMB,0.3901115357875824,0.6969591975212097,-0.09419745951890945,0,0
61,RIGHT_THUMB,0.39010486006736755,0.6891562342643738,-0.05008803308010101,0,0
61,LEFT_HIP,0.41255584359169006,0.7263777852058411,-0.017036985605955124,0,0
61,RIGHT_HIP,0.4373995065689087,0.721575915813446,0.016879519447684288,0,0
61,LEFT_KNEE,0.38224178552627563,0.7923663258552551,0.0009428945486433804,0,0
61,RIGHT_KNEE,0.4558303654193878,0.7917420864105225,0.0628650113940239,0,0
61,LEFT_ANKLE,0.3702640235424042,0.887389063835144,-0.03639199957251549,0,0
61,RIGHT_ANKLE,0.4766441881656647,0.8802159428596497,0.01769907958805561,0,0
61,LEFT_HEEL,0.3719998896121979,0.9057925939559937,-0.04024999588727951,0,0
61,RIGHT_HEEL,0.47653672099113464,0.8987645506858826,0.02826293371617794,0,0
61,LEFT_FOOT_INDEX,0.36410799622535706,0.8944545388221741,-0.05167192220687866,0,0
61,RIGHT_FOOT_INDEX,0.48453283309936523,0.8924999833106995,-0.004787530284374952,0,0
62,NOSE,0.40885528922080994,0.5554129481315613,0.16128331422805786,0,0
62,LEFT_EYE_INNER,0.4064980745315552,0.5488473773002625,0.14667628705501556,0,0
62,LEFT_EYE,0.40504512190818787,0.549061119556427,0.14665508270263672,0,0
62,LEFT_EYE_OUTER,0.40361860394477844,0.5493605732917786,0.14665748178958893,0,0
62,RIGHT_EYE_INNER,0.4108189046382904,0.5480030179023743,0.1506986767053604,0,0
62,RIGHT_EYE,0.4122999906539917,0.5476246476173401,0.15073005855083466,0,0
62,RIGHT_EYE_OUTER,0.4136964678764343,0.5472851991653442,0.15069648623466492,0,0
62,LEFT_EAR,0.40239498019218445,0.5530813932418823,0.08616010844707489,0,0
62,RIGHT_EAR,0.4164966940879822,0.5505334734916687,0.10340423136949539,0,0
62,MOUTH_LEFT,0.4074162542819977,0.5613745450973511,0.14138883352279663,0,0
62,MOUTH_RIGHT,0.41172006726264954,0.5612695813179016,0.14618927240371704,0,0
62,LEFT_SHOULDER,0.3981613218784332,0.5949157476425171,0.02274424396455288,0,0
62,RIGHT_SHOULDER,0.42657890915870667,0.5916072726249695,0.08168148249387741,0,0
62,LEFT_ELBOW,0.39651477336883545,0.6556054949760437,-0.041172128170728683,0,0
62,RIGHT_ELBOW,0.4189373552799225,0.6489317417144775,0.034346092492341995,0,0
62,LEFT_WRIST,0.3863478899002075,0.6939395666122437,-0.09320597350597382,0,0
62,RIGHT_WRIST,0.3957519829273224,0.699262797832489,-0.04324207827448845,0,0
62,LEFT_PINKY,0.3843136429786682,0.7085610032081604,-0.10907582193613052,0,0
62,RIGHT_PINKY,0.3916388750076294,0.7061104774475098,-0.05490076541900635,0,0
62,LEFT_INDEX,0.3839570879936218,0.7057800889015198,-0.10600078105926514,0,0
62,RIGHT_INDEX,0.38942354917526245,0.7084329128265381,-0.057072579860687256,0,0
62,LEFT_THUMB,0.38560569286346436,0.7017064094543457,-0.09299162030220032,0,0
62,RIGHT_THUMB,0.3892233967781067,0.7107133865356445,-0.04634116217494011,0,0
62,LEFT_HIP,0.41004207730293274,0.7250720262527466,-0.013721521012485027,0,0
62,RIGHT_HIP,0.4346964657306671,0.7210797667503357,0.013554239645600319,0,0
62,LEFT_KNEE,0.3814357817173004,0.790976881980896,0.0027830724138766527,0,0
62,RIGHT_KNEE,0.45450326800346375,0.7921469211578369,0.05339236184954643,0,0
62,LEFT_ANKLE,0.37007635831832886,0.8855426907539368,-0.03183824196457863,0,0
62,RIGHT_ANKLE,0.4763144254684448,0.8805198669433594,0.01211214903742075,0,0
62,LEFT_HEEL,0.37214478850364685,0.9050729274749756,-0.0355723612010479,0,0
62,RIGHT_HEEL,0.47631803154945374,0.8987900614738464,0.009415145963430405,0,0
62,LEFT_FOOT_INDEX,0.36308449506759644,0.8945893049240112,-0.04958342760801315,0,0
62,RIGHT_FOOT_INDEX,0.4849641025066376,0.8922367095947266,-0.017820624634623528,0,0
63,NOSE,0.40508657693862915,0.5551654696464539,0.1654609590768814,0,0
63,LEFT_EYE_INNER,0.402176171541214,0.5481552481651306,0.1487104743719101,0,0
63,LEFT_EYE,0.4006722569465637,0.5483020544052124,0.14869354665279388,0,0
63,LEFT_EYE_OUTER,0.3992118537425995,0.5485563278198242,0.14870290458202362,0,0
63,RIGHT_EYE_INNER,0.40667209029197693,0.5475187301635742,0.15428246557712555,0,0
63,RIGHT_EYE,0.4081450402736664,0.5471980571746826,0.15428990125656128,0,0
63,RIGHT_EYE_OUTER,0.4095434546470642,0.546915590763092,0.15425914525985718,0,0
63,LEFT_EAR,0.39794111251831055,0.5527960658073425,0.08211278170347214,0,0
63,RIGHT_EAR,0.4121474027633667,0.550609827041626,0.10512705147266388,0,0
63,MOUTH_LEFT,0.40359199047088623,0.5615136027336121,0.14303143322467804,0,0
63,MOUTH_RIGHT,0.4080232083797455,0.561373233795166,0.14976829290390015,0,0
63,LEFT_SHOULDER,0.39129361510276794,0.5953037738800049,0.023827971890568733,0,0
63,RIGHT_SHOULDER,0.4251045286655426,0.5916955471038818,0.08365554362535477,0,0
63,LEFT_ELBOW,0.3898754417896271,0.6560611724853516,-0.0022556674666702747,0,0
63,RIGHT_ELBOW,0.4198104739189148,0.6457116007804871,0.06719271093606949,0,0
63,LEFT_WRIST,0.3808068037033081,0.6772019267082214,0.01891274005174637,0,0
63,RIGHT_WRIST,0.39901384711265564,0.6782364249229431,0.038660261780023575,0,0
63,LEFT_PINKY,0.3797120749950409,0.6890978813171387,0.015584125183522701,0,0
63,RIGHT_PINKY,0.39465460181236267,0.6860148906707764,0.03846874088048935,0,0
63,LEFT_INDEX,0.37918150424957275,0.6870917677879333,0.021719442680478096,0,0
63,RIGHT_INDEX,0.39220312237739563,0.6848241686820984,0.03910130634903908,0,0
63,LEFT_THUMB,0.3813266456127167,0.6831434965133667,0.022376524284482002,0,0
63,RIGHT_THUMB,0.3925800621509552,0.6851701140403748,0.0378044992685318,0,0
63,LEFT_HIP,0.4066409468650818,0.7254252433776855,-0.016594473272562027,0,0
63,RIGHT_HIP,0.43277499079704285,0.7207698822021484,0.016496146097779274,0,0
63,LEFT_KNEE,0.3783411383628845,0.7904701828956604,0.010433018207550049,0,0
63,RIGHT_KNEE,0.45380881428718567,0.7920664548873901,0.06237787380814552,0,0
63,LEFT_ANKLE,0.36997926235198975,0.8843291401863098,-0.04360855370759964,0,0
63,RIGHT_ANKLE,0.4761792719364166,0.8805392980575562,-0.015063202008605003,0,0
63,LEFT_HEEL,0.3723554313182831,0.9047256112098694,-0.04852518066763878,0,0
63,RIGHT_HEEL,0.47630754113197327,0.8986602425575256,-0.022710297256708145,0,0
63,LEFT_FOOT_INDEX,0.36188462376594543,0.8930456638336182,-0.04825028032064438,0,0
63,RIGHT_FOOT_INDEX,0.4850573241710663,0.892028272151947,-0.02769473008811474,0,0
64,NOSE,0.3988681733608246,0.5542855262756348,0.17488177120685577,0,0
64,LEFT_EYE_INNER,0.39612093567848206,0.54710853099823,0.15736530721187592,0,0
64,LEFT_EYE,0.39461249113082886,0.5472130179405212,0.15734314918518066,0,0
64,LEFT_EYE_OUTER,0.3931320011615753,0.5474488735198975,0.15735355019569397,0,0
64,RIGHT_EYE_INNER,0.4009028673171997,0.5466665029525757,0.16431403160095215,0,0
64,RIGHT_EYE,0.4026035666465759,0.5464160442352295,0.16432823240756989,0,0
64,RIGHT_EYE_OUTER,0.4042295813560486,0.5461987257003784,0.16429540514945984,0,0
64,LEFT_EAR,0.3920303285121918,0.5516555309295654,0.08582321554422379,0,0
64,RIGHT_EAR,0.40753164887428284,0.5498345494270325,0.11623795330524445,0,0
64,MOUTH_LEFT,0.39700567722320557,0.5606322884559631,0.1510569155216217,0,0
64,MOUTH_RIGHT,0.40186986327171326,0.5605172514915466,0.15975864231586456,0,0
64,LEFT_SHOULDER,0.386057049036026,0.5929584503173828,0.02459060400724411,0,0
64,RIGHT_SHOULDER,0.42343929409980774,0.5914871692657471,0.09727165102958679,0,0
64,LEFT_ELBOW,0.38438451290130615,0.6538586020469666,0.0024156225845217705,0,0
64,RIGHT_ELBOW,0.41938844323158264,0.6441935896873474,0.12027301639318466,0,0
64,LEFT_WRIST,0.3788962960243225,0.6763287782669067,0.050628308206796646,0,0
64,RIGHT_WRIST,0.3988229036331177,0.6752325296401978,0.14232541620731354,0,0
64,LEFT_PINKY,0.37819260358810425,0.6843618750572205,0.04892770200967789,0,0
64,RIGHT_PINKY,0.39458996057510376,0.683063268661499,0.1478240042924881,0,0
64,LEFT_INDEX,0.3790005147457123,0.681165874004364,0.050431959331035614,0,0
64,RIGHT_INDEX,0.39168885350227356,0.6824401617050171,0.14563901722431183,0,0
64,LEFT_THUMB,0.37974056601524353,0.678897500038147,0.05257797986268997,0,0
64,RIGHT_THUMB,0.39212509989738464,0.6803148984909058,0.14155684411525726,0,0
64,LEFT_HIP,0.40291836857795715,0.7244569063186646,-0.019207268953323364,0,0
64,RIGHT_HIP,0.42995941638946533,0.7201592922210693,0.019128264859318733,0,0
64,LEFT_KNEE,0.37713131308555603,0.7904782891273499,0.010615387931466103,0,0
64,RIGHT_KNEE,0.45185911655426025,0.7917099595069885,0.06168835610151291,0,0
64,LEFT_ANKLE,0.3702978789806366,0.8849236369132996,-0.04553728550672531,0,0
64,RIGHT_ANKLE,0.47608235478401184,0.8805031180381775,-0.015009538270533085,0,0
64,LEFT_HEEL,0.3725874125957489,0.905809223651886,-0.049953289330005646,0,0
64,RIGHT_HEEL,0.47646936774253845,0.8984636664390564,-0.0220683254301548,0,0
64,LEFT_FOOT_INDEX,0.3616941571235657,0.8925480842590332,-0.05110017582774162,0,0
64,RIGHT_FOOT_INDEX,0.4836978614330292,0.8915860056877136,-0.02619543857872486,0,0
65,NOSE,0.39640605449676514,0.5540586113929749,0.1749805063009262,0,0
65,LEFT_EYE_INNER,0.39354172348976135,0.5465273857116699,0.1576993316411972,0,0
65,LEFT_EYE,0.3919816017150879,0.5464861392974854,0.15768347680568695,0,0
65,LEFT_EYE_OUTER,0.3903906047344208,0.5466226935386658,0.15769164264202118,0,0
65,RIGHT_EYE_INNER,0.3981807827949524,0.5465232133865356,0.16399435698986053,0,0
65,RIGHT_EYE,0.3997200131416321,0.5460960268974304,0.16401700675487518,0,0
65,RIGHT_EYE_OUTER,0.4012787640094757,0.5457581281661987,0.16399383544921875,0,0
65,LEFT_EAR,0.3890446126461029,0.5506854057312012,0.08632494509220123,0,0
65,RIGHT_EAR,0.4046380817890167,0.5490861535072327,0.1142498329281807,0,0
65,MOUTH_LEFT,0.39458325505256653,0.5600457787513733,0.15140403807163239,0,0
65,MOUTH_RIGHT,0.3992391526699066,0.5599775314331055,0.159343883395195,0,0
65,LEFT_SHOULDER,0.38165438175201416,0.5916458964347839,0.029290087521076202,0,0
65,RIGHT_SHOULDER,0.42348021268844604,0.5910630822181702,0.09472958743572235,0,0
65,LEFT_ELBOW,0.37625646591186523,0.6535652875900269,0.04617948457598686,0,0
65,RIGHT_ELBOW,0.42010557651519775,0.6459686160087585,0.13513681292533875,0,0
65,LEFT_WRIST,0.37571796774864197,0.6763790249824524,0.11244592070579529,0,0
65,RIGHT_WRIST,0.3982321321964264,0.680873453617096,0.18296362459659576,0,0
65,LEFT_PINKY,0.376766175031662,0.6837893724441528,0.11628672480583191,0,0
65,RIGHT_PINKY,0.3937973976135254,0.6896430850028992,0.19192709028720856,0,0
65,LEFT_INDEX,0.37788498401641846,0.6812106966972351,0.11636662483215332,0,0
65,RIGHT_INDEX,0.39085131883621216,0.689174473285675,0.1902250498533249,0,0
65,LEFT_THUMB,0.37851354479789734,0.677822470664978,0.114596888422966,0,0
65,RIGHT_THUMB,0.39151352643966675,0.6856151819229126,0.18328580260276794,0,0
65,LEFT_HIP,0.39971640706062317,0.7236992120742798,-0.017080461606383324,0,0
65,RIGHT_HIP,0.42794615030288696,0.7181037068367004,0.01697455532848835,0,0
65,LEFT_KNEE,0.37621307373046875,0.7911831140518188,0.012338469736278057,0,0
65,RIGHT_KNEE,0.4503677487373352,0.7915643453598022,0.06344229727983475,0,0
65,LEFT_ANKLE,0.3697235882282257,0.8856267333030701,-0.035299815237522125,0,0
65,RIGHT_ANKLE,0.4757298529148102,0.8804698586463928,-0.011827817186713219,0,0
65,LEFT_HEEL,0.37140604853630066,0.9065098762512207,-0.03871705010533333,0,0
65,RIGHT_HEEL,0.47649863362312317,0.8981395363807678,-0.017143599689006805,0,0
65,LEFT_FOOT_INDEX,0.3635430634021759,0.8934352397918701,-0.03947409242391586,0,0
65,RIGHT_FOOT_INDEX,0.48295608162879944,0.8910707235336304,-0.02090623416006565,0,0
66,NOSE,0.3959609866142273,0.5536068081855774,0.18348580598831177,0,0
66,LEFT_EYE_INNER,0.39302489161491394,0.5463209748268127,0.16625358164310455,0,0
66,LEFT_EYE,0.3914927542209625,0.5463902950286865,0.16623248159885406,0,0
66,LEFT_EYE_OUTER,0.3900008797645569,0.5463423728942871,0.1662510335445404,0,0
66,RIGHT_EYE_INNER,0.39761877059936523,0.5457794070243835,0.17291061580181122,0,0
66,RIGHT_EYE,0.3992554247379303,0.5452748537063599,0.1729329377412796,0,0
66,RIGHT_EYE_OUTER,0.4008423388004303,0.5448907017707825,0.17291602492332458,0,0
66,LEFT_EAR,0.3889622390270233,0.5501459836959839,0.0942147895693779,0,0
66,RIGHT_EAR,0.40471574664115906,0.5478945970535278,0.12392805516719818,0,0
66,MOUTH_LEFT,0.3945561349391937,0.5598642826080322,0.1595432460308075,0,0
66,MOUTH_RIGHT,0.3990311920642853,0.5589761734008789,0.16801497340202332,0,0
66,LEFT_SHOULDER,0.3803861439228058,0.5913962721824646,0.03485351428389549,0,0
66,RIGHT_SHOULDER,0.42352813482284546,0.590726375579834,0.10345999896526337,0,0
66,LEFT_ELBOW,0.37593767046928406,0.6524572968482971,0.049775999039411545,0,0
66,RIGHT_ELBOW,0.42109215259552,0.64630526304245,0.14555996656417847,0,0
66,LEFT_WRIST,0.37618017196655273,0.6776061654090881,0.11291208118200302,0,0
66,RIGHT_WRIST,0.40054380893707275,0.6803640723228455,0.19233058393001556,0,0
66,LEFT_PINKY,0.37750184535980225,0.6871540546417236,0.1158052608370781,0,0
66,RIGHT_PINKY,0.39621540904045105,0.6882832050323486,0.2012270987033844,0,0
66,LEFT_INDEX,0.3788350820541382,0.6833588480949402,0.11689698696136475,0,0
66,RIGHT_INDEX,0.3931739628314972,0.687727153301239,0.1978268027305603,0,0
66,LEFT_THUMB,0.37899065017700195,0.6800605654716492,0.11528611183166504,0,0
66,RIGHT_THUMB,0.39381325244903564,0.6845929026603699,0.1916322410106659,0,0
66,LEFT_HIP,0.3995705544948578,0.7236591577529907,-0.018894124776124954,0,0
66,RIGHT_HIP,0.4279073476791382,0.7161722779273987,0.018821917474269867,0,0
66,LEFT_KNEE,0.37698036432266235,0.7904435396194458,0.02826976589858532,0,0
66,RIGHT_KNEE,0.45009592175483704,0.7897515296936035,0.07935888320207596,0,0
66,LEFT_ANKLE,0.3696621358394623,0.8856146931648254,-0.036041244864463806,0,0
66,RIGHT_ANKLE,0.47543877363204956,0.8797645568847656,-0.009919563308358192,0,0
66,LEFT_HEEL,0.3714163601398468,0.9069328308105469,-0.04112663120031357,0,0
66,RIGHT_HEEL,0.4765147268772125,0.8975039720535278,-0.016209077090024948,0,0
66,LEFT_FOOT_INDEX,0.3631804287433624,0.8929226994514465,-0.039521463215351105,0,0
66,RIGHT_FOOT_INDEX,0.4831976294517517,0.8910505771636963,-0.01834636554121971,0,0
67,NOSE,0.3967290222644806,0.5508044362068176,0.18184152245521545,0,0
67,LEFT_EYE_INNER,0.39365971088409424,0.5439956188201904,0.16489695012569427,0,0
67,LEFT_EYE,0.39210832118988037,0.5443712472915649,0.16488106548786163,0,0
67,LEFT_EYE_OUTER,0.3905695080757141,0.5447303056716919,0.1649024784564972,0,0
67,RIGHT_EYE_INNER,0.3983913064002991,0.5430021286010742,0.17035984992980957,0,0
67,RIGHT_EYE,0.39999765157699585,0.5425692796707153,0.1703796088695526,0,0
67,RIGHT_EYE_OUTER,0.4016319811344147,0.542249321937561,0.17036159336566925,0,0
67,LEFT_EAR,0.3895660936832428,0.5495998859405518,0.09408266842365265,0,0
67,RIGHT_EAR,0.4055597484111786,0.5455107092857361,0.11830297857522964,0,0
67,MOUTH_LEFT,0.3952634036540985,0.5575411319732666,0.1584194302558899,0,0
67,MOUTH_RIGHT,0.39987626671791077,0.5559935569763184,0.16531774401664734,0,0
67,LEFT_SHOULDER,0.3802836537361145,0.5911940932273865,0.037912629544734955,0,0
67,RIGHT_SHOULDER,0.42333561182022095,0.5905338525772095,0.09469793736934662,0,0
67,LEFT_ELBOW,0.37589535117149353,0.6518175005912781,0.05100540444254875,0,0
67,RIGHT_ELBOW,0.421374648809433,0.6468093991279602,0.13172145187854767,0,0
67,LEFT_WRIST,0.3769935965538025,0.6787635087966919,0.10488723963499069,0,0
67,RIGHT_WRIST,0.40095651149749756,0.6787277460098267,0.1761428415775299,0,0
67,LEFT_PINKY,0.37848252058029175,0.6888027787208557,0.107793428003788,0,0
67,RIGHT_PINKY,0.3966703414916992,0.6866064667701721,0.18447691202163696,0,0
67,LEFT_INDEX,0.3797653913497925,0.6847120523452759,0.10828909277915955,0,0
67,RIGHT_INDEX,0.3933209776878357,0.685488224029541,0.18287010490894318,0,0
67,LEFT_THUMB,0.37988629937171936,0.6814296841621399,0.10681748390197754,0,0
67,RIGHT_THUMB,0.39379772543907166,0.6823708415031433,0.1761772632598877,0,0
67,LEFT_HIP,0.399110347032547,0.7233021855354309,-0.0166364386677742,0,0
67,RIGHT_HIP,0.4275630712509155,0.715312123298645,0.016550859436392784,0,0
67,LEFT_KNEE,0.3768966794013977,0.7906602025032043,0.035867150872945786,0,0
67,RIGHT_KNEE,0.45007869601249695,0.7888484001159668,0.08388148993253708,0,0
67,LEFT_ANKLE,0.3697536885738373,0.8851997256278992,-0.02975347265601158,0,0
67,RIGHT_ANKLE,0.47526443004608154,0.8795161247253418,0.0036960928700864315,0,0
67,LEFT_HEEL,0.37142884731292725,0.9064096808433533,-0.03331631049513817,0,0
67,RIGHT_HEEL,0.4764905571937561,0.8973118662834167,-0.003058405825868249,0,0
67,LEFT_FOOT_INDEX,0.3639908730983734,0.8918539881706238,-0.035340409725904465,0,0
67,RIGHT_FOOT_INDEX,0.48286351561546326,0.8908752202987671,0.00023860103101469576,0,0
68,NOSE,0.3955811560153961,0.5410994291305542,0.1856987029314041,0,0
68,LEFT_EYE_INNER,0.3924088776111603,0.5351343750953674,0.16975602507591248,0,0
68,LEFT_EYE,0.3907553255558014,0.5356364250183105,0.16976138949394226,0,0
68,LEFT_EYE_OUTER,0.38913699984550476,0.536351203918457,0.16975602507591248,0,0
68,RIGHT_EYE_INNER,0.39733201265335083,0.5343447327613831,0.17181891202926636,0,0
68,RIGHT_EYE,0.3989357054233551,0.53411465883255,0.17183996737003326,0,0
68,RIGHT_EYE_OUTER,0.40058979392051697,0.5339373350143433,0.17182406783103943,0,0
68,LEFT_EAR,0.3875391185283661,0.5422327518463135,0.10262095183134079,0,0
68,RIGHT_EAR,0.40395596623420715,0.5379347205162048,0.11204848438501358,0,0
68,MOUTH_LEFT,0.3937714695930481,0.548574686050415,0.16398921608924866,0,0
68,MOUTH_RIGHT,0.3988369107246399,0.5473577976226807,0.16630859673023224,0,0
68,LEFT_SHOULDER,0.3746662139892578,0.5876569747924805,0.051003389060497284,0,0
68,RIGHT_SHOULDER,0.4224582612514496,0.5837241411209106,0.08933116495609283,0,0
68,LEFT_ELBOW,0.3640066981315613,0.6515557765960693,0.07566187530755997,0,0
68,RIGHT_ELBOW,0.4291161596775055,0.6460005640983582,0.12405756115913391,0,0
68,LEFT_WRIST,0.3746318519115448,0.6815522313117981,0.15193873643875122,0,0
68,RIGHT_WRIST,0.4112792909145355,0.6681609749794006,0.20122283697128296,0,0
68,LEFT_PINKY,0.37818825244903564,0.6927733421325684,0.16050510108470917,0,0
68,RIGHT_PINKY,0.40504565834999084,0.6776633858680725,0.214109867811203,0,0
68,LEFT_INDEX,0.3795607388019562,0.688137412071228,0.1627754420042038,0,0
68,RIGHT_INDEX,0.40028950572013855,0.6742262244224548,0.21481603384017944,0,0
68,LEFT_THUMB,0.37904512882232666,0.6837797164916992,0.15491674840450287,0,0
68,RIGHT_THUMB,0.400177001953125,0.6703485250473022,0.2030942440032959,0,0
68,LEFT_HIP,0.39516928791999817,0.7193230390548706,-0.008045035414397717,0,0
68,RIGHT_HIP,0.42441508173942566,0.7099764347076416,0.007957455702126026,0,0
68,LEFT_KNEE,0.377206027507782,0.7917398810386658,0.03408807888627052,0,0
68,RIGHT_KNEE,0.4469165503978729,0.7877440452575684,0.07282102853059769,0,0
68,LEFT_ANKLE,0.3697301149368286,0.8857154846191406,-0.0059592523612082005,0,0
68,RIGHT_ANKLE,0.47369274497032166,0.8783926367759705,0.02643783576786518,0,0
68,LEFT_HEEL,0.3711920380592346,0.9066867828369141,-0.007933518849313259,0,0
68,RIGHT_HEEL,0.4764653742313385,0.8963148593902588,0.0232209675014019,0,0
68,LEFT_FOOT_INDEX,0.36408868432044983,0.8934468626976013,-0.005144424736499786,0,0
68,RIGHT_FOOT_INDEX,0.4766950309276581,0.8908296823501587,0.027644004672765732,0,0
69,NOSE,0.39661750197410583,0.5368427634239197,0.17198915779590607,0,0
69,LEFT_EYE_INNER,0.39354294538497925,0.5309520959854126,0.15769173204898834,0,0
69,LEFT_EYE,0.3918846845626831,0.5314013957977295,0.157747283577919,0,0
69,LEFT_EYE_OUTER,0.3902100622653961,0.5320883989334106,0.15770620107650757,0,0
69,RIGHT_EYE_INNER,0.39826729893684387,0.5302944779396057,0.1576477587223053,0,0
69,RIGHT_EYE,0.3997107446193695,0.5301214456558228,0.15766839683055878,0,0
69,RIGHT_EYE_OUTER,0.40120700001716614,0.5299268364906311,0.15766574442386627,0,0
69,LEFT_EAR,0.3883187472820282,0.5384145379066467,0.09965623170137405,0,0
69,RIGHT_EAR,0.40387874841690063,0.5339837670326233,0.09895683079957962,0,0
69,MOUTH_LEFT,0.3950864374637604,0.544358491897583,0.15372861921787262,0,0
69,MOUTH_RIGHT,0.3999271094799042,0.5434022545814514,0.15315397083759308,0,0
69,LEFT_SHOULDER,0.3725792467594147,0.5856771469116211,0.045089904218912125,0,0
69,RIGHT_SHOULDER,0.4224128723144531,0.5802043676376343,0.07498584687709808,0,0
69,LEFT_ELBOW,0.3599098324775696,0.6520784497261047,0.09106186777353287,0,0
69,RIGHT_ELBOW,0.43265578150749207,0.6455773115158081,0.12710554897785187,0,0
69,LEFT_WRIST,0.3753805160522461,0.6791445016860962,0.20206575095653534,0,0
69,RIGHT_WRIST,0.41374486684799194,0.6633992791175842,0.229033961892128,0,0
69,LEFT_PINKY,0.37964552640914917,0.6891067028045654,0.21707186102867126,0,0
69,RIGHT_PINKY,0.4086252450942993,0.6734537482261658,0.24684865772724152,0,0
69,LEFT_INDEX,0.3810117542743683,0.6852378845214844,0.21891765296459198,0,0
69,RIGHT_INDEX,0.40509283542633057,0.6677423119544983,0.2474803775548935,0,0
69,LEFT_THUMB,0.38035696744918823,0.6818647980690002,0.20592565834522247,0,0
69,RIGHT_THUMB,0.40557125210762024,0.6641139388084412,0.231915682554245,0,0
69,LEFT_HIP,0.3940817713737488,0.7167549133300781,-0.006608952768146992,0,0
69,RIGHT_HIP,0.4233945608139038,0.7074550986289978,0.006490499712526798,0,0
69,LEFT_KNEE,0.3779987692832947,0.7932769656181335,0.022473417222499847,0,0
69,RIGHT_KNEE,0.44612035155296326,0.7869296669960022,0.06862819939851761,0,0
69,LEFT_ANKLE,0.3698095679283142,0.8857540488243103,-0.0062731048092246056,0,0
69,RIGHT_ANKLE,0.4699017107486725,0.8785184621810913,0.029867513105273247,0,0
69,LEFT_HEEL,0.3710598647594452,0.9064294695854187,-0.007520204875618219,0,0
69,RIGHT_HEEL,0.4719800353050232,0.8961743116378784,0.027435408905148506,0,0
69,LEFT_FOOT_INDEX,0.3645488917827606,0.8946250081062317,-0.003946560900658369,0,0
69,RIGHT_FOOT_INDEX,0.4732213616371155,0.8908430337905884,0.03328957036137581,0,0
70,NOSE,0.3988744616508484,0.5353500843048096,0.1710176318883896,0,0
70,LEFT_EYE_INNER,0.3958524167537689,0.528544545173645,0.15591147541999817,0,0
70,LEFT_EYE,0.3941148519515991,0.5288302898406982,0.15593211352825165,0,0
70,LEFT_EYE_OUTER,0.3923139274120331,0.5293229222297668,0.15590235590934753,0,0
70,RIGHT_EYE_INNER,0.40050065517425537,0.5281983017921448,0.15463748574256897,0,0
70,RIGHT_EYE,0.4019658863544464,0.5280992984771729,0.15465502440929413,0,0
70,RIGHT_EYE_OUTER,0.4034718871116638,0.5279269814491272,0.154642254114151,0,0
70,LEFT_EAR,0.3897235095500946,0.5357300639152527,0.09626369178295135,0,0
70,RIGHT_EAR,0.4053725004196167,0.5318121910095215,0.09447332471609116,0,0
70,MOUTH_LEFT,0.3972579836845398,0.5423651933670044,0.15098953247070312,0,0
70,MOUTH_RIGHT,0.40210863947868347,0.5421142578125,0.15103334188461304,0,0
70,LEFT_SHOULDER,0.37182557582855225,0.5846861004829407,0.05893910303711891,0,0
70,RIGHT_SHOULDER,0.42332881689071655,0.5787563323974609,0.06205834075808525,0,0
70,LEFT_ELBOW,0.35863620042800903,0.6521143317222595,0.1157735139131546,0,0
70,RIGHT_ELBOW,0.4361766278743744,0.6453161239624023,0.11594565212726593,0,0
70,LEFT_WRIST,0.3775841295719147,0.6761677861213684,0.22392384707927704,0,0
70,RIGHT_WRIST,0.41582152247428894,0.6624122262001038,0.21411946415901184,0,0
70,LEFT_PINKY,0.38306379318237305,0.6830346584320068,0.2402067333459854,0,0
70,RIGHT_PINKY,0.4109501540660858,0.6725227236747742,0.23115697503089905,0,0
70,LEFT_INDEX,0.3848130404949188,0.6778140664100647,0.24144333600997925,0,0
70,RIGHT_INDEX,0.4073888957500458,0.6672316789627075,0.23132212460041046,0,0
70,LEFT_THUMB,0.3819865584373474,0.6745058298110962,0.22741173207759857,0,0
70,RIGHT_THUMB,0.40816301107406616,0.6635553240776062,0.21707679331302643,0,0
70,LEFT_HIP,0.3927711844444275,0.7168324589729309,0.0007021400379016995,0,0
70,RIGHT_HIP,0.4228323996067047,0.707918107509613,-0.0008654984994791448,0,0
70,LEFT_KNEE,0.37838318943977356,0.7967477440834045,0.048355188220739365,0,0
70,RIGHT_KNEE,0.4447481036186218,0.7847055196762085,0.07494444400072098,0,0
70,LEFT_ANKLE,0.3698252737522125,0.8867985606193542,0.0002465317666064948,0,0
70,RIGHT_ANKLE,0.46369287371635437,0.8788692951202393,0.024946171790361404,0,0
70,LEFT_HEEL,0.3707018196582794,0.9076108336448669,-0.0029634262900799513,0,0
70,RIGHT_HEEL,0.46094703674316406,0.8961907029151917,0.020706893876194954,0,0
70,LEFT_FOOT_INDEX,0.36471033096313477,0.8948849439620972,0.004287483636289835,0,0
70,RIGHT_FOOT_INDEX,0.4743114113807678,0.8974162340164185,0.028609978035092354,0,0
71,NOSE,0.39900466799736023,0.5351837277412415,0.16256555914878845,0,0
71,LEFT_EYE_INNER,0.39590251445770264,0.5281276106834412,0.1492585390806198,0,0
71,LEFT_EYE,0.3940926790237427,0.5283506512641907,0.1492883414030075,0,0
71,LEFT_EYE_OUTER,0.3922455608844757,0.5287744998931885,0.1492670625448227,0,0
71,RIGHT_EYE_INNER,0.40057697892189026,0.5278477668762207,0.14789730310440063,0,0
71,RIGHT_EYE,0.4020712971687317,0.5277570486068726,0.14791424572467804,0,0
71,RIGHT_EYE_OUTER,0.40361449122428894,0.5276257395744324,0.14789438247680664,0,0
71,LEFT_EAR,0.3895702660083771,0.5351330041885376,0.09383909404277802,0,0
71,RIGHT_EAR,0.4053371250629425,0.5315083265304565,0.09009415656328201,0,0
71,MOUTH_LEFT,0.3974813222885132,0.5420512557029724,0.14561425149440765,0,0
71,MOUTH_RIGHT,0.40229398012161255,0.542064905166626,0.14422112703323364,0,0
71,LEFT_SHOULDER,0.37161165475845337,0.5837124586105347,0.05659322440624237,0,0
71,RIGHT_SHOULDER,0.42368754744529724,0.5779290795326233,0.059211086481809616,0,0
71,LEFT_ELBOW,0.35882121324539185,0.6521483659744263,0.10841909795999527,0,0
71,RIGHT_ELBOW,0.4360884130001068,0.6449856758117676,0.111229807138443,0,0
71,LEFT_WRIST,0.3786507844924927,0.6743502616882324,0.21019354462623596,0,0
71,RIGHT_WRIST,0.41534507274627686,0.6626149415969849,0.20261090993881226,0,0
71,LEFT_PINKY,0.3845633864402771,0.6794635653495789,0.2256760448217392,0,0
71,RIGHT_PINKY,0.41032007336616516,0.6732177734375,0.21891023218631744,0,0
71,LEFT_INDEX,0.3865297734737396,0.6742940545082092,0.2270064353942871,0,0
71,RIGHT_INDEX,0.40725529193878174,0.6675465106964111,0.2192823886871338,0,0
71,LEFT_THUMB,0.3834446966648102,0.6711292862892151,0.21364428102970123,0,0
71,RIGHT_THUMB,0.4080106317996979,0.6640413403511047,0.20548036694526672,0,0
71,LEFT_HIP,0.3926910161972046,0.7166840434074402,0.002432903042063117,0,0
71,RIGHT_HIP,0.4225333034992218,0.7079245448112488,-0.0026106834411621094,0,0
71,LEFT_KNEE,0.3786609470844269,0.7964040040969849,0.041792191565036774,0,0
71,RIGHT_KNEE,0.44456231594085693,0.7832753658294678,0.07055573165416718,0,0
71,LEFT_ANKLE,0.3699200451374054,0.8864189982414246,-0.0028321172576397657,0,0
71,RIGHT_ANKLE,0.46284541487693787,0.8795694708824158,0.018467994406819344,0,0
71,LEFT_HEEL,0.37035608291625977,0.9070254564285278,-0.006201388314366341,0,0
71,RIGHT_HEEL,0.46029478311538696,0.8962904810905457,0.01396755501627922,0,0
71,LEFT_FOOT_INDEX,0.36772093176841736,0.8962442874908447,-0.002932786475867033,0,0
71,RIGHT_FOOT_INDEX,0.47351473569869995,0.8977123498916626,0.017799504101276398,0,0
72,NOSE,0.4002664387226105,0.5353973507881165,0.1618453711271286,0,0
72,LEFT_EYE_INNER,0.39722007513046265,0.5279887318611145,0.14849576354026794,0,0
72,LEFT_EYE,0.3954431116580963,0.5281702280044556,0.14852255582809448,0,0
72,LEFT_EYE_OUTER,0.3936394453048706,0.528565526008606,0.14850927889347076,0,0
72,RIGHT_EYE_INNER,0.40189340710639954,0.5278331637382507,0.14705242216587067,0,0
72,RIGHT_EYE,0.40339168906211853,0.5277544856071472,0.14706404507160187,0,0
72,RIGHT_EYE_OUTER,0.40491506457328796,0.5276130437850952,0.14704155921936035,0,0
72,LEFT_EAR,0.39083731174468994,0.5347092747688293,0.0927480086684227,0,0
72,RIGHT_EAR,0.4066716730594635,0.5312690734863281,0.08850254863500595,0,0
72,MOUTH_LEFT,0.3986312747001648,0.5418027639389038,0.14542531967163086,0,0
72,MOUTH_RIGHT,0.40340813994407654,0.5419402122497559,0.1436702460050583,0,0
72,LEFT_SHOULDER,0.3725404143333435,0.5834821462631226,0.06535175442695618,0,0
72,RIGHT_SHOULDER,0.4242004156112671,0.5769596099853516,0.050894126296043396,0,0
72,LEFT_ELBOW,0.36008206009864807,0.6523875594139099,0.12483003735542297,0,0
72,RIGHT_ELBOW,0.43765613436698914,0.644841194152832,0.1094685047864914,0,0
72,LEFT_WRIST,0.3823040723800659,0.6645925641059875,0.22892595827579498,0,0
72,RIGHT_WRIST,0.4162387251853943,0.6612907648086548,0.2114158570766449,0,0
72,LEFT_PINKY,0.389386385679245,0.6663116812705994,0.24688509106636047,0,0
72,RIGHT_PINKY,0.4108580946922302,0.6711082458496094,0.22907191514968872,0,0
72,LEFT_INDEX,0.3914148211479187,0.660919725894928,0.24633029103279114,0,0
72,RIGHT_INDEX,0.4082818925380707,0.6647056937217712,0.22958675026893616,0,0
72,LEFT_THUMB,0.388791561126709,0.6586722731590271,0.23171810805797577,0,0
72,RIGHT_THUMB,0.4092162251472473,0.6614493131637573,0.21483153104782104,0,0
72,LEFT_HIP,0.3919529318809509,0.7165977954864502,0.010676032863557339,0,0
72,RIGHT_HIP,0.42205360531806946,0.7080813646316528,-0.010858191177248955,0,0
72,LEFT_KNEE,0.37864506244659424,0.7961183190345764,0.059925105422735214,0,0
72,RIGHT_KNEE,0.4446142315864563,0.7826525568962097,0.060088302940130234,0,0
72,LEFT_ANKLE,0.3699345588684082,0.8860869407653809,-0.0034682771656662226,0,0
72,RIGHT_ANKLE,0.457849383354187,0.8804879188537598,-0.004449347034096718,0,0
72,LEFT_HEEL,0.3702930510044098,0.906599223613739,-0.008064142428338528,0,0
72,RIGHT_HEEL,0.45371606945991516,0.896942675113678,-0.010019767098128796,0,0
72,LEFT_FOOT_INDEX,0.36925891041755676,0.8962844610214233,-0.0023500239476561546,0,0
72,RIGHT_FOOT_INDEX,0.47041574120521545,0.9006354212760925,-0.0023211659863591194,0,0
73,NOSE,0.40533414483070374,0.5359426140785217,0.16094063222408295,0,0
73,LEFT_EYE_INNER,0.4016798734664917,0.5281051993370056,0.14843912422657013,0,0
73,LEFT_EYE,0.3997446596622467,0.5280752778053284,0.1484653353691101,0,0
73,LEFT_EYE_OUTER,0.39793291687965393,0.5282150506973267,0.14846046268939972,0,0
73,RIGHT_EYE_INNER,0.4062267541885376,0.5280760526657104,0.14509615302085876,0,0
73,RIGHT_EYE,0.40748330950737,0.5278885960578918,0.1451071798801422,0,0
73,RIGHT_EYE_OUTER,0.40854611992836,0.5276265740394592,0.14507921040058136,0,0
73,LEFT_EAR,0.3936363756656647,0.5337205529212952,0.09829171746969223,0,0
73,RIGHT_EAR,0.4080594778060913,0.5305725336074829,0.08291321247816086,0,0
73,MOUTH_LEFT,0.4033261239528656,0.5419418811798096,0.14565299451351166,0,0
73,MOUTH_RIGHT,0.4073106348514557,0.5421504378318787,0.141835018992424,0,0
73,LEFT_SHOULDER,0.37408751249313354,0.5832549333572388,0.08138422667980194,0,0
73,RIGHT_SHOULDER,0.4243931174278259,0.5760446190834045,0.03519625961780548,0,0
73,LEFT_ELBOW,0.36232098937034607,0.6520296335220337,0.13798891007900238,0,0
73,RIGHT_ELBOW,0.440851092338562,0.6428332328796387,0.08599764853715897,0,0
73,LEFT_WRIST,0.3856632113456726,0.6597849130630493,0.2260381430387497,0,0
73,RIGHT_WRIST,0.42023083567619324,0.6588265895843506,0.1892590969800949,0,0
73,LEFT_PINKY,0.3926795423030853,0.6611743569374084,0.24316808581352234,0,0
73,RIGHT_PINKY,0.4144853353500366,0.6658796668052673,0.20459961891174316,0,0
73,LEFT_INDEX,0.3946223556995392,0.65505450963974,0.24216455221176147,0,0
73,RIGHT_INDEX,0.41224196553230286,0.6605066061019897,0.20487543940544128,0,0
73,LEFT_THUMB,0.39234986901283264,0.653306782245636,0.22825852036476135,0,0
73,RIGHT_THUMB,0.41373661160469055,0.6576933264732361,0.19244703650474548,0,0
73,LEFT_HIP,0.39196130633354187,0.7150471806526184,0.02179887890815735,0,0
73,RIGHT_HIP,0.42154911160469055,0.7079853415489197,-0.021968400105834007,0,0
73,LEFT_KNEE,0.37872427701950073,0.7964398860931396,0.06911532580852509,0,0
73,RIGHT_KNEE,0.44531944394111633,0.7828142046928406,0.04104901850223541,0,0
73,LEFT_ANKLE,0.369983971118927,0.8859925866127014,-0.0052000074647367,0,0
73,RIGHT_ANKLE,0.4514999985694885,0.8825175166130066,-0.029963532462716103,0,0
73,LEFT_HEEL,0.37015438079833984,0.9062962532043457,-0.00866209901869297,0,0
73,RIGHT_HEEL,0.44589558243751526,0.8984729051589966,-0.0356253907084465,0,0
73,LEFT_FOOT_INDEX,0.3701426386833191,0.8969080448150635,-0.003261710051447153,0,0
73,RIGHT_FOOT_INDEX,0.46888506412506104,0.9053930044174194,-0.026162827387452126,0,0
74,NOSE,0.408774733543396,0.5349335074424744,0.1673029214143753,0,0
74,LEFT_EYE_INNER,0.40498659014701843,0.526890754699707,0.15562333166599274,0,0
74,LEFT_EYE,0.4031274914741516,0.5267012119293213,0.15565387904644012,0,0
74,LEFT_EYE_OUTER,0.40131911635398865,0.5266360640525818,0.15566767752170563,0,0
74,RIGHT_EYE_INNER,0.40950092673301697,0.5270094275474548,0.15029773116111755,0,0
74,RIGHT_EYE,0.4106384515762329,0.5268235802650452,0.15030184388160706,0,0
74,RIGHT_EYE_OUTER,0.4116020202636719,0.5265724658966064,0.15026825666427612,0,0
74,LEFT_EAR,0.3976958990097046,0.5316287875175476,0.10736197978258133,0,0
74,RIGHT_EAR,0.41105449199676514,0.5296130180358887,0.08623956888914108,0,0
74,MOUTH_LEFT,0.4068499505519867,0.5410034656524658,0.1536233127117157,0,0
74,MOUTH_RIGHT,0.41067075729370117,0.5412566065788269,0.14741192758083344,0,0
74,LEFT_SHOULDER,0.3755686581134796,0.5821517705917358,0.09603900462388992,0,0
74,RIGHT_SHOULDER,0.4269183576107025,0.5765513181686401,0.036848194897174835,0,0
74,LEFT_ELBOW,0.3634205162525177,0.6499428153038025,0.16275304555892944,0,0
74,RIGHT_ELBOW,0.44431909918785095,0.6417903900146484,0.0899609625339508,0,0
74,LEFT_WRIST,0.3879394233226776,0.6502110958099365,0.26136985421180725,0,0
74,RIGHT_WRIST,0.4244460165500641,0.6547547578811646,0.1999443620443344,0,0
74,LEFT_PINKY,0.3943285644054413,0.649871289730072,0.28074967861175537,0,0
74,RIGHT_PINKY,0.4189431369304657,0.6599646806716919,0.2164212167263031,0,0
74,LEFT_INDEX,0.3965860903263092,0.6430345177650452,0.2794819176197052,0,0
74,RIGHT_INDEX,0.41672995686531067,0.6536697149276733,0.21566516160964966,0,0
74,LEFT_THUMB,0.39500266313552856,0.6495307087898254,0.26382866501808167,0,0
74,RIGHT_THUMB,0.4181891083717346,0.6519091725349426,0.20329375565052032,0,0
74,LEFT_HIP,0.39187192916870117,0.7135136723518372,0.02880118601024151,0,0
74,RIGHT_HIP,0.4213322401046753,0.7081478834152222,-0.028963375836610794,0,0
74,LEFT_KNEE,0.3789171576499939,0.7960627675056458,0.07380734384059906,0,0
74,RIGHT_KNEE,0.44577687978744507,0.7829147577285767,0.028341060504317284,0,0
74,LEFT_ANKLE,0.37001293897628784,0.8859272003173828,-0.0024241989012807608,0,0
74,RIGHT_ANKLE,0.44546592235565186,0.8851836323738098,-0.040710464119911194,0,0
74,LEFT_HEEL,0.3700501620769501,0.9061310887336731,-0.008104585111141205,0,0
74,RIGHT_HEEL,0.4393717646598816,0.8999201655387878,-0.04593171179294586,0,0
74,LEFT_FOOT_INDEX,0.3704751133918762,0.8969418406486511,0.0020624424796551466,0,0
74,RIGHT_FOOT_INDEX,0.4659893214702606,0.9106282591819763,-0.03515477105975151,0,0
75,NOSE,0.4123478829860687,0.5346150994300842,0.1670500487089157,0,0
75,LEFT_EYE_INNER,0.40851718187332153,0.5263764262199402,0.1546430140733719,0,0
75,LEFT_EYE,0.40669575333595276,0.5261660814285278,0.1546591818332672,0,0
75,LEFT_EYE_OUTER,0.40496212244033813,0.5260437726974487,0.15467269718647003,0,0
75,RIGHT_EYE_INNER,0.4130082428455353,0.5265981554985046,0.14943274855613708,0,0
75,RIGHT_EYE,0.41411417722702026,0.5264872908592224,0.14943532645702362,0,0
75,RIGHT_EYE_OUTER,0.41512468457221985,0.5263371467590332,0.1494021862745285,0,0
75,LEFT_EAR,0.4017907679080963,0.5310062766075134,0.10232377052307129,0,0
75,RIGHT_EAR,0.41503196954727173,0.5298997759819031,0.08569949120283127,0,0
75,MOUTH_LEFT,0.41067013144493103,0.540906548500061,0.15174733102321625,0,0
75,MOUTH_RIGHT,0.41446390748023987,0.541226327419281,0.14649969339370728,0,0
75,LEFT_SHOULDER,0.3781495988368988,0.582211971282959,0.0921269878745079,0,0
75,RIGHT_SHOULDER,0.43073490262031555,0.5767777562141418,0.03356687352061272,0,0
75,LEFT_ELBOW,0.3709926903247833,0.6498859524726868,0.16444113850593567,0,0
75,RIGHT_ELBOW,0.4461095631122589,0.6417891979217529,0.09097948670387268,0,0
75,LEFT_WRIST,0.3905545175075531,0.6523496508598328,0.2711716890335083,0,0
75,RIGHT_WRIST,0.42643821239471436,0.6523473262786865,0.20306921005249023,0,0
75,LEFT_PINKY,0.394254207611084,0.6544470191001892,0.291483074426651,0,0
75,RIGHT_PINKY,0.425315260887146,0.6593637466430664,0.21915629506111145,0,0
75,LEFT_INDEX,0.3981633484363556,0.6489153504371643,0.29001563787460327,0,0
75,RIGHT_INDEX,0.41844144463539124,0.6504260897636414,0.21755389869213104,0,0
75,LEFT_THUMB,0.3981773555278778,0.649752140045166,0.27378779649734497,0,0
75,RIGHT_THUMB,0.4200340211391449,0.6491789221763611,0.20597952604293823,0,0
75,LEFT_HIP,0.39207515120506287,0.7134376168251038,0.03228310868144035,0,0
75,RIGHT_HIP,0.42150697112083435,0.7095164060592651,-0.032460976392030716,0,0
75,LEFT_KNEE,0.3800075650215149,0.7959736585617065,0.07872702181339264,0,0
75,RIGHT_KNEE,0.4458559453487396,0.7855127453804016,0.009832694195210934,0,0
75,LEFT_ANKLE,0.3700580596923828,0.8858976364135742,0.028962798416614532,0,0
75,RIGHT_ANKLE,0.44195741415023804,0.8905797600746155,-0.04421235993504524,0,0
75,LEFT_HEEL,0.36966273188591003,0.9059668779373169,0.024797940626740456,0,0
75,RIGHT_HEEL,0.43562909960746765,0.9081677794456482,-0.04848247766494751,0,0
75,LEFT_FOOT_INDEX,0.3719620406627655,0.8966767191886902,0.033786579966545105,0,0
75,RIGHT_FOOT_INDEX,0.46473586559295654,0.9125385880470276,-0.04341079294681549,0,0
76,NOSE,0.41323602199554443,0.5348028540611267,0.16457456350326538,0,0
76,LEFT_EYE_INNER,0.40972381830215454,0.5263546705245972,0.15282006561756134,0,0
76,LEFT_EYE,0.4079829752445221,0.5260758996009827,0.1528489887714386,0,0
76,LEFT_EYE_OUTER,0.4063236117362976,0.5259154438972473,0.1528596132993698,0,0
76,RIGHT_EYE_INNER,0.41402485966682434,0.5267452597618103,0.14670880138874054,0,0
76,RIGHT_EYE,0.41522741317749023,0.5266656875610352,0.14671441912651062,0,0
76,RIGHT_EYE_OUTER,0.41630977392196655,0.5265445709228516,0.1466807723045349,0,0
76,LEFT_EAR,0.4032563865184784,0.5310229063034058,0.1004319041967392,0,0
76,RIGHT_EAR,0.41655445098876953,0.5300215482711792,0.08176790177822113,0,0
76,MOUTH_LEFT,0.4116303622722626,0.5410717129707336,0.15164174139499664,0,0
76,MOUTH_RIGHT,0.415431946516037,0.5414592027664185,0.1437811404466629,0,0
76,LEFT_SHOULDER,0.37928664684295654,0.5821212530136108,0.09259878098964691,0,0
76,RIGHT_SHOULDER,0.43141084909439087,0.5771477818489075,0.02700982801616192,0,0
76,LEFT_ELBOW,0.373986154794693,0.6496899724006653,0.1595950424671173,0,0
76,RIGHT_ELBOW,0.4464835524559021,0.6418004631996155,0.07935646921396255,0,0
76,LEFT_WRIST,0.3934054374694824,0.6525374054908752,0.25540441274642944,0,0
76,RIGHT_WRIST,0.42624664306640625,0.6532502770423889,0.1939823478460312,0,0
76,LEFT_PINKY,0.395089328289032,0.6573274731636047,0.2739208936691284,0,0
76,RIGHT_PINKY,0.4219580292701721,0.659381091594696,0.2093767523765564,0,0
76,LEFT_INDEX,0.3993614912033081,0.6518420577049255,0.2717778980731964,0,0
76,RIGHT_INDEX,0.4186050295829773,0.6528645157814026,0.20535151660442352,0,0
76,LEFT_THUMB,0.39984041452407837,0.6510449647903442,0.25745493173599243,0,0
76,RIGHT_THUMB,0.420226514339447,0.6506909132003784,0.19810351729393005,0,0
76,LEFT_HIP,0.392386257648468,0.7135099172592163,0.03476148843765259,0,0
76,RIGHT_HIP,0.4216151535511017,0.7105546593666077,-0.03493654355406761,0,0
76,LEFT_KNEE,0.3804660439491272,0.7961321473121643,0.07610493153333664,0,0
76,RIGHT_KNEE,0.445924311876297,0.7881177067756653,0.002573900856077671,0,0
76,LEFT_ANKLE,0.36973893642425537,0.8862528204917908,0.0315631739795208,0,0
76,RIGHT_ANKLE,0.44071805477142334,0.8940184116363525,-0.0440852977335453,0,0
76,LEFT_HEEL,0.3689512014389038,0.9059134125709534,0.02794724330306053,0,0
76,RIGHT_HEEL,0.4337037205696106,0.9124118089675903,-0.047541942447423935,0,0
76,LEFT_FOOT_INDEX,0.3720540404319763,0.8969484567642212,0.036088183522224426,0,0
76,RIGHT_FOOT_INDEX,0.4640136659145355,0.9149397015571594,-0.044207923114299774,0,0
77,NOSE,0.41665297746658325,0.535171389579773,0.14133299887180328,0,0
77,LEFT_EYE_INNER,0.4132002294063568,0.5265465974807739,0.12887822091579437,0,0
77,LEFT_EYE,0.4115518629550934,0.5261168479919434,0.12890391051769257,0,0
77,LEFT_EYE_OUTER,0.40994206070899963,0.5261387825012207,0.1288994699716568,0,0
77,RIGHT_EYE_INNER,0.4175260365009308,0.5270302891731262,0.12480664998292923,0,0
77,RIGHT_EYE,0.4186645448207855,0.5269399285316467,0.12481844425201416,0,0
77,RIGHT_EYE_OUTER,0.4197615683078766,0.526846170425415,0.12478499114513397,0,0
77,LEFT_EAR,0.4070199728012085,0.5315310955047607,0.08064312487840652,0,0
77,RIGHT_EAR,0.4199887812137604,0.5304304361343384,0.06376011669635773,0,0
77,MOUTH_LEFT,0.414961040019989,0.5412046313285828,0.1279699057340622,0,0
77,MOUTH_RIGHT,0.41885873675346375,0.5417886972427368,0.12277809530496597,0,0
77,LEFT_SHOULDER,0.3836534321308136,0.5818087458610535,0.08379676938056946,0,0
77,RIGHT_SHOULDER,0.434043288230896,0.5788394212722778,0.014390946365892887,0,0
77,LEFT_ELBOW,0.3792725205421448,0.6482707858085632,0.14804263412952423,0,0
77,RIGHT_ELBOW,0.44748857617378235,0.6427986025810242,0.06759929656982422,0,0
77,LEFT_WRIST,0.3985365033149719,0.6509155035018921,0.25003761053085327,0,0
77,RIGHT_WRIST,0.42861372232437134,0.6532701253890991,0.17372369766235352,0,0
77,LEFT_PINKY,0.40169769525527954,0.6539031267166138,0.2692560851573944,0,0
77,RIGHT_PINKY,0.4259597957134247,0.6605428457260132,0.18890853226184845,0,0
77,LEFT_INDEX,0.4065910279750824,0.6478055119514465,0.2674013078212738,0,0
77,RIGHT_INDEX,0.42115774750709534,0.6512308716773987,0.1863422840833664,0,0
77,LEFT_THUMB,0.40696853399276733,0.646713137626648,0.25237101316452026,0,0
77,RIGHT_THUMB,0.4226955473423004,0.6499931216239929,0.17669695615768433,0,0
77,LEFT_HIP,0.39271238446235657,0.7142474055290222,0.03384487330913544,0,0
77,RIGHT_HIP,0.4219357371330261,0.7140607833862305,-0.0340377502143383,0,0
77,LEFT_KNEE,0.3818795084953308,0.7960072755813599,0.08288011699914932,0,0
77,RIGHT_KNEE,0.44592025876045227,0.7934462428092957,0.01117937546223402,0,0
77,LEFT_ANKLE,0.3695774972438812,0.8848304748535156,0.055217061191797256,0,0
77,RIGHT_ANKLE,0.4409365952014923,0.8963016867637634,-0.03832761570811272,0,0
77,LEFT_HEEL,0.3686790466308594,0.9040042161941528,0.05367375165224075,0,0
77,RIGHT_HEEL,0.43399810791015625,0.9160333275794983,-0.03651386871933937,0,0
77,LEFT_FOOT_INDEX,0.37195149064064026,0.8968710899353027,0.06423435360193253,0,0
77,RIGHT_FOOT_INDEX,0.4634389877319336,0.9147707223892212,-0.02901136688888073,0,0
78,NOSE,0.42051854729652405,0.5360530614852905,0.14077319204807281,0,0
78,LEFT_EYE_INNER,0.417355477809906,0.527045726776123,0.12891551852226257,0,0
78,LEFT_EYE,0.41569966077804565,0.526560366153717,0.12893632054328918,0,0
78,LEFT_EYE_OUTER,0.41412240266799927,0.5264211893081665,0.12893934547901154,0,0
78,RIGHT_EYE_INNER,0.42148762941360474,0.5275976657867432,0.12423017621040344,0,0
78,RIGHT_EYE,0.4225780665874481,0.5275517702102661,0.12424259632825851,0,0
78,RIGHT_EYE_OUTER,0.4236346483230591,0.5275180339813232,0.1242089793086052,0,0
78,LEFT_EAR,0.41116198897361755,0.5316327214241028,0.08228107541799545,0,0
78,RIGHT_EAR,0.42363396286964417,0.5316639542579651,0.06221742555499077,0,0
78,MOUTH_LEFT,0.4187128245830536,0.5426779389381409,0.12780053913593292,0,0
78,MOUTH_RIGHT,0.4226793944835663,0.5436004996299744,0.12186193466186523,0,0
78,LEFT_SHOULDER,0.3897840678691864,0.5809364318847656,0.08243269473314285,0,0
78,RIGHT_SHOULDER,0.43650469183921814,0.5824988484382629,0.011785725131630898,0,0
78,LEFT_ELBOW,0.387979656457901,0.6450672745704651,0.1468852460384369,0,0
78,RIGHT_ELBOW,0.44758927822113037,0.6478821039199829,0.06156148761510849,0,0
78,LEFT_WRIST,0.40274572372436523,0.6513515710830688,0.23710580170154572,0,0
78,RIGHT_WRIST,0.42934998869895935,0.6536819934844971,0.15948805212974548,0,0
78,LEFT_PINKY,0.40350598096847534,0.6548972129821777,0.25382915139198303,0,0
78,RIGHT_PINKY,0.42610588669776917,0.6648685932159424,0.17164966464042664,0,0
78,LEFT_INDEX,0.4076134264469147,0.6495734453201294,0.25193312764167786,0,0
78,RIGHT_INDEX,0.4209645092487335,0.6523987650871277,0.16946010291576385,0,0
78,LEFT_THUMB,0.40846291184425354,0.6490619778633118,0.2390536516904831,0,0
78,RIGHT_THUMB,0.4226444363594055,0.6502807140350342,0.16175037622451782,0,0
78,LEFT_HIP,0.3955536186695099,0.7161940336227417,0.03665541484951973,0,0
78,RIGHT_HIP,0.4225536286830902,0.7176400423049927,-0.03687559440732002,0,0
78,LEFT_KNEE,0.3851318955421448,0.7944012880325317,0.09840619564056396,0,0
78,RIGHT_KNEE,0.4462455213069916,0.7971817255020142,0.021164000034332275,0,0
78,LEFT_ANKLE,0.36942604184150696,0.8796114325523376,0.07866330444812775,0,0
78,RIGHT_ANKLE,0.4413045048713684,0.8971147537231445,8.791741856839508e-05,0,0
78,LEFT_HEEL,0.3676982820034027,0.8974560499191284,0.0778258666396141,0,0
78,RIGHT_HEEL,0.43440163135528564,0.9172986745834351,0.0004166793078184128,0,0
78,LEFT_FOOT_INDEX,0.3734869956970215,0.8911392092704773,0.08669135719537735,0,0
78,RIGHT_FOOT_INDEX,0.46273452043533325,0.9132480025291443,0.004350109491497278,0,0
79,NOSE,0.4260476529598236,0.5404524207115173,0.14101549983024597,0,0
79,LEFT_EYE_INNER,0.423245370388031,0.5316064953804016,0.13693714141845703,0,0
79,LEFT_EYE,0.4216882884502411,0.5310716032981873,0.13695359230041504,0,0
79,LEFT_EYE_OUTER,0.42014726996421814,0.5306609272956848,0.13695615530014038,0,0
79,RIGHT_EYE_INNER,0.4265381693840027,0.532120943069458,0.13018621504306793,0,0
79,RIGHT_EYE,0.4273858666419983,0.5320479273796082,0.13020478188991547,0,0
79,RIGHT_EYE_OUTER,0.4281621277332306,0.5319409966468811,0.13021092116832733,0,0
79,LEFT_EAR,0.4164532721042633,0.5344145894050598,0.096442312002182,0,0
79,RIGHT_EAR,0.42734888195991516,0.5356537103652954,0.06841422617435455,0,0
79,MOUTH_LEFT,0.42414137721061707,0.5469803810119629,0.13501772284507751,0,0
79,MOUTH_RIGHT,0.42731979489326477,0.5478725433349609,0.12841561436653137,0,0
79,LEFT_SHOULDER,0.39414870738983154,0.5807852149009705,0.1025346964597702,0,0
79,RIGHT_SHOULDER,0.43776777386665344,0.5854555368423462,0.01075273472815752,0,0
79,LEFT_ELBOW,0.39731112122535706,0.6406172513961792,0.16384652256965637,0,0
79,RIGHT_ELBOW,0.44847312569618225,0.6550762057304382,0.05861445143818855,0,0
79,LEFT_WRIST,0.4108881652355194,0.6517159342765808,0.24161271750926971,0,0
79,RIGHT_WRIST,0.4335155785083771,0.6568863987922668,0.16164253652095795,0,0
79,LEFT_PINKY,0.41228681802749634,0.6556477546691895,0.25730493664741516,0,0
79,RIGHT_PINKY,0.43048620223999023,0.6686028838157654,0.17346863448619843,0,0
79,LEFT_INDEX,0.4164392352104187,0.65045565366745,0.2554897367954254,0,0
79,RIGHT_INDEX,0.4260810911655426,0.6601888537406921,0.17127801477909088,0,0
79,LEFT_THUMB,0.41739973425865173,0.6493616104125977,0.24290336668491364,0,0
79,RIGHT_THUMB,0.42774292826652527,0.6548793911933899,0.16388572752475739,0,0
79,LEFT_HIP,0.39791175723075867,0.7170113325119019,0.041196539998054504,0,0
79,RIGHT_HIP,0.42286160588264465,0.7194660902023315,-0.04143659397959709,0,0
79,LEFT_KNEE,0.3872452676296234,0.7919618487358093,0.11028178781270981,0,0
79,RIGHT_KNEE,0.44862356781959534,0.7993093729019165,0.014612007886171341,0,0
79,LEFT_ANKLE,0.3694438934326172,0.8754327297210693,0.09265288710594177,0,0
79,RIGHT_ANKLE,0.4416459798812866,0.8978796005249023,-0.004815512336790562,0,0
79,LEFT_HEEL,0.36733487248420715,0.8913301825523376,0.09129997342824936,0,0
79,RIGHT_HEEL,0.4335795044898987,0.917616605758667,-0.005703033413738012,0,0
79,LEFT_FOOT_INDEX,0.37364524602890015,0.8865637183189392,0.0973702222108841,0,0
79,RIGHT_FOOT_INDEX,0.46339648962020874,0.9135231971740723,-0.003487973939627409,0,0
80,NOSE,0.4304034411907196,0.5453689098358154,0.14708079397678375,0,0
80,LEFT_EYE_INNER,0.4278472363948822,0.536929726600647,0.1375209391117096,0,0
80,LEFT_EYE,0.42640218138694763,0.5363785028457642,0.1375262588262558,0,0
80,LEFT_EYE_OUTER,0.4249170422554016,0.5358481407165527,0.13751785457134247,0,0
80,RIGHT_EYE_INNER,0.4307482838630676,0.537280797958374,0.13347838819026947,0,0
80,RIGHT_EYE,0.4314779043197632,0.5370805859565735,0.1334916651248932,0,0
80,RIGHT_EYE_OUTER,0.4321151673793793,0.536836564540863,0.13346490263938904,0,0
80,LEFT_EAR,0.42083436250686646,0.5384555459022522,0.10057458281517029,0,0
80,RIGHT_EAR,0.43077415227890015,0.5400816202163696,0.06574792414903641,0,0
80,MOUTH_LEFT,0.42822036147117615,0.5514690279960632,0.13576556742191315,0,0
80,MOUTH_RIGHT,0.43108367919921875,0.5524167418479919,0.12991680204868317,0,0
80,LEFT_SHOULDER,0.39830076694488525,0.5812683701515198,0.10792594403028488,0,0
80,RIGHT_SHOULDER,0.43844714760780334,0.5876080393791199,0.005870315711945295,0,0
80,LEFT_ELBOW,0.4018929600715637,0.6408555507659912,0.16827280819416046,0,0
80,RIGHT_ELBOW,0.448557585477829,0.6618657112121582,0.05267744138836861,0,0
80,LEFT_WRIST,0.41432392597198486,0.6524816155433655,0.24207544326782227,0,0
80,RIGHT_WRIST,0.4368765652179718,0.6589239239692688,0.15441176295280457,0,0
80,LEFT_PINKY,0.4157160818576813,0.6568554639816284,0.2565235495567322,0,0
80,RIGHT_PINKY,0.4334552586078644,0.6694211959838867,0.16457346081733704,0,0
80,LEFT_INDEX,0.41961511969566345,0.6516014933586121,0.25434765219688416,0,0
80,RIGHT_INDEX,0.4292340576648712,0.6615431904792786,0.16245897114276886,0,0
80,LEFT_THUMB,0.4205869138240814,0.6503850221633911,0.2428491711616516,0,0
80,RIGHT_THUMB,0.42836514115333557,0.6584824323654175,0.1566147804260254,0,0
80,LEFT_HIP,0.3996172249317169,0.7174862623214722,0.04388131946325302,0,0
80,RIGHT_HIP,0.4229114353656769,0.7203866839408875,-0.044093966484069824,0,0
80,LEFT_KNEE,0.3892100155353546,0.790985643863678,0.11130569875240326,0,0
80,RIGHT_KNEE,0.45061570405960083,0.7991845011711121,0.009465950541198254,0,0
80,LEFT_ANKLE,0.3694312870502472,0.8758423328399658,0.10920785367488861,0,0
80,RIGHT_ANKLE,0.44141608476638794,0.8985805511474609,-0.0013669927138835192,0,0
80,LEFT_HEEL,0.36605551838874817,0.8922960758209229,0.10956577211618423,0,0
80,RIGHT_HEEL,0.43288031220436096,0.9177801012992859,-0.000984411919489503,0,0
80,LEFT_FOOT_INDEX,0.37519532442092896,0.8871646523475647,0.11636216938495636,0,0
80,RIGHT_FOOT_INDEX,0.4633971154689789,0.9143662452697754,-0.0015580669278278947,0,0
81,NOSE,0.43152838945388794,0.5477455258369446,0.14407876133918762,0,0
81,LEFT_EYE_INNER,0.4292060136795044,0.5392953753471375,0.13593541085720062,0,0
81,LEFT_EYE,0.42787405848503113,0.5386536121368408,0.13595619797706604,0,0
81,LEFT_EYE_OUTER,0.4265666604042053,0.5380369424819946,0.13596314191818237,0,0
81,RIGHT_EYE_INNER,0.4320525825023651,0.5400136709213257,0.12763088941574097,0,0
81,RIGHT_EYE,0.43273746967315674,0.5398862957954407,0.12764929234981537,0,0
81,RIGHT_EYE_OUTER,0.4333844780921936,0.5397473573684692,0.12759920954704285,0,0
81,LEFT_EAR,0.4222821295261383,0.5404457449913025,0.10075434297323227,0,0
81,RIGHT_EAR,0.43190425634384155,0.5426495671272278,0.0617203488945961,0,0
81,MOUTH_LEFT,0.4292469918727875,0.5535730123519897,0.13469725847244263,0,0
81,MOUTH_RIGHT,0.4319027364253998,0.5546903014183044,0.12389540672302246,0,0
81,LEFT_SHOULDER,0.39926818013191223,0.5813313126564026,0.11529948562383652,0,0
81,RIGHT_SHOULDER,0.4393812417984009,0.5900190472602844,0.005478191655129194,0,0
81,LEFT_ELBOW,0.4043366014957428,0.6365242004394531,0.20025332272052765,0,0
81,RIGHT_ELBOW,0.44893285632133484,0.6635438203811646,0.05519569292664528,0,0
81,LEFT_WRIST,0.4182024598121643,0.6371999382972717,0.3039957880973816,0,0
81,RIGHT_WRIST,0.43683335185050964,0.6615315675735474,0.15864530205726624,0,0
81,LEFT_PINKY,0.4193742573261261,0.6363255381584167,0.3253173828125,0,0
81,RIGHT_PINKY,0.43562060594558716,0.6676077246665955,0.16476835310459137,0,0
81,LEFT_INDEX,0.4229958951473236,0.6330742835998535,0.3251509964466095,0,0
81,RIGHT_INDEX,0.4308575391769409,0.6607658863067627,0.16294096410274506,0,0
81,LEFT_THUMB,0.42402663826942444,0.6335545182228088,0.30673354864120483,0,0
81,RIGHT_THUMB,0.42943885922431946,0.6584726572036743,0.1583392322063446,0,0
81,LEFT_HIP,0.40041786432266235,0.7180488705635071,0.04316983371973038,0,0
81,RIGHT_HIP,0.4231679141521454,0.7213066816329956,-0.04339372366666794,0,0
81,LEFT_KNEE,0.38972389698028564,0.7900927066802979,0.10823581367731094,0,0
81,RIGHT_KNEE,0.45111143589019775,0.7994926571846008,0.01566413976252079,0,0
81,LEFT_ANKLE,0.369498610496521,0.8752225637435913,0.09407009929418564,0,0
81,RIGHT_ANKLE,0.4415951371192932,0.9001764059066772,-0.0012279305374249816,0,0
81,LEFT_HEEL,0.3663087785243988,0.8914888501167297,0.09346223622560501,0,0
81,RIGHT_HEEL,0.4333314895629883,0.9188240170478821,-0.0013934825547039509,0,0
81,LEFT_FOOT_INDEX,0.37472930550575256,0.8877209424972534,0.10297166556119919,0,0
81,RIGHT_FOOT_INDEX,0.46305733919143677,0.9149945974349976,0.0009209270356222987,0,0
82,NOSE,0.43206751346588135,0.5482664108276367,0.1438918262720108,0,0
82,LEFT_EYE_INNER,0.429595410823822,0.5398605465888977,0.13545222580432892,0,0
82,LEFT_EYE,0.42821815609931946,0.5392395853996277,0.13547764718532562,0,0
82,LEFT_EYE_OUTER,0.42685776948928833,0.5386336445808411,0.13547523319721222,0,0
82,RIGHT_EYE_INNER,0.43294182419776917,0.5407459735870361,0.1268633008003235,0,0
82,RIGHT_EYE,0.4337691068649292,0.5407018065452576,0.12687358260154724,0,0
82,RIGHT_EYE_OUTER,0.43452128767967224,0.5406401753425598,0.12682746350765228,0,0
82,LEFT_EAR,0.42282363772392273,0.5413236618041992,0.09929157793521881,0,0
82,RIGHT_EAR,0.4334247410297394,0.5436973571777344,0.060201358050107956,0,0
82,MOUTH_LEFT,0.42974746227264404,0.5541841387748718,0.13386082649230957,0,0
82,MOUTH_RIGHT,0.4328393042087555,0.5553798079490662,0.12279774993658066,0,0
82,LEFT_SHOULDER,0.40073543787002563,0.582159161567688,0.11363295465707779,0,0
82,RIGHT_SHOULDER,0.4399165213108063,0.5921183228492737,0.0019644582644104958,0,0
82,LEFT_ELBOW,0.40461328625679016,0.6378213763237,0.20167683064937592,0,0
82,RIGHT_ELBOW,0.44808340072631836,0.6668271422386169,0.053609054535627365,0,0
82,LEFT_WRIST,0.41713669896125793,0.6377553939819336,0.31058594584465027,0,0
82,RIGHT_WRIST,0.4402605891227722,0.6614088416099548,0.16178138554096222,0,0
82,LEFT_PINKY,0.4183962047100067,0.6373030543327332,0.3322451412677765,0,0
82,RIGHT_PINKY,0.43959859013557434,0.6672033071517944,0.17227935791015625,0,0
82,LEFT_INDEX,0.42239630222320557,0.6329014897346497,0.33053916692733765,0,0
82,RIGHT_INDEX,0.43533408641815186,0.6599963903427124,0.17071478068828583,0,0
82,LEFT_THUMB,0.4233785569667816,0.633087158203125,0.31283143162727356,0,0
82,RIGHT_THUMB,0.43356025218963623,0.6583101749420166,0.1635105311870575,0,0
82,LEFT_HIP,0.40098220109939575,0.7195826768875122,0.04424611106514931,0,0
82,RIGHT_HIP,0.4233800768852234,0.7229194641113281,-0.044483765959739685,0,0
82,LEFT_KNEE,0.3908526599407196,0.7901741862297058,0.10564069449901581,0,0
82,RIGHT_KNEE,0.45160582661628723,0.8003069758415222,0.010071366094052792,0,0
82,LEFT_ANKLE,0.3704034686088562,0.8754127621650696,0.08775479346513748,0,0
82,RIGHT_ANKLE,0.44200408458709717,0.9004510641098022,-0.009579813107848167,0,0
82,LEFT_HEEL,0.36683836579322815,0.8925320506095886,0.08662136644124985,0,0
82,RIGHT_HEEL,0.43410012125968933,0.9187213182449341,-0.009047199971973896,0,0
82,LEFT_FOOT_INDEX,0.37602683901786804,0.8902950882911682,0.09599974751472473,0,0
82,RIGHT_FOOT_INDEX,0.4632680118083954,0.9154587984085083,-0.006081222090870142,0,0
83,NOSE,0.43552833795547485,0.550392210483551,0.12442097067832947,0,0
83,LEFT_EYE_INNER,0.4331500828266144,0.5417008996009827,0.11805852502584457,0,0
83,LEFT_EYE,0.4318639039993286,0.5410450100898743,0.11807851493358612,0,0
83,LEFT_EYE_OUTER,0.43059930205345154,0.54042649269104,0.11806906759738922,0,0
83,RIGHT_EYE_INNER,0.4357779622077942,0.5425455570220947,0.10679389536380768,0,0
83,RIGHT_EYE,0.43639305233955383,0.5424801707267761,0.10679753869771957,0,0
83,RIGHT_EYE_OUTER,0.43697258830070496,0.5424143671989441,0.1067529022693634,0,0
83,LEFT_EAR,0.4259693920612335,0.5433431267738342,0.09079526364803314,0,0
83,RIGHT_EAR,0.43498337268829346,0.5456486344337463,0.04037034511566162,0,0
83,MOUTH_LEFT,0.43305009603500366,0.5564234852790833,0.1175755113363266,0,0
83,MOUTH_RIGHT,0.4354472756385803,0.5576004385948181,0.10311175137758255,0,0
83,LEFT_SHOULDER,0.40239888429641724,0.5828151106834412,0.11183509975671768,0,0
83,RIGHT_SHOULDER,0.43940290808677673,0.5928003191947937,-0.016770953312516212,0,0
83,LEFT_ELBOW,0.406175822019577,0.6386348009109497,0.2000492513179779,0,0
83,RIGHT_ELBOW,0.44668760895729065,0.6690682172775269,0.022509945556521416,0,0
83,LEFT_WRIST,0.4220787584781647,0.6392372250556946,0.29594576358795166,0,0
83,RIGHT_WRIST,0.4472513794898987,0.6593457460403442,0.11739765852689743,0,0
83,LEFT_PINKY,0.4242132008075714,0.6391105651855469,0.3154873549938202,0,0
83,RIGHT_PINKY,0.4518043100833893,0.6526584029197693,0.12673448026180267,0,0
83,LEFT_INDEX,0.4280129671096802,0.6337928771972656,0.31131067872047424,0,0
83,RIGHT_INDEX,0.44906243681907654,0.6462509632110596,0.1273108422756195,0,0
83,LEFT_THUMB,0.4286089837551117,0.634041428565979,0.2967487871646881,0,0
83,RIGHT_THUMB,0.4459124505519867,0.6519685387611389,0.12113138288259506,0,0
83,LEFT_HIP,0.4015888571739197,0.7212967276573181,0.04689880460500717,0,0
83,RIGHT_HIP,0.4234701097011566,0.7246770858764648,-0.04710380733013153,0,0
83,LEFT_KNEE,0.39243486523628235,0.7939073443412781,0.09905402362346649,0,0
83,RIGHT_KNEE,0.4518907368183136,0.8004194498062134,-0.0007820508908480406,0,0
83,LEFT_ANKLE,0.3714522421360016,0.8801577091217041,0.0804794505238533,0,0
83,RIGHT_ANKLE,0.4419116973876953,0.9001912474632263,-0.018509818241000175,0,0
83,LEFT_HEEL,0.3680835962295532,0.8953225612640381,0.07925855368375778,0,0
83,RIGHT_HEEL,0.4340115189552307,0.9180804491043091,-0.017987510189414024,0,0
83,LEFT_FOOT_INDEX,0.3762064576148987,0.8941657543182373,0.0851798951625824,0,0
83,RIGHT_FOOT_INDEX,0.4633437991142273,0.9154868125915527,-0.01624910719692707,0,0
84,NOSE,0.43634459376335144,0.5511120557785034,0.09708666056394577,0,0
84,LEFT_EYE_INNER,0.43409663438796997,0.5423697829246521,0.09020023047924042,0,0
84,LEFT_EYE,0.43276941776275635,0.5417026877403259,0.09021399915218353,0,0
84,LEFT_EYE_OUTER,0.4314497411251068,0.5410476326942444,0.09020829200744629,0,0
84,RIGHT_EYE_INNER,0.4367140829563141,0.5431547164916992,0.07845591753721237,0,0
84,RIGHT_EYE,0.43728402256965637,0.5430726408958435,0.07846065610647202,0,0
84,RIGHT_EYE_OUTER,0.43782249093055725,0.542989194393158,0.0784105733036995,0,0
84,LEFT_EAR,0.42643678188323975,0.54374098777771,0.0633089616894722,0,0
84,RIGHT_EAR,0.43565234541893005,0.5462331771850586,0.011094597168266773,0,0
84,MOUTH_LEFT,0.4334927201271057,0.5569664835929871,0.09082475304603577,0,0
84,MOUTH_RIGHT,0.43601465225219727,0.5581773519515991,0.07570905983448029,0,0
84,LEFT_SHOULDER,0.40326353907585144,0.583159863948822,0.09481771290302277,0,0
84,RIGHT_SHOULDER,0.43897607922554016,0.5934786200523376,-0.04513126611709595,0,0
84,LEFT_ELBOW,0.404522567987442,0.6463083624839783,0.19579897820949554,0,0
84,RIGHT_ELBOW,0.4438958168029785,0.6690231561660767,-0.006968980189412832,0,0
84,LEFT_WRIST,0.42217451333999634,0.6474005579948425,0.24337725341320038,0,0
84,RIGHT_WRIST,0.4504117965698242,0.6589276194572449,0.08698035776615143,0,0
84,LEFT_PINKY,0.4249725043773651,0.6492106318473816,0.2574552297592163,0,0
84,RIGHT_PINKY,0.455862432718277,0.6510187983512878,0.09426914900541306,0,0
84,LEFT_INDEX,0.4284810423851013,0.6429498791694641,0.2506524920463562,0,0
84,RIGHT_INDEX,0.45337915420532227,0.6456108093261719,0.09438619017601013,0,0
84,LEFT_THUMB,0.42878055572509766,0.6424426436424255,0.2418949007987976,0,0
84,RIGHT_THUMB,0.4503151476383209,0.6476902961730957,0.0904591977596283,0,0
84,LEFT_HIP,0.4016558825969696,0.7219494581222534,0.04963741451501846,0,0
84,RIGHT_HIP,0.42350298166275024,0.7256719470024109,-0.04981572553515434,0,0
84,LEFT_KNEE,0.39330756664276123,0.7959878444671631,0.10248883068561554,0,0
84,RIGHT_KNEE,0.45174360275268555,0.800744354724884,-0.00391430826857686,0,0
84,LEFT_ANKLE,0.371933251619339,0.8822824358940125,0.11728063225746155,0,0
84,RIGHT_ANKLE,0.4420049488544464,0.900942862033844,0.003278422635048628,0,0
84,LEFT_HEEL,0.3683793842792511,0.8970135450363159,0.11952587217092514,0,0
84,RIGHT_HEEL,0.43420836329460144,0.9183682203292847,0.006679529324173927,0,0
84,LEFT_FOOT_INDEX,0.3782377541065216,0.8947393894195557,0.12400900572538376,0,0
84,RIGHT_FOOT_INDEX,0.46336600184440613,0.915526270866394,0.006988034583628178,0,0
85,NOSE,0.4353126585483551,0.5511086583137512,0.09961392730474472,0,0
85,LEFT_EYE_INNER,0.4329221546649933,0.5420341491699219,0.0918094664812088,0,0
85,LEFT_EYE,0.43150195479393005,0.5413424968719482,0.09182378649711609,0,0
85,LEFT_EYE_OUTER,0.43005603551864624,0.5406800508499146,0.0918164923787117,0,0
85,RIGHT_EYE_INNER,0.4360613524913788,0.5429685711860657,0.08055127412080765,0,0
85,RIGHT_EYE,0.4368380904197693,0.5429148077964783,0.0805514007806778,0,0
85,RIGHT_EYE_OUTER,0.43752560019493103,0.542843222618103,0.08049910515546799,0,0
85,LEFT_EAR,0.4253065884113312,0.5436022877693176,0.06163541600108147,0,0
85,RIGHT_EAR,0.4357394278049469,0.5461804866790771,0.011608177796006203,0,0
85,MOUTH_LEFT,0.43238672614097595,0.5568243861198425,0.09229321777820587,0,0
85,MOUTH_RIGHT,0.43531322479248047,0.5581527352333069,0.07775500416755676,0,0
85,LEFT_SHOULDER,0.4029349088668823,0.5832775831222534,0.09042192995548248,0,0
85,RIGHT_SHOULDER,0.4388374090194702,0.5939136147499084,-0.04581216350197792,0,0
85,LEFT_ELBOW,0.4034690856933594,0.6490650773048401,0.19457247853279114,0,0
85,RIGHT_ELBOW,0.44262072443962097,0.669337809085846,-0.012791178189218044,0,0
85,LEFT_WRIST,0.4213697612285614,0.6496633291244507,0.23915420472621918,0,0
85,RIGHT_WRIST,0.45220285654067993,0.6577677130699158,0.0716501995921135,0,0
85,LEFT_PINKY,0.42408281564712524,0.6520172357559204,0.2535068392753601,0,0
85,RIGHT_PINKY,0.4585382640361786,0.6472334265708923,0.0773417055606842,0,0
85,LEFT_INDEX,0.42773011326789856,0.6453823447227478,0.24709901213645935,0,0
85,RIGHT_INDEX,0.456512987613678,0.6423496603965759,0.07793858647346497,0,0
85,LEFT_THUMB,0.42819270491600037,0.6446077823638916,0.23801252245903015,0,0
85,RIGHT_THUMB,0.4529876112937927,0.6436188817024231,0.07497506588697433,0,0
85,LEFT_HIP,0.40170106291770935,0.7225532531738281,0.05070602148771286,0,0
85,RIGHT_HIP,0.4235254228115082,0.7263205647468567,-0.050871312618255615,0,0
85,LEFT_KNEE,0.39395564794540405,0.7965757846832275,0.10924763977527618,0,0
85,RIGHT_KNEE,0.4516341984272003,0.8009395599365234,-0.01134062185883522,0,0
85,LEFT_ANKLE,0.37217292189598083,0.8823979496955872,0.13164182007312775,0,0
85,RIGHT_ANKLE,0.4420399069786072,0.9018396735191345,9.759261592989787e-05,0,0
85,LEFT_HEEL,0.3683263659477234,0.8970844149589539,0.13448844850063324,0,0
85,RIGHT_HEEL,0.4342746436595917,0.9188356995582581,0.0029035299085080624,0,0
85,LEFT_FOOT_INDEX,0.37887826561927795,0.8953615427017212,0.13863180577754974,0,0
85,RIGHT_FOOT_INDEX,0.46359437704086304,0.9157038331031799,0.002131450455635786,0,0
86,NOSE,0.43521353602409363,0.5505030155181885,0.08150322735309601,0,0
86,LEFT_EYE_INNER,0.432963103055954,0.541540265083313,0.07502108067274094,0,0
86,LEFT_EYE,0.43150514364242554,0.5409192442893982,0.07503030449151993,0,0
86,LEFT_EYE_OUTER,0.42998015880584717,0.5403388738632202,0.07501771301031113,0,0
86,RIGHT_EYE_INNER,0.4362029731273651,0.542389452457428,0.06278277188539505,0,0
86,RIGHT_EYE,0.43702390789985657,0.5423563718795776,0.0627836212515831,0,0
86,RIGHT_EYE_OUTER,0.43774086236953735,0.5423212647438049,0.06273379921913147,0,0
86,LEFT_EAR,0.425127238035202,0.5434058904647827,0.052285246551036835,0,0
86,RIGHT_EAR,0.4359925389289856,0.54566490650177,-0.0023510486353188753,0,0
86,MOUTH_LEFT,0.43206560611724854,0.5562618970870972,0.07692690193653107,0,0
86,MOUTH_RIGHT,0.4351411461830139,0.5575551390647888,0.06103841960430145,0,0
86,LEFT_SHOULDER,0.4034048318862915,0.5832732319831848,0.08530769497156143,0,0
86,RIGHT_SHOULDER,0.4386344254016876,0.593521773815155,-0.058727338910102844,0,0
86,LEFT_ELBOW,0.4042181074619293,0.650598406791687,0.15979009866714478,0,0
86,RIGHT_ELBOW,0.4401538074016571,0.6676587462425232,-0.05949685350060463,0,0
86,LEFT_WRIST,0.4249313771724701,0.6531455516815186,0.20807971060276031,0,0
86,RIGHT_WRIST,0.4532546103000641,0.6552274823188782,-0.022023195400834084,0,0
86,LEFT_PINKY,0.4284842312335968,0.6561451554298401,0.21925018727779388,0,0
86,RIGHT_PINKY,0.4613233208656311,0.6464982628822327,-0.024561582133173943,0,0
86,LEFT_INDEX,0.4324435889720917,0.6494733691215515,0.21133391559123993,0,0
86,RIGHT_INDEX,0.45808783173561096,0.6409874558448792,-0.021664032712578773,0,0
86,LEFT_THUMB,0.4326053857803345,0.648442268371582,0.20580819249153137,0,0
86,RIGHT_THUMB,0.4552663266658783,0.6415395736694336,-0.0191649179905653,0,0
86,LEFT_HIP,0.401612251996994,0.7223407030105591,0.05266406014561653,0,0
86,RIGHT_HIP,0.4235391616821289,0.7256909012794495,-0.05278303846716881,0,0
86,LEFT_KNEE,0.3938574492931366,0.7967527508735657,0.11770137399435043,0,0
86,RIGHT_KNEE,0.4515879452228546,0.800942599773407,-0.02150651253759861,0,0
86,LEFT_ANKLE,0.372321754693985,0.8826301097869873,0.14917585253715515,0,0
86,RIGHT_ANKLE,0.44191494584083557,0.9019359946250916,-0.0013781350571662188,0,0
86,LEFT_HEEL,0.3683442771434784,0.8974758982658386,0.15238513052463531,0,0
86,RIGHT_HEEL,0.43404775857925415,0.9187913537025452,-0.0008155432296916842,0,0
86,LEFT_FOOT_INDEX,0.3785789906978607,0.8959759473800659,0.15221072733402252,0,0
86,RIGHT_FOOT_INDEX,0.4635639190673828,0.9159664511680603,-0.0049674492329359055,0,0
87,NOSE,0.43579572439193726,0.5501022934913635,0.08416207879781723,0,0
87,LEFT_EYE_INNER,0.43350234627723694,0.5412308573722839,0.0776856318116188,0,0
87,LEFT_EYE,0.4320782423019409,0.5406474471092224,0.07769355177879333,0,0
87,LEFT_EYE_OUTER,0.4305678606033325,0.5401058197021484,0.07767928391695023,0,0
87,RIGHT_EYE_INNER,0.4365679621696472,0.5420134663581848,0.0655236691236496,0,0
87,RIGHT_EYE,0.4373215138912201,0.541992723941803,0.06553306430578232,0,0
87,RIGHT_EYE_OUTER,0.43797433376312256,0.541985034942627,0.06548497080802917,0,0
87,LEFT_EAR,0.4256412386894226,0.543203592300415,0.05473076179623604,0,0
87,RIGHT_EAR,0.43595191836357117,0.5453452467918396,0.0005262457998469472,0,0
87,MOUTH_LEFT,0.43257179856300354,0.5558976531028748,0.07958339154720306,0,0
87,MOUTH_RIGHT,0.4355776011943817,0.5571904182434082,0.06379325687885284,0,0
87,LEFT_SHOULDER,0.4035949110984802,0.5825745463371277,0.08656444400548935,0,0
87,RIGHT_SHOULDER,0.43809986114501953,0.5932608246803284,-0.05562916770577431,0,0
87,LEFT_ELBOW,0.4031354784965515,0.6499490141868591,0.1633807122707367,0,0
87,RIGHT_ELBOW,0.43772637844085693,0.6668314337730408,-0.04393217712640762,0,0
87,LEFT_WRIST,0.423319011926651,0.6515920758247375,0.22851115465164185,0,0
87,RIGHT_WRIST,0.44898635149002075,0.6553899645805359,0.010236280970275402,0,0
87,LEFT_PINKY,0.4266117215156555,0.6540970802307129,0.24211639165878296,0,0
87,RIGHT_PINKY,0.4552224576473236,0.6489874124526978,0.010576575994491577,0,0
87,LEFT_INDEX,0.4305270314216614,0.6471333503723145,0.23538440465927124,0,0
87,RIGHT_INDEX,0.4522934854030609,0.6431577205657959,0.011923219077289104,0,0
87,LEFT_THUMB,0.43077462911605835,0.6462253332138062,0.22740700840950012,0,0
87,RIGHT_THUMB,0.4501391351222992,0.6428923606872559,0.013036727905273438,0,0
87,LEFT_HIP,0.4014686048030853,0.7217718958854675,0.052731309086084366,0,0
87,RIGHT_HIP,0.42352980375289917,0.7255293726921082,-0.05285550281405449,0,0
87,LEFT_KNEE,0.393423855304718,0.7966240644454956,0.11643481254577637,0,0
87,RIGHT_KNEE,0.45073506236076355,0.8007667660713196,-0.019533004611730576,0,0
87,LEFT_ANKLE,0.3723669946193695,0.8827005624771118,0.15029765665531158,0,0
87,RIGHT_ANKLE,0.4418973922729492,0.9016711115837097,-0.0011239151936024427,0,0
87,LEFT_HEEL,0.36834728717803955,0.897982656955719,0.15395541489124298,0,0
87,RIGHT_HEEL,0.4341544508934021,0.9186397194862366,0.0017769295955076814,0,0
87,LEFT_FOOT_INDEX,0.37891843914985657,0.896294116973877,0.15524202585220337,0,0
87,RIGHT_FOOT_INDEX,0.4633168876171112,0.9158473014831543,-0.0032623468432575464,0,0
88,NOSE,0.4351145923137665,0.5490709543228149,0.07486508786678314,0,0
88,LEFT_EYE_INNER,0.4327244460582733,0.5395732522010803,0.06928791850805283,0,0
88,LEFT_EYE,0.43126755952835083,0.5388840436935425,0.06929729878902435,0,0
88,LEFT_EYE_OUTER,0.4297613799571991,0.5382934808731079,0.06928662210702896,0,0
88,RIGHT_EYE_INNER,0.4357667863368988,0.5407969355583191,0.055914901196956635,0,0
88,RIGHT_EYE,0.436500608921051,0.5409696102142334,0.05593353137373924,0,0
88,RIGHT_EYE_OUTER,0.43715810775756836,0.5411465167999268,0.05588599666953087,0,0
88,LEFT_EAR,0.42480286955833435,0.5416891574859619,0.05076457932591438,0,0
88,RIGHT_EAR,0.43508294224739075,0.5444648861885071,-0.00883015338331461,0,0
88,MOUTH_LEFT,0.4319860339164734,0.5552186369895935,0.07206209003925323,0,0
88,MOUTH_RIGHT,0.4349483549594879,0.5567278265953064,0.05476254224777222,0,0
88,LEFT_SHOULDER,0.4031054675579071,0.5810683369636536,0.08548057079315186,0,0
88,RIGHT_SHOULDER,0.4362298548221588,0.5931135416030884,-0.0635240226984024,0,0
88,LEFT_ELBOW,0.4036095440387726,0.649673581123352,0.16059671342372894,0,0
88,RIGHT_ELBOW,0.436090886592865,0.6661975979804993,-0.040358029305934906,0,0
88,LEFT_WRIST,0.42816734313964844,0.6470464468002319,0.20816707611083984,0,0
88,RIGHT_WRIST,0.4471821188926697,0.6554102301597595,0.03628845885396004,0,0
88,LEFT_PINKY,0.4329358637332916,0.647584855556488,0.2179422676563263,0,0
88,RIGHT_PINKY,0.4532347321510315,0.6503462195396423,0.038653209805488586,0,0
88,LEFT_INDEX,0.4369514584541321,0.6405701637268066,0.20967206358909607,0,0
88,RIGHT_INDEX,0.4512993097305298,0.6443715691566467,0.039365701377391815,0,0
88,LEFT_THUMB,0.436548113822937,0.6404939293861389,0.20532533526420593,0,0
88,RIGHT_THUMB,0.4491206109523773,0.64407879114151,0.03945917636156082,0,0
88,LEFT_HIP,0.40139660239219666,0.7208807468414307,0.05221027508378029,0,0
88,RIGHT_HIP,0.423427015542984,0.7251620888710022,-0.05233568698167801,0,0
88,LEFT_KNEE,0.39300307631492615,0.7965573072433472,0.12185365706682205,0,0
88,RIGHT_KNEE,0.4489893913269043,0.8007041215896606,-0.011675887741148472,0,0
88,LEFT_ANKLE,0.37238869071006775,0.8829427361488342,0.1640135943889618,0,0
88,RIGHT_ANKLE,0.4417473375797272,0.9014558792114258,0.02620087005198002,0,0
88,LEFT_HEEL,0.3683498799800873,0.8984232544898987,0.16864261031150818,0,0
88,RIGHT_HEEL,0.43408361077308655,0.9184845685958862,0.03122728317975998,0,0
88,LEFT_FOOT_INDEX,0.37898245453834534,0.8962301015853882,0.1709318906068802,0,0
88,RIGHT_FOOT_INDEX,0.4628641903400421,0.9157372117042542,0.027407458052039146,0,0
