frame_number,landmark,x,y,z,action,label
0,NOSE,0.42788270115852356,0.5602103471755981,0.13460750877857208,[],0
0,LEFT_EYE_INNER,0.4252915382385254,0.5504509806632996,0.12864553928375244,[],0
0,LEFT_EYE,0.42373719811439514,0.5501540899276733,0.12865827977657318,[],0
0,LEFT_EYE_OUTER,0.4221660792827606,0.5499415397644043,0.12864702939987183,[],0
0,RIGHT_EYE_INNER,0.4280143082141876,0.5507286190986633,0.11686181277036667,[],0
0,RIGHT_EYE,0.42850732803344727,0.5506690740585327,0.11686775833368301,[],0
0,RIGHT_EYE_OUTER,0.42895910143852234,0.5507189631462097,0.11682847887277603,[],0
0,LEFT_EAR,0.41709116101264954,0.5538058280944824,0.10009448975324631,[],0
0,RIGHT_EAR,0.4277021586894989,0.5544928312301636,0.04796924069523811,[],0
0,MOUTH_LEFT,0.4251296818256378,0.5670945644378662,0.12749482691287994,[],0
0,MOUTH_RIGHT,0.42789050936698914,0.5681442618370056,0.11230834573507309,[],0
0,LEFT_SHOULDER,0.39351755380630493,0.5974874496459961,0.11806554347276688,[],0
0,RIGHT_SHOULDER,0.4305065870285034,0.6067150831222534,-0.012522303499281406,[],0
0,LEFT_ELBOW,0.3956550061702728,0.668667733669281,0.19512638449668884,[],0
0,RIGHT_ELBOW,0.43455639481544495,0.6856901049613953,0.030417723581194878,[],0
0,LEFT_WRIST,0.414033442735672,0.6590765118598938,0.28173646330833435,[],0
0,RIGHT_WRIST,0.4428604543209076,0.6727491021156311,0.13839870691299438,[],0
0,LEFT_PINKY,0.41645944118499756,0.6573421359062195,0.30053654313087463,[],0
0,RIGHT_PINKY,0.44583091139793396,0.6696123480796814,0.1497991979122162,[],0
0,LEFT_INDEX,0.42079636454582214,0.6507262587547302,0.2977309226989746,[],0
0,RIGHT_INDEX,0.4437991678714752,0.6548740267753601,0.15117865800857544,[],0
0,LEFT_THUMB,0.42115113139152527,0.6516591310501099,0.2829541265964508,[],0
0,RIGHT_THUMB,0.4421232342720032,0.655055582523346,0.14284755289554596,[],0
0,LEFT_HIP,0.38766056299209595,0.7396284341812134,0.04741579666733742,[],0
0,RIGHT_HIP,0.41486045718193054,0.7421523928642273,-0.047620560973882675,[],0
0,LEFT_KNEE,0.3776600658893585,0.8138828277587891,0.10405085980892181,[],0
0,RIGHT_KNEE,0.44316565990448,0.8207030892372131,0.012136118486523628,[],0
0,LEFT_ANKLE,0.35620272159576416,0.9024937152862549,0.0937918871641159,[],0
0,RIGHT_ANKLE,0.4296603202819824,0.9222716689109802,-0.008856654167175293,[],0
0,LEFT_HEEL,0.35429736971855164,0.9198803901672363,0.09335486590862274,[],0
0,RIGHT_HEEL,0.42075586318969727,0.9424928426742554,-0.0093445535749197,[],0
0,LEFT_FOOT_INDEX,0.3609078824520111,0.9100064039230347,0.10326458513736725,[],0
0,RIGHT_FOOT_INDEX,0.4530846178531647,0.9342518448829651,-0.006240409798920155,[],0
1,NOSE,0.4277982711791992,0.5601204633712769,0.10923416167497635,0,0
1,LEFT_EYE_INNER,0.42520883679389954,0.5501236915588379,0.10341168195009232,0,0
1,LEFT_EYE,0.42363181710243225,0.5497140288352966,0.103408582508564,0,0
1,LEFT_EYE_OUTER,0.4220217168331146,0.5494115352630615,0.10339269042015076,0,0
1,RIGHT_EYE_INNER,0.42807021737098694,0.5507112145423889,0.09142979234457016,0,0
1,RIGHT_EYE,0.42869871854782104,0.5506705641746521,0.09143519401550293,0,0
1,RIGHT_EYE_OUTER,0.429334819316864,0.550743043422699,0.09137597680091858,0,0
1,LEFT_EAR,0.4168688952922821,0.5533974170684814,0.07818791270256042,0,0
1,RIGHT_EAR,0.4277573525905609,0.5545740723609924,0.025124365463852882,0,0
1,MOUTH_LEFT,0.4246900677680969,0.566936194896698,0.10354337841272354,0,0
1,MOUTH_RIGHT,0.4278365969657898,0.5681345462799072,0.08812664449214935,0,0
1,LEFT_SHOULDER,0.3934338688850403,0.5967468023300171,0.10333485901355743,0,0
1,RIGHT_SHOULDER,0.43047767877578735,0.6063620448112488,-0.03464462235569954,0,0
1,LEFT_ELBOW,0.39317673444747925,0.6685905456542969,0.1721808910369873,0,0
1,RIGHT_ELBOW,0.4322369396686554,0.6851717233657837,-0.016641268506646156,0,0
1,LEFT_WRIST,0.40820497274398804,0.6748677492141724,0.2357514202594757,0,0
1,RIGHT_WRIST,0.4421907365322113,0.6723806262016296,0.05187444016337395,0,0
1,LEFT_PINKY,0.40990325808525085,0.6794936656951904,0.2506994605064392,0,0
1,RIGHT_PINKY,0.44781196117401123,0.6679152846336365,0.055936139076948166,0,0
1,LEFT_INDEX,0.4140631854534149,0.6733945608139038,0.24476149678230286,0,0
1,RIGHT_INDEX,0.4449734389781952,0.6575825214385986,0.05912526324391365,0,0
1,LEFT_THUMB,0.4147767424583435,0.6718025207519531,0.23499417304992676,0,0
1,RIGHT_THUMB,0.4421786069869995,0.6571606993675232,0.05579220876097679,0,0
1,LEFT_HIP,0.3879852592945099,0.7375959157943726,0.048456914722919464,0,0
1,RIGHT_HIP,0.4140406548976898,0.7402892112731934,-0.048663873225450516,0,0
1,LEFT_KNEE,0.3773218095302582,0.8137140870094299,0.10015921294689178,0,0
1,RIGHT_KNEE,0.4425400197505951,0.820468544960022,0.005361915100365877,0,0
1,LEFT_ANKLE,0.35621631145477295,0.9024420976638794,0.0931745246052742,0,0
1,RIGHT_ANKLE,0.4296729862689972,0.9216169714927673,-0.0010893393773585558,0,0
1,LEFT_HEEL,0.35422369837760925,0.9201596975326538,0.09285500645637512,0,0
1,RIGHT_HEEL,0.4207889437675476,0.9418968558311462,0.0005792976007796824,0,0
1,LEFT_FOOT_INDEX,0.36063072085380554,0.910062313079834,0.09800931066274643,0,0
1,RIGHT_FOOT_INDEX,0.452198326587677,0.9342471957206726,0.0036935696844011545,0,0
2,NOSE,0.4275079071521759,0.5594943761825562,0.11623764783143997,0,0
2,LEFT_EYE_INNER,0.42495691776275635,0.5495109558105469,0.10999201238155365,0,0
2,LEFT_EYE,0.4233608543872833,0.5490274429321289,0.10999702662229538,0,0
2,LEFT_EYE_OUTER,0.42172643542289734,0.5486739873886108,0.1099850982427597,0,0
2,RIGHT_EYE_INNER,0.428058922290802,0.5504624247550964,0.09800026565790176,0,0
2,RIGHT_EYE,0.42871156334877014,0.5505287647247314,0.09800442308187485,0,0
2,RIGHT_EYE_OUTER,0.4294106662273407,0.550666868686676,0.09794974327087402,0,0
2,LEFT_EAR,0.4165744185447693,0.5527162551879883,0.08245059847831726,0,0
2,RIGHT_EAR,0.4277598261833191,0.5545505881309509,0.0292075052857399,0,0
2,MOUTH_LEFT,0.42416706681251526,0.5662158727645874,0.1096806600689888,0,0
2,MOUTH_RIGHT,0.42768633365631104,0.5676940083503723,0.09420982003211975,0,0
2,LEFT_SHOULDER,0.3934621810913086,0.5957585573196411,0.10579501837491989,0,0
2,RIGHT_SHOULDER,0.4302138388156891,0.6058844923973083,-0.031331464648246765,0,0
2,LEFT_ELBOW,0.3934321105480194,0.6685900092124939,0.17502515017986298,0,0
2,RIGHT_ELBOW,0.4313468337059021,0.6848104596138,0.0017330329865217209,0,0
2,LEFT_WRIST,0.4091240465641022,0.6746026277542114,0.2369452863931656,0,0
2,RIGHT_WRIST,0.442733496427536,0.6714205145835876,0.09809146076440811,0,0
2,LEFT_PINKY,0.4114520847797394,0.6779903173446655,0.25156769156455994,0,0
2,RIGHT_PINKY,0.4500337839126587,0.6664068102836609,0.10688518732786179,0,0
2,LEFT_INDEX,0.4151800870895386,0.671398401260376,0.24607713520526886,0,0
2,RIGHT_INDEX,0.4475974142551422,0.658570408821106,0.10887572914361954,0,0
2,LEFT_THUMB,0.4155569076538086,0.6704093813896179,0.23625566065311432,0,0
2,RIGHT_THUMB,0.44435253739356995,0.6581786870956421,0.10237421095371246,0,0
2,LEFT_HIP,0.3879833519458771,0.7362177968025208,0.04843383654952049,0,0
2,RIGHT_HIP,0.4131355285644531,0.7388675808906555,-0.04863838851451874,0,0
2,LEFT_KNEE,0.37717577815055847,0.8138659596443176,0.09706065058708191,0,0
2,RIGHT_KNEE,0.4422082006931305,0.8199244141578674,0.005983592476695776,0,0
2,LEFT_ANKLE,0.3562021851539612,0.9028812646865845,0.0818178579211235,0,0
2,RIGHT_ANKLE,0.4296858608722687,0.9210430979728699,0.0027944997418671846,0,0
2,LEFT_HEEL,0.35416659712791443,0.9214698672294617,0.08076967298984528,0,0
2,RIGHT_HEEL,0.42083317041397095,0.941612958908081,0.004296519793570042,0,0
2,LEFT_FOOT_INDEX,0.3603273034095764,0.9101064801216125,0.08543571084737778,0,0
2,RIGHT_FOOT_INDEX,0.4516527056694031,0.9341683387756348,0.009283270686864853,0,0
3,NOSE,0.42723992466926575,0.5594444274902344,0.11665869504213333,0,0
3,LEFT_EYE_INNER,0.4247298240661621,0.5494390726089478,0.11012549698352814,0,0
3,LEFT_EYE,0.4231046736240387,0.5489174723625183,0.11013331264257431,0,0
3,LEFT_EYE_OUTER,0.4214381277561188,0.5485333204269409,0.11012203246355057,0,0
3,RIGHT_EYE_INNER,0.4280368983745575,0.5504627823829651,0.09832136332988739,0,0
3,RIGHT_EYE,0.42871418595314026,0.5505439639091492,0.09832709282636642,0,0
3,RIGHT_EYE_OUTER,0.42944589257240295,0.5507058501243591,0.0982736200094223,0,0
3,LEFT_EAR,0.4163114130496979,0.5525696277618408,0.08180105686187744,0,0
3,RIGHT_EAR,0.42776012420654297,0.554622232913971,0.02943330444395542,0,0
3,MOUTH_LEFT,0.4238038659095764,0.5660929083824158,0.10984525084495544,0,0
3,MOUTH_RIGHT,0.42752301692962646,0.5676564574241638,0.09460999071598053,0,0
3,LEFT_SHOULDER,0.3935776650905609,0.5952905416488647,0.10572801530361176,0,0
3,RIGHT_SHOULDER,0.4300423860549927,0.6056551337242126,-0.03049984574317932,0,0
3,LEFT_ELBOW,0.3944286108016968,0.6684672832489014,0.17521081864833832,0,0
3,RIGHT_ELBOW,0.4309792220592499,0.6847065687179565,0.006310269236564636,0,0
3,LEFT_WRIST,0.41228681802749634,0.6728422045707703,0.2362491488456726,0,0
3,RIGHT_WRIST,0.44292765855789185,0.6706341505050659,0.10840737074613571,0,0
3,LEFT_PINKY,0.41540348529815674,0.6753089427947998,0.25069040060043335,0,0
3,RIGHT_PINKY,0.4506152868270874,0.6655721664428711,0.11794384568929672,0,0
3,LEFT_INDEX,0.4190746247768402,0.6686801910400391,0.24518992006778717,0,0
3,RIGHT_INDEX,0.4477367103099823,0.6590182781219482,0.1196974664926529,0,0
3,LEFT_THUMB,0.4190329313278198,0.668063759803772,0.235504612326622,0,0
3,RIGHT_THUMB,0.4449995160102844,0.6585948467254639,0.1127302423119545,0,0
3,LEFT_HIP,0.3880099058151245,0.7353914380073547,0.04835406690835953,0,0
3,RIGHT_HIP,0.4127269983291626,0.7381283044815063,-0.04856502637267113,0,0
3,LEFT_KNEE,0.37698182463645935,0.8140976428985596,0.09648149460554123,0,0
3,RIGHT_KNEE,0.44211795926094055,0.819685161113739,0.008379065431654453,0,0
3,LEFT_ANKLE,0.35604724287986755,0.903401255607605,0.08115169405937195,0,0
3,RIGHT_ANKLE,0.4296858012676239,0.9207133650779724,0.005698003806173801,0,0
3,LEFT_HEEL,0.35402756929397583,0.9222414493560791,0.08021122962236404,0,0
3,RIGHT_HEEL,0.4208455979824066,0.9411439895629883,0.007280274294316769,0,0
3,LEFT_FOOT_INDEX,0.3599478006362915,0.9108778834342957,0.08545640110969543,0,0
3,RIGHT_FOOT_INDEX,0.4510093033313751,0.9340161085128784,0.01300128735601902,0,0
4,NOSE,0.4272250831127167,0.558205783367157,0.11795707792043686,0,0
4,LEFT_EYE_INNER,0.42471837997436523,0.548168957233429,0.11189159005880356,0,0
4,LEFT_EYE,0.423100084066391,0.5476869344711304,0.11189775913953781,0,0
4,LEFT_EYE_OUTER,0.42143577337265015,0.5473270416259766,0.11188863217830658,0,0
4,RIGHT_EYE_INNER,0.4280323088169098,0.5493125915527344,0.0998331606388092,0,0
4,RIGHT_EYE,0.4287155866622925,0.5494948625564575,0.09983519464731216,0,0
4,RIGHT_EYE_OUTER,0.42945435643196106,0.5497283339500427,0.09977994114160538,0,0
4,LEFT_EAR,0.41630685329437256,0.551556408405304,0.0845094546675682,0,0
4,RIGHT_EAR,0.42770758271217346,0.5538879632949829,0.031097937375307083,0,0
4,MOUTH_LEFT,0.4237774908542633,0.5651947855949402,0.11143936961889267,0,0
4,MOUTH_RIGHT,0.4274823069572449,0.5668516159057617,0.09587393701076508,0,0
4,LEFT_SHOULDER,0.3936627209186554,0.5940941572189331,0.10696032643318176,0,0
4,RIGHT_SHOULDER,0.42943647503852844,0.6050167083740234,-0.03001347929239273,0,0
4,LEFT_ELBOW,0.393589049577713,0.6689345240592957,0.17129063606262207,0,0
4,RIGHT_ELBOW,0.42991966009140015,0.683906614780426,0.004486498888581991,0,0
4,LEFT_WRIST,0.41150131821632385,0.6775236129760742,0.2255220115184784,0,0
4,RIGHT_WRIST,0.4420633316040039,0.6681262254714966,0.10513599961996078,0,0
4,LEFT_PINKY,0.41458573937416077,0.6815181970596313,0.23878498375415802,0,0
4,RIGHT_PINKY,0.45053356885910034,0.6628371477127075,0.11413952708244324,0,0
4,LEFT_INDEX,0.4184761047363281,0.674866259098053,0.232978954911232,0,0
4,RIGHT_INDEX,0.44729897379875183,0.6583630442619324,0.11622829735279083,0,0
4,LEFT_THUMB,0.418446809053421,0.6735864877700806,0.2243529111146927,0,0
4,RIGHT_THUMB,0.4444187581539154,0.6576759815216064,0.10954802483320236,0,0
4,LEFT_HIP,0.3880091607570648,0.7345468997955322,0.048339683562517166,0,0
4,RIGHT_HIP,0.41250622272491455,0.736987292766571,-0.04854930564761162,0,0
4,LEFT_KNEE,0.3767643868923187,0.8142346143722534,0.09007641673088074,0,0
4,RIGHT_KNEE,0.4413437843322754,0.8195545673370361,0.008408796042203903,0,0
4,LEFT_ANKLE,0.35586419701576233,0.903694212436676,0.07407987862825394,0,0
4,RIGHT_ANKLE,0.42967551946640015,0.9207215309143066,0.0029684884939342737,0,0
4,LEFT_HEEL,0.35367029905319214,0.9227015376091003,0.07296837121248245,0,0
4,RIGHT_HEEL,0.420846164226532,0.941074013710022,0.0040365965105593204,0,0
4,LEFT_FOOT_INDEX,0.35995742678642273,0.9112831950187683,0.07741501182317734,0,0
4,RIGHT_FOOT_INDEX,0.45051735639572144,0.9340072274208069,0.008775612339377403,0,0
5,NOSE,0.4271303415298462,0.5580089688301086,0.10511161386966705,0,0
5,LEFT_EYE_INNER,0.4246392250061035,0.5478573441505432,0.10012345016002655,0,0
5,LEFT_EYE,0.42302605509757996,0.547370970249176,0.10012532025575638,0,0
5,LEFT_EYE_OUTER,0.4213641285896301,0.5470089912414551,0.1001146212220192,0,0
5,RIGHT_EYE_INNER,0.42798903584480286,0.549040675163269,0.0871991217136383,0,0
5,RIGHT_EYE,0.42870041728019714,0.5492468476295471,0.08720122277736664,0,0
5,RIGHT_EYE_OUTER,0.42945054173469543,0.5495003461837769,0.08714555948972702,0,0
5,LEFT_EAR,0.4162571132183075,0.5511422753334045,0.07798505574464798,0,0
5,RIGHT_EAR,0.4276050925254822,0.5536665916442871,0.020493365824222565,0,0
5,MOUTH_LEFT,0.42365485429763794,0.564956784248352,0.10052897036075592,0,0
5,MOUTH_RIGHT,0.4273749589920044,0.5666971802711487,0.08383632451295853,0,0
5,LEFT_SHOULDER,0.39365631341934204,0.5932916402816772,0.10221685469150543,0,0
5,RIGHT_SHOULDER,0.4289489686489105,0.6045443415641785,-0.03939707949757576,0,0
5,LEFT_ELBOW,0.39278697967529297,0.6693086624145508,0.16316799819469452,0,0
5,RIGHT_ELBOW,0.42917025089263916,0.6832632422447205,-0.01283473614603281,0,0
5,LEFT_WRIST,0.4109916090965271,0.6785690188407898,0.21124373376369476,0,0
5,RIGHT_WRIST,0.4412819743156433,0.6680872440338135,0.0764005035161972,0,0
5,LEFT_PINKY,0.41414275765419006,0.6826171278953552,0.22325851023197174,0,0
5,RIGHT_PINKY,0.45046189427375793,0.6630692481994629,0.08309779316186905,0,0
5,LEFT_INDEX,0.41816866397857666,0.6757900714874268,0.2170967310667038,0,0
5,RIGHT_INDEX,0.44698184728622437,0.6582866907119751,0.08587069809436798,0,0
5,LEFT_THUMB,0.41816022992134094,0.6744459867477417,0.2096881866455078,0,0
5,RIGHT_THUMB,0.44388076663017273,0.6576405167579651,0.08074439316987991,0,0
5,LEFT_HIP,0.3880385756492615,0.7343404293060303,0.04859786480665207,0,0
5,RIGHT_HIP,0.4124438464641571,0.7366865277290344,-0.04880126938223839,0,0
5,LEFT_KNEE,0.3766355514526367,0.8143636584281921,0.09260691702365875,0,0
5,RIGHT_KNEE,0.44071969389915466,0.819578230381012,0.00945219211280346,0,0
5,LEFT_ANKLE,0.35568347573280334,0.9039631485939026,0.08208192139863968,0,0
5,RIGHT_ANKLE,0.4296616017818451,0.9206951260566711,0.01194852963089943,0,0
5,LEFT_HEEL,0.3534804880619049,0.9229806065559387,0.08222796022891998,0,0
5,RIGHT_HEEL,0.4208414852619171,0.940945029258728,0.014113279990851879,0,0
5,LEFT_FOOT_INDEX,0.35984712839126587,0.9115749001502991,0.08226321637630463,0,0
5,RIGHT_FOOT_INDEX,0.4505455791950226,0.9339035153388977,0.019011804834008217,0,0
6,NOSE,0.42713192105293274,0.5580206513404846,0.10043535381555557,0,0
6,LEFT_EYE_INNER,0.424640029668808,0.5477972626686096,0.09547130763530731,0,0
6,LEFT_EYE,0.4230270981788635,0.5472941398620605,0.09547344595193863,0,0
6,LEFT_EYE_OUTER,0.42136600613594055,0.5469096899032593,0.09546329826116562,0,0
6,RIGHT_EYE_INNER,0.4279996156692505,0.5489972233772278,0.08233068883419037,0,0
6,RIGHT_EYE,0.42872995138168335,0.5492036938667297,0.0823327973484993,0,0
6,RIGHT_EYE_OUTER,0.42949432134628296,0.549454391002655,0.08227752149105072,0,0
6,LEFT_EAR,0.4162558317184448,0.5509121417999268,0.07384312152862549,0,0
6,RIGHT_EAR,0.42758285999298096,0.5535628199577332,0.015243034809827805,0,0
6,MOUTH_LEFT,0.423656165599823,0.5649377107620239,0.09603464603424072,0,0
6,MOUTH_RIGHT,0.4273674786090851,0.5666876435279846,0.07906366139650345,0,0
6,LEFT_SHOULDER,0.39362654089927673,0.5928277373313904,0.09916622936725616,0,0
6,RIGHT_SHOULDER,0.42870742082595825,0.6043444871902466,-0.04444103688001633,0,0
6,LEFT_ELBOW,0.39245134592056274,0.6695332527160645,0.1594197303056717,0,0
6,RIGHT_ELBOW,0.42880263924598694,0.6829119920730591,-0.017899874597787857,0,0
6,LEFT_WRIST,0.4106586277484894,0.6794167160987854,0.20552954077720642,0,0
6,RIGHT_WRIST,0.4408372640609741,0.6680367588996887,0.07093780487775803,0,0
6,LEFT_PINKY,0.4138088524341583,0.6836313009262085,0.217015340924263,0,0
6,RIGHT_PINKY,0.45035040378570557,0.6631368398666382,0.07727410644292831,0,0
6,LEFT_INDEX,0.41788432002067566,0.6768777370452881,0.21090790629386902,0,0
6,RIGHT_INDEX,0.44670921564102173,0.6582216024398804,0.07998373359441757,0,0
6,LEFT_THUMB,0.4179014265537262,0.6754555702209473,0.20385527610778809,0,0
6,RIGHT_THUMB,0.4434405267238617,0.6576080918312073,0.07521028071641922,0,0
6,LEFT_HIP,0.3880532383918762,0.7340748310089111,0.04937748610973358,0,0
6,RIGHT_HIP,0.41236212849617004,0.7364798188209534,-0.04957207292318344,0,0
6,LEFT_KNEE,0.37660443782806396,0.8143640160560608,0.09338106215000153,0,0
6,RIGHT_KNEE,0.44050490856170654,0.8196659088134766,0.009533638134598732,0,0
6,LEFT_ANKLE,0.3555320203304291,0.9039998650550842,0.09682199358940125,0,0
6,RIGHT_ANKLE,0.4296629726886749,0.9208167195320129,0.01873045042157173,0,0
6,LEFT_HEEL,0.35321953892707825,0.9229755401611328,0.09788219630718231,0,0
6,RIGHT_HEEL,0.4208412170410156,0.9409486651420593,0.021809477359056473,0,0
6,LEFT_FOOT_INDEX,0.35966989398002625,0.9115431308746338,0.10105137526988983,0,0
6,RIGHT_FOOT_INDEX,0.45060449838638306,0.9338880777359009,0.02627560682594776,0,0
7,NOSE,0.42719557881355286,0.5523645877838135,0.07867788523435593,0,0
7,LEFT_EYE_INNER,0.42470863461494446,0.5427646040916443,0.07369012385606766,0,0
7,LEFT_EYE,0.4231455624103546,0.5421668291091919,0.07370202243328094,0,0
7,LEFT_EYE_OUTER,0.4215230941772461,0.5416785478591919,0.07369419932365417,0,0
7,RIGHT_EYE_INNER,0.4279996454715729,0.5440151691436768,0.06049366667866707,0,0
7,RIGHT_EYE,0.42872875928878784,0.5442832708358765,0.06050068512558937,0,0
7,RIGHT_EYE_OUTER,0.42948514223098755,0.5446022748947144,0.06046058610081673,0,0
7,LEFT_EAR,0.4163827896118164,0.5451497435569763,0.05664055794477463,0,0
7,RIGHT_EAR,0.4274338483810425,0.5482382774353027,-0.002286998787894845,0,0
7,MOUTH_LEFT,0.42371904850006104,0.559301495552063,0.0762048289179802,0,0
7,MOUTH_RIGHT,0.4273729920387268,0.5609621405601501,0.05913965031504631,0,0
7,LEFT_SHOULDER,0.3938398063182831,0.5886073112487793,0.0906079038977623,0,0
7,RIGHT_SHOULDER,0.4276285767555237,0.6018741726875305,-0.0595080740749836,0,0
7,LEFT_ELBOW,0.39375194907188416,0.6664772033691406,0.15382221341133118,0,0
7,RIGHT_ELBOW,0.42819449305534363,0.6787812113761902,-0.027424046769738197,0,0
7,LEFT_WRIST,0.4181744158267975,0.6752387285232544,0.1913522630929947,0,0
7,RIGHT_WRIST,0.440818727016449,0.6638277173042297,0.07219407707452774,0,0
7,LEFT_PINKY,0.42345601320266724,0.6794401407241821,0.2010028064250946,0,0
7,RIGHT_PINKY,0.45009225606918335,0.6586551666259766,0.07782899588346481,0,0
7,LEFT_INDEX,0.4273184537887573,0.6717697978019714,0.19264864921569824,0,0
7,RIGHT_INDEX,0.44687873125076294,0.6528993248939514,0.07922259718179703,0,0
7,LEFT_THUMB,0.4265740215778351,0.6707541942596436,0.18835338950157166,0,0
7,RIGHT_THUMB,0.443748414516449,0.653041422367096,0.07620712369680405,0,0
7,LEFT_HIP,0.38702622056007385,0.7305977940559387,0.05005762353539467,0,0
7,RIGHT_HIP,0.4113900363445282,0.7342601418495178,-0.05021179839968681,0,0
7,LEFT_KNEE,0.3764972388744354,0.8139055371284485,0.09309518337249756,0,0
7,RIGHT_KNEE,0.43698492646217346,0.8183832764625549,0.009735538624227047,0,0
7,LEFT_ANKLE,0.35536330938339233,0.904055118560791,0.10399588942527771,0,0
7,RIGHT_ANKLE,0.4288051724433899,0.9201416969299316,0.04148127883672714,0,0
7,LEFT_HEEL,0.3528377115726471,0.923126220703125,0.10579463094472885,0,0
7,RIGHT_HEEL,0.4200100898742676,0.9407416582107544,0.046377941966056824,0,0
7,LEFT_FOOT_INDEX,0.3592757284641266,0.9115698933601379,0.10729344934225082,0,0
7,RIGHT_FOOT_INDEX,0.4499932825565338,0.9337823987007141,0.04995330050587654,0,0
8,NOSE,0.42719385027885437,0.548281729221344,0.09561191499233246,0,0
8,LEFT_EYE_INNER,0.42469966411590576,0.5388967990875244,0.09025035053491592,0,0
8,LEFT_EYE,0.4231410324573517,0.5382108688354492,0.0902586281299591,0,0
8,LEFT_EYE_OUTER,0.4215235710144043,0.5376613736152649,0.09024933725595474,0,0
8,RIGHT_EYE_INNER,0.4279554784297943,0.5403110384941101,0.07761766016483307,0,0
8,RIGHT_EYE,0.4286786615848541,0.5405951738357544,0.0776224359869957,0,0
8,RIGHT_EYE_OUTER,0.4294246733188629,0.540928304195404,0.07757622748613358,0,0
8,LEFT_EAR,0.416450172662735,0.5407764911651611,0.06824640929698944,0,0
8,RIGHT_EAR,0.4274044930934906,0.5442081093788147,0.011713342741131783,0,0
8,MOUTH_LEFT,0.42372316122055054,0.5549402236938477,0.09111806005239487,0,0
8,MOUTH_RIGHT,0.4273580312728882,0.5563613772392273,0.07481828331947327,0,0
8,LEFT_SHOULDER,0.3954562544822693,0.5839593410491943,0.09163933247327805,0,0
8,RIGHT_SHOULDER,0.42673248052597046,0.5954453945159912,-0.04887105152010918,0,0
8,LEFT_ELBOW,0.39678364992141724,0.6630472540855408,0.16192421317100525,0,0
8,RIGHT_ELBOW,0.4277866780757904,0.672532320022583,-0.015242562629282475,0,0
8,LEFT_WRIST,0.42328181862831116,0.6673380136489868,0.20463880896568298,0,0
8,RIGHT_WRIST,0.4407830238342285,0.6617048978805542,0.08363529294729233,0,0
8,LEFT_PINKY,0.4290400743484497,0.6697825789451599,0.215351402759552,0,0
8,RIGHT_PINKY,0.4498859941959381,0.6560496091842651,0.09133932739496231,0,0
8,LEFT_INDEX,0.43321138620376587,0.6621681451797485,0.20784030854701996,0,0
8,RIGHT_INDEX,0.44689539074897766,0.649347722530365,0.09364291280508041,0,0
8,LEFT_THUMB,0.4320376515388489,0.6619530320167542,0.20205286145210266,0,0
8,RIGHT_THUMB,0.44373634457588196,0.6501293182373047,0.0881301611661911,0,0
8,LEFT_HIP,0.3862103819847107,0.723540186882019,0.050606731325387955,0,0
8,RIGHT_HIP,0.40996018052101135,0.7276782989501953,-0.05072585120797157,0,0
8,LEFT_KNEE,0.3766546845436096,0.8116940259933472,0.07907094061374664,0,0
8,RIGHT_KNEE,0.4361661374568939,0.8133545517921448,0.006334023084491491,0,0
8,LEFT_ANKLE,0.3553977310657501,0.9040517807006836,0.07368413358926773,0,0
8,RIGHT_ANKLE,0.4253654181957245,0.9162625670433044,0.025150947272777557,0,0
8,LEFT_HEEL,0.3527797758579254,0.9231116771697998,0.07339514046907425,0,0
8,RIGHT_HEEL,0.4160711467266083,0.937874436378479,0.0281369611620903,0,0
8,LEFT_FOOT_INDEX,0.35928064584732056,0.9118785262107849,0.0712977722287178,0,0
8,RIGHT_FOOT_INDEX,0.44890034198760986,0.932807981967926,0.03170926868915558,0,0
9,NOSE,0.42741695046424866,0.5441762804985046,0.08495792001485825,0,0
9,LEFT_EYE_INNER,0.4248281419277191,0.5350292325019836,0.07955828309059143,0,0
9,LEFT_EYE,0.4233000576496124,0.5343568325042725,0.07956959307193756,0,0
9,LEFT_EYE_OUTER,0.4217293858528137,0.533850371837616,0.07956034690141678,0,0
9,RIGHT_EYE_INNER,0.428019255399704,0.5366188883781433,0.0660782977938652,0,0
9,RIGHT_EYE,0.4287296533584595,0.5369873642921448,0.066077820956707,0,0
9,RIGHT_EYE_OUTER,0.42946097254753113,0.537370502948761,0.06603292375802994,0,0
9,LEFT_EAR,0.41692134737968445,0.5375616550445557,0.060424190014600754,0,0
9,RIGHT_EAR,0.427436888217926,0.5407972931861877,0.00035723578184843063,0,0
9,MOUTH_LEFT,0.4239020347595215,0.5513613224029541,0.08161398768424988,0,0
9,MOUTH_RIGHT,0.4274408519268036,0.5526697039604187,0.06421776115894318,0,0
9,LEFT_SHOULDER,0.3972480893135071,0.5814626216888428,0.09534923732280731,0,0
9,RIGHT_SHOULDER,0.4265075922012329,0.5932185053825378,-0.06128538027405739,0,0
9,LEFT_ELBOW,0.40193602442741394,0.6586307883262634,0.15195652842521667,0,0
9,RIGHT_ELBOW,0.4263836741447449,0.6688246726989746,-0.034011054784059525,0,0
9,LEFT_WRIST,0.4302929639816284,0.6601099371910095,0.16970261931419373,0,0
9,RIGHT_WRIST,0.4446024000644684,0.6586459279060364,0.057504650205373764,0,0
9,LEFT_PINKY,0.4367331564426422,0.6618931889533997,0.1759616732597351,0,0
9,RIGHT_PINKY,0.45358651876449585,0.6531175374984741,0.0605231449007988,0,0
9,LEFT_INDEX,0.4407612383365631,0.6543688178062439,0.16691596806049347,0,0
9,RIGHT_INDEX,0.4522812068462372,0.6457837820053101,0.06109754741191864,0,0
9,LEFT_THUMB,0.43939775228500366,0.6542182564735413,0.16548790037631989,0,0
9,RIGHT_THUMB,0.44865140318870544,0.6470683813095093,0.06080067902803421,0,0
9,LEFT_HIP,0.386263906955719,0.7192418575286865,0.05345425754785538,0,0
9,RIGHT_HIP,0.40984994173049927,0.724361002445221,-0.05350848659873009,0,0
9,LEFT_KNEE,0.37808942794799805,0.8077298998832703,0.09112295508384705,0,0
9,RIGHT_KNEE,0.4348134398460388,0.8124984502792358,-0.02041708305478096,0,0
9,LEFT_ANKLE,0.35563597083091736,0.9009174108505249,0.10511810332536697,0,0
9,RIGHT_ANKLE,0.4176926612854004,0.9142521023750305,-0.00688404543325305,0,0
9,LEFT_HEEL,0.3527606725692749,0.9198591709136963,0.10588441044092178,0,0
9,RIGHT_HEEL,0.4087260663509369,0.9341410398483276,-0.004597983323037624,0,0
9,LEFT_FOOT_INDEX,0.3606160879135132,0.9108865261077881,0.10046178847551346,0,0
9,RIGHT_FOOT_INDEX,0.4439215660095215,0.9320033192634583,-0.009738562628626823,0,0
10,NOSE,0.42990100383758545,0.5435752272605896,0.041477736085653305,0,0
10,LEFT_EYE_INNER,0.4272037148475647,0.5345229506492615,0.03688298538327217,0,0
10,LEFT_EYE,0.42591777443885803,0.533880889415741,0.03689491003751755,0,0
10,LEFT_EYE_OUTER,0.42461588978767395,0.5333452224731445,0.03688574582338333,0,0
10,RIGHT_EYE_INNER,0.4295864403247833,0.5358607172966003,0.02173764631152153,0,0
10,RIGHT_EYE,0.43000295758247375,0.5361312031745911,0.021750012412667274,0,0
10,RIGHT_EYE_OUTER,0.4304257333278656,0.536401629447937,0.021724218502640724,0,0
10,LEFT_EAR,0.4194372892379761,0.536867082118988,0.026303300634026527,0,0
10,RIGHT_EAR,0.42769840359687805,0.5397751331329346,-0.0415731780230999,0,0
10,MOUTH_LEFT,0.4262949526309967,0.5513136386871338,0.041488949209451675,0,0
10,MOUTH_RIGHT,0.4288860857486725,0.5524047017097473,0.02184266783297062,0,0
10,LEFT_SHOULDER,0.3986496329307556,0.5808535218238831,0.07576196640729904,0,0
10,RIGHT_SHOULDER,0.42643818259239197,0.5938436985015869,-0.09503614157438278,0,0
10,LEFT_ELBOW,0.4081159830093384,0.6544510126113892,0.1427820771932602,0,0
10,RIGHT_ELBOW,0.426818311214447,0.6685615181922913,-0.07623565942049026,0,0
10,LEFT_WRIST,0.44187480211257935,0.6424761414527893,0.1664557158946991,0,0
10,RIGHT_WRIST,0.4488176107406616,0.6561291217803955,0.0018151758704334497,0,0
10,LEFT_PINKY,0.44959506392478943,0.6385716199874878,0.1724444478750229,0,0
10,RIGHT_PINKY,0.4569155275821686,0.6514784097671509,-0.0006483474862761796,0,0
10,LEFT_INDEX,0.4538986384868622,0.6320347189903259,0.1618194878101349,0,0
10,RIGHT_INDEX,0.4556596577167511,0.6444616317749023,0.0010521900840103626,0,0
10,LEFT_THUMB,0.45195701718330383,0.6340872049331665,0.16167095303535461,0,0
10,RIGHT_THUMB,0.45267996191978455,0.6452680826187134,0.0050227222964167595,0,0
10,LEFT_HIP,0.3874220848083496,0.7204716205596924,0.05579008162021637,0,0
10,RIGHT_HIP,0.41003116965293884,0.7255741953849792,-0.055844999849796295,0,0
10,LEFT_KNEE,0.3812514543533325,0.8041048645973206,0.1352185755968094,0,0
10,RIGHT_KNEE,0.4330334961414337,0.8130435943603516,-0.008510066196322441,0,0
10,LEFT_ANKLE,0.35676339268684387,0.8934290409088135,0.1688721925020218,0,0
10,RIGHT_ANKLE,0.41581493616104126,0.9147043824195862,0.030166860669851303,0,0
10,LEFT_HEEL,0.3527895212173462,0.9089546799659729,0.17214526236057281,0,0
10,RIGHT_HEEL,0.4071286916732788,0.9333372712135315,0.035040248185396194,0,0
10,LEFT_FOOT_INDEX,0.3610479533672333,0.9108835458755493,0.1679961234331131,0,0
10,RIGHT_FOOT_INDEX,0.4417094886302948,0.9320259094238281,0.028002222999930382,0,0
11,NOSE,0.43040844798088074,0.5445933938026428,0.05138957127928734,0,0
11,LEFT_EYE_INNER,0.42771512269973755,0.5353704690933228,0.04777739942073822,0,0
11,LEFT_EYE,0.4264012277126312,0.5347229838371277,0.04778319597244263,0,0
11,LEFT_EYE_OUTER,0.4251142144203186,0.5341976881027222,0.047765396535396576,0,0
11,RIGHT_EYE_INNER,0.4301536977291107,0.5367106795310974,0.0327574796974659,0,0
11,RIGHT_EYE,0.4305667281150818,0.5369734764099121,0.03276803717017174,0,0
11,RIGHT_EYE_OUTER,0.43096572160720825,0.5372379422187805,0.032744135707616806,0,0
11,LEFT_EAR,0.4203401803970337,0.5376824736595154,0.037670716643333435,0,0
11,RIGHT_EAR,0.4281024634838104,0.5405014157295227,-0.029295025393366814,0,0
11,MOUTH_LEFT,0.42681634426116943,0.5521535873413086,0.05140822008252144,0,0
11,MOUTH_RIGHT,0.4293559491634369,0.5533117055892944,0.031951576471328735,0,0
11,LEFT_SHOULDER,0.400649756193161,0.5815173387527466,0.08500059694051743,0,0
11,RIGHT_SHOULDER,0.4264521896839142,0.5944713950157166,-0.08313722163438797,0,0
11,LEFT_ELBOW,0.41292604804039,0.6532039642333984,0.1519213616847992,0,0
11,RIGHT_ELBOW,0.42879778146743774,0.6686777472496033,-0.06794050335884094,0,0
11,LEFT_WRIST,0.44774359464645386,0.63553786277771,0.1885330229997635,0,0
11,RIGHT_WRIST,0.45326918363571167,0.6538726687431335,0.00024135557760018855,0,0
11,LEFT_PINKY,0.455858439207077,0.6289321780204773,0.1973574012517929,0,0
11,RIGHT_PINKY,0.4607427716255188,0.6481322646141052,-0.0029811898712068796,0,0
11,LEFT_INDEX,0.45999807119369507,0.623200535774231,0.18775653839111328,0,0
11,RIGHT_INDEX,0.45968353748321533,0.6407965421676636,-0.0010565362172201276,0,0
11,LEFT_THUMB,0.4577774703502655,0.6264079213142395,0.18471981585025787,0,0
11,RIGHT_THUMB,0.45703473687171936,0.6419503688812256,0.003175785532221198,0,0
11,LEFT_HIP,0.38843080401420593,0.7201957702636719,0.05670646205544472,0,0
11,RIGHT_HIP,0.41016003489494324,0.7252750992774963,-0.05678165331482887,0,0
11,LEFT_KNEE,0.38415175676345825,0.7991814613342285,0.1304679661989212,0,0
11,RIGHT_KNEE,0.43334639072418213,0.8130021691322327,-0.014169450849294662,0,0
11,LEFT_ANKLE,0.3586559295654297,0.8822104334831238,0.13920718431472778,0,0
11,RIGHT_ANKLE,0.41685575246810913,0.9150369167327881,-0.010255851782858372,0,0
11,LEFT_HEEL,0.3527885675430298,0.8945393562316895,0.13997897505760193,0,0
11,RIGHT_HEEL,0.4077540934085846,0.933282196521759,-0.008802371099591255,0,0
11,LEFT_FOOT_INDEX,0.36343640089035034,0.9106114506721497,0.13514254987239838,0,0
11,RIGHT_FOOT_INDEX,0.4413495659828186,0.9321300387382507,-0.017588729038834572,0,0
12,NOSE,0.43095138669013977,0.5457934737205505,0.06642311066389084,0,0
12,LEFT_EYE_INNER,0.42860499024391174,0.5360989570617676,0.06220455840229988,0,0
12,LEFT_EYE,0.4272958040237427,0.5352683663368225,0.062207505106925964,0,0
12,LEFT_EYE_OUTER,0.42597880959510803,0.5344418287277222,0.062189504504203796,0,0
12,RIGHT_EYE_INNER,0.4310888648033142,0.537680983543396,0.04775403067469597,0,0
12,RIGHT_EYE,0.43157610297203064,0.5379687547683716,0.04775949567556381,0,0
12,RIGHT_EYE_OUTER,0.4320310354232788,0.5381724834442139,0.04773086681962013,0,0
12,LEFT_EAR,0.4213947653770447,0.5384408235549927,0.04740453138947487,0,0
12,RIGHT_EAR,0.4290509521961212,0.5408508777618408,-0.017277592793107033,0,0
12,MOUTH_LEFT,0.42735233902931213,0.5526062846183777,0.06454876810312271,0,0
12,MOUTH_RIGHT,0.42992040514945984,0.5536853075027466,0.0457599014043808,0,0
12,LEFT_SHOULDER,0.4011782705783844,0.5823553800582886,0.08903982490301132,0,0
12,RIGHT_SHOULDER,0.42642343044281006,0.5950292348861694,-0.07237184047698975,0,0
12,LEFT_ELBOW,0.41679704189300537,0.6504303812980652,0.15537579357624054,0,0
12,RIGHT_ELBOW,0.43336519598960876,0.668322741985321,-0.054679740220308304,0,0
12,LEFT_WRIST,0.4517005681991577,0.6312975287437439,0.1890084445476532,0,0
12,RIGHT_WRIST,0.45624881982803345,0.6511750221252441,0.017727812752127647,0,0
12,LEFT_PINKY,0.4622642695903778,0.6217515468597412,0.19762937724590302,0,0
12,RIGHT_PINKY,0.4638619124889374,0.6463508605957031,0.016213824972510338,0,0
12,LEFT_INDEX,0.4630233943462372,0.6200228929519653,0.18791188299655914,0,0
12,RIGHT_INDEX,0.4625832736492157,0.6392996311187744,0.018201228231191635,0,0
12,LEFT_THUMB,0.46025368571281433,0.6233671307563782,0.18501581251621246,0,0
12,RIGHT_THUMB,0.4599563479423523,0.6400013566017151,0.02083105407655239,0,0
12,LEFT_HIP,0.3889707922935486,0.7213501930236816,0.05641941726207733,0,0
12,RIGHT_HIP,0.41025128960609436,0.726098895072937,-0.056500352919101715,0,0
12,LEFT_KNEE,0.3865981698036194,0.796496570110321,0.14075258374214172,0,0
12,RIGHT_KNEE,0.43388181924819946,0.8131035566329956,-0.03008911944925785,0,0
12,LEFT_ANKLE,0.36018165946006775,0.8775604963302612,0.15424005687236786,0,0
12,RIGHT_ANKLE,0.4171293079853058,0.9151829481124878,-0.046455688774585724,0,0
12,LEFT_HEEL,0.3536500930786133,0.8914832472801208,0.15537430346012115,0,0
12,RIGHT_HEEL,0.4078969955444336,0.9331551194190979,-0.04688122123479843,0,0
12,LEFT_FOOT_INDEX,0.3651682734489441,0.9015621542930603,0.15093250572681427,0,0
12,RIGHT_FOOT_INDEX,0.44145873188972473,0.9323164820671082,-0.0579359270632267,0,0
13,NOSE,0.43106380105018616,0.5469266772270203,0.06798910349607468,0,0
13,LEFT_EYE_INNER,0.4288325309753418,0.5368772745132446,0.06374242156744003,0,0
13,LEFT_EYE,0.4275379180908203,0.5359483361244202,0.06374422460794449,0,0
13,LEFT_EYE_OUTER,0.4262351393699646,0.534934401512146,0.06372407078742981,0,0
13,RIGHT_EYE_INNER,0.4313122630119324,0.5385155081748962,0.04918093606829643,0,0
13,RIGHT_EYE,0.4318163990974426,0.5387831926345825,0.04918832704424858,0,0
13,RIGHT_EYE_OUTER,0.4322873651981354,0.5389246344566345,0.049161188304424286,0,0
13,LEFT_EAR,0.42175063490867615,0.5389038324356079,0.04877178370952606,0,0
13,RIGHT_EAR,0.4293268322944641,0.5410534143447876,-0.016490953043103218,0,0
13,MOUTH_LEFT,0.4275493025779724,0.5532482862472534,0.06601641327142715,0,0
13,MOUTH_RIGHT,0.4300706088542938,0.5541633367538452,0.047044869512319565,0,0
13,LEFT_SHOULDER,0.4012960195541382,0.5828752517700195,0.09057489037513733,0,0
13,RIGHT_SHOULDER,0.4263167381286621,0.5953977704048157,-0.07165290415287018,0,0
13,LEFT_ELBOW,0.41766491532325745,0.6496379375457764,0.15712812542915344,0,0
13,RIGHT_ELBOW,0.43456336855888367,0.6682384014129639,-0.058031365275382996,0,0
13,LEFT_WRIST,0.45253631472587585,0.6314529180526733,0.18714521825313568,0,0
13,RIGHT_WRIST,0.45734789967536926,0.6500892043113708,0.008035714738070965,0,0
13,LEFT_PINKY,0.4635320007801056,0.6207348704338074,0.19523796439170837,0,0
13,RIGHT_PINKY,0.464891254901886,0.6456304788589478,0.005089837126433849,0,0
13,LEFT_INDEX,0.4650392234325409,0.6174783706665039,0.18515437841415405,0,0
13,RIGHT_INDEX,0.4635157585144043,0.6388281583786011,0.007303642109036446,0,0
13,LEFT_THUMB,0.46133193373680115,0.6225920915603638,0.18291378021240234,0,0
13,RIGHT_THUMB,0.46100085973739624,0.6392983198165894,0.011029878631234169,0,0
13,LEFT_HIP,0.38920843601226807,0.7218595147132874,0.0567193478345871,0,0
13,RIGHT_HIP,0.41032955050468445,0.7264169454574585,-0.05679244175553322,0,0
13,LEFT_KNEE,0.3871317207813263,0.7960517406463623,0.13701339066028595,0,0
13,RIGHT_KNEE,0.4342254400253296,0.8129363656044006,-0.03634600713849068,0,0
13,LEFT_ANKLE,0.3605385720729828,0.8776021599769592,0.1535225212574005,0,0
13,RIGHT_ANKLE,0.41721370816230774,0.9152193069458008,-0.04888467863202095,0,0
13,LEFT_HEEL,0.35388752818107605,0.891659140586853,0.1548803150653839,0,0
13,RIGHT_HEEL,0.4078000485897064,0.9330037832260132,-0.048923805356025696,0,0
13,LEFT_FOOT_INDEX,0.36568373441696167,0.9003198742866516,0.1501196324825287,0,0
13,RIGHT_FOOT_INDEX,0.4414840042591095,0.932519257068634,-0.059582363814115524,0,0
14,NOSE,0.4314235746860504,0.5505465865135193,0.06945594400167465,0,0
14,LEFT_EYE_INNER,0.42927274107933044,0.5397896766662598,0.06501619517803192,0,0
14,LEFT_EYE,0.4280194342136383,0.5388092398643494,0.06501786410808563,0,0
14,LEFT_EYE_OUTER,0.42677000164985657,0.5377390384674072,0.06500102579593658,0,0
14,RIGHT_EYE_INNER,0.4317236542701721,0.5413457155227661,0.050905682146549225,0,0
14,RIGHT_EYE,0.4322342872619629,0.541520893573761,0.05091741308569908,0,0
14,RIGHT_EYE_OUTER,0.43269771337509155,0.5416198968887329,0.05089925229549408,0,0
14,LEFT_EAR,0.4222657382488251,0.5406712293624878,0.048919677734375,0,0
14,RIGHT_EAR,0.4295893609523773,0.543118953704834,-0.014381295070052147,0,0
14,MOUTH_LEFT,0.42794671654701233,0.556519627571106,0.0670701190829277,0,0
14,MOUTH_RIGHT,0.43042582273483276,0.5574302673339844,0.04865535721182823,0,0
14,LEFT_SHOULDER,0.40213873982429504,0.5831783413887024,0.08859355002641678,0,0
14,RIGHT_SHOULDER,0.42649045586586,0.5955638885498047,-0.06874413043260574,0,0
14,LEFT_ELBOW,0.42477744817733765,0.6377437114715576,0.1579827219247818,0,0
14,RIGHT_ELBOW,0.43982428312301636,0.6669687628746033,-0.05255230516195297,0,0
14,LEFT_WRIST,0.45932653546333313,0.623811662197113,0.18617218732833862,0,0
14,RIGHT_WRIST,0.46255505084991455,0.6447177529335022,0.02021743170917034,0,0
14,LEFT_PINKY,0.46857279539108276,0.6131362318992615,0.1946050226688385,0,0
14,RIGHT_PINKY,0.46919068694114685,0.6407126784324646,0.01804930344223976,0,0
14,LEFT_INDEX,0.46925655007362366,0.6103228330612183,0.18276533484458923,0,0
14,RIGHT_INDEX,0.47297894954681396,0.6359390020370483,0.02098313719034195,0,0
14,LEFT_THUMB,0.4659077525138855,0.6154785752296448,0.18155154585838318,0,0
14,RIGHT_THUMB,0.4650632441043854,0.6349763870239258,0.023732580244541168,0,0
14,LEFT_HIP,0.38938286900520325,0.7222118973731995,0.05622601881623268,0,0
14,RIGHT_HIP,0.41038715839385986,0.7265939116477966,-0.05631137266755104,0,0
14,LEFT_KNEE,0.3878842294216156,0.7958402633666992,0.13871528208255768,0,0
14,RIGHT_KNEE,0.43434205651283264,0.8128213882446289,-0.03744226321578026,0,0
14,LEFT_ANKLE,0.3616795241832733,0.8769204020500183,0.16860166192054749,0,0
14,RIGHT_ANKLE,0.41724827885627747,0.915016233921051,-0.04631151258945465,0,0
14,LEFT_HEEL,0.35535213351249695,0.8919214010238647,0.17148683965206146,0,0
14,RIGHT_HEEL,0.4076231122016907,0.9325078129768372,-0.046025343239307404,0,0
14,LEFT_FOOT_INDEX,0.36684635281562805,0.8945556879043579,0.16885799169540405,0,0
14,RIGHT_FOOT_INDEX,0.4415926933288574,0.9325314164161682,-0.05630180612206459,0,0
15,NOSE,0.4314159154891968,0.5525163412094116,0.06549551337957382,0,0
15,LEFT_EYE_INNER,0.4292846918106079,0.5416537523269653,0.06201639026403427,0,0
15,LEFT_EYE,0.4280740022659302,0.5407192707061768,0.06201273947954178,0,0
15,LEFT_EYE_OUTER,0.4268859028816223,0.539720356464386,0.06199316307902336,0,0
15,RIGHT_EYE_INNER,0.4316907525062561,0.5431093573570251,0.04748513549566269,0,0
15,RIGHT_EYE,0.43218758702278137,0.5431974530220032,0.04750244691967964,0,0
15,RIGHT_EYE_OUTER,0.43264004588127136,0.543247401714325,0.047492098063230515,0,0
15,LEFT_EAR,0.42234545946121216,0.5423871874809265,0.04930393397808075,0,0
15,RIGHT_EAR,0.429543137550354,0.5447784662246704,-0.015595505945384502,0,0
15,MOUTH_LEFT,0.427982896566391,0.5586923956871033,0.06440660357475281,0,0
15,MOUTH_RIGHT,0.4304303824901581,0.5595141053199768,0.04539128765463829,0,0
15,LEFT_SHOULDER,0.4027999937534332,0.583271861076355,0.0887245237827301,0,0
15,RIGHT_SHOULDER,0.4262985289096832,0.5962607264518738,-0.06792908161878586,0,0
15,LEFT_ELBOW,0.4280090034008026,0.6314274072647095,0.16170218586921692,0,0
15,RIGHT_ELBOW,0.441728800535202,0.6637088060379028,-0.05811115354299545,0,0
15,LEFT_WRIST,0.4618663191795349,0.6154162883758545,0.19005665183067322,0,0
15,RIGHT_WRIST,0.46537697315216064,0.6373065114021301,0.0018608247628435493,0,0
15,LEFT_PINKY,0.4698446989059448,0.6060931086540222,0.19881512224674225,0,0
15,RIGHT_PINKY,0.4724719226360321,0.6328302025794983,-0.0033148154616355896,0,0
15,LEFT_INDEX,0.470486581325531,0.6029323935508728,0.18688951432704926,0,0
15,RIGHT_INDEX,0.4722744822502136,0.6246190071105957,-4.361407627584413e-05,0,0
15,LEFT_THUMB,0.46758997440338135,0.607552707195282,0.18574899435043335,0,0
15,RIGHT_THUMB,0.46831560134887695,0.6258673071861267,0.005241390783339739,0,0
15,LEFT_HIP,0.3895643949508667,0.7225379943847656,0.05602337047457695,0,0
15,RIGHT_HIP,0.4104038178920746,0.7268173694610596,-0.05610671266913414,0,0
15,LEFT_KNEE,0.3885504901409149,0.7960230112075806,0.13544273376464844,0,0
15,RIGHT_KNEE,0.43449369072914124,0.8123686909675598,-0.04670412093400955,0,0
15,LEFT_ANKLE,0.3630790114402771,0.8765328526496887,0.1704835295677185,0,0
15,RIGHT_ANKLE,0.417388916015625,0.9148982763290405,-0.055273495614528656,0,0
15,LEFT_HEEL,0.35793229937553406,0.8919060230255127,0.17383602261543274,0,0
15,RIGHT_HEEL,0.40784695744514465,0.9321776032447815,-0.055139780044555664,0,0
15,LEFT_FOOT_INDEX,0.36887413263320923,0.8922778964042664,0.17130319774150848,0,0
15,RIGHT_FOOT_INDEX,0.44192108511924744,0.9325176477432251,-0.06683773547410965,0,0
16,NOSE,0.43138056993484497,0.553070604801178,0.0692211464047432,0,0
16,LEFT_EYE_INNER,0.4291853606700897,0.5422115921974182,0.06521199643611908,0,0
16,LEFT_EYE,0.4279863238334656,0.541320264339447,0.06521239131689072,0,0
16,LEFT_EYE_OUTER,0.4268075227737427,0.5403622388839722,0.06519539654254913,0,0
16,RIGHT_EYE_INNER,0.43159687519073486,0.5435948967933655,0.05092652887105942,0,0
16,RIGHT_EYE,0.4320979118347168,0.5436643958091736,0.0509377121925354,0,0
16,RIGHT_EYE_OUTER,0.43256092071533203,0.5436960458755493,0.05091700330376625,0,0
16,LEFT_EAR,0.42218217253685,0.5432634353637695,0.05074035003781319,0,0
16,RIGHT_EAR,0.4293721616268158,0.5456500053405762,-0.013760657049715519,0,0
16,MOUTH_LEFT,0.427977055311203,0.5596234202384949,0.06741002947092056,0,0
16,MOUTH_RIGHT,0.43039387464523315,0.5605099201202393,0.0487830676138401,0,0
16,LEFT_SHOULDER,0.4032386839389801,0.5835222005844116,0.0895003005862236,0,0
16,RIGHT_SHOULDER,0.4259791970252991,0.599009096622467,-0.06615123897790909,0,0
16,LEFT_ELBOW,0.4306958317756653,0.6194443702697754,0.1662493348121643,0,0
16,RIGHT_ELBOW,0.44110769033432007,0.6598305106163025,-0.05208547040820122,0,0
16,LEFT_WRIST,0.46459510922431946,0.6062948703765869,0.19490328431129456,0,0
16,RIGHT_WRIST,0.4645836055278778,0.6321592926979065,0.017075277864933014,0,0
16,LEFT_PINKY,0.4728696942329407,0.5979737639427185,0.2028249204158783,0,0
16,RIGHT_PINKY,0.4714352786540985,0.6293247938156128,0.014042237773537636,0,0
16,LEFT_INDEX,0.47323328256607056,0.5960456728935242,0.1879095584154129,0,0
16,RIGHT_INDEX,0.4712778329849243,0.6244124174118042,0.015594284050166607,0,0
16,LEFT_THUMB,0.46985796093940735,0.60010826587677,0.18951836228370667,0,0
16,RIGHT_THUMB,0.4671410620212555,0.6240931749343872,0.02014511078596115,0,0
16,LEFT_HIP,0.3895958662033081,0.7224029302597046,0.055904872715473175,0,0
16,RIGHT_HIP,0.41040441393852234,0.7270132899284363,-0.0559777170419693,0,0
16,LEFT_KNEE,0.38840141892433167,0.7959158420562744,0.13124330341815948,0,0
16,RIGHT_KNEE,0.4340338110923767,0.8117634654045105,-0.06200460344552994,0,0
16,LEFT_ANKLE,0.3636240065097809,0.8777345418930054,0.1795949786901474,0,0
16,RIGHT_ANKLE,0.41711217164993286,0.9148701429367065,-0.06679739058017731,0,0
16,LEFT_HEEL,0.3581065833568573,0.893710196018219,0.1842852085828781,0,0
16,RIGHT_HEEL,0.4076305627822876,0.9322628378868103,-0.06651276350021362,0,0
16,LEFT_FOOT_INDEX,0.37354519963264465,0.8902968764305115,0.18198508024215698,0,0
16,RIGHT_FOOT_INDEX,0.4421197772026062,0.9324848055839539,-0.08087502419948578,0,0
17,NOSE,0.4313075840473175,0.5535176992416382,0.04144691303372383,0,0
17,LEFT_EYE_INNER,0.4291578531265259,0.5426422357559204,0.04313623532652855,0,0
17,LEFT_EYE,0.4278838038444519,0.541823148727417,0.04313576966524124,0,0
17,LEFT_EYE_OUTER,0.4266723096370697,0.5409287810325623,0.043117642402648926,0,0
17,RIGHT_EYE_INNER,0.4311586022377014,0.543806254863739,0.02576589584350586,0,0
17,RIGHT_EYE,0.4314247965812683,0.5438159704208374,0.025787919759750366,0,0
17,RIGHT_EYE_OUTER,0.4316181540489197,0.543803334236145,0.025777800008654594,0,0
17,LEFT_EAR,0.4218050241470337,0.5437473058700562,0.0515303760766983,0,0
17,RIGHT_EAR,0.4276277422904968,0.5459445118904114,-0.02375507913529873,0,0
17,MOUTH_LEFT,0.42792442440986633,0.5603434443473816,0.04877369850873947,0,0
17,MOUTH_RIGHT,0.43029001355171204,0.5610265731811523,0.025953596457839012,0,0
17,LEFT_SHOULDER,0.40380391478538513,0.5835631489753723,0.09847542643547058,0,0
17,RIGHT_SHOULDER,0.42052847146987915,0.5974622964859009,-0.07320865988731384,0,0
17,LEFT_ELBOW,0.43334606289863586,0.6177743673324585,0.17603793740272522,0,0
17,RIGHT_ELBOW,0.4397953748703003,0.648514449596405,-0.10287580639123917,0,0
17,LEFT_WRIST,0.4655054211616516,0.6045894026756287,0.19837383925914764,0,0
17,RIGHT_WRIST,0.46960824728012085,0.6154751777648926,-0.09022536873817444,0,0
17,LEFT_PINKY,0.47572121024131775,0.5948296785354614,0.2056778520345688,0,0
17,RIGHT_PINKY,0.47690141201019287,0.6119033098220825,-0.10382868349552155,0,0
17,LEFT_INDEX,0.4768327474594116,0.5921298861503601,0.18943938612937927,0,0
17,RIGHT_INDEX,0.47722217440605164,0.6043230891227722,-0.09893126785755157,0,0
17,LEFT_THUMB,0.4718446433544159,0.5977637767791748,0.19223007559776306,0,0
17,RIGHT_THUMB,0.4731045961380005,0.6073998212814331,-0.08719523996114731,0,0
17,LEFT_HIP,0.3895735442638397,0.7225812673568726,0.058874260634183884,0,0
17,RIGHT_HIP,0.4097488522529602,0.72702956199646,-0.05890613794326782,0,0
17,LEFT_KNEE,0.3887994587421417,0.7955197095870972,0.13023698329925537,0,0
17,RIGHT_KNEE,0.4333188235759735,0.8106550574302673,-0.08108668774366379,0,0
17,LEFT_ANKLE,0.3634944260120392,0.8778406381607056,0.18056383728981018,0,0
17,RIGHT_ANKLE,0.416841059923172,0.9148541688919067,-0.07751855999231339,0,0
17,LEFT_HEEL,0.35808148980140686,0.894111156463623,0.1853642463684082,0,0
17,RIGHT_HEEL,0.4073787331581116,0.9323191046714783,-0.07655534148216248,0,0
17,LEFT_FOOT_INDEX,0.3739684820175171,0.8912484049797058,0.18145370483398438,0,0
17,RIGHT_FOOT_INDEX,0.44215530157089233,0.9324924349784851,-0.09095963835716248,0,0
18,NOSE,0.43126827478408813,0.553990364074707,0.04313749819993973,0,0
18,LEFT_EYE_INNER,0.42910948395729065,0.543114960193634,0.04500811547040939,0,0
18,LEFT_EYE,0.42782464623451233,0.542368471622467,0.045007653534412384,0,0
18,LEFT_EYE_OUTER,0.4265815019607544,0.5415496826171875,0.044988349080085754,0,0
18,RIGHT_EYE_INNER,0.43077975511550903,0.5440915822982788,0.027516890317201614,0,0
18,RIGHT_EYE,0.4309151768684387,0.5440504550933838,0.027536245062947273,0,0
18,RIGHT_EYE_OUTER,0.4309801757335663,0.5439997911453247,0.027521615847945213,0,0
18,LEFT_EAR,0.42141419649124146,0.5444135069847107,0.054117362946271896,0,0
18,RIGHT_EAR,0.42670774459838867,0.5463923811912537,-0.022304344922304153,0,0
18,MOUTH_LEFT,0.4278753995895386,0.5610389709472656,0.05039964243769646,0,0
18,MOUTH_RIGHT,0.4301244616508484,0.5615966320037842,0.027404604479670525,0,0
18,LEFT_SHOULDER,0.40383148193359375,0.5837671756744385,0.10318814218044281,0,0
18,RIGHT_SHOULDER,0.41944804787635803,0.5966131091117859,-0.07248645275831223,0,0
18,LEFT_ELBOW,0.43313080072402954,0.6176736950874329,0.18120557069778442,0,0
18,RIGHT_ELBOW,0.43906089663505554,0.6463791728019714,-0.10229310393333435,0,0
18,LEFT_WRIST,0.46509823203086853,0.6047952175140381,0.20551928877830505,0,0
18,RIGHT_WRIST,0.4699624478816986,0.6142717599868774,-0.08880388736724854,0,0
18,LEFT_PINKY,0.4746180772781372,0.5972936749458313,0.2137838900089264,0,0
18,RIGHT_PINKY,0.47741180658340454,0.6104408502578735,-0.10185334086418152,0,0
18,LEFT_INDEX,0.4767667353153229,0.5923730134963989,0.19890767335891724,0,0
18,RIGHT_INDEX,0.4776149094104767,0.6030338406562805,-0.09687842428684235,0,0
18,LEFT_THUMB,0.47157490253448486,0.5983070135116577,0.1998356729745865,0,0
18,RIGHT_THUMB,0.47292032837867737,0.6020159125328064,-0.08569731563329697,0,0
18,LEFT_HIP,0.3895556330680847,0.7227122783660889,0.05986272543668747,0,0
18,RIGHT_HIP,0.40958839654922485,0.7270017266273499,-0.059891365468502045,0,0
18,LEFT_KNEE,0.3891819715499878,0.7951568961143494,0.1288740485906601,0,0
18,RIGHT_KNEE,0.432976633310318,0.8098928928375244,-0.08532170951366425,0,0
18,LEFT_ANKLE,0.36357754468917847,0.8776385188102722,0.18336227536201477,0,0
18,RIGHT_ANKLE,0.41674530506134033,0.9146745204925537,-0.08461615443229675,0,0
18,LEFT_HEEL,0.35813313722610474,0.8942207098007202,0.18828359246253967,0,0
18,RIGHT_HEEL,0.4072261154651642,0.932135820388794,-0.08387656509876251,0,0
18,LEFT_FOOT_INDEX,0.37432655692100525,0.8905277252197266,0.18507812917232513,0,0
18,RIGHT_FOOT_INDEX,0.44206228852272034,0.9325796365737915,-0.0980941578745842,0,0
19,NOSE,0.4308153986930847,0.5549379587173462,0.032355960458517075,0,0
19,LEFT_EYE_INNER,0.42872586846351624,0.5441223978996277,0.036566559225320816,0,0
19,LEFT_EYE,0.42765721678733826,0.5434067845344543,0.03655987232923508,0,0
19,LEFT_EYE_OUTER,0.42653512954711914,0.5425950884819031,0.03654295206069946,0,0
19,RIGHT_EYE_INNER,0.42977046966552734,0.5448412299156189,0.01928100734949112,0,0
19,RIGHT_EYE,0.42966899275779724,0.5446997284889221,0.01930364966392517,0,0
19,RIGHT_EYE_OUTER,0.4294910728931427,0.5445652008056641,0.01930542103946209,0,0
19,LEFT_EAR,0.4210028052330017,0.5449256896972656,0.055325698107481,0,0
19,RIGHT_EAR,0.4244931638240814,0.5469731688499451,-0.020936960354447365,0,0
19,MOUTH_LEFT,0.4274529814720154,0.5616863369941711,0.04277605563402176,0,0
19,MOUTH_RIGHT,0.4288522005081177,0.5622049570083618,0.020033378154039383,0,0
19,LEFT_SHOULDER,0.40548139810562134,0.5832956433296204,0.10289130359888077,0,0
19,RIGHT_SHOULDER,0.41204994916915894,0.5937259793281555,-0.07029935717582703,0,0
19,LEFT_ELBOW,0.43771445751190186,0.6047033071517944,0.1761482059955597,0,0
19,RIGHT_ELBOW,0.4321226179599762,0.6424832940101624,-0.10894772410392761,0,0
19,LEFT_WRIST,0.4663452208042145,0.5964985489845276,0.19019193947315216,0,0
19,RIGHT_WRIST,0.46743297576904297,0.6148410439491272,-0.11355777084827423,0,0
19,LEFT_PINKY,0.4756498336791992,0.5887082815170288,0.19577746093273163,0,0
19,RIGHT_PINKY,0.4747822880744934,0.611606240272522,-0.12744075059890747,0,0
19,LEFT_INDEX,0.47596490383148193,0.5862110257148743,0.18289579451084137,0,0
19,RIGHT_INDEX,0.474380761384964,0.6045223474502563,-0.12399730831384659,0,0
19,LEFT_THUMB,0.4722757041454315,0.5896993279457092,0.1849152147769928,0,0
19,RIGHT_THUMB,0.4696950614452362,0.6056273579597473,-0.11121894419193268,0,0
19,LEFT_HIP,0.3892369866371155,0.7215921878814697,0.05919096618890762,0,0
19,RIGHT_HIP,0.4063095450401306,0.7250692844390869,-0.05923406779766083,0,0
19,LEFT_KNEE,0.3893507122993469,0.7953641414642334,0.10574591159820557,0,0
19,RIGHT_KNEE,0.43213799595832825,0.8064412474632263,-0.09508340060710907,0,0
19,LEFT_ANKLE,0.36336562037467957,0.8777722120285034,0.14858074486255646,0,0
19,RIGHT_ANKLE,0.41695454716682434,0.9121966361999512,-0.10440781712532043,0,0
19,LEFT_HEEL,0.357936292886734,0.8935723900794983,0.15148600935935974,0,0
19,RIGHT_HEEL,0.40746840834617615,0.9287084341049194,-0.10509976744651794,0,0
19,LEFT_FOOT_INDEX,0.3746795654296875,0.8912124633789062,0.14295101165771484,0,0
19,RIGHT_FOOT_INDEX,0.4416085481643677,0.9320588707923889,-0.12209471315145493,0,0
20,NOSE,0.4306817352771759,0.5558434128761292,0.03003632463514805,0,0
20,LEFT_EYE_INNER,0.4285319447517395,0.5451070666313171,0.0343390591442585,0,0
20,LEFT_EYE,0.42757752537727356,0.5443827509880066,0.03433435410261154,0,0
20,LEFT_EYE_OUTER,0.4265079200267792,0.5435638427734375,0.034319110214710236,0,0
20,RIGHT_EYE_INNER,0.42938193678855896,0.5458031296730042,0.01694265939295292,0,0
20,RIGHT_EYE,0.4292018711566925,0.5456167459487915,0.016969231888651848,0,0
20,RIGHT_EYE_OUTER,0.4289597272872925,0.5454432964324951,0.016970787197351456,0,0
20,LEFT_EAR,0.4207746386528015,0.545511782169342,0.05530029907822609,0,0
20,RIGHT_EAR,0.4238097071647644,0.5479833483695984,-0.02249758690595627,0,0
20,MOUTH_LEFT,0.4272778630256653,0.5621970295906067,0.04037515074014664,0,0
20,MOUTH_RIGHT,0.4283466935157776,0.562764048576355,0.01760919578373432,0,0
20,LEFT_SHOULDER,0.40605613589286804,0.5828850865364075,0.10178086906671524,0,0
20,RIGHT_SHOULDER,0.4110892117023468,0.5936993360519409,-0.06939540058374405,0,0
20,LEFT_ELBOW,0.4384670853614807,0.6015205979347229,0.16997140645980835,0,0
20,RIGHT_ELBOW,0.430644154548645,0.6418658494949341,-0.10121611505746841,0,0
20,LEFT_WRIST,0.4671061933040619,0.5939305424690247,0.17200741171836853,0,0
20,RIGHT_WRIST,0.4655524492263794,0.6152461767196655,-0.08872955292463303,0,0
20,LEFT_PINKY,0.4767284393310547,0.5860893130302429,0.17571118474006653,0,0
20,RIGHT_PINKY,0.47317516803741455,0.609643816947937,-0.10078644752502441,0,0
20,LEFT_INDEX,0.4760505259037018,0.5843996405601501,0.1631491780281067,0,0
20,RIGHT_INDEX,0.47308164834976196,0.6022680997848511,-0.09792677313089371,0,0
20,LEFT_THUMB,0.4727082848548889,0.5875338912010193,0.16644515097141266,0,0
20,RIGHT_THUMB,0.4693812429904938,0.6046448349952698,-0.08618522435426712,0,0
20,LEFT_HIP,0.38888582587242126,0.7199458479881287,0.05878050625324249,0,0
20,RIGHT_HIP,0.40514805912971497,0.7237256765365601,-0.05883011594414711,0,0
20,LEFT_KNEE,0.38925790786743164,0.79535973072052,0.1009138748049736,0,0
20,RIGHT_KNEE,0.43166592717170715,0.8049967885017395,-0.09157320857048035,0,0
20,LEFT_ANKLE,0.3632000684738159,0.8773889541625977,0.13999223709106445,0,0
20,RIGHT_ANKLE,0.4171009659767151,0.9106189012527466,-0.0979776680469513,0,0
20,LEFT_HEEL,0.3578002154827118,0.8931040167808533,0.14265775680541992,0,0
20,RIGHT_HEEL,0.4076290428638458,0.9269161820411682,-0.0983651801943779,0,0
20,LEFT_FOOT_INDEX,0.3740187883377075,0.8910890817642212,0.13521359860897064,0,0
20,RIGHT_FOOT_INDEX,0.44081318378448486,0.9315746426582336,-0.11409015208482742,0,0
21,NOSE,0.4305262267589569,0.5558724403381348,0.025430139154195786,0,0
21,LEFT_EYE_INNER,0.42826855182647705,0.5451220870018005,0.03148501738905907,0,0
21,LEFT_EYE,0.42746207118034363,0.5444190502166748,0.03148401901125908,0,0
21,LEFT_EYE_OUTER,0.4264849126338959,0.5436369180679321,0.03147025406360626,0,0
21,RIGHT_EYE_INNER,0.4287273585796356,0.5457950234413147,0.014594822190701962,0,0
21,RIGHT_EYE,0.4283941090106964,0.5456063747406006,0.014617186039686203,0,0
21,RIGHT_EYE_OUTER,0.42799946665763855,0.5454339385032654,0.014611661434173584,0,0
21,LEFT_EAR,0.4206995368003845,0.5455109477043152,0.05745018273591995,0,0
21,RIGHT_EAR,0.42270004749298096,0.5479083061218262,-0.02144947461783886,0,0
21,MOUTH_LEFT,0.42724859714508057,0.5621419548988342,0.03777674213051796,0,0
21,MOUTH_RIGHT,0.4279946982860565,0.5627343654632568,0.01569460891187191,0,0
21,LEFT_SHOULDER,0.4069713056087494,0.5826680660247803,0.10370643436908722,0,0
21,RIGHT_SHOULDER,0.40721675753593445,0.5891007781028748,-0.06609516590833664,0,0
21,LEFT_ELBOW,0.44070470333099365,0.5983710885047913,0.16507185995578766,0,0
21,RIGHT_ELBOW,0.4249572157859802,0.635501503944397,-0.13060550391674042,0,0
21,LEFT_WRIST,0.4685605466365814,0.5902218818664551,0.17316071689128876,0,0
21,RIGHT_WRIST,0.46306994557380676,0.6073269844055176,-0.15482841432094574,0,0
21,LEFT_PINKY,0.48098355531692505,0.5804885029792786,0.17882677912712097,0,0
21,RIGHT_PINKY,0.47160664200782776,0.6035679578781128,-0.1696649193763733,0,0
21,LEFT_INDEX,0.4769262969493866,0.578499972820282,0.1683420091867447,0,0
21,RIGHT_INDEX,0.4719974100589752,0.5941994786262512,-0.16348430514335632,0,0
21,LEFT_THUMB,0.47407791018486023,0.5804014801979065,0.16857902705669403,0,0
21,RIGHT_THUMB,0.46818307042121887,0.5968212485313416,-0.1517156958580017,0,0
21,LEFT_HIP,0.38837212324142456,0.7179002165794373,0.056430816650390625,0,0
21,RIGHT_HIP,0.4023685157299042,0.7199708223342896,-0.0564865916967392,0,0
21,LEFT_KNEE,0.3890356421470642,0.7955654859542847,0.08674084395170212,0,0
21,RIGHT_KNEE,0.4317860007286072,0.7982882857322693,-0.08589491993188858,0,0
21,LEFT_ANKLE,0.36248913407325745,0.8775697946548462,0.12242503464221954,0,0
21,RIGHT_ANKLE,0.4197406768798828,0.900459885597229,-0.08812975138425827,0,0
21,LEFT_HEEL,0.3571324050426483,0.8934940695762634,0.12449716776609421,0,0
21,RIGHT_HEEL,0.41026368737220764,0.9156083464622498,-0.08839394152164459,0,0
21,LEFT_FOOT_INDEX,0.37353280186653137,0.8915544152259827,0.11211968958377838,0,0
21,RIGHT_FOOT_INDEX,0.4409688115119934,0.9301460385322571,-0.1076589971780777,0,0
22,NOSE,0.43051204085350037,0.5566123723983765,0.03465752303600311,0,0
22,LEFT_EYE_INNER,0.42824745178222656,0.5460655093193054,0.03934470936655998,0,0
22,LEFT_EYE,0.42742207646369934,0.5452917814254761,0.03934396803379059,0,0
22,LEFT_EYE_OUTER,0.4264232814311981,0.5444502234458923,0.039328981190919876,0,0
22,RIGHT_EYE_INNER,0.42851340770721436,0.5466253757476807,0.023055527359247208,0,0
22,RIGHT_EYE,0.4280855059623718,0.546312153339386,0.023073066025972366,0,0
22,RIGHT_EYE_OUTER,0.42758479714393616,0.5460013747215271,0.02306308038532734,0,0
22,LEFT_EAR,0.4206748902797699,0.5457713603973389,0.06459116190671921,0,0
22,RIGHT_EAR,0.4220874607563019,0.5480696558952332,-0.00942406989634037,0,0
22,MOUTH_LEFT,0.4272380471229553,0.562394380569458,0.04455345496535301,0,0
22,MOUTH_RIGHT,0.4276748597621918,0.5629887580871582,0.023181945085525513,0,0
22,LEFT_SHOULDER,0.4065706133842468,0.5821031928062439,0.10840309411287308,0,0
22,RIGHT_SHOULDER,0.4076576828956604,0.5870693922042847,-0.053255099803209305,0,0
22,LEFT_ELBOW,0.4393728971481323,0.5855643153190613,0.17106996476650238,0,0
22,RIGHT_ELBOW,0.415500670671463,0.6261972188949585,-0.11711956560611725,0,0
22,LEFT_WRIST,0.4724242389202118,0.5771370530128479,0.1897113025188446,0,0
22,RIGHT_WRIST,0.4511271119117737,0.6059793829917908,-0.14105716347694397,0,0
22,LEFT_PINKY,0.48072174191474915,0.5666918158531189,0.19925665855407715,0,0
22,RIGHT_PINKY,0.46120691299438477,0.6019365787506104,-0.15362800657749176,0,0
22,LEFT_INDEX,0.47932949662208557,0.5649208426475525,0.19164253771305084,0,0
22,RIGHT_INDEX,0.46234241127967834,0.5942367315292358,-0.14810197055339813,0,0
22,LEFT_THUMB,0.47528520226478577,0.5706014633178711,0.1866408884525299,0,0
22,RIGHT_THUMB,0.4601976275444031,0.5956329703330994,-0.13821619749069214,0,0
22,LEFT_HIP,0.38678213953971863,0.7166169881820679,0.05393250659108162,0,0
22,RIGHT_HIP,0.4004642069339752,0.7178458571434021,-0.053988561034202576,0,0
22,LEFT_KNEE,0.3889337182044983,0.7956957817077637,0.06817048043012619,0,0
22,RIGHT_KNEE,0.434623658657074,0.7902957201004028,-0.08244205266237259,0,0
22,LEFT_ANKLE,0.36145132780075073,0.8802288770675659,0.08771362155675888,0,0
22,RIGHT_ANKLE,0.4249937832355499,0.8912133574485779,-0.08972928673028946,0,0
22,LEFT_HEEL,0.35598140954971313,0.8954758048057556,0.0881677120923996,0,0
22,RIGHT_HEEL,0.4157344400882721,0.9068519473075867,-0.09078636020421982,0,0
22,LEFT_FOOT_INDEX,0.3731728792190552,0.8915820121765137,0.07279428094625473,0,0
22,RIGHT_FOOT_INDEX,0.44449204206466675,0.9241389036178589,-0.1103217825293541,0,0
23,NOSE,0.43014031648635864,0.5572255253791809,0.039031390100717545,0,0
23,LEFT_EYE_INNER,0.4279990792274475,0.5468932390213013,0.04364924877882004,0,0
23,LEFT_EYE,0.4272279143333435,0.5460938215255737,0.04364240542054176,0,0
23,LEFT_EYE_OUTER,0.42631322145462036,0.5452473759651184,0.04361848905682564,0,0
23,RIGHT_EYE_INNER,0.42822954058647156,0.5475174188613892,0.023964272812008858,0,0
23,RIGHT_EYE,0.4278142750263214,0.5472202897071838,0.02397732622921467,0,0
23,RIGHT_EYE_OUTER,0.4273456633090973,0.546923041343689,0.02396203763782978,0,0
23,LEFT_EAR,0.42038828134536743,0.5465081930160522,0.0717608630657196,0,0
23,RIGHT_EAR,0.4217321574687958,0.5489609241485596,-0.007590173278003931,0,0
23,MOUTH_LEFT,0.4268055558204651,0.5629516839981079,0.048136208206415176,0,0
23,MOUTH_RIGHT,0.42700105905532837,0.5638065934181213,0.024929707869887352,0,0
23,LEFT_SHOULDER,0.4055419862270355,0.5827120542526245,0.10996521264314651,0,0
23,RIGHT_SHOULDER,0.4068966209888458,0.587404191493988,-0.05325395613908768,0,0
23,LEFT_ELBOW,0.44273778796195984,0.5881090760231018,0.15857438743114471,0,0
23,RIGHT_ELBOW,0.40911298990249634,0.6149188876152039,-0.1302848756313324,0,0
23,LEFT_WRIST,0.48083680868148804,0.552018940448761,0.15134932100772858,0,0
23,RIGHT_WRIST,0.4463578760623932,0.599937915802002,-0.176264688372612,0,0
23,LEFT_PINKY,0.487970769405365,0.5439997315406799,0.15575078129768372,0,0
23,RIGHT_PINKY,0.45669129490852356,0.596435010433197,-0.19326265156269073,0,0
23,LEFT_INDEX,0.48643648624420166,0.5432450175285339,0.14539463818073273,0,0
23,RIGHT_INDEX,0.4579419791698456,0.5889208912849426,-0.18665964901447296,0,0
23,LEFT_THUMB,0.4825785756111145,0.5486152172088623,0.1459663212299347,0,0
23,RIGHT_THUMB,0.45435523986816406,0.5907759070396423,-0.1737583428621292,0,0
23,LEFT_HIP,0.386062353849411,0.7156774401664734,0.05363726243376732,0,0
23,RIGHT_HIP,0.4002608358860016,0.7166647911071777,-0.05369526520371437,0,0
23,LEFT_KNEE,0.38911426067352295,0.795907199382782,0.06917873024940491,0,0
23,RIGHT_KNEE,0.436491996049881,0.7831243872642517,-0.0775674432516098,0,0
23,LEFT_ANKLE,0.3610093891620636,0.881436824798584,0.0846555233001709,0,0
23,RIGHT_ANKLE,0.43368637561798096,0.887932300567627,-0.08713819086551666,0,0
23,LEFT_HEEL,0.35467612743377686,0.8958770036697388,0.08460000902414322,0,0
23,RIGHT_HEEL,0.4257488548755646,0.9059188961982727,-0.08896198868751526,0,0
23,LEFT_FOOT_INDEX,0.37318289279937744,0.8919192552566528,0.0664747878909111,0,0
23,RIGHT_FOOT_INDEX,0.45548200607299805,0.9152602553367615,-0.11324981600046158,0,0
24,NOSE,0.43023064732551575,0.5585315227508545,0.004915608558803797,0,0
24,LEFT_EYE_INNER,0.42830267548561096,0.548007071018219,0.014329818077385426,0,0
24,LEFT_EYE,0.4276871979236603,0.5471380949020386,0.014329198747873306,0,0
24,LEFT_EYE_OUTER,0.4269857704639435,0.5461995601654053,0.014338354580104351,0,0
24,RIGHT_EYE_INNER,0.4282599687576294,0.548532247543335,-0.0034675858914852142,0,0
24,RIGHT_EYE,0.4278855621814728,0.5480990409851074,-0.0034605448599904776,0,0
24,RIGHT_EYE_OUTER,0.42738714814186096,0.5476175546646118,-0.003467890666797757,0,0
24,LEFT_EAR,0.42069295048713684,0.5468091368675232,0.05827208235859871,0,0
24,RIGHT_EAR,0.42128822207450867,0.5490897297859192,-0.023425258696079254,0,0
24,MOUTH_LEFT,0.42701295018196106,0.5645868182182312,0.021596482023596764,0,0
24,MOUTH_RIGHT,0.42700573801994324,0.5655660033226013,-0.0016476361779496074,0,0
24,LEFT_SHOULDER,0.41304510831832886,0.5836759209632874,0.10577870905399323,0,0
24,RIGHT_SHOULDER,0.4019005596637726,0.5866538286209106,-0.06467318534851074,0,0
24,LEFT_ELBOW,0.4493195414543152,0.5943629741668701,0.12045828998088837,0,0
24,RIGHT_ELBOW,0.39964187145233154,0.6137519478797913,-0.15604645013809204,0,0
24,LEFT_WRIST,0.4742603003978729,0.5725252628326416,0.08081068098545074,0,0
24,RIGHT_WRIST,0.4317823350429535,0.5984163880348206,-0.20154951512813568,0,0
24,LEFT_PINKY,0.4824444353580475,0.562587320804596,0.07864625751972198,0,0
24,RIGHT_PINKY,0.44094327092170715,0.5956286191940308,-0.2197568714618683,0,0
24,LEFT_INDEX,0.4816335439682007,0.5584894418716431,0.0702861100435257,0,0
24,RIGHT_INDEX,0.44203171133995056,0.5897603631019592,-0.21322579681873322,0,0
24,LEFT_THUMB,0.4781627357006073,0.562591016292572,0.07543608546257019,0,0
24,RIGHT_THUMB,0.44017723202705383,0.5911366939544678,-0.19904789328575134,0,0
24,LEFT_HIP,0.38712912797927856,0.7141646146774292,0.053786881268024445,0,0
24,RIGHT_HIP,0.39769986271858215,0.7152552604675293,-0.05383496731519699,0,0
24,LEFT_KNEE,0.3894469141960144,0.7968007326126099,0.06397741287946701,0,0
24,RIGHT_KNEE,0.43627625703811646,0.7830727100372314,-0.07576553523540497,0,0
24,LEFT_ANKLE,0.3610118627548218,0.881536066532135,0.08150093257427216,0,0
24,RIGHT_ANKLE,0.4414226710796356,0.8879939317703247,-0.08303014189004898,0,0
24,LEFT_HEEL,0.3547109365463257,0.8959008455276489,0.0812673419713974,0,0
24,RIGHT_HEEL,0.43497592210769653,0.9093605279922485,-0.08509180694818497,0,0
24,LEFT_FOOT_INDEX,0.3732753098011017,0.8921259045600891,0.06011863052845001,0,0
24,RIGHT_FOOT_INDEX,0.46555083990097046,0.9037163257598877,-0.11620213091373444,0,0
25,NOSE,0.43200913071632385,0.5606381297111511,0.00021549122175201774,0,0
25,LEFT_EYE_INNER,0.4309759736061096,0.5502111911773682,0.011031556874513626,0,0
25,LEFT_EYE,0.4305554926395416,0.5492585897445679,0.01103780884295702,0,0
25,LEFT_EYE_OUTER,0.43002253770828247,0.5482147932052612,0.011066324077546597,0,0
25,RIGHT_EYE_INNER,0.43021160364151,0.5507428646087646,-0.00639972323551774,0,0
25,RIGHT_EYE,0.4294170141220093,0.5501824617385864,-0.006395458243787289,0,0
25,RIGHT_EYE_OUTER,0.4285120964050293,0.5495166778564453,-0.0064149172976613045,0,0
25,LEFT_EAR,0.4236602783203125,0.5477700233459473,0.05838882550597191,0,0
25,RIGHT_EAR,0.42136070132255554,0.5494861602783203,-0.02106165885925293,0,0
25,MOUTH_LEFT,0.42901286482810974,0.566824734210968,0.0194172915071249,0,0
25,MOUTH_RIGHT,0.42829176783561707,0.5677594542503357,-0.003410409204661846,0,0
25,LEFT_SHOULDER,0.42052602767944336,0.5849123001098633,0.10507660359144211,0,0
25,RIGHT_SHOULDER,0.39908739924430847,0.5851179957389832,-0.06447432935237885,0,0
25,LEFT_ELBOW,0.4517531991004944,0.5948731303215027,0.0732981413602829,0,0
25,RIGHT_ELBOW,0.3905181288719177,0.6123955249786377,-0.158015176653862,0,0
25,LEFT_WRIST,0.47176966071128845,0.5743848085403442,-0.02177218161523342,0,0
25,RIGHT_WRIST,0.4254116415977478,0.5964994430541992,-0.19558855891227722,0,0
25,LEFT_PINKY,0.4810534715652466,0.5661146640777588,-0.034111056476831436,0,0
25,RIGHT_PINKY,0.43459028005599976,0.5967031717300415,-0.21301235258579254,0,0
25,LEFT_INDEX,0.48137861490249634,0.5657157897949219,-0.03647651523351669,0,0
25,RIGHT_INDEX,0.4361479580402374,0.59160977602005,-0.2079990655183792,0,0
25,LEFT_THUMB,0.47769320011138916,0.5697641372680664,-0.026349462568759918,0,0
25,RIGHT_THUMB,0.43394890427589417,0.5921842455863953,-0.19314855337142944,0,0
25,LEFT_HIP,0.3926248550415039,0.711728572845459,0.05374382808804512,0,0
25,RIGHT_HIP,0.39538276195526123,0.7129275798797607,-0.05377086251974106,0,0
25,LEFT_KNEE,0.39014607667922974,0.7972615361213684,0.06053014472126961,0,0
25,RIGHT_KNEE,0.43416157364845276,0.7862709760665894,-0.07705962657928467,0,0
25,LEFT_ANKLE,0.36083629727363586,0.8815466165542603,0.07308854162693024,0,0
25,RIGHT_ANKLE,0.44877156615257263,0.8881735801696777,-0.08429106324911118,0,0
25,LEFT_HEEL,0.35340067744255066,0.8959603309631348,0.07215698808431625,0,0
25,RIGHT_HEEL,0.44571831822395325,0.9108718037605286,-0.08703593909740448,0,0
25,LEFT_FOOT_INDEX,0.3743443191051483,0.8946290016174316,0.04631625488400459,0,0
25,RIGHT_FOOT_INDEX,0.4743153750896454,0.8859782814979553,-0.12533746659755707,0,0
26,NOSE,0.4357372522354126,0.5615260601043701,-0.018403522670269012,0,0
26,LEFT_EYE_INNER,0.43495452404022217,0.5521478652954102,-0.007831854745745659,0,0
26,LEFT_EYE,0.43471845984458923,0.5514694452285767,-0.007808984722942114,0,0
26,LEFT_EYE_OUTER,0.4343547821044922,0.5506420731544495,-0.007777293212711811,0,0
26,RIGHT_EYE_INNER,0.4337236285209656,0.5520893335342407,-0.024934696033596992,0,0
26,RIGHT_EYE,0.4327268898487091,0.5513780117034912,-0.024941813200712204,0,0
26,RIGHT_EYE_OUTER,0.43161019682884216,0.5505078434944153,-0.024962015450000763,0,0
26,LEFT_EAR,0.42829427123069763,0.5492014288902283,0.04126649349927902,0,0
26,RIGHT_EAR,0.4242662191390991,0.5495467782020569,-0.037050314247608185,0,0
26,MOUTH_LEFT,0.4336317479610443,0.5674030780792236,0.0008567445329390466,0,0
26,MOUTH_RIGHT,0.4319508373737335,0.5678146481513977,-0.02174362912774086,0,0
26,LEFT_SHOULDER,0.42631620168685913,0.5870858430862427,0.09308508783578873,0,0
26,RIGHT_SHOULDER,0.3976649343967438,0.583922803401947,-0.07191459834575653,0,0
26,LEFT_ELBOW,0.4531916081905365,0.6058663129806519,0.11193440854549408,0,0
26,RIGHT_ELBOW,0.3807932436466217,0.6102799773216248,-0.16638804972171783,0,0
26,LEFT_WRIST,0.4728240370750427,0.5934118628501892,0.08124823123216629,0,0
26,RIGHT_WRIST,0.41896146535873413,0.5993980765342712,-0.21722544729709625,0,0
26,LEFT_PINKY,0.4826571047306061,0.5875144600868225,0.08106318861246109,0,0
26,RIGHT_PINKY,0.4273618757724762,0.5996270179748535,-0.23523622751235962,0,0
26,LEFT_INDEX,0.4819205701351166,0.5834490060806274,0.07381394505500793,0,0
26,RIGHT_INDEX,0.42929983139038086,0.5942186713218689,-0.2272752821445465,0,0
26,LEFT_THUMB,0.4785344898700714,0.584894061088562,0.07669007778167725,0,0
26,RIGHT_THUMB,0.42710795998573303,0.5949921607971191,-0.21358618140220642,0,0
26,LEFT_HIP,0.39839115738868713,0.7111591100692749,0.053787801414728165,0,0
26,RIGHT_HIP,0.3941989839076996,0.7120289206504822,-0.053802359849214554,0,0
26,LEFT_KNEE,0.3904005289077759,0.7975011467933655,0.0668661892414093,0,0
26,RIGHT_KNEE,0.43103498220443726,0.7884341478347778,-0.0880335345864296,0,0
26,LEFT_ANKLE,0.360769659280777,0.881657063961029,0.09089339524507523,0,0
26,RIGHT_ANKLE,0.4508011043071747,0.8877127170562744,-0.10519317537546158,0,0
26,LEFT_HEEL,0.3531668484210968,0.8959817290306091,0.09117569029331207,0,0
26,RIGHT_HEEL,0.4478265345096588,0.9117039442062378,-0.1093970313668251,0,0
26,LEFT_FOOT_INDEX,0.37413012981414795,0.8960480690002441,0.06510452181100845,0,0
26,RIGHT_FOOT_INDEX,0.47447672486305237,0.8841254115104675,-0.15473411977291107,0,0
27,NOSE,0.43620145320892334,0.5620596408843994,-0.016481347382068634,0,0
27,LEFT_EYE_INNER,0.4355221092700958,0.5529681444168091,-0.005634668283164501,0,0
27,LEFT_EYE,0.4353351294994354,0.5523672103881836,-0.005613475572317839,0,0
27,LEFT_EYE_OUTER,0.4350331127643585,0.5516014695167542,-0.0055798375979065895,0,0
27,RIGHT_EYE_INNER,0.4342813789844513,0.5527283549308777,-0.02260846272110939,0,0
27,RIGHT_EYE,0.4333166480064392,0.5519591569900513,-0.022617053240537643,0,0
27,RIGHT_EYE_OUTER,0.4322192966938019,0.5510129928588867,-0.022634204477071762,0,0
27,LEFT_EAR,0.4290890693664551,0.5499494075775146,0.0433976836502552,0,0
27,RIGHT_EAR,0.42506423592567444,0.549615740776062,-0.03398489952087402,0,0
27,MOUTH_LEFT,0.4341684579849243,0.5678877234458923,0.002934781601652503,0,0
27,MOUTH_RIGHT,0.4323398172855377,0.5680111050605774,-0.019434845075011253,0,0
27,LEFT_SHOULDER,0.4277820587158203,0.5889673233032227,0.09272174537181854,0,0
27,RIGHT_SHOULDER,0.3960455060005188,0.5841315388679504,-0.07014100253582001,0,0
27,LEFT_ELBOW,0.45400121808052063,0.6107346415519714,0.09804227948188782,0,0
27,RIGHT_ELBOW,0.38024038076400757,0.6095701456069946,-0.16068707406520844,0,0
27,LEFT_WRIST,0.4735736846923828,0.598724365234375,0.045246291905641556,0,0
27,RIGHT_WRIST,0.4185589551925659,0.6000977158546448,-0.20871694386005402,0,0
27,LEFT_PINKY,0.48358944058418274,0.5929898023605347,0.04081649333238602,0,0
27,RIGHT_PINKY,0.42708733677864075,0.6004066467285156,-0.2260752171278,0,0
27,LEFT_INDEX,0.48255640268325806,0.5881445407867432,0.03475344181060791,0,0
27,RIGHT_INDEX,0.429189532995224,0.5956085920333862,-0.2189096063375473,0,0
27,LEFT_THUMB,0.47915422916412354,0.5893240571022034,0.04031019285321236,0,0
27,RIGHT_THUMB,0.4269527792930603,0.5962695479393005,-0.20525775849819183,0,0
27,LEFT_HIP,0.40032848715782166,0.7110230922698975,0.053537968546152115,0,0
27,RIGHT_HIP,0.39319562911987305,0.7115544080734253,-0.053528379648923874,0,0
27,LEFT_KNEE,0.3918614089488983,0.7975606322288513,0.06494254618883133,0,0
27,RIGHT_KNEE,0.43066826462745667,0.7893618941307068,-0.08905381709337234,0,0
27,LEFT_ANKLE,0.3607679307460785,0.8814521431922913,0.08847875893115997,0,0
27,RIGHT_ANKLE,0.45136818289756775,0.8886100649833679,-0.10661658644676208,0,0
27,LEFT_HEEL,0.35299545526504517,0.8958665132522583,0.08858063071966171,0,0
27,RIGHT_HEEL,0.4484257996082306,0.9124130606651306,-0.11069639027118683,0,0
27,LEFT_FOOT_INDEX,0.3741881549358368,0.896210253238678,0.06134514883160591,0,0
27,RIGHT_FOOT_INDEX,0.47438734769821167,0.8829716444015503,-0.15491952002048492,0,0
28,NOSE,0.4391884505748749,0.562690258026123,-0.023546872660517693,0,0
28,LEFT_EYE_INNER,0.4378252327442169,0.5536960959434509,-0.013549942523241043,0,0
28,LEFT_EYE,0.43752190470695496,0.5530965924263,-0.01352560892701149,0,0
28,LEFT_EYE_OUTER,0.4371153712272644,0.5523350834846497,-0.013489923439919949,0,0
28,RIGHT_EYE_INNER,0.4366905987262726,0.5536406636238098,-0.02988693118095398,0,0
28,RIGHT_EYE,0.43565452098846436,0.5530173182487488,-0.02989121526479721,0,0
28,RIGHT_EYE_OUTER,0.4345457851886749,0.5522571802139282,-0.029898233711719513,0,0
28,LEFT_EAR,0.4309775233268738,0.5507789850234985,0.03490370884537697,0,0
28,RIGHT_EAR,0.42768731713294983,0.5508792996406555,-0.039946701377630234,0,0
28,MOUTH_LEFT,0.4375174641609192,0.5683047771453857,-0.004142846912145615,0,0
28,MOUTH_RIGHT,0.43580472469329834,0.5684677958488464,-0.025771567597985268,0,0
28,LEFT_SHOULDER,0.4293535053730011,0.5895470976829529,0.08349217474460602,0,0
28,RIGHT_SHOULDER,0.3978610932826996,0.5846284627914429,-0.06966378539800644,0,0
28,LEFT_ELBOW,0.45537203550338745,0.6106640100479126,0.10991020500659943,0,0
28,RIGHT_ELBOW,0.3787838816642761,0.609651505947113,-0.16014966368675232,0,0
28,LEFT_WRIST,0.4747626483440399,0.6100425124168396,0.08149420469999313,0,0
28,RIGHT_WRIST,0.41566208004951477,0.6016220450401306,-0.21338582038879395,0,0
28,LEFT_PINKY,0.48277547955513,0.6089978814125061,0.08161935955286026,0,0
28,RIGHT_PINKY,0.42341774702072144,0.6058986783027649,-0.2306261956691742,0,0
28,LEFT_INDEX,0.4830460250377655,0.6047537326812744,0.0726211816072464,0,0
28,RIGHT_INDEX,0.4259227514266968,0.6015881299972534,-0.22385123372077942,0,0
28,LEFT_THUMB,0.4797816276550293,0.6064469814300537,0.07643664628267288,0,0
28,RIGHT_THUMB,0.42408475279808044,0.6011099815368652,-0.2102038562297821,0,0
28,LEFT_HIP,0.3999602198600769,0.7115743160247803,0.05139503255486488,0,0
28,RIGHT_HIP,0.3936227858066559,0.7124298214912415,-0.05139433220028877,0,0
28,LEFT_KNEE,0.39231839776039124,0.7977873682975769,0.06608375161886215,0,0
28,RIGHT_KNEE,0.4309629201889038,0.7910500764846802,-0.08887536823749542,0,0
28,LEFT_ANKLE,0.3607368469238281,0.8814485669136047,0.08698104321956635,0,0
28,RIGHT_ANKLE,0.4502171277999878,0.8898289799690247,-0.09648461639881134,0,0
28,LEFT_HEEL,0.35281136631965637,0.8958941698074341,0.08701168745756149,0,0
28,RIGHT_HEEL,0.44678542017936707,0.9124894738197327,-0.10120332986116409,0,0
28,LEFT_FOOT_INDEX,0.3741503357887268,0.8961889743804932,0.06377214938402176,0,0
28,RIGHT_FOOT_INDEX,0.4707365334033966,0.8905779719352722,-0.1352340430021286,0,0
29,NOSE,0.44282135367393494,0.5649856925010681,-0.02589559182524681,0,0
29,LEFT_EYE_INNER,0.4409802258014679,0.5559577345848083,-0.01598508097231388,0,0
29,LEFT_EYE,0.44056636095046997,0.5551732778549194,-0.0159598421305418,0,0
29,LEFT_EYE_OUTER,0.4400927424430847,0.554248571395874,-0.0159250907599926,0,0
29,RIGHT_EYE_INNER,0.44019851088523865,0.556257963180542,-0.03264785185456276,0,0
29,RIGHT_EYE,0.43928760290145874,0.5556923747062683,-0.03264985978603363,0,0
29,RIGHT_EYE_OUTER,0.43823620676994324,0.5549712777137756,-0.03264899179339409,0,0
29,LEFT_EAR,0.4337135851383209,0.5522855520248413,0.030438756570219994,0,0
29,RIGHT_EAR,0.4310433566570282,0.5529997944831848,-0.046131741255521774,0,0
29,MOUTH_LEFT,0.4408353865146637,0.5696802735328674,-0.007321580313146114,0,0
29,MOUTH_RIGHT,0.43984726071357727,0.5698325037956238,-0.029484333470463753,0,0
29,LEFT_SHOULDER,0.43147802352905273,0.5900355577468872,0.07938678562641144,0,0
29,RIGHT_SHOULDER,0.39963945746421814,0.5847291946411133,-0.07206491380929947,0,0
29,LEFT_ELBOW,0.45563802123069763,0.6113656163215637,0.12177724391222,0,0
29,RIGHT_ELBOW,0.37759003043174744,0.6090869903564453,-0.1601058542728424,0,0
29,LEFT_WRIST,0.47651293873786926,0.625270664691925,0.12361574172973633,0,0
29,RIGHT_WRIST,0.4127883017063141,0.6160995960235596,-0.2155488282442093,0,0
29,LEFT_PINKY,0.484171599149704,0.6276792287826538,0.12972335517406464,0,0
29,RIGHT_PINKY,0.4210156798362732,0.6196485757827759,-0.23302671313285828,0,0
29,LEFT_INDEX,0.48505526781082153,0.6243481636047363,0.11586310714483261,0,0
29,RIGHT_INDEX,0.42391520738601685,0.6157803535461426,-0.22602254152297974,0,0
29,LEFT_THUMB,0.4819464385509491,0.6245531439781189,0.11766473203897476,0,0
29,RIGHT_THUMB,0.42246028780937195,0.6146923899650574,-0.21228890120983124,0,0
29,LEFT_HIP,0.39878585934638977,0.7117012143135071,0.050694286823272705,0,0
29,RIGHT_HIP,0.39867642521858215,0.7136765122413635,-0.050699491053819656,0,0
29,LEFT_KNEE,0.39208337664604187,0.7996842265129089,0.07239262014627457,0,0
29,RIGHT_KNEE,0.4331880509853363,0.791231632232666,-0.0856422483921051,0,0
29,LEFT_ANKLE,0.3607649505138397,0.8813635110855103,0.10762779414653778,0,0
29,RIGHT_ANKLE,0.4509144425392151,0.8906210064888,-0.09296093881130219,0,0
29,LEFT_HEEL,0.35288530588150024,0.8954577445983887,0.10869495570659637,0,0
29,RIGHT_HEEL,0.4468511939048767,0.912996768951416,-0.09637569636106491,0,0
29,LEFT_FOOT_INDEX,0.37406274676322937,0.8961902260780334,0.08513498306274414,0,0
29,RIGHT_FOOT_INDEX,0.4703482687473297,0.893986701965332,-0.13023559749126434,0,0
30,NOSE,0.4465720057487488,0.5654656291007996,-0.024683326482772827,0,0
30,LEFT_EYE_INNER,0.44425201416015625,0.5559172034263611,-0.014838050119578838,0,0
30,LEFT_EYE,0.44370409846305847,0.5552465915679932,-0.014806443825364113,0,0
30,LEFT_EYE_OUTER,0.4430573284626007,0.5544315576553345,-0.014772607944905758,0,0
30,RIGHT_EYE_INNER,0.44367942214012146,0.5560182332992554,-0.03126022592186928,0,0
30,RIGHT_EYE,0.4427928328514099,0.5554477572441101,-0.03126249089837074,0,0
30,RIGHT_EYE_OUTER,0.441823810338974,0.5547515749931335,-0.03126654401421547,0,0
30,LEFT_EAR,0.4367132782936096,0.553531289100647,0.03151548281311989,0,0
30,RIGHT_EAR,0.4351290464401245,0.5537347793579102,-0.04400581866502762,0,0
30,MOUTH_LEFT,0.444164901971817,0.5711684823036194,-0.006012325640767813,0,0
30,MOUTH_RIGHT,0.44333410263061523,0.5709339380264282,-0.027912558987736702,0,0
30,LEFT_SHOULDER,0.4332687258720398,0.5916265249252319,0.08459338545799255,0,0
30,RIGHT_SHOULDER,0.40726038813591003,0.5861417651176453,-0.07473984360694885,0,0
30,LEFT_ELBOW,0.4559762179851532,0.61787348985672,0.15626457333564758,0,0
30,RIGHT_ELBOW,0.38300463557243347,0.6112804412841797,-0.16740663349628448,0,0
30,LEFT_WRIST,0.4777900278568268,0.6376391649246216,0.1787407249212265,0,0
30,RIGHT_WRIST,0.414332777261734,0.630724310874939,-0.23093584179878235,0,0
30,LEFT_PINKY,0.4847712218761444,0.6411061882972717,0.19020015001296997,0,0
30,RIGHT_PINKY,0.421722948551178,0.637153148651123,-0.2498863786458969,0,0
30,LEFT_INDEX,0.48500239849090576,0.6408626437187195,0.17544524371623993,0,0
30,RIGHT_INDEX,0.4249866306781769,0.6335420608520508,-0.2434520572423935,0,0
30,LEFT_THUMB,0.4818214476108551,0.6397823691368103,0.173410564661026,0,0
30,RIGHT_THUMB,0.4236714541912079,0.6318569183349609,-0.22823572158813477,0,0
30,LEFT_HIP,0.3981381058692932,0.7127897143363953,0.05118967592716217,0,0
30,RIGHT_HIP,0.40488988161087036,0.7174801230430603,-0.05122121796011925,0,0
30,LEFT_KNEE,0.39203402400016785,0.8004202246665955,0.07284209877252579,0,0
30,RIGHT_KNEE,0.43875110149383545,0.7912805676460266,-0.08294727653265,0,0
30,LEFT_ANKLE,0.3607570230960846,0.8810858130455017,0.1066843792796135,0,0
30,RIGHT_ANKLE,0.4516292214393616,0.8910066485404968,-0.08195075392723083,0,0
30,LEFT_HEEL,0.3528931438922882,0.8953450918197632,0.10753419250249863,0,0
30,RIGHT_HEEL,0.44667014479637146,0.912996768951416,-0.08418333530426025,0,0
30,LEFT_FOOT_INDEX,0.374171644449234,0.8961852788925171,0.08442621678113937,0,0
30,RIGHT_FOOT_INDEX,0.47083795070648193,0.8956778645515442,-0.1187925711274147,0,0
31,NOSE,0.450345903635025,0.5664767026901245,-0.02496594749391079,0,0
31,LEFT_EYE_INNER,0.44764915108680725,0.556618869304657,-0.01629008911550045,0,0
31,LEFT_EYE,0.4468449354171753,0.5559715032577515,-0.016259748488664627,0,0
31,LEFT_EYE_OUTER,0.44597381353378296,0.5551963448524475,-0.01623052917420864,0,0
31,RIGHT_EYE_INNER,0.4477471113204956,0.5566040873527527,-0.0316762775182724,0,0
31,RIGHT_EYE,0.4471021890640259,0.5560048818588257,-0.031682197004556656,0,0
31,RIGHT_EYE_OUTER,0.44636639952659607,0.5553078055381775,-0.03169293701648712,0,0
31,LEFT_EAR,0.4395909607410431,0.5551032423973083,0.02684848941862583,0,0
31,RIGHT_EAR,0.4403710663318634,0.5551254749298096,-0.044062063097953796,0,0
31,MOUTH_LEFT,0.4473520815372467,0.572895348072052,-0.007306635845452547,0,0
31,MOUTH_RIGHT,0.44726765155792236,0.5726508498191833,-0.02790895849466324,0,0
31,LEFT_SHOULDER,0.43138787150382996,0.5914422273635864,0.08266797661781311,0,0
31,RIGHT_SHOULDER,0.41985270380973816,0.5875948071479797,-0.07431673258543015,0,0
31,LEFT_ELBOW,0.451967716217041,0.6169762015342712,0.15946751832962036,0,0
31,RIGHT_ELBOW,0.3848450481891632,0.6130092144012451,-0.16205666959285736,0,0
31,LEFT_WRIST,0.47262686491012573,0.6337741613388062,0.19295698404312134,0,0
31,RIGHT_WRIST,0.4190010130405426,0.6448245644569397,-0.22556112706661224,0,0
31,LEFT_PINKY,0.4773326814174652,0.6393030881881714,0.20420365035533905,0,0
31,RIGHT_PINKY,0.42562898993492126,0.6543666124343872,-0.24459296464920044,0,0
31,LEFT_INDEX,0.4781337082386017,0.6408159732818604,0.1898481547832489,0,0
31,RIGHT_INDEX,0.4289577305316925,0.6505237817764282,-0.23760154843330383,0,0
31,LEFT_THUMB,0.4760163128376007,0.6390627026557922,0.18829086422920227,0,0
31,RIGHT_THUMB,0.42771676182746887,0.6476499438285828,-0.22242583334445953,0,0
31,LEFT_HIP,0.3977866470813751,0.7137907147407532,0.05142353102564812,0,0
31,RIGHT_HIP,0.41082435846328735,0.7204781174659729,-0.05144958198070526,0,0
31,LEFT_KNEE,0.3920183479785919,0.8004029393196106,0.06248892843723297,0,0
31,RIGHT_KNEE,0.4421907365322113,0.7914122343063354,-0.06875215470790863,0,0
31,LEFT_ANKLE,0.3605976700782776,0.8808683156967163,0.07466193288564682,0,0
31,RIGHT_ANKLE,0.45239341259002686,0.8913019895553589,-0.0739041119813919,0,0
31,LEFT_HEEL,0.35295233130455017,0.8950878977775574,0.07412870228290558,0,0
31,RIGHT_HEEL,0.4467118978500366,0.9130370020866394,-0.07613534480333328,0,0
31,LEFT_FOOT_INDEX,0.3738490045070648,0.8961423635482788,0.054373420774936676,0,0
31,RIGHT_FOOT_INDEX,0.4722137451171875,0.8967187404632568,-0.10429145395755768,0,0
32,NOSE,0.4532370865345001,0.5661765336990356,0.0007996106869541109,0,0
32,LEFT_EYE_INNER,0.45111531019210815,0.5561971664428711,0.007456223014742136,0,0
32,LEFT_EYE,0.45018479228019714,0.5555304884910583,0.0074808415956795216,0,0
32,LEFT_EYE_OUTER,0.44920969009399414,0.5547496676445007,0.0074910265393555164,0,0
32,RIGHT_EYE_INNER,0.4516380727291107,0.5562456846237183,-0.008771114982664585,0,0
32,RIGHT_EYE,0.45118796825408936,0.5556797981262207,-0.008776089176535606,0,0
32,RIGHT_EYE_OUTER,0.4506154954433441,0.5550238490104675,-0.008794734254479408,0,0
32,LEFT_EAR,0.4425504505634308,0.554792582988739,0.04162190482020378,0,0
32,RIGHT_EAR,0.4445914328098297,0.5551638603210449,-0.03263548016548157,0,0
32,MOUTH_LEFT,0.4500788152217865,0.5726432800292969,0.015512613579630852,0,0
32,MOUTH_RIGHT,0.4503556191921234,0.5724052786827087,-0.00621764687821269,0,0
32,LEFT_SHOULDER,0.43013671040534973,0.5912720561027527,0.09718738496303558,0,0
32,RIGHT_SHOULDER,0.42771586775779724,0.5898104906082153,-0.07090280950069427,0,0
32,LEFT_ELBOW,0.43890056014060974,0.6386241912841797,0.16740621626377106,0,0
32,RIGHT_ELBOW,0.40549173951148987,0.625074028968811,-0.15975917875766754,0,0
32,LEFT_WRIST,0.4697090685367584,0.6519452929496765,0.1855616420507431,0,0
32,RIGHT_WRIST,0.4299330413341522,0.6638134121894836,-0.21481367945671082,0,0
32,LEFT_PINKY,0.47600889205932617,0.6573862433433533,0.19434182345867157,0,0
32,RIGHT_PINKY,0.4340648651123047,0.6731410026550293,-0.23397597670555115,0,0
32,LEFT_INDEX,0.4773346483707428,0.656690776348114,0.1788863241672516,0,0
32,RIGHT_INDEX,0.43854618072509766,0.669695258140564,-0.22642211616039276,0,0
32,LEFT_THUMB,0.4749463200569153,0.6549002528190613,0.17978137731552124,0,0
32,RIGHT_THUMB,0.43840456008911133,0.6660985946655273,-0.21157260239124298,0,0
32,LEFT_HIP,0.39885374903678894,0.7141083478927612,0.051585786044597626,0,0
32,RIGHT_HIP,0.4151596426963806,0.7210226655006409,-0.05161672458052635,0,0
32,LEFT_KNEE,0.39196479320526123,0.8001800775527954,0.04959268122911453,0,0
32,RIGHT_KNEE,0.4460611045360565,0.7918981313705444,-0.04546855017542839,0,0
32,LEFT_ANKLE,0.36004289984703064,0.8808974623680115,0.04737347736954689,0,0
32,RIGHT_ANKLE,0.4526621997356415,0.8914099335670471,-0.04660962149500847,0,0
32,LEFT_HEEL,0.3531162142753601,0.8950906991958618,0.04563108831644058,0,0
32,RIGHT_HEEL,0.4462701380252838,0.9131137728691101,-0.047905802726745605,0,0
32,LEFT_FOOT_INDEX,0.3721780776977539,0.895965576171875,0.024102073162794113,0,0
32,RIGHT_FOOT_INDEX,0.47202393412590027,0.8973067402839661,-0.07147272676229477,0,0
33,NOSE,0.4545999765396118,0.5661411285400391,0.0035823271609842777,0,0
33,LEFT_EYE_INNER,0.45247092843055725,0.5560490489006042,0.010236683301627636,0,0
33,LEFT_EYE,0.4516201317310333,0.5553826093673706,0.010265982709825039,0,0
33,LEFT_EYE_OUTER,0.45065438747406006,0.5546079277992249,0.010269868187606335,0,0
33,RIGHT_EYE_INNER,0.4529517889022827,0.5561714768409729,-0.005922597832977772,0,0
33,RIGHT_EYE,0.45246562361717224,0.5556609630584717,-0.005924897268414497,0,0
33,RIGHT_EYE_OUTER,0.4518449604511261,0.5550674796104431,-0.005945408716797829,0,0
33,LEFT_EAR,0.44376179575920105,0.5549313426017761,0.04360558092594147,0,0
33,RIGHT_EAR,0.44602543115615845,0.5555376410484314,-0.03034084662795067,0,0
33,MOUTH_LEFT,0.45133647322654724,0.5726754069328308,0.018079010769724846,0,0
33,MOUTH_RIGHT,0.4514760375022888,0.5725635290145874,-0.0035195632372051477,0,0
33,LEFT_SHOULDER,0.4296637177467346,0.5915688872337341,0.09974256902933121,0,0
33,RIGHT_SHOULDER,0.42977675795555115,0.5905436873435974,-0.07015086710453033,0,0
33,LEFT_ELBOW,0.43160971999168396,0.6412444710731506,0.16928008198738098,0,0
33,RIGHT_ELBOW,0.4085072875022888,0.6283171772956848,-0.15546780824661255,0,0
33,LEFT_WRIST,0.46590086817741394,0.6528252959251404,0.19224834442138672,0,0
33,RIGHT_WRIST,0.431318074464798,0.6654212474822998,-0.2188691347837448,0,0
33,LEFT_PINKY,0.47329550981521606,0.6562228798866272,0.20242269337177277,0,0
33,RIGHT_PINKY,0.43598371744155884,0.6751899719238281,-0.23813901841640472,0,0
33,LEFT_INDEX,0.47532418370246887,0.6553948521614075,0.18779730796813965,0,0
33,RIGHT_INDEX,0.4406702220439911,0.6715158820152283,-0.22989153861999512,0,0
33,LEFT_THUMB,0.47254082560539246,0.6535974144935608,0.18691013753414154,0,0
33,RIGHT_THUMB,0.4402323365211487,0.6682090759277344,-0.21543796360492706,0,0
33,LEFT_HIP,0.39907363057136536,0.7155611515045166,0.05170750617980957,0,0
33,RIGHT_HIP,0.4160727560520172,0.7217930555343628,-0.051727864891290665,0,0
33,LEFT_KNEE,0.3918898403644562,0.7998530268669128,0.05548005923628807,0,0
33,RIGHT_KNEE,0.44704103469848633,0.7919740676879883,-0.049212291836738586,0,0
33,LEFT_ANKLE,0.3599783778190613,0.8809149265289307,0.059007856994867325,0,0
33,RIGHT_ANKLE,0.45321691036224365,0.8915784955024719,-0.05015810579061508,0,0
33,LEFT_HEEL,0.3531498908996582,0.89511638879776,0.057745561003685,0,0
33,RIGHT_HEEL,0.44653621315956116,0.9131707549095154,-0.05142728239297867,0,0
33,LEFT_FOOT_INDEX,0.37218379974365234,0.8953981399536133,0.03737310692667961,0,0
33,RIGHT_FOOT_INDEX,0.4722946286201477,0.8977951407432556,-0.07474608719348907,0,0
34,NOSE,0.45741063356399536,0.5660824179649353,0.020082976669073105,0,0
34,LEFT_EYE_INNER,0.455374151468277,0.5558897852897644,0.024691713973879814,0,0
34,LEFT_EYE,0.4544655978679657,0.5552188158035278,0.024697253480553627,0,0
34,LEFT_EYE_OUTER,0.453530490398407,0.5544513463973999,0.024693956598639488,0,0
34,RIGHT_EYE_INNER,0.45611676573753357,0.5560945272445679,0.007624570745974779,0,0
34,RIGHT_EYE,0.4557657539844513,0.5556484460830688,0.007626981474459171,0,0
34,RIGHT_EYE_OUTER,0.4553207457065582,0.5551589131355286,0.007591909263283014,0,0
34,LEFT_EAR,0.44691047072410583,0.5549231171607971,0.047988928854465485,0,0
34,RIGHT_EAR,0.4496992826461792,0.5562222599983215,-0.029186423867940903,0,0
34,MOUTH_LEFT,0.45407697558403015,0.5726825594902039,0.030919790267944336,0,0
34,MOUTH_RIGHT,0.4544621706008911,0.5725852251052856,0.008257525973021984,0,0
34,LEFT_SHOULDER,0.429202675819397,0.5914438366889954,0.09976649284362793,0,0
34,RIGHT_SHOULDER,0.436491459608078,0.5941627621650696,-0.07582195848226547,0,0
34,LEFT_ELBOW,0.41896551847457886,0.6462435722351074,0.15901455283164978,0,0
34,RIGHT_ELBOW,0.422946959733963,0.6402609944343567,-0.1542900651693344,0,0
34,LEFT_WRIST,0.44816455245018005,0.6830124258995056,0.17074041068553925,0,0
34,RIGHT_WRIST,0.4452173113822937,0.6785390377044678,-0.21037103235721588,0,0
34,LEFT_PINKY,0.45139840245246887,0.6861497759819031,0.1801363080739975,0,0
34,RIGHT_PINKY,0.4519415497779846,0.6923868060112,-0.22997108101844788,0,0
34,LEFT_INDEX,0.45819398760795593,0.6902657747268677,0.16525453329086304,0,0
34,RIGHT_INDEX,0.4549921452999115,0.6869907975196838,-0.22058172523975372,0,0
34,LEFT_THUMB,0.4559599757194519,0.6880042552947998,0.16502217948436737,0,0
34,RIGHT_THUMB,0.45348840951919556,0.6825762391090393,-0.20667675137519836,0,0
34,LEFT_HIP,0.4005228579044342,0.716568112373352,0.05187053233385086,0,0
34,RIGHT_HIP,0.4203629791736603,0.7236068844795227,-0.051885902881622314,0,0
34,LEFT_KNEE,0.39185765385627747,0.7990984320640564,0.053355567157268524,0,0
34,RIGHT_KNEE,0.4502834379673004,0.7920727729797363,-0.03035549446940422,0,0
34,LEFT_ANKLE,0.35981252789497375,0.8809725046157837,0.05926400050520897,0,0
34,RIGHT_ANKLE,0.45367103815078735,0.8918503522872925,-0.008143197745084763,0,0
34,LEFT_HEEL,0.3531757593154907,0.8957012891769409,0.058913640677928925,0,0
34,RIGHT_HEEL,0.44644895195961,0.9129527807235718,-0.006718241609632969,0,0
34,LEFT_FOOT_INDEX,0.37203460931777954,0.8945055603981018,0.04065757244825363,0,0
34,RIGHT_FOOT_INDEX,0.47268423438072205,0.8982933759689331,-0.022563938051462173,0,0
35,NOSE,0.4608462154865265,0.5665184259414673,0.03750498592853546,0,0
35,LEFT_EYE_INNER,0.45928895473480225,0.5558924078941345,0.038329463452100754,0,0
35,LEFT_EYE,0.4582328498363495,0.5551535487174988,0.038345806300640106,0,0
35,LEFT_EYE_OUTER,0.4570816159248352,0.5543480515480042,0.03833988681435585,0,0
35,RIGHT_EYE_INNER,0.4607543349266052,0.5565299987792969,0.024958765134215355,0,0
35,RIGHT_EYE,0.4608015716075897,0.5563293695449829,0.024968070909380913,0,0
35,RIGHT_EYE_OUTER,0.4607280492782593,0.5561380982398987,0.024932922795414925,0,0
35,LEFT_EAR,0.45138755440711975,0.5548004508018494,0.0471651554107666,0,0
35,RIGHT_EAR,0.45625177025794983,0.557617723941803,-0.01705949194729328,0,0
35,MOUTH_LEFT,0.4569726884365082,0.572666347026825,0.04204149544239044,0,0
35,MOUTH_RIGHT,0.45849141478538513,0.573275089263916,0.0243015605956316,0,0
35,LEFT_SHOULDER,0.42476513981819153,0.5891073942184448,0.07941616326570511,0,0
35,RIGHT_SHOULDER,0.44801175594329834,0.5988806486129761,-0.071170374751091,0,0
35,LEFT_ELBOW,0.40091437101364136,0.63121497631073,0.15633556246757507,0,0
35,RIGHT_ELBOW,0.4388416111469269,0.6559205651283264,-0.11906878650188446,0,0
35,LEFT_WRIST,0.4171689450740814,0.6585783958435059,0.22691181302070618,0,0
35,RIGHT_WRIST,0.46492964029312134,0.7014612555503845,-0.1380600482225418,0,0
35,LEFT_PINKY,0.4179796278476715,0.6607815623283386,0.24331647157669067,0,0
35,RIGHT_PINKY,0.47126996517181396,0.7154108285903931,-0.14917904138565063,0,0
35,LEFT_INDEX,0.4230325520038605,0.6611154675483704,0.23354695737361908,0,0
35,RIGHT_INDEX,0.4739437997341156,0.7125766277313232,-0.14112092554569244,0,0
35,LEFT_THUMB,0.42241543531417847,0.6605558395385742,0.2251281589269638,0,0
35,RIGHT_THUMB,0.4719858467578888,0.7086073756217957,-0.13375577330589294,0,0
35,LEFT_HIP,0.4031064212322235,0.7163682579994202,0.051258113235235214,0,0
35,RIGHT_HIP,0.42533740401268005,0.7233728170394897,-0.05126294121146202,0,0
35,LEFT_KNEE,0.39122274518013,0.7971606850624084,0.04209341108798981,0,0
35,RIGHT_KNEE,0.4521743655204773,0.7921366095542908,-0.026371952146291733,0,0
35,LEFT_ANKLE,0.3596647083759308,0.8807684779167175,0.03897895663976669,0,0
35,RIGHT_ANKLE,0.4544549286365509,0.8918923139572144,-0.015018913894891739,0,0
35,LEFT_HEEL,0.3531906008720398,0.895646870136261,0.03813133016228676,0,0
35,RIGHT_HEEL,0.447588711977005,0.9126310348510742,-0.013964147306978703,0,0
35,LEFT_FOOT_INDEX,0.37205231189727783,0.8923669457435608,0.027930209413170815,0,0
35,RIGHT_FOOT_INDEX,0.4728955328464508,0.8990502953529358,-0.018804199993610382,0,0
36,NOSE,0.46224749088287354,0.5671535134315491,0.042257048189640045,0,0
36,LEFT_EYE_INNER,0.4604600965976715,0.5560262203216553,0.04240439459681511,0,0
36,LEFT_EYE,0.45943349599838257,0.5552310943603516,0.04242011532187462,0,0
36,LEFT_EYE_OUTER,0.4583243131637573,0.5543904900550842,0.04241720214486122,0,0
36,RIGHT_EYE_INNER,0.46184033155441284,0.55685955286026,0.02915576845407486,0,0
36,RIGHT_EYE,0.4618324935436249,0.5567348599433899,0.029166923835873604,0,0
36,RIGHT_EYE_OUTER,0.46170663833618164,0.5566349625587463,0.02912958338856697,0,0
36,LEFT_EAR,0.4525021016597748,0.5548810362815857,0.046712059527635574,0,0
36,RIGHT_EAR,0.45727333426475525,0.5583173036575317,-0.01453650277107954,0,0
36,MOUTH_LEFT,0.4584476053714752,0.5730292797088623,0.04612341895699501,0,0
36,MOUTH_RIGHT,0.45960965752601624,0.57387375831604,0.028558211401104927,0,0
36,LEFT_SHOULDER,0.4233303666114807,0.5881887078285217,0.07800082862377167,0,0
36,RIGHT_SHOULDER,0.44953230023384094,0.6000264883041382,-0.0688202828168869,0,0
36,LEFT_ELBOW,0.40002360939979553,0.6275486350059509,0.1571168154478073,0,0
36,RIGHT_ELBOW,0.440125972032547,0.6565036177635193,-0.11624912917613983,0,0
36,LEFT_WRIST,0.41603490710258484,0.6538037061691284,0.2307557910680771,0,0
36,RIGHT_WRIST,0.4661291837692261,0.70290607213974,-0.13638873398303986,0,0
36,LEFT_PINKY,0.417512446641922,0.6568978428840637,0.24716976284980774,0,0
36,RIGHT_PINKY,0.47288593649864197,0.7168896198272705,-0.14733447134494781,0,0
36,LEFT_INDEX,0.42268896102905273,0.656531572341919,0.2372322380542755,0,0
36,RIGHT_INDEX,0.4753883183002472,0.7139550447463989,-0.13908153772354126,0,0
36,LEFT_THUMB,0.42194265127182007,0.6561593413352966,0.2289220541715622,0,0
36,RIGHT_THUMB,0.47353649139404297,0.7100088596343994,-0.1319812536239624,0,0
36,LEFT_HIP,0.40385523438453674,0.7172331213951111,0.0513172522187233,0,0
36,RIGHT_HIP,0.42684903740882874,0.7246735095977783,-0.05132487043738365,0,0
36,LEFT_KNEE,0.39092496037483215,0.7966837286949158,0.04962526634335518,0,0
36,RIGHT_KNEE,0.45338934659957886,0.7921521663665771,-0.027171652764081955,0,0
36,LEFT_ANKLE,0.35957157611846924,0.8807737231254578,0.05378136783838272,0,0
36,RIGHT_ANKLE,0.45394954085350037,0.8921571969985962,-0.011626945808529854,0,0
36,LEFT_HEEL,0.35320091247558594,0.8956493139266968,0.05361667647957802,0,0
36,RIGHT_HEEL,0.4475994110107422,0.9126495718955994,-0.009784619323909283,0,0
36,LEFT_FOOT_INDEX,0.37157562375068665,0.8917049169540405,0.041484493762254715,0,0
36,RIGHT_FOOT_INDEX,0.47358009219169617,0.8995446562767029,-0.010496131144464016,0,0
37,NOSE,0.46300533413887024,0.5670670866966248,0.045181747525930405,0,0
37,LEFT_EYE_INNER,0.4610711634159088,0.5559542775154114,0.04546790197491646,0,0
37,LEFT_EYE,0.4600699543952942,0.5551731586456299,0.04548027738928795,0,0
37,LEFT_EYE_OUTER,0.4589821994304657,0.5543455481529236,0.045477259904146194,0,0
37,RIGHT_EYE_INNER,0.46239030361175537,0.5567622780799866,0.0319996252655983,0,0
37,RIGHT_EYE,0.462361603975296,0.5566402673721313,0.0320063941180706,0,0
37,RIGHT_EYE_OUTER,0.4622231423854828,0.5565426349639893,0.03196931257843971,0,0
37,LEFT_EAR,0.45310452580451965,0.5547983050346375,0.04821791872382164,0,0
37,RIGHT_EAR,0.45769545435905457,0.5581709742546082,-0.012459075078368187,0,0
37,MOUTH_LEFT,0.45927003026008606,0.5729313492774963,0.04893351346254349,0,0
37,MOUTH_RIGHT,0.4603780210018158,0.5738067030906677,0.031090078875422478,0,0
37,LEFT_SHOULDER,0.4228445291519165,0.5874152779579163,0.08063987642526627,0,0
37,RIGHT_SHOULDER,0.4497208595275879,0.6013621687889099,-0.06735552102327347,0,0
37,LEFT_ELBOW,0.39937371015548706,0.6244831085205078,0.16196927428245544,0,0
37,RIGHT_ELBOW,0.4404248893260956,0.6587464809417725,-0.11833816021680832,0,0
37,LEFT_WRIST,0.410040944814682,0.6497704982757568,0.23853351175785065,0,0
37,RIGHT_WRIST,0.46757814288139343,0.7054638862609863,-0.14442653954029083,0,0
37,LEFT_PINKY,0.413514643907547,0.6525431275367737,0.2553880512714386,0,0
37,RIGHT_PINKY,0.47408315539360046,0.7181536555290222,-0.15656957030296326,0,0
37,LEFT_INDEX,0.41853106021881104,0.6517254114151001,0.2455146759748459,0,0
37,RIGHT_INDEX,0.4763094484806061,0.7153775095939636,-0.14821745455265045,0,0
37,LEFT_THUMB,0.4181809723377228,0.6515334844589233,0.2368364781141281,0,0
37,RIGHT_THUMB,0.4743223190307617,0.7118655443191528,-0.1401224136352539,0,0
37,LEFT_HIP,0.40445247292518616,0.7175700664520264,0.05139892175793648,0,0
37,RIGHT_HIP,0.42699185013771057,0.725104033946991,-0.05140978842973709,0,0
37,LEFT_KNEE,0.3908431828022003,0.7965782284736633,0.044534195214509964,0,0
37,RIGHT_KNEE,0.4537988305091858,0.7922429442405701,-0.02955755591392517,0,0
37,LEFT_ANKLE,0.35952451825141907,0.8810022473335266,0.043445635586977005,0,0
37,RIGHT_ANKLE,0.454102098941803,0.8925244212150574,-0.01681068353354931,0,0
37,LEFT_HEEL,0.3532162308692932,0.895946204662323,0.04269097372889519,0,0
37,RIGHT_HEEL,0.4482237696647644,0.9126899838447571,-0.015583200380206108,0,0
37,LEFT_FOOT_INDEX,0.3706813454627991,0.8914793133735657,0.03248627483844757,0,0
37,RIGHT_FOOT_INDEX,0.4744494557380676,0.9002605676651001,-0.019873257726430893,0,0
38,NOSE,0.46237704157829285,0.5660110712051392,0.06263911724090576,0,0
38,LEFT_EYE_INNER,0.4607324004173279,0.555583655834198,0.05387501046061516,0,0
38,LEFT_EYE,0.4593947231769562,0.5546397566795349,0.05388297513127327,0,0
38,LEFT_EYE_OUTER,0.45800694823265076,0.5536503195762634,0.05387255176901817,0,0
38,RIGHT_EYE_INNER,0.46345338225364685,0.5567190051078796,0.047598131000995636,0,0
38,RIGHT_EYE,0.4640379250049591,0.5565466284751892,0.047628697007894516,0,0
38,RIGHT_EYE_OUTER,0.46452412009239197,0.556437611579895,0.04760615527629852,0,0
38,LEFT_EAR,0.45312148332595825,0.5539044737815857,0.02850952185690403,0,0
38,RIGHT_EAR,0.46201956272125244,0.5582944750785828,-0.0019412097753956914,0,0
38,MOUTH_LEFT,0.45867204666137695,0.5713714361190796,0.05630415305495262,0,0
38,MOUTH_RIGHT,0.46125364303588867,0.5730388164520264,0.048181675374507904,0,0
38,LEFT_SHOULDER,0.42228901386260986,0.5842694044113159,0.04919581860303879,0,0
38,RIGHT_SHOULDER,0.4613121747970581,0.6073319315910339,-0.05176238343119621,0,0
38,LEFT_ELBOW,0.39249059557914734,0.6136993765830994,0.11379298567771912,0,0
38,RIGHT_ELBOW,0.4654731750488281,0.6736795902252197,-0.0488165020942688,0,0
38,LEFT_WRIST,0.4060419499874115,0.6533256769180298,0.1765286922454834,0,0
38,RIGHT_WRIST,0.49309879541397095,0.722117006778717,-0.009843138046562672,0,0
38,LEFT_PINKY,0.40989354252815247,0.6649971008300781,0.19013270735740662,0,0
38,RIGHT_PINKY,0.49979421496391296,0.7360389828681946,-0.013194248080253601,0,0
38,LEFT_INDEX,0.41353839635849,0.6631175875663757,0.1842636615037918,0,0
38,RIGHT_INDEX,0.5021618604660034,0.7306523323059082,-0.008626461029052734,0,0
38,LEFT_THUMB,0.41225701570510864,0.658783495426178,0.17708967626094818,0,0
38,RIGHT_THUMB,0.4999009072780609,0.726137638092041,-0.005753522738814354,0,0
38,LEFT_HIP,0.4046372175216675,0.71535724401474,0.04305996373295784,0,0
38,RIGHT_HIP,0.4285454750061035,0.725043773651123,-0.04314713180065155,0,0
38,LEFT_KNEE,0.38851842284202576,0.7948470711708069,0.06553689390420914,0,0
38,RIGHT_KNEE,0.45429474115371704,0.7949240803718567,0.002527623437345028,0,0
38,LEFT_ANKLE,0.3595444858074188,0.8786418437957764,0.0972413718700409,0,0
38,RIGHT_ANKLE,0.45362937450408936,0.8925437927246094,0.04239626228809357,0,0
38,LEFT_HEEL,0.3530198931694031,0.8928030729293823,0.1011001244187355,0,0
38,RIGHT_HEEL,0.44801396131515503,0.9127689003944397,0.04726399853825569,0,0
38,LEFT_FOOT_INDEX,0.3710232973098755,0.8894252777099609,0.10470756143331528,0,0
38,RIGHT_FOOT_INDEX,0.47417449951171875,0.9002782702445984,0.056412119418382645,0,0
39,NOSE,0.4645209312438965,0.5654845833778381,0.06113937124609947,0,0
39,LEFT_EYE_INNER,0.463359534740448,0.5555652976036072,0.04937278479337692,0,0
39,LEFT_EYE,0.4618321359157562,0.5545779466629028,0.04935618117451668,0,0
39,LEFT_EYE_OUTER,0.46035176515579224,0.5536025166511536,0.04934142902493477,0,0
39,RIGHT_EYE_INNER,0.4672890901565552,0.5568611025810242,0.044627733528614044,0,0
39,RIGHT_EYE,0.46843117475509644,0.5570406913757324,0.04467137157917023,0,0
39,RIGHT_EYE_OUTER,0.4695090055465698,0.5573975443840027,0.04465867206454277,0,0
39,LEFT_EAR,0.4562162160873413,0.5540345907211304,0.011138305068016052,0,0
39,RIGHT_EAR,0.46913671493530273,0.5617339015007019,-0.00873585231602192,0,0
39,MOUTH_LEFT,0.4610247313976288,0.5706735849380493,0.05160365626215935,0,0
39,MOUTH_RIGHT,0.464923232793808,0.5729736685752869,0.044999901205301285,0,0
39,LEFT_SHOULDER,0.4231189489364624,0.5831692814826965,0.019470535218715668,0,0
39,RIGHT_SHOULDER,0.4730110168457031,0.6172095537185669,-0.05746380239725113,0,0
39,LEFT_ELBOW,0.3916761577129364,0.615119457244873,0.06342516839504242,0,0
39,RIGHT_ELBOW,0.4949226379394531,0.6646726131439209,-0.08030407130718231,0,0
39,LEFT_WRIST,0.4004925489425659,0.6617242693901062,0.10574088990688324,0,0
39,RIGHT_WRIST,0.5265524387359619,0.698938250541687,-0.08414368331432343,0,0
39,LEFT_PINKY,0.40221357345581055,0.6765053868293762,0.11381374299526215,0,0
39,RIGHT_PINKY,0.5329742431640625,0.7105896472930908,-0.09635934978723526,0,0
39,LEFT_INDEX,0.40626704692840576,0.6749025583267212,0.10514578223228455,0,0
39,RIGHT_INDEX,0.5348870158195496,0.7060806155204773,-0.08977623283863068,0,0
39,LEFT_THUMB,0.4060353636741638,0.6697697043418884,0.10485872626304626,0,0
39,RIGHT_THUMB,0.5325032472610474,0.7022427320480347,-0.08106683939695358,0,0
39,LEFT_HIP,0.4055347740650177,0.7148873209953308,0.03852582722902298,0,0
39,RIGHT_HIP,0.43105199933052063,0.7259799838066101,-0.03871588781476021,0,0
39,LEFT_KNEE,0.3842611312866211,0.7889575958251953,0.11903621256351471,0,0
39,RIGHT_KNEE,0.4553321599960327,0.7964929938316345,0.02438412979245186,0,0
39,LEFT_ANKLE,0.3599295914173126,0.8662213087081909,0.19228123128414154,0,0
39,RIGHT_ANKLE,0.4538004994392395,0.8930912017822266,0.07853349298238754,0,0
39,LEFT_HEEL,0.3543145954608917,0.8827940225601196,0.20074807107448578,0,0
39,RIGHT_HEEL,0.4482767879962921,0.9127203822135925,0.08524417877197266,0,0
39,LEFT_FOOT_INDEX,0.3697110712528229,0.8678314685821533,0.20905505120754242,0,0
39,RIGHT_FOOT_INDEX,0.4737600088119507,0.9002798199653625,0.09275276213884354,0,0
40,NOSE,0.4675880968570709,0.5654755234718323,0.08004877716302872,0,0
40,LEFT_EYE_INNER,0.4667949080467224,0.5558348894119263,0.06623836606740952,0,0
40,LEFT_EYE,0.4653316140174866,0.5547472834587097,0.06622667610645294,0,0
40,LEFT_EYE_OUTER,0.4639255702495575,0.5537441968917847,0.0662170872092247,0,0
40,RIGHT_EYE_INNER,0.4705677628517151,0.5580905079841614,0.0631089061498642,0,0
40,RIGHT_EYE,0.4717221260070801,0.5587828159332275,0.06313610821962357,0,0
40,RIGHT_EYE_OUTER,0.4728057086467743,0.5596219301223755,0.06310281902551651,0,0
40,LEFT_EAR,0.46032434701919556,0.5547690987586975,0.02071026898920536,0,0
40,RIGHT_EAR,0.47286880016326904,0.5655608177185059,0.005363261327147484,0,0
40,MOUTH_LEFT,0.4640354812145233,0.5706565380096436,0.0677221342921257,0,0
40,MOUTH_RIGHT,0.467714786529541,0.5731216073036194,0.06312315165996552,0,0
40,LEFT_SHOULDER,0.4285416007041931,0.5828070640563965,0.01857435517013073,0,0
40,RIGHT_SHOULDER,0.47460559010505676,0.6162399053573608,-0.02957543171942234,0,0
40,LEFT_ELBOW,0.3981233835220337,0.6190264225006104,0.052060194313526154,0,0
40,RIGHT_ELBOW,0.48977234959602356,0.6625681519508362,-0.011444504372775555,0,0
40,LEFT_WRIST,0.40485504269599915,0.6684761047363281,0.08318053185939789,0,0
40,RIGHT_WRIST,0.515120804309845,0.6547295451164246,0.05625651404261589,0,0
40,LEFT_PINKY,0.4057310223579407,0.6831634640693665,0.08988907188177109,0,0
40,RIGHT_PINKY,0.524348258972168,0.6611523032188416,0.05944347754120827,0,0
40,LEFT_INDEX,0.40976259112358093,0.6822249293327332,0.08234433084726334,0,0
40,RIGHT_INDEX,0.5239605903625488,0.6569904088973999,0.06607431173324585,0,0
40,LEFT_THUMB,0.4098496735095978,0.6765674352645874,0.08220745623111725,0,0
40,RIGHT_THUMB,0.5204815864562988,0.6544912457466125,0.06130887567996979,0,0
40,LEFT_HIP,0.40741366147994995,0.7137686014175415,0.027479594573378563,0,0
40,RIGHT_HIP,0.4340921938419342,0.7267029285430908,-0.027798602357506752,0,0
40,LEFT_KNEE,0.38265731930732727,0.7833113670349121,0.09426263719797134,0,0
40,RIGHT_KNEE,0.4557100534439087,0.7975659370422363,0.04337011277675629,0,0
40,LEFT_ANKLE,0.3596869111061096,0.8533864617347717,0.15119260549545288,0,0
40,RIGHT_ANKLE,0.454171359539032,0.8938604593276978,0.09628577530384064,0,0
40,LEFT_HEEL,0.3543246388435364,0.8712708950042725,0.15867766737937927,0,0
40,RIGHT_HEEL,0.44832858443260193,0.9127364158630371,0.10331473499536514,0,0
40,LEFT_FOOT_INDEX,0.365653395652771,0.8543243408203125,0.16375717520713806,0,0
40,RIGHT_FOOT_INDEX,0.4735862612724304,0.9002322554588318,0.107514388859272,0,0
41,NOSE,0.4710347354412079,0.5654643177986145,0.08437749743461609,0,0
41,LEFT_EYE_INNER,0.47021666169166565,0.5558949112892151,0.06925418972969055,0,0
41,LEFT_EYE,0.4688800871372223,0.5547924637794495,0.06924034655094147,0,0
41,LEFT_EYE_OUTER,0.46760237216949463,0.5538100004196167,0.06922194361686707,0,0
41,RIGHT_EYE_INNER,0.4740235507488251,0.5588133931159973,0.06672294437885284,0,0
41,RIGHT_EYE,0.475263386964798,0.559869647026062,0.0667445957660675,0,0
41,RIGHT_EYE_OUTER,0.4765785038471222,0.561134934425354,0.0667024701833725,0,0
41,LEFT_EAR,0.4638681709766388,0.5562335252761841,0.020656289532780647,0,0
41,RIGHT_EAR,0.47646817564964294,0.5684258937835693,0.008290080353617668,0,0
41,MOUTH_LEFT,0.4669974446296692,0.5706886649131775,0.0713985338807106,0,0
41,MOUTH_RIGHT,0.47096315026283264,0.5735039114952087,0.06765476614236832,0,0
41,LEFT_SHOULDER,0.43316343426704407,0.5824072957038879,0.013470957987010479,0,0
41,RIGHT_SHOULDER,0.4792032539844513,0.6137819290161133,-0.010914822109043598,0,0
41,LEFT_ELBOW,0.4031045138835907,0.6295051574707031,0.07500419020652771,0,0
41,RIGHT_ELBOW,0.4843219220638275,0.6368629932403564,0.045738160610198975,0,0
41,LEFT_WRIST,0.41327694058418274,0.662958562374115,0.12256350368261337,0,0
41,RIGHT_WRIST,0.4957317113876343,0.6119599342346191,0.1577415019273758,0,0
41,LEFT_PINKY,0.4153391122817993,0.674206018447876,0.12323247641324997,0,0
41,RIGHT_PINKY,0.5029566884040833,0.6101000308990479,0.17044802010059357,0,0
41,LEFT_INDEX,0.41756293177604675,0.6723677515983582,0.09837669879198074,0,0
41,RIGHT_INDEX,0.5010851621627808,0.6036173105239868,0.1737574189901352,0,0
41,LEFT_THUMB,0.41836124658584595,0.668208658695221,0.10135152190923691,0,0
41,RIGHT_THUMB,0.49857813119888306,0.6058460474014282,0.16274963319301605,0,0
41,LEFT_HIP,0.40971487760543823,0.7117603421211243,0.016718944534659386,0,0
41,RIGHT_HIP,0.43774715065956116,0.7266419529914856,-0.01701430417597294,0,0
41,LEFT_KNEE,0.3829147517681122,0.775277853012085,0.08274033665657043,0,0
41,RIGHT_KNEE,0.45501989126205444,0.798814058303833,0.050733018666505814,0,0
41,LEFT_ANKLE,0.3570791780948639,0.844990611076355,0.12361368536949158,0,0
41,RIGHT_ANKLE,0.4542234241962433,0.8940626382827759,0.08877841383218765,0,0
41,LEFT_HEEL,0.3522426187992096,0.8621134161949158,0.12971384823322296,0,0
41,RIGHT_HEEL,0.44849902391433716,0.912753701210022,0.09470895677804947,0,0
41,LEFT_FOOT_INDEX,0.36036449670791626,0.8433075547218323,0.13481348752975464,0,0
41,RIGHT_FOOT_INDEX,0.4700075387954712,0.9002543091773987,0.10159320384263992,0,0
42,NOSE,0.4709276258945465,0.5654792189598083,0.08441534638404846,0,0
42,LEFT_EYE_INNER,0.47041642665863037,0.5561605095863342,0.07004691660404205,0,0
42,LEFT_EYE,0.4690910875797272,0.5550561547279358,0.07003584504127502,0,0
42,LEFT_EYE_OUTER,0.4678007662296295,0.5541224479675293,0.07001756131649017,0,0
42,RIGHT_EYE_INNER,0.47418779134750366,0.5594805479049683,0.06714355945587158,0,0
42,RIGHT_EYE,0.4755261242389679,0.5607139468193054,0.06716453284025192,0,0
42,RIGHT_EYE_OUTER,0.4768882691860199,0.5620930790901184,0.06712149828672409,0,0
42,LEFT_EAR,0.4636506140232086,0.5572640299797058,0.022952204570174217,0,0
42,RIGHT_EAR,0.4766641855239868,0.5691864490509033,0.009694172069430351,0,0
42,MOUTH_LEFT,0.4670781195163727,0.5707001090049744,0.07229134440422058,0,0
42,MOUTH_RIGHT,0.4709262251853943,0.5739001035690308,0.06803406029939651,0,0
42,LEFT_SHOULDER,0.4337622821331024,0.5826109647750854,0.016882143914699554,0,0
42,RIGHT_SHOULDER,0.47888651490211487,0.6127217411994934,-0.008979733102023602,0,0
42,LEFT_ELBOW,0.4050482213497162,0.6334317922592163,0.08455691486597061,0,0
42,RIGHT_ELBOW,0.48527616262435913,0.6329374313354492,0.04562043771147728,0,0
42,LEFT_WRIST,0.41604918241500854,0.660653829574585,0.15644992887973785,0,0
42,RIGHT_WRIST,0.49151942133903503,0.6067042946815491,0.15327660739421844,0,0
42,LEFT_PINKY,0.4179323613643646,0.6691782474517822,0.16882558166980743,0,0
42,RIGHT_PINKY,0.4982999563217163,0.6032880544662476,0.165357306599617,0,0
42,LEFT_INDEX,0.41980603337287903,0.6677215695381165,0.16018347442150116,0,0
42,RIGHT_INDEX,0.4951246976852417,0.5975261926651001,0.16884319484233856,0,0
42,LEFT_THUMB,0.42027392983436584,0.664813756942749,0.15472841262817383,0,0
42,RIGHT_THUMB,0.49265459179878235,0.5996600389480591,0.1583276093006134,0,0
42,LEFT_HIP,0.4104172885417938,0.7114680409431458,0.015309284441173077,0,0
42,RIGHT_HIP,0.4386855661869049,0.7270373106002808,-0.015614646486938,0,0
42,LEFT_KNEE,0.38255026936531067,0.7743484973907471,0.07465247809886932,0,0
42,RIGHT_KNEE,0.45480114221572876,0.7992599606513977,0.0572039820253849,0,0
42,LEFT_ANKLE,0.35622352361679077,0.8426166772842407,0.11700735241174698,0,0
42,RIGHT_ANKLE,0.4541688561439514,0.8942890167236328,0.09938278049230576,0,0
42,LEFT_HEEL,0.3516094982624054,0.859164834022522,0.12340151518583298,0,0
42,RIGHT_HEEL,0.4487130045890808,0.9127806425094604,0.10605135560035706,0,0
42,LEFT_FOOT_INDEX,0.35828539729118347,0.8406474590301514,0.13167506456375122,0,0
42,RIGHT_FOOT_INDEX,0.46853676438331604,0.8998311758041382,0.1155102476477623,0,0
43,NOSE,0.4731387197971344,0.5670760273933411,0.1098564937710762,0,0
43,LEFT_EYE_INNER,0.4725719094276428,0.55799400806427,0.09352556616067886,0,0
43,LEFT_EYE,0.47111672163009644,0.5566957592964172,0.09352486580610275,0,0
43,LEFT_EYE_OUTER,0.4696982502937317,0.5556243658065796,0.0935090109705925,0,0
43,RIGHT_EYE_INNER,0.47663047909736633,0.5621289610862732,0.0926084965467453,0,0
43,RIGHT_EYE,0.4778408706188202,0.5634992718696594,0.09260346740484238,0,0
43,RIGHT_EYE_OUTER,0.47901928424835205,0.564859926700592,0.0925615057349205,0,0
43,LEFT_EAR,0.46524694561958313,0.5587612390518188,0.031143229454755783,0,0
43,RIGHT_EAR,0.47811195254325867,0.5709458589553833,0.02852538414299488,0,0
43,MOUTH_LEFT,0.46883076429367065,0.5716118216514587,0.09202560037374496,0,0
43,MOUTH_RIGHT,0.4727993905544281,0.5757755041122437,0.09024135768413544,0,0
43,LEFT_SHOULDER,0.43564656376838684,0.5827960968017578,0.012490576133131981,0,0
43,RIGHT_SHOULDER,0.4786597788333893,0.616384744644165,0.0132706668227911,0,0
43,LEFT_ELBOW,0.4073486030101776,0.6365631222724915,0.07546736299991608,0,0
43,RIGHT_ELBOW,0.46018680930137634,0.6472290754318237,0.07412173599004745,0,0
43,LEFT_WRIST,0.4181082844734192,0.6431615352630615,0.17886210978031158,0,0
43,RIGHT_WRIST,0.4479922652244568,0.6193767189979553,0.17918311059474945,0,0
43,LEFT_PINKY,0.41957226395606995,0.6465131044387817,0.19247007369995117,0,0
43,RIGHT_PINKY,0.44781631231307983,0.6143447160720825,0.1951955109834671,0,0
43,LEFT_INDEX,0.42226487398147583,0.6456072926521301,0.18996022641658783,0,0
43,RIGHT_INDEX,0.4452553987503052,0.607618510723114,0.19585034251213074,0,0
43,LEFT_THUMB,0.42279359698295593,0.6461949944496155,0.18102528154850006,0,0
43,RIGHT_THUMB,0.4445206820964813,0.6087733507156372,0.1826428472995758,0,0
43,LEFT_HIP,0.4125388264656067,0.7115982174873352,0.010719956830143929,0,0
43,RIGHT_HIP,0.44108811020851135,0.7288880348205566,-0.010894798673689365,0,0
43,LEFT_KNEE,0.3816123306751251,0.7683359980583191,0.061200592666864395,0,0
43,RIGHT_KNEE,0.4553895592689514,0.800727367401123,0.06666183471679688,0,0
43,LEFT_ANKLE,0.35215649008750916,0.8365427851676941,0.08708081394433975,0,0
43,RIGHT_ANKLE,0.45410385727882385,0.8943362236022949,0.1007191464304924,0,0
43,LEFT_HEEL,0.3474254608154297,0.8512863516807556,0.09229787439107895,0,0
43,RIGHT_HEEL,0.44893884658813477,0.9127914309501648,0.1066180095076561,0,0
43,LEFT_FOOT_INDEX,0.3542647659778595,0.8346396684646606,0.10119042545557022,0,0
43,RIGHT_FOOT_INDEX,0.4677974283695221,0.8998265862464905,0.11565124243497849,0,0
44,NOSE,0.4739900231361389,0.568099856376648,0.12194280326366425,0,0
44,LEFT_EYE_INNER,0.47300785779953003,0.5591756105422974,0.10600781440734863,0,0
44,LEFT_EYE,0.471506267786026,0.5576382279396057,0.10601040720939636,0,0
44,LEFT_EYE_OUTER,0.47008949518203735,0.5564350485801697,0.10599195957183838,0,0
44,RIGHT_EYE_INNER,0.4770764112472534,0.5635581016540527,0.105073943734169,0,0
44,RIGHT_EYE,0.4783221185207367,0.5648004412651062,0.10507049411535263,0,0
44,RIGHT_EYE_OUTER,0.47947174310684204,0.5659428238868713,0.10503893345594406,0,0
44,LEFT_EAR,0.4654751718044281,0.5588694214820862,0.04485366493463516,0,0
44,RIGHT_EAR,0.4786736071109772,0.5707635283470154,0.040878113359212875,0,0
44,MOUTH_LEFT,0.46997401118278503,0.5720356106758118,0.10385044664144516,0,0
44,MOUTH_RIGHT,0.473751962184906,0.5763623118400574,0.1019812747836113,0,0
44,LEFT_SHOULDER,0.4372550845146179,0.5827112793922424,0.017410151660442352,0,0
44,RIGHT_SHOULDER,0.4779779613018036,0.6146491169929504,0.030998291447758675,0,0
44,LEFT_ELBOW,0.4118095636367798,0.6358521580696106,0.08468233793973923,0,0
44,RIGHT_ELBOW,0.4532037675380707,0.6425038576126099,0.09268895536661148,0,0
44,LEFT_WRIST,0.41852253675460815,0.6308762431144714,0.20073553919792175,0,0
44,RIGHT_WRIST,0.44123944640159607,0.599350094795227,0.1899082064628601,0,0
44,LEFT_PINKY,0.42081117630004883,0.6317005753517151,0.2171771377325058,0,0
44,RIGHT_PINKY,0.44065582752227783,0.5902388095855713,0.20768967270851135,0,0
44,LEFT_INDEX,0.4226783812046051,0.6315348744392395,0.21399660408496857,0,0
44,RIGHT_INDEX,0.4376240670681,0.5837180614471436,0.20904120802879333,0,0
44,LEFT_THUMB,0.4242960810661316,0.6335578560829163,0.2030944526195526,0,0
44,RIGHT_THUMB,0.43696072697639465,0.5864511728286743,0.19371365010738373,0,0
44,LEFT_HIP,0.4156263768672943,0.7114405632019043,0.0023308885283768177,0,0
44,RIGHT_HIP,0.4442572295665741,0.7293417453765869,-0.0025062982458621264,0,0
44,LEFT_KNEE,0.3816075623035431,0.7615372538566589,0.03229771926999092,0,0
44,RIGHT_KNEE,0.4566064774990082,0.8018133640289307,0.06693156808614731,0,0
44,LEFT_ANKLE,0.3507331609725952,0.8341699838638306,0.02021237090229988,0,0
44,RIGHT_ANKLE,0.4542290270328522,0.8946106433868408,0.06839131563901901,0,0
44,LEFT_HEEL,0.3472161293029785,0.8532119989395142,0.021501068025827408,0,0
44,RIGHT_HEEL,0.4499373435974121,0.912878692150116,0.07212904095649719,0,0
44,LEFT_FOOT_INDEX,0.3487674295902252,0.8319830894470215,0.028464673087000847,0,0
44,RIGHT_FOOT_INDEX,0.4667239189147949,0.8996796011924744,0.07941818982362747,0,0
45,NOSE,0.47253483533859253,0.5655724406242371,0.1285344809293747,0,0
45,LEFT_EYE_INNER,0.47172293066978455,0.5566793084144592,0.11115504801273346,0,0
45,LEFT_EYE,0.47017863392829895,0.5550010800361633,0.11116643249988556,0,0
45,LEFT_EYE_OUTER,0.46865999698638916,0.5536254048347473,0.11115793883800507,0,0
45,RIGHT_EYE_INNER,0.4757460653781891,0.5615699887275696,0.11247428506612778,0,0
45,RIGHT_EYE,0.4770033061504364,0.5630635023117065,0.1124645248055458,0,0
45,RIGHT_EYE_OUTER,0.47827211022377014,0.5645612478256226,0.11243176460266113,0,0
45,LEFT_EAR,0.463875949382782,0.5558151602745056,0.04596596956253052,0,0
45,RIGHT_EAR,0.4773685038089752,0.5701310634613037,0.050687920302152634,0,0
45,MOUTH_LEFT,0.4684034585952759,0.568822979927063,0.10843309015035629,0,0
45,MOUTH_RIGHT,0.4725398123264313,0.5739712119102478,0.10947585850954056,0,0
45,LEFT_SHOULDER,0.43754687905311584,0.5827820897102356,0.009465992450714111,0,0
45,RIGHT_SHOULDER,0.47666123509407043,0.6135932207107544,0.045446958392858505,0,0
45,LEFT_ELBOW,0.4144325852394104,0.6357923150062561,0.07590743899345398,0,0
45,RIGHT_ELBOW,0.45231616497039795,0.6388124823570251,0.11222204566001892,0,0
45,LEFT_WRIST,0.4159276783466339,0.6112420558929443,0.19366532564163208,0,0
45,RIGHT_WRIST,0.4370342493057251,0.5933302640914917,0.2091086208820343,0,0
45,LEFT_PINKY,0.4186728894710541,0.5998849868774414,0.20898538827896118,0,0
45,RIGHT_PINKY,0.4349435567855835,0.5838586688041687,0.22774703800678253,0,0
45,LEFT_INDEX,0.42075809836387634,0.5960521697998047,0.20694702863693237,0,0
45,RIGHT_INDEX,0.43207600712776184,0.5771824717521667,0.22793523967266083,0,0
45,LEFT_THUMB,0.4233042299747467,0.6004090905189514,0.19660241901874542,0,0
45,RIGHT_THUMB,0.4318947494029999,0.5802094340324402,0.2124866545200348,0,0
45,LEFT_HIP,0.418815940618515,0.7115079760551453,-0.006105847656726837,0,0
45,RIGHT_HIP,0.4469568431377411,0.7294876575469971,0.005948883481323719,0,0
45,LEFT_KNEE,0.3805699944496155,0.7608111500740051,0.007978350855410099,0,0
45,RIGHT_KNEE,0.45704343914985657,0.8016222715377808,0.07486362755298615,0,0
45,LEFT_ANKLE,0.35068121552467346,0.8371387720108032,-0.021602878347039223,0,0
45,RIGHT_ANKLE,0.454589307308197,0.8949693441390991,0.06306934356689453,0,0
45,LEFT_HEEL,0.34709253907203674,0.8577399849891663,-0.021954739466309547,0,0
45,RIGHT_HEEL,0.4512014091014862,0.9128956198692322,0.06506437808275223,0,0
45,LEFT_FOOT_INDEX,0.34600546956062317,0.8361812829971313,-0.016007352620363235,0,0
45,RIGHT_FOOT_INDEX,0.46645280718803406,0.8986321091651917,0.07484234124422073,0,0
46,NOSE,0.47127875685691833,0.5584290623664856,0.14061479270458221,0,0
46,LEFT_EYE_INNER,0.47045791149139404,0.5498990416526794,0.1237349584698677,0,0
46,LEFT_EYE,0.46921080350875854,0.5486873388290405,0.12374566495418549,0,0
46,LEFT_EYE_OUTER,0.4681814908981323,0.5476934909820557,0.12373602390289307,0,0
46,RIGHT_EYE_INNER,0.4739466607570648,0.5535800457000732,0.12573951482772827,0,0
46,RIGHT_EYE,0.4750550091266632,0.5547905564308167,0.1257345825433731,0,0
46,RIGHT_EYE_OUTER,0.47618305683135986,0.556121289730072,0.12570317089557648,0,0
46,LEFT_EAR,0.46279722452163696,0.550484836101532,0.0579359196126461,0,0
46,RIGHT_EAR,0.4752669632434845,0.5617402195930481,0.06591634452342987,0,0
46,MOUTH_LEFT,0.4672880470752716,0.5626745223999023,0.11990156769752502,0,0
46,MOUTH_RIGHT,0.47101810574531555,0.5671124458312988,0.12175587564706802,0,0
46,LEFT_SHOULDER,0.437380313873291,0.5813460946083069,0.016290010884404182,0,0
46,RIGHT_SHOULDER,0.4752446413040161,0.6067878007888794,0.056806936860084534,0,0
46,LEFT_ELBOW,0.41633331775665283,0.636867344379425,0.0750882476568222,0,0
46,RIGHT_ELBOW,0.4481363892555237,0.6389115452766418,0.09839756041765213,0,0
46,LEFT_WRIST,0.4168436825275421,0.6180523633956909,0.18407262861728668,0,0
46,RIGHT_WRIST,0.4298962950706482,0.6019620895385742,0.1549258828163147,0,0
46,LEFT_PINKY,0.41604098677635193,0.6086708307266235,0.19685599207878113,0,0
46,RIGHT_PINKY,0.4261608123779297,0.5985393524169922,0.16658510267734528,0,0
46,LEFT_INDEX,0.4205388128757477,0.6129378080368042,0.19347447156906128,0,0
46,RIGHT_INDEX,0.42466118931770325,0.5905569195747375,0.16714532673358917,0,0
46,LEFT_THUMB,0.42287471890449524,0.6153193116188049,0.18612520396709442,0,0
46,RIGHT_THUMB,0.42521199584007263,0.5949429273605347,0.15718407928943634,0,0
46,LEFT_HIP,0.42055433988571167,0.7115564346313477,-0.011538790538907051,0,0
46,RIGHT_HIP,0.44878441095352173,0.7293500900268555,0.011407575570046902,0,0
46,LEFT_KNEE,0.3801771104335785,0.7603440284729004,-0.008041193708777428,0,0
46,RIGHT_KNEE,0.45742446184158325,0.8018834590911865,0.06553953140974045,0,0
46,LEFT_ANKLE,0.35161086916923523,0.841199517250061,-0.03408926725387573,0,0
46,RIGHT_ANKLE,0.4555674195289612,0.8957277536392212,0.05126166343688965,0,0
46,LEFT_HEEL,0.3474949598312378,0.8607423305511475,-0.034246157854795456,0,0
46,RIGHT_HEEL,0.45216479897499084,0.9130652546882629,0.050225116312503815,0,0
46,LEFT_FOOT_INDEX,0.3475196957588196,0.8418646454811096,-0.030360369011759758,0,0
46,RIGHT_FOOT_INDEX,0.4655624330043793,0.8986033201217651,0.05812596529722214,0,0
47,NOSE,0.46544167399406433,0.5509676337242126,0.1773633062839508,0,0
47,LEFT_EYE_INNER,0.46421247720718384,0.5424092411994934,0.16162727773189545,0,0
47,LEFT_EYE,0.4626695513725281,0.5415835380554199,0.16163499653339386,0,0
47,LEFT_EYE_OUTER,0.46124210953712463,0.5409104228019714,0.16161857545375824,0,0
47,RIGHT_EYE_INNER,0.46914049983024597,0.5450924038887024,0.16410945355892181,0,0
47,RIGHT_EYE,0.4708210229873657,0.5459959506988525,0.16410107910633087,0,0
47,RIGHT_EYE_OUTER,0.4724591374397278,0.5469792485237122,0.16406334936618805,0,0
47,LEFT_EAR,0.4587639272212982,0.5443254113197327,0.09419454634189606,0,0
47,RIGHT_EAR,0.47475120425224304,0.5530074834823608,0.10401833802461624,0,0
47,MOUTH_LEFT,0.4616449773311615,0.55561763048172,0.15508022904396057,0,0
47,MOUTH_RIGHT,0.46687841415405273,0.558841347694397,0.15757592022418976,0,0
47,LEFT_SHOULDER,0.4372937083244324,0.5780586004257202,0.04008863493800163,0,0
47,RIGHT_SHOULDER,0.4738364815711975,0.599595308303833,0.08709070086479187,0,0
47,LEFT_ELBOW,0.417179137468338,0.6368871331214905,0.08074858039617538,0,0
47,RIGHT_ELBOW,0.4486875832080841,0.6409730911254883,0.12409817427396774,0,0
47,LEFT_WRIST,0.4164949059486389,0.6209040880203247,0.1853240579366684,0,0
47,RIGHT_WRIST,0.4352712333202362,0.6423560380935669,0.18710312247276306,0,0
47,LEFT_PINKY,0.41418033838272095,0.6171201467514038,0.1946420669555664,0,0
47,RIGHT_PINKY,0.43252500891685486,0.6472064256668091,0.19872726500034332,0,0
47,LEFT_INDEX,0.41889771819114685,0.617216944694519,0.19319124519824982,0,0
47,RIGHT_INDEX,0.4319297969341278,0.6422828435897827,0.20183371007442474,0,0
47,LEFT_THUMB,0.4215430021286011,0.6202585697174072,0.18755371868610382,0,0
47,RIGHT_THUMB,0.4321880340576172,0.6392597556114197,0.1903102844953537,0,0
47,LEFT_HIP,0.42328304052352905,0.7110124826431274,-0.019925463944673538,0,0
47,RIGHT_HIP,0.4508949816226959,0.7263559699058533,0.019813014194369316,0,0
47,LEFT_KNEE,0.3806666135787964,0.7607867121696472,-0.012919622473418713,0,0
47,RIGHT_KNEE,0.4573773443698883,0.801831066608429,0.07844502478837967,0,0
47,LEFT_ANKLE,0.3548930585384369,0.84161776304245,-0.05655736103653908,0,0
47,RIGHT_ANKLE,0.45653411746025085,0.8955641388893127,0.04740844666957855,0,0
47,LEFT_HEEL,0.3550354540348053,0.8627510070800781,-0.05945580080151558,0,0
47,RIGHT_HEEL,0.4541967511177063,0.9129579663276672,0.044414419680833817,0,0
47,LEFT_FOOT_INDEX,0.3466900587081909,0.8613512516021729,-0.05940607935190201,0,0
47,RIGHT_FOOT_INDEX,0.45916786789894104,0.8985886573791504,0.04692608118057251,0,0
48,NOSE,0.46376070380210876,0.5482439994812012,0.18884997069835663,0,0
48,LEFT_EYE_INNER,0.4625000059604645,0.5398315191268921,0.17354711890220642,0,0
48,LEFT_EYE,0.46085041761398315,0.539046585559845,0.17355021834373474,0,0
48,LEFT_EYE_OUTER,0.4592568278312683,0.5383636355400085,0.1735352724790573,0,0
48,RIGHT_EYE_INNER,0.46769455075263977,0.5424279570579529,0.17579126358032227,0,0
48,RIGHT_EYE,0.469457745552063,0.5433571338653564,0.17578402161598206,0,0
48,RIGHT_EYE_OUTER,0.4712001383304596,0.5443445444107056,0.17574723064899445,0,0
48,LEFT_EAR,0.4570416510105133,0.5418582558631897,0.10654682666063309,0,0
48,RIGHT_EAR,0.4741169810295105,0.5507100820541382,0.11525803059339523,0,0
48,MOUTH_LEFT,0.4597882926464081,0.5533730983734131,0.16661405563354492,0,0
48,MOUTH_RIGHT,0.46547001600265503,0.556487500667572,0.16877900063991547,0,0
48,LEFT_SHOULDER,0.43731749057769775,0.5760394334793091,0.05463596433401108,0,0
48,RIGHT_SHOULDER,0.4733228087425232,0.5971028208732605,0.09389416873455048,0,0
48,LEFT_ELBOW,0.4179810583591461,0.636932909488678,0.10052056610584259,0,0
48,RIGHT_ELBOW,0.44904571771621704,0.6421420574188232,0.13377074897289276,0,0
48,LEFT_WRIST,0.4146844446659088,0.6219083666801453,0.20632068812847137,0,0
48,RIGHT_WRIST,0.4379187822341919,0.65000319480896,0.20337030291557312,0,0
48,LEFT_PINKY,0.4110945761203766,0.6235806345939636,0.2163509875535965,0,0
48,RIGHT_PINKY,0.43605953454971313,0.6551783680915833,0.21611811220645905,0,0
48,LEFT_INDEX,0.415444940328598,0.620570957660675,0.21589674055576324,0,0
48,RIGHT_INDEX,0.4353201985359192,0.650101363658905,0.21921461820602417,0,0
48,LEFT_THUMB,0.4184649586677551,0.6238256096839905,0.20908716320991516,0,0
48,RIGHT_THUMB,0.4351957142353058,0.6467267274856567,0.20689067244529724,0,0
48,LEFT_HIP,0.42480072379112244,0.7103875875473022,-0.016420923173427582,0,0
48,RIGHT_HIP,0.4522069990634918,0.7243571281433105,0.01632286235690117,0,0
48,LEFT_KNEE,0.38093307614326477,0.761888861656189,-0.016658028587698936,0,0
48,RIGHT_KNEE,0.4573492705821991,0.8003346920013428,0.07006135582923889,0,0
48,LEFT_ANKLE,0.35535556077957153,0.8439963459968567,-0.06618361920118332,0,0
48,RIGHT_ANKLE,0.45732828974723816,0.8947401642799377,0.031483519822359085,0,0
48,LEFT_HEEL,0.3551233112812042,0.8661029934883118,-0.06999557465314865,0,0
48,RIGHT_HEEL,0.45496317744255066,0.9123161435127258,0.027998877689242363,0,0
48,LEFT_FOOT_INDEX,0.34733110666275024,0.8625473976135254,-0.07107803225517273,0,0
48,RIGHT_FOOT_INDEX,0.460193932056427,0.8986093997955322,0.02961154468357563,0,0
49,NOSE,0.4602125585079193,0.5448037981987,0.2036278396844864,0,0
49,LEFT_EYE_INNER,0.45885851979255676,0.5365473031997681,0.19060087203979492,0,0
49,LEFT_EYE,0.45731231570243835,0.5358064770698547,0.1905796080827713,0,0
49,LEFT_EYE_OUTER,0.45577192306518555,0.535099446773529,0.19058345258235931,0,0
49,RIGHT_EYE_INNER,0.4637151062488556,0.5390192270278931,0.1944732517004013,0,0
49,RIGHT_EYE,0.46542635560035706,0.5399719476699829,0.19446788728237152,0,0
49,RIGHT_EYE_OUTER,0.46709826588630676,0.5409045815467834,0.19441232085227966,0,0
49,LEFT_EAR,0.45359450578689575,0.5382739305496216,0.12856777012348175,0,0
49,RIGHT_EAR,0.4702218472957611,0.5470446348190308,0.14454105496406555,0,0
49,MOUTH_LEFT,0.45648446679115295,0.550024151802063,0.1825452446937561,0,0
49,MOUTH_RIGHT,0.4616854786872864,0.5529085993766785,0.18689186871051788,0,0
49,LEFT_SHOULDER,0.43680340051651,0.5740475654602051,0.058872755616903305,0,0
49,RIGHT_SHOULDER,0.4732406735420227,0.5913393497467041,0.12449267506599426,0,0
49,LEFT_ELBOW,0.4190341830253601,0.6358746886253357,0.02784532681107521,0,0
49,RIGHT_ELBOW,0.4497283697128296,0.6398900151252747,0.10970368981361389,0,0
49,LEFT_WRIST,0.40305885672569275,0.6352062225341797,0.031120505183935165,0,0
49,RIGHT_WRIST,0.423953115940094,0.6493566036224365,0.10995876044034958,0,0
49,LEFT_PINKY,0.3956298828125,0.6419059634208679,0.022331174463033676,0,0
49,RIGHT_PINKY,0.41789939999580383,0.6527327299118042,0.10864443331956863,0,0
49,LEFT_INDEX,0.39693307876586914,0.6367186903953552,0.024971991777420044,0,0
49,RIGHT_INDEX,0.41340571641921997,0.6455188989639282,0.10942282527685165,0,0
49,LEFT_THUMB,0.39994290471076965,0.6366972923278809,0.03221028298139572,0,0
49,RIGHT_THUMB,0.41671597957611084,0.6475096940994263,0.10871445387601852,0,0
49,LEFT_HIP,0.4265097975730896,0.7097156047821045,-0.026538031175732613,0,0
49,RIGHT_HIP,0.45339420437812805,0.7214465141296387,0.026376137509942055,0,0
49,LEFT_KNEE,0.3834952414035797,0.7632892727851868,-0.016578448936343193,0,0
49,RIGHT_KNEE,0.4574834704399109,0.7999989986419678,0.07868043333292007,0,0
49,LEFT_ANKLE,0.36174720525741577,0.8524395823478699,-0.0784626379609108,0,0
49,RIGHT_ANKLE,0.4578137695789337,0.8946385979652405,0.02803378738462925,0,0
49,LEFT_HEEL,0.36253780126571655,0.8719726204872131,-0.08499272167682648,0,0
49,RIGHT_HEEL,0.4580259919166565,0.9123320579528809,0.02228090725839138,0,0
49,LEFT_FOOT_INDEX,0.3490050137042999,0.8769490718841553,-0.094559445977211,0,0
49,RIGHT_FOOT_INDEX,0.4563221037387848,0.898242712020874,0.014372950419783592,0,0
50,NOSE,0.45445096492767334,0.5447238683700562,0.2280004322528839,0,0
50,LEFT_EYE_INNER,0.4530391991138458,0.5364431142807007,0.21498920023441315,0,0
50,LEFT_EYE,0.45160073041915894,0.5357211232185364,0.21496768295764923,0,0
50,LEFT_EYE_OUTER,0.4501191973686218,0.5350359082221985,0.21496222913265228,0,0
50,RIGHT_EYE_INNER,0.45753633975982666,0.5384712815284729,0.21947850286960602,0,0
50,RIGHT_EYE,0.4591434597969055,0.5391668081283569,0.21948477625846863,0,0
50,RIGHT_EYE_OUTER,0.4607797861099243,0.5399218201637268,0.21942982077598572,0,0
50,LEFT_EAR,0.4481927454471588,0.5379223823547363,0.15183766186237335,0,0
50,RIGHT_EAR,0.46352139115333557,0.545576810836792,0.17078788578510284,0,0
50,MOUTH_LEFT,0.45165568590164185,0.5497214794158936,0.2063075751066208,0,0
50,MOUTH_RIGHT,0.45612093806266785,0.5522896647453308,0.21158497035503387,0,0
50,LEFT_SHOULDER,0.43490636348724365,0.5737830400466919,0.07368836551904678,0,0
50,RIGHT_SHOULDER,0.4692789912223816,0.5885077714920044,0.14398428797721863,0,0
50,LEFT_ELBOW,0.4202771782875061,0.6382631063461304,0.011029147543013096,0,0
50,RIGHT_ELBOW,0.4478171765804291,0.639634907245636,0.08903788030147552,0,0
50,LEFT_WRIST,0.40525099635124207,0.6585781574249268,-0.022543637081980705,0,0
50,RIGHT_WRIST,0.41539135575294495,0.6645510196685791,0.020282868295907974,0,0
50,LEFT_PINKY,0.3989120125770569,0.6703574657440186,-0.037946078926324844,0,0
50,RIGHT_PINKY,0.4083709716796875,0.6679976582527161,0.012771526351571083,0,0
50,LEFT_INDEX,0.3999558687210083,0.6655341982841492,-0.03352906554937363,0,0
50,RIGHT_INDEX,0.40562111139297485,0.6652316451072693,0.013395044021308422,0,0
50,LEFT_THUMB,0.4032721221446991,0.6630741357803345,-0.022287392988801003,0,0
50,RIGHT_THUMB,0.4083637297153473,0.6637943983078003,0.018141277134418488,0,0
50,LEFT_HIP,0.42670443654060364,0.7096972465515137,-0.03126044571399689,0,0
50,RIGHT_HIP,0.4531618058681488,0.7200128436088562,0.031085101887583733,0,0
50,LEFT_KNEE,0.3865969777107239,0.7650980353355408,-0.015957061201334,0,0
50,RIGHT_KNEE,0.45741006731987,0.7999479174613953,0.0833418145775795,0,0
50,LEFT_ANKLE,0.367933064699173,0.8668253421783447,-0.07860933244228363,0,0
50,RIGHT_ANKLE,0.4579428732395172,0.8938686847686768,0.03065015934407711,0,0
50,LEFT_HEEL,0.37204667925834656,0.8854386210441589,-0.08604053407907486,0,0
50,RIGHT_HEEL,0.45939722657203674,0.912167489528656,0.02448062039911747,0,0
50,LEFT_FOOT_INDEX,0.3494471311569214,0.89445960521698,-0.10204898566007614,0,0
50,RIGHT_FOOT_INDEX,0.45423904061317444,0.8982719779014587,0.010660288855433464,0,0
51,NOSE,0.4482075870037079,0.5452932715415955,0.21568746864795685,0,0
51,LEFT_EYE_INNER,0.4466957747936249,0.5372805595397949,0.20199647545814514,0,0
51,LEFT_EYE,0.44538846611976624,0.5366308093070984,0.20196904242038727,0,0
51,LEFT_EYE_OUTER,0.4440182149410248,0.5360280871391296,0.20195965468883514,0,0
51,RIGHT_EYE_INNER,0.45082154870033264,0.5388678908348083,0.2070542722940445,0,0
51,RIGHT_EYE,0.45228222012519836,0.5393137335777283,0.2070692628622055,0,0
51,RIGHT_EYE_OUTER,0.4537886679172516,0.5398434400558472,0.2070346474647522,0,0
51,LEFT_EAR,0.4419180154800415,0.5390397906303406,0.13840200006961823,0,0
51,RIGHT_EAR,0.4558897614479065,0.5448816418647766,0.15968284010887146,0,0
51,MOUTH_LEFT,0.4455929100513458,0.5503295660018921,0.19411519169807434,0,0
51,MOUTH_RIGHT,0.44982579350471497,0.5525393486022949,0.20014813542366028,0,0
51,LEFT_SHOULDER,0.43043452501296997,0.5744184255599976,0.06065894663333893,0,0
51,RIGHT_SHOULDER,0.46477624773979187,0.587780237197876,0.14170412719249725,0,0
51,LEFT_ELBOW,0.421909362077713,0.6376929879188538,-0.014040863141417503,0,0
51,RIGHT_ELBOW,0.44851335883140564,0.634321928024292,0.08381678909063339,0,0
51,LEFT_WRIST,0.40824490785598755,0.6770087480545044,-0.045843031257390976,0,0
51,RIGHT_WRIST,0.42198505997657776,0.6625915765762329,0.005385406315326691,0,0
51,LEFT_PINKY,0.40316250920295715,0.6925199627876282,-0.05995829775929451,0,0
51,RIGHT_PINKY,0.4138554036617279,0.6635915040969849,-0.001180045772343874,0,0
51,LEFT_INDEX,0.4040611982345581,0.6899639368057251,-0.05594335123896599,0,0
51,RIGHT_INDEX,0.4109649956226349,0.6625211834907532,-0.0003581051714718342,0,0
51,LEFT_THUMB,0.40642842650413513,0.6854011416435242,-0.04506107419729233,0,0
51,RIGHT_THUMB,0.4123486876487732,0.6601327061653137,0.0031490325927734375,0,0
51,LEFT_HIP,0.42607009410858154,0.7098498940467834,-0.03245311602950096,0,0
51,RIGHT_HIP,0.45293447375297546,0.7198447585105896,0.03225488215684891,0,0
51,LEFT_KNEE,0.39183756709098816,0.7747728824615479,-0.009023127146065235,0,0
51,RIGHT_KNEE,0.4571087658405304,0.7995197772979736,0.07352539896965027,0,0
51,LEFT_ANKLE,0.3774983584880829,0.8820581436157227,-0.10673870891332626,0,0
51,RIGHT_ANKLE,0.4586627781391144,0.8930386304855347,-0.02177121490240097,0,0
51,LEFT_HEEL,0.3836899399757385,0.8980270624160767,-0.1177908182144165,0,0
51,RIGHT_HEEL,0.46075528860092163,0.9120029211044312,-0.03254828229546547,0,0
51,LEFT_FOOT_INDEX,0.3596159517765045,0.9160873293876648,-0.13862580060958862,0,0
51,RIGHT_FOOT_INDEX,0.45489293336868286,0.8994161486625671,-0.05232815071940422,0,0
52,NOSE,0.4474920332431793,0.5450690388679504,0.2449757605791092,0,0
52,LEFT_EYE_INNER,0.4456273019313812,0.5372525453567505,0.23188933730125427,0,0
52,LEFT_EYE,0.44419220089912415,0.5366557240486145,0.23187996447086334,0,0
52,LEFT_EYE_OUTER,0.44266828894615173,0.5361005663871765,0.23188091814517975,0,0
52,RIGHT_EYE_INNER,0.45008233189582825,0.5385822057723999,0.23549313843250275,0,0
52,RIGHT_EYE,0.45159614086151123,0.5388997197151184,0.2355145812034607,0,0
52,RIGHT_EYE_OUTER,0.4531513750553131,0.5393288731575012,0.23546923696994781,0,0
52,LEFT_EAR,0.44065818190574646,0.538891613483429,0.16790737211704254,0,0
52,RIGHT_EAR,0.4556235671043396,0.5442458987236023,0.18340498208999634,0,0
52,MOUTH_LEFT,0.4447985887527466,0.5501405596733093,0.22308887541294098,0,0
52,MOUTH_RIGHT,0.4491819441318512,0.5519940257072449,0.22737693786621094,0,0
52,LEFT_SHOULDER,0.4290090501308441,0.5747645497322083,0.08750851452350616,0,0
52,RIGHT_SHOULDER,0.4624340832233429,0.5873182415962219,0.15275399386882782,0,0
52,LEFT_ELBOW,0.4230581223964691,0.6373159289360046,0.002872784622013569,0,0
52,RIGHT_ELBOW,0.44660013914108276,0.6352900266647339,0.08422382175922394,0,0
52,LEFT_WRIST,0.40883922576904297,0.6780005097389221,-0.06161048635840416,0,0
52,RIGHT_WRIST,0.41868361830711365,0.6686198711395264,0.0003437682753428817,0,0
52,LEFT_PINKY,0.40557000041007996,0.6940145492553711,-0.07950529456138611,0,0
52,RIGHT_PINKY,0.4081597626209259,0.6846821904182434,-0.009447174146771431,0,0
52,LEFT_INDEX,0.40619149804115295,0.6917174458503723,-0.07583509385585785,0,0
52,RIGHT_INDEX,0.4065355360507965,0.6825358867645264,-0.008665679022669792,0,0
52,LEFT_THUMB,0.4088384211063385,0.6879416704177856,-0.06204409897327423,0,0
52,RIGHT_THUMB,0.4097374379634857,0.6775932312011719,-0.0017034452175721526,0,0
52,LEFT_HIP,0.4266308546066284,0.7106133699417114,-0.030150193721055984,0,0
52,RIGHT_HIP,0.4536058306694031,0.7201448082923889,0.029929708689451218,0,0
52,LEFT_KNEE,0.39306020736694336,0.7779673337936401,-0.009280250407755375,0,0
52,RIGHT_KNEE,0.4569624662399292,0.7997075915336609,0.07860007882118225,0,0
52,LEFT_ANKLE,0.3777048885822296,0.8841613531112671,-0.09769586473703384,0,0
52,RIGHT_ANKLE,0.4591427445411682,0.8935484290122986,-0.007417611312121153,0,0
52,LEFT_HEEL,0.3829133212566376,0.901391863822937,-0.10778950154781342,0,0
52,RIGHT_HEEL,0.4606398940086365,0.9120265245437622,-0.017469951882958412,0,0
52,LEFT_FOOT_INDEX,0.36197397112846375,0.9200775027275085,-0.12631328403949738,0,0
52,RIGHT_FOOT_INDEX,0.45415210723876953,0.9005533456802368,-0.037241168320178986,0,0
53,NOSE,0.44207799434661865,0.5456738471984863,0.16928263008594513,0,0
53,LEFT_EYE_INNER,0.4401158094406128,0.5378420948982239,0.15181483328342438,0,0
53,LEFT_EYE,0.43874138593673706,0.5372934341430664,0.1517915427684784,0,0
53,LEFT_EYE_OUTER,0.4374278783798218,0.5368056297302246,0.15177644789218903,0,0
53,RIGHT_EYE_INNER,0.44454774260520935,0.5390019416809082,0.16003018617630005,0,0
53,RIGHT_EYE,0.44624826312065125,0.539242148399353,0.16005410254001617,0,0
53,RIGHT_EYE_OUTER,0.447902649641037,0.5395539999008179,0.15999653935432434,0,0
53,LEFT_EAR,0.43568626046180725,0.5395999550819397,0.0852956771850586,0,0
53,RIGHT_EAR,0.45063477754592896,0.5439375638961792,0.12196624279022217,0,0
53,MOUTH_LEFT,0.439988911151886,0.5508103966712952,0.14707796275615692,0,0
53,MOUTH_RIGHT,0.4442700445652008,0.5524858236312866,0.15721184015274048,0,0
53,LEFT_SHOULDER,0.42673438787460327,0.5750312805175781,0.008893878199160099,0,0
53,RIGHT_SHOULDER,0.46040332317352295,0.5877103209495544,0.11412068456411362,0,0
53,LEFT_ELBOW,0.42260923981666565,0.6365342140197754,-0.056690070778131485,0,0
53,RIGHT_ELBOW,0.44583114981651306,0.6323323249816895,0.05142221972346306,0,0
53,LEFT_WRIST,0.41040098667144775,0.6785805225372314,-0.09107848256826401,0,0
53,RIGHT_WRIST,0.4245694577693939,0.6627388596534729,-0.014737879857420921,0,0
53,LEFT_PINKY,0.4081858694553375,0.6931588053703308,-0.10660738497972488,0,0
53,RIGHT_PINKY,0.4118683636188507,0.6730350852012634,-0.020059576258063316,0,0
53,LEFT_INDEX,0.40642988681793213,0.6913480162620544,-0.10202371329069138,0,0
53,RIGHT_INDEX,0.41079986095428467,0.6705254912376404,-0.02070174366235733,0,0
53,LEFT_THUMB,0.41006070375442505,0.6872161030769348,-0.09015386551618576,0,0
53,RIGHT_THUMB,0.4168882966041565,0.6668943762779236,-0.016942663118243217,0,0
53,LEFT_HIP,0.4280170202255249,0.7133864164352417,-0.03321527689695358,0,0
53,RIGHT_HIP,0.45378121733665466,0.7203771471977234,0.03306836634874344,0,0
53,LEFT_KNEE,0.39735081791877747,0.78915935754776,-0.03248309716582298,0,0
53,RIGHT_KNEE,0.45674243569374084,0.8002850413322449,0.06067728251218796,0,0
53,LEFT_ANKLE,0.385175883769989,0.8977851867675781,-0.08332924544811249,0,0
53,RIGHT_ANKLE,0.45961669087409973,0.8947907090187073,0.008959511294960976,0,0
53,LEFT_HEEL,0.3923327326774597,0.9154871702194214,-0.08851521462202072,0,0
53,RIGHT_HEEL,0.46127793192863464,0.912279486656189,0.0033007797319442034,0,0
53,LEFT_FOOT_INDEX,0.370334267616272,0.9323942065238953,-0.10913417488336563,0,0
53,RIGHT_FOOT_INDEX,0.4540541470050812,0.9021884202957153,-0.013019599951803684,0,0
54,NOSE,0.4367634057998657,0.5458748936653137,0.15737967193126678,0,0
54,LEFT_EYE_INNER,0.4350503087043762,0.53814297914505,0.1395139992237091,0,0
54,LEFT_EYE,0.43366557359695435,0.5377134680747986,0.13949903845787048,0,0
54,LEFT_EYE_OUTER,0.4322882294654846,0.5373101830482483,0.13948741555213928,0,0
54,RIGHT_EYE_INNER,0.4395066201686859,0.5390053987503052,0.1483963280916214,0,0
54,RIGHT_EYE,0.44123533368110657,0.5391958355903625,0.14841996133327484,0,0
54,RIGHT_EYE_OUTER,0.4429400563240051,0.5394489765167236,0.14836464822292328,0,0
54,LEFT_EAR,0.43012532591819763,0.5400689840316772,0.07152775675058365,0,0
54,RIGHT_EAR,0.4456578195095062,0.5439206957817078,0.11311844736337662,0,0
54,MOUTH_LEFT,0.4345382750034332,0.5512948036193848,0.134959414601326,0,0
54,MOUTH_RIGHT,0.4390016496181488,0.5528331398963928,0.14607451856136322,0,0
54,LEFT_SHOULDER,0.4217340648174286,0.5772631764411926,-0.005508105270564556,0,0
54,RIGHT_SHOULDER,0.4572999179363251,0.5885927677154541,0.10567783564329147,0,0
54,LEFT_ELBOW,0.42225489020347595,0.6355016231536865,-0.07269980758428574,0,0
54,RIGHT_ELBOW,0.44572412967681885,0.6344372034072876,0.07206065952777863,0,0
54,LEFT_WRIST,0.41030585765838623,0.6749555468559265,-0.11649437993764877,0,0
54,RIGHT_WRIST,0.4290836751461029,0.6761918067932129,0.029372218996286392,0,0
54,LEFT_PINKY,0.4083314538002014,0.6858600378036499,-0.1351819634437561,0,0
54,RIGHT_PINKY,0.41900184750556946,0.6825593113899231,0.02749199979007244,0,0
54,LEFT_INDEX,0.4075714945793152,0.684350311756134,-0.12932567298412323,0,0
54,RIGHT_INDEX,0.4181288182735443,0.6813624501228333,0.024310164153575897,0,0
54,LEFT_THUMB,0.40985000133514404,0.6812341213226318,-0.11537548154592514,0,0
54,RIGHT_THUMB,0.4216502606868744,0.6769888997077942,0.02723666839301586,0,0
54,LEFT_HIP,0.4278823733329773,0.7180385589599609,-0.03816971555352211,0,0
54,RIGHT_HIP,0.4533446133136749,0.720454216003418,0.03805733844637871,0,0
54,LEFT_KNEE,0.399898499250412,0.8033952116966248,-0.05294054374098778,0,0
54,RIGHT_KNEE,0.45640677213668823,0.8010193109512329,0.06977392733097076,0,0
54,LEFT_ANKLE,0.38841673731803894,0.9152069091796875,-0.07684435695409775,0,0
54,RIGHT_ANKLE,0.45939937233924866,0.8953378200531006,0.0667240172624588,0,0
54,LEFT_HEEL,0.39417192339897156,0.9370997548103333,-0.07915443927049637,0,0
54,RIGHT_HEEL,0.4605118930339813,0.912627637386322,0.06644999235868454,0,0
54,LEFT_FOOT_INDEX,0.37212705612182617,0.9350641965866089,-0.10215803235769272,0,0
54,RIGHT_FOOT_INDEX,0.4541362524032593,0.9026517868041992,0.05290873348712921,0,0
55,NOSE,0.43208053708076477,0.5464174151420593,0.1551743596792221,0,0
55,LEFT_EYE_INNER,0.43019434809684753,0.5384087562561035,0.13738614320755005,0,0
55,LEFT_EYE,0.42875614762306213,0.5378336310386658,0.13738057017326355,0,0
55,LEFT_EYE_OUTER,0.4273432493209839,0.5378370881080627,0.13737821578979492,0,0
55,RIGHT_EYE_INNER,0.4346756041049957,0.5396328568458557,0.14695902168750763,0,0
55,RIGHT_EYE,0.43639954924583435,0.5398707389831543,0.14697520434856415,0,0
55,RIGHT_EYE_OUTER,0.4380815625190735,0.5401397943496704,0.14691941440105438,0,0
55,LEFT_EAR,0.42507973313331604,0.5415719747543335,0.06955301016569138,0,0
55,RIGHT_EAR,0.4410156309604645,0.5445520877838135,0.11242738366127014,0,0
55,MOUTH_LEFT,0.42982640862464905,0.5517503619194031,0.13291504979133606,0,0
55,MOUTH_RIGHT,0.43432268500328064,0.553458034992218,0.14480535686016083,0,0
55,LEFT_SHOULDER,0.4161839485168457,0.5811075568199158,-0.009541378356516361,0,0
55,RIGHT_SHOULDER,0.4540432393550873,0.5893086791038513,0.11378010362386703,0,0
55,LEFT_ELBOW,0.4156213104724884,0.6409650444984436,-0.06602485477924347,0,0
55,RIGHT_ELBOW,0.4429387152194977,0.6398589015007019,0.10099344700574875,0,0
55,LEFT_WRIST,0.407632440328598,0.6811388731002808,-0.09280459582805634,0,0
55,RIGHT_WRIST,0.4249995946884155,0.6738283038139343,0.07267138361930847,0,0
55,LEFT_PINKY,0.40598493814468384,0.6912630200386047,-0.10916224122047424,0,0
55,RIGHT_PINKY,0.4200722873210907,0.6824812293052673,0.07351692765951157,0,0
55,LEFT_INDEX,0.4059593975543976,0.6882825493812561,-0.10480789840221405,0,0
55,RIGHT_INDEX,0.4175354838371277,0.6810528635978699,0.06598878651857376,0,0
55,LEFT_THUMB,0.40784090757369995,0.6854462623596191,-0.09193911403417587,0,0
55,RIGHT_THUMB,0.4184802174568176,0.6771895289421082,0.06856270879507065,0,0
55,LEFT_HIP,0.42725691199302673,0.7218914031982422,-0.04621333256363869,0,0
55,RIGHT_HIP,0.45266634225845337,0.7215102314949036,0.04614487662911415,0,0
55,LEFT_KNEE,0.3988354802131653,0.8111430406570435,-0.06386275589466095,0,0
55,RIGHT_KNEE,0.4555749297142029,0.8011029958724976,0.08302582055330276,0,0
55,LEFT_ANKLE,0.3896944224834442,0.9235029816627502,-0.09091544151306152,0,0
55,RIGHT_ANKLE,0.4595261216163635,0.8953351378440857,0.07981064170598984,0,0
55,LEFT_HEEL,0.3947978913784027,0.9445053935050964,-0.09340717643499374,0,0
55,RIGHT_HEEL,0.4611104130744934,0.9126331210136414,0.07913084328174591,0,0
55,LEFT_FOOT_INDEX,0.37157171964645386,0.936869204044342,-0.11667963117361069,0,0
55,RIGHT_FOOT_INDEX,0.45304110646247864,0.9027881026268005,0.06859113276004791,0,0
56,NOSE,0.42503058910369873,0.5476409792900085,0.20304536819458008,0,0
56,LEFT_EYE_INNER,0.4231702387332916,0.5404936075210571,0.1845671683549881,0,0
56,LEFT_EYE,0.4218384027481079,0.5404279828071594,0.18455079197883606,0,0
56,LEFT_EYE_OUTER,0.4204739034175873,0.540752112865448,0.1845206469297409,0,0
56,RIGHT_EYE_INNER,0.42760440707206726,0.540512204170227,0.19174930453300476,0,0
56,RIGHT_EYE,0.4293453097343445,0.5403932929039001,0.19175414741039276,0,0
56,RIGHT_EYE_OUTER,0.43121346831321716,0.5403081774711609,0.1917130947113037,0,0
56,LEFT_EAR,0.41860321164131165,0.5449908971786499,0.11041643470525742,0,0
56,RIGHT_EAR,0.43482905626296997,0.5449168682098389,0.14153537154197693,0,0
56,MOUTH_LEFT,0.4231918454170227,0.5533306002616882,0.17891810834407806,0,0
56,MOUTH_RIGHT,0.4278610646724701,0.554128885269165,0.18758974969387054,0,0
56,LEFT_SHOULDER,0.4105842411518097,0.5835393071174622,0.03572269156575203,0,0
56,RIGHT_SHOULDER,0.4525422751903534,0.5925031304359436,0.1281408816576004,0,0
56,LEFT_ELBOW,0.40961042046546936,0.6434937715530396,0.01631498709321022,0,0
56,RIGHT_ELBOW,0.45109909772872925,0.656337320804596,0.15961116552352905,0,0
56,LEFT_WRIST,0.4027763903141022,0.684989869594574,0.04181380197405815,0,0
56,RIGHT_WRIST,0.42866483330726624,0.6813263893127441,0.2034384161233902,0,0
56,LEFT_PINKY,0.4020031690597534,0.696456789970398,0.03650127351284027,0,0
56,RIGHT_PINKY,0.423973023891449,0.6893139481544495,0.21169139444828033,0,0
56,LEFT_INDEX,0.4022689461708069,0.6930291056632996,0.03807077929377556,0,0
56,RIGHT_INDEX,0.41861090064048767,0.6862055659294128,0.2083408385515213,0,0
56,LEFT_THUMB,0.40379729866981506,0.6894674301147461,0.04295697435736656,0,0
56,RIGHT_THUMB,0.4201546907424927,0.6822609901428223,0.20261165499687195,0,0
56,LEFT_HIP,0.4252791106700897,0.7237271070480347,-0.03757108002901077,0,0
56,RIGHT_HIP,0.45211464166641235,0.7230072021484375,0.0375225767493248,0,0
56,LEFT_KNEE,0.3974689841270447,0.8128320574760437,-0.048660244792699814,0,0
56,RIGHT_KNEE,0.4535220265388489,0.8010952472686768,0.07698310911655426,0,0
56,LEFT_ANKLE,0.3901270031929016,0.9239972233772278,-0.08384750038385391,0,0
56,RIGHT_ANKLE,0.4590287506580353,0.8961437940597534,0.056884683668613434,0,0
56,LEFT_HEEL,0.394452303647995,0.9447962045669556,-0.08730434626340866,0,0
56,RIGHT_HEEL,0.4599323570728302,0.9126378297805786,0.05447280406951904,0,0
56,LEFT_FOOT_INDEX,0.37315163016319275,0.936574399471283,-0.10174738615751266,0,0
56,RIGHT_FOOT_INDEX,0.45316043496131897,0.9027040004730225,0.046174123883247375,0,0
57,NOSE,0.42261382937431335,0.5476927161216736,0.19766686856746674,0,0
57,LEFT_EYE_INNER,0.42000895738601685,0.5409564971923828,0.17957338690757751,0,0
57,LEFT_EYE,0.4184831976890564,0.541181206703186,0.17956595122814178,0,0
57,LEFT_EYE_OUTER,0.41700616478919983,0.5417466759681702,0.17954282462596893,0,0
57,RIGHT_EYE_INNER,0.4247421622276306,0.5407163500785828,0.18592944741249084,0,0
57,RIGHT_EYE,0.4265160858631134,0.54073166847229,0.18593581020832062,0,0
57,RIGHT_EYE_OUTER,0.4282333552837372,0.5407600998878479,0.18589407205581665,0,0
57,LEFT_EAR,0.41508981585502625,0.5467055439949036,0.10679247975349426,0,0
57,RIGHT_EAR,0.4318031668663025,0.5453354120254517,0.13361747562885284,0,0
57,MOUTH_LEFT,0.42076921463012695,0.5538420081138611,0.17371805012226105,0,0
57,MOUTH_RIGHT,0.4255465269088745,0.5543312430381775,0.1812712699174881,0,0
57,LEFT_SHOULDER,0.40597185492515564,0.5868993997573853,0.034810226410627365,0,0
57,RIGHT_SHOULDER,0.4515080749988556,0.5945976972579956,0.11943051964044571,0,0
57,LEFT_ELBOW,0.3996102511882782,0.6478449702262878,0.01998165436089039,0,0
57,RIGHT_ELBOW,0.4567944407463074,0.6638352274894714,0.15347179770469666,0,0
57,LEFT_WRIST,0.3961039185523987,0.69191974401474,0.057011622935533524,0,0
57,RIGHT_WRIST,0.437942236661911,0.6824564337730408,0.20202721655368805,0,0
57,LEFT_PINKY,0.3961547613143921,0.7079557180404663,0.05402683839201927,0,0
57,RIGHT_PINKY,0.43085581064224243,0.6952241659164429,0.21058151125907898,0,0
57,LEFT_INDEX,0.3973185420036316,0.7024280428886414,0.05499305948615074,0,0
57,RIGHT_INDEX,0.4257259666919708,0.6922233700752258,0.20725828409194946,0,0
57,LEFT_THUMB,0.39849013090133667,0.6964672207832336,0.05850715562701225,0,0
57,RIGHT_THUMB,0.4265710413455963,0.687385618686676,0.20133277773857117,0,0
57,LEFT_HIP,0.4206753671169281,0.7251189947128296,-0.03431887924671173,0,0
57,RIGHT_HIP,0.449430376291275,0.7245165705680847,0.03428075462579727,0,0
57,LEFT_KNEE,0.39731186628341675,0.8104501962661743,-0.04454575479030609,0,0
57,RIGHT_KNEE,0.45233604311943054,0.8017240762710571,0.07199385017156601,0,0
57,LEFT_ANKLE,0.3910762667655945,0.9220957159996033,-0.07559502124786377,0,0
57,RIGHT_ANKLE,0.4594191312789917,0.8963878154754639,0.05130651220679283,0,0
57,LEFT_HEEL,0.39675387740135193,0.9436811804771423,-0.07881899178028107,0,0
57,RIGHT_HEEL,0.4608851373195648,0.912593424320221,0.048857491463422775,0,0
57,LEFT_FOOT_INDEX,0.37181705236434937,0.936029314994812,-0.09269928187131882,0,0
57,RIGHT_FOOT_INDEX,0.4526100754737854,0.9027824401855469,0.04263220354914665,0,0
58,NOSE,0.4214332699775696,0.5478557348251343,0.1920270174741745,0,0
58,LEFT_EYE_INNER,0.4189479649066925,0.5410249829292297,0.17414435744285583,0,0
58,LEFT_EYE,0.41749897599220276,0.5411935448646545,0.1741328239440918,0,0
58,LEFT_EYE_OUTER,0.4160377085208893,0.5417743921279907,0.17411614954471588,0,0
58,RIGHT_EYE_INNER,0.42359551787376404,0.5408669710159302,0.18051913380622864,0,0
58,RIGHT_EYE,0.42527639865875244,0.5408526659011841,0.18053290247917175,0,0
58,RIGHT_EYE_OUTER,0.4270767867565155,0.5408645272254944,0.1804923266172409,0,0
58,LEFT_EAR,0.4145282506942749,0.5467513203620911,0.10358687490224838,0,0
58,RIGHT_EAR,0.43118682503700256,0.545279860496521,0.13011911511421204,0,0
58,MOUTH_LEFT,0.4194992780685425,0.5539156794548035,0.1687910258769989,0,0
58,MOUTH_RIGHT,0.42423906922340393,0.5545597076416016,0.17642813920974731,0,0
58,LEFT_SHOULDER,0.40486428141593933,0.5868259072303772,0.03146275132894516,0,0
58,RIGHT_SHOULDER,0.4507147967815399,0.5953041315078735,0.11601707339286804,0,0
58,LEFT_ELBOW,0.3994470536708832,0.6482742428779602,-0.01142305601388216,0,0
58,RIGHT_ELBOW,0.45739462971687317,0.6638191938400269,0.12356781214475632,0,0
58,LEFT_WRIST,0.3959426283836365,0.6958198547363281,-0.017306644469499588,0,0
58,RIGHT_WRIST,0.44037923216819763,0.6851624250411987,0.13167685270309448,0,0
58,LEFT_PINKY,0.3958612382411957,0.7112329602241516,-0.027439875528216362,0,0
58,RIGHT_PINKY,0.43568599224090576,0.6981422305107117,0.13510629534721375,0,0
58,LEFT_INDEX,0.3972110152244568,0.70594722032547,-0.023162610828876495,0,0
58,RIGHT_INDEX,0.4313574433326721,0.6950065493583679,0.1338213086128235,0,0
58,LEFT_THUMB,0.3981485068798065,0.7000317573547363,-0.015491187572479248,0,0
58,RIGHT_THUMB,0.43222030997276306,0.6899629235267639,0.1309293955564499,0,0
58,LEFT_HIP,0.4195778965950012,0.7263481020927429,-0.033149901777505875,0,0
58,RIGHT_HIP,0.4484672546386719,0.7253291606903076,0.033108823001384735,0,0
58,LEFT_KNEE,0.397013396024704,0.8116020560264587,-0.042759161442518234,0,0
58,RIGHT_KNEE,0.45211198925971985,0.8024105429649353,0.07130727916955948,0,0
58,LEFT_ANKLE,0.39080196619033813,0.9238442182540894,-0.07328614592552185,0,0
58,RIGHT_ANKLE,0.45965152978897095,0.8976002335548401,0.052226848900318146,0,0
58,LEFT_HEEL,0.3966943919658661,0.9452349543571472,-0.07647306472063065,0,0
58,RIGHT_HEEL,0.4608340263366699,0.9126472473144531,0.0497884601354599,0,0
58,LEFT_FOOT_INDEX,0.3714900612831116,0.9365530014038086,-0.09100715816020966,0,0
58,RIGHT_FOOT_INDEX,0.4530107080936432,0.9029738903045654,0.041207205504179,0,0
59,NOSE,0.4207476079463959,0.5479006767272949,0.22259707748889923,0,0
59,LEFT_EYE_INNER,0.41783058643341064,0.5410102605819702,0.20440080761909485,0,0
59,LEFT_EYE,0.4162382483482361,0.5411936640739441,0.20439253747463226,0,0
59,LEFT_EYE_OUTER,0.41472098231315613,0.5417702794075012,0.20436754822731018,0,0
59,RIGHT_EYE_INNER,0.42252811789512634,0.5407862067222595,0.20901226997375488,0,0
59,RIGHT_EYE,0.4241701066493988,0.5407001972198486,0.20902590453624725,0,0
59,RIGHT_EYE_OUTER,0.4258418083190918,0.5406479835510254,0.208990678191185,0,0
59,LEFT_EAR,0.4125586450099945,0.5469985604286194,0.12751848995685577,0,0
59,RIGHT_EAR,0.42927294969558716,0.5449804663658142,0.146885484457016,0,0
59,MOUTH_LEFT,0.4186088740825653,0.5540177226066589,0.19709931313991547,0,0
59,MOUTH_RIGHT,0.4232940673828125,0.554715096950531,0.2024901658296585,0,0
59,LEFT_SHOULDER,0.40096622705459595,0.5890490412712097,0.05542340129613876,0,0
59,RIGHT_SHOULDER,0.44989123940467834,0.5953981280326843,0.12004128843545914,0,0
59,LEFT_ELBOW,0.39173027873039246,0.6529580354690552,0.04899566248059273,0,0
59,RIGHT_ELBOW,0.4588538706302643,0.6639741659164429,0.14051339030265808,0,0
59,LEFT_WRIST,0.39286959171295166,0.6984661817550659,0.09348038583993912,0,0
59,RIGHT_WRIST,0.44302746653556824,0.6884268522262573,0.1762138158082962,0,0
59,LEFT_PINKY,0.39376115798950195,0.715121865272522,0.0931713879108429,0,0
59,RIGHT_PINKY,0.43905219435691833,0.7013899087905884,0.1826290339231491,0,0
59,LEFT_INDEX,0.39531663060188293,0.7081140875816345,0.09472043812274933,0,0
59,RIGHT_INDEX,0.4345494210720062,0.6971898674964905,0.18189670145511627,0,0
59,LEFT_THUMB,0.39623886346817017,0.70185387134552,0.09547863155603409,0,0
59,RIGHT_THUMB,0.4351726174354553,0.6922723054885864,0.1764051616191864,0,0
59,LEFT_HIP,0.41662609577178955,0.7269734740257263,-0.02978225238621235,0,0
59,RIGHT_HIP,0.44677895307540894,0.7252911925315857,0.029792021960020065,0,0
59,LEFT_KNEE,0.39516183733940125,0.8108323812484741,-0.033233605325222015,0,0
59,RIGHT_KNEE,0.45217975974082947,0.8024722337722778,0.06681158393621445,0,0
59,LEFT_ANKLE,0.38979655504226685,0.921210765838623,-0.07262452691793442,0,0
59,RIGHT_ANKLE,0.45960119366645813,0.8975292444229126,0.030785102397203445,0,0
59,LEFT_HEEL,0.3956838846206665,0.9431145191192627,-0.0756627768278122,0,0
59,RIGHT_HEEL,0.4606005847454071,0.912412166595459,0.026342419907450676,0,0
59,LEFT_FOOT_INDEX,0.37142398953437805,0.9352357983589172,-0.08553741127252579,0,0
59,RIGHT_FOOT_INDEX,0.4564758539199829,0.902759313583374,0.021050037816166878,0,0
60,NOSE,0.41916054487228394,0.5471586585044861,0.22205570340156555,0,0
60,LEFT_EYE_INNER,0.4162312150001526,0.540069043636322,0.20377254486083984,0,0
60,LEFT_EYE,0.41446587443351746,0.5403509140014648,0.20376785099506378,0,0
60,LEFT_EYE_OUTER,0.4128178656101227,0.5410165786743164,0.20374485850334167,0,0
60,RIGHT_EYE_INNER,0.4214124381542206,0.5396924614906311,0.20798276364803314,0,0
60,RIGHT_EYE,0.4231390357017517,0.5395505428314209,0.20800191164016724,0,0
60,RIGHT_EYE_OUTER,0.4247211813926697,0.5394878387451172,0.20797233283519745,0,0
60,LEFT_EAR,0.4108561873435974,0.5468936562538147,0.12606944143772125,0,0
60,RIGHT_EAR,0.4280277192592621,0.544033408164978,0.143979012966156,0,0
60,MOUTH_LEFT,0.41672423481941223,0.553989827632904,0.19629815220832825,0,0
60,MOUTH_RIGHT,0.4219265580177307,0.5543309450149536,0.2012733519077301,0,0
60,LEFT_SHOULDER,0.39704903960227966,0.5893685221672058,0.059212639927864075,0,0
60,RIGHT_SHOULDER,0.4488010108470917,0.5951517224311829,0.11663850396871567,0,0
60,LEFT_ELBOW,0.38505420088768005,0.6567177772521973,0.06605352461338043,0,0
60,RIGHT_ELBOW,0.45909926295280457,0.6650435328483582,0.13560928404331207,0,0
60,LEFT_WRIST,0.3905342221260071,0.6987144351005554,0.12453024089336395,0,0
60,RIGHT_WRIST,0.4429725110530853,0.6929778456687927,0.17741769552230835,0,0
60,LEFT_PINKY,0.3924216628074646,0.7138432264328003,0.12799933552742004,0,0
60,RIGHT_PINKY,0.43969252705574036,0.7082333564758301,0.1843002587556839,0,0
60,LEFT_INDEX,0.394599586725235,0.7064952254295349,0.12858933210372925,0,0
60,RIGHT_INDEX,0.4350743293762207,0.7019826173782349,0.18442639708518982,0,0
60,LEFT_THUMB,0.39487355947494507,0.7009954452514648,0.12655267119407654,0,0
60,RIGHT_THUMB,0.43541181087493896,0.6965630054473877,0.17824064195156097,0,0
60,LEFT_HIP,0.4125293791294098,0.7269066572189331,-0.023846162483096123,0,0
60,RIGHT_HIP,0.4440722167491913,0.7252475023269653,0.023835528641939163,0,0
60,LEFT_KNEE,0.3927375376224518,0.8111059665679932,-0.01878100074827671,0,0
60,RIGHT_KNEE,0.45231160521507263,0.8005564212799072,0.06189630925655365,0,0
60,LEFT_ANKLE,0.3894215524196625,0.920877993106842,-0.0698433592915535,0,0
60,RIGHT_ANKLE,0.4597366452217102,0.8972238898277283,0.012576193548738956,0,0
60,LEFT_HEEL,0.3952634930610657,0.9434967041015625,-0.07559177279472351,0,0
60,RIGHT_HEEL,0.460409939289093,0.9120581746101379,0.006924076471477747,0,0
60,LEFT_FOOT_INDEX,0.37133726477622986,0.9350192546844482,-0.08260636031627655,0,0
60,RIGHT_FOOT_INDEX,0.45907431840896606,0.9027431607246399,0.0018133160192519426,0,0
61,NOSE,0.418995201587677,0.5457879900932312,0.20707541704177856,0,0
61,LEFT_EYE_INNER,0.4159068465232849,0.5385667085647583,0.18986698985099792,0,0
61,LEFT_EYE,0.41409704089164734,0.5388001203536987,0.18985337018966675,0,0
61,LEFT_EYE_OUTER,0.4123792350292206,0.5393775701522827,0.18983618915081024,0,0
61,RIGHT_EYE_INNER,0.42105868458747864,0.5382254719734192,0.19552114605903625,0,0
61,RIGHT_EYE,0.42262446880340576,0.5380688905715942,0.19552470743656158,0,0
61,RIGHT_EYE_OUTER,0.4241410493850708,0.537944495677948,0.19546988606452942,0,0
61,LEFT_EAR,0.4101937413215637,0.545971691608429,0.11939003318548203,0,0
61,RIGHT_EAR,0.42724114656448364,0.5427176356315613,0.1306086927652359,0,0
61,MOUTH_LEFT,0.4166048765182495,0.553396999835968,0.18340887129306793,0,0
61,MOUTH_RIGHT,0.42194193601608276,0.5533760786056519,0.1902691274881363,0,0
61,LEFT_SHOULDER,0.3928658664226532,0.590461790561676,0.052472930401563644,0,0
61,RIGHT_SHOULDER,0.4476681649684906,0.593847393989563,0.09892882406711578,0,0
61,LEFT_ELBOW,0.3790619969367981,0.6614202857017517,0.07467589527368546,0,0
61,RIGHT_ELBOW,0.45877882838249207,0.6633012294769287,0.1316336840391159,0,0
61,LEFT_WRIST,0.391584575176239,0.701263427734375,0.15195634961128235,0,0
61,RIGHT_WRIST,0.4422186613082886,0.6932017207145691,0.1878156214952469,0,0
61,LEFT_PINKY,0.3936009407043457,0.7147518992424011,0.1590772420167923,0,0
61,RIGHT_PINKY,0.4386957287788391,0.7086930871009827,0.19690224528312683,0,0
61,LEFT_INDEX,0.3967086970806122,0.7070727348327637,0.15808919072151184,0,0
61,RIGHT_INDEX,0.43426159024238586,0.7016895413398743,0.1979038417339325,0,0
61,LEFT_THUMB,0.39719870686531067,0.7013885974884033,0.1537601500749588,0,0
61,RIGHT_THUMB,0.4345608353614807,0.6962416768074036,0.18959857523441315,0,0
61,LEFT_HIP,0.40973472595214844,0.7267036437988281,-0.02091323398053646,0,0
61,RIGHT_HIP,0.4418056309223175,0.7243044376373291,0.02090299315750599,0,0
61,LEFT_KNEE,0.39106494188308716,0.8108407855033875,-0.01460481621325016,0,0
61,RIGHT_KNEE,0.45275118947029114,0.7986436486244202,0.06248621642589569,0,0
61,LEFT_ANKLE,0.38921695947647095,0.9206475019454956,-0.040855903178453445,0,0
61,RIGHT_ANKLE,0.4606400430202484,0.8969932794570923,0.020636577159166336,0,0
61,LEFT_HEEL,0.3949814438819885,0.9434801936149597,-0.043553709983825684,0,0
61,RIGHT_HEEL,0.4622027575969696,0.9118479490280151,0.017618557438254356,0,0
61,LEFT_FOOT_INDEX,0.3716594874858856,0.9351634383201599,-0.05045609176158905,0,0
61,RIGHT_FOOT_INDEX,0.4589311480522156,0.902388870716095,0.024096718057990074,0,0
62,NOSE,0.41926854848861694,0.5424598455429077,0.20359580218791962,0,0
62,LEFT_EYE_INNER,0.4162195324897766,0.5349922180175781,0.18788470327854156,0,0
62,LEFT_EYE,0.4142439067363739,0.5351955890655518,0.18782250583171844,0,0
62,LEFT_EYE_OUTER,0.41228634119033813,0.5357019305229187,0.18781664967536926,0,0
62,RIGHT_EYE_INNER,0.4212247133255005,0.5348897576332092,0.19320827722549438,0,0
62,RIGHT_EYE,0.42270347476005554,0.534858226776123,0.19328919053077698,0,0
62,RIGHT_EYE_OUTER,0.4240797162055969,0.5348217487335205,0.19330325722694397,0,0
62,LEFT_EAR,0.4094164967536926,0.5429401397705078,0.11528334766626358,0,0
62,RIGHT_EAR,0.4266735911369324,0.54002445936203,0.12428627908229828,0,0
62,MOUTH_LEFT,0.41695359349250793,0.5509514212608337,0.18050621449947357,0,0
62,MOUTH_RIGHT,0.4223455488681793,0.5506027936935425,0.18907006084918976,0,0
62,LEFT_SHOULDER,0.39051294326782227,0.5904279351234436,0.05100187286734581,0,0
62,RIGHT_SHOULDER,0.44639846682548523,0.5915043950080872,0.09387025237083435,0,0
62,LEFT_ELBOW,0.37577953934669495,0.660967230796814,0.07803475856781006,0,0
62,RIGHT_ELBOW,0.45858505368232727,0.6617258787155151,0.12738758325576782,0,0
62,LEFT_WRIST,0.3931276202201843,0.696723222732544,0.1572680026292801,0,0
62,RIGHT_WRIST,0.4420662224292755,0.6909551024436951,0.1784535050392151,0,0
62,LEFT_PINKY,0.39497941732406616,0.7101262211799622,0.16594156622886658,0,0
62,RIGHT_PINKY,0.43791112303733826,0.7048861384391785,0.18690183758735657,0,0
62,LEFT_INDEX,0.3969581723213196,0.703498125076294,0.16449423134326935,0,0
62,RIGHT_INDEX,0.4337139129638672,0.6982178092002869,0.18783600628376007,0,0
62,LEFT_THUMB,0.39840057492256165,0.6982239484786987,0.1589353084564209,0,0
62,RIGHT_THUMB,0.43419089913368225,0.6932543516159058,0.18010759353637695,0,0
62,LEFT_HIP,0.40756216645240784,0.7262244820594788,-0.019641170278191566,0,0
62,RIGHT_HIP,0.44026410579681396,0.7226048707962036,0.019633157178759575,0,0
62,LEFT_KNEE,0.3898915946483612,0.8115664720535278,-0.016338571906089783,0,0
62,RIGHT_KNEE,0.4538586437702179,0.7983758449554443,0.05665092542767525,0,0
62,LEFT_ANKLE,0.38904646039009094,0.9214072823524475,-0.04993729293346405,0,0
62,RIGHT_ANKLE,0.4626620411872864,0.8969247937202454,0.017787562683224678,0,0
62,LEFT_HEEL,0.3947729468345642,0.9451498985290527,-0.05342898517847061,0,0
62,RIGHT_HEEL,0.4636930525302887,0.9118502140045166,0.013527638278901577,0,0
62,LEFT_FOOT_INDEX,0.3721598982810974,0.9353522658348083,-0.061636388301849365,0,0
62,RIGHT_FOOT_INDEX,0.45984286069869995,0.9024838209152222,0.012722098268568516,0,0
63,NOSE,0.4191335141658783,0.5409775972366333,0.19800704717636108,0,0
63,LEFT_EYE_INNER,0.4160882532596588,0.5335455536842346,0.1809895932674408,0,0
63,LEFT_EYE,0.41413846611976624,0.5337921977043152,0.18098777532577515,0,0
63,LEFT_EYE_OUTER,0.4121650457382202,0.5343067646026611,0.18096508085727692,0,0
63,RIGHT_EYE_INNER,0.42105087637901306,0.5333844423294067,0.18361838161945343,0,0
63,RIGHT_EYE,0.422510027885437,0.5333312153816223,0.18368425965309143,0,0
63,RIGHT_EYE_OUTER,0.42390042543411255,0.533294141292572,0.18368616700172424,0,0
63,LEFT_EAR,0.40906164050102234,0.5413759350776672,0.10890209674835205,0,0
63,RIGHT_EAR,0.42672058939933777,0.5385599732398987,0.11764492839574814,0,0
63,MOUTH_LEFT,0.4169466197490692,0.5496473908424377,0.17525123059749603,0,0
63,MOUTH_RIGHT,0.42234453558921814,0.5492110252380371,0.17909108102321625,0,0
63,LEFT_SHOULDER,0.38981372117996216,0.5905303955078125,0.0490543507039547,0,0
63,RIGHT_SHOULDER,0.4461885690689087,0.5896254181861877,0.08952177315950394,0,0
63,LEFT_ELBOW,0.37525230646133423,0.661647379398346,0.07845725864171982,0,0
63,RIGHT_ELBOW,0.4585656225681305,0.6620470285415649,0.12588907778263092,0,0
63,LEFT_WRIST,0.394375205039978,0.6945880651473999,0.16086912155151367,0,0
63,RIGHT_WRIST,0.4416317045688629,0.6891047358512878,0.18546821177005768,0,0
63,LEFT_PINKY,0.39587467908859253,0.7077222466468811,0.16970817744731903,0,0
63,RIGHT_PINKY,0.43760836124420166,0.7024000287055969,0.19484981894493103,0,0
63,LEFT_INDEX,0.39892616868019104,0.7015999555587769,0.16815008223056793,0,0
63,RIGHT_INDEX,0.4336487352848053,0.6956998705863953,0.19658532738685608,0,0
63,LEFT_THUMB,0.39863118529319763,0.6966533064842224,0.16249649226665497,0,0
63,RIGHT_THUMB,0.43393951654434204,0.6911148428916931,0.1875849813222885,0,0
63,LEFT_HIP,0.4075567424297333,0.7260737419128418,-0.019673356786370277,0,0
63,RIGHT_HIP,0.4398391842842102,0.7219982147216797,0.019665129482746124,0,0
63,LEFT_KNEE,0.3894835114479065,0.8119588494300842,-0.011990636587142944,0,0
63,RIGHT_KNEE,0.4539221525192261,0.7978945970535278,0.06395485997200012,0,0
63,LEFT_ANKLE,0.3890214264392853,0.9214226007461548,-0.032748229801654816,0,0
63,RIGHT_ANKLE,0.4631093442440033,0.8957792520523071,0.04619411751627922,0,0
63,LEFT_HEEL,0.39405813813209534,0.9449021816253662,-0.034789737313985825,0,0
63,RIGHT_HEEL,0.46359893679618835,0.9114786982536316,0.043966665863990784,0,0
63,LEFT_FOOT_INDEX,0.3734326660633087,0.9339585900306702,-0.040356479585170746,0,0
63,RIGHT_FOOT_INDEX,0.4597321152687073,0.9023852348327637,0.04567565396428108,0,0
64,NOSE,0.41940534114837646,0.5403279066085815,0.1868152916431427,0,0
64,LEFT_EYE_INNER,0.4162648320198059,0.5329312682151794,0.16965515911579132,0,0
64,LEFT_EYE,0.414339542388916,0.5332154035568237,0.16967442631721497,0,0
64,LEFT_EYE_OUTER,0.4123723804950714,0.533729076385498,0.1696474850177765,0,0
64,RIGHT_EYE_INNER,0.4212878346443176,0.5326479077339172,0.17234079539775848,0,0
64,RIGHT_EYE,0.42275068163871765,0.532581627368927,0.1723800003528595,0,0
64,RIGHT_EYE_OUTER,0.42425286769866943,0.5325507521629333,0.17235824465751648,0,0
64,LEFT_EAR,0.40937843918800354,0.5404917597770691,0.10111638158559799,0,0
64,RIGHT_EAR,0.42687591910362244,0.537722647190094,0.11180710047483444,0,0
64,MOUTH_LEFT,0.41738584637641907,0.5487355589866638,0.16520336270332336,0,0
64,MOUTH_RIGHT,0.42273804545402527,0.5483309030532837,0.16826003789901733,0,0
64,LEFT_SHOULDER,0.3904338479042053,0.5901671648025513,0.04799104109406471,0,0
64,RIGHT_SHOULDER,0.44609296321868896,0.5876012444496155,0.08549237251281738,0,0
64,LEFT_ELBOW,0.37622565031051636,0.660868227481842,0.09216500073671341,0,0
64,RIGHT_ELBOW,0.45831209421157837,0.6614313125610352,0.1288522332906723,0,0
64,LEFT_WRIST,0.39697331190109253,0.6880669593811035,0.1910194605588913,0,0
64,RIGHT_WRIST,0.44016262888908386,0.688781201839447,0.20510317385196686,0,0
64,LEFT_PINKY,0.40266329050064087,0.6976099610328674,0.20289351046085358,0,0
64,RIGHT_PINKY,0.43494096398353577,0.7007893919944763,0.21704377233982086,0,0
64,LEFT_INDEX,0.4054641127586365,0.6916619539260864,0.20087958872318268,0,0
64,RIGHT_INDEX,0.4315430521965027,0.6928014755249023,0.21833060681819916,0,0
64,LEFT_THUMB,0.403617262840271,0.6871485114097595,0.19293718039989471,0,0
64,RIGHT_THUMB,0.4321613609790802,0.6881483197212219,0.20748430490493774,0,0
64,LEFT_HIP,0.40720298886299133,0.7260071635246277,-0.018347477540373802,0,0
64,RIGHT_HIP,0.4390955865383148,0.7212046384811401,0.018326301127672195,0,0
64,LEFT_KNEE,0.3885349929332733,0.8125669956207275,-0.014866364188492298,0,0
64,RIGHT_KNEE,0.45430099964141846,0.7974661588668823,0.06306738406419754,0,0
64,LEFT_ANKLE,0.3888874650001526,0.9210744500160217,-0.03125295415520668,0,0
64,RIGHT_ANKLE,0.46423059701919556,0.8958361744880676,0.05128695070743561,0,0
64,LEFT_HEEL,0.3937207758426666,0.9446768760681152,-0.03240998089313507,0,0
64,RIGHT_HEEL,0.46404731273651123,0.9121015667915344,0.05010589584708214,0,0
64,LEFT_FOOT_INDEX,0.373810350894928,0.933773398399353,-0.03440465033054352,0,0
64,RIGHT_FOOT_INDEX,0.46163561940193176,0.9025178551673889,0.05432504415512085,0,0
65,NOSE,0.4206249415874481,0.5395558476448059,0.16997939348220825,0,0
65,LEFT_EYE_INNER,0.4176006019115448,0.5320029854774475,0.15310882031917572,0,0
65,LEFT_EYE,0.415687620639801,0.5322821736335754,0.15313132107257843,0,0
65,LEFT_EYE_OUTER,0.41376808285713196,0.5327759385108948,0.15310721099376678,0,0
65,RIGHT_EYE_INNER,0.4225059151649475,0.5317330360412598,0.15514421463012695,0,0
65,RIGHT_EYE,0.42401453852653503,0.5317209959030151,0.1551656574010849,0,0
65,RIGHT_EYE_OUTER,0.4255524277687073,0.5317171216011047,0.15513090789318085,0,0
65,LEFT_EAR,0.4107307195663452,0.5394704341888428,0.08815165609121323,0,0
65,RIGHT_EAR,0.42780086398124695,0.536881685256958,0.0960986390709877,0,0
65,MOUTH_LEFT,0.4186181128025055,0.5477086305618286,0.14990131556987762,0,0
65,MOUTH_RIGHT,0.4238656163215637,0.5475000143051147,0.15196119248867035,0,0
65,LEFT_SHOULDER,0.3913971781730652,0.5899264812469482,0.04733755439519882,0,0
65,RIGHT_SHOULDER,0.4465767443180084,0.5867037773132324,0.07124081999063492,0,0
65,LEFT_ELBOW,0.37726640701293945,0.65958172082901,0.10437534004449844,0,0
65,RIGHT_ELBOW,0.4580557942390442,0.6613323092460632,0.1272319257259369,0,0
65,LEFT_WRIST,0.4017017185688019,0.6792132258415222,0.21718302369117737,0,0
65,RIGHT_WRIST,0.43888288736343384,0.6844668388366699,0.22362159192562103,0,0
65,LEFT_PINKY,0.40801191329956055,0.6860601305961609,0.23242513835430145,0,0
65,RIGHT_PINKY,0.4333662688732147,0.6943495869636536,0.23919367790222168,0,0
65,LEFT_INDEX,0.4100898206233978,0.6804295778274536,0.23007480800151825,0,0
65,RIGHT_INDEX,0.43012264370918274,0.6834653615951538,0.24100056290626526,0,0
65,LEFT_THUMB,0.40807464718818665,0.6766989231109619,0.21934202313423157,0,0
65,RIGHT_THUMB,0.4309290647506714,0.6805466413497925,0.22698229551315308,0,0
65,LEFT_HIP,0.407358318567276,0.7267065644264221,-0.012793169356882572,0,0
65,RIGHT_HIP,0.438469260931015,0.7220619320869446,0.012728712521493435,0,0
65,LEFT_KNEE,0.38819169998168945,0.813525915145874,-0.006826756522059441,0,0
65,RIGHT_KNEE,0.45532768964767456,0.7973796129226685,0.06205514818429947,0,0
65,LEFT_ANKLE,0.38866740465164185,0.9208625555038452,-0.010811138898134232,0,0
65,RIGHT_ANKLE,0.46581003069877625,0.8972005248069763,0.060801565647125244,0,0
65,LEFT_HEEL,0.3934142291545868,0.9443668723106384,-0.010149070993065834,0,0
65,RIGHT_HEEL,0.4639485776424408,0.9138092398643494,0.061317794024944305,0,0
65,LEFT_FOOT_INDEX,0.37480485439300537,0.9335121512413025,-0.006584917660802603,0,0
65,RIGHT_FOOT_INDEX,0.46656760573387146,0.9026352763175964,0.06932618468999863,0,0
66,NOSE,0.4211503267288208,0.5380182266235352,0.16098946332931519,0,0
66,LEFT_EYE_INNER,0.41829314827919006,0.5304387807846069,0.14453032612800598,0,0
66,LEFT_EYE,0.41640979051589966,0.5306462645530701,0.14455260336399078,0,0
66,LEFT_EYE_OUTER,0.4145861566066742,0.5310530662536621,0.14453183114528656,0,0
66,RIGHT_EYE_INNER,0.4231562316417694,0.5304307341575623,0.14614687860012054,0,0
66,RIGHT_EYE,0.42461034655570984,0.5305184125900269,0.14615917205810547,0,0
66,RIGHT_EYE_OUTER,0.42601171135902405,0.5306113362312317,0.14611969888210297,0,0
66,LEFT_EAR,0.41187921166419983,0.5374018549919128,0.0810277983546257,0,0
66,RIGHT_EAR,0.42875397205352783,0.5356901288032532,0.08745892345905304,0,0
66,MOUTH_LEFT,0.41880401968955994,0.545852780342102,0.14144493639469147,0,0
66,MOUTH_RIGHT,0.42412418127059937,0.5459131598472595,0.14307241141796112,0,0
66,LEFT_SHOULDER,0.39270928502082825,0.588908314704895,0.04684842750430107,0,0
66,RIGHT_SHOULDER,0.44706571102142334,0.5861650705337524,0.0602027028799057,0,0
66,LEFT_ELBOW,0.38037869334220886,0.6588084101676941,0.11019615083932877,0,0
66,RIGHT_ELBOW,0.45745667815208435,0.6612083315849304,0.12099651247262955,0,0
66,LEFT_WRIST,0.4064803123474121,0.6730654835700989,0.2212284356355667,0,0
66,RIGHT_WRIST,0.43805304169654846,0.6810211539268494,0.2193865329027176,0,0
66,LEFT_PINKY,0.41196829080581665,0.6793769598007202,0.23761670291423798,0,0
66,RIGHT_PINKY,0.43285641074180603,0.6909480094909668,0.23598313331604004,0,0
66,LEFT_INDEX,0.41395485401153564,0.6737306714057922,0.23545823991298676,0,0
66,RIGHT_INDEX,0.4296519458293915,0.6788921356201172,0.23654504120349884,0,0
66,LEFT_THUMB,0.4121527373790741,0.670878529548645,0.22349579632282257,0,0
66,RIGHT_THUMB,0.4304668605327606,0.6762351989746094,0.22248107194900513,0,0
66,LEFT_HIP,0.407467246055603,0.7265663146972656,-0.0065790629014372826,0,0
66,RIGHT_HIP,0.4383781850337982,0.7222787737846375,0.006475688889622688,0,0
66,LEFT_KNEE,0.3883891999721527,0.8136581182479858,0.0035858270712196827,0,0
66,RIGHT_KNEE,0.45713329315185547,0.7971702814102173,0.05865461006760597,0,0
66,LEFT_ANKLE,0.38867852091789246,0.9209349155426025,-0.01687600277364254,0,0
66,RIGHT_ANKLE,0.4657439887523651,0.8983803987503052,0.04800082743167877,0,0
66,LEFT_HEEL,0.39335596561431885,0.9449464678764343,-0.018078850582242012,0,0
66,RIGHT_HEEL,0.4636490046977997,0.9161955118179321,0.04859885200858116,0,0
66,LEFT_FOOT_INDEX,0.37505581974983215,0.9332625865936279,-0.016386540606617928,0,0
66,RIGHT_FOOT_INDEX,0.47413718700408936,0.9043014645576477,0.053914956748485565,0,0
67,NOSE,0.4216540455818176,0.537360668182373,0.1618671715259552,0,0
67,LEFT_EYE_INNER,0.41886746883392334,0.5297448039054871,0.14583325386047363,0,0
67,LEFT_EYE,0.4170014262199402,0.5299443006515503,0.14585383236408234,0,0
67,LEFT_EYE_OUTER,0.4152070879936218,0.5303386449813843,0.1458291858434677,0,0
67,RIGHT_EYE_INNER,0.42374271154403687,0.5297548770904541,0.14703665673732758,0,0
67,RIGHT_EYE,0.4252113699913025,0.5298515558242798,0.14705102145671844,0,0
67,RIGHT_EYE_OUTER,0.4266056418418884,0.5299575924873352,0.1470126509666443,0,0
67,LEFT_EAR,0.41251131892204285,0.5364687442779541,0.08358278125524521,0,0
67,RIGHT_EAR,0.42936626076698303,0.5350043773651123,0.08815456181764603,0,0
67,MOUTH_LEFT,0.41909557580947876,0.5450952053070068,0.14278843998908997,0,0
67,MOUTH_RIGHT,0.4244456887245178,0.5452235341072083,0.14386075735092163,0,0
67,LEFT_SHOULDER,0.3931640088558197,0.5883029699325562,0.04822402074933052,0,0
67,RIGHT_SHOULDER,0.4473957121372223,0.5860506892204285,0.06109302118420601,0,0
67,LEFT_ELBOW,0.3815099000930786,0.6582556366920471,0.1108718067407608,0,0
67,RIGHT_ELBOW,0.4572840929031372,0.6610973477363586,0.11879517883062363,0,0
67,LEFT_WRIST,0.40767908096313477,0.673675000667572,0.21804805099964142,0,0
67,RIGHT_WRIST,0.4375203251838684,0.6787562966346741,0.21596458554267883,0,0
67,LEFT_PINKY,0.41263455152511597,0.6802515387535095,0.23362882435321808,0,0
67,RIGHT_PINKY,0.432546466588974,0.6888309717178345,0.2314019501209259,0,0
67,LEFT_INDEX,0.41461846232414246,0.6749890446662903,0.23072050511837006,0,0
67,RIGHT_INDEX,0.42934900522232056,0.6771615743637085,0.23236745595932007,0,0
67,LEFT_THUMB,0.4129658043384552,0.6714189648628235,0.21985258162021637,0,0
67,RIGHT_THUMB,0.43014684319496155,0.674481213092804,0.21908235549926758,0,0
67,LEFT_HIP,0.40755951404571533,0.7264419198036194,-0.006481376942247152,0,0
67,RIGHT_HIP,0.4384509325027466,0.722386360168457,0.0063879769295454025,0,0
67,LEFT_KNEE,0.38848406076431274,0.8134344220161438,0.006941346917301416,0,0
67,RIGHT_KNEE,0.45743364095687866,0.7969582080841064,0.059478092938661575,0,0
67,LEFT_ANKLE,0.38862255215644836,0.9207932949066162,-0.01222548820078373,0,0
67,RIGHT_ANKLE,0.46608617901802063,0.8988333940505981,0.046862900257110596,0,0
67,LEFT_HEEL,0.3933238387107849,0.9446243643760681,-0.013320913538336754,0,0
67,RIGHT_HEEL,0.46352261304855347,0.9168500304222107,0.046200525015592575,0,0
67,LEFT_FOOT_INDEX,0.37484318017959595,0.9338833689689636,-0.011848121881484985,0,0
67,RIGHT_FOOT_INDEX,0.4727911949157715,0.9043827652931213,0.04880797490477562,0,0
68,NOSE,0.42204490303993225,0.5373062491416931,0.16335025429725647,0,0
68,LEFT_EYE_INNER,0.41928380727767944,0.5295976400375366,0.14728859066963196,0,0
68,LEFT_EYE,0.417440801858902,0.5297847986221313,0.1473076492547989,0,0
68,LEFT_EYE_OUTER,0.4156516194343567,0.5301712155342102,0.14728198945522308,0,0
68,RIGHT_EYE_INNER,0.4241454005241394,0.5296189188957214,0.1486506313085556,0,0
68,RIGHT_EYE,0.42563629150390625,0.5297104120254517,0.14866401255130768,0,0
68,RIGHT_EYE_OUTER,0.4270578622817993,0.5298157930374146,0.14862561225891113,0,0
68,LEFT_EAR,0.4128815829753876,0.5362045168876648,0.08469192683696747,0,0
68,RIGHT_EAR,0.4297402799129486,0.534808337688446,0.0897984504699707,0,0
68,MOUTH_LEFT,0.4193808138370514,0.544971764087677,0.14403285086154938,0,0
68,MOUTH_RIGHT,0.42469194531440735,0.5451033115386963,0.14528679847717285,0,0
68,LEFT_SHOULDER,0.3934277892112732,0.587810754776001,0.04847691208124161,0,0
68,RIGHT_SHOULDER,0.44761088490486145,0.5859463214874268,0.06323491781949997,0,0
68,LEFT_ELBOW,0.3815964162349701,0.6579235792160034,0.11098524928092957,0,0
68,RIGHT_ELBOW,0.4570278525352478,0.6609622836112976,0.1196347028017044,0,0
68,LEFT_WRIST,0.40762802958488464,0.6736935377120972,0.22072355449199677,0,0
68,RIGHT_WRIST,0.436528742313385,0.674657940864563,0.22499071061611176,0,0
68,LEFT_PINKY,0.41248273849487305,0.6799960732460022,0.23692038655281067,0,0
68,RIGHT_PINKY,0.4312483072280884,0.6824942231178284,0.2413719743490219,0,0
68,LEFT_INDEX,0.41450539231300354,0.6748253703117371,0.23343825340270996,0,0
68,RIGHT_INDEX,0.4284854233264923,0.6726980209350586,0.24289026856422424,0,0
68,LEFT_THUMB,0.4129061996936798,0.6710883378982544,0.22242572903633118,0,0
68,RIGHT_THUMB,0.42935749888420105,0.6705396175384521,0.22843466699123383,0,0
68,LEFT_HIP,0.4074329137802124,0.7263544797897339,-0.006953258998692036,0,0
68,RIGHT_HIP,0.43835631012916565,0.7224262952804565,0.00685271667316556,0,0
68,LEFT_KNEE,0.3885900378227234,0.8130890727043152,0.007642312906682491,0,0
68,RIGHT_KNEE,0.4573958218097687,0.7968078255653381,0.0600256584584713,0,0
68,LEFT_ANKLE,0.3886376619338989,0.9203912615776062,-0.018257612362504005,0,0
68,RIGHT_ANKLE,0.46608465909957886,0.8989269137382507,0.04075419157743454,0,0
68,LEFT_HEEL,0.39345166087150574,0.9440116882324219,-0.020064350217580795,0,0
68,RIGHT_HEEL,0.46340420842170715,0.9171475768089294,0.038931749761104584,0,0
68,LEFT_FOOT_INDEX,0.3745807111263275,0.933728039264679,-0.018542388454079628,0,0
68,RIGHT_FOOT_INDEX,0.472150593996048,0.9043977856636047,0.048350654542446136,0,0
69,NOSE,0.42443910241127014,0.536884605884552,0.15295863151550293,0,0
69,LEFT_EYE_INNER,0.4214884042739868,0.5288452506065369,0.1378869116306305,0,0
69,LEFT_EYE,0.4196409583091736,0.528816819190979,0.1379013955593109,0,0
69,LEFT_EYE_OUTER,0.4178547263145447,0.5290254354476929,0.13788121938705444,0,0
69,RIGHT_EYE_INNER,0.42655202746391296,0.5292189717292786,0.1380586177110672,0,0
69,RIGHT_EYE,0.4282124936580658,0.5293552875518799,0.13806995749473572,0,0
69,RIGHT_EYE_OUTER,0.42979228496551514,0.5294759273529053,0.13804273307323456,0,0
69,LEFT_EAR,0.4143114686012268,0.5348448157310486,0.07918665558099747,0,0
69,RIGHT_EAR,0.4316480755805969,0.5340696573257446,0.07935857027769089,0,0
69,MOUTH_LEFT,0.4224027097225189,0.5441556572914124,0.13513506948947906,0,0
69,MOUTH_RIGHT,0.4274207055568695,0.5445170402526855,0.13496991991996765,0,0
69,LEFT_SHOULDER,0.39359086751937866,0.5862999558448792,0.050654273480176926,0,0
69,RIGHT_SHOULDER,0.4480353891849518,0.5858083367347717,0.04856506735086441,0,0
69,LEFT_ELBOW,0.38478320837020874,0.6577038764953613,0.12171187996864319,0,0
69,RIGHT_ELBOW,0.45683401823043823,0.6609068512916565,0.11271226406097412,0,0
69,LEFT_WRIST,0.4099676012992859,0.6717180013656616,0.23600858449935913,0,0
69,RIGHT_WRIST,0.43657979369163513,0.6748691201210022,0.22614166140556335,0,0
69,LEFT_PINKY,0.41482409834861755,0.6752749085426331,0.2542400658130646,0,0
69,RIGHT_PINKY,0.4313124716281891,0.6816328763961792,0.2445649802684784,0,0
69,LEFT_INDEX,0.4169425368309021,0.6715818047523499,0.25080960988998413,0,0
69,RIGHT_INDEX,0.42855215072631836,0.6714385151863098,0.24468256533145905,0,0
69,LEFT_THUMB,0.4153555929660797,0.6689099073410034,0.23794324696063995,0,0
69,RIGHT_THUMB,0.42937716841697693,0.6696861982345581,0.22949151694774628,0,0
69,LEFT_HIP,0.40765926241874695,0.7258355021476746,0.0016011229017749429,0,0
69,RIGHT_HIP,0.43868061900138855,0.7222087979316711,-0.0017509970348328352,0,0
69,LEFT_KNEE,0.3898206949234009,0.8128547668457031,0.028791872784495354,0,0
69,RIGHT_KNEE,0.45887491106987,0.7964870929718018,0.06032232567667961,0,0
69,LEFT_ANKLE,0.3887392282485962,0.9201778173446655,-0.022007031366229057,0,0
69,RIGHT_ANKLE,0.4653394818305969,0.8989881873130798,0.017614996060729027,0,0
69,LEFT_HEEL,0.3936103582382202,0.943680465221405,-0.025180844590067863,0,0
69,RIGHT_HEEL,0.45984867215156555,0.9175320267677307,0.013687709346413612,0,0
69,LEFT_FOOT_INDEX,0.3747486174106598,0.9335440993309021,-0.02313881739974022,0,0
69,RIGHT_FOOT_INDEX,0.47785869240760803,0.9104143977165222,0.02457316406071186,0,0
