frame_number,landmark,x,y,z,action,label
0,NOSE,0.5521049499511719,0.48403626680374146,0.10518815368413925,[],0
0,LEFT_EYE_INNER,0.5494884848594666,0.4748729467391968,0.08874031156301498,[],0
0,LEFT_EYE,0.548005223274231,0.4742259979248047,0.0887518897652626,[],0
0,LEFT_EYE_OUTER,0.5465379357337952,0.4736478626728058,0.08875005692243576,[],0
0,RIGHT_EYE_INNER,0.553450345993042,0.4762283265590668,0.08483461290597916,[],0
0,RIGHT_EYE,0.5546666979789734,0.47652870416641235,0.08483488112688065,[],0
0,RIGHT_EYE_OUTER,0.5558633804321289,0.476760596036911,0.08478668332099915,[],0
0,LEFT_EAR,0.5427069067955017,0.47570592164993286,0.0353902131319046,[],0
0,RIGHT_EAR,0.5554462671279907,0.4788268506526947,0.018133634701371193,[],0
0,MOUTH_LEFT,0.549274206161499,0.48965907096862793,0.09067359566688538,[],0
0,MOUTH_RIGHT,0.5527610778808594,0.49148043990135193,0.08543162792921066,[],0
0,LEFT_SHOULDER,0.5157874226570129,0.521789014339447,0.03155447915196419,[],0
0,RIGHT_SHOULDER,0.5649190545082092,0.5283033847808838,-0.027014996856451035,[],0
0,LEFT_ELBOW,0.5082758069038391,0.5885787010192871,0.07672766596078873,[],0
0,RIGHT_ELBOW,0.5699631571769714,0.6014923453330994,0.005042465403676033,[],0
0,LEFT_WRIST,0.5194504857063293,0.6053526997566223,0.1321931928396225,[],0
0,RIGHT_WRIST,0.5563411116600037,0.6261141300201416,0.06941385567188263,[],0
0,LEFT_PINKY,0.521095335483551,0.6107969284057617,0.14276926219463348,[],0
0,RIGHT_PINKY,0.5526508092880249,0.6326329112052917,0.07643793523311615,[],0
0,LEFT_INDEX,0.5276560187339783,0.6071155667304993,0.13829588890075684,[],0
0,RIGHT_INDEX,0.5495275855064392,0.6275083422660828,0.0759592056274414,[],0
0,LEFT_THUMB,0.52892005443573,0.6053297519683838,0.1320328414440155,[],0
0,RIGHT_THUMB,0.5503398776054382,0.6255861520767212,0.07153180241584778,[],0
0,LEFT_HIP,0.522684633731842,0.6617034077644348,0.03632115572690964,[],0
0,RIGHT_HIP,0.5485662817955017,0.6648684144020081,-0.03645671531558037,[],0
0,LEFT_KNEE,0.5250112414360046,0.7304410338401794,0.12220471352338791,[],0
0,RIGHT_KNEE,0.5561625361442566,0.7423067092895508,0.026079488918185234,[],0
0,LEFT_ANKLE,0.5268570184707642,0.8183530569076538,0.18495292961597443,[],0
0,RIGHT_ANKLE,0.5450807809829712,0.8381847143173218,0.06038299575448036,[],0
0,LEFT_HEEL,0.5275077223777771,0.8358319997787476,0.19269254803657532,[],0
0,RIGHT_HEEL,0.5399830937385559,0.8534030914306641,0.06578309834003448,[],0
0,LEFT_FOOT_INDEX,0.5304364562034607,0.8274068832397461,0.203799769282341,[],0
0,RIGHT_FOOT_INDEX,0.5613152980804443,0.850855827331543,0.0660797506570816,[],0
1,NOSE,0.5521047711372375,0.4840835630893707,0.1051204651594162,0,0
1,LEFT_EYE_INNER,0.5494841933250427,0.47487273812294006,0.0895119234919548,0,0
1,LEFT_EYE,0.5479814410209656,0.4742259383201599,0.089529849588871,0,0
1,LEFT_EYE_OUTER,0.5464566349983215,0.4736483097076416,0.089531809091568,0,0
1,RIGHT_EYE_INNER,0.5534082055091858,0.4762269854545593,0.08493700623512268,0,0
1,RIGHT_EYE,0.5546167492866516,0.47651761770248413,0.08493565768003464,0,0
1,RIGHT_EYE_OUTER,0.5557907819747925,0.47672972083091736,0.08488776534795761,0,0
1,LEFT_EAR,0.5421434044837952,0.4759241044521332,0.04213637486100197,0,0
1,RIGHT_EAR,0.5552393794059753,0.4790293872356415,0.01938406564295292,0,0
1,MOUTH_LEFT,0.5492728352546692,0.4898696839809418,0.09126461297273636,0,0
1,MOUTH_RIGHT,0.5527803301811218,0.4915485382080078,0.0854191929101944,0,0
1,LEFT_SHOULDER,0.5164684057235718,0.5224876403808594,0.03863982483744621,0,0
1,RIGHT_SHOULDER,0.5646378397941589,0.5288780927658081,-0.025021618232131004,0,0
1,LEFT_ELBOW,0.5086131691932678,0.5886016488075256,0.07661864906549454,0,0
1,RIGHT_ELBOW,0.5677528977394104,0.6015849113464355,0.009529544971883297,0,0
1,LEFT_WRIST,0.5237952470779419,0.6052625775337219,0.1230924054980278,0,0
1,RIGHT_WRIST,0.5563404560089111,0.6269062161445618,0.09017634391784668,0,0
1,LEFT_PINKY,0.5236940383911133,0.6138296127319336,0.13169728219509125,0,0
1,RIGHT_PINKY,0.5526601672172546,0.634112536907196,0.09965430200099945,0,0
1,LEFT_INDEX,0.5292761921882629,0.610356330871582,0.12888024747371674,0,0
1,RIGHT_INDEX,0.5496890544891357,0.6290239095687866,0.09860885143280029,0,0
1,LEFT_THUMB,0.5303230881690979,0.6079386472702026,0.12296439707279205,0,0
1,RIGHT_THUMB,0.5505495667457581,0.6264892220497131,0.09258533269166946,0,0
1,LEFT_HIP,0.5231476426124573,0.6602655649185181,0.035809263586997986,0,0
1,RIGHT_HIP,0.5486316680908203,0.6625030636787415,-0.03596113249659538,0,0
1,LEFT_KNEE,0.5248022079467773,0.730440080165863,0.11082635819911957,0,0
1,RIGHT_KNEE,0.5561752915382385,0.7423111200332642,0.02435147762298584,0,0
1,LEFT_ANKLE,0.5268905758857727,0.8195023536682129,0.16690286993980408,0,0
1,RIGHT_ANKLE,0.5452894568443298,0.8384754061698914,0.0619245320558548,0,0
1,LEFT_HEEL,0.5275111794471741,0.836046576499939,0.17377112805843353,0,0
1,RIGHT_HEEL,0.5400745272636414,0.853401243686676,0.06754140555858612,0,0
1,LEFT_FOOT_INDEX,0.5275529623031616,0.827678918838501,0.18043313920497894,0,0
1,RIGHT_FOOT_INDEX,0.562154233455658,0.8510168790817261,0.06619903445243835,0,0
2,NOSE,0.5558701753616333,0.4867976903915405,0.09910924732685089,0,0
2,LEFT_EYE_INNER,0.5528838634490967,0.4774382412433624,0.08686202019453049,0,0
2,LEFT_EYE,0.5513267517089844,0.47663405537605286,0.08687839657068253,0,0
2,LEFT_EYE_OUTER,0.5497207045555115,0.47588416934013367,0.08688484877347946,0,0
2,RIGHT_EYE_INNER,0.5560795068740845,0.4786752164363861,0.0804421603679657,0,0
2,RIGHT_EYE,0.5568985342979431,0.4787416160106659,0.08043733239173889,0,0
2,RIGHT_EYE_OUTER,0.5576421022415161,0.4787193536758423,0.08038588613271713,0,0
2,LEFT_EAR,0.5444775819778442,0.47803857922554016,0.04410310089588165,0,0
2,RIGHT_EAR,0.5558813810348511,0.481033593416214,0.017536012455821037,0,0
2,MOUTH_LEFT,0.5529056191444397,0.4927768409252167,0.08834268152713776,0,0
2,MOUTH_RIGHT,0.5558138489723206,0.49389326572418213,0.07998713850975037,0,0
2,LEFT_SHOULDER,0.5187361836433411,0.5235702991485596,0.0461885891854763,0,0
2,RIGHT_SHOULDER,0.5646332502365112,0.5292088985443115,-0.029053717851638794,0,0
2,LEFT_ELBOW,0.5118597149848938,0.5884394645690918,0.07733702659606934,0,0
2,RIGHT_ELBOW,0.5683706998825073,0.6015695929527283,0.00459467526525259,0,0
2,LEFT_WRIST,0.5266910791397095,0.6063129901885986,0.11318375915288925,0,0
2,RIGHT_WRIST,0.5582508444786072,0.6284424662590027,0.08529501408338547,0,0
2,LEFT_PINKY,0.5282171964645386,0.6154033541679382,0.12023851275444031,0,0
2,RIGHT_PINKY,0.5548555850982666,0.6364755630493164,0.09350250661373138,0,0
2,LEFT_INDEX,0.5328460931777954,0.6118807196617126,0.11739201843738556,0,0
2,RIGHT_INDEX,0.5523309111595154,0.631820797920227,0.09263772517442703,0,0
2,LEFT_THUMB,0.5339250564575195,0.6095206141471863,0.11258568614721298,0,0
2,RIGHT_THUMB,0.5530798435211182,0.6289533972740173,0.08767388761043549,0,0
2,LEFT_HIP,0.5238487124443054,0.6586422920227051,0.03839493542909622,0,0
2,RIGHT_HIP,0.5486520528793335,0.6609905362129211,-0.03856439143419266,0,0
2,LEFT_KNEE,0.5246110558509827,0.7304213643074036,0.11289355903863907,0,0
2,RIGHT_KNEE,0.5561971068382263,0.7423109412193298,0.01837318390607834,0,0
2,LEFT_ANKLE,0.5261828899383545,0.8194838166236877,0.17201495170593262,0,0
2,RIGHT_ANKLE,0.545806884765625,0.8394376635551453,0.06127740070223808,0,0
2,LEFT_HEEL,0.5262101292610168,0.8352906703948975,0.1790238916873932,0,0
2,RIGHT_HEEL,0.5401625037193298,0.8533124327659607,0.06689491868019104,0,0
2,LEFT_FOOT_INDEX,0.527410626411438,0.8276861906051636,0.18483605980873108,0,0
2,RIGHT_FOOT_INDEX,0.5621493458747864,0.850905179977417,0.060865629464387894,0,0
3,NOSE,0.5588815808296204,0.4898757338523865,0.0845385268330574,0,0
3,LEFT_EYE_INNER,0.5561916828155518,0.4804372787475586,0.07470390200614929,0,0
3,LEFT_EYE,0.5548495650291443,0.4796322286128998,0.07471782714128494,0,0
3,LEFT_EYE_OUTER,0.5535757541656494,0.47889968752861023,0.07472781091928482,0,0
3,RIGHT_EYE_INNER,0.5587024688720703,0.4815540313720703,0.06647158414125443,0,0
3,RIGHT_EYE,0.5591782331466675,0.4814627170562744,0.06646771728992462,0,0
3,RIGHT_EYE_OUTER,0.5596081614494324,0.48131227493286133,0.0664140060544014,0,0
3,LEFT_EAR,0.5481441020965576,0.4809434711933136,0.04328805208206177,0,0
3,RIGHT_EAR,0.5571351647377014,0.4835861623287201,0.005311283282935619,0,0
3,MOUTH_LEFT,0.5561177134513855,0.4960256516933441,0.07643217593431473,0,0
3,MOUTH_RIGHT,0.5583732724189758,0.4970532953739166,0.06572737544775009,0,0
3,LEFT_SHOULDER,0.5207532644271851,0.5251128673553467,0.04779275879263878,0,0
3,RIGHT_SHOULDER,0.5642063021659851,0.5303139686584473,-0.04236956685781479,0,0
3,LEFT_ELBOW,0.5123518109321594,0.5891707539558411,0.08295337855815887,0,0
3,RIGHT_ELBOW,0.5692108869552612,0.6015852093696594,-0.008788599632680416,0,0
3,LEFT_WRIST,0.5285404324531555,0.6062960028648376,0.11807090789079666,0,0
3,RIGHT_WRIST,0.5615966320037842,0.6284509897232056,0.08182040601968765,0,0
3,LEFT_PINKY,0.53038489818573,0.6160983443260193,0.12624622881412506,0,0
3,RIGHT_PINKY,0.5592073202133179,0.6368435025215149,0.08993930369615555,0,0
3,LEFT_INDEX,0.5346304178237915,0.6126677393913269,0.12279890477657318,0,0
3,RIGHT_INDEX,0.5574886202812195,0.6326249241828918,0.08913236111402512,0,0
3,LEFT_THUMB,0.535495936870575,0.610515832901001,0.11745212972164154,0,0
3,RIGHT_THUMB,0.5577718615531921,0.6295636296272278,0.08412377536296844,0,0
3,LEFT_HIP,0.5244106650352478,0.6574916243553162,0.04200869798660278,0,0
3,RIGHT_HIP,0.5486475825309753,0.6605458855628967,-0.04220039024949074,0,0
3,LEFT_KNEE,0.5240866541862488,0.7302713394165039,0.10897035151720047,0,0
3,RIGHT_KNEE,0.5570937395095825,0.7424387335777283,0.007376799359917641,0,0
3,LEFT_ANKLE,0.5232676863670349,0.8192983269691467,0.15956193208694458,0,0
3,RIGHT_ANKLE,0.5458536148071289,0.840507984161377,0.04237033799290657,0,0
3,LEFT_HEEL,0.5226127505302429,0.8346107006072998,0.16521231830120087,0,0
3,RIGHT_HEEL,0.5397340655326843,0.8533233404159546,0.047124069184064865,0,0
3,LEFT_FOOT_INDEX,0.5249522924423218,0.8272498250007629,0.17101377248764038,0,0
3,RIGHT_FOOT_INDEX,0.56355220079422,0.8510589599609375,0.04291018471121788,0,0
4,NOSE,0.5607539415359497,0.49163174629211426,0.07999936491250992,0,0
4,LEFT_EYE_INNER,0.5582529902458191,0.4819600284099579,0.07317151874303818,0,0
4,LEFT_EYE,0.5569922924041748,0.481234073638916,0.07317695766687393,0,0
4,LEFT_EYE_OUTER,0.5558220148086548,0.4805334508419037,0.07318659126758575,0,0
4,RIGHT_EYE_INNER,0.5605922341346741,0.48279067873954773,0.06359301507472992,0,0
4,RIGHT_EYE,0.5610036253929138,0.4825977385044098,0.06359036266803741,0,0
4,RIGHT_EYE_OUTER,0.5613405704498291,0.4823710024356842,0.06353790313005447,0,0
4,LEFT_EAR,0.5507587790489197,0.48268863558769226,0.04707086458802223,0,0
4,RIGHT_EAR,0.5585230588912964,0.4848328232765198,0.005414001643657684,0,0
4,MOUTH_LEFT,0.5580021739006042,0.4982403814792633,0.07419802248477936,0,0
4,MOUTH_RIGHT,0.5600380301475525,0.49920037388801575,0.061864834278821945,0,0
4,LEFT_SHOULDER,0.5238314270973206,0.5263235569000244,0.061273928731679916,0,0
4,RIGHT_SHOULDER,0.5629514455795288,0.5306528210639954,-0.045913126319646835,0,0
4,LEFT_ELBOW,0.5141031742095947,0.5895092487335205,0.0869976133108139,0,0
4,RIGHT_ELBOW,0.569226861000061,0.6015176177024841,-0.026408132165670395,0,0
4,LEFT_WRIST,0.5298215746879578,0.612260103225708,0.10582684725522995,0,0
4,RIGHT_WRIST,0.5643835067749023,0.6294354796409607,0.04231644049286842,0,0
4,LEFT_PINKY,0.5330366492271423,0.6213408708572388,0.11159636080265045,0,0
4,RIGHT_PINKY,0.5633976459503174,0.6393188834190369,0.04702889546751976,0,0
4,LEFT_INDEX,0.5375330448150635,0.6172025799751282,0.10789123177528381,0,0
4,RIGHT_INDEX,0.5618983507156372,0.635524332523346,0.04763041436672211,0,0
4,LEFT_THUMB,0.5380527973175049,0.6148583889007568,0.10430292040109634,0,0
4,RIGHT_THUMB,0.5614901185035706,0.6319968104362488,0.045181795954704285,0,0
4,LEFT_HIP,0.5248625874519348,0.6571333408355713,0.04587792977690697,0,0
4,RIGHT_HIP,0.5483723878860474,0.6605321168899536,-0.04605161398649216,0,0
4,LEFT_KNEE,0.5237334966659546,0.724489152431488,0.11292995512485504,0,0
4,RIGHT_KNEE,0.5584543347358704,0.7430130839347839,-0.007015475537627935,0,0
4,LEFT_ANKLE,0.5184932351112366,0.8157036304473877,0.1590217649936676,0,0
4,RIGHT_ANKLE,0.5459150671958923,0.8417420387268066,-0.0006720458623021841,0,0
4,LEFT_HEEL,0.5166547298431396,0.8303570747375488,0.1630987823009491,0,0
4,RIGHT_HEEL,0.5393617153167725,0.8545377254486084,0.0006331696058623493,0,0
4,LEFT_FOOT_INDEX,0.5253831148147583,0.8244549632072449,0.16653704643249512,0,0
4,RIGHT_FOOT_INDEX,0.5650790929794312,0.8512535095214844,-0.009138434194028378,0,0
5,NOSE,0.5627787709236145,0.4916400909423828,0.049927111715078354,0,0
5,LEFT_EYE_INNER,0.5603846311569214,0.48208731412887573,0.043795593082904816,0,0
5,LEFT_EYE,0.5592849850654602,0.48143452405929565,0.043798718601465225,0,0
5,LEFT_EYE_OUTER,0.5582131743431091,0.48076099157333374,0.043813418596982956,0,0
5,RIGHT_EYE_INNER,0.5621093511581421,0.4827624261379242,0.03373141959309578,0,0
5,RIGHT_EYE,0.5623580813407898,0.48258939385414124,0.03373371437191963,0,0
5,RIGHT_EYE_OUTER,0.5625726580619812,0.4823964536190033,0.033688049763441086,0,0
5,LEFT_EAR,0.5529791116714478,0.4830877184867859,0.02520116977393627,0,0
5,RIGHT_EAR,0.5592932105064392,0.48513278365135193,-0.020076986402273178,0,0
5,MOUTH_LEFT,0.5602400302886963,0.49862512946128845,0.04644203558564186,0,0
5,MOUTH_RIGHT,0.5617651343345642,0.4995954632759094,0.033574558794498444,0,0
5,LEFT_SHOULDER,0.5265609622001648,0.5267210602760315,0.055388204753398895,0,0
5,RIGHT_SHOULDER,0.5627769231796265,0.531700074672699,-0.06577400118112564,0,0
5,LEFT_ELBOW,0.5148475170135498,0.5901570320129395,0.0768909826874733,0,0
5,RIGHT_ELBOW,0.5688582062721252,0.6038773059844971,-0.048728469759225845,0,0
5,LEFT_WRIST,0.5321022868156433,0.6129267811775208,0.08778514713048935,0,0
5,RIGHT_WRIST,0.5659379363059998,0.6323956251144409,0.020278282463550568,0,0
5,LEFT_PINKY,0.5343145728111267,0.6220412254333496,0.09276480972766876,0,0
5,RIGHT_PINKY,0.5654041171073914,0.642501711845398,0.02336660958826542,0,0
5,LEFT_INDEX,0.5383433699607849,0.6186642050743103,0.08750960975885391,0,0
5,RIGHT_INDEX,0.5638657212257385,0.6387096643447876,0.025626249611377716,0,0
5,LEFT_THUMB,0.5387848615646362,0.6165340542793274,0.08567418903112411,0,0
5,RIGHT_THUMB,0.5632049441337585,0.6348798871040344,0.023755226284265518,0,0
5,LEFT_HIP,0.5254431962966919,0.6572856903076172,0.046170517802238464,0,0
5,RIGHT_HIP,0.5483514666557312,0.6612505316734314,-0.04634646326303482,0,0
5,LEFT_KNEE,0.5237005949020386,0.7246488928794861,0.1139945536851883,0,0
5,RIGHT_KNEE,0.5598450899124146,0.74493008852005,0.0037360868882387877,0,0
5,LEFT_ANKLE,0.514784574508667,0.811726987361908,0.1609313040971756,0,0
5,RIGHT_ANKLE,0.5460985898971558,0.8419414758682251,0.028645452111959457,0,0
5,LEFT_HEEL,0.5129415988922119,0.8263944983482361,0.16518031060695648,0,0
5,RIGHT_HEEL,0.5392739176750183,0.8548774123191833,0.03238796815276146,0,0
5,LEFT_FOOT_INDEX,0.5218656063079834,0.8208326101303101,0.16680362820625305,0,0
5,RIGHT_FOOT_INDEX,0.5662150979042053,0.8515104651451111,0.02648330107331276,0,0
6,NOSE,0.5636820197105408,0.49171990156173706,0.04299898445606232,0,0
6,LEFT_EYE_INNER,0.5613767504692078,0.48209628462791443,0.037393029779195786,0,0
6,LEFT_EYE,0.560262143611908,0.48147934675216675,0.03739989921450615,0,0
6,LEFT_EYE_OUTER,0.5591229200363159,0.48082682490348816,0.03741307556629181,0,0
6,RIGHT_EYE_INNER,0.5630130171775818,0.48270511627197266,0.027510346844792366,0,0
6,RIGHT_EYE,0.5632383823394775,0.4825555980205536,0.027514934539794922,0,0
6,RIGHT_EYE_OUTER,0.5634351968765259,0.4823904037475586,0.027473416179418564,0,0
6,LEFT_EAR,0.5539318323135376,0.4833049774169922,0.02030269429087639,0,0
6,RIGHT_EAR,0.5601911544799805,0.4851838946342468,-0.02384384162724018,0,0
6,MOUTH_LEFT,0.5612127780914307,0.4989195764064789,0.04016384109854698,0,0
6,MOUTH_RIGHT,0.5626299381256104,0.49982547760009766,0.027493704110383987,0,0
6,LEFT_SHOULDER,0.5285516381263733,0.5265543460845947,0.05199635028839111,0,0
6,RIGHT_SHOULDER,0.5625854730606079,0.5328078866004944,-0.06929711252450943,0,0
6,LEFT_ELBOW,0.5157855749130249,0.5902164578437805,0.07746783643960953,0,0
6,RIGHT_ELBOW,0.5678418874740601,0.6088401675224304,-0.05276612192392349,0,0
6,LEFT_WRIST,0.5341131091117859,0.6130093336105347,0.09946151077747345,0,0
6,RIGHT_WRIST,0.5670926570892334,0.6332176923751831,0.016457784920930862,0,0
6,LEFT_PINKY,0.5365565419197083,0.6226175427436829,0.10592571645975113,0,0
6,RIGHT_PINKY,0.5671790838241577,0.6424398422241211,0.019490042701363564,0,0
6,LEFT_INDEX,0.5406954288482666,0.6195237040519714,0.10046765208244324,0,0
6,RIGHT_INDEX,0.566119909286499,0.6378962397575378,0.02212689258158207,0,0
6,LEFT_THUMB,0.5408151149749756,0.6174457669258118,0.09756253659725189,0,0
6,RIGHT_THUMB,0.5650188326835632,0.6345558166503906,0.02007642202079296,0,0
6,LEFT_HIP,0.5260155200958252,0.657740592956543,0.04652407392859459,0,0
6,RIGHT_HIP,0.5483455061912537,0.6632405519485474,-0.04669324681162834,0,0
6,LEFT_KNEE,0.5239760875701904,0.7250539064407349,0.12363699823617935,0,0
6,RIGHT_KNEE,0.5596402287483215,0.7459705471992493,0.007579441647976637,0,0
6,LEFT_ANKLE,0.5130072832107544,0.8111146688461304,0.169668510556221,0,0
6,RIGHT_ANKLE,0.5462368726730347,0.8420535922050476,0.03539097681641579,0,0
6,LEFT_HEEL,0.5095510482788086,0.8268727660179138,0.1728142350912094,0,0
6,RIGHT_HEEL,0.5392119288444519,0.8556408286094666,0.03911423683166504,0,0
6,LEFT_FOOT_INDEX,0.5224215388298035,0.8193545341491699,0.17154240608215332,0,0
6,RIGHT_FOOT_INDEX,0.5668856501579285,0.8515405654907227,0.03255177289247513,0,0
7,NOSE,0.5650359988212585,0.49159619212150574,0.03946986421942711,0,0
7,LEFT_EYE_INNER,0.5627577304840088,0.48181891441345215,0.03712041303515434,0,0
7,LEFT_EYE,0.5617861151695251,0.4811859726905823,0.03712320327758789,0,0
7,LEFT_EYE_OUTER,0.5607302188873291,0.4805341362953186,0.03713434934616089,0,0
7,RIGHT_EYE_INNER,0.5640323162078857,0.48249948024749756,0.024741722270846367,0,0
7,RIGHT_EYE,0.5641288757324219,0.4823733866214752,0.024736372753977776,0,0
7,RIGHT_EYE_OUTER,0.5641878843307495,0.48223018646240234,0.024687331169843674,0,0
7,LEFT_EAR,0.5554913878440857,0.48297119140625,0.025460628792643547,0,0
7,RIGHT_EAR,0.5606024265289307,0.4849785268306732,-0.02488635666668415,0,0
7,MOUTH_LEFT,0.5626330971717834,0.49859070777893066,0.040011364966630936,0,0
7,MOUTH_RIGHT,0.5637117624282837,0.49956032633781433,0.023959165439009666,0,0
7,LEFT_SHOULDER,0.5310158133506775,0.5248767137527466,0.05870501324534416,0,0
7,RIGHT_SHOULDER,0.5612102150917053,0.5327653884887695,-0.0721464529633522,0,0
7,LEFT_ELBOW,0.5219041109085083,0.5856872200965881,0.09483148902654648,0,0
7,RIGHT_ELBOW,0.5641884207725525,0.6075693368911743,-0.061075735837221146,0,0
7,LEFT_WRIST,0.53548264503479,0.612608015537262,0.11627908051013947,0,0
7,RIGHT_WRIST,0.5666673183441162,0.6329090595245361,0.0046376632526516914,0,0
7,LEFT_PINKY,0.5384915471076965,0.6226916313171387,0.12287287414073944,0,0
7,RIGHT_PINKY,0.5671936869621277,0.6418451070785522,0.006645360495895147,0,0
7,LEFT_INDEX,0.5422694087028503,0.6198633909225464,0.11630012840032578,0,0
7,RIGHT_INDEX,0.5669699311256409,0.6372274160385132,0.009144844487309456,0,0
7,LEFT_THUMB,0.54246985912323,0.6176159977912903,0.11332957446575165,0,0
7,RIGHT_THUMB,0.5657297968864441,0.6340285539627075,0.008203143253922462,0,0
7,LEFT_HIP,0.526802659034729,0.6566365361213684,0.049477118998765945,0,0
7,RIGHT_HIP,0.5481125116348267,0.6624104976654053,-0.04962553828954697,0,0
7,LEFT_KNEE,0.5254894495010376,0.7252458930015564,0.1223512515425682,0,0
7,RIGHT_KNEE,0.5591444373130798,0.7458916902542114,-0.01739468239247799,0,0
7,LEFT_ANKLE,0.5115044116973877,0.8101811408996582,0.16886337101459503,0,0
7,RIGHT_ANKLE,0.546320378780365,0.8420480489730835,0.0023240107111632824,0,0
7,LEFT_HEEL,0.5061053037643433,0.8262258172035217,0.1726117879152298,0,0
7,RIGHT_HEEL,0.5392294526100159,0.8560287952423096,0.0045012980699539185,0,0
7,LEFT_FOOT_INDEX,0.5230284929275513,0.8198062181472778,0.17043472826480865,0,0
7,RIGHT_FOOT_INDEX,0.5669839382171631,0.8516123294830322,-0.010024184361100197,0,0
8,NOSE,0.5659445524215698,0.4915666878223419,0.03189752995967865,0,0
8,LEFT_EYE_INNER,0.5638185143470764,0.48163288831710815,0.031723503023386,0,0
8,LEFT_EYE,0.5629217028617859,0.4810138940811157,0.03172551468014717,0,0
8,LEFT_EYE_OUTER,0.5619045495986938,0.4803917706012726,0.03173896670341492,0,0
8,RIGHT_EYE_INNER,0.5649279952049255,0.48234304785728455,0.017678920179605484,0,0
8,RIGHT_EYE,0.5649581551551819,0.48223915696144104,0.017670778557658195,0,0
8,RIGHT_EYE_OUTER,0.5649328231811523,0.4821147322654724,0.017617927864193916,0,0
8,LEFT_EAR,0.5563897490501404,0.4823765456676483,0.027199259027838707,0,0
8,RIGHT_EAR,0.5610584616661072,0.4846610724925995,-0.030131949111819267,0,0
8,MOUTH_LEFT,0.5634161233901978,0.49837467074394226,0.03493678942322731,0,0
8,MOUTH_RIGHT,0.5643168687820435,0.499359130859375,0.016681555658578873,0,0
8,LEFT_SHOULDER,0.5310963988304138,0.5231708884239197,0.06191043555736542,0,0
8,RIGHT_SHOULDER,0.5605466961860657,0.532401978969574,-0.07791680842638016,0,0
8,LEFT_ELBOW,0.5232061147689819,0.5829703211784363,0.09684529900550842,0,0
8,RIGHT_ELBOW,0.5624274611473083,0.6049867272377014,-0.06834544986486435,0,0
8,LEFT_WRIST,0.5352659225463867,0.6134215593338013,0.11669833958148956,0,0
8,RIGHT_WRIST,0.5667377710342407,0.6333889961242676,-0.0010256451787427068,0,0
8,LEFT_PINKY,0.5374480485916138,0.623440682888031,0.12352848798036575,0,0
8,RIGHT_PINKY,0.5671451091766357,0.6428889036178589,0.0005262664053589106,0,0
8,LEFT_INDEX,0.5412495732307434,0.6210252046585083,0.11662834137678146,0,0
8,RIGHT_INDEX,0.5674042105674744,0.6379789710044861,0.0033051706850528717,0,0
8,LEFT_THUMB,0.5415353775024414,0.6185069680213928,0.11366473138332367,0,0
8,RIGHT_THUMB,0.5660768151283264,0.6346781849861145,0.002755849389359355,0,0
8,LEFT_HIP,0.5272513031959534,0.6541874408721924,0.05092339962720871,0,0
8,RIGHT_HIP,0.5480297207832336,0.6599394679069519,-0.051081690937280655,0,0
8,LEFT_KNEE,0.5277569890022278,0.7245107293128967,0.11529486626386642,0,0
8,RIGHT_KNEE,0.5561625361442566,0.7453844547271729,-0.0166196096688509,0,0
8,LEFT_ANKLE,0.5110926032066345,0.8097977638244629,0.1661558300256729,0,0
8,RIGHT_ANKLE,0.5463889241218567,0.8422409892082214,0.010649037547409534,0,0
8,LEFT_HEEL,0.5045017600059509,0.825908899307251,0.17012129724025726,0,0
8,RIGHT_HEEL,0.5392862558364868,0.8567066788673401,0.013384123332798481,0,0
8,LEFT_FOOT_INDEX,0.5253480076789856,0.8199028968811035,0.16540780663490295,0,0
8,RIGHT_FOOT_INDEX,0.5674117803573608,0.8518790006637573,-0.0023606838658452034,0,0
9,NOSE,0.5658586025238037,0.4912737309932709,0.039938390254974365,0,0
9,LEFT_EYE_INNER,0.5637853741645813,0.4805986285209656,0.040056392550468445,0,0
9,LEFT_EYE,0.5629001259803772,0.47997158765792847,0.04005054756999016,0,0
9,LEFT_EYE_OUTER,0.5619248747825623,0.4793455898761749,0.04005177691578865,0,0
9,RIGHT_EYE_INNER,0.5649558901786804,0.4813249409198761,0.025674372911453247,0,0
9,RIGHT_EYE,0.565014660358429,0.4811874330043793,0.025664277374744415,0,0
9,RIGHT_EYE_OUTER,0.565016508102417,0.48102229833602905,0.025604022666811943,0,0
9,LEFT_EAR,0.5565140247344971,0.48067620396614075,0.039004143327474594,0,0
9,RIGHT_EAR,0.5611240267753601,0.48286646604537964,-0.02430572174489498,0,0
9,MOUTH_LEFT,0.5632098317146301,0.497991144657135,0.04228983819484711,0,0
9,MOUTH_RIGHT,0.5642408132553101,0.4988280236721039,0.023550735786557198,0,0
9,LEFT_SHOULDER,0.5311174392700195,0.5207896828651428,0.07293222844600677,0,0
9,RIGHT_SHOULDER,0.5601025223731995,0.5300336480140686,-0.07786162942647934,0,0
9,LEFT_ELBOW,0.5255682468414307,0.577955424785614,0.10301128029823303,0,0
9,RIGHT_ELBOW,0.5616735219955444,0.5966695547103882,-0.0766797810792923,0,0
9,LEFT_WRIST,0.5361160635948181,0.6130284667015076,0.11951699107885361,0,0
9,RIGHT_WRIST,0.5663968920707703,0.6318432688713074,-0.01954520121216774,0,0
9,LEFT_PINKY,0.5376275777816772,0.622894287109375,0.12700940668582916,0,0
9,RIGHT_PINKY,0.5669481158256531,0.6427325010299683,-0.021198097616434097,0,0
9,LEFT_INDEX,0.5415567755699158,0.6204864978790283,0.11949945986270905,0,0
9,RIGHT_INDEX,0.5676937103271484,0.6376871466636658,-0.017424290999770164,0,0
9,LEFT_THUMB,0.5419417023658752,0.6178984642028809,0.11596448719501495,0,0
9,RIGHT_THUMB,0.5661798119544983,0.6344873309135437,-0.01589108072221279,0,0
9,LEFT_HIP,0.5271252989768982,0.6500312685966492,0.053700678050518036,0,0
9,RIGHT_HIP,0.5468049645423889,0.6554555296897888,-0.05381593480706215,0,0
9,LEFT_KNEE,0.5291488766670227,0.7237132787704468,0.10820633918046951,0,0
9,RIGHT_KNEE,0.5523632764816284,0.7441641092300415,-0.031157266348600388,0,0
9,LEFT_ANKLE,0.511638343334198,0.8097006678581238,0.16108068823814392,0,0
9,RIGHT_ANKLE,0.546448826789856,0.8422064781188965,-0.011266229674220085,0,0
9,LEFT_HEEL,0.5041418671607971,0.8262098431587219,0.1647440791130066,0,0
9,RIGHT_HEEL,0.5396629571914673,0.8566687107086182,-0.009946617297828197,0,0
9,LEFT_FOOT_INDEX,0.5280976891517639,0.822289764881134,0.1559445858001709,0,0
9,RIGHT_FOOT_INDEX,0.5671308040618896,0.8521344661712646,-0.03223996236920357,0,0
10,NOSE,0.5656105875968933,0.4894225597381592,0.03800487518310547,0,0
10,LEFT_EYE_INNER,0.5636600255966187,0.47880983352661133,0.03945230320096016,0,0
10,LEFT_EYE,0.5627833604812622,0.47820842266082764,0.0394478440284729,0,0
10,LEFT_EYE_OUTER,0.5618179440498352,0.47760292887687683,0.03944694250822067,0,0
10,RIGHT_EYE_INNER,0.5648370981216431,0.4794107973575592,0.024411641061306,0,0
10,RIGHT_EYE,0.5649219155311584,0.47924482822418213,0.024402247741818428,0,0
10,RIGHT_EYE_OUTER,0.5649587512016296,0.47905921936035156,0.024347739294171333,0,0
10,LEFT_EAR,0.5563743710517883,0.47864407300949097,0.04261898994445801,0,0
10,RIGHT_EAR,0.5610522627830505,0.4806692600250244,-0.02387191727757454,0,0
10,MOUTH_LEFT,0.5628582239151001,0.49632975459098816,0.04164259135723114,0,0
10,MOUTH_RIGHT,0.5640040636062622,0.4969690442085266,0.022074181586503983,0,0
10,LEFT_SHOULDER,0.5321846604347229,0.5187854766845703,0.07397560030221939,0,0
10,RIGHT_SHOULDER,0.5593615770339966,0.5271548628807068,-0.0758286640048027,0,0
10,LEFT_ELBOW,0.5285113453865051,0.5787013173103333,0.09667039662599564,0,0
10,RIGHT_ELBOW,0.559161365032196,0.5922547578811646,-0.07697658985853195,0,0
10,LEFT_WRIST,0.5391943454742432,0.6142461895942688,0.09529779106378555,0,0
10,RIGHT_WRIST,0.5659797191619873,0.6303132176399231,-0.021917041391134262,0,0
10,LEFT_PINKY,0.544062614440918,0.6269242167472839,0.09976474195718765,0,0
10,RIGHT_PINKY,0.5666471123695374,0.6399902105331421,-0.024053193628787994,0,0
10,LEFT_INDEX,0.5483436584472656,0.6251739859580994,0.0916653424501419,0,0
10,RIGHT_INDEX,0.5674964189529419,0.636138916015625,-0.0206144992262125,0,0
10,LEFT_THUMB,0.5471827387809753,0.6185945272445679,0.090728260576725,0,0
10,RIGHT_THUMB,0.5660366415977478,0.6327098608016968,-0.018650414422154427,0,0
10,LEFT_HIP,0.527073085308075,0.6484234929084778,0.05249514803290367,0,0
10,RIGHT_HIP,0.5457375645637512,0.6529294848442078,-0.05259281024336815,0,0
10,LEFT_KNEE,0.5300199389457703,0.7238216996192932,0.09751271456480026,0,0
10,RIGHT_KNEE,0.5497680306434631,0.7425401210784912,-0.024536291137337685,0,0
10,LEFT_ANKLE,0.5123013257980347,0.8099568486213684,0.1414552479982376,0,0
10,RIGHT_ANKLE,0.5464511513710022,0.8419001698493958,0.0009430857026018202,0,0
10,LEFT_HEEL,0.5046262741088867,0.8263154625892639,0.14420343935489655,0,0
10,RIGHT_HEEL,0.5401365160942078,0.8568349480628967,0.00299194292165339,0,0
10,LEFT_FOOT_INDEX,0.5293498635292053,0.8281353712081909,0.1327994465827942,0,0
10,RIGHT_FOOT_INDEX,0.5670755505561829,0.8521660566329956,-0.018238088116049767,0,0
11,NOSE,0.5657662749290466,0.48805803060531616,0.030873486772179604,0,0
11,LEFT_EYE_INNER,0.563858151435852,0.47734159231185913,0.03335409238934517,0,0
11,LEFT_EYE,0.5630120635032654,0.47675350308418274,0.033347275108098984,0,0
11,LEFT_EYE_OUTER,0.5620520710945129,0.4761371314525604,0.033341582864522934,0,0
11,RIGHT_EYE_INNER,0.5649309754371643,0.4778619706630707,0.018077436834573746,0,0
11,RIGHT_EYE,0.5649754405021667,0.4776630401611328,0.018069665879011154,0,0
11,RIGHT_EYE_OUTER,0.564974844455719,0.47743168473243713,0.018025729805231094,0,0
11,LEFT_EAR,0.5564026236534119,0.47690120339393616,0.04128161817789078,0,0
11,RIGHT_EAR,0.5609198808670044,0.47874411940574646,-0.02680015377700329,0,0
11,MOUTH_LEFT,0.5629318952560425,0.4950884282588959,0.03592640906572342,0,0
11,MOUTH_RIGHT,0.5640402436256409,0.4955929219722748,0.016099054366350174,0,0
11,LEFT_SHOULDER,0.5334960222244263,0.5172668695449829,0.07502055168151855,0,0
11,RIGHT_SHOULDER,0.5586283206939697,0.5252881050109863,-0.07603221386671066,0,0
11,LEFT_ELBOW,0.5324653387069702,0.5793644189834595,0.09638075530529022,0,0
11,RIGHT_ELBOW,0.5562182664871216,0.5897125601768494,-0.07687202841043472,0,0
11,LEFT_WRIST,0.5466787219047546,0.6143427491188049,0.093081034719944,0,0
11,RIGHT_WRIST,0.5658071637153625,0.6292679905891418,-0.02600059285759926,0,0
11,LEFT_PINKY,0.552331805229187,0.6261492967605591,0.09673406183719635,0,0
11,RIGHT_PINKY,0.5661003589630127,0.6388951539993286,-0.02936609834432602,0,0
11,LEFT_INDEX,0.5548483729362488,0.6241893768310547,0.08833044022321701,0,0
11,RIGHT_INDEX,0.5673322677612305,0.6355273127555847,-0.027009034529328346,0,0
11,LEFT_THUMB,0.5537293553352356,0.6183570623397827,0.08833598345518112,0,0
11,RIGHT_THUMB,0.5660423636436462,0.6319274306297302,-0.023301217705011368,0,0
11,LEFT_HIP,0.527018666267395,0.6471285820007324,0.051923591643571854,0,0
11,RIGHT_HIP,0.5442142486572266,0.6512256264686584,-0.051997262984514236,0,0
11,LEFT_KNEE,0.5300115346908569,0.7248563170433044,0.09633957594633102,0,0
11,RIGHT_KNEE,0.5486364364624023,0.7419460415840149,-0.024368857964873314,0,0
11,LEFT_ANKLE,0.513024628162384,0.8134391903877258,0.13997001945972443,0,0
11,RIGHT_ANKLE,0.5463725924491882,0.8414474129676819,-0.0006351105985231698,0,0
11,LEFT_HEEL,0.5061236619949341,0.8291589617729187,0.1425754427909851,0,0
11,RIGHT_HEEL,0.5402439832687378,0.8571352958679199,0.0010259742848575115,0,0
11,LEFT_FOOT_INDEX,0.5315850973129272,0.8301286101341248,0.13050943613052368,0,0
11,RIGHT_FOOT_INDEX,0.5670526623725891,0.8520591855049133,-0.0213625468313694,0,0
12,NOSE,0.5660435557365417,0.48767122626304626,0.018872873857617378,0,0
12,LEFT_EYE_INNER,0.5642176270484924,0.4767533540725708,0.022614676505327225,0,0
12,LEFT_EYE,0.5633991360664368,0.4761541187763214,0.022603610530495644,0,0
12,LEFT_EYE_OUTER,0.562473714351654,0.47552287578582764,0.022600015625357628,0,0
12,RIGHT_EYE_INNER,0.5651453733444214,0.4772821068763733,0.006319115404039621,0,0
12,RIGHT_EYE,0.5651045441627502,0.47705620527267456,0.006313632242381573,0,0
12,RIGHT_EYE_OUTER,0.565028965473175,0.4768005907535553,0.00627133110538125,0,0
12,LEFT_EAR,0.5565054416656494,0.475950688123703,0.03966880962252617,0,0
12,RIGHT_EAR,0.5608221888542175,0.47788697481155396,-0.03555358573794365,0,0
12,MOUTH_LEFT,0.5630060434341431,0.49478772282600403,0.026440951973199844,0,0
12,MOUTH_RIGHT,0.5640609860420227,0.49518585205078125,0.0052635520696640015,0,0
12,LEFT_SHOULDER,0.5342351198196411,0.5161773562431335,0.07774446159601212,0,0
12,RIGHT_SHOULDER,0.5565407276153564,0.5244423151016235,-0.08279062807559967,0,0
12,LEFT_ELBOW,0.5324150919914246,0.5791895985603333,0.09832771122455597,0,0
12,RIGHT_ELBOW,0.5517339706420898,0.5876562595367432,-0.08858063817024231,0,0
12,LEFT_WRIST,0.5463857650756836,0.6160213351249695,0.08949891477823257,0,0
12,RIGHT_WRIST,0.5654211640357971,0.6292670965194702,-0.047744035720825195,0,0
12,LEFT_PINKY,0.5499853491783142,0.626741886138916,0.09291727840900421,0,0
12,RIGHT_PINKY,0.5658141374588013,0.638692319393158,-0.05453241616487503,0,0
12,LEFT_INDEX,0.5529451966285706,0.6250888109207153,0.0831458643078804,0,0
12,RIGHT_INDEX,0.5673510432243347,0.6354540586471558,-0.05066918581724167,0,0
12,LEFT_THUMB,0.552657961845398,0.619552493095398,0.0840970128774643,0,0
12,RIGHT_THUMB,0.5661924481391907,0.6319304704666138,-0.044654954224824905,0,0
12,LEFT_HIP,0.526790976524353,0.6476641893386841,0.052473679184913635,0,0
12,RIGHT_HIP,0.5420809984207153,0.651371955871582,-0.05253254249691963,0,0
12,LEFT_KNEE,0.5305044054985046,0.7282523512840271,0.09647588431835175,0,0
12,RIGHT_KNEE,0.5487949252128601,0.7412234544754028,-0.021039815619587898,0,0
12,LEFT_ANKLE,0.5132912397384644,0.8175538182258606,0.14363183081150055,0,0
12,RIGHT_ANKLE,0.5460548996925354,0.8402875065803528,0.007230178918689489,0,0
12,LEFT_HEEL,0.5062022805213928,0.8329595327377319,0.14649364352226257,0,0
12,RIGHT_HEEL,0.5401306748390198,0.8569145202636719,0.009492849931120872,0,0
12,LEFT_FOOT_INDEX,0.5337985157966614,0.8330981135368347,0.13267895579338074,0,0
12,RIGHT_FOOT_INDEX,0.566982090473175,0.8512130975723267,-0.013217064552009106,0,0
13,NOSE,0.5663232803344727,0.48717063665390015,0.00403659837320447,0,0
13,LEFT_EYE_INNER,0.5644721388816833,0.47666195034980774,0.008740405552089214,0,0
13,LEFT_EYE,0.5636438131332397,0.4760478734970093,0.008725598454475403,0,0
13,LEFT_EYE_OUTER,0.5626956820487976,0.4753970205783844,0.008724314160645008,0,0
13,RIGHT_EYE_INNER,0.5653558373451233,0.47725388407707214,-0.008192083798348904,0,0
13,RIGHT_EYE,0.5652863383293152,0.4770582318305969,-0.008190061897039413,0,0
13,RIGHT_EYE_OUTER,0.5651766657829285,0.47683218121528625,-0.008234342560172081,0,0
13,LEFT_EAR,0.5567435026168823,0.4758143126964569,0.03156889230012894,0,0
13,RIGHT_EAR,0.560792863368988,0.4779651165008545,-0.04552228003740311,0,0
13,MOUTH_LEFT,0.5631784200668335,0.4943435788154602,0.01433142926543951,0,0
13,MOUTH_RIGHT,0.5641962289810181,0.49477848410606384,-0.007683486212044954,0,0
13,LEFT_SHOULDER,0.5374161601066589,0.5157374143600464,0.078963503241539,0,0
13,RIGHT_SHOULDER,0.5533416867256165,0.5244148373603821,-0.08892405033111572,0,0
13,LEFT_ELBOW,0.5328077673912048,0.5794299244880676,0.11197260767221451,0,0
13,RIGHT_ELBOW,0.5465294122695923,0.5884239673614502,-0.10516348481178284,0,0
13,LEFT_WRIST,0.546619176864624,0.6160631775856018,0.10804951190948486,0,0
13,RIGHT_WRIST,0.5634062886238098,0.6313684582710266,-0.08848590403795242,0,0
13,LEFT_PINKY,0.5493864417076111,0.6261288523674011,0.11514156311750412,0,0
13,RIGHT_PINKY,0.5650508999824524,0.6392328143119812,-0.1002919003367424,0,0
13,LEFT_INDEX,0.553429365158081,0.6243305206298828,0.1001536026597023,0,0
13,RIGHT_INDEX,0.5668120980262756,0.6357559561729431,-0.09399126470088959,0,0
13,LEFT_THUMB,0.5529736876487732,0.6198506951332092,0.1011362075805664,0,0
13,RIGHT_THUMB,0.5657410025596619,0.6325841546058655,-0.08493800461292267,0,0
13,LEFT_HIP,0.5265397429466248,0.6483089327812195,0.05273854732513428,0,0
13,RIGHT_HIP,0.5395157933235168,0.6521012187004089,-0.05278337374329567,0,0
13,LEFT_KNEE,0.530626118183136,0.7317850589752197,0.08390465378761292,0,0
13,RIGHT_KNEE,0.5494450926780701,0.7403819561004639,-0.02001367136836052,0,0
13,LEFT_ANKLE,0.5134133696556091,0.8226666450500488,0.12597794830799103,0,0
13,RIGHT_ANKLE,0.5458247065544128,0.8392622470855713,0.010109924711287022,0,0
13,LEFT_HEEL,0.507483959197998,0.8386496305465698,0.1281488537788391,0,0
13,RIGHT_HEEL,0.5398759841918945,0.8566852807998657,0.01243303157389164,0,0
13,LEFT_FOOT_INDEX,0.5355284810066223,0.8352141976356506,0.11203064024448395,0,0
13,RIGHT_FOOT_INDEX,0.5668649673461914,0.8504562377929688,-0.011582853272557259,0,0
14,NOSE,0.566940188407898,0.48726433515548706,-0.0068636611104011536,0,0
14,LEFT_EYE_INNER,0.5649388432502747,0.4769838750362396,-0.0019279284169897437,0,0
14,LEFT_EYE,0.564136803150177,0.4763979911804199,-0.001941767055541277,0,0
14,LEFT_EYE_OUTER,0.5632190108299255,0.47577086091041565,-0.0019387525971978903,0,0
14,RIGHT_EYE_INNER,0.5656473636627197,0.4775936007499695,-0.018453670665621758,0,0
14,RIGHT_EYE,0.5654828548431396,0.47742462158203125,-0.018456200137734413,0,0
14,RIGHT_EYE_OUTER,0.5652869343757629,0.47722330689430237,-0.018491102382540703,0,0
14,LEFT_EAR,0.5571632385253906,0.4767220914363861,0.02298211306333542,0,0
14,RIGHT_EAR,0.5607447028160095,0.47866612672805786,-0.051677405834198,0,0
14,MOUTH_LEFT,0.5638076663017273,0.4945457875728607,0.004524156451225281,0,0
14,MOUTH_RIGHT,0.5645483136177063,0.4949601888656616,-0.016937045380473137,0,0
14,LEFT_SHOULDER,0.5398880839347839,0.5167033076286316,0.07447739690542221,0,0
14,RIGHT_SHOULDER,0.5510309934616089,0.5257499814033508,-0.09030257165431976,0,0
14,LEFT_ELBOW,0.5343602299690247,0.5803844332695007,0.1070578396320343,0,0
14,RIGHT_ELBOW,0.5430870056152344,0.5918155312538147,-0.10475995391607285,0,0
14,LEFT_WRIST,0.5442618131637573,0.6240485310554504,0.08226532489061356,0,0
14,RIGHT_WRIST,0.5623989701271057,0.6325052380561829,-0.08475891500711441,0,0
14,LEFT_PINKY,0.5474358201026917,0.6365654468536377,0.08530505001544952,0,0
14,RIGHT_PINKY,0.564871072769165,0.6400103569030762,-0.0965035930275917,0,0
14,LEFT_INDEX,0.5513178706169128,0.6355105638504028,0.07239735871553421,0,0
14,RIGHT_INDEX,0.5665244460105896,0.6362403035163879,-0.09154730290174484,0,0
14,LEFT_THUMB,0.5508505702018738,0.6316989660263062,0.07560288906097412,0,0
14,RIGHT_THUMB,0.565494954586029,0.6331546306610107,-0.08173699676990509,0,0
14,LEFT_HIP,0.5261406898498535,0.64913010597229,0.052307698875665665,0,0
14,RIGHT_HIP,0.5378128886222839,0.6525716781616211,-0.052349939942359924,0,0
14,LEFT_KNEE,0.5305419564247131,0.7352359294891357,0.07431450486183167,0,0
14,RIGHT_KNEE,0.5504807233810425,0.7387033104896545,-0.024212319403886795,0,0
14,LEFT_ANKLE,0.5135043859481812,0.8259311318397522,0.11083833128213882,0,0
14,RIGHT_ANKLE,0.545569121837616,0.8382936120033264,0.008910207077860832,0,0
14,LEFT_HEEL,0.5075241923332214,0.8415147662162781,0.1122855469584465,0,0
14,RIGHT_HEEL,0.5396506190299988,0.8561489582061768,0.010679169557988644,0,0
14,LEFT_FOOT_INDEX,0.5358718633651733,0.8377470970153809,0.09539799392223358,0,0
14,RIGHT_FOOT_INDEX,0.5668545961380005,0.8494972586631775,-0.014131599105894566,0,0
15,NOSE,0.567397952079773,0.4891987442970276,-0.02191315032541752,0,0
15,LEFT_EYE_INNER,0.5656817555427551,0.47947219014167786,-0.016829540953040123,0,0
15,LEFT_EYE,0.5649689435958862,0.47888800501823425,-0.01683128997683525,0,0
15,LEFT_EYE_OUTER,0.5641804933547974,0.4782509207725525,-0.01684071682393551,0,0
15,RIGHT_EYE_INNER,0.5660934448242188,0.48003777861595154,-0.03206288442015648,0,0
15,RIGHT_EYE,0.5657982230186462,0.4798688590526581,-0.03205672279000282,0,0
15,RIGHT_EYE_OUTER,0.565494179725647,0.4796554446220398,-0.03207278996706009,0,0
15,LEFT_EAR,0.5579938292503357,0.4794329106807709,0.011793899349868298,0,0
15,RIGHT_EAR,0.5607099533081055,0.4815586805343628,-0.056686289608478546,0,0
15,MOUTH_LEFT,0.5641566514968872,0.4964691698551178,-0.008868277072906494,0,0
15,MOUTH_RIGHT,0.5645589232444763,0.4968774914741516,-0.02876054309308529,0,0
15,LEFT_SHOULDER,0.5415372848510742,0.5176716446876526,0.06962629407644272,0,0
15,RIGHT_SHOULDER,0.5494207143783569,0.528529167175293,-0.08911927789449692,0,0
15,LEFT_ELBOW,0.5400168299674988,0.5757095217704773,0.1377437263727188,0,0
15,RIGHT_ELBOW,0.541858434677124,0.5965977907180786,-0.11839265376329422,0,0
15,LEFT_WRIST,0.5623101592063904,0.5710384845733643,0.18492533266544342,0,0
15,RIGHT_WRIST,0.5627597570419312,0.6327383518218994,-0.12120797485113144,0,0
15,LEFT_PINKY,0.5722404718399048,0.5480093359947205,0.1982555389404297,0,0
15,RIGHT_PINKY,0.567041277885437,0.6401684880256653,-0.13270172476768494,0,0
15,LEFT_INDEX,0.5736780166625977,0.5472387075424194,0.1872941553592682,0,0
15,RIGHT_INDEX,0.5689735412597656,0.6362106800079346,-0.13050256669521332,0,0
15,LEFT_THUMB,0.5703809261322021,0.546834409236908,0.18154817819595337,0,0
15,RIGHT_THUMB,0.5673812627792358,0.6331416964530945,-0.11932771652936935,0,0
15,LEFT_HIP,0.5254690647125244,0.6529109477996826,0.050946954637765884,0,0
15,RIGHT_HIP,0.537250280380249,0.6560912728309631,-0.05098152905702591,0,0
15,LEFT_KNEE,0.5301841497421265,0.7379813194274902,0.06839923560619354,0,0
15,RIGHT_KNEE,0.5530734658241272,0.7386588454246521,-0.015434978529810905,0,0
15,LEFT_ANKLE,0.5137384533882141,0.8266796469688416,0.09836988896131516,0,0
15,RIGHT_ANKLE,0.5455754995346069,0.8363219499588013,0.03054862469434738,0,0
15,LEFT_HEEL,0.5081332921981812,0.842406690120697,0.0998355969786644,0,0
15,RIGHT_HEEL,0.5397054553031921,0.8548886775970459,0.03406618535518646,0,0
15,LEFT_FOOT_INDEX,0.5351067781448364,0.8369658589363098,0.08584903925657272,0,0
15,RIGHT_FOOT_INDEX,0.5670014023780823,0.8477228283882141,0.018334975466132164,0,0
16,NOSE,0.5685317516326904,0.4924195408821106,-0.03380880504846573,0,0
16,LEFT_EYE_INNER,0.5667867660522461,0.48244708776474,-0.028200317174196243,0,0
16,LEFT_EYE,0.5660969018936157,0.48178184032440186,-0.028191326186060905,0,0
16,LEFT_EYE_OUTER,0.5653426051139832,0.4810965657234192,-0.028202923014760017,0,0
16,RIGHT_EYE_INNER,0.5670883059501648,0.4832248389720917,-0.04406195133924484,0,0
16,RIGHT_EYE,0.5667084455490112,0.48308947682380676,-0.04404599219560623,0,0
16,RIGHT_EYE_OUTER,0.566300094127655,0.4829283058643341,-0.04405279457569122,0,0
16,LEFT_EAR,0.5592173933982849,0.4823768436908722,0.0034116520546376705,0,0
16,RIGHT_EAR,0.5610609650611877,0.4847869277000427,-0.06774462759494781,0,0
16,MOUTH_LEFT,0.5652437806129456,0.49940672516822815,-0.019465405493974686,0,0
16,MOUTH_RIGHT,0.5654764771461487,0.4999513328075409,-0.04026385396718979,0,0
16,LEFT_SHOULDER,0.5413906574249268,0.5192853212356567,0.06417395174503326,0,0
16,RIGHT_SHOULDER,0.5491649508476257,0.5312210321426392,-0.09776795655488968,0,0
16,LEFT_ELBOW,0.5407220721244812,0.5686717629432678,0.14785261452198029,0,0
16,RIGHT_ELBOW,0.5416303277015686,0.5977708101272583,-0.12295404821634293,0,0
16,LEFT_WRIST,0.5703755617141724,0.5324933528900146,0.20661784708499908,0,0
16,RIGHT_WRIST,0.5646756887435913,0.6328372955322266,-0.11619818210601807,0,0
16,LEFT_PINKY,0.5760973691940308,0.5300342440605164,0.22149227559566498,0,0
16,RIGHT_PINKY,0.5712369680404663,0.6401442885398865,-0.1266842931509018,0,0
16,LEFT_INDEX,0.5759727358818054,0.5309126377105713,0.21052199602127075,0,0
16,RIGHT_INDEX,0.5731032490730286,0.6357168555259705,-0.12433122843503952,0,0
16,LEFT_THUMB,0.5738940834999084,0.5319110155105591,0.203370600938797,0,0
16,RIGHT_THUMB,0.5707382559776306,0.633075475692749,-0.11377980560064316,0,0
16,LEFT_HIP,0.5243968367576599,0.655154287815094,0.05084080994129181,0,0
16,RIGHT_HIP,0.5364717841148376,0.6602776050567627,-0.050882041454315186,0,0
16,LEFT_KNEE,0.5298462510108948,0.739001452922821,0.0802622139453888,0,0
16,RIGHT_KNEE,0.5554422736167908,0.7384000420570374,-0.010973070748150349,0,0
16,LEFT_ANKLE,0.5136623978614807,0.8266925811767578,0.12009967863559723,0,0
16,RIGHT_ANKLE,0.5456112623214722,0.8349904417991638,0.045878805220127106,0,0
16,LEFT_HEEL,0.508549153804779,0.8422384262084961,0.1227135956287384,0,0
16,RIGHT_HEEL,0.5397070050239563,0.8533944487571716,0.051246482878923416,0,0
16,LEFT_FOOT_INDEX,0.5346713662147522,0.8379961252212524,0.11200565844774246,0,0
16,RIGHT_FOOT_INDEX,0.5676003694534302,0.8477964997291565,0.040229570120573044,0,0
17,NOSE,0.56986004114151,0.496928870677948,-0.034112393856048584,0,0
17,LEFT_EYE_INNER,0.5682779550552368,0.48635631799697876,-0.028181694447994232,0,0
17,LEFT_EYE,0.5676575303077698,0.48561474680900574,-0.028172068297863007,0,0
17,LEFT_EYE_OUTER,0.566977322101593,0.4848465621471405,-0.028184060007333755,0,0
17,RIGHT_EYE_INNER,0.568381130695343,0.48698878288269043,-0.04397927597165108,0,0
17,RIGHT_EYE,0.5678907036781311,0.4866885840892792,-0.04396321624517441,0,0
17,RIGHT_EYE_OUTER,0.567350447177887,0.48634666204452515,-0.04396819323301315,0,0
17,LEFT_EAR,0.560602068901062,0.4851439893245697,0.004435731563717127,0,0
17,RIGHT_EAR,0.5614932179450989,0.4873616099357605,-0.06661367416381836,0,0
17,MOUTH_LEFT,0.5666081309318542,0.5036163926124573,-0.019520143046975136,0,0
17,MOUTH_RIGHT,0.5665493607521057,0.5040282011032104,-0.04029499366879463,0,0
17,LEFT_SHOULDER,0.5428748726844788,0.5228942036628723,0.06319540739059448,0,0
17,RIGHT_SHOULDER,0.5476163625717163,0.5315878391265869,-0.09640277922153473,0,0
17,LEFT_ELBOW,0.5427447557449341,0.57118821144104,0.148176908493042,0,0
17,RIGHT_ELBOW,0.5413695573806763,0.5974530577659607,-0.12842945754528046,0,0
17,LEFT_WRIST,0.5706258416175842,0.5619426965713501,0.20159035921096802,0,0
17,RIGHT_WRIST,0.5681866407394409,0.629483163356781,-0.13436388969421387,0,0
17,LEFT_PINKY,0.5773546099662781,0.5609482526779175,0.21525463461875916,0,0
17,RIGHT_PINKY,0.5759050846099854,0.6359961032867432,-0.1472616046667099,0,0
17,LEFT_INDEX,0.5788487792015076,0.544870913028717,0.2029941976070404,0,0
17,RIGHT_INDEX,0.5787675976753235,0.6305781602859497,-0.1439473181962967,0,0
17,LEFT_THUMB,0.5755226612091064,0.5438122153282166,0.19774392247200012,0,0
17,RIGHT_THUMB,0.5760449767112732,0.6286612153053284,-0.1319674700498581,0,0
17,LEFT_HIP,0.524429976940155,0.6570218205451965,0.05075717344880104,0,0
17,RIGHT_HIP,0.5360738635063171,0.6619043350219727,-0.05079339072108269,0,0
17,LEFT_KNEE,0.5295335650444031,0.739291250705719,0.08110380172729492,0,0
17,RIGHT_KNEE,0.5562512874603271,0.7377750277519226,-0.013920949772000313,0,0
17,LEFT_ANKLE,0.5134267210960388,0.826517641544342,0.1296665370464325,0,0
17,RIGHT_ANKLE,0.5457030534744263,0.8340141177177429,0.03451525792479515,0,0
17,LEFT_HEEL,0.5084661841392517,0.842203676700592,0.1332206279039383,0,0
17,RIGHT_HEEL,0.5397098064422607,0.852450966835022,0.038630858063697815,0,0
17,LEFT_FOOT_INDEX,0.5342614650726318,0.8374465107917786,0.12196195125579834,0,0
17,RIGHT_FOOT_INDEX,0.568037211894989,0.8479220867156982,0.02452900819480419,0,0
18,NOSE,0.5708335638046265,0.49814221262931824,-0.037384867668151855,0,0
18,LEFT_EYE_INNER,0.5695304274559021,0.4873308539390564,-0.03107895888388157,0,0
18,LEFT_EYE,0.5689536929130554,0.48660165071487427,-0.03106454387307167,0,0
18,LEFT_EYE_OUTER,0.5683243274688721,0.48585283756256104,-0.03107389062643051,0,0
18,RIGHT_EYE_INNER,0.5695106983184814,0.4877948462963104,-0.0466802604496479,0,0
18,RIGHT_EYE,0.5689755082130432,0.48737579584121704,-0.04666991904377937,0,0
18,RIGHT_EYE_OUTER,0.5683912634849548,0.48691970109939575,-0.04667492210865021,0,0
18,LEFT_EAR,0.561724841594696,0.4857208728790283,0.004415437113493681,0,0
18,RIGHT_EAR,0.5621430277824402,0.48737582564353943,-0.06626253575086594,0,0
18,MOUTH_LEFT,0.567551851272583,0.5048180818557739,-0.021774662658572197,0,0
18,MOUTH_RIGHT,0.5672577023506165,0.5051038265228271,-0.04247475415468216,0,0
18,LEFT_SHOULDER,0.5450614094734192,0.5232273936271667,0.06324640661478043,0,0
18,RIGHT_SHOULDER,0.5478007197380066,0.5313718318939209,-0.09583131223917007,0,0
18,LEFT_ELBOW,0.5468589663505554,0.5640389919281006,0.15157979726791382,0,0
18,RIGHT_ELBOW,0.5413672924041748,0.5927162170410156,-0.14510801434516907,0,0
18,LEFT_WRIST,0.5740472078323364,0.5543552041053772,0.21113872528076172,0,0
18,RIGHT_WRIST,0.571365237236023,0.6167140007019043,-0.17481520771980286,0,0
18,LEFT_PINKY,0.57741779088974,0.5385551452636719,0.22567251324653625,0,0
18,RIGHT_PINKY,0.5803006291389465,0.6240161657333374,-0.18976353108882904,0,0
18,LEFT_INDEX,0.5787473917007446,0.5334991812705994,0.21423645317554474,0,0
18,RIGHT_INDEX,0.5832737684249878,0.617861270904541,-0.18599967658519745,0,0
18,LEFT_THUMB,0.5773718357086182,0.5359117388725281,0.20788735151290894,0,0
18,RIGHT_THUMB,0.5803145170211792,0.6155307292938232,-0.1726275235414505,0,0
18,LEFT_HIP,0.525244414806366,0.6569805145263672,0.05070749670267105,0,0
18,RIGHT_HIP,0.5355156064033508,0.6627563238143921,-0.05075184628367424,0,0
18,LEFT_KNEE,0.5295312404632568,0.7387550473213196,0.08810730278491974,0,0
18,RIGHT_KNEE,0.5559807419776917,0.7371988892555237,-0.025330061092972755,0,0
18,LEFT_ANKLE,0.5132572054862976,0.8260228037834167,0.13578197360038757,0,0
18,RIGHT_ANKLE,0.5459141135215759,0.8343151807785034,0.009762448258697987,0,0
18,LEFT_HEEL,0.5078635811805725,0.8419520854949951,0.13921816647052765,0,0
18,RIGHT_HEEL,0.5397211313247681,0.852512776851654,0.012613027356564999,0,0
18,LEFT_FOOT_INDEX,0.5340152382850647,0.8372072577476501,0.12844057381153107,0,0
18,RIGHT_FOOT_INDEX,0.5692761540412903,0.8520563244819641,-0.004883172921836376,0,0
19,NOSE,0.571783185005188,0.4995182752609253,-0.03250940889120102,0,0
19,LEFT_EYE_INNER,0.5708145499229431,0.4886128604412079,-0.026407675817608833,0,0
19,LEFT_EYE,0.5702208280563354,0.48787721991539,-0.02640586346387863,0,0
19,LEFT_EYE_OUTER,0.5695654153823853,0.48715102672576904,-0.02642727643251419,0,0
19,RIGHT_EYE_INNER,0.5708661675453186,0.488938570022583,-0.041040338575839996,0,0
19,RIGHT_EYE,0.5703919529914856,0.48841726779937744,-0.04102395474910736,0,0
19,RIGHT_EYE_OUTER,0.5698593258857727,0.48786333203315735,-0.04101862013339996,0,0
19,LEFT_EAR,0.5631169080734253,0.4864271283149719,0.00624209875240922,0,0
19,RIGHT_EAR,0.5635889172554016,0.4876581132411957,-0.060681331902742386,0,0
19,MOUTH_LEFT,0.5684642195701599,0.5058067440986633,-0.018351439386606216,0,0
19,MOUTH_RIGHT,0.5682383179664612,0.5058035850524902,-0.037772949784994125,0,0
19,LEFT_SHOULDER,0.5465309619903564,0.523208498954773,0.05901031941175461,0,0
19,RIGHT_SHOULDER,0.5483084321022034,0.5286325216293335,-0.09240731596946716,0,0
19,LEFT_ELBOW,0.5535902380943298,0.5596199631690979,0.13680650293827057,0,0
19,RIGHT_ELBOW,0.5432894229888916,0.5852758884429932,-0.14358486235141754,0,0
19,LEFT_WRIST,0.583804726600647,0.5572758913040161,0.1822642683982849,0,0
19,RIGHT_WRIST,0.5778563022613525,0.6018655300140381,-0.18279355764389038,0,0
19,LEFT_PINKY,0.5891595482826233,0.5469158887863159,0.19417883455753326,0,0
19,RIGHT_PINKY,0.5872820019721985,0.6045039296150208,-0.19965623319149017,0,0
19,LEFT_INDEX,0.5899620056152344,0.5431514382362366,0.18161381781101227,0,0
19,RIGHT_INDEX,0.5895947813987732,0.5992115139961243,-0.19412203133106232,0,0
19,LEFT_THUMB,0.5911189317703247,0.551864504814148,0.17818018794059753,0,0
19,RIGHT_THUMB,0.5860022306442261,0.5984742045402527,-0.18070007860660553,0,0
19,LEFT_HIP,0.5261024832725525,0.6560327410697937,0.047976501286029816,0,0
19,RIGHT_HIP,0.5354127883911133,0.6625618934631348,-0.04799362272024155,0,0
19,LEFT_KNEE,0.5296618342399597,0.7382881045341492,0.08427192270755768,0,0
19,RIGHT_KNEE,0.5549244284629822,0.736008882522583,-0.034512393176555634,0,0
19,LEFT_ANKLE,0.5132573246955872,0.8256301879882812,0.12743262946605682,0,0
19,RIGHT_ANKLE,0.5468936562538147,0.8343774080276489,-0.016095830127596855,0,0
19,LEFT_HEEL,0.5076672434806824,0.8416604399681091,0.1300305277109146,0,0
19,RIGHT_HEEL,0.5398975610733032,0.852746844291687,-0.01529999915510416,0,0
19,LEFT_FOOT_INDEX,0.5340502858161926,0.837679386138916,0.11662158370018005,0,0
19,RIGHT_FOOT_INDEX,0.5708199739456177,0.8557405471801758,-0.03736479580402374,0,0
20,NOSE,0.5724839568138123,0.5001281499862671,-0.020988982170820236,0,0
20,LEFT_EYE_INNER,0.5716017484664917,0.48935624957084656,-0.015905780717730522,0,0
20,LEFT_EYE,0.5710211396217346,0.4886353611946106,-0.015907658264040947,0,0
20,LEFT_EYE_OUTER,0.570378839969635,0.4879414439201355,-0.015921419486403465,0,0
20,RIGHT_EYE_INNER,0.5716128945350647,0.48956161737442017,-0.031155075877904892,0,0
20,RIGHT_EYE,0.5711275935173035,0.4889805018901825,-0.03114364668726921,0,0
20,RIGHT_EYE_OUTER,0.5705912113189697,0.48838964104652405,-0.031149279326200485,0,0
20,LEFT_EAR,0.5640561580657959,0.48687082529067993,0.012077703140676022,0,0
20,RIGHT_EAR,0.5643914341926575,0.4878067672252655,-0.057025693356990814,0,0
20,MOUTH_LEFT,0.5694049596786499,0.5061028599739075,-0.008615701459348202,0,0
20,MOUTH_RIGHT,0.5691138505935669,0.506028950214386,-0.02871536649763584,0,0
20,LEFT_SHOULDER,0.5483492612838745,0.523115873336792,0.06424122303724289,0,0
20,RIGHT_SHOULDER,0.5485343337059021,0.5261397957801819,-0.09067453444004059,0,0
20,LEFT_ELBOW,0.565193772315979,0.5569820404052734,0.12696287035942078,0,0
20,RIGHT_ELBOW,0.543425977230072,0.5775429010391235,-0.15635010600090027,0,0
20,LEFT_WRIST,0.5960333943367004,0.5505713820457458,0.13579164445400238,0,0
20,RIGHT_WRIST,0.5799182653427124,0.5823706388473511,-0.2089766412973404,0,0
20,LEFT_PINKY,0.6032859683036804,0.5470938086509705,0.14315550029277802,0,0
20,RIGHT_PINKY,0.5899201035499573,0.5808503031730652,-0.22872477769851685,0,0
20,LEFT_INDEX,0.6055957078933716,0.5439926981925964,0.13051562011241913,0,0
20,RIGHT_INDEX,0.5918749570846558,0.5742737650871277,-0.22038426995277405,0,0
20,LEFT_THUMB,0.6031519770622253,0.5471881031990051,0.13079245388507843,0,0
20,RIGHT_THUMB,0.5884742736816406,0.5747529864311218,-0.20613855123519897,0,0
20,LEFT_HIP,0.5262538194656372,0.6537591218948364,0.04856429621577263,0,0
20,RIGHT_HIP,0.5347837209701538,0.6622886061668396,-0.048558514565229416,0,0
20,LEFT_KNEE,0.5311682820320129,0.7379810214042664,0.09398172050714493,0,0
20,RIGHT_KNEE,0.5531522035598755,0.7361074090003967,-0.04648079350590706,0,0
20,LEFT_ANKLE,0.5134655833244324,0.8233669996261597,0.14492535591125488,0,0
20,RIGHT_ANKLE,0.5478748679161072,0.834436297416687,-0.03658701851963997,0,0
20,LEFT_HEEL,0.5078189969062805,0.8389945030212402,0.14788196980953217,0,0
20,RIGHT_HEEL,0.5404555201530457,0.8529948592185974,-0.03709904104471207,0,0
20,LEFT_FOOT_INDEX,0.533927857875824,0.8373839259147644,0.13038522005081177,0,0
20,RIGHT_FOOT_INDEX,0.5722015500068665,0.8560201525688171,-0.0667203813791275,0,0
21,NOSE,0.5747533440589905,0.5006312727928162,-0.04138116165995598,0,0
21,LEFT_EYE_INNER,0.574405312538147,0.49006199836730957,-0.03414015471935272,0,0
21,LEFT_EYE,0.573961615562439,0.48933884501457214,-0.03416072204709053,0,0
21,LEFT_EYE_OUTER,0.5734056234359741,0.4886114001274109,-0.03416003659367561,0,0
21,RIGHT_EYE_INNER,0.5741328001022339,0.48999685049057007,-0.05069577321410179,0,0
21,RIGHT_EYE,0.5735552310943604,0.48922255635261536,-0.05068235844373703,0,0
21,RIGHT_EYE_OUTER,0.5728773474693298,0.4884423613548279,-0.05067767947912216,0,0
21,LEFT_EAR,0.567457377910614,0.4871150851249695,0.005484087858349085,0,0
21,RIGHT_EAR,0.5665171146392822,0.4875900149345398,-0.06928989291191101,0,0
21,MOUTH_LEFT,0.5719210505485535,0.5060351490974426,-0.024755360558629036,0,0
21,MOUTH_RIGHT,0.5712614059448242,0.5059075951576233,-0.046523697674274445,0,0
21,LEFT_SHOULDER,0.5570914149284363,0.531847357749939,0.05772221460938454,0,0
21,RIGHT_SHOULDER,0.5472503304481506,0.5252397060394287,-0.10110652446746826,0,0
21,LEFT_ELBOW,0.5787858366966248,0.5612934827804565,0.06241479888558388,0,0
21,RIGHT_ELBOW,0.5460794568061829,0.5708526968955994,-0.16706739366054535,0,0
21,LEFT_WRIST,0.6023751497268677,0.554394543170929,0.0028799064457416534,0,0
21,RIGHT_WRIST,0.5838183164596558,0.5576821565628052,-0.196746826171875,0,0
21,LEFT_PINKY,0.6090799570083618,0.5463614463806152,-0.004742586053907871,0,0
21,RIGHT_PINKY,0.5926651358604431,0.5502485632896423,-0.21662092208862305,0,0
21,LEFT_INDEX,0.6091346144676208,0.5426132678985596,-0.01233186386525631,0,0
21,RIGHT_INDEX,0.5930455327033997,0.5454108715057373,-0.2109500616788864,0,0
21,LEFT_THUMB,0.6052448749542236,0.5465284585952759,-0.0026588067412376404,0,0
21,RIGHT_THUMB,0.5900200605392456,0.5478638410568237,-0.19466210901737213,0,0
21,LEFT_HIP,0.5290648341178894,0.6534443497657776,0.049494337290525436,0,0
21,RIGHT_HIP,0.532957136631012,0.6611917018890381,-0.049464643001556396,0,0
21,LEFT_KNEE,0.5345996618270874,0.7375290393829346,0.10155891627073288,0,0
21,RIGHT_KNEE,0.5527296662330627,0.7361383438110352,-0.05883669853210449,0,0
21,LEFT_ANKLE,0.5146763324737549,0.8212633728981018,0.1621531844139099,0,0
21,RIGHT_ANKLE,0.5484218001365662,0.8360949158668518,-0.0575869046151638,0,0
21,LEFT_HEEL,0.5078856348991394,0.8366217613220215,0.16604137420654297,0,0
21,RIGHT_HEEL,0.5412379503250122,0.8543670773506165,-0.05967200547456741,0,0
21,LEFT_FOOT_INDEX,0.5338888168334961,0.837685763835907,0.14490652084350586,0,0
21,RIGHT_FOOT_INDEX,0.5729444622993469,0.8570682406425476,-0.10043230652809143,0,0
22,NOSE,0.5767431855201721,0.5045588612556458,-0.047887884080410004,0,0
22,LEFT_EYE_INNER,0.5761294960975647,0.4935818016529083,-0.04063396900892258,0,0
22,LEFT_EYE,0.5757544040679932,0.4928215742111206,-0.04064755141735077,0,0
22,LEFT_EYE_OUTER,0.5753194093704224,0.492117702960968,-0.040642715990543365,0,0
22,RIGHT_EYE_INNER,0.5757094621658325,0.4934936463832855,-0.05740460380911827,0,0
22,RIGHT_EYE,0.5750989317893982,0.49266815185546875,-0.0573960579931736,0,0
22,RIGHT_EYE_OUTER,0.5744026303291321,0.4918367862701416,-0.057392340153455734,0,0
22,LEFT_EAR,0.5699016451835632,0.4904453456401825,0.0007287011248990893,0,0
22,RIGHT_EAR,0.56805020570755,0.4904358386993408,-0.07511160522699356,0,0
22,MOUTH_LEFT,0.5742828845977783,0.5101968050003052,-0.0306714940816164,0,0
22,MOUTH_RIGHT,0.5736237168312073,0.5098769664764404,-0.05272258445620537,0,0
22,LEFT_SHOULDER,0.5608513951301575,0.5367150902748108,0.05435344949364662,0,0
22,RIGHT_SHOULDER,0.5474425554275513,0.5250962972640991,-0.1047123521566391,0,0
22,LEFT_ELBOW,0.5866339206695557,0.568041980266571,0.048723816871643066,0,0
22,RIGHT_ELBOW,0.5473499894142151,0.5663433074951172,-0.17316791415214539,0,0
22,LEFT_WRIST,0.6037026643753052,0.5442652106285095,-0.020326118916273117,0,0
22,RIGHT_WRIST,0.5817691087722778,0.5443223118782043,-0.20383530855178833,0,0
22,LEFT_PINKY,0.6068595051765442,0.5317800641059875,-0.03001023270189762,0,0
22,RIGHT_PINKY,0.5891565084457397,0.5361933708190918,-0.22286492586135864,0,0
22,LEFT_INDEX,0.6058058142662048,0.5273059010505676,-0.03207944706082344,0,0
22,RIGHT_INDEX,0.5895918011665344,0.5305888056755066,-0.2193472981452942,0,0
22,LEFT_THUMB,0.6037404537200928,0.5305880904197693,-0.023913860321044922,0,0
22,RIGHT_THUMB,0.5868731141090393,0.5332812070846558,-0.20243169367313385,0,0
22,LEFT_HIP,0.5294601321220398,0.6533357501029968,0.05044381320476532,0,0
22,RIGHT_HIP,0.5323647856712341,0.6601374745368958,-0.050422120839357376,0,0
22,LEFT_KNEE,0.5372667908668518,0.7362411022186279,0.10829207301139832,0,0
22,RIGHT_KNEE,0.5519211292266846,0.7361854314804077,-0.06227783113718033,0,0
22,LEFT_ANKLE,0.5184482336044312,0.8185678720474243,0.17296165227890015,0,0
22,RIGHT_ANKLE,0.5485460758209229,0.8376883268356323,-0.06907573342323303,0,0
22,LEFT_HEEL,0.5097033381462097,0.8309087157249451,0.1773681342601776,0,0
22,RIGHT_HEEL,0.5417221188545227,0.8551177978515625,-0.07225731015205383,0,0
22,LEFT_FOOT_INDEX,0.5343369841575623,0.8375699520111084,0.1563834547996521,0,0
22,RIGHT_FOOT_INDEX,0.5727079510688782,0.8583795428276062,-0.11580003798007965,0,0
23,NOSE,0.5792881846427917,0.5101789236068726,-0.08649804443120956,0,0
23,LEFT_EYE_INNER,0.5790054202079773,0.5001840591430664,-0.07761400192975998,0,0
23,LEFT_EYE,0.5787293314933777,0.49969640374183655,-0.07761825621128082,0,0
23,LEFT_EYE_OUTER,0.5784362554550171,0.49927061796188354,-0.07761172205209732,0,0
23,RIGHT_EYE_INNER,0.578052818775177,0.4997577667236328,-0.0934942290186882,0,0
23,RIGHT_EYE,0.5770929455757141,0.4989035725593567,-0.09347713738679886,0,0
23,RIGHT_EYE_OUTER,0.5760747194290161,0.49805960059165955,-0.0934637263417244,0,0
23,LEFT_EAR,0.5731440782546997,0.4973619878292084,-0.026553763076663017,0,0
23,RIGHT_EAR,0.5690811276435852,0.4958361089229584,-0.09862001240253448,0,0
23,MOUTH_LEFT,0.5770893096923828,0.5169910788536072,-0.06582014262676239,0,0
23,MOUTH_RIGHT,0.5757679343223572,0.5162631273269653,-0.08677788078784943,0,0
23,LEFT_SHOULDER,0.5658401250839233,0.5446598529815674,0.030916597694158554,0,0
23,RIGHT_SHOULDER,0.5477729439735413,0.526906430721283,-0.12906022369861603,0,0
23,LEFT_ELBOW,0.5947093963623047,0.574813187122345,0.0037967944517731667,0,0
23,RIGHT_ELBOW,0.5490097403526306,0.5559109449386597,-0.22621257603168488,0,0
23,LEFT_WRIST,0.6076202392578125,0.5415528416633606,-0.07796767354011536,0,0
23,RIGHT_WRIST,0.5828109979629517,0.5259048342704773,-0.2765844464302063,0,0
23,LEFT_PINKY,0.6101959347724915,0.5265877842903137,-0.09079273790121078,0,0
23,RIGHT_PINKY,0.5907663106918335,0.5171774625778198,-0.29997241497039795,0,0
23,LEFT_INDEX,0.6092793345451355,0.5215560793876648,-0.0895538479089737,0,0
23,RIGHT_INDEX,0.5906499028205872,0.5122746229171753,-0.2943352460861206,0,0
23,LEFT_THUMB,0.6076094508171082,0.5259823203086853,-0.08070050925016403,0,0
23,RIGHT_THUMB,0.5883206129074097,0.5152812004089355,-0.27537328004837036,0,0
23,LEFT_HIP,0.5321940779685974,0.6546077728271484,0.052878059446811676,0,0
23,RIGHT_HIP,0.5306900143623352,0.6600344777107239,-0.052908703684806824,0,0
23,LEFT_KNEE,0.5385026335716248,0.7351787090301514,0.12491405010223389,0,0
23,RIGHT_KNEE,0.5520046949386597,0.7364310026168823,-0.06635578721761703,0,0
23,LEFT_ANKLE,0.5194293856620789,0.8140851855278015,0.20400026440620422,0,0
23,RIGHT_ANKLE,0.5484960675239563,0.84004807472229,-0.06257757544517517,0,0
23,LEFT_HEEL,0.5108695030212402,0.8273974657058716,0.20995230972766876,0,0
23,RIGHT_HEEL,0.5419349670410156,0.856999397277832,-0.06476859003305435,0,0
23,LEFT_FOOT_INDEX,0.5355129837989807,0.8366519212722778,0.18815191090106964,0,0
23,RIGHT_FOOT_INDEX,0.5730012059211731,0.8598714470863342,-0.11082151532173157,0,0
24,NOSE,0.5828300714492798,0.5123227834701538,-0.06592462211847305,0,0
24,LEFT_EYE_INNER,0.5828389525413513,0.5026152729988098,-0.05792764201760292,0,0
24,LEFT_EYE,0.5825308561325073,0.5022205710411072,-0.05792921409010887,0,0
24,LEFT_EYE_OUTER,0.582149863243103,0.5018029808998108,-0.0579192154109478,0,0
24,RIGHT_EYE_INNER,0.5821222066879272,0.5022923946380615,-0.07374759018421173,0,0
24,RIGHT_EYE,0.5812978148460388,0.5016261339187622,-0.07373391091823578,0,0
24,RIGHT_EYE_OUTER,0.5803833603858948,0.5008888244628906,-0.07371674478054047,0,0
24,LEFT_EAR,0.5765057802200317,0.5010798573493958,-0.012240138836205006,0,0
24,RIGHT_EAR,0.5734763741493225,0.49960705637931824,-0.08436136692762375,0,0
24,MOUTH_LEFT,0.5802352428436279,0.519323468208313,-0.046941060572862625,0,0
24,MOUTH_RIGHT,0.5791128277778625,0.519047737121582,-0.06809281557798386,0,0
24,LEFT_SHOULDER,0.5692241787910461,0.5459731221199036,0.042861249297857285,0,0
24,RIGHT_SHOULDER,0.547926127910614,0.5300611853599548,-0.11273167282342911,0,0
24,LEFT_ELBOW,0.5985498428344727,0.5764184594154358,0.05877337604761124,0,0
24,RIGHT_ELBOW,0.5492166876792908,0.5527659058570862,-0.19685257971286774,0,0
24,LEFT_WRIST,0.61028653383255,0.5414313673973083,0.03158678859472275,0,0
24,RIGHT_WRIST,0.5810912847518921,0.5219350457191467,-0.2452572137117386,0,0
24,LEFT_PINKY,0.6126121878623962,0.5270953178405762,0.030284322798252106,0,0
24,RIGHT_PINKY,0.589299201965332,0.5132997632026672,-0.264931857585907,0,0
24,LEFT_INDEX,0.6111387610435486,0.522403359413147,0.026475006714463234,0,0
24,RIGHT_INDEX,0.588576078414917,0.5106475353240967,-0.2601495683193207,0,0
24,LEFT_THUMB,0.609386682510376,0.5273067355155945,0.029029620811343193,0,0
24,RIGHT_THUMB,0.5881423354148865,0.514564037322998,-0.24386495351791382,0,0
24,LEFT_HIP,0.5315738320350647,0.6550952792167664,0.05353255197405815,0,0
24,RIGHT_HIP,0.5315049290657043,0.6624549627304077,-0.05357556790113449,0,0
24,LEFT_KNEE,0.5384382605552673,0.7342555522918701,0.12352044135332108,0,0
24,RIGHT_KNEE,0.553613007068634,0.7386420369148254,-0.06345181912183762,0,0
24,LEFT_ANKLE,0.5189440250396729,0.8095229268074036,0.18771807849407196,0,0
24,RIGHT_ANKLE,0.5499669313430786,0.8413344621658325,-0.06210256367921829,0,0
24,LEFT_HEEL,0.510857880115509,0.8242151737213135,0.19271178543567657,0,0
24,RIGHT_HEEL,0.5438639521598816,0.8578320741653442,-0.06380890309810638,0,0
24,LEFT_FOOT_INDEX,0.5384622812271118,0.8328655958175659,0.1783570945262909,0,0
24,RIGHT_FOOT_INDEX,0.5737671256065369,0.8599198460578918,-0.0989251509308815,0,0
25,NOSE,0.5830659866333008,0.5126577019691467,-0.054510924965143204,0,0
25,LEFT_EYE_INNER,0.5828381776809692,0.5029563903808594,-0.047007761895656586,0,0
25,LEFT_EYE,0.5827328562736511,0.5026624202728271,-0.04700916260480881,0,0
25,LEFT_EYE_OUTER,0.5825792551040649,0.5023943781852722,-0.04700421914458275,0,0
25,RIGHT_EYE_INNER,0.5818802714347839,0.5027677416801453,-0.061401065438985825,0,0
25,RIGHT_EYE,0.5810475945472717,0.502320408821106,-0.06139010936021805,0,0
25,RIGHT_EYE_OUTER,0.580107569694519,0.5018370747566223,-0.06137410178780556,0,0
25,LEFT_EAR,0.5785003900527954,0.5023548603057861,-0.006057229358702898,0,0
25,RIGHT_EAR,0.5741708278656006,0.5011593699455261,-0.07117535173892975,0,0
25,MOUTH_LEFT,0.5813462138175964,0.5195931196212769,-0.03746567294001579,0,0
25,MOUTH_RIGHT,0.5799253582954407,0.5193690061569214,-0.05675509199500084,0,0
25,LEFT_SHOULDER,0.5716578960418701,0.5464264154434204,0.04707928001880646,0,0
25,RIGHT_SHOULDER,0.5521803498268127,0.5316165685653687,-0.09193085134029388,0,0
25,LEFT_ELBOW,0.5997382402420044,0.5785055756568909,0.0628545731306076,0,0
25,RIGHT_ELBOW,0.548275351524353,0.555469274520874,-0.18079279363155365,0,0
25,LEFT_WRIST,0.615912139415741,0.5471011400222778,0.06394857168197632,0,0
25,RIGHT_WRIST,0.5759162306785583,0.518908679485321,-0.24451471865177155,0,0
25,LEFT_PINKY,0.6182287335395813,0.5357728600502014,0.06785435974597931,0,0
25,RIGHT_PINKY,0.58156818151474,0.5115391612052917,-0.2644692361354828,0,0
25,LEFT_INDEX,0.6165339946746826,0.5313327312469482,0.06739949434995651,0,0
25,RIGHT_INDEX,0.5819175243377686,0.5104258060455322,-0.25870734453201294,0,0
25,LEFT_THUMB,0.6151278614997864,0.535332202911377,0.06482105702161789,0,0
25,RIGHT_THUMB,0.5815721750259399,0.5144505500793457,-0.2432727813720703,0,0
25,LEFT_HIP,0.5321378111839294,0.6550683379173279,0.05177294462919235,0,0
25,RIGHT_HIP,0.5327572226524353,0.662212610244751,-0.051811736077070236,0,0
25,LEFT_KNEE,0.5398811101913452,0.7308855652809143,0.11877971142530441,0,0
25,RIGHT_KNEE,0.5554531812667847,0.7386447191238403,-0.06988786906003952,0,0
25,LEFT_ANKLE,0.5188520550727844,0.8059778809547424,0.17845860123634338,0,0
25,RIGHT_ANKLE,0.5503040552139282,0.8423879146575928,-0.08008640259504318,0,0
25,LEFT_HEEL,0.5109491348266602,0.8203862905502319,0.18281064927577972,0,0
25,RIGHT_HEEL,0.5438036322593689,0.8584513068199158,-0.0828975960612297,0,0
25,LEFT_FOOT_INDEX,0.5380890369415283,0.8278849124908447,0.16902032494544983,0,0
25,RIGHT_FOOT_INDEX,0.5741592645645142,0.8604307174682617,-0.11819257587194443,0,0
26,NOSE,0.5834826231002808,0.5159008502960205,-0.07106056064367294,0,0
26,LEFT_EYE_INNER,0.5830093622207642,0.5068759322166443,-0.0624115951359272,0,0
26,LEFT_EYE,0.5831185579299927,0.5068217515945435,-0.062422189861536026,0,0
26,LEFT_EYE_OUTER,0.5831867456436157,0.506808876991272,-0.06241871416568756,0,0
26,RIGHT_EYE_INNER,0.581447958946228,0.506044328212738,-0.07235312461853027,0,0
26,RIGHT_EYE,0.5804441571235657,0.5053616166114807,-0.0723545029759407,0,0
26,RIGHT_EYE_OUTER,0.5793340802192688,0.5046862959861755,-0.07234791666269302,0,0
26,LEFT_EAR,0.5805388689041138,0.5078815817832947,-0.013688066974282265,0,0
26,RIGHT_EAR,0.5743383169174194,0.5047834515571594,-0.06229642406105995,0,0
26,MOUTH_LEFT,0.5816002488136292,0.5218713283538818,-0.05175105109810829,0,0
26,MOUTH_RIGHT,0.5799792408943176,0.521482527256012,-0.06506059318780899,0,0
26,LEFT_SHOULDER,0.5777707695960999,0.5497848391532898,0.0449298657476902,0,0
26,RIGHT_SHOULDER,0.5533384084701538,0.5335034132003784,-0.08318150788545609,0,0
26,LEFT_ELBOW,0.604099452495575,0.5819779634475708,0.053490445017814636,0,0
26,RIGHT_ELBOW,0.5429966449737549,0.5567646622657776,-0.17657646536827087,0,0
26,LEFT_WRIST,0.6250184178352356,0.5610958337783813,0.022037556394934654,0,0
26,RIGHT_WRIST,0.5665280222892761,0.5165935158729553,-0.25570228695869446,0,0
26,LEFT_PINKY,0.6301095485687256,0.5542119145393372,0.020800679922103882,0,0
26,RIGHT_PINKY,0.570369303226471,0.5057613253593445,-0.2781449854373932,0,0
26,LEFT_INDEX,0.6280897855758667,0.5495957732200623,0.018979277461767197,0,0
26,RIGHT_INDEX,0.5713207721710205,0.5040802955627441,-0.2735399007797241,0,0
26,LEFT_THUMB,0.6255030035972595,0.5518559217453003,0.020416753366589546,0,0
26,RIGHT_THUMB,0.5706314444541931,0.5095606446266174,-0.2556232213973999,0,0
26,LEFT_HIP,0.5328080654144287,0.6548759937286377,0.050937335938215256,0,0
26,RIGHT_HIP,0.5330657362937927,0.6619880199432373,-0.05098515748977661,0,0
26,LEFT_KNEE,0.5394850969314575,0.7302405834197998,0.11839545518159866,0,0
26,RIGHT_KNEE,0.5563527345657349,0.7388073801994324,-0.07146099954843521,0,0
26,LEFT_ANKLE,0.5191231369972229,0.8061640858650208,0.17897623777389526,0,0
26,RIGHT_ANKLE,0.5503214597702026,0.8426450490951538,-0.076179139316082,0,0
26,LEFT_HEEL,0.5110403299331665,0.8213529586791992,0.18337781727313995,0,0
26,RIGHT_HEEL,0.5439455509185791,0.8583813309669495,-0.07812310010194778,0,0
26,LEFT_FOOT_INDEX,0.5385515689849854,0.8271389007568359,0.16854065656661987,0,0
26,RIGHT_FOOT_INDEX,0.574013888835907,0.8609228730201721,-0.11444851011037827,0,0
27,NOSE,0.5881614685058594,0.5205643773078918,0.012901763431727886,0,0
27,LEFT_EYE_INNER,0.5872704982757568,0.5113659501075745,0.009080160409212112,0,0
27,LEFT_EYE,0.5867242813110352,0.5106640458106995,0.009060916490852833,0,0
27,LEFT_EYE_OUTER,0.5860836505889893,0.5099630355834961,0.009034071117639542,0,0
27,RIGHT_EYE_INNER,0.5875259041786194,0.5119203329086304,-0.00013061091885901988,0,0
27,RIGHT_EYE,0.587296724319458,0.5116447806358337,-0.00013825907080899924,0,0
27,RIGHT_EYE_OUTER,0.5870205163955688,0.5113955736160278,-0.000132127694087103,0,0
27,LEFT_EAR,0.5797954797744751,0.5090231895446777,0.005052411463111639,0,0
27,RIGHT_EAR,0.5812410116195679,0.5110941529273987,-0.03642194718122482,0,0
27,MOUTH_LEFT,0.5851637721061707,0.525641679763794,0.014555214904248714,0,0
27,MOUTH_RIGHT,0.5854396820068359,0.52605140209198,0.001970455748960376,0,0
27,LEFT_SHOULDER,0.5625924468040466,0.5445213317871094,0.04001007601618767,0,0
27,RIGHT_SHOULDER,0.5725672245025635,0.5505470633506775,-0.06731217354536057,0,0
27,LEFT_ELBOW,0.5456087589263916,0.5528977513313293,0.09886565804481506,0,0
27,RIGHT_ELBOW,0.5944366455078125,0.5789331793785095,-0.14201457798480988,0,0
27,LEFT_WRIST,0.5600073337554932,0.5243939161300659,0.1516842395067215,0,0
27,RIGHT_WRIST,0.6077569127082825,0.5682324767112732,-0.22474421560764313,0,0
27,LEFT_PINKY,0.5666674971580505,0.5188325643539429,0.16231346130371094,0,0
27,RIGHT_PINKY,0.614318311214447,0.5658351182937622,-0.24261760711669922,0,0
27,LEFT_INDEX,0.5678456425666809,0.5230945944786072,0.15282760560512543,0,0
27,RIGHT_INDEX,0.6136093139648438,0.5552467107772827,-0.23765744268894196,0,0
27,LEFT_THUMB,0.566997230052948,0.5278573632240295,0.15007203817367554,0,0
27,RIGHT_THUMB,0.6107177138328552,0.5571185350418091,-0.2225591391324997,0,0
27,LEFT_HIP,0.5297532081604004,0.6548340320587158,0.046473052352666855,0,0
27,RIGHT_HIP,0.5347652435302734,0.6653520464897156,-0.04643665999174118,0,0
27,LEFT_KNEE,0.5388311743736267,0.7303448915481567,0.11872851848602295,0,0
27,RIGHT_KNEE,0.5563493967056274,0.7399623990058899,-0.06594429910182953,0,0
27,LEFT_ANKLE,0.5201216340065002,0.8075811266899109,0.17784717679023743,0,0
27,RIGHT_ANKLE,0.5502277612686157,0.8433646559715271,-0.06486603617668152,0,0
27,LEFT_HEEL,0.5126817226409912,0.8225778341293335,0.1819971352815628,0,0
27,RIGHT_HEEL,0.5439784526824951,0.8588063716888428,-0.06659261137247086,0,0
27,LEFT_FOOT_INDEX,0.5382746458053589,0.827113687992096,0.1716127246618271,0,0
27,RIGHT_FOOT_INDEX,0.5722706317901611,0.860681414604187,-0.09532345086336136,0,0
28,NOSE,0.5897287130355835,0.5236126780509949,0.02140026167035103,0,0
28,LEFT_EYE_INNER,0.5889406204223633,0.5143244862556458,0.01702839322388172,0,0
28,LEFT_EYE,0.5881826281547546,0.5133283138275146,0.017012406140565872,0,0
28,LEFT_EYE_OUTER,0.5873113870620728,0.5123213529586792,0.016987154260277748,0,0
28,RIGHT_EYE_INNER,0.5896802544593811,0.5154004693031311,0.008082881569862366,0,0
28,RIGHT_EYE,0.5896244645118713,0.5152328014373779,0.008076884783804417,0,0
28,RIGHT_EYE_OUTER,0.589523196220398,0.5150670409202576,0.008061775006353855,0,0
28,LEFT_EAR,0.580707848072052,0.5109463334083557,0.0120171420276165,0,0
28,RIGHT_EAR,0.5843649506568909,0.5143858194351196,-0.028872618451714516,0,0
28,MOUTH_LEFT,0.5865474343299866,0.5279815196990967,0.023205729201436043,0,0
28,MOUTH_RIGHT,0.5873717069625854,0.5289765000343323,0.010758677497506142,0,0
28,LEFT_SHOULDER,0.553718626499176,0.5391526818275452,0.04334573075175285,0,0
28,RIGHT_SHOULDER,0.5794538259506226,0.5559536218643188,-0.06775582581758499,0,0
28,LEFT_ELBOW,0.5333980917930603,0.5550251007080078,0.13395728170871735,0,0
28,RIGHT_ELBOW,0.6075317859649658,0.5875412225723267,-0.1340073049068451,0,0
28,LEFT_WRIST,0.546901524066925,0.525999903678894,0.22433151304721832,0,0
28,RIGHT_WRIST,0.6316121220588684,0.6092130541801453,-0.19399353861808777,0,0
28,LEFT_PINKY,0.5490203499794006,0.5142806172370911,0.2435080111026764,0,0
28,RIGHT_PINKY,0.6385253667831421,0.6191839575767517,-0.20907814800739288,0,0
28,LEFT_INDEX,0.5514689087867737,0.5157651305198669,0.2350890040397644,0,0
28,RIGHT_INDEX,0.6387023329734802,0.6144571304321289,-0.2006409913301468,0,0
28,LEFT_THUMB,0.5514894127845764,0.5204636454582214,0.22464308142662048,0,0
28,RIGHT_THUMB,0.6361243724822998,0.6115581393241882,-0.1906331181526184,0,0
28,LEFT_HIP,0.5260922908782959,0.6541545391082764,0.0460667684674263,0,0
28,RIGHT_HIP,0.5367650389671326,0.6664354205131531,-0.046091753989458084,0,0
28,LEFT_KNEE,0.5384113192558289,0.7303716540336609,0.11650264263153076,0,0
28,RIGHT_KNEE,0.5562020540237427,0.7405678033828735,-0.05152415484189987,0,0
28,LEFT_ANKLE,0.5214541554450989,0.8082218170166016,0.1754993051290512,0,0
28,RIGHT_ANKLE,0.5502450466156006,0.8432243466377258,-0.060064978897571564,0,0
28,LEFT_HEEL,0.5164703130722046,0.8225324153900146,0.18011610209941864,0,0
28,RIGHT_HEEL,0.5444633960723877,0.8586790561676025,-0.06300515681505203,0,0
28,LEFT_FOOT_INDEX,0.5380932092666626,0.8248456716537476,0.1782095730304718,0,0
28,RIGHT_FOOT_INDEX,0.570980966091156,0.8606000542640686,-0.07095146924257278,0,0
29,NOSE,0.5915797352790833,0.5267718434333801,0.004546766169369221,0,0
29,LEFT_EYE_INNER,0.5908378958702087,0.5169702172279358,0.002610794734209776,0,0
29,LEFT_EYE,0.5901752710342407,0.5160943865776062,0.002576106693595648,0,0
29,LEFT_EYE_OUTER,0.5893827080726624,0.5151615738868713,0.002548245247453451,0,0
29,RIGHT_EYE_INNER,0.5910043120384216,0.5176365971565247,-0.007855304516851902,0,0
29,RIGHT_EYE,0.5906108617782593,0.517302393913269,-0.00785930547863245,0,0
29,RIGHT_EYE_OUTER,0.5901524424552917,0.5169069170951843,-0.007857698947191238,0,0
29,LEFT_EAR,0.5820280313491821,0.5139265656471252,0.010618183761835098,0,0
29,RIGHT_EAR,0.5841270685195923,0.5161702632904053,-0.0407622866332531,0,0
29,MOUTH_LEFT,0.5882535576820374,0.5316548943519592,0.008724571205675602,0,0
29,MOUTH_RIGHT,0.5883874893188477,0.5320484042167664,-0.005316134076565504,0,0
29,LEFT_SHOULDER,0.5524418354034424,0.5421392917633057,0.03532028943300247,0,0
29,RIGHT_SHOULDER,0.5774040222167969,0.5597967505455017,-0.07524892687797546,0,0
29,LEFT_ELBOW,0.5332815051078796,0.564835786819458,0.12372519075870514,0,0
29,RIGHT_ELBOW,0.5965900421142578,0.5948594808578491,-0.14440014958381653,0,0
29,LEFT_WRIST,0.5321652889251709,0.5665156245231628,0.15774551033973694,0,0
29,RIGHT_WRIST,0.6149349808692932,0.6380808353424072,-0.21668310463428497,0,0
29,LEFT_PINKY,0.531349241733551,0.5582022666931152,0.17099426686763763,0,0
29,RIGHT_PINKY,0.6191940903663635,0.653860867023468,-0.23607133328914642,0,0
29,LEFT_INDEX,0.5345068573951721,0.5573479533195496,0.16227468848228455,0,0
29,RIGHT_INDEX,0.6190245747566223,0.654087483882904,-0.22695320844650269,0,0
29,LEFT_THUMB,0.5355543494224548,0.5591834187507629,0.1571037471294403,0,0
29,RIGHT_THUMB,0.6167774796485901,0.6485700011253357,-0.21412773430347443,0,0
29,LEFT_HIP,0.5263940691947937,0.6527732014656067,0.04265693575143814,0,0
29,RIGHT_HIP,0.5366888642311096,0.6658567786216736,-0.04264798015356064,0,0
29,LEFT_KNEE,0.5382998585700989,0.7310386896133423,0.10555875301361084,0,0
29,RIGHT_KNEE,0.5560809373855591,0.739041268825531,-0.0425715446472168,0,0
29,LEFT_ANKLE,0.5235075354576111,0.8084244132041931,0.1538068801164627,0,0
29,RIGHT_ANKLE,0.5502822995185852,0.8428938388824463,-0.04499517008662224,0,0
29,LEFT_HEEL,0.5190635919570923,0.8230910897254944,0.15710073709487915,0,0
29,RIGHT_HEEL,0.5448148846626282,0.8569134473800659,-0.0464254729449749,0,0
29,LEFT_FOOT_INDEX,0.5384935736656189,0.8256094455718994,0.15182778239250183,0,0
29,RIGHT_FOOT_INDEX,0.5684076547622681,0.8603414297103882,-0.0628156065940857,0,0
30,NOSE,0.5919541716575623,0.5275896191596985,0.006320706568658352,0,0
30,LEFT_EYE_INNER,0.591113805770874,0.5172548890113831,0.004093897994607687,0,0
30,LEFT_EYE,0.5904053449630737,0.5163237452507019,0.0040619210340082645,0,0
30,LEFT_EYE_OUTER,0.5895501375198364,0.5153418183326721,0.004030225332826376,0,0
30,RIGHT_EYE_INNER,0.5914437770843506,0.5180372595787048,-0.006675714626908302,0,0
30,RIGHT_EYE,0.5911083817481995,0.517711877822876,-0.0066805933602154255,0,0
30,RIGHT_EYE_OUTER,0.5907151699066162,0.5173383951187134,-0.00668015843257308,0,0
30,LEFT_EAR,0.5822383761405945,0.5140537619590759,0.008533638902008533,0,0
30,RIGHT_EAR,0.5846768617630005,0.5164128541946411,-0.041931621730327606,0,0
30,MOUTH_LEFT,0.5884655714035034,0.532692551612854,0.010149945504963398,0,0
30,MOUTH_RIGHT,0.5886932015419006,0.5330914855003357,-0.004308050498366356,0,0
30,LEFT_SHOULDER,0.5514490008354187,0.542896032333374,0.039022866636514664,0,0
30,RIGHT_SHOULDER,0.5773071646690369,0.5593981146812439,-0.07764192670583725,0,0
30,LEFT_ELBOW,0.5320024490356445,0.5689355134963989,0.11352355778217316,0,0
30,RIGHT_ELBOW,0.5951803922653198,0.5965099930763245,-0.15081681311130524,0,0
30,LEFT_WRIST,0.5324015021324158,0.5666974186897278,0.18127526342868805,0,0
30,RIGHT_WRIST,0.6134105324745178,0.6407654881477356,-0.23390869796276093,0,0
30,LEFT_PINKY,0.5300941467285156,0.5627083778381348,0.1975918710231781,0,0
30,RIGHT_PINKY,0.6167647242546082,0.6571040153503418,-0.2545276880264282,0,0
30,LEFT_INDEX,0.5341050624847412,0.559755802154541,0.18750734627246857,0,0
30,RIGHT_INDEX,0.6165773868560791,0.6573180556297302,-0.24526944756507874,0,0
30,LEFT_THUMB,0.5354939699172974,0.5622087121009827,0.18055729568004608,0,0
30,RIGHT_THUMB,0.6145025491714478,0.6510887742042542,-0.23134896159172058,0,0
30,LEFT_HIP,0.5258630514144897,0.6519964337348938,0.04265058785676956,0,0
30,RIGHT_HIP,0.5366451144218445,0.665454089641571,-0.04263555258512497,0,0
30,LEFT_KNEE,0.5383597016334534,0.7314220070838928,0.10639645159244537,0,0
30,RIGHT_KNEE,0.5560138821601868,0.7380899786949158,-0.04056581109762192,0,0
30,LEFT_ANKLE,0.5238549709320068,0.8084619045257568,0.15561942756175995,0,0
30,RIGHT_ANKLE,0.5503189563751221,0.8423136472702026,-0.03632456064224243,0,0
30,LEFT_HEEL,0.5197336673736572,0.8235039114952087,0.15802758932113647,0,0
30,RIGHT_HEEL,0.54502272605896,0.8556275367736816,-0.03679575026035309,0,0
30,LEFT_FOOT_INDEX,0.5392475128173828,0.825770378112793,0.15996114909648895,0,0
30,RIGHT_FOOT_INDEX,0.5670033097267151,0.859499454498291,-0.05576275289058685,0,0
31,NOSE,0.5918763279914856,0.5285086035728455,-0.01575983315706253,0,0
31,LEFT_EYE_INNER,0.5912278294563293,0.5183081030845642,-0.00984684657305479,0,0
31,LEFT_EYE,0.5906480550765991,0.5174497961997986,-0.009904996491968632,0,0
31,LEFT_EYE_OUTER,0.5899379253387451,0.5165406465530396,-0.009945070371031761,0,0
31,RIGHT_EYE_INNER,0.5912914276123047,0.5189696550369263,-0.023099344223737717,0,0
31,RIGHT_EYE,0.5908676385879517,0.518608808517456,-0.02312578074634075,0,0
31,RIGHT_EYE_OUTER,0.5903734564781189,0.5181789994239807,-0.02312813326716423,0,0
31,LEFT_EAR,0.5833868384361267,0.515511691570282,0.01129607018083334,0,0
31,RIGHT_EAR,0.5844829678535461,0.5173307061195374,-0.044959090650081635,0,0
31,MOUTH_LEFT,0.5886696577072144,0.5337051153182983,-0.0022053660359233618,0,0
31,MOUTH_RIGHT,0.5885788798332214,0.5339024066925049,-0.019841628149151802,0,0
31,LEFT_SHOULDER,0.5699052214622498,0.5545832514762878,0.04562656953930855,0,0
31,RIGHT_SHOULDER,0.5676590204238892,0.5554180145263672,-0.06753361225128174,0,0
31,LEFT_ELBOW,0.5772383809089661,0.597777783870697,0.07915277034044266,0,0
31,RIGHT_ELBOW,0.5422022938728333,0.5803763270378113,-0.14094354212284088,0,0
31,LEFT_WRIST,0.5910751223564148,0.6470392346382141,0.0550323948264122,0,0
31,RIGHT_WRIST,0.5370127558708191,0.586517333984375,-0.22373300790786743,0,0
31,LEFT_PINKY,0.591055154800415,0.6610212922096252,0.05636441335082054,0,0
31,RIGHT_PINKY,0.5342158079147339,0.5870600938796997,-0.24458210170269012,0,0
31,LEFT_INDEX,0.589275598526001,0.660016655921936,0.0414554700255394,0,0
31,RIGHT_INDEX,0.5377082824707031,0.5839789509773254,-0.240718811750412,0,0
31,LEFT_THUMB,0.5887457728385925,0.6551741361618042,0.048923276364803314,0,0
31,RIGHT_THUMB,0.5391018390655518,0.586875855922699,-0.2237071692943573,0,0
31,LEFT_HIP,0.5278304219245911,0.6523592472076416,0.043117862194776535,0,0
31,RIGHT_HIP,0.5354943871498108,0.665195107460022,-0.043103355914354324,0,0
31,LEFT_KNEE,0.5387957096099854,0.7318418622016907,0.09418489784002304,0,0
31,RIGHT_KNEE,0.5559764504432678,0.7387107610702515,-0.03841501846909523,0,0
31,LEFT_ANKLE,0.5243346691131592,0.8086142539978027,0.1407514065504074,0,0
31,RIGHT_ANKLE,0.5502926111221313,0.8422922492027283,-0.020054345950484276,0,0
31,LEFT_HEEL,0.5196862816810608,0.8237751722335815,0.14358285069465637,0,0
31,RIGHT_HEEL,0.5451602935791016,0.8550711870193481,-0.01916547678411007,0,0
31,LEFT_FOOT_INDEX,0.5388316512107849,0.8272209167480469,0.13139623403549194,0,0
31,RIGHT_FOOT_INDEX,0.5672928094863892,0.8594769239425659,-0.0451095849275589,0,0
32,NOSE,0.5912012457847595,0.5291493535041809,-0.022241761907935143,0,0
32,LEFT_EYE_INNER,0.5906886458396912,0.5182279944419861,-0.016291601583361626,0,0
32,LEFT_EYE,0.5901790857315063,0.5174184441566467,-0.016328610479831696,0,0
32,LEFT_EYE_OUTER,0.5895930528640747,0.5165966749191284,-0.016325058415532112,0,0
32,RIGHT_EYE_INNER,0.5906375050544739,0.5187366604804993,-0.032784491777420044,0,0
32,RIGHT_EYE,0.5901803374290466,0.5183121562004089,-0.03281710296869278,0,0
32,RIGHT_EYE_OUTER,0.5896694660186768,0.5178592801094055,-0.03284821659326553,0,0
32,LEFT_EAR,0.58324134349823,0.5158949494361877,0.009803444147109985,0,0
32,RIGHT_EAR,0.5836541056632996,0.5170028805732727,-0.06015915051102638,0,0
32,MOUTH_LEFT,0.5875852108001709,0.5348735451698303,-0.008387509733438492,0,0
32,MOUTH_RIGHT,0.5874239206314087,0.5349366068840027,-0.029746945947408676,0,0
32,LEFT_SHOULDER,0.5658203363418579,0.5510507225990295,0.05989238992333412,0,0
32,RIGHT_SHOULDER,0.5675458908081055,0.5535131096839905,-0.09165622293949127,0,0
32,LEFT_ELBOW,0.5504833459854126,0.5950224995613098,0.08404772728681564,0,0
32,RIGHT_ELBOW,0.5434511303901672,0.5893056392669678,-0.11056039482355118,0,0
32,LEFT_WRIST,0.5457547307014465,0.6316781044006348,0.06870637089014053,0,0
32,RIGHT_WRIST,0.5369396805763245,0.6382566094398499,-0.09475551545619965,0,0
32,LEFT_PINKY,0.5424619317054749,0.6433719396591187,0.07113232463598251,0,0
32,RIGHT_PINKY,0.5331555604934692,0.6468883752822876,-0.10746409744024277,0,0
32,LEFT_INDEX,0.5442640781402588,0.6434874534606934,0.05888740345835686,0,0
32,RIGHT_INDEX,0.5362971425056458,0.6457614302635193,-0.10291682183742523,0,0
32,LEFT_THUMB,0.5465009808540344,0.6371825337409973,0.06260130554437637,0,0
32,RIGHT_THUMB,0.5377845764160156,0.6434511542320251,-0.09208797663450241,0,0
32,LEFT_HIP,0.5285236239433289,0.6555538773536682,0.04898443445563316,0,0
32,RIGHT_HIP,0.535276472568512,0.6640737056732178,-0.048895079642534256,0,0
32,LEFT_KNEE,0.5429949164390564,0.7306715250015259,0.0900120809674263,0,0
32,RIGHT_KNEE,0.5582790970802307,0.7366020083427429,-0.03484894707798958,0,0
32,LEFT_ANKLE,0.524742841720581,0.808970034122467,0.13970893621444702,0,0
32,RIGHT_ANKLE,0.5503624081611633,0.8422516584396362,-0.0035377705935388803,0,0
32,LEFT_HEEL,0.5196109414100647,0.8236417770385742,0.14251971244812012,0,0
32,RIGHT_HEEL,0.5450860857963562,0.8550316095352173,-0.0020542980637401342,0,0
32,LEFT_FOOT_INDEX,0.5390743017196655,0.828941285610199,0.1269523799419403,0,0
32,RIGHT_FOOT_INDEX,0.5675981044769287,0.8598985075950623,-0.0285272765904665,0,0
33,NOSE,0.5913844704627991,0.5287291407585144,-0.025081437081098557,0,0
33,LEFT_EYE_INNER,0.590898334980011,0.5180647969245911,-0.019179195165634155,0,0
33,LEFT_EYE,0.5904496908187866,0.5173193216323853,-0.019207429140806198,0,0
33,LEFT_EYE_OUTER,0.5899426341056824,0.516539990901947,-0.01919424906373024,0,0
33,RIGHT_EYE_INNER,0.5906341671943665,0.5183567404747009,-0.03610076755285263,0,0
33,RIGHT_EYE,0.5900701880455017,0.5178662538528442,-0.036128390580415726,0,0
33,RIGHT_EYE_OUTER,0.5894567966461182,0.5173288583755493,-0.036162879317998886,0,0
33,LEFT_EAR,0.5836169123649597,0.5156548619270325,0.009811744093894958,0,0
33,RIGHT_EAR,0.5832279324531555,0.5163732171058655,-0.06297657638788223,0,0
33,MOUTH_LEFT,0.5875312089920044,0.5349425077438354,-0.010949722491204739,0,0
33,MOUTH_RIGHT,0.5871396660804749,0.5346654057502747,-0.03282582387328148,0,0
33,LEFT_SHOULDER,0.564701497554779,0.5495750308036804,0.06477025151252747,0,0
33,RIGHT_SHOULDER,0.5673428773880005,0.5521311163902283,-0.09635797888040543,0,0
33,LEFT_ELBOW,0.548305094242096,0.5952896475791931,0.08694566041231155,0,0
33,RIGHT_ELBOW,0.5436420440673828,0.5885054469108582,-0.11557741463184357,0,0
33,LEFT_WRIST,0.5424754619598389,0.633745551109314,0.0753728449344635,0,0
33,RIGHT_WRIST,0.5350781679153442,0.6402198076248169,-0.1107301339507103,0,0
33,LEFT_PINKY,0.5396180748939514,0.6428907513618469,0.07872246205806732,0,0
33,RIGHT_PINKY,0.5309866070747375,0.6496368646621704,-0.12557336688041687,0,0
33,LEFT_INDEX,0.5409627556800842,0.6434937715530396,0.06564608216285706,0,0
33,RIGHT_INDEX,0.5349010825157166,0.6492351293563843,-0.12059333920478821,0,0
33,LEFT_THUMB,0.5425969362258911,0.637933075428009,0.06906978040933609,0,0
33,RIGHT_THUMB,0.5365234017372131,0.6466423273086548,-0.10813970863819122,0,0
33,LEFT_HIP,0.5291018486022949,0.6565994024276733,0.05238891392946243,0,0
33,RIGHT_HIP,0.534919798374176,0.6624923348426819,-0.05229102447628975,0,0
33,LEFT_KNEE,0.5437996983528137,0.7306151986122131,0.08620896935462952,0,0
33,RIGHT_KNEE,0.5589958429336548,0.7357205152511597,-0.038176730275154114,0,0
33,LEFT_ANKLE,0.5247834324836731,0.8092709183692932,0.13356375694274902,0,0
33,RIGHT_ANKLE,0.5504724383354187,0.8422276377677917,-0.011278053745627403,0,0
33,LEFT_HEEL,0.5193696022033691,0.8237972855567932,0.13599877059459686,0,0
33,RIGHT_HEEL,0.5450284481048584,0.8550304770469666,-0.01028106827288866,0,0
33,LEFT_FOOT_INDEX,0.5397065281867981,0.829824686050415,0.11904733628034592,0,0
33,RIGHT_FOOT_INDEX,0.5697011947631836,0.86063551902771,-0.037942446768283844,0,0
34,NOSE,0.5906623601913452,0.5282394289970398,-0.030604539439082146,0,0
34,LEFT_EYE_INNER,0.5901075005531311,0.5175878405570984,-0.025302795693278313,0,0
34,LEFT_EYE,0.5896416306495667,0.5168176889419556,-0.025320209562778473,0,0
34,LEFT_EYE_OUTER,0.5891032814979553,0.5160254836082458,-0.025304902344942093,0,0
34,RIGHT_EYE_INNER,0.5899025797843933,0.5180206298828125,-0.042077306658029556,0,0
34,RIGHT_EYE,0.5893703103065491,0.5175900459289551,-0.04210205748677254,0,0
34,RIGHT_EYE_OUTER,0.5887867212295532,0.5171275734901428,-0.04214393347501755,0,0
34,LEFT_EAR,0.5828083753585815,0.515160858631134,0.0035574394278228283,0,0
34,RIGHT_EAR,0.5826346278190613,0.516270637512207,-0.0715327188372612,0,0
34,MOUTH_LEFT,0.5871686935424805,0.5342557430267334,-0.017412150278687477,0,0
34,MOUTH_RIGHT,0.5870323181152344,0.5343216061592102,-0.039202626794576645,0,0
34,LEFT_SHOULDER,0.5599876642227173,0.5446932911872864,0.059443149715662,0,0
34,RIGHT_SHOULDER,0.5660120248794556,0.5550976991653442,-0.10482660681009293,0,0
34,LEFT_ELBOW,0.5441163182258606,0.600855827331543,0.0713673010468483,0,0
34,RIGHT_ELBOW,0.5472115278244019,0.612758994102478,-0.12285607308149338,0,0
34,LEFT_WRIST,0.5332714319229126,0.6543750762939453,0.049890078604221344,0,0
34,RIGHT_WRIST,0.5435693264007568,0.6648067831993103,-0.11724842339754105,0,0
34,LEFT_PINKY,0.5296838283538818,0.666264533996582,0.0537392683327198,0,0
34,RIGHT_PINKY,0.5389816164970398,0.6746504902839661,-0.133809432387352,0,0
34,LEFT_INDEX,0.532386064529419,0.6668072938919067,0.040067486464977264,0,0
34,RIGHT_INDEX,0.5409514307975769,0.6740591526031494,-0.12668444216251373,0,0
34,LEFT_THUMB,0.5335350632667542,0.6620602607727051,0.043249405920505524,0,0
34,RIGHT_THUMB,0.542639970779419,0.6710208654403687,-0.11418280005455017,0,0
34,LEFT_HIP,0.5273270010948181,0.6559728384017944,0.05303391441702843,0,0
34,RIGHT_HIP,0.5350074768066406,0.661297619342804,-0.05297369509935379,0,0
34,LEFT_KNEE,0.5428673028945923,0.7306991219520569,0.08060344308614731,0,0
34,RIGHT_KNEE,0.5611355900764465,0.735100269317627,-0.03852367773652077,0,0
34,LEFT_ANKLE,0.5247104167938232,0.8092184662818909,0.12639962136745453,0,0
34,RIGHT_ANKLE,0.550739586353302,0.840391993522644,0.0018501747399568558,0,0
34,LEFT_HEEL,0.5193929076194763,0.8236974477767944,0.12897621095180511,0,0
34,RIGHT_HEEL,0.544989287853241,0.8539081811904907,0.004483202006667852,0,0
34,LEFT_FOOT_INDEX,0.5421872735023499,0.8298672437667847,0.11555134505033493,0,0
34,RIGHT_FOOT_INDEX,0.5706726312637329,0.8606960773468018,-0.016237683594226837,0,0
35,NOSE,0.5872679352760315,0.5275105237960815,0.007769359275698662,0,0
35,LEFT_EYE_INNER,0.5874316096305847,0.5172472596168518,0.008836845867335796,0,0
35,LEFT_EYE,0.5868604183197021,0.5167414546012878,0.00882571842521429,0,0
35,LEFT_EYE_OUTER,0.5862330198287964,0.5157153010368347,0.008816774003207684,0,0
35,RIGHT_EYE_INNER,0.5879951119422913,0.5173377990722656,-0.006135671399533749,0,0
35,RIGHT_EYE,0.5878222584724426,0.5168622136116028,-0.006153638008981943,0,0
35,RIGHT_EYE_OUTER,0.5875914692878723,0.5163596272468567,-0.006195600610226393,0,0
35,LEFT_EAR,0.5799651741981506,0.5127785801887512,0.013873201794922352,0,0
35,RIGHT_EAR,0.5823435187339783,0.5155911445617676,-0.05512072518467903,0,0
35,MOUTH_LEFT,0.582817018032074,0.5340455174446106,0.011812599375844002,0,0
35,MOUTH_RIGHT,0.5835311412811279,0.5335707664489746,-0.0077692726626992226,0,0
35,LEFT_SHOULDER,0.5497058033943176,0.5337520837783813,0.05441072955727577,0,0
35,RIGHT_SHOULDER,0.5668285489082336,0.5586714744567871,-0.09797705709934235,0,0
35,LEFT_ELBOW,0.5336681008338928,0.5977460741996765,0.07376761734485626,0,0
35,RIGHT_ELBOW,0.548120379447937,0.6217848658561707,-0.09068770706653595,0,0
35,LEFT_WRIST,0.5337084531784058,0.6319286823272705,0.0746425911784172,0,0
35,RIGHT_WRIST,0.5527811646461487,0.6824561953544617,-0.042716629803180695,0,0
35,LEFT_PINKY,0.5353361368179321,0.6421445608139038,0.0796746015548706,0,0
35,RIGHT_PINKY,0.5533940196037292,0.6965923309326172,-0.04842973127961159,0,0
35,LEFT_INDEX,0.5365861654281616,0.6423503756523132,0.06935586780309677,0,0
35,RIGHT_INDEX,0.5555305480957031,0.6967988014221191,-0.04251342639327049,0,0
35,LEFT_THUMB,0.5368291139602661,0.6391128897666931,0.07022195309400558,0,0
35,RIGHT_THUMB,0.5559693574905396,0.6922905445098877,-0.038710471242666245,0,0
35,LEFT_HIP,0.5253772139549255,0.6556288599967957,0.05210728570818901,0,0
35,RIGHT_HIP,0.5383449792861938,0.661304771900177,-0.05213407427072525,0,0
35,LEFT_KNEE,0.5423228740692139,0.7313935160636902,0.08958960324525833,0,0
35,RIGHT_KNEE,0.5603134632110596,0.7336012125015259,0.0019173988839611411,0,0
35,LEFT_ANKLE,0.5245218873023987,0.8093076348304749,0.14662255346775055,0,0
35,RIGHT_ANKLE,0.5516356229782104,0.8390766382217407,0.05641830712556839,0,0
35,LEFT_HEEL,0.5197025537490845,0.8241983652114868,0.1512482762336731,0,0
35,RIGHT_HEEL,0.544960618019104,0.8535561561584473,0.06129857152700424,0,0
35,LEFT_FOOT_INDEX,0.541548490524292,0.8288426995277405,0.14523865282535553,0,0
35,RIGHT_FOOT_INDEX,0.5708842873573303,0.8602445721626282,0.04838363826274872,0,0
36,NOSE,0.5765616297721863,0.5104641318321228,0.04034847766160965,0,0
36,LEFT_EYE_INNER,0.5773360133171082,0.5013868808746338,0.03764883056282997,0,0
36,LEFT_EYE,0.5766350626945496,0.5000904202461243,0.037653759121894836,0,0
36,LEFT_EYE_OUTER,0.5758142471313477,0.49849191308021545,0.037599314004182816,0,0
36,RIGHT_EYE_INNER,0.5785086154937744,0.502643346786499,0.026688696816563606,0,0
36,RIGHT_EYE,0.5787233114242554,0.502459704875946,0.026694664731621742,0,0
36,RIGHT_EYE_OUTER,0.5789486765861511,0.5023589730262756,0.026683883741497993,0,0
36,LEFT_EAR,0.5701843500137329,0.49362650513648987,0.029624707996845245,0,0
36,RIGHT_EAR,0.5760777592658997,0.5013774633407593,-0.020366501063108444,0,0
36,MOUTH_LEFT,0.5726206302642822,0.513718843460083,0.039943892508745193,0,0
36,MOUTH_RIGHT,0.5738672614097595,0.5151496529579163,0.0253580454736948,0,0
36,LEFT_SHOULDER,0.5394792556762695,0.5100473761558533,0.05046042427420616,0,0
36,RIGHT_SHOULDER,0.5670862197875977,0.5482014417648315,-0.05910181626677513,0,0
36,LEFT_ELBOW,0.5348922610282898,0.5507222414016724,0.11332724243402481,0,0
36,RIGHT_ELBOW,0.5705897808074951,0.6107106804847717,-0.056771401315927505,0,0
36,LEFT_WRIST,0.5545546412467957,0.5463285446166992,0.1855238974094391,0,0
36,RIGHT_WRIST,0.5939207673072815,0.6551854014396667,-0.02143370546400547,0,0
36,LEFT_PINKY,0.5641708970069885,0.5399643778800964,0.19698572158813477,0,0
36,RIGHT_PINKY,0.5979228615760803,0.6714937090873718,-0.02522767335176468,0,0
36,LEFT_INDEX,0.5659066438674927,0.537158191204071,0.1903245896100998,0,0
36,RIGHT_INDEX,0.5995749831199646,0.6700363159179688,-0.020899822935461998,0,0
36,LEFT_THUMB,0.564856767654419,0.5384601950645447,0.18422703444957733,0,0
36,RIGHT_THUMB,0.5982383489608765,0.6639005541801453,-0.018158752471208572,0,0
36,LEFT_HIP,0.5256747007369995,0.6400508880615234,0.0362124890089035,0,0
36,RIGHT_HIP,0.54630446434021,0.64844810962677,-0.03622245416045189,0,0
36,LEFT_KNEE,0.5350728631019592,0.7241840362548828,0.07512352615594864,0,0
36,RIGHT_KNEE,0.5558584332466125,0.7310975193977356,0.011921037919819355,0,0
36,LEFT_ANKLE,0.5252107381820679,0.8089172840118408,0.12659594416618347,0,0
36,RIGHT_ANKLE,0.552482008934021,0.8245735168457031,0.06233210116624832,0,0
36,LEFT_HEEL,0.5246520638465881,0.8237050771713257,0.13154859840869904,0,0
36,RIGHT_HEEL,0.5463628768920898,0.837292492389679,0.06779611855745316,0,0
36,LEFT_FOOT_INDEX,0.5301787257194519,0.8280084729194641,0.12121304869651794,0,0
36,RIGHT_FOOT_INDEX,0.5703796744346619,0.8553887009620667,0.058110401034355164,0,0
37,NOSE,0.5750869512557983,0.5086255073547363,0.03301914781332016,0,0
37,LEFT_EYE_INNER,0.5756151676177979,0.49936866760253906,0.030034344643354416,0,0
37,LEFT_EYE,0.5749721527099609,0.4982161223888397,0.030051684007048607,0,0
37,LEFT_EYE_OUTER,0.5742614269256592,0.4969325363636017,0.03001938946545124,0,0
37,RIGHT_EYE_INNER,0.576592206954956,0.500446081161499,0.017825301736593246,0,0
37,RIGHT_EYE,0.5766966938972473,0.5002123117446899,0.01782235875725746,0,0
37,RIGHT_EYE_OUTER,0.5768361687660217,0.5000742077827454,0.01781104877591133,0,0
37,LEFT_EAR,0.568394660949707,0.49183282256126404,0.02363947033882141,0,0
37,RIGHT_EAR,0.5736153721809387,0.49857962131500244,-0.03160446509718895,0,0
37,MOUTH_LEFT,0.5714927911758423,0.5120927095413208,0.033382534980773926,0,0
37,MOUTH_RIGHT,0.5723209977149963,0.5134971141815186,0.017145676538348198,0,0
37,LEFT_SHOULDER,0.5373985767364502,0.5081729292869568,0.04262770339846611,0,0
37,RIGHT_SHOULDER,0.5672473311424255,0.5447415113449097,-0.06849665939807892,0,0
37,LEFT_ELBOW,0.5353075265884399,0.5421271920204163,0.11389724165201187,0,0
37,RIGHT_ELBOW,0.5734207630157471,0.6078423261642456,-0.06571595370769501,0,0
37,LEFT_WRIST,0.5613696575164795,0.536116361618042,0.18546868860721588,0,0
37,RIGHT_WRIST,0.5962985157966614,0.6516980528831482,-0.026484232395887375,0,0
37,LEFT_PINKY,0.5694586038589478,0.5304826498031616,0.1974117010831833,0,0
37,RIGHT_PINKY,0.6009782552719116,0.6676769256591797,-0.029763169586658478,0,0
37,LEFT_INDEX,0.5714781880378723,0.5276552438735962,0.19050408899784088,0,0
37,RIGHT_INDEX,0.6028198599815369,0.6663238406181335,-0.026025021448731422,0,0
37,LEFT_THUMB,0.5688868761062622,0.5315938591957092,0.1841181367635727,0,0
37,RIGHT_THUMB,0.6010792255401611,0.6601417064666748,-0.02303667552769184,0,0
37,LEFT_HIP,0.525763750076294,0.6385592222213745,0.035738255828619,0,0
37,RIGHT_HIP,0.5483244061470032,0.6462759971618652,-0.035740308463573456,0,0
37,LEFT_KNEE,0.5337781310081482,0.7221092581748962,0.0765116736292839,0,0
37,RIGHT_KNEE,0.554306149482727,0.7307069897651672,0.008523027412593365,0,0
37,LEFT_ANKLE,0.5259182453155518,0.8086214661598206,0.1318863481283188,0,0
37,RIGHT_ANKLE,0.5537912249565125,0.8211691975593567,0.061228103935718536,0,0
37,LEFT_HEEL,0.5271351337432861,0.8229899406433105,0.13697266578674316,0,0
37,RIGHT_HEEL,0.5469225645065308,0.8335748910903931,0.06680148094892502,0,0
37,LEFT_FOOT_INDEX,0.530626118183136,0.8272250890731812,0.1257036179304123,0,0
37,RIGHT_FOOT_INDEX,0.5697156190872192,0.8517175316810608,0.0557284913957119,0,0
38,NOSE,0.5715848803520203,0.49970850348472595,0.05905737727880478,0,0
38,LEFT_EYE_INNER,0.5721536874771118,0.49097442626953125,0.0547047033905983,0,0
38,LEFT_EYE,0.5713263750076294,0.4895719289779663,0.05472040921449661,0,0
38,LEFT_EYE_OUTER,0.5704310536384583,0.4880516231060028,0.054706476628780365,0,0
38,RIGHT_EYE_INNER,0.5737632513046265,0.4929119646549225,0.04363014176487923,0,0
38,RIGHT_EYE,0.5741157531738281,0.4930383861064911,0.043620478361845016,0,0
38,RIGHT_EYE_OUTER,0.5744596123695374,0.49325478076934814,0.04361497983336449,0,0
38,LEFT_EAR,0.5652258396148682,0.4832152724266052,0.037910107523202896,0,0
38,RIGHT_EAR,0.571408212184906,0.49219202995300293,-0.01186829898506403,0,0
38,MOUTH_LEFT,0.5676422715187073,0.5017438530921936,0.05576102063059807,0,0
38,MOUTH_RIGHT,0.5692299008369446,0.5043166875839233,0.04103624075651169,0,0
38,LEFT_SHOULDER,0.5365197658538818,0.5035960078239441,0.04364345967769623,0,0
38,RIGHT_SHOULDER,0.567200243473053,0.534408450126648,-0.05211671069264412,0,0
38,LEFT_ELBOW,0.5455397963523865,0.5410796999931335,0.10992233455181122,0,0
38,RIGHT_ELBOW,0.5743975043296814,0.592932403087616,-0.03371120244264603,0,0
38,LEFT_WRIST,0.5778988003730774,0.5319384932518005,0.1578618437051773,0,0
38,RIGHT_WRIST,0.5934830904006958,0.6110177636146545,0.028357435017824173,0,0
38,LEFT_PINKY,0.5831103920936584,0.5280958414077759,0.16849103569984436,0,0
38,RIGHT_PINKY,0.5997294187545776,0.6224231123924255,0.03187968209385872,0,0
38,LEFT_INDEX,0.583319902420044,0.5271448493003845,0.15963953733444214,0,0
38,RIGHT_INDEX,0.6007539629936218,0.6173356175422668,0.03513876348733902,0,0
38,LEFT_THUMB,0.5810692310333252,0.5289472341537476,0.1551450788974762,0,0
38,RIGHT_THUMB,0.5980298519134521,0.6130911111831665,0.03211890906095505,0,0
38,LEFT_HIP,0.526233434677124,0.6358997225761414,0.03265262767672539,0,0
38,RIGHT_HIP,0.5505089163780212,0.6421874761581421,-0.032825421541929245,0,0
38,LEFT_KNEE,0.5320634245872498,0.7199424505233765,0.06573513150215149,0,0
38,RIGHT_KNEE,0.5539824366569519,0.7263607978820801,0.0043252441100776196,0,0
38,LEFT_ANKLE,0.5277033448219299,0.8070946335792542,0.06584964692592621,0,0
38,RIGHT_ANKLE,0.5536105036735535,0.8164495825767517,-0.00453469343483448,0,0
38,LEFT_HEEL,0.5291878581047058,0.8213101625442505,0.06609728932380676,0,0
38,RIGHT_HEEL,0.5470829010009766,0.8276498317718506,-0.0055786059238016605,0,0
38,LEFT_FOOT_INDEX,0.523794949054718,0.8268800377845764,0.04922521114349365,0,0
38,RIGHT_FOOT_INDEX,0.5642825365066528,0.8489766120910645,-0.018477963283658028,0,0
39,NOSE,0.5702558159828186,0.4890473484992981,0.05164135992527008,0,0
39,LEFT_EYE_INNER,0.5701256990432739,0.4800623059272766,0.045883215963840485,0,0
39,LEFT_EYE,0.5690163373947144,0.47858819365501404,0.04589679092168808,0,0
39,LEFT_EYE_OUTER,0.5678675174713135,0.4770459830760956,0.04589409753680229,0,0
39,RIGHT_EYE_INNER,0.5725623369216919,0.48226454854011536,0.033920105546712875,0,0
39,RIGHT_EYE,0.5731418132781982,0.4824402332305908,0.0338975191116333,0,0
39,RIGHT_EYE_OUTER,0.5737081170082092,0.4826541543006897,0.0338764451444149,0,0
39,LEFT_EAR,0.5627974271774292,0.473477303981781,0.02909873239696026,0,0
39,RIGHT_EAR,0.5705996751785278,0.48256608843803406,-0.024651916697621346,0,0
39,MOUTH_LEFT,0.5663225054740906,0.49109965562820435,0.048335183411836624,0,0
39,MOUTH_RIGHT,0.5685439705848694,0.4939499497413635,0.03259755298495293,0,0
39,LEFT_SHOULDER,0.5335549712181091,0.4981359541416168,0.04534612223505974,0,0
39,RIGHT_SHOULDER,0.5673815608024597,0.5237377882003784,-0.062114518135786057,0,0
39,LEFT_ELBOW,0.5497105717658997,0.5415611267089844,0.11678791046142578,0,0
39,RIGHT_ELBOW,0.5762500762939453,0.5811206102371216,-0.02699650451540947,0,0
39,LEFT_WRIST,0.5765600204467773,0.5310781598091125,0.16446200013160706,0,0
39,RIGHT_WRIST,0.5873448252677917,0.5546417832374573,0.06675750762224197,0,0
39,LEFT_PINKY,0.5836047530174255,0.5260167717933655,0.17813430726528168,0,0
39,RIGHT_PINKY,0.5911372900009155,0.5483219623565674,0.07685213536024094,0,0
39,LEFT_INDEX,0.5836140513420105,0.525666356086731,0.17202916741371155,0,0
39,RIGHT_INDEX,0.591550886631012,0.5442206859588623,0.07861397415399551,0,0
39,LEFT_THUMB,0.5811002850532532,0.5281639099121094,0.16307589411735535,0,0
39,RIGHT_THUMB,0.5906665325164795,0.5454409718513489,0.0711834579706192,0,0
39,LEFT_HIP,0.5262893438339233,0.6327128410339355,0.033605873584747314,0,0
39,RIGHT_HIP,0.5511381030082703,0.6369240880012512,-0.0337618812918663,0,0
39,LEFT_KNEE,0.5314679741859436,0.7143943309783936,0.07227561622858047,0,0
39,RIGHT_KNEE,0.5540624856948853,0.7197471857070923,0.016347460448741913,0,0
39,LEFT_ANKLE,0.5291880965232849,0.8043456077575684,0.06653212755918503,0,0
39,RIGHT_ANKLE,0.5534080862998962,0.807641863822937,-0.004012391436845064,0,0
39,LEFT_HEEL,0.5318701863288879,0.8184627294540405,0.0657913014292717,0,0
39,RIGHT_HEEL,0.5476868152618408,0.8191716074943542,-0.000557167746592313,0,0
39,LEFT_FOOT_INDEX,0.5272848606109619,0.8264366388320923,0.049336180090904236,0,0
39,RIGHT_FOOT_INDEX,0.5586511492729187,0.8397351503372192,-0.013816374354064465,0,0
40,NOSE,0.5695355534553528,0.48226606845855713,0.05119352787733078,0,0
40,LEFT_EYE_INNER,0.5686298608779907,0.4725817143917084,0.04528079554438591,0,0
40,LEFT_EYE,0.5673869252204895,0.4712839424610138,0.045289456844329834,0,0
40,LEFT_EYE_OUTER,0.5661799907684326,0.470095157623291,0.04527881368994713,0,0
40,RIGHT_EYE_INNER,0.5714237689971924,0.47468170523643494,0.03507416322827339,0,0
40,RIGHT_EYE,0.572171151638031,0.47488605976104736,0.0350416898727417,0,0
40,RIGHT_EYE_OUTER,0.5729194283485413,0.4750947058200836,0.03502390906214714,0,0
40,LEFT_EAR,0.5612354874610901,0.46898937225341797,0.027131646871566772,0,0
40,RIGHT_EAR,0.570438027381897,0.4763135015964508,-0.019163494929671288,0,0
40,MOUTH_LEFT,0.5658789277076721,0.4858873188495636,0.04769028723239899,0,0
40,MOUTH_RIGHT,0.5683548450469971,0.48852455615997314,0.034133829176425934,0,0
40,LEFT_SHOULDER,0.5313477516174316,0.49516788125038147,0.04535333067178726,0,0
40,RIGHT_SHOULDER,0.5679972767829895,0.5164483189582825,-0.047566767781972885,0,0
40,LEFT_ELBOW,0.5444153547286987,0.535140335559845,0.12703882157802582,0,0
40,RIGHT_ELBOW,0.5730668902397156,0.5703006982803345,8.531732419214677e-06,0,0
40,LEFT_WRIST,0.5728142261505127,0.5272159576416016,0.20277048647403717,0,0
40,RIGHT_WRIST,0.5737169981002808,0.5441708564758301,0.10237332433462143,0,0
40,LEFT_PINKY,0.5776594281196594,0.5230885744094849,0.22000937163829803,0,0
40,RIGHT_PINKY,0.57532799243927,0.5333568453788757,0.11592850089073181,0,0
40,LEFT_INDEX,0.579882800579071,0.517963707447052,0.21524424850940704,0,0
40,RIGHT_INDEX,0.5704302191734314,0.527061939239502,0.11726333945989609,0,0
40,LEFT_THUMB,0.5779998302459717,0.5195555090904236,0.20293442904949188,0,0
40,RIGHT_THUMB,0.5706799626350403,0.5279215574264526,0.1068558320403099,0,0
40,LEFT_HIP,0.5263789296150208,0.6303841471672058,0.031185874715447426,0,0
40,RIGHT_HIP,0.5524842143058777,0.6339654922485352,-0.03136322647333145,0,0
40,LEFT_KNEE,0.5309175848960876,0.7118379473686218,0.06697797775268555,0,0
40,RIGHT_KNEE,0.5549950003623962,0.7150415778160095,0.019234182313084602,0,0
40,LEFT_ANKLE,0.5315495729446411,0.8032210469245911,0.03429489955306053,0,0
40,RIGHT_ANKLE,0.5548369288444519,0.8028965592384338,-0.011295901611447334,0,0
40,LEFT_HEEL,0.5334653854370117,0.8173542618751526,0.03147391229867935,0,0
40,RIGHT_HEEL,0.5497381091117859,0.8139219880104065,-0.012582873925566673,0,0
40,LEFT_FOOT_INDEX,0.5315226316452026,0.8234633207321167,0.013616333715617657,0,0
40,RIGHT_FOOT_INDEX,0.561030924320221,0.8371195197105408,-0.02640262246131897,0,0
41,NOSE,0.5682247281074524,0.47899237275123596,0.049574900418519974,0,0
41,LEFT_EYE_INNER,0.5669674277305603,0.4699878692626953,0.04158487170934677,0,0
41,LEFT_EYE,0.5656120181083679,0.46879297494888306,0.04160066321492195,0,0
41,LEFT_EYE_OUTER,0.5642340183258057,0.46763259172439575,0.0416061170399189,0,0
41,RIGHT_EYE_INNER,0.5697855353355408,0.4714275300502777,0.03294382989406586,0,0
41,RIGHT_EYE,0.5705341696739197,0.47134754061698914,0.032916828989982605,0,0
41,RIGHT_EYE_OUTER,0.5712828040122986,0.4712895154953003,0.0328957736492157,0,0
41,LEFT_EAR,0.5582410097122192,0.4662271738052368,0.022219181060791016,0,0
41,RIGHT_EAR,0.568856954574585,0.47257041931152344,-0.020494135096669197,0,0
41,MOUTH_LEFT,0.5644880533218384,0.4824523329734802,0.04500404745340347,0,0
41,MOUTH_RIGHT,0.567146360874176,0.48446616530418396,0.0332210399210453,0,0
41,LEFT_SHOULDER,0.5261660218238831,0.4957842230796814,0.022874610498547554,0,0
41,RIGHT_SHOULDER,0.5693483352661133,0.5082614421844482,-0.04328859597444534,0,0
41,LEFT_ELBOW,0.5197385549545288,0.5354978442192078,0.12545931339263916,0,0
41,RIGHT_ELBOW,0.5718173980712891,0.5366090536117554,0.0005473083001561463,0,0
41,LEFT_WRIST,0.5334166884422302,0.52434903383255,0.20383664965629578,0,0
41,RIGHT_WRIST,0.5647451281547546,0.5094412565231323,0.10238607972860336,0,0
41,LEFT_PINKY,0.5354528427124023,0.5225494503974915,0.22076478600502014,0,0
41,RIGHT_PINKY,0.5659231543540955,0.5037068128585815,0.11833783984184265,0,0
41,LEFT_INDEX,0.5386880040168762,0.5201845765113831,0.21598763763904572,0,0
41,RIGHT_INDEX,0.562666654586792,0.4991706609725952,0.11853494495153427,0,0
41,LEFT_THUMB,0.5389889478683472,0.5218117833137512,0.20473451912403107,0,0
41,RIGHT_THUMB,0.5614417791366577,0.5007418394088745,0.10693732649087906,0,0
41,LEFT_HIP,0.5269129276275635,0.6306304931640625,0.017823748290538788,0,0
41,RIGHT_HIP,0.5538380146026611,0.6320961713790894,-0.018060442060232162,0,0
41,LEFT_KNEE,0.5314143896102905,0.7133620381355286,0.03178553655743599,0,0
41,RIGHT_KNEE,0.5579826235771179,0.7095351219177246,0.0415482260286808,0,0
41,LEFT_ANKLE,0.5341084003448486,0.8038058280944824,0.0013709900667890906,0,0
41,RIGHT_ANKLE,0.5597202777862549,0.7974756956100464,0.03683871403336525,0,0
41,LEFT_HEEL,0.5371959209442139,0.8178972601890564,-0.0006520769675262272,0,0
41,RIGHT_HEEL,0.5561509728431702,0.8101596832275391,0.03821714222431183,0,0
41,LEFT_FOOT_INDEX,0.5352964401245117,0.823466956615448,-0.012654007412493229,0,0
41,RIGHT_FOOT_INDEX,0.5617465376853943,0.826366126537323,0.03501490131020546,0,0
42,NOSE,0.5674201846122742,0.47786593437194824,0.06509435921907425,0,0
42,LEFT_EYE_INNER,0.5661702752113342,0.4695916771888733,0.05763455480337143,0,0
42,LEFT_EYE,0.564896821975708,0.46859145164489746,0.057648248970508575,0,0
42,LEFT_EYE_OUTER,0.5635706186294556,0.4675598442554474,0.05765027180314064,0,0
42,RIGHT_EYE_INNER,0.5689820647239685,0.4707331657409668,0.0472341887652874,0,0
42,RIGHT_EYE,0.5696894526481628,0.4705688953399658,0.04720551520586014,0,0
42,RIGHT_EYE_OUTER,0.5703781247138977,0.47036415338516235,0.047171108424663544,0,0
42,LEFT_EAR,0.5575823187828064,0.46632328629493713,0.03336471691727638,0,0
42,RIGHT_EAR,0.5682947039604187,0.47183871269226074,-0.013613575138151646,0,0
42,MOUTH_LEFT,0.5638161301612854,0.4817197024822235,0.060114409774541855,0,0
42,MOUTH_RIGHT,0.566409170627594,0.4832651913166046,0.04595976695418358,0,0
42,LEFT_SHOULDER,0.5257536172866821,0.4955761432647705,0.03155966475605965,0,0
42,RIGHT_SHOULDER,0.5700351595878601,0.5059657096862793,-0.04500462859869003,0,0
42,LEFT_ELBOW,0.5168259739875793,0.5348160266876221,0.12740299105644226,0,0
42,RIGHT_ELBOW,0.5713316798210144,0.534340500831604,-0.00719852652400732,0,0
42,LEFT_WRIST,0.5318872332572937,0.5268121957778931,0.22451022267341614,0,0
42,RIGHT_WRIST,0.5642434358596802,0.5110533833503723,0.094235859811306,0,0
42,LEFT_PINKY,0.5334720611572266,0.5246597528457642,0.2439318597316742,0,0
42,RIGHT_PINKY,0.5686522722244263,0.5074867010116577,0.10922717303037643,0,0
42,LEFT_INDEX,0.5368379354476929,0.5220080614089966,0.23879672586917877,0,0
42,RIGHT_INDEX,0.5662115812301636,0.5028814673423767,0.1129303053021431,0,0
42,LEFT_THUMB,0.5373388528823853,0.5236169695854187,0.22537006437778473,0,0
42,RIGHT_THUMB,0.5646756887435913,0.5041916370391846,0.10013950616121292,0,0
42,LEFT_HIP,0.5275810360908508,0.6297733187675476,0.02395855449140072,0,0
42,RIGHT_HIP,0.5543318390846252,0.6308515071868896,-0.02420050837099552,0,0
42,LEFT_KNEE,0.5313109755516052,0.7123591899871826,0.04707883670926094,0,0
42,RIGHT_KNEE,0.5593665242195129,0.7084000706672668,0.021695531904697418,0,0
42,LEFT_ANKLE,0.5356515049934387,0.803825318813324,0.008125833235681057,0,0
42,RIGHT_ANKLE,0.5610491037368774,0.7964211106300354,-0.0031368674244731665,0,0
42,LEFT_HEEL,0.5392658114433289,0.8174460530281067,0.0051503051072359085,0,0
42,RIGHT_HEEL,0.5565881729125977,0.8088284134864807,-0.0036110403016209602,0,0
42,LEFT_FOOT_INDEX,0.5372922420501709,0.8236270546913147,-0.006089916452765465,0,0
42,RIGHT_FOOT_INDEX,0.5623661875724792,0.8233871459960938,-0.006106885615736246,0,0
43,NOSE,0.5647166967391968,0.4764080047607422,0.05696844309568405,0,0
43,LEFT_EYE_INNER,0.5629249215126038,0.4679398834705353,0.04592239484190941,0,0
43,LEFT_EYE,0.5614880323410034,0.4668990671634674,0.04592691734433174,0,0
43,LEFT_EYE_OUTER,0.5600246787071228,0.46587249636650085,0.045932576060295105,0,0
43,RIGHT_EYE_INNER,0.5661351084709167,0.46928203105926514,0.03863390535116196,0,0
43,RIGHT_EYE,0.5670116543769836,0.4692012667655945,0.03860964998602867,0,0
43,RIGHT_EYE_OUTER,0.5678465962409973,0.4690854549407959,0.03856842964887619,0,0
43,LEFT_EAR,0.5546334385871887,0.46581578254699707,0.010299446061253548,0,0
43,RIGHT_EAR,0.5665377378463745,0.47064560651779175,-0.01967434026300907,0,0
43,MOUTH_LEFT,0.5613998770713806,0.48059675097465515,0.04930322244763374,0,0
43,MOUTH_RIGHT,0.5643240809440613,0.4821034073829651,0.039252184331417084,0,0
43,LEFT_SHOULDER,0.5246394872665405,0.4996333420276642,0.004192240536212921,0,0
43,RIGHT_SHOULDER,0.5698080658912659,0.5047557353973389,-0.04247649013996124,0,0
43,LEFT_ELBOW,0.5153725147247314,0.5462008714675903,0.07921777665615082,0,0
43,RIGHT_ELBOW,0.5698708295822144,0.5392142534255981,-0.011409562081098557,0,0
43,LEFT_WRIST,0.5179067254066467,0.5327504277229309,0.1758982539176941,0,0
43,RIGHT_WRIST,0.5666637420654297,0.5130910873413086,0.05853341892361641,0,0
43,LEFT_PINKY,0.5168007612228394,0.5286819934844971,0.1923452913761139,0,0
43,RIGHT_PINKY,0.5697956681251526,0.5134629011154175,0.06856846064329147,0,0
43,LEFT_INDEX,0.5241377949714661,0.5308113098144531,0.18935899436473846,0,0
43,RIGHT_INDEX,0.5678470134735107,0.5063527226448059,0.07149503380060196,0,0
43,LEFT_THUMB,0.5257379412651062,0.532260537147522,0.18089716136455536,0,0
43,RIGHT_THUMB,0.5666586756706238,0.5097002387046814,0.06316078454256058,0,0
43,LEFT_HIP,0.5297550559043884,0.631019115447998,0.015444810502231121,0,0
43,RIGHT_HIP,0.5560986399650574,0.634190559387207,-0.015713538974523544,0,0
43,LEFT_KNEE,0.5314105153083801,0.7134450674057007,0.047673046588897705,0,0
43,RIGHT_KNEE,0.5617688298225403,0.7101824283599854,0.03110571764409542,0,0
43,LEFT_ANKLE,0.5371899008750916,0.8041431307792664,0.03000837005674839,0,0
43,RIGHT_ANKLE,0.5642187595367432,0.7957796454429626,0.024639969691634178,0,0
43,LEFT_HEEL,0.5411900877952576,0.8179184794425964,0.029414791613817215,0,0
43,RIGHT_HEEL,0.5597757697105408,0.8096110224723816,0.026035655289888382,0,0
43,LEFT_FOOT_INDEX,0.5378369092941284,0.8232376575469971,0.01923331245779991,0,0
43,RIGHT_FOOT_INDEX,0.5654333829879761,0.819518506526947,0.021245162934064865,0,0
44,NOSE,0.5610712766647339,0.47579193115234375,0.11221823841333389,0,0
44,LEFT_EYE_INNER,0.5589526295661926,0.46757376194000244,0.09761466830968857,0,0
44,LEFT_EYE,0.5573775768280029,0.4665640592575073,0.09762082248926163,0,0
44,LEFT_EYE_OUTER,0.5557987689971924,0.46558499336242676,0.09761738032102585,0,0
44,RIGHT_EYE_INNER,0.5629106760025024,0.46916115283966064,0.09507457166910172,0,0
44,RIGHT_EYE,0.5640254616737366,0.46921882033348083,0.09505342692136765,0,0
44,RIGHT_EYE_OUTER,0.565129816532135,0.4691792130470276,0.09502864629030228,0,0
44,LEFT_EAR,0.5513628125190735,0.46639150381088257,0.045900531113147736,0,0
44,RIGHT_EAR,0.5643012523651123,0.4709440767765045,0.03288619965314865,0,0
44,MOUTH_LEFT,0.5576243996620178,0.4796406626701355,0.09758360683917999,0,0
44,MOUTH_RIGHT,0.5613092184066772,0.48174822330474854,0.09309618920087814,0,0
44,LEFT_SHOULDER,0.5245974659919739,0.5019962191581726,0.015266447328031063,0,0
44,RIGHT_SHOULDER,0.5683552622795105,0.504858136177063,0.01644439436495304,0,0
44,LEFT_ELBOW,0.5135752558708191,0.5581440329551697,0.05834048241376877,0,0
44,RIGHT_ELBOW,0.5563895106315613,0.5079729557037354,0.0013427843805402517,0,0
44,LEFT_WRIST,0.5232927799224854,0.5732293128967285,0.11436586081981659,0,0
44,RIGHT_WRIST,0.5485732555389404,0.48606249690055847,0.009482807479798794,0,0
44,LEFT_PINKY,0.5255318284034729,0.5763823390007019,0.12048966437578201,0,0
44,RIGHT_PINKY,0.5489504337310791,0.48362651467323303,0.0113742770627141,0,0
44,LEFT_INDEX,0.5295044779777527,0.5750797390937805,0.11466547101736069,0,0
44,RIGHT_INDEX,0.5468778014183044,0.4795161485671997,0.014297258108854294,0,0
44,LEFT_THUMB,0.5306326150894165,0.574146032333374,0.11436786502599716,0,0
44,RIGHT_THUMB,0.5452042818069458,0.4807421565055847,0.010418713092803955,0,0
44,LEFT_HIP,0.5313510894775391,0.6320032477378845,-0.002243717899546027,0,0
44,RIGHT_HIP,0.5565863847732544,0.6346563100814819,0.0020644988398998976,0,0
44,LEFT_KNEE,0.5315733551979065,0.7178407311439514,-0.0013169294688850641,0,0
44,RIGHT_KNEE,0.5632011890411377,0.7106876373291016,0.028545092791318893,0,0
44,LEFT_ANKLE,0.5403427481651306,0.8072717189788818,-0.023520860821008682,0,0
44,RIGHT_ANKLE,0.5665515661239624,0.7954302430152893,0.01887563429772854,0,0
44,LEFT_HEEL,0.5446822643280029,0.8203449845314026,-0.02474123425781727,0,0
44,RIGHT_HEEL,0.5630244016647339,0.8106269836425781,0.020021595060825348,0,0
44,LEFT_FOOT_INDEX,0.5384923815727234,0.8222470283508301,-0.04207896813750267,0,0
44,RIGHT_FOOT_INDEX,0.5678675174713135,0.8154708743095398,0.010781259275972843,0,0
45,NOSE,0.5541412830352783,0.47456586360931396,0.09416721016168594,0,0
45,LEFT_EYE_INNER,0.5522832274436951,0.46710968017578125,0.07823842018842697,0,0
45,LEFT_EYE,0.550663948059082,0.4664819538593292,0.078237384557724,0,0
45,LEFT_EYE_OUTER,0.5489271879196167,0.46583572030067444,0.07823669910430908,0,0
45,RIGHT_EYE_INNER,0.5566664934158325,0.468138188123703,0.077730692923069,0,0
45,RIGHT_EYE,0.5580505728721619,0.46822789311408997,0.07770966738462448,0,0
45,RIGHT_EYE_OUTER,0.5595606565475464,0.46824318170547485,0.07766963541507721,0,0
45,LEFT_EAR,0.5456345081329346,0.467769056558609,0.030794890597462654,0,0
45,RIGHT_EAR,0.5603141188621521,0.47101032733917236,0.019365079700946808,0,0
45,MOUTH_LEFT,0.5513222217559814,0.47934168577194214,0.07850214838981628,0,0
45,MOUTH_RIGHT,0.5556718111038208,0.4810287356376648,0.07654376327991486,0,0
45,LEFT_SHOULDER,0.5254848599433899,0.5099790692329407,-0.021125085651874542,0,0
45,RIGHT_SHOULDER,0.56703120470047,0.506300151348114,0.016240010038018227,0,0
45,LEFT_ELBOW,0.5142837166786194,0.5657012462615967,0.006854719948023558,0,0
45,RIGHT_ELBOW,0.5591163635253906,0.5094912052154541,0.030115611851215363,0,0
45,LEFT_WRIST,0.5217024087905884,0.5929821133613586,0.052854254841804504,0,0
45,RIGHT_WRIST,0.555450975894928,0.491336852312088,0.06663258373737335,0,0
45,LEFT_PINKY,0.5238968133926392,0.6045355796813965,0.05420295521616936,0,0
45,RIGHT_PINKY,0.5567050576210022,0.490175724029541,0.07367691397666931,0,0
45,LEFT_INDEX,0.5261270403862,0.6015543937683105,0.049643099308013916,0,0
45,RIGHT_INDEX,0.5547484755516052,0.486435204744339,0.0751417726278305,0,0
45,LEFT_THUMB,0.5260553956031799,0.5974923968315125,0.052720461040735245,0,0
45,RIGHT_THUMB,0.5528286099433899,0.4870361387729645,0.06830441951751709,0,0
45,LEFT_HIP,0.5333412885665894,0.6377860903739929,-0.021712489426136017,0,0
45,RIGHT_HIP,0.5576121211051941,0.6358107328414917,0.021557610481977463,0,0
45,LEFT_KNEE,0.5317464470863342,0.7238149046897888,-0.0041372026316821575,0,0
45,RIGHT_KNEE,0.5627700090408325,0.7107371091842651,0.05978599935770035,0,0
45,LEFT_ANKLE,0.5433569550514221,0.8119421601295471,0.005345074459910393,0,0
45,RIGHT_ANKLE,0.5672014355659485,0.7961956858634949,0.08013377338647842,0,0
45,LEFT_HEEL,0.5482895374298096,0.823875367641449,0.007478626444935799,0,0
45,RIGHT_HEEL,0.5654411315917969,0.8118360042572021,0.08321743458509445,0,0
45,LEFT_FOOT_INDEX,0.5378320217132568,0.8223223090171814,-0.006205541547387838,0,0
45,RIGHT_FOOT_INDEX,0.5662341713905334,0.8094335794448853,0.07512006163597107,0,0
46,NOSE,0.548689067363739,0.4748702943325043,0.09137056767940521,0,0
46,LEFT_EYE_INNER,0.5468425750732422,0.4676235318183899,0.05324789136648178,0,0
46,LEFT_EYE,0.5452560782432556,0.4672176241874695,0.053237590938806534,0,0
46,LEFT_EYE_OUTER,0.5436668992042542,0.46676427125930786,0.05325450003147125,0,0
46,RIGHT_EYE_INNER,0.551112711429596,0.46788540482521057,0.059439849108457565,0,0
46,RIGHT_EYE,0.5524912476539612,0.4677819609642029,0.05942124128341675,0,0
46,RIGHT_EYE_OUTER,0.5540187954902649,0.46763646602630615,0.059401024132966995,0,0
46,LEFT_EAR,0.5416980385780334,0.4690164029598236,-0.006053730379790068,0,0
46,RIGHT_EAR,0.5562363266944885,0.4710990786552429,0.012308281846344471,0,0
46,MOUTH_LEFT,0.5463827252388,0.4803033769130707,0.05122796446084976,0,0
46,MOUTH_RIGHT,0.5505462288856506,0.4810848534107208,0.05844130739569664,0,0
46,LEFT_SHOULDER,0.5274600386619568,0.5133633613586426,-0.06268519163131714,0,0
46,RIGHT_SHOULDER,0.5622256994247437,0.5078629851341248,0.028843671083450317,0,0
46,LEFT_ELBOW,0.5169939398765564,0.5699718594551086,-0.07921979576349258,0,0
46,RIGHT_ELBOW,0.5452307462692261,0.5117029547691345,0.006808403413742781,0,0
46,LEFT_WRIST,0.5173118114471436,0.6038022637367249,-0.07833041995763779,0,0
46,RIGHT_WRIST,0.5182635188102722,0.5086647868156433,-0.03748795762658119,0,0
46,LEFT_PINKY,0.5179385542869568,0.6171603798866272,-0.09035886824131012,0,0
46,RIGHT_PINKY,0.5128524303436279,0.50396728515625,-0.04110630974173546,0,0
46,LEFT_INDEX,0.518310010433197,0.6144508719444275,-0.09244988113641739,0,0
46,RIGHT_INDEX,0.5114778876304626,0.5045393705368042,-0.04508339241147041,0,0
46,LEFT_THUMB,0.5188643932342529,0.6090154647827148,-0.07892627269029617,0,0
46,RIGHT_THUMB,0.5098732709884644,0.5052811503410339,-0.04088017717003822,0,0
46,LEFT_HIP,0.5355356931686401,0.6403781175613403,-0.03658293932676315,0,0
46,RIGHT_HIP,0.5576428174972534,0.6364908218383789,0.0364709310233593,0,0
46,LEFT_KNEE,0.5321401357650757,0.7236801981925964,-0.004605568014085293,0,0
46,RIGHT_KNEE,0.5623658299446106,0.7109260559082031,0.07401681691408157,0,0
46,LEFT_ANKLE,0.5452004671096802,0.8124054074287415,0.019901175051927567,0,0
46,RIGHT_ANKLE,0.5666634440422058,0.7940365672111511,0.10790438205003738,0,0
46,LEFT_HEEL,0.5514024496078491,0.8239879012107849,0.022406144067645073,0,0
46,RIGHT_HEEL,0.5671337842941284,0.8100600242614746,0.11142279952764511,0,0
46,LEFT_FOOT_INDEX,0.5350289940834045,0.8226674795150757,0.004991987720131874,0,0
46,RIGHT_FOOT_INDEX,0.5590401887893677,0.802243173122406,0.09643744677305222,0,0
47,NOSE,0.545844316482544,0.4759390354156494,0.08574406057596207,0,0
47,LEFT_EYE_INNER,0.5437869429588318,0.468765527009964,0.04648459702730179,0,0
47,LEFT_EYE,0.5422336459159851,0.46848270297050476,0.0464785099029541,0,0
47,LEFT_EYE_OUTER,0.5406447649002075,0.4681452810764313,0.04648835211992264,0,0
47,RIGHT_EYE_INNER,0.5481499433517456,0.4688102602958679,0.05439065769314766,0,0
47,RIGHT_EYE,0.5494128465652466,0.4686783254146576,0.05436861887574196,0,0
47,RIGHT_EYE_OUTER,0.5506869554519653,0.4685554802417755,0.0543256513774395,0,0
47,LEFT_EAR,0.5390241146087646,0.47008004784584045,-0.008918371982872486,0,0
47,RIGHT_EAR,0.5530307292938232,0.4721772372722626,0.026517881080508232,0,0
47,MOUTH_LEFT,0.543519914150238,0.4819123446941376,0.0451388843357563,0,0
47,MOUTH_RIGHT,0.5476605296134949,0.4822750389575958,0.05481691285967827,0,0
47,LEFT_SHOULDER,0.528499186038971,0.516940712928772,-0.07079204171895981,0,0
47,RIGHT_SHOULDER,0.558463454246521,0.5095245242118835,0.050765834748744965,0,0
47,LEFT_ELBOW,0.5199822783470154,0.5752372741699219,-0.09461058676242828,0,0
47,RIGHT_ELBOW,0.543194055557251,0.5461511015892029,0.034929271787405014,0,0
47,LEFT_WRIST,0.5158397555351257,0.6071628332138062,-0.08941815793514252,0,0
47,RIGHT_WRIST,0.5140107274055481,0.5521462559700012,-0.017998892813920975,0,0
47,LEFT_PINKY,0.5132440328598022,0.6207989454269409,-0.10282361507415771,0,0
47,RIGHT_PINKY,0.5115005373954773,0.5578601360321045,-0.019523199647665024,0,0
47,LEFT_INDEX,0.5129473209381104,0.6191006898880005,-0.10081717371940613,0,0
47,RIGHT_INDEX,0.5097991824150085,0.5554444789886475,-0.028470156714320183,0,0
47,LEFT_THUMB,0.5139481425285339,0.6128101944923401,-0.08818082511425018,0,0
47,RIGHT_THUMB,0.5107871294021606,0.5557946562767029,-0.02306670881807804,0,0
47,LEFT_HIP,0.5368235111236572,0.6427547931671143,-0.04158664494752884,0,0
47,RIGHT_HIP,0.5570071339607239,0.6375903487205505,0.041516102850437164,0,0
47,LEFT_KNEE,0.5327939391136169,0.7235481142997742,-0.00975063256919384,0,0
47,RIGHT_KNEE,0.5598382353782654,0.7115874290466309,0.07800058275461197,0,0
47,LEFT_ANKLE,0.5456934571266174,0.8122565150260925,0.013492952100932598,0,0
47,RIGHT_ANKLE,0.5661256909370422,0.7934498190879822,0.11086761951446533,0,0
47,LEFT_HEEL,0.5514236688613892,0.8239962458610535,0.015902595594525337,0,0
47,RIGHT_HEEL,0.5649234652519226,0.8087246417999268,0.1142052710056305,0,0
47,LEFT_FOOT_INDEX,0.5330727696418762,0.8227434158325195,-0.0013619682285934687,0,0
47,RIGHT_FOOT_INDEX,0.5523247122764587,0.8003722429275513,0.10153918713331223,0,0
48,NOSE,0.541357696056366,0.4770382344722748,0.053287699818611145,0,0
48,LEFT_EYE_INNER,0.5395826101303101,0.46985945105552673,0.03469807654619217,0,0
48,LEFT_EYE,0.538282036781311,0.46958133578300476,0.03470464423298836,0,0
48,LEFT_EYE_OUTER,0.5370007157325745,0.46918919682502747,0.0347149483859539,0,0
48,RIGHT_EYE_INNER,0.5438395142555237,0.4697449505329132,0.04879789426922798,0,0
48,RIGHT_EYE,0.5452651977539062,0.469572514295578,0.04879562184214592,0,0
48,RIGHT_EYE_OUTER,0.546739935874939,0.4694145917892456,0.04873067885637283,0,0
48,LEFT_EAR,0.5363346338272095,0.47039955854415894,-0.011877386830747128,0,0
48,RIGHT_EAR,0.5494511723518372,0.4729856848716736,0.03441765531897545,0,0
48,MOUTH_LEFT,0.5395196080207825,0.48313236236572266,0.03427474573254585,0,0
48,MOUTH_RIGHT,0.543810248374939,0.48344936966896057,0.05345303565263748,0,0
48,LEFT_SHOULDER,0.5312684178352356,0.5174082517623901,-0.07238949090242386,0,0
48,RIGHT_SHOULDER,0.5547009110450745,0.5100414752960205,0.06707629561424255,0,0
48,LEFT_ELBOW,0.5289802551269531,0.5799425840377808,-0.11159756779670715,0,0
48,RIGHT_ELBOW,0.5379267334938049,0.5646178722381592,0.06472057849168777,0,0
48,LEFT_WRIST,0.5191465616226196,0.6199612021446228,-0.12822236120700836,0,0
48,RIGHT_WRIST,0.5139768123626709,0.5858771800994873,0.017042268067598343,0,0
48,LEFT_PINKY,0.5162042379379272,0.6348287463188171,-0.14552627503871918,0,0
48,RIGHT_PINKY,0.5053943395614624,0.5872326493263245,0.016314145177602768,0,0
48,LEFT_INDEX,0.5151039958000183,0.6326095461845398,-0.14259767532348633,0,0
48,RIGHT_INDEX,0.5054309964179993,0.5891610980033875,-0.014794662594795227,0,0
48,LEFT_THUMB,0.5163858532905579,0.6272908449172974,-0.1272750049829483,0,0
48,RIGHT_THUMB,0.5080860257148743,0.5888511538505554,0.007242112420499325,0,0
48,LEFT_HIP,0.5378541350364685,0.6433907151222229,-0.04593531787395477,0,0
48,RIGHT_HIP,0.5568417310714722,0.6385696530342102,0.04589870199561119,0,0
48,LEFT_KNEE,0.5328459143638611,0.7234901189804077,-0.02371763065457344,0,0
48,RIGHT_KNEE,0.5549591779708862,0.7119802832603455,0.08036596328020096,0,0
48,LEFT_ANKLE,0.5461378693580627,0.8118813037872314,-0.005269594024866819,0,0
48,RIGHT_ANKLE,0.5601012110710144,0.7937518358230591,0.11158667504787445,0,0
48,LEFT_HEEL,0.5513237118721008,0.8242246508598328,-0.004065980669111013,0,0
48,RIGHT_HEEL,0.5643051266670227,0.8087441921234131,0.11419383436441422,0,0
48,LEFT_FOOT_INDEX,0.530872106552124,0.8226543068885803,-0.025304807350039482,0,0
48,RIGHT_FOOT_INDEX,0.545671820640564,0.8001784682273865,0.10146619379520416,0,0
49,NOSE,0.5372989773750305,0.47796347737312317,0.04178151115775108,0,0
49,LEFT_EYE_INNER,0.536406397819519,0.47055676579475403,0.02826056443154812,0,0
49,LEFT_EYE,0.5355450510978699,0.4700509011745453,0.028273461386561394,0,0
49,LEFT_EYE_OUTER,0.5346512198448181,0.46925896406173706,0.028279300779104233,0,0
49,RIGHT_EYE_INNER,0.5397315621376038,0.4706655740737915,0.04169373959302902,0,0
49,RIGHT_EYE,0.5411781072616577,0.4705113470554352,0.04169783368706703,0,0
49,RIGHT_EYE_OUTER,0.5426412224769592,0.47036948800086975,0.04162637144327164,0,0
49,LEFT_EAR,0.5350695848464966,0.4728274941444397,-0.01352356281131506,0,0
49,RIGHT_EAR,0.5460863709449768,0.47322139143943787,0.03641991689801216,0,0
49,MOUTH_LEFT,0.5365545153617859,0.48340561985969543,0.02753385342657566,0,0
49,MOUTH_RIGHT,0.5398512482643127,0.4839521050453186,0.04512970149517059,0,0
49,LEFT_SHOULDER,0.5328847169876099,0.5172391533851624,-0.07417373359203339,0,0
49,RIGHT_SHOULDER,0.5528828501701355,0.5103366374969482,0.0717456191778183,0,0
49,LEFT_ELBOW,0.5341727137565613,0.5816489458084106,-0.11025761067867279,0,0
49,RIGHT_ELBOW,0.5382260084152222,0.5704089403152466,0.08202151209115982,0,0
49,LEFT_WRIST,0.5225264430046082,0.6249362230300903,-0.11935616284608841,0,0
49,RIGHT_WRIST,0.516862690448761,0.594366192817688,0.05300283059477806,0,0
49,LEFT_PINKY,0.5210164785385132,0.63897305727005,-0.13334086537361145,0,0
49,RIGHT_PINKY,0.5093931555747986,0.5960647463798523,0.056567300111055374,0,0
49,LEFT_INDEX,0.5203010439872742,0.6366394758224487,-0.13190123438835144,0,0
49,RIGHT_INDEX,0.5092005133628845,0.5957117676734924,0.04171234369277954,0,0
49,LEFT_THUMB,0.5209085941314697,0.6312113404273987,-0.1187153235077858,0,0
49,RIGHT_THUMB,0.5114576816558838,0.5964056253433228,0.04625659063458443,0,0
49,LEFT_HIP,0.538230299949646,0.642065167427063,-0.04786495491862297,0,0
49,RIGHT_HIP,0.5566915273666382,0.6386722922325134,0.0478631891310215,0,0
49,LEFT_KNEE,0.5320385694503784,0.7206240892410278,-0.038170430809259415,0,0
49,RIGHT_KNEE,0.5512793064117432,0.7113809585571289,0.06850861757993698,0,0
49,LEFT_ANKLE,0.5458170771598816,0.8080334067344666,-0.03287728875875473,0,0
49,RIGHT_ANKLE,0.5531792044639587,0.7941668629646301,0.08790072053670883,0,0
49,LEFT_HEEL,0.5509476065635681,0.8229463696479797,-0.03338758647441864,0,0
49,RIGHT_HEEL,0.5592029094696045,0.8090075254440308,0.08896186947822571,0,0
49,LEFT_FOOT_INDEX,0.531000018119812,0.8215133547782898,-0.05704563856124878,0,0
49,RIGHT_FOOT_INDEX,0.5396934747695923,0.8030767440795898,0.07496213912963867,0,0
50,NOSE,0.5359742045402527,0.4783814549446106,0.040372852236032486,0,0
50,LEFT_EYE_INNER,0.5349524617195129,0.47067126631736755,0.02681032568216324,0,0
50,LEFT_EYE,0.5340778231620789,0.47072502970695496,0.026820603758096695,0,0
50,LEFT_EYE_OUTER,0.5331833362579346,0.47061339020729065,0.026830358430743217,0,0
50,RIGHT_EYE_INNER,0.5384034514427185,0.47121870517730713,0.03900759667158127,0,0
50,RIGHT_EYE,0.5399278998374939,0.4710715115070343,0.039005592465400696,0,0
50,RIGHT_EYE_OUTER,0.5414734482765198,0.4709186255931854,0.038941286504268646,0,0
50,LEFT_EAR,0.5337434411048889,0.47543951869010925,-0.018256427720189095,0,0
50,RIGHT_EAR,0.545160174369812,0.47343143820762634,0.03161660209298134,0,0
50,MOUTH_LEFT,0.5352988839149475,0.48460653424263,0.025628721341490746,0,0
50,MOUTH_RIGHT,0.5388395190238953,0.4840748608112335,0.04140712693333626,0,0
50,LEFT_SHOULDER,0.5336487293243408,0.5200986266136169,-0.07476585358381271,0,0
50,RIGHT_SHOULDER,0.5514036417007446,0.5122399926185608,0.06260933727025986,0,0
50,LEFT_ELBOW,0.5345942378044128,0.5829642415046692,-0.11108531057834625,0,0
50,RIGHT_ELBOW,0.5387554168701172,0.5720914006233215,0.07685824483633041,0,0
50,LEFT_WRIST,0.5259107351303101,0.6304514408111572,-0.12917977571487427,0,0
50,RIGHT_WRIST,0.5151991844177246,0.6060139536857605,0.056247279047966,0,0
50,LEFT_PINKY,0.5243750810623169,0.6448009610176086,-0.14386428892612457,0,0
50,RIGHT_PINKY,0.5089130401611328,0.6096323728561401,0.06002238765358925,0,0
50,LEFT_INDEX,0.5222752690315247,0.6437963843345642,-0.14291217923164368,0,0
50,RIGHT_INDEX,0.5069087743759155,0.6084713339805603,0.04533117637038231,0,0
50,LEFT_THUMB,0.5216248035430908,0.6386601328849792,-0.12927119433879852,0,0
50,RIGHT_THUMB,0.509787380695343,0.6081832647323608,0.04961850494146347,0,0
50,LEFT_HIP,0.5387961864471436,0.6423793435096741,-0.047476936131715775,0,0
50,RIGHT_HIP,0.5564748644828796,0.6396129727363586,0.04746125265955925,0,0
50,LEFT_KNEE,0.5301317572593689,0.7204268574714661,-0.03334564343094826,0,0
50,RIGHT_KNEE,0.5467347502708435,0.7115181088447571,0.06774257123470306,0,0
50,LEFT_ANKLE,0.545087456703186,0.8068085312843323,-0.020969441160559654,0,0
50,RIGHT_ANKLE,0.5475587844848633,0.7949475646018982,0.08576370030641556,0,0
50,LEFT_HEEL,0.5503062605857849,0.8221848607063293,-0.020783089101314545,0,0
50,RIGHT_HEEL,0.5528291463851929,0.8096140623092651,0.08662930876016617,0,0
50,LEFT_FOOT_INDEX,0.5308780670166016,0.8187629580497742,-0.04450627416372299,0,0
50,RIGHT_FOOT_INDEX,0.5347505807876587,0.8042187094688416,0.07052101194858551,0,0
51,NOSE,0.5363075137138367,0.47943827509880066,0.04502471908926964,0,0
51,LEFT_EYE_INNER,0.5352391600608826,0.4727845788002014,0.03200418874621391,0,0
51,LEFT_EYE,0.5343080759048462,0.4732494056224823,0.03201673924922943,0,0
51,LEFT_EYE_OUTER,0.5333570837974548,0.473572313785553,0.0320228710770607,0,0
51,RIGHT_EYE_INNER,0.5386961698532104,0.47209545969963074,0.04198837652802467,0,0
51,RIGHT_EYE,0.5401372909545898,0.47178125381469727,0.04199999198317528,0,0
51,RIGHT_EYE_OUTER,0.5416256189346313,0.4714812636375427,0.04190369322896004,0,0
51,LEFT_EAR,0.5335182547569275,0.47864457964897156,-0.010720006190240383,0,0
51,RIGHT_EAR,0.5450356006622314,0.4749055504798889,0.0396248921751976,0,0
51,MOUTH_LEFT,0.5353409051895142,0.4869706332683563,0.031489938497543335,0,0
51,MOUTH_RIGHT,0.5389548540115356,0.4858616590499878,0.04504406452178955,0,0
51,LEFT_SHOULDER,0.5341395139694214,0.520540177822113,-0.06902701407670975,0,0
51,RIGHT_SHOULDER,0.5503091812133789,0.5129470229148865,0.07177747040987015,0,0
51,LEFT_ELBOW,0.5396135449409485,0.5796108841896057,-0.11789887398481369,0,0
51,RIGHT_ELBOW,0.5400930047035217,0.5725209712982178,0.09093613922595978,0,0
51,LEFT_WRIST,0.5378105044364929,0.6281514763832092,-0.15396997332572937,0,0
51,RIGHT_WRIST,0.5160499811172485,0.6045818328857422,0.07564350962638855,0,0
51,LEFT_PINKY,0.5385515093803406,0.6429193019866943,-0.16950909793376923,0,0
51,RIGHT_PINKY,0.5101068019866943,0.6111373901367188,0.08143629878759384,0,0
51,LEFT_INDEX,0.5374530553817749,0.6418681740760803,-0.16905036568641663,0,0
51,RIGHT_INDEX,0.5086440443992615,0.6113263368606567,0.06638763844966888,0,0
51,LEFT_THUMB,0.536465585231781,0.636802613735199,-0.15448318421840668,0,0
51,RIGHT_THUMB,0.511417806148529,0.609869658946991,0.06901542842388153,0,0
51,LEFT_HIP,0.5395345687866211,0.6429105997085571,-0.04834196716547012,0,0
51,RIGHT_HIP,0.556395411491394,0.6401455998420715,0.04834916070103645,0,0
51,LEFT_KNEE,0.5265254974365234,0.7195135951042175,-0.04114896059036255,0,0
51,RIGHT_KNEE,0.5441207885742188,0.7115462422370911,0.07002142816781998,0,0
51,LEFT_ANKLE,0.5443946719169617,0.8048341274261475,-0.03061925247311592,0,0
51,RIGHT_ANKLE,0.5464604496955872,0.7947447896003723,0.08645004779100418,0,0
51,LEFT_HEEL,0.5494844913482666,0.8195937871932983,-0.030217567458748817,0,0
51,RIGHT_HEEL,0.5516402125358582,0.8088776469230652,0.0868983194231987,0,0
51,LEFT_FOOT_INDEX,0.5304766297340393,0.8192193508148193,-0.05167412385344505,0,0
51,RIGHT_FOOT_INDEX,0.5349586606025696,0.8054145574569702,0.0700785219669342,0,0
52,NOSE,0.5349618792533875,0.48015764355659485,0.02588403970003128,0,0
52,LEFT_EYE_INNER,0.5344346165657043,0.47416844964027405,0.013944003731012344,0,0
52,LEFT_EYE,0.5336957573890686,0.4748028814792633,0.013964656740427017,0,0
52,LEFT_EYE_OUTER,0.5329129695892334,0.4753008782863617,0.013965757563710213,0,0
52,RIGHT_EYE_INNER,0.5372700095176697,0.47290006279945374,0.026688775047659874,0,0
52,RIGHT_EYE,0.5385316610336304,0.47255852818489075,0.026705047115683556,0,0
52,RIGHT_EYE_OUTER,0.5398381948471069,0.4722641408443451,0.0266317967325449,0,0
52,LEFT_EAR,0.5336378216743469,0.4802968204021454,-0.021120455116033554,0,0
52,RIGHT_EAR,0.5438515543937683,0.4766252934932709,0.03342382609844208,0,0
52,MOUTH_LEFT,0.5347051620483398,0.48798471689224243,0.014692397788167,0,0
52,MOUTH_RIGHT,0.5376445651054382,0.48676708340644836,0.030929863452911377,0,0
52,LEFT_SHOULDER,0.5358731150627136,0.521285891532898,-0.07739321142435074,0,0
52,RIGHT_SHOULDER,0.5488162636756897,0.5154088735580444,0.07297039031982422,0,0
52,LEFT_ELBOW,0.5458246469497681,0.5771195292472839,-0.12815406918525696,0,0
52,RIGHT_ELBOW,0.5404332876205444,0.573606014251709,0.09890692681074142,0,0
52,LEFT_WRIST,0.5455309152603149,0.6277956366539001,-0.16660381853580475,0,0
52,RIGHT_WRIST,0.5183820724487305,0.6096339821815491,0.08219684660434723,0,0
52,LEFT_PINKY,0.5479716062545776,0.6430383324623108,-0.1834193766117096,0,0
52,RIGHT_PINKY,0.5121266841888428,0.6187753677368164,0.0871054083108902,0,0
52,LEFT_INDEX,0.5467920303344727,0.642602801322937,-0.1831635981798172,0,0
52,RIGHT_INDEX,0.5110355615615845,0.6194815635681152,0.07152401655912399,0,0
52,LEFT_THUMB,0.5455245971679688,0.6378126740455627,-0.1670897901058197,0,0
52,RIGHT_THUMB,0.5141592621803284,0.6164569854736328,0.07525841146707535,0,0
52,LEFT_HIP,0.5394260287284851,0.6449916958808899,-0.05028636381030083,0,0
52,RIGHT_HIP,0.5531383752822876,0.6414702534675598,0.05030162259936333,0,0
52,LEFT_KNEE,0.5193006992340088,0.7192819714546204,-0.037188850343227386,0,0
52,RIGHT_KNEE,0.5426539182662964,0.7113003730773926,0.08348651975393295,0,0
52,LEFT_ANKLE,0.5438372492790222,0.8004302978515625,-0.013803960755467415,0,0
52,RIGHT_ANKLE,0.5466684103012085,0.7944191694259644,0.1158222034573555,0,0
52,LEFT_HEEL,0.5489917993545532,0.814048707485199,-0.012258561328053474,0,0
52,RIGHT_HEEL,0.5518859028816223,0.8081343173980713,0.11754582822322845,0,0
52,LEFT_FOOT_INDEX,0.529682457447052,0.8194054365158081,-0.031340938061475754,0,0
52,RIGHT_FOOT_INDEX,0.5347816944122314,0.8059020042419434,0.10218573361635208,0,0
53,NOSE,0.5344648957252502,0.48269709944725037,0.018899990245699883,0,0
53,LEFT_EYE_INNER,0.5340543985366821,0.47705331444740295,0.006467240396887064,0,0
53,LEFT_EYE,0.5333940386772156,0.4776613712310791,0.006497458089143038,0,0
53,LEFT_EYE_OUTER,0.5326841473579407,0.47817128896713257,0.006500140763819218,0,0
53,RIGHT_EYE_INNER,0.5366265177726746,0.4756075143814087,0.019302261993288994,0,0
53,RIGHT_EYE,0.5378010272979736,0.4752945005893707,0.019317081198096275,0,0
53,RIGHT_EYE_OUTER,0.538998007774353,0.47506576776504517,0.01924523338675499,0,0
53,LEFT_EAR,0.5335911512374878,0.48272061347961426,-0.029063405469059944,0,0
53,RIGHT_EAR,0.5428884625434875,0.4796048700809479,0.028999703004956245,0,0
53,MOUTH_LEFT,0.5343672633171082,0.4902951419353485,0.007567777764052153,0,0
53,MOUTH_RIGHT,0.5369063019752502,0.48925572633743286,0.023750463500618935,0,0
53,LEFT_SHOULDER,0.5364752411842346,0.5229976773262024,-0.08275453746318817,0,0
53,RIGHT_SHOULDER,0.547228217124939,0.5193694829940796,0.06692869961261749,0,0
53,LEFT_ELBOW,0.547180712223053,0.5762465000152588,-0.1304982304573059,0,0
53,RIGHT_ELBOW,0.540549635887146,0.5760680437088013,0.09618297219276428,0,0
53,LEFT_WRIST,0.5489581227302551,0.6283014416694641,-0.16830378770828247,0,0
53,RIGHT_WRIST,0.5201507210731506,0.6139751672744751,0.08154516667127609,0,0
53,LEFT_PINKY,0.5510178804397583,0.6419292688369751,-0.1852925568819046,0,0
53,RIGHT_PINKY,0.5139175057411194,0.6241313815116882,0.08587537705898285,0,0
53,LEFT_INDEX,0.5493663549423218,0.6396486163139343,-0.18538233637809753,0,0
53,RIGHT_INDEX,0.5126631855964661,0.625074565410614,0.07042273133993149,0,0
53,LEFT_THUMB,0.5483719706535339,0.6358621120452881,-0.1689426749944687,0,0
53,RIGHT_THUMB,0.5159599781036377,0.6220086812973022,0.0747632160782814,0,0
53,LEFT_HIP,0.5389131903648376,0.6484664082527161,-0.05058024823665619,0,0
53,RIGHT_HIP,0.5498082637786865,0.6468096375465393,0.05060692876577377,0,0
53,LEFT_KNEE,0.5149654150009155,0.719563364982605,-0.03164174035191536,0,0
53,RIGHT_KNEE,0.5413921475410461,0.7114677429199219,0.09305386990308762,0,0
53,LEFT_ANKLE,0.5419482588768005,0.7970718741416931,0.00015598571917507797,0,0
53,RIGHT_ANKLE,0.5465604662895203,0.7939119338989258,0.1346605122089386,0,0
53,LEFT_HEEL,0.5483524799346924,0.8093292117118835,0.005255379714071751,0,0
53,RIGHT_HEEL,0.5520859360694885,0.8074907064437866,0.13736513257026672,0,0
53,LEFT_FOOT_INDEX,0.5289521217346191,0.819513201713562,-0.0030937448609620333,0,0
53,RIGHT_FOOT_INDEX,0.5339337587356567,0.8078370094299316,0.12482859939336777,0,0
54,NOSE,0.5348165035247803,0.4840640127658844,0.015409264713525772,0,0
54,LEFT_EYE_INNER,0.5344329476356506,0.4789178967475891,0.002867648145183921,0,0
54,LEFT_EYE,0.5337463617324829,0.47945377230644226,0.0029006695840507746,0,0
54,LEFT_EYE_OUTER,0.5329962968826294,0.4799327850341797,0.0029067983850836754,0,0
54,RIGHT_EYE_INNER,0.5370379686355591,0.4776071012020111,0.015955325216054916,0,0
54,RIGHT_EYE,0.5382249355316162,0.47737303376197815,0.015968378633260727,0,0
54,RIGHT_EYE_OUTER,0.5394312143325806,0.4772285223007202,0.01590055227279663,0,0
54,LEFT_EAR,0.5337202548980713,0.4842153489589691,-0.03327743336558342,0,0
54,RIGHT_EAR,0.5431185364723206,0.4816035032272339,0.028222249820828438,0,0
54,MOUTH_LEFT,0.5344784259796143,0.49138641357421875,0.003746016649529338,0,0
54,MOUTH_RIGHT,0.5370215773582458,0.49049246311187744,0.020224206149578094,0,0
54,LEFT_SHOULDER,0.5366781949996948,0.5240719318389893,-0.08646855503320694,0,0
54,RIGHT_SHOULDER,0.547749400138855,0.5214660167694092,0.06463216990232468,0,0
54,LEFT_ELBOW,0.5478432774543762,0.5757930278778076,-0.13403712213039398,0,0
54,RIGHT_ELBOW,0.5407620668411255,0.5772325396537781,0.10293319821357727,0,0
54,LEFT_WRIST,0.550685703754425,0.6317187547683716,-0.16922897100448608,0,0
54,RIGHT_WRIST,0.5215761065483093,0.6162041425704956,0.10059613734483719,0,0
54,LEFT_PINKY,0.5530656576156616,0.6448867321014404,-0.18511056900024414,0,0
54,RIGHT_PINKY,0.5152890682220459,0.6260092854499817,0.10752558708190918,0,0
54,LEFT_INDEX,0.551218569278717,0.643548309803009,-0.18513162434101105,0,0
54,RIGHT_INDEX,0.5146811008453369,0.6266518831253052,0.09226631373167038,0,0
54,LEFT_THUMB,0.5501556396484375,0.6391726136207581,-0.16958099603652954,0,0
54,RIGHT_THUMB,0.5171839594841003,0.6238068342208862,0.09435080736875534,0,0
54,LEFT_HIP,0.5375586748123169,0.6504467129707336,-0.050517842173576355,0,0
54,RIGHT_HIP,0.5485321879386902,0.6501854062080383,0.050532400608062744,0,0
54,LEFT_KNEE,0.5125438570976257,0.7194252014160156,-0.026373939588665962,0,0
54,RIGHT_KNEE,0.5406855344772339,0.7115920186042786,0.10043825209140778,0,0
54,LEFT_ANKLE,0.5400228500366211,0.7930322885513306,-0.001965841744095087,0,0
54,RIGHT_ANKLE,0.5461041331291199,0.792595624923706,0.12947899103164673,0,0
54,LEFT_HEEL,0.5471344590187073,0.8042750358581543,0.002654183190315962,0,0
54,RIGHT_HEEL,0.5517975091934204,0.8059495091438293,0.1309688538312912,0,0
54,LEFT_FOOT_INDEX,0.5281978249549866,0.8196883201599121,-0.00541719188913703,0,0
54,RIGHT_FOOT_INDEX,0.5332279801368713,0.8111573457717896,0.12032637000083923,0,0
55,NOSE,0.535361111164093,0.4864330291748047,0.018241925165057182,0,0
55,LEFT_EYE_INNER,0.5348348021507263,0.4809509813785553,0.006439058110117912,0,0
55,LEFT_EYE,0.534108579158783,0.48142009973526,0.006467374041676521,0,0
55,LEFT_EYE_OUTER,0.5333343148231506,0.48185867071151733,0.006472962908446789,0,0
55,RIGHT_EYE_INNER,0.5375844240188599,0.4797235131263733,0.018539149314165115,0,0
55,RIGHT_EYE,0.5387766361236572,0.47955089807510376,0.01854693330824375,0,0
55,RIGHT_EYE_OUTER,0.5399818420410156,0.47948071360588074,0.0184871144592762,0,0
55,LEFT_EAR,0.5338913202285767,0.4859773516654968,-0.02842547558248043,0,0
55,RIGHT_EAR,0.5434954166412354,0.483981728553772,0.026752570644021034,0,0
55,MOUTH_LEFT,0.5348815321922302,0.49321532249450684,0.0069605386815965176,0,0
55,MOUTH_RIGHT,0.5375192165374756,0.49233490228652954,0.02216210961341858,0,0
55,LEFT_SHOULDER,0.5368391871452332,0.5257189869880676,-0.0806017592549324,0,0
55,RIGHT_SHOULDER,0.5482629537582397,0.5231553912162781,0.06265886127948761,0,0
55,LEFT_ELBOW,0.5479367971420288,0.5756403803825378,-0.1316801905632019,0,0
55,RIGHT_ELBOW,0.5377893447875977,0.5775921940803528,0.10314653813838959,0,0
55,LEFT_WRIST,0.5488870143890381,0.6329241991043091,-0.17059582471847534,0,0
55,RIGHT_WRIST,0.5217781066894531,0.6129245162010193,0.11105398833751678,0,0
55,LEFT_PINKY,0.5513125658035278,0.6469473242759705,-0.1860462725162506,0,0
55,RIGHT_PINKY,0.516319215297699,0.6241521835327148,0.11879681795835495,0,0
55,LEFT_INDEX,0.5492251515388489,0.6453477740287781,-0.18606255948543549,0,0
55,RIGHT_INDEX,0.5158018469810486,0.6254032254219055,0.10466591268777847,0,0
55,LEFT_THUMB,0.5481777191162109,0.6411480903625488,-0.17111754417419434,0,0
55,RIGHT_THUMB,0.5179761648178101,0.6206786632537842,0.10546267777681351,0,0
55,LEFT_HIP,0.5365340709686279,0.6505654454231262,-0.04882914200425148,0,0
55,RIGHT_HIP,0.5483270883560181,0.6508448719978333,0.04884738102555275,0,0
55,LEFT_KNEE,0.5116598010063171,0.7191254496574402,-0.030072087422013283,0,0
55,RIGHT_KNEE,0.5408403873443604,0.7116075754165649,0.08990231156349182,0,0
55,LEFT_ANKLE,0.5391910672187805,0.7923585772514343,-0.004614377394318581,0,0
55,RIGHT_ANKLE,0.5458428263664246,0.7917279005050659,0.11847171187400818,0,0
55,LEFT_HEEL,0.5459737777709961,0.8030609488487244,-0.0004862631903961301,0,0
55,RIGHT_HEEL,0.5513527393341064,0.8047873377799988,0.12007150799036026,0,0
55,LEFT_FOOT_INDEX,0.5273581147193909,0.819795548915863,-0.007447579875588417,0,0
55,RIGHT_FOOT_INDEX,0.5326675772666931,0.8113319277763367,0.10934456437826157,0,0
56,NOSE,0.5360409617424011,0.48630693554878235,0.012585071846842766,0,0
56,LEFT_EYE_INNER,0.5352422595024109,0.4807543158531189,0.0011843419633805752,0,0
56,LEFT_EYE,0.5343994498252869,0.48117393255233765,0.001209612237289548,0,0
56,LEFT_EYE_OUTER,0.5335220098495483,0.4815881848335266,0.0012207739055156708,0,0
56,RIGHT_EYE_INNER,0.5383812785148621,0.479665070772171,0.013020518235862255,0,0
56,RIGHT_EYE,0.5396806597709656,0.4795270562171936,0.013030555099248886,0,0
56,RIGHT_EYE_OUTER,0.5410168766975403,0.4794868230819702,0.012991698458790779,0,0
56,LEFT_EAR,0.5339387059211731,0.4857656955718994,-0.0317765548825264,0,0
56,RIGHT_EAR,0.5443958640098572,0.48376843333244324,0.020410750061273575,0,0
56,MOUTH_LEFT,0.5353314280509949,0.4929914176464081,0.0017196816625073552,0,0
56,MOUTH_RIGHT,0.5384236574172974,0.4921950101852417,0.01633336767554283,0,0
56,LEFT_SHOULDER,0.5366775393486023,0.5260996222496033,-0.08421152085065842,0,0
56,RIGHT_SHOULDER,0.5488331913948059,0.5228155851364136,0.06041032075881958,0,0
56,LEFT_ELBOW,0.5456053018569946,0.5788519382476807,-0.13897307217121124,0,0
56,RIGHT_ELBOW,0.5377883911132812,0.543874204158783,0.13240186870098114,0,0
56,LEFT_WRIST,0.5459051132202148,0.6403809189796448,-0.1743825078010559,0,0
56,RIGHT_WRIST,0.5209144949913025,0.5385026335716248,0.19149161875247955,0,0
56,LEFT_PINKY,0.5480203032493591,0.6540922522544861,-0.18719801306724548,0,0
56,RIGHT_PINKY,0.5168962478637695,0.5367436408996582,0.20752228796482086,0,0
56,LEFT_INDEX,0.546579122543335,0.6542595028877258,-0.18820485472679138,0,0
56,RIGHT_INDEX,0.5151241421699524,0.5355321764945984,0.19883868098258972,0,0
56,LEFT_THUMB,0.5456743240356445,0.6501339077949524,-0.17519047856330872,0,0
56,RIGHT_THUMB,0.5157333016395569,0.5374974608421326,0.18937863409519196,0,0
56,LEFT_HIP,0.5358166098594666,0.6507065296173096,-0.04930780827999115,0,0
56,RIGHT_HIP,0.5489009022712708,0.6509465575218201,0.04928381368517876,0,0
56,LEFT_KNEE,0.5127899646759033,0.7184003591537476,-0.026498502120375633,0,0
56,RIGHT_KNEE,0.5416492819786072,0.7117424607276917,0.08766350895166397,0,0
56,LEFT_ANKLE,0.538777768611908,0.7928133606910706,0.00790028739720583,0,0
56,RIGHT_ANKLE,0.5459355115890503,0.7914240956306458,0.12609130144119263,0,0
56,LEFT_HEEL,0.545074999332428,0.8036308884620667,0.01268051192164421,0,0
56,RIGHT_HEEL,0.5511186122894287,0.8047382831573486,0.12849131226539612,0,0
56,LEFT_FOOT_INDEX,0.5272477269172668,0.8199516534805298,0.007069417275488377,0,0
56,RIGHT_FOOT_INDEX,0.533053457736969,0.8113515377044678,0.1172407865524292,0,0
57,NOSE,0.5365100502967834,0.4858783185482025,0.028781002387404442,0,0
57,LEFT_EYE_INNER,0.5354854464530945,0.4805963635444641,0.015752380713820457,0,0
57,LEFT_EYE,0.5345446467399597,0.4810468256473541,0.015772733837366104,0,0
57,LEFT_EYE_OUTER,0.5335625410079956,0.48153358697891235,0.015770016238093376,0,0
57,RIGHT_EYE_INNER,0.5388063192367554,0.47958967089653015,0.027228467166423798,0,0
57,RIGHT_EYE,0.5401347875595093,0.47936373949050903,0.02723487839102745,0,0
57,RIGHT_EYE_OUTER,0.5415120720863342,0.47924941778182983,0.02718096226453781,0,0
57,LEFT_EAR,0.5336591601371765,0.4852515459060669,-0.030243080109357834,0,0
57,RIGHT_EAR,0.5448892116546631,0.48342466354370117,0.022613372653722763,0,0
57,MOUTH_LEFT,0.5355920791625977,0.49254658818244934,0.013478204607963562,0,0
57,MOUTH_RIGHT,0.5389693379402161,0.4917829632759094,0.02770366333425045,0,0
57,LEFT_SHOULDER,0.5353795886039734,0.5253834128379822,-0.07945159822702408,0,0
57,RIGHT_SHOULDER,0.551430881023407,0.5229721069335938,0.059132568538188934,0,0
57,LEFT_ELBOW,0.5420116186141968,0.5802982449531555,-0.12399200350046158,0,0
57,RIGHT_ELBOW,0.5387274622917175,0.5444964170455933,0.10148051381111145,0,0
57,LEFT_WRIST,0.5380655527114868,0.6430168747901917,-0.14390721917152405,0,0
57,RIGHT_WRIST,0.5211833119392395,0.5430992841720581,0.1183793917298317,0,0
57,LEFT_PINKY,0.5401943325996399,0.6581249237060547,-0.15632407367229462,0,0
57,RIGHT_PINKY,0.5192290544509888,0.5431202054023743,0.12800496816635132,0,0
57,LEFT_INDEX,0.5390943288803101,0.6588096618652344,-0.15676698088645935,0,0
57,RIGHT_INDEX,0.5161193013191223,0.5407935380935669,0.1194460317492485,0,0
57,LEFT_THUMB,0.5383758544921875,0.6544487476348877,-0.14435157179832458,0,0
57,RIGHT_THUMB,0.5167940855026245,0.542026937007904,0.11499170958995819,0,0
57,LEFT_HIP,0.5357398390769958,0.6505311727523804,-0.04744217172265053,0,0
57,RIGHT_HIP,0.5503100156784058,0.6508610844612122,0.04742230474948883,0,0
57,LEFT_KNEE,0.5152344107627869,0.7181771993637085,-0.025152219459414482,0,0
57,RIGHT_KNEE,0.5425259470939636,0.7121043801307678,0.08589991182088852,0,0
57,LEFT_ANKLE,0.5387385487556458,0.794114351272583,0.00710004149004817,0,0
57,RIGHT_ANKLE,0.5459812879562378,0.7911507487297058,0.11641132831573486,0,0
57,LEFT_HEEL,0.5446579456329346,0.805517852306366,0.010510263964533806,0,0
57,RIGHT_HEEL,0.5508355498313904,0.8046798706054688,0.11841173470020294,0,0
57,LEFT_FOOT_INDEX,0.5274361371994019,0.8141941428184509,-0.0001619405666133389,0,0
57,RIGHT_FOOT_INDEX,0.534698486328125,0.8088622093200684,0.10566237568855286,0,0
58,NOSE,0.5369613170623779,0.48377758264541626,0.05964871123433113,0,0
58,LEFT_EYE_INNER,0.5356582403182983,0.4781723618507385,0.044653184711933136,0,0
58,LEFT_EYE,0.5345748662948608,0.4784391522407532,0.0446348674595356,0,0
58,LEFT_EYE_OUTER,0.5334456562995911,0.47878164052963257,0.04462399706244469,0,0
58,RIGHT_EYE_INNER,0.5392382740974426,0.4777638614177704,0.054718829691410065,0,0
58,RIGHT_EYE,0.540594756603241,0.47777286171913147,0.054730262607336044,0,0
58,RIGHT_EYE_OUTER,0.5419948697090149,0.47789764404296875,0.05468166247010231,0,0
58,LEFT_EAR,0.5330817699432373,0.4831761121749878,-0.011638457886874676,0,0
58,RIGHT_EAR,0.5452640652656555,0.48215246200561523,0.03360927477478981,0,0
58,MOUTH_LEFT,0.5358133316040039,0.49062201380729675,0.04147133603692055,0,0
58,MOUTH_RIGHT,0.539425790309906,0.49025964736938477,0.05404668301343918,0,0
58,LEFT_SHOULDER,0.5321033000946045,0.525097668170929,-0.07507362216711044,0,0
58,RIGHT_SHOULDER,0.555043637752533,0.5227873921394348,0.05725003033876419,0,0
58,LEFT_ELBOW,0.5371043682098389,0.5819827318191528,-0.10527103394269943,0,0
58,RIGHT_ELBOW,0.5531659722328186,0.5832642912864685,0.0648769810795784,0,0
58,LEFT_WRIST,0.5301182866096497,0.6419275403022766,-0.09954769164323807,0,0
58,RIGHT_WRIST,0.5447075366973877,0.6238853335380554,0.05413049831986427,0,0
58,LEFT_PINKY,0.530038058757782,0.6586200594902039,-0.1104123666882515,0,0
58,RIGHT_PINKY,0.544279932975769,0.6361972689628601,0.057193443179130554,0,0
58,LEFT_INDEX,0.5288222432136536,0.6588829755783081,-0.10762420296669006,0,0
58,RIGHT_INDEX,0.5416286587715149,0.6351931095123291,0.046796683222055435,0,0
58,LEFT_THUMB,0.5290940999984741,0.6540696024894714,-0.09818906337022781,0,0
58,RIGHT_THUMB,0.5408905148506165,0.6307284832000732,0.049091123044490814,0,0
58,LEFT_HIP,0.5354936718940735,0.6495847105979919,-0.044579170644283295,0,0
58,RIGHT_HIP,0.5512557625770569,0.6502806544303894,0.0445292703807354,0,0
58,LEFT_KNEE,0.5182339549064636,0.7179906368255615,-0.019049346446990967,0,0
58,RIGHT_KNEE,0.5429493188858032,0.7121179699897766,0.07728261500597,0,0
58,LEFT_ANKLE,0.5381727814674377,0.7951405048370361,0.009706075303256512,0,0
58,RIGHT_ANKLE,0.5462117791175842,0.7913005948066711,0.11238538473844528,0,0
58,LEFT_HEEL,0.5422350764274597,0.8089525103569031,0.011987232603132725,0,0
58,RIGHT_HEEL,0.551033616065979,0.8048703074455261,0.11597096920013428,0,0
58,LEFT_FOOT_INDEX,0.5284544229507446,0.8097154498100281,-0.002421473851427436,0,0
58,RIGHT_FOOT_INDEX,0.5377340316772461,0.7976747155189514,0.09985867142677307,0,0
59,NOSE,0.5371809005737305,0.48181983828544617,0.07446938008069992,0,0
59,LEFT_EYE_INNER,0.5357864499092102,0.475471556186676,0.058531615883111954,0,0
59,LEFT_EYE,0.534717321395874,0.47562161087989807,0.05851886793971062,0,0
59,LEFT_EYE_OUTER,0.5336154699325562,0.4758969247341156,0.05850660428404808,0,0
59,RIGHT_EYE_INNER,0.539347231388092,0.475059449672699,0.06713620573282242,0,0
59,RIGHT_EYE,0.5407041907310486,0.4749750792980194,0.06713322550058365,0,0
59,RIGHT_EYE_OUTER,0.5421415567398071,0.4750358760356903,0.06708697974681854,0,0
59,LEFT_EAR,0.5331507325172424,0.4802103638648987,0.0003412883379496634,0,0
59,RIGHT_EAR,0.5455060601234436,0.47914919257164,0.037619613111019135,0,0
59,MOUTH_LEFT,0.5360459089279175,0.48873820900917053,0.055526673793792725,0,0
59,MOUTH_RIGHT,0.5396568775177002,0.4886085093021393,0.06604144722223282,0,0
59,LEFT_SHOULDER,0.5299965739250183,0.5233218669891357,-0.059930019080638885,0,0
59,RIGHT_SHOULDER,0.5592461824417114,0.5236221551895142,0.05270341783761978,0,0
59,LEFT_ELBOW,0.5313371419906616,0.586016058921814,-0.07987599819898605,0,0
59,RIGHT_ELBOW,0.5596562623977661,0.5821536779403687,0.053631819784641266,0,0
59,LEFT_WRIST,0.5220493078231812,0.639306902885437,-0.057407669723033905,0,0
59,RIGHT_WRIST,0.5431190729141235,0.6150617003440857,0.04023122042417526,0,0
59,LEFT_PINKY,0.5208131074905396,0.6546189188957214,-0.06581331789493561,0,0
59,RIGHT_PINKY,0.5410433411598206,0.6254783868789673,0.042112644761800766,0,0
59,LEFT_INDEX,0.5200791954994202,0.6539015769958496,-0.06278005987405777,0,0
59,RIGHT_INDEX,0.538642942905426,0.6226307153701782,0.03320464864373207,0,0
59,LEFT_THUMB,0.5209554433822632,0.6493175625801086,-0.05566578358411789,0,0
59,RIGHT_THUMB,0.5384441018104553,0.6185615062713623,0.03550572320818901,0,0
59,LEFT_HIP,0.5345290899276733,0.645469605922699,-0.04056037217378616,0,0
59,RIGHT_HIP,0.5515593886375427,0.6457893252372742,0.040558140724897385,0,0
59,LEFT_KNEE,0.5227236151695251,0.7191886901855469,-0.021414058282971382,0,0
59,RIGHT_KNEE,0.5445281863212585,0.7117385268211365,0.07428800314664841,0,0
59,LEFT_ANKLE,0.5381416082382202,0.8001775145530701,-0.004115323536098003,0,0
59,RIGHT_ANKLE,0.5465384721755981,0.790649950504303,0.11124216765165329,0,0
59,LEFT_HEEL,0.5419129133224487,0.8157899379730225,-0.003291863249614835,0,0
59,RIGHT_HEEL,0.5500085353851318,0.8027502298355103,0.11516441404819489,0,0
59,LEFT_FOOT_INDEX,0.530544638633728,0.8118065595626831,-0.02318001165986061,0,0
59,RIGHT_FOOT_INDEX,0.5378822684288025,0.7971729636192322,0.09868714958429337,0,0
60,NOSE,0.5374078750610352,0.47863277792930603,0.07404221594333649,0,0
60,LEFT_EYE_INNER,0.5360659956932068,0.4716750681400299,0.05794156342744827,0,0
60,LEFT_EYE,0.5350127816200256,0.4718503952026367,0.05792848393321037,0,0
60,LEFT_EYE_OUTER,0.5339236855506897,0.4721333980560303,0.05791157856583595,0,0
60,RIGHT_EYE_INNER,0.5395686030387878,0.4713088274002075,0.06523129343986511,0,0
60,RIGHT_EYE,0.5409152507781982,0.47125738859176636,0.06522352248430252,0,0
60,RIGHT_EYE_OUTER,0.5423451662063599,0.47131699323654175,0.06517698615789413,0,0
60,LEFT_EAR,0.5334120988845825,0.4767889082431793,0.0018303899560123682,0,0
60,RIGHT_EAR,0.5457077026367188,0.4754786789417267,0.03400203213095665,0,0
60,MOUTH_LEFT,0.5362745523452759,0.485880583524704,0.056232620030641556,0,0
60,MOUTH_RIGHT,0.5398398637771606,0.4860636293888092,0.06496627628803253,0,0
60,LEFT_SHOULDER,0.5259068012237549,0.5204491019248962,-0.055524710565805435,0,0
60,RIGHT_SHOULDER,0.5629850625991821,0.5236188173294067,0.0465400293469429,0,0
60,LEFT_ELBOW,0.5248017311096191,0.584789514541626,-0.07027482241392136,0,0
60,RIGHT_ELBOW,0.5675153732299805,0.5799657702445984,0.06189705803990364,0,0
60,LEFT_WRIST,0.5168941617012024,0.636910617351532,-0.04081287607550621,0,0
60,RIGHT_WRIST,0.5473819971084595,0.6046093106269836,0.06212829798460007,0,0
60,LEFT_PINKY,0.514117956161499,0.65163254737854,-0.047518763691186905,0,0
60,RIGHT_PINKY,0.5434412360191345,0.6126578450202942,0.06714386492967606,0,0
60,LEFT_INDEX,0.5137240886688232,0.6516173481941223,-0.043798889964818954,0,0
60,RIGHT_INDEX,0.5413120985031128,0.6108132004737854,0.05579344183206558,0,0
60,LEFT_THUMB,0.5155526995658875,0.6474425196647644,-0.0386565737426281,0,0
60,RIGHT_THUMB,0.5419822931289673,0.6082598567008972,0.05726346746087074,0,0
60,LEFT_HIP,0.5330864787101746,0.6420755982398987,-0.03799246996641159,0,0
60,RIGHT_HIP,0.5516120791435242,0.6417861580848694,0.038000307977199554,0,0
60,LEFT_KNEE,0.5267605781555176,0.7211188673973083,-0.008169724605977535,0,0
60,RIGHT_KNEE,0.5464295148849487,0.7114801406860352,0.07530037313699722,0,0
60,LEFT_ANKLE,0.5382198095321655,0.802798330783844,0.01587740145623684,0,0
60,RIGHT_ANKLE,0.5464431047439575,0.7884572148323059,0.11966904252767563,0,0
60,LEFT_HEEL,0.5421631932258606,0.8200681209564209,0.017908116802573204,0,0
60,RIGHT_HEEL,0.5489679574966431,0.7995041012763977,0.12376360595226288,0,0
60,LEFT_FOOT_INDEX,0.5321047902107239,0.8129569292068481,0.00026605240418575704,0,0
60,RIGHT_FOOT_INDEX,0.5377825498580933,0.7937980890274048,0.11341500282287598,0,0
61,NOSE,0.5375317931175232,0.4780934751033783,0.0837116539478302,0,0
61,LEFT_EYE_INNER,0.5361668467521667,0.4710770547389984,0.06714735180139542,0,0
61,LEFT_EYE,0.5351194143295288,0.47118079662323,0.06713292002677917,0,0
61,LEFT_EYE_OUTER,0.5340366363525391,0.4713737666606903,0.06712618470191956,0,0
61,RIGHT_EYE_INNER,0.5396533608436584,0.470747172832489,0.07209984958171844,0,0
61,RIGHT_EYE,0.5409901142120361,0.47066056728363037,0.0720849558711052,0,0
61,RIGHT_EYE_OUTER,0.5424346327781677,0.47066086530685425,0.07203836739063263,0,0
61,LEFT_EAR,0.533517062664032,0.4756838083267212,0.010003998875617981,0,0
61,RIGHT_EAR,0.5458307862281799,0.474258154630661,0.032354939728975296,0,0
61,MOUTH_LEFT,0.5363739728927612,0.48485276103019714,0.06590099632740021,0,0
61,MOUTH_RIGHT,0.5399234890937805,0.48496851325035095,0.07162683457136154,0,0
61,LEFT_SHOULDER,0.5231459140777588,0.5179012417793274,-0.041531290858983994,0,0
61,RIGHT_SHOULDER,0.5645419359207153,0.5235167145729065,0.03537696599960327,0,0
61,LEFT_ELBOW,0.5189406871795654,0.5845786929130554,-0.04743051901459694,0,0
61,RIGHT_ELBOW,0.5712686777114868,0.5778536796569824,0.0606149360537529,0,0
61,LEFT_WRIST,0.5117905139923096,0.6283797025680542,-0.013388722203671932,0,0
61,RIGHT_WRIST,0.5502403974533081,0.6014735102653503,0.08635055273771286,0,0
61,LEFT_PINKY,0.5087509751319885,0.6451403498649597,-0.016901738941669464,0,0
61,RIGHT_PINKY,0.5465260744094849,0.6098269820213318,0.09350226074457169,0,0
61,LEFT_INDEX,0.5093318223953247,0.6437529921531677,-0.013786649331450462,0,0
61,RIGHT_INDEX,0.5441855192184448,0.6073493957519531,0.08719920367002487,0,0
61,LEFT_THUMB,0.5114500522613525,0.6379446983337402,-0.01123321708291769,0,0
61,RIGHT_THUMB,0.5450752973556519,0.6060643792152405,0.08419767767190933,0,0
61,LEFT_HIP,0.5322161912918091,0.6379712224006653,-0.030889756977558136,0,0
61,RIGHT_HIP,0.5519408583641052,0.6379762291908264,0.03085409477353096,0,0
61,LEFT_KNEE,0.5307250618934631,0.7215925455093384,-0.006107696332037449,0,0
61,RIGHT_KNEE,0.5481097102165222,0.7102658152580261,0.07453083992004395,0,0
61,LEFT_ANKLE,0.5387597680091858,0.8049384951591492,0.011370240710675716,0,0
61,RIGHT_ANKLE,0.5465739369392395,0.7875805497169495,0.11555803567171097,0,0
61,LEFT_HEEL,0.5423739552497864,0.8243620991706848,0.013576412573456764,0,0
61,RIGHT_HEEL,0.5486999154090881,0.7982072830200195,0.11893808096647263,0,0
61,LEFT_FOOT_INDEX,0.5328213572502136,0.8135632872581482,-0.0026432001031935215,0,0
61,RIGHT_FOOT_INDEX,0.5399472713470459,0.7935539484024048,0.11175687611103058,0,0
62,NOSE,0.5375473499298096,0.47601306438446045,0.10612090677022934,0,0
62,LEFT_EYE_INNER,0.5362881422042847,0.4693549871444702,0.08997964859008789,0,0
62,LEFT_EYE,0.5352179408073425,0.46941518783569336,0.08997832238674164,0,0
62,LEFT_EYE_OUTER,0.5341001749038696,0.46956345438957214,0.08997070789337158,0,0
62,RIGHT_EYE_INNER,0.5397176742553711,0.46922963857650757,0.09176211059093475,0,0
62,RIGHT_EYE,0.5410285592079163,0.4692453444004059,0.09174173325300217,0,0
62,RIGHT_EYE_OUTER,0.5424667596817017,0.46931666135787964,0.0916922464966774,0,0
62,LEFT_EAR,0.533261775970459,0.4740842580795288,0.03402024134993553,0,0
62,RIGHT_EAR,0.5458927750587463,0.47329363226890564,0.03972194716334343,0,0
62,MOUTH_LEFT,0.5364790558815002,0.48257654905319214,0.08901344984769821,0,0
62,MOUTH_RIGHT,0.5399411916732788,0.48292678594589233,0.09049340337514877,0,0
62,LEFT_SHOULDER,0.5194094181060791,0.5160360932350159,-0.01645052246749401,0,0
62,RIGHT_SHOULDER,0.5643187165260315,0.5234116315841675,0.03386389836668968,0,0
62,LEFT_ELBOW,0.51270991563797,0.5823138356208801,-0.019836638122797012,0,0
62,RIGHT_ELBOW,0.574235737323761,0.5768393278121948,0.04216583073139191,0,0
62,LEFT_WRIST,0.5103504061698914,0.6183573603630066,0.0112574752420187,0,0
62,RIGHT_WRIST,0.554128110408783,0.6010127663612366,0.06236552819609642,0,0
62,LEFT_PINKY,0.5085687637329102,0.6333657503128052,0.008989829570055008,0,0
62,RIGHT_PINKY,0.5495213866233826,0.609650194644928,0.0669466033577919,0,0
62,LEFT_INDEX,0.5092793703079224,0.6298490762710571,0.012199648655951023,0,0
62,RIGHT_INDEX,0.547111451625824,0.602135181427002,0.06600137054920197,0,0
62,LEFT_THUMB,0.5110307931900024,0.6239335536956787,0.013090376742184162,0,0
62,RIGHT_THUMB,0.5483604073524475,0.6007255911827087,0.062004972249269485,0,0
62,LEFT_HIP,0.5319511294364929,0.6370693445205688,-0.0267369132488966,0,0
62,RIGHT_HIP,0.5524386167526245,0.6362560987472534,0.02670334093272686,0,0
62,LEFT_KNEE,0.5331398844718933,0.7218586802482605,0.0014339329209178686,0,0
62,RIGHT_KNEE,0.5498501062393188,0.7103647589683533,0.08106718212366104,0,0
62,LEFT_ANKLE,0.5395935773849487,0.8061085343360901,0.01695610210299492,0,0
62,RIGHT_ANKLE,0.5467393398284912,0.7879744172096252,0.13292232155799866,0,0
62,LEFT_HEEL,0.5424867868423462,0.8264566659927368,0.01888161711394787,0,0
62,RIGHT_HEEL,0.5490083694458008,0.7990433573722839,0.13831688463687897,0,0
62,LEFT_FOOT_INDEX,0.5336959958076477,0.8142647743225098,0.007198174949735403,0,0
62,RIGHT_FOOT_INDEX,0.5419362783432007,0.7911219000816345,0.13683469593524933,0,0
63,NOSE,0.5376242995262146,0.4753745198249817,0.11500275135040283,0,0
63,LEFT_EYE_INNER,0.5363128185272217,0.46891677379608154,0.09807269275188446,0,0
63,LEFT_EYE,0.5351542234420776,0.46896910667419434,0.09806099534034729,0,0
63,LEFT_EYE_OUTER,0.5339573621749878,0.4690949022769928,0.09804389625787735,0,0
63,RIGHT_EYE_INNER,0.5397850871086121,0.46897780895233154,0.10033024102449417,0,0
63,RIGHT_EYE,0.5410630106925964,0.46908923983573914,0.10031882673501968,0,0
63,RIGHT_EYE_OUTER,0.542496919631958,0.4692520797252655,0.10028073936700821,0,0
63,LEFT_EAR,0.5329258441925049,0.47357434034347534,0.0401344932615757,0,0
63,RIGHT_EAR,0.5459153056144714,0.47340941429138184,0.04758673533797264,0,0
63,MOUTH_LEFT,0.5364710688591003,0.4815826416015625,0.0975198894739151,0,0
63,MOUTH_RIGHT,0.5400029420852661,0.48195281624794006,0.0995771586894989,0,0
63,LEFT_SHOULDER,0.5172398686408997,0.5161934494972229,-0.01518611703068018,0,0
63,RIGHT_SHOULDER,0.5651862621307373,0.5236559510231018,0.038687627762556076,0,0
63,LEFT_ELBOW,0.5081818103790283,0.5805982947349548,-0.022025292739272118,0,0
63,RIGHT_ELBOW,0.5767335891723633,0.5767844915390015,0.025710204616189003,0,0
63,LEFT_WRIST,0.5103817582130432,0.6114150285720825,0.005875667091459036,0,0
63,RIGHT_WRIST,0.5572740435600281,0.5987949967384338,0.00784875638782978,0,0
63,LEFT_PINKY,0.5091492533683777,0.6231511831283569,0.0004238863766659051,0,0
63,RIGHT_PINKY,0.552525520324707,0.606765627861023,0.006395445670932531,0,0
63,LEFT_INDEX,0.5098636150360107,0.6191444396972656,0.00423574959859252,0,0
63,RIGHT_INDEX,0.5498759746551514,0.6011794209480286,0.0061095398850739,0,0
63,LEFT_THUMB,0.5114872455596924,0.6148593425750732,0.007826598361134529,0,0
63,RIGHT_THUMB,0.5510801076889038,0.5994035601615906,0.006640201900154352,0,0
63,LEFT_HIP,0.5319763422012329,0.6378888487815857,-0.027837293222546577,0,0
63,RIGHT_HIP,0.5533667206764221,0.6372801661491394,0.02780686505138874,0,0
63,LEFT_KNEE,0.533406674861908,0.7231425642967224,0.01545661874115467,0,0
63,RIGHT_KNEE,0.5513430833816528,0.710394024848938,0.09547841548919678,0,0
63,LEFT_ANKLE,0.5404955148696899,0.8077507019042969,0.0470769889652729,0,0
63,RIGHT_ANKLE,0.5489344000816345,0.7880429029464722,0.1604129523038864,0,0
63,LEFT_HEEL,0.5426148772239685,0.8285021781921387,0.05085897818207741,0,0
63,RIGHT_HEEL,0.5495993494987488,0.7995530366897583,0.16734753549098969,0,0
63,LEFT_FOOT_INDEX,0.5341699719429016,0.8169687986373901,0.041341375559568405,0,0
63,RIGHT_FOOT_INDEX,0.5425549149513245,0.7931580543518066,0.1659621298313141,0,0
64,NOSE,0.5379124283790588,0.47518694400787354,0.11206019669771194,0,0
64,LEFT_EYE_INNER,0.5363227725028992,0.46869468688964844,0.09539199620485306,0,0
64,LEFT_EYE,0.53522127866745,0.4687868058681488,0.09538127481937408,0,0
64,LEFT_EYE_OUTER,0.5339853167533875,0.46895647048950195,0.09536601603031158,0,0
64,RIGHT_EYE_INNER,0.5402345061302185,0.4688657522201538,0.09671775251626968,0,0
64,RIGHT_EYE,0.5416169762611389,0.46903690695762634,0.09671170264482498,0,0
64,RIGHT_EYE_OUTER,0.5430241227149963,0.46923813223838806,0.09666833281517029,0,0
64,LEFT_EAR,0.5326570868492126,0.47354593873023987,0.038696449249982834,0,0
64,RIGHT_EAR,0.5460978746414185,0.47347283363342285,0.043467871844768524,0,0
64,MOUTH_LEFT,0.5365191698074341,0.4814842641353607,0.09521611034870148,0,0
64,MOUTH_RIGHT,0.5402606725692749,0.4819176495075226,0.09617450088262558,0,0
64,LEFT_SHOULDER,0.515546441078186,0.5172606706619263,-0.013669676147401333,0,0
64,RIGHT_SHOULDER,0.5643886923789978,0.5236451625823975,0.03359955921769142,0,0
64,LEFT_ELBOW,0.50273597240448,0.5801507830619812,-0.0093409214168787,0,0
64,RIGHT_ELBOW,0.5775659680366516,0.5766819715499878,0.03206006437540054,0,0
64,LEFT_WRIST,0.5121704936027527,0.6032406091690063,0.027907591313123703,0,0
64,RIGHT_WRIST,0.5582262873649597,0.5975679159164429,0.03842979669570923,0,0
64,LEFT_PINKY,0.5120903253555298,0.6112298965454102,0.0256245918571949,0,0
64,RIGHT_PINKY,0.5526545643806458,0.6061924695968628,0.040971312671899796,0,0
64,LEFT_INDEX,0.513337254524231,0.6070854663848877,0.028685467317700386,0,0
64,RIGHT_INDEX,0.5502415299415588,0.5998113751411438,0.03971705585718155,0,0
64,LEFT_THUMB,0.5142642855644226,0.6038392186164856,0.029860636219382286,0,0
64,RIGHT_THUMB,0.5518000721931458,0.5966273546218872,0.03776586800813675,0,0
64,LEFT_HIP,0.5318054556846619,0.6386972665786743,-0.02610616199672222,0,0
64,RIGHT_HIP,0.5543429255485535,0.6379376649856567,0.02606305666267872,0,0
64,LEFT_KNEE,0.5334177613258362,0.7250087261199951,0.02004445530474186,0,0
64,RIGHT_KNEE,0.5524782538414001,0.7104718685150146,0.1003817543387413,0,0
64,LEFT_ANKLE,0.5408493876457214,0.8091681599617004,0.05389029160141945,0,0
64,RIGHT_ANKLE,0.5515493750572205,0.788357675075531,0.16715016961097717,0,0
64,LEFT_HEEL,0.5427878499031067,0.830252468585968,0.05836974456906319,0,0
64,RIGHT_HEEL,0.5513731837272644,0.8003142476081848,0.17464841902256012,0,0
64,LEFT_FOOT_INDEX,0.5347158312797546,0.8169640898704529,0.054255206137895584,0,0
64,RIGHT_FOOT_INDEX,0.5446347594261169,0.7922621369361877,0.17738300561904907,0,0
65,NOSE,0.5383221507072449,0.47476959228515625,0.11106584221124649,0,0
65,LEFT_EYE_INNER,0.5364749431610107,0.4684310555458069,0.09455104917287827,0,0
65,LEFT_EYE,0.5352317094802856,0.4685283899307251,0.09454403817653656,0,0
65,LEFT_EYE_OUTER,0.5340383052825928,0.46869149804115295,0.09452805668115616,0,0
65,RIGHT_EYE_INNER,0.5407066941261292,0.46852245926856995,0.09556498378515244,0,0
65,RIGHT_EYE,0.5420523881912231,0.46867313981056213,0.0955648347735405,0,0
65,RIGHT_EYE_OUTER,0.5434814095497131,0.46884822845458984,0.09553197771310806,0,0
65,LEFT_EAR,0.5324524641036987,0.47333651781082153,0.03864116966724396,0,0
65,RIGHT_EAR,0.5463810563087463,0.4732290506362915,0.042010340839624405,0,0
65,MOUTH_LEFT,0.5365927219390869,0.48120275139808655,0.09459982067346573,0,0
65,MOUTH_RIGHT,0.540688693523407,0.4815552234649658,0.09526298195123672,0,0
65,LEFT_SHOULDER,0.5147162675857544,0.5193175673484802,-0.011351117864251137,0,0
65,RIGHT_SHOULDER,0.5640485882759094,0.5241650342941284,0.03015979193150997,0,0
65,LEFT_ELBOW,0.5005320906639099,0.5800334215164185,-0.0060176970437169075,0,0
65,RIGHT_ELBOW,0.577184796333313,0.5782314538955688,0.026584042236208916,0,0
65,LEFT_WRIST,0.5149005055427551,0.6023349165916443,0.027635451406240463,0,0
65,RIGHT_WRIST,0.557195782661438,0.5971636772155762,0.029391657561063766,0,0
65,LEFT_PINKY,0.5143995881080627,0.6098371148109436,0.0251007117331028,0,0
65,RIGHT_PINKY,0.5508263111114502,0.6056798100471497,0.030718540772795677,0,0
65,LEFT_INDEX,0.5144233107566833,0.6045997142791748,0.026908645406365395,0,0
65,RIGHT_INDEX,0.547988772392273,0.5998578071594238,0.03095993958413601,0,0
65,LEFT_THUMB,0.5157665014266968,0.6013068556785583,0.02881324291229248,0,0
65,RIGHT_THUMB,0.5496349334716797,0.5966320633888245,0.029228605329990387,0,0
65,LEFT_HIP,0.5311999917030334,0.6397503614425659,-0.023933183401823044,0,0
65,RIGHT_HIP,0.5542780160903931,0.6381176710128784,0.023905156180262566,0,0
65,LEFT_KNEE,0.533478856086731,0.7255063652992249,0.022211095318198204,0,0
65,RIGHT_KNEE,0.5535614490509033,0.7107211351394653,0.1005103588104248,0,0
65,LEFT_ANKLE,0.5412243604660034,0.8105089068412781,0.057361554354429245,0,0
65,RIGHT_ANKLE,0.5541653037071228,0.789710283279419,0.16756272315979004,0,0
65,LEFT_HEEL,0.5431864261627197,0.831106424331665,0.061807598918676376,0,0
65,RIGHT_HEEL,0.5535602569580078,0.8018150925636292,0.17509910464286804,0,0
65,LEFT_FOOT_INDEX,0.5357162952423096,0.8159887790679932,0.056395504623651505,0,0
65,RIGHT_FOOT_INDEX,0.5468369126319885,0.7931084036827087,0.17750337719917297,0,0
66,NOSE,0.538637101650238,0.47477203607559204,0.1130746528506279,0,0
66,LEFT_EYE_INNER,0.5366900563240051,0.46854647994041443,0.09665195643901825,0,0
66,LEFT_EYE,0.5353413820266724,0.46869441866874695,0.09664919227361679,0,0
66,LEFT_EYE_OUTER,0.5340492129325867,0.46889838576316833,0.09663541615009308,0,0
66,RIGHT_EYE_INNER,0.5410363674163818,0.468464195728302,0.0972113162279129,0,0
66,RIGHT_EYE,0.542401134967804,0.4685714840888977,0.09721244871616364,0,0
66,RIGHT_EYE_OUTER,0.5439050793647766,0.46869319677352905,0.09718193858861923,0,0
66,LEFT_EAR,0.5325100421905518,0.47353461384773254,0.040901169180870056,0,0
66,RIGHT_EAR,0.5466719269752502,0.473113477230072,0.041951339691877365,0,0
66,MOUTH_LEFT,0.5367804169654846,0.48132023215293884,0.09672710299491882,0,0
66,MOUTH_RIGHT,0.5410642027854919,0.4816620945930481,0.09678900986909866,0,0
66,LEFT_SHOULDER,0.5158408284187317,0.5201609134674072,-0.005470409523695707,0,0
66,RIGHT_SHOULDER,0.5643376111984253,0.5250674486160278,0.02655916102230549,0,0
66,LEFT_ELBOW,0.5008670687675476,0.5798908472061157,0.0001081836671801284,0,0
66,RIGHT_ELBOW,0.5767567753791809,0.5815604329109192,0.022249644622206688,0,0
66,LEFT_WRIST,0.5162742733955383,0.6016197204589844,0.03140191361308098,0,0
66,RIGHT_WRIST,0.5576270222663879,0.597688615322113,0.026026738807559013,0,0
66,LEFT_PINKY,0.5214788317680359,0.6080425977706909,0.02916312776505947,0,0
66,RIGHT_PINKY,0.5511900782585144,0.6058070063591003,0.027073079720139503,0,0
66,LEFT_INDEX,0.5229000449180603,0.6021726131439209,0.03051810711622238,0,0
66,RIGHT_INDEX,0.5481947064399719,0.5999692678451538,0.02772742696106434,0,0
66,LEFT_THUMB,0.5218285918235779,0.5991786122322083,0.032304584980010986,0,0
66,RIGHT_THUMB,0.5498502850532532,0.5966671705245972,0.02609213814139366,0,0
66,LEFT_HIP,0.5312421321868896,0.6411188244819641,-0.019505441188812256,0,0
66,RIGHT_HIP,0.5544303059577942,0.6384660005569458,0.019466694444417953,0,0
66,LEFT_KNEE,0.533974289894104,0.7254785895347595,0.031578827649354935,0,0
66,RIGHT_KNEE,0.554541826248169,0.7115039229393005,0.09535347670316696,0,0
66,LEFT_ANKLE,0.5412810444831848,0.8121342658996582,0.07127707451581955,0,0
66,RIGHT_ANKLE,0.5565846562385559,0.7943878769874573,0.15876224637031555,0,0
66,LEFT_HEEL,0.543215811252594,0.8314255475997925,0.07616136223077774,0,0
66,RIGHT_HEEL,0.5552862286567688,0.8079853653907776,0.16601474583148956,0,0
66,LEFT_FOOT_INDEX,0.5355681777000427,0.8162165284156799,0.07257803529500961,0,0
66,RIGHT_FOOT_INDEX,0.549555778503418,0.8007230162620544,0.16750723123550415,0,0
67,NOSE,0.5394571423530579,0.47445932030677795,0.10495973378419876,0,0
67,LEFT_EYE_INNER,0.5373808145523071,0.4682711958885193,0.08903755992650986,0,0
67,LEFT_EYE,0.5359095335006714,0.46843743324279785,0.08904126286506653,0,0
67,LEFT_EYE_OUTER,0.5344705581665039,0.46866509318351746,0.08903194963932037,0,0
67,RIGHT_EYE_INNER,0.541734516620636,0.46816205978393555,0.0892045870423317,0,0
67,RIGHT_EYE,0.5431033968925476,0.46825817227363586,0.08920402079820633,0,0
67,RIGHT_EYE_OUTER,0.5446191430091858,0.4683622419834137,0.08916835486888885,0,0
67,LEFT_EAR,0.5325437784194946,0.47343745827674866,0.036110155284404755,0,0
67,RIGHT_EAR,0.5469690561294556,0.47281911969184875,0.03400607407093048,0,0
67,MOUTH_LEFT,0.5373147130012512,0.4811006784439087,0.08975564688444138,0,0
67,MOUTH_RIGHT,0.5417465567588806,0.4813745617866516,0.0892195776104927,0,0
67,LEFT_SHOULDER,0.5162686109542847,0.5206533074378967,0.000835789367556572,0,0
67,RIGHT_SHOULDER,0.5642808675765991,0.5251181721687317,0.012368745170533657,0,0
67,LEFT_ELBOW,0.5027527809143066,0.5805242657661438,0.02167392149567604,0,0
67,RIGHT_ELBOW,0.5765437483787537,0.5833141207695007,0.028009330853819847,0,0
67,LEFT_WRIST,0.5220633745193481,0.5993736386299133,0.06562931835651398,0,0
67,RIGHT_WRIST,0.5577748417854309,0.5978966355323792,0.0648505911231041,0,0
67,LEFT_PINKY,0.5273776650428772,0.6047484874725342,0.06745659559965134,0,0
67,RIGHT_PINKY,0.5517470240592957,0.6053537130355835,0.07111899554729462,0,0
67,LEFT_INDEX,0.5297685265541077,0.5990654826164246,0.06753171235322952,0,0
67,RIGHT_INDEX,0.5489587187767029,0.5997672080993652,0.07102250307798386,0,0
67,LEFT_THUMB,0.528226912021637,0.5961611866950989,0.0663989707827568,0,0
67,RIGHT_THUMB,0.5504352450370789,0.5965486168861389,0.06611165404319763,0,0
67,LEFT_HIP,0.5310235619544983,0.6422176361083984,-0.00944636482745409,0,0
67,RIGHT_HIP,0.554541826248169,0.6393966674804688,0.009377255104482174,0,0
67,LEFT_KNEE,0.5344560742378235,0.7253508567810059,0.040375009179115295,0,0
67,RIGHT_KNEE,0.5564501285552979,0.7128951549530029,0.07905103266239166,0,0
67,LEFT_ANKLE,0.5412617921829224,0.8131727576255798,0.07968123257160187,0,0
67,RIGHT_ANKLE,0.5590888261795044,0.8009564280509949,0.13756616413593292,0,0
67,LEFT_HEEL,0.5432499647140503,0.8313055634498596,0.08455285429954529,0,0
67,RIGHT_HEEL,0.5569894313812256,0.815359890460968,0.14495153725147247,0,0
67,LEFT_FOOT_INDEX,0.5359887480735779,0.8162471055984497,0.08408145606517792,0,0
67,RIGHT_FOOT_INDEX,0.5550506114959717,0.8016055226325989,0.1540706604719162,0,0
68,NOSE,0.5405653715133667,0.47457218170166016,0.0993950292468071,0,0
68,LEFT_EYE_INNER,0.5384835600852966,0.46829891204833984,0.08370492607355118,0,0
68,LEFT_EYE,0.5369282960891724,0.4684338867664337,0.08370806276798248,0,0
68,LEFT_EYE_OUTER,0.5354188084602356,0.4686308205127716,0.08369942009449005,0,0
68,RIGHT_EYE_INNER,0.5426796078681946,0.46820950508117676,0.08787091821432114,0,0
68,RIGHT_EYE,0.5440346002578735,0.46828562021255493,0.08786889165639877,0,0
68,RIGHT_EYE_OUTER,0.545479416847229,0.46837425231933594,0.08782757073640823,0,0
68,LEFT_EAR,0.5329514145851135,0.4733421504497528,0.03313000872731209,0,0
68,RIGHT_EAR,0.5473552942276001,0.4727182388305664,0.02556128427386284,0,0
68,MOUTH_LEFT,0.5383776426315308,0.4811404049396515,0.08440583199262619,0,0
68,MOUTH_RIGHT,0.5426546335220337,0.48144328594207764,0.08849237859249115,0,0
68,LEFT_SHOULDER,0.5162332653999329,0.5212861895561218,0.005886535160243511,0,0
68,RIGHT_SHOULDER,0.5640681385993958,0.5251286625862122,0.0037742096465080976,0,0
68,LEFT_ELBOW,0.504275918006897,0.5811692476272583,0.038152359426021576,0,0
68,RIGHT_ELBOW,0.5752118229866028,0.5863975882530212,0.03364422172307968,0,0
68,LEFT_WRIST,0.5249987244606018,0.6009678244590759,0.09229720383882523,0,0
68,RIGHT_WRIST,0.5573766827583313,0.5980863571166992,0.112250417470932,0,0
68,LEFT_PINKY,0.5300750732421875,0.6070470809936523,0.09717695415019989,0,0
68,RIGHT_PINKY,0.551769495010376,0.6051629185676575,0.12295325845479965,0,0
68,LEFT_INDEX,0.5324376225471497,0.6012869477272034,0.09637009352445602,0,0
68,RIGHT_INDEX,0.5489971041679382,0.5996418595314026,0.12224526703357697,0,0
68,LEFT_THUMB,0.5309033989906311,0.5981231927871704,0.09304861724376678,0,0
68,RIGHT_THUMB,0.5502512454986572,0.5964625477790833,0.1142643392086029,0,0
68,LEFT_HIP,0.5308558940887451,0.6426761150360107,-0.002318025566637516,0,0
68,RIGHT_HIP,0.5547156929969788,0.6405138373374939,0.002213339088484645,0,0
68,LEFT_KNEE,0.5346600413322449,0.725221574306488,0.04739413037896156,0,0
68,RIGHT_KNEE,0.5585214495658875,0.7142937183380127,0.06906480342149734,0,0
68,LEFT_ANKLE,0.5412384271621704,0.8136058449745178,0.08753785490989685,0,0
68,RIGHT_ANKLE,0.5607625842094421,0.8049933314323425,0.12291036546230316,0,0
68,LEFT_HEEL,0.5432218909263611,0.8306299448013306,0.0926337018609047,0,0
68,RIGHT_HEEL,0.5577799677848816,0.8200739622116089,0.12951892614364624,0,0
68,LEFT_FOOT_INDEX,0.5365114808082581,0.8164547085762024,0.09456324577331543,0,0
68,RIGHT_FOOT_INDEX,0.5599535703659058,0.8107120990753174,0.1338781863451004,0,0
69,NOSE,0.5415976643562317,0.47466859221458435,0.09300180524587631,0,0
69,LEFT_EYE_INNER,0.5396041870117188,0.46818411350250244,0.07815909385681152,0,0
69,LEFT_EYE,0.5380368828773499,0.4682704508304596,0.07817769795656204,0,0
69,LEFT_EYE_OUTER,0.5364541411399841,0.46842634677886963,0.07817792147397995,0,0
69,RIGHT_EYE_INNER,0.5437861084938049,0.46814247965812683,0.07580859214067459,0,0
69,RIGHT_EYE,0.5451614856719971,0.4681932330131531,0.0758041962981224,0,0
69,RIGHT_EYE_OUTER,0.546615719795227,0.468246191740036,0.07576147466897964,0,0
69,LEFT_EAR,0.5338222980499268,0.4730997085571289,0.030527418479323387,0,0
69,RIGHT_EAR,0.5481464266777039,0.4725255072116852,0.017989229410886765,0,0
69,MOUTH_LEFT,0.5394901037216187,0.48120319843292236,0.0818929523229599,0,0
69,MOUTH_RIGHT,0.5436538457870483,0.4815438687801361,0.07734672725200653,0,0
69,LEFT_SHOULDER,0.5166800618171692,0.521452009677887,0.008646027185022831,0,0
69,RIGHT_SHOULDER,0.5641886591911316,0.5251869559288025,-0.006173999980092049,0,0
69,LEFT_ELBOW,0.5062308311462402,0.5828048586845398,0.04443925619125366,0,0
69,RIGHT_ELBOW,0.5739845633506775,0.5893189907073975,0.03175870329141617,0,0
69,LEFT_WRIST,0.5267104506492615,0.6002165675163269,0.09968426823616028,0,0
69,RIGHT_WRIST,0.5568808913230896,0.5987236499786377,0.10957697033882141,0,0
69,LEFT_PINKY,0.5315696597099304,0.6056958436965942,0.10541927069425583,0,0
69,RIGHT_PINKY,0.5517745614051819,0.6056509017944336,0.12031050771474838,0,0
69,LEFT_INDEX,0.5337733626365662,0.6003820300102234,0.10391778498888016,0,0
69,RIGHT_INDEX,0.5488212704658508,0.5998745560646057,0.11856193095445633,0,0
69,LEFT_THUMB,0.532221257686615,0.5974515676498413,0.10020332038402557,0,0
69,RIGHT_THUMB,0.5499429702758789,0.5965551137924194,0.11127056926488876,0,0
69,LEFT_HIP,0.5306686162948608,0.6432713270187378,0.006153011228889227,0,0
69,RIGHT_HIP,0.5547623038291931,0.6412370204925537,-0.006249005440622568,0,0
69,LEFT_KNEE,0.5350324511528015,0.7251212000846863,0.05090155452489853,0,0
69,RIGHT_KNEE,0.5603180527687073,0.7154635190963745,0.0534370094537735,0,0
69,LEFT_ANKLE,0.5412264466285706,0.8132754564285278,0.08807159960269928,0,0
69,RIGHT_ANKLE,0.5622363686561584,0.8077870607376099,0.1002134308218956,0,0
69,LEFT_HEEL,0.5432170629501343,0.8305003046989441,0.0926901176571846,0,0
69,RIGHT_HEEL,0.5584537386894226,0.8229520320892334,0.10587882995605469,0,0
69,LEFT_FOOT_INDEX,0.5378674268722534,0.8185606002807617,0.09335324168205261,0,0
69,RIGHT_FOOT_INDEX,0.5657904148101807,0.8189768195152283,0.10582523047924042,0,0
70,NOSE,0.5430413484573364,0.4746518135070801,0.09044341742992401,0,0
70,LEFT_EYE_INNER,0.5410491824150085,0.46784508228302,0.07632787525653839,0,0
70,LEFT_EYE,0.5395824313163757,0.4678349196910858,0.07634953409433365,0,0
70,LEFT_EYE_OUTER,0.5380247235298157,0.4679107964038849,0.07634956389665604,0,0
70,RIGHT_EYE_INNER,0.5451533198356628,0.4679240584373474,0.07282940298318863,0,0
70,RIGHT_EYE,0.546523928642273,0.4679630398750305,0.0728219598531723,0,0
70,RIGHT_EYE_OUTER,0.5480468273162842,0.46797627210617065,0.07277783006429672,0,0
70,LEFT_EAR,0.5351869463920593,0.4725162386894226,0.02989587001502514,0,0
70,RIGHT_EAR,0.549330472946167,0.47213801741600037,0.017652271315455437,0,0
70,MOUTH_LEFT,0.5410013794898987,0.4811089336872101,0.08135537058115005,0,0
70,MOUTH_RIGHT,0.5450108051300049,0.48155567049980164,0.07428202778100967,0,0
70,LEFT_SHOULDER,0.5171406865119934,0.5214086771011353,0.01693098619580269,0,0
70,RIGHT_SHOULDER,0.5643694996833801,0.525174081325531,-0.008728284388780594,0,0
70,LEFT_ELBOW,0.506783127784729,0.5836700201034546,0.060167115181684494,0,0
70,RIGHT_ELBOW,0.5734602212905884,0.5916017293930054,0.0323948860168457,0,0
70,LEFT_WRIST,0.5281532406806946,0.6001071929931641,0.12238142639398575,0,0
70,RIGHT_WRIST,0.5569674968719482,0.5984847545623779,0.1150067150592804,0,0
70,LEFT_PINKY,0.5327938795089722,0.6055753827095032,0.13046935200691223,0,0
70,RIGHT_PINKY,0.5522279143333435,0.6049041152000427,0.12615595757961273,0,0
70,LEFT_INDEX,0.5349873304367065,0.6005923748016357,0.12820565700531006,0,0
70,RIGHT_INDEX,0.5492870807647705,0.597663402557373,0.12429731339216232,0,0
70,LEFT_THUMB,0.5333932638168335,0.597862958908081,0.12284629791975021,0,0
70,RIGHT_THUMB,0.550308883190155,0.5950772762298584,0.11683357506990433,0,0
70,LEFT_HIP,0.5305612087249756,0.6438605189323425,0.013322151266038418,0,0
70,RIGHT_HIP,0.5547816157341003,0.6419183611869812,-0.013403955847024918,0,0
70,LEFT_KNEE,0.5360510945320129,0.7250491380691528,0.05322505906224251,0,0
70,RIGHT_KNEE,0.5623172521591187,0.716937243938446,0.03600752353668213,0,0
70,LEFT_ANKLE,0.5412195920944214,0.8135841488838196,0.08766160905361176,0,0
70,RIGHT_ANKLE,0.5628932118415833,0.8102063536643982,0.07153870165348053,0,0
70,LEFT_HEEL,0.5431146621704102,0.8301947116851807,0.09187918156385422,0,0
70,RIGHT_HEEL,0.5583416819572449,0.825583815574646,0.07580921053886414,0,0
70,LEFT_FOOT_INDEX,0.539021909236908,0.8209938406944275,0.09161240607500076,0,0
70,RIGHT_FOOT_INDEX,0.572248101234436,0.825005054473877,0.07293369621038437,0,0
71,NOSE,0.5451341867446899,0.4744269549846649,0.0846494659781456,0,0
71,LEFT_EYE_INNER,0.5428263545036316,0.4672917127609253,0.07014887034893036,0,0
71,LEFT_EYE,0.5414111614227295,0.4672037959098816,0.07016395777463913,0,0
71,LEFT_EYE_OUTER,0.5400187373161316,0.46721670031547546,0.07016011327505112,0,0
71,RIGHT_EYE_INNER,0.5468152761459351,0.4675898849964142,0.0670703575015068,0,0
71,RIGHT_EYE,0.5482460856437683,0.4676704704761505,0.06706197559833527,0,0
71,RIGHT_EYE_OUTER,0.5497274398803711,0.4677257537841797,0.0670214593410492,0,0
71,LEFT_EAR,0.5371867418289185,0.4717846214771271,0.025764573365449905,0,0
71,RIGHT_EAR,0.5507614612579346,0.47184470295906067,0.012257030233740807,0,0
71,MOUTH_LEFT,0.5432252883911133,0.4807809293270111,0.07389651238918304,0,0
71,MOUTH_RIGHT,0.546998143196106,0.4814203977584839,0.06861786544322968,0,0
71,LEFT_SHOULDER,0.5178387761116028,0.5210670232772827,0.01361024845391512,0,0
71,RIGHT_SHOULDER,0.5645093321800232,0.525142252445221,-0.01399158500134945,0,0
71,LEFT_ELBOW,0.5094316005706787,0.584019660949707,0.062292102724313736,0,0
71,RIGHT_ELBOW,0.5732009410858154,0.5908763408660889,0.030646391212940216,0,0
71,LEFT_WRIST,0.5297001004219055,0.5982574224472046,0.13132251799106598,0,0
71,RIGHT_WRIST,0.5580384135246277,0.5934002995491028,0.11531881988048553,0,0
71,LEFT_PINKY,0.5341932773590088,0.602915346622467,0.1403176337480545,0,0
71,RIGHT_PINKY,0.5561758279800415,0.6007357239723206,0.12632660567760468,0,0
71,LEFT_INDEX,0.5362988710403442,0.5976128578186035,0.1375436931848526,0,0
71,RIGHT_INDEX,0.5526419281959534,0.5925922393798828,0.12393830716609955,0,0
71,LEFT_THUMB,0.5345262289047241,0.595767080783844,0.1318502128124237,0,0
71,RIGHT_THUMB,0.552009642124176,0.590373158454895,0.11694327741861343,0,0
71,LEFT_HIP,0.5306066870689392,0.6448158621788025,0.0157437976449728,0,0
71,RIGHT_HIP,0.5547606945037842,0.6427880525588989,-0.0158273596316576,0,0
71,LEFT_KNEE,0.5364753007888794,0.7252044677734375,0.05777902156114578,0,0
71,RIGHT_KNEE,0.5641463398933411,0.7190738320350647,0.03214046731591225,0,0
71,LEFT_ANKLE,0.5412554144859314,0.8139150738716125,0.09296736121177673,0,0
71,RIGHT_ANKLE,0.5630502700805664,0.8116248846054077,0.06401710957288742,0,0
71,LEFT_HEEL,0.543100118637085,0.8298006653785706,0.09734131395816803,0,0
71,RIGHT_HEEL,0.5582055449485779,0.8266553282737732,0.06792303919792175,0,0
71,LEFT_FOOT_INDEX,0.5396112203598022,0.8219336867332458,0.09765775501728058,0,0
71,RIGHT_FOOT_INDEX,0.5753089189529419,0.8287314772605896,0.06440149992704391,0,0
72,NOSE,0.5476981997489929,0.4744623899459839,0.06833316385746002,0,0
72,LEFT_EYE_INNER,0.5450226068496704,0.46732866764068604,0.05438673123717308,0,0
72,LEFT_EYE,0.5435731410980225,0.4671933650970459,0.05439611151814461,0,0
72,LEFT_EYE_OUTER,0.5421095490455627,0.4671555161476135,0.05439019575715065,0,0
72,RIGHT_EYE_INNER,0.5489321947097778,0.46765831112861633,0.0506889671087265,0,0
72,RIGHT_EYE,0.5501927137374878,0.46773645281791687,0.050681330263614655,0,0
72,RIGHT_EYE_OUTER,0.5514625906944275,0.46779271960258484,0.050634630024433136,0,0
72,LEFT_EAR,0.5388795137405396,0.47165367007255554,0.01302315667271614,0,0
72,RIGHT_EAR,0.5519432425498962,0.47188228368759155,-0.0037967462558299303,0,0
72,MOUTH_LEFT,0.5455884337425232,0.480852872133255,0.05783334746956825,0,0
72,MOUTH_RIGHT,0.5493019223213196,0.4814700186252594,0.052583690732717514,0,0
72,LEFT_SHOULDER,0.5191316604614258,0.5210140943527222,0.010094759985804558,0,0
72,RIGHT_SHOULDER,0.5644943714141846,0.5251143574714661,-0.03346945345401764,0,0
72,LEFT_ELBOW,0.5124597549438477,0.584187924861908,0.0642322227358818,0,0
72,RIGHT_ELBOW,0.5730454325675964,0.5925174355506897,0.009161482565104961,0,0
72,LEFT_WRIST,0.532079815864563,0.5932264924049377,0.1320037692785263,0,0
72,RIGHT_WRIST,0.5616070628166199,0.5912669897079468,0.10127083957195282,0,0
72,LEFT_PINKY,0.5336161851882935,0.6005069017410278,0.14196781814098358,0,0
72,RIGHT_PINKY,0.5601741671562195,0.5951966047286987,0.10804428905248642,0,0
72,LEFT_INDEX,0.5393161177635193,0.5921869874000549,0.1374422162771225,0,0
72,RIGHT_INDEX,0.5581209659576416,0.5891778469085693,0.10541243851184845,0,0
72,LEFT_THUMB,0.5375199913978577,0.5931165814399719,0.1318940967321396,0,0
72,RIGHT_THUMB,0.5565406084060669,0.5870633721351624,0.10024747997522354,0,0
72,LEFT_HIP,0.5306465029716492,0.6468693017959595,0.02147933654487133,0,0
72,RIGHT_HIP,0.554803192615509,0.6448244452476501,-0.02155299112200737,0,0
72,LEFT_KNEE,0.5365248918533325,0.7255465388298035,0.06458821147680283,0,0
72,RIGHT_KNEE,0.5660379528999329,0.721540093421936,0.019018230959773064,0,0
72,LEFT_ANKLE,0.5412374138832092,0.8142096996307373,0.09671331942081451,0,0
72,RIGHT_ANKLE,0.5633012056350708,0.8127648234367371,0.047340188175439835,0,0
72,LEFT_HEEL,0.5430088043212891,0.8294811844825745,0.10057676583528519,0,0
72,RIGHT_HEEL,0.5582341551780701,0.8271714448928833,0.05089181661605835,0,0
72,LEFT_FOOT_INDEX,0.5399571657180786,0.8247331380844116,0.09987504780292511,0,0
72,RIGHT_FOOT_INDEX,0.5768560767173767,0.8334677815437317,0.04565046355128288,0,0
73,NOSE,0.5491954684257507,0.47489967942237854,0.06591851264238358,0,0
73,LEFT_EYE_INNER,0.5463144183158875,0.46739596128463745,0.05290745198726654,0,0
73,LEFT_EYE,0.544844388961792,0.4672714173793793,0.05291706323623657,0,0
73,LEFT_EYE_OUTER,0.5433142781257629,0.4672148823738098,0.052914585918188095,0,0
73,RIGHT_EYE_INNER,0.5502128601074219,0.467758446931839,0.04834657907485962,0,0
73,RIGHT_EYE,0.5513678193092346,0.4678652286529541,0.0483383908867836,0,0
73,RIGHT_EYE_OUTER,0.5525577664375305,0.46795135736465454,0.048292919993400574,0,0
73,LEFT_EAR,0.5398702621459961,0.47167590260505676,0.014480296522378922,0,0
73,RIGHT_EAR,0.5528237223625183,0.47190845012664795,-0.0057497345842421055,0,0
73,MOUTH_LEFT,0.5470937490463257,0.4811205267906189,0.05651290342211723,0,0
73,MOUTH_RIGHT,0.5506349205970764,0.48190662264823914,0.05029968172311783,0,0
73,LEFT_SHOULDER,0.5204204320907593,0.5210093259811401,0.018006768077611923,0,0
73,RIGHT_SHOULDER,0.5645020604133606,0.5250973701477051,-0.0365326888859272,0,0
73,LEFT_ELBOW,0.5165998935699463,0.5840252637863159,0.07662525773048401,0,0
73,RIGHT_ELBOW,0.5718734860420227,0.5941793322563171,0.006303052883595228,0,0
73,LEFT_WRIST,0.533280074596405,0.5906386375427246,0.14453668892383575,0,0
73,RIGHT_WRIST,0.5614765286445618,0.592634916305542,0.09480668604373932,0,0
73,LEFT_PINKY,0.5334464907646179,0.5996226072311401,0.1538408100605011,0,0
73,RIGHT_PINKY,0.5598369240760803,0.5990380644798279,0.10175729542970657,0,0
73,LEFT_INDEX,0.5379006862640381,0.5934635996818542,0.14946547150611877,0,0
73,RIGHT_INDEX,0.5569364428520203,0.5906808972358704,0.09988771378993988,0,0
73,LEFT_THUMB,0.5381557941436768,0.592391848564148,0.14433236420154572,0,0
73,RIGHT_THUMB,0.5555450320243835,0.5887443423271179,0.09419148415327072,0,0
73,LEFT_HIP,0.5307280421257019,0.6478651165962219,0.02583771012723446,0,0
73,RIGHT_HIP,0.5547946095466614,0.6457957625389099,-0.025923606008291245,0,0
73,LEFT_KNEE,0.5368279218673706,0.725681483745575,0.07955755293369293,0,0
73,RIGHT_KNEE,0.5664627552032471,0.7228493094444275,0.016879312694072723,0,0
73,LEFT_ANKLE,0.5412505269050598,0.8142937421798706,0.12174811214208603,0,0
73,RIGHT_ANKLE,0.5631954073905945,0.8159928321838379,0.04930543154478073,0,0
73,LEFT_HEEL,0.5429853796958923,0.82924485206604,0.12652194499969482,0,0
73,RIGHT_HEEL,0.5582271218299866,0.8315004110336304,0.05314801633358002,0,0
73,LEFT_FOOT_INDEX,0.5405504107475281,0.8241757154464722,0.12702398002147675,0,0
73,RIGHT_FOOT_INDEX,0.5785582661628723,0.8346906900405884,0.04572415351867676,0,0
74,NOSE,0.5524129271507263,0.4756011962890625,0.07132813334465027,0,0
74,LEFT_EYE_INNER,0.5494283437728882,0.4675576984882355,0.05852916091680527,0,0
74,LEFT_EYE,0.5479437112808228,0.46730726957321167,0.05854018032550812,0,0
74,LEFT_EYE_OUTER,0.5464999675750732,0.4672742486000061,0.05854006111621857,0,0
74,RIGHT_EYE_INNER,0.5528498291969299,0.4682396948337555,0.05398466810584068,0,0
74,RIGHT_EYE,0.5538831949234009,0.46839338541030884,0.053978100419044495,0,0
74,RIGHT_EYE_OUTER,0.5548741221427917,0.46851301193237305,0.0539327897131443,0,0
74,LEFT_EAR,0.5425245761871338,0.471662312746048,0.01929384469985962,0,0
74,RIGHT_EAR,0.5543985962867737,0.4721648395061493,-0.0012584046926349401,0,0
74,MOUTH_LEFT,0.5502530932426453,0.48184993863105774,0.06139308959245682,0,0
74,MOUTH_RIGHT,0.5531694293022156,0.4828340411186218,0.055206336081027985,0,0
74,LEFT_SHOULDER,0.5217896699905396,0.5209857821464539,0.028441542759537697,0,0
74,RIGHT_SHOULDER,0.5646002888679504,0.5251036882400513,-0.03582708537578583,0,0
74,LEFT_ELBOW,0.5170257091522217,0.5840427875518799,0.07810966670513153,0,0
74,RIGHT_ELBOW,0.5710429549217224,0.5957349538803101,0.004497474059462547,0,0
74,LEFT_WRIST,0.5339454412460327,0.5932729244232178,0.1324843466281891,0,0
74,RIGHT_WRIST,0.5632730722427368,0.6004390120506287,0.09182277321815491,0,0
74,LEFT_PINKY,0.534572184085846,0.6007357835769653,0.1412689983844757,0,0
74,RIGHT_PINKY,0.5619262456893921,0.6049128770828247,0.09907793253660202,0,0
74,LEFT_INDEX,0.5390273332595825,0.5949121713638306,0.13625343143939972,0,0
74,RIGHT_INDEX,0.5596988797187805,0.5975497961044312,0.09688649326562881,0,0
74,LEFT_THUMB,0.5396437048912048,0.5929924845695496,0.1316588968038559,0,0
74,RIGHT_THUMB,0.5580629110336304,0.5947263240814209,0.0917733684182167,0,0
74,LEFT_HIP,0.5309759974479675,0.649338960647583,0.03170612081885338,0,0
74,RIGHT_HIP,0.5547966361045837,0.6472969651222229,-0.03182930871844292,0,0
74,LEFT_KNEE,0.53689044713974,0.7264628410339355,0.0879424661397934,0,0
74,RIGHT_KNEE,0.5666214227676392,0.725369393825531,0.006404539570212364,0,0
74,LEFT_ANKLE,0.5411924719810486,0.8147431015968323,0.1302223950624466,0,0
74,RIGHT_ANKLE,0.5631101131439209,0.8195903301239014,0.034154944121837616,0,0
74,LEFT_HEEL,0.542736291885376,0.8295413255691528,0.1349283754825592,0,0
74,RIGHT_HEEL,0.5580688714981079,0.8349934220314026,0.037552379071712494,0,0
74,LEFT_FOOT_INDEX,0.5419490337371826,0.8249057531356812,0.13414640724658966,0,0
74,RIGHT_FOOT_INDEX,0.5795580148696899,0.8389897346496582,0.028374766930937767,0,0
75,NOSE,0.5554673671722412,0.47697713971138,0.07111699879169464,0,0
75,LEFT_EYE_INNER,0.552338182926178,0.46838945150375366,0.05992799624800682,0,0
75,LEFT_EYE,0.5509573221206665,0.46803680062294006,0.059942830353975296,0,0
75,LEFT_EYE_OUTER,0.5495710372924805,0.46784886717796326,0.059947170317173004,0,0
75,RIGHT_EYE_INNER,0.555489718914032,0.4691722095012665,0.05357937887310982,0,0
75,RIGHT_EYE,0.5562286972999573,0.46928688883781433,0.05357068404555321,0,0
75,RIGHT_EYE_OUTER,0.5569149255752563,0.4694124758243561,0.053521137684583664,0,0
75,LEFT_EAR,0.5451594591140747,0.47174280881881714,0.025447381660342216,0,0
75,RIGHT_EAR,0.5557193756103516,0.47276389598846436,-0.00345155643299222,0,0
75,MOUTH_LEFT,0.5531803965568542,0.4833694398403168,0.06256714463233948,0,0
75,MOUTH_RIGHT,0.5558205842971802,0.48425930738449097,0.05401996895670891,0,0
75,LEFT_SHOULDER,0.5231860280036926,0.5209628343582153,0.03568055480718613,0,0
75,RIGHT_SHOULDER,0.5648131966590881,0.5251194834709167,-0.04491536691784859,0,0
75,LEFT_ELBOW,0.5180473923683167,0.5838147401809692,0.07795015722513199,0,0
75,RIGHT_ELBOW,0.5700258016586304,0.5962802171707153,-0.005943788681179285,0,0
75,LEFT_WRIST,0.534414529800415,0.5975943207740784,0.12176275998353958,0,0
75,RIGHT_WRIST,0.5644539594650269,0.6065130829811096,0.08840935677289963,0,0
75,LEFT_PINKY,0.5372883677482605,0.6069967746734619,0.12955765426158905,0,0
75,RIGHT_PINKY,0.5633086562156677,0.612911581993103,0.09771247953176498,0,0
75,LEFT_INDEX,0.5414819121360779,0.6033039093017578,0.12500230967998505,0,0
75,RIGHT_INDEX,0.5627013444900513,0.6041678190231323,0.09611143171787262,0,0
75,LEFT_THUMB,0.541912317276001,0.6005463004112244,0.12069796025753021,0,0
75,RIGHT_THUMB,0.5610209107398987,0.6010022163391113,0.09117131680250168,0,0
75,LEFT_HIP,0.5315540432929993,0.6496188044548035,0.03762437030673027,0,0
75,RIGHT_HIP,0.5547932982444763,0.6479414105415344,-0.037771522998809814,0,0
75,LEFT_KNEE,0.5375751852989197,0.7264086008071899,0.0990353673696518,0,0
75,RIGHT_KNEE,0.5658562183380127,0.7263940572738647,0.004489687737077475,0,0
75,LEFT_ANKLE,0.5411901473999023,0.8149198293685913,0.14508064091205597,0,0
75,RIGHT_ANKLE,0.5626162886619568,0.8214950561523438,0.0336725115776062,0,0
75,LEFT_HEEL,0.5422658324241638,0.8294335007667542,0.15005715191364288,0,0
75,RIGHT_HEEL,0.5577340722084045,0.8361656665802002,0.03721454367041588,0,0
75,LEFT_FOOT_INDEX,0.5449258089065552,0.8246764540672302,0.1506979912519455,0,0
75,RIGHT_FOOT_INDEX,0.5792056918144226,0.8427274823188782,0.02837660349905491,0,0
76,NOSE,0.5582125782966614,0.4790501296520233,0.07081210613250732,0,0
76,LEFT_EYE_INNER,0.5554611086845398,0.4701550602912903,0.06125593185424805,0,0
76,LEFT_EYE,0.5541300177574158,0.4696858525276184,0.06127036362886429,0,0
76,LEFT_EYE_OUTER,0.5528191924095154,0.4693366587162018,0.06127448379993439,0,0
76,RIGHT_EYE_INNER,0.557774007320404,0.4708597958087921,0.05369157716631889,0,0
76,RIGHT_EYE,0.5582674741744995,0.47088953852653503,0.05368084833025932,0,0
76,RIGHT_EYE_OUTER,0.5587444305419922,0.4709354341030121,0.05363398790359497,0,0
76,LEFT_EAR,0.5483554005622864,0.472310870885849,0.034802861511707306,0,0
76,RIGHT_EAR,0.5568180084228516,0.4735206961631775,-0.002794592408463359,0,0
76,MOUTH_LEFT,0.556065559387207,0.4855075478553772,0.06370628625154495,0,0
76,MOUTH_RIGHT,0.558073878288269,0.4862211346626282,0.053475864231586456,0,0
76,LEFT_SHOULDER,0.5255854725837708,0.5209555625915527,0.045297861099243164,0,0
76,RIGHT_SHOULDER,0.5648166537284851,0.5250804424285889,-0.04673726111650467,0,0
76,LEFT_ELBOW,0.5191570520401001,0.5834609270095825,0.07904514670372009,0,0
76,RIGHT_ELBOW,0.5695708990097046,0.5965045690536499,-0.011655311100184917,0,0
76,LEFT_WRIST,0.5351929068565369,0.6013320088386536,0.11445502936840057,0,0
76,RIGHT_WRIST,0.5656362175941467,0.6100549101829529,0.08261077105998993,0,0
76,LEFT_PINKY,0.53880375623703,0.6132428050041199,0.12130783498287201,0,0
76,RIGHT_PINKY,0.5648826956748962,0.6171528100967407,0.09192897379398346,0,0
76,LEFT_INDEX,0.5425766706466675,0.6107112169265747,0.1173299103975296,0,0
76,RIGHT_INDEX,0.5636892318725586,0.6125709414482117,0.09194382280111313,0,0
76,LEFT_THUMB,0.5427592396736145,0.6077494621276855,0.11326422542333603,0,0
76,RIGHT_THUMB,0.5630038380622864,0.6085691452026367,0.08627574890851974,0,0
76,LEFT_HIP,0.5322756767272949,0.6498662829399109,0.04103047400712967,0,0
76,RIGHT_HIP,0.5547811985015869,0.64839106798172,-0.041172757744789124,0,0
76,LEFT_KNEE,0.538445770740509,0.7263712882995605,0.10145318508148193,0,0
76,RIGHT_KNEE,0.5651354193687439,0.7284268140792847,-0.00043518978054635227,0,0
76,LEFT_ANKLE,0.5412152409553528,0.8157681226730347,0.14761590957641602,0,0
76,RIGHT_ANKLE,0.5625368356704712,0.8246175050735474,0.02477935701608658,0,0
76,LEFT_HEEL,0.5419270396232605,0.8297662734985352,0.1522546410560608,0,0
76,RIGHT_HEEL,0.5569292306900024,0.8389050960540771,0.027596062049269676,0,0
76,LEFT_FOOT_INDEX,0.546420693397522,0.8244454860687256,0.15165863931179047,0,0
76,RIGHT_FOOT_INDEX,0.578727126121521,0.8469149470329285,0.016365673393011093,0,0
77,NOSE,0.560080885887146,0.47982433438301086,0.06928469985723495,0,0
77,LEFT_EYE_INNER,0.5573732256889343,0.47077637910842896,0.060931213200092316,0,0
77,LEFT_EYE,0.5561493635177612,0.470315158367157,0.060944389551877975,0,0
77,LEFT_EYE_OUTER,0.5548948049545288,0.46993258595466614,0.06095529720187187,0,0
77,RIGHT_EYE_INNER,0.559487521648407,0.4713965952396393,0.052413053810596466,0,0
77,RIGHT_EYE,0.5599275231361389,0.47139668464660645,0.05240529030561447,0,0
77,RIGHT_EYE_OUTER,0.5603376030921936,0.4713969826698303,0.052362386137247086,0,0
77,LEFT_EAR,0.5502917170524597,0.4725625813007355,0.035459987819194794,0,0
77,RIGHT_EAR,0.5580605864524841,0.4737650156021118,-0.0032563996501266956,0,0
77,MOUTH_LEFT,0.5580110549926758,0.48645251989364624,0.06344136595726013,0,0
77,MOUTH_RIGHT,0.5598623156547546,0.4869694411754608,0.05219090357422829,0,0
77,LEFT_SHOULDER,0.5275379419326782,0.5209505558013916,0.04232078790664673,0,0
77,RIGHT_SHOULDER,0.56536465883255,0.5251376032829285,-0.04488023370504379,0,0
77,LEFT_ELBOW,0.5198742747306824,0.5833525061607361,0.06807329505681992,0,0
77,RIGHT_ELBOW,0.5695755481719971,0.5980330109596252,-0.012051358819007874,0,0
77,LEFT_WRIST,0.5358744859695435,0.6069600582122803,0.0946865975856781,0,0
77,RIGHT_WRIST,0.5661361217498779,0.6158621907234192,0.07750190049409866,0,0
77,LEFT_PINKY,0.5389713048934937,0.6188242435455322,0.09931296855211258,0,0
77,RIGHT_PINKY,0.5647252798080444,0.6243207454681396,0.08573179692029953,0,0
77,LEFT_INDEX,0.5424589514732361,0.6169341802597046,0.09567178040742874,0,0
77,RIGHT_INDEX,0.5629456043243408,0.6174846887588501,0.08551847189664841,0,0
77,LEFT_THUMB,0.5424816608428955,0.6139652729034424,0.09294138103723526,0,0
77,RIGHT_THUMB,0.5619145035743713,0.6140863299369812,0.08065345883369446,0,0
77,LEFT_HIP,0.5327268838882446,0.6501799821853638,0.04029718413949013,0,0
77,RIGHT_HIP,0.554775059223175,0.649402916431427,-0.040447596460580826,0,0
77,LEFT_KNEE,0.5388314723968506,0.7267564535140991,0.10357189178466797,0,0
77,RIGHT_KNEE,0.5647366642951965,0.7321223616600037,0.006241945084184408,0,0
77,LEFT_ANKLE,0.54121333360672,0.8161783218383789,0.15341858565807343,0,0
77,RIGHT_ANKLE,0.5617039203643799,0.8282034993171692,0.039283379912376404,0,0
77,LEFT_HEEL,0.5410438179969788,0.8300374746322632,0.1583959311246872,0,0
77,RIGHT_HEEL,0.5561364889144897,0.8423641920089722,0.042773935943841934,0,0
77,LEFT_FOOT_INDEX,0.5469954013824463,0.824281632900238,0.157269686460495,0,0
77,RIGHT_FOOT_INDEX,0.5781477093696594,0.8494586944580078,0.0313604362308979,0,0
78,NOSE,0.5620242357254028,0.4797793924808502,0.0634978637099266,0,0
78,LEFT_EYE_INNER,0.5592308640480042,0.4707600474357605,0.056566353887319565,0,0
78,LEFT_EYE,0.5580418109893799,0.4703121483325958,0.05657641589641571,0,0
78,LEFT_EYE_OUTER,0.5567509531974792,0.46993184089660645,0.05658860504627228,0,0
78,RIGHT_EYE_INNER,0.5612614154815674,0.47137290239334106,0.04713648185133934,0,0
78,RIGHT_EYE,0.56165611743927,0.47137659788131714,0.04712420701980591,0,0
78,RIGHT_EYE_OUTER,0.5619996190071106,0.4713762402534485,0.047081828117370605,0,0
78,LEFT_EAR,0.5518559217453003,0.47257477045059204,0.033746860921382904,0,0
78,RIGHT_EAR,0.5593529343605042,0.47378650307655334,-0.007176193408668041,0,0
78,MOUTH_LEFT,0.5598911046981812,0.48673322796821594,0.0589638277888298,0,0
78,MOUTH_RIGHT,0.561596691608429,0.48713621497154236,0.046705204993486404,0,0
78,LEFT_SHOULDER,0.5285463929176331,0.5213088393211365,0.044807832688093185,0,0
78,RIGHT_SHOULDER,0.5663072466850281,0.525730311870575,-0.051116954535245895,0,0
78,LEFT_ELBOW,0.5212904810905457,0.5844641923904419,0.06367859989404678,0,0
78,RIGHT_ELBOW,0.570563018321991,0.5994422435760498,-0.018764877691864967,0,0
78,LEFT_WRIST,0.5385009050369263,0.6139493584632874,0.07446307688951492,0,0
78,RIGHT_WRIST,0.56740802526474,0.621374249458313,0.07074044644832611,0,0
78,LEFT_PINKY,0.5438196659088135,0.6251242160797119,0.07722519338130951,0,0
78,RIGHT_PINKY,0.565867006778717,0.6308959722518921,0.07774500548839569,0,0
78,LEFT_INDEX,0.5460679531097412,0.6221858263015747,0.07388688623905182,0,0
78,RIGHT_INDEX,0.5647953152656555,0.6244098544120789,0.07674393802881241,0,0
78,LEFT_THUMB,0.5459293723106384,0.6187489032745361,0.07246997952461243,0,0
78,RIGHT_THUMB,0.5645679831504822,0.6210006475448608,0.07330500334501266,0,0
78,LEFT_HIP,0.5330422520637512,0.6508163809776306,0.04295388236641884,0,0
78,RIGHT_HIP,0.5547493696212769,0.6507424116134644,-0.04306968301534653,0,0
78,LEFT_KNEE,0.5394130349159241,0.7271924614906311,0.12198100984096527,0,0
78,RIGHT_KNEE,0.5639196038246155,0.7353025078773499,-0.0034304787404835224,0,0
78,LEFT_ANKLE,0.5414766669273376,0.816541314125061,0.18907488882541656,0,0
78,RIGHT_ANKLE,0.5588324069976807,0.8342470526695251,0.022932525724172592,0,0
78,LEFT_HEEL,0.5406373739242554,0.8301408290863037,0.1953287124633789,0,0
78,RIGHT_HEEL,0.5530156493186951,0.849282443523407,0.025233250111341476,0,0
78,LEFT_FOOT_INDEX,0.5531628727912903,0.8230984210968018,0.19319075345993042,0,0
78,RIGHT_FOOT_INDEX,0.5775991678237915,0.8542472124099731,0.008425905369222164,0,0
79,NOSE,0.5635751485824585,0.4803641438484192,0.06670119613409042,0,0
79,LEFT_EYE_INNER,0.5607767701148987,0.47130584716796875,0.058305639773607254,0,0
79,LEFT_EYE,0.5595869421958923,0.4708781838417053,0.058316074311733246,0,0
79,LEFT_EYE_OUTER,0.55830317735672,0.4704875648021698,0.05832414701581001,0,0
79,RIGHT_EYE_INNER,0.5628236532211304,0.4718978703022003,0.05030250921845436,0,0
79,RIGHT_EYE,0.5632012486457825,0.47189807891845703,0.05028778314590454,0,0
79,RIGHT_EYE_OUTER,0.5635262727737427,0.47187942266464233,0.05024160072207451,0,0
79,LEFT_EAR,0.5535532832145691,0.47324827313423157,0.03533770516514778,0,0
79,RIGHT_EAR,0.5609655380249023,0.4743826389312744,-0.00425606919452548,0,0
79,MOUTH_LEFT,0.5615807175636292,0.4875749945640564,0.06062765419483185,0,0
79,MOUTH_RIGHT,0.5631197094917297,0.48798471689224243,0.049884505569934845,0,0
79,LEFT_SHOULDER,0.5300202965736389,0.5216098427772522,0.045784492045640945,0,0
79,RIGHT_SHOULDER,0.5678446888923645,0.5264741778373718,-0.048393286764621735,0,0
79,LEFT_ELBOW,0.5214333534240723,0.5851808786392212,0.061255499720573425,0,0
79,RIGHT_ELBOW,0.5713976621627808,0.6001715660095215,-0.017165912315249443,0,0
79,LEFT_WRIST,0.5383772253990173,0.6154156923294067,0.06943340599536896,0,0
79,RIGHT_WRIST,0.5685632228851318,0.6220952272415161,0.07176757603883743,0,0
79,LEFT_PINKY,0.5431700348854065,0.6260889172554016,0.07245592772960663,0,0
79,RIGHT_PINKY,0.5670653581619263,0.6317226886749268,0.07929455488920212,0,0
79,LEFT_INDEX,0.5462496280670166,0.6230186820030212,0.06932723522186279,0,0
79,RIGHT_INDEX,0.5663026571273804,0.6255882978439331,0.07884637266397476,0,0
79,LEFT_THUMB,0.5458957552909851,0.6193493604660034,0.0675201341509819,0,0
79,RIGHT_THUMB,0.5659542679786682,0.6223528385162354,0.07450205832719803,0,0
79,LEFT_HIP,0.5335990786552429,0.6521473526954651,0.04241778701543808,0,0
79,RIGHT_HIP,0.5547935962677002,0.6525936722755432,-0.04251982644200325,0,0
79,LEFT_KNEE,0.5401503443717957,0.7284703850746155,0.12174438685178757,0,0
79,RIGHT_KNEE,0.5623298287391663,0.7395133972167969,-0.010838153772056103,0,0
79,LEFT_ANKLE,0.5416221618652344,0.816409707069397,0.18837039172649384,0,0
79,RIGHT_ANKLE,0.5571145415306091,0.8378204107284546,0.005608799867331982,0,0
79,LEFT_HEEL,0.5404980182647705,0.8294728994369507,0.1944149285554886,0,0
79,RIGHT_HEEL,0.5521518588066101,0.8524079322814941,0.00658951373770833,0,0
79,LEFT_FOOT_INDEX,0.5559958219528198,0.8228277564048767,0.19231432676315308,0,0
79,RIGHT_FOOT_INDEX,0.5768744945526123,0.8553480505943298,-0.011592014692723751,0,0
80,NOSE,0.5651094317436218,0.480984091758728,0.06777247786521912,0,0
80,LEFT_EYE_INNER,0.5623212456703186,0.4720245897769928,0.05837639421224594,0,0
80,LEFT_EYE,0.5611307621002197,0.47167450189590454,0.05839023366570473,0,0
80,LEFT_EYE_OUTER,0.5598908066749573,0.4713575541973114,0.05839167535305023,0,0
80,RIGHT_EYE_INNER,0.5643568634986877,0.4725269675254822,0.05166562646627426,0,0
80,RIGHT_EYE,0.5647315382957458,0.47253361344337463,0.05165063962340355,0,0
80,RIGHT_EYE_OUTER,0.5650523900985718,0.47252482175827026,0.05160409212112427,0,0
80,LEFT_EAR,0.5552681684494019,0.4745524525642395,0.04110661894083023,0,0
80,RIGHT_EAR,0.5625221729278564,0.47526776790618896,-0.002304386580362916,0,0
80,MOUTH_LEFT,0.5630072951316833,0.4884051978588104,0.061003316193819046,0,0
80,MOUTH_RIGHT,0.5646750330924988,0.48875024914741516,0.05107712745666504,0,0
80,LEFT_SHOULDER,0.5318448543548584,0.5221461057662964,0.05478233844041824,0,0
80,RIGHT_SHOULDER,0.5691877007484436,0.527205228805542,-0.048487234860658646,0,0
80,LEFT_ELBOW,0.5224656462669373,0.5865404009819031,0.06541963666677475,0,0
80,RIGHT_ELBOW,0.5720277428627014,0.6009792685508728,-0.020405348390340805,0,0
80,LEFT_WRIST,0.539964497089386,0.6179213523864746,0.06825292110443115,0,0
80,RIGHT_WRIST,0.5696356892585754,0.6264929175376892,0.06599204987287521,0,0
80,LEFT_PINKY,0.5447864532470703,0.6287901401519775,0.07099651545286179,0,0
80,RIGHT_PINKY,0.5680543780326843,0.6359890699386597,0.0726296529173851,0,0
80,LEFT_INDEX,0.5475817322731018,0.6247361302375793,0.06763684004545212,0,0
80,RIGHT_INDEX,0.5671694278717041,0.63082355260849,0.07349173724651337,0,0
80,LEFT_THUMB,0.547218918800354,0.6209878921508789,0.0660611242055893,0,0
80,RIGHT_THUMB,0.5669348835945129,0.6269776225090027,0.06925423443317413,0,0
80,LEFT_HIP,0.5337238311767578,0.6521611213684082,0.04470013082027435,0,0
80,RIGHT_HIP,0.554828405380249,0.6527808308601379,-0.044802263379096985,0,0
80,LEFT_KNEE,0.540425181388855,0.7291789650917053,0.12069489061832428,0,0
80,RIGHT_KNEE,0.561206579208374,0.7402697801589966,-0.01768488995730877,0,0
80,LEFT_ANKLE,0.5417652726173401,0.8163617849349976,0.18571053445339203,0,0
80,RIGHT_ANKLE,0.5562676191329956,0.8401504158973694,-0.0057002222165465355,0,0
80,LEFT_HEEL,0.5405345559120178,0.8293740749359131,0.19141770899295807,0,0
80,RIGHT_HEEL,0.5519028902053833,0.8555328249931335,-0.005253089126199484,0,0
80,LEFT_FOOT_INDEX,0.5583422183990479,0.8228108882904053,0.18812863528728485,0,0
80,RIGHT_FOOT_INDEX,0.5763674974441528,0.8559310436248779,-0.024645762518048286,0,0
