frame_number,landmark,x,y,z,action,label
0,NOSE,0.5773155689239502,0.4925714135169983,0.033583421260118484,[],0
0,LEFT_EYE_INNER,0.5760095119476318,0.4826163947582245,0.03600594028830528,[],0
0,LEFT_EYE,0.5751863718032837,0.4818124771118164,0.036001913249492645,[],0
0,LEFT_EYE_OUTER,0.5743180513381958,0.4809991419315338,0.03599243238568306,[],0
0,RIGHT_EYE_INNER,0.5769852995872498,0.4834910035133362,0.020687412470579147,[],0
0,RIGHT_EYE,0.5769303441047668,0.483259916305542,0.02067025564610958,[],0
0,RIGHT_EYE_OUTER,0.5768467783927917,0.48305544257164,0.02064068801701069,[],0
0,LEFT_EAR,0.5684289932250977,0.48089954257011414,0.0455080047249794,[],0
0,RIGHT_EAR,0.572291374206543,0.48358669877052307,-0.022777676582336426,[],0
0,MOUTH_LEFT,0.5736192464828491,0.4992694556713104,0.03923608735203743,[],0
0,MOUTH_RIGHT,0.5746195912361145,0.5003821849822998,0.01928333006799221,[],0
0,LEFT_SHOULDER,0.5472341179847717,0.5199318528175354,0.07872366160154343,[],0
0,RIGHT_SHOULDER,0.5667914152145386,0.5266169309616089,-0.07048039138317108,[],0
0,LEFT_ELBOW,0.5437953472137451,0.581580638885498,0.10950347036123276,[],0
0,RIGHT_ELBOW,0.5619804263114929,0.5921027660369873,-0.07781340926885605,[],0
0,LEFT_WRIST,0.56153804063797,0.6056038737297058,0.10979210585355759,[],0
0,RIGHT_WRIST,0.5725895166397095,0.630011796951294,-0.029245411977171898,[],0
0,LEFT_PINKY,0.5644338130950928,0.6112157106399536,0.11481092125177383,[],0
0,RIGHT_PINKY,0.5755400061607361,0.6391220688819885,-0.03259582072496414,[],0
0,LEFT_INDEX,0.5684007406234741,0.6077616810798645,0.10458973795175552,[],0
0,RIGHT_INDEX,0.5779897570610046,0.6347616314888,-0.02716164104640484,[],0
0,LEFT_THUMB,0.5683854818344116,0.6067808270454407,0.10454558581113815,[],0
0,RIGHT_THUMB,0.5768740177154541,0.6308050155639648,-0.025252895429730415,[],0
0,LEFT_HIP,0.532077968120575,0.6461904644966125,0.04992639273405075,[],0
0,RIGHT_HIP,0.5479070544242859,0.6496619582176208,-0.04999086633324623,[],0
0,LEFT_KNEE,0.5366360545158386,0.7273944616317749,0.07814577221870422,[],0
0,RIGHT_KNEE,0.5580994486808777,0.7348531484603882,-0.019831476733088493,[],0
0,LEFT_ANKLE,0.5283300280570984,0.8160114288330078,0.11201858520507812,[],0
0,RIGHT_ANKLE,0.557440996170044,0.8364887833595276,0.007198301609605551,[],0
0,LEFT_HEEL,0.5270407199859619,0.8308603763580322,0.1140204519033432,[],0
0,RIGHT_HEEL,0.5536485314369202,0.8534369468688965,0.009527119807898998,[],0
0,LEFT_FOOT_INDEX,0.5406299233436584,0.8270821571350098,0.1007692739367485,[],0
0,RIGHT_FOOT_INDEX,0.5783324837684631,0.8523386716842651,-0.010692630894482136,[],0
1,NOSE,0.5780016779899597,0.49296659231185913,0.02022126130759716,0,0
1,LEFT_EYE_INNER,0.5765516757965088,0.4827286899089813,0.022218843922019005,0,0
1,LEFT_EYE,0.5757847428321838,0.48189929127693176,0.022238023579120636,0,0
1,LEFT_EYE_OUTER,0.5749815106391907,0.4810731112957001,0.022234294563531876,0,0
1,RIGHT_EYE_INNER,0.5774002075195312,0.4836421310901642,0.0070638214237987995,0,0
1,RIGHT_EYE,0.5773121118545532,0.4834252893924713,0.007061453070491552,0,0
1,RIGHT_EYE_OUTER,0.5772183537483215,0.48323532938957214,0.007043272722512484,0,0
1,LEFT_EAR,0.5692726969718933,0.4811702072620392,0.03379615768790245,0,0
1,RIGHT_EAR,0.5728034973144531,0.4841215908527374,-0.034701962023973465,0,0
1,MOUTH_LEFT,0.5748245120048523,0.4994356036186218,0.027141304686665535,0,0
1,MOUTH_RIGHT,0.5755592584609985,0.5004667639732361,0.006935374811291695,0,0
1,LEFT_SHOULDER,0.5487240552902222,0.5192457437515259,0.07415754348039627,0,0
1,RIGHT_SHOULDER,0.5667915940284729,0.5280178189277649,-0.07543154060840607,0,0
1,LEFT_ELBOW,0.5557342767715454,0.5543331503868103,0.1487211287021637,0,0
1,RIGHT_ELBOW,0.5614009499549866,0.5922496318817139,-0.08232152462005615,0,0
1,LEFT_WRIST,0.5819564461708069,0.5366712808609009,0.21741017699241638,0,0
1,RIGHT_WRIST,0.5728530287742615,0.6304109692573547,-0.04277871921658516,0,0
1,LEFT_PINKY,0.5823948383331299,0.5244629383087158,0.23511335253715515,0,0
1,RIGHT_PINKY,0.5757299661636353,0.6393672227859497,-0.04379788413643837,0,0
1,LEFT_INDEX,0.5827502012252808,0.5246174335479736,0.22864431142807007,0,0
1,RIGHT_INDEX,0.5781687498092651,0.6353065967559814,-0.04280943050980568,0,0
1,LEFT_THUMB,0.5809804797172546,0.526147723197937,0.21614056825637817,0,0
1,RIGHT_THUMB,0.5770698189735413,0.6315728425979614,-0.03989929333329201,0,0
1,LEFT_HIP,0.532514750957489,0.6478544473648071,0.04971558600664139,0,0
1,RIGHT_HIP,0.5484068989753723,0.6517633199691772,-0.049804169684648514,0,0
1,LEFT_KNEE,0.5375543236732483,0.7274262309074402,0.105404332280159,0,0
1,RIGHT_KNEE,0.5582172870635986,0.7362635135650635,-0.01836378127336502,0,0
1,LEFT_ANKLE,0.5290685892105103,0.8159609436988831,0.16465692222118378,0,0
1,RIGHT_ANKLE,0.5574769377708435,0.8375899791717529,0.006096830125898123,0,0
1,LEFT_HEEL,0.5273349285125732,0.8308074474334717,0.17002293467521667,0,0
1,RIGHT_HEEL,0.5535093545913696,0.854223370552063,0.008172008208930492,0,0
1,LEFT_FOOT_INDEX,0.5437310338020325,0.8259696960449219,0.16319561004638672,0,0
1,RIGHT_FOOT_INDEX,0.5786344408988953,0.8523330688476562,-0.012122412212193012,0,0
2,NOSE,0.5799143314361572,0.4946189522743225,0.007383557502180338,0,0
2,LEFT_EYE_INNER,0.5783926844596863,0.48388123512268066,0.010297411121428013,0,0
2,LEFT_EYE,0.5777506232261658,0.48307523131370544,0.01031278446316719,0,0
2,LEFT_EYE_OUTER,0.5770614147186279,0.48228126764297485,0.010303419083356857,0,0
2,RIGHT_EYE_INNER,0.578909158706665,0.4846819341182709,-0.005044035613536835,0,0
2,RIGHT_EYE,0.5787047743797302,0.4844406247138977,-0.005037897732108831,0,0
2,RIGHT_EYE_OUTER,0.5784813165664673,0.4842225909233093,-0.005054677836596966,0,0
2,LEFT_EAR,0.5717262029647827,0.48252496123313904,0.027498453855514526,0,0
2,RIGHT_EAR,0.5741912722587585,0.4853347837924957,-0.04211382940411568,0,0
2,MOUTH_LEFT,0.5774027109146118,0.5010544657707214,0.01641269586980343,0,0
2,MOUTH_RIGHT,0.5777340531349182,0.5017141103744507,-0.004129176493734121,0,0
2,LEFT_SHOULDER,0.5516587495803833,0.5191961526870728,0.07238621264696121,0,0
2,RIGHT_SHOULDER,0.5671396255493164,0.5288668870925903,-0.0799442008137703,0,0
2,LEFT_ELBOW,0.5559961795806885,0.5539473295211792,0.15018072724342346,0,0
2,RIGHT_ELBOW,0.5612083673477173,0.5925658345222473,-0.10566682368516922,0,0
2,LEFT_WRIST,0.5797048211097717,0.5241578221321106,0.21867398917675018,0,0
2,RIGHT_WRIST,0.5747798681259155,0.6316151022911072,-0.10130047053098679,0,0
2,LEFT_PINKY,0.5841150283813477,0.5199539065361023,0.23563610017299652,0,0
2,RIGHT_PINKY,0.5785096287727356,0.6402390003204346,-0.1076953187584877,0,0
2,LEFT_INDEX,0.5844830274581909,0.5203127264976501,0.22915060818195343,0,0
2,RIGHT_INDEX,0.581172525882721,0.6355828642845154,-0.10647077858448029,0,0
2,LEFT_THUMB,0.5825694799423218,0.5219221711158752,0.21752683818340302,0,0
2,RIGHT_THUMB,0.5797675251960754,0.6319839954376221,-0.09919463098049164,0,0
2,LEFT_HIP,0.5335972905158997,0.6479151844978333,0.049816641956567764,0,0
2,RIGHT_HIP,0.5492973923683167,0.6524620056152344,-0.049911633133888245,0,0
2,LEFT_KNEE,0.5380464196205139,0.7274264693260193,0.11058942973613739,0,0
2,RIGHT_KNEE,0.559238076210022,0.7370362281799316,-0.018398387357592583,0,0
2,LEFT_ANKLE,0.5284976363182068,0.8155010938644409,0.17137107253074646,0,0
2,RIGHT_ANKLE,0.5576493740081787,0.8392072916030884,0.0023562347050756216,0,0
2,LEFT_HEEL,0.5256457328796387,0.8302636742591858,0.17664796113967896,0,0
2,RIGHT_HEEL,0.5533259510993958,0.8553559184074402,0.003957685083150864,0,0
2,LEFT_FOOT_INDEX,0.5433931350708008,0.824503481388092,0.168291375041008,0,0
2,RIGHT_FOOT_INDEX,0.5788553357124329,0.8526004552841187,-0.01864817552268505,0,0
3,NOSE,0.5817164778709412,0.49632617831230164,0.010214515961706638,0,0
3,LEFT_EYE_INNER,0.5800793766975403,0.48506852984428406,0.013511380180716515,0,0
3,LEFT_EYE,0.5794376730918884,0.4843132197856903,0.013522003777325153,0,0
3,LEFT_EYE_OUTER,0.5787485837936401,0.4836014211177826,0.013508928939700127,0,0
3,RIGHT_EYE_INNER,0.5805464386940002,0.48586463928222656,-0.0021080458536744118,0,0
3,RIGHT_EYE,0.5802896618843079,0.4856565594673157,-0.0021056034602224827,0,0
3,RIGHT_EYE_OUTER,0.5800008177757263,0.48549261689186096,-0.0021301372908055782,0,0
3,LEFT_EAR,0.5734318494796753,0.4841374158859253,0.031294312328100204,0,0
3,RIGHT_EAR,0.5756010413169861,0.4868113696575165,-0.03918691352009773,0,0
3,MOUTH_LEFT,0.5792436003684998,0.5029821395874023,0.01939590461552143,0,0
3,MOUTH_RIGHT,0.5795488953590393,0.5035340785980225,-0.0014310430269688368,0,0
3,LEFT_SHOULDER,0.5538168549537659,0.5195168852806091,0.07595674693584442,0,0
3,RIGHT_SHOULDER,0.5676595568656921,0.5288575887680054,-0.07909324765205383,0,0
3,LEFT_ELBOW,0.5561980605125427,0.5606155395507812,0.15513522922992706,0,0
3,RIGHT_ELBOW,0.5609114766120911,0.5921826958656311,-0.11698205024003983,0,0
3,LEFT_WRIST,0.578967809677124,0.5282895565032959,0.22206559777259827,0,0
3,RIGHT_WRIST,0.5767356753349304,0.6316652894020081,-0.13202641904354095,0,0
3,LEFT_PINKY,0.5838003158569336,0.5251092314720154,0.23873251676559448,0,0
3,RIGHT_PINKY,0.5813704133033752,0.640227198600769,-0.14167213439941406,0,0
3,LEFT_INDEX,0.5841835141181946,0.5245176553726196,0.23182010650634766,0,0
3,RIGHT_INDEX,0.584197998046875,0.6352806091308594,-0.13905446231365204,0,0
3,LEFT_THUMB,0.582274317741394,0.5262397527694702,0.22064121067523956,0,0
3,RIGHT_THUMB,0.5827491879463196,0.6319319009780884,-0.13002172112464905,0,0
3,LEFT_HIP,0.5350903868675232,0.6480867862701416,0.05026640370488167,0,0
3,RIGHT_HIP,0.5498277544975281,0.6530786156654358,-0.050348542630672455,0,0
3,LEFT_KNEE,0.5391927361488342,0.727432131767273,0.10510430485010147,0,0
3,RIGHT_KNEE,0.560214102268219,0.7382725477218628,-0.019788015633821487,0,0
3,LEFT_ANKLE,0.5260570645332336,0.815143883228302,0.15999118983745575,0,0
3,RIGHT_ANKLE,0.5577532649040222,0.8402428030967712,-0.0010477978503331542,0,0
3,LEFT_HEEL,0.520496666431427,0.8299885988235474,0.16438744962215424,0,0
3,RIGHT_HEEL,0.5533071160316467,0.8565541505813599,0.00029095110949128866,0,0
3,LEFT_FOOT_INDEX,0.5428086519241333,0.8241981863975525,0.15419024229049683,0,0
3,RIGHT_FOOT_INDEX,0.5791646838188171,0.852893590927124,-0.02331683412194252,0,0
4,NOSE,0.583265483379364,0.4970749318599701,0.00876898504793644,0,0
4,LEFT_EYE_INNER,0.58177649974823,0.48594745993614197,0.01313586812466383,0,0
4,LEFT_EYE,0.5810882449150085,0.4851927161216736,0.013130816631019115,0,0
4,LEFT_EYE_OUTER,0.5803220868110657,0.4844771921634674,0.01312347874045372,0,0
4,RIGHT_EYE_INNER,0.5823078751564026,0.4867267608642578,-0.0035173173528164625,0,0
4,RIGHT_EYE,0.5820732116699219,0.48649364709854126,-0.003519078018143773,0,0
4,RIGHT_EYE_OUTER,0.5818118453025818,0.486307829618454,-0.003553089452907443,0,0
4,LEFT_EAR,0.5747261643409729,0.4850439131259918,0.03335981443524361,0,0
4,RIGHT_EAR,0.577414870262146,0.48756933212280273,-0.040374111384153366,0,0
4,MOUTH_LEFT,0.58046954870224,0.5035726428031921,0.018995676189661026,0,0
4,MOUTH_RIGHT,0.5807787179946899,0.5040499567985535,-0.002778351306915283,0,0
4,LEFT_SHOULDER,0.5560047030448914,0.5197171568870544,0.08173159509897232,0,0
4,RIGHT_SHOULDER,0.567668080329895,0.5284668207168579,-0.08345424383878708,0,0
4,LEFT_ELBOW,0.5541613101959229,0.5737308859825134,0.12791301310062408,0,0
4,RIGHT_ELBOW,0.5608762502670288,0.5908647775650024,-0.10322725772857666,0,0
4,LEFT_WRIST,0.5711880326271057,0.6042459607124329,0.11979036033153534,0,0
4,RIGHT_WRIST,0.5799224376678467,0.6316439509391785,-0.08555936813354492,0,0
4,LEFT_PINKY,0.5754642486572266,0.6107717156410217,0.1242142990231514,0,0
4,RIGHT_PINKY,0.585220456123352,0.6399640440940857,-0.09544612467288971,0,0
4,LEFT_INDEX,0.5805625915527344,0.6081904768943787,0.11139590293169022,0,0
4,RIGHT_INDEX,0.5878533720970154,0.6348435878753662,-0.0904209166765213,0,0
4,LEFT_THUMB,0.5790131092071533,0.6061573028564453,0.11348564177751541,0,0
4,RIGHT_THUMB,0.5863180756568909,0.631862223148346,-0.08236395567655563,0,0
4,LEFT_HIP,0.5363481640815735,0.648066520690918,0.05211878940463066,0,0
4,RIGHT_HIP,0.5502076745033264,0.6532943248748779,-0.05215154215693474,0,0
4,LEFT_KNEE,0.5404731035232544,0.7273786664009094,0.09912064671516418,0,0
4,RIGHT_KNEE,0.5608347058296204,0.738846480846405,-0.020502548664808273,0,0
4,LEFT_ANKLE,0.5232526063919067,0.8147672414779663,0.14735649526119232,0,0
4,RIGHT_ANKLE,0.5577996969223022,0.840650200843811,0.005633613560348749,0,0
4,LEFT_HEEL,0.5170167088508606,0.8298479914665222,0.15093912184238434,0,0
4,RIGHT_HEEL,0.5532957315444946,0.8567838668823242,0.007284245919436216,0,0
4,LEFT_FOOT_INDEX,0.5403387546539307,0.8242754340171814,0.14508971571922302,0,0
4,RIGHT_FOOT_INDEX,0.5792465209960938,0.8531943559646606,-0.020547688007354736,0,0
5,NOSE,0.5853124856948853,0.4987305700778961,0.004526013974100351,0,0
5,LEFT_EYE_INNER,0.5841251611709595,0.4873729646205902,0.008726573549211025,0,0
5,LEFT_EYE,0.5834043622016907,0.4866096079349518,0.008723100647330284,0,0
5,LEFT_EYE_OUTER,0.5826051831245422,0.48589974641799927,0.008712668903172016,0,0
5,RIGHT_EYE_INNER,0.5844867825508118,0.487947016954422,-0.007946188561618328,0,0
5,RIGHT_EYE,0.5841267108917236,0.4875917136669159,-0.007946766912937164,0,0
5,RIGHT_EYE_OUTER,0.5837084650993347,0.4872853457927704,-0.007981591857969761,0,0
5,LEFT_EAR,0.5765755772590637,0.4861741364002228,0.031000202521681786,0,0
5,RIGHT_EAR,0.5787255764007568,0.4882124066352844,-0.04368056356906891,0,0
5,MOUTH_LEFT,0.5824318528175354,0.5054744482040405,0.015272727236151695,0,0
5,MOUTH_RIGHT,0.5825727581977844,0.5057336091995239,-0.006557353772222996,0,0
5,LEFT_SHOULDER,0.5579588413238525,0.5197972655296326,0.08133093267679214,0,0
5,RIGHT_SHOULDER,0.5677110552787781,0.5272645354270935,-0.08487720042467117,0,0
5,LEFT_ELBOW,0.5556707382202148,0.5746477246284485,0.14098817110061646,0,0
5,RIGHT_ELBOW,0.5607682466506958,0.5888324975967407,-0.10787715017795563,0,0
5,LEFT_WRIST,0.5744778513908386,0.593142569065094,0.17033226788043976,0,0
5,RIGHT_WRIST,0.5846453309059143,0.6300355195999146,-0.09945439547300339,0,0
5,LEFT_PINKY,0.5789164304733276,0.5968677401542664,0.18100598454475403,0,0
5,RIGHT_PINKY,0.5903024077415466,0.6377760767936707,-0.1112309917807579,0,0
5,LEFT_INDEX,0.5837514400482178,0.5955439805984497,0.16829511523246765,0,0
5,RIGHT_INDEX,0.5929590463638306,0.6325668096542358,-0.10611741989850998,0,0
5,LEFT_THUMB,0.5827838778495789,0.5942453742027283,0.16542890667915344,0,0
5,RIGHT_THUMB,0.5907917022705078,0.6301485300064087,-0.09635327756404877,0,0
5,LEFT_HIP,0.5371449589729309,0.6480952501296997,0.05203886702656746,0,0
5,RIGHT_HIP,0.5503063201904297,0.6539206504821777,-0.05206873267889023,0,0
5,LEFT_KNEE,0.5415928959846497,0.7269902229309082,0.09708286821842194,0,0
5,RIGHT_KNEE,0.5616176128387451,0.7397002577781677,-0.01750642992556095,0,0
5,LEFT_ANKLE,0.5205667018890381,0.8130963444709778,0.14534327387809753,0,0
5,RIGHT_ANKLE,0.5578089356422424,0.8407518863677979,0.017877275124192238,0,0
5,LEFT_HEEL,0.5134754776954651,0.8292532563209534,0.148818239569664,0,0
5,RIGHT_HEEL,0.55335932970047,0.8566981554031372,0.020606042817234993,0,0
5,LEFT_FOOT_INDEX,0.5385540127754211,0.8248031139373779,0.1374831199645996,0,0
5,RIGHT_FOOT_INDEX,0.5788496732711792,0.8531964421272278,-0.004790512844920158,0,0
6,NOSE,0.5867353677749634,0.5003265738487244,-0.004341023042798042,0,0
6,LEFT_EYE_INNER,0.5856584906578064,0.4885803163051605,0.0007926906691864133,0,0
6,LEFT_EYE,0.5849510431289673,0.4877779483795166,0.0007796037825755775,0,0
6,LEFT_EYE_OUTER,0.5841516852378845,0.4870360195636749,0.0007803616463206708,0,0
6,RIGHT_EYE_INNER,0.585969865322113,0.4890453815460205,-0.016724256798624992,0,0
6,RIGHT_EYE,0.5855971574783325,0.4885993003845215,-0.016726402565836906,0,0
6,RIGHT_EYE_OUTER,0.5851470232009888,0.48820194602012634,-0.016764461994171143,0,0
6,LEFT_EAR,0.5781586766242981,0.486873596906662,0.02752777561545372,0,0
6,RIGHT_EAR,0.5800760984420776,0.4887615144252777,-0.051303617656230927,0,0
6,MOUTH_LEFT,0.5838509798049927,0.5069783926010132,0.00807312224060297,0,0
6,MOUTH_RIGHT,0.5838626623153687,0.5070156455039978,-0.014896348118782043,0,0
6,LEFT_SHOULDER,0.5596810579299927,0.5198348164558411,0.08087470382452011,0,0
6,RIGHT_SHOULDER,0.567704439163208,0.5249634981155396,-0.09116757661104202,0,0
6,LEFT_ELBOW,0.5562163591384888,0.5784100890159607,0.11489837616682053,0,0
6,RIGHT_ELBOW,0.5607712268829346,0.5846726894378662,-0.12308132648468018,0,0
6,LEFT_WRIST,0.5765218138694763,0.6105142831802368,0.09820471704006195,0,0
6,RIGHT_WRIST,0.5875695943832397,0.6223081350326538,-0.12915416061878204,0,0
6,LEFT_PINKY,0.5817700624465942,0.6189326047897339,0.10191165655851364,0,0
6,RIGHT_PINKY,0.5938616991043091,0.6326561570167542,-0.14701609313488007,0,0
6,LEFT_INDEX,0.5876590609550476,0.6147592067718506,0.0863344669342041,0,0
6,RIGHT_INDEX,0.596962034702301,0.6270275712013245,-0.13775627315044403,0,0
6,LEFT_THUMB,0.5870607495307922,0.6122632622718811,0.09059365093708038,0,0
6,RIGHT_THUMB,0.5944121479988098,0.6237866282463074,-0.12524141371250153,0,0
6,LEFT_HIP,0.537825882434845,0.6481600999832153,0.05277286842465401,0,0
6,RIGHT_HIP,0.5500980615615845,0.653878390789032,-0.05276406556367874,0,0
6,LEFT_KNEE,0.5435870289802551,0.7270351052284241,0.09603151679039001,0,0
6,RIGHT_KNEE,0.5615502595901489,0.739612877368927,-0.017460698261857033,0,0
6,LEFT_ANKLE,0.5179736614227295,0.8105043172836304,0.14518870413303375,0,0
6,RIGHT_ANKLE,0.5578181743621826,0.8407537937164307,0.02252916246652603,0,0
6,LEFT_HEEL,0.5096578001976013,0.8280754089355469,0.14855290949344635,0,0
6,RIGHT_HEEL,0.553575336933136,0.856752336025238,0.02510782890021801,0,0
6,LEFT_FOOT_INDEX,0.537006676197052,0.8263000249862671,0.1348293274641037,0,0
6,RIGHT_FOOT_INDEX,0.5789442658424377,0.8531304001808167,-0.003089457517489791,0,0
7,NOSE,0.5879132151603699,0.5020713210105896,-0.003888408886268735,0,0
7,LEFT_EYE_INNER,0.5868807435035706,0.49008721113204956,0.000831092766020447,0,0
7,LEFT_EYE,0.5861461162567139,0.4892319142818451,0.0008184047765098512,0,0
7,LEFT_EYE_OUTER,0.5852956771850586,0.48841163516044617,0.0008146404870785773,0,0
7,RIGHT_EYE_INNER,0.5872222781181335,0.490440309047699,-0.01669134572148323,0,0
7,RIGHT_EYE,0.5868620276451111,0.48990875482559204,-0.01669805496931076,0,0
7,RIGHT_EYE_OUTER,0.5864132046699524,0.48940542340278625,-0.016738515347242355,0,0
7,LEFT_EAR,0.5790233016014099,0.4880836308002472,0.02762451209127903,0,0
7,RIGHT_EAR,0.5810516476631165,0.48982030153274536,-0.051670052111148834,0,0
7,MOUTH_LEFT,0.5848930478096008,0.5084348320960999,0.008548044599592686,0,0
7,MOUTH_RIGHT,0.5848491787910461,0.5083316564559937,-0.014584396034479141,0,0
7,LEFT_SHOULDER,0.5607919692993164,0.5201447010040283,0.0811777114868164,0,0
7,RIGHT_SHOULDER,0.5677024126052856,0.5250006318092346,-0.09227482974529266,0,0
7,LEFT_ELBOW,0.5566738247871399,0.5798016786575317,0.11841501295566559,0,0
7,RIGHT_ELBOW,0.5609305500984192,0.5804115533828735,-0.1477217823266983,0,0
7,LEFT_WRIST,0.5810723900794983,0.6136246919631958,0.12177398055791855,0,0
7,RIGHT_WRIST,0.5918257832527161,0.6123886704444885,-0.18600334227085114,0,0
7,LEFT_PINKY,0.586100697517395,0.6183200478553772,0.12930461764335632,0,0
7,RIGHT_PINKY,0.5985020399093628,0.6192606091499329,-0.2071489542722702,0,0
7,LEFT_INDEX,0.5914658904075623,0.6150843501091003,0.11413094401359558,0,0
7,RIGHT_INDEX,0.6017769575119019,0.6137716770172119,-0.19564111530780792,0,0
7,LEFT_THUMB,0.5901466608047485,0.6136513352394104,0.11509508639574051,0,0
7,RIGHT_THUMB,0.5987797975540161,0.6118357181549072,-0.18193994462490082,0,0
7,LEFT_HIP,0.5383917689323425,0.648358941078186,0.05308765172958374,0,0
7,RIGHT_HIP,0.550043523311615,0.6544085741043091,-0.053058918565511703,0,0
7,LEFT_KNEE,0.5450280904769897,0.7270526885986328,0.09473483264446259,0,0
7,RIGHT_KNEE,0.5614261627197266,0.7395784854888916,-0.021769875660538673,0,0
7,LEFT_ANKLE,0.5161267518997192,0.809693455696106,0.14250780642032623,0,0
7,RIGHT_ANKLE,0.5577970147132874,0.8408189415931702,0.020206408575177193,0,0
7,LEFT_HEEL,0.5073120594024658,0.8265701532363892,0.1454300582408905,0,0
7,RIGHT_HEEL,0.5535744428634644,0.85698401927948,0.023027237504720688,0,0
7,LEFT_FOOT_INDEX,0.5360742211341858,0.8285173177719116,0.12694725394248962,0,0
7,RIGHT_FOOT_INDEX,0.5789422988891602,0.8531293272972107,-0.009936711750924587,0,0
8,NOSE,0.5885207056999207,0.5034916400909424,-0.01766277477145195,0,0
8,LEFT_EYE_INNER,0.5874411463737488,0.4913584887981415,-0.011794820427894592,0,0
8,LEFT_EYE,0.586690366268158,0.490498811006546,-0.01180684007704258,0,0
8,LEFT_EYE_OUTER,0.5858369469642639,0.4896741509437561,-0.011819431558251381,0,0
8,RIGHT_EYE_INNER,0.5878665447235107,0.49172237515449524,-0.028491433709859848,0,0
8,RIGHT_EYE,0.5875380635261536,0.49118930101394653,-0.028490059077739716,0,0
8,RIGHT_EYE_OUTER,0.5871331095695496,0.490678071975708,-0.02850927785038948,0,0
8,LEFT_EAR,0.5796060562133789,0.4892095923423767,0.020641569048166275,0,0
8,RIGHT_EAR,0.5817025899887085,0.4909093677997589,-0.05549962446093559,0,0
8,MOUTH_LEFT,0.585594117641449,0.5096623301506042,-0.003368094563484192,0,0
8,MOUTH_RIGHT,0.5855554938316345,0.5096400380134583,-0.025538107380270958,0,0
8,LEFT_SHOULDER,0.5631252527236938,0.5222553610801697,0.07664047926664352,0,0
8,RIGHT_SHOULDER,0.5675817728042603,0.5256018042564392,-0.09223321080207825,0,0
8,LEFT_ELBOW,0.5684329271316528,0.5773446559906006,0.13753701746463776,0,0
8,RIGHT_ELBOW,0.5636536478996277,0.5779914855957031,-0.15560850501060486,0,0
8,LEFT_WRIST,0.6028848886489868,0.5978932976722717,0.161807119846344,0,0
8,RIGHT_WRIST,0.5979578495025635,0.5999173521995544,-0.2030092179775238,0,0
8,LEFT_PINKY,0.615185022354126,0.5899375677108765,0.1715291291475296,0,0
8,RIGHT_PINKY,0.6077290773391724,0.6019186973571777,-0.2241934984922409,0,0
8,LEFT_INDEX,0.6170691251754761,0.5899671912193298,0.15512052178382874,0,0
8,RIGHT_INDEX,0.6111835241317749,0.5963439345359802,-0.21645855903625488,0,0
8,LEFT_THUMB,0.6141693592071533,0.5905380845069885,0.15551108121871948,0,0
8,RIGHT_THUMB,0.6072875261306763,0.5959481596946716,-0.20063289999961853,0,0
8,LEFT_HIP,0.5390485525131226,0.648400068283081,0.05300360545516014,0,0
8,RIGHT_HIP,0.5496021509170532,0.6548192501068115,-0.052958130836486816,0,0
8,LEFT_KNEE,0.5457574129104614,0.7275975942611694,0.08550237864255905,0,0
8,RIGHT_KNEE,0.5613629221916199,0.7395272254943848,-0.02709290385246277,0,0
8,LEFT_ANKLE,0.5151229500770569,0.8095059394836426,0.12321126461029053,0,0
8,RIGHT_ANKLE,0.5575427412986755,0.8412342071533203,0.002458436181768775,0,0
8,LEFT_HEEL,0.5059152841567993,0.8258430361747742,0.12531901895999908,0,0
8,RIGHT_HEEL,0.5525643825531006,0.8575514554977417,0.004073528107255697,0,0
8,LEFT_FOOT_INDEX,0.534775972366333,0.8304239511489868,0.10859596729278564,0,0
8,RIGHT_FOOT_INDEX,0.5789998173713684,0.8532972931861877,-0.02183542214334011,0,0
9,NOSE,0.5900058746337891,0.5046288371086121,-0.023303793743252754,0,0
9,LEFT_EYE_INNER,0.5891184210777283,0.4925489127635956,-0.01702178083360195,0,0
9,LEFT_EYE,0.5884005427360535,0.49164333939552307,-0.01704421453177929,0,0
9,LEFT_EYE_OUTER,0.5875223875045776,0.49072712659835815,-0.017055852338671684,0,0
9,RIGHT_EYE_INNER,0.5894704461097717,0.4929458200931549,-0.03503052517771721,0,0
9,RIGHT_EYE,0.589134931564331,0.49239298701286316,-0.03502430021762848,0,0
9,RIGHT_EYE_OUTER,0.588688850402832,0.49184492230415344,-0.03502720594406128,0,0
9,LEFT_EAR,0.5811376571655273,0.4898573160171509,0.016700536012649536,0,0
9,RIGHT_EAR,0.5831888318061829,0.4917929768562317,-0.06506093591451645,0,0
9,MOUTH_LEFT,0.5870395302772522,0.51051926612854,-0.00854569673538208,0,0
9,MOUTH_RIGHT,0.5870504975318909,0.5105161666870117,-0.032367952167987823,0,0
9,LEFT_SHOULDER,0.5652839541435242,0.5235860347747803,0.07318392395973206,0,0
9,RIGHT_SHOULDER,0.5676127672195435,0.528900146484375,-0.1012030765414238,0,0
9,LEFT_ELBOW,0.581778883934021,0.5705971717834473,0.13586091995239258,0,0
9,RIGHT_ELBOW,0.5705840587615967,0.5780737996101379,-0.1630682349205017,0,0
9,LEFT_WRIST,0.6172621846199036,0.5731610059738159,0.12788403034210205,0,0
9,RIGHT_WRIST,0.6057725548744202,0.5848698616027832,-0.19843454658985138,0,0
9,LEFT_PINKY,0.6254922151565552,0.5654023885726929,0.13132911920547485,0,0
9,RIGHT_PINKY,0.6153415441513062,0.580595850944519,-0.2205112874507904,0,0
9,LEFT_INDEX,0.6265437006950378,0.5612711310386658,0.11488381773233414,0,0
9,RIGHT_INDEX,0.6167098879814148,0.574688732624054,-0.2133939266204834,0,0
9,LEFT_THUMB,0.6230615973472595,0.5651135444641113,0.12046095728874207,0,0
9,RIGHT_THUMB,0.6137915849685669,0.5761021971702576,-0.1959715634584427,0,0
9,LEFT_HIP,0.5392177104949951,0.6483919024467468,0.05464940145611763,0,0
9,RIGHT_HIP,0.54822838306427,0.6563132405281067,-0.054616689682006836,0,0
9,LEFT_KNEE,0.5472287535667419,0.7289617657661438,0.09281842410564423,0,0
9,RIGHT_KNEE,0.5613480806350708,0.7394319176673889,-0.03877953812479973,0,0
9,LEFT_ANKLE,0.5155077576637268,0.8100722432136536,0.14100342988967896,0,0
9,RIGHT_ANKLE,0.5574859380722046,0.8414058089256287,-0.013199668377637863,0,0
9,LEFT_HEEL,0.5063566565513611,0.8265714645385742,0.14381317794322968,0,0
9,RIGHT_HEEL,0.5523117780685425,0.8578028082847595,-0.012279842980206013,0,0
9,LEFT_FOOT_INDEX,0.5348638296127319,0.8345373868942261,0.1248415857553482,0,0
9,RIGHT_FOOT_INDEX,0.5790122151374817,0.8539168238639832,-0.04194967448711395,0,0
10,NOSE,0.5912526249885559,0.5049189329147339,-0.024723581969738007,0,0
10,LEFT_EYE_INNER,0.5905723571777344,0.4932764768600464,-0.017412373796105385,0,0
10,LEFT_EYE,0.5899694561958313,0.49247753620147705,-0.017427843064069748,0,0
10,LEFT_EYE_OUTER,0.5892394185066223,0.49168553948402405,-0.017428526654839516,0,0
10,RIGHT_EYE_INNER,0.590654730796814,0.49347856640815735,-0.0348220095038414,0,0
10,RIGHT_EYE,0.5902179479598999,0.492848664522171,-0.03481782600283623,0,0
10,RIGHT_EYE_OUTER,0.5896993279457092,0.4922173321247101,-0.034828443080186844,0,0
10,LEFT_EAR,0.5832499265670776,0.4907885491847992,0.01990611106157303,0,0
10,RIGHT_EAR,0.5843843817710876,0.4918764531612396,-0.05895666405558586,0,0
10,MOUTH_LEFT,0.5882666110992432,0.5105080008506775,-0.008627040311694145,0,0
10,MOUTH_RIGHT,0.5881754159927368,0.5104047060012817,-0.03160358592867851,0,0
10,LEFT_SHOULDER,0.5723403692245483,0.5306188464164734,0.07386113703250885,0,0
10,RIGHT_SHOULDER,0.566951334476471,0.5285200476646423,-0.0976567342877388,0,0
10,LEFT_ELBOW,0.596006453037262,0.5713233947753906,0.12033043056726456,0,0
10,RIGHT_ELBOW,0.5686922073364258,0.5714560747146606,-0.17176871001720428,0,0
10,LEFT_WRIST,0.6211997866630554,0.5622601509094238,0.10303638875484467,0,0
10,RIGHT_WRIST,0.5990785360336304,0.5687114000320435,-0.211101695895195,0,0
10,LEFT_PINKY,0.6289669871330261,0.5522255301475525,0.10527505725622177,0,0
10,RIGHT_PINKY,0.6063041687011719,0.5658380389213562,-0.2312684804201126,0,0
10,LEFT_INDEX,0.6285967230796814,0.5488603711128235,0.09389413148164749,0,0
10,RIGHT_INDEX,0.608054518699646,0.5608008503913879,-0.2242741882801056,0,0
10,LEFT_THUMB,0.6257349252700806,0.5516056418418884,0.09731245040893555,0,0
10,RIGHT_THUMB,0.6052669286727905,0.5622032880783081,-0.20864471793174744,0,0
10,LEFT_HIP,0.5414206981658936,0.6489979028701782,0.05514654889702797,0,0
10,RIGHT_HIP,0.5463936924934387,0.6561594009399414,-0.055123861879110336,0,0
10,LEFT_KNEE,0.5479965209960938,0.7303189039230347,0.0895543172955513,0,0
10,RIGHT_KNEE,0.561147153377533,0.7393550276756287,-0.05130793899297714,0,0
10,LEFT_ANKLE,0.5165369510650635,0.8102352023124695,0.13466142117977142,0,0
10,RIGHT_ANKLE,0.5574935078620911,0.8423293232917786,-0.036868076771497726,0,0
10,LEFT_HEEL,0.5075522065162659,0.8267881870269775,0.1367691159248352,0,0
10,RIGHT_HEEL,0.552329957485199,0.8592173457145691,-0.03725152462720871,0,0
10,LEFT_FOOT_INDEX,0.5349629521369934,0.836213231086731,0.11554337292909622,0,0
10,RIGHT_FOOT_INDEX,0.579068124294281,0.8542928099632263,-0.07200226187705994,0,0
11,NOSE,0.5915805697441101,0.5050508975982666,-0.03532345965504646,0,0
11,LEFT_EYE_INNER,0.5912219285964966,0.4939870834350586,-0.02832626737654209,0,0
11,LEFT_EYE,0.5907513499259949,0.4933027923107147,-0.02834347076714039,0,0
11,LEFT_EYE_OUTER,0.5901873707771301,0.4926171898841858,-0.028339263051748276,0,0
11,RIGHT_EYE_INNER,0.5911814570426941,0.49406400322914124,-0.04528629407286644,0,0
11,RIGHT_EYE,0.5907508730888367,0.49341917037963867,-0.045276377350091934,0,0
11,RIGHT_EYE_OUTER,0.5902445912361145,0.4927562475204468,-0.045275695621967316,0,0
11,LEFT_EAR,0.5846809148788452,0.4919208586215973,0.01139937061816454,0,0
11,RIGHT_EAR,0.5850126147270203,0.4923674464225769,-0.06527774035930634,0,0
11,MOUTH_LEFT,0.588530957698822,0.5108727216720581,-0.018479449674487114,0,0
11,MOUTH_RIGHT,0.5882699489593506,0.5107799172401428,-0.04081923887133598,0,0
11,LEFT_SHOULDER,0.5741427540779114,0.5377081036567688,0.0655953660607338,0,0
11,RIGHT_SHOULDER,0.5667930841445923,0.5284429788589478,-0.1004113182425499,0,0
11,LEFT_ELBOW,0.6010351181030273,0.5714890360832214,0.07727936655282974,0,0
11,RIGHT_ELBOW,0.5690451264381409,0.5665397644042969,-0.17326167225837708,0,0
11,LEFT_WRIST,0.622275710105896,0.5515085458755493,0.02783099189400673,0,0
11,RIGHT_WRIST,0.599903404712677,0.5530505180358887,-0.20521947741508484,0,0
11,LEFT_PINKY,0.6269544363021851,0.5420839786529541,0.022955793887376785,0,0
11,RIGHT_PINKY,0.6075928807258606,0.5480980277061462,-0.22554858028888702,0,0
11,LEFT_INDEX,0.6265262961387634,0.5375319123268127,0.016238335520029068,0,0
11,RIGHT_INDEX,0.6102003455162048,0.5418076515197754,-0.22017337381839752,0,0
11,LEFT_THUMB,0.6244606375694275,0.5398445129394531,0.023161176592111588,0,0
11,RIGHT_THUMB,0.6074074506759644,0.5436047911643982,-0.20333166420459747,0,0
11,LEFT_HIP,0.540757417678833,0.6493408679962158,0.05482940375804901,0,0
11,RIGHT_HIP,0.5450059175491333,0.6562472581863403,-0.05481339991092682,0,0
11,LEFT_KNEE,0.5477535128593445,0.7318501472473145,0.09337697923183441,0,0
11,RIGHT_KNEE,0.5611217617988586,0.7422547340393066,-0.04791365563869476,0,0
11,LEFT_ANKLE,0.5174095630645752,0.8103375434875488,0.14189009368419647,0,0
11,RIGHT_ANKLE,0.557517409324646,0.8424592614173889,-0.028233183547854424,0,0
11,LEFT_HEEL,0.5085472464561462,0.8268466591835022,0.14477166533470154,0,0
11,RIGHT_HEEL,0.5521090626716614,0.8597983121871948,-0.027909696102142334,0,0
11,LEFT_FOOT_INDEX,0.5352556109428406,0.8356176614761353,0.12386325001716614,0,0
11,RIGHT_FOOT_INDEX,0.5790652632713318,0.8544414639472961,-0.060693759471178055,0,0
12,NOSE,0.5929595828056335,0.5079944133758545,-0.05810866877436638,0,0
12,LEFT_EYE_INNER,0.5926545858383179,0.4970029592514038,-0.05020618811249733,0,0
12,LEFT_EYE,0.5922447443008423,0.4963926672935486,-0.05022209882736206,0,0
12,LEFT_EYE_OUTER,0.591769814491272,0.4957399070262909,-0.05022009089589119,0,0
12,RIGHT_EYE_INNER,0.5923486351966858,0.49686506390571594,-0.06696690618991852,0,0
12,RIGHT_EYE,0.5917665958404541,0.49613597989082336,-0.06695437431335449,0,0
12,RIGHT_EYE_OUTER,0.5911190509796143,0.495352178812027,-0.06693863868713379,0,0
12,LEFT_EAR,0.5864380598068237,0.4943041205406189,-0.005541942548006773,0,0
12,RIGHT_EAR,0.5855194926261902,0.494392067193985,-0.08106760680675507,0,0
12,MOUTH_LEFT,0.5902948975563049,0.5144598484039307,-0.03966948017477989,0,0
12,MOUTH_RIGHT,0.5896388292312622,0.5138726830482483,-0.06168319657444954,0,0
12,LEFT_SHOULDER,0.5764691829681396,0.541263222694397,0.04874587431550026,0,0
12,RIGHT_SHOULDER,0.5658952593803406,0.5284285545349121,-0.11511063575744629,0,0
12,LEFT_ELBOW,0.6064859628677368,0.5726026892662048,0.047039344906806946,0,0
12,RIGHT_ELBOW,0.5687496662139893,0.5575900077819824,-0.20629331469535828,0,0
12,LEFT_WRIST,0.6236404180526733,0.5464407205581665,-0.011342739686369896,0,0
12,RIGHT_WRIST,0.6012133955955505,0.5332731008529663,-0.25107109546661377,0,0
12,LEFT_PINKY,0.6265831589698792,0.5334357619285583,-0.01925053261220455,0,0
12,RIGHT_PINKY,0.609827995300293,0.5251322984695435,-0.27404090762138367,0,0
12,LEFT_INDEX,0.6249483227729797,0.528195321559906,-0.022373510524630547,0,0
12,RIGHT_INDEX,0.6109842658042908,0.5198570489883423,-0.2681145668029785,0,0
12,LEFT_THUMB,0.6230080127716064,0.5324651002883911,-0.015000751242041588,0,0
12,RIGHT_THUMB,0.6084902286529541,0.5225867033004761,-0.2495351880788803,0,0
12,LEFT_HIP,0.5403944253921509,0.6496909856796265,0.05466187745332718,0,0
12,RIGHT_HIP,0.5429869294166565,0.6559539437294006,-0.05465463548898697,0,0
12,LEFT_KNEE,0.5485139489173889,0.7316605448722839,0.09904003888368607,0,0
12,RIGHT_KNEE,0.5611447691917419,0.7420271635055542,-0.05265546590089798,0,0
12,LEFT_ANKLE,0.5194224119186401,0.8100897073745728,0.15573358535766602,0,0
12,RIGHT_ANKLE,0.5576865077018738,0.8425519466400146,-0.03809073939919472,0,0
12,LEFT_HEEL,0.510650098323822,0.824993908405304,0.15936179459095,0,0
12,RIGHT_HEEL,0.5521172881126404,0.8599271178245544,-0.038869693875312805,0,0
12,LEFT_FOOT_INDEX,0.5385295748710632,0.8368292450904846,0.13736343383789062,0,0
12,RIGHT_FOOT_INDEX,0.5788975358009338,0.8544807434082031,-0.07722285389900208,0,0
13,NOSE,0.5958346724510193,0.5112059712409973,-0.04812702164053917,0,0
13,LEFT_EYE_INNER,0.5956161618232727,0.5020108222961426,-0.04056769981980324,0,0
13,LEFT_EYE,0.5952329039573669,0.5015085339546204,-0.04058317467570305,0,0
13,LEFT_EYE_OUTER,0.5947936177253723,0.5009889006614685,-0.04058908298611641,0,0
13,RIGHT_EYE_INNER,0.5949732065200806,0.5015907287597656,-0.05747387930750847,0,0
13,RIGHT_EYE,0.5941179394721985,0.500719428062439,-0.0574658140540123,0,0
13,RIGHT_EYE_OUTER,0.5931780338287354,0.499806672334671,-0.05745142325758934,0,0
13,LEFT_EAR,0.5892334580421448,0.4987799823284149,0.002139797667041421,0,0
13,RIGHT_EAR,0.586807131767273,0.49768954515457153,-0.07437659054994583,0,0
13,MOUTH_LEFT,0.5931262969970703,0.5180417895317078,-0.030186738818883896,0,0
13,MOUTH_RIGHT,0.5919628143310547,0.5168224573135376,-0.05263451114296913,0,0
13,LEFT_SHOULDER,0.5791012644767761,0.5441732406616211,0.05613667517900467,0,0
13,RIGHT_SHOULDER,0.565582275390625,0.528420627117157,-0.10669922828674316,0,0
13,LEFT_ELBOW,0.6085206270217896,0.5726141333580017,0.08475320041179657,0,0
13,RIGHT_ELBOW,0.5682180523872375,0.5521305799484253,-0.20201246440410614,0,0
13,LEFT_WRIST,0.6263844966888428,0.5489469766616821,0.06307907402515411,0,0
13,RIGHT_WRIST,0.5986581444740295,0.5226244330406189,-0.261857807636261,0,0
13,LEFT_PINKY,0.6299461126327515,0.5382804274559021,0.06349548697471619,0,0
13,RIGHT_PINKY,0.6079288125038147,0.5125373601913452,-0.28440573811531067,0,0
13,LEFT_INDEX,0.6286990642547607,0.5339374542236328,0.04556894302368164,0,0
13,RIGHT_INDEX,0.6090531945228577,0.5097780227661133,-0.27863234281539917,0,0
13,LEFT_THUMB,0.6269476413726807,0.5377246141433716,0.0554753877222538,0,0
13,RIGHT_THUMB,0.6077294945716858,0.5137279629707336,-0.2606338560581207,0,0
13,LEFT_HIP,0.5401598811149597,0.6500369906425476,0.05456012859940529,0,0
13,RIGHT_HIP,0.5417131185531616,0.6558690667152405,-0.05455391854047775,0,0
13,LEFT_KNEE,0.5481666326522827,0.7315768003463745,0.09808491915464401,0,0
13,RIGHT_KNEE,0.5611383318901062,0.7415273785591125,-0.04957050830125809,0,0
13,LEFT_ANKLE,0.521091639995575,0.8101751804351807,0.14979693293571472,0,0
13,RIGHT_ANKLE,0.557866632938385,0.842252790927887,-0.0358223058283329,0,0
13,LEFT_HEEL,0.5111585259437561,0.8243556022644043,0.1531052440404892,0,0
13,RIGHT_HEEL,0.5524916052818298,0.8593958616256714,-0.03630885109305382,0,0
13,LEFT_FOOT_INDEX,0.5403497219085693,0.837181031703949,0.1335490196943283,0,0
13,RIGHT_FOOT_INDEX,0.5794026851654053,0.8544436693191528,-0.0711638480424881,0,0
14,NOSE,0.5976840853691101,0.5103774070739746,-0.03875133767724037,0,0
14,LEFT_EYE_INNER,0.5976994633674622,0.5013608336448669,-0.030749235302209854,0,0
14,LEFT_EYE,0.59748774766922,0.5010712146759033,-0.030766742303967476,0,0
14,LEFT_EYE_OUTER,0.5971841216087341,0.5007615089416504,-0.030771518126130104,0,0
14,RIGHT_EYE_INNER,0.5966366529464722,0.5007480382919312,-0.04799018055200577,0,0
14,RIGHT_EYE,0.5956830978393555,0.49996790289878845,-0.047981809824705124,0,0
14,RIGHT_EYE_OUTER,0.5946531295776367,0.49914196133613586,-0.04796722158789635,0,0
14,LEFT_EAR,0.5908092856407166,0.49949973821640015,0.006456812843680382,0,0
14,RIGHT_EAR,0.5881493091583252,0.49770763516426086,-0.06855010241270065,0,0
14,MOUTH_LEFT,0.5946499109268188,0.5173502564430237,-0.020752571523189545,0,0
14,MOUTH_RIGHT,0.5932838320732117,0.5164076685905457,-0.043682873249053955,0,0
14,LEFT_SHOULDER,0.5808610320091248,0.5439170598983765,0.06396491825580597,0,0
14,RIGHT_SHOULDER,0.5655443668365479,0.5287860631942749,-0.10161086916923523,0,0
14,LEFT_ELBOW,0.6100050210952759,0.5726184248924255,0.09977695345878601,0,0
14,RIGHT_ELBOW,0.5673704743385315,0.5493137836456299,-0.19851143658161163,0,0
14,LEFT_WRIST,0.6325667500495911,0.5555081367492676,0.07257252186536789,0,0
14,RIGHT_WRIST,0.5922205448150635,0.5203275084495544,-0.2707599997520447,0,0
14,LEFT_PINKY,0.6388607621192932,0.547745406627655,0.07311879098415375,0,0
14,RIGHT_PINKY,0.5986193418502808,0.5109830498695374,-0.293691486120224,0,0
14,LEFT_INDEX,0.6384521126747131,0.5435870289802551,0.05468292906880379,0,0
14,RIGHT_INDEX,0.598341166973114,0.5070163011550903,-0.28852540254592896,0,0
14,LEFT_THUMB,0.6357829570770264,0.5462315678596497,0.06310760229825974,0,0
14,RIGHT_THUMB,0.5965990424156189,0.5114511251449585,-0.2699180543422699,0,0
14,LEFT_HIP,0.540132462978363,0.6500280499458313,0.0557711124420166,0,0
14,RIGHT_HIP,0.5413036942481995,0.6558156609535217,-0.05580727010965347,0,0
14,LEFT_KNEE,0.5481102466583252,0.7302634716033936,0.1121615543961525,0,0
14,RIGHT_KNEE,0.5609375238418579,0.7403523921966553,-0.053562261164188385,0,0
14,LEFT_ANKLE,0.5241903066635132,0.8103159666061401,0.16781125962734222,0,0
14,RIGHT_ANKLE,0.5579102039337158,0.8420397043228149,-0.04643644765019417,0,0
14,LEFT_HEEL,0.514447033405304,0.8244887590408325,0.17178882658481598,0,0
14,RIGHT_HEEL,0.5527781248092651,0.8590878844261169,-0.047357227653265,0,0
14,LEFT_FOOT_INDEX,0.5419920682907104,0.8366227149963379,0.15503057837486267,0,0
14,RIGHT_FOOT_INDEX,0.5798168778419495,0.8544197082519531,-0.08141564577817917,0,0
15,NOSE,0.5967956185340881,0.5100553035736084,-0.03674404323101044,0,0
15,LEFT_EYE_INNER,0.5967199802398682,0.5010648965835571,-0.02840462513267994,0,0
15,LEFT_EYE,0.5965065360069275,0.500823974609375,-0.02842637151479721,0,0
15,LEFT_EYE_OUTER,0.5962169170379639,0.5005326867103577,-0.02843392826616764,0,0
15,RIGHT_EYE_INNER,0.5956833958625793,0.5004733204841614,-0.04478025436401367,0,0
15,RIGHT_EYE,0.5947601795196533,0.49980366230010986,-0.04477659612894058,0,0
15,RIGHT_EYE_OUTER,0.5937734842300415,0.4990682005882263,-0.04475856199860573,0,0
15,LEFT_EAR,0.5902206301689148,0.4992726743221283,0.010584632866084576,0,0
15,RIGHT_EAR,0.5874071717262268,0.4977678656578064,-0.05947441607713699,0,0
15,MOUTH_LEFT,0.5940489172935486,0.517056941986084,-0.01838770881295204,0,0
15,MOUTH_RIGHT,0.5927378535270691,0.5163477659225464,-0.04030509665608406,0,0
15,LEFT_SHOULDER,0.5817118883132935,0.5438754558563232,0.0684281438589096,0,0
15,RIGHT_SHOULDER,0.5658580660820007,0.5285497903823853,-0.08920242637395859,0,0
15,LEFT_ELBOW,0.6112635135650635,0.574641227722168,0.09971053153276443,0,0
15,RIGHT_ELBOW,0.5650518536567688,0.5490951538085938,-0.18758468329906464,0,0
15,LEFT_WRIST,0.6393585801124573,0.5700388550758362,0.07096410542726517,0,0
15,RIGHT_WRIST,0.5880536437034607,0.5173556804656982,-0.2703168988227844,0,0
15,LEFT_PINKY,0.6471831798553467,0.5699447989463806,0.07251694798469543,0,0
15,RIGHT_PINKY,0.5926367044448853,0.5103772878646851,-0.29504165053367615,0,0
15,LEFT_INDEX,0.6473074555397034,0.5661522150039673,0.05865035206079483,0,0
15,RIGHT_INDEX,0.5926147103309631,0.507195770740509,-0.28912875056266785,0,0
15,LEFT_THUMB,0.6446408033370972,0.5664063096046448,0.0644565299153328,0,0
15,RIGHT_THUMB,0.5910457968711853,0.5106118321418762,-0.26970914006233215,0,0
15,LEFT_HIP,0.538457453250885,0.6491448879241943,0.05552614852786064,0,0
15,RIGHT_HIP,0.542012631893158,0.655761182308197,-0.0555584654211998,0,0
15,LEFT_KNEE,0.5460039973258972,0.7286801934242249,0.12064588814973831,0,0
15,RIGHT_KNEE,0.5604627728462219,0.7403168082237244,-0.05842095613479614,0,0
15,LEFT_ANKLE,0.5267477631568909,0.8104458451271057,0.18216989934444427,0,0
15,RIGHT_ANKLE,0.5579380393028259,0.8420208692550659,-0.05919317901134491,0,0
15,LEFT_HEEL,0.5196397304534912,0.8245226144790649,0.18692897260189056,0,0
15,RIGHT_HEEL,0.5527957677841187,0.8590436577796936,-0.06094016507267952,0,0
15,LEFT_FOOT_INDEX,0.5428600907325745,0.8294827938079834,0.17237259447574615,0,0
15,RIGHT_FOOT_INDEX,0.5798242092132568,0.8542453646659851,-0.09470958262681961,0,0
16,NOSE,0.5978448987007141,0.5145624279975891,-0.03577391430735588,0,0
16,LEFT_EYE_INNER,0.5983728766441345,0.5057044625282288,-0.026851734146475792,0,0
16,LEFT_EYE,0.5982122421264648,0.5054908990859985,-0.026870816946029663,0,0
16,LEFT_EYE_OUTER,0.5979140400886536,0.5052798986434937,-0.026874180883169174,0,0
16,RIGHT_EYE_INNER,0.5971025824546814,0.5053027868270874,-0.04273807629942894,0,0
16,RIGHT_EYE,0.5961022973060608,0.5047124624252319,-0.042737409472465515,0,0
16,RIGHT_EYE_OUTER,0.5949192643165588,0.5040680170059204,-0.04272479563951492,0,0
16,LEFT_EAR,0.5925179123878479,0.5050050616264343,0.01655898429453373,0,0
16,RIGHT_EAR,0.5880977511405945,0.502728283405304,-0.05102181062102318,0,0
16,MOUTH_LEFT,0.5948094725608826,0.5208975672721863,-0.017167141661047935,0,0
16,MOUTH_RIGHT,0.5933957695960999,0.5204118490219116,-0.03843044489622116,0,0
16,LEFT_SHOULDER,0.5862319469451904,0.5467098355293274,0.07272080332040787,0,0
16,RIGHT_SHOULDER,0.5658571720123291,0.5285133123397827,-0.07925686985254288,0,0
16,LEFT_ELBOW,0.6107251048088074,0.5843096375465393,0.10409364849328995,0,0
16,RIGHT_ELBOW,0.5564454197883606,0.5536361932754517,-0.17809787392616272,0,0
16,LEFT_WRIST,0.6397197842597961,0.5945613384246826,0.07823336869478226,0,0
16,RIGHT_WRIST,0.5809863805770874,0.5211411714553833,-0.24700112640857697,0,0
16,LEFT_PINKY,0.6487424969673157,0.6001896262168884,0.08035974204540253,0,0
16,RIGHT_PINKY,0.5855510830879211,0.5106786489486694,-0.2693805992603302,0,0
16,LEFT_INDEX,0.6497862339019775,0.5960608720779419,0.06838366389274597,0,0
16,RIGHT_INDEX,0.5865897536277771,0.5075267553329468,-0.2650284171104431,0,0
16,LEFT_THUMB,0.6466264128684998,0.593465268611908,0.07253444939851761,0,0
16,RIGHT_THUMB,0.5851832628250122,0.5115814805030823,-0.24655932188034058,0,0
16,LEFT_HIP,0.5389423966407776,0.648986279964447,0.05423152446746826,0,0
16,RIGHT_HIP,0.5414062142372131,0.6547402739524841,-0.054305192083120346,0,0
16,LEFT_KNEE,0.5437726974487305,0.7282484173774719,0.12073031067848206,0,0
16,RIGHT_KNEE,0.5596780180931091,0.7402904629707336,-0.06622941046953201,0,0
16,LEFT_ANKLE,0.5286412835121155,0.8111357092857361,0.18127840757369995,0,0
16,RIGHT_ANKLE,0.5579382181167603,0.8417252898216248,-0.07481595128774643,0,0
16,LEFT_HEEL,0.5245126485824585,0.8254456520080566,0.18581752479076385,0,0
16,RIGHT_HEEL,0.5527567267417908,0.8586934804916382,-0.07710897922515869,0,0
16,LEFT_FOOT_INDEX,0.543529212474823,0.8295981287956238,0.17221957445144653,0,0
16,RIGHT_FOOT_INDEX,0.5797069072723389,0.854135274887085,-0.11136621981859207,0,0
17,NOSE,0.5985431671142578,0.5181608200073242,-0.034215014427900314,0,0
17,LEFT_EYE_INNER,0.5984373092651367,0.5085544586181641,-0.02648410201072693,0,0
17,LEFT_EYE,0.598122239112854,0.508146345615387,-0.026499057188630104,0,0
17,LEFT_EYE_OUTER,0.597712516784668,0.5077291131019592,-0.026485346257686615,0,0
17,RIGHT_EYE_INNER,0.597461998462677,0.5085269212722778,-0.03999030217528343,0,0
17,RIGHT_EYE,0.5965054631233215,0.5080181956291199,-0.03999974578619003,0,0
17,RIGHT_EYE_OUTER,0.5954180955886841,0.5074567198753357,-0.03996482118964195,0,0
17,LEFT_EAR,0.5921527147293091,0.5077579617500305,0.017764896154403687,0,0
17,RIGHT_EAR,0.5886291265487671,0.507205605506897,-0.04711508750915527,0,0
17,MOUTH_LEFT,0.5949935913085938,0.5245190262794495,-0.016760163009166718,0,0
17,MOUTH_RIGHT,0.5939381122589111,0.5243249535560608,-0.03525078296661377,0,0
17,LEFT_SHOULDER,0.5854120850563049,0.549765944480896,0.07249332964420319,0,0
17,RIGHT_SHOULDER,0.5664389133453369,0.529408872127533,-0.07020268589258194,0,0
17,LEFT_ELBOW,0.6071537733078003,0.5897125601768494,0.10990101844072342,0,0
17,RIGHT_ELBOW,0.5513840913772583,0.5545626878738403,-0.16169193387031555,0,0
17,LEFT_WRIST,0.6340914368629456,0.6158155798912048,0.09510279446840286,0,0
17,RIGHT_WRIST,0.5718981623649597,0.5273541212081909,-0.2462756186723709,0,0
17,LEFT_PINKY,0.6427664160728455,0.6241526007652283,0.10103335976600647,0,0
17,RIGHT_PINKY,0.5756655931472778,0.518379807472229,-0.2686545252799988,0,0
17,LEFT_INDEX,0.6436471939086914,0.6229075789451599,0.08525478839874268,0,0
17,RIGHT_INDEX,0.5767695307731628,0.5151743292808533,-0.2626257538795471,0,0
17,LEFT_THUMB,0.6407013535499573,0.6204223036766052,0.08873673528432846,0,0
17,RIGHT_THUMB,0.5762811899185181,0.5191844701766968,-0.245553657412529,0,0
17,LEFT_HIP,0.5365209579467773,0.6490259766578674,0.0496462918817997,0,0
17,RIGHT_HIP,0.5416308045387268,0.6549015045166016,-0.04973290488123894,0,0
17,LEFT_KNEE,0.5404523611068726,0.7299132943153381,0.11921393871307373,0,0
17,RIGHT_KNEE,0.5596702098846436,0.7393642067909241,-0.05852609500288963,0,0
17,LEFT_ANKLE,0.5289477109909058,0.8135029673576355,0.16640600562095642,0,0
17,RIGHT_ANKLE,0.5579347610473633,0.8402240872383118,-0.05477913096547127,0,0
17,LEFT_HEEL,0.5266273021697998,0.82884681224823,0.1706877499818802,0,0
17,RIGHT_HEEL,0.5525369048118591,0.856113612651825,-0.05541699379682541,0,0
17,LEFT_FOOT_INDEX,0.5477300882339478,0.8297122120857239,0.15924020111560822,0,0
17,RIGHT_FOOT_INDEX,0.5789519548416138,0.8526237607002258,-0.08710760623216629,0,0
18,NOSE,0.5999436974525452,0.5225950479507446,-0.012835178524255753,0,0
18,LEFT_EYE_INNER,0.5998054146766663,0.5128268003463745,-0.008344604633748531,0,0
18,LEFT_EYE,0.5993598103523254,0.5122150182723999,-0.008368169888854027,0,0
18,LEFT_EYE_OUTER,0.5988401174545288,0.5116116404533386,-0.008398194797337055,0,0
18,RIGHT_EYE_INNER,0.5995520353317261,0.5130725502967834,-0.024138115346431732,0,0
18,RIGHT_EYE,0.5990091562271118,0.5126106142997742,-0.024141652509570122,0,0
18,RIGHT_EYE_OUTER,0.5984048843383789,0.5121260285377502,-0.02412182092666626,0,0
18,LEFT_EAR,0.592703640460968,0.5102310180664062,0.020989656448364258,0,0
18,RIGHT_EAR,0.5920804738998413,0.5111412405967712,-0.04963541775941849,0,0
18,MOUTH_LEFT,0.5964717268943787,0.528042733669281,0.00020322490308899432,0,0
18,MOUTH_RIGHT,0.5962966084480286,0.5281884670257568,-0.021026065573096275,0,0
18,LEFT_SHOULDER,0.5796903967857361,0.5488916039466858,0.0660916119813919,0,0
18,RIGHT_SHOULDER,0.5703228712081909,0.535689651966095,-0.07582471519708633,0,0
18,LEFT_ELBOW,0.6017736196517944,0.5893761515617371,0.11905217170715332,0,0
18,RIGHT_ELBOW,0.5510171055793762,0.5598589181900024,-0.16664184629917145,0,0
18,LEFT_WRIST,0.6229961514472961,0.6274672746658325,0.1243349015712738,0,0
18,RIGHT_WRIST,0.5637661814689636,0.5321137309074402,-0.2641514539718628,0,0
18,LEFT_PINKY,0.6306445598602295,0.6399737596511841,0.1341848224401474,0,0
18,RIGHT_PINKY,0.5656404495239258,0.5257552862167358,-0.28694164752960205,0,0
18,LEFT_INDEX,0.6299476623535156,0.6390950083732605,0.11750847846269608,0,0
18,RIGHT_INDEX,0.5668003559112549,0.5236382484436035,-0.2824499011039734,0,0
18,LEFT_THUMB,0.6267477869987488,0.6351920962333679,0.11836753040552139,0,0
18,RIGHT_THUMB,0.566893458366394,0.5236396789550781,-0.26437029242515564,0,0
18,LEFT_HIP,0.5326584577560425,0.6491575241088867,0.04825693368911743,0,0
18,RIGHT_HIP,0.5421445965766907,0.6579394340515137,-0.048318441957235336,0,0
18,LEFT_KNEE,0.5394970774650574,0.7308070063591003,0.11796831339597702,0,0
18,RIGHT_KNEE,0.5597737431526184,0.7397592067718506,-0.036681342869997025,0,0
18,LEFT_ANKLE,0.5288533568382263,0.8152439594268799,0.17127566039562225,0,0
18,RIGHT_ANKLE,0.5579456090927124,0.8402334451675415,-0.01567360945045948,0,0
18,LEFT_HEEL,0.5271921157836914,0.8300072550773621,0.17590373754501343,0,0
18,RIGHT_HEEL,0.5524455904960632,0.8549938201904297,-0.013616908341646194,0,0
18,LEFT_FOOT_INDEX,0.5462808012962341,0.8298331499099731,0.16751648485660553,0,0
18,RIGHT_FOOT_INDEX,0.576320469379425,0.8516573905944824,-0.03599318489432335,0,0
19,NOSE,0.6009095311164856,0.5249254107475281,-0.00784503947943449,0,0
19,LEFT_EYE_INNER,0.6007663607597351,0.5151646137237549,-0.0028077876195311546,0,0
19,LEFT_EYE,0.6003448367118835,0.5144324898719788,-0.0028379408176988363,0,0
19,LEFT_EYE_OUTER,0.5998421311378479,0.5136873722076416,-0.002876866376027465,0,0
19,RIGHT_EYE_INNER,0.6005085706710815,0.5155393481254578,-0.019349107518792152,0,0
19,RIGHT_EYE,0.5999978184700012,0.5150718688964844,-0.019350992515683174,0,0
19,RIGHT_EYE_OUTER,0.5994576811790466,0.514567494392395,-0.019337691366672516,0,0
19,LEFT_EAR,0.5936599969863892,0.5119090676307678,0.027571236714720726,0,0
19,RIGHT_EAR,0.5936909317970276,0.5131316781044006,-0.047812290489673615,0,0
19,MOUTH_LEFT,0.5975797176361084,0.5299038887023926,0.00615368178114295,0,0
19,MOUTH_RIGHT,0.5973237752914429,0.529971718788147,-0.016171986237168312,0,0
19,LEFT_SHOULDER,0.576667070388794,0.5479233860969543,0.06942854821681976,0,0
19,RIGHT_SHOULDER,0.5718734860420227,0.5404601693153381,-0.07497011125087738,0,0
19,LEFT_ELBOW,0.5809409618377686,0.5906603336334229,0.12938670814037323,0,0
19,RIGHT_ELBOW,0.5502131581306458,0.5662387609481812,-0.1664397269487381,0,0
19,LEFT_WRIST,0.5999698042869568,0.6318662166595459,0.14725138247013092,0,0
19,RIGHT_WRIST,0.5536377429962158,0.5639179348945618,-0.2605568468570709,0,0
19,LEFT_PINKY,0.6029308438301086,0.6478380560874939,0.1594637781381607,0,0
19,RIGHT_PINKY,0.5549011826515198,0.5625569224357605,-0.28245487809181213,0,0
19,LEFT_INDEX,0.6019256711006165,0.6463963389396667,0.1428113728761673,0,0
19,RIGHT_INDEX,0.5571302771568298,0.5572144389152527,-0.27668970823287964,0,0
19,LEFT_THUMB,0.6004788875579834,0.6416385769844055,0.14192649722099304,0,0
19,RIGHT_THUMB,0.5575124621391296,0.5578051805496216,-0.25997936725616455,0,0
19,LEFT_HIP,0.5319929122924805,0.6497731804847717,0.04898626357316971,0,0
19,RIGHT_HIP,0.542023241519928,0.6592773199081421,-0.04904443025588989,0,0
19,LEFT_KNEE,0.5393003225326538,0.7311347126960754,0.11631937325000763,0,0
19,RIGHT_KNEE,0.5608624219894409,0.7395458817481995,-0.040337614715099335,0,0
19,LEFT_ANKLE,0.5284504294395447,0.8177970051765442,0.16740481555461884,0,0
19,RIGHT_ANKLE,0.5579106211662292,0.8412001729011536,-0.024762827903032303,0,0
19,LEFT_HEEL,0.5263919830322266,0.8312693238258362,0.17156672477722168,0,0
19,RIGHT_HEEL,0.5518555045127869,0.8546776175498962,-0.023845909163355827,0,0
19,LEFT_FOOT_INDEX,0.5454831719398499,0.8294380903244019,0.16351179778575897,0,0
19,RIGHT_FOOT_INDEX,0.576143205165863,0.8516075015068054,-0.047926124185323715,0,0
20,NOSE,0.6013937592506409,0.5276181101799011,0.009354907087981701,0,0
20,LEFT_EYE_INNER,0.6012298464775085,0.5177399516105652,0.012700408697128296,0,0
20,LEFT_EYE,0.6007712483406067,0.5168599486351013,0.012669249437749386,0,0
20,LEFT_EYE_OUTER,0.600230872631073,0.5159510970115662,0.012647033669054508,0,0
20,RIGHT_EYE_INNER,0.6011328101158142,0.5184374451637268,-0.002851550467312336,0,0
20,RIGHT_EYE,0.6007050275802612,0.5181007981300354,-0.002856152830645442,0,0
20,RIGHT_EYE_OUTER,0.6002492904663086,0.5177326202392578,-0.0028517881873995066,0,0
20,LEFT_EAR,0.5940781831741333,0.513889729976654,0.03507019951939583,0,0
20,RIGHT_EAR,0.5949318408966064,0.5164254307746887,-0.03676881268620491,0,0
20,MOUTH_LEFT,0.5978943705558777,0.5324552655220032,0.02016424760222435,0,0
20,MOUTH_RIGHT,0.5976608991622925,0.5328147411346436,-0.0008658135193400085,0,0
20,LEFT_SHOULDER,0.5713039636611938,0.5445062518119812,0.07414603978395462,0,0
20,RIGHT_SHOULDER,0.5769997239112854,0.5502419471740723,-0.07067134976387024,0,0
20,LEFT_ELBOW,0.5600336194038391,0.5889533758163452,0.12215448915958405,0,0
20,RIGHT_ELBOW,0.5543338656425476,0.5792542099952698,-0.15952076017856598,0,0
20,LEFT_WRIST,0.5730396509170532,0.6320686340332031,0.12718109786510468,0,0
20,RIGHT_WRIST,0.5603221654891968,0.5901533961296082,-0.24818235635757446,0,0
20,LEFT_PINKY,0.5743259787559509,0.6442905068397522,0.13685742020606995,0,0
20,RIGHT_PINKY,0.5593960881233215,0.5934842824935913,-0.27012985944747925,0,0
20,LEFT_INDEX,0.5751122236251831,0.6435290575027466,0.12263129651546478,0,0
20,RIGHT_INDEX,0.5616987943649292,0.5902792811393738,-0.2705550789833069,0,0
20,LEFT_THUMB,0.5740646123886108,0.639004111289978,0.12215080857276917,0,0
20,RIGHT_THUMB,0.5616331696510315,0.5893030166625977,-0.24761377274990082,0,0
20,LEFT_HIP,0.5312888026237488,0.6502041816711426,0.04908786714076996,0,0
20,RIGHT_HIP,0.5421268939971924,0.659942090511322,-0.04912770912051201,0,0
20,LEFT_KNEE,0.5398126840591431,0.7312697768211365,0.10865171253681183,0,0
20,RIGHT_KNEE,0.5634203553199768,0.7386426329612732,-0.03867096081376076,0,0
20,LEFT_ANKLE,0.5283752083778381,0.8176519870758057,0.15216438472270966,0,0
20,RIGHT_ANKLE,0.5579198002815247,0.8411980271339417,-0.025218037888407707,0,0
20,LEFT_HEEL,0.5261934995651245,0.8313417434692383,0.15516209602355957,0,0
20,RIGHT_HEEL,0.5517317652702332,0.8538684844970703,-0.024448521435260773,0,0
20,LEFT_FOOT_INDEX,0.545221745967865,0.829003632068634,0.14642195403575897,0,0
20,RIGHT_FOOT_INDEX,0.5763083696365356,0.8516415357589722,-0.04614263027906418,0,0
21,NOSE,0.6009002923965454,0.5303869843482971,0.009772366844117641,0,0
21,LEFT_EYE_INNER,0.6008627414703369,0.520268976688385,0.013364859856665134,0,0
21,LEFT_EYE,0.6003846526145935,0.5193049311637878,0.013336452655494213,0,0
21,LEFT_EYE_OUTER,0.5998262166976929,0.5182626247406006,0.013326261192560196,0,0
21,RIGHT_EYE_INNER,0.6008976101875305,0.5210205912590027,-0.0018234861781820655,0,0
21,RIGHT_EYE,0.6005468964576721,0.5206952691078186,-0.0018372354097664356,0,0
21,RIGHT_EYE_OUTER,0.6001652479171753,0.520276665687561,-0.0018478339770808816,0,0
21,LEFT_EAR,0.593864381313324,0.5162433385848999,0.03469521552324295,0,0
21,RIGHT_EAR,0.5948310494422913,0.5188307762145996,-0.034007783979177475,0,0
21,MOUTH_LEFT,0.597184956073761,0.5351809859275818,0.019995488226413727,0,0
21,MOUTH_RIGHT,0.5970504283905029,0.5358012318611145,-9.943130862666294e-05,0,0
21,LEFT_SHOULDER,0.5689207911491394,0.5425540208816528,0.07857045531272888,0,0
21,RIGHT_SHOULDER,0.5769357085227966,0.5529152750968933,-0.07218589633703232,0,0
21,LEFT_ELBOW,0.5478259921073914,0.5791422724723816,0.119858518242836,0,0
21,RIGHT_ELBOW,0.5546610355377197,0.5831807255744934,-0.14387854933738708,0,0
21,LEFT_WRIST,0.5449072122573853,0.6130757331848145,0.14893761277198792,0,0
21,RIGHT_WRIST,0.556778073310852,0.6162698864936829,-0.20455799996852875,0,0
21,LEFT_PINKY,0.5447262525558472,0.627341091632843,0.16260495781898499,0,0
21,RIGHT_PINKY,0.5544511079788208,0.6220076680183411,-0.22273190319538116,0,0
21,LEFT_INDEX,0.545974612236023,0.6315785646438599,0.1513710469007492,0,0
21,RIGHT_INDEX,0.5559561848640442,0.6192563772201538,-0.21115435659885406,0,0
21,LEFT_THUMB,0.5464061498641968,0.6251087784767151,0.14557990431785583,0,0
21,RIGHT_THUMB,0.556450605392456,0.6171033382415771,-0.20070427656173706,0,0
21,LEFT_HIP,0.5301732420921326,0.6501982808113098,0.04916631802916527,0,0
21,RIGHT_HIP,0.5421873331069946,0.6594944000244141,-0.04923125356435776,0,0
21,LEFT_KNEE,0.5400122404098511,0.7312502861022949,0.08899888396263123,0,0
21,RIGHT_KNEE,0.5665575861930847,0.7372357249259949,-0.04034578055143356,0,0
21,LEFT_ANKLE,0.5287752151489258,0.8175883293151855,0.12438063323497772,0,0
21,RIGHT_ANKLE,0.5579387545585632,0.8411404490470886,-0.026595445349812508,0,0
21,LEFT_HEEL,0.5266813039779663,0.8315147757530212,0.12594538927078247,0,0
21,RIGHT_HEEL,0.5515154600143433,0.8535410761833191,-0.02595873922109604,0,0
21,LEFT_FOOT_INDEX,0.5450547933578491,0.8287684917449951,0.11386475712060928,0,0
21,RIGHT_FOOT_INDEX,0.5771502256393433,0.8517134189605713,-0.045085836201906204,0,0
22,NOSE,0.6006351113319397,0.5317490696907043,0.016342485323548317,0,0
22,LEFT_EYE_INNER,0.6007413268089294,0.5212417840957642,0.02021942473948002,0,0
22,LEFT_EYE,0.6003277897834778,0.5201942324638367,0.020200641825795174,0,0
22,LEFT_EYE_OUTER,0.5997123718261719,0.519055962562561,0.02019703947007656,0,0
22,RIGHT_EYE_INNER,0.6003051996231079,0.5219876766204834,0.004513224586844444,0,0
22,RIGHT_EYE,0.5998077988624573,0.5216145515441895,0.0045064534060657024,0,0
22,RIGHT_EYE_OUTER,0.5993133187294006,0.5211461782455444,0.004488389007747173,0,0
22,LEFT_EAR,0.5937543511390686,0.5168110728263855,0.03938160091638565,0,0
22,RIGHT_EAR,0.5938721895217896,0.5195668339729309,-0.030780328437685966,0,0
22,MOUTH_LEFT,0.5960794687271118,0.5365018844604492,0.02560545690357685,0,0
22,MOUTH_RIGHT,0.5966612100601196,0.5371314883232117,0.00508634140715003,0,0
22,LEFT_SHOULDER,0.5647035837173462,0.5410968065261841,0.08480480313301086,0,0
22,RIGHT_SHOULDER,0.5756384134292603,0.5520917773246765,-0.07309678196907043,0,0
22,LEFT_ELBOW,0.5447257161140442,0.5794758796691895,0.11367101967334747,0,0
22,RIGHT_ELBOW,0.5555146932601929,0.5935239791870117,-0.12206759303808212,0,0
22,LEFT_WRIST,0.5407417416572571,0.615365207195282,0.13466177880764008,0,0
22,RIGHT_WRIST,0.5558859705924988,0.6409387588500977,-0.14920710027217865,0,0
22,LEFT_PINKY,0.5385286211967468,0.6251034140586853,0.15128988027572632,0,0
22,RIGHT_PINKY,0.5537275671958923,0.6503404974937439,-0.1649489551782608,0,0
22,LEFT_INDEX,0.541168749332428,0.6269776821136475,0.13517077267169952,0,0
22,RIGHT_INDEX,0.5555487275123596,0.6500832438468933,-0.15288738906383514,0,0
22,LEFT_THUMB,0.5425519347190857,0.6230709552764893,0.1309114247560501,0,0
22,RIGHT_THUMB,0.5561456084251404,0.646613359451294,-0.1445693075656891,0,0
22,LEFT_HIP,0.5285634398460388,0.6496437191963196,0.04931890219449997,0,0
22,RIGHT_HIP,0.5417338013648987,0.6562759876251221,-0.049409251660108566,0,0
22,LEFT_KNEE,0.5398518443107605,0.7296514511108398,0.05173428729176521,0,0
22,RIGHT_KNEE,0.5680908560752869,0.7346411347389221,-0.0345287099480629,0,0
22,LEFT_ANKLE,0.52881920337677,0.8176903128623962,0.06739065051078796,0,0
22,RIGHT_ANKLE,0.5583691000938416,0.8401011228561401,-0.02203143574297428,0,0
22,LEFT_HEEL,0.5266474485397339,0.8322021961212158,0.06700512766838074,0,0
22,RIGHT_HEEL,0.5513617396354675,0.8531041145324707,-0.02212834730744362,0,0
22,LEFT_FOOT_INDEX,0.544871985912323,0.8288278579711914,0.050582606345415115,0,0
22,RIGHT_FOOT_INDEX,0.5772229433059692,0.8516737818717957,-0.03884972631931305,0,0
23,NOSE,0.5925264358520508,0.5303517580032349,0.026722261682152748,0,0
23,LEFT_EYE_INNER,0.5933675765991211,0.5201456546783447,0.02447539195418358,0,0
23,LEFT_EYE,0.592701256275177,0.5195297598838806,0.024463947862386703,0,0
23,LEFT_EYE_OUTER,0.5919929146766663,0.5187563300132751,0.024435821920633316,0,0
23,RIGHT_EYE_INNER,0.5941727161407471,0.5200751423835754,0.012917688116431236,0,0
23,RIGHT_EYE,0.5941751599311829,0.5194563865661621,0.012921973131597042,0,0
23,RIGHT_EYE_OUTER,0.5941392183303833,0.5187389254570007,0.012900912202894688,0,0
23,LEFT_EAR,0.5855902433395386,0.5137495398521423,0.020988060161471367,0,0
23,RIGHT_EAR,0.590023398399353,0.5170240998268127,-0.03322579339146614,0,0
23,MOUTH_LEFT,0.5883862972259521,0.5360886454582214,0.026981806382536888,0,0
23,MOUTH_RIGHT,0.5892273187637329,0.5359817147254944,0.011800511740148067,0,0
23,LEFT_SHOULDER,0.5503413677215576,0.5292577743530273,0.04065684974193573,0,0
23,RIGHT_SHOULDER,0.577112078666687,0.5601199269294739,-0.07181886583566666,0,0
23,LEFT_ELBOW,0.5290480852127075,0.5706374049186707,0.09773015230894089,0,0
23,RIGHT_ELBOW,0.5700605511665344,0.6268251538276672,-0.06460725516080856,0,0
23,LEFT_WRIST,0.5353553891181946,0.5925267338752747,0.1483074277639389,0,0
23,RIGHT_WRIST,0.5823513865470886,0.6873330473899841,-0.01678774319589138,0,0
23,LEFT_PINKY,0.5370146036148071,0.5987681746482849,0.15985456109046936,0,0
23,RIGHT_PINKY,0.5810909271240234,0.7035978436470032,-0.018478017300367355,0,0
23,LEFT_INDEX,0.5409336686134338,0.5978261232376099,0.1535656750202179,0,0
23,RIGHT_INDEX,0.582941472530365,0.7023158669471741,-0.013153270818293095,0,0
23,LEFT_THUMB,0.5408499836921692,0.5968745946884155,0.14743512868881226,0,0
23,RIGHT_THUMB,0.5833180546760559,0.6970775723457336,-0.012479555793106556,0,0
23,LEFT_HIP,0.5274778604507446,0.649644672870636,0.039662640541791916,0,0
23,RIGHT_HIP,0.5469352006912231,0.6574234366416931,-0.03969333693385124,0,0
23,LEFT_KNEE,0.5370928645133972,0.7286240458488464,0.07913962006568909,0,0
23,RIGHT_KNEE,0.5695770978927612,0.7353379130363464,0.020066848024725914,0,0
23,LEFT_ANKLE,0.5288715362548828,0.8179838061332703,0.11037476360797882,0,0
23,RIGHT_ANKLE,0.5591931939125061,0.8386762738227844,0.07621228694915771,0,0
23,LEFT_HEEL,0.5262073874473572,0.8331276774406433,0.10374139994382858,0,0
23,RIGHT_HEEL,0.5515972375869751,0.8523173332214355,0.08274088054895401,0,0
23,LEFT_FOOT_INDEX,0.5441457629203796,0.828846275806427,0.1210387721657753,0,0
23,RIGHT_FOOT_INDEX,0.5772743821144104,0.8516966700553894,0.08722731471061707,0,0
24,NOSE,0.5871050953865051,0.5266073942184448,0.034282136708498,0,0
24,LEFT_EYE_INNER,0.5880342721939087,0.5160998106002808,0.03040667437016964,0,0
24,LEFT_EYE,0.587435781955719,0.5148247480392456,0.03039654530584812,0,0
24,LEFT_EYE_OUTER,0.5867624878883362,0.5133163332939148,0.030359290540218353,0,0
24,RIGHT_EYE_INNER,0.5887244343757629,0.5165857672691345,0.020408932119607925,0,0
24,RIGHT_EYE,0.5886872410774231,0.5158721208572388,0.020416343584656715,0,0
24,RIGHT_EYE_OUTER,0.5886286497116089,0.5151956677436829,0.020400753244757652,0,0
24,LEFT_EAR,0.5799419283866882,0.5042120218276978,0.018577182665467262,0,0
24,RIGHT_EAR,0.5845780968666077,0.5121497511863708,-0.027853654697537422,0,0
24,MOUTH_LEFT,0.5834478735923767,0.5301153063774109,0.032021865248680115,0,0
24,MOUTH_RIGHT,0.5838465094566345,0.5308049321174622,0.01885051839053631,0,0
24,LEFT_SHOULDER,0.5439206957817078,0.5176411271095276,0.03029715083539486,0,0
24,RIGHT_SHOULDER,0.5764738917350769,0.5549651384353638,-0.06364728510379791,0,0
24,LEFT_ELBOW,0.5259910821914673,0.5597363114356995,0.09246422350406647,0,0
24,RIGHT_ELBOW,0.576866090297699,0.6191957592964172,-0.05527396500110626,0,0
24,LEFT_WRIST,0.5356242656707764,0.5749712586402893,0.1570373922586441,0,0
24,RIGHT_WRIST,0.595836877822876,0.6754853129386902,-0.015147877857089043,0,0
24,LEFT_PINKY,0.5384650826454163,0.5794606804847717,0.1688549816608429,0,0
24,RIGHT_PINKY,0.5983788371086121,0.6934047937393188,-0.01680990867316723,0,0
24,LEFT_INDEX,0.542350709438324,0.5780619978904724,0.16353467106819153,0,0
24,RIGHT_INDEX,0.6002675890922546,0.6918971538543701,-0.011712281964719296,0,0
24,LEFT_THUMB,0.5419913530349731,0.5776647329330444,0.15689918398857117,0,0
24,RIGHT_THUMB,0.5994555354118347,0.6860816478729248,-0.01095362938940525,0,0
24,LEFT_HIP,0.5276802778244019,0.6469627022743225,0.03173801675438881,0,0
24,RIGHT_HIP,0.551180899143219,0.6554732918739319,-0.03174068406224251,0,0
24,LEFT_KNEE,0.5331756472587585,0.7277337312698364,0.0769466981291771,0,0
24,RIGHT_KNEE,0.5680519342422485,0.7355362772941589,0.013720627874135971,0,0
24,LEFT_ANKLE,0.528659999370575,0.8161223530769348,0.12172195315361023,0,0
24,RIGHT_ANKLE,0.560036301612854,0.8362876176834106,0.050496336072683334,0,0
24,LEFT_HEEL,0.5263270735740662,0.8321956992149353,0.12430300563573837,0,0
24,RIGHT_HEEL,0.5527709126472473,0.8499993085861206,0.05489080771803856,0,0
24,LEFT_FOOT_INDEX,0.538632333278656,0.8288652300834656,0.12418130785226822,0,0
24,RIGHT_FOOT_INDEX,0.5768782496452332,0.8516525030136108,0.05566391721367836,0,0
25,NOSE,0.5864524841308594,0.5242295265197754,0.023527095094323158,0,0
25,LEFT_EYE_INNER,0.5868664979934692,0.5132102966308594,0.021080879494547844,0,0
25,LEFT_EYE,0.5862001180648804,0.5116034746170044,0.021072745323181152,0,0
25,LEFT_EYE_OUTER,0.5854318737983704,0.5097588896751404,0.0210418701171875,0,0
25,RIGHT_EYE_INNER,0.5877388715744019,0.5145562887191772,0.009600086137652397,0,0
25,RIGHT_EYE,0.587742269039154,0.5141477584838867,0.009609692730009556,0,0
25,RIGHT_EYE_OUTER,0.587689995765686,0.5137075781822205,0.009596919640898705,0,0
25,LEFT_EAR,0.579342782497406,0.5019153952598572,0.012383591383695602,0,0
25,RIGHT_EAR,0.5830360054969788,0.5099613666534424,-0.03011377342045307,0,0
25,MOUTH_LEFT,0.5824659466743469,0.5267701745033264,0.024359486997127533,0,0
25,MOUTH_RIGHT,0.5830543041229248,0.5283820629119873,0.009140616282820702,0,0
25,LEFT_SHOULDER,0.5431129336357117,0.5164034366607666,0.028409114107489586,0,0
25,RIGHT_SHOULDER,0.575987696647644,0.5525231957435608,-0.06704597175121307,0,0
25,LEFT_ELBOW,0.5272863507270813,0.560576856136322,0.09667137265205383,0,0
25,RIGHT_ELBOW,0.5770842432975769,0.6185131669044495,-0.07116884738206863,0,0
25,LEFT_WRIST,0.5381995439529419,0.5710679888725281,0.16765090823173523,0,0
25,RIGHT_WRIST,0.5971106290817261,0.6757162809371948,-0.037789907306432724,0,0
25,LEFT_PINKY,0.5412163138389587,0.5741209387779236,0.1804845929145813,0,0
25,RIGHT_PINKY,0.5998802185058594,0.6943901777267456,-0.040925461798906326,0,0
25,LEFT_INDEX,0.545104444026947,0.5722693800926208,0.1750277727842331,0,0
25,RIGHT_INDEX,0.6012700796127319,0.692125678062439,-0.036257050931453705,0,0
25,LEFT_THUMB,0.5449160933494568,0.5725390315055847,0.16755710542201996,0,0
25,RIGHT_THUMB,0.6002695560455322,0.6865751147270203,-0.0338975191116333,0,0
25,LEFT_HIP,0.5282413363456726,0.6469300985336304,0.033588726073503494,0,0
25,RIGHT_HIP,0.5532544255256653,0.6547492742538452,-0.03359643369913101,0,0
25,LEFT_KNEE,0.532334566116333,0.7265517115592957,0.07274636626243591,0,0
25,RIGHT_KNEE,0.5669326186180115,0.7355632781982422,0.017135517671704292,0,0
25,LEFT_ANKLE,0.5285561084747314,0.8161165118217468,0.11776112765073776,0,0
25,RIGHT_ANKLE,0.5606218576431274,0.8352669477462769,0.06252343952655792,0,0
25,LEFT_HEEL,0.527489423751831,0.8320972323417664,0.12185153365135193,0,0
25,RIGHT_HEEL,0.553336501121521,0.8491261601448059,0.0678265392780304,0,0
25,LEFT_FOOT_INDEX,0.5383927226066589,0.8297447562217712,0.1175948902964592,0,0
25,RIGHT_FOOT_INDEX,0.5768090486526489,0.8514150977134705,0.06715525686740875,0,0
26,NOSE,0.582913339138031,0.5129034519195557,0.04007129743695259,0,0
26,LEFT_EYE_INNER,0.5828308463096619,0.5023034811019897,0.03550822287797928,0,0
26,LEFT_EYE,0.5820251703262329,0.5006886720657349,0.03551444783806801,0,0
26,LEFT_EYE_OUTER,0.5811851620674133,0.49902305006980896,0.03550029918551445,0,0
26,RIGHT_EYE_INNER,0.5840502381324768,0.5042567849159241,0.024317298084497452,0,0
26,RIGHT_EYE,0.5841980576515198,0.5042348504066467,0.024315262213349342,0,0
26,RIGHT_EYE_OUTER,0.5843093991279602,0.5042794942855835,0.02429008297622204,0,0
26,LEFT_EAR,0.5753858685493469,0.4924839735031128,0.017996476963162422,0,0
26,RIGHT_EAR,0.5803762674331665,0.5019773244857788,-0.02635507844388485,0,0
26,MOUTH_LEFT,0.5790895819664001,0.5146885514259338,0.03875156491994858,0,0
26,MOUTH_RIGHT,0.5802648067474365,0.5175851583480835,0.024076880887150764,0,0
26,LEFT_SHOULDER,0.5394138097763062,0.5093345642089844,0.03753172978758812,0,0
26,RIGHT_SHOULDER,0.5756791234016418,0.5467661619186401,-0.0647546797990799,0,0
26,LEFT_ELBOW,0.5213304162025452,0.5537723898887634,0.10408668965101242,0,0
26,RIGHT_ELBOW,0.577272355556488,0.6097375154495239,-0.04921584948897362,0,0
26,LEFT_WRIST,0.5349186062812805,0.5622511506080627,0.17389485239982605,0,0
26,RIGHT_WRIST,0.5973874926567078,0.6487316489219666,0.006244415882974863,0,0
26,LEFT_PINKY,0.5385173559188843,0.564393937587738,0.18665651977062225,0,0
26,RIGHT_PINKY,0.6012188196182251,0.6605538129806519,0.007488148752599955,0,0
26,LEFT_INDEX,0.5427777767181396,0.5622880458831787,0.18108130991458893,0,0
26,RIGHT_INDEX,0.6027746796607971,0.657538890838623,0.011788519099354744,0,0
26,LEFT_THUMB,0.5424026846885681,0.5622561573982239,0.17360654473304749,0,0
26,RIGHT_THUMB,0.601772665977478,0.6539018154144287,0.010995913296937943,0,0
26,LEFT_HIP,0.5283037424087524,0.6427265405654907,0.03427017480134964,0,0
26,RIGHT_HIP,0.5533859729766846,0.6510742902755737,-0.03429076448082924,0,0
26,LEFT_KNEE,0.531345546245575,0.7249785661697388,0.06902151554822922,0,0
26,RIGHT_KNEE,0.5623676776885986,0.7330735921859741,0.003995556849986315,0,0
26,LEFT_ANKLE,0.5289670825004578,0.8161109685897827,0.10926584154367447,0,0
26,RIGHT_ANKLE,0.5625277161598206,0.8308268189430237,0.03235144913196564,0,0
26,LEFT_HEEL,0.5291085839271545,0.8319766521453857,0.11323197931051254,0,0
26,RIGHT_HEEL,0.5542985796928406,0.84340500831604,0.0356060154736042,0,0
26,LEFT_FOOT_INDEX,0.5366679430007935,0.8281418681144714,0.10845530778169632,0,0
26,RIGHT_FOOT_INDEX,0.576808750629425,0.8511609435081482,0.02961462363600731,0,0
27,NOSE,0.5796772241592407,0.49984532594680786,0.03396251052618027,0,0
27,LEFT_EYE_INNER,0.5791774988174438,0.4899715781211853,0.02864278294146061,0,0
27,LEFT_EYE,0.5780665874481201,0.4881180226802826,0.028652872890233994,0,0
27,LEFT_EYE_OUTER,0.5769236087799072,0.4862494468688965,0.028652630746364594,0,0
27,RIGHT_EYE_INNER,0.5811022520065308,0.4924696087837219,0.017412381246685982,0,0
27,RIGHT_EYE,0.5815263390541077,0.4926231801509857,0.017403539270162582,0,0
27,RIGHT_EYE_OUTER,0.581921398639679,0.4928143620491028,0.017372848466038704,0,0
27,LEFT_EAR,0.5714273452758789,0.48151347041130066,0.013606766238808632,0,0
27,RIGHT_EAR,0.5785828828811646,0.4920424818992615,-0.029711278155446053,0,0
27,MOUTH_LEFT,0.5757585763931274,0.501495897769928,0.03276912122964859,0,0
27,MOUTH_RIGHT,0.577812135219574,0.5047478675842285,0.01811872608959675,0,0
27,LEFT_SHOULDER,0.5366086363792419,0.5034975409507751,0.03234688937664032,0,0
27,RIGHT_SHOULDER,0.5754553079605103,0.5368801951408386,-0.06703067570924759,0,0
27,LEFT_ELBOW,0.5197185277938843,0.5536584258079529,0.1085180938243866,0,0
27,RIGHT_ELBOW,0.5783593654632568,0.6045277714729309,-0.042383018881082535,0,0
27,LEFT_WRIST,0.5382348895072937,0.5539566874504089,0.1761017143726349,0,0
27,RIGHT_WRIST,0.5947265625,0.6003895998001099,0.030454464256763458,0,0
27,LEFT_PINKY,0.5411709547042847,0.5553934574127197,0.18940584361553192,0,0
27,RIGHT_PINKY,0.5993004441261292,0.6033428311347961,0.035408951342105865,0,0
27,LEFT_INDEX,0.5457260012626648,0.5525267124176025,0.18293794989585876,0,0
27,RIGHT_INDEX,0.597472608089447,0.5969835519790649,0.038512423634529114,0,0
27,LEFT_THUMB,0.5456781387329102,0.552300751209259,0.17542798817157745,0,0
27,RIGHT_THUMB,0.5960058569908142,0.5947086811065674,0.03529563173651695,0,0
27,LEFT_HIP,0.5284574031829834,0.6381474137306213,0.033203475177288055,0,0
27,RIGHT_HIP,0.5541620850563049,0.6452236175537109,-0.03324591740965843,0,0
27,LEFT_KNEE,0.5318568348884583,0.7220799922943115,0.06722227483987808,0,0
27,RIGHT_KNEE,0.5600376725196838,0.7271931767463684,0.0021534806583076715,0,0
27,LEFT_ANKLE,0.5293504595756531,0.8152500987052917,0.10657499730587006,0,0
27,RIGHT_ANKLE,0.5630638003349304,0.8215566873550415,0.02940468303859234,0,0
27,LEFT_HEEL,0.5321839451789856,0.8315070271492004,0.11035054177045822,0,0
27,RIGHT_HEEL,0.5541722178459167,0.835290253162384,0.03265631943941116,0,0
27,LEFT_FOOT_INDEX,0.5332358479499817,0.8273740410804749,0.10391629487276077,0,0
27,RIGHT_FOOT_INDEX,0.5767567157745361,0.8485631346702576,0.02495790272951126,0,0
28,NOSE,0.5786823630332947,0.492649108171463,0.06542425602674484,0,0
28,LEFT_EYE_INNER,0.5778051614761353,0.4830493628978729,0.05574490502476692,0,0
28,LEFT_EYE,0.5766687393188477,0.4815119504928589,0.055741723626852036,0,0
28,LEFT_EYE_OUTER,0.5755184292793274,0.47993820905685425,0.055763743817806244,0,0
28,RIGHT_EYE_INNER,0.5800577998161316,0.48520755767822266,0.047139573842287064,0,0
28,RIGHT_EYE,0.580517053604126,0.48528143763542175,0.04711518436670303,0,0
28,RIGHT_EYE_OUTER,0.5809539556503296,0.48533037304878235,0.04707582667469978,0,0
28,LEFT_EAR,0.5699653029441833,0.47607624530792236,0.022061819210648537,0,0
28,RIGHT_EAR,0.578131377696991,0.4847869277000427,-0.013987274840474129,0,0
28,MOUTH_LEFT,0.5747650265693665,0.4945760667324066,0.0577680841088295,0,0
28,MOUTH_RIGHT,0.5770605802536011,0.4976308047771454,0.046340230852365494,0,0
28,LEFT_SHOULDER,0.5333627462387085,0.4976852536201477,0.020842289552092552,0,0
28,RIGHT_SHOULDER,0.576287567615509,0.525137722492218,-0.040225546807050705,0,0
28,LEFT_ELBOW,0.5138152241706848,0.5503541231155396,0.07079873234033585,0,0
28,RIGHT_ELBOW,0.5756025910377502,0.5847064852714539,0.005214777309447527,0,0
28,LEFT_WRIST,0.521074116230011,0.5412075519561768,0.13234072923660278,0,0
28,RIGHT_WRIST,0.5780091881752014,0.5493149757385254,0.10864978283643723,0,0
28,LEFT_PINKY,0.5210228562355042,0.5393047332763672,0.14474593102931976,0,0
28,RIGHT_PINKY,0.5811153650283813,0.5413997769355774,0.12424592673778534,0,0
28,LEFT_INDEX,0.5260449647903442,0.5348065495491028,0.14538979530334473,0,0
28,RIGHT_INDEX,0.5770158171653748,0.5358863472938538,0.12798777222633362,0,0
28,LEFT_THUMB,0.5270587205886841,0.5357020497322083,0.13448062539100647,0,0
28,RIGHT_THUMB,0.5753867626190186,0.5398454666137695,0.1142887994647026,0,0
28,LEFT_HIP,0.528658926486969,0.6325766444206238,0.027276741340756416,0,0
28,RIGHT_HIP,0.5542342662811279,0.6374082565307617,-0.027398262172937393,0,0
28,LEFT_KNEE,0.5318254828453064,0.7188864946365356,0.06058881804347038,0,0
28,RIGHT_KNEE,0.5599715113639832,0.7203745245933533,0.0007492266595363617,0,0
28,LEFT_ANKLE,0.5300597548484802,0.8100360035896301,0.05365573242306709,0,0
28,RIGHT_ANKLE,0.5634479522705078,0.8159071207046509,-0.018391789868474007,0,0
28,LEFT_HEEL,0.5338577032089233,0.8272237181663513,0.05295686051249504,0,0
28,RIGHT_HEEL,0.5559388399124146,0.827610433101654,-0.020078308880329132,0,0
28,LEFT_FOOT_INDEX,0.5337343811988831,0.8274069428443909,0.043557558208703995,0,0
28,RIGHT_FOOT_INDEX,0.5767629146575928,0.8468490242958069,-0.029208464547991753,0,0
29,NOSE,0.573991060256958,0.48070791363716125,0.11190550029277802,0,0
29,LEFT_EYE_INNER,0.5727748870849609,0.47131937742233276,0.10178806632757187,0,0
29,LEFT_EYE,0.571334958076477,0.4699377715587616,0.10179770737886429,0,0
29,LEFT_EYE_OUTER,0.5698946714401245,0.46862754225730896,0.10178974270820618,0,0
29,RIGHT_EYE_INNER,0.5758286714553833,0.47317594289779663,0.09650781750679016,0,0
29,RIGHT_EYE,0.5766506791114807,0.47321024537086487,0.09649034589529037,0,0
29,RIGHT_EYE_OUTER,0.5774747133255005,0.47325146198272705,0.096476249396801,0,0
29,LEFT_EAR,0.5642328858375549,0.4668204188346863,0.06281489878892899,0,0
29,RIGHT_EAR,0.5752097964286804,0.4743373692035675,0.03837234154343605,0,0
29,MOUTH_LEFT,0.5697824954986572,0.4835435152053833,0.10091783106327057,0,0
29,MOUTH_RIGHT,0.5726276636123657,0.4858537018299103,0.09322145581245422,0,0
29,LEFT_SHOULDER,0.5314152836799622,0.4953283667564392,0.029850509017705917,0,0
29,RIGHT_SHOULDER,0.5757962465286255,0.5147508978843689,0.0138938557356596,0,0
29,LEFT_ELBOW,0.5095580816268921,0.5464155077934265,0.07562034577131271,0,0
29,RIGHT_ELBOW,0.5647202134132385,0.5370140075683594,0.02348492108285427,0,0
29,LEFT_WRIST,0.5232465863227844,0.5560452342033386,0.18286551535129547,0,0
29,RIGHT_WRIST,0.5609146356582642,0.5168920755386353,0.07034362107515335,0,0
29,LEFT_PINKY,0.5255462527275085,0.5549564361572266,0.1968364119529724,0,0
29,RIGHT_PINKY,0.5616146326065063,0.5144087672233582,0.07930834591388702,0,0
29,LEFT_INDEX,0.5278204679489136,0.5510527491569519,0.1915624588727951,0,0
29,RIGHT_INDEX,0.5597115755081177,0.5094954967498779,0.08445166796445847,0,0
29,LEFT_THUMB,0.5277509093284607,0.5541463494300842,0.1835823357105255,0,0
29,RIGHT_THUMB,0.5586388111114502,0.5098593831062317,0.07468084245920181,0,0
29,LEFT_HIP,0.5287767052650452,0.6286756992340088,0.01813252829015255,0,0
29,RIGHT_HIP,0.5549399852752686,0.6325201988220215,-0.018296515569090843,0,0
29,LEFT_KNEE,0.531705915927887,0.7165153622627258,0.03674383461475372,0,0
29,RIGHT_KNEE,0.5602601170539856,0.7157175540924072,-0.018567990511655807,0,0
29,LEFT_ANKLE,0.5313612222671509,0.8067181706428528,0.016203181818127632,0,0
29,RIGHT_ANKLE,0.5660133361816406,0.8120881915092468,-0.06470242142677307,0,0
29,LEFT_HEEL,0.5351594090461731,0.8238538503646851,0.014270580373704433,0,0
29,RIGHT_HEEL,0.5599890351295471,0.8222948312759399,-0.06829795986413956,0,0
29,LEFT_FOOT_INDEX,0.5348106026649475,0.8243067264556885,-0.0012156463926658034,0,0
29,RIGHT_FOOT_INDEX,0.5772321820259094,0.8444892168045044,-0.08444622159004211,0,0
30,NOSE,0.5709757208824158,0.47470375895500183,0.12616392970085144,0,0
30,LEFT_EYE_INNER,0.569612443447113,0.4661518633365631,0.11480368673801422,0,0
30,LEFT_EYE,0.5680962800979614,0.4650527238845825,0.11480148136615753,0,0
30,LEFT_EYE_OUTER,0.5665540099143982,0.4639829993247986,0.1147967129945755,0,0
30,RIGHT_EYE_INNER,0.5730094909667969,0.46792352199554443,0.10988829284906387,0,0
30,RIGHT_EYE,0.5739894509315491,0.46811988949775696,0.10986991226673126,0,0
30,RIGHT_EYE_OUTER,0.5749601721763611,0.46829602122306824,0.10985298454761505,0,0
30,LEFT_EAR,0.5610439777374268,0.4639129936695099,0.07055438309907913,0,0
30,RIGHT_EAR,0.5734374523162842,0.47116267681121826,0.04718167707324028,0,0
30,MOUTH_LEFT,0.5672430396080017,0.4786157011985779,0.11329233646392822,0,0
30,MOUTH_RIGHT,0.5704507231712341,0.4810754954814911,0.10608311742544174,0,0
30,LEFT_SHOULDER,0.5298276543617249,0.4950145483016968,0.036312829703092575,0,0
30,RIGHT_SHOULDER,0.5757283568382263,0.5100562572479248,0.020966505631804466,0,0
30,LEFT_ELBOW,0.5095522403717041,0.5499556660652161,0.061248134821653366,0,0
30,RIGHT_ELBOW,0.565019965171814,0.5172516107559204,0.0167066790163517,0,0
30,LEFT_WRIST,0.5248008370399475,0.5687167644500732,0.10457886010408401,0,0
30,RIGHT_WRIST,0.5625148415565491,0.5027399063110352,0.05266096442937851,0,0
30,LEFT_PINKY,0.527492105960846,0.5749218463897705,0.11200258880853653,0,0
30,RIGHT_PINKY,0.5635316371917725,0.4990123510360718,0.05865650251507759,0,0
30,LEFT_INDEX,0.5298195481300354,0.5720841884613037,0.10641031712293625,0,0
30,RIGHT_INDEX,0.5613393783569336,0.49520009756088257,0.06519655138254166,0,0
30,LEFT_THUMB,0.5292683243751526,0.5702321529388428,0.10419701039791107,0,0
30,RIGHT_THUMB,0.5598713755607605,0.4955856204032898,0.056745681911706924,0,0
30,LEFT_HIP,0.5288593173027039,0.6294927000999451,0.011834081262350082,0,0
30,RIGHT_HIP,0.5551745891571045,0.6319336891174316,-0.012036305852234364,0,0
30,LEFT_KNEE,0.5322007536888123,0.7156141400337219,0.03662094101309776,0,0
30,RIGHT_KNEE,0.5611716508865356,0.7131794691085815,-0.003410530975088477,0,0
30,LEFT_ANKLE,0.5329889059066772,0.8047457337379456,-0.020641528069972992,0,0
30,RIGHT_ANKLE,0.5696570873260498,0.808136522769928,-0.06541585177183151,0,0
30,LEFT_HEEL,0.5364135503768921,0.8212051391601562,-0.026832373812794685,0,0
30,RIGHT_HEEL,0.5651912093162537,0.8175762891769409,-0.0717664286494255,0,0
30,LEFT_FOOT_INDEX,0.5348533987998962,0.8223282694816589,-0.04820244386792183,0,0
30,RIGHT_FOOT_INDEX,0.5776837468147278,0.8395081758499146,-0.09204179793596268,0,0
31,NOSE,0.5664753317832947,0.4732982814311981,0.11320371180772781,0,0
31,LEFT_EYE_INNER,0.5650420784950256,0.46539562940597534,0.10161953419446945,0,0
31,LEFT_EYE,0.5634463429450989,0.46434831619262695,0.10161405056715012,0,0
31,LEFT_EYE_OUTER,0.5617919564247131,0.46330541372299194,0.1016061082482338,0,0
31,RIGHT_EYE_INNER,0.5690813660621643,0.46748659014701843,0.09727001935243607,0,0
31,RIGHT_EYE,0.5702499151229858,0.46783703565597534,0.09724525362253189,0,0
31,RIGHT_EYE_OUTER,0.5714279413223267,0.4681142270565033,0.09723282605409622,0,0
31,LEFT_EAR,0.5569946765899658,0.46383821964263916,0.05862100049853325,0,0
31,RIGHT_EAR,0.5708133578300476,0.47076570987701416,0.03659545257687569,0,0
31,MOUTH_LEFT,0.5629898905754089,0.4776698350906372,0.1005934625864029,0,0
31,MOUTH_RIGHT,0.5666388273239136,0.48006054759025574,0.09404655545949936,0,0
31,LEFT_SHOULDER,0.5290356874465942,0.49958914518356323,0.03215016797184944,0,0
31,RIGHT_SHOULDER,0.5738334655761719,0.5067700147628784,0.010205397382378578,0,0
31,LEFT_ELBOW,0.5131188035011292,0.5506576895713806,0.05007876455783844,0,0
31,RIGHT_ELBOW,0.5582775473594666,0.5065011382102966,-0.01809271238744259,0,0
31,LEFT_WRIST,0.5261921882629395,0.5811513066291809,0.08554711192846298,0,0
31,RIGHT_WRIST,0.5454675555229187,0.4904312789440155,-0.011261974461376667,0,0
31,LEFT_PINKY,0.5280877947807312,0.5910877585411072,0.09246613085269928,0,0
31,RIGHT_PINKY,0.5422134399414062,0.4879693388938904,-0.008998094126582146,0,0
31,LEFT_INDEX,0.5307984352111816,0.5868565440177917,0.08610712736845016,0,0
31,RIGHT_INDEX,0.5393803119659424,0.48831409215927124,0.00033173849806189537,0,0
31,LEFT_THUMB,0.5302764177322388,0.5836202502250671,0.08453044295310974,0,0
31,RIGHT_THUMB,0.5403167605400085,0.4892522692680359,-0.010140959173440933,0,0
31,LEFT_HIP,0.52958744764328,0.6315006017684937,0.010929463431239128,0,0
31,RIGHT_HIP,0.5564225316047668,0.6331599354743958,-0.011155164800584316,0,0
31,LEFT_KNEE,0.5324960947036743,0.7163556814193726,0.03348800912499428,0,0
31,RIGHT_KNEE,0.5635559558868408,0.7124197483062744,0.010019537061452866,0,0
31,LEFT_ANKLE,0.534313976764679,0.805862545967102,-0.027379697188735008,0,0
31,RIGHT_ANKLE,0.5731420516967773,0.8027909398078918,-0.043135542422533035,0,0
31,LEFT_HEEL,0.5374003648757935,0.8221770524978638,-0.03371675685048103,0,0
31,RIGHT_HEEL,0.5703073740005493,0.8114520907402039,-0.04750226065516472,0,0
31,LEFT_FOOT_INDEX,0.5354217886924744,0.8225377798080444,-0.05963849276304245,0,0
31,RIGHT_FOOT_INDEX,0.5793827176094055,0.8381010293960571,-0.06662192195653915,0,0
32,NOSE,0.5572873950004578,0.4772842824459076,0.092167429625988,0,0
32,LEFT_EYE_INNER,0.5558267831802368,0.4697624742984772,0.07913970202207565,0,0
32,LEFT_EYE,0.554186224937439,0.46881237626075745,0.07914294302463531,0,0
32,LEFT_EYE_OUTER,0.5525351762771606,0.4678310751914978,0.07914168387651443,0,0
32,RIGHT_EYE_INNER,0.5594936609268188,0.47099173069000244,0.07930420339107513,0,0
32,RIGHT_EYE,0.5603567361831665,0.47096163034439087,0.07927253842353821,0,0
32,RIGHT_EYE_OUTER,0.5611745119094849,0.47089651226997375,0.07924245297908783,0,0
32,LEFT_EAR,0.549351155757904,0.46820884943008423,0.028517717495560646,0,0
32,RIGHT_EAR,0.560494601726532,0.4727237820625305,0.032602645456790924,0,0
32,MOUTH_LEFT,0.5534732341766357,0.4811105728149414,0.079027459025383,0,0
32,MOUTH_RIGHT,0.5573638677597046,0.4829869568347931,0.07784996926784515,0,0
32,LEFT_SHOULDER,0.5303133130073547,0.5028620958328247,-0.016398346051573753,0,0
32,RIGHT_SHOULDER,0.564037561416626,0.5056295394897461,0.0374305360019207,0,0
32,LEFT_ELBOW,0.5179968476295471,0.5621258020401001,0.018740268424153328,0,0
32,RIGHT_ELBOW,0.548507034778595,0.5118638873100281,0.02331135794520378,0,0
32,LEFT_WRIST,0.5250489115715027,0.575947642326355,0.07843546569347382,0,0
32,RIGHT_WRIST,0.5216468572616577,0.5007927417755127,0.0074608405120670795,0,0
32,LEFT_PINKY,0.526248037815094,0.5844923257827759,0.08274292200803757,0,0
32,RIGHT_PINKY,0.5173195004463196,0.4963829815387726,0.009231597185134888,0,0
32,LEFT_INDEX,0.5282198190689087,0.5774964094161987,0.07721054553985596,0,0
32,RIGHT_INDEX,0.5153583288192749,0.49871498346328735,0.008864057250320911,0,0
32,LEFT_THUMB,0.5282418131828308,0.5765088796615601,0.07821036875247955,0,0
32,RIGHT_THUMB,0.5184537172317505,0.49996235966682434,0.0063154730014503,0,0
32,LEFT_HIP,0.5327485799789429,0.6374253630638123,-0.029141850769519806,0,0
32,RIGHT_HIP,0.5572753548622131,0.6351770758628845,0.02899215556681156,0,0
32,LEFT_KNEE,0.5325759053230286,0.7224295139312744,-0.02151317708194256,0,0
32,RIGHT_KNEE,0.5647858381271362,0.7141169905662537,0.05068648234009743,0,0
32,LEFT_ANKLE,0.5392141938209534,0.8126897215843201,-0.019716830924153328,0,0
32,RIGHT_ANKLE,0.5822210311889648,0.7976887822151184,0.05719936266541481,0,0
32,LEFT_HEEL,0.5431337356567383,0.827822208404541,-0.018923750147223473,0,0
32,RIGHT_HEEL,0.5826613306999207,0.8071826696395874,0.05890313535928726,0,0
32,LEFT_FOOT_INDEX,0.5313555598258972,0.8227396011352539,-0.0372280515730381,0,0
32,RIGHT_FOOT_INDEX,0.5859683752059937,0.8314007520675659,0.04888070002198219,0,0
33,NOSE,0.5466209053993225,0.47587427496910095,0.08450453728437424,0,0
33,LEFT_EYE_INNER,0.5452191233634949,0.469122052192688,0.07181902229785919,0,0
33,LEFT_EYE,0.5438887476921082,0.46858787536621094,0.07182040810585022,0,0
33,LEFT_EYE_OUTER,0.5424883961677551,0.4679984450340271,0.07181649655103683,0,0
33,RIGHT_EYE_INNER,0.5492445826530457,0.4697558581829071,0.07417682558298111,0,0
33,RIGHT_EYE,0.550585925579071,0.4697320759296417,0.07413902878761292,0,0
33,RIGHT_EYE_OUTER,0.5519024133682251,0.4697059094905853,0.0741083100438118,0,0
33,LEFT_EAR,0.5412976145744324,0.4694058299064636,0.018497111275792122,0,0
33,RIGHT_EAR,0.5536906719207764,0.47264695167541504,0.03819044679403305,0,0
33,MOUTH_LEFT,0.5441164374351501,0.48120155930519104,0.07291746884584427,0,0
33,MOUTH_RIGHT,0.5486722588539124,0.4827018976211548,0.07349611818790436,0,0
33,LEFT_SHOULDER,0.5295718312263489,0.5086737275123596,-0.02635675109922886,0,0
33,RIGHT_SHOULDER,0.5594371557235718,0.5067891478538513,0.04658550024032593,0,0
33,LEFT_ELBOW,0.5197831988334656,0.5716715455055237,-0.00364481913857162,0,0
33,RIGHT_ELBOW,0.5452470779418945,0.5203772187232971,0.032351598143577576,0,0
33,LEFT_WRIST,0.5240419507026672,0.5751620531082153,0.05097628012299538,0,0
33,RIGHT_WRIST,0.5170539617538452,0.5099314451217651,0.00860371720045805,0,0
33,LEFT_PINKY,0.5258743762969971,0.5825738906860352,0.05351244658231735,0,0
33,RIGHT_PINKY,0.5158001184463501,0.5010058283805847,0.00894015934318304,0,0
33,LEFT_INDEX,0.5275445580482483,0.5751771926879883,0.04875670745968819,0,0
33,RIGHT_INDEX,0.5144116878509521,0.4991915225982666,0.007174973841756582,0,0
33,LEFT_THUMB,0.5274574160575867,0.5748324394226074,0.0509265698492527,0,0
33,RIGHT_THUMB,0.51516193151474,0.5016151666641235,0.006642491091042757,0,0
33,LEFT_HIP,0.5352507829666138,0.6426472663879395,-0.0341624841094017,0,0
33,RIGHT_HIP,0.5580171346664429,0.6362801790237427,0.034037623554468155,0,0
33,LEFT_KNEE,0.5325924158096313,0.7270507216453552,-0.03140508010983467,0,0
33,RIGHT_KNEE,0.5646544694900513,0.714636504650116,0.04742103070020676,0,0
33,LEFT_ANKLE,0.5420495271682739,0.8155884146690369,-0.0385468564927578,0,0
33,RIGHT_ANKLE,0.5874413251876831,0.7957850694656372,0.04102550074458122,0,0
33,LEFT_HEEL,0.5462062358856201,0.8310028910636902,-0.038689080625772476,0,0
33,RIGHT_HEEL,0.590254545211792,0.8034963607788086,0.04115444794297218,0,0
33,LEFT_FOOT_INDEX,0.5312637686729431,0.8230748176574707,-0.06084330379962921,0,0
33,RIGHT_FOOT_INDEX,0.5904852747917175,0.8272808790206909,0.02881227247416973,0,0
34,NOSE,0.5453251600265503,0.4742475152015686,0.0859471783041954,0,0
34,LEFT_EYE_INNER,0.5439189076423645,0.4671383500099182,0.07144150137901306,0,0
34,LEFT_EYE,0.5425647497177124,0.4668089747428894,0.0714455097913742,0,0
34,LEFT_EYE_OUTER,0.5412179231643677,0.46645864844322205,0.07144782692193985,0,0
34,RIGHT_EYE_INNER,0.5480804443359375,0.46740859746932983,0.07783930748701096,0,0
34,RIGHT_EYE,0.5494933724403381,0.46738290786743164,0.07780172675848007,0,0
34,RIGHT_EYE_OUTER,0.5508509874343872,0.4673750102519989,0.07777320593595505,0,0
34,LEFT_EAR,0.5404786467552185,0.46886008977890015,0.018360981717705727,0,0
34,RIGHT_EAR,0.5528178811073303,0.4711410403251648,0.04717317596077919,0,0
34,MOUTH_LEFT,0.5430632829666138,0.48036545515060425,0.07079629600048065,0,0
34,MOUTH_RIGHT,0.5477732419967651,0.4814636707305908,0.0773114413022995,0,0
34,LEFT_SHOULDER,0.5302971005439758,0.5088877081871033,-0.03359311446547508,0,0
34,RIGHT_SHOULDER,0.5590428709983826,0.5054855942726135,0.0623241551220417,0,0
34,LEFT_ELBOW,0.5205254554748535,0.5715301036834717,-0.017920466139912605,0,0
34,RIGHT_ELBOW,0.5436012744903564,0.5182718634605408,0.06706120073795319,0,0
34,LEFT_WRIST,0.5219333171844482,0.5782666206359863,0.04000270739197731,0,0
34,RIGHT_WRIST,0.5158632397651672,0.5078815817832947,0.0598369799554348,0,0
34,LEFT_PINKY,0.5230916738510132,0.5827271342277527,0.04192141816020012,0,0
34,RIGHT_PINKY,0.5102641582489014,0.5035401582717896,0.06342948973178864,0,0
34,LEFT_INDEX,0.5239779353141785,0.578449010848999,0.0381457656621933,0,0
34,RIGHT_INDEX,0.5090734958648682,0.5048853754997253,0.059068191796541214,0,0
34,LEFT_THUMB,0.524301290512085,0.5777740478515625,0.0406079925596714,0,0
34,RIGHT_THUMB,0.5113357901573181,0.5063179731369019,0.05708693712949753,0,0
34,LEFT_HIP,0.5364006757736206,0.6432867646217346,-0.03797353804111481,0,0
34,RIGHT_HIP,0.558314323425293,0.636421263217926,0.03784424066543579,0,0
34,LEFT_KNEE,0.5326880216598511,0.7283962965011597,-0.031556978821754456,0,0
34,RIGHT_KNEE,0.5645533204078674,0.7147653102874756,0.0430612787604332,0,0
34,LEFT_ANKLE,0.5432697534561157,0.8164098262786865,-0.04815233126282692,0,0
34,RIGHT_ANKLE,0.5878989100456238,0.7948962450027466,0.02651769109070301,0,0
34,LEFT_HEEL,0.5469788908958435,0.8324639201164246,-0.04922861605882645,0,0
34,RIGHT_HEEL,0.5908238291740417,0.8031066060066223,0.025571458041667938,0,0
34,LEFT_FOOT_INDEX,0.5298714637756348,0.8234050273895264,-0.07162327319383621,0,0
34,RIGHT_FOOT_INDEX,0.5905224084854126,0.8292831182479858,0.011232174001634121,0,0
35,NOSE,0.5429719686508179,0.4751920998096466,0.07274316251277924,0,0
35,LEFT_EYE_INNER,0.5413616895675659,0.4682774841785431,0.05456217750906944,0,0
35,LEFT_EYE,0.5399379134178162,0.46794047951698303,0.05456525459885597,0,0
35,LEFT_EYE_OUTER,0.5384986996650696,0.4676159620285034,0.05456985533237457,0,0
35,RIGHT_EYE_INNER,0.5456838011741638,0.468392938375473,0.06695210933685303,0,0
35,RIGHT_EYE,0.5471106767654419,0.46823850274086,0.06690558046102524,0,0
35,RIGHT_EYE_OUTER,0.5485013723373413,0.46811309456825256,0.06687619537115097,0,0
35,LEFT_EAR,0.5374317169189453,0.4700688123703003,-0.003073178930208087,0,0
35,RIGHT_EAR,0.551051914691925,0.47183912992477417,0.031496379524469376,0,0
35,MOUTH_LEFT,0.5408039689064026,0.48062556982040405,0.05324240028858185,0,0
35,MOUTH_RIGHT,0.5451315641403198,0.48135262727737427,0.06872700899839401,0,0
35,LEFT_SHOULDER,0.5292777419090271,0.5176899433135986,-0.05004151538014412,0,0
35,RIGHT_SHOULDER,0.557933509349823,0.5070960521697998,0.045698486268520355,0,0
35,LEFT_ELBOW,0.5205900073051453,0.583115816116333,-0.01909189671278,0,0
35,RIGHT_ELBOW,0.5435499548912048,0.5261555910110474,0.07008782029151917,0,0
35,LEFT_WRIST,0.5196628570556641,0.5740360617637634,0.05297376587986946,0,0
35,RIGHT_WRIST,0.5125221014022827,0.5187404751777649,0.08629557490348816,0,0
35,LEFT_PINKY,0.5185855627059937,0.5805660486221313,0.05579586327075958,0,0
35,RIGHT_PINKY,0.5147017240524292,0.5041879415512085,0.09138666838407516,0,0
35,LEFT_INDEX,0.5202671885490417,0.5749314427375793,0.051238853484392166,0,0
35,RIGHT_INDEX,0.5049875378608704,0.513081967830658,0.08533051609992981,0,0
35,LEFT_THUMB,0.5222526788711548,0.5750563144683838,0.053554050624370575,0,0
35,RIGHT_THUMB,0.5132362246513367,0.5047218799591064,0.08355975151062012,0,0
35,LEFT_HIP,0.5375154614448547,0.6479724645614624,-0.037781424820423126,0,0
35,RIGHT_HIP,0.5583858489990234,0.6384492516517639,0.037647392600774765,0,0
35,LEFT_KNEE,0.5332967638969421,0.7291392683982849,-0.020987747237086296,0,0
35,RIGHT_KNEE,0.5644035935401917,0.7154049873352051,0.06164676323533058,0,0
35,LEFT_ANKLE,0.5436023473739624,0.8162552714347839,-0.032769013196229935,0,0
35,RIGHT_ANKLE,0.590556800365448,0.7923802137374878,0.04387097433209419,0,0
35,LEFT_HEEL,0.5479372143745422,0.8323048949241638,-0.03321700915694237,0,0
35,RIGHT_HEEL,0.5959669351577759,0.7997300624847412,0.04267754778265953,0,0
35,LEFT_FOOT_INDEX,0.5301117897033691,0.8235898613929749,-0.05109693482518196,0,0
35,RIGHT_FOOT_INDEX,0.5912700295448303,0.8267537355422974,0.03415951877832413,0,0
36,NOSE,0.5384983420372009,0.4770183861255646,0.06859973073005676,0,0
36,LEFT_EYE_INNER,0.5365482568740845,0.46993717551231384,0.05294202268123627,0,0
36,LEFT_EYE,0.5353263020515442,0.469617635011673,0.05294191092252731,0,0
36,LEFT_EYE_OUTER,0.534126341342926,0.46919965744018555,0.05294910445809364,0,0
36,RIGHT_EYE_INNER,0.5405712127685547,0.46977511048316956,0.06599381566047668,0,0
36,RIGHT_EYE,0.5421062707901001,0.4695155620574951,0.06596113741397858,0,0
36,RIGHT_EYE_OUTER,0.5435751080513,0.4692789316177368,0.06595710664987564,0,0
36,LEFT_EAR,0.534028947353363,0.4712500274181366,0.0017353241564705968,0,0
36,RIGHT_EAR,0.5465131402015686,0.4730250835418701,0.04199916124343872,0,0
36,MOUTH_LEFT,0.5373339056968689,0.4826337397098541,0.0511859729886055,0,0
36,MOUTH_RIGHT,0.5409612655639648,0.48331218957901,0.06631345301866531,0,0
36,LEFT_SHOULDER,0.5307440161705017,0.5237236618995667,-0.05666074901819229,0,0
36,RIGHT_SHOULDER,0.5537328124046326,0.5082501173019409,0.06161848083138466,0,0
36,LEFT_ELBOW,0.5219200253486633,0.5885343551635742,-0.07755367457866669,0,0
36,RIGHT_ELBOW,0.5387817621231079,0.5472418665885925,0.05019127205014229,0,0
36,LEFT_WRIST,0.5181782245635986,0.6028392314910889,-0.06967058777809143,0,0
36,RIGHT_WRIST,0.5095499157905579,0.5453008413314819,0.018605368211865425,0,0
36,LEFT_PINKY,0.5168180465698242,0.6102621555328369,-0.07912933826446533,0,0
36,RIGHT_PINKY,0.5024896860122681,0.5380049347877502,0.01391668152064085,0,0
36,LEFT_INDEX,0.5167250037193298,0.6051021218299866,-0.07990916073322296,0,0
36,RIGHT_INDEX,0.5016605257987976,0.5395485758781433,0.004699173383414745,0,0
36,LEFT_THUMB,0.5180460214614868,0.6021062731742859,-0.06941097229719162,0,0
36,RIGHT_THUMB,0.5054646134376526,0.5475594401359558,0.010941270738840103,0,0
36,LEFT_HIP,0.5385702252388,0.6475932598114014,-0.042154788970947266,0,0
36,RIGHT_HIP,0.5582241415977478,0.6385891437530518,0.04205363616347313,0,0
36,LEFT_KNEE,0.5355835556983948,0.7288051247596741,-0.03811072185635567,0,0
36,RIGHT_KNEE,0.5630694031715393,0.7141860127449036,0.05658477917313576,0,0
36,LEFT_ANKLE,0.5443740487098694,0.8163336515426636,-0.037819404155015945,0,0
36,RIGHT_ANKLE,0.5897193551063538,0.7852372527122498,0.06199541315436363,0,0
36,LEFT_HEEL,0.5487638711929321,0.8329483270645142,-0.03834218531847,0,0
36,RIGHT_HEEL,0.5963200926780701,0.7938348650932312,0.06280790269374847,0,0
36,LEFT_FOOT_INDEX,0.5302602648735046,0.823621928691864,-0.06172225996851921,0,0
36,RIGHT_FOOT_INDEX,0.5896177887916565,0.8148172497749329,0.05414566770195961,0,0
37,NOSE,0.5357053279876709,0.47509121894836426,0.0688539668917656,0,0
37,LEFT_EYE_INNER,0.533653974533081,0.46821993589401245,0.05416080728173256,0,0
37,LEFT_EYE,0.5324541330337524,0.4682480990886688,0.054164692759513855,0,0
37,LEFT_EYE_OUTER,0.5312981009483337,0.46822670102119446,0.0541745200753212,0,0
37,RIGHT_EYE_INNER,0.5377563834190369,0.4674912989139557,0.06507212668657303,0,0
37,RIGHT_EYE,0.5393685102462769,0.46713247895240784,0.06504341959953308,0,0
37,RIGHT_EYE_OUTER,0.540954053401947,0.4667927026748657,0.06502335518598557,0,0
37,LEFT_EAR,0.5309800505638123,0.47131219506263733,0.005245065316557884,0,0
37,RIGHT_EAR,0.5439609289169312,0.47079452872276306,0.04530208930373192,0,0
37,MOUTH_LEFT,0.5342330932617188,0.4818243086338043,0.05284957215189934,0,0
37,MOUTH_RIGHT,0.5380947589874268,0.4814295470714569,0.06543079763650894,0,0
37,LEFT_SHOULDER,0.5304793119430542,0.5216111540794373,-0.05630706250667572,0,0
37,RIGHT_SHOULDER,0.5508807897567749,0.5096041560173035,0.06744246929883957,0,0
37,LEFT_ELBOW,0.5283189415931702,0.584006130695343,-0.0928407534956932,0,0
37,RIGHT_ELBOW,0.536392867565155,0.5603093504905701,0.04245096445083618,0,0
37,LEFT_WRIST,0.5195248126983643,0.6087630391120911,-0.10897994041442871,0,0
37,RIGHT_WRIST,0.5093017220497131,0.566353440284729,-0.020214833319187164,0,0
37,LEFT_PINKY,0.5178678631782532,0.6196573972702026,-0.1247088834643364,0,0
37,RIGHT_PINKY,0.5034652948379517,0.5685033798217773,-0.026150362566113472,0,0
37,LEFT_INDEX,0.5175885558128357,0.6163713335990906,-0.12314251065254211,0,0
37,RIGHT_INDEX,0.502650797367096,0.5649591088294983,-0.03532334417104721,0,0
37,LEFT_THUMB,0.518165647983551,0.6100525856018066,-0.10870566964149475,0,0
37,RIGHT_THUMB,0.5056579113006592,0.5680661201477051,-0.026675662025809288,0,0
37,LEFT_HIP,0.5390700697898865,0.6452817320823669,-0.04512375220656395,0,0
37,RIGHT_HIP,0.5579622983932495,0.6365553736686707,0.04504287987947464,0,0
37,LEFT_KNEE,0.5369476079940796,0.7274909019470215,-0.036342207342386246,0,0
37,RIGHT_KNEE,0.5617247223854065,0.7116252779960632,0.07044894993305206,0,0
37,LEFT_ANKLE,0.5445297360420227,0.8162592649459839,-0.029974447563290596,0,0
37,RIGHT_ANKLE,0.5880534648895264,0.7852919697761536,0.09249822795391083,0,0
37,LEFT_HEEL,0.5492255091667175,0.8327381014823914,-0.02982746995985508,0,0
37,RIGHT_HEEL,0.5936369299888611,0.7962422966957092,0.09475357085466385,0,0
37,LEFT_FOOT_INDEX,0.5303480625152588,0.8230814933776855,-0.0540199838578701,0,0
37,RIGHT_FOOT_INDEX,0.5842923521995544,0.8078519701957703,0.083567775785923,0,0
38,NOSE,0.5345420241355896,0.47465211153030396,0.07422306388616562,0,0
38,LEFT_EYE_INNER,0.5328022241592407,0.4680042564868927,0.057666026055812836,0,0
38,LEFT_EYE,0.5316742658615112,0.46820980310440063,0.05766824632883072,0,0
38,LEFT_EYE_OUTER,0.5305482149124146,0.4683220386505127,0.05768901854753494,0,0
38,RIGHT_EYE_INNER,0.5369704961776733,0.46685346961021423,0.07055172324180603,0,0
38,RIGHT_EYE,0.5385723114013672,0.46646198630332947,0.07053298503160477,0,0
38,RIGHT_EYE_OUTER,0.5401719212532043,0.466121107339859,0.0704931914806366,0,0
38,LEFT_EAR,0.5305107235908508,0.47165289521217346,0.008029280230402946,0,0
38,RIGHT_EAR,0.5433537364006042,0.470289945602417,0.0522899366915226,0,0
38,MOUTH_LEFT,0.533048152923584,0.4819660782814026,0.05482322722673416,0,0
38,MOUTH_RIGHT,0.5370895862579346,0.4810386300086975,0.07115967571735382,0,0
38,LEFT_SHOULDER,0.5306694507598877,0.5203823447227478,-0.05799279361963272,0,0
38,RIGHT_SHOULDER,0.5501692891120911,0.5104848742485046,0.07685757428407669,0,0
38,LEFT_ELBOW,0.5298172235488892,0.5829161405563354,-0.0925663411617279,0,0
38,RIGHT_ELBOW,0.5347115993499756,0.5635154843330383,0.06312672793865204,0,0
38,LEFT_WRIST,0.5198916792869568,0.6114829778671265,-0.10213261097669601,0,0
38,RIGHT_WRIST,0.5094588398933411,0.5690209865570068,0.0010020890040323138,0,0
38,LEFT_PINKY,0.5178028345108032,0.6228185296058655,-0.11674132198095322,0,0
38,RIGHT_PINKY,0.5020121335983276,0.575433611869812,-0.013888412155210972,0,0
38,LEFT_INDEX,0.5169798135757446,0.6192502379417419,-0.11590203642845154,0,0
38,RIGHT_INDEX,0.500167191028595,0.5719812512397766,-0.010345612652599812,0,0
38,LEFT_THUMB,0.517962634563446,0.6146321892738342,-0.1019177958369255,0,0
38,RIGHT_THUMB,0.5043750405311584,0.5679375529289246,-0.025393009185791016,0,0
38,LEFT_HIP,0.5388479232788086,0.645047128200531,-0.04674887657165527,0,0
38,RIGHT_HIP,0.5578272342681885,0.6366801857948303,0.04666523262858391,0,0
38,LEFT_KNEE,0.5372655391693115,0.726489245891571,-0.03696155548095703,0,0
38,RIGHT_KNEE,0.5613380074501038,0.7106912136077881,0.07278908044099808,0,0
38,LEFT_ANKLE,0.5441878437995911,0.8162020444869995,-0.023887330666184425,0,0
38,RIGHT_ANKLE,0.5880995988845825,0.7853712439537048,0.09683959931135178,0,0
38,LEFT_HEEL,0.5485966205596924,0.8325526714324951,-0.02307385392487049,0,0
38,RIGHT_HEEL,0.5944591760635376,0.7965895533561707,0.09925226122140884,0,0
38,LEFT_FOOT_INDEX,0.5306679606437683,0.8230428695678711,-0.047399722039699554,0,0
38,RIGHT_FOOT_INDEX,0.5822519063949585,0.8098028898239136,0.08645717054605484,0,0
39,NOSE,0.5320674180984497,0.47419002652168274,0.061414964497089386,0,0
39,LEFT_EYE_INNER,0.5306565165519714,0.4676658809185028,0.04727843031287193,0,0
39,LEFT_EYE,0.5296496152877808,0.46787768602371216,0.047284405678510666,0,0
39,LEFT_EYE_OUTER,0.5286635160446167,0.46800941228866577,0.04730205982923508,0,0
39,RIGHT_EYE_INNER,0.5343278050422668,0.4665888845920563,0.06109587475657463,0,0
39,RIGHT_EYE,0.5358777642250061,0.46623989939689636,0.061097338795661926,0,0
39,RIGHT_EYE_OUTER,0.5374307036399841,0.465943306684494,0.06105180084705353,0,0
39,LEFT_EAR,0.5292035937309265,0.47136443853378296,0.0010297163389623165,0,0
39,RIGHT_EAR,0.5409214496612549,0.46964460611343384,0.051561567932367325,0,0
39,MOUTH_LEFT,0.5311826467514038,0.4811321198940277,0.045956794172525406,0,0
39,MOUTH_RIGHT,0.5346746444702148,0.4801637530326843,0.0636763945221901,0,0
39,LEFT_SHOULDER,0.5305756330490112,0.5166410207748413,-0.06179361045360565,0,0
39,RIGHT_SHOULDER,0.5498522520065308,0.5098234415054321,0.08318036049604416,0,0
39,LEFT_ELBOW,0.5316070318222046,0.5823519229888916,-0.09820464253425598,0,0
39,RIGHT_ELBOW,0.5357370972633362,0.5671454668045044,0.08879721164703369,0,0
39,LEFT_WRIST,0.5205990672111511,0.6112082004547119,-0.11055289953947067,0,0
39,RIGHT_WRIST,0.5134798288345337,0.5900775194168091,0.05997414141893387,0,0
39,LEFT_PINKY,0.5190171599388123,0.6249157190322876,-0.12565141916275024,0,0
39,RIGHT_PINKY,0.5034012198448181,0.5896410346031189,0.06039833649992943,0,0
39,LEFT_INDEX,0.5183818340301514,0.6214028000831604,-0.12373647093772888,0,0
39,RIGHT_INDEX,0.5011432766914368,0.5882623791694641,0.047802846878767014,0,0
39,LEFT_THUMB,0.519065260887146,0.6162136793136597,-0.10983052849769592,0,0
39,RIGHT_THUMB,0.502769947052002,0.5875220894813538,0.05221537873148918,0,0
39,LEFT_HIP,0.5395179390907288,0.6397671699523926,-0.048109445720911026,0,0
39,RIGHT_HIP,0.5578771829605103,0.6333229541778564,0.04805821552872658,0,0
39,LEFT_KNEE,0.5380901098251343,0.7232255935668945,-0.042066771537065506,0,0
39,RIGHT_KNEE,0.5607751607894897,0.7082494497299194,0.06882909685373306,0,0
39,LEFT_ANKLE,0.5440862774848938,0.8155959844589233,-0.03801071643829346,0,0
39,RIGHT_ANKLE,0.5873774886131287,0.7857416868209839,0.08730748295783997,0,0
39,LEFT_HEEL,0.5485342144966125,0.8324151635169983,-0.038503337651491165,0,0
39,RIGHT_HEEL,0.5911728143692017,0.7987648844718933,0.08890923857688904,0,0
39,LEFT_FOOT_INDEX,0.5304408669471741,0.823135256767273,-0.06527160108089447,0,0
39,RIGHT_FOOT_INDEX,0.5753606557846069,0.8050556778907776,0.07720489799976349,0,0
40,NOSE,0.5315779447555542,0.47207462787628174,0.08817917853593826,0,0
40,LEFT_EYE_INNER,0.5299367308616638,0.4661875069141388,0.07419028133153915,0,0
40,LEFT_EYE,0.528820812702179,0.46642881631851196,0.07419855147600174,0,0
40,LEFT_EYE_OUTER,0.527665376663208,0.4666493237018585,0.07420109957456589,0,0
40,RIGHT_EYE_INNER,0.5338119864463806,0.4652542769908905,0.08578906953334808,0,0
40,RIGHT_EYE,0.5353535413742065,0.4650004208087921,0.08579316735267639,0,0
40,RIGHT_EYE_OUTER,0.5368520021438599,0.46480414271354675,0.08572304993867874,0,0
40,LEFT_EAR,0.527492344379425,0.47023582458496094,0.024967078119516373,0,0
40,RIGHT_EAR,0.5400691628456116,0.4685022532939911,0.07267330586910248,0,0
40,MOUTH_LEFT,0.5303742289543152,0.4787706136703491,0.07192931324243546,0,0
40,MOUTH_RIGHT,0.5339151620864868,0.4778420925140381,0.08612347394227982,0,0
40,LEFT_SHOULDER,0.5286606550216675,0.510381281375885,-0.04854810982942581,0,0
40,RIGHT_SHOULDER,0.54802006483078,0.5089621543884277,0.10038237273693085,0,0
40,LEFT_ELBOW,0.5329474806785583,0.5765011310577393,-0.09405315667390823,0,0
40,RIGHT_ELBOW,0.5386922359466553,0.5670853853225708,0.10222743451595306,0,0
40,LEFT_WRIST,0.5207973718643188,0.6111321449279785,-0.11822466552257538,0,0
40,RIGHT_WRIST,0.5148817300796509,0.5980185866355896,0.07253976166248322,0,0
40,LEFT_PINKY,0.5192663073539734,0.624434232711792,-0.13501237332820892,0,0
40,RIGHT_PINKY,0.509121298789978,0.6049174070358276,0.07551533728837967,0,0
40,LEFT_INDEX,0.5202926397323608,0.6206895709037781,-0.13186708092689514,0,0
40,RIGHT_INDEX,0.505587637424469,0.6022014021873474,0.06330131739377975,0,0
40,LEFT_THUMB,0.5209091305732727,0.6160739064216614,-0.11722277849912643,0,0
40,RIGHT_THUMB,0.5091928243637085,0.6001920700073242,0.0664600059390068,0,0
40,LEFT_HIP,0.5398864150047302,0.6343938112258911,-0.04892752692103386,0,0
40,RIGHT_HIP,0.5578097105026245,0.6295443177223206,0.048907820135354996,0,0
40,LEFT_KNEE,0.5380666851997375,0.719758927822113,-0.04957371950149536,0,0
40,RIGHT_KNEE,0.5592381954193115,0.7067804336547852,0.06957018375396729,0,0
40,LEFT_ANKLE,0.5451582074165344,0.8145058155059814,-0.05132951959967613,0,0
40,RIGHT_ANKLE,0.5737103819847107,0.7875688672065735,0.08715880662202835,0,0
40,LEFT_HEEL,0.5501472353935242,0.8311976790428162,-0.05176061391830444,0,0
40,RIGHT_HEEL,0.5751228332519531,0.7997052669525146,0.0882892981171608,0,0
40,LEFT_FOOT_INDEX,0.5306255221366882,0.8226871490478516,-0.075143001973629,0,0
40,RIGHT_FOOT_INDEX,0.5583893060684204,0.8004098534584045,0.07351289689540863,0,0
41,NOSE,0.5308617949485779,0.47049254179000854,0.08248639106750488,0,0
41,LEFT_EYE_INNER,0.5292943716049194,0.46484655141830444,0.06867383420467377,0,0
41,LEFT_EYE,0.528161346912384,0.46516597270965576,0.06867976486682892,0,0
41,LEFT_EYE_OUTER,0.5270209908485413,0.46548476815223694,0.06868409365415573,0,0
41,RIGHT_EYE_INNER,0.5330743789672852,0.46388477087020874,0.07842609286308289,0,0
41,RIGHT_EYE,0.5344881415367126,0.46364066004753113,0.07842473685741425,0,0
41,RIGHT_EYE_OUTER,0.5359343886375427,0.46342962980270386,0.07836062461137772,0,0
41,LEFT_EAR,0.5266969203948975,0.4693716764450073,0.024678023532032967,0,0
41,RIGHT_EAR,0.5392318367958069,0.4670597016811371,0.06308300793170929,0,0
41,MOUTH_LEFT,0.5295938849449158,0.47726428508758545,0.0671316385269165,0,0
41,MOUTH_RIGHT,0.5332106947898865,0.4762030839920044,0.0789492130279541,0,0
41,LEFT_SHOULDER,0.5278387069702148,0.5070270299911499,-0.05392802506685257,0,0
41,RIGHT_SHOULDER,0.5481126308441162,0.5072441101074219,0.09092254191637039,0,0
41,LEFT_ELBOW,0.532770574092865,0.5657297372817993,-0.10437709838151932,0,0
41,RIGHT_ELBOW,0.5390304327011108,0.5648189783096313,0.09523170441389084,0,0
41,LEFT_WRIST,0.5230786800384521,0.6097248792648315,-0.13600251078605652,0,0
41,RIGHT_WRIST,0.515684187412262,0.5985456705093384,0.06756836920976639,0,0
41,LEFT_PINKY,0.5215888619422913,0.6229608058929443,-0.15382763743400574,0,0
41,RIGHT_PINKY,0.512394368648529,0.6059407591819763,0.07091990858316422,0,0
41,LEFT_INDEX,0.5213198065757751,0.6206921935081482,-0.1508810818195343,0,0
41,RIGHT_INDEX,0.5059308409690857,0.604525625705719,0.0579138845205307,0,0
41,LEFT_THUMB,0.5213705897331238,0.6161674857139587,-0.13532370328903198,0,0
41,RIGHT_THUMB,0.5099932551383972,0.603218674659729,0.0615198127925396,0,0
41,LEFT_HIP,0.5401719808578491,0.6314095854759216,-0.05000162869691849,0,0
41,RIGHT_HIP,0.5578858852386475,0.6279562711715698,0.04999629035592079,0,0
41,LEFT_KNEE,0.5377215147018433,0.7182042002677917,-0.0556836761534214,0,0
41,RIGHT_KNEE,0.5580886006355286,0.7065154910087585,0.07578112185001373,0,0
41,LEFT_ANKLE,0.5451769232749939,0.8123382329940796,-0.06360555440187454,0,0
41,RIGHT_ANKLE,0.5646429657936096,0.7884129285812378,0.09365954995155334,0,0
41,LEFT_HEEL,0.5500255823135376,0.8290950655937195,-0.06498358398675919,0,0
41,RIGHT_HEEL,0.5667725801467896,0.7999077439308167,0.09473754465579987,0,0
41,LEFT_FOOT_INDEX,0.5300661325454712,0.8226814270019531,-0.08999911695718765,0,0
41,RIGHT_FOOT_INDEX,0.5504972338676453,0.7958422899246216,0.07986614108085632,0,0
42,NOSE,0.531299889087677,0.47031792998313904,0.08465854823589325,0,0
42,LEFT_EYE_INNER,0.529606282711029,0.46453937888145447,0.0698482021689415,0,0
42,LEFT_EYE,0.528438150882721,0.4648866355419159,0.06985313445329666,0,0
42,LEFT_EYE_OUTER,0.5272300243377686,0.46523961424827576,0.0698607936501503,0,0
42,RIGHT_EYE_INNER,0.5334228873252869,0.4635201692581177,0.07999460399150848,0,0
42,RIGHT_EYE,0.5348606109619141,0.4632820188999176,0.07999186217784882,0,0
42,RIGHT_EYE_OUTER,0.5363655090332031,0.46306535601615906,0.07992176711559296,0,0
42,LEFT_EAR,0.5267760157585144,0.4691731631755829,0.021685831248760223,0,0
42,RIGHT_EAR,0.539708137512207,0.46669840812683105,0.06157103553414345,0,0
42,MOUTH_LEFT,0.5301308035850525,0.47706338763237,0.06808218359947205,0,0
42,MOUTH_RIGHT,0.5338122844696045,0.4761049151420593,0.08041319996118546,0,0
42,LEFT_SHOULDER,0.5274199843406677,0.5070250630378723,-0.052417296916246414,0,0
42,RIGHT_SHOULDER,0.5482187867164612,0.5072006583213806,0.08770778775215149,0,0
42,LEFT_ELBOW,0.5324761271476746,0.5664743781089783,-0.10149575769901276,0,0
42,RIGHT_ELBOW,0.5386126041412354,0.5640606880187988,0.09020104259252548,0,0
42,LEFT_WRIST,0.5242674350738525,0.6097817420959473,-0.13443051278591156,0,0
42,RIGHT_WRIST,0.5178343653678894,0.5988773107528687,0.0595545619726181,0,0
42,LEFT_PINKY,0.5224940180778503,0.6226274967193604,-0.15243825316429138,0,0
42,RIGHT_PINKY,0.5143477916717529,0.6052712798118591,0.062077924609184265,0,0
42,LEFT_INDEX,0.5215469598770142,0.619766354560852,-0.14935711026191711,0,0
42,RIGHT_INDEX,0.509630560874939,0.6039328575134277,0.049415551126003265,0,0
42,LEFT_THUMB,0.5216637849807739,0.6155656576156616,-0.13383813202381134,0,0
42,RIGHT_THUMB,0.5130860805511475,0.602931797504425,0.05358324199914932,0,0
42,LEFT_HIP,0.5405550599098206,0.6318114399909973,-0.049307502806186676,0,0
42,RIGHT_HIP,0.5581721067428589,0.628242552280426,0.04929368942975998,0,0
42,LEFT_KNEE,0.5372726321220398,0.718805730342865,-0.05276503786444664,0,0
42,RIGHT_KNEE,0.5577590465545654,0.7071102261543274,0.08110446482896805,0,0
42,LEFT_ANKLE,0.5451156497001648,0.8101739287376404,-0.05977674201130867,0,0
42,RIGHT_ANKLE,0.5624640583992004,0.7888488173484802,0.10453593730926514,0,0
42,LEFT_HEEL,0.5500918030738831,0.8267953991889954,-0.060955800116062164,0,0
42,RIGHT_HEEL,0.565007746219635,0.8008575439453125,0.10630491375923157,0,0
42,LEFT_FOOT_INDEX,0.5293465256690979,0.8221045732498169,-0.08553241938352585,0,0
42,RIGHT_FOOT_INDEX,0.5480549335479736,0.7972686290740967,0.0912899300456047,0,0
43,NOSE,0.5308843851089478,0.470779150724411,0.08257391303777695,0,0
43,LEFT_EYE_INNER,0.5291574597358704,0.46537208557128906,0.06793691217899323,0,0
43,LEFT_EYE,0.5280064344406128,0.4660361409187317,0.06794145703315735,0,0
43,LEFT_EYE_OUTER,0.5268440842628479,0.4666462540626526,0.06794880330562592,0,0
43,RIGHT_EYE_INNER,0.532863974571228,0.4636612832546234,0.07741692662239075,0,0
43,RIGHT_EYE,0.5342569947242737,0.4635593295097351,0.07741589099168777,0,0
43,RIGHT_EYE_OUTER,0.5357563495635986,0.4634741544723511,0.07735901325941086,0,0
43,LEFT_EAR,0.5264475345611572,0.47059494256973267,0.018215419724583626,0,0
43,RIGHT_EAR,0.5391845107078552,0.46721184253692627,0.057690273970365524,0,0
43,MOUTH_LEFT,0.529712438583374,0.47754013538360596,0.06636397540569305,0,0
43,MOUTH_RIGHT,0.5334663987159729,0.47649192810058594,0.07786408811807632,0,0
43,LEFT_SHOULDER,0.5272948145866394,0.5077151656150818,-0.05394984781742096,0,0
43,RIGHT_SHOULDER,0.5483196377754211,0.5074653625488281,0.08144848048686981,0,0
43,LEFT_ELBOW,0.5325081944465637,0.5634505152702332,-0.10717944800853729,0,0
43,RIGHT_ELBOW,0.5388957262039185,0.563867449760437,0.08923182636499405,0,0
43,LEFT_WRIST,0.5255621075630188,0.6112555861473083,-0.1448480635881424,0,0
43,RIGHT_WRIST,0.5239807367324829,0.6029383540153503,0.0660342127084732,0,0
43,LEFT_PINKY,0.5245710611343384,0.6233313679695129,-0.16315190494060516,0,0
43,RIGHT_PINKY,0.5202993750572205,0.6121034026145935,0.068956159055233,0,0
43,LEFT_INDEX,0.5231436491012573,0.6209592819213867,-0.15977592766284943,0,0
43,RIGHT_INDEX,0.5186213254928589,0.6103564500808716,0.055800192058086395,0,0
43,LEFT_THUMB,0.5232169032096863,0.6168742775917053,-0.1440897434949875,0,0
43,RIGHT_THUMB,0.5209863185882568,0.608782947063446,0.060286588966846466,0,0
43,LEFT_HIP,0.5404406785964966,0.6328266263008118,-0.047710858285427094,0,0
43,RIGHT_HIP,0.5581705570220947,0.6289408802986145,0.04769529774785042,0,0
43,LEFT_KNEE,0.5346002578735352,0.7190297245979309,-0.05006660148501396,0,0
43,RIGHT_KNEE,0.5561752915382385,0.7075747847557068,0.07424075901508331,0,0
43,LEFT_ANKLE,0.5448341369628906,0.8083493709564209,-0.053771696984767914,0,0
43,RIGHT_ANKLE,0.5576105117797852,0.789212167263031,0.0889483392238617,0,0
43,LEFT_HEEL,0.5497671365737915,0.8235659003257751,-0.05447419360280037,0,0
43,RIGHT_HEEL,0.560012936592102,0.8016108274459839,0.08999093621969223,0,0
43,LEFT_FOOT_INDEX,0.5292869210243225,0.821532666683197,-0.07688181102275848,0,0
43,RIGHT_FOOT_INDEX,0.5459000468254089,0.7990772128105164,0.07535292208194733,0,0
44,NOSE,0.5317978262901306,0.4736766219139099,0.08821671456098557,0,0
44,LEFT_EYE_INNER,0.5298640727996826,0.46807047724723816,0.07244161516427994,0,0
44,LEFT_EYE,0.5286309123039246,0.46881768107414246,0.07244550436735153,0,0
44,LEFT_EYE_OUTER,0.5273646712303162,0.46952125430107117,0.07245281338691711,0,0
44,RIGHT_EYE_INNER,0.5338746309280396,0.46620413661003113,0.08194039762020111,0,0
44,RIGHT_EYE,0.5353637933731079,0.4659600257873535,0.08193938434123993,0,0
44,RIGHT_EYE_OUTER,0.5368654131889343,0.4657313823699951,0.08188371360301971,0,0
44,LEFT_EAR,0.5267527103424072,0.47387662529945374,0.018617136403918266,0,0
44,RIGHT_EAR,0.540060818195343,0.46953123807907104,0.05872159078717232,0,0
44,MOUTH_LEFT,0.5304632782936096,0.48086705803871155,0.07067397236824036,0,0
44,MOUTH_RIGHT,0.534454882144928,0.47953513264656067,0.08225902915000916,0,0
44,LEFT_SHOULDER,0.5269876718521118,0.5100179314613342,-0.05075662583112717,0,0
44,RIGHT_SHOULDER,0.5480069518089294,0.5102452635765076,0.08009007573127747,0,0
44,LEFT_ELBOW,0.5325583815574646,0.5648497343063354,-0.10543618351221085,0,0
44,RIGHT_ELBOW,0.5388115048408508,0.5628373622894287,0.07928783446550369,0,0
44,LEFT_WRIST,0.5261974930763245,0.6119979023933411,-0.14735020697116852,0,0
44,RIGHT_WRIST,0.5255962014198303,0.6037453413009644,0.04138283431529999,0,0
44,LEFT_PINKY,0.5250586867332458,0.623725414276123,-0.16580957174301147,0,0
44,RIGHT_PINKY,0.5210564732551575,0.6120816469192505,0.04225686937570572,0,0
44,LEFT_INDEX,0.5233832001686096,0.6212885975837708,-0.16269248723983765,0,0
44,RIGHT_INDEX,0.5193188786506653,0.6110169887542725,0.028342334553599358,0,0
44,LEFT_THUMB,0.5235121846199036,0.6171286702156067,-0.14688602089881897,0,0
44,RIGHT_THUMB,0.521379292011261,0.6090990900993347,0.034798912703990936,0,0
44,LEFT_HIP,0.5402517914772034,0.6354595422744751,-0.04635006934404373,0,0
44,RIGHT_HIP,0.5581544041633606,0.6327344179153442,0.04633788391947746,0,0
44,LEFT_KNEE,0.5310158133506775,0.718695878982544,-0.04875073954463005,0,0
44,RIGHT_KNEE,0.5532112121582031,0.7087817192077637,0.08214408904314041,0,0
44,LEFT_ANKLE,0.5441325902938843,0.807499349117279,-0.05331183224916458,0,0
44,RIGHT_ANKLE,0.5530290603637695,0.7909676432609558,0.10139791667461395,0,0
44,LEFT_HEEL,0.548906683921814,0.821969211101532,-0.05390210822224617,0,0
44,RIGHT_HEEL,0.5559305548667908,0.8023879528045654,0.10294706374406815,0,0
44,LEFT_FOOT_INDEX,0.5280117988586426,0.8204838037490845,-0.0741068497300148,0,0
44,RIGHT_FOOT_INDEX,0.5406926274299622,0.798928439617157,0.08899928629398346,0,0
45,NOSE,0.5319952368736267,0.48272591829299927,0.04773954674601555,0,0
45,LEFT_EYE_INNER,0.53005450963974,0.47698742151260376,0.033792078495025635,0,0
45,LEFT_EYE,0.5287850499153137,0.4774784743785858,0.033812154084444046,0,0
45,LEFT_EYE_OUTER,0.5275024175643921,0.47794127464294434,0.03380664065480232,0,0
45,RIGHT_EYE_INNER,0.5341333150863647,0.4753764271736145,0.042959220707416534,0,0
45,RIGHT_EYE,0.5355806946754456,0.47492241859436035,0.042969461530447006,0,0
45,RIGHT_EYE_OUTER,0.5370103120803833,0.47450459003448486,0.042912885546684265,0,0
45,LEFT_EAR,0.5270286798477173,0.4817875027656555,-0.012090915814042091,0,0
45,RIGHT_EAR,0.5401975512504578,0.4775872826576233,0.026535160839557648,0,0
45,MOUTH_LEFT,0.5307235717773438,0.48910221457481384,0.03296292945742607,0,0
45,MOUTH_RIGHT,0.5346500873565674,0.48815280199050903,0.043916843831539154,0,0
45,LEFT_SHOULDER,0.5272607803344727,0.5200623273849487,-0.07325537502765656,0,0
45,RIGHT_SHOULDER,0.5487242937088013,0.520865261554718,0.05532637983560562,0,0
45,LEFT_ELBOW,0.5325047969818115,0.5713950991630554,-0.11789979785680771,0,0
45,RIGHT_ELBOW,0.5508070588111877,0.5478410124778748,0.08423283696174622,0,0
45,LEFT_WRIST,0.5263344645500183,0.6235775947570801,-0.13547663390636444,0,0
45,RIGHT_WRIST,0.5565429925918579,0.5395795106887817,0.10995618253946304,0,0
45,LEFT_PINKY,0.5257331132888794,0.636939525604248,-0.14882792532444,0,0
45,RIGHT_PINKY,0.5605823397636414,0.5378186106681824,0.1193305030465126,0,0
45,LEFT_INDEX,0.5241084694862366,0.6359723210334778,-0.14719900488853455,0,0
45,RIGHT_INDEX,0.5588019490242004,0.5347766876220703,0.11548689007759094,0,0
45,LEFT_THUMB,0.5242528319358826,0.631677508354187,-0.13467438519001007,0,0
45,RIGHT_THUMB,0.556250274181366,0.5364272594451904,0.10932668298482895,0,0
45,LEFT_HIP,0.540169894695282,0.6435401439666748,-0.04759300500154495,0,0
45,RIGHT_HIP,0.5579835772514343,0.6421912908554077,0.047549452632665634,0,0
45,LEFT_KNEE,0.5206047892570496,0.7182906270027161,-0.035354774445295334,0,0
45,RIGHT_KNEE,0.5474417805671692,0.7097092270851135,0.09301920980215073,0,0
45,LEFT_ANKLE,0.5412779450416565,0.803205668926239,-0.010722939856350422,0,0
45,RIGHT_ANKLE,0.5516853332519531,0.7910246253013611,0.13044193387031555,0,0
45,LEFT_HEEL,0.5474079251289368,0.8146160840988159,-0.007196412887424231,0,0
45,RIGHT_HEEL,0.5556972622871399,0.8024483919143677,0.13308808207511902,0,0
45,LEFT_FOOT_INDEX,0.527931272983551,0.8211544156074524,-0.014642463065683842,0,0
45,RIGHT_FOOT_INDEX,0.5372949242591858,0.8031067848205566,0.12297887355089188,0,0
46,NOSE,0.5326927900314331,0.4844062030315399,0.04958705976605415,0,0
46,LEFT_EYE_INNER,0.5307133793830872,0.4782840311527252,0.0341191291809082,0,0
46,LEFT_EYE,0.5294045209884644,0.4787956476211548,0.03413320332765579,0,0
46,LEFT_EYE_OUTER,0.5280616879463196,0.4792632460594177,0.03412501886487007,0,0
46,RIGHT_EYE_INNER,0.5347740054130554,0.476724237203598,0.042192358523607254,0,0
46,RIGHT_EYE,0.536149799823761,0.4763122498989105,0.042196694761514664,0,0
46,RIGHT_EYE_OUTER,0.5375315546989441,0.4759290814399719,0.042138658463954926,0,0
46,LEFT_EAR,0.5272145867347717,0.4832831621170044,-0.017776405438780785,0,0
46,RIGHT_EAR,0.5406561493873596,0.4794597923755646,0.016036296263337135,0,0
46,MOUTH_LEFT,0.531233012676239,0.49122896790504456,0.03295280411839485,0,0
46,MOUTH_RIGHT,0.5351383686065674,0.4903998374938965,0.04248486086726189,0,0
46,LEFT_SHOULDER,0.526798665523529,0.5234445333480835,-0.07698634266853333,0,0
46,RIGHT_SHOULDER,0.5491542220115662,0.5235409140586853,0.04156528785824776,0,0
46,LEFT_ELBOW,0.5327421426773071,0.5764963030815125,-0.10604013502597809,0,0
46,RIGHT_ELBOW,0.5579138994216919,0.546999454498291,0.08187699317932129,0,0
46,LEFT_WRIST,0.5263451933860779,0.6267334818840027,-0.12147772312164307,0,0
46,RIGHT_WRIST,0.5674466490745544,0.5359839797019958,0.09976685792207718,0,0
46,LEFT_PINKY,0.5258833765983582,0.6397891044616699,-0.13700656592845917,0,0
46,RIGHT_PINKY,0.5812082886695862,0.5267674922943115,0.10860438644886017,0,0
46,LEFT_INDEX,0.5243005156517029,0.6384797096252441,-0.13972410559654236,0,0
46,RIGHT_INDEX,0.5812340378761292,0.525830864906311,0.10545716434717178,0,0
46,LEFT_THUMB,0.5243481397628784,0.634398877620697,-0.12271520495414734,0,0
46,RIGHT_THUMB,0.5777300596237183,0.5267388224601746,0.09947069734334946,0,0
46,LEFT_HIP,0.5399532914161682,0.6464136838912964,-0.0468352809548378,0,0
46,RIGHT_HIP,0.557752788066864,0.6450722217559814,0.046787165105342865,0,0
46,LEFT_KNEE,0.519392192363739,0.7178524732589722,-0.034278709441423416,0,0
46,RIGHT_KNEE,0.5461623668670654,0.7104509472846985,0.0898999273777008,0,0
46,LEFT_ANKLE,0.5399988293647766,0.8013454079627991,-0.012408624403178692,0,0
46,RIGHT_ANKLE,0.5512650012969971,0.7911278009414673,0.12370142340660095,0,0
46,LEFT_HEEL,0.546268105506897,0.8119121193885803,-0.009181993082165718,0,0
46,RIGHT_HEEL,0.5552011132240295,0.8026717305183411,0.12586119771003723,0,0
46,LEFT_FOOT_INDEX,0.5278918743133545,0.8227134943008423,-0.016743473708629608,0,0
46,RIGHT_FOOT_INDEX,0.5372422337532043,0.8066790103912354,0.11534638702869415,0,0
47,NOSE,0.5330496430397034,0.48871365189552307,0.05551689490675926,0,0
47,LEFT_EYE_INNER,0.5311211943626404,0.4824431836605072,0.040214166045188904,0,0
47,LEFT_EYE,0.529832661151886,0.48289716243743896,0.04022301360964775,0,0
47,LEFT_EYE_OUTER,0.5284976363182068,0.4833407402038574,0.04021512344479561,0,0
47,RIGHT_EYE_INNER,0.5350916385650635,0.4812145233154297,0.05022318661212921,0,0
47,RIGHT_EYE,0.536425769329071,0.48093125224113464,0.05022424831986427,0,0
47,RIGHT_EYE_OUTER,0.5377752184867859,0.480692595243454,0.0501752644777298,0,0
47,LEFT_EAR,0.527610719203949,0.4874705672264099,-0.012701386585831642,0,0
47,RIGHT_EAR,0.5408352017402649,0.48444506525993347,0.02934303507208824,0,0
47,MOUTH_LEFT,0.531579315662384,0.49576643109321594,0.038383033126592636,0,0
47,MOUTH_RIGHT,0.5354055762290955,0.4952421486377716,0.05059084668755531,0,0
47,LEFT_SHOULDER,0.5263725519180298,0.5277309417724609,-0.07478665560483932,0,0
47,RIGHT_SHOULDER,0.5491990447044373,0.528540313243866,0.05238833278417587,0,0
47,LEFT_ELBOW,0.5326419472694397,0.5814076662063599,-0.10952199250459671,0,0
47,RIGHT_ELBOW,0.5561339855194092,0.5725733041763306,0.0805806815624237,0,0
47,LEFT_WRIST,0.5262823104858398,0.6302149891853333,-0.11533337086439133,0,0
47,RIGHT_WRIST,0.5594050288200378,0.5835162997245789,0.08758311718702316,0,0
47,LEFT_PINKY,0.5258581042289734,0.6436740159988403,-0.1284724920988083,0,0
47,RIGHT_PINKY,0.5631694793701172,0.5889025926589966,0.09474994987249374,0,0
47,LEFT_INDEX,0.5243504643440247,0.6428237557411194,-0.1261749118566513,0,0
47,RIGHT_INDEX,0.5615258812904358,0.5843064188957214,0.08763356506824493,0,0
47,LEFT_THUMB,0.5244230031967163,0.6384919285774231,-0.11420407891273499,0,0
47,RIGHT_THUMB,0.5595147609710693,0.5822529196739197,0.08501877635717392,0,0
47,LEFT_HIP,0.5391125082969666,0.6514557003974915,-0.04697393253445625,0,0
47,RIGHT_HIP,0.5573861598968506,0.64924156665802,0.046943459659814835,0,0
47,LEFT_KNEE,0.5176576375961304,0.7175965309143066,-0.029223715886473656,0,0
47,RIGHT_KNEE,0.5447772145271301,0.7106809020042419,0.09137580543756485,0,0
47,LEFT_ANKLE,0.5383156538009644,0.7986751198768616,-0.00030909557244740427,0,0
47,RIGHT_ANKLE,0.5512515902519226,0.7911950349807739,0.12249413132667542,0,0
47,LEFT_HEEL,0.5444077849388123,0.8089495897293091,0.003945264499634504,0,0
47,RIGHT_HEEL,0.5546919703483582,0.8029325604438782,0.12488586455583572,0,0
47,LEFT_FOOT_INDEX,0.527380645275116,0.822297990322113,-0.0017876654164865613,0,0
47,RIGHT_FOOT_INDEX,0.5369444489479065,0.8076488971710205,0.11551359295845032,0,0
48,NOSE,0.5328293442726135,0.4897136986255646,0.052329931408166885,0,0
48,LEFT_EYE_INNER,0.5309088230133057,0.4832763671875,0.037010159343481064,0,0
48,LEFT_EYE,0.5296821594238281,0.48365360498428345,0.03701276704668999,0,0
48,LEFT_EYE_OUTER,0.5284121036529541,0.4840364158153534,0.03700459003448486,0,0
48,RIGHT_EYE_INNER,0.5348290801048279,0.48223403096199036,0.04717063531279564,0,0
48,RIGHT_EYE,0.5362187027931213,0.48200175166130066,0.047170307487249374,0,0
48,RIGHT_EYE_OUTER,0.5376318693161011,0.48177117109298706,0.047116976231336594,0,0
48,LEFT_EAR,0.5276575684547424,0.4881240427494049,-0.01691691018640995,0,0
48,RIGHT_EAR,0.5408139824867249,0.4853314459323883,0.02674022875726223,0,0
48,MOUTH_LEFT,0.5314668416976929,0.49641475081443787,0.0347321592271328,0,0
48,MOUTH_RIGHT,0.5353797078132629,0.49602779746055603,0.047192394733428955,0,0
48,LEFT_SHOULDER,0.5257359147071838,0.529803454875946,-0.07710054516792297,0,0
48,RIGHT_SHOULDER,0.5503047704696655,0.5304006934165955,0.05076795443892479,0,0
48,LEFT_ELBOW,0.5316751599311829,0.5878644585609436,-0.10229788720607758,0,0
48,RIGHT_ELBOW,0.558968722820282,0.5783965587615967,0.07873689383268356,0,0
48,LEFT_WRIST,0.5248508453369141,0.635331392288208,-0.0893043503165245,0,0
48,RIGHT_WRIST,0.5550990700721741,0.599130392074585,0.09114514291286469,0,0
48,LEFT_PINKY,0.5239080190658569,0.6498401761054993,-0.09847228229045868,0,0
48,RIGHT_PINKY,0.5566429495811462,0.6063863039016724,0.09931796044111252,0,0
48,LEFT_INDEX,0.5225624442100525,0.6488871574401855,-0.09509483724832535,0,0
48,RIGHT_INDEX,0.5543653964996338,0.6026819348335266,0.09097065031528473,0,0
48,LEFT_THUMB,0.5231669545173645,0.6439291834831238,-0.08702166378498077,0,0
48,RIGHT_THUMB,0.5530774593353271,0.6000984311103821,0.08804500102996826,0,0
48,LEFT_HIP,0.5383496880531311,0.6534159183502197,-0.046238284558057785,0,0
48,RIGHT_HIP,0.5570703148841858,0.6517086625099182,0.046199969947338104,0,0
48,LEFT_KNEE,0.5159204602241516,0.7174342274665833,-0.017492858693003654,0,0
48,RIGHT_KNEE,0.5454492568969727,0.7106667160987854,0.09413449466228485,0,0
48,LEFT_ANKLE,0.5358533263206482,0.7932201623916626,0.006536369677633047,0,0
48,RIGHT_ANKLE,0.5516653656959534,0.7906349301338196,0.11343344300985336,0,0
48,LEFT_HEEL,0.54254549741745,0.8026005029678345,0.010510746389627457,0,0
48,RIGHT_HEEL,0.554401159286499,0.802992582321167,0.11485125124454498,0,0
48,LEFT_FOOT_INDEX,0.5259803533554077,0.8218076229095459,0.01036706380546093,0,0
48,RIGHT_FOOT_INDEX,0.5367249250411987,0.8085644245147705,0.10669586807489395,0,0
49,NOSE,0.5320805311203003,0.48944634199142456,0.054829008877277374,0,0
49,LEFT_EYE_INNER,0.5303153991699219,0.48319634795188904,0.039301153272390366,0,0
49,LEFT_EYE,0.5291544795036316,0.4834803342819214,0.03929445520043373,0,0
49,LEFT_EYE_OUTER,0.5279602408409119,0.48378515243530273,0.03928835690021515,0,0
49,RIGHT_EYE_INNER,0.5341217517852783,0.48224392533302307,0.04914204031229019,0,0
49,RIGHT_EYE,0.5355825424194336,0.4819512367248535,0.049137283116579056,0,0
49,RIGHT_EYE_OUTER,0.5370625257492065,0.48169952630996704,0.04909282177686691,0,0
49,LEFT_EAR,0.5274677872657776,0.48752453923225403,-0.01507710199803114,0,0
49,RIGHT_EAR,0.5405709147453308,0.4850479066371918,0.027251536026597023,0,0
49,MOUTH_LEFT,0.5308812260627747,0.49582362174987793,0.03736407309770584,0,0
49,MOUTH_RIGHT,0.5347002744674683,0.4953117072582245,0.04942598193883896,0,0
49,LEFT_SHOULDER,0.5244613289833069,0.529449462890625,-0.07349792122840881,0,0
49,RIGHT_SHOULDER,0.552718460559845,0.5322543382644653,0.05097367987036705,0,0
49,LEFT_ELBOW,0.5288209915161133,0.59067302942276,-0.10114946216344833,0,0
49,RIGHT_ELBOW,0.5613687038421631,0.584869921207428,0.07768502086400986,0,0
49,LEFT_WRIST,0.5214343667030334,0.6389463543891907,-0.07432519644498825,0,0
49,RIGHT_WRIST,0.5502569079399109,0.601737916469574,0.08936551213264465,0,0
49,LEFT_PINKY,0.5198560953140259,0.6545140743255615,-0.08304952830076218,0,0
49,RIGHT_PINKY,0.5511698126792908,0.6048539280891418,0.09675492346286774,0,0
49,LEFT_INDEX,0.5188180804252625,0.6532537341117859,-0.07881607860326767,0,0
49,RIGHT_INDEX,0.5503567457199097,0.6009984612464905,0.08792658150196075,0,0
49,LEFT_THUMB,0.5197430849075317,0.6486638784408569,-0.0716555118560791,0,0
49,RIGHT_THUMB,0.5501726269721985,0.5986618995666504,0.08576446026563644,0,0
49,LEFT_HIP,0.5369819402694702,0.6531246304512024,-0.044799644500017166,0,0
49,RIGHT_HIP,0.5564413666725159,0.651801586151123,0.04479416459798813,0,0
49,LEFT_KNEE,0.5158819556236267,0.7175067067146301,-0.001445498550310731,0,0
49,RIGHT_KNEE,0.5462659001350403,0.7113562226295471,0.09548890590667725,0,0
49,LEFT_ANKLE,0.5339733362197876,0.7920222282409668,0.033379364758729935,0,0
49,RIGHT_ANKLE,0.5521360039710999,0.7908276915550232,0.12259188294410706,0,0
49,LEFT_HEEL,0.5405650734901428,0.8013749122619629,0.03825484216213226,0,0
49,RIGHT_HEEL,0.5546605587005615,0.8035075068473816,0.1251886785030365,0,0
49,LEFT_FOOT_INDEX,0.5241014361381531,0.8205464482307434,0.037804875522851944,0,0
49,RIGHT_FOOT_INDEX,0.5365694165229797,0.8086604475975037,0.11853453516960144,0,0
50,NOSE,0.53224778175354,0.48832273483276367,0.08391525596380234,0,0
50,LEFT_EYE_INNER,0.530539333820343,0.48212042450904846,0.06818795204162598,0,0
50,LEFT_EYE,0.52936190366745,0.48239871859550476,0.06817412376403809,0,0
50,LEFT_EYE_OUTER,0.5281540751457214,0.4827062487602234,0.06816042959690094,0,0
50,RIGHT_EYE_INNER,0.5343745350837708,0.48121970891952515,0.0751577839255333,0,0
50,RIGHT_EYE,0.5358213782310486,0.4809480905532837,0.07514269649982452,0,0
50,RIGHT_EYE_OUTER,0.537312388420105,0.4807131290435791,0.07511172443628311,0,0
50,LEFT_EAR,0.5275853872299194,0.486484169960022,0.012327137403190136,0,0
50,RIGHT_EAR,0.540768563747406,0.4840860962867737,0.04125247895717621,0,0
50,MOUTH_LEFT,0.5310409665107727,0.49467167258262634,0.06652455031871796,0,0
50,MOUTH_RIGHT,0.5348688960075378,0.49417147040367126,0.07480116933584213,0,0
50,LEFT_SHOULDER,0.5211782455444336,0.5289375185966492,-0.04583582654595375,0,0
50,RIGHT_SHOULDER,0.554780125617981,0.532386839389801,0.05499226227402687,0,0
50,LEFT_ELBOW,0.5245360732078552,0.5926119089126587,-0.06755055487155914,0,0
50,RIGHT_ELBOW,0.5641782879829407,0.5880187153816223,0.06930264085531235,0,0
50,LEFT_WRIST,0.5188438296318054,0.6364884972572327,-0.04727787524461746,0,0
50,RIGHT_WRIST,0.5483002066612244,0.6067330241203308,0.0634475126862526,0,0
50,LEFT_PINKY,0.5171605944633484,0.6522610187530518,-0.056637659668922424,0,0
50,RIGHT_PINKY,0.547659695148468,0.6149178743362427,0.06464683264493942,0,0
50,LEFT_INDEX,0.5164166688919067,0.6499544978141785,-0.05110009387135506,0,0
50,RIGHT_INDEX,0.5455529093742371,0.6116134524345398,0.05834268033504486,0,0
50,LEFT_THUMB,0.5174332857131958,0.6446682810783386,-0.044491659849882126,0,0
50,RIGHT_THUMB,0.5451860427856445,0.6060951352119446,0.05977996811270714,0,0
50,LEFT_HIP,0.5340203046798706,0.6521133780479431,-0.03981423377990723,0,0
50,RIGHT_HIP,0.5550583600997925,0.650798499584198,0.03986489027738571,0,0
50,LEFT_KNEE,0.5171451568603516,0.7178589701652527,0.0068198260851204395,0,0
50,RIGHT_KNEE,0.5466964244842529,0.7113843560218811,0.09218510240316391,0,0
50,LEFT_ANKLE,0.5311311483383179,0.7922493815422058,0.06343214958906174,0,0
50,RIGHT_ANKLE,0.5516077876091003,0.7908831238746643,0.14267829060554504,0,0
50,LEFT_HEEL,0.5372049808502197,0.8030318021774292,0.07012518495321274,0,0
50,RIGHT_HEEL,0.5540518164634705,0.8040400743484497,0.14776872098445892,0,0
50,LEFT_FOOT_INDEX,0.5233055949211121,0.8155204653739929,0.06363572925329208,0,0
50,RIGHT_FOOT_INDEX,0.5368176698684692,0.8071088790893555,0.13840989768505096,0,0
51,NOSE,0.5322859287261963,0.4876237213611603,0.09633424878120422,0,0
51,LEFT_EYE_INNER,0.5305784344673157,0.4813174307346344,0.07983284443616867,0,0
51,LEFT_EYE,0.5293920636177063,0.4815324544906616,0.07982530444860458,0,0
51,LEFT_EYE_OUTER,0.5281633138656616,0.48184406757354736,0.07981199771165848,0,0
51,RIGHT_EYE_INNER,0.5344631671905518,0.4808831810951233,0.08380615711212158,0,0
51,RIGHT_EYE,0.5359367728233337,0.48077744245529175,0.08378660678863525,0,0
51,RIGHT_EYE_OUTER,0.5374720692634583,0.4806511700153351,0.08375821262598038,0,0
51,LEFT_EAR,0.5274400115013123,0.48629817366600037,0.02192380651831627,0,0
51,RIGHT_EAR,0.5408973097801208,0.48386022448539734,0.040737979114055634,0,0
51,MOUTH_LEFT,0.5311025381088257,0.49430587887763977,0.07862112671136856,0,0
51,MOUTH_RIGHT,0.5349644422531128,0.493975430727005,0.08292713016271591,0,0
51,LEFT_SHOULDER,0.5175556540489197,0.5279316902160645,-0.030407633632421494,0,0
51,RIGHT_SHOULDER,0.5567235946655273,0.5315144658088684,0.04234102740883827,0,0
51,LEFT_ELBOW,0.5202664732933044,0.5929484963417053,-0.04073706641793251,0,0
51,RIGHT_ELBOW,0.5658212900161743,0.5863246917724609,0.049203772097826004,0,0
51,LEFT_WRIST,0.5157409906387329,0.634620726108551,-0.00974993221461773,0,0
51,RIGHT_WRIST,0.5483487248420715,0.6074101328849792,0.055013127624988556,0,0
51,LEFT_PINKY,0.5140693783760071,0.6500934958457947,-0.016151949763298035,0,0
51,RIGHT_PINKY,0.5466765761375427,0.6168045997619629,0.05646012723445892,0,0
51,LEFT_INDEX,0.5139793753623962,0.6471181511878967,-0.011033005081117153,0,0
51,RIGHT_INDEX,0.5447746515274048,0.6135936975479126,0.05228735879063606,0,0
51,LEFT_THUMB,0.515149712562561,0.6414422988891602,-0.007078490220010281,0,0
51,RIGHT_THUMB,0.5443540811538696,0.609430730342865,0.0526910200715065,0,0
51,LEFT_HIP,0.5314980745315552,0.6514189839363098,-0.02810709737241268,0,0
51,RIGHT_HIP,0.5533268451690674,0.6495466232299805,0.02812913805246353,0,0
51,LEFT_KNEE,0.5187858939170837,0.7200443744659424,0.028791742399334908,0,0
51,RIGHT_KNEE,0.547273576259613,0.7127405405044556,0.08983378112316132,0,0
51,LEFT_ANKLE,0.526894748210907,0.7928663492202759,0.08684288710355759,0,0
51,RIGHT_ANKLE,0.5508992671966553,0.7913388013839722,0.14782465994358063,0,0
51,LEFT_HEEL,0.530803918838501,0.8036818504333496,0.09365355968475342,0,0
51,RIGHT_HEEL,0.5524775981903076,0.8048092722892761,0.15398630499839783,0,0
51,LEFT_FOOT_INDEX,0.5222060680389404,0.8092896938323975,0.08914569765329361,0,0
51,RIGHT_FOOT_INDEX,0.5369334816932678,0.8031315207481384,0.1474396288394928,0,0
52,NOSE,0.5324295163154602,0.4813496470451355,0.11644004285335541,0,0
52,LEFT_EYE_INNER,0.5307298302650452,0.4747832715511322,0.09892747551202774,0,0
52,LEFT_EYE,0.5295441150665283,0.47480592131614685,0.09892533719539642,0,0
52,LEFT_EYE_OUTER,0.5283052325248718,0.4749884605407715,0.09891042113304138,0,0
52,RIGHT_EYE_INNER,0.5344790816307068,0.4750414192676544,0.10224020481109619,0,0
52,RIGHT_EYE,0.5360506772994995,0.4751585125923157,0.10222581773996353,0,0
52,RIGHT_EYE_OUTER,0.5377246141433716,0.4753156900405884,0.10220346599817276,0,0
52,LEFT_EAR,0.5274616479873657,0.48011478781700134,0.03611098602414131,0,0
52,RIGHT_EAR,0.5410674214363098,0.47914689779281616,0.04916952922940254,0,0
52,MOUTH_LEFT,0.5312317609786987,0.4879806935787201,0.09706305712461472,0,0
52,MOUTH_RIGHT,0.5350503325462341,0.48858535289764404,0.10063592344522476,0,0
52,LEFT_SHOULDER,0.5145795345306396,0.5268282890319824,-0.013787386007606983,0,0
52,RIGHT_SHOULDER,0.5583420991897583,0.5300970077514648,0.04405007138848305,0,0
52,LEFT_ELBOW,0.5136846899986267,0.5920354127883911,-0.00821810681372881,0,0
52,RIGHT_ELBOW,0.5674971342086792,0.5834715366363525,0.05801613628864288,0,0
52,LEFT_WRIST,0.5149838328361511,0.6275444030761719,0.036053385585546494,0,0
52,RIGHT_WRIST,0.547972559928894,0.6020015478134155,0.09279527515172958,0,0
52,LEFT_PINKY,0.5145183205604553,0.6411383748054504,0.03322194144129753,0,0
52,RIGHT_PINKY,0.5469062328338623,0.6147774457931519,0.09709610790014267,0,0
52,LEFT_INDEX,0.5149092674255371,0.6360988020896912,0.03699519857764244,0,0
52,RIGHT_INDEX,0.5435038805007935,0.6075536012649536,0.09381958097219467,0,0
52,LEFT_THUMB,0.5156404376029968,0.6308597922325134,0.038449596613645554,0,0
52,RIGHT_THUMB,0.5440119504928589,0.6043381690979004,0.09158329665660858,0,0
52,LEFT_HIP,0.5291929841041565,0.6486421227455139,-0.023934777826070786,0,0
52,RIGHT_HIP,0.551787257194519,0.6462715268135071,0.023938685655593872,0,0
52,LEFT_KNEE,0.5206427574157715,0.7237874865531921,0.01749744638800621,0,0
52,RIGHT_KNEE,0.5476621985435486,0.7130215167999268,0.09123290330171585,0,0
52,LEFT_ANKLE,0.5218493342399597,0.8052942156791687,0.058080803602933884,0,0
52,RIGHT_ANKLE,0.5508846640586853,0.7911561727523804,0.1513247936964035,0,0
52,LEFT_HEEL,0.526344358921051,0.816161572933197,0.06300044059753418,0,0
52,RIGHT_HEEL,0.5511770844459534,0.8051550388336182,0.1578315943479538,0,0
52,LEFT_FOOT_INDEX,0.5188218951225281,0.8105236887931824,0.0550183542072773,0,0
52,RIGHT_FOOT_INDEX,0.5378984212875366,0.800598680973053,0.15520621836185455,0,0
53,NOSE,0.5334164500236511,0.47828415036201477,0.10149481892585754,0,0
53,LEFT_EYE_INNER,0.5315642952919006,0.4718407392501831,0.08480853587388992,0,0
53,LEFT_EYE,0.5301734805107117,0.4719479978084564,0.08480800688266754,0,0
53,LEFT_EYE_OUTER,0.5287999510765076,0.4722138047218323,0.08479686826467514,0,0
53,RIGHT_EYE_INNER,0.5356460809707642,0.47207894921302795,0.08748088777065277,0,0
53,RIGHT_EYE,0.5372689962387085,0.4722357392311096,0.08746995776891708,0,0
53,RIGHT_EYE_OUTER,0.5388949513435364,0.4724458158016205,0.08743953704833984,0,0
53,LEFT_EAR,0.5274734497070312,0.4776572287082672,0.027217557653784752,0,0
53,RIGHT_EAR,0.5417957901954651,0.4762011468410492,0.036074187606573105,0,0
53,MOUTH_LEFT,0.5320595502853394,0.4852762818336487,0.08419765532016754,0,0
53,MOUTH_RIGHT,0.5360332131385803,0.4857478439807892,0.08691831678152084,0,0
53,LEFT_SHOULDER,0.5126497745513916,0.5266408920288086,-0.01666751690208912,0,0
53,RIGHT_SHOULDER,0.5593107342720032,0.5293989777565002,0.024807225912809372,0,0
53,LEFT_ELBOW,0.5084121227264404,0.5908838510513306,-0.012394190765917301,0,0
53,RIGHT_ELBOW,0.5678263902664185,0.5828598737716675,0.0408521369099617,0,0
53,LEFT_WRIST,0.5165631771087646,0.6246777772903442,0.024457959458231926,0,0
53,RIGHT_WRIST,0.548588752746582,0.6013846397399902,0.07756168395280838,0,0
53,LEFT_PINKY,0.5158752799034119,0.6367090940475464,0.022405434399843216,0,0
53,RIGHT_PINKY,0.5464611053466797,0.6117158532142639,0.08308287709951401,0,0
53,LEFT_INDEX,0.518994927406311,0.6307060718536377,0.025679554790258408,0,0
53,RIGHT_INDEX,0.5432366728782654,0.6069403290748596,0.08941090106964111,0,0
53,LEFT_THUMB,0.518427848815918,0.6253640651702881,0.02620210126042366,0,0
53,RIGHT_THUMB,0.5437079071998596,0.603363573551178,0.08115260303020477,0,0
53,LEFT_HIP,0.5278548002243042,0.6485439538955688,-0.021363306790590286,0,0
53,RIGHT_HIP,0.55076664686203,0.6457163691520691,0.021379411220550537,0,0
53,LEFT_KNEE,0.5222451686859131,0.7242494821548462,0.023349028080701828,0,0
53,RIGHT_KNEE,0.5478339791297913,0.7135875821113586,0.09725325554609299,0,0
53,LEFT_ANKLE,0.5226163864135742,0.8087813258171082,0.0652749165892601,0,0
53,RIGHT_ANKLE,0.5506209135055542,0.7907477617263794,0.16995510458946228,0,0
53,LEFT_HEEL,0.5266914367675781,0.8199962377548218,0.07016536593437195,0,0
53,RIGHT_HEEL,0.5498983860015869,0.8051156401634216,0.17777378857135773,0,0
53,LEFT_FOOT_INDEX,0.5179804563522339,0.812436580657959,0.06387095153331757,0,0
53,RIGHT_FOOT_INDEX,0.5368856191635132,0.7983333468437195,0.17767561972141266,0,0
54,NOSE,0.5339767932891846,0.47687292098999023,0.0937955230474472,0,0
54,LEFT_EYE_INNER,0.5320047736167908,0.4704587459564209,0.0774732455611229,0,0
54,LEFT_EYE,0.5304950475692749,0.47058355808258057,0.07747142761945724,0,0
54,LEFT_EYE_OUTER,0.5290336012840271,0.470867395401001,0.07746079564094543,0,0
54,RIGHT_EYE_INNER,0.5362731218338013,0.47065943479537964,0.08210775256156921,0,0
54,RIGHT_EYE,0.5378968119621277,0.4707985818386078,0.0820981115102768,0,0
54,RIGHT_EYE_OUTER,0.53948575258255,0.47100865840911865,0.0820598378777504,0,0
54,LEFT_EAR,0.5275552868843079,0.4762401878833771,0.02150336466729641,0,0
54,RIGHT_EAR,0.5421202778816223,0.47501417994499207,0.024833403527736664,0,0
54,MOUTH_LEFT,0.532438337802887,0.4839535057544708,0.0769869014620781,0,0
54,MOUTH_RIGHT,0.5365393161773682,0.4842541217803955,0.0816686674952507,0,0
54,LEFT_SHOULDER,0.5117613673210144,0.5264986157417297,-0.0187272559851408,0,0
54,RIGHT_SHOULDER,0.5597862601280212,0.5287147760391235,0.014106419868767262,0,0
54,LEFT_ELBOW,0.5084050297737122,0.5920610427856445,-0.010859772562980652,0,0
54,RIGHT_ELBOW,0.5676265954971313,0.5834986567497253,0.0375630147755146,0,0
54,LEFT_WRIST,0.5172507166862488,0.6233702898025513,0.028800545260310173,0,0
54,RIGHT_WRIST,0.5485188364982605,0.6024265289306641,0.07931601256132126,0,0
54,LEFT_PINKY,0.5165020823478699,0.6347602009773254,0.028229299932718277,0,0
54,RIGHT_PINKY,0.5462130904197693,0.6127510070800781,0.08601975440979004,0,0
54,LEFT_INDEX,0.5202069878578186,0.6290773153305054,0.031175877898931503,0,0
54,RIGHT_INDEX,0.5430987477302551,0.6080409288406372,0.085113026201725,0,0
54,LEFT_THUMB,0.519557774066925,0.6237783432006836,0.03047800064086914,0,0
54,RIGHT_THUMB,0.5434695482254028,0.6042464971542358,0.07995153218507767,0,0
54,LEFT_HIP,0.5270804166793823,0.6483371257781982,-0.017297621816396713,0,0
54,RIGHT_HIP,0.5503783822059631,0.6454564332962036,0.01730114035308361,0,0
54,LEFT_KNEE,0.5230693817138672,0.7250747084617615,0.030391229316592216,0,0
54,RIGHT_KNEE,0.5480038523674011,0.7140684127807617,0.096094511449337,0,0
54,LEFT_ANKLE,0.5223419666290283,0.8095124363899231,0.07298625260591507,0,0
54,RIGHT_ANKLE,0.5502864122390747,0.7905815243721008,0.16722498834133148,0,0
54,LEFT_HEEL,0.5260411500930786,0.8212521076202393,0.07799919694662094,0,0
54,RIGHT_HEEL,0.5482151508331299,0.8050969243049622,0.17505314946174622,0,0
54,LEFT_FOOT_INDEX,0.5182540416717529,0.8137367963790894,0.07301642000675201,0,0
54,RIGHT_FOOT_INDEX,0.5374695658683777,0.7973976731300354,0.17568828165531158,0,0
55,NOSE,0.5367867350578308,0.4772576689720154,0.09291098266839981,0,0
55,LEFT_EYE_INNER,0.5344488024711609,0.47072461247444153,0.07763466984033585,0,0
55,LEFT_EYE,0.5328471660614014,0.47076523303985596,0.07763754576444626,0,0
55,LEFT_EYE_OUTER,0.5312444567680359,0.470928430557251,0.07762844115495682,0,0
55,RIGHT_EYE_INNER,0.5386987328529358,0.47091910243034363,0.0794195905327797,0,0
55,RIGHT_EYE,0.5400746464729309,0.47100740671157837,0.07941079884767532,0,0
55,RIGHT_EYE_OUTER,0.5415184497833252,0.4711558222770691,0.0793725773692131,0,0
55,LEFT_EAR,0.5286921858787537,0.47582441568374634,0.027064455673098564,0,0
55,RIGHT_EAR,0.5426615476608276,0.47495037317276,0.024350950494408607,0,0
55,MOUTH_LEFT,0.5346456170082092,0.48412272334098816,0.07824424654245377,0,0
55,MOUTH_RIGHT,0.538903534412384,0.48451465368270874,0.07917144894599915,0,0
55,LEFT_SHOULDER,0.5105474591255188,0.5251591205596924,-0.006552002392709255,0,0
55,RIGHT_SHOULDER,0.5590080618858337,0.5278599262237549,0.010209068655967712,0,0
55,LEFT_ELBOW,0.5042238235473633,0.5908656716346741,0.018277164548635483,0,0
55,RIGHT_ELBOW,0.5679808855056763,0.5838465094566345,0.044286634773015976,0,0
55,LEFT_WRIST,0.517842173576355,0.6084692478179932,0.07180213183164597,0,0
55,RIGHT_WRIST,0.5492048859596252,0.6019361615180969,0.11082489788532257,0,0
55,LEFT_PINKY,0.5215533971786499,0.6151525974273682,0.07543130964040756,0,0
55,RIGHT_PINKY,0.5460140705108643,0.611249566078186,0.12169911712408066,0,0
55,LEFT_INDEX,0.5245620608329773,0.6099755167961121,0.07708808779716492,0,0
55,RIGHT_INDEX,0.5429626703262329,0.6062858700752258,0.1204323023557663,0,0
55,LEFT_THUMB,0.5232168436050415,0.6064190864562988,0.07351795583963394,0,0
55,RIGHT_THUMB,0.5434410572052002,0.6028472781181335,0.11227365583181381,0,0
55,LEFT_HIP,0.5251303911209106,0.6474977135658264,-0.014286243356764317,0,0
55,RIGHT_HIP,0.5491639971733093,0.6451277732849121,0.014258485287427902,0,0
55,LEFT_KNEE,0.5235645174980164,0.7274070382118225,0.024362577125430107,0,0
55,RIGHT_KNEE,0.5481274127960205,0.7149014472961426,0.09931223094463348,0,0
55,LEFT_ANKLE,0.5235202312469482,0.8112590312957764,0.055802345275878906,0,0
55,RIGHT_ANKLE,0.550126850605011,0.7899194955825806,0.17069025337696075,0,0
55,LEFT_HEEL,0.5259442925453186,0.8238894939422607,0.060031626373529434,0,0
55,RIGHT_HEEL,0.5471329092979431,0.8047534823417664,0.17895132303237915,0,0
55,LEFT_FOOT_INDEX,0.5184016227722168,0.8173693418502808,0.056623492389917374,0,0
55,RIGHT_FOOT_INDEX,0.5417616963386536,0.7945725321769714,0.18639197945594788,0,0
56,NOSE,0.5385802984237671,0.47710663080215454,0.0922875702381134,0,0
56,LEFT_EYE_INNER,0.5359944105148315,0.4703157842159271,0.07542525231838226,0,0
56,LEFT_EYE,0.5343518853187561,0.47017449140548706,0.07542562484741211,0,0
56,LEFT_EYE_OUTER,0.5327368378639221,0.4701406955718994,0.07541610300540924,0,0
56,RIGHT_EYE_INNER,0.5402047634124756,0.47085270285606384,0.07397633045911789,0,0
56,RIGHT_EYE,0.541569173336029,0.4709879457950592,0.07397294044494629,0,0
56,RIGHT_EYE_OUTER,0.5429563522338867,0.4711682200431824,0.07393158227205276,0,0
56,LEFT_EAR,0.5297008752822876,0.4747810661792755,0.025676304474473,0,0
56,RIGHT_EAR,0.5432935953140259,0.47475653886795044,0.018882302567362785,0,0
56,MOUTH_LEFT,0.5360802412033081,0.4836941063404083,0.07530992478132248,0,0
56,MOUTH_RIGHT,0.5405421853065491,0.4845289885997772,0.07464125752449036,0,0
56,LEFT_SHOULDER,0.5101731419563293,0.5243648290634155,-0.005052068270742893,0,0
56,RIGHT_SHOULDER,0.5586002469062805,0.5277581214904785,0.0033487428445369005,0,0
56,LEFT_ELBOW,0.5038214921951294,0.5901058316230774,0.02116820216178894,0,0
56,RIGHT_ELBOW,0.5683477520942688,0.5838033556938171,0.03704036399722099,0,0
56,LEFT_WRIST,0.5189322829246521,0.6055841445922852,0.07193683832883835,0,0
56,RIGHT_WRIST,0.5499604940414429,0.6017359495162964,0.10210327059030533,0,0
56,LEFT_PINKY,0.5235989093780518,0.6118905544281006,0.07530804723501205,0,0
56,RIGHT_PINKY,0.5458812713623047,0.6107912659645081,0.1120295375585556,0,0
56,LEFT_INDEX,0.5262097716331482,0.606613278388977,0.0765063613653183,0,0
56,RIGHT_INDEX,0.5428706407546997,0.6055251955986023,0.11036614328622818,0,0
56,LEFT_THUMB,0.5248910784721375,0.6033459305763245,0.07336504757404327,0,0
56,RIGHT_THUMB,0.5435165762901306,0.6021940112113953,0.10325858741998672,0,0
56,LEFT_HIP,0.5247894525527954,0.6474113464355469,-0.011461867019534111,0,0
56,RIGHT_HIP,0.5486630797386169,0.6450960636138916,0.011422590352594852,0,0
56,LEFT_KNEE,0.5242588520050049,0.727695643901825,0.027724675834178925,0,0
56,RIGHT_KNEE,0.5482560992240906,0.7153987288475037,0.1015818789601326,0,0
56,LEFT_ANKLE,0.523856520652771,0.8114062547683716,0.05948277935385704,0,0
56,RIGHT_ANKLE,0.5500026345252991,0.789680004119873,0.17604584991931915,0,0
56,LEFT_HEEL,0.5251932740211487,0.824500322341919,0.0638648048043251,0,0
56,RIGHT_HEEL,0.5475761890411377,0.8045219779014587,0.18471767008304596,0,0
56,LEFT_FOOT_INDEX,0.5197728872299194,0.8174227476119995,0.061560846865177155,0,0
56,RIGHT_FOOT_INDEX,0.5425899624824524,0.7944885492324829,0.19220806658267975,0,0
57,NOSE,0.5411102771759033,0.4777122139930725,0.09621625393629074,0,0
57,LEFT_EYE_INNER,0.5382982492446899,0.4704665541648865,0.08163166791200638,0,0
57,LEFT_EYE,0.5366553068161011,0.47048425674438477,0.08163957297801971,0,0
57,LEFT_EYE_OUTER,0.5350821614265442,0.47053319215774536,0.0816374346613884,0,0
57,RIGHT_EYE_INNER,0.5423314571380615,0.47150880098342896,0.07975062727928162,0,0
57,RIGHT_EYE,0.5435130000114441,0.47179752588272095,0.07974950224161148,0,0
57,RIGHT_EYE_OUTER,0.5446204543113708,0.47206300497055054,0.0797136053442955,0,0
57,LEFT_EAR,0.5313774347305298,0.47511816024780273,0.034448567777872086,0,0
57,RIGHT_EAR,0.5439814925193787,0.475392609834671,0.023063961416482925,0,0
57,MOUTH_LEFT,0.5384566783905029,0.48402121663093567,0.08253495395183563,0,0
57,MOUTH_RIGHT,0.5426662564277649,0.4857633709907532,0.08002234250307083,0,0
57,LEFT_SHOULDER,0.5102273225784302,0.5242761969566345,0.0017818826017901301,0,0
57,RIGHT_SHOULDER,0.5583357214927673,0.527636706829071,0.013467032462358475,0,0
57,LEFT_ELBOW,0.5018215775489807,0.5894497036933899,0.025960151106119156,0,0
57,RIGHT_ELBOW,0.5677760243415833,0.5851061940193176,0.04328536242246628,0,0
57,LEFT_WRIST,0.5190107226371765,0.602902889251709,0.07415558397769928,0,0
57,RIGHT_WRIST,0.551017701625824,0.6045582294464111,0.10581974685192108,0,0
57,LEFT_PINKY,0.5235785245895386,0.60886549949646,0.07714774459600449,0,0
57,RIGHT_PINKY,0.5461248755455017,0.6126980185508728,0.1157364621758461,0,0
57,LEFT_INDEX,0.5259877443313599,0.6044568419456482,0.07860948890447617,0,0
57,RIGHT_INDEX,0.5432984232902527,0.6078072190284729,0.11457955837249756,0,0
57,LEFT_THUMB,0.5249610543251038,0.6012393832206726,0.07567896693944931,0,0
57,RIGHT_THUMB,0.5443035960197449,0.6044679880142212,0.10733375698328018,0,0
57,LEFT_HIP,0.5237940549850464,0.647321879863739,-0.013369718566536903,0,0
57,RIGHT_HIP,0.5481540560722351,0.6450353264808655,0.013337233103811741,0,0
57,LEFT_KNEE,0.5250244736671448,0.7272116541862488,0.023825189098715782,0,0
57,RIGHT_KNEE,0.5483133792877197,0.7153142690658569,0.09937626868486404,0,0
57,LEFT_ANKLE,0.5234684348106384,0.8117411136627197,0.0410933643579483,0,0
57,RIGHT_ANKLE,0.5503295063972473,0.7885721921920776,0.16735348105430603,0,0
57,LEFT_HEEL,0.5252142548561096,0.8246469497680664,0.04451727122068405,0,0
57,RIGHT_HEEL,0.5487245917320251,0.8037256598472595,0.1752690225839615,0,0
57,LEFT_FOOT_INDEX,0.5201104283332825,0.8176159858703613,0.04243636503815651,0,0
57,RIGHT_FOOT_INDEX,0.5440661311149597,0.7928792238235474,0.18303878605365753,0,0
58,NOSE,0.5438627600669861,0.4805310368537903,0.07999256253242493,0,0
58,LEFT_EYE_INNER,0.5407103300094604,0.47181347012519836,0.06795118749141693,0,0
58,LEFT_EYE,0.5392266511917114,0.47138896584510803,0.06796031445264816,0,0
58,LEFT_EYE_OUTER,0.537851870059967,0.471084862947464,0.06796322017908096,0,0
58,RIGHT_EYE_INNER,0.5442492365837097,0.47338905930519104,0.06374119967222214,0,0
58,RIGHT_EYE,0.5451880693435669,0.4736796021461487,0.06374409794807434,0,0
58,RIGHT_EYE_OUTER,0.5461008548736572,0.47394242882728577,0.06371070444583893,0,0
58,LEFT_EAR,0.5337129831314087,0.47520214319229126,0.028676902875304222,0,0
58,RIGHT_EAR,0.5445719957351685,0.4769744873046875,0.011580885387957096,0,0
58,MOUTH_LEFT,0.5410516858100891,0.4863606095314026,0.07083775848150253,0,0
58,MOUTH_RIGHT,0.5446816682815552,0.48837772011756897,0.06471746414899826,0,0
58,LEFT_SHOULDER,0.5107275247573853,0.5242134928703308,0.002179897390305996,0,0
58,RIGHT_SHOULDER,0.5581875443458557,0.5284132361412048,-0.0029677897691726685,0,0
58,LEFT_ELBOW,0.5029236078262329,0.5892554521560669,0.041553352028131485,0,0
58,RIGHT_ELBOW,0.5673501491546631,0.5884175896644592,0.03214915096759796,0,0
58,LEFT_WRIST,0.5198853015899658,0.5964644551277161,0.10066469758749008,0,0
58,RIGHT_WRIST,0.5532395839691162,0.6096878051757812,0.10107910633087158,0,0
58,LEFT_PINKY,0.5249890089035034,0.6008223295211792,0.10635034739971161,0,0
58,RIGHT_PINKY,0.548676073551178,0.6187188029289246,0.11091788858175278,0,0
58,LEFT_INDEX,0.5276136994361877,0.5969813466072083,0.10636065155267715,0,0
58,RIGHT_INDEX,0.5461686849594116,0.613117516040802,0.10971438139677048,0,0
58,LEFT_THUMB,0.5263049006462097,0.5948022603988647,0.1020938977599144,0,0
58,RIGHT_THUMB,0.5472447276115417,0.6095625162124634,0.10288950800895691,0,0
58,LEFT_HIP,0.5230543613433838,0.6475769877433777,-0.008782540448009968,0,0
58,RIGHT_HIP,0.5476201772689819,0.6454594731330872,0.008722693659365177,0,0
58,LEFT_KNEE,0.5253911018371582,0.7268871068954468,0.02298395149409771,0,0
58,RIGHT_KNEE,0.5483253598213196,0.7152796387672424,0.0986594408750534,0,0
58,LEFT_ANKLE,0.5232376456260681,0.8134554624557495,0.05024416372179985,0,0
58,RIGHT_ANKLE,0.5514017343521118,0.7878208756446838,0.17011921107769012,0,0
58,LEFT_HEEL,0.5260787606239319,0.8263106942176819,0.05434494838118553,0,0
58,RIGHT_HEEL,0.5488819479942322,0.8031520843505859,0.1787109673023224,0,0
58,LEFT_FOOT_INDEX,0.519417941570282,0.820628821849823,0.05261076241731644,0,0
58,RIGHT_FOOT_INDEX,0.5464486479759216,0.7931603193283081,0.1873556673526764,0,0
59,NOSE,0.5468329191207886,0.4828243553638458,0.0630219429731369,0,0
59,LEFT_EYE_INNER,0.5432531237602234,0.47321149706840515,0.052412524819374084,0,0
59,LEFT_EYE,0.5416855216026306,0.47254303097724915,0.05242127925157547,0,0
59,LEFT_EYE_OUTER,0.5401567220687866,0.4719597101211548,0.052425991743803024,0,0
59,RIGHT_EYE_INNER,0.5463770627975464,0.47486764192581177,0.04747893661260605,0,0
59,RIGHT_EYE,0.5470402240753174,0.4751024544239044,0.04748590290546417,0,0
59,RIGHT_EYE_OUTER,0.5476205945014954,0.4752911627292633,0.04745486006140709,0,0
59,LEFT_EAR,0.5352765321731567,0.4753681421279907,0.021943243220448494,0,0
59,RIGHT_EAR,0.5450323224067688,0.47796472907066345,-0.0020115533843636513,0,0
59,MOUTH_LEFT,0.5438232421875,0.48885729908943176,0.055542074143886566,0,0
59,MOUTH_RIGHT,0.5468380451202393,0.4906969368457794,0.04877632483839989,0,0
59,LEFT_SHOULDER,0.5109940767288208,0.5241386890411377,0.003187797963619232,0,0
59,RIGHT_SHOULDER,0.5575063824653625,0.5289144515991211,-0.02006462775170803,0,0
59,LEFT_ELBOW,0.5039895176887512,0.5889737010002136,0.04330472648143768,0,0
59,RIGHT_ELBOW,0.5668516755104065,0.5905444025993347,0.01672312431037426,0,0
59,LEFT_WRIST,0.5200782418251038,0.5959216952323914,0.0963541716337204,0,0
59,RIGHT_WRIST,0.5545284152030945,0.6138519048690796,0.09786166995763779,0,0
59,LEFT_PINKY,0.5249725580215454,0.6003190279006958,0.10131251066923141,0,0
59,RIGHT_PINKY,0.5506227612495422,0.6237292885780334,0.10525234788656235,0,0
59,LEFT_INDEX,0.5273376107215881,0.5966060757637024,0.10094776004552841,0,0
59,RIGHT_INDEX,0.5485361218452454,0.6180059909820557,0.10315709561109543,0,0
59,LEFT_THUMB,0.5259890556335449,0.5933483242988586,0.09739291667938232,0,0
59,RIGHT_THUMB,0.5494333505630493,0.6138966083526611,0.09738042205572128,0,0
59,LEFT_HIP,0.5222975611686707,0.6477706432342529,0.00011528214963618666,0,0
59,RIGHT_HIP,0.546479344367981,0.6454571485519409,-0.00020683076581917703,0,0
59,LEFT_KNEE,0.5255860686302185,0.7267246246337891,0.03776984289288521,0,0
59,RIGHT_KNEE,0.5485178828239441,0.7156293392181396,0.08989686518907547,0,0
59,LEFT_ANKLE,0.5227841734886169,0.81365567445755,0.07067935168743134,0,0
59,RIGHT_ANKLE,0.5521249175071716,0.7889391183853149,0.1651969701051712,0,0
59,LEFT_HEEL,0.5255849361419678,0.8268140554428101,0.07523386925458908,0,0
59,RIGHT_HEEL,0.5491702556610107,0.8040502667427063,0.1769508421421051,0,0
59,LEFT_FOOT_INDEX,0.5196913480758667,0.8187751770019531,0.07525336742401123,0,0
59,RIGHT_FOOT_INDEX,0.5495465397834778,0.793620228767395,0.1752239316701889,0,0
60,NOSE,0.5484196543693542,0.4842815697193146,0.06441517919301987,0,0
60,LEFT_EYE_INNER,0.544967770576477,0.47426238656044006,0.05347120016813278,0,0
60,LEFT_EYE,0.5435144901275635,0.4734683334827423,0.05348295718431473,0,0
60,LEFT_EYE_OUTER,0.5420223474502563,0.47270163893699646,0.05348679795861244,0,0
60,RIGHT_EYE_INNER,0.54768967628479,0.47583574056625366,0.048998888581991196,0,0
60,RIGHT_EYE,0.5481818914413452,0.47599872946739197,0.04900030046701431,0,0
60,RIGHT_EYE_OUTER,0.5485903024673462,0.47610393166542053,0.048967741429805756,0,0
60,LEFT_EAR,0.5368293523788452,0.4754493534564972,0.021061768755316734,0,0
60,RIGHT_EAR,0.5458061695098877,0.47862502932548523,-0.0009380792616866529,0,0
60,MOUTH_LEFT,0.5457084774971008,0.4903072118759155,0.05595586448907852,0,0
60,MOUTH_RIGHT,0.5481231808662415,0.49182015657424927,0.04984056204557419,0,0
60,LEFT_SHOULDER,0.5112113952636719,0.5241107940673828,0.008418758399784565,0,0
60,RIGHT_SHOULDER,0.5572499632835388,0.5293735861778259,-0.022790666669607162,0,0
60,LEFT_ELBOW,0.5045879483222961,0.5888689756393433,0.04836123436689377,0,0
60,RIGHT_ELBOW,0.5647385120391846,0.5921545028686523,0.011662776581943035,0,0
60,LEFT_WRIST,0.5200009346008301,0.597688615322113,0.10131891816854477,0,0
60,RIGHT_WRIST,0.5562304258346558,0.6165761351585388,0.09341991692781448,0,0
60,LEFT_PINKY,0.5247202515602112,0.6036989092826843,0.10749860107898712,0,0
60,RIGHT_PINKY,0.5535658001899719,0.6269574165344238,0.10419898480176926,0,0
60,LEFT_INDEX,0.5268630385398865,0.5993631482124329,0.106441430747509,0,0
60,RIGHT_INDEX,0.5517828464508057,0.6218430399894714,0.10061664134263992,0,0
60,LEFT_THUMB,0.5256999135017395,0.5968161225318909,0.10208263248205185,0,0
60,RIGHT_THUMB,0.5521917939186096,0.6176998019218445,0.09695623070001602,0,0
60,LEFT_HIP,0.5215601325035095,0.6474329829216003,0.004424684215337038,0,0
60,RIGHT_HIP,0.5460192561149597,0.6449961066246033,-0.004520357120782137,0,0
60,LEFT_KNEE,0.5257304310798645,0.7254446148872375,0.028690390288829803,0,0
60,RIGHT_KNEE,0.5487030744552612,0.7148936986923218,0.06194210425019264,0,0
60,LEFT_ANKLE,0.5223463773727417,0.8133749961853027,0.05163080245256424,0,0
60,RIGHT_ANKLE,0.5530101656913757,0.7907888293266296,0.10242960602045059,0,0
60,LEFT_HEEL,0.5246623754501343,0.8266512155532837,0.053408171981573105,0,0
60,RIGHT_HEEL,0.5505068302154541,0.8054562211036682,0.10781311243772507,0,0
60,LEFT_FOOT_INDEX,0.5204792618751526,0.8167970776557922,0.05081493780016899,0,0
60,RIGHT_FOOT_INDEX,0.5498185753822327,0.7959085702896118,0.11136652529239655,0,0
61,NOSE,0.5499541759490967,0.48473042249679565,0.044967856258153915,0,0
61,LEFT_EYE_INNER,0.5468818545341492,0.4747176468372345,0.03739059343934059,0,0
61,LEFT_EYE,0.5455406904220581,0.47389906644821167,0.037399280816316605,0,0
61,LEFT_EYE_OUTER,0.5441592931747437,0.4730670154094696,0.037407226860523224,0,0
61,RIGHT_EYE_INNER,0.5490651726722717,0.4761427044868469,0.029839694499969482,0,0
61,RIGHT_EYE,0.5494146943092346,0.47626861929893494,0.029842348769307137,0,0
61,RIGHT_EYE_OUTER,0.5496928095817566,0.47635018825531006,0.029802488163113594,0,0
61,LEFT_EAR,0.538549542427063,0.47556033730506897,0.01641411893069744,0,0
61,RIGHT_EAR,0.5466477274894714,0.47888296842575073,-0.017589079216122627,0,0
61,MOUTH_LEFT,0.5474261045455933,0.49091920256614685,0.04088689386844635,0,0
61,MOUTH_RIGHT,0.5493850708007812,0.4921613931655884,0.03109009936451912,0,0
61,LEFT_SHOULDER,0.5117975473403931,0.5236670970916748,0.020526114851236343,0,0
61,RIGHT_SHOULDER,0.5568560361862183,0.5295566916465759,-0.0491906963288784,0,0
61,LEFT_ELBOW,0.5055707693099976,0.5884475111961365,0.06337817013263702,0,0
61,RIGHT_ELBOW,0.56299889087677,0.5935509204864502,-0.018524926155805588,0,0
61,LEFT_WRIST,0.5205763578414917,0.5981607437133789,0.10894786566495895,0,0
61,RIGHT_WRIST,0.5566783547401428,0.618152379989624,0.06365025043487549,0,0
61,LEFT_PINKY,0.5251546502113342,0.6049127578735352,0.11631711572408676,0,0
61,RIGHT_PINKY,0.5545700192451477,0.6282982230186462,0.07227072864770889,0,0
61,LEFT_INDEX,0.5274077653884888,0.6027109026908875,0.11315148323774338,0,0
61,RIGHT_INDEX,0.553178608417511,0.6236421465873718,0.07142899185419083,0,0
61,LEFT_THUMB,0.5268536806106567,0.5998693704605103,0.10868249088525772,0,0
61,RIGHT_THUMB,0.5533405542373657,0.6196845769882202,0.06679222732782364,0,0
61,LEFT_HIP,0.5213084816932678,0.6473873853683472,0.02194896899163723,0,0
61,RIGHT_HIP,0.5454665422439575,0.6450957655906677,-0.02209210768342018,0,0
61,LEFT_KNEE,0.5259243845939636,0.7248139381408691,0.04737691581249237,0,0
61,RIGHT_KNEE,0.5490858554840088,0.7150006294250488,0.04359225928783417,0,0
61,LEFT_ANKLE,0.5217882990837097,0.8134310841560364,0.06856993585824966,0,0
61,RIGHT_ANKLE,0.5538042783737183,0.7966943979263306,0.08932114392518997,0,0
61,LEFT_HEEL,0.5236368775367737,0.8266293406486511,0.07084296643733978,0,0
61,RIGHT_HEEL,0.5500768423080444,0.8119024634361267,0.09502090513706207,0,0
61,LEFT_FOOT_INDEX,0.523515522480011,0.8166516423225403,0.06768535077571869,0,0
61,RIGHT_FOOT_INDEX,0.5555394887924194,0.8012635111808777,0.09604299068450928,0,0
62,NOSE,0.5515924096107483,0.48510658740997314,0.03601302579045296,0,0
62,LEFT_EYE_INNER,0.5489122867584229,0.475149542093277,0.02990494854748249,0,0
62,LEFT_EYE,0.5477808117866516,0.4743387997150421,0.02991649881005287,0,0
62,LEFT_EYE_OUTER,0.5464839339256287,0.47345811128616333,0.029930174350738525,0,0
62,RIGHT_EYE_INNER,0.5505935549736023,0.47641968727111816,0.021496376022696495,0,0
62,RIGHT_EYE,0.5508093237876892,0.4765005111694336,0.021496538072824478,0,0
62,RIGHT_EYE_OUTER,0.5509466528892517,0.4765416979789734,0.02145545743405819,0,0
62,LEFT_EAR,0.540546178817749,0.4757078289985657,0.013697122223675251,0,0
62,RIGHT_EAR,0.5474450588226318,0.4789622128009796,-0.023852527141571045,0,0
62,MOUTH_LEFT,0.5490759015083313,0.4913707673549652,0.033492740243673325,0,0
62,MOUTH_RIGHT,0.5506032705307007,0.49245914816856384,0.022629085928201675,0,0
62,LEFT_SHOULDER,0.5132455825805664,0.5230594873428345,0.026235464960336685,0,0
62,RIGHT_SHOULDER,0.5563148856163025,0.5295472741127014,-0.05917103588581085,0,0
62,LEFT_ELBOW,0.5061053037643433,0.5870409607887268,0.06624796986579895,0,0
62,RIGHT_ELBOW,0.560240626335144,0.594143807888031,-0.031067905947566032,0,0
62,LEFT_WRIST,0.5219080448150635,0.5998438596725464,0.10362029820680618,0,0
62,RIGHT_WRIST,0.5574629306793213,0.6212362051010132,0.048281531780958176,0,0
62,LEFT_PINKY,0.5262648463249207,0.6069948673248291,0.11115370690822601,0,0
62,RIGHT_PINKY,0.5563221573829651,0.6323527693748474,0.05554177984595299,0,0
62,LEFT_INDEX,0.5286896824836731,0.6042025089263916,0.10678108036518097,0,0
62,RIGHT_INDEX,0.5553312301635742,0.627963125705719,0.055316779762506485,0,0
62,LEFT_THUMB,0.5282236933708191,0.6001504063606262,0.10272519290447235,0,0
62,RIGHT_THUMB,0.5549561977386475,0.6239943504333496,0.05149795114994049,0,0
62,LEFT_HIP,0.5208086371421814,0.64737468957901,0.029055891558527946,0,0
62,RIGHT_HIP,0.5448419451713562,0.6450985670089722,-0.029198991134762764,0,0
62,LEFT_KNEE,0.5258978605270386,0.723910391330719,0.04706383869051933,0,0
62,RIGHT_KNEE,0.5500311255455017,0.7150492668151855,0.028548872098326683,0,0
62,LEFT_ANKLE,0.5218691229820251,0.8131488561630249,0.06280937045812607,0,0
62,RIGHT_ANKLE,0.5539132952690125,0.8013668060302734,0.06336936354637146,0,0
62,LEFT_HEEL,0.5237748026847839,0.8262812495231628,0.06486420333385468,0,0
62,RIGHT_HEEL,0.5490317940711975,0.8168228268623352,0.06752602010965347,0,0
62,LEFT_FOOT_INDEX,0.524280309677124,0.816694974899292,0.06074643135070801,0,0
62,RIGHT_FOOT_INDEX,0.5619879961013794,0.80692458152771,0.06591399759054184,0,0
63,NOSE,0.5527886748313904,0.48590150475502014,0.037743646651506424,0,0
63,LEFT_EYE_INNER,0.5501660704612732,0.47586968541145325,0.03256144002079964,0,0
63,LEFT_EYE,0.5492063164710999,0.4751415252685547,0.03257016837596893,0,0
63,LEFT_EYE_OUTER,0.5481305718421936,0.4743415415287018,0.032584697008132935,0,0
63,RIGHT_EYE_INNER,0.5515760779380798,0.4769660234451294,0.023637812584638596,0,0
63,RIGHT_EYE,0.5517081618309021,0.47699806094169617,0.023638727143406868,0,0
63,RIGHT_EYE_OUTER,0.5517747402191162,0.4770062565803528,0.023594647645950317,0,0
63,LEFT_EAR,0.5424855351448059,0.4759070575237274,0.014185904525220394,0,0
63,RIGHT_EAR,0.5481806993484497,0.4791736602783203,-0.02190362848341465,0,0
63,MOUTH_LEFT,0.5505240559577942,0.49219998717308044,0.03555379807949066,0,0
63,MOUTH_RIGHT,0.5516939759254456,0.493068665266037,0.023997636511921883,0,0
63,LEFT_SHOULDER,0.5152088403701782,0.5227265357971191,0.03351856395602226,0,0
63,RIGHT_SHOULDER,0.5556299090385437,0.5294800996780396,-0.0610642209649086,0,0
63,LEFT_ELBOW,0.5077335834503174,0.5847315788269043,0.06309278309345245,0,0
63,RIGHT_ELBOW,0.5568309426307678,0.5935110449790955,-0.03961668908596039,0,0
63,LEFT_WRIST,0.5242555141448975,0.6007631421089172,0.0879947692155838,0,0
63,RIGHT_WRIST,0.5570407509803772,0.6223806142807007,0.034099895507097244,0,0
63,LEFT_PINKY,0.5282564759254456,0.6104414463043213,0.09423714131116867,0,0
63,RIGHT_PINKY,0.5562371015548706,0.6330069303512573,0.03959173336625099,0,0
63,LEFT_INDEX,0.5315626859664917,0.608992338180542,0.08993933349847794,0,0
63,RIGHT_INDEX,0.5553023815155029,0.6283138394355774,0.04096636921167374,0,0
63,LEFT_THUMB,0.5310428738594055,0.606515109539032,0.08681254833936691,0,0
63,RIGHT_THUMB,0.5548433661460876,0.6247789263725281,0.037547625601291656,0,0
63,LEFT_HIP,0.52004075050354,0.6469448804855347,0.03385484218597412,0,0
63,RIGHT_HIP,0.5433741807937622,0.6450907588005066,-0.033984340727329254,0,0
63,LEFT_KNEE,0.5258696675300598,0.7235550284385681,0.04579155147075653,0,0
63,RIGHT_KNEE,0.5513423681259155,0.7167820334434509,0.01701934263110161,0,0
63,LEFT_ANKLE,0.5221580266952515,0.8130216002464294,0.05962780863046646,0,0
63,RIGHT_ANKLE,0.5540876984596252,0.8059098720550537,0.04442646726965904,0,0
63,LEFT_HEEL,0.5233814716339111,0.8260411024093628,0.06400496512651443,0,0
63,RIGHT_HEEL,0.548326849937439,0.8208203911781311,0.047272469848394394,0,0
63,LEFT_FOOT_INDEX,0.5267176032066345,0.8166328072547913,0.056311555206775665,0,0
63,RIGHT_FOOT_INDEX,0.5670900344848633,0.8129823207855225,0.04219217970967293,0,0
64,NOSE,0.5550611019134521,0.4857121706008911,0.04093862324953079,0,0
64,LEFT_EYE_INNER,0.5523714423179626,0.47587957978248596,0.037646837532520294,0,0
64,LEFT_EYE,0.5514475107192993,0.4751827120780945,0.03764999657869339,0,0
64,LEFT_EYE_OUTER,0.550419807434082,0.47441503405570984,0.037659451365470886,0,0
64,RIGHT_EYE_INNER,0.5536802411079407,0.4769144654273987,0.0265344325453043,0,0
64,RIGHT_EYE,0.553732693195343,0.4769423305988312,0.026536567136645317,0,0
64,RIGHT_EYE_OUTER,0.5536993145942688,0.4769497215747833,0.02648054249584675,0,0
64,LEFT_EAR,0.5449825525283813,0.4759450852870941,0.027526164427399635,0,0
64,RIGHT_EAR,0.5497323870658875,0.47916436195373535,-0.022227860987186432,0,0
64,MOUTH_LEFT,0.5527240037918091,0.4921392500400543,0.04008471965789795,0,0
64,MOUTH_RIGHT,0.5538570880889893,0.49292778968811035,0.025600742548704147,0,0
64,LEFT_SHOULDER,0.5202948451042175,0.522210955619812,0.053620852530002594,0,0
64,RIGHT_SHOULDER,0.5539707541465759,0.5276691317558289,-0.06995897740125656,0,0
64,LEFT_ELBOW,0.5153964161872864,0.580092191696167,0.07912454009056091,0,0
64,RIGHT_ELBOW,0.5542736649513245,0.5929585099220276,-0.06358304619789124,0,0
64,LEFT_WRIST,0.5254544615745544,0.6099547147750854,0.09279504418373108,0,0
64,RIGHT_WRIST,0.5570387244224548,0.6237776875495911,-0.011698885820806026,0,0
64,LEFT_PINKY,0.5307828783988953,0.6206310987472534,0.09925973415374756,0,0
64,RIGHT_PINKY,0.5569884181022644,0.6358925700187683,-0.012011506594717503,0,0
64,LEFT_INDEX,0.534224808216095,0.6199156641960144,0.09323761612176895,0,0
64,RIGHT_INDEX,0.5563508868217468,0.6315445899963379,-0.01027520652860403,0,0
64,LEFT_THUMB,0.5340600609779358,0.6168851256370544,0.09025300294160843,0,0
64,RIGHT_THUMB,0.5556390881538391,0.6275811195373535,-0.00888674333691597,0,0
64,LEFT_HIP,0.5201561450958252,0.6463965177536011,0.043834224343299866,0,0
64,RIGHT_HIP,0.5425559878349304,0.6447783708572388,-0.043944600969552994,0,0
64,LEFT_KNEE,0.526174008846283,0.7226318120956421,0.055154502391815186,0,0
64,RIGHT_KNEE,0.5532686114311218,0.7186964750289917,-0.0009410936618223786,0,0
64,LEFT_ANKLE,0.5220999717712402,0.812906801700592,0.07134370505809784,0,0
64,RIGHT_ANKLE,0.5539919137954712,0.8116560578346252,0.03032633662223816,0,0
64,LEFT_HEEL,0.5227150917053223,0.8264917135238647,0.0722569078207016,0,0
64,RIGHT_HEEL,0.5465620160102844,0.8287670016288757,0.03304852917790413,0,0
64,LEFT_FOOT_INDEX,0.5275225043296814,0.8187403082847595,0.06046367809176445,0,0
64,RIGHT_FOOT_INDEX,0.5725528001785278,0.8244367241859436,0.019475512206554413,0,0
65,NOSE,0.5557602643966675,0.485604852437973,0.03664683923125267,0,0
65,LEFT_EYE_INNER,0.553147554397583,0.47577598690986633,0.03442748636007309,0,0
65,LEFT_EYE,0.5522748231887817,0.4750981032848358,0.034431662410497665,0,0
65,LEFT_EYE_OUTER,0.5512805581092834,0.47436240315437317,0.03444187715649605,0,0
65,RIGHT_EYE_INNER,0.5543318390846252,0.4767856299877167,0.02250104397535324,0,0
65,RIGHT_EYE,0.5543621182441711,0.4768064022064209,0.022499244660139084,0,0
65,RIGHT_EYE_OUTER,0.5543367266654968,0.4768075942993164,0.02244369313120842,0,0
65,LEFT_EAR,0.5457747578620911,0.4760504961013794,0.02748759463429451,0,0
65,RIGHT_EAR,0.5503750443458557,0.47904646396636963,-0.024689944460988045,0,0
65,MOUTH_LEFT,0.5534714460372925,0.4920683801174164,0.03720424324274063,0,0
65,MOUTH_RIGHT,0.5544678568840027,0.4928207993507385,0.02183326706290245,0,0
65,LEFT_SHOULDER,0.5217270851135254,0.5215954184532166,0.05472666397690773,0,0
65,RIGHT_SHOULDER,0.5538561344146729,0.5273652672767639,-0.07325159013271332,0,0
65,LEFT_ELBOW,0.5158652067184448,0.5776113271713257,0.08719787746667862,0,0
65,RIGHT_ELBOW,0.5535692572593689,0.5925052165985107,-0.06437724083662033,0,0
65,LEFT_WRIST,0.526012122631073,0.6098246574401855,0.10947108268737793,0,0
65,RIGHT_WRIST,0.5573118925094604,0.6258010268211365,-0.009284663014113903,0,0
65,LEFT_PINKY,0.5300156474113464,0.619850754737854,0.11765190213918686,0,0
65,RIGHT_PINKY,0.5578451156616211,0.638193666934967,-0.009294341318309307,0,0
65,LEFT_INDEX,0.5332894325256348,0.6187562942504883,0.1111629530787468,0,0
65,RIGHT_INDEX,0.5569992661476135,0.6342556476593018,-0.007137698587030172,0,0
65,LEFT_THUMB,0.5332424640655518,0.6159083247184753,0.10701114684343338,0,0
65,RIGHT_THUMB,0.5560494065284729,0.6299619674682617,-0.006096877157688141,0,0
65,LEFT_HIP,0.5204111933708191,0.6456049680709839,0.04578937217593193,0,0
65,RIGHT_HIP,0.5420203804969788,0.6443210244178772,-0.04590130224823952,0,0
65,LEFT_KNEE,0.5263615250587463,0.7218127250671387,0.058551110327243805,0,0
65,RIGHT_KNEE,0.5545191168785095,0.7197095155715942,0.0008225016063079238,0,0
65,LEFT_ANKLE,0.5222150087356567,0.812795877456665,0.07751251757144928,0,0
65,RIGHT_ANKLE,0.5538651943206787,0.8133096098899841,0.03370556980371475,0,0
65,LEFT_HEEL,0.522787868976593,0.8264862895011902,0.07833044230937958,0,0
65,RIGHT_HEEL,0.5465866327285767,0.8300471901893616,0.03655441477894783,0,0
65,LEFT_FOOT_INDEX,0.5340021252632141,0.8183203339576721,0.06745196878910065,0,0
65,RIGHT_FOOT_INDEX,0.5717829465866089,0.8241422772407532,0.024294467642903328,0,0
66,NOSE,0.5570619106292725,0.48558133840560913,0.037357527762651443,0,0
66,LEFT_EYE_INNER,0.5545567274093628,0.47576600313186646,0.03559345752000809,0,0
66,LEFT_EYE,0.5537388324737549,0.4751018285751343,0.03559129685163498,0,0
66,LEFT_EYE_OUTER,0.552800714969635,0.47438061237335205,0.03559941053390503,0,0
66,RIGHT_EYE_INNER,0.5556433796882629,0.4767477512359619,0.023051731288433075,0,0
66,RIGHT_EYE,0.555637776851654,0.47676882147789,0.023049261420965195,0,0
66,RIGHT_EYE_OUTER,0.5555862784385681,0.47677233815193176,0.02299453876912594,0,0
66,LEFT_EAR,0.5473668575286865,0.47609958052635193,0.030820032581686974,0,0
66,RIGHT_EAR,0.5516437292098999,0.47903284430503845,-0.024917323142290115,0,0
66,MOUTH_LEFT,0.5547967553138733,0.49233222007751465,0.03836936503648758,0,0
66,MOUTH_RIGHT,0.5556299686431885,0.492982417345047,0.022157860919833183,0,0
66,LEFT_SHOULDER,0.5241566300392151,0.5209887623786926,0.06071580573916435,0,0
66,RIGHT_SHOULDER,0.5535186529159546,0.5267500281333923,-0.07500481605529785,0,0
66,LEFT_ELBOW,0.5169937014579773,0.5772724151611328,0.08651700615882874,0,0
66,RIGHT_ELBOW,0.5525615811347961,0.5923831462860107,-0.07050324231386185,0,0
66,LEFT_WRIST,0.5271875858306885,0.6100715398788452,0.09830304235219955,0,0
66,RIGHT_WRIST,0.5571390986442566,0.6268596649169922,-0.02146223746240139,0,0
66,LEFT_PINKY,0.5303360819816589,0.6203770637512207,0.10435432940721512,0,0
66,RIGHT_PINKY,0.5576570630073547,0.6393219232559204,-0.023169124498963356,0,0
66,LEFT_INDEX,0.5346958637237549,0.6187309622764587,0.09821376204490662,0,0
66,RIGHT_INDEX,0.5571252703666687,0.6355093717575073,-0.020836222916841507,0,0
66,LEFT_THUMB,0.5346927642822266,0.6158678531646729,0.09561637043952942,0,0
66,RIGHT_THUMB,0.5561010837554932,0.63142991065979,-0.018405916169285774,0,0
66,LEFT_HIP,0.5206826329231262,0.6446768641471863,0.04832567647099495,0,0
66,RIGHT_HIP,0.5414708852767944,0.6437478065490723,-0.048409800976514816,0,0
66,LEFT_KNEE,0.5267447233200073,0.7209897041320801,0.06196051090955734,0,0
66,RIGHT_KNEE,0.5556392073631287,0.719502866268158,-0.028038062155246735,0,0
66,LEFT_ANKLE,0.5222843289375305,0.8127793073654175,0.08302270621061325,0,0
66,RIGHT_ANKLE,0.5533682703971863,0.814354419708252,-0.015277338214218616,0,0
66,LEFT_HEEL,0.5226418375968933,0.8264060020446777,0.08364904671907425,0,0
66,RIGHT_HEEL,0.5454685091972351,0.8316022753715515,-0.014844232238829136,0,0
66,LEFT_FOOT_INDEX,0.5361934900283813,0.8183152079582214,0.07257034629583359,0,0
66,RIGHT_FOOT_INDEX,0.572783887386322,0.8300848007202148,-0.03136362507939339,0,0
67,NOSE,0.5587435960769653,0.4859467148780823,0.04291971027851105,0,0
67,LEFT_EYE_INNER,0.5560137629508972,0.47605985403060913,0.0371868833899498,0,0
67,LEFT_EYE,0.5551865100860596,0.47541457414627075,0.03715629503130913,0,0
67,LEFT_EYE_OUTER,0.5542495250701904,0.4747389554977417,0.037152886390686035,0,0
67,RIGHT_EYE_INNER,0.5571531653404236,0.4770103693008423,0.02863151766359806,0,0
67,RIGHT_EYE,0.5571610331535339,0.4770120680332184,0.028629068285226822,0,0
67,RIGHT_EYE_OUTER,0.5571130514144897,0.47700461745262146,0.028575781732797623,0,0
67,LEFT_EAR,0.5489094853401184,0.47665485739707947,0.04026290401816368,0,0
67,RIGHT_EAR,0.5531147122383118,0.47933000326156616,-0.02006218396127224,0,0
67,MOUTH_LEFT,0.5563565492630005,0.49287188053131104,0.03940834477543831,0,0
67,MOUTH_RIGHT,0.5572183132171631,0.4934525787830353,0.02750161476433277,0,0
67,LEFT_SHOULDER,0.5270227193832397,0.5204599499702454,0.07218492776155472,0,0
67,RIGHT_SHOULDER,0.5533894896507263,0.5265591740608215,-0.07255535572767258,0,0
67,LEFT_ELBOW,0.5192262530326843,0.5767141580581665,0.09982302039861679,0,0
67,RIGHT_ELBOW,0.5509244799613953,0.5914468169212341,-0.07539703696966171,0,0
67,LEFT_WRIST,0.5285298228263855,0.6097944378852844,0.11012112349271774,0,0
67,RIGHT_WRIST,0.5569799542427063,0.6248984932899475,-0.03686002641916275,0,0
67,LEFT_PINKY,0.530739426612854,0.6199777722358704,0.11681731790304184,0,0
67,RIGHT_PINKY,0.5578091740608215,0.6370819807052612,-0.04097357019782066,0,0
67,LEFT_INDEX,0.5358127951622009,0.6191374659538269,0.10878051072359085,0,0
67,RIGHT_INDEX,0.558012843132019,0.6325192451477051,-0.038212791085243225,0,0
67,LEFT_THUMB,0.5357648730278015,0.6160387396812439,0.10641651600599289,0,0
67,RIGHT_THUMB,0.5569209456443787,0.6285501718521118,-0.0340089425444603,0,0
67,LEFT_HIP,0.520769476890564,0.644477367401123,0.050405289977788925,0,0
67,RIGHT_HIP,0.5409978628158569,0.6437354683876038,-0.05046827718615532,0,0
67,LEFT_KNEE,0.5272586345672607,0.7210243940353394,0.0616292767226696,0,0
67,RIGHT_KNEE,0.5564659833908081,0.721463680267334,-0.043946199119091034,0,0
67,LEFT_ANKLE,0.5220450162887573,0.8129644393920898,0.08119107037782669,0,0
67,RIGHT_ANKLE,0.5526815056800842,0.8182750940322876,-0.041150033473968506,0,0
67,LEFT_HEEL,0.5217313170433044,0.827304482460022,0.0814109668135643,0,0
67,RIGHT_HEEL,0.5445157885551453,0.8357554078102112,-0.04184158891439438,0,0
67,LEFT_FOOT_INDEX,0.5367782115936279,0.8204193115234375,0.06823558360338211,0,0
67,RIGHT_FOOT_INDEX,0.5743733048439026,0.835731029510498,-0.06347963213920593,0,0
68,NOSE,0.5622597336769104,0.48696887493133545,0.04373229667544365,0,0
68,LEFT_EYE_INNER,0.5595029592514038,0.47691649198532104,0.03735344484448433,0,0
68,LEFT_EYE,0.5585289001464844,0.47622624039649963,0.037302691489458084,0,0
68,LEFT_EYE_OUTER,0.5574973821640015,0.47552692890167236,0.037281546741724014,0,0
68,RIGHT_EYE_INNER,0.5605165958404541,0.47786226868629456,0.029792048037052155,0,0
68,RIGHT_EYE,0.5603678822517395,0.47781920433044434,0.029788801446557045,0,0
68,RIGHT_EYE_OUTER,0.5601411461830139,0.47776082158088684,0.02973599173128605,0,0
68,LEFT_EAR,0.5517398715019226,0.47753822803497314,0.044911812990903854,0,0
68,RIGHT_EAR,0.5556210875511169,0.4800885319709778,-0.018423931673169136,0,0
68,MOUTH_LEFT,0.5596061944961548,0.49399426579475403,0.03950341418385506,0,0
68,MOUTH_RIGHT,0.560276985168457,0.49434414505958557,0.02803012914955616,0,0
68,LEFT_SHOULDER,0.5313499569892883,0.5200527906417847,0.07798276096582413,0,0
68,RIGHT_SHOULDER,0.5534769892692566,0.5265622138977051,-0.06996476650238037,0,0
68,LEFT_ELBOW,0.5264158248901367,0.5765610337257385,0.10705000907182693,0,0
68,RIGHT_ELBOW,0.5503238439559937,0.5897299647331238,-0.08722502738237381,0,0
68,LEFT_WRIST,0.538140594959259,0.6101297736167908,0.11281652748584747,0,0
68,RIGHT_WRIST,0.5587862730026245,0.6238495707511902,-0.0708591416478157,0,0
68,LEFT_PINKY,0.5402612686157227,0.6200277209281921,0.11904723942279816,0,0
68,RIGHT_PINKY,0.5609480142593384,0.6367973685264587,-0.07909807562828064,0,0
68,LEFT_INDEX,0.5443525910377502,0.618848979473114,0.10904965549707413,0,0
68,RIGHT_INDEX,0.5626867413520813,0.6316921710968018,-0.07498227804899216,0,0
68,LEFT_THUMB,0.5442270636558533,0.6157547831535339,0.10838209092617035,0,0
68,RIGHT_THUMB,0.5615348815917969,0.6273360252380371,-0.06808013468980789,0,0
68,LEFT_HIP,0.5217916369438171,0.6444907188415527,0.050562258809804916,0,0
68,RIGHT_HIP,0.5408354997634888,0.64389967918396,-0.05061356723308563,0,0
68,LEFT_KNEE,0.5283142924308777,0.7212582230567932,0.0611458346247673,0,0
68,RIGHT_KNEE,0.5567580461502075,0.7242138981819153,-0.04762444272637367,0,0
68,LEFT_ANKLE,0.5215336680412292,0.8131403923034668,0.07975874841213226,0,0
68,RIGHT_ANKLE,0.5520252585411072,0.8228327631950378,-0.04777730256319046,0,0
68,LEFT_HEEL,0.5200809836387634,0.8282957673072815,0.07969789952039719,0,0
68,RIGHT_HEEL,0.5445533394813538,0.8395300507545471,-0.048981957137584686,0,0
68,LEFT_FOOT_INDEX,0.5366115570068359,0.8210977911949158,0.06670031696557999,0,0
68,RIGHT_FOOT_INDEX,0.5746411085128784,0.8394059538841248,-0.07387788593769073,0,0
69,NOSE,0.5631250739097595,0.4870590269565582,0.040927860885858536,0,0
69,LEFT_EYE_INNER,0.5604639053344727,0.4769790768623352,0.039167482405900955,0,0
69,LEFT_EYE,0.5596550703048706,0.4763258695602417,0.039143964648246765,0,0
69,LEFT_EYE_OUTER,0.5587607026100159,0.47567376494407654,0.03913163021206856,0,0
69,RIGHT_EYE_INNER,0.56131511926651,0.47786232829093933,0.02772548981010914,0,0
69,RIGHT_EYE,0.5611283779144287,0.47780755162239075,0.027725135907530785,0,0
69,RIGHT_EYE_OUTER,0.5609037280082703,0.4777480959892273,0.02768353931605816,0,0
69,LEFT_EAR,0.5530222058296204,0.47775930166244507,0.042630698531866074,0,0
69,RIGHT_EAR,0.556439995765686,0.48012176156044006,-0.01780030131340027,0,0
69,MOUTH_LEFT,0.56046462059021,0.4941331148147583,0.04155789688229561,0,0
69,MOUTH_RIGHT,0.5611030459403992,0.4944668114185333,0.026177313178777695,0,0
69,LEFT_SHOULDER,0.5326451063156128,0.519352912902832,0.0773407593369484,0,0
69,RIGHT_SHOULDER,0.5534998178482056,0.5265517234802246,-0.06678114831447601,0,0
69,LEFT_ELBOW,0.5296404361724854,0.5760517120361328,0.11917655915021896,0,0
69,RIGHT_ELBOW,0.5502351522445679,0.5890492796897888,-0.08716215193271637,0,0
69,LEFT_WRIST,0.5472232699394226,0.6027821898460388,0.13829079270362854,0,0
69,RIGHT_WRIST,0.559803307056427,0.6231595277786255,-0.08099117875099182,0,0
69,LEFT_PINKY,0.5503810048103333,0.6099485158920288,0.14638562500476837,0,0
69,RIGHT_PINKY,0.562200665473938,0.6355009078979492,-0.09041332453489304,0,0
69,LEFT_INDEX,0.5541268587112427,0.6079120635986328,0.13530734181404114,0,0
69,RIGHT_INDEX,0.5640333890914917,0.6313719153404236,-0.08689933270215988,0,0
69,LEFT_THUMB,0.5536471605300903,0.6061223745346069,0.13403959572315216,0,0
69,RIGHT_THUMB,0.562888503074646,0.6265368461608887,-0.07873230427503586,0,0
69,LEFT_HIP,0.5222597122192383,0.6442787647247314,0.04968070983886719,0,0
69,RIGHT_HIP,0.5406106114387512,0.6438668966293335,-0.04972551017999649,0,0
69,LEFT_KNEE,0.5289263129234314,0.7212798595428467,0.05933170020580292,0,0
69,RIGHT_KNEE,0.5569641590118408,0.7238073348999023,-0.038505274802446365,0,0
69,LEFT_ANKLE,0.521277666091919,0.8131393790245056,0.07706291973590851,0,0
69,RIGHT_ANKLE,0.552040696144104,0.8221080899238586,-0.03552429750561714,0,0
69,LEFT_HEEL,0.5191304683685303,0.8286518454551697,0.07721450179815292,0,0
69,RIGHT_HEEL,0.5448338985443115,0.8391875624656677,-0.03607409819960594,0,0
69,LEFT_FOOT_INDEX,0.5369178056716919,0.8217394948005676,0.06380641460418701,0,0
69,RIGHT_FOOT_INDEX,0.5746053457260132,0.8382470607757568,-0.05655860900878906,0,0
70,NOSE,0.5661690831184387,0.48710551857948303,0.0029676994308829308,0,0
70,LEFT_EYE_INNER,0.5637895464897156,0.4770866632461548,0.006705724634230137,0,0
70,LEFT_EYE,0.5629584193229675,0.47645100951194763,0.0067158043384552,0,0
70,LEFT_EYE_OUTER,0.5620366334915161,0.47582346200942993,0.006710794288665056,0,0
70,RIGHT_EYE_INNER,0.5644291639328003,0.4779149293899536,-0.007548516150563955,0,0
70,RIGHT_EYE,0.564145028591156,0.47784891724586487,-0.007533274590969086,0,0
70,RIGHT_EYE_OUTER,0.5637959241867065,0.4777900278568268,-0.00754546420648694,0,0
70,LEFT_EAR,0.5562320947647095,0.47799167037010193,0.029651330783963203,0,0
70,RIGHT_EAR,0.5588762760162354,0.4802633225917816,-0.03780299425125122,0,0
70,MOUTH_LEFT,0.5634422302246094,0.49430936574935913,0.012508224695920944,0,0
70,MOUTH_RIGHT,0.5639163255691528,0.49468085169792175,-0.006526253651827574,0,0
70,LEFT_SHOULDER,0.5379812717437744,0.5185281038284302,0.06924281269311905,0,0
70,RIGHT_SHOULDER,0.5537372827529907,0.5259521007537842,-0.07587086409330368,0,0
70,LEFT_ELBOW,0.5497962832450867,0.5505696535110474,0.13701365888118744,0,0
70,RIGHT_ELBOW,0.5482927560806274,0.5882977247238159,-0.11388524621725082,0,0
70,LEFT_WRIST,0.5738394260406494,0.5272676348686218,0.19694994390010834,0,0
70,RIGHT_WRIST,0.5596444606781006,0.6261522769927979,-0.13131242990493774,0,0
70,LEFT_PINKY,0.5801467895507812,0.5256779193878174,0.21191400289535522,0,0
70,RIGHT_PINKY,0.5615185499191284,0.6369743347167969,-0.1407603770494461,0,0
70,LEFT_INDEX,0.5789210796356201,0.5244688391685486,0.2031058371067047,0,0
70,RIGHT_INDEX,0.5640116333961487,0.633612871170044,-0.14085760712623596,0,0
70,LEFT_THUMB,0.5767621397972107,0.5259324312210083,0.19468113780021667,0,0
70,RIGHT_THUMB,0.5632251501083374,0.629065752029419,-0.13055434823036194,0,0
70,LEFT_HIP,0.5243115425109863,0.6435012221336365,0.04759475216269493,0,0
70,RIGHT_HIP,0.5407088994979858,0.643757164478302,-0.04766259714961052,0,0
70,LEFT_KNEE,0.5303831100463867,0.7221115827560425,0.06576357781887054,0,0
70,RIGHT_KNEE,0.556864857673645,0.7253025770187378,-0.03787868842482567,0,0
70,LEFT_ANKLE,0.5207359194755554,0.8137997388839722,0.09076651930809021,0,0
70,RIGHT_ANKLE,0.5524511933326721,0.8274703621864319,-0.03366558626294136,0,0
70,LEFT_HEEL,0.5169187188148499,0.8311475515365601,0.09170211851596832,0,0
70,RIGHT_HEEL,0.5450378060340881,0.8443984985351562,-0.034071292728185654,0,0
70,LEFT_FOOT_INDEX,0.538012683391571,0.8228083252906799,0.0773320123553276,0,0
70,RIGHT_FOOT_INDEX,0.5750550031661987,0.8442441821098328,-0.056399956345558167,0,0
71,NOSE,0.5669103264808655,0.4875155985355377,0.005424381233751774,0,0
71,LEFT_EYE_INNER,0.564793050289154,0.4773527979850769,0.00823173113167286,0,0
71,LEFT_EYE,0.5641001462936401,0.47674301266670227,0.008239777758717537,0,0
71,LEFT_EYE_OUTER,0.5632985830307007,0.4761388599872589,0.00822458229959011,0,0
71,RIGHT_EYE_INNER,0.5653501152992249,0.4781040847301483,-0.005778016988188028,0,0
71,RIGHT_EYE,0.5651034116744995,0.4780067801475525,-0.005769376177340746,0,0
71,RIGHT_EYE_OUTER,0.5648040771484375,0.4779205322265625,-0.0057908836752176285,0,0
71,LEFT_EAR,0.5576228499412537,0.47823086380958557,0.025295931845903397,0,0
71,RIGHT_EAR,0.5599546432495117,0.4803050756454468,-0.039026930928230286,0,0
71,MOUTH_LEFT,0.5640219449996948,0.4950368106365204,0.013463965617120266,0,0
71,MOUTH_RIGHT,0.5644581317901611,0.49538981914520264,-0.0049860430881381035,0,0
71,LEFT_SHOULDER,0.538011908531189,0.5184232592582703,0.06710074096918106,0,0
71,RIGHT_SHOULDER,0.5538389682769775,0.5259458422660828,-0.07532491534948349,0,0
71,LEFT_ELBOW,0.5427986979484558,0.555727481842041,0.13856767117977142,0,0
71,RIGHT_ELBOW,0.548263430595398,0.5882766246795654,-0.08959874510765076,0,0
71,LEFT_WRIST,0.5669385194778442,0.5466136336326599,0.20285703241825104,0,0
71,RIGHT_WRIST,0.5597228407859802,0.6262867450714111,-0.07274581491947174,0,0
71,LEFT_PINKY,0.5783604383468628,0.5250506401062012,0.21766506135463715,0,0
71,RIGHT_PINKY,0.5616600513458252,0.636130154132843,-0.07795148342847824,0,0
71,LEFT_INDEX,0.5780851244926453,0.5212767720222473,0.21006165444850922,0,0
71,RIGHT_INDEX,0.5644387006759644,0.6331585645675659,-0.07864709943532944,0,0
71,LEFT_THUMB,0.5758768916130066,0.5243590474128723,0.20096567273139954,0,0
71,RIGHT_THUMB,0.5634445548057556,0.6291348338127136,-0.07151472568511963,0,0
71,LEFT_HIP,0.5252041816711426,0.6435091495513916,0.0465468131005764,0,0
71,RIGHT_HIP,0.5407062768936157,0.6439821720123291,-0.046602651476860046,0,0
71,LEFT_KNEE,0.5307430028915405,0.7229033708572388,0.07218160480260849,0,0
71,RIGHT_KNEE,0.5565341711044312,0.726637065410614,-0.024177927523851395,0,0
71,LEFT_ANKLE,0.520836353302002,0.8139559030532837,0.10298695415258408,0,0
71,RIGHT_ANKLE,0.5534083843231201,0.8279806971549988,-0.008439813740551472,0,0
71,LEFT_HEEL,0.5176751017570496,0.8308423757553101,0.10474843531847,0,0
71,RIGHT_HEEL,0.5451661348342896,0.8447041511535645,-0.007311052177101374,0,0
71,LEFT_FOOT_INDEX,0.5380071401596069,0.8235793709754944,0.09280192106962204,0,0
71,RIGHT_FOOT_INDEX,0.575647234916687,0.845841646194458,-0.025034932419657707,0,0
