frame_number,landmark,x,y,z,action,label
0,NOSE,0.4947676658630371,0.4934805929660797,0.13813187181949615,[],0
0,LEFT_EYE_INNER,0.4930454194545746,0.484369695186615,0.11796831339597702,[],0
0,LEFT_EYE,0.49121251702308655,0.48429954051971436,0.11797501891851425,[],0
0,LEFT_EYE_OUTER,0.4892779290676117,0.4843606948852539,0.11793892085552216,[],0
0,RIGHT_EYE_INNER,0.4983364939689636,0.4848417639732361,0.11989571154117584,[],0
0,RIGHT_EYE,0.5000815987586975,0.4850645959377289,0.11991952359676361,[],0
0,RIGHT_EYE_OUTER,0.5020437836647034,0.48542773723602295,0.11988058686256409,[],0
0,LEFT_EAR,0.48608797788619995,0.48998329043388367,0.04898323491215706,[],0
0,RIGHT_EAR,0.5055620670318604,0.4917891323566437,0.056189339607954025,[],0
0,MOUTH_LEFT,0.4915305972099304,0.5014448761940002,0.11795325577259064,[],0
0,MOUTH_RIGHT,0.49754855036735535,0.5028367638587952,0.11973247677087784,[],0
0,LEFT_SHOULDER,0.46254289150238037,0.5452932715415955,0.009830079041421413,[],0
0,RIGHT_SHOULDER,0.5251395106315613,0.5563671588897705,0.029697172343730927,[],0
0,LEFT_ELBOW,0.4512922167778015,0.6221731901168823,0.07279140502214432,[],0
0,RIGHT_ELBOW,0.5369850993156433,0.6325327157974243,0.06035476550459862,[],0
0,LEFT_WRIST,0.4752311706542969,0.6196337342262268,0.18146400153636932,[],0
0,RIGHT_WRIST,0.5151235461235046,0.6522390246391296,0.1168426126241684,[],0
0,LEFT_PINKY,0.4760824143886566,0.6248109340667725,0.19334959983825684,[],0
0,RIGHT_PINKY,0.5088471174240112,0.6603609323501587,0.12605278193950653,[],0
0,LEFT_INDEX,0.48574361205101013,0.6130563020706177,0.19382962584495544,[],0
0,RIGHT_INDEX,0.5058754086494446,0.6524642705917358,0.12840846180915833,[],0
0,LEFT_THUMB,0.48384955525398254,0.6127565503120422,0.1846473664045334,[],0
0,RIGHT_THUMB,0.5074704885482788,0.6492824554443359,0.11954175680875778,[],0
0,LEFT_HIP,0.47536319494247437,0.7108325362205505,-0.016060372814536095,[],0
0,RIGHT_HIP,0.5087534785270691,0.708146870136261,0.016045227646827698,[],0
0,LEFT_KNEE,0.4649187922477722,0.8202165961265564,0.012990191578865051,[],0
0,RIGHT_KNEE,0.5284286141395569,0.7942385077476501,0.12668685615062714,[],0
0,LEFT_ANKLE,0.4640144407749176,0.9373672008514404,0.030090617015957832,[],0
0,RIGHT_ANKLE,0.5433763265609741,0.8897475600242615,0.20896120369434357,[],0
0,LEFT_HEEL,0.46829095482826233,0.9603040814399719,0.03391759842634201,[],0
0,RIGHT_HEEL,0.5440554022789001,0.9087947607040405,0.21935388445854187,[],0
0,LEFT_FOOT_INDEX,0.4471643567085266,0.9402987957000732,0.031426094472408295,[],0
0,RIGHT_FOOT_INDEX,0.5408045649528503,0.8953535556793213,0.23631907999515533,[],0
1,NOSE,0.4942888021469116,0.4937511384487152,0.14979903399944305,0,0
1,LEFT_EYE_INNER,0.4922711253166199,0.4849134087562561,0.12983018159866333,0,0
1,LEFT_EYE,0.490352064371109,0.4848591685295105,0.1298464983701706,0,0
1,LEFT_EYE_OUTER,0.48833465576171875,0.48496007919311523,0.12981289625167847,0,0
1,RIGHT_EYE_INNER,0.49765029549598694,0.48511385917663574,0.13149288296699524,0,0
1,RIGHT_EYE,0.4993649125099182,0.48521170020103455,0.1315149962902069,0,0
1,RIGHT_EYE_OUTER,0.5012954473495483,0.4854761064052582,0.1314840316772461,0,0
1,LEFT_EAR,0.4848550260066986,0.49005019664764404,0.06001334637403488,0,0
1,RIGHT_EAR,0.5048234462738037,0.4916008412837982,0.06631423532962799,0,0
1,MOUTH_LEFT,0.4912487864494324,0.5015078783035278,0.12924128770828247,0,0
1,MOUTH_RIGHT,0.4972594380378723,0.5028371214866638,0.13073843717575073,0,0
1,LEFT_SHOULDER,0.46114709973335266,0.5447776317596436,0.01816052943468094,0,0
1,RIGHT_SHOULDER,0.5238810181617737,0.5554037690162659,0.03883862867951393,0,0
1,LEFT_ELBOW,0.44790467619895935,0.6212484836578369,0.08697492629289627,0,0
1,RIGHT_ELBOW,0.5368512272834778,0.6298025250434875,0.09422889351844788,0,0
1,LEFT_WRIST,0.47434359788894653,0.6246730089187622,0.20566079020500183,0,0
1,RIGHT_WRIST,0.5147615671157837,0.6508032083511353,0.19180913269519806,0,0
1,LEFT_PINKY,0.4782003164291382,0.6281111836433411,0.2216832935810089,0,0
1,RIGHT_PINKY,0.5082452297210693,0.6581460237503052,0.20738230645656586,0,0
1,LEFT_INDEX,0.4851023256778717,0.6197892427444458,0.22088272869586945,0,0
1,RIGHT_INDEX,0.5053697824478149,0.6510355472564697,0.21054045855998993,0,0
1,LEFT_THUMB,0.483136922121048,0.6184534430503845,0.20877140760421753,0,0
1,RIGHT_THUMB,0.5070974230766296,0.6481260657310486,0.1960727721452713,0,0
1,LEFT_HIP,0.4736337661743164,0.7096123695373535,-0.016056321561336517,0,0
1,RIGHT_HIP,0.507497251033783,0.7078416347503662,0.016039378941059113,0,0
1,LEFT_KNEE,0.46379271149635315,0.8199540376663208,0.0030180264730006456,0,0
1,RIGHT_KNEE,0.5261110067367554,0.7934054732322693,0.11112109571695328,0,0
1,LEFT_ANKLE,0.46392568945884705,0.9348613023757935,0.009487778879702091,0,0
1,RIGHT_ANKLE,0.5416526198387146,0.8896733522415161,0.16734622418880463,0,0
1,LEFT_HEEL,0.46804842352867126,0.9594934582710266,0.012394329532980919,0,0
1,RIGHT_HEEL,0.5434345006942749,0.9078637361526489,0.17533525824546814,0,0
1,LEFT_FOOT_INDEX,0.4486156404018402,0.9398080110549927,0.013647658750414848,0,0
1,RIGHT_FOOT_INDEX,0.5407924056053162,0.8947646021842957,0.19664639234542847,0,0
2,NOSE,0.49429160356521606,0.4929414987564087,0.14289794862270355,0,0
2,LEFT_EYE_INNER,0.4920630156993866,0.4840250611305237,0.12538278102874756,0,0
2,LEFT_EYE,0.49007028341293335,0.4838546812534332,0.1254066824913025,0,0
2,LEFT_EYE_OUTER,0.487975150346756,0.4838630259037018,0.12538406252861023,0,0
2,RIGHT_EYE_INNER,0.49741753935813904,0.4842902421951294,0.12422417104244232,0,0
2,RIGHT_EYE,0.49908164143562317,0.4842968285083771,0.12424469739198685,0,0
2,RIGHT_EYE_OUTER,0.50091153383255,0.4844055771827698,0.12421248853206635,0,0
2,LEFT_EAR,0.4840424656867981,0.48852571845054626,0.05745675414800644,0,0
2,RIGHT_EAR,0.5039573311805725,0.4897821545600891,0.058797791600227356,0,0
2,MOUTH_LEFT,0.4912729859352112,0.5003983378410339,0.12570852041244507,0,0
2,MOUTH_RIGHT,0.49726051092147827,0.5019086003303528,0.12368690222501755,0,0
2,LEFT_SHOULDER,0.45923084020614624,0.5428664684295654,0.02043209597468376,0,0
2,RIGHT_SHOULDER,0.5211852788925171,0.5536215901374817,0.027349846437573433,0,0
2,LEFT_ELBOW,0.44401922821998596,0.6197409629821777,0.0846422016620636,0,0
2,RIGHT_ELBOW,0.5313442945480347,0.6296617388725281,0.0806937962770462,0,0
2,LEFT_WRIST,0.4706982672214508,0.6277362108230591,0.19944728910923004,0,0
2,RIGHT_WRIST,0.5121153593063354,0.6508228778839111,0.173170268535614,0,0
2,LEFT_PINKY,0.47666433453559875,0.6326101422309875,0.21121832728385925,0,0
2,RIGHT_PINKY,0.5060396790504456,0.658216118812561,0.18844816088676453,0,0
2,LEFT_INDEX,0.48050805926322937,0.6246258616447449,0.21206045150756836,0,0
2,RIGHT_INDEX,0.5029876828193665,0.6510580778121948,0.19209171831607819,0,0
2,LEFT_THUMB,0.4786930978298187,0.6220794916152954,0.2038457840681076,0,0
2,RIGHT_THUMB,0.5045086741447449,0.6481424570083618,0.17791451513767242,0,0
2,LEFT_HIP,0.4703004062175751,0.7071691155433655,-0.010278609581291676,0,0
2,RIGHT_HIP,0.5049399733543396,0.7073351144790649,0.010213896632194519,0,0
2,LEFT_KNEE,0.4621298015117645,0.8195686340332031,0.0038270317018032074,0,0
2,RIGHT_KNEE,0.5231539011001587,0.7925148606300354,0.09971190243959427,0,0
2,LEFT_ANKLE,0.4638654291629791,0.933991551399231,0.01377519778907299,0,0
2,RIGHT_ANKLE,0.5384137034416199,0.8912095427513123,0.14808174967765808,0,0
2,LEFT_HEEL,0.4675794839859009,0.9590413570404053,0.016426075249910355,0,0
2,RIGHT_HEEL,0.5384975671768188,0.9117988348007202,0.15528853237628937,0,0
2,LEFT_FOOT_INDEX,0.4509316682815552,0.9398077726364136,0.018765199929475784,0,0
2,RIGHT_FOOT_INDEX,0.5413510799407959,0.8954580426216125,0.17699362337589264,0,0
3,NOSE,0.49420198798179626,0.4921678900718689,0.14409653842449188,0,0
3,LEFT_EYE_INNER,0.4914127588272095,0.482965886592865,0.1268736571073532,0,0
3,LEFT_EYE,0.4892420172691345,0.4826880097389221,0.12689857184886932,0,0
3,LEFT_EYE_OUTER,0.48699143528938293,0.4825717508792877,0.12687425315380096,0,0
3,RIGHT_EYE_INNER,0.49692171812057495,0.4833407402038574,0.12578712403774261,0,0
3,RIGHT_EYE,0.4984949231147766,0.48333221673965454,0.12580718100070953,0,0
3,RIGHT_EYE_OUTER,0.5001634955406189,0.48344483971595764,0.12577638030052185,0,0
3,LEFT_EAR,0.4828392267227173,0.4869512617588043,0.06462901085615158,0,0
3,RIGHT_EAR,0.5022570490837097,0.48840099573135376,0.060550037771463394,0,0
3,MOUTH_LEFT,0.49121126532554626,0.4994634687900543,0.12684065103530884,0,0
3,MOUTH_RIGHT,0.49723541736602783,0.5011067986488342,0.12485500425100327,0,0
3,LEFT_SHOULDER,0.4568876028060913,0.5402866005897522,0.029244428500533104,0,0
3,RIGHT_SHOULDER,0.5180035829544067,0.5508400201797485,0.02842213772237301,0,0
3,LEFT_ELBOW,0.44154009222984314,0.615994930267334,0.09250804781913757,0,0
3,RIGHT_ELBOW,0.5256256461143494,0.6294483542442322,0.08847224712371826,0,0
3,LEFT_WRIST,0.4670899212360382,0.6275826692581177,0.201930969953537,0,0
3,RIGHT_WRIST,0.507326066493988,0.6504982709884644,0.20252971351146698,0,0
3,LEFT_PINKY,0.47117653489112854,0.6349264979362488,0.21657580137252808,0,0
3,RIGHT_PINKY,0.5013840198516846,0.6580960750579834,0.2203732430934906,0,0
3,LEFT_INDEX,0.4759960472583771,0.6252318620681763,0.21644583344459534,0,0
3,RIGHT_INDEX,0.49845126271247864,0.6509968638420105,0.22361469268798828,0,0
3,LEFT_THUMB,0.474432110786438,0.6211889386177063,0.20510289072990417,0,0
3,RIGHT_THUMB,0.5012260675430298,0.6469690203666687,0.20753155648708344,0,0
3,LEFT_HIP,0.4669896960258484,0.7049923539161682,-0.007396404631435871,0,0
3,RIGHT_HIP,0.502734899520874,0.7058857679367065,0.007304127793759108,0,0
3,LEFT_KNEE,0.46173736453056335,0.8175495266914368,0.015460344031453133,0,0
3,RIGHT_KNEE,0.5207906365394592,0.7917738556861877,0.10147719085216522,0,0
3,LEFT_ANKLE,0.46385690569877625,0.9335501790046692,0.026420628651976585,0,0
3,RIGHT_ANKLE,0.5311964750289917,0.894648015499115,0.15878939628601074,0,0
3,LEFT_HEEL,0.4675731956958771,0.9590167999267578,0.02958596684038639,0,0
3,RIGHT_HEEL,0.5294356346130371,0.9170282483100891,0.1669451743364334,0,0
3,LEFT_FOOT_INDEX,0.45140665769577026,0.9397993087768555,0.035573918372392654,0,0
3,RIGHT_FOOT_INDEX,0.5401914119720459,0.9005759954452515,0.18737660348415375,0,0
4,NOSE,0.4935871660709381,0.49071186780929565,0.14452287554740906,0,0
4,LEFT_EYE_INNER,0.49045589566230774,0.4814886152744293,0.12747319042682648,0,0
4,LEFT_EYE,0.48825138807296753,0.48110494017601013,0.1275046020746231,0,0
4,LEFT_EYE_OUTER,0.485960453748703,0.4808684289455414,0.12748302519321442,0,0
4,RIGHT_EYE_INNER,0.4959528148174286,0.48200201988220215,0.12616799771785736,0,0
4,RIGHT_EYE,0.4974096715450287,0.4820082485675812,0.12619076669216156,0,0
4,RIGHT_EYE_OUTER,0.49890151619911194,0.4821569323539734,0.1261599361896515,0,0
4,LEFT_EAR,0.4818514883518219,0.48479869961738586,0.06868007779121399,0,0
4,RIGHT_EAR,0.5007608532905579,0.486875981092453,0.06158463656902313,0,0
4,MOUTH_LEFT,0.4907001554965973,0.49763110280036926,0.12798650562763214,0,0
4,MOUTH_RIGHT,0.49662721157073975,0.4993046522140503,0.12554797530174255,0,0
4,LEFT_SHOULDER,0.45505231618881226,0.536674439907074,0.04094056785106659,0,0
4,RIGHT_SHOULDER,0.5165252089500427,0.5490087270736694,0.0285914558917284,0,0
4,LEFT_ELBOW,0.4396137297153473,0.6114686131477356,0.11600390076637268,0,0
4,RIGHT_ELBOW,0.5203057527542114,0.628833532333374,0.09360764920711517,0,0
4,LEFT_WRIST,0.46587255597114563,0.6275351047515869,0.2371068149805069,0,0
4,RIGHT_WRIST,0.5012336373329163,0.6419446468353271,0.22090966999530792,0,0
4,LEFT_PINKY,0.4707951843738556,0.6344478130340576,0.25545671582221985,0,0
4,RIGHT_PINKY,0.4990004897117615,0.6494925022125244,0.24057406187057495,0,0
4,LEFT_INDEX,0.4739423394203186,0.6242671012878418,0.25402963161468506,0,0
4,RIGHT_INDEX,0.4928606450557709,0.6416913270950317,0.2427535355091095,0,0
4,LEFT_THUMB,0.47259411215782166,0.6210746169090271,0.24002940952777863,0,0
4,RIGHT_THUMB,0.4963623285293579,0.6389119625091553,0.2258923500776291,0,0
4,LEFT_HIP,0.46364742517471313,0.703437089920044,0.002184452023357153,0,0
4,RIGHT_HIP,0.5001972913742065,0.7045295834541321,-0.0023127172607928514,0,0
4,LEFT_KNEE,0.4610421359539032,0.8165180683135986,0.024510176852345467,0,0
4,RIGHT_KNEE,0.517828643321991,0.7917894721031189,0.08380639553070068,0,0
4,LEFT_ANKLE,0.46385306119918823,0.933326244354248,0.03141576424241066,0,0
4,RIGHT_ANKLE,0.5206081867218018,0.9025096297264099,0.13261829316616058,0,0
4,LEFT_HEEL,0.4676089584827423,0.9587160348892212,0.03422711417078972,0,0
4,RIGHT_HEEL,0.5142897963523865,0.9251588582992554,0.13978725671768188,0,0
4,LEFT_FOOT_INDEX,0.45204687118530273,0.9399513006210327,0.04102964326739311,0,0
4,RIGHT_FOOT_INDEX,0.536640465259552,0.9153428077697754,0.1596136838197708,0,0
5,NOSE,0.49358904361724854,0.48953506350517273,0.15911082923412323,0,0
5,LEFT_EYE_INNER,0.49038296937942505,0.48001357913017273,0.14277514815330505,0,0
5,LEFT_EYE,0.4881533682346344,0.47945618629455566,0.14281398057937622,0,0
5,LEFT_EYE_OUTER,0.48588883876800537,0.47907280921936035,0.14280278980731964,0,0
5,RIGHT_EYE_INNER,0.49577972292900085,0.4809001684188843,0.1399352103471756,0,0
5,RIGHT_EYE,0.4972308576107025,0.4810051918029785,0.13995303213596344,0,0
5,RIGHT_EYE_OUTER,0.49866393208503723,0.48119795322418213,0.13991357386112213,0,0
5,LEFT_EAR,0.4816061854362488,0.48266640305519104,0.08471451699733734,0,0
5,RIGHT_EAR,0.49989432096481323,0.4853290021419525,0.07116249948740005,0,0
5,MOUTH_LEFT,0.4906964898109436,0.4962502419948578,0.14278745651245117,0,0
5,MOUTH_RIGHT,0.49656257033348083,0.49809569120407104,0.13848426938056946,0,0
5,LEFT_SHOULDER,0.45360133051872253,0.5338093638420105,0.062462687492370605,0,0
5,RIGHT_SHOULDER,0.5143254399299622,0.5468881726264954,0.028656573966145515,0,0
5,LEFT_ELBOW,0.43732595443725586,0.6100843548774719,0.13857007026672363,0,0
5,RIGHT_ELBOW,0.5177450776100159,0.6271815896034241,0.09713293612003326,0,0
5,LEFT_WRIST,0.463941365480423,0.6270520091056824,0.25779035687446594,0,0
5,RIGHT_WRIST,0.49888601899147034,0.636974036693573,0.24310016632080078,0,0
5,LEFT_PINKY,0.4694916605949402,0.6336789727210999,0.2804102301597595,0,0
5,RIGHT_PINKY,0.49772465229034424,0.6441466808319092,0.2663654386997223,0,0
5,LEFT_INDEX,0.47206947207450867,0.6250425577163696,0.2772758901119232,0,0
5,RIGHT_INDEX,0.4935101270675659,0.6367119550704956,0.26993462443351746,0,0
5,LEFT_THUMB,0.4706636071205139,0.62148517370224,0.26022109389305115,0,0
5,RIGHT_THUMB,0.494460791349411,0.6339801549911499,0.2493019849061966,0,0
5,LEFT_HIP,0.46117523312568665,0.7009178400039673,0.016689058393239975,0,0
5,RIGHT_HIP,0.49714699387550354,0.702313244342804,-0.016876783221960068,0,0
5,LEFT_KNEE,0.46019643545150757,0.8128793835639954,0.028170445933938026,0,0
5,RIGHT_KNEE,0.5156794190406799,0.7915574312210083,0.05506638064980507,0,0
5,LEFT_ANKLE,0.46325555443763733,0.9324617385864258,0.009491343051195145,0,0
5,RIGHT_ANKLE,0.511665403842926,0.9062981009483337,0.06740318983793259,0,0
5,LEFT_HEEL,0.46739301085472107,0.9553641080856323,0.009039729833602905,0,0
5,RIGHT_HEEL,0.5019862055778503,0.9273969531059265,0.07083181291818619,0,0
5,LEFT_FOOT_INDEX,0.45488789677619934,0.9425371885299683,0.017962900921702385,0,0
5,RIGHT_FOOT_INDEX,0.5275090932846069,0.9292075037956238,0.09303466230630875,0,0
6,NOSE,0.49352845549583435,0.489561527967453,0.16514478623867035,0,0
6,LEFT_EYE_INNER,0.4901796281337738,0.4799853265285492,0.14917398989200592,0,0
6,LEFT_EYE,0.48792463541030884,0.479398250579834,0.1492130607366562,0,0
6,LEFT_EYE_OUTER,0.48568281531333923,0.47899436950683594,0.14920052886009216,0,0
6,RIGHT_EYE_INNER,0.4954819083213806,0.48090824484825134,0.14550797641277313,0,0
6,RIGHT_EYE,0.49693673849105835,0.4810192584991455,0.14552834630012512,0,0
6,RIGHT_EYE_OUTER,0.49833106994628906,0.4812139570713043,0.14548569917678833,0,0
6,LEFT_EAR,0.4810687005519867,0.48229387402534485,0.09196581691503525,0,0
6,RIGHT_EAR,0.4992561936378479,0.48515743017196655,0.07473639398813248,0,0
6,MOUTH_LEFT,0.4906435012817383,0.496177613735199,0.14918941259384155,0,0
6,MOUTH_RIGHT,0.49644145369529724,0.4980613887310028,0.14384905993938446,0,0
6,LEFT_SHOULDER,0.45301496982574463,0.532227098941803,0.07213543355464935,0,0
6,RIGHT_SHOULDER,0.5131347179412842,0.5446053147315979,0.02747134305536747,0,0
6,LEFT_ELBOW,0.4368845820426941,0.607075572013855,0.15032029151916504,0,0
6,RIGHT_ELBOW,0.5169804096221924,0.6262387037277222,0.09235718101263046,0,0
6,LEFT_WRIST,0.46267229318618774,0.6262202262878418,0.2677275836467743,0,0
6,RIGHT_WRIST,0.49930164217948914,0.6385350823402405,0.230197012424469,0,0
6,LEFT_PINKY,0.4677794575691223,0.6336215138435364,0.29093724489212036,0,0
6,RIGHT_PINKY,0.49478578567504883,0.645790696144104,0.2524862587451935,0,0
6,LEFT_INDEX,0.4706115126609802,0.6242710947990417,0.28739869594573975,0,0
6,RIGHT_INDEX,0.49212130904197693,0.6388757824897766,0.2558763027191162,0,0
6,LEFT_THUMB,0.46929576992988586,0.6210229396820068,0.2700241506099701,0,0
6,RIGHT_THUMB,0.49330565333366394,0.6351672410964966,0.23630180954933167,0,0
6,LEFT_HIP,0.46064141392707825,0.6985011696815491,0.02166154980659485,0,0
6,RIGHT_HIP,0.49625152349472046,0.7004712224006653,-0.021874476224184036,0,0
6,LEFT_KNEE,0.4594998061656952,0.8101931214332581,0.031520944088697433,0,0
6,RIGHT_KNEE,0.5150009989738464,0.7915828824043274,0.049071040004491806,0,0
6,LEFT_ANKLE,0.46269500255584717,0.9320337772369385,-0.004950199741870165,0,0
6,RIGHT_ANKLE,0.5091018676757812,0.9077464938163757,0.04303797334432602,0,0
6,LEFT_HEEL,0.4666443467140198,0.9545353651046753,-0.006887124851346016,0,0
6,RIGHT_HEEL,0.4992029368877411,0.9295083284378052,0.04486570134758949,0,0
6,LEFT_FOOT_INDEX,0.4558342695236206,0.9440694451332092,0.0015918686985969543,0,0
6,RIGHT_FOOT_INDEX,0.5251131653785706,0.9314342141151428,0.06763836741447449,0,0
7,NOSE,0.49351710081100464,0.4886740744113922,0.15912935137748718,0,0
7,LEFT_EYE_INNER,0.49003347754478455,0.4784306287765503,0.14332908391952515,0,0
7,LEFT_EYE,0.4877455532550812,0.47771063446998596,0.14336071908473969,0,0
7,LEFT_EYE_OUTER,0.4854779541492462,0.47717800736427307,0.14334948360919952,0,0
7,RIGHT_EYE_INNER,0.4953245520591736,0.47959762811660767,0.13964110612869263,0,0
7,RIGHT_EYE,0.49676719307899475,0.47973552346229553,0.13965575397014618,0,0
7,RIGHT_EYE_OUTER,0.49811527132987976,0.479902982711792,0.13960859179496765,0,0
7,LEFT_EAR,0.48071345686912537,0.480133056640625,0.08904814720153809,0,0
7,RIGHT_EAR,0.49858349561691284,0.4836611747741699,0.07189284265041351,0,0
7,MOUTH_LEFT,0.49062681198120117,0.49517324566841125,0.1436425745487213,0,0
7,MOUTH_RIGHT,0.4963628351688385,0.49726590514183044,0.13834698498249054,0,0
7,LEFT_SHOULDER,0.4523042142391205,0.5303784012794495,0.07589850574731827,0,0
7,RIGHT_SHOULDER,0.5116837024688721,0.5429221391677856,0.012855585664510727,0,0
7,LEFT_ELBOW,0.43590402603149414,0.6055830121040344,0.14561466872692108,0,0
7,RIGHT_ELBOW,0.5149071216583252,0.6258277297019958,0.0786922350525856,0,0
7,LEFT_WRIST,0.4617373049259186,0.626001238822937,0.24724909663200378,0,0
7,RIGHT_WRIST,0.49841737747192383,0.638765811920166,0.21536146104335785,0,0
7,LEFT_PINKY,0.46677178144454956,0.6331717371940613,0.26822060346603394,0,0
7,RIGHT_PINKY,0.49594101309776306,0.6465162634849548,0.23692937195301056,0,0
7,LEFT_INDEX,0.4697405993938446,0.6247633695602417,0.26462027430534363,0,0
7,RIGHT_INDEX,0.49315494298934937,0.6393582224845886,0.23985083401203156,0,0
7,LEFT_THUMB,0.4684792757034302,0.6207641959190369,0.24896816909313202,0,0
7,RIGHT_THUMB,0.49360552430152893,0.6359149813652039,0.22125819325447083,0,0
7,LEFT_HIP,0.459384948015213,0.6974967122077942,0.03137160837650299,0,0
7,RIGHT_HIP,0.4941233992576599,0.6999514698982239,-0.03158099204301834,0,0
7,LEFT_KNEE,0.459401935338974,0.8083632588386536,0.037661004811525345,0,0
7,RIGHT_KNEE,0.5117553472518921,0.7940959930419922,0.021424198523163795,0,0
7,LEFT_ANKLE,0.46277227997779846,0.9317790269851685,-0.0038518428336828947,0,0
7,RIGHT_ANKLE,0.4990379512310028,0.9104781746864319,0.010837043635547161,0,0
7,LEFT_HEEL,0.46626603603363037,0.9528495669364929,-0.006755560636520386,0,0
7,RIGHT_HEEL,0.4893053472042084,0.9305379986763,0.012166401371359825,0,0
7,LEFT_FOOT_INDEX,0.4573999345302582,0.9448941946029663,-0.0025028984528034925,0,0
7,RIGHT_FOOT_INDEX,0.5146292448043823,0.9420801401138306,0.02953414060175419,0,0
8,NOSE,0.4938742220401764,0.4887591302394867,0.15650857985019684,0,0
8,LEFT_EYE_INNER,0.4900757968425751,0.47822305560112,0.13961759209632874,0,0
8,LEFT_EYE,0.4877985119819641,0.47745123505592346,0.1396459937095642,0,0
8,LEFT_EYE_OUTER,0.4855292737483978,0.4768429100513458,0.13962504267692566,0,0
8,RIGHT_EYE_INNER,0.49537384510040283,0.47954055666923523,0.13279063999652863,0,0
8,RIGHT_EYE,0.49680763483047485,0.47969678044319153,0.13276487588882446,0,0
8,RIGHT_EYE_OUTER,0.4981124997138977,0.47987446188926697,0.1326800137758255,0,0
8,LEFT_EAR,0.4807949662208557,0.47983866930007935,0.08606299757957458,0,0
8,RIGHT_EAR,0.4978071451187134,0.48373040556907654,0.05198581516742706,0,0
8,MOUTH_LEFT,0.4908858835697174,0.4953419864177704,0.1398748755455017,0,0
8,MOUTH_RIGHT,0.49636536836624146,0.4974000155925751,0.12942393124103546,0,0
8,LEFT_SHOULDER,0.451253205537796,0.5292879939079285,0.07400701940059662,0,0
8,RIGHT_SHOULDER,0.5098724961280823,0.5431180000305176,-0.006432230584323406,0,0
8,LEFT_ELBOW,0.4333060383796692,0.6035409569740295,0.12943705916404724,0,0
8,RIGHT_ELBOW,0.5121871829032898,0.6259798407554626,0.05119626969099045,0,0
8,LEFT_WRIST,0.4601191580295563,0.6295385956764221,0.17933115363121033,0,0
8,RIGHT_WRIST,0.497083842754364,0.6400063633918762,0.2020106166601181,0,0
8,LEFT_PINKY,0.4656292796134949,0.6386191248893738,0.1937347948551178,0,0
8,RIGHT_PINKY,0.49541372060775757,0.6487777829170227,0.23464836180210114,0,0
8,LEFT_INDEX,0.46856772899627686,0.6327835321426392,0.19110499322414398,0,0
8,RIGHT_INDEX,0.4920875132083893,0.6412377953529358,0.23721377551555634,0,0
8,LEFT_THUMB,0.4671701490879059,0.6272180676460266,0.1793646514415741,0,0
8,RIGHT_THUMB,0.4921668767929077,0.6377577185630798,0.21049357950687408,0,0
8,LEFT_HIP,0.4561992287635803,0.6981273293495178,0.03261355683207512,0,0
8,RIGHT_HIP,0.4910591244697571,0.7000706791877747,-0.032769400626420975,0,0
8,LEFT_KNEE,0.4586067497730255,0.8092316389083862,0.06118642911314964,0,0
8,RIGHT_KNEE,0.4985307455062866,0.8076140880584717,0.013401092030107975,0,0
8,LEFT_ANKLE,0.46635913848876953,0.9226204752922058,0.0201223473995924,0,0
8,RIGHT_ANKLE,0.474541038274765,0.9182606935501099,-0.009440360590815544,0,0
8,LEFT_HEEL,0.4645150601863861,0.9445561766624451,0.01385219395160675,0,0
8,RIGHT_HEEL,0.4671329855918884,0.9339173436164856,-0.01000265683978796,0,0
8,LEFT_FOOT_INDEX,0.469390332698822,0.9495067596435547,0.006035735365003347,0,0
8,RIGHT_FOOT_INDEX,0.4791819453239441,0.9532551169395447,-0.009117741137742996,0,0
9,NOSE,0.49086111783981323,0.4886012375354767,0.1649637073278427,0,0
9,LEFT_EYE_INNER,0.4873679578304291,0.4781460165977478,0.1487800031900406,0,0
9,LEFT_EYE,0.4851642847061157,0.47742190957069397,0.14879794418811798,0,0
9,LEFT_EYE_OUTER,0.48296797275543213,0.47685545682907104,0.1487867683172226,0,0
9,RIGHT_EYE_INNER,0.4926576018333435,0.4793960154056549,0.14253592491149902,0,0
9,RIGHT_EYE,0.49415817856788635,0.4795750379562378,0.14251428842544556,0,0
9,RIGHT_EYE_OUTER,0.49566712975502014,0.4797845780849457,0.14242319762706757,0,0
9,LEFT_EAR,0.47843971848487854,0.4800871014595032,0.09049513190984726,0,0
9,RIGHT_EAR,0.49655964970588684,0.48383840918540955,0.05949896574020386,0,0
9,MOUTH_LEFT,0.4878423810005188,0.4953228533267975,0.1480811983346939,0,0
9,MOUTH_RIGHT,0.4936779737472534,0.4974640905857086,0.1395760178565979,0,0
9,LEFT_SHOULDER,0.45062726736068726,0.5289185047149658,0.07386723160743713,0,0
9,RIGHT_SHOULDER,0.5100480318069458,0.5437088012695312,0.004166765138506889,0,0
9,LEFT_ELBOW,0.43146198987960815,0.603391706943512,0.11085671931505203,0,0
9,RIGHT_ELBOW,0.5116485357284546,0.6264867186546326,0.045260779559612274,0,0
9,LEFT_WRIST,0.458255797624588,0.6320797204971313,0.14863279461860657,0,0
9,RIGHT_WRIST,0.49357447028160095,0.6420593857765198,0.1441996842622757,0,0
9,LEFT_PINKY,0.46348974108695984,0.6404789090156555,0.15975911915302277,0,0
9,RIGHT_PINKY,0.48952576518058777,0.6510292887687683,0.15921428799629211,0,0
9,LEFT_INDEX,0.4669327139854431,0.6344086527824402,0.15703798830509186,0,0
9,RIGHT_INDEX,0.48541024327278137,0.6441909670829773,0.16164621710777283,0,0
9,LEFT_THUMB,0.465553879737854,0.6297655701637268,0.14811238646507263,0,0
9,RIGHT_THUMB,0.4855607748031616,0.6401286125183105,0.14842554926872253,0,0
9,LEFT_HIP,0.45488354563713074,0.6986590623855591,0.032383326441049576,0,0
9,RIGHT_HIP,0.4886396527290344,0.7032666802406311,-0.03248755261301994,0,0
9,LEFT_KNEE,0.45637577772140503,0.809575080871582,0.05960935726761818,0,0
9,RIGHT_KNEE,0.4894818663597107,0.8192764520645142,0.004562890622764826,0,0
9,LEFT_ANKLE,0.46612676978111267,0.9195594787597656,0.04125034064054489,0,0
9,RIGHT_ANKLE,0.4639611542224884,0.928031325340271,-0.006366844289004803,0,0
9,LEFT_HEEL,0.45991623401641846,0.9360138773918152,0.03860616683959961,0,0
9,RIGHT_HEEL,0.4543960690498352,0.9419438242912292,-0.006583975628018379,0,0
9,LEFT_FOOT_INDEX,0.4698074460029602,0.9489760994911194,0.02983161062002182,0,0
9,RIGHT_FOOT_INDEX,0.4721429646015167,0.9690091609954834,-0.014048346318304539,0,0
10,NOSE,0.49068039655685425,0.48858845233917236,0.16112446784973145,0,0
10,LEFT_EYE_INNER,0.48724719882011414,0.4780164957046509,0.14520131051540375,0,0
10,LEFT_EYE,0.48502418398857117,0.477302223443985,0.14521756768226624,0,0
10,LEFT_EYE_OUTER,0.4828449785709381,0.4767288863658905,0.1452057957649231,0,0
10,RIGHT_EYE_INNER,0.49246469140052795,0.4792692959308624,0.13951224088668823,0,0
10,RIGHT_EYE,0.49395933747291565,0.47947245836257935,0.13950304687023163,0,0
10,RIGHT_EYE_OUTER,0.49540865421295166,0.4797027111053467,0.13942676782608032,0,0
10,LEFT_EAR,0.4781665503978729,0.4801029860973358,0.08762466162443161,0,0
10,RIGHT_EAR,0.4960517883300781,0.4839191138744354,0.05724741518497467,0,0
10,MOUTH_LEFT,0.4875580072402954,0.4954169988632202,0.14458800852298737,0,0
10,MOUTH_RIGHT,0.493315190076828,0.4975353181362152,0.1372169852256775,0,0
10,LEFT_SHOULDER,0.4499794840812683,0.5288408994674683,0.06974119693040848,0,0
10,RIGHT_SHOULDER,0.5097184777259827,0.5439419150352478,-0.0021043927408754826,0,0
10,LEFT_ELBOW,0.4304201006889343,0.6024410128593445,0.09270823001861572,0,0
10,RIGHT_ELBOW,0.5109043121337891,0.6266242861747742,0.02843315340578556,0,0
10,LEFT_WRIST,0.4576282799243927,0.6332538723945618,0.12115992605686188,0,0
10,RIGHT_WRIST,0.49278709292411804,0.6463343501091003,0.11810961365699768,0,0
10,LEFT_PINKY,0.46314623951911926,0.6421980857849121,0.12944887578487396,0,0
10,RIGHT_PINKY,0.4864862263202667,0.65565025806427,0.13104739785194397,0,0
10,LEFT_INDEX,0.466776579618454,0.6357460021972656,0.12720420956611633,0,0
10,RIGHT_INDEX,0.4849034249782562,0.6491537094116211,0.13356098532676697,0,0
10,LEFT_THUMB,0.4652951955795288,0.6313890814781189,0.1202351525425911,0,0
10,RIGHT_THUMB,0.48507535457611084,0.6446099281311035,0.12195339053869247,0,0
10,LEFT_HIP,0.45424339175224304,0.6988511085510254,0.03159433975815773,0,0
10,RIGHT_HIP,0.48752152919769287,0.7056527137756348,-0.03167681396007538,0,0
10,LEFT_KNEE,0.456278920173645,0.8116660118103027,0.05855356901884079,0,0
10,RIGHT_KNEE,0.48866018652915955,0.822024405002594,0.006260679569095373,0,0
10,LEFT_ANKLE,0.46603670716285706,0.9183699488639832,0.04378372058272362,0,0
10,RIGHT_ANKLE,0.4634004235267639,0.9307151436805725,0.0007645225268788636,0,0
10,LEFT_HEEL,0.4608363211154938,0.9347608685493469,0.04200400039553642,0,0
10,RIGHT_HEEL,0.4559202492237091,0.9444586038589478,0.0011474618222564459,0,0
10,LEFT_FOOT_INDEX,0.47219935059547424,0.9503077864646912,0.03286696970462799,0,0
10,RIGHT_FOOT_INDEX,0.4676544964313507,0.9661039113998413,-0.007398444227874279,0,0
11,NOSE,0.49056583642959595,0.49169567227363586,0.17825832962989807,0,0
11,LEFT_EYE_INNER,0.48723942041397095,0.4810236096382141,0.16409172117710114,0,0
11,LEFT_EYE,0.4850621819496155,0.4800336956977844,0.16410212218761444,0,0
11,LEFT_EYE_OUTER,0.48290443420410156,0.4791981875896454,0.16409240663051605,0,0
11,RIGHT_EYE_INNER,0.4923669993877411,0.48277220129966736,0.15650925040245056,0,0
11,RIGHT_EYE,0.4938473105430603,0.4830353856086731,0.1564805805683136,0,0
11,RIGHT_EYE_OUTER,0.4952424466609955,0.4832823574542999,0.15637943148612976,0,0
11,LEFT_EAR,0.47817328572273254,0.4823881983757019,0.1090342104434967,0,0
11,RIGHT_EAR,0.4958348572254181,0.4869375228881836,0.07437844574451447,0,0
11,MOUTH_LEFT,0.4873508810997009,0.49830666184425354,0.1622707098722458,0,0
11,MOUTH_RIGHT,0.492863267660141,0.5006282925605774,0.15259800851345062,0,0
11,LEFT_SHOULDER,0.449122816324234,0.5305307507514954,0.08992061764001846,0,0
11,RIGHT_SHOULDER,0.5091728568077087,0.5463370084762573,0.004544648341834545,0,0
11,LEFT_ELBOW,0.42880383133888245,0.6034112572669983,0.09575418382883072,0,0
11,RIGHT_ELBOW,0.5114393830299377,0.6297534108161926,0.036617252975702286,0,0
11,LEFT_WRIST,0.4567309021949768,0.6423876285552979,0.10715790838003159,0,0
11,RIGHT_WRIST,0.493075430393219,0.6604276895523071,0.125961571931839,0,0
11,LEFT_PINKY,0.4622651934623718,0.651707649230957,0.11170072108507156,0,0
11,RIGHT_PINKY,0.48688051104545593,0.6701223254203796,0.13712720572948456,0,0
11,LEFT_INDEX,0.4658689796924591,0.6459833979606628,0.10923386365175247,0,0
11,RIGHT_INDEX,0.48360270261764526,0.6610308885574341,0.13934071362018585,0,0
11,LEFT_THUMB,0.4644683599472046,0.6416391730308533,0.10509912669658661,0,0
11,RIGHT_THUMB,0.4847738444805145,0.6568888425827026,0.12948359549045563,0,0
11,LEFT_HIP,0.4524518549442291,0.7049623727798462,0.038639865815639496,0,0
11,RIGHT_HIP,0.48419681191444397,0.7132096886634827,-0.0386938601732254,0,0
11,LEFT_KNEE,0.4552624821662903,0.8187707662582397,0.05206155776977539,0,0
11,RIGHT_KNEE,0.4765918552875519,0.8394069075584412,-0.021538300439715385,0,0
11,LEFT_ANKLE,0.46373024582862854,0.9319750666618347,0.0641951933503151,0,0
11,RIGHT_ANKLE,0.45520418882369995,0.9512134790420532,-0.0013449561083689332,0,0
11,LEFT_HEEL,0.46123430132865906,0.949727475643158,0.06453313678503036,0,0
11,RIGHT_HEEL,0.44616928696632385,0.9688242673873901,0.0010261331917718053,0,0
11,LEFT_FOOT_INDEX,0.4706319272518158,0.9619338512420654,0.051421504467725754,0,0
11,RIGHT_FOOT_INDEX,0.46482694149017334,0.9831299781799316,-0.017591748386621475,0,0
12,NOSE,0.49067360162734985,0.4968830943107605,0.18122835457324982,0,0
12,LEFT_EYE_INNER,0.4874127209186554,0.4863071143627167,0.1679934561252594,0,0
12,LEFT_EYE,0.48526155948638916,0.4852658808231354,0.16801126301288605,0,0
12,LEFT_EYE_OUTER,0.48310747742652893,0.4842495322227478,0.16800744831562042,0,0
12,RIGHT_EYE_INNER,0.4924517273902893,0.48804202675819397,0.15998326241970062,0,0
12,RIGHT_EYE,0.49386221170425415,0.4882253110408783,0.15995588898658752,0,0
12,RIGHT_EYE_OUTER,0.4952014684677124,0.4884181320667267,0.15986330807209015,0,0
12,LEFT_EAR,0.47827646136283875,0.4869905710220337,0.11513803154230118,0,0
12,RIGHT_EAR,0.4954027533531189,0.49140140414237976,0.07901447266340256,0,0
12,MOUTH_LEFT,0.48732438683509827,0.50321364402771,0.16576114296913147,0,0
12,MOUTH_RIGHT,0.492603600025177,0.5056821703910828,0.15544010698795319,0,0
12,LEFT_SHOULDER,0.44860297441482544,0.535520613193512,0.09522529691457748,0,0
12,RIGHT_SHOULDER,0.5080389380455017,0.5495426058769226,0.007272862363606691,0,0
12,LEFT_ELBOW,0.4273310899734497,0.607055127620697,0.09730522334575653,0,0
12,RIGHT_ELBOW,0.5123948454856873,0.6355451941490173,0.04434359073638916,0,0
12,LEFT_WRIST,0.45567068457603455,0.6477904915809631,0.12582841515541077,0,0
12,RIGHT_WRIST,0.49401187896728516,0.6670825481414795,0.1445865035057068,0,0
12,LEFT_PINKY,0.4610191583633423,0.6570444703102112,0.13280650973320007,0,0
12,RIGHT_PINKY,0.48795539140701294,0.6754669547080994,0.15854349732398987,0,0
12,LEFT_INDEX,0.4645019471645355,0.6518933176994324,0.1310097575187683,0,0
12,RIGHT_INDEX,0.4845734238624573,0.6675660014152527,0.1610041707754135,0,0
12,LEFT_THUMB,0.4632573127746582,0.6472960710525513,0.12447892874479294,0,0
12,RIGHT_THUMB,0.48590654134750366,0.6638644933700562,0.14867958426475525,0,0
12,LEFT_HIP,0.45106905698776245,0.7051845192909241,0.04122725501656532,0,0
12,RIGHT_HIP,0.4827831983566284,0.7135595679283142,-0.041306693106889725,0,0
12,LEFT_KNEE,0.4551275968551636,0.8198647499084473,0.05827462673187256,0,0
12,RIGHT_KNEE,0.4723743498325348,0.8389477133750916,-0.04054809734225273,0,0
12,LEFT_ANKLE,0.46173980832099915,0.9392223954200745,0.07822856307029724,0,0
12,RIGHT_ANKLE,0.45240211486816406,0.9581624269485474,-0.034227799624204636,0,0
12,LEFT_HEEL,0.46152469515800476,0.9561437368392944,0.07926265150308609,0,0
12,RIGHT_HEEL,0.4439276158809662,0.9778758883476257,-0.033198513090610504,0,0
12,LEFT_FOOT_INDEX,0.4708039462566376,0.96290123462677,0.06870441138744354,0,0
12,RIGHT_FOOT_INDEX,0.4622805714607239,0.9929971098899841,-0.052413005381822586,0,0
13,NOSE,0.4907642602920532,0.5007224678993225,0.17720134556293488,0,0
13,LEFT_EYE_INNER,0.48751088976860046,0.4898034632205963,0.164303258061409,0,0
13,LEFT_EYE,0.4853326380252838,0.488803505897522,0.16431689262390137,0,0
13,LEFT_EYE_OUTER,0.4831327199935913,0.48781394958496094,0.16431353986263275,0,0
13,RIGHT_EYE_INNER,0.49258941411972046,0.4917590618133545,0.15588201582431793,0,0
13,RIGHT_EYE,0.4939925968647003,0.4920439124107361,0.15585370361804962,0,0
13,RIGHT_EYE_OUTER,0.49533650279045105,0.4923893213272095,0.15576282143592834,0,0
13,LEFT_EAR,0.4784010052680969,0.49097877740859985,0.11313465237617493,0,0
13,RIGHT_EAR,0.49537384510040283,0.4955231249332428,0.07560276240110397,0,0
13,MOUTH_LEFT,0.4874453842639923,0.5075582265853882,0.1622055470943451,0,0
13,MOUTH_RIGHT,0.49258777499198914,0.510113000869751,0.15144705772399902,0,0
13,LEFT_SHOULDER,0.4484008848667145,0.5426891446113586,0.10189718753099442,0,0
13,RIGHT_SHOULDER,0.5068627595901489,0.554692268371582,-0.0021087804343551397,0,0
13,LEFT_ELBOW,0.42809784412384033,0.6147878766059875,0.10323502123355865,0,0
13,RIGHT_ELBOW,0.5132777690887451,0.6405086517333984,0.038067784160375595,0,0
13,LEFT_WRIST,0.4555424153804779,0.6551547050476074,0.11979510635137558,0,0
13,RIGHT_WRIST,0.49437588453292847,0.6716578006744385,0.1501484364271164,0,0
13,LEFT_PINKY,0.4613538086414337,0.666370153427124,0.1252666562795639,0,0
13,RIGHT_PINKY,0.48823463916778564,0.6802654266357422,0.16484752297401428,0,0
13,LEFT_INDEX,0.46505993604660034,0.6604738831520081,0.12341202795505524,0,0
13,RIGHT_INDEX,0.4852171838283539,0.6723476052284241,0.16650156676769257,0,0
13,LEFT_THUMB,0.46377551555633545,0.6554644703865051,0.11800699681043625,0,0
13,RIGHT_THUMB,0.4866093397140503,0.6687093377113342,0.15422208607196808,0,0
13,LEFT_HIP,0.45126354694366455,0.7091975808143616,0.05481073632836342,0,0
13,RIGHT_HIP,0.4810894727706909,0.7192953824996948,-0.05490488186478615,0,0
13,LEFT_KNEE,0.45520907640457153,0.8236799240112305,0.10119525343179703,0,0
13,RIGHT_KNEE,0.4710273742675781,0.8451491594314575,-0.06458529829978943,0,0
13,LEFT_ANKLE,0.4595525562763214,0.9426125884056091,0.1410418003797531,0,0
13,RIGHT_ANKLE,0.4468017518520355,0.9686719179153442,-0.07300574332475662,0,0
13,LEFT_HEEL,0.4588184356689453,0.9614107608795166,0.14357896149158478,0,0
13,RIGHT_HEEL,0.43797567486763,0.9840596318244934,-0.07364051789045334,0,0
13,LEFT_FOOT_INDEX,0.4709213972091675,0.962567150592804,0.14049725234508514,0,0
13,RIGHT_FOOT_INDEX,0.46367523074150085,1.0050793886184692,-0.09367354214191437,0,0
14,NOSE,0.4909168481826782,0.507050096988678,0.17469629645347595,0,0
14,LEFT_EYE_INNER,0.48758000135421753,0.4952262043952942,0.16464853286743164,0,0
14,LEFT_EYE,0.48544326424598694,0.49415335059165955,0.1646600067615509,0,0
14,LEFT_EYE_OUTER,0.4833458960056305,0.4932152032852173,0.16465766727924347,0,0
14,RIGHT_EYE_INNER,0.4926661252975464,0.49736103415489197,0.15394406020641327,0,0
14,RIGHT_EYE,0.4940895140171051,0.49771085381507874,0.15391512215137482,0,0
14,RIGHT_EYE_OUTER,0.4954473078250885,0.4980705976486206,0.1538325697183609,0,0
14,LEFT_EAR,0.4784875810146332,0.4962507486343384,0.12498664110898972,0,0
14,RIGHT_EAR,0.49525919556617737,0.500504195690155,0.07502183318138123,0,0
14,MOUTH_LEFT,0.4875112771987915,0.5140888094902039,0.1626918762922287,0,0
14,MOUTH_RIGHT,0.4926910102367401,0.5166109800338745,0.149172842502594,0,0
14,LEFT_SHOULDER,0.4477815330028534,0.5490054488182068,0.11810386925935745,0,0
14,RIGHT_SHOULDER,0.5038698315620422,0.5579566955566406,-0.0054664709605276585,0,0
14,LEFT_ELBOW,0.42876264452934265,0.6213217973709106,0.11777397990226746,0,0
14,RIGHT_ELBOW,0.5133792757987976,0.6423805952072144,0.02543085627257824,0,0
14,LEFT_WRIST,0.4552310109138489,0.6585437059402466,0.12007414549589157,0,0
14,RIGHT_WRIST,0.49490731954574585,0.672733724117279,0.12833423912525177,0,0
14,LEFT_PINKY,0.4609423279762268,0.6686331033706665,0.12251075357198715,0,0
14,RIGHT_PINKY,0.48905739188194275,0.6803932785987854,0.1396433711051941,0,0
14,LEFT_INDEX,0.464665949344635,0.6637421250343323,0.12004415690898895,0,0
14,RIGHT_INDEX,0.48574212193489075,0.6732901930809021,0.1398945301771164,0,0
14,LEFT_THUMB,0.4634772837162018,0.6591434478759766,0.1173657551407814,0,0
14,RIGHT_THUMB,0.48689621686935425,0.670077383518219,0.13184231519699097,0,0
14,LEFT_HIP,0.45102065801620483,0.7140935659408569,0.05856229364871979,0,0
14,RIGHT_HIP,0.47988590598106384,0.723353385925293,-0.05861293897032738,0,0
14,LEFT_KNEE,0.4555320739746094,0.8269153237342834,0.08847907185554504,0,0
14,RIGHT_KNEE,0.47001126408576965,0.85235995054245,-0.07920590043067932,0,0
14,LEFT_ANKLE,0.45499736070632935,0.9499039053916931,0.11612291634082794,0,0
14,RIGHT_ANKLE,0.4443851411342621,0.9725005030632019,-0.09442532062530518,0,0
14,LEFT_HEEL,0.45521828532218933,0.9738906025886536,0.11703010648488998,0,0
14,RIGHT_HEEL,0.43456512689590454,0.989776074886322,-0.09589342027902603,0,0
14,LEFT_FOOT_INDEX,0.46959182620048523,0.9716201424598694,0.10893769562244415,0,0
14,RIGHT_FOOT_INDEX,0.4583917558193207,0.9970309734344482,-0.12104688584804535,0,0
15,NOSE,0.49111902713775635,0.5122531652450562,0.17387239634990692,0,0
15,LEFT_EYE_INNER,0.48774057626724243,0.5004032254219055,0.16537649929523468,0,0
15,LEFT_EYE,0.48561012744903564,0.49936506152153015,0.16538935899734497,0,0
15,LEFT_EYE_OUTER,0.4835713505744934,0.49846017360687256,0.1653866171836853,0,0
15,RIGHT_EYE_INNER,0.4927074611186981,0.5023463368415833,0.15384836494922638,0,0
15,RIGHT_EYE,0.49411478638648987,0.5026727318763733,0.15381696820259094,0,0
15,RIGHT_EYE_OUTER,0.49550169706344604,0.502947211265564,0.15374015271663666,0,0
15,LEFT_EAR,0.47855961322784424,0.5007017254829407,0.12907151877880096,0,0
15,RIGHT_EAR,0.4952888488769531,0.5048262476921082,0.07688821107149124,0,0
15,MOUTH_LEFT,0.4875423312187195,0.5189912915229797,0.16303683817386627,0,0
15,MOUTH_RIGHT,0.49276989698410034,0.5211671590805054,0.14849160611629486,0,0
15,LEFT_SHOULDER,0.44763463735580444,0.553358793258667,0.12711530923843384,0,0
15,RIGHT_SHOULDER,0.5020942091941833,0.5587268471717834,-0.009237749502062798,0,0
15,LEFT_ELBOW,0.4291735887527466,0.6279391646385193,0.12681852281093597,0,0
15,RIGHT_ELBOW,0.5122819542884827,0.6413435339927673,0.02132275328040123,0,0
15,LEFT_WRIST,0.4536719024181366,0.6647898554801941,0.12243470549583435,0,0
15,RIGHT_WRIST,0.4979476034641266,0.6750913858413696,0.12576566636562347,0,0
15,LEFT_PINKY,0.4590229392051697,0.6760801672935486,0.12441311031579971,0,0
15,RIGHT_PINKY,0.4944682717323303,0.6824094653129578,0.13737627863883972,0,0
15,LEFT_INDEX,0.46305719017982483,0.6700030565261841,0.12242507934570312,0,0
15,RIGHT_INDEX,0.49343445897102356,0.6764224171638489,0.1378248631954193,0,0
15,LEFT_THUMB,0.46194228529930115,0.6654592752456665,0.1197802722454071,0,0
15,RIGHT_THUMB,0.49405238032341003,0.6736273765563965,0.12972646951675415,0,0
15,LEFT_HIP,0.4498157501220703,0.7143599987030029,0.0625670850276947,0,0
15,RIGHT_HIP,0.47858476638793945,0.7234576344490051,-0.06263840943574905,0,0
15,LEFT_KNEE,0.45574796199798584,0.8257939219474792,0.0912756472826004,0,0
15,RIGHT_KNEE,0.46904054284095764,0.8515052199363708,-0.098540298640728,0,0
15,LEFT_ANKLE,0.4528721868991852,0.9477983117103577,0.11587807536125183,0,0
15,RIGHT_ANKLE,0.44356387853622437,0.9715704917907715,-0.1358214169740677,0,0
15,LEFT_HEEL,0.4534907341003418,0.9722408652305603,0.11640708893537521,0,0
15,RIGHT_HEEL,0.43302810192108154,0.9895357489585876,-0.1393384486436844,0,0
15,LEFT_FOOT_INDEX,0.4688008725643158,0.9681903719902039,0.10956752300262451,0,0
15,RIGHT_FOOT_INDEX,0.4618884325027466,0.9951198101043701,-0.16550353169441223,0,0
16,NOSE,0.49116095900535583,0.5133931636810303,0.1506069302558899,0,0
16,LEFT_EYE_INNER,0.4878228008747101,0.5013765692710876,0.1410730630159378,0,0
16,LEFT_EYE,0.48569756746292114,0.5003361105918884,0.14108926057815552,0,0
16,LEFT_EYE_OUTER,0.4836467504501343,0.499452143907547,0.14108899235725403,0,0
16,RIGHT_EYE_INNER,0.4927864968776703,0.5033721923828125,0.12977606058120728,0,0
16,RIGHT_EYE,0.49418768286705017,0.503731906414032,0.12974761426448822,0,0
16,RIGHT_EYE_OUTER,0.4955722987651825,0.5040530562400818,0.12967275083065033,0,0
16,LEFT_EAR,0.47853049635887146,0.5017526149749756,0.10598933696746826,0,0
16,RIGHT_EAR,0.4952738583087921,0.5059530735015869,0.053209688514471054,0,0
16,MOUTH_LEFT,0.48761242628097534,0.5201534032821655,0.13998141884803772,0,0
16,MOUTH_RIGHT,0.4927794635295868,0.5223852396011353,0.12562258541584015,0,0
16,LEFT_SHOULDER,0.4471496641635895,0.5557558536529541,0.10728827118873596,0,0
16,RIGHT_SHOULDER,0.5015823841094971,0.560114324092865,-0.027204962447285652,0,0
16,LEFT_ELBOW,0.42839959263801575,0.629686713218689,0.10422646254301071,0,0
16,RIGHT_ELBOW,0.5119060277938843,0.6429928541183472,0.0008469131425954401,0,0
16,LEFT_WRIST,0.45225924253463745,0.6667768955230713,0.0947849228978157,0,0
16,RIGHT_WRIST,0.4980323016643524,0.6772904396057129,0.1050509661436081,0,0
16,LEFT_PINKY,0.4577072858810425,0.6781416535377502,0.09698674827814102,0,0
16,RIGHT_PINKY,0.4944550096988678,0.6846039891242981,0.1174645721912384,0,0
16,LEFT_INDEX,0.46189072728157043,0.6726890206336975,0.0948835164308548,0,0
16,RIGHT_INDEX,0.49324196577072144,0.6788005232810974,0.11845453828573227,0,0
16,LEFT_THUMB,0.4608505070209503,0.6672043800354004,0.09231584519147873,0,0
16,RIGHT_THUMB,0.49398577213287354,0.6759666204452515,0.10915662348270416,0,0
16,LEFT_HIP,0.44973224401474,0.7156936526298523,0.06151067093014717,0,0
16,RIGHT_HIP,0.47881880402565,0.7254570126533508,-0.061612553894519806,0,0
16,LEFT_KNEE,0.45602506399154663,0.8220255374908447,0.15482965111732483,0,0
16,RIGHT_KNEE,0.4692533612251282,0.8495144844055176,-0.07483474165201187,0,0
16,LEFT_ANKLE,0.45284292101860046,0.9378216862678528,0.2250775247812271,0,0
16,RIGHT_ANKLE,0.44348064064979553,0.9694897532463074,-0.10534796863794327,0,0
16,LEFT_HEEL,0.45127737522125244,0.9517901539802551,0.23104500770568848,0,0
16,RIGHT_HEEL,0.43246331810951233,0.9886440634727478,-0.10798389464616776,0,0
16,LEFT_FOOT_INDEX,0.4702560305595398,0.948341429233551,0.24020133912563324,0,0
16,RIGHT_FOOT_INDEX,0.46329978108406067,0.9925678372383118,-0.12628348171710968,0,0
17,NOSE,0.4919966161251068,0.5132309794425964,0.12295158207416534,0,0
17,LEFT_EYE_INNER,0.4886435866355896,0.5014808773994446,0.11347606778144836,0,0
17,LEFT_EYE,0.48654478788375854,0.5004515051841736,0.11349615454673767,0,0
17,LEFT_EYE_OUTER,0.4845154583454132,0.499605655670166,0.11349119991064072,0,0
17,RIGHT_EYE_INNER,0.49330034852027893,0.50338214635849,0.10165977478027344,0,0
17,RIGHT_EYE,0.4946287274360657,0.5036770105361938,0.10162468254566193,0,0
17,RIGHT_EYE_OUTER,0.4959489107131958,0.5039855241775513,0.10155332088470459,0,0
17,LEFT_EAR,0.4786205589771271,0.5020138025283813,0.07920406013727188,0,0
17,RIGHT_EAR,0.49536052346229553,0.5061458945274353,0.02629111520946026,0,0
17,MOUTH_LEFT,0.4882068336009979,0.5201055407524109,0.1137004867196083,0,0
17,MOUTH_RIGHT,0.4931146800518036,0.5223045945167542,0.09854184091091156,0,0
17,LEFT_SHOULDER,0.4471575617790222,0.5564141869544983,0.09969659149646759,0,0
17,RIGHT_SHOULDER,0.5007656216621399,0.5600982904434204,-0.051333535462617874,0,0
17,LEFT_ELBOW,0.42869171500205994,0.6300317645072937,0.10960135608911514,0,0
17,RIGHT_ELBOW,0.5098777413368225,0.6428923010826111,-0.010097295045852661,0,0
17,LEFT_WRIST,0.4524421989917755,0.6648586988449097,0.10446320474147797,0,0
17,RIGHT_WRIST,0.5009554624557495,0.6750982403755188,0.11817340552806854,0,0
17,LEFT_PINKY,0.45746317505836487,0.675133466720581,0.10566791146993637,0,0
17,RIGHT_PINKY,0.49995774030685425,0.6823104619979858,0.1330934464931488,0,0
17,LEFT_INDEX,0.46144112944602966,0.670389711856842,0.09928132593631744,0,0
17,RIGHT_INDEX,0.49911391735076904,0.676566481590271,0.1347370445728302,0,0
17,LEFT_THUMB,0.46019360423088074,0.6658074259757996,0.09878920763731003,0,0
17,RIGHT_THUMB,0.4988388419151306,0.6738001108169556,0.12327016890048981,0,0
17,LEFT_HIP,0.44888636469841003,0.7166960835456848,0.0636504590511322,0,0
17,RIGHT_HIP,0.4769982099533081,0.726772129535675,-0.06375506520271301,0,0
17,LEFT_KNEE,0.4561347961425781,0.8138333559036255,0.1825467199087143,0,0
17,RIGHT_KNEE,0.4687449038028717,0.849830150604248,-0.06509966403245926,0,0
17,LEFT_ANKLE,0.4515828788280487,0.9184505939483643,0.2737710177898407,0,0
17,RIGHT_ANKLE,0.44304317235946655,0.9687407612800598,-0.09020720422267914,0,0
17,LEFT_HEEL,0.44655972719192505,0.9288235306739807,0.2822047770023346,0,0
17,RIGHT_HEEL,0.4322502017021179,0.9869775772094727,-0.09202834963798523,0,0
17,LEFT_FOOT_INDEX,0.470047265291214,0.9178032875061035,0.29672086238861084,0,0
17,RIGHT_FOOT_INDEX,0.46434155106544495,0.9917313456535339,-0.10853137820959091,0,0
18,NOSE,0.49453094601631165,0.5151525139808655,0.12310551851987839,0,0
18,LEFT_EYE_INNER,0.4909260869026184,0.5035435557365417,0.11641223728656769,0,0
18,LEFT_EYE,0.4890322983264923,0.5024038553237915,0.11642409861087799,0,0
18,LEFT_EYE_OUTER,0.48712027072906494,0.5013923645019531,0.11641057580709457,0,0
18,RIGHT_EYE_INNER,0.4948803782463074,0.505119800567627,0.10274134576320648,0,0
18,RIGHT_EYE,0.4958954453468323,0.5051421523094177,0.10270316898822784,0,0
18,RIGHT_EYE_OUTER,0.4968618154525757,0.5051635503768921,0.10262731462717056,0,0
18,LEFT_EAR,0.4798221290111542,0.5027846693992615,0.08660881966352463,0,0
18,RIGHT_EAR,0.4953951835632324,0.5066180229187012,0.028617387637495995,0,0
18,MOUTH_LEFT,0.49049752950668335,0.5217161774635315,0.11614353954792023,0,0
18,MOUTH_RIGHT,0.49463292956352234,0.5237253904342651,0.0986177995800972,0,0
18,LEFT_SHOULDER,0.4474549889564514,0.555273711681366,0.10906298458576202,0,0
18,RIGHT_SHOULDER,0.49908360838890076,0.5596656799316406,-0.050478432327508926,0,0
18,LEFT_ELBOW,0.43436363339424133,0.6290408372879028,0.134504497051239,0,0
18,RIGHT_ELBOW,0.505618691444397,0.6446816921234131,-0.01929774321615696,0,0
18,LEFT_WRIST,0.4544210433959961,0.662267804145813,0.1457964926958084,0,0
18,RIGHT_WRIST,0.5020802617073059,0.6772047877311707,0.09589118510484695,0,0
18,LEFT_PINKY,0.4579327404499054,0.6716566681861877,0.15129324793815613,0,0
18,RIGHT_PINKY,0.5015622973442078,0.6839715242385864,0.10769062489271164,0,0
18,LEFT_INDEX,0.46178141236305237,0.6664215922355652,0.1462775319814682,0,0
18,RIGHT_INDEX,0.5013900995254517,0.6783670783042908,0.11026019603013992,0,0
18,LEFT_THUMB,0.46239832043647766,0.6620974540710449,0.14237283170223236,0,0
18,RIGHT_THUMB,0.5006963014602661,0.676006555557251,0.1013491079211235,0,0
18,LEFT_HIP,0.4485616981983185,0.7160117030143738,0.0682818740606308,0,0
18,RIGHT_HIP,0.47548845410346985,0.7252705693244934,-0.06836748868227005,0,0
18,LEFT_KNEE,0.4566420316696167,0.8113357424736023,0.16616007685661316,0,0
18,RIGHT_KNEE,0.4696251153945923,0.8474248051643372,-0.0845557227730751,0,0
18,LEFT_ANKLE,0.4487236738204956,0.9005764722824097,0.24358303844928741,0,0
18,RIGHT_ANKLE,0.44397297501564026,0.967301070690155,-0.12569740414619446,0,0
18,LEFT_HEEL,0.44146594405174255,0.9232242703437805,0.24989748001098633,0,0
18,RIGHT_HEEL,0.43246662616729736,0.9843565821647644,-0.12976594269275665,0,0
18,LEFT_FOOT_INDEX,0.4675852656364441,0.9142791628837585,0.25772711634635925,0,0
18,RIGHT_FOOT_INDEX,0.46626579761505127,0.9910258054733276,-0.15274544060230255,0,0
19,NOSE,0.4947778582572937,0.5147724747657776,0.11528004705905914,0,0
19,LEFT_EYE_INNER,0.49116379022598267,0.5033689141273499,0.11244233697652817,0,0
19,LEFT_EYE,0.48927968740463257,0.5022206902503967,0.11244777590036392,0,0
19,LEFT_EYE_OUTER,0.48733171820640564,0.5011836290359497,0.11242839694023132,0,0
19,RIGHT_EYE_INNER,0.4950614273548126,0.504769504070282,0.09561993181705475,0,0
19,RIGHT_EYE,0.4960359036922455,0.504710853099823,0.09558355063199997,0,0
19,RIGHT_EYE_OUTER,0.49694186449050903,0.5046762228012085,0.09550097584724426,0,0
19,LEFT_EAR,0.4799073338508606,0.5022980570793152,0.08683738857507706,0,0
19,RIGHT_EAR,0.49507978558540344,0.5061107277870178,0.021852931007742882,0,0
19,MOUTH_LEFT,0.4906637966632843,0.5214366316795349,0.11201784759759903,0,0
19,MOUTH_RIGHT,0.49475425481796265,0.5231447815895081,0.09029554575681686,0,0
19,LEFT_SHOULDER,0.44869816303253174,0.5541667342185974,0.1235022097826004,0,0
19,RIGHT_SHOULDER,0.49692994356155396,0.5581880807876587,-0.06357884407043457,0,0
19,LEFT_ELBOW,0.4411240220069885,0.6317423582077026,0.14932669699192047,0,0
19,RIGHT_ELBOW,0.5027266144752502,0.6441358923912048,-0.05407329276204109,0,0
19,LEFT_WRIST,0.45733383297920227,0.6645209193229675,0.15688683092594147,0,0
19,RIGHT_WRIST,0.5058438777923584,0.676509439945221,0.029195217415690422,0,0
19,LEFT_PINKY,0.4646356403827667,0.6723162531852722,0.16258178651332855,0,0
19,RIGHT_PINKY,0.5067232847213745,0.6826472282409668,0.03450365737080574,0,0
19,LEFT_INDEX,0.46942827105522156,0.6673981547355652,0.15681089460849762,0,0
19,RIGHT_INDEX,0.5071117877960205,0.6765925884246826,0.03750031441450119,0,0
19,LEFT_THUMB,0.46993300318717957,0.6636625528335571,0.15305878221988678,0,0
19,RIGHT_THUMB,0.5057011246681213,0.6742757558822632,0.03405516594648361,0,0
19,LEFT_HIP,0.4486948847770691,0.7155681252479553,0.07473745197057724,0,0
19,RIGHT_HIP,0.4748591482639313,0.7247281074523926,-0.0748157799243927,0,0
19,LEFT_KNEE,0.4566020667552948,0.8116192817687988,0.1779412478208542,0,0
19,RIGHT_KNEE,0.47107183933258057,0.8455830216407776,-0.10850706696510315,0,0
19,LEFT_ANKLE,0.444179505109787,0.9047906398773193,0.25689324736595154,0,0
19,RIGHT_ANKLE,0.4454086422920227,0.9654604196548462,-0.16752439737319946,0,0
19,LEFT_HEEL,0.4370889365673065,0.9255279898643494,0.26283854246139526,0,0
19,RIGHT_HEEL,0.43331894278526306,0.9827060103416443,-0.17376691102981567,0,0
19,LEFT_FOOT_INDEX,0.46461018919944763,0.9208177328109741,0.267375648021698,0,0
19,RIGHT_FOOT_INDEX,0.4676538109779358,0.9898410439491272,-0.20450401306152344,0,0
20,NOSE,0.49531224370002747,0.5152251720428467,0.10015963762998581,0,0
20,LEFT_EYE_INNER,0.49165377020835876,0.503582239151001,0.099388986825943,0,0
20,LEFT_EYE,0.4898412823677063,0.5023891925811768,0.0993892252445221,0,0
20,LEFT_EYE_OUTER,0.4879645109176636,0.501292884349823,0.09936617314815521,0,0
20,RIGHT_EYE_INNER,0.4953591525554657,0.5048477649688721,0.0814938098192215,0,0
20,RIGHT_EYE,0.49624475836753845,0.5046446323394775,0.08146348595619202,0,0
20,RIGHT_EYE_OUTER,0.4970674216747284,0.5044764876365662,0.08138920366764069,0,0
20,LEFT_EAR,0.4803541898727417,0.5020284056663513,0.08891367167234421,0,0
20,RIGHT_EAR,0.4949134886264801,0.505675733089447,0.012490813620388508,0,0
20,MOUTH_LEFT,0.491291880607605,0.5216431617736816,0.09997381269931793,0,0
20,MOUTH_RIGHT,0.4950481355190277,0.5231919884681702,0.07686595618724823,0,0
20,LEFT_SHOULDER,0.449455201625824,0.5535856485366821,0.12262869626283646,0,0
20,RIGHT_SHOULDER,0.49509915709495544,0.5544790029525757,-0.06741275638341904,0,0
20,LEFT_ELBOW,0.4476989507675171,0.6303568482398987,0.14938543736934662,0,0
20,RIGHT_ELBOW,0.500985860824585,0.6413871049880981,-0.06498415023088455,0,0
20,LEFT_WRIST,0.46269547939300537,0.6638842821121216,0.1579430252313614,0,0
20,RIGHT_WRIST,0.5074717998504639,0.6707459092140198,0.006854654289782047,0,0
20,LEFT_PINKY,0.4700387418270111,0.671873927116394,0.16362452507019043,0,0
20,RIGHT_PINKY,0.5090346932411194,0.679027259349823,0.00881703570485115,0,0
20,LEFT_INDEX,0.47432008385658264,0.6671188473701477,0.15764103829860687,0,0
20,RIGHT_INDEX,0.5094419717788696,0.6735388040542603,0.012142179533839226,0,0
20,LEFT_THUMB,0.4749208390712738,0.6635838150978088,0.15406295657157898,0,0
20,RIGHT_THUMB,0.5074587464332581,0.6705620884895325,0.011302457191050053,0,0
20,LEFT_HIP,0.44900670647621155,0.7152649760246277,0.07353731989860535,0,0
20,RIGHT_HIP,0.4750675559043884,0.7234862446784973,-0.0736268013715744,0,0
20,LEFT_KNEE,0.4567700922489166,0.8118258714675903,0.15405245125293732,0,0
20,RIGHT_KNEE,0.47196006774902344,0.8444835543632507,-0.10415253043174744,0,0
20,LEFT_ANKLE,0.44080987572669983,0.9089726209640503,0.21922844648361206,0,0
20,RIGHT_ANKLE,0.44732752442359924,0.9630906581878662,-0.1450851559638977,0,0
20,LEFT_HEEL,0.43270766735076904,0.9303320646286011,0.2235906571149826,0,0
20,RIGHT_HEEL,0.434975802898407,0.9815502166748047,-0.14950627088546753,0,0
20,LEFT_FOOT_INDEX,0.45939910411834717,0.9256793856620789,0.22077615559101105,0,0
20,RIGHT_FOOT_INDEX,0.4684489071369171,0.9890314340591431,-0.18024758994579315,0,0
21,NOSE,0.4956997334957123,0.5144084095954895,0.084149070084095,0,0
21,LEFT_EYE_INNER,0.4920766055583954,0.5027387738227844,0.08325064927339554,0,0
21,LEFT_EYE,0.49029478430747986,0.5015966892242432,0.08326128125190735,0,0
21,LEFT_EYE_OUTER,0.4884767532348633,0.5005528926849365,0.08324554562568665,0,0
21,RIGHT_EYE_INNER,0.4955803453922272,0.5040484666824341,0.06425119936466217,0,0
21,RIGHT_EYE,0.4963833689689636,0.5039065480232239,0.06421744078397751,0,0
21,RIGHT_EYE_OUTER,0.49713703989982605,0.5037974715232849,0.06414612382650375,0,0
21,LEFT_EAR,0.4808560311794281,0.5015558004379272,0.07727215439081192,0,0
21,RIGHT_EAR,0.49477773904800415,0.5052724480628967,-0.00780408876016736,0,0
21,MOUTH_LEFT,0.49171385169029236,0.5209012627601624,0.08468113094568253,0,0
21,MOUTH_RIGHT,0.49521201848983765,0.5224992632865906,0.05998074635863304,0,0
21,LEFT_SHOULDER,0.45037642121315,0.5532264113426208,0.1153421401977539,0,0
21,RIGHT_SHOULDER,0.4938814043998718,0.5531461834907532,-0.08207474648952484,0,0
21,LEFT_ELBOW,0.4519731104373932,0.6299616098403931,0.14340728521347046,0,0
21,RIGHT_ELBOW,0.5005779266357422,0.6387873888015747,-0.07307305186986923,0,0
21,LEFT_WRIST,0.47778716683387756,0.6630833148956299,0.15000857412815094,0,0
21,RIGHT_WRIST,0.5096431374549866,0.6616213321685791,0.01487396378070116,0,0
21,LEFT_PINKY,0.48227566480636597,0.6722071170806885,0.1533038318157196,0,0
21,RIGHT_PINKY,0.5131117105484009,0.6709574460983276,0.017843537032604218,0,0
21,LEFT_INDEX,0.48672980070114136,0.6674965023994446,0.14371366798877716,0,0
21,RIGHT_INDEX,0.5139849185943604,0.6656111478805542,0.021198654547333717,0,0
21,LEFT_THUMB,0.4868033230304718,0.6641901135444641,0.14339859783649445,0,0
21,RIGHT_THUMB,0.511516809463501,0.66181480884552,0.019649118185043335,0,0
21,LEFT_HIP,0.44905635714530945,0.7152854800224304,0.0732475072145462,0,0
21,RIGHT_HIP,0.47526872158050537,0.7229985594749451,-0.07336385548114777,0,0
21,LEFT_KNEE,0.45700371265411377,0.812268853187561,0.15691274404525757,0,0
21,RIGHT_KNEE,0.4744967818260193,0.8441647887229919,-0.08662796765565872,0,0
21,LEFT_ANKLE,0.44106683135032654,0.9106130003929138,0.23052722215652466,0,0
21,RIGHT_ANKLE,0.4488053321838379,0.9560149312019348,-0.12277381867170334,0,0
21,LEFT_HEEL,0.4322056472301483,0.9307737946510315,0.23573318123817444,0,0
21,RIGHT_HEEL,0.43677371740341187,0.9731384515762329,-0.1280953586101532,0,0
21,LEFT_FOOT_INDEX,0.4593404233455658,0.927680253982544,0.22872041165828705,0,0
21,RIGHT_FOOT_INDEX,0.4691850543022156,0.9882492423057556,-0.14003777503967285,0,0
22,NOSE,0.49568942189216614,0.5127872228622437,0.09064120799303055,0,0
22,LEFT_EYE_INNER,0.4922747313976288,0.5014509558677673,0.09112934023141861,0,0
22,LEFT_EYE,0.4905886948108673,0.5003083944320679,0.09112825989723206,0,0
22,LEFT_EYE_OUTER,0.48894256353378296,0.49918901920318604,0.09110065549612045,0,0
22,RIGHT_EYE_INNER,0.4956008493900299,0.5023661851882935,0.07142610102891922,0,0
22,RIGHT_EYE,0.49638205766677856,0.5020097494125366,0.07139972597360611,0,0
22,RIGHT_EYE_OUTER,0.49710413813591003,0.5016168355941772,0.07133102416992188,0,0
22,LEFT_EAR,0.48147842288017273,0.5001955628395081,0.0818113386631012,0,0
22,RIGHT_EAR,0.4942122995853424,0.5034826397895813,-0.0002849603770300746,0,0
22,MOUTH_LEFT,0.49176183342933655,0.5196011662483215,0.09193862974643707,0,0
22,MOUTH_RIGHT,0.49518832564353943,0.5208545923233032,0.0662471354007721,0,0
22,LEFT_SHOULDER,0.4542475640773773,0.549645185470581,0.12571008503437042,0,0
22,RIGHT_SHOULDER,0.49035200476646423,0.5508196949958801,-0.07804901897907257,0,0
22,LEFT_ELBOW,0.46186506748199463,0.622282862663269,0.15832744538784027,0,0
22,RIGHT_ELBOW,0.49761441349983215,0.6307060122489929,-0.07413169741630554,0,0
22,LEFT_WRIST,0.4890023171901703,0.649244487285614,0.1572456955909729,0,0
22,RIGHT_WRIST,0.5100492238998413,0.6525428295135498,0.007946361787617207,0,0
22,LEFT_PINKY,0.497390478849411,0.6580090522766113,0.1618099808692932,0,0
22,RIGHT_PINKY,0.5145761966705322,0.6631424427032471,0.008394962176680565,0,0
22,LEFT_INDEX,0.5000511407852173,0.6520665884017944,0.1497107595205307,0,0
22,RIGHT_INDEX,0.5162203311920166,0.6567301154136658,0.012275855988264084,0,0
22,LEFT_THUMB,0.49799367785453796,0.6498798131942749,0.15053191781044006,0,0
22,RIGHT_THUMB,0.5134811401367188,0.652883768081665,0.012627946212887764,0,0
22,LEFT_HIP,0.44913142919540405,0.7131689786911011,0.07411856949329376,0,0
22,RIGHT_HIP,0.4749520719051361,0.7194169759750366,-0.0742335170507431,0,0
22,LEFT_KNEE,0.4571547508239746,0.811680793762207,0.15243346989154816,0,0
22,RIGHT_KNEE,0.47789034247398376,0.8353175520896912,-0.09573649615049362,0,0
22,LEFT_ANKLE,0.44194796681404114,0.9134922027587891,0.21359248459339142,0,0
22,RIGHT_ANKLE,0.4496046006679535,0.9425381422042847,-0.11216464638710022,0,0
22,LEFT_HEEL,0.43274688720703125,0.9333767890930176,0.22090467810630798,0,0
22,RIGHT_HEEL,0.43793410062789917,0.9562875032424927,-0.11435066163539886,0,0
22,LEFT_FOOT_INDEX,0.45919933915138245,0.9314361810684204,0.19757485389709473,0,0
22,RIGHT_FOOT_INDEX,0.46959295868873596,0.987121045589447,-0.13942554593086243,0,0
23,NOSE,0.4969957172870636,0.5124840140342712,0.08089339733123779,0,0
23,LEFT_EYE_INNER,0.49422788619995117,0.5012552738189697,0.0834624245762825,0,0
23,LEFT_EYE,0.492860347032547,0.5002075433731079,0.0834561362862587,0,0
23,LEFT_EYE_OUTER,0.4914102852344513,0.4989856779575348,0.08343172818422318,0,0
23,RIGHT_EYE_INNER,0.4965759217739105,0.5022808313369751,0.06269925087690353,0,0
23,RIGHT_EYE,0.4970583915710449,0.5018951892852783,0.06267664581537247,0,0
23,RIGHT_EYE_OUTER,0.49750643968582153,0.5013137459754944,0.06260813772678375,0,0
23,LEFT_EAR,0.4838651120662689,0.4992443025112152,0.08460209518671036,0,0
23,RIGHT_EAR,0.4941946566104889,0.5027990341186523,-0.004916096106171608,0,0
23,MOUTH_LEFT,0.4933640658855438,0.5192956924438477,0.08481408655643463,0,0
23,MOUTH_RIGHT,0.4956965744495392,0.520721435546875,0.05783555656671524,0,0
23,LEFT_SHOULDER,0.45585399866104126,0.5463957190513611,0.12709593772888184,0,0
23,RIGHT_SHOULDER,0.4901752173900604,0.5499069094657898,-0.07932662963867188,0,0
23,LEFT_ELBOW,0.4623568654060364,0.6184555888175964,0.16355152428150177,0,0
23,RIGHT_ELBOW,0.4974919259548187,0.6277174353599548,-0.0743894875049591,0,0
23,LEFT_WRIST,0.48708662390708923,0.646344780921936,0.16627682745456696,0,0
23,RIGHT_WRIST,0.5109795331954956,0.6506010293960571,0.011383116245269775,0,0
23,LEFT_PINKY,0.49629709124565125,0.6542879343032837,0.17215697467327118,0,0
23,RIGHT_PINKY,0.5157110095024109,0.6612167358398438,0.012668419629335403,0,0
23,LEFT_INDEX,0.49981021881103516,0.6484489440917969,0.16066160798072815,0,0
23,RIGHT_INDEX,0.5174166560173035,0.6547385454177856,0.016695862635970116,0,0
23,LEFT_THUMB,0.49762430787086487,0.6466547846794128,0.16010968387126923,0,0
23,RIGHT_THUMB,0.5147074460983276,0.651030957698822,0.016340281814336777,0,0
23,LEFT_HIP,0.4491644501686096,0.7116291522979736,0.0743238776922226,0,0
23,RIGHT_HIP,0.4750400483608246,0.7173978090286255,-0.07445385307073593,0,0
23,LEFT_KNEE,0.45777615904808044,0.8116676211357117,0.15013302862644196,0,0
23,RIGHT_KNEE,0.47921839356422424,0.8327115178108215,-0.09561266750097275,0,0
23,LEFT_ANKLE,0.44227343797683716,0.9151273965835571,0.2027871310710907,0,0
23,RIGHT_ANKLE,0.45005324482917786,0.939863920211792,-0.1085779219865799,0,0
23,LEFT_HEEL,0.43286800384521484,0.934808075428009,0.20818708837032318,0,0
23,RIGHT_HEEL,0.4384346008300781,0.9531253576278687,-0.11024219542741776,0,0
23,LEFT_FOOT_INDEX,0.45930424332618713,0.9327758550643921,0.19347433745861053,0,0
23,RIGHT_FOOT_INDEX,0.46983572840690613,0.9853085875511169,-0.1373494267463684,0,0
24,NOSE,0.4981450140476227,0.5111222863197327,0.0633404403924942,0,0
24,LEFT_EYE_INNER,0.49537697434425354,0.4996304512023926,0.06653548032045364,0,0
24,LEFT_EYE,0.4941597878932953,0.4985726773738861,0.06652405112981796,0,0
24,LEFT_EYE_OUTER,0.4928207993507385,0.49731773138046265,0.0664968341588974,0,0
24,RIGHT_EYE_INNER,0.49720868468284607,0.5004288554191589,0.04551244154572487,0,0
24,RIGHT_EYE,0.49748364090919495,0.4999369978904724,0.04549011215567589,0,0
24,RIGHT_EYE_OUTER,0.49772366881370544,0.4993150532245636,0.04543877765536308,0,0
24,LEFT_EAR,0.4854179918766022,0.49767234921455383,0.07606323063373566,0,0
24,RIGHT_EAR,0.4939735233783722,0.5010735988616943,-0.017954004928469658,0,0
24,MOUTH_LEFT,0.4946446418762207,0.5187094807624817,0.06955095380544662,0,0
24,MOUTH_RIGHT,0.4963337779045105,0.5197928547859192,0.042173225432634354,0,0
24,LEFT_SHOULDER,0.4584210216999054,0.5447349548339844,0.12240445613861084,0,0
24,RIGHT_SHOULDER,0.4889782965183258,0.5484266877174377,-0.08591310679912567,0,0
24,LEFT_ELBOW,0.46631547808647156,0.617460310459137,0.16664449870586395,0,0
24,RIGHT_ELBOW,0.4964430630207062,0.6235184073448181,-0.07717312127351761,0,0
24,LEFT_WRIST,0.4975963532924652,0.6336433291435242,0.1720292717218399,0,0
24,RIGHT_WRIST,0.5130855441093445,0.6406935453414917,0.010688195936381817,0,0
24,LEFT_PINKY,0.5049518346786499,0.6425729393959045,0.17852506041526794,0,0
24,RIGHT_PINKY,0.5184932947158813,0.6491040587425232,0.011418639682233334,0,0
24,LEFT_INDEX,0.5069723725318909,0.6366885900497437,0.16607537865638733,0,0
24,RIGHT_INDEX,0.5190684795379639,0.6410756707191467,0.015552262775599957,0,0
24,LEFT_THUMB,0.5049892663955688,0.634335458278656,0.16567283868789673,0,0
24,RIGHT_THUMB,0.5164088606834412,0.6374321579933167,0.01557767391204834,0,0
24,LEFT_HIP,0.4492548704147339,0.7097794413566589,0.07342860102653503,0,0
24,RIGHT_HIP,0.4752123951911926,0.7142324447631836,-0.07358117401599884,0,0
24,LEFT_KNEE,0.45756641030311584,0.8096853494644165,0.14816930890083313,0,0
24,RIGHT_KNEE,0.4819789528846741,0.8251358866691589,-0.09383497387170792,0,0
24,LEFT_ANKLE,0.4431086778640747,0.915871262550354,0.17139358818531036,0,0
24,RIGHT_ANKLE,0.4505882263183594,0.9319888949394226,-0.08906163275241852,0,0
24,LEFT_HEEL,0.43389981985092163,0.9353938102722168,0.17241384088993073,0,0
24,RIGHT_HEEL,0.43872326612472534,0.9452682137489319,-0.08866384625434875,0,0
24,LEFT_FOOT_INDEX,0.4595928490161896,0.943535566329956,0.15885525941848755,0,0
24,RIGHT_FOOT_INDEX,0.47001591324806213,0.9833245277404785,-0.10937067866325378,0,0
25,NOSE,0.49925678968429565,0.508217453956604,0.03356980159878731,0,0
25,LEFT_EYE_INNER,0.49649399518966675,0.4961378872394562,0.037921685725450516,0,0
25,LEFT_EYE,0.4953714907169342,0.495169460773468,0.03791152313351631,0,0
25,LEFT_EYE_OUTER,0.4941185712814331,0.4939577579498291,0.03787717968225479,0,0
25,RIGHT_EYE_INNER,0.49804356694221497,0.49679791927337646,0.016121461987495422,0,0
25,RIGHT_EYE,0.4981684982776642,0.49633365869522095,0.01612386479973793,0,0
25,RIGHT_EYE_OUTER,0.49821966886520386,0.4957578182220459,0.01610289327800274,0,0
25,LEFT_EAR,0.48699918389320374,0.494016170501709,0.059022676199674606,0,0
25,RIGHT_EAR,0.49397099018096924,0.4974729120731354,-0.03948335349559784,0,0
25,MOUTH_LEFT,0.4956156015396118,0.5164176225662231,0.04429756477475166,0,0
25,MOUTH_RIGHT,0.4970048666000366,0.5166411995887756,0.015572192147374153,0,0
25,LEFT_SHOULDER,0.46345216035842896,0.5408622622489929,0.11817003786563873,0,0
25,RIGHT_SHOULDER,0.4862006604671478,0.5432775616645813,-0.09874226152896881,0,0
25,LEFT_ELBOW,0.4811711013317108,0.6099963784217834,0.18642334640026093,0,0
25,RIGHT_ELBOW,0.4944101870059967,0.6177703142166138,-0.1297033280134201,0,0
25,LEFT_WRIST,0.5173623561859131,0.6047479510307312,0.21849709749221802,0,0
25,RIGHT_WRIST,0.5232049226760864,0.6213629841804504,-0.11028420180082321,0,0
25,LEFT_PINKY,0.5275474786758423,0.6012992858886719,0.22923904657363892,0,0
25,RIGHT_PINKY,0.530620813369751,0.6265483498573303,-0.12360698729753494,0,0
25,LEFT_INDEX,0.5287243723869324,0.5987634062767029,0.2104254513978958,0,0
25,RIGHT_INDEX,0.530810534954071,0.6156241297721863,-0.11726285517215729,0,0
25,LEFT_THUMB,0.525866687297821,0.6001123785972595,0.21090896427631378,0,0
25,RIGHT_THUMB,0.5276198387145996,0.6136234998703003,-0.10664164274930954,0,0
25,LEFT_HIP,0.44990140199661255,0.7032725811004639,0.0723251923918724,0,0
25,RIGHT_HIP,0.47541043162345886,0.7076787948608398,-0.07243005186319351,0,0
25,LEFT_KNEE,0.4563288986682892,0.8023594617843628,0.12315719574689865,0,0
25,RIGHT_KNEE,0.4856386184692383,0.814284086227417,-0.09237757325172424,0,0
25,LEFT_ANKLE,0.44354450702667236,0.9131855964660645,0.1660948097705841,0,0
25,RIGHT_ANKLE,0.453975647687912,0.9242122769355774,-0.06240588426589966,0,0
25,LEFT_HEEL,0.4345855116844177,0.9330002665519714,0.16842599213123322,0,0
25,RIGHT_HEEL,0.44293612241744995,0.939254641532898,-0.05987958982586861,0,0
25,LEFT_FOOT_INDEX,0.4617782235145569,0.9432597756385803,0.15306133031845093,0,0
25,RIGHT_FOOT_INDEX,0.4734238088130951,0.9714678525924683,-0.08036544173955917,0,0
26,NOSE,0.5000597834587097,0.5065844058990479,0.03273005038499832,0,0
26,LEFT_EYE_INNER,0.49737969040870667,0.49450942873954773,0.03740129619836807,0,0
26,LEFT_EYE,0.496284157037735,0.49354982376098633,0.037390727549791336,0,0
26,LEFT_EYE_OUTER,0.4950443208217621,0.49233007431030273,0.037360403686761856,0,0
26,RIGHT_EYE_INNER,0.49883073568344116,0.49510836601257324,0.015370011329650879,0,0
26,RIGHT_EYE,0.498879998922348,0.4946354031562805,0.015372967347502708,0,0
26,RIGHT_EYE_OUTER,0.49881473183631897,0.4940336346626282,0.015355110168457031,0,0
26,LEFT_EAR,0.48796799778938293,0.49170786142349243,0.061009928584098816,0,0
26,RIGHT_EAR,0.49399128556251526,0.4951353371143341,-0.03829940780997276,0,0
26,MOUTH_LEFT,0.4961465001106262,0.5146681666374207,0.044721540063619614,0,0
26,MOUTH_RIGHT,0.49752047657966614,0.5145313739776611,0.015629684552550316,0,0
26,LEFT_SHOULDER,0.46494245529174805,0.5396813154220581,0.11835696548223495,0,0
26,RIGHT_SHOULDER,0.48459187150001526,0.5394155979156494,-0.09606704115867615,0,0
26,LEFT_ELBOW,0.4830193817615509,0.610865592956543,0.1867118924856186,0,0
26,RIGHT_ELBOW,0.4939645826816559,0.6152843832969666,-0.1397063434123993,0,0
26,LEFT_WRIST,0.519883394241333,0.6047016978263855,0.20940807461738586,0,0
26,RIGHT_WRIST,0.5254296064376831,0.615208625793457,-0.13996635377407074,0,0
26,LEFT_PINKY,0.5294259786605835,0.6025172472000122,0.219246968626976,0,0
26,RIGHT_PINKY,0.5327361822128296,0.6197488903999329,-0.15658549964427948,0,0
26,LEFT_INDEX,0.5312551856040955,0.5979818105697632,0.20015306770801544,0,0
26,RIGHT_INDEX,0.532841145992279,0.610033392906189,-0.14708298444747925,0,0
26,LEFT_THUMB,0.5278602242469788,0.5996631979942322,0.20164567232131958,0,0
26,RIGHT_THUMB,0.5296647548675537,0.6071550846099854,-0.13562701642513275,0,0
26,LEFT_HIP,0.45016202330589294,0.7009437680244446,0.07226390391588211,0,0
26,RIGHT_HIP,0.47529181838035583,0.7036911845207214,-0.07235229760408401,0,0
26,LEFT_KNEE,0.45629987120628357,0.8002660870552063,0.12304530292749405,0,0
26,RIGHT_KNEE,0.48720937967300415,0.8109016418457031,-0.08702575415372849,0,0
26,LEFT_ANKLE,0.44386133551597595,0.9108773469924927,0.1635444164276123,0,0
26,RIGHT_ANKLE,0.4554998278617859,0.922221302986145,-0.07088685780763626,0,0
26,LEFT_HEEL,0.4349590539932251,0.9312935471534729,0.16546903550624847,0,0
26,RIGHT_HEEL,0.4448331296443939,0.9366417527198792,-0.06944748759269714,0,0
26,LEFT_FOOT_INDEX,0.46257272362709045,0.9441889524459839,0.14955635368824005,0,0
26,RIGHT_FOOT_INDEX,0.4744124114513397,0.9698116779327393,-0.08944619446992874,0,0
27,NOSE,0.5008523464202881,0.49717214703559875,0.02620818465948105,0,0
27,LEFT_EYE_INNER,0.49825307726860046,0.4847412109375,0.029833726584911346,0,0
27,LEFT_EYE,0.4972430169582367,0.48394736647605896,0.029828781262040138,0,0
27,LEFT_EYE_OUTER,0.4961167871952057,0.48308196663856506,0.029798025265336037,0,0
27,RIGHT_EYE_INNER,0.4995683431625366,0.4854810833930969,0.008252383209764957,0,0
27,RIGHT_EYE,0.49957069754600525,0.48518553376197815,0.00826351810246706,0,0
27,RIGHT_EYE_OUTER,0.4994661211967468,0.48488643765449524,0.008257252164185047,0,0
27,LEFT_EAR,0.48946788907051086,0.4833163321018219,0.051479436457157135,0,0
27,RIGHT_EAR,0.4943920075893402,0.48649129271507263,-0.046473339200019836,0,0
27,MOUTH_LEFT,0.4972400367259979,0.5050742030143738,0.037306953221559525,0,0
27,MOUTH_RIGHT,0.4984639585018158,0.5051642656326294,0.008735730312764645,0,0
27,LEFT_SHOULDER,0.46768954396247864,0.5312238335609436,0.10837487131357193,0,0
27,RIGHT_SHOULDER,0.48357445001602173,0.5335992574691772,-0.10090912878513336,0,0
27,LEFT_ELBOW,0.4831548035144806,0.5979642868041992,0.18275339901447296,0,0
27,RIGHT_ELBOW,0.49180808663368225,0.6075717806816101,-0.15912337601184845,0,0
27,LEFT_WRIST,0.5250694751739502,0.5831782221794128,0.2055208832025528,0,0
27,RIGHT_WRIST,0.5277882814407349,0.594597578048706,-0.18387635052204132,0,0
27,LEFT_PINKY,0.5344487428665161,0.582358181476593,0.2145366370677948,0,0
27,RIGHT_PINKY,0.5365236401557922,0.5979204773902893,-0.20366062223911285,0,0
27,LEFT_INDEX,0.5351881384849548,0.5795948505401611,0.19579832255840302,0,0
27,RIGHT_INDEX,0.5358521342277527,0.5922486186027527,-0.19685199856758118,0,0
27,LEFT_THUMB,0.5322967171669006,0.5800995826721191,0.19803644716739655,0,0
27,RIGHT_THUMB,0.5323706269264221,0.5891565680503845,-0.18104657530784607,0,0
27,LEFT_HIP,0.45134082436561584,0.6908205151557922,0.07175629585981369,0,0
27,RIGHT_HIP,0.4752977788448334,0.6946683526039124,-0.07188308238983154,0,0
27,LEFT_KNEE,0.45633751153945923,0.7899750471115112,0.12044204026460648,0,0
27,RIGHT_KNEE,0.486809641122818,0.8006582856178284,-0.0669802650809288,0,0
27,LEFT_ANKLE,0.44402414560317993,0.901089608669281,0.16965146362781525,0,0
27,RIGHT_ANKLE,0.46479013562202454,0.9189825057983398,-0.04708888381719589,0,0
27,LEFT_HEEL,0.4354221522808075,0.9233104586601257,0.17218877375125885,0,0
27,RIGHT_HEEL,0.4547412097454071,0.9355735182762146,-0.04559677466750145,0,0
27,LEFT_FOOT_INDEX,0.46583718061447144,0.923043429851532,0.15889373421669006,0,0
27,RIGHT_FOOT_INDEX,0.4874051809310913,0.9535402655601501,-0.07154276221990585,0,0
28,NOSE,0.501040518283844,0.49115997552871704,0.027752874419093132,0,0
28,LEFT_EYE_INNER,0.49833032488822937,0.47945743799209595,0.03170597925782204,0,0
28,LEFT_EYE,0.49723610281944275,0.47862815856933594,0.03169279918074608,0,0
28,LEFT_EYE_OUTER,0.4960649907588959,0.4777984619140625,0.03165750205516815,0,0
28,RIGHT_EYE_INNER,0.49989259243011475,0.48050278425216675,0.010272405110299587,0,0
28,RIGHT_EYE,0.4999895393848419,0.48038148880004883,0.010275512933731079,0,0
28,RIGHT_EYE_OUTER,0.4999837875366211,0.4802270829677582,0.010254324413836002,0,0
28,LEFT_EAR,0.48976150155067444,0.4782911539077759,0.0539313443005085,0,0
28,RIGHT_EAR,0.4951595067977905,0.4815802574157715,-0.043044839054346085,0,0
28,MOUTH_LEFT,0.49747925996780396,0.49857670068740845,0.03910926356911659,0,0
28,MOUTH_RIGHT,0.4990110993385315,0.49902841448783875,0.01072875875979662,0,0
28,LEFT_SHOULDER,0.469984233379364,0.5264005064964294,0.10884661227464676,0,0
28,RIGHT_SHOULDER,0.48384565114974976,0.529045045375824,-0.09787067025899887,0,0
28,LEFT_ELBOW,0.4843776822090149,0.5939329266548157,0.1805916577577591,0,0
28,RIGHT_ELBOW,0.4900808334350586,0.6018704771995544,-0.16870780289173126,0,0
28,LEFT_WRIST,0.5251123309135437,0.581165611743927,0.20110037922859192,0,0
28,RIGHT_WRIST,0.5269388556480408,0.5870153307914734,-0.21804256737232208,0,0
28,LEFT_PINKY,0.5342200398445129,0.579373300075531,0.20984449982643127,0,0
28,RIGHT_PINKY,0.5371397137641907,0.5877681970596313,-0.24163714051246643,0,0
28,LEFT_INDEX,0.5351132750511169,0.5749505162239075,0.19101788103580475,0,0
28,RIGHT_INDEX,0.536591112613678,0.5818091630935669,-0.23160195350646973,0,0
28,LEFT_THUMB,0.5323125123977661,0.5756818652153015,0.19354896247386932,0,0
28,RIGHT_THUMB,0.5326527953147888,0.5801189541816711,-0.2147694230079651,0,0
28,LEFT_HIP,0.4541069269180298,0.6851279139518738,0.07127879559993744,0,0
28,RIGHT_HIP,0.47533613443374634,0.6887158155441284,-0.07140030711889267,0,0
28,LEFT_KNEE,0.4576098620891571,0.7865411043167114,0.11871758848428726,0,0
28,RIGHT_KNEE,0.4865126609802246,0.7937873005867004,-0.07082033902406693,0,0
28,LEFT_ANKLE,0.44389158487319946,0.8925791382789612,0.17048518359661102,0,0
28,RIGHT_ANKLE,0.4715222716331482,0.9181500673294067,-0.06356587260961533,0,0
28,LEFT_HEEL,0.43548089265823364,0.9115054607391357,0.17335055768489838,0,0
28,RIGHT_HEEL,0.4619375169277191,0.9361757040023804,-0.0630275160074234,0,0
28,LEFT_FOOT_INDEX,0.4656839072704315,0.9138004183769226,0.15763996541500092,0,0
28,RIGHT_FOOT_INDEX,0.495800644159317,0.9393929839134216,-0.08715347200632095,0,0
29,NOSE,0.5038014054298401,0.4891745150089264,0.017069082707166672,0,0
29,LEFT_EYE_INNER,0.5005581378936768,0.4773683249950409,0.019892210140824318,0,0
29,LEFT_EYE,0.4994903802871704,0.47660475969314575,0.019877206534147263,0,0
29,LEFT_EYE_OUTER,0.4983811676502228,0.47593486309051514,0.01984976977109909,0,0
29,RIGHT_EYE_INNER,0.5018869638442993,0.4787069857120514,-0.0009056846029125154,0,0
29,RIGHT_EYE,0.5018589496612549,0.4787844717502594,-0.000909519731067121,0,0
29,RIGHT_EYE_OUTER,0.5017281174659729,0.47884103655815125,-0.0009334912174381316,0,0
29,LEFT_EAR,0.4923325479030609,0.4778556525707245,0.040221501141786575,0,0
29,RIGHT_EAR,0.4970366060733795,0.48074138164520264,-0.0542248971760273,0,0
29,MOUTH_LEFT,0.5005351305007935,0.4972855746746063,0.027895580977201462,0,0
29,MOUTH_RIGHT,0.5016325116157532,0.4976213276386261,0.00030552150565199554,0,0
29,LEFT_SHOULDER,0.4711265563964844,0.5241248607635498,0.09645558148622513,0,0
29,RIGHT_SHOULDER,0.48480409383773804,0.5275775194168091,-0.10566569864749908,0,0
29,LEFT_ELBOW,0.4831756055355072,0.5918276906013489,0.17637251317501068,0,0
29,RIGHT_ELBOW,0.49058443307876587,0.5972245931625366,-0.1795617640018463,0,0
29,LEFT_WRIST,0.5226313471794128,0.5800564289093018,0.20601485669612885,0,0
29,RIGHT_WRIST,0.529471218585968,0.5819247961044312,-0.22808460891246796,0,0
29,LEFT_PINKY,0.5329551100730896,0.5809034109115601,0.217098668217659,0,0
29,RIGHT_PINKY,0.5397036075592041,0.5824407935142517,-0.2509642541408539,0,0
29,LEFT_INDEX,0.5348333716392517,0.5770474076271057,0.19737741351127625,0,0
29,RIGHT_INDEX,0.5394108891487122,0.5769187808036804,-0.24127453565597534,0,0
29,LEFT_THUMB,0.5313358902931213,0.5766624212265015,0.19849157333374023,0,0
29,RIGHT_THUMB,0.5355144143104553,0.5756937265396118,-0.22492769360542297,0,0
29,LEFT_HIP,0.45605263113975525,0.6850871443748474,0.07101016491651535,0,0
29,RIGHT_HIP,0.4756864905357361,0.6904923319816589,-0.07106312364339828,0,0
29,LEFT_KNEE,0.4623871445655823,0.7869347333908081,0.1335817277431488,0,0
29,RIGHT_KNEE,0.48645538091659546,0.795032799243927,-0.06312727928161621,0,0
29,LEFT_ANKLE,0.443992018699646,0.8834887742996216,0.20455557107925415,0,0
29,RIGHT_ANKLE,0.4750210642814636,0.9169748425483704,-0.049894776195287704,0,0
29,LEFT_HEEL,0.435673326253891,0.9000541567802429,0.20954851806163788,0,0
29,RIGHT_HEEL,0.46627071499824524,0.9373752474784851,-0.04951854795217514,0,0
29,LEFT_FOOT_INDEX,0.46617329120635986,0.9106085896492004,0.19336694478988647,0,0
29,RIGHT_FOOT_INDEX,0.5020080208778381,0.9316076636314392,-0.08030910044908524,0,0
30,NOSE,0.506511390209198,0.49083003401756287,0.009003124199807644,0,0
30,LEFT_EYE_INNER,0.5033462047576904,0.47909244894981384,0.014169951900839806,0,0
30,LEFT_EYE,0.5023233890533447,0.47825887799263,0.014157800935208797,0,0
30,LEFT_EYE_OUTER,0.5011509656906128,0.4774760603904724,0.014135690405964851,0,0
30,RIGHT_EYE_INNER,0.5042857527732849,0.48024025559425354,-0.0069061508402228355,0,0
30,RIGHT_EYE,0.5040909051895142,0.4801841378211975,-0.006906028371304274,0,0
30,RIGHT_EYE_OUTER,0.5038003325462341,0.48010343313217163,-0.006917088758200407,0,0
30,LEFT_EAR,0.4944817125797272,0.4792001247406006,0.04330690950155258,0,0
30,RIGHT_EAR,0.49881941080093384,0.4818306863307953,-0.052319712936878204,0,0
30,MOUTH_LEFT,0.5031884908676147,0.4987422227859497,0.022981587797403336,0,0
30,MOUTH_RIGHT,0.503966748714447,0.4988939166069031,-0.005045663099735975,0,0
30,LEFT_SHOULDER,0.47332775592803955,0.5251622796058655,0.10022786259651184,0,0
30,RIGHT_SHOULDER,0.4853733479976654,0.527514636516571,-0.10080043971538544,0,0
30,LEFT_ELBOW,0.48389771580696106,0.5924553275108337,0.18284401297569275,0,0
30,RIGHT_ELBOW,0.4908909499645233,0.5945428013801575,-0.17736342549324036,0,0
30,LEFT_WRIST,0.5236788392066956,0.5825430750846863,0.21808521449565887,0,0
30,RIGHT_WRIST,0.5319519639015198,0.5812492370605469,-0.23245666921138763,0,0
30,LEFT_PINKY,0.5334831476211548,0.583920955657959,0.2304428517818451,0,0
30,RIGHT_PINKY,0.5415741801261902,0.5830537676811218,-0.2564758360385895,0,0
30,LEFT_INDEX,0.5356095433235168,0.5803458094596863,0.2099010944366455,0,0
30,RIGHT_INDEX,0.5425323843955994,0.5775492787361145,-0.24505284428596497,0,0
30,LEFT_THUMB,0.5320879220962524,0.5800058245658875,0.2106684148311615,0,0
30,RIGHT_THUMB,0.5390929579734802,0.5761677026748657,-0.22869324684143066,0,0
30,LEFT_HIP,0.4588403105735779,0.6851197481155396,0.07056239247322083,0,0
30,RIGHT_HIP,0.4761478006839752,0.6905879378318787,-0.0705651342868805,0,0
30,LEFT_KNEE,0.4683176875114441,0.7850280404090881,0.13513287901878357,0,0
30,RIGHT_KNEE,0.48759618401527405,0.7968629598617554,-0.075489841401577,0,0
30,LEFT_ANKLE,0.4438484013080597,0.8714627027511597,0.19472117722034454,0,0
30,RIGHT_ANKLE,0.47678452730178833,0.9154581427574158,-0.07900740951299667,0,0
30,LEFT_HEEL,0.43442052602767944,0.8828141689300537,0.19854572415351868,0,0
30,RIGHT_HEEL,0.4677012264728546,0.9373564124107361,-0.08047199249267578,0,0
30,LEFT_FOOT_INDEX,0.4628034234046936,0.9075403809547424,0.18465431034564972,0,0
30,RIGHT_FOOT_INDEX,0.5040155053138733,0.9339662194252014,-0.11182844638824463,0,0
31,NOSE,0.5082083940505981,0.4922284781932831,0.010820538736879826,0,0
31,LEFT_EYE_INNER,0.5046452879905701,0.48030486702919006,0.015271786600351334,0,0
31,LEFT_EYE,0.5035973191261292,0.47941726446151733,0.015260015614330769,0,0
31,LEFT_EYE_OUTER,0.5023990869522095,0.4786076843738556,0.015236970037221909,0,0
31,RIGHT_EYE_INNER,0.5055413842201233,0.4815900921821594,-0.005506196990609169,0,0
31,RIGHT_EYE,0.5052775144577026,0.48155874013900757,-0.005507073365151882,0,0
31,RIGHT_EYE_OUTER,0.5049277544021606,0.48148900270462036,-0.005519831087440252,0,0
31,LEFT_EAR,0.49537861347198486,0.4798984229564667,0.04212930053472519,0,0
31,RIGHT_EAR,0.49972546100616455,0.4831089675426483,-0.05266641825437546,0,0
31,MOUTH_LEFT,0.5048684477806091,0.49986493587493896,0.02385147660970688,0,0
31,MOUTH_RIGHT,0.5055620074272156,0.5003753304481506,-0.003882625373080373,0,0
31,LEFT_SHOULDER,0.4742574393749237,0.5269953012466431,0.09908095747232437,0,0
31,RIGHT_SHOULDER,0.4855014979839325,0.528718113899231,-0.10039526969194412,0,0
31,LEFT_ELBOW,0.4837285876274109,0.5913867950439453,0.18597769737243652,0,0
31,RIGHT_ELBOW,0.49141696095466614,0.5948317646980286,-0.1748369038105011,0,0
31,LEFT_WRIST,0.5245731472969055,0.5799718499183655,0.22900988161563873,0,0
31,RIGHT_WRIST,0.5321115255355835,0.5837496519088745,-0.22520504891872406,0,0
31,LEFT_PINKY,0.5368722677230835,0.5792713165283203,0.2418920248746872,0,0
31,RIGHT_PINKY,0.5430858731269836,0.5854824185371399,-0.24819570779800415,0,0
31,LEFT_INDEX,0.5381473302841187,0.5769385099411011,0.22233714163303375,0,0
31,RIGHT_INDEX,0.544732391834259,0.5792014598846436,-0.23870356380939484,0,0
31,LEFT_THUMB,0.5343544483184814,0.5773839354515076,0.22218944132328033,0,0
31,RIGHT_THUMB,0.5408605933189392,0.5775805711746216,-0.222036212682724,0,0
31,LEFT_HIP,0.46053117513656616,0.6867583394050598,0.07038602977991104,0,0
31,RIGHT_HIP,0.4778352379798889,0.6926155090332031,-0.07040010392665863,0,0
31,LEFT_KNEE,0.4727483093738556,0.7822325229644775,0.15010815858840942,0,0
31,RIGHT_KNEE,0.4923018515110016,0.7996851205825806,-0.08117339760065079,0,0
31,LEFT_ANKLE,0.44390788674354553,0.8614229559898376,0.21446457505226135,0,0
31,RIGHT_ANKLE,0.47698813676834106,0.9155237674713135,-0.08603969216346741,0,0
31,LEFT_HEEL,0.43370869755744934,0.8715270757675171,0.21932481229305267,0,0
31,RIGHT_HEEL,0.46746817231178284,0.937991201877594,-0.0872008427977562,0,0
31,LEFT_FOOT_INDEX,0.46125978231430054,0.8993873596191406,0.20922571420669556,0,0
31,RIGHT_FOOT_INDEX,0.5046965479850769,0.9334443807601929,-0.1174607202410698,0,0
32,NOSE,0.508457601070404,0.4941529333591461,0.020975228399038315,0,0
32,LEFT_EYE_INNER,0.5047890543937683,0.483486145734787,0.024664562195539474,0,0
32,LEFT_EYE,0.5036223530769348,0.4827136695384979,0.024652475491166115,0,0
32,LEFT_EYE_OUTER,0.5024029016494751,0.48199281096458435,0.024631883949041367,0,0
32,RIGHT_EYE_INNER,0.5060627460479736,0.48438629508018494,0.0038536754436790943,0,0
32,RIGHT_EYE,0.5059230327606201,0.4842458665370941,0.0038481929805129766,0,0
32,RIGHT_EYE_OUTER,0.5057076215744019,0.48402664065361023,0.003829099703580141,0,0
32,LEFT_EAR,0.49570122361183167,0.4837667942047119,0.04738320782780647,0,0
32,RIGHT_EAR,0.500813364982605,0.4857909083366394,-0.04701467230916023,0,0
32,MOUTH_LEFT,0.5051713585853577,0.5020159482955933,0.032585807144641876,0,0
32,MOUTH_RIGHT,0.5061332583427429,0.5025554299354553,0.004889140371233225,0,0
32,LEFT_SHOULDER,0.4750289022922516,0.5300643444061279,0.10096070915460587,0,0
32,RIGHT_SHOULDER,0.48701801896095276,0.5293688774108887,-0.09751474857330322,0,0
32,LEFT_ELBOW,0.48449328541755676,0.5938833355903625,0.1871512532234192,0,0
32,RIGHT_ELBOW,0.49152058362960815,0.5977362990379333,-0.16141818463802338,0,0
32,LEFT_WRIST,0.5269883871078491,0.5821081399917603,0.22305315732955933,0,0
32,RIGHT_WRIST,0.534525990486145,0.5899268388748169,-0.19745275378227234,0,0
32,LEFT_PINKY,0.5384847521781921,0.5795757174491882,0.23362721502780914,0,0
32,RIGHT_PINKY,0.5452804565429688,0.5908297300338745,-0.21875447034835815,0,0
32,LEFT_INDEX,0.5401841998100281,0.575695276260376,0.2147090882062912,0,0
32,RIGHT_INDEX,0.5463982224464417,0.5827081799507141,-0.21088933944702148,0,0
32,LEFT_THUMB,0.5362494587898254,0.5774344205856323,0.2160797268152237,0,0
32,RIGHT_THUMB,0.5425577163696289,0.581873893737793,-0.19453726708889008,0,0
32,LEFT_HIP,0.46203380823135376,0.6880931258201599,0.07023933529853821,0,0
32,RIGHT_HIP,0.47972172498703003,0.6937844157218933,-0.07025548815727234,0,0
32,LEFT_KNEE,0.47730836272239685,0.7784004807472229,0.15065409243106842,0,0
32,RIGHT_KNEE,0.49671629071235657,0.7998029589653015,-0.08572099357843399,0,0
32,LEFT_ANKLE,0.444852352142334,0.856362521648407,0.21771077811717987,0,0
32,RIGHT_ANKLE,0.47711265087127686,0.9151695966720581,-0.09116845577955246,0,0
32,LEFT_HEEL,0.43427279591560364,0.8687095642089844,0.22312553226947784,0,0
32,RIGHT_HEEL,0.46675121784210205,0.9376433491706848,-0.09243429452180862,0,0
32,LEFT_FOOT_INDEX,0.46129071712493896,0.8857381343841553,0.2150183469057083,0,0
32,RIGHT_FOOT_INDEX,0.5045408606529236,0.9334542155265808,-0.12343936413526535,0,0
33,NOSE,0.5091750025749207,0.49997225403785706,0.02735878899693489,0,0
33,LEFT_EYE_INNER,0.5056902170181274,0.4897487461566925,0.030331555753946304,0,0
33,LEFT_EYE,0.5044270157814026,0.48876550793647766,0.03032064065337181,0,0
33,LEFT_EYE_OUTER,0.503184974193573,0.4878099262714386,0.03029789961874485,0,0
33,RIGHT_EYE_INNER,0.5071067810058594,0.49059969186782837,0.01002020575106144,0,0
33,RIGHT_EYE,0.5070038437843323,0.49031180143356323,0.010014310479164124,0,0
33,RIGHT_EYE_OUTER,0.5068609714508057,0.48997780680656433,0.009990599937736988,0,0
33,LEFT_EAR,0.4966605603694916,0.4890897870063782,0.04771232232451439,0,0
33,RIGHT_EAR,0.5021275281906128,0.49138143658638,-0.04308609664440155,0,0
33,MOUTH_LEFT,0.5058597326278687,0.5071972012519836,0.03756657987833023,0,0
33,MOUTH_RIGHT,0.5069221258163452,0.508004903793335,0.010458825156092644,0,0
33,LEFT_SHOULDER,0.4760104715824127,0.5357161164283752,0.10054869204759598,0,0
33,RIGHT_SHOULDER,0.48974472284317017,0.5358049273490906,-0.09589143097400665,0,0
33,LEFT_ELBOW,0.48456189036369324,0.5952674746513367,0.1839095652103424,0,0
33,RIGHT_ELBOW,0.49475401639938354,0.5996545553207397,-0.1602579653263092,0,0
33,LEFT_WRIST,0.5269439220428467,0.5845159292221069,0.2228650003671646,0,0
33,RIGHT_WRIST,0.5356371998786926,0.5937811136245728,-0.2113342434167862,0,0
33,LEFT_PINKY,0.539493203163147,0.5844103693962097,0.23457351326942444,0,0
33,RIGHT_PINKY,0.5463272929191589,0.5957893133163452,-0.23385728895664215,0,0
33,LEFT_INDEX,0.5431541204452515,0.5798115730285645,0.2160281538963318,0,0
33,RIGHT_INDEX,0.5475360751152039,0.5876157283782959,-0.2249009609222412,0,0
33,LEFT_THUMB,0.5352323055267334,0.5793837904930115,0.21637748181819916,0,0
33,RIGHT_THUMB,0.5434707999229431,0.5861763954162598,-0.20839908719062805,0,0
33,LEFT_HIP,0.4631314277648926,0.6886768341064453,0.0702100470662117,0,0
33,RIGHT_HIP,0.48155122995376587,0.6940520405769348,-0.07020377367734909,0,0
33,LEFT_KNEE,0.4794267416000366,0.776287317276001,0.15844088792800903,0,0
33,RIGHT_KNEE,0.500828742980957,0.798311173915863,-0.1021394431591034,0,0
33,LEFT_ANKLE,0.4481072425842285,0.8540684580802917,0.24145753681659698,0,0
33,RIGHT_ANKLE,0.47732216119766235,0.9145057797431946,-0.11377362906932831,0,0
33,LEFT_HEEL,0.43804609775543213,0.8683003783226013,0.24823443591594696,0,0
33,RIGHT_HEEL,0.46655112504959106,0.9366782307624817,-0.11575420945882797,0,0
33,LEFT_FOOT_INDEX,0.4662388563156128,0.8784916400909424,0.24171583354473114,0,0
33,RIGHT_FOOT_INDEX,0.5046067237854004,0.9322101473808289,-0.14772729575634003,0,0
34,NOSE,0.510365903377533,0.5033252835273743,0.029466846957802773,0,0
34,LEFT_EYE_INNER,0.5066659450531006,0.49359554052352905,0.030514445155858994,0,0
34,LEFT_EYE,0.5053243637084961,0.4926775395870209,0.030503476038575172,0,0
34,LEFT_EYE_OUTER,0.5040026307106018,0.4917650520801544,0.030487531796097755,0,0
34,RIGHT_EYE_INNER,0.5081079602241516,0.4943690598011017,0.011563883163034916,0,0
34,RIGHT_EYE,0.5079962611198425,0.49412140250205994,0.011553370393812656,0,0
34,RIGHT_EYE_OUTER,0.5078626871109009,0.49384284019470215,0.01153392530977726,0,0
34,LEFT_EAR,0.4976111948490143,0.4937852621078491,0.04075517877936363,0,0
34,RIGHT_EAR,0.5032641291618347,0.49599796533584595,-0.04357388988137245,0,0
34,MOUTH_LEFT,0.5072252154350281,0.5110854506492615,0.03770528733730316,0,0
34,MOUTH_RIGHT,0.5083562135696411,0.5116425156593323,0.012221097946166992,0,0
34,LEFT_SHOULDER,0.4779588282108307,0.5413340926170349,0.09263959527015686,0,0
34,RIGHT_SHOULDER,0.492657333612442,0.5458803176879883,-0.09503412991762161,0,0
34,LEFT_ELBOW,0.48768001794815063,0.595686137676239,0.1712474822998047,0,0
34,RIGHT_ELBOW,0.4966072142124176,0.6058867573738098,-0.15466664731502533,0,0
34,LEFT_WRIST,0.5294146537780762,0.5871310830116272,0.20135892927646637,0,0
34,RIGHT_WRIST,0.5360840559005737,0.598706841468811,-0.19268172979354858,0,0
34,LEFT_PINKY,0.5392804741859436,0.5859996676445007,0.21016769111156464,0,0
34,RIGHT_PINKY,0.5461107492446899,0.6031913757324219,-0.2129172533750534,0,0
34,LEFT_INDEX,0.5414934158325195,0.581940233707428,0.19193856418132782,0,0
34,RIGHT_INDEX,0.5481329560279846,0.5923117399215698,-0.20528720319271088,0,0
34,LEFT_THUMB,0.5373151302337646,0.5822798013687134,0.19505268335342407,0,0
34,RIGHT_THUMB,0.5443872809410095,0.5897738933563232,-0.189761683344841,0,0
34,LEFT_HIP,0.46415719389915466,0.689590573310852,0.07006672769784927,0,0
34,RIGHT_HIP,0.4827517569065094,0.6987118721008301,-0.07005655020475388,0,0
34,LEFT_KNEE,0.47941768169403076,0.7753198742866516,0.17665348947048187,0,0
34,RIGHT_KNEE,0.5033016204833984,0.798915445804596,-0.10090707987546921,0,0
34,LEFT_ANKLE,0.45233848690986633,0.8569365739822388,0.27361664175987244,0,0
34,RIGHT_ANKLE,0.4778831899166107,0.9133066534996033,-0.11427924782037735,0,0
34,LEFT_HEEL,0.4440602660179138,0.8720242381095886,0.28172582387924194,0,0
34,RIGHT_HEEL,0.4669521749019623,0.9351222515106201,-0.11665938049554825,0,0
34,LEFT_FOOT_INDEX,0.47346019744873047,0.8761592507362366,0.27678167819976807,0,0
34,RIGHT_FOOT_INDEX,0.5043268203735352,0.9307267069816589,-0.15062636137008667,0,0
35,NOSE,0.5117471814155579,0.507797360420227,0.014148691669106483,0,0
35,LEFT_EYE_INNER,0.50807785987854,0.4973964989185333,0.01602133736014366,0,0
35,LEFT_EYE,0.5067142248153687,0.4963556230068207,0.016013337299227715,0,0
35,LEFT_EYE_OUTER,0.5053152441978455,0.49527716636657715,0.01600654609501362,0,0
35,RIGHT_EYE_INNER,0.5095065832138062,0.49808672070503235,-0.0034572219010442495,0,0
35,RIGHT_EYE,0.5094006657600403,0.4976975619792938,-0.003466244088485837,0,0
35,RIGHT_EYE_OUTER,0.5092818737030029,0.49730801582336426,-0.0034780779387801886,0,0
35,LEFT_EAR,0.49893200397491455,0.4964454472064972,0.032966651022434235,0,0
35,RIGHT_EAR,0.5046883821487427,0.49941322207450867,-0.05601577088236809,0,0
35,MOUTH_LEFT,0.5086638927459717,0.5150508284568787,0.024052059277892113,0,0
35,MOUTH_RIGHT,0.5096776485443115,0.5153282284736633,-0.0021191388368606567,0,0
35,LEFT_SHOULDER,0.4798247218132019,0.5434812903404236,0.08847815543413162,0,0
35,RIGHT_SHOULDER,0.49444663524627686,0.5495491623878479,-0.10179038345813751,0,0
35,LEFT_ELBOW,0.48950251936912537,0.5970650315284729,0.17000459134578705,0,0
35,RIGHT_ELBOW,0.49677562713623047,0.611645519733429,-0.15904784202575684,0,0
35,LEFT_WRIST,0.5297951102256775,0.5884204506874084,0.1994801163673401,0,0
35,RIGHT_WRIST,0.5359663367271423,0.6119351387023926,-0.1928200125694275,0,0
35,LEFT_PINKY,0.5391564965248108,0.5865615010261536,0.20814357697963715,0,0
35,RIGHT_PINKY,0.5463979840278625,0.6177282333374023,-0.21368342638015747,0,0
35,LEFT_INDEX,0.5414057374000549,0.5831387639045715,0.1891474723815918,0,0
35,RIGHT_INDEX,0.5485662221908569,0.6080371737480164,-0.20680327713489532,0,0
35,LEFT_THUMB,0.5380212068557739,0.5838913917541504,0.1926618367433548,0,0
35,RIGHT_THUMB,0.5449773073196411,0.6046162843704224,-0.19005323946475983,0,0
35,LEFT_HIP,0.46651026606559753,0.6914221048355103,0.07002357393503189,0,0
35,RIGHT_HIP,0.48391953110694885,0.7039771676063538,-0.07001972198486328,0,0
35,LEFT_KNEE,0.47954046726226807,0.7755069136619568,0.1943000853061676,0,0
35,RIGHT_KNEE,0.5040233135223389,0.7986094355583191,-0.09615892916917801,0,0
35,LEFT_ANKLE,0.45940282940864563,0.8588806986808777,0.3089158833026886,0,0
35,RIGHT_ANKLE,0.4780269265174866,0.9107670783996582,-0.10254023969173431,0,0
35,LEFT_HEEL,0.45230379700660706,0.8749372363090515,0.3187384605407715,0,0
35,RIGHT_HEEL,0.46715524792671204,0.9326434135437012,-0.10673214495182037,0,0
35,LEFT_FOOT_INDEX,0.47906190156936646,0.8711388111114502,0.31494030356407166,0,0
35,RIGHT_FOOT_INDEX,0.5043646097183228,0.9304820895195007,-0.13645905256271362,0,0
36,NOSE,0.5132767558097839,0.5100674033164978,0.010052027180790901,0,0
36,LEFT_EYE_INNER,0.5099705457687378,0.4996640682220459,0.012804214842617512,0,0
36,LEFT_EYE,0.5086790323257446,0.4987480938434601,0.012797625735402107,0,0
36,LEFT_EYE_OUTER,0.5073055624961853,0.49775034189224243,0.012792420573532581,0,0
36,RIGHT_EYE_INNER,0.5114391446113586,0.5002172589302063,-0.007185670547187328,0,0
36,RIGHT_EYE,0.5113932490348816,0.49985313415527344,-0.007194907870143652,0,0
36,RIGHT_EYE_OUTER,0.5113019943237305,0.49950918555259705,-0.007217563223093748,0,0
36,LEFT_EAR,0.5011841654777527,0.49878668785095215,0.032660674303770065,0,0
36,RIGHT_EAR,0.5066813826560974,0.5022183060646057,-0.05848758667707443,0,0
36,MOUTH_LEFT,0.5101349949836731,0.5174838304519653,0.020876241847872734,0,0
36,MOUTH_RIGHT,0.5111590027809143,0.5176299810409546,-0.005865424871444702,0,0
36,LEFT_SHOULDER,0.4821276366710663,0.5448307394981384,0.09106596559286118,0,0
36,RIGHT_SHOULDER,0.4966900050640106,0.5527094006538391,-0.10595238953828812,0,0
36,LEFT_ELBOW,0.4900262653827667,0.5975373983383179,0.1764259785413742,0,0
36,RIGHT_ELBOW,0.49688881635665894,0.6175450086593628,-0.15567775070667267,0,0
36,LEFT_WRIST,0.5275775194168091,0.5888510942459106,0.21494214236736298,0,0
36,RIGHT_WRIST,0.5358370542526245,0.6266695857048035,-0.18752837181091309,0,0
36,LEFT_PINKY,0.5369647145271301,0.5853336453437805,0.22602958977222443,0,0
36,RIGHT_PINKY,0.5464497804641724,0.6336814761161804,-0.20703579485416412,0,0
36,LEFT_INDEX,0.539210855960846,0.5829735398292542,0.20687225461006165,0,0
36,RIGHT_INDEX,0.5487176775932312,0.6240822672843933,-0.20169593393802643,0,0
36,LEFT_THUMB,0.5359394550323486,0.5846624374389648,0.20811937749385834,0,0
36,RIGHT_THUMB,0.545377790927887,0.6207839250564575,-0.18679209053516388,0,0
36,LEFT_HIP,0.46738991141319275,0.6922277808189392,0.07100500166416168,0,0
36,RIGHT_HIP,0.4844571053981781,0.7060530185699463,-0.0710425153374672,0,0
36,LEFT_KNEE,0.4810904562473297,0.7752856016159058,0.20935507118701935,0,0
36,RIGHT_KNEE,0.5029758810997009,0.7986814975738525,-0.07411707937717438,0,0
36,LEFT_ANKLE,0.4668978154659271,0.8580037355422974,0.3396226167678833,0,0
36,RIGHT_ANKLE,0.47805196046829224,0.9096938371658325,-0.07120168954133987,0,0
36,LEFT_HEEL,0.4600156843662262,0.8748800754547119,0.35101547837257385,0,0
36,RIGHT_HEEL,0.4673823118209839,0.9321444630622864,-0.07288522273302078,0,0
36,LEFT_FOOT_INDEX,0.4854874312877655,0.8683457970619202,0.3479514718055725,0,0
36,RIGHT_FOOT_INDEX,0.5047021508216858,0.9298117756843567,-0.11094905436038971,0,0
37,NOSE,0.5142646431922913,0.5108998417854309,0.008766734972596169,0,0
37,LEFT_EYE_INNER,0.5110971331596375,0.5005353093147278,0.011887839995324612,0,0
37,LEFT_EYE,0.5098855495452881,0.4996500015258789,0.011881252750754356,0,0
37,LEFT_EYE_OUTER,0.508606493473053,0.49867796897888184,0.011874249204993248,0,0
37,RIGHT_EYE_INNER,0.5123979449272156,0.5011544227600098,-0.007996381260454655,0,0
37,RIGHT_EYE,0.5122691988945007,0.5008325576782227,-0.008000437170267105,0,0
37,RIGHT_EYE_OUTER,0.5120967626571655,0.5005393624305725,-0.008018681779503822,0,0
37,LEFT_EAR,0.5022873878479004,0.4998471736907959,0.03284280747175217,0,0
37,RIGHT_EAR,0.5073888301849365,0.5031920671463013,-0.058112479746341705,0,0
37,MOUTH_LEFT,0.5112560987472534,0.5184915661811829,0.019899483770132065,0,0
37,MOUTH_RIGHT,0.5121638774871826,0.5186688303947449,-0.006747452076524496,0,0
37,LEFT_SHOULDER,0.4822607934474945,0.5449609160423279,0.09040078520774841,0,0
37,RIGHT_SHOULDER,0.4978450536727905,0.5523474216461182,-0.10499754548072815,0,0
37,LEFT_ELBOW,0.48924005031585693,0.5978399515151978,0.17659442126750946,0,0
37,RIGHT_ELBOW,0.496783047914505,0.6186081767082214,-0.15533672273159027,0,0
37,LEFT_WRIST,0.5266953110694885,0.589538037776947,0.21334706246852875,0,0
37,RIGHT_WRIST,0.5352195501327515,0.6300509572029114,-0.18267352879047394,0,0
37,LEFT_PINKY,0.5362259745597839,0.5840197801589966,0.2238396555185318,0,0
37,RIGHT_PINKY,0.5456064939498901,0.6375340223312378,-0.20163138210773468,0,0
37,LEFT_INDEX,0.5384721755981445,0.5824449062347412,0.20500223338603973,0,0
37,RIGHT_INDEX,0.5479955077171326,0.6284686923027039,-0.1960635483264923,0,0
37,LEFT_THUMB,0.5352605581283569,0.5853861570358276,0.20654021203517914,0,0
37,RIGHT_THUMB,0.544688880443573,0.6249812841415405,-0.18055257201194763,0,0
37,LEFT_HIP,0.46756044030189514,0.6928902268409729,0.07111192494630814,0,0
37,RIGHT_HIP,0.48515453934669495,0.7063575983047485,-0.07116162776947021,0,0
37,LEFT_KNEE,0.4812593460083008,0.7754225134849548,0.20785148441791534,0,0
37,RIGHT_KNEE,0.502747654914856,0.7992678284645081,-0.07403481006622314,0,0
37,LEFT_ANKLE,0.46867620944976807,0.8578537106513977,0.33527860045433044,0,0
37,RIGHT_ANKLE,0.4781576097011566,0.9087343215942383,-0.0726555660367012,0,0
37,LEFT_HEEL,0.46240052580833435,0.8753553032875061,0.3462759554386139,0,0
37,RIGHT_HEEL,0.46732282638549805,0.9318155646324158,-0.07409370690584183,0,0
37,LEFT_FOOT_INDEX,0.48553410172462463,0.8672870993614197,0.3422256410121918,0,0
37,RIGHT_FOOT_INDEX,0.5049183964729309,0.9303901791572571,-0.11229581385850906,0,0
38,NOSE,0.5150502920150757,0.5108739733695984,0.00724034896120429,0,0
38,LEFT_EYE_INNER,0.5117613077163696,0.5003355145454407,0.011026623658835888,0,0
38,LEFT_EYE,0.5105283260345459,0.49941009283065796,0.011017635464668274,0,0
38,LEFT_EYE_OUTER,0.5092499256134033,0.49843451380729675,0.01100744679570198,0,0
38,RIGHT_EYE_INNER,0.5130706429481506,0.5011031627655029,-0.009236814454197884,0,0
38,RIGHT_EYE,0.5129148960113525,0.5008506774902344,-0.009240414947271347,0,0
38,RIGHT_EYE_OUTER,0.5127069354057312,0.5006356835365295,-0.009258703328669071,0,0
38,LEFT_EAR,0.5028843283653259,0.49990907311439514,0.03410915657877922,0,0
38,RIGHT_EAR,0.5078377723693848,0.5034329891204834,-0.058140888810157776,0,0
38,MOUTH_LEFT,0.511798083782196,0.5185653567314148,0.01915198378264904,0,0
38,MOUTH_RIGHT,0.5127138495445251,0.5188162326812744,-0.007908052764832973,0,0
38,LEFT_SHOULDER,0.48272040486335754,0.5449334383010864,0.0920318067073822,0,0
38,RIGHT_SHOULDER,0.498049795627594,0.5526212453842163,-0.10439834743738174,0,0
38,LEFT_ELBOW,0.48982474207878113,0.5977973341941833,0.17783182859420776,0,0
38,RIGHT_ELBOW,0.49673324823379517,0.6188534498214722,-0.1576455533504486,0,0
38,LEFT_WRIST,0.5264953374862671,0.5900253057479858,0.21380220353603363,0,0
38,RIGHT_WRIST,0.5352153778076172,0.6312238574028015,-0.19073869287967682,0,0
38,LEFT_PINKY,0.5360947251319885,0.5840948224067688,0.22420276701450348,0,0
38,RIGHT_PINKY,0.545547366142273,0.6378656625747681,-0.21115536987781525,0,0
38,LEFT_INDEX,0.5385742783546448,0.5828590393066406,0.20527614653110504,0,0
38,RIGHT_INDEX,0.547951877117157,0.6292624473571777,-0.20529571175575256,0,0
38,LEFT_THUMB,0.5353724360466003,0.5855646133422852,0.20694409310817719,0,0
38,RIGHT_THUMB,0.5445464849472046,0.6261104345321655,-0.18831726908683777,0,0
38,LEFT_HIP,0.46791523694992065,0.6929671764373779,0.07112134993076324,0,0
38,RIGHT_HIP,0.48528942465782166,0.70635586977005,-0.07117047905921936,0,0
38,LEFT_KNEE,0.48115861415863037,0.7757396697998047,0.2030627727508545,0,0
38,RIGHT_KNEE,0.5027526021003723,0.7993562817573547,-0.07571855187416077,0,0
38,LEFT_ANKLE,0.4686521887779236,0.8590430617332458,0.32636186480522156,0,0
38,RIGHT_ANKLE,0.4784885346889496,0.9086195826530457,-0.07677822560071945,0,0
38,LEFT_HEEL,0.4625825881958008,0.876538097858429,0.33686283230781555,0,0
38,RIGHT_HEEL,0.4673289656639099,0.9319954514503479,-0.07816396653652191,0,0
38,LEFT_FOOT_INDEX,0.48509129881858826,0.8685351610183716,0.33228760957717896,0,0
38,RIGHT_FOOT_INDEX,0.5049664378166199,0.9311940670013428,-0.11567740887403488,0,0
39,NOSE,0.5141117572784424,0.51375412940979,0.0325312502682209,0,0
39,LEFT_EYE_INNER,0.5108988285064697,0.5033774971961975,0.029235752299427986,0,0
39,LEFT_EYE,0.5096410512924194,0.5025894045829773,0.029243404045701027,0,0
39,LEFT_EYE_OUTER,0.5083438754081726,0.5017670392990112,0.029231222346425056,0,0
39,RIGHT_EYE_INNER,0.5126062035560608,0.5042920112609863,0.013286015018820763,0,0
39,RIGHT_EYE,0.5127289891242981,0.5042098164558411,0.013275722973048687,0,0
39,RIGHT_EYE_OUTER,0.512836217880249,0.5041339993476868,0.013226162642240524,0,0
39,LEFT_EAR,0.5022700428962708,0.5034618973731995,0.029067780822515488,0,0
39,RIGHT_EAR,0.5088862776756287,0.5073266625404358,-0.051633570343256,0,0
39,MOUTH_LEFT,0.510864794254303,0.5209661722183228,0.03285699710249901,0,0
39,MOUTH_RIGHT,0.5121539235115051,0.5217443704605103,0.011972212232649326,0,0
39,LEFT_SHOULDER,0.48143666982650757,0.5486252307891846,0.0800890401005745,0,0
39,RIGHT_SHOULDER,0.5033022165298462,0.5588701367378235,-0.10371506214141846,0,0
39,LEFT_ELBOW,0.4893193542957306,0.6031455993652344,0.15617768466472626,0,0
39,RIGHT_ELBOW,0.5055559873580933,0.6323059797286987,-0.11713828891515732,0,0
39,LEFT_WRIST,0.5221161842346191,0.5986208915710449,0.19277839362621307,0,0
39,RIGHT_WRIST,0.5379906296730042,0.6711753606796265,-0.0871676653623581,0,0
39,LEFT_PINKY,0.5289902091026306,0.5955764055252075,0.2042911946773529,0,0
39,RIGHT_PINKY,0.5466703176498413,0.6834524273872375,-0.09701826423406601,0,0
39,LEFT_INDEX,0.5302588939666748,0.5949017405509949,0.1889081448316574,0,0
39,RIGHT_INDEX,0.5488319396972656,0.6771388649940491,-0.09300621598958969,0,0
39,LEFT_THUMB,0.5290473699569702,0.596337616443634,0.18708916008472443,0,0
39,RIGHT_THUMB,0.5463742613792419,0.6730465292930603,-0.08388807624578476,0,0
39,LEFT_HIP,0.4682798981666565,0.693008542060852,0.07025394588708878,0,0
39,RIGHT_HIP,0.48899948596954346,0.7060828804969788,-0.07032154500484467,0,0
39,LEFT_KNEE,0.48410797119140625,0.7730582356452942,0.1996287703514099,0,0
39,RIGHT_KNEE,0.5026037096977234,0.8004758358001709,-0.05992615967988968,0,0
39,LEFT_ANKLE,0.47552934288978577,0.850889265537262,0.32101473212242126,0,0
39,RIGHT_ANKLE,0.4789675176143646,0.9048881530761719,-0.05520780384540558,0,0
39,LEFT_HEEL,0.4672955870628357,0.86854487657547,0.33169838786125183,0,0
39,RIGHT_HEEL,0.46763405203819275,0.9259898066520691,-0.05620523914694786,0,0
39,LEFT_FOOT_INDEX,0.49240145087242126,0.8670985698699951,0.3270163834095001,0,0
39,RIGHT_FOOT_INDEX,0.5045360326766968,0.9316015243530273,-0.09306729584932327,0,0
40,NOSE,0.513782799243927,0.5127423405647278,0.053671058267354965,0,0
40,LEFT_EYE_INNER,0.5105317831039429,0.5022733807563782,0.04784426838159561,0,0
40,LEFT_EYE,0.5094374418258667,0.501469075679779,0.04785217344760895,0,0
40,LEFT_EYE_OUTER,0.508186936378479,0.5006576180458069,0.04782850667834282,0,0
40,RIGHT_EYE_INNER,0.5120496153831482,0.5032213926315308,0.034214362502098083,0,0
40,RIGHT_EYE,0.5122295022010803,0.5031800270080566,0.034199681133031845,0,0
40,RIGHT_EYE_OUTER,0.5124247074127197,0.5031712055206299,0.03413832187652588,0,0
40,LEFT_EAR,0.5016795992851257,0.5029704570770264,0.030033420771360397,0,0
40,RIGHT_EAR,0.5089955925941467,0.5067511796951294,-0.0345035046339035,0,0
40,MOUTH_LEFT,0.5105056166648865,0.5200665593147278,0.04904886335134506,0,0
40,MOUTH_RIGHT,0.5116441249847412,0.5208519697189331,0.03134872391819954,0,0
40,LEFT_SHOULDER,0.4787184000015259,0.547921359539032,0.07320205122232437,0,0
40,RIGHT_SHOULDER,0.5085030794143677,0.5627279281616211,-0.09695924073457718,0,0
40,LEFT_ELBOW,0.4877625107765198,0.6030504703521729,0.13594183325767517,0,0
40,RIGHT_ELBOW,0.5145929455757141,0.6378743052482605,-0.08238764852285385,0,0
40,LEFT_WRIST,0.5165846943855286,0.6142197847366333,0.17307139933109283,0,0
40,RIGHT_WRIST,0.5447359085083008,0.6864919662475586,-0.012672833167016506,0,0
40,LEFT_PINKY,0.5182784199714661,0.6045311689376831,0.18522235751152039,0,0
40,RIGHT_PINKY,0.5509323477745056,0.7016052603721619,-0.014226340688765049,0,0
40,LEFT_INDEX,0.5205105543136597,0.600681483745575,0.17363294959068298,0,0
40,RIGHT_INDEX,0.5537458062171936,0.696228563785553,-0.011143830604851246,0,0
40,LEFT_THUMB,0.5191450715065002,0.5998485684394836,0.16894307732582092,0,0
40,RIGHT_THUMB,0.5515944957733154,0.6919212937355042,-0.008736825548112392,0,0
40,LEFT_HIP,0.46900540590286255,0.6922581195831299,0.06737034022808075,0,0
40,RIGHT_HIP,0.49240684509277344,0.7025482058525085,-0.0674910768866539,0,0
40,LEFT_KNEE,0.48446133732795715,0.7714418172836304,0.18413229286670685,0,0
40,RIGHT_KNEE,0.5036460757255554,0.8006019592285156,-0.06557119637727737,0,0
40,LEFT_ANKLE,0.47812870144844055,0.8504962921142578,0.28382712602615356,0,0
40,RIGHT_ANKLE,0.4802747070789337,0.8996989727020264,-0.06614179164171219,0,0
40,LEFT_HEEL,0.4693939983844757,0.8714573383331299,0.29235559701919556,0,0
40,RIGHT_HEEL,0.4693543016910553,0.9169020652770996,-0.0673154816031456,0,0
40,LEFT_FOOT_INDEX,0.4890094995498657,0.8695383667945862,0.2880539894104004,0,0
40,RIGHT_FOOT_INDEX,0.5041866302490234,0.9317712783813477,-0.1023484468460083,0,0
41,NOSE,0.5134328007698059,0.5126282572746277,0.05138299614191055,0,0
41,LEFT_EYE_INNER,0.5101667046546936,0.5019832849502563,0.046166062355041504,0,0
41,LEFT_EYE,0.5091018080711365,0.5011560916900635,0.04617497697472572,0,0
41,LEFT_EYE_OUTER,0.5078622102737427,0.500347912311554,0.046157896518707275,0,0
41,RIGHT_EYE_INNER,0.5117937326431274,0.5030727386474609,0.0318714901804924,0,0
41,RIGHT_EYE,0.5120680332183838,0.5031013488769531,0.031857870519161224,0,0
41,RIGHT_EYE_OUTER,0.5123513340950012,0.503148078918457,0.03179654851555824,0,0
41,LEFT_EAR,0.5012838244438171,0.5028932690620422,0.028468679636716843,0,0
41,RIGHT_EAR,0.5091672539710999,0.5068212151527405,-0.035842981189489365,0,0
41,MOUTH_LEFT,0.5101197361946106,0.5199982523918152,0.0479854978621006,0,0
41,MOUTH_RIGHT,0.5113838911056519,0.5209476947784424,0.029291484504938126,0,0
41,LEFT_SHOULDER,0.4772643446922302,0.5475441813468933,0.07087904959917068,0,0
41,RIGHT_SHOULDER,0.5091555118560791,0.5630002021789551,-0.09702907502651215,0,0
41,LEFT_ELBOW,0.48694291710853577,0.6029611229896545,0.13340671360492706,0,0
41,RIGHT_ELBOW,0.516171932220459,0.6384609937667847,-0.0816991850733757,0,0
41,LEFT_WRIST,0.5154691338539124,0.6172523498535156,0.1706995666027069,0,0
41,RIGHT_WRIST,0.5456207394599915,0.6883171796798706,-0.004245844203978777,0,0
41,LEFT_PINKY,0.5178667306900024,0.606418788433075,0.18301509320735931,0,0
41,RIGHT_PINKY,0.5516136288642883,0.7039315104484558,-0.005048614926636219,0,0
41,LEFT_INDEX,0.5201485753059387,0.6025595664978027,0.17119549214839935,0,0
41,RIGHT_INDEX,0.5542304515838623,0.6987713575363159,-0.0010390133829787374,0,0
41,LEFT_THUMB,0.5187351703643799,0.6016266345977783,0.16646161675453186,0,0
41,RIGHT_THUMB,0.5521571040153503,0.6945323348045349,0.00021820487745571882,0,0
41,LEFT_HIP,0.46934616565704346,0.6919836401939392,0.0661013275384903,0,0
41,RIGHT_HIP,0.4935462772846222,0.7013537287712097,-0.06624563783407211,0,0
41,LEFT_KNEE,0.48465144634246826,0.7702022790908813,0.18357841670513153,0,0
41,RIGHT_KNEE,0.5036437511444092,0.8006314039230347,-0.050516385585069656,0,0
41,LEFT_ANKLE,0.4786311984062195,0.8499288558959961,0.28399401903152466,0,0
41,RIGHT_ANKLE,0.48085010051727295,0.8983302116394043,-0.04228869453072548,0,0
41,LEFT_HEEL,0.47026047110557556,0.8726086020469666,0.29279452562332153,0,0
41,RIGHT_HEEL,0.46998634934425354,0.9152469635009766,-0.04252004250884056,0,0
41,LEFT_FOOT_INDEX,0.4925113022327423,0.8695324063301086,0.28861433267593384,0,0
41,RIGHT_FOOT_INDEX,0.5038973093032837,0.9312642216682434,-0.07430066913366318,0,0
42,NOSE,0.5032399892807007,0.5058709383010864,0.055509693920612335,0,0
42,LEFT_EYE_INNER,0.500214159488678,0.49636954069137573,0.045417558401823044,0,0
42,LEFT_EYE,0.49815210700035095,0.49592313170433044,0.04543592780828476,0,0
42,LEFT_EYE_OUTER,0.49596962332725525,0.49563831090927124,0.045412931591272354,0,0
42,RIGHT_EYE_INNER,0.5050966739654541,0.49723848700523376,0.037039440125226974,0,0
42,RIGHT_EYE,0.5065274834632874,0.4974747896194458,0.037031061947345734,0,0
42,RIGHT_EYE_OUTER,0.5079954862594604,0.4977811574935913,0.03697364032268524,0,0
42,LEFT_EAR,0.4910595715045929,0.5000200867652893,0.008658413775265217,0,0
42,RIGHT_EAR,0.5081849694252014,0.502359926700592,-0.028280116617679596,0,0
42,MOUTH_LEFT,0.49981895089149475,0.5127397179603577,0.046156030148267746,0,0
42,MOUTH_RIGHT,0.5052245855331421,0.5141825079917908,0.03494132682681084,0,0
42,LEFT_SHOULDER,0.4679412841796875,0.5476716160774231,0.0291165541857481,0,0
42,RIGHT_SHOULDER,0.517538845539093,0.562036395072937,-0.08974077552556992,0,0
42,LEFT_ELBOW,0.4712570905685425,0.6145225167274475,0.0630287230014801,0,0
42,RIGHT_ELBOW,0.5329497456550598,0.6349075436592102,-0.0746186152100563,0,0
42,LEFT_WRIST,0.4830770492553711,0.6663609147071838,0.08774397522211075,0,0
42,RIGHT_WRIST,0.5586103796958923,0.6841747760772705,-0.009504525922238827,0,0
42,LEFT_PINKY,0.48871996998786926,0.6806522011756897,0.09527274966239929,0,0
42,RIGHT_PINKY,0.5619114637374878,0.7005214691162109,-0.012212569825351238,0,0
42,LEFT_INDEX,0.49287354946136475,0.6799378991127014,0.08715403825044632,0,0
42,RIGHT_INDEX,0.56248939037323,0.6992625594139099,-0.00770456762984395,0,0
42,LEFT_THUMB,0.49316033720970154,0.6758512258529663,0.08488651365041733,0,0
42,RIGHT_THUMB,0.5610859394073486,0.6940319538116455,-0.006149206776171923,0,0
42,LEFT_HIP,0.4712776243686676,0.691770076751709,0.05100708827376366,0,0
42,RIGHT_HIP,0.4996269643306732,0.6983426213264465,-0.05118240416049957,0,0
42,LEFT_KNEE,0.484413206577301,0.7673354148864746,0.1746538281440735,0,0
42,RIGHT_KNEE,0.5037947297096252,0.7953326106071472,0.025141632184386253,0,0
42,LEFT_ANKLE,0.4781414568424225,0.8514835238456726,0.27646908164024353,0,0
42,RIGHT_ANKLE,0.4838019609451294,0.8901433944702148,0.0878334566950798,0,0
42,LEFT_HEEL,0.4725053012371063,0.8700490593910217,0.286668598651886,0,0
42,RIGHT_HEEL,0.4754858613014221,0.9013146162033081,0.09427809715270996,0,0
42,LEFT_FOOT_INDEX,0.4894329011440277,0.8645710945129395,0.28479868173599243,0,0
42,RIGHT_FOOT_INDEX,0.5037537813186646,0.9249390959739685,0.0726461336016655,0,0
43,NOSE,0.4978658854961395,0.4967907965183258,0.05664222687482834,0,0
43,LEFT_EYE_INNER,0.4954794645309448,0.48808804154396057,0.04519914463162422,0,0
43,LEFT_EYE,0.4932866096496582,0.48783478140830994,0.04522779956459999,0,0
43,LEFT_EYE_OUTER,0.4910842180252075,0.48787829279899597,0.04520006477832794,0,0
43,RIGHT_EYE_INNER,0.5008224248886108,0.4889160096645355,0.04015469178557396,0,0
43,RIGHT_EYE,0.5024548768997192,0.4892394542694092,0.04017103463411331,0,0
43,RIGHT_EYE_OUTER,0.5041032433509827,0.4896257817745209,0.04014338180422783,0,0
43,LEFT_EAR,0.4870794415473938,0.4933697283267975,0.007242194376885891,0,0
43,RIGHT_EAR,0.506963312625885,0.4946456849575043,-0.014095623977482319,0,0
43,MOUTH_LEFT,0.4947429597377777,0.5038187503814697,0.04691186919808388,0,0
43,MOUTH_RIGHT,0.5004839897155762,0.504690408706665,0.040703725069761276,0,0
43,LEFT_SHOULDER,0.46561723947525024,0.5449629426002502,0.024014996364712715,0,0
43,RIGHT_SHOULDER,0.5201303362846375,0.5590124726295471,-0.0704193189740181,0,0
43,LEFT_ELBOW,0.45866817235946655,0.6125733852386475,0.10071971267461777,0,0
43,RIGHT_ELBOW,0.5371063351631165,0.6247280240058899,-0.05884476751089096,0,0
43,LEFT_WRIST,0.47297927737236023,0.6608176231384277,0.1847156584262848,0,0
43,RIGHT_WRIST,0.5611087679862976,0.6705318689346313,-0.007445499300956726,0,0
43,LEFT_PINKY,0.4771605134010315,0.6500970721244812,0.20788559317588806,0,0
43,RIGHT_PINKY,0.5652300119400024,0.6844602823257446,-0.004778104368597269,0,0
43,LEFT_INDEX,0.482965350151062,0.6488956809043884,0.20389986038208008,0,0
43,RIGHT_INDEX,0.5653570294380188,0.6821383833885193,0.00046388499322347343,0,0
43,LEFT_THUMB,0.4831556975841522,0.6507039666175842,0.1879720389842987,0,0
43,RIGHT_THUMB,0.5637403130531311,0.6774569749832153,-0.00302292313426733,0,0
43,LEFT_HIP,0.47224122285842896,0.6858397722244263,0.038770128041505814,0,0
43,RIGHT_HIP,0.5015034079551697,0.6908566355705261,-0.039008259773254395,0,0
43,LEFT_KNEE,0.4808107018470764,0.7601858973503113,0.1642584651708603,0,0
43,RIGHT_KNEE,0.5036954879760742,0.7862495183944702,0.02784067764878273,0,0
43,LEFT_ANKLE,0.47841697931289673,0.8526461124420166,0.1714884340763092,0,0
43,RIGHT_ANKLE,0.48725542426109314,0.8806350231170654,0.006287661846727133,0,0
43,LEFT_HEEL,0.4726462662220001,0.8706123232841492,0.17266617715358734,0,0
43,RIGHT_HEEL,0.48084747791290283,0.892753005027771,0.005721859633922577,0,0
43,LEFT_FOOT_INDEX,0.48927992582321167,0.8657166361808777,0.17549225687980652,0,0
43,RIGHT_FOOT_INDEX,0.5035520195960999,0.9208163619041443,-0.0060228765942156315,0,0
44,NOSE,0.49834364652633667,0.4925461411476135,0.07150295376777649,0,0
44,LEFT_EYE_INNER,0.49599120020866394,0.4838746190071106,0.05834954231977463,0,0
44,LEFT_EYE,0.4939458966255188,0.4835062623023987,0.05838578939437866,0,0
44,LEFT_EYE_OUTER,0.4918256103992462,0.4834107458591461,0.05837541073560715,0,0
44,RIGHT_EYE_INNER,0.5011371374130249,0.48504066467285156,0.054174620658159256,0,0
44,RIGHT_EYE,0.5026686787605286,0.4853913486003876,0.05417345091700554,0,0
44,RIGHT_EYE_OUTER,0.5043134093284607,0.4858766198158264,0.05413324385881424,0,0
44,LEFT_EAR,0.4879913032054901,0.48877185583114624,0.014583801850676537,0,0
44,RIGHT_EAR,0.5068789720535278,0.4904464781284332,-0.004200704395771027,0,0
44,MOUTH_LEFT,0.4950181841850281,0.49944445490837097,0.059659235179424286,0,0
44,MOUTH_RIGHT,0.5004867911338806,0.5003557801246643,0.054329823702573776,0,0
44,LEFT_SHOULDER,0.4660731256008148,0.5407291054725647,0.02480430155992508,0,0
44,RIGHT_SHOULDER,0.5196098685264587,0.552584707736969,-0.055564165115356445,0,0
44,LEFT_ELBOW,0.45668280124664307,0.6069670915603638,0.09928753226995468,0,0
44,RIGHT_ELBOW,0.5345773100852966,0.6071751713752747,-0.03127665817737579,0,0
44,LEFT_WRIST,0.47067442536354065,0.631990373134613,0.19452093541622162,0,0
44,RIGHT_WRIST,0.5543972253799438,0.6347786784172058,0.04084362834692001,0,0
44,LEFT_PINKY,0.4742806851863861,0.6418014168739319,0.21632298827171326,0,0
44,RIGHT_PINKY,0.560290515422821,0.6539027094841003,0.04967646673321724,0,0
44,LEFT_INDEX,0.4799976944923401,0.6367323994636536,0.21298034489154816,0,0
44,RIGHT_INDEX,0.5611072778701782,0.6507837772369385,0.05492616072297096,0,0
44,LEFT_THUMB,0.4802854657173157,0.6328946948051453,0.19712994992733002,0,0
44,RIGHT_THUMB,0.5591965913772583,0.6450132727622986,0.04587404057383537,0,0
44,LEFT_HIP,0.47388333082199097,0.6816531419754028,0.036406561732292175,0,0
44,RIGHT_HIP,0.5023673176765442,0.68599933385849,-0.03668986260890961,0,0
44,LEFT_KNEE,0.47857123613357544,0.7614164352416992,0.13193881511688232,0,0
44,RIGHT_KNEE,0.504658043384552,0.7816270589828491,0.01925373077392578,0,0
44,LEFT_ANKLE,0.48066672682762146,0.8528394103050232,0.09073400497436523,0,0
44,RIGHT_ANKLE,0.48892688751220703,0.870457112789154,-0.01530354656279087,0,0
44,LEFT_HEEL,0.4759305715560913,0.8673793077468872,0.08735953271389008,0,0
44,RIGHT_HEEL,0.4824003279209137,0.880545973777771,-0.008326785638928413,0,0
44,LEFT_FOOT_INDEX,0.4887875020503998,0.8804977536201477,0.08402972668409348,0,0
44,RIGHT_FOOT_INDEX,0.5013143420219421,0.9163948893547058,-0.0345790758728981,0,0
45,NOSE,0.5000604391098022,0.4877956807613373,0.09777311235666275,0,0
45,LEFT_EYE_INNER,0.49758800864219666,0.479171484708786,0.08128896355628967,0,0
45,LEFT_EYE,0.49575096368789673,0.4787434935569763,0.08129631727933884,0,0
45,LEFT_EYE_OUTER,0.4938753545284271,0.4785831570625305,0.08129597455263138,0,0
45,RIGHT_EYE_INNER,0.5021464824676514,0.4806935489177704,0.07903262972831726,0,0
45,RIGHT_EYE,0.5034831762313843,0.48124435544013977,0.07900215685367584,0,0
45,RIGHT_EYE_OUTER,0.5048416256904602,0.4819168150424957,0.07894851267337799,0,0
45,LEFT_EAR,0.48952654004096985,0.48328909277915955,0.020423466339707375,0,0
45,RIGHT_EAR,0.5071766376495361,0.4866504371166229,0.01491829939186573,0,0
45,MOUTH_LEFT,0.49696671962738037,0.49442318081855774,0.08160500973463058,0,0
45,MOUTH_RIGHT,0.5016174912452698,0.49591630697250366,0.07848155498504639,0,0
45,LEFT_SHOULDER,0.4672377407550812,0.534382164478302,0.011478066444396973,0,0
45,RIGHT_SHOULDER,0.5218680500984192,0.5447188019752502,-0.01710316725075245,0,0
45,LEFT_ELBOW,0.4577695429325104,0.5993912220001221,0.07012943923473358,0,0
45,RIGHT_ELBOW,0.5274218320846558,0.5864648222923279,0.03237079456448555,0,0
45,LEFT_WRIST,0.4774095416069031,0.6049307584762573,0.18906496465206146,0,0
45,RIGHT_WRIST,0.5162285566329956,0.5758592486381531,0.15250708162784576,0,0
45,LEFT_PINKY,0.48137685656547546,0.6107024550437927,0.2070041000843048,0,0
45,RIGHT_PINKY,0.5149268507957458,0.5722227692604065,0.17371758818626404,0,0
45,LEFT_INDEX,0.486569881439209,0.6038636565208435,0.20177040994167328,0,0
45,RIGHT_INDEX,0.5110563635826111,0.5664233565330505,0.1787748783826828,0,0
45,LEFT_THUMB,0.486926406621933,0.6022636890411377,0.18950718641281128,0,0
45,RIGHT_THUMB,0.5107191801071167,0.5675135850906372,0.1581430733203888,0,0
45,LEFT_HIP,0.47466835379600525,0.6757746338844299,0.02496369741857052,0,0
45,RIGHT_HIP,0.5057539343833923,0.6813762784004211,-0.025195293128490448,0,0
45,LEFT_KNEE,0.4761328399181366,0.7536967396736145,0.10488784313201904,0,0
45,RIGHT_KNEE,0.505095899105072,0.7739719748497009,0.008039121516048908,0,0
45,LEFT_ANKLE,0.48217904567718506,0.8496196866035461,0.03782985359430313,0,0
45,RIGHT_ANKLE,0.491264671087265,0.8654358983039856,-0.07863679528236389,0,0
45,LEFT_HEEL,0.47968438267707825,0.8614742159843445,0.031788621097803116,0,0
45,RIGHT_HEEL,0.48575669527053833,0.8748759031295776,-0.08637065440416336,0,0
45,LEFT_FOOT_INDEX,0.48909321427345276,0.8799536228179932,0.031653523445129395,0,0
45,RIGHT_FOOT_INDEX,0.4999469518661499,0.9123081564903259,-0.0939859077334404,0,0
46,NOSE,0.5002986192703247,0.4842427670955658,0.11499397456645966,0,0
46,LEFT_EYE_INNER,0.4981728196144104,0.4764862656593323,0.09848913550376892,0,0
46,LEFT_EYE,0.49644967913627625,0.4761672914028168,0.09849690645933151,0,0
46,LEFT_EYE_OUTER,0.49455466866493225,0.4760332405567169,0.09850887954235077,0,0
46,RIGHT_EYE_INNER,0.5036991238594055,0.477682888507843,0.09675527364015579,0,0
46,RIGHT_EYE,0.5055466294288635,0.4781130850315094,0.09671416133642197,0,0
46,RIGHT_EYE_OUTER,0.5075219869613647,0.4786835312843323,0.09667583554983139,0,0
46,LEFT_EAR,0.4915134608745575,0.4802401065826416,0.037293147295713425,0,0
46,RIGHT_EAR,0.510114312171936,0.4840572774410248,0.030800389125943184,0,0
46,MOUTH_LEFT,0.4978286325931549,0.49072253704071045,0.09701719135046005,0,0
46,MOUTH_RIGHT,0.5030810236930847,0.49195924401283264,0.09434521943330765,0,0
46,LEFT_SHOULDER,0.4676051437854767,0.531231701374054,0.02043061889708042,0,0
46,RIGHT_SHOULDER,0.5242987871170044,0.5373795032501221,0.001015511341392994,0,0
46,LEFT_ELBOW,0.45839670300483704,0.597581684589386,0.07366764545440674,0,0
46,RIGHT_ELBOW,0.5121021866798401,0.5823320746421814,0.027049487456679344,0,0
46,LEFT_WRIST,0.4749435782432556,0.5978554487228394,0.18614797294139862,0,0
46,RIGHT_WRIST,0.4926978647708893,0.5630474090576172,0.10745073854923248,0,0
46,LEFT_PINKY,0.4771425127983093,0.6018784642219543,0.20364293456077576,0,0
46,RIGHT_PINKY,0.49015310406684875,0.5584977865219116,0.12461944669485092,0,0
46,LEFT_INDEX,0.48202359676361084,0.5973672270774841,0.19838304817676544,0,0
46,RIGHT_INDEX,0.4861278831958771,0.55329829454422,0.1291143298149109,0,0
46,LEFT_THUMB,0.48310670256614685,0.5963029265403748,0.18636195361614227,0,0
46,RIGHT_THUMB,0.4862704575061798,0.5546578168869019,0.11190430819988251,0,0
46,LEFT_HIP,0.4766713082790375,0.6717764139175415,0.021394582465291023,0,0
46,RIGHT_HIP,0.5074205994606018,0.6767006516456604,-0.02164391614496708,0,0
46,LEFT_KNEE,0.47453558444976807,0.7541577816009521,0.08072347939014435,0,0
46,RIGHT_KNEE,0.5073410868644714,0.7678712606430054,0.003938848618417978,0,0
46,LEFT_ANKLE,0.4838051497936249,0.8484043478965759,-0.010814907029271126,0,0
46,RIGHT_ANKLE,0.49610206484794617,0.8575265407562256,-0.11301791667938232,0,0
46,LEFT_HEEL,0.48407402634620667,0.859679102897644,-0.01966117136180401,0,0
46,RIGHT_HEEL,0.4924677312374115,0.8674384951591492,-0.12365551292896271,0,0
46,LEFT_FOOT_INDEX,0.4887242913246155,0.8796628713607788,-0.025491150096058846,0,0
46,RIGHT_FOOT_INDEX,0.49998748302459717,0.9049577713012695,-0.13340942561626434,0,0
47,NOSE,0.5003679394721985,0.48330169916152954,0.12818415462970734,0,0
47,LEFT_EYE_INNER,0.49880877137184143,0.4755837917327881,0.11121095716953278,0,0
47,LEFT_EYE,0.49702927470207214,0.4752639830112457,0.11121832579374313,0,0
47,LEFT_EYE_OUTER,0.49508821964263916,0.4751039147377014,0.11123809218406677,0,0
47,RIGHT_EYE_INNER,0.5050235390663147,0.4766216278076172,0.10954878479242325,0,0
47,RIGHT_EYE,0.5070798993110657,0.47700417041778564,0.10951028764247894,0,0
47,RIGHT_EYE_OUTER,0.5092264413833618,0.4775308072566986,0.10946566611528397,0,0
47,LEFT_EAR,0.493055522441864,0.47939029335975647,0.04908781126141548,0,0
47,RIGHT_EAR,0.5114484429359436,0.4831461012363434,0.0414610281586647,0,0
47,MOUTH_LEFT,0.49840864539146423,0.4897659718990326,0.10947071015834808,0,0
47,MOUTH_RIGHT,0.5042219758033752,0.49093368649482727,0.10682857036590576,0,0
47,LEFT_SHOULDER,0.4679475426673889,0.5296110510826111,0.026767274364829063,0,0
47,RIGHT_SHOULDER,0.5248932242393494,0.535118579864502,0.010505818761885166,0,0
47,LEFT_ELBOW,0.45813024044036865,0.5968319773674011,0.069484643638134,0,0
47,RIGHT_ELBOW,0.5123903751373291,0.580641508102417,0.03520147129893303,0,0
47,LEFT_WRIST,0.4747275412082672,0.5996933579444885,0.16230972111225128,0,0
47,RIGHT_WRIST,0.496595561504364,0.5605953931808472,0.11767049133777618,0,0
47,LEFT_PINKY,0.4761694371700287,0.6024137735366821,0.1811622530221939,0,0
47,RIGHT_PINKY,0.49462175369262695,0.5569525957107544,0.13494840264320374,0,0
47,LEFT_INDEX,0.48117151856422424,0.5978972911834717,0.17777949571609497,0,0
47,RIGHT_INDEX,0.49018609523773193,0.5512810349464417,0.13983716070652008,0,0
47,LEFT_THUMB,0.48225030303001404,0.5974337458610535,0.16430965065956116,0,0
47,RIGHT_THUMB,0.48989731073379517,0.5524300932884216,0.12238120287656784,0,0
47,LEFT_HIP,0.4763326942920685,0.6712937355041504,0.021054891869425774,0,0
47,RIGHT_HIP,0.5064899921417236,0.6758813261985779,-0.021323030814528465,0,0
47,LEFT_KNEE,0.47391262650489807,0.7538119554519653,0.07477410137653351,0,0
47,RIGHT_KNEE,0.5082057118415833,0.76874178647995,0.003310091095045209,0,0
47,LEFT_ANKLE,0.483908087015152,0.846561849117279,-0.01450956892222166,0,0
47,RIGHT_ANKLE,0.496902197599411,0.8583152890205383,-0.11377228051424026,0,0
47,LEFT_HEEL,0.4841080605983734,0.857963502407074,-0.023163922131061554,0,0
47,RIGHT_HEEL,0.49247321486473083,0.8679587244987488,-0.12462563067674637,0,0
47,LEFT_FOOT_INDEX,0.4883495271205902,0.877084493637085,-0.027560105547308922,0,0
47,RIGHT_FOOT_INDEX,0.49980980157852173,0.903719961643219,-0.13472972810268402,0,0
48,NOSE,0.5054206252098083,0.4793300926685333,0.13352848589420319,0,0
48,LEFT_EYE_INNER,0.5031181573867798,0.4720746874809265,0.11600599437952042,0,0
48,LEFT_EYE,0.5013231039047241,0.4718630313873291,0.11601348966360092,0,0
48,LEFT_EYE_OUTER,0.4995501935482025,0.4718620479106903,0.11603426933288574,0,0
48,RIGHT_EYE_INNER,0.5089274644851685,0.4729361832141876,0.11509136855602264,0,0
48,RIGHT_EYE,0.5109067559242249,0.4732910990715027,0.11506317555904388,0,0
48,RIGHT_EYE_OUTER,0.5129205584526062,0.47375622391700745,0.11503120511770248,0,0
48,LEFT_EAR,0.4969674050807953,0.4763869047164917,0.053204771131277084,0,0
48,RIGHT_EAR,0.5144408941268921,0.4792976677417755,0.04828726127743721,0,0
48,MOUTH_LEFT,0.5029017329216003,0.4861467182636261,0.11456101387739182,0,0
48,MOUTH_RIGHT,0.5084666013717651,0.4868095815181732,0.11275996267795563,0,0
48,LEFT_SHOULDER,0.47131192684173584,0.5258162617683411,0.03139699995517731,0,0
48,RIGHT_SHOULDER,0.5272443890571594,0.5276225805282593,0.025558458641171455,0,0
48,LEFT_ELBOW,0.4604683220386505,0.5938805937767029,0.08522535860538483,0,0
48,RIGHT_ELBOW,0.5089448094367981,0.5500588417053223,0.06697595119476318,0,0
48,LEFT_WRIST,0.4765890836715698,0.5923406481742859,0.20525720715522766,0,0
48,RIGHT_WRIST,0.4912821054458618,0.5128911137580872,0.15503226220607758,0,0
48,LEFT_PINKY,0.47790753841400146,0.5978372097015381,0.22582249343395233,0,0
48,RIGHT_PINKY,0.48569172620773315,0.5074098706245422,0.17314058542251587,0,0
48,LEFT_INDEX,0.4815939664840698,0.5952076315879822,0.21926714479923248,0,0
48,RIGHT_INDEX,0.48490190505981445,0.504932701587677,0.1732475906610489,0,0
48,LEFT_THUMB,0.48291701078414917,0.5943486094474792,0.2071327269077301,0,0
48,RIGHT_THUMB,0.48017826676368713,0.5091479420661926,0.15808643400669098,0,0
48,LEFT_HIP,0.47937124967575073,0.6683245301246643,0.01717684045433998,0,0
48,RIGHT_HIP,0.5090943574905396,0.6716577410697937,-0.017449531704187393,0,0
48,LEFT_KNEE,0.4743089973926544,0.7495191097259521,0.06851568073034286,0,0
48,RIGHT_KNEE,0.5147334337234497,0.7641875147819519,-0.006199014838784933,0,0
48,LEFT_ANKLE,0.4847005009651184,0.8448734879493713,-0.016626007854938507,0,0
48,RIGHT_ANKLE,0.507719874382019,0.8590840697288513,-0.1450381577014923,0,0
48,LEFT_HEEL,0.4882708787918091,0.858603835105896,-0.02501627802848816,0,0
48,RIGHT_HEEL,0.5022646188735962,0.870169460773468,-0.15726788341999054,0,0
48,LEFT_FOOT_INDEX,0.48816993832588196,0.8638949990272522,-0.03316061943769455,0,0
48,RIGHT_FOOT_INDEX,0.5182587504386902,0.895926833152771,-0.17362190783023834,0,0
49,NOSE,0.509816586971283,0.4766969382762909,0.10591116547584534,0,0
49,LEFT_EYE_INNER,0.5073124766349792,0.4697723388671875,0.09968037903308868,0,0
49,LEFT_EYE,0.5054914951324463,0.46966761350631714,0.09969352930784225,0,0
49,LEFT_EYE_OUTER,0.5037936568260193,0.4697936475276947,0.09964396059513092,0,0
49,RIGHT_EYE_INNER,0.5127529501914978,0.47053736448287964,0.08738558739423752,0,0
49,RIGHT_EYE,0.5146300196647644,0.4709327518939972,0.08736547827720642,0,0
49,RIGHT_EYE_OUTER,0.516533374786377,0.4714564085006714,0.08731872588396072,0,0
49,LEFT_EAR,0.5004587769508362,0.47479531168937683,0.03021463379263878,0,0
49,RIGHT_EAR,0.5175899863243103,0.47764140367507935,0.023081200197339058,0,0
49,MOUTH_LEFT,0.506801187992096,0.4836746156215668,0.09988366812467575,0,0
49,MOUTH_RIGHT,0.5119415521621704,0.4845106303691864,0.08539605885744095,0,0
49,LEFT_SHOULDER,0.47340643405914307,0.5274064540863037,0.015864277258515358,0,0
49,RIGHT_SHOULDER,0.5286355018615723,0.5227163434028625,0.00395373348146677,0,0
49,LEFT_ELBOW,0.4617418348789215,0.5943722724914551,0.09317144751548767,0,0
49,RIGHT_ELBOW,0.5063924789428711,0.5427685976028442,0.06420909613370895,0,0
49,LEFT_WRIST,0.4742865562438965,0.5800137519836426,0.2176944464445114,0,0
49,RIGHT_WRIST,0.4838247299194336,0.5008556842803955,0.1727144569158554,0,0
49,LEFT_PINKY,0.47524794936180115,0.5811119675636292,0.23956070840358734,0,0
49,RIGHT_PINKY,0.4779933989048004,0.4916827082633972,0.19372059404850006,0,0
49,LEFT_INDEX,0.4789539873600006,0.5779621005058289,0.23419465124607086,0,0
49,RIGHT_INDEX,0.476255863904953,0.4915364682674408,0.1915397197008133,0,0
49,LEFT_THUMB,0.4803626835346222,0.5786020755767822,0.22003015875816345,0,0
49,RIGHT_THUMB,0.4765184819698334,0.4961840510368347,0.17569224536418915,0,0
49,LEFT_HIP,0.481096088886261,0.6685131192207336,0.015094133093953133,0,0
49,RIGHT_HIP,0.5112602710723877,0.670708417892456,-0.015395911410450935,0,0
49,LEFT_KNEE,0.4747549593448639,0.7519826292991638,0.06538025289773941,0,0
49,RIGHT_KNEE,0.5173484683036804,0.7620463371276855,-0.009006896987557411,0,0
49,LEFT_ANKLE,0.4838609993457794,0.8448761701583862,0.0014861952513456345,0,0
49,RIGHT_ANKLE,0.5166585445404053,0.8613970279693604,-0.11903178691864014,0,0
49,LEFT_HEEL,0.48810577392578125,0.8600204586982727,-0.003888901090249419,0,0
49,RIGHT_HEEL,0.5102478861808777,0.8741151094436646,-0.12816402316093445,0,0
49,LEFT_FOOT_INDEX,0.486519455909729,0.8585990071296692,-0.00892688799649477,0,0
49,RIGHT_FOOT_INDEX,0.5298779606819153,0.8879215717315674,-0.14080092310905457,0,0
50,NOSE,0.5121454000473022,0.475237637758255,0.09794116020202637,0,0
50,LEFT_EYE_INNER,0.509528398513794,0.4686005711555481,0.09114416688680649,0,0
50,LEFT_EYE,0.5077463984489441,0.46863994002342224,0.0911504402756691,0,0
50,LEFT_EYE_OUTER,0.5060932040214539,0.4688850939273834,0.09109728783369064,0,0
50,RIGHT_EYE_INNER,0.5147360563278198,0.4690634608268738,0.08042017370462418,0,0
50,RIGHT_EYE,0.5164976716041565,0.4693918228149414,0.08040706068277359,0,0
50,RIGHT_EYE_OUTER,0.5182795524597168,0.46988046169281006,0.08037679642438889,0,0
50,LEFT_EAR,0.5031548738479614,0.47454115748405457,0.018486661836504936,0,0
50,RIGHT_EAR,0.5189123153686523,0.4767412543296814,0.021755049005150795,0,0
50,MOUTH_LEFT,0.5090460181236267,0.48236772418022156,0.09305842965841293,0,0
50,MOUTH_RIGHT,0.5139976143836975,0.48327285051345825,0.07985462993383408,0,0
50,LEFT_SHOULDER,0.4774499833583832,0.5280076861381531,0.0030826153233647346,0,0
50,RIGHT_SHOULDER,0.52829909324646,0.5196502804756165,0.014263788238167763,0,0
50,LEFT_ELBOW,0.4634700119495392,0.5928204655647278,0.08510267734527588,0,0
50,RIGHT_ELBOW,0.5061323642730713,0.5172610282897949,0.07809101045131683,0,0
50,LEFT_WRIST,0.470439076423645,0.5592922568321228,0.20639921724796295,0,0
50,RIGHT_WRIST,0.4790491461753845,0.49134397506713867,0.1670880913734436,0,0
50,LEFT_PINKY,0.4728253185749054,0.550563395023346,0.22594018280506134,0,0
50,RIGHT_PINKY,0.47420164942741394,0.4825122356414795,0.18552611768245697,0,0
50,LEFT_INDEX,0.47419115900993347,0.5511581897735596,0.22149084508419037,0,0
50,RIGHT_INDEX,0.4726198613643646,0.48425954580307007,0.18156924843788147,0,0
50,LEFT_THUMB,0.47602471709251404,0.55404132604599,0.20904596149921417,0,0
50,RIGHT_THUMB,0.47387728095054626,0.4888843595981598,0.1689954698085785,0,0
50,LEFT_HIP,0.483247846364975,0.6670525074005127,0.006033727899193764,0,0
50,RIGHT_HIP,0.5131475329399109,0.6686052083969116,-0.006336958147585392,0,0
50,LEFT_KNEE,0.4756242036819458,0.7526112794876099,0.04733498767018318,0,0
50,RIGHT_KNEE,0.5197261571884155,0.7602793574333191,0.010286588221788406,0,0
50,LEFT_ANKLE,0.48415419459342957,0.8453608751296997,0.0007510136347264051,0,0
50,RIGHT_ANKLE,0.5271090865135193,0.8625480532646179,-0.08235308527946472,0,0
50,LEFT_HEEL,0.48772868514060974,0.8608470559120178,-0.002929020207375288,0,0
50,RIGHT_HEEL,0.5216034054756165,0.8773467540740967,-0.09063532203435898,0,0
50,LEFT_FOOT_INDEX,0.4855438768863678,0.8542843461036682,-0.006612472701817751,0,0
50,RIGHT_FOOT_INDEX,0.5343703031539917,0.8793571591377258,-0.09687480330467224,0,0
51,NOSE,0.5138747692108154,0.47403526306152344,0.11427173763513565,0,0
51,LEFT_EYE_INNER,0.5115950107574463,0.4672035872936249,0.09505829960107803,0,0
51,LEFT_EYE,0.5099366307258606,0.4672403335571289,0.09507694095373154,0,0
51,LEFT_EYE_OUTER,0.5084215998649597,0.4674527645111084,0.09508292376995087,0,0
51,RIGHT_EYE_INNER,0.5164225101470947,0.4675312042236328,0.09580850601196289,0,0
51,RIGHT_EYE,0.5181674361228943,0.4677962362766266,0.09580506384372711,0,0
51,RIGHT_EYE_OUTER,0.5199755430221558,0.46818166971206665,0.09577690809965134,0,0
51,LEFT_EAR,0.5058858394622803,0.4731144309043884,0.022825278341770172,0,0
51,RIGHT_EAR,0.5211253762245178,0.4748231768608093,0.03245920687913895,0,0
51,MOUTH_LEFT,0.5112343430519104,0.48110073804855347,0.09538532793521881,0,0
51,MOUTH_RIGHT,0.5158294439315796,0.4819668233394623,0.09571079164743423,0,0
51,LEFT_SHOULDER,0.4811619222164154,0.5250287652015686,0.004608534276485443,0,0
51,RIGHT_SHOULDER,0.5286603569984436,0.5151635408401489,0.021703103557229042,0,0
51,LEFT_ELBOW,0.46620598435401917,0.5450543761253357,0.0892660841345787,0,0
51,RIGHT_ELBOW,0.5064208507537842,0.497970849275589,0.09476780891418457,0,0
51,LEFT_WRIST,0.47291234135627747,0.5222322940826416,0.21414048969745636,0,0
51,RIGHT_WRIST,0.4704454243183136,0.48780784010887146,0.18831674754619598,0,0
51,LEFT_PINKY,0.4706893861293793,0.523236870765686,0.23176884651184082,0,0
51,RIGHT_PINKY,0.4652819335460663,0.47919002175331116,0.20520929992198944,0,0
51,LEFT_INDEX,0.47280094027519226,0.5217427611351013,0.22529777884483337,0,0
51,RIGHT_INDEX,0.4646510183811188,0.48079705238342285,0.19927002489566803,0,0
51,LEFT_THUMB,0.4751700758934021,0.5246227979660034,0.2159448117017746,0,0
51,RIGHT_THUMB,0.46649324893951416,0.4860399067401886,0.189488023519516,0,0
51,LEFT_HIP,0.4862208068370819,0.6654835343360901,0.0036888769827783108,0,0
51,RIGHT_HIP,0.5159944891929626,0.6664553880691528,-0.004025423899292946,0,0
51,LEFT_KNEE,0.4774390161037445,0.7522291541099548,0.03860165551304817,0,0
51,RIGHT_KNEE,0.5232403874397278,0.759870707988739,0.04146389290690422,0,0
51,LEFT_ANKLE,0.48483362793922424,0.8458307981491089,0.02481154166162014,0,0
51,RIGHT_ANKLE,0.5335165858268738,0.863268256187439,0.00674085970968008,0,0
51,LEFT_HEEL,0.4882330596446991,0.8611419200897217,0.024532543495297432,0,0
51,RIGHT_HEEL,0.5304037928581238,0.878770649433136,0.004847301170229912,0,0
51,LEFT_FOOT_INDEX,0.48508358001708984,0.8537559509277344,0.018365545198321342,0,0
51,RIGHT_FOOT_INDEX,0.536385715007782,0.8706875443458557,-0.0045973495580255985,0,0
52,NOSE,0.5132628083229065,0.4734785854816437,0.11506444960832596,0,0
52,LEFT_EYE_INNER,0.5104077458381653,0.4668276906013489,0.09520542621612549,0,0
52,LEFT_EYE,0.50871741771698,0.46707412600517273,0.09522540867328644,0,0
52,LEFT_EYE_OUTER,0.5071552991867065,0.46745532751083374,0.09524596482515335,0,0
52,RIGHT_EYE_INNER,0.5150414109230042,0.4664780795574188,0.09835868328809738,0,0
52,RIGHT_EYE,0.5166681408882141,0.46649110317230225,0.09833028167486191,0,0
52,RIGHT_EYE_OUTER,0.5184083580970764,0.4666048586368561,0.09829522669315338,0,0
52,LEFT_EAR,0.5042570233345032,0.4730277359485626,0.02471293695271015,0,0
52,RIGHT_EAR,0.5197052359580994,0.472957044839859,0.04115203395485878,0,0
52,MOUTH_LEFT,0.5101147890090942,0.4811524450778961,0.09559515118598938,0,0
52,MOUTH_RIGHT,0.5145082473754883,0.48139920830726624,0.09885098040103912,0,0
52,LEFT_SHOULDER,0.48244521021842957,0.5264094471931458,0.008409600704908371,0,0
52,RIGHT_SHOULDER,0.5286203026771545,0.5121076703071594,0.03469447046518326,0,0
52,LEFT_ELBOW,0.4683808386325836,0.5505169630050659,0.09792482107877731,0,0
52,RIGHT_ELBOW,0.5069108605384827,0.5008255839347839,0.12806753814220428,0,0
52,LEFT_WRIST,0.4736514389514923,0.5295002460479736,0.23173175752162933,0,0
52,RIGHT_WRIST,0.4731621742248535,0.4989076256752014,0.2447768747806549,0,0
52,LEFT_PINKY,0.4693633019924164,0.5246666669845581,0.2523840665817261,0,0
52,RIGHT_PINKY,0.46675559878349304,0.49529770016670227,0.2652978301048279,0,0
52,LEFT_INDEX,0.4686358571052551,0.5207423567771912,0.24474544823169708,0,0
52,RIGHT_INDEX,0.46629631519317627,0.49634912610054016,0.26147884130477905,0,0
52,LEFT_THUMB,0.47418278455734253,0.5227853655815125,0.2338435798883438,0,0
52,RIGHT_THUMB,0.46906015276908875,0.4991186559200287,0.2475033849477768,0,0
52,LEFT_HIP,0.48926201462745667,0.666366696357727,-0.004706337116658688,0,0
52,RIGHT_HIP,0.5183311700820923,0.6650183200836182,0.004269916098564863,0,0
52,LEFT_KNEE,0.4790404140949249,0.752657413482666,0.042106810957193375,0,0
52,RIGHT_KNEE,0.5278897881507874,0.7578961849212646,0.06392432749271393,0,0
52,LEFT_ANKLE,0.48579463362693787,0.8461258411407471,-0.005916908849030733,0,0
52,RIGHT_ANKLE,0.5375340580940247,0.8599415421485901,-0.0008300530025735497,0,0
52,LEFT_HEEL,0.4897237718105316,0.861352264881134,-0.008360501378774643,0,0
52,RIGHT_HEEL,0.5355305075645447,0.8767277598381042,-0.0053253076039254665,0,0
52,LEFT_FOOT_INDEX,0.48279210925102234,0.856036365032196,-0.008004413917660713,0,0
52,RIGHT_FOOT_INDEX,0.5356813669204712,0.869078516960144,-0.011596571654081345,0,0
53,NOSE,0.5126420855522156,0.47480452060699463,0.14564746618270874,0,0
53,LEFT_EYE_INNER,0.5105594992637634,0.46807265281677246,0.12681040167808533,0,0
53,LEFT_EYE,0.508863627910614,0.46831631660461426,0.12682613730430603,0,0
53,LEFT_EYE_OUTER,0.507202684879303,0.4686625599861145,0.12683281302452087,0,0
53,RIGHT_EYE_INNER,0.5153869986534119,0.4675678312778473,0.13165554404258728,0,0
53,RIGHT_EYE,0.5171105861663818,0.46753332018852234,0.1316395252943039,0,0
53,RIGHT_EYE_OUTER,0.519018828868866,0.4675995409488678,0.13161908090114594,0,0
53,LEFT_EAR,0.504502534866333,0.4738454520702362,0.05678862705826759,0,0
53,RIGHT_EAR,0.5204669237136841,0.4736559987068176,0.07793784886598587,0,0
53,MOUTH_LEFT,0.5096564888954163,0.4822678864002228,0.12433861196041107,0,0
53,MOUTH_RIGHT,0.5141723155975342,0.48251646757125854,0.1296912431716919,0,0
53,LEFT_SHOULDER,0.48501428961753845,0.5287109017372131,0.012911533005535603,0,0
53,RIGHT_SHOULDER,0.5291301608085632,0.5126180052757263,0.06938260048627853,0,0
53,LEFT_ELBOW,0.4772871434688568,0.5625509023666382,0.09373785555362701,0,0
53,RIGHT_ELBOW,0.5067278742790222,0.510884702205658,0.12885749340057373,0,0
53,LEFT_WRIST,0.47367948293685913,0.5354698896408081,0.2198641300201416,0,0
53,RIGHT_WRIST,0.4763764441013336,0.5072181224822998,0.1999150663614273,0,0
53,LEFT_PINKY,0.4661525785923004,0.5285059213638306,0.25139787793159485,0,0
53,RIGHT_PINKY,0.46857452392578125,0.505246102809906,0.21387551724910736,0,0
53,LEFT_INDEX,0.46833622455596924,0.52303546667099,0.2299758642911911,0,0
53,RIGHT_INDEX,0.46809491515159607,0.5054367780685425,0.21003898978233337,0,0
53,LEFT_THUMB,0.47222232818603516,0.5249106287956238,0.21859386563301086,0,0
53,RIGHT_THUMB,0.4711838960647583,0.5073768496513367,0.20117521286010742,0,0
53,LEFT_HIP,0.4912818670272827,0.6671475768089294,-0.013983014971017838,0,0
53,RIGHT_HIP,0.5202564001083374,0.6650679707527161,0.013717197813093662,0,0
53,LEFT_KNEE,0.48107853531837463,0.7527793049812317,0.008728393353521824,0,0
53,RIGHT_KNEE,0.5303059220314026,0.7567095160484314,0.041918110102415085,0,0
53,LEFT_ANKLE,0.4865396320819855,0.8470460772514343,-0.04212116822600365,0,0
53,RIGHT_ANKLE,0.5411756038665771,0.8575010895729065,-0.033592429012060165,0,0
53,LEFT_HEEL,0.4900171160697937,0.8626656532287598,-0.04606296494603157,0,0
53,RIGHT_HEEL,0.5401427149772644,0.8746415972709656,-0.039213359355926514,0,0
53,LEFT_FOOT_INDEX,0.48160868883132935,0.8574623465538025,-0.0493340827524662,0,0
53,RIGHT_FOOT_INDEX,0.5376477837562561,0.8685177564620972,-0.04970688372850418,0,0
54,NOSE,0.512123167514801,0.475668340921402,0.12479246407747269,0,0
54,LEFT_EYE_INNER,0.5101353526115417,0.4687242805957794,0.12564800679683685,0,0
54,LEFT_EYE,0.5085142254829407,0.4689747989177704,0.12575137615203857,0,0
54,LEFT_EYE_OUTER,0.50688636302948,0.46931660175323486,0.12582622468471527,0,0
54,RIGHT_EYE_INNER,0.5149362087249756,0.4681588113307953,0.10700768977403641,0,0
54,RIGHT_EYE,0.5166620016098022,0.4680994153022766,0.10699239373207092,0,0
54,RIGHT_EYE_OUTER,0.5185933709144592,0.46811866760253906,0.1069696769118309,0,0
54,LEFT_EAR,0.5045256018638611,0.4744444787502289,0.02387654408812523,0,0
54,RIGHT_EAR,0.5202759504318237,0.47404515743255615,0.049200333654880524,0,0
54,MOUTH_LEFT,0.5093749761581421,0.48318997025489807,0.11168237775564194,0,0
54,MOUTH_RIGHT,0.513838529586792,0.48346054553985596,0.10590208321809769,0,0
54,LEFT_SHOULDER,0.48795491456985474,0.5304010510444641,-0.018546251580119133,0,0
54,RIGHT_SHOULDER,0.529161810874939,0.5139376521110535,0.045832350850105286,0,0
54,LEFT_ELBOW,0.4810272455215454,0.5807214379310608,0.04376789182424545,0,0
54,RIGHT_ELBOW,0.5068261027336121,0.5247884392738342,0.09506352990865707,0,0
54,LEFT_WRIST,0.47463545203208923,0.5455189347267151,0.1533880978822708,0,0
54,RIGHT_WRIST,0.4749481976032257,0.5152708888053894,0.18334300816059113,0,0
54,LEFT_PINKY,0.4697299599647522,0.5378344655036926,0.1656055450439453,0,0
54,RIGHT_PINKY,0.46778959035873413,0.5120587348937988,0.19886749982833862,0,0
54,LEFT_INDEX,0.471417635679245,0.5335084795951843,0.16309911012649536,0,0
54,RIGHT_INDEX,0.46699321269989014,0.5119916796684265,0.17429862916469574,0,0
54,LEFT_THUMB,0.4749436378479004,0.5356588959693909,0.1564760059118271,0,0
54,RIGHT_THUMB,0.4704926311969757,0.5147268176078796,0.18252292275428772,0,0
54,LEFT_HIP,0.4931841790676117,0.6674681305885315,-0.02393980696797371,0,0
54,RIGHT_HIP,0.522224485874176,0.6650208830833435,0.02374141290783882,0,0
54,LEFT_KNEE,0.4823644459247589,0.7530593276023865,0.005977201741188765,0,0
54,RIGHT_KNEE,0.5317248106002808,0.7574421167373657,0.0534382089972496,0,0
54,LEFT_ANKLE,0.4873444139957428,0.8471041917800903,-0.01302730105817318,0,0
54,RIGHT_ANKLE,0.5432800650596619,0.8574690818786621,0.002633765572682023,0,0
54,LEFT_HEEL,0.4906192719936371,0.8634616136550903,-0.01327009592205286,0,0
54,RIGHT_HEEL,0.5438787937164307,0.8743457794189453,-0.0010511515429243445,0,0
54,LEFT_FOOT_INDEX,0.4801594913005829,0.858186662197113,-0.015071761794388294,0,0
54,RIGHT_FOOT_INDEX,0.537143886089325,0.8665733337402344,-0.008508562110364437,0,0
55,NOSE,0.5118818879127502,0.475844144821167,0.12264358997344971,0,0
55,LEFT_EYE_INNER,0.5100212693214417,0.4687750041484833,0.10696831345558167,0,0
55,LEFT_EYE,0.5084602236747742,0.46913912892341614,0.10698692500591278,0,0
55,LEFT_EYE_OUTER,0.5068622827529907,0.4695196747779846,0.10700355470180511,0,0
55,RIGHT_EYE_INNER,0.5147930383682251,0.4686042368412018,0.1082070842385292,0,0
55,RIGHT_EYE,0.5165250301361084,0.4686405062675476,0.10818574577569962,0,0
55,RIGHT_EYE_OUTER,0.518474280834198,0.46876341104507446,0.10813582688570023,0,0
55,LEFT_EAR,0.5050137639045715,0.47467708587646484,0.027090543881058693,0,0
55,RIGHT_EAR,0.5204041004180908,0.47457778453826904,0.05787748470902443,0,0
55,MOUTH_LEFT,0.5094159245491028,0.4838395416736603,0.10317594558000565,0,0
55,MOUTH_RIGHT,0.5138930678367615,0.4839586019515991,0.10741020739078522,0,0
55,LEFT_SHOULDER,0.4913867115974426,0.5327447652816772,-0.0183593537658453,0,0
55,RIGHT_SHOULDER,0.5294279456138611,0.5153974890708923,0.05607863515615463,0,0
55,LEFT_ELBOW,0.4859459698200226,0.5840814709663391,-0.027663616463541985,0,0
55,RIGHT_ELBOW,0.5069952011108398,0.5299776792526245,0.04007142037153244,0,0
55,LEFT_WRIST,0.47602230310440063,0.545173704624176,-0.005462069995701313,0,0
55,RIGHT_WRIST,0.4768775701522827,0.5194098353385925,-0.013944515027105808,0,0
55,LEFT_PINKY,0.47163575887680054,0.5367950797080994,-0.010993844829499722,0,0
55,RIGHT_PINKY,0.46987858414649963,0.5144723057746887,-0.018322257325053215,0,0
55,LEFT_INDEX,0.4736439883708954,0.5306536555290222,-0.010206390172243118,0,0
55,RIGHT_INDEX,0.4703006446361542,0.514927864074707,-0.021236063912510872,0,0
55,LEFT_THUMB,0.476640522480011,0.5342592000961304,-0.0039652385748922825,0,0
55,RIGHT_THUMB,0.47324615716934204,0.518553614616394,-0.01628989540040493,0,0
55,LEFT_HIP,0.4957614839076996,0.6679209470748901,-0.026809655129909515,0,0
55,RIGHT_HIP,0.5246611833572388,0.6657851934432983,0.02668619528412819,0,0
55,LEFT_KNEE,0.4842017889022827,0.753271222114563,-0.018091758713126183,0,0
55,RIGHT_KNEE,0.5321499705314636,0.7580592036247253,0.051053181290626526,0,0
55,LEFT_ANKLE,0.4884544610977173,0.8477650284767151,-0.024139443412423134,0,0
55,RIGHT_ANKLE,0.5429500341415405,0.8584924340248108,0.025188608095049858,0,0
55,LEFT_HEEL,0.49103447794914246,0.8646868467330933,-0.024268867447972298,0,0
55,RIGHT_HEEL,0.5430179238319397,0.8750380277633667,0.023056020960211754,0,0
55,LEFT_FOOT_INDEX,0.4813916087150574,0.8568301200866699,-0.03390912711620331,0,0
55,RIGHT_FOOT_INDEX,0.5383082032203674,0.86576247215271,0.011145343072712421,0,0
56,NOSE,0.513009250164032,0.4759819805622101,0.14202150702476501,0,0
56,LEFT_EYE_INNER,0.5111181735992432,0.4688325524330139,0.12110741436481476,0,0
56,LEFT_EYE,0.5094877481460571,0.4692371189594269,0.12110226601362228,0,0
56,LEFT_EYE_OUTER,0.5077419877052307,0.46961864829063416,0.12109916657209396,0,0
56,RIGHT_EYE_INNER,0.5160322189331055,0.46882158517837524,0.127217099070549,0,0
56,RIGHT_EYE,0.5177901387214661,0.46885278820991516,0.12719829380512238,0,0
56,RIGHT_EYE_OUTER,0.5198046565055847,0.46898388862609863,0.1271451860666275,0,0
56,LEFT_EAR,0.5055567622184753,0.47476279735565186,0.044241588562726974,0,0
56,RIGHT_EAR,0.5220077633857727,0.4747026860713959,0.07271024584770203,0,0
56,MOUTH_LEFT,0.5104975700378418,0.4842580258846283,0.11861259490251541,0,0
56,MOUTH_RIGHT,0.5151634216308594,0.4844149649143219,0.1257268339395523,0,0
56,LEFT_SHOULDER,0.4916505217552185,0.5325337648391724,-0.008540675975382328,0,0
56,RIGHT_SHOULDER,0.5310051441192627,0.5167034864425659,0.06914683431386948,0,0
56,LEFT_ELBOW,0.489595502614975,0.5847200751304626,-0.005040470045059919,0,0
56,RIGHT_ELBOW,0.5121967792510986,0.5315511226654053,0.047667499631643295,0,0
56,LEFT_WRIST,0.478741317987442,0.5476206541061401,0.035944484174251556,0,0
56,RIGHT_WRIST,0.48027512431144714,0.521803081035614,0.030570130795240402,0,0
56,LEFT_PINKY,0.472459614276886,0.5405414700508118,0.03393251821398735,0,0
56,RIGHT_PINKY,0.47439348697662354,0.5180981755256653,0.030670199543237686,0,0
56,LEFT_INDEX,0.4746416509151459,0.5343368053436279,0.03572104871273041,0,0
56,RIGHT_INDEX,0.47414103150367737,0.5172592997550964,0.027619970962405205,0,0
56,LEFT_THUMB,0.4775148630142212,0.5366742610931396,0.0384519100189209,0,0
56,RIGHT_THUMB,0.47669169306755066,0.5211264491081238,0.028794201090931892,0,0
56,LEFT_HIP,0.49708932638168335,0.6681371331214905,-0.025649193674325943,0,0
56,RIGHT_HIP,0.5266932845115662,0.6665036678314209,0.025543350726366043,0,0
56,LEFT_KNEE,0.48712918162345886,0.7532103657722473,-0.015704087913036346,0,0
56,RIGHT_KNEE,0.5328934192657471,0.7587569952011108,0.05232030153274536,0,0
56,LEFT_ANKLE,0.488864541053772,0.8491663932800293,-0.023430002853274345,0,0
56,RIGHT_ANKLE,0.5427693724632263,0.8595578074455261,0.023823922500014305,0,0
56,LEFT_HEEL,0.4907165467739105,0.8661115765571594,-0.023892143741250038,0,0
56,RIGHT_HEEL,0.5417968034744263,0.8756714463233948,0.02116210386157036,0,0
56,LEFT_FOOT_INDEX,0.4825630784034729,0.8545730710029602,-0.03200006112456322,0,0
56,RIGHT_FOOT_INDEX,0.5384643077850342,0.865332305431366,0.010798677802085876,0,0
57,NOSE,0.5144311785697937,0.4782021939754486,0.12851594388484955,0,0
57,LEFT_EYE_INNER,0.5120798349380493,0.4709778130054474,0.10960041731595993,0,0
57,LEFT_EYE,0.5103760957717896,0.4714164137840271,0.10960481315851212,0,0
57,LEFT_EYE_OUTER,0.5085875391960144,0.47184982895851135,0.10960853844881058,0,0
57,RIGHT_EYE_INNER,0.51732337474823,0.4706256687641144,0.11302099376916885,0,0
57,RIGHT_EYE,0.5191159248352051,0.4706230163574219,0.11300209909677505,0,0
57,RIGHT_EYE_OUTER,0.5211154818534851,0.47068968415260315,0.11295570433139801,0,0
57,LEFT_EAR,0.5064375400543213,0.4774323105812073,0.03623589500784874,0,0
57,RIGHT_EAR,0.5229886770248413,0.47630423307418823,0.05726740509271622,0,0
57,MOUTH_LEFT,0.5119306445121765,0.48695847392082214,0.10858388245105743,0,0
57,MOUTH_RIGHT,0.5169323682785034,0.4869348108768463,0.11189044266939163,0,0
57,LEFT_SHOULDER,0.4942884147167206,0.5365668535232544,-0.009322688914835453,0,0
57,RIGHT_SHOULDER,0.5319635272026062,0.5174808502197266,0.0487399697303772,0,0
57,LEFT_ELBOW,0.49361297488212585,0.5918490290641785,0.014263423159718513,0,0
57,RIGHT_ELBOW,0.5122917294502258,0.5332427024841309,0.04911563917994499,0,0
57,LEFT_WRIST,0.48088109493255615,0.5497274398803711,0.07343122363090515,0,0
57,RIGHT_WRIST,0.48091527819633484,0.5230123400688171,0.04221557080745697,0,0
57,LEFT_PINKY,0.471950888633728,0.543510377407074,0.07739098370075226,0,0
57,RIGHT_PINKY,0.4730325937271118,0.519981324672699,0.04551826789975166,0,0
57,LEFT_INDEX,0.47429296374320984,0.5378571152687073,0.07833973318338394,0,0
57,RIGHT_INDEX,0.4718061089515686,0.518907904624939,0.041945379227399826,0,0
57,LEFT_THUMB,0.4779656231403351,0.5403178930282593,0.07643748819828033,0,0
57,RIGHT_THUMB,0.4751373827457428,0.5225450396537781,0.04095076769590378,0,0
57,LEFT_HIP,0.4975961446762085,0.6701462268829346,-0.01749260351061821,0,0
57,RIGHT_HIP,0.5279296636581421,0.6669022440910339,0.017360862344503403,0,0
57,LEFT_KNEE,0.4884623885154724,0.7564348578453064,-0.013986586593091488,0,0
57,RIGHT_KNEE,0.5334028005599976,0.7589225769042969,0.04318331554532051,0,0
57,LEFT_ANKLE,0.4889640808105469,0.8513123393058777,-0.020674297586083412,0,0
57,RIGHT_ANKLE,0.5424848794937134,0.8613781929016113,0.016541648656129837,0,0
57,LEFT_HEEL,0.49070820212364197,0.8679971694946289,-0.020853837952017784,0,0
57,RIGHT_HEEL,0.5406755208969116,0.8763039708137512,0.01493308786302805,0,0
57,LEFT_FOOT_INDEX,0.48507341742515564,0.8549677133560181,-0.03109978698194027,0,0
57,RIGHT_FOOT_INDEX,0.5395697951316833,0.8668633103370667,0.0036169150844216347,0,0
58,NOSE,0.5140281319618225,0.4788512587547302,0.1010795310139656,0,0
58,LEFT_EYE_INNER,0.5117263793945312,0.47172829508781433,0.0793876200914383,0,0
58,LEFT_EYE,0.5100241303443909,0.4722825586795807,0.07938551902770996,0,0
58,LEFT_EYE_OUTER,0.5082443356513977,0.472825288772583,0.07939926534891129,0,0
58,RIGHT_EYE_INNER,0.5169247388839722,0.471019983291626,0.08693153411149979,0,0
58,RIGHT_EYE,0.518675684928894,0.47096729278564453,0.0869058221578598,0,0
58,RIGHT_EYE_OUTER,0.5206373333930969,0.4709741175174713,0.08682933449745178,0,0
58,LEFT_EAR,0.5062621831893921,0.47902464866638184,0.0052907997742295265,0,0
58,RIGHT_EAR,0.5223782062530518,0.4769380986690521,0.03792574629187584,0,0
58,MOUTH_LEFT,0.5114514231681824,0.48836269974708557,0.07819045335054398,0,0
58,MOUTH_RIGHT,0.516328752040863,0.48796162009239197,0.08696497976779938,0,0
58,LEFT_SHOULDER,0.4979051649570465,0.5395417213439941,-0.0349419079720974,0,0
58,RIGHT_SHOULDER,0.5334498286247253,0.517968475818634,0.04393338784575462,0,0
58,LEFT_ELBOW,0.4965139925479889,0.5912168622016907,-0.01405388955026865,0,0
58,RIGHT_ELBOW,0.5125579237937927,0.5343008041381836,0.08570381999015808,0,0
58,LEFT_WRIST,0.4827978312969208,0.5664967894554138,0.03509896248579025,0,0
58,RIGHT_WRIST,0.4820040762424469,0.5222623944282532,0.14029136300086975,0,0
58,LEFT_PINKY,0.47608914971351624,0.5503943562507629,0.03678793087601662,0,0
58,RIGHT_PINKY,0.47511374950408936,0.5182369947433472,0.1504889577627182,0,0
58,LEFT_INDEX,0.47826293110847473,0.5560741424560547,0.0354224257171154,0,0
58,RIGHT_INDEX,0.4735151529312134,0.5167489647865295,0.14351923763751984,0,0
58,LEFT_THUMB,0.4823896288871765,0.5581063628196716,0.03694145381450653,0,0
58,RIGHT_THUMB,0.4747266471385956,0.5204002857208252,0.13907276093959808,0,0
58,LEFT_HIP,0.5002589821815491,0.6729286909103394,-0.022357534617185593,0,0
58,RIGHT_HIP,0.5290628671646118,0.6687199473381042,0.022218037396669388,0,0
58,LEFT_KNEE,0.4886936545372009,0.7594196200370789,-0.01833677664399147,0,0
58,RIGHT_KNEE,0.534631609916687,0.7612884640693665,0.04500685632228851,0,0
58,LEFT_ANKLE,0.4888341724872589,0.8524681329727173,-0.017056088894605637,0,0
58,RIGHT_ANKLE,0.5428950786590576,0.8657535910606384,0.026703588664531708,0,0
58,LEFT_HEEL,0.4912462532520294,0.868910551071167,-0.015903403982520103,0,0
58,RIGHT_HEEL,0.5415889024734497,0.8801438808441162,0.02577582374215126,0,0
58,LEFT_FOOT_INDEX,0.48211243748664856,0.8554096817970276,-0.022071491926908493,0,0
58,RIGHT_FOOT_INDEX,0.5385127663612366,0.8676729798316956,0.016160812228918076,0,0
59,NOSE,0.5137048959732056,0.4800165891647339,0.07990679144859314,0,0
59,LEFT_EYE_INNER,0.511458158493042,0.4724158048629761,0.05829055607318878,0,0
59,LEFT_EYE,0.5097892880439758,0.47294822335243225,0.05827533081173897,0,0
59,LEFT_EYE_OUTER,0.5080464482307434,0.4734691381454468,0.058292437344789505,0,0
59,RIGHT_EYE_INNER,0.5165418386459351,0.47165796160697937,0.06660409271717072,0,0
59,RIGHT_EYE,0.518272876739502,0.4716102182865143,0.06657970696687698,0,0
59,RIGHT_EYE_OUTER,0.5202047824859619,0.4716051518917084,0.06651239842176437,0,0
59,LEFT_EAR,0.506109893321991,0.47978684306144714,-0.013458490371704102,0,0
59,RIGHT_EAR,0.5225077271461487,0.4778229892253876,0.02214386872947216,0,0
59,MOUTH_LEFT,0.5113189220428467,0.4898000657558441,0.057682011276483536,0,0
59,MOUTH_RIGHT,0.516284167766571,0.4893020689487457,0.06759370118379593,0,0
59,LEFT_SHOULDER,0.49969807267189026,0.5416064262390137,-0.058802954852581024,0,0
59,RIGHT_SHOULDER,0.534946858882904,0.5206606984138489,0.03596334531903267,0,0
59,LEFT_ELBOW,0.4955214262008667,0.6045779585838318,-0.06611277163028717,0,0
59,RIGHT_ELBOW,0.5162866711616516,0.5347774624824524,0.09833087027072906,0,0
59,LEFT_WRIST,0.48528918623924255,0.5927711129188538,-0.04901854321360588,0,0
59,RIGHT_WRIST,0.4847918450832367,0.5207282900810242,0.1772143840789795,0,0
59,LEFT_PINKY,0.4784591794013977,0.5902674198150635,-0.054161813110113144,0,0
59,RIGHT_PINKY,0.47890299558639526,0.5154479146003723,0.1911921501159668,0,0
59,LEFT_INDEX,0.4788389205932617,0.582643449306488,-0.05539579316973686,0,0
59,RIGHT_INDEX,0.4743811786174774,0.5140277147293091,0.18401329219341278,0,0
59,LEFT_THUMB,0.4830875098705292,0.5817072987556458,-0.048290498554706573,0,0
59,RIGHT_THUMB,0.4760430157184601,0.5178356170654297,0.1765321046113968,0,0
59,LEFT_HIP,0.5016212463378906,0.6774733066558838,-0.026549329981207848,0,0
59,RIGHT_HIP,0.5301262140274048,0.6745782494544983,0.02639278955757618,0,0
59,LEFT_KNEE,0.4892174303531647,0.759535551071167,-0.006565487012267113,0,0
59,RIGHT_KNEE,0.5358549952507019,0.7643095850944519,0.060722287744283676,0,0
59,LEFT_ANKLE,0.48873278498649597,0.8534137010574341,0.011576677672564983,0,0
59,RIGHT_ANKLE,0.5432882308959961,0.8685010075569153,0.059900034219026566,0,0
59,LEFT_HEEL,0.49163779616355896,0.8696815371513367,0.016352470964193344,0,0
59,RIGHT_HEEL,0.5425893664360046,0.8824255466461182,0.06069150194525719,0,0
59,LEFT_FOOT_INDEX,0.47824984788894653,0.8530681729316711,0.016023296862840652,0,0
59,RIGHT_FOOT_INDEX,0.53705233335495,0.8671157360076904,0.05275125801563263,0,0
60,NOSE,0.5139402747154236,0.4809439182281494,0.08635259419679642,0,0
60,LEFT_EYE_INNER,0.5114870667457581,0.4729556739330292,0.06672057509422302,0,0
60,LEFT_EYE,0.5098608136177063,0.4735023081302643,0.06671290099620819,0,0
60,LEFT_EYE_OUTER,0.5081475377082825,0.47402849793434143,0.06672874838113785,0,0
60,RIGHT_EYE_INNER,0.5164772272109985,0.47196540236473083,0.07503267377614975,0,0
60,RIGHT_EYE,0.5181988477706909,0.4718560576438904,0.0750071108341217,0,0
60,RIGHT_EYE_OUTER,0.520125687122345,0.47180473804473877,0.07494481652975082,0,0
60,LEFT_EAR,0.5067302584648132,0.4800676703453064,0.0006431070505641401,0,0
60,RIGHT_EAR,0.5229519605636597,0.47796812653541565,0.028850601986050606,0,0
60,MOUTH_LEFT,0.5120542049407959,0.49069106578826904,0.0658932477235794,0,0
60,MOUTH_RIGHT,0.5168802738189697,0.4902521073818207,0.0756603330373764,0,0
60,LEFT_SHOULDER,0.5003067255020142,0.54084712266922,-0.04781661182641983,0,0
60,RIGHT_SHOULDER,0.5361682772636414,0.5225292444229126,0.04866577684879303,0,0
60,LEFT_ELBOW,0.4945162832736969,0.6041616201400757,-0.04389648884534836,0,0
60,RIGHT_ELBOW,0.5156117677688599,0.5452198386192322,0.08423984050750732,0,0
60,LEFT_WRIST,0.4869198501110077,0.6143897771835327,-0.008215050213038921,0,0
60,RIGHT_WRIST,0.4853362739086151,0.5219780206680298,0.12218281626701355,0,0
60,LEFT_PINKY,0.48373690247535706,0.6167182326316833,-0.010494260117411613,0,0
60,RIGHT_PINKY,0.4790618121623993,0.5167957544326782,0.12789742648601532,0,0
60,LEFT_INDEX,0.48401886224746704,0.6103416085243225,-0.014368045143783092,0,0
60,RIGHT_INDEX,0.47462698817253113,0.5154591798782349,0.11970595270395279,0,0
60,LEFT_THUMB,0.4865051209926605,0.6093909740447998,-0.007695878390222788,0,0
60,RIGHT_THUMB,0.4768582582473755,0.5190951228141785,0.11791684478521347,0,0
60,LEFT_HIP,0.5032776594161987,0.6772709488868713,-0.02803230471909046,0,0
60,RIGHT_HIP,0.5307926535606384,0.6750561594963074,0.027878880500793457,0,0
60,LEFT_KNEE,0.4892657697200775,0.7595186233520508,-0.01877709850668907,0,0
60,RIGHT_KNEE,0.5360618233680725,0.7649195790290833,0.05358259379863739,0,0
60,LEFT_ANKLE,0.48854750394821167,0.8545030951499939,-0.005964704789221287,0,0
60,RIGHT_ANKLE,0.5436661243438721,0.8687708973884583,0.02995057962834835,0,0
60,LEFT_HEEL,0.49188974499702454,0.8719872236251831,-0.0026381839998066425,0,0
60,RIGHT_HEEL,0.5436287522315979,0.882942795753479,0.028818761929869652,0,0
60,LEFT_FOOT_INDEX,0.4681240916252136,0.8536145091056824,-0.006209093611687422,0,0
60,RIGHT_FOOT_INDEX,0.5362810492515564,0.8676027059555054,0.01837373524904251,0,0
61,NOSE,0.5134934782981873,0.4812912046909332,0.08349239081144333,0,0
61,LEFT_EYE_INNER,0.5108528733253479,0.4734172821044922,0.06362676620483398,0,0
61,LEFT_EYE,0.5092759728431702,0.4740833342075348,0.0636129081249237,0,0
61,LEFT_EYE_OUTER,0.5076890587806702,0.47472286224365234,0.063625767827034,0,0
61,RIGHT_EYE_INNER,0.5158718824386597,0.4720476269721985,0.0743347778916359,0,0
61,RIGHT_EYE,0.5176839232444763,0.47189265489578247,0.07431229203939438,0,0
61,RIGHT_EYE_OUTER,0.5196283459663391,0.4719010889530182,0.0742499828338623,0,0
61,LEFT_EAR,0.5065089464187622,0.4808351993560791,-0.0037067458033561707,0,0
61,RIGHT_EAR,0.522691011428833,0.47800207138061523,0.03681652247905731,0,0
61,MOUTH_LEFT,0.5118323564529419,0.49154019355773926,0.06211470067501068,0,0
61,MOUTH_RIGHT,0.5167090892791748,0.4906553626060486,0.07501497119665146,0,0
61,LEFT_SHOULDER,0.5024274587631226,0.5416197776794434,-0.06001874431967735,0,0
61,RIGHT_SHOULDER,0.5370181798934937,0.524217963218689,0.05824171379208565,0,0
61,LEFT_ELBOW,0.4993771016597748,0.6145831942558289,-0.0501195564866066,0,0
61,RIGHT_ELBOW,0.517462968826294,0.5749285221099854,0.11035212129354477,0,0
61,LEFT_WRIST,0.4867199957370758,0.6169000864028931,0.011779790744185448,0,0
61,RIGHT_WRIST,0.48629119992256165,0.5669292211532593,0.16421228647232056,0,0
61,LEFT_PINKY,0.48262929916381836,0.6191892623901367,0.011792774312198162,0,0
61,RIGHT_PINKY,0.4797969162464142,0.5645202398300171,0.17749445140361786,0,0
61,LEFT_INDEX,0.4831511378288269,0.612541675567627,0.0118562001734972,0,0
61,RIGHT_INDEX,0.47477686405181885,0.5612062215805054,0.16958089172840118,0,0
61,LEFT_THUMB,0.4858551621437073,0.6105624437332153,0.014665721915662289,0,0
61,RIGHT_THUMB,0.47693297266960144,0.562944769859314,0.16213150322437286,0,0
61,LEFT_HIP,0.5042441487312317,0.6777666807174683,-0.03237735852599144,0,0
61,RIGHT_HIP,0.5315080881118774,0.6763549447059631,0.0322449691593647,0,0
61,LEFT_KNEE,0.4886254370212555,0.7601273059844971,-0.020352574065327644,0,0
61,RIGHT_KNEE,0.5367902517318726,0.766171395778656,0.05339668691158295,0,0
61,LEFT_ANKLE,0.4885106682777405,0.8553938269615173,-0.006224064622074366,0,0
61,RIGHT_ANKLE,0.5439544320106506,0.8694950342178345,0.039051685482263565,0,0
61,LEFT_HEEL,0.49186697602272034,0.873443067073822,-0.0030704247765243053,0,0
61,RIGHT_HEEL,0.5441001057624817,0.883810818195343,0.03852442651987076,0,0
61,LEFT_FOOT_INDEX,0.4634813666343689,0.8544566631317139,-0.006139059085398912,0,0
61,RIGHT_FOOT_INDEX,0.5359847545623779,0.868264377117157,0.032873980700969696,0,0
62,NOSE,0.5131930112838745,0.4813416004180908,0.0848885327577591,0,0
62,LEFT_EYE_INNER,0.5103656053543091,0.47344139218330383,0.06375133246183395,0,0
62,LEFT_EYE,0.5088617205619812,0.47410905361175537,0.06373968720436096,0,0
62,LEFT_EYE_OUTER,0.5074132680892944,0.4747697114944458,0.06375245004892349,0,0
62,RIGHT_EYE_INNER,0.5155590772628784,0.47213587164878845,0.07328090816736221,0,0
62,RIGHT_EYE,0.5174422264099121,0.471962571144104,0.07325378805398941,0,0
62,RIGHT_EYE_OUTER,0.5194216370582581,0.4719265401363373,0.07317745685577393,0,0
62,LEFT_EAR,0.5063456892967224,0.4809246063232422,-0.007749547716230154,0,0
62,RIGHT_EAR,0.5225692391395569,0.47795918583869934,0.03222713991999626,0,0
62,MOUTH_LEFT,0.5115448832511902,0.4916676878929138,0.06241621822118759,0,0
62,MOUTH_RIGHT,0.5166108012199402,0.49067196249961853,0.0737202987074852,0,0
62,LEFT_SHOULDER,0.501203179359436,0.5419189929962158,-0.058992650359869,0,0
62,RIGHT_SHOULDER,0.537909209728241,0.5257763862609863,0.04982397332787514,0,0
62,LEFT_ELBOW,0.49791619181632996,0.6161999106407166,-0.02638520672917366,0,0
62,RIGHT_ELBOW,0.5179072022438049,0.5791475176811218,0.1025485023856163,0,0
62,LEFT_WRIST,0.4864197075366974,0.615901529788971,0.05177794024348259,0,0
62,RIGHT_WRIST,0.48662102222442627,0.5743768811225891,0.17085076868534088,0,0
62,LEFT_PINKY,0.48185107111930847,0.6166617274284363,0.057233501225709915,0,0
62,RIGHT_PINKY,0.47943100333213806,0.5677950978279114,0.18520529568195343,0,0
62,LEFT_INDEX,0.4826861023902893,0.6081993579864502,0.05570859834551811,0,0
62,RIGHT_INDEX,0.4751717150211334,0.5630835294723511,0.17867155373096466,0,0
62,LEFT_THUMB,0.48565831780433655,0.6076604723930359,0.0548817440867424,0,0
62,RIGHT_THUMB,0.47774365544319153,0.5640444159507751,0.16980387270450592,0,0
62,LEFT_HIP,0.5036244988441467,0.6813803911209106,-0.03305802494287491,0,0
62,RIGHT_HIP,0.5309459567070007,0.6793381571769714,0.03288833051919937,0,0
62,LEFT_KNEE,0.48636189103126526,0.7619993090629578,-0.010519198141992092,0,0
62,RIGHT_KNEE,0.536993145942688,0.7662592530250549,0.06065928190946579,0,0
62,LEFT_ANKLE,0.48838233947753906,0.8580697774887085,0.010556691326200962,0,0
62,RIGHT_ANKLE,0.5440188646316528,0.8693884015083313,0.04924461990594864,0,0
62,LEFT_HEEL,0.4921102225780487,0.8758049011230469,0.014820685610175133,0,0
62,RIGHT_HEEL,0.5440375208854675,0.8838999271392822,0.04900527372956276,0,0
62,LEFT_FOOT_INDEX,0.4614968001842499,0.8603636622428894,0.016025666147470474,0,0
62,RIGHT_FOOT_INDEX,0.5357341766357422,0.868805468082428,0.04363836348056793,0,0
63,NOSE,0.5131036043167114,0.4812663793563843,0.0893295556306839,0,0
63,LEFT_EYE_INNER,0.5103567242622375,0.4734072685241699,0.06790891289710999,0,0
63,LEFT_EYE,0.5088468790054321,0.47406309843063354,0.06789375841617584,0,0
63,LEFT_EYE_OUTER,0.5073744058609009,0.47472167015075684,0.06790294498205185,0,0
63,RIGHT_EYE_INNER,0.5155059695243835,0.4720696210861206,0.07708786427974701,0,0
63,RIGHT_EYE,0.5173659324645996,0.47187528014183044,0.07706241309642792,0,0
63,RIGHT_EYE_OUTER,0.5193275213241577,0.4717855453491211,0.07699472457170486,0,0
63,LEFT_EAR,0.5062329173088074,0.4809179902076721,-0.00826213788241148,0,0
63,RIGHT_EAR,0.5227394700050354,0.4778229892253876,0.03345898538827896,0,0
63,MOUTH_LEFT,0.5114132761955261,0.49163463711738586,0.06577327102422714,0,0
63,MOUTH_RIGHT,0.5164247751235962,0.4904440939426422,0.07713098078966141,0,0
63,LEFT_SHOULDER,0.5007458925247192,0.5427464842796326,-0.06681785732507706,0,0
63,RIGHT_SHOULDER,0.5385723114013672,0.5272626280784607,0.052489325404167175,0,0
63,LEFT_ELBOW,0.49710819125175476,0.6159589886665344,-0.034614745527505875,0,0
63,RIGHT_ELBOW,0.5237945914268494,0.5881546139717102,0.12462107092142105,0,0
63,LEFT_WRIST,0.4861563444137573,0.6170749068260193,0.054697807878255844,0,0
63,RIGHT_WRIST,0.49447906017303467,0.580510675907135,0.21549205482006073,0,0
63,LEFT_PINKY,0.48177558183670044,0.6194448471069336,0.06068695709109306,0,0
63,RIGHT_PINKY,0.4881921708583832,0.5787439346313477,0.23311151564121246,0,0
63,LEFT_INDEX,0.481701523065567,0.6107434034347534,0.05996298789978027,0,0
63,RIGHT_INDEX,0.48528656363487244,0.574230968952179,0.22670941054821014,0,0
63,LEFT_THUMB,0.48475974798202515,0.609435498714447,0.05895644426345825,0,0
63,RIGHT_THUMB,0.4865597188472748,0.5748538970947266,0.21492260694503784,0,0
63,LEFT_HIP,0.5030426383018494,0.6823214888572693,-0.03661163151264191,0,0
63,RIGHT_HIP,0.5303346514701843,0.6816738247871399,0.036469556391239166,0,0
63,LEFT_KNEE,0.48371991515159607,0.7618072628974915,-0.01812485046684742,0,0
63,RIGHT_KNEE,0.5366731882095337,0.766953706741333,0.06051337346434593,0,0
63,LEFT_ANKLE,0.4880952835083008,0.862537145614624,-0.008333100937306881,0,0
63,RIGHT_ANKLE,0.543724775314331,0.869637131690979,0.04360123351216316,0,0
63,LEFT_HEEL,0.4921319782733917,0.8807489275932312,-0.0053421021439135075,0,0
63,RIGHT_HEEL,0.5441261529922485,0.8841862678527832,0.04269791394472122,0,0
63,LEFT_FOOT_INDEX,0.4613039195537567,0.8666684031486511,-0.0032926376443356276,0,0
63,RIGHT_FOOT_INDEX,0.5351709723472595,0.8690952062606812,0.03861893340945244,0,0
64,NOSE,0.5116465091705322,0.48127231001853943,0.09935770183801651,0,0
64,LEFT_EYE_INNER,0.5090355277061462,0.473425030708313,0.07597511261701584,0,0
64,LEFT_EYE,0.5076796412467957,0.47406062483787537,0.07595113664865494,0,0
64,LEFT_EYE_OUTER,0.5063175559043884,0.4747045338153839,0.07595133036375046,0,0
64,RIGHT_EYE_INNER,0.5137227177619934,0.47211095690727234,0.08593996614217758,0,0
64,RIGHT_EYE,0.5155760645866394,0.47190502285957336,0.0859067440032959,0,0
64,RIGHT_EYE_OUTER,0.517510712146759,0.47179850935935974,0.0858222022652626,0,0
64,LEFT_EAR,0.505541980266571,0.4809077978134155,-0.002240163506940007,0,0
64,RIGHT_EAR,0.5218848586082458,0.4778308570384979,0.03500359505414963,0,0
64,MOUTH_LEFT,0.5100234746932983,0.4916056990623474,0.07188086956739426,0,0
64,MOUTH_RIGHT,0.514840841293335,0.4904344379901886,0.08424482494592667,0,0
64,LEFT_SHOULDER,0.4996495842933655,0.5430194139480591,-0.057412683963775635,0,0
64,RIGHT_SHOULDER,0.5389746427536011,0.5280789136886597,0.05024199187755585,0,0
64,LEFT_ELBOW,0.4962063133716583,0.6168205738067627,-0.024583207443356514,0,0
64,RIGHT_ELBOW,0.5232731103897095,0.5881486535072327,0.120914526283741,0,0
64,LEFT_WRIST,0.48609304428100586,0.6169019937515259,0.08630900084972382,0,0
64,RIGHT_WRIST,0.49351966381073,0.5826836824417114,0.21823053061962128,0,0
64,LEFT_PINKY,0.4794060289859772,0.6207048892974854,0.09444524347782135,0,0
64,RIGHT_PINKY,0.48717033863067627,0.5821847319602966,0.23656736314296722,0,0
64,LEFT_INDEX,0.48090478777885437,0.6120713353157043,0.09346803277730942,0,0
64,RIGHT_INDEX,0.48459991812705994,0.5777036547660828,0.23180559277534485,0,0
64,LEFT_THUMB,0.4808049499988556,0.6089975833892822,0.08971432596445084,0,0
64,RIGHT_THUMB,0.4857034981250763,0.5781052112579346,0.21845921874046326,0,0
64,LEFT_HIP,0.5023028254508972,0.6824735999107361,-0.035900816321372986,0,0
64,RIGHT_HIP,0.5298060774803162,0.6823869347572327,0.03572821617126465,0,0
64,LEFT_KNEE,0.47975119948387146,0.7618902325630188,-0.015723073855042458,0,0
64,RIGHT_KNEE,0.5363525748252869,0.7671499848365784,0.06620492041110992,0,0
64,LEFT_ANKLE,0.48749828338623047,0.8670507669448853,-0.006882100366055965,0,0
64,RIGHT_ANKLE,0.5437695980072021,0.8708885312080383,0.054708849638700485,0,0
64,LEFT_HEEL,0.49203431606292725,0.8851114511489868,-0.004146560560911894,0,0
64,RIGHT_HEEL,0.5440322756767273,0.885327160358429,0.05447481945157051,0,0
64,LEFT_FOOT_INDEX,0.46257734298706055,0.8744429349899292,-0.002960456069558859,0,0
64,RIGHT_FOOT_INDEX,0.5354346036911011,0.8698830008506775,0.0506632961332798,0,0
65,NOSE,0.5103064775466919,0.48193177580833435,0.09965123236179352,0,0
65,LEFT_EYE_INNER,0.5077007412910461,0.473953515291214,0.07604774087667465,0,0
65,LEFT_EYE,0.5064114928245544,0.47451692819595337,0.07602646946907043,0,0
65,LEFT_EYE_OUTER,0.505111813545227,0.47509557008743286,0.07602842152118683,0,0
65,RIGHT_EYE_INNER,0.5120943188667297,0.47257333993911743,0.08638893067836761,0,0
65,RIGHT_EYE,0.5138522386550903,0.4722737967967987,0.08636032044887543,0,0
65,RIGHT_EYE_OUTER,0.5157452821731567,0.47207707166671753,0.08627628535032272,0,0
65,LEFT_EAR,0.5044746994972229,0.4812377393245697,-0.004610218107700348,0,0
65,RIGHT_EAR,0.5207307934761047,0.4778842031955719,0.03597566857933998,0,0
65,MOUTH_LEFT,0.5087447166442871,0.4918384552001953,0.07251663506031036,0,0
65,MOUTH_RIGHT,0.5134099125862122,0.4905911982059479,0.08494902402162552,0,0
65,LEFT_SHOULDER,0.4991990327835083,0.5428180694580078,-0.06314993649721146,0,0
65,RIGHT_SHOULDER,0.5400283336639404,0.5296218991279602,0.049257878214120865,0,0
65,LEFT_ELBOW,0.49520912766456604,0.6173037886619568,-0.03267170116305351,0,0
65,RIGHT_ELBOW,0.5303786993026733,0.5896315574645996,0.11476237326860428,0,0
65,LEFT_WRIST,0.4858238995075226,0.6197579503059387,0.06501246988773346,0,0
65,RIGHT_WRIST,0.5031497478485107,0.6006980538368225,0.20312179625034332,0,0
65,LEFT_PINKY,0.47919970750808716,0.6232892870903015,0.06962501257658005,0,0
65,RIGHT_PINKY,0.4944045841693878,0.5977445840835571,0.21958336234092712,0,0
65,LEFT_INDEX,0.480376273393631,0.6153992414474487,0.07248707860708237,0,0
65,RIGHT_INDEX,0.49251365661621094,0.5957226157188416,0.21439920365810394,0,0
65,LEFT_THUMB,0.4808897376060486,0.6139205098152161,0.06945265084505081,0,0
65,RIGHT_THUMB,0.4943739175796509,0.5969738364219666,0.20281720161437988,0,0
65,LEFT_HIP,0.5018378496170044,0.6833221316337585,-0.03706081956624985,0,0
65,RIGHT_HIP,0.5294923186302185,0.6833174228668213,0.03691355884075165,0,0
65,LEFT_KNEE,0.4762238562107086,0.7627972364425659,-0.021633468568325043,0,0
65,RIGHT_KNEE,0.5363253355026245,0.7679480314254761,0.07112063467502594,0,0
65,LEFT_ANKLE,0.48666149377822876,0.8717933297157288,-0.006280845962464809,0,0
65,RIGHT_ANKLE,0.54402756690979,0.8707926273345947,0.08164550364017487,0,0
65,LEFT_HEEL,0.49205365777015686,0.8921805620193481,-0.003275803290307522,0,0
65,RIGHT_HEEL,0.5441734790802002,0.8855018019676208,0.08360547572374344,0,0
65,LEFT_FOOT_INDEX,0.4624355137348175,0.8825653195381165,-0.0026713877450674772,0,0
65,RIGHT_FOOT_INDEX,0.5354093909263611,0.870094358921051,0.08118466287851334,0,0
66,NOSE,0.5090141892433167,0.48193472623825073,0.09943144023418427,0,0
66,LEFT_EYE_INNER,0.5063585042953491,0.4739776849746704,0.07474074512720108,0,0
66,LEFT_EYE,0.5050147175788879,0.47453832626342773,0.07471076399087906,0,0
66,LEFT_EYE_OUTER,0.5036240816116333,0.47511759400367737,0.07469648867845535,0,0
66,RIGHT_EYE_INNER,0.511001467704773,0.4725905954837799,0.08477158099412918,0,0
66,RIGHT_EYE,0.512772798538208,0.47230297327041626,0.08474920690059662,0,0
66,RIGHT_EYE_OUTER,0.5146984457969666,0.47211605310440063,0.08467291295528412,0,0
66,LEFT_EAR,0.5027551651000977,0.4813598692417145,-0.008533727377653122,0,0
66,RIGHT_EAR,0.5197332501411438,0.4779246151447296,0.030939601361751556,0,0
66,MOUTH_LEFT,0.5072734355926514,0.4918172061443329,0.07181648910045624,0,0
66,MOUTH_RIGHT,0.5121744871139526,0.49056974053382874,0.08369217067956924,0,0
66,LEFT_SHOULDER,0.4971211552619934,0.5426976084709167,-0.06671387702226639,0,0
66,RIGHT_SHOULDER,0.5410139560699463,0.5317226052284241,0.04475942999124527,0,0
66,LEFT_ELBOW,0.4931451678276062,0.6181538105010986,-0.030248405411839485,0,0
66,RIGHT_ELBOW,0.5413067936897278,0.5867642760276794,0.11441009491682053,0,0
66,LEFT_WRIST,0.4856204092502594,0.6222552061080933,0.0766187533736229,0,0
66,RIGHT_WRIST,0.5186058282852173,0.5854989290237427,0.2244206815958023,0,0
66,LEFT_PINKY,0.47859975695610046,0.6228480339050293,0.0854341983795166,0,0
66,RIGHT_PINKY,0.5135325789451599,0.5812464952468872,0.24490012228488922,0,0
66,LEFT_INDEX,0.4794086515903473,0.6148391366004944,0.08693155646324158,0,0
66,RIGHT_INDEX,0.5104895234107971,0.5776160359382629,0.24302712082862854,0,0
66,LEFT_THUMB,0.48099368810653687,0.6134675145149231,0.08117605745792389,0,0
66,RIGHT_THUMB,0.5112269520759583,0.5791435241699219,0.22612375020980835,0,0
66,LEFT_HIP,0.5007631182670593,0.6839516758918762,-0.03687471151351929,0,0
66,RIGHT_HIP,0.5285824537277222,0.68450528383255,0.03675134852528572,0,0
66,LEFT_KNEE,0.4738883674144745,0.764629602432251,-0.020316746085882187,0,0
66,RIGHT_KNEE,0.5360288023948669,0.7689903974533081,0.07082069665193558,0,0
66,LEFT_ANKLE,0.48498308658599854,0.8757162690162659,-0.006116808392107487,0,0
66,RIGHT_ANKLE,0.5438979268074036,0.8708363771438599,0.07505706697702408,0,0
66,LEFT_HEEL,0.49144813418388367,0.897928774356842,-0.003079979447647929,0,0
66,RIGHT_HEEL,0.544029951095581,0.8858185410499573,0.07613462954759598,0,0
66,LEFT_FOOT_INDEX,0.46216341853141785,0.8871902823448181,-0.001878394978120923,0,0
66,RIGHT_FOOT_INDEX,0.535373866558075,0.870155930519104,0.07800788432359695,0,0
67,NOSE,0.5088251829147339,0.4819173216819763,0.09469730406999588,0,0
67,LEFT_EYE_INNER,0.5061768293380737,0.4739789068698883,0.07005579024553299,0,0
67,LEFT_EYE,0.5048052668571472,0.4745340347290039,0.0700269266963005,0,0
67,LEFT_EYE_OUTER,0.5034003853797913,0.4751146733760834,0.07000669836997986,0,0
67,RIGHT_EYE_INNER,0.5107819437980652,0.472613126039505,0.07916296273469925,0,0
67,RIGHT_EYE,0.5125183463096619,0.47233226895332336,0.07913954555988312,0,0
67,RIGHT_EYE_OUTER,0.5144173502922058,0.47215089201927185,0.07907085120677948,0,0
67,LEFT_EAR,0.5024269223213196,0.48147836327552795,-0.01290163118392229,0,0
67,RIGHT_EAR,0.5194595456123352,0.4779486060142517,0.024091195315122604,0,0
67,MOUTH_LEFT,0.507034957408905,0.49180009961128235,0.06753329187631607,0,0
67,MOUTH_RIGHT,0.5119282007217407,0.49056538939476013,0.07826810330152512,0,0
67,LEFT_SHOULDER,0.4959924519062042,0.5426557064056396,-0.06760263442993164,0,0
67,RIGHT_SHOULDER,0.5416238307952881,0.5327296257019043,0.03726629912853241,0,0
67,LEFT_ELBOW,0.49141618609428406,0.6193639039993286,-0.025478621944785118,0,0
67,RIGHT_ELBOW,0.5399482846260071,0.5882463455200195,0.11257143318653107,0,0
67,LEFT_WRIST,0.48549509048461914,0.6216686964035034,0.09240506589412689,0,0
67,RIGHT_WRIST,0.5163387656211853,0.5868815183639526,0.22810478508472443,0,0
67,LEFT_PINKY,0.47854793071746826,0.6199548840522766,0.10235562175512314,0,0
67,RIGHT_PINKY,0.509625256061554,0.5844913721084595,0.24865809082984924,0,0
67,LEFT_INDEX,0.4807802140712738,0.617840051651001,0.10270725935697556,0,0
67,RIGHT_INDEX,0.5072119235992432,0.5797778367996216,0.2466859668493271,0,0
67,LEFT_THUMB,0.4821537733078003,0.6166470646858215,0.09655515849590302,0,0
67,RIGHT_THUMB,0.5084306001663208,0.587041437625885,0.22990363836288452,0,0
67,LEFT_HIP,0.5002148747444153,0.6847697496414185,-0.03620965778827667,0,0
67,RIGHT_HIP,0.5281478762626648,0.6854758262634277,0.03608931228518486,0,0
67,LEFT_KNEE,0.4731728434562683,0.7656548619270325,-0.019037749618291855,0,0
67,RIGHT_KNEE,0.5358530282974243,0.7703383564949036,0.07343203574419022,0,0
67,LEFT_ANKLE,0.48407670855522156,0.8764839172363281,-0.005817345809191465,0,0
67,RIGHT_ANKLE,0.5438689589500427,0.8709434270858765,0.08253972977399826,0,0
67,LEFT_HEEL,0.4908345937728882,0.8984330296516418,-0.002857696497812867,0,0
67,RIGHT_HEEL,0.5439673066139221,0.8861125707626343,0.08406175673007965,0,0
67,LEFT_FOOT_INDEX,0.46148356795310974,0.8901563882827759,-0.001774120843037963,0,0
67,RIGHT_FOOT_INDEX,0.5352486968040466,0.8703407049179077,0.08558961004018784,0,0
68,NOSE,0.5055211782455444,0.485159695148468,0.11373968422412872,0,0
68,LEFT_EYE_INNER,0.503226101398468,0.47676029801368713,0.09062331169843674,0,0
68,LEFT_EYE,0.5017979145050049,0.4772881865501404,0.09061715751886368,0,0
68,LEFT_EYE_OUTER,0.5002496242523193,0.47787684202194214,0.09057953208684921,0,0
68,RIGHT_EYE_INNER,0.5077887773513794,0.47504764795303345,0.09702147543430328,0,0
68,RIGHT_EYE,0.5096616148948669,0.47453704476356506,0.09700124710798264,0,0
68,RIGHT_EYE_OUTER,0.511552095413208,0.4741411507129669,0.0969490334391594,0,0
68,LEFT_EAR,0.4987095892429352,0.48426681756973267,0.012793893925845623,0,0
68,RIGHT_EAR,0.5166935324668884,0.47904229164123535,0.03821178898215294,0,0
68,MOUTH_LEFT,0.503826379776001,0.49455758929252625,0.0895705372095108,0,0
68,MOUTH_RIGHT,0.5087066292762756,0.49311715364456177,0.09687545895576477,0,0
68,LEFT_SHOULDER,0.4900338053703308,0.5434407591819763,-0.03370855748653412,0,0
68,RIGHT_SHOULDER,0.5409321188926697,0.5374800562858582,0.03830863535404205,0,0
68,LEFT_ELBOW,0.48501256108283997,0.6197648644447327,0.02504931204020977,0,0
68,RIGHT_ELBOW,0.5459961295127869,0.5964727997779846,0.11019416153430939,0,0
68,LEFT_WRIST,0.48909080028533936,0.6288741230964661,0.14860208332538605,0,0
68,RIGHT_WRIST,0.5218045115470886,0.5993123054504395,0.22319982945919037,0,0
68,LEFT_PINKY,0.490825355052948,0.6339812278747559,0.162632554769516,0,0
68,RIGHT_PINKY,0.5162001848220825,0.600596010684967,0.24353589117527008,0,0
68,LEFT_INDEX,0.491891086101532,0.6297236680984497,0.16353870928287506,0,0
68,RIGHT_INDEX,0.5136943459510803,0.5974055528640747,0.2433190941810608,0,0
68,LEFT_THUMB,0.49166175723075867,0.6251363754272461,0.15251296758651733,0,0
68,RIGHT_THUMB,0.5147610306739807,0.598543107509613,0.22576996684074402,0,0
68,LEFT_HIP,0.4955200254917145,0.685579776763916,-0.034965019673109055,0,0
68,RIGHT_HIP,0.5258045792579651,0.6865449547767639,0.03481445834040642,0,0
68,LEFT_KNEE,0.47104522585868835,0.7756749391555786,-0.018100323155522346,0,0
68,RIGHT_KNEE,0.5349463224411011,0.7723453044891357,0.08344841003417969,0,0
68,LEFT_ANKLE,0.47856518626213074,0.8841554522514343,-0.022136984393000603,0,0
68,RIGHT_ANKLE,0.5442472100257874,0.8717633485794067,0.09691346436738968,0,0
68,LEFT_HEEL,0.4864325225353241,0.906353235244751,-0.020880868658423424,0,0
68,RIGHT_HEEL,0.5445178151130676,0.8873146176338196,0.09920858591794968,0,0
68,LEFT_FOOT_INDEX,0.45768728852272034,0.9034014940261841,-0.02134450152516365,0,0
68,RIGHT_FOOT_INDEX,0.5362319350242615,0.8724662065505981,0.10531072318553925,0,0
69,NOSE,0.5027841925621033,0.48687100410461426,0.11745675653219223,0,0
69,LEFT_EYE_INNER,0.500709593296051,0.477787047624588,0.09451808035373688,0,0
69,LEFT_EYE,0.4992925524711609,0.47824418544769287,0.09450847655534744,0,0
69,LEFT_EYE_OUTER,0.4977805018424988,0.47878289222717285,0.09447888284921646,0,0
69,RIGHT_EYE_INNER,0.5051718950271606,0.476296603679657,0.10003020614385605,0,0
69,RIGHT_EYE,0.5069531798362732,0.4758065640926361,0.10002006590366364,0,0
69,RIGHT_EYE_OUTER,0.5089940428733826,0.4754158854484558,0.09996303170919418,0,0
69,LEFT_EAR,0.49582424759864807,0.48552483320236206,0.018501965329051018,0,0
69,RIGHT_EAR,0.5139807462692261,0.4802817404270172,0.04027904197573662,0,0
69,MOUTH_LEFT,0.5011667609214783,0.4960740804672241,0.09441927820444107,0,0
69,MOUTH_RIGHT,0.5058058500289917,0.49519777297973633,0.10055291652679443,0,0
69,LEFT_SHOULDER,0.4848475158214569,0.544045090675354,-0.028026636689901352,0,0
69,RIGHT_SHOULDER,0.5403664112091064,0.5412197113037109,0.031229142099618912,0,0
69,LEFT_ELBOW,0.47648677229881287,0.6202898621559143,0.013258174061775208,0,0
69,RIGHT_ELBOW,0.545802891254425,0.6064209342002869,0.08021342009305954,0,0
69,LEFT_WRIST,0.4911527633666992,0.633245050907135,0.10782335698604584,0,0
69,RIGHT_WRIST,0.5203638672828674,0.6198708415031433,0.16487887501716614,0,0
69,LEFT_PINKY,0.49539291858673096,0.6443402767181396,0.11660103499889374,0,0
69,RIGHT_PINKY,0.5146084427833557,0.6253219246864319,0.17914089560508728,0,0
69,LEFT_INDEX,0.49704399704933167,0.6368860602378845,0.11657506972551346,0,0
69,RIGHT_INDEX,0.5122747421264648,0.6196556687355042,0.17966625094413757,0,0
69,LEFT_THUMB,0.49602654576301575,0.6325225830078125,0.11079227179288864,0,0
69,RIGHT_THUMB,0.5130171179771423,0.618431568145752,0.16680559515953064,0,0
69,LEFT_HIP,0.49143072962760925,0.688481330871582,-0.03110882267355919,0,0
69,RIGHT_HIP,0.5229437351226807,0.6898622512817383,0.031022269278764725,0,0
69,LEFT_KNEE,0.470054030418396,0.7826159000396729,-0.007170730270445347,0,0
69,RIGHT_KNEE,0.5336787104606628,0.7738827466964722,0.08375357836484909,0,0
69,LEFT_ANKLE,0.4738771319389343,0.8909159302711487,0.0020630296785384417,0,0
69,RIGHT_ANKLE,0.5445088148117065,0.8719826340675354,0.1162959560751915,0,0
69,LEFT_HEEL,0.480875700712204,0.9125478863716125,0.004476149100810289,0,0
69,RIGHT_HEEL,0.5447157025337219,0.8879046440124512,0.1206444799900055,0,0
69,LEFT_FOOT_INDEX,0.4556960463523865,0.9133481979370117,0.0024763101246207952,0,0
69,RIGHT_FOOT_INDEX,0.5384339094161987,0.8733687400817871,0.12701661884784698,0,0
70,NOSE,0.49862757325172424,0.48975467681884766,0.11697036772966385,0,0
70,LEFT_EYE_INNER,0.49699559807777405,0.4806879162788391,0.09379665553569794,0,0
70,LEFT_EYE,0.4956287145614624,0.48109182715415955,0.09378682076931,0,0
70,LEFT_EYE_OUTER,0.4941278398036957,0.48160484433174133,0.09375229477882385,0,0
70,RIGHT_EYE_INNER,0.5013850331306458,0.47919154167175293,0.09934578090906143,0,0
70,RIGHT_EYE,0.5032563209533691,0.478644996881485,0.09934012591838837,0,0
70,RIGHT_EYE_OUTER,0.5053486824035645,0.4782028794288635,0.09928309172391891,0,0
70,LEFT_EAR,0.49211782217025757,0.48824721574783325,0.017749955877661705,0,0
70,RIGHT_EAR,0.5102527737617493,0.483187198638916,0.040272295475006104,0,0
70,MOUTH_LEFT,0.49711933732032776,0.4985315501689911,0.09422793239355087,0,0
70,MOUTH_RIGHT,0.5017687082290649,0.49799320101737976,0.10051435977220535,0,0
70,LEFT_SHOULDER,0.4803077280521393,0.5445719361305237,-0.024978317320346832,0,0
70,RIGHT_SHOULDER,0.537776529788971,0.5435109734535217,0.028153853490948677,0,0
70,LEFT_ELBOW,0.47364723682403564,0.6234549283981323,0.023049723356962204,0,0
70,RIGHT_ELBOW,0.5466295480728149,0.6095528602600098,0.07916226238012314,0,0
70,LEFT_WRIST,0.49042001366615295,0.6339876651763916,0.11990756541490555,0,0
70,RIGHT_WRIST,0.5209270119667053,0.6236690878868103,0.16511587798595428,0,0
70,LEFT_PINKY,0.494374543428421,0.6411584615707397,0.12938322126865387,0,0
70,RIGHT_PINKY,0.5155181884765625,0.6301038265228271,0.17912039160728455,0,0
70,LEFT_INDEX,0.49860474467277527,0.633849561214447,0.12967093288898468,0,0
70,RIGHT_INDEX,0.5129144191741943,0.6242235898971558,0.17929808795452118,0,0
70,LEFT_THUMB,0.4991225600242615,0.6306140422821045,0.12260910868644714,0,0
70,RIGHT_THUMB,0.513559877872467,0.6221650242805481,0.16704626381397247,0,0
70,LEFT_HIP,0.4879862070083618,0.6925188899040222,-0.027693403884768486,0,0
70,RIGHT_HIP,0.5202661156654358,0.6927276253700256,0.027642326429486275,0,0
70,LEFT_KNEE,0.46996209025382996,0.7893903851509094,-0.00020387506810948253,0,0
70,RIGHT_KNEE,0.5324824452400208,0.7744693756103516,0.09917069226503372,0,0
70,LEFT_ANKLE,0.469126433134079,0.8999502062797546,0.011368595995008945,0,0
70,RIGHT_ANKLE,0.5446768403053284,0.8720234036445618,0.15205074846744537,0,0
70,LEFT_HEEL,0.47379985451698303,0.9221054315567017,0.01418030820786953,0,0
70,RIGHT_HEEL,0.5450041890144348,0.8885393142700195,0.15849152207374573,0,0
70,LEFT_FOOT_INDEX,0.45495912432670593,0.9168095588684082,0.011881250888109207,0,0
70,RIGHT_FOOT_INDEX,0.5384834408760071,0.8738037943840027,0.1677701771259308,0,0
71,NOSE,0.4947684705257416,0.4921761453151703,0.1146102175116539,0,0
71,LEFT_EYE_INNER,0.4930489957332611,0.48382025957107544,0.0915006548166275,0,0
71,LEFT_EYE,0.4915338456630707,0.48430871963500977,0.09148833900690079,0,0
71,LEFT_EYE_OUTER,0.4900123178958893,0.484868586063385,0.0914524495601654,0,0
71,RIGHT_EYE_INNER,0.4977572560310364,0.48202016949653625,0.09698980301618576,0,0
71,RIGHT_EYE,0.49978846311569214,0.48135948181152344,0.09699136763811111,0,0
71,RIGHT_EYE_OUTER,0.501997172832489,0.4808273911476135,0.09693970531225204,0,0
71,LEFT_EAR,0.48816096782684326,0.4908169209957123,0.016907019540667534,0,0
71,RIGHT_EAR,0.507022500038147,0.48542705178260803,0.039777036756277084,0,0
71,MOUTH_LEFT,0.49326473474502563,0.5007649660110474,0.09277581423521042,0,0
71,MOUTH_RIGHT,0.49830347299575806,0.5000750422477722,0.098820760846138,0,0
71,LEFT_SHOULDER,0.47542184591293335,0.5475794076919556,-0.022475309669971466,0,0
71,RIGHT_SHOULDER,0.5341559052467346,0.5461084842681885,0.02020454965531826,0,0
71,LEFT_ELBOW,0.4668472707271576,0.6252937912940979,0.026859769597649574,0,0
71,RIGHT_ELBOW,0.5467369556427002,0.6153014302253723,0.06446191668510437,0,0
71,LEFT_WRIST,0.4882287383079529,0.6343346834182739,0.1209900826215744,0,0
71,RIGHT_WRIST,0.5228047966957092,0.6358889937400818,0.13393595814704895,0,0
71,LEFT_PINKY,0.49137595295906067,0.6376250982284546,0.12985946238040924,0,0
71,RIGHT_PINKY,0.5169767737388611,0.6431506276130676,0.14390502870082855,0,0
71,LEFT_INDEX,0.49601686000823975,0.630316436290741,0.1303151249885559,0,0
71,RIGHT_INDEX,0.5137808918952942,0.6374077200889587,0.1447724848985672,0,0
71,LEFT_THUMB,0.49659138917922974,0.6280206441879272,0.12378562986850739,0,0
71,RIGHT_THUMB,0.5146325826644897,0.6339945197105408,0.1359272301197052,0,0
71,LEFT_HIP,0.4847702383995056,0.6975113749504089,-0.023913616314530373,0,0
71,RIGHT_HIP,0.5170211791992188,0.6978200674057007,0.02385900355875492,0,0
71,LEFT_KNEE,0.4690990149974823,0.7962290644645691,0.017220085486769676,0,0
71,RIGHT_KNEE,0.5314657688140869,0.7772833704948425,0.12105540931224823,0,0
71,LEFT_ANKLE,0.46938765048980713,0.9065495133399963,0.037208929657936096,0,0
71,RIGHT_ANKLE,0.54473876953125,0.8722542524337769,0.19463638961315155,0,0
71,LEFT_HEEL,0.4739694595336914,0.9309119582176208,0.041211310774087906,0,0
71,RIGHT_HEEL,0.5449644327163696,0.8891322612762451,0.20350922644138336,0,0
71,LEFT_FOOT_INDEX,0.4549756646156311,0.9175971746444702,0.04198521748185158,0,0
71,RIGHT_FOOT_INDEX,0.5402920246124268,0.8739149570465088,0.21734140813350677,0,0
