frame_number,landmark,x,y,z,action,label
0,NOSE,0.4042779505252838,0.5428239107131958,-0.16561518609523773,[],0
0,LEFT_EYE_INNER,0.4056012034416199,0.5322020053863525,-0.14774221181869507,[],0
0,LEFT_EYE,0.4074162244796753,0.5320234894752502,-0.1477528065443039,[],0
0,LEFT_EYE_OUTER,0.40922191739082336,0.5319973826408386,-0.14772763848304749,[],0
0,RIGHT_EYE_INNER,0.3993813693523407,0.5337704420089722,-0.15680105984210968,[],0
0,RIGHT_EYE,0.39681485295295715,0.5343960523605347,-0.15678904950618744,[],0
0,RIGHT_EYE_OUTER,0.3941888213157654,0.5349554419517517,-0.1567896008491516,[],0
0,LEFT_EAR,0.4097120463848114,0.5384268164634705,-0.05397460609674454,[],0
0,RIGHT_EAR,0.39012596011161804,0.541229784488678,-0.09503308683633804,[],0
0,MOUTH_LEFT,0.4071805775165558,0.5540539026260376,-0.1303701251745224,[],0
0,MOUTH_RIGHT,0.39978232979774475,0.5549384951591492,-0.14193470776081085,[],0
0,LEFT_SHOULDER,0.4167259931564331,0.5899538397789001,0.022494139149785042,[],0
0,RIGHT_SHOULDER,0.37710514664649963,0.6066752672195435,-0.0802777111530304,[],0
0,LEFT_ELBOW,0.4266316592693329,0.6422868967056274,0.013423374854028225,[],0
0,RIGHT_ELBOW,0.3698982000350952,0.6816933155059814,-0.09398339688777924,[],0
0,LEFT_WRIST,0.4454112946987152,0.6542943120002747,-0.1408807635307312,[],0
0,RIGHT_WRIST,0.4121020436286926,0.6844886541366577,-0.130153626203537,[],0
0,LEFT_PINKY,0.45450565218925476,0.650701642036438,-0.17289356887340546,[],0
0,RIGHT_PINKY,0.4238927960395813,0.6842701435089111,-0.14891335368156433,[],0
0,LEFT_INDEX,0.45275789499282837,0.6490707993507385,-0.18565818667411804,[],0
0,RIGHT_INDEX,0.42550763487815857,0.6758406758308411,-0.15170450508594513,[],0
0,LEFT_THUMB,0.44912222027778625,0.6508668065071106,-0.15192140638828278,[],0
0,RIGHT_THUMB,0.42191001772880554,0.6749910712242126,-0.1294591724872589,[],0
0,LEFT_HIP,0.40372714400291443,0.7345699667930603,0.04119733348488808,[],0
0,RIGHT_HIP,0.3859729468822479,0.7371891736984253,-0.04121401533484459,[],0
0,LEFT_KNEE,0.40817612409591675,0.8158380389213562,0.14350982010364532,[],0
0,RIGHT_KNEE,0.39910057187080383,0.8355011940002441,-0.02642182819545269,[],0
0,LEFT_ANKLE,0.39303064346313477,0.8680849671363831,0.2999423146247864,[],0
0,RIGHT_ANKLE,0.3926134407520294,0.909182071685791,0.048443496227264404,[],0
0,LEFT_HEEL,0.3842241168022156,0.8794536590576172,0.31421464681625366,[],0
0,RIGHT_HEEL,0.3873240649700165,0.9229428768157959,0.05486924573779106,[],0
0,LEFT_FOOT_INDEX,0.39980384707450867,0.894858717918396,0.2831980288028717,[],0
0,RIGHT_FOOT_INDEX,0.4059268832206726,0.9599697589874268,-0.011617756448686123,[],0
1,NOSE,0.40454959869384766,0.5423017144203186,-0.15081316232681274,0,0
1,LEFT_EYE_INNER,0.405734121799469,0.5321111083030701,-0.1347171515226364,0,0
1,LEFT_EYE,0.4074925482273102,0.5319494009017944,-0.13474509119987488,0,0
1,LEFT_EYE_OUTER,0.40926945209503174,0.5319226384162903,-0.13473345339298248,0,0
1,RIGHT_EYE_INNER,0.39949214458465576,0.5333584547042847,-0.14069394767284393,0,0
1,RIGHT_EYE,0.39686858654022217,0.5339388847351074,-0.1406722366809845,0,0
1,RIGHT_EYE_OUTER,0.3942475914955139,0.5344252586364746,-0.14066289365291595,0,0
1,LEFT_EAR,0.40957894921302795,0.5373839735984802,-0.05139896646142006,0,0
1,RIGHT_EAR,0.39007052779197693,0.5399665832519531,-0.07917746156454086,0,0
1,MOUTH_LEFT,0.4072273075580597,0.5535132884979248,-0.12025770545005798,0,0
1,MOUTH_RIGHT,0.4001588821411133,0.5545967221260071,-0.1278378665447235,0,0
1,LEFT_SHOULDER,0.4167329668998718,0.5889388918876648,0.017572542652487755,0,0
1,RIGHT_SHOULDER,0.3775695264339447,0.6040776968002319,-0.07341688126325607,0,0
1,LEFT_ELBOW,0.429729163646698,0.6404171586036682,0.0054881698451936245,0,0
1,RIGHT_ELBOW,0.3692384958267212,0.678437352180481,-0.11713244765996933,0,0
1,LEFT_WRIST,0.45386648178100586,0.6511608362197876,-0.137672558426857,0,0
1,RIGHT_WRIST,0.41194817423820496,0.6827534437179565,-0.1898687779903412,0,0
1,LEFT_PINKY,0.46588489413261414,0.6509179472923279,-0.16715142130851746,0,0
1,RIGHT_PINKY,0.4235433340072632,0.6823115348815918,-0.2145031839609146,0,0
1,LEFT_INDEX,0.4668044149875641,0.643015444278717,-0.1816503256559372,0,0
1,RIGHT_INDEX,0.4253391921520233,0.6736299395561218,-0.21447506546974182,0,0
1,LEFT_THUMB,0.4600065052509308,0.6481146216392517,-0.14853239059448242,0,0
1,RIGHT_THUMB,0.4218953251838684,0.672939658164978,-0.18969421088695526,0,0
1,LEFT_HIP,0.4037225842475891,0.7345795631408691,0.039527978748083115,0,0
1,RIGHT_HIP,0.3853055238723755,0.7371879816055298,-0.039533838629722595,0,0
1,LEFT_KNEE,0.40677499771118164,0.8132638335227966,0.13906970620155334,0,0
1,RIGHT_KNEE,0.3981838524341583,0.8319683074951172,-0.023495648056268692,0,0
1,LEFT_ANKLE,0.3925169110298157,0.8668316006660461,0.2688302993774414,0,0
1,RIGHT_ANKLE,0.39221811294555664,0.9150986671447754,0.03563087061047554,0,0
1,LEFT_HEEL,0.38418635725975037,0.8784959316253662,0.27981671690940857,0,0
1,RIGHT_HEEL,0.3866235613822937,0.9261215329170227,0.03942471370100975,0,0
1,LEFT_FOOT_INDEX,0.3985838294029236,0.8926441669464111,0.24705679714679718,0,0
1,RIGHT_FOOT_INDEX,0.40469929575920105,0.9601836204528809,-0.024067239835858345,0,0
2,NOSE,0.4049348533153534,0.5422494411468506,-0.14334280788898468,0,0
2,LEFT_EYE_INNER,0.4058030843734741,0.5322326421737671,-0.12783236801624298,0,0
2,LEFT_EYE,0.40751972794532776,0.5321033000946045,-0.12787342071533203,0,0
2,LEFT_EYE_OUTER,0.4092656373977661,0.5320962071418762,-0.12787088751792908,0,0
2,RIGHT_EYE_INNER,0.39981698989868164,0.5333847403526306,-0.13387298583984375,0,0
2,RIGHT_EYE,0.3971342444419861,0.5339881181716919,-0.1338544636964798,0,0
2,RIGHT_EYE_OUTER,0.3945835828781128,0.5345541834831238,-0.13384853303432465,0,0
2,LEFT_EAR,0.4092521667480469,0.5373541712760925,-0.04779665917158127,0,0
2,RIGHT_EAR,0.3900279998779297,0.5399637818336487,-0.07433034479618073,0,0
2,MOUTH_LEFT,0.40741121768951416,0.5533820986747742,-0.11365675926208496,0,0
2,MOUTH_RIGHT,0.4007488489151001,0.5545812249183655,-0.12106406688690186,0,0
2,LEFT_SHOULDER,0.4168238341808319,0.5887811779975891,0.014940165914595127,0,0
2,RIGHT_SHOULDER,0.37751808762550354,0.6036324501037598,-0.06868395954370499,0,0
2,LEFT_ELBOW,0.4299565553665161,0.6397388577461243,-0.0014054520288482308,0,0
2,RIGHT_ELBOW,0.3672157824039459,0.6777302026748657,-0.11278069764375687,0,0
2,LEFT_WRIST,0.45228826999664307,0.6517248749732971,-0.1413271427154541,0,0
2,RIGHT_WRIST,0.40936192870140076,0.6827916502952576,-0.18228602409362793,0,0
2,LEFT_PINKY,0.4650163948535919,0.6511029005050659,-0.17015297710895538,0,0
2,RIGHT_PINKY,0.4210057556629181,0.6824520826339722,-0.2058977633714676,0,0
2,LEFT_INDEX,0.4653468430042267,0.6438097953796387,-0.18539047241210938,0,0
2,RIGHT_INDEX,0.4235997796058655,0.6738812327384949,-0.20611688494682312,0,0
2,LEFT_THUMB,0.4579191505908966,0.6481354236602783,-0.1518780142068863,0,0
2,RIGHT_THUMB,0.4205572307109833,0.6731279492378235,-0.1819813996553421,0,0
2,LEFT_HIP,0.40383246541023254,0.7345445156097412,0.03773411363363266,0,0
2,RIGHT_HIP,0.3845888078212738,0.7379531264305115,-0.03772257640957832,0,0
2,LEFT_KNEE,0.4094621241092682,0.8104458451271057,0.10117567330598831,0,0
2,RIGHT_KNEE,0.3980090916156769,0.831973135471344,-0.01964370720088482,0,0
2,LEFT_ANKLE,0.39250579476356506,0.8612111210823059,0.2271902710199356,0,0
2,RIGHT_ANKLE,0.3917056918144226,0.9175196290016174,0.037673868238925934,0,0
2,LEFT_HEEL,0.3809674382209778,0.8774305582046509,0.23820671439170837,0,0
2,RIGHT_HEEL,0.38581618666648865,0.9291784167289734,0.04175577312707901,0,0
2,LEFT_FOOT_INDEX,0.3985346853733063,0.8874590992927551,0.20975296199321747,0,0
2,RIGHT_FOOT_INDEX,0.4041201174259186,0.9603685140609741,-0.021000796929001808,0,0
3,NOSE,0.40493419766426086,0.5413824319839478,-0.14602907001972198,0,0
3,LEFT_EYE_INNER,0.40568166971206665,0.531645655632019,-0.13157352805137634,0,0
3,LEFT_EYE,0.40732115507125854,0.5314825177192688,-0.13161715865135193,0,0
3,LEFT_EYE_OUTER,0.4089343845844269,0.531497061252594,-0.13161702454090118,0,0
3,RIGHT_EYE_INNER,0.39979955554008484,0.532878577709198,-0.13730840384960175,0,0
3,RIGHT_EYE,0.3971492052078247,0.5336242318153381,-0.13729549944400787,0,0
3,RIGHT_EYE_OUTER,0.3945939242839813,0.5343785285949707,-0.13730083405971527,0,0
3,LEFT_EAR,0.40915143489837646,0.5370140671730042,-0.05591092258691788,0,0
3,RIGHT_EAR,0.3899482786655426,0.539707601070404,-0.07939351350069046,0,0
3,MOUTH_LEFT,0.4075131118297577,0.5522886514663696,-0.11733416467905045,0,0
3,MOUTH_RIGHT,0.40092235803604126,0.5536788105964661,-0.12454010546207428,0,0
3,LEFT_SHOULDER,0.4183908998966217,0.5891799926757812,-0.004048934672027826,0,0
3,RIGHT_SHOULDER,0.37684205174446106,0.6032777428627014,-0.07038117200136185,0,0
3,LEFT_ELBOW,0.4335328936576843,0.6432777643203735,-0.025123275816440582,0,0
3,RIGHT_ELBOW,0.3667188286781311,0.6778005957603455,-0.1056671291589737,0,0
3,LEFT_WRIST,0.45206525921821594,0.6595264077186584,-0.16286510229110718,0,0
3,RIGHT_WRIST,0.4088078737258911,0.6828027367591858,-0.1646745651960373,0,0
3,LEFT_PINKY,0.46271663904190063,0.6650782823562622,-0.19295112788677216,0,0
3,RIGHT_PINKY,0.4198312759399414,0.6828191876411438,-0.1867680847644806,0,0
3,LEFT_INDEX,0.46350914239883423,0.6545953750610352,-0.2055918127298355,0,0
3,RIGHT_INDEX,0.42253080010414124,0.6745427846908569,-0.1881456822156906,0,0
3,LEFT_THUMB,0.45435911417007446,0.656574010848999,-0.17237618565559387,0,0
3,RIGHT_THUMB,0.4198705852031708,0.6736933588981628,-0.1644212156534195,0,0
3,LEFT_HIP,0.4045391082763672,0.7350185513496399,0.031380489468574524,0,0
3,RIGHT_HIP,0.3834521472454071,0.7389050126075745,-0.03134816139936447,0,0
3,LEFT_KNEE,0.4106074571609497,0.8095628619194031,0.09344222396612167,0,0
3,RIGHT_KNEE,0.39779773354530334,0.8314809799194336,-0.006558316294103861,0,0
3,LEFT_ANKLE,0.391233891248703,0.8616624474525452,0.22815124690532684,0,0
3,RIGHT_ANKLE,0.391274631023407,0.9167507290840149,0.0633840560913086,0,0
3,LEFT_HEEL,0.3811275064945221,0.8738380074501038,0.2400185763835907,0,0
3,RIGHT_HEEL,0.3855639100074768,0.9291289448738098,0.0683317556977272,0,0
3,LEFT_FOOT_INDEX,0.3985442817211151,0.8848835825920105,0.20620666444301605,0,0
3,RIGHT_FOOT_INDEX,0.40346601605415344,0.9602168202400208,0.00683903694152832,0,0
4,NOSE,0.4049030542373657,0.5413286685943604,-0.14544251561164856,0,0
4,LEFT_EYE_INNER,0.40555280447006226,0.5316553115844727,-0.1316787749528885,0,0
4,LEFT_EYE,0.40712884068489075,0.5315079092979431,-0.1317308396100998,0,0
4,LEFT_EYE_OUTER,0.40864619612693787,0.5315142273902893,-0.13173876702785492,0,0
4,RIGHT_EYE_INNER,0.39970892667770386,0.532881498336792,-0.13702210783958435,0,0
4,RIGHT_EYE,0.39713481068611145,0.5336014628410339,-0.137005016207695,0,0
4,RIGHT_EYE_OUTER,0.39455971121788025,0.5343713164329529,-0.1370067000389099,0,0
4,LEFT_EAR,0.40909621119499207,0.5370208621025085,-0.056959763169288635,0,0
4,RIGHT_EAR,0.3899316191673279,0.539788544178009,-0.07976610213518143,0,0
4,MOUTH_LEFT,0.40752559900283813,0.5522844195365906,-0.117543525993824,0,0
4,MOUTH_RIGHT,0.4009360671043396,0.5535338521003723,-0.12403477728366852,0,0
4,LEFT_SHOULDER,0.41858112812042236,0.5892434120178223,-0.003940240014344454,0,0
4,RIGHT_SHOULDER,0.37651240825653076,0.6022727489471436,-0.06853275746107101,0,0
4,LEFT_ELBOW,0.4329833686351776,0.644653856754303,-0.033160172402858734,0,0
4,RIGHT_ELBOW,0.36655017733573914,0.677864670753479,-0.09875181317329407,0,0
4,LEFT_WRIST,0.45119237899780273,0.6598944067955017,-0.18354679644107819,0,0
4,RIGHT_WRIST,0.40844208002090454,0.6832482218742371,-0.1595403403043747,0,0
4,LEFT_PINKY,0.4619092047214508,0.6629617214202881,-0.21559517085552216,0,0
4,RIGHT_PINKY,0.419592022895813,0.6834697127342224,-0.18158063292503357,0,0
4,LEFT_INDEX,0.4628586769104004,0.6553574800491333,-0.22880972921848297,0,0
4,RIGHT_INDEX,0.4221789240837097,0.6752253770828247,-0.18343663215637207,0,0
4,LEFT_THUMB,0.4540718197822571,0.6565622687339783,-0.19358056783676147,0,0
4,RIGHT_THUMB,0.4194169044494629,0.6746101379394531,-0.1594770848751068,0,0
4,LEFT_HIP,0.4047623872756958,0.7342208027839661,0.03004913590848446,0,0
4,RIGHT_HIP,0.3828084170818329,0.7388824820518494,-0.030000975355505943,0,0
4,LEFT_KNEE,0.413133442401886,0.8070716857910156,0.07050096243619919,0,0
4,RIGHT_KNEE,0.3977118730545044,0.8314574956893921,-0.012973574921488762,0,0
4,LEFT_ANKLE,0.39069482684135437,0.8616873621940613,0.21097858250141144,0,0
4,RIGHT_ANKLE,0.3909025490283966,0.9189291596412659,0.039739012718200684,0,0
4,LEFT_HEEL,0.3813135325908661,0.8711780309677124,0.22327877581119537,0,0
4,RIGHT_HEEL,0.38524600863456726,0.9305076599121094,0.042881980538368225,0,0
4,LEFT_FOOT_INDEX,0.39851677417755127,0.8855101466178894,0.1916467696428299,0,0
4,RIGHT_FOOT_INDEX,0.4030941426753998,0.9620657563209534,-0.02084236592054367,0,0
5,NOSE,0.4045798182487488,0.5434243679046631,-0.17866352200508118,0,0
5,LEFT_EYE_INNER,0.4051734209060669,0.5332719087600708,-0.1644473373889923,0,0
5,LEFT_EYE,0.40676912665367126,0.5330325365066528,-0.16448767483234406,0,0
5,LEFT_EYE_OUTER,0.40823668241500854,0.5328124761581421,-0.16450071334838867,0,0
5,RIGHT_EYE_INNER,0.39928120374679565,0.5346057415008545,-0.1690959930419922,0,0
5,RIGHT_EYE,0.3966018855571747,0.5352509021759033,-0.1690884679555893,0,0
5,RIGHT_EYE_OUTER,0.3940306603908539,0.5363508462905884,-0.16908472776412964,0,0
5,LEFT_EAR,0.40894147753715515,0.5379731059074402,-0.08354231715202332,0,0
5,RIGHT_EAR,0.3893125355243683,0.5422433018684387,-0.10385656356811523,0,0
5,MOUTH_LEFT,0.4074867069721222,0.5543628931045532,-0.14830872416496277,0,0
5,MOUTH_RIGHT,0.4007779061794281,0.5555700063705444,-0.15405091643333435,0,0
5,LEFT_SHOULDER,0.4189073145389557,0.5916312336921692,-0.018245559185743332,0,0
5,RIGHT_SHOULDER,0.3760526776313782,0.6040066480636597,-0.0871787816286087,0,0
5,LEFT_ELBOW,0.4328577220439911,0.6476510763168335,-0.026977958157658577,0,0
5,RIGHT_ELBOW,0.3642593324184418,0.680539071559906,-0.13117994368076324,0,0
5,LEFT_WRIST,0.44736573100090027,0.672137439250946,-0.1683921217918396,0,0
5,RIGHT_WRIST,0.40513744950294495,0.6920767426490784,-0.20740856230258942,0,0
5,LEFT_PINKY,0.4593653082847595,0.6783803105354309,-0.21524576842784882,0,0
5,RIGHT_PINKY,0.41675835847854614,0.6958420276641846,-0.2305273413658142,0,0
5,LEFT_INDEX,0.4586630165576935,0.6715094447135925,-0.21391092240810394,0,0
5,RIGHT_INDEX,0.42043402791023254,0.6859666109085083,-0.2320704460144043,0,0
5,LEFT_THUMB,0.4507417380809784,0.6709561944007874,-0.17874424159526825,0,0
5,RIGHT_THUMB,0.4174715280532837,0.6840129494667053,-0.2077842801809311,0,0
5,LEFT_HIP,0.40735000371932983,0.7340638041496277,0.03134934976696968,0,0
5,RIGHT_HIP,0.38343003392219543,0.7427330017089844,-0.03131828457117081,0,0
5,LEFT_KNEE,0.4317196011543274,0.8031824231147766,0.04827128350734711,0,0
5,RIGHT_KNEE,0.39777228236198425,0.839141845703125,-0.020845843479037285,0,0
5,LEFT_ANKLE,0.4071063697338104,0.8574357032775879,0.21537303924560547,0,0
5,RIGHT_ANKLE,0.3903231620788574,0.9235262274742126,0.04131611809134483,0,0
5,LEFT_HEEL,0.39912182092666626,0.8648573160171509,0.23023180663585663,0,0
5,RIGHT_HEEL,0.3847540616989136,0.9342804551124573,0.04531775042414665,0,0
5,LEFT_FOOT_INDEX,0.4230758845806122,0.8830999732017517,0.20096059143543243,0,0
5,RIGHT_FOOT_INDEX,0.40331795811653137,0.96514892578125,-0.019244546070694923,0,0
6,NOSE,0.4045930802822113,0.5444113612174988,-0.19746609032154083,0,0
6,LEFT_EYE_INNER,0.4051764905452728,0.5346023440361023,-0.18414808809757233,0,0
6,LEFT_EYE,0.406773179769516,0.5343014597892761,-0.18417565524578094,0,0
6,LEFT_EYE_OUTER,0.40824154019355774,0.5340079665184021,-0.18418404459953308,0,0
6,RIGHT_EYE_INNER,0.3992824852466583,0.535984218120575,-0.18898849189281464,0,0
6,RIGHT_EYE,0.3966464400291443,0.5365576148033142,-0.1889888197183609,0,0
6,RIGHT_EYE_OUTER,0.39405587315559387,0.5374312400817871,-0.18899399042129517,0,0
6,LEFT_EAR,0.4089207947254181,0.5388532280921936,-0.10389847308397293,0,0
6,RIGHT_EAR,0.3893185257911682,0.5433237552642822,-0.1254827231168747,0,0
6,MOUTH_LEFT,0.4076296389102936,0.5555809736251831,-0.16691559553146362,0,0
6,MOUTH_RIGHT,0.40090829133987427,0.5567449331283569,-0.17307446897029877,0,0
6,LEFT_SHOULDER,0.41940364241600037,0.5923998951911926,-0.03476480767130852,0,0
6,RIGHT_SHOULDER,0.3756204843521118,0.6055394411087036,-0.10378889739513397,0,0
6,LEFT_ELBOW,0.43269383907318115,0.6492218971252441,-0.030726900324225426,0,0
6,RIGHT_ELBOW,0.36326274275779724,0.6825106739997864,-0.14620544016361237,0,0
6,LEFT_WRIST,0.44644758105278015,0.6764224171638489,-0.15478208661079407,0,0
6,RIGHT_WRIST,0.40309497714042664,0.6953707933425903,-0.22407634556293488,0,0
6,LEFT_PINKY,0.45672324299812317,0.6849343776702881,-0.18156267702579498,0,0
6,RIGHT_PINKY,0.41498899459838867,0.7002591490745544,-0.2473783940076828,0,0
6,LEFT_INDEX,0.4581224024295807,0.6781801581382751,-0.19595202803611755,0,0
6,RIGHT_INDEX,0.4186825156211853,0.6911327242851257,-0.24963006377220154,0,0
6,LEFT_THUMB,0.45019134879112244,0.6763977408409119,-0.16469530761241913,0,0
6,RIGHT_THUMB,0.4156876504421234,0.6884680390357971,-0.22487910091876984,0,0
6,LEFT_HIP,0.4098767638206482,0.733833909034729,0.03122568316757679,0,0
6,RIGHT_HIP,0.3840745687484741,0.7433546781539917,-0.03121132031083107,0,0
6,LEFT_KNEE,0.4333067238330841,0.7999915480613708,0.06891002506017685,0,0
6,RIGHT_KNEE,0.39783939719200134,0.840822696685791,-0.017285823822021484,0,0
6,LEFT_ANKLE,0.41401785612106323,0.8583792448043823,0.23126418888568878,0,0
6,RIGHT_ANKLE,0.3903375566005707,0.9247254729270935,0.056679170578718185,0,0
6,LEFT_HEEL,0.40642935037612915,0.8665996789932251,0.24534688889980316,0,0
6,RIGHT_HEEL,0.3847901225090027,0.9348939061164856,0.061374224722385406,0,0
6,LEFT_FOOT_INDEX,0.4369962513446808,0.8834283947944641,0.21085332334041595,0,0
6,RIGHT_FOOT_INDEX,0.4034968316555023,0.9659996628761292,-0.00770700816065073,0,0
7,NOSE,0.40475955605506897,0.5451865196228027,-0.21163104474544525,0,0
7,LEFT_EYE_INNER,0.4052806496620178,0.5353499054908752,-0.19814817607402802,0,0
7,LEFT_EYE,0.4068644344806671,0.534928560256958,-0.19816626608371735,0,0
7,LEFT_EYE_OUTER,0.40831151604652405,0.5346097946166992,-0.1981680542230606,0,0
7,RIGHT_EYE_INNER,0.3994258940219879,0.5371373295783997,-0.2036074995994568,0,0
7,RIGHT_EYE,0.39683210849761963,0.5379024147987366,-0.2036110758781433,0,0
7,RIGHT_EYE_OUTER,0.39422446489334106,0.5387662649154663,-0.20361892879009247,0,0
7,LEFT_EAR,0.4089545011520386,0.5394117832183838,-0.11696041375398636,0,0
7,RIGHT_EAR,0.38938820362091064,0.544799268245697,-0.14173687994480133,0,0
7,MOUTH_LEFT,0.4080667793750763,0.556408703327179,-0.1806686818599701,0,0
7,MOUTH_RIGHT,0.4013460874557495,0.5579642057418823,-0.18774160742759705,0,0
7,LEFT_SHOULDER,0.42012500762939453,0.593399703502655,-0.04278635233640671,0,0
7,RIGHT_SHOULDER,0.37564438581466675,0.6066126227378845,-0.12146647274494171,0,0
7,LEFT_ELBOW,0.43209102749824524,0.6511014103889465,-0.02740984968841076,0,0
7,RIGHT_ELBOW,0.36294785141944885,0.6840612888336182,-0.16124017536640167,0,0
7,LEFT_WRIST,0.44654664397239685,0.6808847188949585,-0.13337159156799316,0,0
7,RIGHT_WRIST,0.40177881717681885,0.6983316540718079,-0.2309366911649704,0,0
7,LEFT_PINKY,0.45658475160598755,0.6892325282096863,-0.15552206337451935,0,0
7,RIGHT_PINKY,0.4140609800815582,0.7034011483192444,-0.25392454862594604,0,0
7,LEFT_INDEX,0.4577161371707916,0.6844068765640259,-0.17303195595741272,0,0
7,RIGHT_INDEX,0.41807639598846436,0.6942874789237976,-0.25624287128448486,0,0
7,LEFT_THUMB,0.45052048563957214,0.6819060444831848,-0.14330269396305084,0,0
7,RIGHT_THUMB,0.4149549901485443,0.6912804245948792,-0.23161755502223969,0,0
7,LEFT_HIP,0.41094380617141724,0.7338327765464783,0.03186672180891037,0,0
7,RIGHT_HIP,0.3847695291042328,0.7443381547927856,-0.03184289485216141,0,0
7,LEFT_KNEE,0.4339221119880676,0.7994792461395264,0.08422215282917023,0,0
7,RIGHT_KNEE,0.39790502190589905,0.8411451578140259,-0.011907483451068401,0,0
7,LEFT_ANKLE,0.4199778735637665,0.8589613437652588,0.23346389830112457,0,0
7,RIGHT_ANKLE,0.3903767168521881,0.9244097471237183,0.07154364883899689,0,0
7,LEFT_HEEL,0.413770854473114,0.8672367334365845,0.24866890907287598,0,0
7,RIGHT_HEEL,0.3848002552986145,0.9346433281898499,0.07731934636831284,0,0
7,LEFT_FOOT_INDEX,0.44500038027763367,0.8839951753616333,0.22005429863929749,0,0
7,RIGHT_FOOT_INDEX,0.403653085231781,0.96696937084198,0.00890564825385809,0,0
8,NOSE,0.4053363502025604,0.5454931855201721,-0.2073858231306076,0,0
8,LEFT_EYE_INNER,0.40594482421875,0.5357251167297363,-0.19406487047672272,0,0
8,LEFT_EYE,0.4074878990650177,0.5354035496711731,-0.1940896362066269,0,0
8,LEFT_EYE_OUTER,0.40904417634010315,0.5351505279541016,-0.19409392774105072,0,0
8,RIGHT_EYE_INNER,0.4002585709095001,0.537388801574707,-0.1992291361093521,0,0
8,RIGHT_EYE,0.3975229263305664,0.5382423400878906,-0.19923311471939087,0,0
8,RIGHT_EYE_OUTER,0.3949809968471527,0.5391271710395813,-0.199233740568161,0,0
8,LEFT_EAR,0.4094952642917633,0.5401862263679504,-0.11437820643186569,0,0
8,RIGHT_EAR,0.38980764150619507,0.5452515482902527,-0.1379687637090683,0,0
8,MOUTH_LEFT,0.40891599655151367,0.556800901889801,-0.17711682617664337,0,0
8,MOUTH_RIGHT,0.4021114408969879,0.5582908987998962,-0.18383078277111053,0,0
8,LEFT_SHOULDER,0.42152947187423706,0.5954351425170898,-0.043923649936914444,0,0
8,RIGHT_SHOULDER,0.37568750977516174,0.6070807576179504,-0.11737450212240219,0,0
8,LEFT_ELBOW,0.4323284327983856,0.6542278528213501,-0.04520946741104126,0,0
8,RIGHT_ELBOW,0.3629988431930542,0.6847136616706848,-0.15685130655765533,0,0
8,LEFT_WRIST,0.4473526179790497,0.6834641695022583,-0.16889196634292603,0,0
8,RIGHT_WRIST,0.40098658204078674,0.7002176642417908,-0.22940221428871155,0,0
8,LEFT_PINKY,0.45632460713386536,0.6911023855209351,-0.1954762041568756,0,0
8,RIGHT_PINKY,0.41283607482910156,0.7066012620925903,-0.2531406879425049,0,0
8,LEFT_INDEX,0.4575158655643463,0.6870587468147278,-0.21235425770282745,0,0
8,RIGHT_INDEX,0.4170537292957306,0.697701096534729,-0.25571510195732117,0,0
8,LEFT_THUMB,0.4508967399597168,0.684512734413147,-0.17891281843185425,0,0
8,RIGHT_THUMB,0.41389864683151245,0.6939462423324585,-0.23015190660953522,0,0
8,LEFT_HIP,0.4123816192150116,0.7345262765884399,0.03233066946268082,0,0
8,RIGHT_HIP,0.38562870025634766,0.7461084723472595,-0.03231450542807579,0,0
8,LEFT_KNEE,0.4358542859554291,0.8007528185844421,0.08433663845062256,0,0
8,RIGHT_KNEE,0.3986799418926239,0.8428080081939697,-0.027379509061574936,0,0
8,LEFT_ANKLE,0.4263730049133301,0.8627957105636597,0.23911230266094208,0,0
8,RIGHT_ANKLE,0.3904086947441101,0.9241948127746582,0.06202825531363487,0,0
8,LEFT_HEEL,0.4207291007041931,0.8767157793045044,0.25335928797721863,0,0
8,RIGHT_HEEL,0.3847922682762146,0.9348303079605103,0.06835365295410156,0,0
8,LEFT_FOOT_INDEX,0.45323053002357483,0.8860487341880798,0.22141298651695251,0,0
8,RIGHT_FOOT_INDEX,0.40371567010879517,0.9671894311904907,-0.006535951979458332,0,0
9,NOSE,0.40602752566337585,0.5458414554595947,-0.20274056494235992,0,0
9,LEFT_EYE_INNER,0.40668049454689026,0.5362254977226257,-0.18968142569065094,0,0
9,LEFT_EYE,0.4082225561141968,0.5359903573989868,-0.18970409035682678,0,0
9,LEFT_EYE_OUTER,0.40982335805892944,0.5358055233955383,-0.18970291316509247,0,0
9,RIGHT_EYE_INNER,0.401216983795166,0.5375486612319946,-0.19462701678276062,0,0
9,RIGHT_EYE,0.39843618869781494,0.5384169816970825,-0.19463302195072174,0,0
9,RIGHT_EYE_OUTER,0.3959217667579651,0.5393410325050354,-0.19462355971336365,0,0
9,LEFT_EAR,0.41003912687301636,0.540812075138092,-0.11074599623680115,0,0
9,RIGHT_EAR,0.3904659152030945,0.5455690622329712,-0.13363036513328552,0,0
9,MOUTH_LEFT,0.4096040725708008,0.5570582747459412,-0.17272888123989105,0,0
9,MOUTH_RIGHT,0.40285998582839966,0.5583590865135193,-0.1792348474264145,0,0
9,LEFT_SHOULDER,0.4228402376174927,0.595555305480957,-0.04136623814702034,0,0
9,RIGHT_SHOULDER,0.3761139512062073,0.6070393919944763,-0.1116945818066597,0,0
9,LEFT_ELBOW,0.4334716796875,0.6535990834236145,-0.040809039026498795,0,0
9,RIGHT_ELBOW,0.3631652295589447,0.6849095821380615,-0.14580272138118744,0,0
9,LEFT_WRIST,0.4474533796310425,0.6850825548171997,-0.1646505743265152,0,0
9,RIGHT_WRIST,0.40025365352630615,0.7016515135765076,-0.2178383320569992,0,0
9,LEFT_PINKY,0.45560121536254883,0.6930091977119446,-0.1919751614332199,0,0
9,RIGHT_PINKY,0.41217318177223206,0.7086461782455444,-0.24224437773227692,0,0
9,LEFT_INDEX,0.45694977045059204,0.6896353960037231,-0.20835258066654205,0,0
9,RIGHT_INDEX,0.41626349091529846,0.700430154800415,-0.2453538328409195,0,0
9,LEFT_THUMB,0.45089390873908997,0.6866593360900879,-0.17457056045532227,0,0
9,RIGHT_THUMB,0.41309013962745667,0.6963597536087036,-0.2188093066215515,0,0
9,LEFT_HIP,0.4138639271259308,0.7348937392234802,0.03244534879922867,0,0
9,RIGHT_HIP,0.3866164982318878,0.746638298034668,-0.03245164081454277,0,0
9,LEFT_KNEE,0.4369971454143524,0.8025873899459839,0.08772242814302444,0,0
9,RIGHT_KNEE,0.3989541232585907,0.8443372249603271,-0.03983717039227486,0,0
9,LEFT_ANKLE,0.43385007977485657,0.8670036196708679,0.24236665666103363,0,0
9,RIGHT_ANKLE,0.3904270529747009,0.9245302081108093,0.03771050646901131,0,0
9,LEFT_HEEL,0.42711371183395386,0.8839195966720581,0.2563480734825134,0,0
9,RIGHT_HEEL,0.3847483992576599,0.9354901313781738,0.042765382677316666,0,0
9,LEFT_FOOT_INDEX,0.45863011479377747,0.8921154141426086,0.2189345806837082,0,0
9,RIGHT_FOOT_INDEX,0.4037538170814514,0.9672905802726746,-0.029873298481106758,0,0
10,NOSE,0.4072875380516052,0.546207845211029,-0.1979115754365921,0,0
10,LEFT_EYE_INNER,0.4079799950122833,0.5365879535675049,-0.18477536737918854,0,0
10,LEFT_EYE,0.4095359444618225,0.5363768935203552,-0.18480052053928375,0,0
10,LEFT_EYE_OUTER,0.4109819233417511,0.5362271070480347,-0.1847982406616211,0,0
10,RIGHT_EYE_INNER,0.402654230594635,0.5376949906349182,-0.19007889926433563,0,0
10,RIGHT_EYE,0.4000099301338196,0.5384871363639832,-0.19008749723434448,0,0
10,RIGHT_EYE_OUTER,0.3972996771335602,0.5394427180290222,-0.19007863104343414,0,0
10,LEFT_EAR,0.4109651744365692,0.5409834980964661,-0.10623691976070404,0,0
10,RIGHT_EAR,0.3915805518627167,0.5457997918128967,-0.13071505725383759,0,0
10,MOUTH_LEFT,0.4107730984687805,0.5572255253791809,-0.16812096536159515,0,0
10,MOUTH_RIGHT,0.40416720509529114,0.5584666132926941,-0.17506712675094604,0,0
10,LEFT_SHOULDER,0.42434999346733093,0.5956453680992126,-0.03844757378101349,0,0
10,RIGHT_SHOULDER,0.3766523003578186,0.6070184707641602,-0.1092245876789093,0,0
10,LEFT_ELBOW,0.43536949157714844,0.6529600620269775,-0.04856542870402336,0,0
10,RIGHT_ELBOW,0.3633531928062439,0.6849347352981567,-0.14197872579097748,0,0
10,LEFT_WRIST,0.4484984576702118,0.684355616569519,-0.184099480509758,0,0
10,RIGHT_WRIST,0.4001471698284149,0.7025643587112427,-0.2149459570646286,0,0
10,LEFT_PINKY,0.4554238021373749,0.692141056060791,-0.2140229493379593,0,0
10,RIGHT_PINKY,0.4117656946182251,0.7107080817222595,-0.24032677710056305,0,0
10,LEFT_INDEX,0.4564681947231293,0.6891568303108215,-0.22939902544021606,0,0
10,RIGHT_INDEX,0.41593894362449646,0.7027652859687805,-0.24419790506362915,0,0
10,LEFT_THUMB,0.4509577751159668,0.6860441565513611,-0.1938503235578537,0,0
10,RIGHT_THUMB,0.4125477969646454,0.6983218193054199,-0.21619382500648499,0,0
10,LEFT_HIP,0.4153580069541931,0.7351025342941284,0.03255922347307205,0,0
10,RIGHT_HIP,0.38837990164756775,0.7463340759277344,-0.03255322948098183,0,0
10,LEFT_KNEE,0.4372785985469818,0.805955171585083,0.09418806433677673,0,0
10,RIGHT_KNEE,0.3993673622608185,0.8441346883773804,-0.056902214884757996,0,0
10,LEFT_ANKLE,0.4351838529109955,0.8695117235183716,0.24742794036865234,0,0
10,RIGHT_ANKLE,0.39044857025146484,0.9244785904884338,0.00789410900324583,0,0
10,LEFT_HEEL,0.4281911253929138,0.8867374062538147,0.2598782479763031,0,0
10,RIGHT_HEEL,0.3847631514072418,0.9356525540351868,0.011449750512838364,0,0
10,LEFT_FOOT_INDEX,0.45945870876312256,0.8947836756706238,0.22071416676044464,0,0
10,RIGHT_FOOT_INDEX,0.4037776589393616,0.9671885371208191,-0.0635700523853302,0,0
11,NOSE,0.40793469548225403,0.5462257266044617,-0.19633856415748596,0,0
11,LEFT_EYE_INNER,0.40844470262527466,0.5366895794868469,-0.1831699162721634,0,0
11,LEFT_EYE,0.40992018580436707,0.5364449620246887,-0.18319040536880493,0,0
11,LEFT_EYE_OUTER,0.41130977869033813,0.5362573862075806,-0.18318262696266174,0,0
11,RIGHT_EYE_INNER,0.4032788574695587,0.5377835035324097,-0.18841156363487244,0,0
11,RIGHT_EYE,0.400647908449173,0.5385522246360779,-0.188416987657547,0,0
11,RIGHT_EYE_OUTER,0.39791879057884216,0.5394889712333679,-0.1884065717458725,0,0
11,LEFT_EAR,0.4110471308231354,0.5409482717514038,-0.10446808487176895,0,0
11,RIGHT_EAR,0.39208319783210754,0.5460214614868164,-0.1289082020521164,0,0
11,MOUTH_LEFT,0.41139325499534607,0.5572054386138916,-0.16653914749622345,0,0
11,MOUTH_RIGHT,0.4048779606819153,0.5584099292755127,-0.17345738410949707,0,0
11,LEFT_SHOULDER,0.4246005415916443,0.5955005884170532,-0.03468573838472366,0,0
11,RIGHT_SHOULDER,0.3771490156650543,0.6074459552764893,-0.10808815807104111,0,0
11,LEFT_ELBOW,0.43543756008148193,0.6525867581367493,-0.039632540196180344,0,0
11,RIGHT_ELBOW,0.3634335696697235,0.6851139068603516,-0.14071400463581085,0,0
11,LEFT_WRIST,0.4495718777179718,0.6854187250137329,-0.16507956385612488,0,0
11,RIGHT_WRIST,0.39989173412323,0.7031670212745667,-0.21213196218013763,0,0
11,LEFT_PINKY,0.4556046724319458,0.6933194994926453,-0.19155903160572052,0,0
11,RIGHT_PINKY,0.4112915098667145,0.7116580009460449,-0.23674020171165466,0,0
11,LEFT_INDEX,0.4568246006965637,0.6905772089958191,-0.2088402956724167,0,0
11,RIGHT_INDEX,0.4154770076274872,0.7031320333480835,-0.24043124914169312,0,0
11,LEFT_THUMB,0.4523636996746063,0.6874836683273315,-0.1745707243680954,0,0
11,RIGHT_THUMB,0.41227224469184875,0.6987341046333313,-0.21325525641441345,0,0
11,LEFT_HIP,0.4157710373401642,0.7353304028511047,0.03270447999238968,0,0
11,RIGHT_HIP,0.3894478678703308,0.746114194393158,-0.03269605711102486,0,0
11,LEFT_KNEE,0.4372413456439972,0.8071116209030151,0.10178650170564651,0,0
11,RIGHT_KNEE,0.3999675512313843,0.8436388969421387,-0.04994475468993187,0,0
11,LEFT_ANKLE,0.4341994524002075,0.8701229691505432,0.2507277727127075,0,0
11,RIGHT_ANKLE,0.3904606103897095,0.9245219826698303,0.008641286753118038,0,0
11,LEFT_HEEL,0.42825382947921753,0.887010395526886,0.262497216463089,0,0
11,RIGHT_HEEL,0.3848746418952942,0.9360189437866211,0.011755084618926048,0,0
11,LEFT_FOOT_INDEX,0.45913955569267273,0.8959897756576538,0.22169043123722076,0,0
11,RIGHT_FOOT_INDEX,0.4044278860092163,0.9671807289123535,-0.06087418273091316,0,0
12,NOSE,0.40819308161735535,0.546203076839447,-0.1989012360572815,0,0
12,LEFT_EYE_INNER,0.40877673029899597,0.5366376638412476,-0.18670743703842163,0,0
12,LEFT_EYE,0.41026002168655396,0.5363900065422058,-0.18672709167003632,0,0
12,LEFT_EYE_OUTER,0.4116740822792053,0.5362024903297424,-0.1867203265428543,0,0
12,RIGHT_EYE_INNER,0.4035983085632324,0.5377628803253174,-0.19125185906887054,0,0
12,RIGHT_EYE,0.4009248614311218,0.5385228991508484,-0.1912623941898346,0,0
12,RIGHT_EYE_OUTER,0.39821210503578186,0.5394435524940491,-0.19125819206237793,0,0
12,LEFT_EAR,0.41145724058151245,0.5408257246017456,-0.10928530246019363,0,0
12,RIGHT_EAR,0.39248988032341003,0.5459317564964294,-0.13032808899879456,0,0
12,MOUTH_LEFT,0.41167983412742615,0.5571821928024292,-0.16919361054897308,0,0
12,MOUTH_RIGHT,0.4050489068031311,0.5583609938621521,-0.17514505982398987,0,0
12,LEFT_SHOULDER,0.425775408744812,0.5951584577560425,-0.03878993168473244,0,0
12,RIGHT_SHOULDER,0.37758496403694153,0.6076028943061829,-0.10593820363283157,0,0
12,LEFT_ELBOW,0.43697455525398254,0.6525423526763916,-0.038990337401628494,0,0
12,RIGHT_ELBOW,0.3640567362308502,0.6851841807365417,-0.1331813633441925,0,0
12,LEFT_WRIST,0.4497911334037781,0.6833248734474182,-0.1635301560163498,0,0
12,RIGHT_WRIST,0.4001384377479553,0.7028346061706543,-0.20748919248580933,0,0
12,LEFT_PINKY,0.45530015230178833,0.6917928457260132,-0.19065092504024506,0,0
12,RIGHT_PINKY,0.41139551997184753,0.7111005783081055,-0.2328607141971588,0,0
12,LEFT_INDEX,0.45569154620170593,0.6893973350524902,-0.2074577510356903,0,0
12,RIGHT_INDEX,0.4154305160045624,0.7028391361236572,-0.23908796906471252,0,0
12,LEFT_THUMB,0.4516662359237671,0.6856715679168701,-0.17328640818595886,0,0
12,RIGHT_THUMB,0.41229286789894104,0.6984317898750305,-0.2101578414440155,0,0
12,LEFT_HIP,0.4176957309246063,0.7354345321655273,0.031525641679763794,0,0
12,RIGHT_HIP,0.3907827138900757,0.7459344267845154,-0.03155171126127243,0,0
12,LEFT_KNEE,0.4375489056110382,0.808928370475769,0.10299154371023178,0,0
12,RIGHT_KNEE,0.4002629518508911,0.843403697013855,-0.0429038479924202,0,0
12,LEFT_ANKLE,0.43397560715675354,0.8716320991516113,0.25082090497016907,0,0
12,RIGHT_ANKLE,0.39057761430740356,0.9243156313896179,0.022387675940990448,0,0
12,LEFT_HEEL,0.42839378118515015,0.8876659870147705,0.2625119984149933,0,0
12,RIGHT_HEEL,0.38550737500190735,0.9357883334159851,0.026567554101347923,0,0
12,LEFT_FOOT_INDEX,0.45951560139656067,0.8969758749008179,0.21982035040855408,0,0
12,RIGHT_FOOT_INDEX,0.4047190845012665,0.9672535061836243,-0.043543871492147446,0,0
13,NOSE,0.4085506498813629,0.5468640327453613,-0.19705894589424133,0,0
13,LEFT_EYE_INNER,0.4092201590538025,0.5370085835456848,-0.1846345216035843,0,0
13,LEFT_EYE,0.41074493527412415,0.536734938621521,-0.18465463817119598,0,0
13,LEFT_EYE_OUTER,0.41214168071746826,0.536527156829834,-0.18464823067188263,0,0
13,RIGHT_EYE_INNER,0.40406328439712524,0.5380277037620544,-0.18956653773784637,0,0
13,RIGHT_EYE,0.40145549178123474,0.5387239456176758,-0.189571812748909,0,0
13,RIGHT_EYE_OUTER,0.3987123668193817,0.5395916700363159,-0.1895628422498703,0,0
13,LEFT_EAR,0.4118689298629761,0.5409619808197021,-0.1060928925871849,0,0
13,RIGHT_EAR,0.3929474949836731,0.5459735989570618,-0.1290959119796753,0,0
13,MOUTH_LEFT,0.41182807087898254,0.5575544238090515,-0.16697707772254944,0,0
13,MOUTH_RIGHT,0.4053522050380707,0.5586125254631042,-0.17342720925807953,0,0
13,LEFT_SHOULDER,0.42575332522392273,0.5949509143829346,-0.035578448325395584,0,0
13,RIGHT_SHOULDER,0.37775707244873047,0.6076241731643677,-0.10511662065982819,0,0
13,LEFT_ELBOW,0.43724727630615234,0.651462733745575,-0.03642892464995384,0,0
13,RIGHT_ELBOW,0.36423495411872864,0.6851192712783813,-0.13070181012153625,0,0
13,LEFT_WRIST,0.44979462027549744,0.6823564171791077,-0.16278024017810822,0,0
13,RIGHT_WRIST,0.40002238750457764,0.702163577079773,-0.20644880831241608,0,0
13,LEFT_PINKY,0.4549277424812317,0.6899442672729492,-0.19014520943164825,0,0
13,RIGHT_PINKY,0.41147372126579285,0.7104044556617737,-0.232295960187912,0,0
13,LEFT_INDEX,0.45486533641815186,0.6874334216117859,-0.20657920837402344,0,0
13,RIGHT_INDEX,0.4153190851211548,0.7022125720977783,-0.23660114407539368,0,0
13,LEFT_THUMB,0.4512864649295807,0.6840039491653442,-0.17270758748054504,0,0
13,RIGHT_THUMB,0.4122020900249481,0.6976101994514465,-0.21002119779586792,0,0
13,LEFT_HIP,0.4182397127151489,0.7355529069900513,0.031525496393442154,0,0
13,RIGHT_HIP,0.3914184868335724,0.7458141446113586,-0.03156070038676262,0,0
13,LEFT_KNEE,0.437237411737442,0.8096634149551392,0.10440023988485336,0,0
13,RIGHT_KNEE,0.4003470242023468,0.8432056307792664,-0.03813127055764198,0,0
13,LEFT_ANKLE,0.43463027477264404,0.8738798499107361,0.249685138463974,0,0
13,RIGHT_ANKLE,0.3907507658004761,0.9241705536842346,0.027695167809724808,0,0
13,LEFT_HEEL,0.42910316586494446,0.8888757228851318,0.26085934042930603,0,0
13,RIGHT_HEEL,0.38563528656959534,0.9357421398162842,0.031194515526294708,0,0
13,LEFT_FOOT_INDEX,0.45993098616600037,0.8976026177406311,0.21667098999023438,0,0
13,RIGHT_FOOT_INDEX,0.40488705039024353,0.967348575592041,-0.04140957072377205,0,0
14,NOSE,0.4088389277458191,0.5470095872879028,-0.1727929413318634,0,0
14,LEFT_EYE_INNER,0.40966108441352844,0.5371425151824951,-0.16233277320861816,0,0
14,LEFT_EYE,0.4112444818019867,0.5368624329566956,-0.16235767304897308,0,0
14,LEFT_EYE_OUTER,0.4126485586166382,0.5366533398628235,-0.16236282885074615,0,0
14,RIGHT_EYE_INNER,0.4044424593448639,0.538087010383606,-0.16580401360988617,0,0
14,RIGHT_EYE,0.40190839767456055,0.538754940032959,-0.16581425070762634,0,0
14,RIGHT_EYE_OUTER,0.39915525913238525,0.5395897626876831,-0.16580931842327118,0,0
14,LEFT_EAR,0.41264259815216064,0.5409447550773621,-0.09193172305822372,0,0
14,RIGHT_EAR,0.39344438910484314,0.5459250211715698,-0.10672859102487564,0,0
14,MOUTH_LEFT,0.4120709300041199,0.5575793385505676,-0.14512114226818085,0,0
14,MOUTH_RIGHT,0.4055660367012024,0.5586111545562744,-0.14936716854572296,0,0
14,LEFT_SHOULDER,0.4279482662677765,0.5920535326004028,-0.033509887754917145,0,0
14,RIGHT_SHOULDER,0.37799912691116333,0.6076106429100037,-0.07351185381412506,0,0
14,LEFT_ELBOW,0.44391268491744995,0.6487622261047363,-0.04278387129306793,0,0
14,RIGHT_ELBOW,0.3661279082298279,0.6850886940956116,-0.0943760797381401,0,0
14,LEFT_WRIST,0.44970273971557617,0.6769775152206421,-0.1717994511127472,0,0
14,RIGHT_WRIST,0.40022021532058716,0.7011691927909851,-0.17317113280296326,0,0
14,LEFT_PINKY,0.4507175087928772,0.6882574558258057,-0.200948566198349,0,0
14,RIGHT_PINKY,0.4112897515296936,0.710192084312439,-0.19680850207805634,0,0
14,LEFT_INDEX,0.4474182724952698,0.6860812306404114,-0.21406413614749908,0,0
14,RIGHT_INDEX,0.4147931933403015,0.7021328210830688,-0.20041140913963318,0,0
14,LEFT_THUMB,0.44622114300727844,0.6810863614082336,-0.1802074909210205,0,0
14,RIGHT_THUMB,0.41219452023506165,0.6975106596946716,-0.17474709451198578,0,0
14,LEFT_HIP,0.42337238788604736,0.735152006149292,0.020224254578351974,0,0
14,RIGHT_HIP,0.3936333954334259,0.7449186444282532,-0.02019364945590496,0,0
14,LEFT_KNEE,0.4407145380973816,0.809627115726471,0.03425746411085129,0,0
14,RIGHT_KNEE,0.40036094188690186,0.8434784412384033,-0.04442226514220238,0,0
14,LEFT_ANKLE,0.43604782223701477,0.8732834458351135,0.1951318234205246,0,0
14,RIGHT_ANKLE,0.3947966992855072,0.9240509867668152,0.028440050780773163,0,0
14,LEFT_HEEL,0.4295135736465454,0.8878238201141357,0.20833685994148254,0,0
14,RIGHT_HEEL,0.3933286964893341,0.9340827465057373,0.03316057100892067,0,0
14,LEFT_FOOT_INDEX,0.46008145809173584,0.8982542157173157,0.1634683459997177,0,0
14,RIGHT_FOOT_INDEX,0.4044063985347748,0.9667827486991882,-0.041278015822172165,0,0
15,NOSE,0.40882226824760437,0.5478423833847046,-0.14794208109378815,0,0
15,LEFT_EYE_INNER,0.409789115190506,0.5379974842071533,-0.13715626299381256,0,0
15,LEFT_EYE,0.4114063084125519,0.5377442240715027,-0.13718953728675842,0,0
15,LEFT_EYE_OUTER,0.4129389226436615,0.5375815033912659,-0.13720138370990753,0,0
15,RIGHT_EYE_INNER,0.40443962812423706,0.5388513803482056,-0.14037294685840607,0,0
15,RIGHT_EYE,0.40185660123825073,0.5395464301109314,-0.1403825730085373,0,0
15,RIGHT_EYE_OUTER,0.39920058846473694,0.5403158664703369,-0.1403820961713791,0,0
15,LEFT_EAR,0.41342583298683167,0.5419905781745911,-0.06884347647428513,0,0
15,RIGHT_EAR,0.3936445415019989,0.5464975237846375,-0.08209022134542465,0,0
15,MOUTH_LEFT,0.41211873292922974,0.5583644509315491,-0.1212911456823349,0,0
15,MOUTH_RIGHT,0.4054902195930481,0.5593947172164917,-0.12504449486732483,0,0
15,LEFT_SHOULDER,0.42928948998451233,0.591814398765564,-0.020660152658820152,0,0
15,RIGHT_SHOULDER,0.3781525790691376,0.6077494025230408,-0.05234411731362343,0,0
15,LEFT_ELBOW,0.4471389949321747,0.6472896337509155,-0.04185563698410988,0,0
15,RIGHT_ELBOW,0.36772412061691284,0.6852996349334717,-0.07701524347066879,0,0
15,LEFT_WRIST,0.4496447443962097,0.6717823147773743,-0.16461899876594543,0,0
15,RIGHT_WRIST,0.39998963475227356,0.6998059749603271,-0.15618368983268738,0,0
15,LEFT_PINKY,0.44876042008399963,0.6862831711769104,-0.19342723488807678,0,0
15,RIGHT_PINKY,0.4108279347419739,0.7084816694259644,-0.1777561455965042,0,0
15,LEFT_INDEX,0.44551393389701843,0.6841305494308472,-0.20182710886001587,0,0
15,RIGHT_INDEX,0.41376161575317383,0.7004708051681519,-0.18005594611167908,0,0
15,LEFT_THUMB,0.4444335699081421,0.6784787774085999,-0.17045575380325317,0,0
15,RIGHT_THUMB,0.4116981327533722,0.6961371898651123,-0.15694397687911987,0,0
15,LEFT_HIP,0.42499464750289917,0.7348049879074097,0.01621183380484581,0,0
15,RIGHT_HIP,0.39462199807167053,0.7446374893188477,-0.016152003780007362,0,0
15,LEFT_KNEE,0.44584131240844727,0.8095902800559998,-0.04311502352356911,0,0
15,RIGHT_KNEE,0.40043026208877563,0.8451043963432312,-0.04327351599931717,0,0
15,LEFT_ANKLE,0.4368242919445038,0.8728032112121582,0.10510694235563278,0,0
15,RIGHT_ANKLE,0.3951868414878845,0.9236971735954285,0.06274334341287613,0,0
15,LEFT_HEEL,0.42953580617904663,0.8877542018890381,0.11748983711004257,0,0
15,RIGHT_HEEL,0.39433321356773376,0.932974636554718,0.06985550373792648,0,0
15,LEFT_FOOT_INDEX,0.46038153767585754,0.8992936015129089,0.07312038540840149,0,0
15,RIGHT_FOOT_INDEX,0.4035836458206177,0.9644119739532471,0.004108111839741468,0,0
16,NOSE,0.4091208279132843,0.5495249629020691,-0.1387319266796112,0,0
16,LEFT_EYE_INNER,0.4101099669933319,0.5394551157951355,-0.12840963900089264,0,0
16,LEFT_EYE,0.41178861260414124,0.5392614603042603,-0.12844014167785645,0,0
16,LEFT_EYE_OUTER,0.41342490911483765,0.539146900177002,-0.12846343219280243,0,0
16,RIGHT_EYE_INNER,0.4046103358268738,0.540282666683197,-0.13174082338809967,0,0
16,RIGHT_EYE,0.401955783367157,0.5409812331199646,-0.1317543238401413,0,0
16,RIGHT_EYE_OUTER,0.3993511199951172,0.5416833758354187,-0.13175396621227264,0,0
16,LEFT_EAR,0.4141542315483093,0.5434967875480652,-0.061895065009593964,0,0
16,RIGHT_EAR,0.39382505416870117,0.5476133227348328,-0.07557573914527893,0,0
16,MOUTH_LEFT,0.4126015603542328,0.5601643323898315,-0.11259832978248596,0,0
16,MOUTH_RIGHT,0.4057594835758209,0.5616844892501831,-0.11647627502679825,0,0
16,LEFT_SHOULDER,0.43058058619499207,0.5920364856719971,-0.015352252870798111,0,0
16,RIGHT_SHOULDER,0.3783625364303589,0.6084303259849548,-0.0481729619204998,0,0
16,LEFT_ELBOW,0.4484843313694,0.6474593281745911,-0.03221742436289787,0,0
16,RIGHT_ELBOW,0.3689754903316498,0.6871074438095093,-0.07332349568605423,0,0
16,LEFT_WRIST,0.4472132623195648,0.6705877184867859,-0.1511702835559845,0,0
16,RIGHT_WRIST,0.4001366198062897,0.6994131207466125,-0.1499432921409607,0,0
16,LEFT_PINKY,0.44375792145729065,0.6851252317428589,-0.17842869460582733,0,0
16,RIGHT_PINKY,0.4109264314174652,0.7076535820960999,-0.17043408751487732,0,0
16,LEFT_INDEX,0.4412618577480316,0.6800673007965088,-0.1870206743478775,0,0
16,RIGHT_INDEX,0.4136393666267395,0.6987836360931396,-0.17097601294517517,0,0
16,LEFT_THUMB,0.4407726526260376,0.6746792793273926,-0.15704908967018127,0,0
16,RIGHT_THUMB,0.4116654098033905,0.6948537826538086,-0.1499452292919159,0,0
16,LEFT_HIP,0.426444411277771,0.7348902225494385,0.015492555685341358,0,0
16,RIGHT_HIP,0.3957293629646301,0.7450085282325745,-0.015425549820065498,0,0
16,LEFT_KNEE,0.4529557526111603,0.8095687627792358,-0.10237400233745575,0,0
16,RIGHT_KNEE,0.400419682264328,0.8481177687644958,-0.04123171418905258,0,0
16,LEFT_ANKLE,0.4397182762622833,0.8693122267723083,0.05219578742980957,0,0
16,RIGHT_ANKLE,0.39565610885620117,0.9231210350990295,0.07612504065036774,0,0
16,LEFT_HEEL,0.4309976398944855,0.8819023966789246,0.06574816256761551,0,0
16,RIGHT_HEEL,0.39615944027900696,0.9309502840042114,0.08472097665071487,0,0
16,LEFT_FOOT_INDEX,0.4610053598880768,0.90027916431427,0.019106410443782806,0,0
16,RIGHT_FOOT_INDEX,0.4026249647140503,0.9640111923217773,0.018709933385252953,0,0
17,NOSE,0.40910592675209045,0.5520113706588745,-0.13268253207206726,0,0
17,LEFT_EYE_INNER,0.4101153016090393,0.5417138934135437,-0.12199068069458008,0,0
17,LEFT_EYE,0.41178300976753235,0.5413782596588135,-0.12201548367738724,0,0
17,LEFT_EYE_OUTER,0.413473904132843,0.541183590888977,-0.12204194068908691,0,0
17,RIGHT_EYE_INNER,0.4045487940311432,0.5431627035140991,-0.12486638873815536,0,0
17,RIGHT_EYE,0.40191641449928284,0.5437809824943542,-0.12487789243459702,0,0
17,RIGHT_EYE_OUTER,0.3993428349494934,0.5445238947868347,-0.124876968562603,0,0
17,LEFT_EAR,0.4145432710647583,0.545703113079071,-0.05596022307872772,0,0
17,RIGHT_EAR,0.39402711391448975,0.5501418113708496,-0.06752903014421463,0,0
17,MOUTH_LEFT,0.4126994013786316,0.5625833868980408,-0.10691814124584198,0,0
17,MOUTH_RIGHT,0.4058246612548828,0.5645540356636047,-0.11024811863899231,0,0
17,LEFT_SHOULDER,0.4317713975906372,0.592539370059967,-0.011804545298218727,0,0
17,RIGHT_SHOULDER,0.37878096103668213,0.6097282767295837,-0.04147608205676079,0,0
17,LEFT_ELBOW,0.45288607478141785,0.6469745635986328,-0.03491735830903053,0,0
17,RIGHT_ELBOW,0.36961835622787476,0.6877425312995911,-0.06969595700502396,0,0
17,LEFT_WRIST,0.4452351927757263,0.6687169671058655,-0.15148907899856567,0,0
17,RIGHT_WRIST,0.40021875500679016,0.6993600726127625,-0.1455487161874771,0,0
17,LEFT_PINKY,0.4411555528640747,0.6783387064933777,-0.17981991171836853,0,0
17,RIGHT_PINKY,0.41054630279541016,0.7072985172271729,-0.16612476110458374,0,0
17,LEFT_INDEX,0.4382007420063019,0.6681591272354126,-0.18997690081596375,0,0
17,RIGHT_INDEX,0.4131258428096771,0.6975810527801514,-0.165153369307518,0,0
17,LEFT_THUMB,0.43785905838012695,0.6648468971252441,-0.1607714742422104,0,0
17,RIGHT_THUMB,0.4112626612186432,0.6938908696174622,-0.14491461217403412,0,0
17,LEFT_HIP,0.4271426796913147,0.7353987693786621,0.014454743824899197,0,0
17,RIGHT_HIP,0.3962875306606293,0.7464455366134644,-0.014398989267647266,0,0
17,LEFT_KNEE,0.45714297890663147,0.8095391988754272,-0.10880684852600098,0,0
17,RIGHT_KNEE,0.4004819989204407,0.8509133458137512,-0.04144316166639328,0,0
17,LEFT_ANKLE,0.44365018606185913,0.863673985004425,0.05966116115450859,0,0
17,RIGHT_ANKLE,0.39589470624923706,0.9227710366249084,0.08093776553869247,0,0
17,LEFT_HEEL,0.43459805846214294,0.8760780096054077,0.07500831037759781,0,0
17,RIGHT_HEEL,0.3967061936855316,0.928970992565155,0.09032293409109116,0,0
17,LEFT_FOOT_INDEX,0.46334126591682434,0.9000512361526489,0.030137034133076668,0,0
17,RIGHT_FOOT_INDEX,0.40234965085983276,0.9640228152275085,0.02364083006978035,0,0
18,NOSE,0.4090864062309265,0.5529353022575378,-0.1332203894853592,0,0
18,LEFT_EYE_INNER,0.410119891166687,0.5426539182662964,-0.12266242504119873,0,0
18,LEFT_EYE,0.4117722809314728,0.5422840714454651,-0.12268631160259247,0,0
18,LEFT_EYE_OUTER,0.41349083185195923,0.5420535206794739,-0.12271253019571304,0,0
18,RIGHT_EYE_INNER,0.4044865071773529,0.5440950393676758,-0.12536785006523132,0,0
18,RIGHT_EYE,0.4018845856189728,0.544634222984314,-0.1253783106803894,0,0
18,RIGHT_EYE_OUTER,0.39930564165115356,0.5453518033027649,-0.12537814676761627,0,0
18,LEFT_EAR,0.41470828652381897,0.546448826789856,-0.056565333157777786,0,0
18,RIGHT_EAR,0.39409664273262024,0.5509722232818604,-0.06719076633453369,0,0
18,MOUTH_LEFT,0.41271084547042847,0.5635470151901245,-0.10736606270074844,0,0
18,MOUTH_RIGHT,0.40584319829940796,0.5653893947601318,-0.11041677743196487,0,0
18,LEFT_SHOULDER,0.43236154317855835,0.59272700548172,-0.012004691176116467,0,0
18,RIGHT_SHOULDER,0.3789421617984772,0.6107190251350403,-0.04086442291736603,0,0
18,LEFT_ELBOW,0.4521840512752533,0.6466730833053589,-0.03937278315424919,0,0
18,RIGHT_ELBOW,0.3701673746109009,0.6883795261383057,-0.07218771427869797,0,0
18,LEFT_WRIST,0.44400978088378906,0.667569637298584,-0.16429530084133148,0,0
18,RIGHT_WRIST,0.4002882242202759,0.699137806892395,-0.1515258103609085,0,0
18,LEFT_PINKY,0.44052502512931824,0.6753260493278503,-0.1924373358488083,0,0
18,RIGHT_PINKY,0.41045305132865906,0.7065858244895935,-0.17255325615406036,0,0
18,LEFT_INDEX,0.43763867020606995,0.6649272441864014,-0.19466860592365265,0,0
18,RIGHT_INDEX,0.41300761699676514,0.6963825225830078,-0.1712850034236908,0,0
18,LEFT_THUMB,0.43716755509376526,0.6621367335319519,-0.16859008371829987,0,0
18,RIGHT_THUMB,0.4112003445625305,0.6928174495697021,-0.15079782903194427,0,0
18,LEFT_HIP,0.4274037480354309,0.7360453009605408,0.013485097326338291,0,0
18,RIGHT_HIP,0.3966224491596222,0.7474949955940247,-0.013437876477837563,0,0
18,LEFT_KNEE,0.4573640525341034,0.8095195889472961,-0.11924631893634796,0,0
18,RIGHT_KNEE,0.40047433972358704,0.8525362014770508,-0.04122117906808853,0,0
18,LEFT_ANKLE,0.44408807158470154,0.8615509271621704,0.05128229036927223,0,0
18,RIGHT_ANKLE,0.3959914445877075,0.922912061214447,0.08235874027013779,0,0
18,LEFT_HEEL,0.43534019589424133,0.8731868267059326,0.06686769425868988,0,0
18,RIGHT_HEEL,0.39700764417648315,0.92918461561203,0.0917828157544136,0,0
18,LEFT_FOOT_INDEX,0.46353134512901306,0.8999577164649963,0.020371733233332634,0,0
18,RIGHT_FOOT_INDEX,0.40216490626335144,0.9649457931518555,0.02413426898419857,0,0
19,NOSE,0.4090571105480194,0.5558822751045227,-0.1356097310781479,0,0
19,LEFT_EYE_INNER,0.4102330803871155,0.5455374717712402,-0.12477722018957138,0,0
19,LEFT_EYE,0.41184356808662415,0.5452927947044373,-0.12480124086141586,0,0
19,LEFT_EYE_OUTER,0.41361430287361145,0.5450881123542786,-0.1248243972659111,0,0
19,RIGHT_EYE_INNER,0.40449318289756775,0.5466664433479309,-0.12741117179393768,0,0
19,RIGHT_EYE,0.4019107222557068,0.5471265912055969,-0.12741878628730774,0,0
19,RIGHT_EYE_OUTER,0.39939025044441223,0.5476483702659607,-0.12742029130458832,0,0
19,LEFT_EAR,0.41528648138046265,0.549290120601654,-0.05730109289288521,0,0
19,RIGHT_EAR,0.3943258225917816,0.5530691146850586,-0.06790776550769806,0,0
19,MOUTH_LEFT,0.4126648008823395,0.5663903951644897,-0.10934899747371674,0,0
19,MOUTH_RIGHT,0.40579766035079956,0.5680426359176636,-0.11242267489433289,0,0
19,LEFT_SHOULDER,0.4321969151496887,0.5943210124969482,-0.011969471350312233,0,0
19,RIGHT_SHOULDER,0.37919700145721436,0.6113846898078918,-0.04171261936426163,0,0
19,LEFT_ELBOW,0.45465150475502014,0.646697461605072,-0.04773053899407387,0,0
19,RIGHT_ELBOW,0.37093526124954224,0.6892957091331482,-0.07500436902046204,0,0
19,LEFT_WRIST,0.44438865780830383,0.6643717885017395,-0.18300841748714447,0,0
19,RIGHT_WRIST,0.4009670913219452,0.6985088586807251,-0.1546877771615982,0,0
19,LEFT_PINKY,0.4407803416252136,0.6709874272346497,-0.2119685560464859,0,0
19,RIGHT_PINKY,0.4106054902076721,0.704833984375,-0.1760091781616211,0,0
19,LEFT_INDEX,0.438073992729187,0.6598143577575684,-0.21497011184692383,0,0
19,RIGHT_INDEX,0.4131545424461365,0.694824755191803,-0.17412900924682617,0,0
19,LEFT_THUMB,0.43809643387794495,0.6577191352844238,-0.18711306154727936,0,0
19,RIGHT_THUMB,0.41126805543899536,0.6916008591651917,-0.1537000685930252,0,0
19,LEFT_HIP,0.42828482389450073,0.7369086146354675,0.01400116179138422,0,0
19,RIGHT_HIP,0.3975532650947571,0.7487807869911194,-0.013957393355667591,0,0
19,LEFT_KNEE,0.46110400557518005,0.8095483779907227,-0.1005435511469841,0,0
19,RIGHT_KNEE,0.400625079870224,0.8528867363929749,-0.041381776332855225,0,0
19,LEFT_ANKLE,0.4484846293926239,0.8598147630691528,0.07532224804162979,0,0
19,RIGHT_ANKLE,0.3959716260433197,0.9232927560806274,0.08115938305854797,0,0
19,LEFT_HEEL,0.4399015009403229,0.8714082837104797,0.09137122333049774,0,0
19,RIGHT_HEEL,0.3967486619949341,0.9292383790016174,0.09053383022546768,0,0
19,LEFT_FOOT_INDEX,0.4675108790397644,0.8993924260139465,0.048400722444057465,0,0
19,RIGHT_FOOT_INDEX,0.40193337202072144,0.9657475352287292,0.022733908146619797,0,0
20,NOSE,0.40976664423942566,0.5563042759895325,-0.14275196194648743,0,0
20,LEFT_EYE_INNER,0.4110209345817566,0.5460783243179321,-0.13076607882976532,0,0
20,LEFT_EYE,0.41280558705329895,0.5458663702011108,-0.13078689575195312,0,0
20,LEFT_EYE_OUTER,0.4146328270435333,0.5457684397697449,-0.13081003725528717,0,0
20,RIGHT_EYE_INNER,0.4053850769996643,0.5470492243766785,-0.13329286873340607,0,0
20,RIGHT_EYE,0.4029706120491028,0.547484278678894,-0.13331186771392822,0,0
20,RIGHT_EYE_OUTER,0.40049150586128235,0.548045814037323,-0.13331198692321777,0,0
20,LEFT_EAR,0.41652625799179077,0.550380527973175,-0.06135661154985428,0,0
20,RIGHT_EAR,0.3957644999027252,0.5537537336349487,-0.07162535190582275,0,0
20,MOUTH_LEFT,0.41331225633621216,0.5666288137435913,-0.11629313975572586,0,0
20,MOUTH_RIGHT,0.40653306245803833,0.568408727645874,-0.1194208562374115,0,0
20,LEFT_SHOULDER,0.43366581201553345,0.5953608155250549,-0.013920227065682411,0,0
20,RIGHT_SHOULDER,0.38085976243019104,0.6118942499160767,-0.047007955610752106,0,0
20,LEFT_ELBOW,0.4639149010181427,0.6420542001724243,-0.05587772652506828,0,0
20,RIGHT_ELBOW,0.37137240171432495,0.6894940137863159,-0.08306583762168884,0,0
20,LEFT_WRIST,0.4486699402332306,0.6602922081947327,-0.1821770817041397,0,0
20,RIGHT_WRIST,0.4009847342967987,0.6973939538002014,-0.16594356298446655,0,0
20,LEFT_PINKY,0.4420472979545593,0.6680968403816223,-0.21080559492111206,0,0
20,RIGHT_PINKY,0.41024819016456604,0.7030937671661377,-0.18905267119407654,0,0
20,LEFT_INDEX,0.4398318827152252,0.6580648422241211,-0.21176889538764954,0,0
20,RIGHT_INDEX,0.4123590588569641,0.6919153332710266,-0.18189647793769836,0,0
20,LEFT_THUMB,0.4383930563926697,0.6550546288490295,-0.18478374183177948,0,0
20,RIGHT_THUMB,0.410746693611145,0.6888008117675781,-0.1636505424976349,0,0
20,LEFT_HIP,0.43011006712913513,0.7369122505187988,0.015146398916840553,0,0
20,RIGHT_HIP,0.39857423305511475,0.7487362623214722,-0.01511154044419527,0,0
20,LEFT_KNEE,0.46445906162261963,0.8095396161079407,-0.10719282180070877,0,0
20,RIGHT_KNEE,0.40063297748565674,0.852643609046936,-0.05261615291237831,0,0
20,LEFT_ANKLE,0.45628368854522705,0.8597660064697266,0.06097744032740593,0,0
20,RIGHT_ANKLE,0.39596354961395264,0.9236271977424622,0.07521927356719971,0,0
20,LEFT_HEEL,0.44791513681411743,0.871910572052002,0.07583019137382507,0,0
20,RIGHT_HEEL,0.3969292938709259,0.929415762424469,0.08448474854230881,0,0
20,LEFT_FOOT_INDEX,0.475815087556839,0.8984465599060059,0.02639637514948845,0,0
20,RIGHT_FOOT_INDEX,0.40117838978767395,0.9662153720855713,0.013463943265378475,0,0
21,NOSE,0.4136653244495392,0.5578240752220154,-0.17203374207019806,0,0
21,LEFT_EYE_INNER,0.4151785671710968,0.5475186109542847,-0.16246305406093597,0,0
21,LEFT_EYE,0.41680392622947693,0.5472187995910645,-0.16247795522212982,0,0
21,LEFT_EYE_OUTER,0.4183320999145508,0.547040581703186,-0.16249921917915344,0,0
21,RIGHT_EYE_INNER,0.4095059335231781,0.5484421849250793,-0.16443508863449097,0,0
21,RIGHT_EYE,0.4070381820201874,0.5487845540046692,-0.16447263956069946,0,0
21,RIGHT_EYE_OUTER,0.4045124351978302,0.5492891073226929,-0.1644797921180725,0,0
21,LEFT_EAR,0.4199744760990143,0.5510569214820862,-0.09347598999738693,0,0
21,RIGHT_EAR,0.39979156851768494,0.5547190308570862,-0.10205202549695969,0,0
21,MOUTH_LEFT,0.4166356921195984,0.567868709564209,-0.14476729929447174,0,0
21,MOUTH_RIGHT,0.41021570563316345,0.5702382326126099,-0.14735350012779236,0,0
21,LEFT_SHOULDER,0.43784016370773315,0.5948143005371094,-0.04113589599728584,0,0
21,RIGHT_SHOULDER,0.38296329975128174,0.6120880246162415,-0.062477849423885345,0,0
21,LEFT_ELBOW,0.46121248602867126,0.6459547281265259,-0.08395877480506897,0,0
21,RIGHT_ELBOW,0.3714771270751953,0.6893793940544128,-0.10010825097560883,0,0
21,LEFT_WRIST,0.44368067383766174,0.6613615155220032,-0.21387603878974915,0,0
21,RIGHT_WRIST,0.40039241313934326,0.6915940046310425,-0.19638533890247345,0,0
21,LEFT_PINKY,0.4361204206943512,0.6656613349914551,-0.2427966594696045,0,0
21,RIGHT_PINKY,0.4090762138366699,0.6955142617225647,-0.2215704321861267,0,0
21,LEFT_INDEX,0.4345095753669739,0.6539608240127563,-0.24249908328056335,0,0
21,RIGHT_INDEX,0.40918245911598206,0.6832675337791443,-0.21972176432609558,0,0
21,LEFT_THUMB,0.43526750802993774,0.6517614126205444,-0.21611136198043823,0,0
21,RIGHT_THUMB,0.4075026512145996,0.681278645992279,-0.1962178647518158,0,0
21,LEFT_HIP,0.43377092480659485,0.7374638915061951,0.013992415741086006,0,0
21,RIGHT_HIP,0.40063583850860596,0.7486160397529602,-0.01397320069372654,0,0
21,LEFT_KNEE,0.4666965901851654,0.8101211190223694,-0.07607705146074295,0,0
21,RIGHT_KNEE,0.4004746377468109,0.8522384762763977,-0.07534565031528473,0,0
21,LEFT_ANKLE,0.4717942774295807,0.8669664263725281,0.09745072573423386,0,0
21,RIGHT_ANKLE,0.3962766230106354,0.9240092039108276,0.039818067103624344,0,0
21,LEFT_HEEL,0.4656180441379547,0.8814845085144043,0.1129755824804306,0,0
21,RIGHT_HEEL,0.39759624004364014,0.9301360249519348,0.048104654997587204,0,0
21,LEFT_FOOT_INDEX,0.4922298192977905,0.8984054923057556,0.06830891221761703,0,0
21,RIGHT_FOOT_INDEX,0.4007781445980072,0.9665562510490417,-0.02593807317316532,0,0
22,NOSE,0.41424593329429626,0.558394730091095,-0.1804955154657364,0,0
22,LEFT_EYE_INNER,0.415775865316391,0.5479557514190674,-0.17126642167568207,0,0
22,LEFT_EYE,0.41747039556503296,0.5475597381591797,-0.17128168046474457,0,0
22,LEFT_EYE_OUTER,0.41902559995651245,0.547290563583374,-0.17130416631698608,0,0
22,RIGHT_EYE_INNER,0.41017231345176697,0.5489966869354248,-0.17334632575511932,0,0
22,RIGHT_EYE,0.40773871541023254,0.5493730306625366,-0.17338170111179352,0,0
22,RIGHT_EYE_OUTER,0.4052160978317261,0.5499707460403442,-0.1733935922384262,0,0
22,LEFT_EAR,0.4205595850944519,0.5509409308433533,-0.10174325853586197,0,0
22,RIGHT_EAR,0.4006391763687134,0.5550450086593628,-0.11074370890855789,0,0
22,MOUTH_LEFT,0.41713735461235046,0.5681280493736267,-0.15271548926830292,0,0
22,MOUTH_RIGHT,0.4111790955066681,0.5703032612800598,-0.15540586411952972,0,0
22,LEFT_SHOULDER,0.4389573335647583,0.5941546559333801,-0.04714222997426987,0,0
22,RIGHT_SHOULDER,0.3839172422885895,0.612019956111908,-0.07142655551433563,0,0
22,LEFT_ELBOW,0.460649698972702,0.6490740180015564,-0.0910227820277214,0,0
22,RIGHT_ELBOW,0.37146058678627014,0.6889141798019409,-0.10938838124275208,0,0
22,LEFT_WRIST,0.4419933259487152,0.661332368850708,-0.224277526140213,0,0
22,RIGHT_WRIST,0.40042436122894287,0.6890261769294739,-0.20324918627738953,0,0
22,LEFT_PINKY,0.4351281225681305,0.6639003753662109,-0.2533944249153137,0,0
22,RIGHT_PINKY,0.4092858135700226,0.6920545101165771,-0.22783996164798737,0,0
22,LEFT_INDEX,0.4335899353027344,0.6513724327087402,-0.2529504895210266,0,0
22,RIGHT_INDEX,0.40960565209388733,0.6800311207771301,-0.22602532804012299,0,0
22,LEFT_THUMB,0.4346933364868164,0.6493610739707947,-0.22660747170448303,0,0
22,RIGHT_THUMB,0.40774649381637573,0.6784492135047913,-0.20292936265468597,0,0
22,LEFT_HIP,0.4348670542240143,0.7379084825515747,0.013341264799237251,0,0
22,RIGHT_HIP,0.40165790915489197,0.7484986782073975,-0.01332422997802496,0,0
22,LEFT_KNEE,0.4673854112625122,0.8111646175384521,-0.06240544468164444,0,0
22,RIGHT_KNEE,0.40020066499710083,0.85249263048172,-0.07128370553255081,0,0
22,LEFT_ANKLE,0.47326013445854187,0.8700767755508423,0.1068304255604744,0,0
22,RIGHT_ANKLE,0.39652520418167114,0.9241525530815125,0.04423025995492935,0,0
22,LEFT_HEEL,0.46713584661483765,0.8850886821746826,0.12231484055519104,0,0
22,RIGHT_HEEL,0.3979475796222687,0.930194079875946,0.05253993347287178,0,0
22,LEFT_FOOT_INDEX,0.4940744638442993,0.8983340859413147,0.07761018723249435,0,0
22,RIGHT_FOOT_INDEX,0.40069103240966797,0.9667916893959045,-0.020260531455278397,0,0
23,NOSE,0.41487592458724976,0.5588606595993042,-0.17319615185260773,0,0
23,LEFT_EYE_INNER,0.41622141003608704,0.5485337376594543,-0.16212166845798492,0,0
23,LEFT_EYE,0.41786494851112366,0.5481201410293579,-0.16214177012443542,0,0
23,LEFT_EYE_OUTER,0.41943082213401794,0.5478017330169678,-0.16215935349464417,0,0
23,RIGHT_EYE_INNER,0.4108387529850006,0.5495656728744507,-0.1652967780828476,0,0
23,RIGHT_EYE,0.4083414077758789,0.5499716997146606,-0.165317103266716,0,0
23,RIGHT_EYE_OUTER,0.4058617651462555,0.550563633441925,-0.16531798243522644,0,0
23,LEFT_EAR,0.4208112955093384,0.5513281226158142,-0.09166189283132553,0,0
23,RIGHT_EAR,0.40109920501708984,0.5554112792015076,-0.10563682019710541,0,0
23,MOUTH_LEFT,0.417554646730423,0.5684840679168701,-0.145573690533638,0,0
23,MOUTH_RIGHT,0.4118785560131073,0.5704840421676636,-0.15013128519058228,0,0
23,LEFT_SHOULDER,0.4394777715206146,0.5937715768814087,-0.0385066419839859,0,0
23,RIGHT_SHOULDER,0.38415446877479553,0.6122010350227356,-0.06233815848827362,0,0
23,LEFT_ELBOW,0.4600863754749298,0.6499732732772827,-0.07782246172428131,0,0
23,RIGHT_ELBOW,0.37141820788383484,0.6880272030830383,-0.10190612822771072,0,0
23,LEFT_WRIST,0.44206559658050537,0.6617057919502258,-0.21114178001880646,0,0
23,RIGHT_WRIST,0.4004569947719574,0.688470184803009,-0.19232149422168732,0,0
23,LEFT_PINKY,0.4359799027442932,0.6641095280647278,-0.24031737446784973,0,0
23,RIGHT_PINKY,0.40942615270614624,0.6913977265357971,-0.21633203327655792,0,0
23,LEFT_INDEX,0.434371680021286,0.6514812707901001,-0.24151848256587982,0,0
23,RIGHT_INDEX,0.4096522033214569,0.6794542074203491,-0.21507848799228668,0,0
23,LEFT_THUMB,0.4353838264942169,0.6495116353034973,-0.21417966485023499,0,0
23,RIGHT_THUMB,0.40774670243263245,0.6778525114059448,-0.19212979078292847,0,0
23,LEFT_HIP,0.43478432297706604,0.7384483218193054,0.011795489117503166,0,0
23,RIGHT_HIP,0.4016406834125519,0.7484056353569031,-0.011775032617151737,0,0
23,LEFT_KNEE,0.4672193229198456,0.8115986585617065,-0.057698946446180344,0,0
23,RIGHT_KNEE,0.3996311128139496,0.8530627489089966,-0.07280316203832626,0,0
23,LEFT_ANKLE,0.47314924001693726,0.8705120086669922,0.10497832298278809,0,0
23,RIGHT_ANKLE,0.39709559082984924,0.9242305755615234,0.0472421795129776,0,0
23,LEFT_HEEL,0.46713608503341675,0.8848099708557129,0.11862161755561829,0,0
23,RIGHT_HEEL,0.39898765087127686,0.9302555918693542,0.055845849215984344,0,0
23,LEFT_FOOT_INDEX,0.49263423681259155,0.8982812166213989,0.06689979135990143,0,0
23,RIGHT_FOOT_INDEX,0.400511234998703,0.9670203328132629,-0.01625177450478077,0,0
24,NOSE,0.4184737503528595,0.5647972822189331,-0.15258759260177612,0,0
24,LEFT_EYE_INNER,0.42000526189804077,0.5538182258605957,-0.1427723616361618,0,0
24,LEFT_EYE,0.421517550945282,0.5533578395843506,-0.14279821515083313,0,0
24,LEFT_EYE_OUTER,0.4229477643966675,0.5528733134269714,-0.14280091226100922,0,0
24,RIGHT_EYE_INNER,0.4144701063632965,0.5543187260627747,-0.14608238637447357,0,0
24,RIGHT_EYE,0.41200488805770874,0.5543200969696045,-0.14609520137310028,0,0
24,RIGHT_EYE_OUTER,0.4096229672431946,0.5543999671936035,-0.14610084891319275,0,0
24,LEFT_EAR,0.4237827658653259,0.5544096827507019,-0.07136546075344086,0,0
24,RIGHT_EAR,0.4040723145008087,0.5570235848426819,-0.08642350137233734,0,0
24,MOUTH_LEFT,0.42049911618232727,0.5747211575508118,-0.12370128184556961,0,0
24,MOUTH_RIGHT,0.4148477017879486,0.5763701796531677,-0.12819267809391022,0,0
24,LEFT_SHOULDER,0.4401717185974121,0.5919137597084045,-0.025589050725102425,0,0
24,RIGHT_SHOULDER,0.3856716752052307,0.6117641925811768,-0.04608818143606186,0,0
24,LEFT_ELBOW,0.45887571573257446,0.6494755148887634,-0.07070605456829071,0,0
24,RIGHT_ELBOW,0.3713206946849823,0.6838414072990417,-0.09250233322381973,0,0
24,LEFT_WRIST,0.4383096992969513,0.6599695086479187,-0.20700982213020325,0,0
24,RIGHT_WRIST,0.39923620223999023,0.6793791055679321,-0.18904373049736023,0,0
24,LEFT_PINKY,0.4311305582523346,0.6598426699638367,-0.23592858016490936,0,0
24,RIGHT_PINKY,0.4070470631122589,0.6816635727882385,-0.21256421506404877,0,0
24,LEFT_INDEX,0.42907464504241943,0.6491748690605164,-0.2358819842338562,0,0
24,RIGHT_INDEX,0.4077349603176117,0.6728648543357849,-0.2112036496400833,0,0
24,LEFT_THUMB,0.43009957671165466,0.6481587886810303,-0.2096400409936905,0,0
24,RIGHT_THUMB,0.4060100018978119,0.671380341053009,-0.18890370428562164,0,0
24,LEFT_HIP,0.43645983934402466,0.7384268045425415,0.012463974766433239,0,0
24,RIGHT_HIP,0.4034232199192047,0.7478854060173035,-0.012454256415367126,0,0
24,LEFT_KNEE,0.4686388671398163,0.8116344809532166,-0.05299782752990723,0,0
24,RIGHT_KNEE,0.39967280626296997,0.8528204560279846,-0.06584561616182327,0,0
24,LEFT_ANKLE,0.4745219945907593,0.8714012503623962,0.11202225089073181,0,0
24,RIGHT_ANKLE,0.39727962017059326,0.9242237210273743,0.05277389660477638,0,0
24,LEFT_HEEL,0.46834343671798706,0.8859702348709106,0.12585851550102234,0,0
24,RIGHT_HEEL,0.39907127618789673,0.9303061962127686,0.06247849017381668,0,0
24,LEFT_FOOT_INDEX,0.49556857347488403,0.898784875869751,0.06910701096057892,0,0
24,RIGHT_FOOT_INDEX,0.3999754786491394,0.9670169353485107,-0.009150434285402298,0,0
25,NOSE,0.42553630471229553,0.5648802518844604,-0.14682787656784058,0,0
25,LEFT_EYE_INNER,0.4274567663669586,0.5543563961982727,-0.13746319711208344,0,0
25,LEFT_EYE,0.42913272976875305,0.5538433194160461,-0.13747136294841766,0,0
25,LEFT_EYE_OUTER,0.4305886924266815,0.5533407926559448,-0.13747525215148926,0,0
25,RIGHT_EYE_INNER,0.42172935605049133,0.5549619197845459,-0.13870105147361755,0,0
25,RIGHT_EYE,0.4193725287914276,0.5549209713935852,-0.13873650133609772,0,0
25,RIGHT_EYE_OUTER,0.4171813428401947,0.554924726486206,-0.13874097168445587,0,0
25,LEFT_EAR,0.43147140741348267,0.5546202659606934,-0.07084660977125168,0,0
25,RIGHT_EAR,0.41350921988487244,0.5570704340934753,-0.07804389297962189,0,0
25,MOUTH_LEFT,0.4280686676502228,0.5744789838790894,-0.12039737403392792,0,0
25,MOUTH_RIGHT,0.4215499758720398,0.5764376521110535,-0.12249751389026642,0,0
25,LEFT_SHOULDER,0.44569218158721924,0.5914261937141418,-0.041163861751556396,0,0
25,RIGHT_SHOULDER,0.3957552909851074,0.6095683574676514,-0.041330985724925995,0,0
25,LEFT_ELBOW,0.4580088257789612,0.6417465806007385,-0.11676635593175888,0,0
25,RIGHT_ELBOW,0.369809091091156,0.6645728349685669,-0.11516229063272476,0,0
25,LEFT_WRIST,0.4201880991458893,0.635819137096405,-0.21665610373020172,0,0
25,RIGHT_WRIST,0.39013999700546265,0.6465074419975281,-0.22317048907279968,0,0
25,LEFT_PINKY,0.4098617136478424,0.6330829858779907,-0.24247579276561737,0,0
25,RIGHT_PINKY,0.3964148461818695,0.6436754465103149,-0.24629412591457367,0,0
25,LEFT_INDEX,0.40856972336769104,0.625376284122467,-0.23530587553977966,0,0
25,RIGHT_INDEX,0.3986188471317291,0.6382660865783691,-0.23864565789699554,0,0
25,LEFT_THUMB,0.41125383973121643,0.6260509490966797,-0.2155238687992096,0,0
25,RIGHT_THUMB,0.3979234993457794,0.6401216983795166,-0.22205080091953278,0,0
25,LEFT_HIP,0.4458461403846741,0.7384030818939209,0.010701548308134079,0,0
25,RIGHT_HIP,0.4151506721973419,0.7473599910736084,-0.010725884698331356,0,0
25,LEFT_KNEE,0.4745903015136719,0.8127945065498352,-0.06011184677481651,0,0
25,RIGHT_KNEE,0.4063482880592346,0.8483783006668091,-0.06843888759613037,0,0
25,LEFT_ANKLE,0.4748438596725464,0.8710533976554871,0.10605605691671371,0,0
25,RIGHT_ANKLE,0.3984997868537903,0.9239502549171448,0.045433688908815384,0,0
25,LEFT_HEEL,0.46923360228538513,0.8859946131706238,0.12026073038578033,0,0
25,RIGHT_HEEL,0.39991384744644165,0.929770290851593,0.054080765694379807,0,0
25,LEFT_FOOT_INDEX,0.49521487951278687,0.8987427353858948,0.07270215451717377,0,0
25,RIGHT_FOOT_INDEX,0.40001872181892395,0.9670117497444153,-0.014445089735090733,0,0
26,NOSE,0.4282989799976349,0.5648345351219177,-0.1489206999540329,0,0
26,LEFT_EYE_INNER,0.4306856095790863,0.5545759201049805,-0.14274075627326965,0,0
26,LEFT_EYE,0.4325689971446991,0.5541292428970337,-0.14275234937667847,0,0
26,LEFT_EYE_OUTER,0.43421974778175354,0.5536819696426392,-0.14278888702392578,0,0
26,RIGHT_EYE_INNER,0.4240683913230896,0.5553743243217468,-0.1412329375743866,0,0
26,RIGHT_EYE,0.42174258828163147,0.5555003881454468,-0.14128157496452332,0,0
26,RIGHT_EYE_OUTER,0.4197513163089752,0.5555991530418396,-0.14132992923259735,0,0
26,LEFT_EAR,0.43588611483573914,0.5550835132598877,-0.08492308109998703,0,0
26,RIGHT_EAR,0.41638457775115967,0.5576198697090149,-0.08184675872325897,0,0
26,MOUTH_LEFT,0.4314593970775604,0.5746015906333923,-0.12499482929706573,0,0
26,MOUTH_RIGHT,0.4243132770061493,0.576386034488678,-0.12590950727462769,0,0
26,LEFT_SHOULDER,0.44887351989746094,0.5908243060112,-0.06930761784315109,0,0
26,RIGHT_SHOULDER,0.4003089964389801,0.6053657531738281,-0.04048001021146774,0,0
26,LEFT_ELBOW,0.4553667902946472,0.6371229290962219,-0.15877845883369446,0,0
26,RIGHT_ELBOW,0.3787246644496918,0.6465936303138733,-0.11589007824659348,0,0
26,LEFT_WRIST,0.4120635986328125,0.6279696226119995,-0.2546117901802063,0,0
26,RIGHT_WRIST,0.3789321184158325,0.642583966255188,-0.2552308440208435,0,0
26,LEFT_PINKY,0.4018590748310089,0.6244755983352661,-0.2826063334941864,0,0
26,RIGHT_PINKY,0.37666356563568115,0.6404075622558594,-0.2821664810180664,0,0
26,LEFT_INDEX,0.4010595679283142,0.6171857714653015,-0.27464330196380615,0,0
26,RIGHT_INDEX,0.37983784079551697,0.636734664440155,-0.28249701857566833,0,0
26,LEFT_THUMB,0.4034605026245117,0.6197425723075867,-0.2531304955482483,0,0
26,RIGHT_THUMB,0.3824291527271271,0.6383883953094482,-0.2593785226345062,0,0
26,LEFT_HIP,0.450344443321228,0.7378122806549072,0.008916917257010937,0,0
26,RIGHT_HIP,0.4194502830505371,0.7444101572036743,-0.008965703658759594,0,0
26,LEFT_KNEE,0.4781234562397003,0.8135249614715576,-0.0007980164955370128,0,0
26,RIGHT_KNEE,0.41284188628196716,0.8420854806900024,-0.04655563458800316,0,0
26,LEFT_ANKLE,0.4760981500148773,0.8709208965301514,0.19300608336925507,0,0
26,RIGHT_ANKLE,0.4000207185745239,0.9204348921775818,0.05331319943070412,0,0
26,LEFT_HEEL,0.4696238934993744,0.886170506477356,0.21028760075569153,0,0
26,RIGHT_HEEL,0.40014371275901794,0.9262738227844238,0.060812704265117645,0,0
26,LEFT_FOOT_INDEX,0.4948591887950897,0.8987514972686768,0.1726393699645996,0,0
26,RIGHT_FOOT_INDEX,0.399897962808609,0.9670094847679138,-0.0019158622017130256,0,0
27,NOSE,0.42967575788497925,0.564691424369812,-0.1301228404045105,0,0
27,LEFT_EYE_INNER,0.43177565932273865,0.5547893047332764,-0.12213586270809174,0,0
27,LEFT_EYE,0.43372291326522827,0.5543025135993958,-0.12215498089790344,0,0
27,LEFT_EYE_OUTER,0.435494065284729,0.5538343787193298,-0.12217605113983154,0,0
27,RIGHT_EYE_INNER,0.42531639337539673,0.5558374524116516,-0.12103541195392609,0,0
27,RIGHT_EYE,0.4229636490345001,0.5560706257820129,-0.12105154991149902,0,0
27,RIGHT_EYE_OUTER,0.420751690864563,0.5562911629676819,-0.12104233354330063,0,0
27,LEFT_EAR,0.43684399127960205,0.5555713772773743,-0.06270814687013626,0,0
27,RIGHT_EAR,0.4170530438423157,0.5584415793418884,-0.05945267155766487,0,0
27,MOUTH_LEFT,0.4324105679988861,0.5742738842964172,-0.10638391226530075,0,0
27,MOUTH_RIGHT,0.42565932869911194,0.5762073993682861,-0.10582535713911057,0,0
27,LEFT_SHOULDER,0.4493633508682251,0.5906486511230469,-0.05224030464887619,0,0
27,RIGHT_SHOULDER,0.400702565908432,0.6050002574920654,-0.01863909885287285,0,0
27,LEFT_ELBOW,0.45418092608451843,0.6332977414131165,-0.13088291883468628,0,0
27,RIGHT_ELBOW,0.37716907262802124,0.6484694480895996,-0.09696810692548752,0,0
27,LEFT_WRIST,0.4099559783935547,0.6267921328544617,-0.22733838856220245,0,0
27,RIGHT_WRIST,0.3781048655509949,0.6390726566314697,-0.2249470055103302,0,0
27,LEFT_PINKY,0.40014511346817017,0.6232932806015015,-0.2546158730983734,0,0
27,RIGHT_PINKY,0.378038227558136,0.6355391144752502,-0.2497534453868866,0,0
27,LEFT_INDEX,0.3995291590690613,0.6164948344230652,-0.2548324763774872,0,0
27,RIGHT_INDEX,0.3808687925338745,0.6333242058753967,-0.24774155020713806,0,0
27,LEFT_THUMB,0.40229782462120056,0.6189206838607788,-0.22769542038440704,0,0
27,RIGHT_THUMB,0.3827765882015228,0.6346985101699829,-0.22701583802700043,0,0
27,LEFT_HIP,0.451273113489151,0.7375469207763672,0.00844861101359129,0,0
27,RIGHT_HIP,0.41991084814071655,0.7432788014411926,-0.008502562530338764,0,0
27,LEFT_KNEE,0.47756555676460266,0.8137580156326294,-0.013170557096600533,0,0
27,RIGHT_KNEE,0.41406720876693726,0.8383835554122925,-0.057127490639686584,0,0
27,LEFT_ANKLE,0.4757553040981293,0.8707991242408752,0.17203554511070251,0,0
27,RIGHT_ANKLE,0.40059080719947815,0.919243335723877,0.037262655794620514,0,0
27,LEFT_HEEL,0.468994140625,0.8859289288520813,0.18855391442775726,0,0
27,RIGHT_HEEL,0.4006202816963196,0.9244065880775452,0.044226113706827164,0,0
27,LEFT_FOOT_INDEX,0.49477729201316833,0.8987213969230652,0.14840690791606903,0,0
27,RIGHT_FOOT_INDEX,0.39991798996925354,0.9668030738830566,-0.02226072922348976,0,0
28,NOSE,0.4332626760005951,0.5662569403648376,-0.11936468631029129,0,0
28,LEFT_EYE_INNER,0.43567463755607605,0.5562340617179871,-0.11263489723205566,0,0
28,LEFT_EYE,0.43763265013694763,0.5557190775871277,-0.11265888810157776,0,0
28,LEFT_EYE_OUTER,0.4393329322338104,0.5553199648857117,-0.11267097294330597,0,0
28,RIGHT_EYE_INNER,0.4289856255054474,0.5571058988571167,-0.11100944876670837,0,0
28,RIGHT_EYE,0.4266219735145569,0.5571931600570679,-0.11100292205810547,0,0
28,RIGHT_EYE_OUTER,0.4243709444999695,0.5574727654457092,-0.11097800731658936,0,0
28,LEFT_EAR,0.44120508432388306,0.5567829012870789,-0.05636346712708473,0,0
28,RIGHT_EAR,0.42153841257095337,0.5597060918807983,-0.050848402082920074,0,0
28,MOUTH_LEFT,0.4363583028316498,0.5766230821609497,-0.09691336005926132,0,0
28,MOUTH_RIGHT,0.42931807041168213,0.5779390335083008,-0.09547378867864609,0,0
28,LEFT_SHOULDER,0.45326584577560425,0.5910089015960693,-0.05482650548219681,0,0
28,RIGHT_SHOULDER,0.4074956774711609,0.6045421957969666,-0.01697526127099991,0,0
28,LEFT_ELBOW,0.44383159279823303,0.6283875703811646,-0.1467122882604599,0,0
28,RIGHT_ELBOW,0.3863142132759094,0.6201362609863281,-0.10986821353435516,0,0
28,LEFT_WRIST,0.3975585103034973,0.6192572712898254,-0.22466622292995453,0,0
28,RIGHT_WRIST,0.37754151225090027,0.6199432611465454,-0.25821736454963684,0,0
28,LEFT_PINKY,0.3870442509651184,0.6165516972541809,-0.2522132694721222,0,0
28,RIGHT_PINKY,0.3737735152244568,0.6211565136909485,-0.2866244316101074,0,0
28,LEFT_INDEX,0.3851683735847473,0.6102012991905212,-0.24863740801811218,0,0
28,RIGHT_INDEX,0.3760180175304413,0.6192132234573364,-0.2881476581096649,0,0
28,LEFT_THUMB,0.3900326192378998,0.6128793358802795,-0.22452861070632935,0,0
28,RIGHT_THUMB,0.37967318296432495,0.6206535696983337,-0.2638006806373596,0,0
28,LEFT_HIP,0.45517680048942566,0.7369173169136047,0.006707648281008005,0,0
28,RIGHT_HIP,0.42405974864959717,0.7406482100486755,-0.006732214707881212,0,0
28,LEFT_KNEE,0.4782581925392151,0.8138207197189331,0.014732567593455315,0,0
28,RIGHT_KNEE,0.4202965497970581,0.8345038294792175,-0.04992791637778282,0,0
28,LEFT_ANKLE,0.4748750925064087,0.8708142638206482,0.18948212265968323,0,0
28,RIGHT_ANKLE,0.40637528896331787,0.9199597835540771,0.005177325569093227,0,0
28,LEFT_HEEL,0.46778005361557007,0.8863080739974976,0.20501571893692017,0,0
28,RIGHT_HEEL,0.40517738461494446,0.9267464280128479,0.007361451629549265,0,0
28,LEFT_FOOT_INDEX,0.4945618510246277,0.8985745310783386,0.17004108428955078,0,0
28,RIGHT_FOOT_INDEX,0.4107520878314972,0.9689366221427917,-0.059749674052000046,0,0
29,NOSE,0.43438926339149475,0.5673049688339233,-0.11797156929969788,0,0
29,LEFT_EYE_INNER,0.4368338882923126,0.557327151298523,-0.1112699806690216,0,0
29,LEFT_EYE,0.4387342631816864,0.556882917881012,-0.11129862815141678,0,0
29,LEFT_EYE_OUTER,0.4403849244117737,0.5565659403800964,-0.11130987852811813,0,0
29,RIGHT_EYE_INNER,0.43027788400650024,0.5578755140304565,-0.10953943431377411,0,0
29,RIGHT_EYE,0.42780911922454834,0.5578767657279968,-0.10953298211097717,0,0
29,RIGHT_EYE_OUTER,0.42557820677757263,0.5579794645309448,-0.10950686037540436,0,0
29,LEFT_EAR,0.4417687952518463,0.5580342411994934,-0.0559007003903389,0,0
29,RIGHT_EAR,0.42201030254364014,0.5602349638938904,-0.04955344647169113,0,0
29,MOUTH_LEFT,0.43703827261924744,0.5777794122695923,-0.09582576900720596,0,0
29,MOUTH_RIGHT,0.43027764558792114,0.5788664221763611,-0.0941266119480133,0,0
29,LEFT_SHOULDER,0.454017698764801,0.5913407802581787,-0.059112973511219025,0,0
29,RIGHT_SHOULDER,0.407871276140213,0.6047490239143372,-0.014736038632690907,0,0
29,LEFT_ELBOW,0.4400195777416229,0.6274198889732361,-0.15574079751968384,0,0
29,RIGHT_ELBOW,0.3897084891796112,0.6232306361198425,-0.1079392284154892,0,0
29,LEFT_WRIST,0.39674654603004456,0.6192904710769653,-0.23701436817646027,0,0
29,RIGHT_WRIST,0.3781644105911255,0.6215015649795532,-0.2522641122341156,0,0
29,LEFT_PINKY,0.3853761851787567,0.6181540489196777,-0.26557138562202454,0,0
29,RIGHT_PINKY,0.3729238510131836,0.6212310194969177,-0.2803817391395569,0,0
29,LEFT_INDEX,0.3827453553676605,0.611548125743866,-0.2606099545955658,0,0
29,RIGHT_INDEX,0.374382883310318,0.617172360420227,-0.2822478711605072,0,0
29,LEFT_THUMB,0.38754597306251526,0.6132155656814575,-0.23655234277248383,0,0
29,RIGHT_THUMB,0.3782519996166229,0.6195308566093445,-0.2579110562801361,0,0
29,LEFT_HIP,0.4562835693359375,0.7365847826004028,0.00418618880212307,0,0
29,RIGHT_HIP,0.4251042902469635,0.7402345538139343,-0.004217004869133234,0,0
29,LEFT_KNEE,0.47824710607528687,0.8154107928276062,0.0089748939499259,0,0
29,RIGHT_KNEE,0.4218757748603821,0.8337321877479553,-0.04272305965423584,0,0
29,LEFT_ANKLE,0.47502434253692627,0.8708868622779846,0.18942780792713165,0,0
29,RIGHT_ANKLE,0.4077896475791931,0.9205804467201233,0.013275432400405407,0,0
29,LEFT_HEEL,0.4676748514175415,0.8865035176277161,0.2059130221605301,0,0
29,RIGHT_HEEL,0.40624791383743286,0.9278464317321777,0.016102531924843788,0,0
29,LEFT_FOOT_INDEX,0.4949990510940552,0.8983691930770874,0.17212411761283875,0,0
29,RIGHT_FOOT_INDEX,0.4134785234928131,0.9705541729927063,-0.04989747703075409,0,0
30,NOSE,0.43504801392555237,0.5690029859542847,-0.14097751677036285,0,0
30,LEFT_EYE_INNER,0.4381210505962372,0.5592156648635864,-0.13656578958034515,0,0
30,LEFT_EYE,0.440396785736084,0.5588939189910889,-0.13660886883735657,0,0
30,LEFT_EYE_OUTER,0.44236239790916443,0.558577299118042,-0.13663962483406067,0,0
30,RIGHT_EYE_INNER,0.4313669800758362,0.5589218139648438,-0.13417436182498932,0,0
30,RIGHT_EYE,0.4290563464164734,0.5586037635803223,-0.13417787849903107,0,0
30,RIGHT_EYE_OUTER,0.4268488585948944,0.5585178136825562,-0.1341892033815384,0,0
30,LEFT_EAR,0.44463402032852173,0.559204638004303,-0.08038230240345001,0,0
30,RIGHT_EAR,0.423408180475235,0.5603938698768616,-0.07252419739961624,0,0
30,MOUTH_LEFT,0.43814152479171753,0.5798693895339966,-0.11799775063991547,0,0
30,MOUTH_RIGHT,0.4312818944454193,0.5799338221549988,-0.1152166873216629,0,0
30,LEFT_SHOULDER,0.4566020965576172,0.5914953947067261,-0.07590513676404953,0,0
30,RIGHT_SHOULDER,0.40960314869880676,0.5999950766563416,-0.023332199081778526,0,0
30,LEFT_ELBOW,0.43596330285072327,0.6298481225967407,-0.14942465722560883,0,0
30,RIGHT_ELBOW,0.38525599241256714,0.6171973347663879,-0.10339067131280899,0,0
30,LEFT_WRIST,0.3878365755081177,0.6194649338722229,-0.23283949494361877,0,0
30,RIGHT_WRIST,0.36058488488197327,0.5942657589912415,-0.244760200381279,0,0
30,LEFT_PINKY,0.37442636489868164,0.6188978552818298,-0.25808876752853394,0,0
30,RIGHT_PINKY,0.3510487973690033,0.5881667137145996,-0.27847927808761597,0,0
30,LEFT_INDEX,0.3717748820781708,0.6118519902229309,-0.24915239214897156,0,0
30,RIGHT_INDEX,0.35321131348609924,0.5858922600746155,-0.2610647976398468,0,0
30,LEFT_THUMB,0.3750172555446625,0.6122362613677979,-0.23259636759757996,0,0
30,RIGHT_THUMB,0.3585515022277832,0.5897238850593567,-0.23850871622562408,0,0
30,LEFT_HIP,0.45816558599472046,0.7358222007751465,0.0053166672587394714,0,0
30,RIGHT_HIP,0.4272752106189728,0.738548994064331,-0.0053412155248224735,0,0
30,LEFT_KNEE,0.4786628782749176,0.8175758123397827,0.009528330527245998,0,0
30,RIGHT_KNEE,0.42767608165740967,0.8348382115364075,-0.06616289168596268,0,0
30,LEFT_ANKLE,0.4733033776283264,0.8706867694854736,0.17921502888202667,0,0
30,RIGHT_ANKLE,0.41775453090667725,0.9286515116691589,-0.0227497685700655,0,0
30,LEFT_HEEL,0.4661606550216675,0.8864645957946777,0.19481417536735535,0,0
30,RIGHT_HEEL,0.41388341784477234,0.9416201710700989,-0.02084347978234291,0,0
30,LEFT_FOOT_INDEX,0.49344250559806824,0.8977023363113403,0.16435663402080536,0,0
30,RIGHT_FOOT_INDEX,0.43125563859939575,0.9742318391799927,-0.08809766918420792,0,0
31,NOSE,0.4349852204322815,0.5705825090408325,-0.14285045862197876,0,0
31,LEFT_EYE_INNER,0.43798038363456726,0.5604652762413025,-0.13837336003780365,0,0
31,LEFT_EYE,0.44019919633865356,0.5599702596664429,-0.13841715455055237,0,0
31,LEFT_EYE_OUTER,0.4422534704208374,0.5595236420631409,-0.13844260573387146,0,0
31,RIGHT_EYE_INNER,0.4317329525947571,0.5604487657546997,-0.1365923136472702,0,0
31,RIGHT_EYE,0.42938032746315,0.5600318908691406,-0.13659556210041046,0,0
31,RIGHT_EYE_OUTER,0.4271067976951599,0.559822678565979,-0.13660883903503418,0,0
31,LEFT_EAR,0.4449877142906189,0.5596486330032349,-0.07912755757570267,0,0
31,RIGHT_EAR,0.4232094883918762,0.5608608722686768,-0.07390477508306503,0,0
31,MOUTH_LEFT,0.4379616975784302,0.5810562372207642,-0.11878548562526703,0,0
31,MOUTH_RIGHT,0.4313433766365051,0.5813037157058716,-0.11599168926477432,0,0
31,LEFT_SHOULDER,0.45724794268608093,0.5916084051132202,-0.06927093118429184,0,0
31,RIGHT_SHOULDER,0.40881234407424927,0.5992279648780823,-0.025647439062595367,0,0
31,LEFT_ELBOW,0.43747302889823914,0.6312870979309082,-0.14593632519245148,0,0
31,RIGHT_ELBOW,0.38662317395210266,0.6196945309638977,-0.07724694907665253,0,0
31,LEFT_WRIST,0.3877018988132477,0.6216139197349548,-0.22947709262371063,0,0
31,RIGHT_WRIST,0.36664220690727234,0.6140434145927429,-0.18607573211193085,0,0
31,LEFT_PINKY,0.37465497851371765,0.6225994825363159,-0.25707414746284485,0,0
31,RIGHT_PINKY,0.35861653089523315,0.612199068069458,-0.20768877863883972,0,0
31,LEFT_INDEX,0.3721882998943329,0.6165509819984436,-0.2518881857395172,0,0
31,RIGHT_INDEX,0.360401451587677,0.6088565587997437,-0.21505318582057953,0,0
31,LEFT_THUMB,0.3761199414730072,0.6165834069252014,-0.22942475974559784,0,0
31,RIGHT_THUMB,0.3651108145713806,0.6109070777893066,-0.19253943860530853,0,0
31,LEFT_HIP,0.4589415192604065,0.7358816862106323,0.0061289346776902676,0,0
31,RIGHT_HIP,0.42799702286720276,0.7387657165527344,-0.00613491702824831,0,0
31,LEFT_KNEE,0.4778560400009155,0.8208244442939758,0.027967916801571846,0,0
31,RIGHT_KNEE,0.43077364563941956,0.8364695310592651,-0.06556165218353271,0,0
31,LEFT_ANKLE,0.4726680517196655,0.8685218691825867,0.21880310773849487,0,0
31,RIGHT_ANKLE,0.42308130860328674,0.9359764456748962,-0.006503507029265165,0,0
31,LEFT_HEEL,0.46559253334999084,0.8827443718910217,0.23713257908821106,0,0
31,RIGHT_HEEL,0.4185793101787567,0.9516034126281738,-0.0037586756516247988,0,0
31,LEFT_FOOT_INDEX,0.4908232092857361,0.8965850472450256,0.20895260572433472,0,0
31,RIGHT_FOOT_INDEX,0.43921440839767456,0.9765652418136597,-0.07305340468883514,0,0
32,NOSE,0.43542131781578064,0.5707817673683167,-0.15248049795627594,0,0
32,LEFT_EYE_INNER,0.4383518397808075,0.56053626537323,-0.14694277942180634,0,0
32,LEFT_EYE,0.4405111074447632,0.5600124001502991,-0.14698247611522675,0,0
32,LEFT_EYE_OUTER,0.4425821006298065,0.5595125555992126,-0.14700278639793396,0,0
32,RIGHT_EYE_INNER,0.43225595355033875,0.5605409145355225,-0.1456570327281952,0,0
32,RIGHT_EYE,0.4299563765525818,0.5601122975349426,-0.14566326141357422,0,0
32,RIGHT_EYE_OUTER,0.42770156264305115,0.559887170791626,-0.14566874504089355,0,0
32,LEFT_EAR,0.44534265995025635,0.5595846772193909,-0.08596111088991165,0,0
32,RIGHT_EAR,0.4236118197441101,0.5607607960700989,-0.08218173682689667,0,0
32,MOUTH_LEFT,0.4383057951927185,0.5810813903808594,-0.12735196948051453,0,0
32,MOUTH_RIGHT,0.43166056275367737,0.5815702676773071,-0.125942200422287,0,0
32,LEFT_SHOULDER,0.4574551284313202,0.591663658618927,-0.07387136667966843,0,0
32,RIGHT_SHOULDER,0.409126877784729,0.5986841320991516,-0.02890927717089653,0,0
32,LEFT_ELBOW,0.43665698170661926,0.632047712802887,-0.14594551920890808,0,0
32,RIGHT_ELBOW,0.38528311252593994,0.6200569272041321,-0.06290008872747421,0,0
32,LEFT_WRIST,0.38620269298553467,0.6220979690551758,-0.22788895666599274,0,0
32,RIGHT_WRIST,0.3632962107658386,0.6175820231437683,-0.15227395296096802,0,0
32,LEFT_PINKY,0.3730330467224121,0.6233413219451904,-0.2563555836677551,0,0
32,RIGHT_PINKY,0.354234904050827,0.6159799695014954,-0.17088750004768372,0,0
32,LEFT_INDEX,0.37101057171821594,0.6178001165390015,-0.2527507245540619,0,0
32,RIGHT_INDEX,0.35594651103019714,0.6130227446556091,-0.18196536600589752,0,0
32,LEFT_THUMB,0.3747924864292145,0.6175662279129028,-0.22825048863887787,0,0
32,RIGHT_THUMB,0.36085888743400574,0.6150503158569336,-0.1600572168827057,0,0
32,LEFT_HIP,0.4592851400375366,0.7358883023262024,0.0067163193598389626,0,0
32,RIGHT_HIP,0.4281958043575287,0.7389878034591675,-0.006725007202476263,0,0
32,LEFT_KNEE,0.47893986105918884,0.8207159042358398,0.040927961468696594,0,0
32,RIGHT_KNEE,0.43161261081695557,0.8365694284439087,-0.06305490434169769,0,0
32,LEFT_ANKLE,0.4724518656730652,0.8700711131095886,0.22764477133750916,0,0
32,RIGHT_ANKLE,0.42328035831451416,0.9373297095298767,-0.009322479367256165,0,0
32,LEFT_HEEL,0.465537965297699,0.8852086663246155,0.2452535182237625,0,0
32,RIGHT_HEEL,0.41913682222366333,0.9531186819076538,-0.007136247586458921,0,0
32,LEFT_FOOT_INDEX,0.4913385808467865,0.8965915441513062,0.21563228964805603,0,0
32,RIGHT_FOOT_INDEX,0.4402214586734772,0.9777888655662537,-0.077255979180336,0,0
33,NOSE,0.43557998538017273,0.5714187026023865,-0.15658143162727356,0,0
33,LEFT_EYE_INNER,0.43875300884246826,0.5608891844749451,-0.15069501101970673,0,0
33,LEFT_EYE,0.4408820867538452,0.5604153871536255,-0.15073569118976593,0,0
33,LEFT_EYE_OUTER,0.4430564045906067,0.5598857402801514,-0.15076062083244324,0,0
33,RIGHT_EYE_INNER,0.4325293302536011,0.56114661693573,-0.14951272308826447,0,0
33,RIGHT_EYE,0.43012532591819763,0.5608722567558289,-0.1495179980993271,0,0
33,RIGHT_EYE_OUTER,0.4277263879776001,0.560687243938446,-0.1495261788368225,0,0
33,LEFT_EAR,0.44595739245414734,0.5597977638244629,-0.08991348743438721,0,0
33,RIGHT_EAR,0.42339906096458435,0.5611783862113953,-0.08627348393201828,0,0
33,MOUTH_LEFT,0.4383760094642639,0.581735372543335,-0.1315336525440216,0,0
33,MOUTH_RIGHT,0.4315095543861389,0.5825360417366028,-0.13046406209468842,0,0
33,LEFT_SHOULDER,0.4576546549797058,0.5919780731201172,-0.08062050491571426,0,0
33,RIGHT_SHOULDER,0.40910473465919495,0.5990639328956604,-0.03107769601047039,0,0
33,LEFT_ELBOW,0.4341222047805786,0.6325784921646118,-0.15974627435207367,0,0
33,RIGHT_ELBOW,0.38458549976348877,0.6199569702148438,-0.07495426386594772,0,0
33,LEFT_WRIST,0.3845283091068268,0.6214587688446045,-0.24336613714694977,0,0
33,RIGHT_WRIST,0.3599848449230194,0.6167577505111694,-0.17555633187294006,0,0
33,LEFT_PINKY,0.372169554233551,0.6226602792739868,-0.2729778587818146,0,0
33,RIGHT_PINKY,0.35023653507232666,0.6146100759506226,-0.19639421999454498,0,0
33,LEFT_INDEX,0.3699047267436981,0.617168128490448,-0.2696066200733185,0,0
33,RIGHT_INDEX,0.35197699069976807,0.612075686454773,-0.2060965597629547,0,0
33,LEFT_THUMB,0.3737975060939789,0.6168392896652222,-0.24395279586315155,0,0
33,RIGHT_THUMB,0.35719871520996094,0.6143673658370972,-0.1831550896167755,0,0
33,LEFT_HIP,0.45942696928977966,0.73594731092453,0.007086895406246185,0,0
33,RIGHT_HIP,0.42808786034584045,0.7392059564590454,-0.007095212582498789,0,0
33,LEFT_KNEE,0.47914037108421326,0.8230147361755371,0.033202312886714935,0,0
33,RIGHT_KNEE,0.43176382780075073,0.8373276591300964,-0.06283868104219437,0,0
33,LEFT_ANKLE,0.4720953702926636,0.8701785206794739,0.22026318311691284,0,0
33,RIGHT_ANKLE,0.4237833321094513,0.9388371706008911,-0.012781571596860886,0,0
33,LEFT_HEEL,0.4652007818222046,0.8851916193962097,0.23786817491054535,0,0
33,RIGHT_HEEL,0.4198771119117737,0.9539329409599304,-0.010668921284377575,0,0
33,LEFT_FOOT_INDEX,0.4910171329975128,0.8965655565261841,0.20871210098266602,0,0
33,RIGHT_FOOT_INDEX,0.4403802752494812,0.9783665537834167,-0.08160191029310226,0,0
34,NOSE,0.4356163740158081,0.5720394849777222,-0.15451936423778534,0,0
34,LEFT_EYE_INNER,0.43857041001319885,0.5611359477043152,-0.1481742262840271,0,0
34,LEFT_EYE,0.4406323730945587,0.5606794953346252,-0.14821948111057281,0,0
34,LEFT_EYE_OUTER,0.4426138997077942,0.5601223111152649,-0.1482200175523758,0,0
34,RIGHT_EYE_INNER,0.4325093924999237,0.5615870356559753,-0.14547958970069885,0,0
34,RIGHT_EYE,0.4301910996437073,0.5615294575691223,-0.14548566937446594,0,0
34,RIGHT_EYE_OUTER,0.4278688430786133,0.5614984631538391,-0.1454973667860031,0,0
34,LEFT_EAR,0.445341557264328,0.5599111318588257,-0.0816008597612381,0,0
34,RIGHT_EAR,0.423298180103302,0.5619232058525085,-0.07607296109199524,0,0
34,MOUTH_LEFT,0.43833762407302856,0.5824352502822876,-0.1276925504207611,0,0
34,MOUTH_RIGHT,0.4317477345466614,0.5835677981376648,-0.12566116452217102,0,0
34,LEFT_SHOULDER,0.4580644369125366,0.5933082699775696,-0.07794899493455887,0,0
34,RIGHT_SHOULDER,0.4094325602054596,0.5992271900177002,-0.02804970182478428,0,0
34,LEFT_ELBOW,0.4369778037071228,0.6377695202827454,-0.14597927033901215,0,0
34,RIGHT_ELBOW,0.38438355922698975,0.6185755133628845,-0.11082874983549118,0,0
34,LEFT_WRIST,0.3904763460159302,0.6472715139389038,-0.23734594881534576,0,0
34,RIGHT_WRIST,0.35841649770736694,0.621677815914154,-0.28153693675994873,0,0
34,LEFT_PINKY,0.37971237301826477,0.6520562171936035,-0.2676545977592468,0,0
34,RIGHT_PINKY,0.35072892904281616,0.6201714873313904,-0.3133983910083771,0,0
34,LEFT_INDEX,0.37833282351493835,0.6477372646331787,-0.26695507764816284,0,0
34,RIGHT_INDEX,0.3529678285121918,0.6141428351402283,-0.31949108839035034,0,0
34,LEFT_THUMB,0.3819355070590973,0.6455171704292297,-0.2385532557964325,0,0
34,RIGHT_THUMB,0.3567573130130768,0.617296576499939,-0.2890363931655884,0,0
34,LEFT_HIP,0.4594854414463043,0.7378026843070984,0.009441978298127651,0,0
34,RIGHT_HIP,0.42890456318855286,0.7396124005317688,-0.00948592834174633,0,0
34,LEFT_KNEE,0.47852808237075806,0.8286588191986084,0.03698515519499779,0,0
34,RIGHT_KNEE,0.4371081292629242,0.8389703631401062,-0.08154570311307907,0,0
34,LEFT_ANKLE,0.4716673195362091,0.8701686263084412,0.23098032176494598,0,0
34,RIGHT_ANKLE,0.42565441131591797,0.9417036175727844,-0.046477723866701126,0,0
34,LEFT_HEEL,0.46449214220046997,0.8815460205078125,0.2492556869983673,0,0
34,RIGHT_HEEL,0.42007163166999817,0.9588372111320496,-0.04572051391005516,0,0
34,LEFT_FOOT_INDEX,0.48617470264434814,0.8950403928756714,0.2230367213487625,0,0
34,RIGHT_FOOT_INDEX,0.44458287954330444,0.9826327562332153,-0.11922381818294525,0,0
35,NOSE,0.43586811423301697,0.573552668094635,-0.1551770716905594,0,0
35,LEFT_EYE_INNER,0.43810737133026123,0.5622133016586304,-0.14738157391548157,0,0
35,LEFT_EYE,0.4401942789554596,0.5615967512130737,-0.1474142074584961,0,0
35,LEFT_EYE_OUTER,0.4420628547668457,0.5610156059265137,-0.14742349088191986,0,0
35,RIGHT_EYE_INNER,0.43211057782173157,0.5631295442581177,-0.14743539690971375,0,0
35,RIGHT_EYE,0.4296032786369324,0.5632863640785217,-0.14744849503040314,0,0
35,RIGHT_EYE_OUTER,0.427069753408432,0.5634661912918091,-0.14744006097316742,0,0
35,LEFT_EAR,0.4445391893386841,0.5606924891471863,-0.07656730711460114,0,0
35,RIGHT_EAR,0.4224775731563568,0.5640429854393005,-0.07938820868730545,0,0
35,MOUTH_LEFT,0.43889060616493225,0.583897590637207,-0.1267690360546112,0,0
35,MOUTH_RIGHT,0.4323858320713043,0.5859251618385315,-0.12746407091617584,0,0
35,LEFT_SHOULDER,0.45865315198898315,0.5987680554389954,-0.04608992114663124,0,0
35,RIGHT_SHOULDER,0.40848496556282043,0.6014665365219116,-0.02911384217441082,0,0
35,LEFT_ELBOW,0.45687970519065857,0.6577829718589783,-0.0972599908709526,0,0
35,RIGHT_ELBOW,0.3816741406917572,0.6193707585334778,-0.10752113163471222,0,0
35,LEFT_WRIST,0.41510698199272156,0.6874861717224121,-0.20683741569519043,0,0
35,RIGHT_WRIST,0.3534187972545624,0.6284762620925903,-0.27406346797943115,0,0
35,LEFT_PINKY,0.40672314167022705,0.701206386089325,-0.2375258505344391,0,0
35,RIGHT_PINKY,0.34209612011909485,0.6251243352890015,-0.30695483088493347,0,0
35,LEFT_INDEX,0.40248993039131165,0.6950350999832153,-0.24634940922260284,0,0
35,RIGHT_INDEX,0.34461551904678345,0.6275551319122314,-0.31779173016548157,0,0
35,LEFT_THUMB,0.4043540358543396,0.6906999945640564,-0.21140286326408386,0,0
35,RIGHT_THUMB,0.3492831587791443,0.6316895484924316,-0.2833564877510071,0,0
35,LEFT_HIP,0.4599438011646271,0.7402939200401306,0.016654664650559425,0,0
35,RIGHT_HIP,0.431018203496933,0.7418805360794067,-0.01667472906410694,0,0
35,LEFT_KNEE,0.4779318571090698,0.8295349478721619,0.06881850212812424,0,0
35,RIGHT_KNEE,0.4388209283351898,0.8434013724327087,-0.08580860495567322,0,0
35,LEFT_ANKLE,0.4718049168586731,0.8712290525436401,0.24354572594165802,0,0
35,RIGHT_ANKLE,0.42588603496551514,0.9448273181915283,-0.0690726712346077,0,0
35,LEFT_HEEL,0.464558482170105,0.88156658411026,0.2597831189632416,0,0
35,RIGHT_HEEL,0.4199279248714447,0.9614612460136414,-0.0704948827624321,0,0
35,LEFT_FOOT_INDEX,0.4883060157299042,0.8950796723365784,0.23344169557094574,0,0
35,RIGHT_FOOT_INDEX,0.44456353783607483,0.9869515895843506,-0.14548681676387787,0,0
36,NOSE,0.435870498418808,0.5744783878326416,-0.15824882686138153,0,0
36,LEFT_EYE_INNER,0.43783286213874817,0.5630913376808167,-0.14996163547039032,0,0
36,LEFT_EYE,0.43995577096939087,0.562399685382843,-0.1499897539615631,0,0
36,LEFT_EYE_OUTER,0.44182494282722473,0.5618182420730591,-0.15000592172145844,0,0
36,RIGHT_EYE_INNER,0.43183088302612305,0.5641124844551086,-0.150630384683609,0,0
36,RIGHT_EYE,0.42924797534942627,0.5643240809440613,-0.15064586699008942,0,0
36,RIGHT_EYE_OUTER,0.42665040493011475,0.5645657181739807,-0.1506344974040985,0,0
36,LEFT_EAR,0.44428589940071106,0.5614668130874634,-0.07650197297334671,0,0
36,RIGHT_EAR,0.4220377206802368,0.5652841329574585,-0.08133160322904587,0,0
36,MOUTH_LEFT,0.439007431268692,0.5849087238311768,-0.12840193510055542,0,0
36,MOUTH_RIGHT,0.43249431252479553,0.5871075987815857,-0.13007597625255585,0,0
36,LEFT_SHOULDER,0.45869311690330505,0.6004517078399658,-0.04371771588921547,0,0
36,RIGHT_SHOULDER,0.40830114483833313,0.6026016473770142,-0.029995644465088844,0,0
36,LEFT_ELBOW,0.4599670171737671,0.6618799567222595,-0.09748129546642303,0,0
36,RIGHT_ELBOW,0.38124439120292664,0.6186829805374146,-0.10889601707458496,0,0
36,LEFT_WRIST,0.41863808035850525,0.6912626028060913,-0.20798180997371674,0,0
36,RIGHT_WRIST,0.35423997044563293,0.6308277249336243,-0.2841458320617676,0,0
36,LEFT_PINKY,0.4100538492202759,0.7055026292800903,-0.23874913156032562,0,0
36,RIGHT_PINKY,0.3435211181640625,0.6296325325965881,-0.31804078817367554,0,0
36,LEFT_INDEX,0.4057750403881073,0.6990814805030823,-0.24639767408370972,0,0
36,RIGHT_INDEX,0.3458656370639801,0.6337941288948059,-0.3284135162830353,0,0
36,LEFT_THUMB,0.407613605260849,0.6945447325706482,-0.21224792301654816,0,0
36,RIGHT_THUMB,0.3502424657344818,0.637051522731781,-0.2933519780635834,0,0
36,LEFT_HIP,0.4600757360458374,0.7414740920066833,0.01673046499490738,0,0
36,RIGHT_HIP,0.43144139647483826,0.7428615689277649,-0.01674358919262886,0,0
36,LEFT_KNEE,0.4776555001735687,0.8309364318847656,0.06605859100818634,0,0
36,RIGHT_KNEE,0.4384092688560486,0.8464978337287903,-0.08720646053552628,0,0
36,LEFT_ANKLE,0.4717004597187042,0.8706514835357666,0.2494153380393982,0,0
36,RIGHT_ANKLE,0.4261566698551178,0.9464460611343384,-0.06933312863111496,0,0
36,LEFT_HEEL,0.4640085995197296,0.8770473003387451,0.26661643385887146,0,0
36,RIGHT_HEEL,0.4197537302970886,0.9636911749839783,-0.07068030536174774,0,0
36,LEFT_FOOT_INDEX,0.48643893003463745,0.8945021033287048,0.24076813459396362,0,0
36,RIGHT_FOOT_INDEX,0.4454704821109772,0.988509476184845,-0.14737644791603088,0,0
37,NOSE,0.43575045466423035,0.5769871473312378,-0.23347638547420502,0,0
37,LEFT_EYE_INNER,0.43764349818229675,0.5648459196090698,-0.22735916078090668,0,0
37,LEFT_EYE,0.4397840201854706,0.564125657081604,-0.22736088931560516,0,0
37,LEFT_EYE_OUTER,0.44173726439476013,0.5633344054222107,-0.2273719161748886,0,0
37,RIGHT_EYE_INNER,0.4310606122016907,0.5659663677215576,-0.22732426226139069,0,0
37,RIGHT_EYE,0.42853817343711853,0.5660114884376526,-0.22733937203884125,0,0
37,RIGHT_EYE_OUTER,0.4262465536594391,0.5661504864692688,-0.2273334562778473,0,0
37,LEFT_EAR,0.44384393095970154,0.5626802444458008,-0.1508120745420456,0,0
37,RIGHT_EAR,0.42173677682876587,0.5665626525878906,-0.15399576723575592,0,0
37,MOUTH_LEFT,0.43840715289115906,0.5873440504074097,-0.20156674087047577,0,0
37,MOUTH_RIGHT,0.43208858370780945,0.5895394682884216,-0.20259803533554077,0,0
37,LEFT_SHOULDER,0.46043676137924194,0.6031968593597412,-0.09020517766475677,0,0
37,RIGHT_SHOULDER,0.40814343094825745,0.607738733291626,-0.08892880380153656,0,0
37,LEFT_ELBOW,0.4848885238170624,0.6623966693878174,-0.10471530258655548,0,0
37,RIGHT_ELBOW,0.37647172808647156,0.6227185130119324,-0.10879269987344742,0,0
37,LEFT_WRIST,0.46528592705726624,0.7090362310409546,-0.22333739697933197,0,0
37,RIGHT_WRIST,0.34903669357299805,0.657908022403717,-0.2230471968650818,0,0
37,LEFT_PINKY,0.4601096510887146,0.7311725616455078,-0.25187167525291443,0,0
37,RIGHT_PINKY,0.33778733015060425,0.6616554856300354,-0.2477034032344818,0,0
37,LEFT_INDEX,0.4538317918777466,0.7235462665557861,-0.26373356580734253,0,0
37,RIGHT_INDEX,0.34130731225013733,0.6681435704231262,-0.2733106017112732,0,0
37,LEFT_THUMB,0.45432859659194946,0.7168062925338745,-0.22927077114582062,0,0
37,RIGHT_THUMB,0.3459097146987915,0.668883740901947,-0.23546046018600464,0,0
37,LEFT_HIP,0.460063636302948,0.743079423904419,0.018652793020009995,0,0
37,RIGHT_HIP,0.43094417452812195,0.7486162781715393,-0.018728308379650116,0,0
37,LEFT_KNEE,0.4774985611438751,0.8295896649360657,0.10779363662004471,0,0
37,RIGHT_KNEE,0.4395212233066559,0.8510619401931763,-0.08739231526851654,0,0
37,LEFT_ANKLE,0.47201603651046753,0.870542049407959,0.3186265826225281,0,0
37,RIGHT_ANKLE,0.4274960458278656,0.9455186724662781,-0.05420314148068428,0,0
37,LEFT_HEEL,0.46447476744651794,0.877342939376831,0.33842378854751587,0,0
37,RIGHT_HEEL,0.4205382764339447,0.9634573459625244,-0.05379989370703697,0,0
37,LEFT_FOOT_INDEX,0.4906993806362152,0.8951645493507385,0.3056740164756775,0,0
37,RIGHT_FOOT_INDEX,0.446397602558136,0.9884748458862305,-0.1347081959247589,0,0
38,NOSE,0.43532171845436096,0.5775858163833618,-0.2498050481081009,0,0
38,LEFT_EYE_INNER,0.43729478120803833,0.565561830997467,-0.24264077842235565,0,0
38,LEFT_EYE,0.4395420253276825,0.5649773478507996,-0.24265441298484802,0,0
38,LEFT_EYE_OUTER,0.44141852855682373,0.5642542243003845,-0.24267718195915222,0,0
38,RIGHT_EYE_INNER,0.43101486563682556,0.5665432810783386,-0.24326957762241364,0,0
38,RIGHT_EYE,0.4284874200820923,0.5665903687477112,-0.24328607320785522,0,0
38,RIGHT_EYE_OUTER,0.42608681321144104,0.566704511642456,-0.2432880848646164,0,0
38,LEFT_EAR,0.4434922933578491,0.5639100670814514,-0.1622437983751297,0,0
38,RIGHT_EAR,0.42149245738983154,0.5671786069869995,-0.1683603674173355,0,0
38,MOUTH_LEFT,0.43804946541786194,0.5883083939552307,-0.21654613316059113,0,0
38,MOUTH_RIGHT,0.43170058727264404,0.5902529954910278,-0.21838466823101044,0,0
38,LEFT_SHOULDER,0.46079427003860474,0.6040986776351929,-0.10171554237604141,0,0
38,RIGHT_SHOULDER,0.40770289301872253,0.6097761988639832,-0.10273876786231995,0,0
38,LEFT_ELBOW,0.48664963245391846,0.6612419486045837,-0.12628231942653656,0,0
38,RIGHT_ELBOW,0.3743038475513458,0.6258298754692078,-0.11984329670667648,0,0
38,LEFT_WRIST,0.4673469662666321,0.7110912203788757,-0.23797844350337982,0,0
38,RIGHT_WRIST,0.3470337986946106,0.6632209420204163,-0.22403036057949066,0,0
38,LEFT_PINKY,0.46273040771484375,0.7336092591285706,-0.267241895198822,0,0
38,RIGHT_PINKY,0.3334883451461792,0.6631912589073181,-0.24916759133338928,0,0
38,LEFT_INDEX,0.45659032464027405,0.7255035042762756,-0.27937600016593933,0,0
38,RIGHT_INDEX,0.3393857777118683,0.6704381704330444,-0.27170270681381226,0,0
38,LEFT_THUMB,0.45679304003715515,0.7191064953804016,-0.2441711276769638,0,0
38,RIGHT_THUMB,0.3441469967365265,0.6721484661102295,-0.23558661341667175,0,0
38,LEFT_HIP,0.46006613969802856,0.7446375489234924,0.02006753906607628,0,0
38,RIGHT_HIP,0.43060505390167236,0.751041054725647,-0.020161395892500877,0,0
38,LEFT_KNEE,0.47745317220687866,0.8301390409469604,0.11109796166419983,0,0
38,RIGHT_KNEE,0.4395613968372345,0.852817177772522,-0.08673090487718582,0,0
38,LEFT_ANKLE,0.4723939001560211,0.8708666563034058,0.3296573758125305,0,0
38,RIGHT_ANKLE,0.42800095677375793,0.9453707933425903,-0.04462726041674614,0,0
38,LEFT_HEEL,0.4651341140270233,0.8797105550765991,0.3502308428287506,0,0
38,RIGHT_HEEL,0.42095455527305603,0.9626761078834534,-0.04341713339090347,0,0
38,LEFT_FOOT_INDEX,0.49213460087776184,0.8959313631057739,0.31644636392593384,0,0
38,RIGHT_FOOT_INDEX,0.4464079737663269,0.9895597100257874,-0.12592312693595886,0,0
39,NOSE,0.43584197759628296,0.577112078666687,-0.2607651650905609,0,0
39,LEFT_EYE_INNER,0.4375762641429901,0.564403235912323,-0.25336331129074097,0,0
39,LEFT_EYE,0.4397691786289215,0.5635875463485718,-0.2533944845199585,0,0
39,LEFT_EYE_OUTER,0.44159042835235596,0.5627883076667786,-0.2534290552139282,0,0
39,RIGHT_EYE_INNER,0.43131300806999207,0.5659571290016174,-0.2555199861526489,0,0
39,RIGHT_EYE,0.42863768339157104,0.5663711428642273,-0.2555397152900696,0,0
39,RIGHT_EYE_OUTER,0.4262504279613495,0.5665796995162964,-0.2555157542228699,0,0
39,LEFT_EAR,0.44376590847969055,0.5624503493309021,-0.17646600306034088,0,0
39,RIGHT_EAR,0.4216020703315735,0.5668031573295593,-0.18771837651729584,0,0
39,MOUTH_LEFT,0.4389750063419342,0.5880633592605591,-0.22907303273677826,0,0
39,MOUTH_RIGHT,0.4322700500488281,0.5896210074424744,-0.23225881159305573,0,0
39,LEFT_SHOULDER,0.462173193693161,0.6023749113082886,-0.11077462881803513,0,0
39,RIGHT_SHOULDER,0.4073857069015503,0.6164209246635437,-0.12084770947694778,0,0
39,LEFT_ELBOW,0.49138689041137695,0.6508892178535461,-0.11969459056854248,0,0
39,RIGHT_ELBOW,0.3750150501728058,0.6654270887374878,-0.11523092538118362,0,0
39,LEFT_WRIST,0.4997149705886841,0.7011340856552124,-0.224253848195076,0,0
39,RIGHT_WRIST,0.3438054323196411,0.7138098478317261,-0.16288089752197266,0,0
39,LEFT_PINKY,0.5036892294883728,0.719776451587677,-0.24706807732582092,0,0
39,RIGHT_PINKY,0.3333187699317932,0.718865692615509,-0.18033313751220703,0,0
39,LEFT_INDEX,0.4971410036087036,0.7199856042861938,-0.2734993100166321,0,0
39,RIGHT_INDEX,0.3335322439670563,0.720370888710022,-0.2050030529499054,0,0
39,LEFT_THUMB,0.49489694833755493,0.7133235931396484,-0.23883621394634247,0,0
39,RIGHT_THUMB,0.3374921381473541,0.7204915881156921,-0.17446936666965485,0,0
39,LEFT_HIP,0.45960715413093567,0.7442032694816589,0.021210312843322754,0,0
39,RIGHT_HIP,0.4303536117076874,0.7518344521522522,-0.021251635625958443,0,0
39,LEFT_KNEE,0.47739580273628235,0.8298836946487427,0.08075666427612305,0,0
39,RIGHT_KNEE,0.4419819116592407,0.8556792736053467,-0.0589386485517025,0,0
39,LEFT_ANKLE,0.4727245569229126,0.870497465133667,0.2879171669483185,0,0
39,RIGHT_ANKLE,0.4286244213581085,0.9450798034667969,0.019482292234897614,0,0
39,LEFT_HEEL,0.4653914272785187,0.879809558391571,0.3073115348815918,0,0
39,RIGHT_HEEL,0.42120468616485596,0.9612845182418823,0.024638336151838303,0,0
39,LEFT_FOOT_INDEX,0.4928591847419739,0.8960583209991455,0.27393418550491333,0,0
39,RIGHT_FOOT_INDEX,0.4469328224658966,0.9904666543006897,-0.04948175325989723,0,0
40,NOSE,0.4361548125743866,0.576419472694397,-0.25335460901260376,0,0
40,LEFT_EYE_INNER,0.4378308057785034,0.5633133053779602,-0.24635426700115204,0,0
40,LEFT_EYE,0.44001951813697815,0.5623595118522644,-0.24638275802135468,0,0
40,LEFT_EYE_OUTER,0.4418090879917145,0.56157386302948,-0.24641332030296326,0,0
40,RIGHT_EYE_INNER,0.43152910470962524,0.5652967095375061,-0.2482357919216156,0,0
40,RIGHT_EYE,0.4287799894809723,0.5660068988800049,-0.24825452268123627,0,0
40,RIGHT_EYE_OUTER,0.42639273405075073,0.5664958953857422,-0.2482282966375351,0,0
40,LEFT_EAR,0.4440616965293884,0.5614237189292908,-0.17222191393375397,0,0
40,RIGHT_EAR,0.42175236344337463,0.5665432214736938,-0.18223680555820465,0,0
40,MOUTH_LEFT,0.43948838114738464,0.5880126357078552,-0.22277012467384338,0,0
40,MOUTH_RIGHT,0.4326185882091522,0.5892670154571533,-0.22559510171413422,0,0
40,LEFT_SHOULDER,0.4625997543334961,0.601558268070221,-0.10995640605688095,0,0
40,RIGHT_SHOULDER,0.40732234716415405,0.6181867718696594,-0.11539970338344574,0,0
40,LEFT_ELBOW,0.4917431175708771,0.6463813781738281,-0.11601114273071289,0,0
40,RIGHT_ELBOW,0.3754545748233795,0.6698408722877502,-0.10001031309366226,0,0
40,LEFT_WRIST,0.5007730722427368,0.6993293762207031,-0.21556243300437927,0,0
40,RIGHT_WRIST,0.3434261679649353,0.7172873616218567,-0.1505654752254486,0,0
40,LEFT_PINKY,0.5048409700393677,0.718062698841095,-0.2377747744321823,0,0
40,RIGHT_PINKY,0.3334260582923889,0.7225772142410278,-0.16694165766239166,0,0
40,LEFT_INDEX,0.498332679271698,0.719378650188446,-0.26136794686317444,0,0
40,RIGHT_INDEX,0.33293014764785767,0.7238709330558777,-0.19100861251354218,0,0
40,LEFT_THUMB,0.4961142838001251,0.7128963470458984,-0.22728107869625092,0,0
40,RIGHT_THUMB,0.33674654364585876,0.7239430546760559,-0.16185006499290466,0,0
40,LEFT_HIP,0.45939111709594727,0.7439731955528259,0.020339254289865494,0,0
40,RIGHT_HIP,0.4302447438240051,0.7521321177482605,-0.020369501784443855,0,0
40,LEFT_KNEE,0.47733309864997864,0.8296177983283997,0.0764409676194191,0,0
40,RIGHT_KNEE,0.44237443804740906,0.8567610383033752,-0.05648162215948105,0,0
40,LEFT_ANKLE,0.4728803038597107,0.8703139424324036,0.28101682662963867,0,0
40,RIGHT_ANKLE,0.42882946133613586,0.9448454976081848,0.01416035182774067,0,0
40,LEFT_HEEL,0.46556463837623596,0.8799635767936707,0.3001132905483246,0,0
40,RIGHT_HEEL,0.42139628529548645,0.9606088995933533,0.0184717308729887,0,0
40,LEFT_FOOT_INDEX,0.49327608942985535,0.8960968852043152,0.26742294430732727,0,0
40,RIGHT_FOOT_INDEX,0.4470348060131073,0.9908468723297119,-0.05476933345198631,0,0
41,NOSE,0.44253551959991455,0.5647882223129272,-0.25430959463119507,0,0
41,LEFT_EYE_INNER,0.4428133964538574,0.5534229874610901,-0.24175412952899933,0,0
41,LEFT_EYE,0.4444064795970917,0.5522913336753845,-0.24178296327590942,0,0
41,LEFT_EYE_OUTER,0.4457019865512848,0.5512121319770813,-0.24178524315357208,0,0
41,RIGHT_EYE_INNER,0.4371107816696167,0.5563022494316101,-0.25017255544662476,0,0
41,RIGHT_EYE,0.434566855430603,0.5572889447212219,-0.25020554661750793,0,0
41,RIGHT_EYE_OUTER,0.4318234324455261,0.5581903457641602,-0.25022584199905396,0,0
41,LEFT_EAR,0.4453791677951813,0.5531671643257141,-0.15598653256893158,0,0
41,RIGHT_EAR,0.4258577525615692,0.5618058443069458,-0.1948307901620865,0,0
41,MOUTH_LEFT,0.44528940320014954,0.5735349655151367,-0.22032740712165833,0,0
41,MOUTH_RIGHT,0.4395643472671509,0.5776839256286621,-0.2316282093524933,0,0
41,LEFT_SHOULDER,0.4608304798603058,0.5889221429824829,-0.06936248391866684,0,0
41,RIGHT_SHOULDER,0.4143286347389221,0.6264130473136902,-0.16027002036571503,0,0
41,LEFT_ELBOW,0.48157548904418945,0.6326177716255188,-0.029215008020401,0,0
41,RIGHT_ELBOW,0.3954898715019226,0.6992934346199036,-0.1604749709367752,0,0
41,LEFT_WRIST,0.49324363470077515,0.6944018602371216,-0.10139422863721848,0,0
41,RIGHT_WRIST,0.3789266347885132,0.7647814154624939,-0.1833612024784088,0,0
41,LEFT_PINKY,0.49930354952812195,0.7103930711746216,-0.11594284325838089,0,0
41,RIGHT_PINKY,0.3684336245059967,0.7783695459365845,-0.2002309411764145,0,0
41,LEFT_INDEX,0.4947619140148163,0.7060585021972656,-0.13313092291355133,0,0
41,RIGHT_INDEX,0.36846619844436646,0.7800884246826172,-0.21998044848442078,0,0
41,LEFT_THUMB,0.49216094613075256,0.7009513974189758,-0.10987719148397446,0,0
41,RIGHT_THUMB,0.37302160263061523,0.7770182490348816,-0.1921669989824295,0,0
41,LEFT_HIP,0.4565199315547943,0.7425283789634705,0.04632823169231415,0,0
41,RIGHT_HIP,0.4306153953075409,0.7541863918304443,-0.04645362123847008,0,0
41,LEFT_KNEE,0.4774911105632782,0.8060123920440674,0.12434039264917374,0,0
41,RIGHT_KNEE,0.4441840946674347,0.8560925126075745,-0.0794229805469513,0,0
41,LEFT_ANKLE,0.4779146909713745,0.8699061274528503,0.28516680002212524,0,0
41,RIGHT_ANKLE,0.4291113615036011,0.9446117281913757,0.00036412975168786943,0,0
41,LEFT_HEEL,0.4705767333507538,0.8813864588737488,0.29945138096809387,0,0
41,RIGHT_HEEL,0.42105990648269653,0.9605151414871216,0.013330608606338501,0,0
41,LEFT_FOOT_INDEX,0.5018608570098877,0.8939737677574158,0.271579772233963,0,0
41,RIGHT_FOOT_INDEX,0.44847923517227173,0.9908520579338074,-0.07186182588338852,0,0
42,NOSE,0.44375869631767273,0.5605701804161072,-0.2476542443037033,0,0
42,LEFT_EYE_INNER,0.4436090290546417,0.5493820309638977,-0.23492206633090973,0,0
42,LEFT_EYE,0.44504696130752563,0.5482043623924255,-0.23495377600193024,0,0
42,LEFT_EYE_OUTER,0.446359783411026,0.5470663905143738,-0.23495414853096008,0,0
42,RIGHT_EYE_INNER,0.43829405307769775,0.5522522926330566,-0.24298833310604095,0,0
42,RIGHT_EYE,0.43572935461997986,0.5531675219535828,-0.24301858246326447,0,0
42,RIGHT_EYE_OUTER,0.43299147486686707,0.5540487170219421,-0.24303507804870605,0,0
42,LEFT_EAR,0.4457487165927887,0.5493677258491516,-0.14910390973091125,0,0
42,RIGHT_EAR,0.42679864168167114,0.5588088631629944,-0.18640980124473572,0,0
42,MOUTH_LEFT,0.4466154873371124,0.5686629414558411,-0.2139076441526413,0,0
42,MOUTH_RIGHT,0.4409984350204468,0.5732407569885254,-0.22466057538986206,0,0
42,LEFT_SHOULDER,0.45965927839279175,0.5836856961250305,-0.05980546399950981,0,0
42,RIGHT_SHOULDER,0.4158497750759125,0.6277453899383545,-0.1529211401939392,0,0
42,LEFT_ELBOW,0.4781323969364166,0.6289255619049072,-0.026929311454296112,0,0
42,RIGHT_ELBOW,0.39808210730552673,0.7019923329353333,-0.15365834534168243,0,0
42,LEFT_WRIST,0.49313074350357056,0.6904677748680115,-0.10438939929008484,0,0
42,RIGHT_WRIST,0.38196754455566406,0.767656683921814,-0.18012936413288116,0,0
42,LEFT_PINKY,0.4990716874599457,0.7080340385437012,-0.12004220485687256,0,0
42,RIGHT_PINKY,0.37158554792404175,0.7807329297065735,-0.19472308456897736,0,0
42,LEFT_INDEX,0.4947432279586792,0.700875461101532,-0.13678652048110962,0,0
42,RIGHT_INDEX,0.3718976080417633,0.7822968363761902,-0.21525539457798004,0,0
42,LEFT_THUMB,0.49217644333839417,0.6960805654525757,-0.11279603093862534,0,0
42,RIGHT_THUMB,0.37637266516685486,0.7793662548065186,-0.18844860792160034,0,0
42,LEFT_HIP,0.45516055822372437,0.7412186861038208,0.04759984090924263,0,0
42,RIGHT_HIP,0.43057408928871155,0.7546533942222595,-0.047726016491651535,0,0
42,LEFT_KNEE,0.4777495265007019,0.8016024231910706,0.12197747081518173,0,0
42,RIGHT_KNEE,0.4443269670009613,0.8554463386535645,-0.08530540019273758,0,0
42,LEFT_ANKLE,0.47908270359039307,0.8694597482681274,0.2815803289413452,0,0
42,RIGHT_ANKLE,0.4288944900035858,0.9444931745529175,-0.013851592317223549,0,0
42,LEFT_HEEL,0.47194162011146545,0.8824355006217957,0.29555007815361023,0,0
42,RIGHT_HEEL,0.4209511876106262,0.9603207111358643,-0.004582448862493038,0,0
42,LEFT_FOOT_INDEX,0.5029922127723694,0.8934268355369568,0.26806536316871643,0,0
42,RIGHT_FOOT_INDEX,0.44875720143318176,0.990709662437439,-0.0755525454878807,0,0
43,NOSE,0.4435592591762543,0.5588849782943726,-0.2455558329820633,0,0
43,LEFT_EYE_INNER,0.44330015778541565,0.5476599931716919,-0.23233762383460999,0,0
43,LEFT_EYE,0.4446841776371002,0.5464185476303101,-0.23237402737140656,0,0
43,LEFT_EYE_OUTER,0.4460315704345703,0.5452598333358765,-0.23237746953964233,0,0
43,RIGHT_EYE_INNER,0.43779754638671875,0.5507697463035583,-0.2395370602607727,0,0
43,RIGHT_EYE,0.4352283775806427,0.551676869392395,-0.2395624965429306,0,0
43,RIGHT_EYE_OUTER,0.43251675367355347,0.5526567101478577,-0.23958002030849457,0,0
43,LEFT_EAR,0.4457540810108185,0.5472280979156494,-0.14526653289794922,0,0
43,RIGHT_EAR,0.4266376793384552,0.557526171207428,-0.178140789270401,0,0
43,MOUTH_LEFT,0.44661733508110046,0.5669007897377014,-0.21145804226398468,0,0
43,MOUTH_RIGHT,0.4407072067260742,0.5715784430503845,-0.2209842950105667,0,0
43,LEFT_SHOULDER,0.4593123495578766,0.5821350812911987,-0.0528547540307045,0,0
43,RIGHT_SHOULDER,0.41671615839004517,0.6265171766281128,-0.1452312469482422,0,0
43,LEFT_ELBOW,0.47663718461990356,0.6278668642044067,-0.018367523327469826,0,0
43,RIGHT_ELBOW,0.39881834387779236,0.7006094455718994,-0.14652076363563538,0,0
43,LEFT_WRIST,0.49283871054649353,0.6872523427009583,-0.09370233118534088,0,0
43,RIGHT_WRIST,0.38266053795814514,0.7662799954414368,-0.17591816186904907,0,0
43,LEFT_PINKY,0.4989895224571228,0.706315279006958,-0.10898814350366592,0,0
43,RIGHT_PINKY,0.3721573054790497,0.7800280451774597,-0.19066201150417328,0,0
43,LEFT_INDEX,0.4947616159915924,0.6985487937927246,-0.12589851021766663,0,0
43,RIGHT_INDEX,0.37288698554039,0.7816537022590637,-0.21125595271587372,0,0
43,LEFT_THUMB,0.4921497404575348,0.693729043006897,-0.10212339460849762,0,0
43,RIGHT_THUMB,0.3775225281715393,0.7784745097160339,-0.184223473072052,0,0
43,LEFT_HIP,0.4544036090373993,0.7401280999183655,0.04810969904065132,0,0
43,RIGHT_HIP,0.43046510219573975,0.7545653581619263,-0.048226550221443176,0,0
43,LEFT_KNEE,0.478262722492218,0.8027840256690979,0.1159360259771347,0,0
43,RIGHT_KNEE,0.4446658790111542,0.8553504347801208,-0.0912456288933754,0,0
43,LEFT_ANKLE,0.478863388299942,0.8689771294593811,0.27739259600639343,0,0
43,RIGHT_ANKLE,0.42866215109825134,0.9448528289794922,-0.02329549938440323,0,0
43,LEFT_HEEL,0.4713849723339081,0.8825036287307739,0.2916143238544464,0,0
43,RIGHT_HEEL,0.42071375250816345,0.9611757397651672,-0.017165593802928925,0,0
43,LEFT_FOOT_INDEX,0.5022528767585754,0.8925561308860779,0.2632363736629486,0,0
43,RIGHT_FOOT_INDEX,0.4490141272544861,0.9909601211547852,-0.08481097966432571,0,0
44,NOSE,0.449923574924469,0.5529361963272095,-0.2356201708316803,0,0
44,LEFT_EYE_INNER,0.44830334186553955,0.5427568554878235,-0.22823092341423035,0,0
44,LEFT_EYE,0.448884516954422,0.5420747995376587,-0.2282472401857376,0,0
44,LEFT_EYE_OUTER,0.44939059019088745,0.5412465333938599,-0.2281176745891571,0,0
44,RIGHT_EYE_INNER,0.4444729685783386,0.5447850823402405,-0.23203997313976288,0,0
44,RIGHT_EYE,0.442177951335907,0.5457267761230469,-0.23206566274166107,0,0
44,RIGHT_EYE_OUTER,0.43969056010246277,0.5467750430107117,-0.23205114901065826,0,0
44,LEFT_EAR,0.4457254111766815,0.5452419519424438,-0.1335139125585556,0,0
44,RIGHT_EAR,0.4325779378414154,0.5543227791786194,-0.1942116767168045,0,0
44,MOUTH_LEFT,0.45092594623565674,0.5629990696907043,-0.20299218595027924,0,0
44,MOUTH_RIGHT,0.4458664655685425,0.5661868453025818,-0.21736161410808563,0,0
44,LEFT_SHOULDER,0.4420529305934906,0.5840481519699097,-0.01469874382019043,0,0
44,RIGHT_SHOULDER,0.4345858693122864,0.624661386013031,-0.20646317303180695,0,0
44,LEFT_ELBOW,0.45929738879203796,0.6305112242698669,0.05380438268184662,0,0
44,RIGHT_ELBOW,0.4732159972190857,0.6840716600418091,-0.20422710478305817,0,0
44,LEFT_WRIST,0.4860963225364685,0.6556045413017273,0.024854835122823715,0,0
44,RIGHT_WRIST,0.5116448998451233,0.6582010984420776,-0.1785907745361328,0,0
44,LEFT_PINKY,0.49301019310951233,0.6607016921043396,0.020187873393297195,0,0
44,RIGHT_PINKY,0.5219398140907288,0.6586594581604004,-0.19727788865566254,0,0
44,LEFT_INDEX,0.49408504366874695,0.6518178582191467,0.0015796447405591607,0,0
44,RIGHT_INDEX,0.5209893584251404,0.6516209840774536,-0.2010667622089386,0,0
44,LEFT_THUMB,0.49139437079429626,0.652276337146759,0.015526830218732357,0,0
44,RIGHT_THUMB,0.5173014998435974,0.6521205902099609,-0.17949502170085907,0,0
44,LEFT_HIP,0.44528236985206604,0.7301304936408997,0.05836091563105583,0,0
44,RIGHT_HIP,0.4303673505783081,0.7503857612609863,-0.05846509709954262,0,0
44,LEFT_KNEE,0.4782153367996216,0.7740442752838135,0.16135050356388092,0,0
44,RIGHT_KNEE,0.44558611512184143,0.8546503186225891,-0.05719264596700668,0,0
44,LEFT_ANKLE,0.4897812604904175,0.8481428623199463,0.3132348656654358,0,0
44,RIGHT_ANKLE,0.42843151092529297,0.9464903473854065,-0.006282896734774113,0,0
44,LEFT_HEEL,0.4864494502544403,0.8666598200798035,0.326570063829422,0,0
44,RIGHT_HEEL,0.4206257462501526,0.9628235697746277,-0.0033319718204438686,0,0
44,LEFT_FOOT_INDEX,0.5165368318557739,0.8502615094184875,0.3096196949481964,0,0
44,RIGHT_FOOT_INDEX,0.4510422646999359,0.9908138513565063,-0.06566055119037628,0,0
45,NOSE,0.4513421058654785,0.5516454577445984,-0.23466023802757263,0,0
45,LEFT_EYE_INNER,0.4495059847831726,0.5417455434799194,-0.21686843037605286,0,0
45,LEFT_EYE,0.4499674141407013,0.5412328839302063,-0.21690264344215393,0,0
45,LEFT_EYE_OUTER,0.45032361149787903,0.5405473709106445,-0.2169390469789505,0,0
45,RIGHT_EYE_INNER,0.4459192156791687,0.5434423089027405,-0.2276841551065445,0,0
45,RIGHT_EYE,0.44365617632865906,0.5443589091300964,-0.2277076244354248,0,0
45,RIGHT_EYE_OUTER,0.44123563170433044,0.5453457236289978,-0.22769612073898315,0,0
45,LEFT_EAR,0.4456949532032013,0.5450255870819092,-0.12873323261737823,0,0
45,RIGHT_EAR,0.43378397822380066,0.5532474517822266,-0.19367609918117523,0,0
45,MOUTH_LEFT,0.45202621817588806,0.5621477961540222,-0.20115919411182404,0,0
45,MOUTH_RIGHT,0.44712722301483154,0.564935028553009,-0.21340236067771912,0,0
45,LEFT_SHOULDER,0.4409447908401489,0.5847762823104858,-0.015945538878440857,0,0
45,RIGHT_SHOULDER,0.4367283582687378,0.6235472559928894,-0.20798297226428986,0,0
45,LEFT_ELBOW,0.45932579040527344,0.6309699416160583,0.05160050466656685,0,0
45,RIGHT_ELBOW,0.4777670204639435,0.6814919114112854,-0.20556803047657013,0,0
45,LEFT_WRIST,0.4901914894580841,0.6495199799537659,0.02799004316329956,0,0
45,RIGHT_WRIST,0.5146601796150208,0.6540371179580688,-0.1763797104358673,0,0
45,LEFT_PINKY,0.49832990765571594,0.6526579260826111,0.024366747587919235,0,0
45,RIGHT_PINKY,0.5255336165428162,0.653942346572876,-0.19613148272037506,0,0
45,LEFT_INDEX,0.500444233417511,0.6454383134841919,0.005323497112840414,0,0
45,RIGHT_INDEX,0.5244557857513428,0.6465931534767151,-0.19632108509540558,0,0
45,LEFT_THUMB,0.4974212646484375,0.6466090679168701,0.018572989851236343,0,0
45,RIGHT_THUMB,0.5207049250602722,0.6471142768859863,-0.17585203051567078,0,0
45,LEFT_HIP,0.443943589925766,0.7268729209899902,0.057797715067863464,0,0
45,RIGHT_HIP,0.43031761050224304,0.7490262985229492,-0.0579025037586689,0,0
45,LEFT_KNEE,0.4784611165523529,0.7692432999610901,0.14789076149463654,0,0
45,RIGHT_KNEE,0.446152001619339,0.8536470532417297,-0.044353339821100235,0,0
45,LEFT_ANKLE,0.4903559684753418,0.8447287678718567,0.3021260201931,0,0
45,RIGHT_ANKLE,0.42818301916122437,0.9472507834434509,0.0280828345566988,0,0
45,LEFT_HEEL,0.48716941475868225,0.8630732893943787,0.31595930457115173,0,0
45,RIGHT_HEEL,0.4200877547264099,0.963439404964447,0.03324253112077713,0,0
45,LEFT_FOOT_INDEX,0.5171534419059753,0.8464981913566589,0.29890143871307373,0,0
45,RIGHT_FOOT_INDEX,0.4509560465812683,0.9905937910079956,-0.02665296010673046,0,0
46,NOSE,0.4568992257118225,0.5508844256401062,-0.2072608321905136,0,0
46,LEFT_EYE_INNER,0.45492681860923767,0.5407411456108093,-0.19085372984409332,0,0
46,LEFT_EYE,0.45525243878364563,0.5402372479438782,-0.19087418913841248,0,0
46,LEFT_EYE_OUTER,0.45550617575645447,0.5395594835281372,-0.1909065842628479,0,0
46,RIGHT_EYE_INNER,0.4518481194972992,0.5421306490898132,-0.20575682818889618,0,0
46,RIGHT_EYE,0.4498003423213959,0.5428109765052795,-0.20579896867275238,0,0
46,RIGHT_EYE_OUTER,0.4477164149284363,0.5434754490852356,-0.20576773583889008,0,0
46,LEFT_EAR,0.4484790861606598,0.5434380173683167,-0.11128602176904678,0,0
46,RIGHT_EAR,0.4401795566082001,0.5500498414039612,-0.18050311505794525,0,0
46,MOUTH_LEFT,0.4567093849182129,0.5607625246047974,-0.17639198899269104,0,0
46,MOUTH_RIGHT,0.4526500701904297,0.562734067440033,-0.19601191580295563,0,0
46,LEFT_SHOULDER,0.4403378367424011,0.5855855345726013,-0.010986624285578728,0,0
46,RIGHT_SHOULDER,0.4348039925098419,0.615017294883728,-0.19495494663715363,0,0
46,LEFT_ELBOW,0.4424400329589844,0.6559979319572449,0.04908646643161774,0,0
46,RIGHT_ELBOW,0.48287251591682434,0.6439452767372131,-0.1984582543373108,0,0
46,LEFT_WRIST,0.4472041130065918,0.7003210783004761,0.045982345938682556,0,0
46,RIGHT_WRIST,0.5073841214179993,0.5840731859207153,-0.14483079314231873,0,0
46,LEFT_PINKY,0.4491700232028961,0.7146146893501282,0.046334996819496155,0,0
46,RIGHT_PINKY,0.5151578187942505,0.5718135237693787,-0.1597435623407364,0,0
46,LEFT_INDEX,0.45031315088272095,0.7119255661964417,0.03623516112565994,0,0
46,RIGHT_INDEX,0.5128628015518188,0.5636035799980164,-0.15827983617782593,0,0
46,LEFT_THUMB,0.4495856463909149,0.7074663043022156,0.040734924376010895,0,0
46,RIGHT_THUMB,0.5101577639579773,0.5685251355171204,-0.14310012757778168,0,0
46,LEFT_HIP,0.44542843103408813,0.726379930973053,0.055734287947416306,0,0
46,RIGHT_HIP,0.4299413561820984,0.7485359907150269,-0.05582379549741745,0,0
46,LEFT_KNEE,0.4778231978416443,0.7594414949417114,0.16267821192741394,0,0
46,RIGHT_KNEE,0.44763824343681335,0.8534286022186279,-0.019867606461048126,0,0
46,LEFT_ANKLE,0.4880119264125824,0.8338577747344971,0.30660316348075867,0,0
46,RIGHT_ANKLE,0.4280666410923004,0.9471057057380676,0.051273975521326065,0,0
46,LEFT_HEEL,0.4856311082839966,0.8516958951950073,0.32018372416496277,0,0
46,RIGHT_HEEL,0.41985732316970825,0.9632927775382996,0.05698398873209953,0,0
46,LEFT_FOOT_INDEX,0.513543963432312,0.8429551124572754,0.31123822927474976,0,0
46,RIGHT_FOOT_INDEX,0.4506211578845978,0.9903914928436279,0.0036825246643275023,0,0
47,NOSE,0.4574052095413208,0.5515795946121216,-0.19700469076633453,0,0
47,LEFT_EYE_INNER,0.4554661512374878,0.5412889719009399,-0.18084804713726044,0,0
47,LEFT_EYE,0.4557434618473053,0.5407783389091492,-0.18086832761764526,0,0
47,LEFT_EYE_OUTER,0.4559568762779236,0.5400886535644531,-0.18090097606182098,0,0
47,RIGHT_EYE_INNER,0.452408105134964,0.5424531698226929,-0.19598020613193512,0,0
47,RIGHT_EYE,0.45050859451293945,0.5429331064224243,-0.19602249562740326,0,0
47,RIGHT_EYE_OUTER,0.44856151938438416,0.5433937311172485,-0.1959928721189499,0,0
47,LEFT_EAR,0.4486332833766937,0.5433505773544312,-0.10232774168252945,0,0
47,RIGHT_EAR,0.4408513605594635,0.5490301847457886,-0.17808233201503754,0,0
47,MOUTH_LEFT,0.4569428563117981,0.5611183643341064,-0.16659577190876007,0,0
47,MOUTH_RIGHT,0.453054279088974,0.5627909302711487,-0.1865309178829193,0,0
47,LEFT_SHOULDER,0.44012126326560974,0.585918128490448,-0.0033211770933121443,0,0
47,RIGHT_SHOULDER,0.43454039096832275,0.6121823787689209,-0.191546231508255,0,0
47,LEFT_ELBOW,0.43973758816719055,0.6599047780036926,0.060103483498096466,0,0
47,RIGHT_ELBOW,0.4820663332939148,0.6374108791351318,-0.19476865231990814,0,0
47,LEFT_WRIST,0.4426826238632202,0.7036837339401245,0.06148136034607887,0,0
47,RIGHT_WRIST,0.5064153075218201,0.5816869735717773,-0.1340230405330658,0,0
47,LEFT_PINKY,0.44466912746429443,0.7180345058441162,0.06273885071277618,0,0
47,RIGHT_PINKY,0.5139313340187073,0.5692511796951294,-0.1477784365415573,0,0
47,LEFT_INDEX,0.44492870569229126,0.7158281803131104,0.05284106358885765,0,0
47,RIGHT_INDEX,0.5121239423751831,0.5602380037307739,-0.14672906696796417,0,0
47,LEFT_THUMB,0.4441535770893097,0.7113173604011536,0.05633711814880371,0,0
47,RIGHT_THUMB,0.509379506111145,0.565189778804779,-0.1322878897190094,0,0
47,LEFT_HIP,0.4455024302005768,0.7260243892669678,0.056442487984895706,0,0
47,RIGHT_HIP,0.4298318028450012,0.748407781124115,-0.056521669030189514,0,0
47,LEFT_KNEE,0.47782278060913086,0.755567193031311,0.15400657057762146,0,0
47,RIGHT_KNEE,0.44777143001556396,0.8531390428543091,-0.02002107724547386,0,0
47,LEFT_ANKLE,0.48742321133613586,0.8325068354606628,0.29711660742759705,0,0
47,RIGHT_ANKLE,0.4278753995895386,0.9469225406646729,0.0461355522274971,0,0
47,LEFT_HEEL,0.48405349254608154,0.8508360981941223,0.31435635685920715,0,0
47,RIGHT_HEEL,0.41948261857032776,0.9630575776100159,0.051337577402591705,0,0
47,LEFT_FOOT_INDEX,0.5107898712158203,0.8416735529899597,0.29603341221809387,0,0
47,RIGHT_FOOT_INDEX,0.4501102864742279,0.990150511264801,-0.0020937512163072824,0,0
48,NOSE,0.46037009358406067,0.5485134124755859,-0.07354892790317535,0,0
48,LEFT_EYE_INNER,0.45801785588264465,0.5375555157661438,-0.06836496293544769,0,0
48,LEFT_EYE,0.45802512764930725,0.5371759533882141,-0.06842337548732758,0,0
48,LEFT_EYE_OUTER,0.4579544961452484,0.5367032885551453,-0.06846608966588974,0,0
48,RIGHT_EYE_INNER,0.45597320795059204,0.5383531451225281,-0.08718328177928925,0,0
48,RIGHT_EYE,0.454489529132843,0.5385992527008057,-0.08720960468053818,0,0
48,RIGHT_EYE_OUTER,0.4528174102306366,0.538874626159668,-0.08719822019338608,0,0
48,LEFT_EAR,0.44989147782325745,0.5404019355773926,-0.033116575330495834,0,0
48,RIGHT_EAR,0.44518598914146423,0.5439774394035339,-0.11826594173908234,0,0
48,MOUTH_LEFT,0.45983582735061646,0.5581758618354797,-0.05784081667661667,0,0
48,MOUTH_RIGHT,0.45748287439346313,0.5590422749519348,-0.08238494396209717,0,0
48,LEFT_SHOULDER,0.43724480271339417,0.5856959223747253,0.03888021409511566,0,0
48,RIGHT_SHOULDER,0.44283393025398254,0.5984915494918823,-0.1691020131111145,0,0
48,LEFT_ELBOW,0.4487701952457428,0.637470006942749,0.12024334073066711,0,0
48,RIGHT_ELBOW,0.48804885149002075,0.6140522360801697,-0.134398952126503,0,0
48,LEFT_WRIST,0.451323926448822,0.6440354585647583,0.1525997668504715,0,0
48,RIGHT_WRIST,0.48518192768096924,0.5790298581123352,-0.024831969290971756,0,0
48,LEFT_PINKY,0.4537028968334198,0.6462273001670837,0.15887199342250824,0,0
48,RIGHT_PINKY,0.48579099774360657,0.5718852877616882,-0.030784280970692635,0,0
48,LEFT_INDEX,0.45044830441474915,0.6421260833740234,0.1496417075395584,0,0
48,RIGHT_INDEX,0.481776624917984,0.5706445574760437,-0.03333031013607979,0,0
48,LEFT_THUMB,0.44608381390571594,0.6419478058815002,0.14791296422481537,0,0
48,RIGHT_THUMB,0.4807072579860687,0.5750689506530762,-0.023657888174057007,0,0
48,LEFT_HIP,0.4447295069694519,0.7280268669128418,0.0561443530023098,0,0
48,RIGHT_HIP,0.4309684634208679,0.7486819624900818,-0.05609702318906784,0,0
48,LEFT_KNEE,0.47541284561157227,0.7591367363929749,0.18904124200344086,0,0
48,RIGHT_KNEE,0.4490792453289032,0.8547109365463257,0.01110402774065733,0,0
48,LEFT_ANKLE,0.4621460735797882,0.838141143321991,0.322248637676239,0,0
48,RIGHT_ANKLE,0.42777806520462036,0.9475986361503601,0.08028504252433777,0,0
48,LEFT_HEEL,0.4595135450363159,0.8515260815620422,0.3353038430213928,0,0
48,RIGHT_HEEL,0.41904205083847046,0.9648565053939819,0.08625885099172592,0,0
48,LEFT_FOOT_INDEX,0.4877748489379883,0.8494905233383179,0.3348187804222107,0,0
48,RIGHT_FOOT_INDEX,0.44978761672973633,0.9899151921272278,0.04388498514890671,0,0
49,NOSE,0.4610975980758667,0.5480178594589233,0.011764656752347946,0,0
49,LEFT_EYE_INNER,0.4580846130847931,0.5368166565895081,0.005192774813622236,0,0
49,LEFT_EYE,0.45761018991470337,0.5365629196166992,0.0051590739749372005,0,0
49,LEFT_EYE_OUTER,0.4570757746696472,0.5362403392791748,0.00514813419431448,0,0
49,RIGHT_EYE_INNER,0.45733290910720825,0.5371510982513428,-0.005987769924104214,0,0
49,RIGHT_EYE,0.45638614892959595,0.5371437668800354,-0.006015397142618895,0,0
49,RIGHT_EYE_OUTER,0.45537200570106506,0.5371204614639282,-0.0060657006688416,0,0
49,LEFT_EAR,0.4493780732154846,0.5407334566116333,-0.005018770694732666,0,0
49,RIGHT_EAR,0.44795677065849304,0.5424858927726746,-0.05577484145760536,0,0
49,MOUTH_LEFT,0.4596739411354065,0.5576143860816956,0.012040451169013977,0,0
49,MOUTH_RIGHT,0.4587969183921814,0.5581231713294983,-0.002636193297803402,0,0
49,LEFT_SHOULDER,0.4285946488380432,0.5858563184738159,0.029125463217496872,0,0
49,RIGHT_SHOULDER,0.4524668753147125,0.5914201736450195,-0.09729092568159103,0,0
49,LEFT_ELBOW,0.42060214281082153,0.6375701427459717,0.12157409638166428,0,0
49,RIGHT_ELBOW,0.4925348460674286,0.6071089506149292,-0.03536752983927727,0,0
49,LEFT_WRIST,0.43168580532073975,0.6403988003730774,0.21913768351078033,0,0
49,RIGHT_WRIST,0.4797106683254242,0.5953671336174011,0.11480758339166641,0,0
49,LEFT_PINKY,0.4334298372268677,0.643934965133667,0.2365761548280716,0,0
49,RIGHT_PINKY,0.47762903571128845,0.5917925834655762,0.12639252841472626,0,0
49,LEFT_INDEX,0.43639686703681946,0.6408172249794006,0.23191183805465698,0,0
49,RIGHT_INDEX,0.47323718667030334,0.590854287147522,0.12493813782930374,0,0
49,LEFT_THUMB,0.4365820288658142,0.6404679417610168,0.21917006373405457,0,0
49,RIGHT_THUMB,0.47120705246925354,0.5927454829216003,0.11829617619514465,0,0
49,LEFT_HIP,0.4389834702014923,0.7427050471305847,0.05305226147174835,0,0
49,RIGHT_HIP,0.4372231364250183,0.749787449836731,-0.05302604287862778,0,0
49,LEFT_KNEE,0.46070411801338196,0.7629902362823486,0.18043194711208344,0,0
49,RIGHT_KNEE,0.4513924717903137,0.8594624996185303,0.026818275451660156,0,0
49,LEFT_ANKLE,0.4546225666999817,0.8415592908859253,0.30756643414497375,0,0
49,RIGHT_ANKLE,0.4277656674385071,0.9479324221611023,0.09823862463235855,0,0
49,LEFT_HEEL,0.4462326765060425,0.8526698350906372,0.32103076577186584,0,0
49,RIGHT_HEEL,0.4186214506626129,0.9654785394668579,0.10589328408241272,0,0
49,LEFT_FOOT_INDEX,0.46364831924438477,0.8543182611465454,0.3281605541706085,0,0
49,RIGHT_FOOT_INDEX,0.4495409429073334,0.9901102781295776,0.08250720053911209,0,0
50,NOSE,0.46121931076049805,0.547802209854126,0.019147323444485664,0,0
50,LEFT_EYE_INNER,0.4582103490829468,0.5367171764373779,0.012053427286446095,0,0
50,LEFT_EYE,0.45767027139663696,0.5365004539489746,0.01202011201530695,0,0
50,LEFT_EYE_OUTER,0.4570242166519165,0.5362409353256226,0.012015865184366703,0,0
50,RIGHT_EYE_INNER,0.4575279653072357,0.536963939666748,0.0012649432756006718,0,0
50,RIGHT_EYE,0.45658957958221436,0.536918580532074,0.0012388642644509673,0,0
50,RIGHT_EYE_OUTER,0.45557901263237,0.5368674993515015,0.0011857239296659827,0,0
50,LEFT_EAR,0.4490281939506531,0.5409202575683594,-0.00024507378111593425,0,0
50,RIGHT_EAR,0.44829240441322327,0.5421156883239746,-0.04875355586409569,0,0
50,MOUTH_LEFT,0.45972734689712524,0.557471513748169,0.018784174695611,0,0
50,MOUTH_RIGHT,0.4590190052986145,0.5578720569610596,0.004637408535927534,0,0
50,LEFT_SHOULDER,0.42690834403038025,0.5860573053359985,0.028666844591498375,0,0
50,RIGHT_SHOULDER,0.45306506752967834,0.5896875858306885,-0.08799789100885391,0,0
50,LEFT_ELBOW,0.4142554998397827,0.6381522417068481,0.1165870875120163,0,0
50,RIGHT_ELBOW,0.48953232169151306,0.6060498356819153,-0.029324118047952652,0,0
50,LEFT_WRIST,0.4266263246536255,0.6423139572143555,0.2126181423664093,0,0
50,RIGHT_WRIST,0.4743223190307617,0.5965713858604431,0.11568406224250793,0,0
50,LEFT_PINKY,0.4292280972003937,0.6460803151130676,0.2291112095117569,0,0
50,RIGHT_PINKY,0.47150060534477234,0.5924603939056396,0.12816433608531952,0,0
50,LEFT_INDEX,0.43274351954460144,0.643129825592041,0.22483126819133759,0,0
50,RIGHT_INDEX,0.46556395292282104,0.5914633870124817,0.12538844347000122,0,0
50,LEFT_THUMB,0.4328901171684265,0.6427308320999146,0.21272964775562286,0,0
50,RIGHT_THUMB,0.4651118218898773,0.5900612473487854,0.11866996437311172,0,0
50,LEFT_HIP,0.438019335269928,0.7449416518211365,0.051419783383607864,0,0
50,RIGHT_HIP,0.43812885880470276,0.7505064010620117,-0.051429383456707,0,0
50,LEFT_KNEE,0.46001407504081726,0.7652806043624878,0.1702137589454651,0,0
50,RIGHT_KNEE,0.45242151618003845,0.8612770438194275,0.014466612599790096,0,0
50,LEFT_ANKLE,0.45333966612815857,0.8432276844978333,0.29240864515304565,0,0
50,RIGHT_ANKLE,0.4278501272201538,0.9484496116638184,0.07472966611385345,0,0
50,LEFT_HEEL,0.44502925872802734,0.8552583456039429,0.3037189245223999,0,0
50,RIGHT_HEEL,0.41804343461990356,0.9666475653648376,0.08113037794828415,0,0
50,LEFT_FOOT_INDEX,0.4624415934085846,0.8592018485069275,0.3136378526687622,0,0
50,RIGHT_FOOT_INDEX,0.44948723912239075,0.9904087781906128,0.058428552001714706,0,0
51,NOSE,0.46223610639572144,0.547223687171936,0.028858477249741554,0,0
51,LEFT_EYE_INNER,0.4588891267776489,0.536430835723877,0.020744163542985916,0,0
51,LEFT_EYE,0.4581707715988159,0.5361865758895874,0.02070215530693531,0,0
51,LEFT_EYE_OUTER,0.4572835862636566,0.5358888506889343,0.020718690007925034,0,0
51,RIGHT_EYE_INNER,0.4586876630783081,0.5367981195449829,0.010183707810938358,0,0
51,RIGHT_EYE,0.45795729756355286,0.5367969274520874,0.010162938386201859,0,0
51,RIGHT_EYE_OUTER,0.45712077617645264,0.5367615818977356,0.010102623142302036,0,0
51,LEFT_EAR,0.4489975869655609,0.5405334830284119,0.0034106180537492037,0,0
51,RIGHT_EAR,0.449940949678421,0.5418182611465454,-0.04434486851096153,0,0
51,MOUTH_LEFT,0.4602683484554291,0.5569497346878052,0.02673560380935669,0,0
51,MOUTH_RIGHT,0.460020512342453,0.557365894317627,0.012762882746756077,0,0
51,LEFT_SHOULDER,0.4255242347717285,0.5860005617141724,0.025561092421412468,0,0
51,RIGHT_SHOULDER,0.45641690492630005,0.5900470018386841,-0.08731403201818466,0,0
51,LEFT_ELBOW,0.41515833139419556,0.6364002227783203,0.08795128762722015,0,0
51,RIGHT_ELBOW,0.48971760272979736,0.6109282970428467,-0.022652262821793556,0,0
51,LEFT_WRIST,0.42048099637031555,0.6493570804595947,0.1520826816558838,0,0
51,RIGHT_WRIST,0.46808281540870667,0.6035481095314026,0.14336827397346497,0,0
51,LEFT_PINKY,0.42324650287628174,0.6557594537734985,0.1628134846687317,0,0
51,RIGHT_PINKY,0.46509963274002075,0.6009896993637085,0.15973496437072754,0,0
51,LEFT_INDEX,0.42595502734184265,0.6526416540145874,0.15943552553653717,0,0
51,RIGHT_INDEX,0.46135208010673523,0.5932689905166626,0.15651234984397888,0,0
51,LEFT_THUMB,0.4257577955722809,0.6511663794517517,0.15181443095207214,0,0
51,RIGHT_THUMB,0.46093112230300903,0.5962987542152405,0.14685460925102234,0,0
51,LEFT_HIP,0.4368944466114044,0.74372398853302,0.05228199064731598,0,0
51,RIGHT_HIP,0.43876951932907104,0.7502260208129883,-0.05241929367184639,0,0
51,LEFT_KNEE,0.4562324285507202,0.7743211984634399,0.19260628521442413,0,0
51,RIGHT_KNEE,0.4547758400440216,0.8613525032997131,0.0027068520430475473,0,0
51,LEFT_ANKLE,0.45561903715133667,0.850170910358429,0.3138596713542938,0,0
51,RIGHT_ANKLE,0.42792078852653503,0.9493065476417542,0.05623430758714676,0,0
51,LEFT_HEEL,0.452243834733963,0.8591427803039551,0.32590967416763306,0,0
51,RIGHT_HEEL,0.4178953766822815,0.9668504595756531,0.06188136339187622,0,0
51,LEFT_FOOT_INDEX,0.4619026780128479,0.8713781833648682,0.33883723616600037,0,0
51,RIGHT_FOOT_INDEX,0.44935429096221924,0.990958571434021,0.03201896697282791,0,0
52,NOSE,0.46379485726356506,0.5479186773300171,0.038942016661167145,0,0
52,LEFT_EYE_INNER,0.4602104127407074,0.5371368527412415,0.029458699747920036,0,0
52,LEFT_EYE,0.4593868851661682,0.5368313193321228,0.029429076239466667,0,0
52,LEFT_EYE_OUTER,0.4583597183227539,0.5364588499069214,0.029450509697198868,0,0
52,RIGHT_EYE_INNER,0.4602448344230652,0.5376457571983337,0.019538266584277153,0,0
52,RIGHT_EYE,0.4596039056777954,0.5376959443092346,0.019513936713337898,0,0
52,RIGHT_EYE_OUTER,0.4588431417942047,0.5377141237258911,0.019440488889813423,0,0
52,LEFT_EAR,0.4496100842952728,0.5408325791358948,0.0052827405743300915,0,0
52,RIGHT_EAR,0.4517410099506378,0.5426141619682312,-0.03903970494866371,0,0
52,MOUTH_LEFT,0.46185383200645447,0.5576372146606445,0.03427203372120857,0,0
52,MOUTH_RIGHT,0.46180444955825806,0.5583536028862,0.021363239735364914,0,0
52,LEFT_SHOULDER,0.4228875935077667,0.5874373316764832,0.023257171735167503,0,0
52,RIGHT_SHOULDER,0.4610133767127991,0.5915818214416504,-0.08323154598474503,0,0
52,LEFT_ELBOW,0.40706247091293335,0.6434637308120728,0.07701470702886581,0,0
52,RIGHT_ELBOW,0.4825001657009125,0.6175413131713867,-0.019671505317091942,0,0
52,LEFT_WRIST,0.4208858609199524,0.651978611946106,0.14329293370246887,0,0
52,RIGHT_WRIST,0.4648371636867523,0.6110531091690063,0.14461421966552734,0,0
52,LEFT_PINKY,0.42503872513771057,0.6597171425819397,0.1548832207918167,0,0
52,RIGHT_PINKY,0.4630495309829712,0.6079577803611755,0.1634315699338913,0,0
52,LEFT_INDEX,0.4282843768596649,0.6556568741798401,0.15218092501163483,0,0
52,RIGHT_INDEX,0.45912545919418335,0.6032025218009949,0.16158360242843628,0,0
52,LEFT_THUMB,0.42756325006484985,0.6529849767684937,0.14345890283584595,0,0
52,RIGHT_THUMB,0.4587864279747009,0.6060196757316589,0.1488552838563919,0,0
52,LEFT_HIP,0.4320222735404968,0.7433831095695496,0.05427013710141182,0,0
52,RIGHT_HIP,0.44261592626571655,0.7497389316558838,-0.05444253981113434,0,0
52,LEFT_KNEE,0.45091965794563293,0.7754727005958557,0.17955738306045532,0,0
52,RIGHT_KNEE,0.4601156413555145,0.8633644580841064,-0.013004794716835022,0,0
52,LEFT_ANKLE,0.4524340033531189,0.8556773662567139,0.29150253534317017,0,0
52,RIGHT_ANKLE,0.4279577136039734,0.9502220749855042,0.007412256207317114,0,0
52,LEFT_HEEL,0.44021451473236084,0.8696984052658081,0.30109506845474243,0,0
52,RIGHT_HEEL,0.41717126965522766,0.9670557975769043,0.010147910565137863,0,0
52,LEFT_FOOT_INDEX,0.4546864330768585,0.87755286693573,0.3238425552845001,0,0
52,RIGHT_FOOT_INDEX,0.4492073655128479,0.9909421801567078,-0.004978397395461798,0,0
53,NOSE,0.4636009633541107,0.5484105944633484,0.03933977335691452,0,0
53,LEFT_EYE_INNER,0.46026545763015747,0.5376412868499756,0.029652098193764687,0,0
53,LEFT_EYE,0.45942696928977966,0.5373070240020752,0.029623204842209816,0,0
53,LEFT_EYE_OUTER,0.45835036039352417,0.5369013547897339,0.029644250869750977,0,0
53,RIGHT_EYE_INNER,0.46034014225006104,0.5382128953933716,0.019788643345236778,0,0
53,RIGHT_EYE,0.45972251892089844,0.5382789969444275,0.019761359319090843,0,0
53,RIGHT_EYE_OUTER,0.4589744210243225,0.5382980704307556,0.019684961065649986,0,0
53,LEFT_EAR,0.4495605528354645,0.5410740971565247,0.004486427642405033,0,0
53,RIGHT_EAR,0.4519749879837036,0.5429425835609436,-0.03974057361483574,0,0
53,MOUTH_LEFT,0.4616619646549225,0.558089017868042,0.03429300710558891,0,0
53,MOUTH_RIGHT,0.46164512634277344,0.5588991045951843,0.021413059905171394,0,0
53,LEFT_SHOULDER,0.4220932126045227,0.5884246230125427,0.019793489947915077,0,0
53,RIGHT_SHOULDER,0.4609905183315277,0.591699481010437,-0.08350523561239243,0,0
53,LEFT_ELBOW,0.4070630371570587,0.6467517614364624,0.06879594177007675,0,0
53,RIGHT_ELBOW,0.4807550013065338,0.6202744245529175,-0.020977046340703964,0,0
53,LEFT_WRIST,0.42235463857650757,0.6530478000640869,0.12888695299625397,0,0
53,RIGHT_WRIST,0.4633375108242035,0.6143302917480469,0.1439332813024521,0,0
53,LEFT_PINKY,0.4266349673271179,0.6615572571754456,0.13903695344924927,0,0
53,RIGHT_PINKY,0.4618406593799591,0.6120404005050659,0.16309629380702972,0,0
53,LEFT_INDEX,0.43000850081443787,0.6571930050849915,0.13746902346611023,0,0
53,RIGHT_INDEX,0.4580385982990265,0.607760488986969,0.16118575632572174,0,0
53,LEFT_THUMB,0.4292866289615631,0.653622567653656,0.12920980155467987,0,0
53,RIGHT_THUMB,0.457853764295578,0.6096752882003784,0.14806659519672394,0,0
53,LEFT_HIP,0.43181130290031433,0.7426954507827759,0.05387740582227707,0,0
53,RIGHT_HIP,0.4433073103427887,0.7497385144233704,-0.054053518921136856,0,0
53,LEFT_KNEE,0.4504115879535675,0.7771545648574829,0.18592777848243713,0,0
53,RIGHT_KNEE,0.4607900083065033,0.8644024729728699,-0.014760199934244156,0,0
53,LEFT_ANKLE,0.4526037275791168,0.8575204014778137,0.29702749848365784,0,0
53,RIGHT_ANKLE,0.4279910922050476,0.9506896734237671,0.012881265953183174,0,0
53,LEFT_HEEL,0.4416479766368866,0.8693246841430664,0.306645005941391,0,0
53,RIGHT_HEEL,0.416897177696228,0.9669106006622314,0.016130046918988228,0,0
53,LEFT_FOOT_INDEX,0.45571884512901306,0.8773106932640076,0.3276965320110321,0,0
53,RIGHT_FOOT_INDEX,0.4491436183452606,0.991590142250061,-0.004869185853749514,0,0
54,NOSE,0.46435800194740295,0.5542675256729126,0.04436264559626579,0,0
54,LEFT_EYE_INNER,0.4604516327381134,0.5444525480270386,0.036818698048591614,0,0
54,LEFT_EYE,0.4593958556652069,0.544133186340332,0.03680058941245079,0,0
54,LEFT_EYE_OUTER,0.4581632614135742,0.5436980128288269,0.03681614622473717,0,0
54,RIGHT_EYE_INNER,0.4612698256969452,0.5446695685386658,0.026449983939528465,0,0
54,RIGHT_EYE,0.46102485060691833,0.544527530670166,0.02641724795103073,0,0
54,RIGHT_EYE_OUTER,0.46071478724479675,0.5443270802497864,0.026352595537900925,0,0
54,LEFT_EAR,0.44968345761299133,0.5484625697135925,0.016674697399139404,0,0
54,RIGHT_EAR,0.4550623893737793,0.5485919713973999,-0.02886662259697914,0,0
54,MOUTH_LEFT,0.4623962342739105,0.5638704895973206,0.040736209601163864,0,0
54,MOUTH_RIGHT,0.4629715383052826,0.5643499493598938,0.02752135880291462,0,0
54,LEFT_SHOULDER,0.4210355579853058,0.6006660461425781,0.03466887027025223,0,0
54,RIGHT_SHOULDER,0.4632045328617096,0.5957444906234741,-0.0758734792470932,0,0
54,LEFT_ELBOW,0.4054078459739685,0.6667359471321106,0.060027871280908585,0,0
54,RIGHT_ELBOW,0.47696053981781006,0.6613110303878784,-0.0312851220369339,0,0
54,LEFT_WRIST,0.42501649260520935,0.6768566370010376,0.07430005818605423,0,0
54,RIGHT_WRIST,0.4583526849746704,0.6781543493270874,0.08918947726488113,0,0
54,LEFT_PINKY,0.42740577459335327,0.6812372803688049,0.07539001852273941,0,0
54,RIGHT_PINKY,0.45704731345176697,0.6848210096359253,0.10082292556762695,0,0
54,LEFT_INDEX,0.43173113465309143,0.676943838596344,0.07604487240314484,0,0
54,RIGHT_INDEX,0.45256760716438293,0.6770013570785522,0.09865709394216537,0,0
54,LEFT_THUMB,0.4311820864677429,0.6751551032066345,0.07331535220146179,0,0
54,RIGHT_THUMB,0.4523254334926605,0.6768563985824585,0.09197618067264557,0,0
54,LEFT_HIP,0.43067920207977295,0.7468700408935547,0.05534308776259422,0,0
54,RIGHT_HIP,0.4439683258533478,0.7546173930168152,-0.0554700642824173,0,0
54,LEFT_KNEE,0.44911104440689087,0.7787132859230042,0.19018925726413727,0,0
54,RIGHT_KNEE,0.4631003737449646,0.8654271960258484,-0.022906191647052765,0,0
54,LEFT_ANKLE,0.4482426941394806,0.8618425130844116,0.3009953796863556,0,0
54,RIGHT_ANKLE,0.42827266454696655,0.9507368206977844,-0.007494061253964901,0,0
54,LEFT_HEEL,0.4380423426628113,0.871661901473999,0.31105801463127136,0,0
54,RIGHT_HEEL,0.4168461859226227,0.9669501185417175,-0.00533305061981082,0,0
54,LEFT_FOOT_INDEX,0.4467385709285736,0.8794779181480408,0.3316580057144165,0,0
54,RIGHT_FOOT_INDEX,0.4490540623664856,0.9915696978569031,-0.019306672737002373,0,0
55,NOSE,0.46518996357917786,0.5602249503135681,0.06276912987232208,0,0
55,LEFT_EYE_INNER,0.4613218903541565,0.5502995252609253,0.05661921948194504,0,0
55,LEFT_EYE,0.46015453338623047,0.5499839782714844,0.05661087855696678,0,0
55,LEFT_EYE_OUTER,0.45881515741348267,0.5495976805686951,0.05662870779633522,0,0
55,RIGHT_EYE_INNER,0.46233221888542175,0.5504870414733887,0.0450432188808918,0,0
55,RIGHT_EYE,0.46215543150901794,0.5503025650978088,0.04501860588788986,0,0
55,RIGHT_EYE_OUTER,0.46191588044166565,0.5500631928443909,0.044969163835048676,0,0
55,LEFT_EAR,0.45026057958602905,0.5537113547325134,0.03928738832473755,0,0
55,RIGHT_EAR,0.45618394017219543,0.5537110567092896,-0.011391189880669117,0,0
55,MOUTH_LEFT,0.4630230963230133,0.5699948072433472,0.060080986469984055,0,0
55,MOUTH_RIGHT,0.46363815665245056,0.5704303979873657,0.045371927320957184,0,0
55,LEFT_SHOULDER,0.4202674627304077,0.6035400629043579,0.05536454916000366,0,0
55,RIGHT_SHOULDER,0.4637013077735901,0.6007216572761536,-0.06371775269508362,0,0
55,LEFT_ELBOW,0.40322354435920715,0.6708575487136841,0.05375184863805771,0,0
55,RIGHT_ELBOW,0.47504428029060364,0.671946108341217,-0.03619752824306488,0,0
55,LEFT_WRIST,0.4250088930130005,0.6857653260231018,0.02900879643857479,0,0
55,RIGHT_WRIST,0.45672181248664856,0.6951446533203125,0.06113636866211891,0,0
55,LEFT_PINKY,0.428758829832077,0.6909773945808411,0.02629275806248188,0,0
55,RIGHT_PINKY,0.45408347249031067,0.6980424523353577,0.0694652646780014,0,0
55,LEFT_INDEX,0.4323957562446594,0.6873672008514404,0.026345666497945786,0,0
55,RIGHT_INDEX,0.45159676671028137,0.6940815448760986,0.0685189813375473,0,0
55,LEFT_THUMB,0.43123218417167664,0.6857997179031372,0.027086172252893448,0,0
55,RIGHT_THUMB,0.4513399004936218,0.6929969787597656,0.06406108289957047,0,0
55,LEFT_HIP,0.4287427067756653,0.7477863430976868,0.05737171322107315,0,0
55,RIGHT_HIP,0.44693660736083984,0.7544471621513367,-0.05747751146554947,0,0
55,LEFT_KNEE,0.449765682220459,0.8064786195755005,0.18799075484275818,0,0
55,RIGHT_KNEE,0.46602705121040344,0.8648431301116943,-0.050594206899404526,0,0
55,LEFT_ANKLE,0.4323452413082123,0.8736430406570435,0.2732987701892853,0,0
55,RIGHT_ANKLE,0.42879924178123474,0.9506041407585144,-0.06971023976802826,0,0
55,LEFT_HEEL,0.4260673224925995,0.8840318918228149,0.280613511800766,0,0
55,RIGHT_HEEL,0.416897177696228,0.9661226868629456,-0.07103550434112549,0,0
55,LEFT_FOOT_INDEX,0.4453212320804596,0.8859319090843201,0.29710760712623596,0,0
55,RIGHT_FOOT_INDEX,0.44896039366722107,0.9924007654190063,-0.08448512107133865,0,0
56,NOSE,0.46527668833732605,0.5630571842193604,0.05740992724895477,0,0
56,LEFT_EYE_INNER,0.46155813336372375,0.5532565712928772,0.05371948704123497,0,0
56,LEFT_EYE,0.46047812700271606,0.5529574751853943,0.05370797961950302,0,0
56,LEFT_EYE_OUTER,0.4592329263687134,0.5525928735733032,0.05372393876314163,0,0
56,RIGHT_EYE_INNER,0.4623803496360779,0.5535293221473694,0.04014696925878525,0,0
56,RIGHT_EYE,0.46211498975753784,0.5534358620643616,0.04011448472738266,0,0
56,RIGHT_EYE_OUTER,0.4617668092250824,0.5533322691917419,0.040061067789793015,0,0
56,LEFT_EAR,0.450748473405838,0.5563212037086487,0.043945036828517914,0,0
56,RIGHT_EAR,0.45567113161087036,0.5569130778312683,-0.015807053074240685,0,0
56,MOUTH_LEFT,0.4631737470626831,0.5730082392692566,0.05714857578277588,0,0
56,MOUTH_RIGHT,0.4635772407054901,0.5738364458084106,0.03980875015258789,0,0
56,LEFT_SHOULDER,0.4206323027610779,0.6063443422317505,0.0656328871846199,0,0
56,RIGHT_SHOULDER,0.46278420090675354,0.6051271557807922,-0.07109811902046204,0,0
56,LEFT_ELBOW,0.40208718180656433,0.6713142395019531,0.06921549141407013,0,0
56,RIGHT_ELBOW,0.47400379180908203,0.6796255707740784,-0.043131954967975616,0,0
56,LEFT_WRIST,0.42414718866348267,0.6903356313705444,0.05615425482392311,0,0
56,RIGHT_WRIST,0.45678654313087463,0.7013490200042725,0.06005055457353592,0,0
56,LEFT_PINKY,0.4282137155532837,0.6967361569404602,0.057647041976451874,0,0
56,RIGHT_PINKY,0.45415574312210083,0.7075629830360413,0.07019875943660736,0,0
56,LEFT_INDEX,0.4316939115524292,0.6919739842414856,0.05295005813241005,0,0
56,RIGHT_INDEX,0.45171013474464417,0.7016440033912659,0.07023237645626068,0,0
56,LEFT_THUMB,0.4295945465564728,0.6904840469360352,0.054001614451408386,0,0
56,RIGHT_THUMB,0.45141956210136414,0.6993518471717834,0.06391126662492752,0,0
56,LEFT_HIP,0.42804187536239624,0.7478798627853394,0.0608932226896286,0,0
56,RIGHT_HIP,0.4485188126564026,0.7541888356208801,-0.06099134311079979,0,0
56,LEFT_KNEE,0.44968998432159424,0.8185158371925354,0.1799333542585373,0,0
56,RIGHT_KNEE,0.46555471420288086,0.8643563985824585,-0.07449852675199509,0,0
56,LEFT_ANKLE,0.4288041889667511,0.8895624279975891,0.2321971356868744,0,0
56,RIGHT_ANKLE,0.4288580119609833,0.9505202770233154,-0.10124608129262924,0,0
56,LEFT_HEEL,0.42227306962013245,0.900461733341217,0.23695604503154755,0,0
56,RIGHT_HEEL,0.4168506860733032,0.966076672077179,-0.10319306701421738,0,0
56,LEFT_FOOT_INDEX,0.4402880072593689,0.9093014001846313,0.24923941493034363,0,0
56,RIGHT_FOOT_INDEX,0.4486938714981079,0.9923459887504578,-0.11858425289392471,0,0
57,NOSE,0.46517956256866455,0.5639734864234924,0.06442086398601532,0,0
57,LEFT_EYE_INNER,0.4614930748939514,0.5541716814041138,0.06009885296225548,0,0
57,LEFT_EYE,0.4604284465312958,0.5537974238395691,0.060090579092502594,0,0
57,LEFT_EYE_OUTER,0.45921480655670166,0.5533512830734253,0.060106560587882996,0,0
57,RIGHT_EYE_INNER,0.4623192548751831,0.5545527338981628,0.04666808620095253,0,0
57,RIGHT_EYE,0.4620591402053833,0.5544678568840027,0.04663461819291115,0,0
57,RIGHT_EYE_OUTER,0.4617266058921814,0.5543665289878845,0.046583618968725204,0,0
57,LEFT_EAR,0.4509173035621643,0.557327389717102,0.047588955610990524,0,0
57,RIGHT_EAR,0.4558301270008087,0.5581451654434204,-0.011540604755282402,0,0
57,MOUTH_LEFT,0.4632142186164856,0.5738718509674072,0.06311192363500595,0,0
57,MOUTH_RIGHT,0.46362465620040894,0.5748635530471802,0.0459701232612133,0,0
57,LEFT_SHOULDER,0.42075851559638977,0.6073005199432373,0.06753848493099213,0,0
57,RIGHT_SHOULDER,0.4626832902431488,0.6066735982894897,-0.06832122057676315,0,0
57,LEFT_ELBOW,0.40041404962539673,0.6729761362075806,0.07264761626720428,0,0
57,RIGHT_ELBOW,0.47347012162208557,0.6803027987480164,-0.0381048321723938,0,0
57,LEFT_WRIST,0.42333725094795227,0.6922134160995483,0.06346885114908218,0,0
57,RIGHT_WRIST,0.4568367600440979,0.7020785212516785,0.07035031914710999,0,0
57,LEFT_PINKY,0.4273923337459564,0.6972381472587585,0.06580853462219238,0,0
57,RIGHT_PINKY,0.4542383849620819,0.7078444361686707,0.08173909783363342,0,0
57,LEFT_INDEX,0.4301944375038147,0.694022536277771,0.058178965002298355,0,0
57,RIGHT_INDEX,0.45174238085746765,0.7017009854316711,0.08162650465965271,0,0
57,LEFT_THUMB,0.42871761322021484,0.6920104026794434,0.06115913391113281,0,0
57,RIGHT_THUMB,0.45148494839668274,0.6994216442108154,0.07441505789756775,0,0
57,LEFT_HIP,0.4281076192855835,0.7480723857879639,0.06109360605478287,0,0
57,RIGHT_HIP,0.44889920949935913,0.7540951371192932,-0.06118281930685043,0,0
57,LEFT_KNEE,0.4502940773963928,0.8244298100471497,0.16108988225460052,0,0
57,RIGHT_KNEE,0.4652472138404846,0.8641263246536255,-0.07481477409601212,0,0
57,LEFT_ANKLE,0.43497416377067566,0.9029613733291626,0.21134968101978302,0,0
57,RIGHT_ANKLE,0.4288524091243744,0.95046466588974,-0.09760279208421707,0,0
57,LEFT_HEEL,0.4198726713657379,0.9071885347366333,0.21558095514774323,0,0
57,RIGHT_HEEL,0.4166112244129181,0.9661179184913635,-0.09923611581325531,0,0
57,LEFT_FOOT_INDEX,0.43752267956733704,0.9165871739387512,0.22644832730293274,0,0
57,RIGHT_FOOT_INDEX,0.44860929250717163,0.9923052787780762,-0.11425958573818207,0,0
58,NOSE,0.46503955125808716,0.5629765391349792,0.03192700818181038,0,0
58,LEFT_EYE_INNER,0.4614879786968231,0.5530007481575012,0.028221672400832176,0,0
58,LEFT_EYE,0.46045631170272827,0.5526366829872131,0.02820305898785591,0,0
58,LEFT_EYE_OUTER,0.4592701494693756,0.5521932244300842,0.028210215270519257,0,0
58,RIGHT_EYE_INNER,0.4622288942337036,0.5534167289733887,0.015896625816822052,0,0
58,RIGHT_EYE,0.461914986371994,0.5533682107925415,0.015871623530983925,0,0
58,RIGHT_EYE_OUTER,0.4615258276462555,0.5533005595207214,0.01582532376050949,0,0
58,LEFT_EAR,0.4511946141719818,0.5561522841453552,0.02284211851656437,0,0
58,RIGHT_EAR,0.45553433895111084,0.5572149157524109,-0.031582701951265335,0,0
58,MOUTH_LEFT,0.4630228877067566,0.5727689266204834,0.03320261090993881,0,0
58,MOUTH_RIGHT,0.46335145831108093,0.5737811326980591,0.017364192754030228,0,0
58,LEFT_SHOULDER,0.4220258593559265,0.605621874332428,0.04976758733391762,0,0
58,RIGHT_SHOULDER,0.4610164761543274,0.6071951985359192,-0.07731873542070389,0,0
58,LEFT_ELBOW,0.4026504158973694,0.6688172817230225,0.06877391040325165,0,0
58,RIGHT_ELBOW,0.46925273537635803,0.6822753548622131,-0.0449943020939827,0,0
58,LEFT_WRIST,0.4255504012107849,0.6903879046440125,0.06691146641969681,0,0
58,RIGHT_WRIST,0.46010449528694153,0.6978384852409363,0.06333685666322708,0,0
58,LEFT_PINKY,0.4293363690376282,0.6959195137023926,0.06665065139532089,0,0
58,RIGHT_PINKY,0.45874911546707153,0.702549159526825,0.0741572231054306,0,0
58,LEFT_INDEX,0.4314376711845398,0.6932328343391418,0.06166449561715126,0,0
58,RIGHT_INDEX,0.45799335837364197,0.6971094608306885,0.07297965884208679,0,0
58,LEFT_THUMB,0.430196613073349,0.6911178231239319,0.06403271108865738,0,0
58,RIGHT_THUMB,0.45747289061546326,0.6937796473503113,0.06672913581132889,0,0
58,LEFT_HIP,0.4291452169418335,0.7476915121078491,0.059394318610429764,0,0
58,RIGHT_HIP,0.44739463925361633,0.7539724707603455,-0.059445302933454514,0,0
58,LEFT_KNEE,0.4512685239315033,0.7992103695869446,0.16145966947078705,0,0
58,RIGHT_KNEE,0.46004799008369446,0.86125648021698,-0.043526504188776016,0,0
58,LEFT_ANKLE,0.44443321228027344,0.8713678121566772,0.23108190298080444,0,0
58,RIGHT_ANKLE,0.4287252128124237,0.9509193897247314,-0.06864713877439499,0,0
58,LEFT_HEEL,0.42449134588241577,0.8870768547058105,0.2369476705789566,0,0
58,RIGHT_HEEL,0.4163067042827606,0.9673190712928772,-0.07748935371637344,0,0
58,LEFT_FOOT_INDEX,0.44077998399734497,0.8932157158851624,0.27332401275634766,0,0
58,RIGHT_FOOT_INDEX,0.44906648993492126,0.9921770095825195,-0.06765519082546234,0,0
59,NOSE,0.46502062678337097,0.5623390078544617,0.027183659374713898,0,0
59,LEFT_EYE_INNER,0.46157822012901306,0.5522838234901428,0.023837124928832054,0,0
59,LEFT_EYE,0.46054285764694214,0.5519214868545532,0.023816995322704315,0,0
59,LEFT_EYE_OUTER,0.4593620300292969,0.5514804720878601,0.023823954164981842,0,0
59,RIGHT_EYE_INNER,0.4622684121131897,0.5527359843254089,0.011356407776474953,0,0
59,RIGHT_EYE,0.46190789341926575,0.5527074337005615,0.01133257057517767,0,0
59,RIGHT_EYE_OUTER,0.46146419644355774,0.5526608824729919,0.011287488974630833,0,0
59,LEFT_EAR,0.451402872800827,0.5554117560386658,0.019363094121217728,0,0
59,RIGHT_EAR,0.45531079173088074,0.5566505193710327,-0.03579106554389,0,0
59,MOUTH_LEFT,0.4629501700401306,0.5721107125282288,0.02867894060909748,0,0
59,MOUTH_RIGHT,0.46325692534446716,0.5731437802314758,0.012659435160458088,0,0
59,LEFT_SHOULDER,0.42271551489830017,0.6045930981636047,0.04520830139517784,0,0
59,RIGHT_SHOULDER,0.46038299798965454,0.6073592305183411,-0.0808720588684082,0,0
59,LEFT_ELBOW,0.40323522686958313,0.6667571067810059,0.06701097637414932,0,0
59,RIGHT_ELBOW,0.4673812985420227,0.6816409230232239,-0.04744165390729904,0,0
59,LEFT_WRIST,0.42652758955955505,0.6902351379394531,0.07072710990905762,0,0
59,RIGHT_WRIST,0.4610445201396942,0.6969299912452698,0.06656654924154282,0,0
59,LEFT_PINKY,0.43033015727996826,0.6960995197296143,0.07037372887134552,0,0
59,RIGHT_PINKY,0.4600178897380829,0.7013697028160095,0.07859507203102112,0,0
59,LEFT_INDEX,0.432498037815094,0.6935051679611206,0.06782779097557068,0,0
59,RIGHT_INDEX,0.45939674973487854,0.695836067199707,0.07757925987243652,0,0
59,LEFT_THUMB,0.43150418996810913,0.6913127899169922,0.06800929456949234,0,0
59,RIGHT_THUMB,0.4584852159023285,0.692571222782135,0.07014831155538559,0,0
59,LEFT_HIP,0.42982620000839233,0.74764084815979,0.058603208512067795,0,0
59,RIGHT_HIP,0.4465979337692261,0.753922164440155,-0.05864095687866211,0,0
59,LEFT_KNEE,0.46045607328414917,0.8006853461265564,0.16375228762626648,0,0
59,RIGHT_KNEE,0.45763933658599854,0.8591441512107849,-0.037131574004888535,0,0
59,LEFT_ANKLE,0.4437834918498993,0.8695106506347656,0.25176358222961426,0,0
59,RIGHT_ANKLE,0.42865386605262756,0.9511986374855042,-0.06462498754262924,0,0
59,LEFT_HEEL,0.4280463457107544,0.8830209374427795,0.2599811851978302,0,0
59,RIGHT_HEEL,0.4161287248134613,0.9680464863777161,-0.06353595107793808,0,0
59,LEFT_FOOT_INDEX,0.443840891122818,0.88697749376297,0.27488863468170166,0,0
59,RIGHT_FOOT_INDEX,0.44922542572021484,0.9918562173843384,-0.057941876351833344,0,0
60,NOSE,0.4649936556816101,0.5565796494483948,-0.0013238204410299659,0,0
60,LEFT_EYE_INNER,0.461910605430603,0.5452786087989807,-0.0013943645171821117,0,0
60,LEFT_EYE,0.4610172510147095,0.5450521111488342,-0.0014171046204864979,0,0
60,LEFT_EYE_OUTER,0.4599807560443878,0.5447984337806702,-0.0014080083929002285,0,0
60,RIGHT_EYE_INNER,0.4622138440608978,0.5458279252052307,-0.01614532433450222,0,0
60,RIGHT_EYE,0.46169736981391907,0.5459402203559875,-0.016158221289515495,0,0
60,RIGHT_EYE_OUTER,0.4611086845397949,0.5460368394851685,-0.016184614971280098,0,0
60,LEFT_EAR,0.4521068036556244,0.5489484071731567,0.009806694462895393,0,0
60,RIGHT_EAR,0.454764187335968,0.5510268211364746,-0.05842893570661545,0,0
60,MOUTH_LEFT,0.4629530906677246,0.566901683807373,0.005451285745948553,0,0
60,MOUTH_RIGHT,0.46305397152900696,0.5672930479049683,-0.014076665975153446,0,0
60,LEFT_SHOULDER,0.4265556335449219,0.6004469394683838,0.04398607835173607,0,0
60,RIGHT_SHOULDER,0.4596703350543976,0.6071574687957764,-0.10279158502817154,0,0
60,LEFT_ELBOW,0.4053000509738922,0.6612955331802368,0.06730221956968307,0,0
60,RIGHT_ELBOW,0.4596407115459442,0.6785576343536377,-0.0809546485543251,0,0
60,LEFT_WRIST,0.4307889938354492,0.688152015209198,0.0555749274790287,0,0
60,RIGHT_WRIST,0.4661760628223419,0.7056700587272644,0.01896471530199051,0,0
60,LEFT_PINKY,0.4406093955039978,0.6968778371810913,0.05258949473500252,0,0
60,RIGHT_PINKY,0.46924030780792236,0.7120875716209412,0.023356091231107712,0,0
60,LEFT_INDEX,0.4450858235359192,0.6942599415779114,0.04631476104259491,0,0
60,RIGHT_INDEX,0.4689970910549164,0.7067179679870605,0.023693019524216652,0,0
60,LEFT_THUMB,0.442949116230011,0.6926918625831604,0.05093139782547951,0,0
60,RIGHT_THUMB,0.467101126909256,0.7036615014076233,0.022329440340399742,0,0
60,LEFT_HIP,0.4298759698867798,0.7416057586669922,0.05811227113008499,0,0
60,RIGHT_HIP,0.4437759816646576,0.7498718500137329,-0.05816889926791191,0,0
60,LEFT_KNEE,0.45867353677749634,0.7867031693458557,0.20393399894237518,0,0
60,RIGHT_KNEE,0.45243653655052185,0.8485766053199768,-0.03210962191224098,0,0
60,LEFT_ANKLE,0.4503013789653778,0.8655796051025391,0.32915741205215454,0,0
60,RIGHT_ANKLE,0.428573340177536,0.950928270816803,-0.02548970840871334,0,0
60,LEFT_HEEL,0.44268423318862915,0.8827896118164062,0.341166228055954,0,0
60,RIGHT_HEEL,0.416412889957428,0.9684051275253296,-0.02469821460545063,0,0
60,LEFT_FOOT_INDEX,0.46681711077690125,0.87928706407547,0.3527166247367859,0,0
60,RIGHT_FOOT_INDEX,0.44983145594596863,0.9916752576828003,-0.04883233457803726,0,0
61,NOSE,0.46517008543014526,0.5531330704689026,-0.005923126824200153,0,0
61,LEFT_EYE_INNER,0.462069034576416,0.5418158173561096,-0.00605480233207345,0,0
61,LEFT_EYE,0.4611903131008148,0.5416252017021179,-0.006077625323086977,0,0
61,LEFT_EYE_OUTER,0.46016958355903625,0.5413581132888794,-0.006068044807761908,0,0
61,RIGHT_EYE_INNER,0.4622483551502228,0.5423933863639832,-0.02093491703271866,0,0
61,RIGHT_EYE,0.46166104078292847,0.5425727367401123,-0.020949985831975937,0,0
61,RIGHT_EYE_OUTER,0.4610063135623932,0.5427055358886719,-0.02097669430077076,0,0
61,LEFT_EAR,0.45232346653938293,0.545892059803009,0.005903148092329502,0,0
61,RIGHT_EAR,0.45449966192245483,0.5480832457542419,-0.06319411844015121,0,0
61,MOUTH_LEFT,0.46312838792800903,0.5639358758926392,0.0011080168187618256,0,0
61,MOUTH_RIGHT,0.46313148736953735,0.5641282796859741,-0.018603874370455742,0,0
61,LEFT_SHOULDER,0.42802321910858154,0.5993308424949646,0.043675873428583145,0,0
61,RIGHT_SHOULDER,0.4590573012828827,0.6069382429122925,-0.107186459004879,0,0
61,LEFT_ELBOW,0.4070461690425873,0.659445583820343,0.06837375462055206,0,0
61,RIGHT_ELBOW,0.4579105079174042,0.6781212091445923,-0.08389309793710709,0,0
61,LEFT_WRIST,0.43288537859916687,0.6869572997093201,0.05600198358297348,0,0
61,RIGHT_WRIST,0.46729010343551636,0.7059774398803711,0.017652185633778572,0,0
61,LEFT_PINKY,0.44246429204940796,0.6967986822128296,0.05298171937465668,0,0
61,RIGHT_PINKY,0.4703631103038788,0.7123632431030273,0.02207290381193161,0,0
61,LEFT_INDEX,0.44706961512565613,0.6940433382987976,0.046616699546575546,0,0
61,RIGHT_INDEX,0.47035276889801025,0.7066829204559326,0.021781371906399727,0,0
61,LEFT_THUMB,0.4448588490486145,0.6926406025886536,0.051330145448446274,0,0
61,RIGHT_THUMB,0.4685259163379669,0.7038620114326477,0.020831916481256485,0,0
61,LEFT_HIP,0.4302854835987091,0.7395714521408081,0.057958606630563736,0,0
61,RIGHT_HIP,0.44190800189971924,0.748155951499939,-0.05802024155855179,0,0
61,LEFT_KNEE,0.4590763747692108,0.7876487374305725,0.20690171420574188,0,0
61,RIGHT_KNEE,0.451299786567688,0.8463276624679565,-0.03172765299677849,0,0
61,LEFT_ANKLE,0.4522474706172943,0.8629768490791321,0.33288776874542236,0,0
61,RIGHT_ANKLE,0.42843106389045715,0.9505473971366882,-0.01963772438466549,0,0
61,LEFT_HEEL,0.44555866718292236,0.8827154636383057,0.3449576795101166,0,0
61,RIGHT_HEEL,0.4168013334274292,0.9683414101600647,-0.018932897597551346,0,0
61,LEFT_FOOT_INDEX,0.4696226119995117,0.8791360855102539,0.35638415813446045,0,0
61,RIGHT_FOOT_INDEX,0.45047006011009216,0.9917458891868591,-0.04798255115747452,0,0
62,NOSE,0.46503764390945435,0.5485038757324219,-0.014081939123570919,0,0
62,LEFT_EYE_INNER,0.46196290850639343,0.5382190346717834,-0.012095107696950436,0,0
62,LEFT_EYE,0.4611249566078186,0.5380452275276184,-0.012118654325604439,0,0
62,LEFT_EYE_OUTER,0.4601658880710602,0.5377703905105591,-0.01211573090404272,0,0
62,RIGHT_EYE_INNER,0.4620678722858429,0.5387420058250427,-0.028261125087738037,0,0
62,RIGHT_EYE,0.4614584743976593,0.5389127731323242,-0.02826455794274807,0,0
62,RIGHT_EYE_OUTER,0.46078887581825256,0.5389649271965027,-0.02827981486916542,0,0
62,LEFT_EAR,0.4525066614151001,0.5417492389678955,0.004822985734790564,0,0
62,RIGHT_EAR,0.45429325103759766,0.5433346033096313,-0.06872241944074631,0,0
62,MOUTH_LEFT,0.4630230665206909,0.5603445172309875,-0.005180796142667532,0,0
62,MOUTH_RIGHT,0.4629698395729065,0.5602673292160034,-0.026514729484915733,0,0
62,LEFT_SHOULDER,0.4301968812942505,0.5959365367889404,0.051473550498485565,0,0
62,RIGHT_SHOULDER,0.4554165303707123,0.5991989970207214,-0.11627326160669327,0,0
62,LEFT_ELBOW,0.41800880432128906,0.6586923003196716,0.07835619896650314,0,0
62,RIGHT_ELBOW,0.4563998878002167,0.6762971878051758,-0.10556671768426895,0,0
62,LEFT_WRIST,0.4383705258369446,0.6886435151100159,0.05918328836560249,0,0
62,RIGHT_WRIST,0.4731089174747467,0.7063113451004028,-0.02368168905377388,0,0
62,LEFT_PINKY,0.4452314078807831,0.6973483562469482,0.05642588064074516,0,0
62,RIGHT_PINKY,0.47705861926078796,0.7133910655975342,-0.02490921877324581,0,0
62,LEFT_INDEX,0.4500812888145447,0.6928982138633728,0.054185304790735245,0,0
62,RIGHT_INDEX,0.47819221019744873,0.7098046541213989,-0.024236850440502167,0,0
62,LEFT_THUMB,0.44894474744796753,0.6913118958473206,0.05518920347094536,0,0
62,RIGHT_THUMB,0.4758461117744446,0.7070223689079285,-0.02075306512415409,0,0
62,LEFT_HIP,0.4323180019855499,0.7356655597686768,0.059180255979299545,0,0
62,RIGHT_HIP,0.4387833774089813,0.7436562776565552,-0.059241022914648056,0,0
62,LEFT_KNEE,0.45872485637664795,0.7882459163665771,0.19550535082817078,0,0
62,RIGHT_KNEE,0.44743940234184265,0.8401898145675659,-0.03268081694841385,0,0
62,LEFT_ANKLE,0.4520677328109741,0.8646053671836853,0.31403958797454834,0,0
62,RIGHT_ANKLE,0.4282803535461426,0.9483015537261963,-0.01919146068394184,0,0
62,LEFT_HEEL,0.44569066166877747,0.8831520080566406,0.325156569480896,0,0
62,RIGHT_HEEL,0.41747865080833435,0.9671845436096191,-0.018649138510227203,0,0
62,LEFT_FOOT_INDEX,0.4713694155216217,0.8793773055076599,0.33159705996513367,0,0
62,RIGHT_FOOT_INDEX,0.4504380226135254,0.991216242313385,-0.05012854188680649,0,0
63,NOSE,0.4649282395839691,0.5470230579376221,-0.01560002751648426,0,0
63,LEFT_EYE_INNER,0.4618573486804962,0.5371021032333374,-0.013101200573146343,0,0
63,LEFT_EYE,0.4610411524772644,0.5369001626968384,-0.013126788660883904,0,0
63,LEFT_EYE_OUTER,0.4601164758205414,0.5365809798240662,-0.013124830089509487,0,0
63,RIGHT_EYE_INNER,0.4619445204734802,0.537583589553833,-0.029665658250451088,0,0
63,RIGHT_EYE,0.4613417088985443,0.5377057790756226,-0.029672201722860336,0,0
63,RIGHT_EYE_OUTER,0.46066421270370483,0.5376942157745361,-0.029690535739064217,0,0
63,LEFT_EAR,0.4525085389614105,0.5402586460113525,0.004922737833112478,0,0
63,RIGHT_EAR,0.4542073905467987,0.5416356325149536,-0.0697299987077713,0,0
63,MOUTH_LEFT,0.4629512429237366,0.5589423775672913,-0.006125485058873892,0,0
63,MOUTH_RIGHT,0.46288129687309265,0.5587926506996155,-0.027956021949648857,0,0
63,LEFT_SHOULDER,0.4307781159877777,0.593736469745636,0.05519881099462509,0,0
63,RIGHT_SHOULDER,0.453553169965744,0.5965700745582581,-0.11807622760534286,0,0
63,LEFT_ELBOW,0.42043301463127136,0.6575894355773926,0.08396710455417633,0,0
63,RIGHT_ELBOW,0.45586496591567993,0.6749345064163208,-0.10904279351234436,0,0
63,LEFT_WRIST,0.4394949674606323,0.6885373592376709,0.06883905827999115,0,0
63,RIGHT_WRIST,0.4738820493221283,0.7058917284011841,-0.029168065637350082,0,0
63,LEFT_PINKY,0.445590078830719,0.6969071626663208,0.06581392139196396,0,0
63,RIGHT_PINKY,0.47799158096313477,0.7128976583480835,-0.03091704286634922,0,0
63,LEFT_INDEX,0.4503798484802246,0.6925287246704102,0.05635416507720947,0,0
63,RIGHT_INDEX,0.478969007730484,0.7094402313232422,-0.03029431588947773,0,0
63,LEFT_THUMB,0.44942596554756165,0.6907274127006531,0.062495362013578415,0,0
63,RIGHT_THUMB,0.4764845073223114,0.7067721486091614,-0.02627032808959484,0,0
63,LEFT_HIP,0.433014839887619,0.7336519360542297,0.06007753685116768,0,0
63,RIGHT_HIP,0.4381321668624878,0.7414563298225403,-0.060139138251543045,0,0
63,LEFT_KNEE,0.4579698443412781,0.7893164157867432,0.19573600590229034,0,0
63,RIGHT_KNEE,0.44678783416748047,0.8377614617347717,-0.034556593745946884,0,0
63,LEFT_ANKLE,0.4516350030899048,0.8650133013725281,0.31701570749282837,0,0
63,RIGHT_ANKLE,0.4280887246131897,0.9474014639854431,-0.01983586885035038,0,0
63,LEFT_HEEL,0.4459827244281769,0.8831257224082947,0.32831239700317383,0,0
63,RIGHT_HEEL,0.41754961013793945,0.9671143889427185,-0.018758168444037437,0,0
63,LEFT_FOOT_INDEX,0.4718610644340515,0.8787050247192383,0.33293625712394714,0,0
63,RIGHT_FOOT_INDEX,0.4503495991230011,0.9912091493606567,-0.05445922166109085,0,0
64,NOSE,0.4617411196231842,0.538922131061554,-0.10396390408277512,0,0
64,LEFT_EYE_INNER,0.45926812291145325,0.5301758646965027,-0.0930352509021759,0,0
64,LEFT_EYE,0.4590054750442505,0.530052661895752,-0.09304558485746384,0,0
64,LEFT_EYE_OUTER,0.45865103602409363,0.5298781991004944,-0.09305844455957413,0,0
64,RIGHT_EYE_INNER,0.4578414261341095,0.5307164788246155,-0.10815247148275375,0,0
64,RIGHT_EYE,0.45667287707328796,0.5310196876525879,-0.10815262794494629,0,0
64,RIGHT_EYE_OUTER,0.45527759194374084,0.5313383936882019,-0.10815132409334183,0,0
64,LEFT_EAR,0.45228418707847595,0.534180223941803,-0.033871088176965714,0,0
64,RIGHT_EAR,0.44872361421585083,0.5363782644271851,-0.10182706266641617,0,0
64,MOUTH_LEFT,0.4602883756160736,0.5501264333724976,-0.08016088604927063,0,0
64,MOUTH_RIGHT,0.458661288022995,0.550448477268219,-0.09972911328077316,0,0
64,LEFT_SHOULDER,0.4379448890686035,0.5853695273399353,0.052947998046875,0,0
64,RIGHT_SHOULDER,0.44479167461395264,0.5883482694625854,-0.13776902854442596,0,0
64,LEFT_ELBOW,0.4390595853328705,0.6522071957588196,0.08834447711706161,0,0
64,RIGHT_ELBOW,0.4447816014289856,0.6635631918907166,-0.1467796415090561,0,0
64,LEFT_WRIST,0.462352454662323,0.6650955677032471,0.0490989126265049,0,0
64,RIGHT_WRIST,0.47324270009994507,0.6848174333572388,-0.11459474265575409,0,0
64,LEFT_PINKY,0.46861532330513,0.6686766743659973,0.04410183057188988,0,0
64,RIGHT_PINKY,0.480235755443573,0.6954102516174316,-0.1269932985305786,0,0
64,LEFT_INDEX,0.47055432200431824,0.666190505027771,0.03003673627972603,0,0
64,RIGHT_INDEX,0.481502890586853,0.6901718974113464,-0.1273755431175232,0,0
64,LEFT_THUMB,0.46846523880958557,0.6652568578720093,0.04037116467952728,0,0
64,RIGHT_THUMB,0.4782731235027313,0.6855591535568237,-0.11321526020765305,0,0
64,LEFT_HIP,0.4371296167373657,0.7267088890075684,0.06169803440570831,0,0
64,RIGHT_HIP,0.4351963698863983,0.7331355810165405,-0.061735544353723526,0,0
64,LEFT_KNEE,0.45635902881622314,0.7899928092956543,0.17814727127552032,0,0
64,RIGHT_KNEE,0.43931683897972107,0.8287075757980347,-0.04780092462897301,0,0
64,LEFT_ANKLE,0.44606396555900574,0.8650506138801575,0.28805455565452576,0,0
64,RIGHT_ANKLE,0.426625519990921,0.9399235248565674,-0.037442974746227264,0,0
64,LEFT_HEEL,0.4397865831851959,0.8829270601272583,0.2966124713420868,0,0
64,RIGHT_HEEL,0.4175513982772827,0.9586808085441589,-0.039161019027233124,0,0
64,LEFT_FOOT_INDEX,0.46990373730659485,0.8786555528640747,0.2826881408691406,0,0
64,RIGHT_FOOT_INDEX,0.4491545259952545,0.9818868041038513,-0.08957935124635696,0,0
65,NOSE,0.45976388454437256,0.5380993485450745,-0.13430795073509216,0,0
65,LEFT_EYE_INNER,0.4578079283237457,0.5284463763237,-0.12159163504838943,0,0
65,LEFT_EYE,0.4578951597213745,0.5283345580101013,-0.12158699333667755,0,0
65,LEFT_EYE_OUTER,0.4578864872455597,0.5281982421875,-0.12158582359552383,0,0
65,RIGHT_EYE_INNER,0.45548221468925476,0.5288518667221069,-0.13519863784313202,0,0
65,RIGHT_EYE,0.4539347290992737,0.5291518568992615,-0.1351998895406723,0,0
65,RIGHT_EYE_OUTER,0.4519968628883362,0.5294933319091797,-0.1351926624774933,0,0
65,LEFT_EAR,0.45222997665405273,0.5325598120689392,-0.053479455411434174,0,0
65,RIGHT_EAR,0.4450955092906952,0.5347136855125427,-0.1147991195321083,0,0
65,MOUTH_LEFT,0.4587322771549225,0.5491856336593628,-0.10771958529949188,0,0
65,MOUTH_RIGHT,0.4561220407485962,0.5495601296424866,-0.12535861134529114,0,0
65,LEFT_SHOULDER,0.4416729211807251,0.5840266942977905,0.0425257608294487,0,0
65,RIGHT_SHOULDER,0.4392658770084381,0.5872783064842224,-0.14229872822761536,0,0
65,LEFT_ELBOW,0.44363728165626526,0.6497222781181335,0.08779656887054443,0,0
65,RIGHT_ELBOW,0.43838968873023987,0.6616212129592896,-0.1531185358762741,0,0
65,LEFT_WRIST,0.46809816360473633,0.6519492864608765,0.04744977504014969,0,0
65,RIGHT_WRIST,0.47232192754745483,0.6728139519691467,-0.13435932993888855,0,0
65,LEFT_PINKY,0.4737245738506317,0.6542015075683594,0.04118604212999344,0,0
65,RIGHT_PINKY,0.4794570803642273,0.6808989644050598,-0.14833702147006989,0,0
65,LEFT_INDEX,0.4740787148475647,0.6517499089241028,0.027170773595571518,0,0
65,RIGHT_INDEX,0.48071184754371643,0.6740156412124634,-0.14981922507286072,0,0
65,LEFT_THUMB,0.4722200334072113,0.6511480212211609,0.03906307741999626,0,0
65,RIGHT_THUMB,0.4776450991630554,0.669649600982666,-0.1332235336303711,0,0
65,LEFT_HIP,0.439037024974823,0.7251540422439575,0.06136362627148628,0,0
65,RIGHT_HIP,0.4332456886768341,0.7304565906524658,-0.06141000613570213,0,0
65,LEFT_KNEE,0.4565477669239044,0.7910253405570984,0.172154501080513,0,0
65,RIGHT_KNEE,0.43717852234840393,0.8267529010772705,-0.045894939452409744,0,0
65,LEFT_ANKLE,0.4432860314846039,0.8644471764564514,0.2799347937107086,0,0
65,RIGHT_ANKLE,0.4232403635978699,0.9357292652130127,-0.035699568688869476,0,0
65,LEFT_HEEL,0.4363517165184021,0.8806046843528748,0.2881423234939575,0,0
65,RIGHT_HEEL,0.41546985507011414,0.952244758605957,-0.035046156495809555,0,0
65,LEFT_FOOT_INDEX,0.46884265542030334,0.8788861036300659,0.2709028124809265,0,0
65,RIGHT_FOOT_INDEX,0.44547054171562195,0.9758754968643188,-0.08097467571496964,0,0
66,NOSE,0.4587627649307251,0.5363596677780151,-0.13485780358314514,0,0
66,LEFT_EYE_INNER,0.45701223611831665,0.5269063115119934,-0.12230076640844345,0,0
66,LEFT_EYE,0.45725104212760925,0.5268104076385498,-0.12229431420564651,0,0
66,LEFT_EYE_OUTER,0.4574161171913147,0.5266662836074829,-0.12229161709547043,0,0
66,RIGHT_EYE_INNER,0.45440298318862915,0.527283251285553,-0.13541986048221588,0,0
66,RIGHT_EYE,0.4526994526386261,0.5275695323944092,-0.13542605936527252,0,0
66,RIGHT_EYE_OUTER,0.45062175393104553,0.5278826951980591,-0.13541726768016815,0,0
66,LEFT_EAR,0.4522159695625305,0.5308434367179871,-0.05453741177916527,0,0
66,RIGHT_EAR,0.443797767162323,0.5332614183425903,-0.11350137740373611,0,0
66,MOUTH_LEFT,0.45800521969795227,0.5473621487617493,-0.10841592401266098,0,0
66,MOUTH_RIGHT,0.4551162123680115,0.5478230118751526,-0.1254003793001175,0,0
66,LEFT_SHOULDER,0.4431144893169403,0.5837145447731018,0.039533745497465134,0,0
66,RIGHT_SHOULDER,0.43784600496292114,0.5866628289222717,-0.14101870357990265,0,0
66,LEFT_ELBOW,0.44521814584732056,0.6472995281219482,0.08760581910610199,0,0
66,RIGHT_ELBOW,0.43822526931762695,0.6599181890487671,-0.15169169008731842,0,0
66,LEFT_WRIST,0.4693356454372406,0.6474603414535522,0.049350082874298096,0,0
66,RIGHT_WRIST,0.4727585017681122,0.6685523986816406,-0.13255080580711365,0,0
66,LEFT_PINKY,0.47473379969596863,0.6498609781265259,0.04354090988636017,0,0
66,RIGHT_PINKY,0.479784220457077,0.6761967539787292,-0.146061509847641,0,0
66,LEFT_INDEX,0.47571930289268494,0.648109495639801,0.030376942828297615,0,0
66,RIGHT_INDEX,0.4812150001525879,0.6697638630867004,-0.14752119779586792,0,0
66,LEFT_THUMB,0.4733317196369171,0.6477412581443787,0.041495759040117264,0,0
66,RIGHT_THUMB,0.4783880114555359,0.6654664278030396,-0.13134212791919708,0,0
66,LEFT_HIP,0.4403131306171417,0.7250022888183594,0.06100686639547348,0,0
66,RIGHT_HIP,0.4323527216911316,0.7300242781639099,-0.06105935946106911,0,0
66,LEFT_KNEE,0.45690175890922546,0.7913846969604492,0.17308197915554047,0,0
66,RIGHT_KNEE,0.43587175011634827,0.826913595199585,-0.045700058341026306,0,0
66,LEFT_ANKLE,0.4428393542766571,0.864503800868988,0.28243473172187805,0,0
66,RIGHT_ANKLE,0.4218825101852417,0.9358166456222534,-0.03269704058766365,0,0
66,LEFT_HEEL,0.4362045228481293,0.8803662061691284,0.29098907113075256,0,0
66,RIGHT_HEEL,0.4143957197666168,0.9524983763694763,-0.03284810110926628,0,0
66,LEFT_FOOT_INDEX,0.46887215971946716,0.8790096044540405,0.2742733359336853,0,0
66,RIGHT_FOOT_INDEX,0.4447966516017914,0.9752483367919922,-0.08463168144226074,0,0
67,NOSE,0.4544621706008911,0.5323010087013245,-0.16313399374485016,0,0
67,LEFT_EYE_INNER,0.4539896845817566,0.5235757231712341,-0.14761999249458313,0,0
67,LEFT_EYE,0.45494136214256287,0.5233981013298035,-0.14760443568229675,0,0
67,LEFT_EYE_OUTER,0.45570048689842224,0.523175060749054,-0.1476026475429535,0,0
67,RIGHT_EYE_INNER,0.4496006965637207,0.5241740942001343,-0.1580653339624405,0,0
67,RIGHT_EYE,0.4472779631614685,0.5244431495666504,-0.15804514288902283,0,0
67,RIGHT_EYE_OUTER,0.44478991627693176,0.524933397769928,-0.15802757441997528,0,0
67,LEFT_EAR,0.4522239565849304,0.5273186564445496,-0.06650529056787491,0,0
67,RIGHT_EAR,0.4385705888271332,0.5299723744392395,-0.11414217948913574,0,0
67,MOUTH_LEFT,0.45535576343536377,0.5434475541114807,-0.13211384415626526,0,0
67,MOUTH_RIGHT,0.4505474269390106,0.5442438125610352,-0.1457148939371109,0,0
67,LEFT_SHOULDER,0.4477623403072357,0.5822961926460266,0.03580319136381149,0,0
67,RIGHT_SHOULDER,0.43020638823509216,0.5842588543891907,-0.1367540955543518,0,0
67,LEFT_ELBOW,0.45340675115585327,0.6406381726264954,0.09219277650117874,0,0
67,RIGHT_ELBOW,0.4307204782962799,0.6568988561630249,-0.16327159106731415,0,0
67,LEFT_WRIST,0.4892185628414154,0.6420832276344299,0.051670629531145096,0,0
67,RIGHT_WRIST,0.47266829013824463,0.661776065826416,-0.16903163492679596,0,0
67,LEFT_PINKY,0.4998542368412018,0.6405991911888123,0.04513029381632805,0,0
67,RIGHT_PINKY,0.4795396625995636,0.6670989990234375,-0.18595071136951447,0,0
67,LEFT_INDEX,0.5021166205406189,0.6381024122238159,0.03058321215212345,0,0
67,RIGHT_INDEX,0.4814715087413788,0.6603822112083435,-0.18769289553165436,0,0
67,LEFT_THUMB,0.49689725041389465,0.6401132941246033,0.04361690953373909,0,0
67,RIGHT_THUMB,0.4782484769821167,0.6574226021766663,-0.1680203080177307,0,0
67,LEFT_HIP,0.4409577250480652,0.7215065956115723,0.05956296622753143,0,0
67,RIGHT_HIP,0.4280878007411957,0.7266764044761658,-0.059634026139974594,0,0
67,LEFT_KNEE,0.45676958560943604,0.7908225059509277,0.17410525679588318,0,0
67,RIGHT_KNEE,0.43239647150039673,0.823895275592804,-0.05355507880449295,0,0
67,LEFT_ANKLE,0.44299814105033875,0.8638753890991211,0.2954867482185364,0,0
67,RIGHT_ANKLE,0.4151066839694977,0.9258856177330017,-0.03785449266433716,0,0
67,LEFT_HEEL,0.4367729723453522,0.8791664242744446,0.30408647656440735,0,0
67,RIGHT_HEEL,0.40776535868644714,0.9417951107025146,-0.03845055401325226,0,0
67,LEFT_FOOT_INDEX,0.47019439935684204,0.8789513111114502,0.2824139893054962,0,0
67,RIGHT_FOOT_INDEX,0.4343205392360687,0.9687591791152954,-0.09855999052524567,0,0
68,NOSE,0.4534462094306946,0.5322796702384949,-0.15808551013469696,0,0
68,LEFT_EYE_INNER,0.4530935287475586,0.5236770510673523,-0.14323841035366058,0,0
68,LEFT_EYE,0.45404699444770813,0.523527979850769,-0.1432216912508011,0,0
68,LEFT_EYE_OUTER,0.45484456419944763,0.5232847929000854,-0.14322370290756226,0,0
68,RIGHT_EYE_INNER,0.4487273097038269,0.5240675806999207,-0.15382502973079681,0,0
68,RIGHT_EYE,0.4464128613471985,0.5242185592651367,-0.15380306541919708,0,0
68,RIGHT_EYE_OUTER,0.44394829869270325,0.5245294570922852,-0.15378597378730774,0,0
68,LEFT_EAR,0.4521569013595581,0.5272791981697083,-0.06439261138439178,0,0
68,RIGHT_EAR,0.4376693665981293,0.5295889973640442,-0.1123807281255722,0,0
68,MOUTH_LEFT,0.45436808466911316,0.5431605577468872,-0.12782183289527893,0,0
68,MOUTH_RIGHT,0.4495519697666168,0.5439255237579346,-0.14164957404136658,0,0
68,LEFT_SHOULDER,0.4487171471118927,0.5825209617614746,0.035704221576452255,0,0
68,RIGHT_SHOULDER,0.4297943115234375,0.5843339562416077,-0.13581782579421997,0,0
68,LEFT_ELBOW,0.45435354113578796,0.6388273239135742,0.09266047179698944,0,0
68,RIGHT_ELBOW,0.43042629957199097,0.6553211212158203,-0.16908130049705505,0,0
68,LEFT_WRIST,0.4881809651851654,0.6419934034347534,0.05174923688173294,0,0
68,RIGHT_WRIST,0.4724961519241333,0.6598255038261414,-0.18315909802913666,0,0
68,LEFT_PINKY,0.4991266429424286,0.6409651041030884,0.044745072722435,0,0
68,RIGHT_PINKY,0.4791463315486908,0.6647186279296875,-0.2010808140039444,0,0
68,LEFT_INDEX,0.5013003945350647,0.6377090215682983,0.029718302190303802,0,0
68,RIGHT_INDEX,0.48126187920570374,0.6564750671386719,-0.20208196341991425,0,0
68,LEFT_THUMB,0.4959354102611542,0.6390014886856079,0.043433744460344315,0,0
68,RIGHT_THUMB,0.4777514338493347,0.6537876129150391,-0.18211831152439117,0,0
68,LEFT_HIP,0.4410777688026428,0.7205634117126465,0.05919174477458,0,0
68,RIGHT_HIP,0.42761075496673584,0.7252562046051025,-0.05927049368619919,0,0
68,LEFT_KNEE,0.4567115008831024,0.7904496788978577,0.17687715590000153,0,0
68,RIGHT_KNEE,0.4319424331188202,0.8232695460319519,-0.06136343628168106,0,0
68,LEFT_ANKLE,0.44330868124961853,0.863410234451294,0.2995569109916687,0,0
68,RIGHT_ANKLE,0.4138416647911072,0.9246460199356079,-0.05423469468951225,0,0
68,LEFT_HEEL,0.4369167387485504,0.8789745569229126,0.30845019221305847,0,0
68,RIGHT_HEEL,0.4061758816242218,0.9413639307022095,-0.05581675097346306,0,0
68,LEFT_FOOT_INDEX,0.4708283543586731,0.8783590793609619,0.2861699163913727,0,0
68,RIGHT_FOOT_INDEX,0.43274834752082825,0.9677262902259827,-0.11624057590961456,0,0
69,NOSE,0.4486779272556305,0.5303531289100647,-0.15859508514404297,0,0
69,LEFT_EYE_INNER,0.44898685812950134,0.5225520730018616,-0.14355890452861786,0,0
69,LEFT_EYE,0.4499674141407013,0.5222889184951782,-0.14356184005737305,0,0
69,LEFT_EYE_OUTER,0.450907826423645,0.5220084190368652,-0.1435467153787613,0,0
69,RIGHT_EYE_INNER,0.44392916560173035,0.5230891108512878,-0.15233178436756134,0,0
69,RIGHT_EYE,0.4414795935153961,0.5233420729637146,-0.15232333540916443,0,0
69,RIGHT_EYE_OUTER,0.43905892968177795,0.5237413644790649,-0.15231947600841522,0,0
69,LEFT_EAR,0.45050522685050964,0.5260350108146667,-0.061274878680706024,0,0
69,RIGHT_EAR,0.43410003185272217,0.5293801426887512,-0.10311058908700943,0,0
69,MOUTH_LEFT,0.4503675401210785,0.5412419438362122,-0.12723633646965027,0,0
69,MOUTH_RIGHT,0.44467082619667053,0.5427887439727783,-0.13857339322566986,0,0
69,LEFT_SHOULDER,0.4519903063774109,0.5815322995185852,0.030359840020537376,0,0
69,RIGHT_SHOULDER,0.4229435324668884,0.5846162438392639,-0.11735463887453079,0,0
69,LEFT_ELBOW,0.4629978835582733,0.6308850049972534,0.03047415427863598,0,0
69,RIGHT_ELBOW,0.42320287227630615,0.6556698083877563,-0.14864617586135864,0,0
69,LEFT_WRIST,0.488334059715271,0.6377525925636292,-0.0885264202952385,0,0
69,RIGHT_WRIST,0.46576744318008423,0.6560413241386414,-0.16582360863685608,0,0
69,LEFT_PINKY,0.49771395325660706,0.6365446448326111,-0.11045299470424652,0,0
69,RIGHT_PINKY,0.4753163456916809,0.657928466796875,-0.18344882130622864,0,0
69,LEFT_INDEX,0.49787065386772156,0.6331760883331299,-0.12275557965040207,0,0
69,RIGHT_INDEX,0.4779227375984192,0.6484939455986023,-0.18657442927360535,0,0
69,LEFT_THUMB,0.4936881959438324,0.6339967250823975,-0.0978429764509201,0,0
69,RIGHT_THUMB,0.47450581192970276,0.6477499604225159,-0.1654275804758072,0,0
69,LEFT_HIP,0.44126957654953003,0.7204708456993103,0.052930645644664764,0,0
69,RIGHT_HIP,0.42391297221183777,0.724234402179718,-0.05299979820847511,0,0
69,LEFT_KNEE,0.45617949962615967,0.7907248735427856,0.13375407457351685,0,0
69,RIGHT_KNEE,0.42734846472740173,0.8212997317314148,-0.05729779228568077,0,0
69,LEFT_ANKLE,0.44337454438209534,0.8635442852973938,0.2511367201805115,0,0
69,RIGHT_ANKLE,0.4085889458656311,0.9157492518424988,-0.02930237166583538,0,0
69,LEFT_HEEL,0.43694785237312317,0.8792786002159119,0.2596133351325989,0,0
69,RIGHT_HEEL,0.4007757604122162,0.9288171529769897,-0.02847956493496895,0,0
69,LEFT_FOOT_INDEX,0.4714466631412506,0.8778688907623291,0.2259862869977951,0,0
69,RIGHT_FOOT_INDEX,0.4210149645805359,0.9639495611190796,-0.09516115486621857,0,0
70,NOSE,0.44508159160614014,0.5302218794822693,-0.145307719707489,0,0
70,LEFT_EYE_INNER,0.44583991169929504,0.5223374962806702,-0.13117320835590363,0,0
70,LEFT_EYE,0.44726836681365967,0.522231936454773,-0.13119538128376007,0,0
70,LEFT_EYE_OUTER,0.44838041067123413,0.5220250487327576,-0.13118629157543182,0,0
70,RIGHT_EYE_INNER,0.4404691159725189,0.5228086709976196,-0.13817283511161804,0,0
70,RIGHT_EYE,0.43818527460098267,0.5230699181556702,-0.13815608620643616,0,0
70,RIGHT_EYE_OUTER,0.4360233247280121,0.5235450267791748,-0.13816098868846893,0,0
70,LEFT_EAR,0.4487849473953247,0.5262616276741028,-0.0525699146091938,0,0
70,RIGHT_EAR,0.432192325592041,0.5296734571456909,-0.08515899628400803,0,0
70,MOUTH_LEFT,0.44775158166885376,0.5414596199989319,-0.11534704267978668,0,0
70,MOUTH_RIGHT,0.4410410225391388,0.5428931713104248,-0.12445554882287979,0,0
70,LEFT_SHOULDER,0.45345622301101685,0.5806711316108704,0.027389971539378166,0,0
70,RIGHT_SHOULDER,0.41933292150497437,0.5838662385940552,-0.09005125612020493,0,0
70,LEFT_ELBOW,0.46665745973587036,0.6274981498718262,-0.00285221915692091,0,0
70,RIGHT_ELBOW,0.4190569519996643,0.6551604866981506,-0.14092318713665009,0,0
70,LEFT_WRIST,0.48777592182159424,0.6349627375602722,-0.1504966914653778,0,0
70,RIGHT_WRIST,0.46062368154525757,0.6563870906829834,-0.18919946253299713,0,0
70,LEFT_PINKY,0.49884647130966187,0.6327996850013733,-0.17884667217731476,0,0
70,RIGHT_PINKY,0.4702970087528229,0.6576666235923767,-0.21080121397972107,0,0
70,LEFT_INDEX,0.4997943639755249,0.6285092234611511,-0.19086547195911407,0,0
70,RIGHT_INDEX,0.47214028239250183,0.6481420993804932,-0.21288640797138214,0,0
70,LEFT_THUMB,0.49472150206565857,0.6300121545791626,-0.16027988493442535,0,0
70,RIGHT_THUMB,0.4698614776134491,0.6471394896507263,-0.18924564123153687,0,0
70,LEFT_HIP,0.44131746888160706,0.7204715609550476,0.046232227236032486,0,0
70,RIGHT_HIP,0.421851247549057,0.7240270376205444,-0.04627396538853645,0,0
70,LEFT_KNEE,0.4559132754802704,0.7909417152404785,0.1077970638871193,0,0
70,RIGHT_KNEE,0.4243016541004181,0.8208160996437073,-0.05605847388505936,0,0
70,LEFT_ANKLE,0.44312700629234314,0.865182638168335,0.2166776806116104,0,0
70,RIGHT_ANKLE,0.4061657190322876,0.9128234386444092,-0.024137873202562332,0,0
70,LEFT_HEEL,0.4372369050979614,0.8808871507644653,0.2243528813123703,0,0
70,RIGHT_HEEL,0.3989814221858978,0.9241350293159485,-0.02337775006890297,0,0
70,LEFT_FOOT_INDEX,0.4711478352546692,0.8779425024986267,0.18674680590629578,0,0
70,RIGHT_FOOT_INDEX,0.4163084626197815,0.9618271589279175,-0.0913056880235672,0,0
71,NOSE,0.4428277313709259,0.5307016372680664,-0.14944563806056976,0,0
71,LEFT_EYE_INNER,0.443848192691803,0.5223066210746765,-0.1359618753194809,0,0
71,LEFT_EYE,0.4454101324081421,0.5222551822662354,-0.13597944378852844,0,0
71,LEFT_EYE_OUTER,0.4467633366584778,0.5222238898277283,-0.13596311211585999,0,0
71,RIGHT_EYE_INNER,0.4383845329284668,0.522700846195221,-0.14255742728710175,0,0
71,RIGHT_EYE,0.43637725710868835,0.5230592489242554,-0.14254885911941528,0,0
71,RIGHT_EYE_OUTER,0.43408697843551636,0.5236954092979431,-0.14256030321121216,0,0
71,LEFT_EAR,0.4473241865634918,0.5268681645393372,-0.05718349292874336,0,0
71,RIGHT_EAR,0.4305315911769867,0.5302746295928955,-0.08628998696804047,0,0
71,MOUTH_LEFT,0.4457535743713379,0.5422834157943726,-0.11969635635614395,0,0
71,MOUTH_RIGHT,0.4387429356575012,0.5435729026794434,-0.1280936449766159,0,0
71,LEFT_SHOULDER,0.45416027307510376,0.5813776850700378,0.01699867844581604,0,0
71,RIGHT_SHOULDER,0.4158097207546234,0.5847328305244446,-0.09136208146810532,0,0
71,LEFT_ELBOW,0.4672617018222809,0.629767894744873,-0.01871407963335514,0,0
71,RIGHT_ELBOW,0.41568392515182495,0.655235230922699,-0.13984952867031097,0,0
71,LEFT_WRIST,0.48315176367759705,0.6369763612747192,-0.17134571075439453,0,0
71,RIGHT_WRIST,0.45645150542259216,0.6574631333351135,-0.17673058807849884,0,0
71,LEFT_PINKY,0.49413326382637024,0.6350776553153992,-0.20109187066555023,0,0
71,RIGHT_PINKY,0.46579018235206604,0.6577535271644592,-0.19701479375362396,0,0
71,LEFT_INDEX,0.4938053786754608,0.6323025226593018,-0.21170099079608917,0,0
71,RIGHT_INDEX,0.4672478139400482,0.6486672163009644,-0.19988495111465454,0,0
71,LEFT_THUMB,0.4880445897579193,0.6332719922065735,-0.180794820189476,0,0
71,RIGHT_THUMB,0.4649401903152466,0.6476103663444519,-0.17688246071338654,0,0
71,LEFT_HIP,0.442256361246109,0.7214421629905701,0.0407499261200428,0,0
71,RIGHT_HIP,0.42043283581733704,0.7252017259597778,-0.04078024998307228,0,0
71,LEFT_KNEE,0.4554928243160248,0.7916277050971985,0.10381150990724564,0,0
71,RIGHT_KNEE,0.4215849041938782,0.8215721249580383,-0.04805443435907364,0,0
71,LEFT_ANKLE,0.4428063929080963,0.8656103014945984,0.22311976552009583,0,0
71,RIGHT_ANKLE,0.40482431650161743,0.9110018014907837,-0.004359362181276083,0,0
71,LEFT_HEEL,0.43747738003730774,0.8811178803443909,0.23202776908874512,0,0
71,RIGHT_HEEL,0.3985248804092407,0.9211868047714233,-0.0029473048634827137,0,0
71,LEFT_FOOT_INDEX,0.4708296060562134,0.8780538439750671,0.19360223412513733,0,0
71,RIGHT_FOOT_INDEX,0.41363751888275146,0.9590638279914856,-0.07415816187858582,0,0
