frame_number,landmark,x,y,z,action,label
0,NOSE,0.6279897093772888,0.4910337030887604,-0.18531933426856995,[],0
0,LEFT_EYE_INNER,0.6288545727729797,0.48088887333869934,-0.17238013446331024,[],0
0,LEFT_EYE,0.6300027966499329,0.4807283878326416,-0.17240309715270996,[],0
0,LEFT_EYE_OUTER,0.6312660574913025,0.4805212616920471,-0.17239165306091309,[],0
0,RIGHT_EYE_INNER,0.6236888766288757,0.48062920570373535,-0.18062523007392883,[],0
0,RIGHT_EYE,0.6212701797485352,0.48040884733200073,-0.18064050376415253,[],0
0,RIGHT_EYE_OUTER,0.6188278198242188,0.48022958636283875,-0.18065863847732544,[],0
0,LEFT_EAR,0.6297629475593567,0.4836473762989044,-0.09303143620491028,[],0
0,RIGHT_EAR,0.6119115948677063,0.4839392304420471,-0.13096855580806732,[],0
0,MOUTH_LEFT,0.6296236515045166,0.5008420944213867,-0.15465305745601654,[],0
0,MOUTH_RIGHT,0.6235297322273254,0.5010850429534912,-0.16546855866909027,[],0
0,LEFT_SHOULDER,0.6379324197769165,0.5331927537918091,-0.01584705151617527,[],0
0,RIGHT_SHOULDER,0.5909066796302795,0.5397372841835022,-0.11200399696826935,[],0
0,LEFT_ELBOW,0.6341898441314697,0.59836745262146,-0.01138430368155241,[],0
0,RIGHT_ELBOW,0.5795192122459412,0.612135648727417,-0.11411608010530472,[],0
0,LEFT_WRIST,0.6404048800468445,0.6320267915725708,-0.13121353089809418,[],0
0,RIGHT_WRIST,0.6063865423202515,0.6595820188522339,-0.15474309027194977,[],0
0,LEFT_PINKY,0.6431296467781067,0.6466835737228394,-0.15588630735874176,[],0
0,RIGHT_PINKY,0.6137996315956116,0.6716737747192383,-0.17562304437160492,[],0
0,LEFT_INDEX,0.6437512636184692,0.6405124068260193,-0.17260481417179108,[],0
0,RIGHT_INDEX,0.6175429821014404,0.6624970436096191,-0.18291297554969788,[],0
0,LEFT_THUMB,0.6406120657920837,0.635639488697052,-0.14191368222236633,[],0
0,RIGHT_THUMB,0.6158164739608765,0.6582001447677612,-0.15690122544765472,[],0
0,LEFT_HIP,0.62156081199646,0.6767478585243225,0.0370049886405468,[],0
0,RIGHT_HIP,0.5966354012489319,0.6769146919250488,-0.03702804073691368,[],0
0,LEFT_KNEE,0.6333286166191101,0.7627574801445007,0.07879538089036942,[],0
0,RIGHT_KNEE,0.5937228798866272,0.7704437971115112,-0.013439655303955078,[],0
0,LEFT_ANKLE,0.6211034059524536,0.8466835021972656,0.17461545765399933,[],0
0,RIGHT_ANKLE,0.5817893147468567,0.8586535453796387,0.06383191794157028,[],0
0,LEFT_HEEL,0.6170046925544739,0.8596782684326172,0.18049749732017517,[],0
0,RIGHT_HEEL,0.5764833092689514,0.8737300634384155,0.0679011270403862,[],0
0,LEFT_FOOT_INDEX,0.6440508961677551,0.877454400062561,0.12966547906398773,[],0
0,RIGHT_FOOT_INDEX,0.5987776517868042,0.8946413993835449,-0.0024169525131583214,[],0
1,NOSE,0.6279776096343994,0.49113261699676514,-0.1884491741657257,0,0
1,LEFT_EYE_INNER,0.628832995891571,0.48101478815078735,-0.17661860585212708,0,0
1,LEFT_EYE,0.6299987435340881,0.4808419644832611,-0.17664827406406403,0,0
1,LEFT_EYE_OUTER,0.6312564611434937,0.4806240499019623,-0.17664292454719543,0,0
1,RIGHT_EYE_INNER,0.6236889362335205,0.4807443618774414,-0.1852456033229828,0,0
1,RIGHT_EYE,0.6212698221206665,0.48051080107688904,-0.1852596253156662,0,0
1,RIGHT_EYE_OUTER,0.6188170909881592,0.4802735447883606,-0.18528318405151367,0,0
1,LEFT_EAR,0.6295539140701294,0.48346105217933655,-0.0976988896727562,0,0
1,RIGHT_EAR,0.6119189858436584,0.48357945680618286,-0.1370975226163864,0,0
1,MOUTH_LEFT,0.6295604109764099,0.5009673237800598,-0.15720421075820923,0,0
1,MOUTH_RIGHT,0.623522937297821,0.5010889768600464,-0.16844917833805084,0,0
1,LEFT_SHOULDER,0.6379088759422302,0.5326324701309204,-0.016359830275177956,0,0
1,RIGHT_SHOULDER,0.5908973813056946,0.5384171605110168,-0.11733637005090714,0,0
1,LEFT_ELBOW,0.6352847814559937,0.598447322845459,-0.011215695179998875,0,0
1,RIGHT_ELBOW,0.5794697999954224,0.6120285987854004,-0.11950106173753738,0,0
1,LEFT_WRIST,0.6400991082191467,0.6323211193084717,-0.13201452791690826,0,0
1,RIGHT_WRIST,0.606070339679718,0.6589924097061157,-0.1597910225391388,0,0
1,LEFT_PINKY,0.6433992385864258,0.6478810906410217,-0.15706682205200195,0,0
1,RIGHT_PINKY,0.6135332584381104,0.6724241971969604,-0.18091058731079102,0,0
1,LEFT_INDEX,0.6439725160598755,0.6422836780548096,-0.17441053688526154,0,0
1,RIGHT_INDEX,0.6175221800804138,0.6623699069023132,-0.18942399322986603,0,0
1,LEFT_THUMB,0.6406697034835815,0.637462317943573,-0.1429923176765442,0,0
1,RIGHT_THUMB,0.6158465147018433,0.657866895198822,-0.16228745877742767,0,0
1,LEFT_HIP,0.6211102604866028,0.6765087246894836,0.037403978407382965,0,0
1,RIGHT_HIP,0.5965210795402527,0.6767823100090027,-0.037427954375743866,0,0
1,LEFT_KNEE,0.632923424243927,0.763298749923706,0.07878458499908447,0,0
1,RIGHT_KNEE,0.5937231779098511,0.7703912258148193,-0.014314527623355389,0,0
1,LEFT_ANKLE,0.6210323572158813,0.8462893962860107,0.17567706108093262,0,0
1,RIGHT_ANKLE,0.5813220739364624,0.858819305896759,0.064028799533844,0,0
1,LEFT_HEEL,0.6156877279281616,0.8597180247306824,0.18193978071212769,0,0
1,RIGHT_HEEL,0.5755899548530579,0.87418133020401,0.06843426823616028,0,0
1,LEFT_FOOT_INDEX,0.6444150805473328,0.8774549961090088,0.13281138241291046,0,0
1,RIGHT_FOOT_INDEX,0.5985943078994751,0.8947492241859436,-0.0004045088426209986,0,0
2,NOSE,0.6279639601707458,0.4921436905860901,-0.1825285255908966,0,0
2,LEFT_EYE_INNER,0.6288377046585083,0.48184171319007874,-0.1718185544013977,0,0
2,LEFT_EYE,0.630031406879425,0.48170754313468933,-0.17185087502002716,0,0
2,LEFT_EYE_OUTER,0.6312708258628845,0.4815755784511566,-0.1718447357416153,0,0
2,RIGHT_EYE_INNER,0.623707115650177,0.48135489225387573,-0.18018093705177307,0,0
2,RIGHT_EYE,0.6212798357009888,0.48104339838027954,-0.18019607663154602,0,0
2,RIGHT_EYE_OUTER,0.6188152432441711,0.48070135712623596,-0.18021763861179352,0,0
2,LEFT_EAR,0.6295484304428101,0.4837430715560913,-0.09655606746673584,0,0
2,RIGHT_EAR,0.6119126677513123,0.4835764467716217,-0.13536150753498077,0,0
2,MOUTH_LEFT,0.629505455493927,0.5019159913063049,-0.1523129791021347,0,0
2,MOUTH_RIGHT,0.623467206954956,0.5015488266944885,-0.16330069303512573,0,0
2,LEFT_SHOULDER,0.6380866169929504,0.5325911045074463,-0.01647249422967434,0,0
2,RIGHT_SHOULDER,0.5907772779464722,0.5370929837226868,-0.11053995043039322,0,0
2,LEFT_ELBOW,0.6390742659568787,0.5983936190605164,-0.009898467920720577,0,0
2,RIGHT_ELBOW,0.5786594748497009,0.6106768846511841,-0.10820211470127106,0,0
2,LEFT_WRIST,0.6394699215888977,0.6366292834281921,-0.12755486369132996,0,0
2,RIGHT_WRIST,0.6023758053779602,0.6586057543754578,-0.1520622819662094,0,0
2,LEFT_PINKY,0.6420325636863708,0.6525718569755554,-0.15255406498908997,0,0
2,RIGHT_PINKY,0.6085880994796753,0.6730551719665527,-0.17325417697429657,0,0
2,LEFT_INDEX,0.6415313482284546,0.6466888785362244,-0.16951200366020203,0,0
2,RIGHT_INDEX,0.6136488318443298,0.6629924178123474,-0.18295425176620483,0,0
2,LEFT_THUMB,0.6386957764625549,0.6411819458007812,-0.13793762028217316,0,0
2,RIGHT_THUMB,0.6120911240577698,0.6579375267028809,-0.1551325023174286,0,0
2,LEFT_HIP,0.6211121678352356,0.6757375597953796,0.03683840110898018,0,0
2,RIGHT_HIP,0.5963824987411499,0.6760536432266235,-0.03686397150158882,0,0
2,LEFT_KNEE,0.6311585307121277,0.7638883590698242,0.08410456031560898,0,0
2,RIGHT_KNEE,0.5932954549789429,0.768179714679718,-0.02349921502172947,0,0
2,LEFT_ANKLE,0.6209266185760498,0.8463053703308105,0.1733260303735733,0,0
2,RIGHT_ANKLE,0.5809552669525146,0.858182966709137,0.03993373364210129,0,0
2,LEFT_HEEL,0.6151772141456604,0.8600717782974243,0.17860549688339233,0,0
2,RIGHT_HEEL,0.5752689242362976,0.8736773133277893,0.04284412041306496,0,0
2,LEFT_FOOT_INDEX,0.6444963812828064,0.8774758577346802,0.1294463872909546,0,0
2,RIGHT_FOOT_INDEX,0.5981323719024658,0.894744336605072,-0.02630716748535633,0,0
3,NOSE,0.6276872158050537,0.4936372637748718,-0.1949566900730133,0,0
3,LEFT_EYE_INNER,0.6287547945976257,0.4832882285118103,-0.18459059298038483,0,0
3,LEFT_EYE,0.6299934387207031,0.4832214415073395,-0.1846107691526413,0,0
3,LEFT_EYE_OUTER,0.6312389969825745,0.48317939043045044,-0.18459917604923248,0,0
3,RIGHT_EYE_INNER,0.6236445307731628,0.48245635628700256,-0.19100241363048553,0,0
3,RIGHT_EYE,0.6212235689163208,0.48195087909698486,-0.191025048494339,0,0
3,RIGHT_EYE_OUTER,0.6187107563018799,0.4814973473548889,-0.19103370606899261,0,0
3,LEFT_EAR,0.6295446753501892,0.48512956500053406,-0.10862334072589874,0,0
3,RIGHT_EAR,0.6118118166923523,0.4837954044342041,-0.13959257304668427,0,0
3,MOUTH_LEFT,0.6290287375450134,0.5034306049346924,-0.16468100249767303,0,0
3,MOUTH_RIGHT,0.6230587363243103,0.5027937293052673,-0.1734076589345932,0,0
3,LEFT_SHOULDER,0.6387365460395813,0.5336467623710632,-0.033959973603487015,0,0
3,RIGHT_SHOULDER,0.5903961062431335,0.5356788039207458,-0.1077439934015274,0,0
3,LEFT_ELBOW,0.6430570483207703,0.6033698320388794,-0.020391643047332764,0,0
3,RIGHT_ELBOW,0.5744514465332031,0.6068174839019775,-0.10211159288883209,0,0
3,LEFT_WRIST,0.6382102370262146,0.6433476805686951,-0.1283407211303711,0,0
3,RIGHT_WRIST,0.5967404842376709,0.656786322593689,-0.15264347195625305,0,0
3,LEFT_PINKY,0.6337959170341492,0.6604142189025879,-0.1540185958147049,0,0
3,RIGHT_PINKY,0.6011360287666321,0.6727179884910583,-0.17511115968227386,0,0
3,LEFT_INDEX,0.6336663961410522,0.6532438397407532,-0.1701919287443161,0,0
3,RIGHT_INDEX,0.6061975955963135,0.6620817184448242,-0.1858944594860077,0,0
3,LEFT_THUMB,0.6335800886154175,0.6473265886306763,-0.1384737193584442,0,0
3,RIGHT_THUMB,0.6049870252609253,0.6569211483001709,-0.15653811395168304,0,0
3,LEFT_HIP,0.6210229396820068,0.6735881567001343,0.035519130527973175,0,0
3,RIGHT_HIP,0.5951123833656311,0.6721499562263489,-0.03556888923048973,0,0
3,LEFT_KNEE,0.6300494074821472,0.7637519836425781,0.09020248055458069,0,0
3,RIGHT_KNEE,0.5913013219833374,0.7621350884437561,-0.048601195216178894,0,0
3,LEFT_ANKLE,0.6208193898200989,0.8461904525756836,0.18030127882957458,0,0
3,RIGHT_ANKLE,0.5801070332527161,0.8572984933853149,-0.0006660122890025377,0,0
3,LEFT_HEEL,0.6148791909217834,0.8602524995803833,0.18570265173912048,0,0
3,RIGHT_HEEL,0.5747564435005188,0.8725542426109314,0.000530392222572118,0,0
3,LEFT_FOOT_INDEX,0.6445493102073669,0.877505898475647,0.1343899369239807,0,0
3,RIGHT_FOOT_INDEX,0.5971802473068237,0.8943802714347839,-0.07363418489694595,0,0
4,NOSE,0.6266093850135803,0.496509850025177,-0.16631554067134857,0,0
4,LEFT_EYE_INNER,0.6281009316444397,0.4870484471321106,-0.15703202784061432,0,0
4,LEFT_EYE,0.6292861700057983,0.48717379570007324,-0.15706565976142883,0,0
4,LEFT_EYE_OUTER,0.6306029558181763,0.48727506399154663,-0.15706117451190948,0,0
4,RIGHT_EYE_INNER,0.6230764389038086,0.4853394031524658,-0.16109293699264526,0,0
4,RIGHT_EYE,0.620736300945282,0.4843185544013977,-0.1611049473285675,0,0
4,RIGHT_EYE_OUTER,0.6181797385215759,0.48342207074165344,-0.16110794246196747,0,0
4,LEFT_EAR,0.6294147372245789,0.4884420931339264,-0.0863627940416336,0,0
4,RIGHT_EAR,0.6112639904022217,0.48463886976242065,-0.10602682083845139,0,0
4,MOUTH_LEFT,0.6272347569465637,0.5062940716743469,-0.13795270025730133,0,0
4,MOUTH_RIGHT,0.6215153932571411,0.5050651431083679,-0.14364375174045563,0,0
4,LEFT_SHOULDER,0.6387889385223389,0.5343160033226013,-0.02837839163839817,0,0
4,RIGHT_SHOULDER,0.587919294834137,0.5356473326683044,-0.06650053709745407,0,0
4,LEFT_ELBOW,0.6431719660758972,0.6031661629676819,-0.03521325811743736,0,0
4,RIGHT_ELBOW,0.569740355014801,0.6016340255737305,-0.07569272071123123,0,0
4,LEFT_WRIST,0.6348496675491333,0.6392626166343689,-0.15546542406082153,0,0
4,RIGHT_WRIST,0.5883123874664307,0.6462525725364685,-0.15166081488132477,0,0
4,LEFT_PINKY,0.6303967833518982,0.6561501026153564,-0.18337279558181763,0,0
4,RIGHT_PINKY,0.5930088758468628,0.6597098708152771,-0.1740923970937729,0,0
4,LEFT_INDEX,0.6293379664421082,0.6465110182762146,-0.19620567560195923,0,0
4,RIGHT_INDEX,0.5974213480949402,0.6517966985702515,-0.1839587241411209,0,0
4,LEFT_THUMB,0.6298128962516785,0.6396158337593079,-0.1635020524263382,0,0
4,RIGHT_THUMB,0.5969083905220032,0.647567868232727,-0.15557771921157837,0,0
4,LEFT_HIP,0.6211454272270203,0.6719515919685364,0.026087624952197075,0,0
4,RIGHT_HIP,0.594216525554657,0.6702931523323059,-0.026128703728318214,0,0
4,LEFT_KNEE,0.6289488673210144,0.7625539302825928,0.06035531684756279,0,0
4,RIGHT_KNEE,0.5888296961784363,0.7588812708854675,-0.043623194098472595,0,0
4,LEFT_ANKLE,0.6207513213157654,0.846203625202179,0.13927088677883148,0,0
4,RIGHT_ANKLE,0.5777089595794678,0.8548983931541443,0.009002028033137321,0,0
4,LEFT_HEEL,0.6146484613418579,0.8605297207832336,0.14369231462478638,0,0
4,RIGHT_HEEL,0.5733412504196167,0.8691931962966919,0.010834798216819763,0,0
4,LEFT_FOOT_INDEX,0.644417405128479,0.8775195479393005,0.09056375175714493,0,0
4,RIGHT_FOOT_INDEX,0.5921086072921753,0.8943085074424744,-0.059469033032655716,0,0
5,NOSE,0.6243531107902527,0.49840691685676575,-0.14392754435539246,0,0
5,LEFT_EYE_INNER,0.6264560222625732,0.4892701208591461,-0.1334884613752365,0,0
5,LEFT_EYE,0.6276203989982605,0.4894932508468628,-0.13352473080158234,0,0
5,LEFT_EYE_OUTER,0.6287111639976501,0.4896133840084076,-0.13351759314537048,0,0
5,RIGHT_EYE_INNER,0.6216935515403748,0.4873288869857788,-0.1371508538722992,0,0
5,RIGHT_EYE,0.6193006634712219,0.48609358072280884,-0.13714994490146637,0,0
5,RIGHT_EYE_OUTER,0.6168925762176514,0.4849047064781189,-0.13713932037353516,0,0
5,LEFT_EAR,0.6280199289321899,0.49021610617637634,-0.058907799422740936,0,0
5,RIGHT_EAR,0.6099857687950134,0.48542124032974243,-0.07785983383655548,0,0
5,MOUTH_LEFT,0.6246756911277771,0.5080527067184448,-0.1146656945347786,0,0
5,MOUTH_RIGHT,0.6192858219146729,0.5063239932060242,-0.12019607424736023,0,0
5,LEFT_SHOULDER,0.6379081010818481,0.5344963073730469,-0.008751626126468182,0,0
5,RIGHT_SHOULDER,0.5855987071990967,0.5342324376106262,-0.03422785922884941,0,0
5,LEFT_ELBOW,0.6422067284584045,0.5984853506088257,-0.036878395825624466,0,0
5,RIGHT_ELBOW,0.5662649869918823,0.5900424718856812,-0.05430342257022858,0,0
5,LEFT_WRIST,0.6339341402053833,0.6195140480995178,-0.18312197923660278,0,0
5,RIGHT_WRIST,0.5775201320648193,0.6278920769691467,-0.15665370225906372,0,0
5,LEFT_PINKY,0.6267411112785339,0.6352882981300354,-0.2157507985830307,0,0
5,RIGHT_PINKY,0.5811150074005127,0.641750156879425,-0.18160755932331085,0,0
5,LEFT_INDEX,0.6254933476448059,0.6248992085456848,-0.2280530333518982,0,0
5,RIGHT_INDEX,0.5842501521110535,0.6343143582344055,-0.19312188029289246,0,0
5,LEFT_THUMB,0.6276901364326477,0.6182903051376343,-0.19099606573581696,0,0
5,RIGHT_THUMB,0.5838009119033813,0.6295394897460938,-0.1623094379901886,0,0
5,LEFT_HIP,0.6210580468177795,0.6709054112434387,0.024673042818903923,0,0
5,RIGHT_HIP,0.5930105447769165,0.6690874099731445,-0.02470872364938259,0,0
5,LEFT_KNEE,0.6277046799659729,0.7629125714302063,0.06810842454433441,0,0
5,RIGHT_KNEE,0.5854187607765198,0.760077714920044,-0.07506579905748367,0,0
5,LEFT_ANKLE,0.620496928691864,0.8466748595237732,0.15496602654457092,0,0
5,RIGHT_ANKLE,0.5743948221206665,0.8565722703933716,-0.051103945821523666,0,0
5,LEFT_HEEL,0.614131510257721,0.861501932144165,0.16004793345928192,0,0
5,RIGHT_HEEL,0.5707463026046753,0.8700163960456848,-0.0526890866458416,0,0
5,LEFT_FOOT_INDEX,0.6438851952552795,0.8778313398361206,0.10598878562450409,0,0
5,RIGHT_FOOT_INDEX,0.584909200668335,0.8975480794906616,-0.13205286860466003,0,0
6,NOSE,0.623781144618988,0.4993872046470642,-0.1435464471578598,0,0
6,LEFT_EYE_INNER,0.6258131265640259,0.49051856994628906,-0.13290302455425262,0,0
6,LEFT_EYE,0.6268576979637146,0.49076706171035767,-0.13293956220149994,0,0
6,LEFT_EYE_OUTER,0.6278498768806458,0.49090445041656494,-0.13293223083019257,0,0
6,RIGHT_EYE_INNER,0.6211258172988892,0.4883778989315033,-0.1367173045873642,0,0
6,RIGHT_EYE,0.6187793612480164,0.4870687425136566,-0.13671882450580597,0,0
6,RIGHT_EYE_OUTER,0.6163729429244995,0.48580074310302734,-0.13671086728572845,0,0
6,LEFT_EAR,0.6271292567253113,0.49112430214881897,-0.05728255957365036,0,0
6,RIGHT_EAR,0.6094788908958435,0.4858301281929016,-0.07685171067714691,0,0
6,MOUTH_LEFT,0.623985230922699,0.5087388157844543,-0.11396725475788116,0,0
6,MOUTH_RIGHT,0.6186853647232056,0.5069156885147095,-0.1196684017777443,0,0
6,LEFT_SHOULDER,0.6376029253005981,0.534736156463623,-0.00544485729187727,0,0
6,RIGHT_SHOULDER,0.5849028825759888,0.5334101319313049,-0.033534660935401917,0,0
6,LEFT_ELBOW,0.6415531635284424,0.5971047282218933,-0.03808573633432388,0,0
6,RIGHT_ELBOW,0.5654696226119995,0.5880557298660278,-0.05473732203245163,0,0
6,LEFT_WRIST,0.6332266330718994,0.6154224872589111,-0.18966715037822723,0,0
6,RIGHT_WRIST,0.5757840275764465,0.6242703199386597,-0.16012853384017944,0,0
6,LEFT_PINKY,0.6247566342353821,0.6322264075279236,-0.22282558679580688,0,0
6,RIGHT_PINKY,0.5795132517814636,0.6385481953620911,-0.185542032122612,0,0
6,LEFT_INDEX,0.6235835552215576,0.6214922070503235,-0.23572975397109985,0,0
6,RIGHT_INDEX,0.5823571681976318,0.6309320330619812,-0.1971888393163681,0,0
6,LEFT_THUMB,0.6260014176368713,0.6155588626861572,-0.19798225164413452,0,0
6,RIGHT_THUMB,0.5817766189575195,0.6258516907691956,-0.1659872978925705,0,0
6,LEFT_HIP,0.6209707856178284,0.670544445514679,0.02468283846974373,0,0
6,RIGHT_HIP,0.5924197435379028,0.6685534715652466,-0.024712832644581795,0,0
6,LEFT_KNEE,0.627226710319519,0.7631053924560547,0.07088872790336609,0,0
6,RIGHT_KNEE,0.5842095613479614,0.7609332799911499,-0.07369209080934525,0,0
6,LEFT_ANKLE,0.620378851890564,0.8470873236656189,0.1599264144897461,0,0
6,RIGHT_ANKLE,0.5733876824378967,0.8582618832588196,-0.05002361908555031,0,0
6,LEFT_HEEL,0.613939106464386,0.8620617985725403,0.1652156263589859,0,0
6,RIGHT_HEEL,0.5698491334915161,0.8713130354881287,-0.05175896733999252,0,0
6,LEFT_FOOT_INDEX,0.6436430811882019,0.8781405687332153,0.11063200980424881,0,0
6,RIGHT_FOOT_INDEX,0.5838595628738403,0.8992300629615784,-0.13174638152122498,0,0
7,NOSE,0.6211797595024109,0.49902772903442383,-0.135799840092659,0,0
7,LEFT_EYE_INNER,0.62306147813797,0.4899244010448456,-0.1237359270453453,0,0
7,LEFT_EYE,0.6243455410003662,0.4901045560836792,-0.12378381192684174,0,0
7,LEFT_EYE_OUTER,0.6256293654441833,0.49019855260849,-0.12378766387701035,0,0
7,RIGHT_EYE_INNER,0.6185224056243896,0.4881035089492798,-0.1265137940645218,0,0
7,RIGHT_EYE,0.616209864616394,0.4869615435600281,-0.1265193670988083,0,0
7,RIGHT_EYE_OUTER,0.6137165427207947,0.4857930541038513,-0.12650570273399353,0,0
7,LEFT_EAR,0.6254920363426208,0.4908881187438965,-0.04766529053449631,0,0
7,RIGHT_EAR,0.6074808835983276,0.4859892725944519,-0.06260877847671509,0,0
7,MOUTH_LEFT,0.6215695738792419,0.5084565281867981,-0.10694357752799988,0,0
7,MOUTH_RIGHT,0.6159792542457581,0.5068601369857788,-0.11139579117298126,0,0
7,LEFT_SHOULDER,0.636110246181488,0.5346972942352295,-0.008523651398718357,0,0
7,RIGHT_SHOULDER,0.5844646096229553,0.5328478813171387,-0.02139173075556755,0,0
7,LEFT_ELBOW,0.6411603093147278,0.5792114734649658,-0.06985852867364883,0,0
7,RIGHT_ELBOW,0.562681257724762,0.5797737240791321,-0.06707797944545746,0,0
7,LEFT_WRIST,0.6125885248184204,0.6006314158439636,-0.21482600271701813,0,0
7,RIGHT_WRIST,0.5700107216835022,0.6061339378356934,-0.20089806616306305,0,0
7,LEFT_PINKY,0.6055108904838562,0.6019968390464783,-0.2496463805437088,0,0
7,RIGHT_PINKY,0.5705979466438293,0.6162471175193787,-0.23087406158447266,0,0
7,LEFT_INDEX,0.6026100516319275,0.5940743088722229,-0.2560548484325409,0,0
7,RIGHT_INDEX,0.5732096433639526,0.61195969581604,-0.24054227769374847,0,0
7,LEFT_THUMB,0.603648841381073,0.5924438238143921,-0.22015079855918884,0,0
7,RIGHT_THUMB,0.5742294788360596,0.6085690855979919,-0.2070498913526535,0,0
7,LEFT_HIP,0.6207396984100342,0.6694633364677429,0.021576570346951485,0,0
7,RIGHT_HIP,0.5915829539299011,0.6671810746192932,-0.0216077771037817,0,0
7,LEFT_KNEE,0.6266699433326721,0.7628738284111023,0.08258788287639618,0,0
7,RIGHT_KNEE,0.5824135541915894,0.7607398629188538,-0.08867504447698593,0,0
7,LEFT_ANKLE,0.620361328125,0.84722900390625,0.17852036654949188,0,0
7,RIGHT_ANKLE,0.5693854689598083,0.8636301755905151,-0.08131086081266403,0,0
7,LEFT_HEEL,0.6139503121376038,0.8626096248626709,0.1843085139989853,0,0
7,RIGHT_HEEL,0.5653926730155945,0.8761298060417175,-0.08481672406196594,0,0
7,LEFT_FOOT_INDEX,0.6435096263885498,0.8782917261123657,0.1263996809720993,0,0
7,RIGHT_FOOT_INDEX,0.5785190463066101,0.9034406542778015,-0.1691880077123642,0,0
8,NOSE,0.6145777106285095,0.4981427788734436,-0.10631908476352692,0,0
8,LEFT_EYE_INNER,0.6170650720596313,0.4895213842391968,-0.10109999775886536,0,0
8,LEFT_EYE,0.6185977458953857,0.4898250997066498,-0.1011502593755722,0,0
8,LEFT_EYE_OUTER,0.6201841831207275,0.4900899827480316,-0.1011742427945137,0,0
8,RIGHT_EYE_INNER,0.6128770112991333,0.48778799176216125,-0.09852688014507294,0,0
8,RIGHT_EYE,0.611372709274292,0.4867307245731354,-0.0985291376709938,0,0
8,RIGHT_EYE_OUTER,0.609835684299469,0.4856428802013397,-0.09854287654161453,0,0
8,LEFT_EAR,0.6224648952484131,0.48783084750175476,-0.0416039414703846,0,0
8,RIGHT_EAR,0.6065549254417419,0.4849090576171875,-0.031343959271907806,0,0
8,MOUTH_LEFT,0.6166344881057739,0.5059767961502075,-0.08172119408845901,0,0
8,MOUTH_RIGHT,0.6110233664512634,0.5041927695274353,-0.07892230898141861,0,0
8,LEFT_SHOULDER,0.6367132067680359,0.5258541703224182,-0.01019954401999712,0,0
8,RIGHT_SHOULDER,0.5851058959960938,0.523369312286377,0.014037540182471275,0,0
8,LEFT_ELBOW,0.6327974200248718,0.5842139720916748,-0.08307091146707535,0,0
8,RIGHT_ELBOW,0.5653756856918335,0.559838056564331,-0.02183300070464611,0,0
8,LEFT_WRIST,0.5978573560714722,0.577191174030304,-0.20034082233905792,0,0
8,RIGHT_WRIST,0.5582350492477417,0.5740627646446228,-0.14494925737380981,0,0
8,LEFT_PINKY,0.588943600654602,0.5686606764793396,-0.22930201888084412,0,0
8,RIGHT_PINKY,0.5551814436912537,0.5788678526878357,-0.1679479330778122,0,0
8,LEFT_INDEX,0.5892208218574524,0.5622062683105469,-0.2308298945426941,0,0
8,RIGHT_INDEX,0.555805504322052,0.5776113867759705,-0.17932669818401337,0,0
8,LEFT_THUMB,0.5914653539657593,0.5635255575180054,-0.20240242779254913,0,0
8,RIGHT_THUMB,0.5583837032318115,0.5767508745193481,-0.1530941277742386,0,0
8,LEFT_HIP,0.6207379102706909,0.6673077344894409,0.010987858287990093,0,0
8,RIGHT_HIP,0.5907177329063416,0.6640374660491943,-0.010960696265101433,0,0
8,LEFT_KNEE,0.6268651485443115,0.7625260353088379,0.03929758444428444,0,0
8,RIGHT_KNEE,0.5796915292739868,0.7608872056007385,-0.06954415887594223,0,0
8,LEFT_ANKLE,0.6203685402870178,0.8476775288581848,0.13659900426864624,0,0
8,RIGHT_ANKLE,0.5648945569992065,0.8667678236961365,-0.05146748200058937,0,0
8,LEFT_HEEL,0.6140016913414001,0.8633591532707214,0.14345420897006989,0,0
8,RIGHT_HEEL,0.5605120062828064,0.88114333152771,-0.053347792476415634,0,0
8,LEFT_FOOT_INDEX,0.6434249877929688,0.8782916069030762,0.09045328944921494,0,0
8,RIGHT_FOOT_INDEX,0.577053427696228,0.9046984910964966,-0.1299176961183548,0,0
9,NOSE,0.6145167946815491,0.5026328563690186,-0.13139398396015167,0,0
9,LEFT_EYE_INNER,0.6171257495880127,0.49310189485549927,-0.123146191239357,0,0
9,LEFT_EYE,0.6184799075126648,0.492832213640213,-0.12318291515111923,0,0
9,LEFT_EYE_OUTER,0.6197426915168762,0.49244362115859985,-0.123192697763443,0,0
9,RIGHT_EYE_INNER,0.6125762462615967,0.49203580617904663,-0.12508445978164673,0,0
9,RIGHT_EYE,0.6105667948722839,0.4909234046936035,-0.12509527802467346,0,0
9,RIGHT_EYE_OUTER,0.6085482835769653,0.4897817075252533,-0.1250869333744049,0,0
9,LEFT_EAR,0.6201097369194031,0.49022483825683594,-0.055603161454200745,0,0
9,RIGHT_EAR,0.6033066511154175,0.48703134059906006,-0.06647958606481552,0,0
9,MOUTH_LEFT,0.6159313917160034,0.5095049738883972,-0.10435416549444199,0,0
9,MOUTH_RIGHT,0.6099132299423218,0.5083591938018799,-0.10769864171743393,0,0
9,LEFT_SHOULDER,0.6323602795600891,0.5275920629501343,-0.030258266255259514,0,0
9,RIGHT_SHOULDER,0.5802486538887024,0.525417685508728,-0.022310756146907806,0,0
9,LEFT_ELBOW,0.6236789226531982,0.5866701602935791,-0.10282550752162933,0,0
9,RIGHT_ELBOW,0.559756338596344,0.5623450875282288,-0.044371627271175385,0,0
9,LEFT_WRIST,0.5903617143630981,0.5649855732917786,-0.21379858255386353,0,0
9,RIGHT_WRIST,0.5530145764350891,0.55963134765625,-0.18675290048122406,0,0
9,LEFT_PINKY,0.5822731256484985,0.5550718307495117,-0.24249523878097534,0,0
9,RIGHT_PINKY,0.5497205257415771,0.5590893030166626,-0.2099684774875641,0,0
9,LEFT_INDEX,0.5828162431716919,0.5479680895805359,-0.24027356505393982,0,0
9,RIGHT_INDEX,0.5511423349380493,0.5535413026809692,-0.21606503427028656,0,0
9,LEFT_THUMB,0.5844112634658813,0.550517201423645,-0.21473951637744904,0,0
9,RIGHT_THUMB,0.5531547665596008,0.5540843605995178,-0.1922616958618164,0,0
9,LEFT_HIP,0.6196534633636475,0.6690797209739685,0.013249448500573635,0,0
9,RIGHT_HIP,0.5895564556121826,0.6675924062728882,-0.01320752501487732,0,0
9,LEFT_KNEE,0.6280162930488586,0.761601448059082,0.05547894164919853,0,0
9,RIGHT_KNEE,0.5768440365791321,0.7634899616241455,-0.07712234556674957,0,0
9,LEFT_ANKLE,0.6205353140830994,0.8476342558860779,0.1582290232181549,0,0
9,RIGHT_ANKLE,0.5647231936454773,0.8680566549301147,-0.060821786522865295,0,0
9,LEFT_HEEL,0.6140300035476685,0.863329291343689,0.16741785407066345,0,0
9,RIGHT_HEEL,0.560973048210144,0.8825074434280396,-0.0627128928899765,0,0
9,LEFT_FOOT_INDEX,0.6434997916221619,0.8781014680862427,0.12342221289873123,0,0
9,RIGHT_FOOT_INDEX,0.575735330581665,0.9051998853683472,-0.1380615532398224,0,0
10,NOSE,0.6114856004714966,0.502338707447052,-0.13711924850940704,0,0
10,LEFT_EYE_INNER,0.6144037246704102,0.49344590306282043,-0.12672144174575806,0,0
10,LEFT_EYE,0.616039514541626,0.49341249465942383,-0.12675921618938446,0,0
10,LEFT_EYE_OUTER,0.6172024011611938,0.493294894695282,-0.12677325308322906,0,0
10,RIGHT_EYE_INNER,0.608959972858429,0.4918188154697418,-0.12877154350280762,0,0
10,RIGHT_EYE,0.6065932512283325,0.490732878446579,-0.12878012657165527,0,0
10,RIGHT_EYE_OUTER,0.6042370200157166,0.4896644353866577,-0.12875688076019287,0,0
10,LEFT_EAR,0.6176522970199585,0.49338576197624207,-0.05634194239974022,0,0
10,RIGHT_EAR,0.5999248027801514,0.48806729912757874,-0.06840723007917404,0,0
10,MOUTH_LEFT,0.6128113865852356,0.5108289122581482,-0.10999773442745209,0,0
10,MOUTH_RIGHT,0.6061058044433594,0.5096397399902344,-0.11380893737077713,0,0
10,LEFT_SHOULDER,0.6271023154258728,0.5329996943473816,-0.035727791488170624,0,0
10,RIGHT_SHOULDER,0.5755260586738586,0.5263856649398804,-0.02568039484322071,0,0
10,LEFT_ELBOW,0.6229331493377686,0.5877851247787476,-0.11120545864105225,0,0
10,RIGHT_ELBOW,0.5542005300521851,0.5624768137931824,-0.08478973805904388,0,0
10,LEFT_WRIST,0.5873435139656067,0.5584322810173035,-0.2178569883108139,0,0
10,RIGHT_WRIST,0.5433297753334045,0.5497111678123474,-0.22776545584201813,0,0
10,LEFT_PINKY,0.5785616040229797,0.5494095683097839,-0.24764002859592438,0,0
10,RIGHT_PINKY,0.5389003157615662,0.5401113629341125,-0.25558653473854065,0,0
10,LEFT_INDEX,0.5785611271858215,0.541964590549469,-0.24421840906143188,0,0
10,RIGHT_INDEX,0.5402981042861938,0.5350688695907593,-0.2609609365463257,0,0
10,LEFT_THUMB,0.5802509784698486,0.5434832572937012,-0.21844564378261566,0,0
10,RIGHT_THUMB,0.5425379276275635,0.5389989018440247,-0.23384131491184235,0,0
10,LEFT_HIP,0.6181591749191284,0.6711061596870422,0.016289543360471725,0,0
10,RIGHT_HIP,0.5884190201759338,0.6718770265579224,-0.016268083825707436,0,0
10,LEFT_KNEE,0.6310702562332153,0.7610491514205933,0.031246330589056015,0,0
10,RIGHT_KNEE,0.5750735998153687,0.767290472984314,-0.08014616370201111,0,0
10,LEFT_ANKLE,0.6211333870887756,0.8476521372795105,0.13914614915847778,0,0
10,RIGHT_ANKLE,0.563660740852356,0.8701693415641785,-0.04807725176215172,0,0
10,LEFT_HEEL,0.6143777370452881,0.8634192943572998,0.14729560911655426,0,0
10,RIGHT_HEEL,0.5605296492576599,0.8847761750221252,-0.048533014953136444,0,0
10,LEFT_FOOT_INDEX,0.6442741751670837,0.878046989440918,0.10287630558013916,0,0
10,RIGHT_FOOT_INDEX,0.5754276514053345,0.9064937829971313,-0.12281639873981476,0,0
11,NOSE,0.6110196709632874,0.5019055604934692,-0.14116260409355164,0,0
11,LEFT_EYE_INNER,0.6135204434394836,0.493179589509964,-0.13113054633140564,0,0
11,LEFT_EYE,0.6150796413421631,0.4932553768157959,-0.13116629421710968,0,0
11,LEFT_EYE_OUTER,0.6167631149291992,0.4933030903339386,-0.13117310404777527,0,0
11,RIGHT_EYE_INNER,0.6083483099937439,0.49152469635009766,-0.1339360624551773,0,0
11,RIGHT_EYE,0.6060190796852112,0.49057310819625854,-0.13394556939601898,0,0
11,RIGHT_EYE_OUTER,0.6034977436065674,0.48966261744499207,-0.13393086194992065,0,0
11,LEFT_EAR,0.617620587348938,0.4942673146724701,-0.059837911278009415,0,0
11,RIGHT_EAR,0.5983068346977234,0.4887438118457794,-0.07450199872255325,0,0
11,MOUTH_LEFT,0.6123473644256592,0.5110220313072205,-0.11283037066459656,0,0
11,MOUTH_RIGHT,0.6056997179985046,0.5100052952766418,-0.11804364621639252,0,0
11,LEFT_SHOULDER,0.6260595917701721,0.5346207618713379,-0.04247433319687843,0,0
11,RIGHT_SHOULDER,0.5739212036132812,0.5270488262176514,-0.028255684301257133,0,0
11,LEFT_ELBOW,0.6212937831878662,0.5883973240852356,-0.11087966710329056,0,0
11,RIGHT_ELBOW,0.552173912525177,0.563870906829834,-0.08266406506299973,0,0
11,LEFT_WRIST,0.5867519378662109,0.5583658814430237,-0.21408577263355255,0,0
11,RIGHT_WRIST,0.5402171611785889,0.54632568359375,-0.2101045697927475,0,0
11,LEFT_PINKY,0.5775783061981201,0.5488932132720947,-0.24348364770412445,0,0
11,RIGHT_PINKY,0.5358251333236694,0.5374231338500977,-0.23629380762577057,0,0
11,LEFT_INDEX,0.5775882005691528,0.5414503812789917,-0.2407948523759842,0,0
11,RIGHT_INDEX,0.537659764289856,0.5321798324584961,-0.24349185824394226,0,0
11,LEFT_THUMB,0.5797509551048279,0.543062686920166,-0.2149612456560135,0,0
11,RIGHT_THUMB,0.5401358008384705,0.536316454410553,-0.21655385196208954,0,0
11,LEFT_HIP,0.6173582673072815,0.6719815135002136,0.01579374633729458,0,0
11,RIGHT_HIP,0.5877048969268799,0.673153281211853,-0.015772908926010132,0,0
11,LEFT_KNEE,0.632015585899353,0.7604291439056396,0.022444335743784904,0,0
11,RIGHT_KNEE,0.575464129447937,0.7675568461418152,-0.08342193812131882,0,0
11,LEFT_ANKLE,0.621526300907135,0.8476502895355225,0.12611356377601624,0,0
11,RIGHT_ANKLE,0.5639253854751587,0.8692030906677246,-0.04409344866871834,0,0
11,LEFT_HEEL,0.6148315072059631,0.8633918762207031,0.1335957795381546,0,0
11,RIGHT_HEEL,0.5609074234962463,0.8839235305786133,-0.04389325529336929,0,0
11,LEFT_FOOT_INDEX,0.6443471312522888,0.8778876066207886,0.08628622442483902,0,0
11,RIGHT_FOOT_INDEX,0.5759606957435608,0.9057742357254028,-0.1180393248796463,0,0
12,NOSE,0.6090855002403259,0.5049262046813965,-0.14983868598937988,0,0
12,LEFT_EYE_INNER,0.6113401651382446,0.4962944984436035,-0.13987869024276733,0,0
12,LEFT_EYE,0.6126155853271484,0.49611663818359375,-0.13992109894752502,0,0
12,LEFT_EYE_OUTER,0.6141698360443115,0.4959038197994232,-0.1399388313293457,0,0
12,RIGHT_EYE_INNER,0.6063223481178284,0.49508389830589294,-0.1407003104686737,0,0
12,RIGHT_EYE,0.6038329005241394,0.49391648173332214,-0.14071552455425262,0,0
12,RIGHT_EYE_OUTER,0.6014237999916077,0.4926925599575043,-0.14069199562072754,0,0
12,LEFT_EAR,0.6146981120109558,0.49592873454093933,-0.06946935504674911,0,0
12,RIGHT_EAR,0.5956584811210632,0.49081161618232727,-0.07660525292158127,0,0
12,MOUTH_LEFT,0.6102363467216492,0.5138230323791504,-0.1222839504480362,0,0
12,MOUTH_RIGHT,0.6037251949310303,0.513166606426239,-0.12450496852397919,0,0
12,LEFT_SHOULDER,0.6242905259132385,0.5347199440002441,-0.044309232383966446,0,0
12,RIGHT_SHOULDER,0.5734599232673645,0.5306166410446167,-0.024296313524246216,0,0
12,LEFT_ELBOW,0.6239112615585327,0.5881720781326294,-0.10598944872617722,0,0
12,RIGHT_ELBOW,0.547719419002533,0.566723644733429,-0.03989653289318085,0,0
12,LEFT_WRIST,0.5880500078201294,0.567377507686615,-0.21695365011692047,0,0
12,RIGHT_WRIST,0.5307468771934509,0.5376430153846741,-0.13327090442180634,0,0
12,LEFT_PINKY,0.5781831741333008,0.5604680180549622,-0.24510958790779114,0,0
12,RIGHT_PINKY,0.5253021717071533,0.5255818367004395,-0.15335707366466522,0,0
12,LEFT_INDEX,0.5781192779541016,0.5536414384841919,-0.24376659095287323,0,0
12,RIGHT_INDEX,0.5281169414520264,0.5200214982032776,-0.16236957907676697,0,0
12,LEFT_THUMB,0.5801957249641418,0.5549938082695007,-0.21820040047168732,0,0
12,RIGHT_THUMB,0.5305727124214172,0.5245389938354492,-0.13938310742378235,0,0
12,LEFT_HIP,0.6168264746665955,0.672804594039917,0.012946122325956821,0,0
12,RIGHT_HIP,0.5870647430419922,0.6740161180496216,-0.012916586361825466,0,0
12,LEFT_KNEE,0.6320896744728088,0.760442316532135,0.03361191600561142,0,0
12,RIGHT_KNEE,0.574079155921936,0.7674673795700073,-0.08010807633399963,0,0
12,LEFT_ANKLE,0.6224610209465027,0.8477926254272461,0.1333019882440567,0,0
12,RIGHT_ANKLE,0.563118577003479,0.8690976500511169,-0.04899175837635994,0,0
12,LEFT_HEEL,0.6160367131233215,0.8634605407714844,0.14022451639175415,0,0
12,RIGHT_HEEL,0.5604541301727295,0.8844744563102722,-0.049769774079322815,0,0
12,LEFT_FOOT_INDEX,0.6454660296440125,0.8773671984672546,0.09079141914844513,0,0
12,RIGHT_FOOT_INDEX,0.5748620629310608,0.9053256511688232,-0.12565197050571442,0,0
13,NOSE,0.6069797277450562,0.5087416172027588,-0.15796907246112823,0,0
13,LEFT_EYE_INNER,0.608788788318634,0.4992249011993408,-0.14657002687454224,0,0
13,LEFT_EYE,0.6098999381065369,0.4991026222705841,-0.1466148942708969,0,0
13,LEFT_EYE_OUTER,0.611211359500885,0.498902827501297,-0.14663498103618622,0,0
13,RIGHT_EYE_INNER,0.6037768125534058,0.4983261227607727,-0.14899341762065887,0,0
13,RIGHT_EYE,0.6013576984405518,0.4976018965244293,-0.14901380240917206,0,0
13,RIGHT_EYE_OUTER,0.5989648699760437,0.49674364924430847,-0.14897674322128296,0,0
13,LEFT_EAR,0.6114155054092407,0.4990411698818207,-0.0726737529039383,0,0
13,RIGHT_EAR,0.5930479764938354,0.4954181909561157,-0.08572721481323242,0,0
13,MOUTH_LEFT,0.6080783605575562,0.5173201560974121,-0.12955103814601898,0,0
13,MOUTH_RIGHT,0.6015511751174927,0.517356276512146,-0.1336054652929306,0,0
13,LEFT_SHOULDER,0.622235119342804,0.536713182926178,-0.04209919273853302,0,0
13,RIGHT_SHOULDER,0.5709187388420105,0.5393564105033875,-0.030738579109311104,0,0
13,LEFT_ELBOW,0.6299501061439514,0.5884976983070374,-0.09897825866937637,0,0
13,RIGHT_ELBOW,0.5441067218780518,0.5687165260314941,-0.04901410639286041,0,0
13,LEFT_WRIST,0.5951744914054871,0.584572434425354,-0.21867911517620087,0,0
13,RIGHT_WRIST,0.523993730545044,0.5399670004844666,-0.18314553797245026,0,0
13,LEFT_PINKY,0.587462306022644,0.5869954228401184,-0.2483912855386734,0,0
13,RIGHT_PINKY,0.5170590281486511,0.529208779335022,-0.20906871557235718,0,0
13,LEFT_INDEX,0.5869631171226501,0.5779604315757751,-0.2496761977672577,0,0
13,RIGHT_INDEX,0.5199257135391235,0.5221775770187378,-0.21804887056350708,0,0
13,LEFT_THUMB,0.5884475111961365,0.5767544507980347,-0.2208263874053955,0,0
13,RIGHT_THUMB,0.5230876803398132,0.5269157886505127,-0.19017837941646576,0,0
13,LEFT_HIP,0.6162654161453247,0.6747468113899231,0.014197143726050854,0,0
13,RIGHT_HIP,0.5861047506332397,0.6762951612472534,-0.01416602823883295,0,0
13,LEFT_KNEE,0.6320152878761292,0.7617335915565491,0.0253822710365057,0,0
13,RIGHT_KNEE,0.5730851888656616,0.7674520015716553,-0.08654876053333282,0,0
13,LEFT_ANKLE,0.6231691837310791,0.8490238785743713,0.11423937231302261,0,0
13,RIGHT_ANKLE,0.5629253387451172,0.8686805367469788,-0.05189802870154381,0,0
13,LEFT_HEEL,0.6167186498641968,0.8644695281982422,0.11976064741611481,0,0
13,RIGHT_HEEL,0.5604299306869507,0.8841392397880554,-0.05238565430045128,0,0
13,LEFT_FOOT_INDEX,0.6460006833076477,0.8773413300514221,0.06997218728065491,0,0
13,RIGHT_FOOT_INDEX,0.573373556137085,0.9051042795181274,-0.1262098103761673,0,0
14,NOSE,0.6046895980834961,0.5130739212036133,-0.16077782213687897,0,0
14,LEFT_EYE_INNER,0.6065025925636292,0.5038387775421143,-0.1492437720298767,0,0
14,LEFT_EYE,0.6076382994651794,0.5038495659828186,-0.14929130673408508,0,0
14,LEFT_EYE_OUTER,0.6089562177658081,0.5037060379981995,-0.14931544661521912,0,0
14,RIGHT_EYE_INNER,0.6015714406967163,0.502500057220459,-0.1526782214641571,0,0
14,RIGHT_EYE,0.5992037653923035,0.5017267465591431,-0.1527019590139389,0,0
14,RIGHT_EYE_OUTER,0.5966752171516418,0.500882089138031,-0.15265876054763794,0,0
14,LEFT_EAR,0.6091071963310242,0.5032857060432434,-0.07267805933952332,0,0
14,RIGHT_EAR,0.5910251140594482,0.49962055683135986,-0.08961587399244308,0,0
14,MOUTH_LEFT,0.6057708263397217,0.5215004682540894,-0.13109330832958221,0,0
14,MOUTH_RIGHT,0.5993658304214478,0.5210987329483032,-0.13622240722179413,0,0
14,LEFT_SHOULDER,0.6209068298339844,0.5407816767692566,-0.038093890994787216,0,0
14,RIGHT_SHOULDER,0.5694102644920349,0.5423616766929626,-0.032991986721754074,0,0
14,LEFT_ELBOW,0.6380040049552917,0.5881331562995911,-0.09118355065584183,0,0
14,RIGHT_ELBOW,0.544903576374054,0.5700141191482544,-0.08751991391181946,0,0
14,LEFT_WRIST,0.6226357817649841,0.6171227097511292,-0.21411512792110443,0,0
14,RIGHT_WRIST,0.5207511186599731,0.5488662123680115,-0.2340121567249298,0,0
14,LEFT_PINKY,0.6177146434783936,0.630279004573822,-0.24421340227127075,0,0
14,RIGHT_PINKY,0.5125748515129089,0.53976970911026,-0.26339781284332275,0,0
14,LEFT_INDEX,0.6124787926673889,0.6220116019248962,-0.2510618269443512,0,0
14,RIGHT_INDEX,0.515010416507721,0.5324210524559021,-0.27235138416290283,0,0
14,LEFT_THUMB,0.6126110553741455,0.6176667213439941,-0.21886911988258362,0,0
14,RIGHT_THUMB,0.5187504887580872,0.5367180109024048,-0.24144549667835236,0,0
14,LEFT_HIP,0.6162170171737671,0.6752880811691284,0.01267128624022007,0,0
14,RIGHT_HIP,0.5858269333839417,0.6778004169464111,-0.01261122152209282,0,0
14,LEFT_KNEE,0.6310694813728333,0.7622570395469666,-0.015898743644356728,0,0
14,RIGHT_KNEE,0.5728047490119934,0.7674328088760376,-0.0868426188826561,0,0
14,LEFT_ANKLE,0.6238053441047668,0.8493853211402893,0.06276257336139679,0,0
14,RIGHT_ANKLE,0.5627119541168213,0.8684773445129395,-0.048619236797094345,0,0
14,LEFT_HEEL,0.6173866987228394,0.8651065230369568,0.06702759116888046,0,0
14,RIGHT_HEEL,0.5605319738388062,0.8838723301887512,-0.04966765269637108,0,0
14,LEFT_FOOT_INDEX,0.6460385918617249,0.8772079944610596,0.010216510854661465,0,0
14,RIGHT_FOOT_INDEX,0.570935070514679,0.9030838012695312,-0.12303581833839417,0,0
15,NOSE,0.6025223135948181,0.5173018574714661,-0.22185832262039185,0,0
15,LEFT_EYE_INNER,0.604449987411499,0.5087693929672241,-0.21193233132362366,0,0
15,LEFT_EYE,0.6056345701217651,0.508698046207428,-0.21196307241916656,0,0
15,LEFT_EYE_OUTER,0.6070701479911804,0.5085775852203369,-0.21200139820575714,0,0
15,RIGHT_EYE_INNER,0.5997090935707092,0.5073881149291992,-0.21540789306163788,0,0
15,RIGHT_EYE,0.5974482893943787,0.5062342882156372,-0.21545027196407318,0,0
15,RIGHT_EYE_OUTER,0.595004141330719,0.5051591396331787,-0.21539713442325592,0,0
15,LEFT_EAR,0.6076326370239258,0.5077696442604065,-0.13555632531642914,0,0
15,RIGHT_EAR,0.5894017815589905,0.5032119750976562,-0.1535325050354004,0,0
15,MOUTH_LEFT,0.6038001179695129,0.5256984233856201,-0.19175168871879578,0,0
15,MOUTH_RIGHT,0.5973314046859741,0.5249146223068237,-0.19695143401622772,0,0
15,LEFT_SHOULDER,0.6212076544761658,0.5473414659500122,-0.08615705370903015,0,0
15,RIGHT_SHOULDER,0.5688544511795044,0.5460048317909241,-0.08787397295236588,0,0
15,LEFT_ELBOW,0.6482763290405273,0.5883272290229797,-0.11130692064762115,0,0
15,RIGHT_ELBOW,0.5437309145927429,0.5740265846252441,-0.12142468243837357,0,0
15,LEFT_WRIST,0.6508277654647827,0.6382232308387756,-0.21407954394817352,0,0
15,RIGHT_WRIST,0.5126638412475586,0.5540405511856079,-0.24673843383789062,0,0
15,LEFT_PINKY,0.6504755020141602,0.660798966884613,-0.2410624623298645,0,0
15,RIGHT_PINKY,0.5026209950447083,0.5504897236824036,-0.2740648090839386,0,0
15,LEFT_INDEX,0.6447831392288208,0.6574863195419312,-0.2535533010959625,0,0
15,RIGHT_INDEX,0.5039956569671631,0.5429182052612305,-0.28861531615257263,0,0
15,LEFT_THUMB,0.6430842280387878,0.6501690745353699,-0.22109119594097137,0,0
15,RIGHT_THUMB,0.5076290965080261,0.5436283946037292,-0.25625839829444885,0,0
15,LEFT_HIP,0.6156047582626343,0.6754603385925293,0.011700090952217579,0,0
15,RIGHT_HIP,0.5853666663169861,0.677549421787262,-0.011659696698188782,0,0
15,LEFT_KNEE,0.6300346851348877,0.7630068063735962,-0.0004136683710385114,0,0
15,RIGHT_KNEE,0.5729691982269287,0.767720639705658,-0.08768962323665619,0,0
15,LEFT_ANKLE,0.6245898008346558,0.8495697975158691,0.08953075855970383,0,0
15,RIGHT_ANKLE,0.5626020431518555,0.8682453036308289,-0.047414179891347885,0,0
15,LEFT_HEEL,0.618308961391449,0.8650705218315125,0.09488250315189362,0,0
15,RIGHT_HEEL,0.560492753982544,0.8837507367134094,-0.046089597046375275,0,0
15,LEFT_FOOT_INDEX,0.6460370421409607,0.8772159218788147,0.03810287266969681,0,0
15,RIGHT_FOOT_INDEX,0.5710693001747131,0.9009343981742859,-0.12158616632223129,0,0
16,NOSE,0.6020193696022034,0.5188513398170471,-0.2511596381664276,0,0
16,LEFT_EYE_INNER,0.6041088700294495,0.510118842124939,-0.24116918444633484,0,0
16,LEFT_EYE,0.6056682467460632,0.5099816918373108,-0.24120154976844788,0,0
16,LEFT_EYE_OUTER,0.6070316433906555,0.5097647309303284,-0.24125678837299347,0,0
16,RIGHT_EYE_INNER,0.5993419885635376,0.5085753798484802,-0.24439802765846252,0,0
16,RIGHT_EYE,0.5970918536186218,0.5074975490570068,-0.24444493651390076,0,0
16,RIGHT_EYE_OUTER,0.5949240326881409,0.5065462589263916,-0.24439242482185364,0,0
16,LEFT_EAR,0.6077993512153625,0.5084025263786316,-0.16240523755550385,0,0
16,RIGHT_EAR,0.5893331170082092,0.5047981142997742,-0.1791866272687912,0,0
16,MOUTH_LEFT,0.603539764881134,0.5270347595214844,-0.21995456516742706,0,0
16,MOUTH_RIGHT,0.5973890423774719,0.5262147784233093,-0.22479276359081268,0,0
16,LEFT_SHOULDER,0.6217268109321594,0.5490567088127136,-0.11034256964921951,0,0
16,RIGHT_SHOULDER,0.5691470503807068,0.5463013648986816,-0.11065879464149475,0,0
16,LEFT_ELBOW,0.6507357358932495,0.5884628891944885,-0.14066018164157867,0,0
16,RIGHT_ELBOW,0.5427634716033936,0.5758115649223328,-0.14650407433509827,0,0
16,LEFT_WRIST,0.6528269052505493,0.6407030820846558,-0.24117469787597656,0,0
16,RIGHT_WRIST,0.5103680491447449,0.5590469837188721,-0.26937490701675415,0,0
16,LEFT_PINKY,0.652164876461029,0.6631224751472473,-0.267733097076416,0,0
16,RIGHT_PINKY,0.5000485777854919,0.5544911026954651,-0.29685547947883606,0,0
16,LEFT_INDEX,0.6470803022384644,0.6596410274505615,-0.2815619707107544,0,0
16,RIGHT_INDEX,0.5008178353309631,0.5482053160667419,-0.31164708733558655,0,0
16,LEFT_THUMB,0.6455156803131104,0.6520563364028931,-0.2485915869474411,0,0
16,RIGHT_THUMB,0.5042696595191956,0.5501057505607605,-0.2790849804878235,0,0
16,LEFT_HIP,0.6151825189590454,0.6754401922225952,0.011840149760246277,0,0
16,RIGHT_HIP,0.5849072337150574,0.6773815155029297,-0.011810126714408398,0,0
16,LEFT_KNEE,0.6294633746147156,0.7637643218040466,0.007209489122033119,0,0
16,RIGHT_KNEE,0.5728570818901062,0.7678770422935486,-0.09466215968132019,0,0
16,LEFT_ANKLE,0.6247931122779846,0.8497058153152466,0.10639721900224686,0,0
16,RIGHT_ANKLE,0.5625441074371338,0.8680828213691711,-0.043422698974609375,0,0
16,LEFT_HEEL,0.618632972240448,0.8650320172309875,0.11235921829938889,0,0
16,RIGHT_HEEL,0.5603460073471069,0.8835541605949402,-0.04231017455458641,0,0
16,LEFT_FOOT_INDEX,0.6461380124092102,0.8773024678230286,0.05740690231323242,0,0
16,RIGHT_FOOT_INDEX,0.5705371499061584,0.9002580046653748,-0.11820971965789795,0,0
17,NOSE,0.6022042036056519,0.5223786234855652,-0.3022584617137909,0,0
17,LEFT_EYE_INNER,0.6039833426475525,0.5131890773773193,-0.2925146222114563,0,0
17,LEFT_EYE,0.6054334044456482,0.5131030082702637,-0.29254063963890076,0,0
17,LEFT_EYE_OUTER,0.60670405626297,0.5129399299621582,-0.29261258244514465,0,0
17,RIGHT_EYE_INNER,0.5991182923316956,0.5123132467269897,-0.29670363664627075,0,0
17,RIGHT_EYE,0.5968853831291199,0.5114572644233704,-0.29676350951194763,0,0
17,RIGHT_EYE_OUTER,0.5944735407829285,0.5104000568389893,-0.2967173457145691,0,0
17,LEFT_EAR,0.6070311665534973,0.5117735266685486,-0.21401214599609375,0,0
17,RIGHT_EAR,0.5883007049560547,0.5086123943328857,-0.23599550127983093,0,0
17,MOUTH_LEFT,0.6037389039993286,0.5307810306549072,-0.27136990427970886,0,0
17,MOUTH_RIGHT,0.5977017879486084,0.530447781085968,-0.27770116925239563,0,0
17,LEFT_SHOULDER,0.6218380331993103,0.5544539093971252,-0.15686842799186707,0,0
17,RIGHT_SHOULDER,0.5681213140487671,0.5512681007385254,-0.16028697788715363,0,0
17,LEFT_ELBOW,0.6587010622024536,0.589491605758667,-0.16182193160057068,0,0
17,RIGHT_ELBOW,0.5419489145278931,0.5818334221839905,-0.17125004529953003,0,0
17,LEFT_WRIST,0.6734421253204346,0.6504934430122375,-0.23399291932582855,0,0
17,RIGHT_WRIST,0.5078202486038208,0.5807792544364929,-0.2660369575023651,0,0
17,LEFT_PINKY,0.6783603429794312,0.6737858653068542,-0.2551122307777405,0,0
17,RIGHT_PINKY,0.49870172142982483,0.5786507725715637,-0.2871640622615814,0,0
17,LEFT_INDEX,0.6736631989479065,0.6743624210357666,-0.27196168899536133,0,0
17,RIGHT_INDEX,0.49870073795318604,0.5758993029594421,-0.30822494626045227,0,0
17,LEFT_THUMB,0.6716106534004211,0.6688920259475708,-0.24239476025104523,0,0
17,RIGHT_THUMB,0.5018662810325623,0.5774767398834229,-0.2776113748550415,0,0
17,LEFT_HIP,0.6149731874465942,0.6754719614982605,0.012575100176036358,0,0
17,RIGHT_HIP,0.5846675038337708,0.6774240732192993,-0.012554568238556385,0,0
17,LEFT_KNEE,0.6293852925300598,0.7634954452514648,0.020132845267653465,0,0
17,RIGHT_KNEE,0.5734468102455139,0.7677035927772522,-0.10929486155509949,0,0
17,LEFT_ANKLE,0.6259476542472839,0.8488141894340515,0.13570430874824524,0,0
17,RIGHT_ANKLE,0.5625969767570496,0.8680007457733154,-0.06145919859409332,0,0
17,LEFT_HEEL,0.6197335124015808,0.8641583323478699,0.1425575315952301,0,0
17,RIGHT_HEEL,0.5600557327270508,0.8834543228149414,-0.06110380217432976,0,0
17,LEFT_FOOT_INDEX,0.6466154456138611,0.8773069977760315,0.08127305656671524,0,0
17,RIGHT_FOOT_INDEX,0.5716747641563416,0.8997189402580261,-0.14248919486999512,0,0
18,NOSE,0.6019479036331177,0.5262067317962646,-0.3280644714832306,0,0
18,LEFT_EYE_INNER,0.6038537621498108,0.5164255499839783,-0.3199763596057892,0,0
18,LEFT_EYE,0.6053305864334106,0.516292154788971,-0.3199959695339203,0,0
18,LEFT_EYE_OUTER,0.6066543459892273,0.516133725643158,-0.32006898522377014,0,0
18,RIGHT_EYE_INNER,0.59874427318573,0.5158546566963196,-0.32245364785194397,0,0
18,RIGHT_EYE,0.5964686274528503,0.515367865562439,-0.32251161336898804,0,0
18,RIGHT_EYE_OUTER,0.5939950346946716,0.5148330926895142,-0.3224702775478363,0,0
18,LEFT_EAR,0.6070700883865356,0.5151413083076477,-0.24440179765224457,0,0
18,RIGHT_EAR,0.5879181623458862,0.5133956074714661,-0.25801849365234375,0,0
18,MOUTH_LEFT,0.6036314368247986,0.534635066986084,-0.2978020906448364,0,0
18,MOUTH_RIGHT,0.5975809693336487,0.5345674157142639,-0.30171826481819153,0,0
18,LEFT_SHOULDER,0.6224398016929626,0.5570440888404846,-0.17896924912929535,0,0
18,RIGHT_SHOULDER,0.5688951015472412,0.5555117130279541,-0.17537842690944672,0,0
18,LEFT_ELBOW,0.6613783240318298,0.5895295739173889,-0.17222315073013306,0,0
18,RIGHT_ELBOW,0.5429209470748901,0.5907250642776489,-0.13861137628555298,0,0
18,LEFT_WRIST,0.681996762752533,0.649933934211731,-0.23722651600837708,0,0
18,RIGHT_WRIST,0.509072482585907,0.6066216826438904,-0.1813071072101593,0,0
18,LEFT_PINKY,0.6876345276832581,0.6729956865310669,-0.25605714321136475,0,0
18,RIGHT_PINKY,0.5000278949737549,0.6086680889129639,-0.19361242651939392,0,0
18,LEFT_INDEX,0.6837652325630188,0.6743196249008179,-0.27634286880493164,0,0
18,RIGHT_INDEX,0.4994048476219177,0.6075798273086548,-0.22141310572624207,0,0
18,LEFT_THUMB,0.6812182068824768,0.6693118810653687,-0.246682807803154,0,0
18,RIGHT_THUMB,0.5024804472923279,0.6078398823738098,-0.19390448927879333,0,0
18,LEFT_HIP,0.6149423122406006,0.6753864288330078,0.012378165498375893,0,0
18,RIGHT_HIP,0.584406316280365,0.6772883534431458,-0.012367893941700459,0,0
18,LEFT_KNEE,0.6302120089530945,0.7613465189933777,0.03686739131808281,0,0
18,RIGHT_KNEE,0.5736782550811768,0.7676816582679749,-0.09772033244371414,0,0
18,LEFT_ANKLE,0.6283873319625854,0.8452277779579163,0.16209779679775238,0,0
18,RIGHT_ANKLE,0.5628634691238403,0.8679431676864624,-0.046233151108026505,0,0
18,LEFT_HEEL,0.6221587061882019,0.8582847714424133,0.170374795794487,0,0
18,RIGHT_HEEL,0.560110330581665,0.8832783102989197,-0.04521750658750534,0,0
18,LEFT_FOOT_INDEX,0.6476030349731445,0.8775955438613892,0.10674700140953064,0,0
18,RIGHT_FOOT_INDEX,0.5723002552986145,0.89972323179245,-0.13250133395195007,0,0
19,NOSE,0.6029731035232544,0.5310877561569214,-0.3371523320674896,0,0
19,LEFT_EYE_INNER,0.6047622561454773,0.5207560658454895,-0.3284807503223419,0,0
19,LEFT_EYE,0.6061881184577942,0.5203015804290771,-0.3284936547279358,0,0
19,LEFT_EYE_OUTER,0.6075200438499451,0.5197850465774536,-0.3285597264766693,0,0
19,RIGHT_EYE_INNER,0.5997158288955688,0.5203955173492432,-0.33188143372535706,0,0
19,RIGHT_EYE,0.5973948240280151,0.5198124647140503,-0.3319343626499176,0,0
19,RIGHT_EYE_OUTER,0.5948861241340637,0.5193033218383789,-0.3318943679332733,0,0
19,LEFT_EAR,0.6078068614006042,0.5186352729797363,-0.25032564997673035,0,0
19,RIGHT_EAR,0.5886453986167908,0.5193163156509399,-0.2665117681026459,0,0
19,MOUTH_LEFT,0.6045530438423157,0.5399495363235474,-0.3059082329273224,0,0
19,MOUTH_RIGHT,0.5985600352287292,0.5402301549911499,-0.31056779623031616,0,0
19,LEFT_SHOULDER,0.6227853298187256,0.5569616556167603,-0.18121036887168884,0,0
19,RIGHT_SHOULDER,0.5695478916168213,0.5663087964057922,-0.18960870802402496,0,0
19,LEFT_ELBOW,0.6594054698944092,0.5862581133842468,-0.1877436637878418,0,0
19,RIGHT_ELBOW,0.5438653230667114,0.6060023307800293,-0.17522288858890533,0,0
19,LEFT_WRIST,0.6763289570808411,0.6412950158119202,-0.2747878432273865,0,0
19,RIGHT_WRIST,0.5131283402442932,0.6421036124229431,-0.23076780140399933,0,0
19,LEFT_PINKY,0.6810983419418335,0.6630947589874268,-0.2991217374801636,0,0
19,RIGHT_PINKY,0.5049494504928589,0.6475616097450256,-0.2482246458530426,0,0
19,LEFT_INDEX,0.6768693327903748,0.6638972759246826,-0.3166831433773041,0,0
19,RIGHT_INDEX,0.5046141743659973,0.6467337012290955,-0.27603858709335327,0,0
19,LEFT_THUMB,0.6747833490371704,0.657491147518158,-0.2841281294822693,0,0
19,RIGHT_THUMB,0.5071796178817749,0.6455336809158325,-0.2434733361005783,0,0
19,LEFT_HIP,0.6142656803131104,0.6734714508056641,0.012428494170308113,0,0
19,RIGHT_HIP,0.5836055874824524,0.6770159006118774,-0.012433274649083614,0,0
19,LEFT_KNEE,0.6339386701583862,0.758009672164917,0.0029792445711791515,0,0
19,RIGHT_KNEE,0.5739571452140808,0.7696546912193298,-0.08668946474790573,0,0
19,LEFT_ANKLE,0.6325814723968506,0.8375599980354309,0.14557550847530365,0,0
19,RIGHT_ANKLE,0.5627574324607849,0.8683172464370728,-0.015955064445734024,0,0
19,LEFT_HEEL,0.6258155703544617,0.847931444644928,0.1546955406665802,0,0
19,RIGHT_HEEL,0.559654176235199,0.8832433223724365,-0.013282179832458496,0,0
19,LEFT_FOOT_INDEX,0.6492117643356323,0.8772303462028503,0.0931224450469017,0,0
19,RIGHT_FOOT_INDEX,0.5724794864654541,0.901792585849762,-0.09800036251544952,0,0
20,NOSE,0.604739248752594,0.5346082448959351,-0.3200910985469818,0,0
20,LEFT_EYE_INNER,0.6061276793479919,0.5241467356681824,-0.30995768308639526,0,0
20,LEFT_EYE,0.6076236367225647,0.5234171152114868,-0.30996832251548767,0,0
20,LEFT_EYE_OUTER,0.6089988946914673,0.522457480430603,-0.3100055158138275,0,0
20,RIGHT_EYE_INNER,0.600695013999939,0.5248463749885559,-0.3141588568687439,0,0
20,RIGHT_EYE,0.5982115864753723,0.5246096849441528,-0.31421253085136414,0,0
20,RIGHT_EYE_OUTER,0.5953943729400635,0.5242660045623779,-0.3141830265522003,0,0
20,LEFT_EAR,0.6095344424247742,0.5203940272331238,-0.22226402163505554,0,0
20,RIGHT_EAR,0.5888394713401794,0.5254965424537659,-0.2403578907251358,0,0
20,MOUTH_LEFT,0.6060280203819275,0.5430574417114258,-0.28447213768959045,0,0
20,MOUTH_RIGHT,0.600989043712616,0.5444789528846741,-0.289747416973114,0,0
20,LEFT_SHOULDER,0.6256415247917175,0.5550461411476135,-0.13301663100719452,0,0
20,RIGHT_SHOULDER,0.5723717212677002,0.5780619978904724,-0.16806143522262573,0,0
20,LEFT_ELBOW,0.6549450755119324,0.5842406153678894,-0.12457775324583054,0,0
20,RIGHT_ELBOW,0.5503943562507629,0.6332958936691284,-0.1554252803325653,0,0
20,LEFT_WRIST,0.6637479066848755,0.6369534730911255,-0.22075101733207703,0,0
20,RIGHT_WRIST,0.5263707637786865,0.6791826486587524,-0.20822253823280334,0,0
20,LEFT_PINKY,0.6659846901893616,0.6560307145118713,-0.24179579317569733,0,0
20,RIGHT_PINKY,0.5176973342895508,0.6898013353347778,-0.2239973545074463,0,0
20,LEFT_INDEX,0.6614333391189575,0.6558777689933777,-0.26156261563301086,0,0
20,RIGHT_INDEX,0.5176106095314026,0.6901183128356934,-0.2499128133058548,0,0
20,LEFT_THUMB,0.6595832109451294,0.6499485969543457,-0.23084361851215363,0,0
20,RIGHT_THUMB,0.5203473567962646,0.6885150671005249,-0.21892260015010834,0,0
20,LEFT_HIP,0.614241898059845,0.6705273985862732,0.01870439201593399,0,0
20,RIGHT_HIP,0.5837408900260925,0.6764322519302368,-0.018757926300168037,0,0
20,LEFT_KNEE,0.6360329389572144,0.7470904588699341,-0.07479921728372574,0,0
20,RIGHT_KNEE,0.5744333267211914,0.7696670293807983,-0.09557022154331207,0,0
20,LEFT_ANKLE,0.6409622430801392,0.8365533947944641,0.03174182027578354,0,0
20,RIGHT_ANKLE,0.5621448159217834,0.8698272705078125,-0.024565335363149643,0,0
20,LEFT_HEEL,0.6334570646286011,0.8479658365249634,0.03864801675081253,0,0
20,RIGHT_HEEL,0.5586236119270325,0.8840505480766296,-0.023921234533190727,0,0
20,LEFT_FOOT_INDEX,0.6579795479774475,0.8771497011184692,-0.029810035601258278,0,0
20,RIGHT_FOOT_INDEX,0.5727196335792542,0.9043800234794617,-0.10561040788888931,0,0
21,NOSE,0.6112401485443115,0.5343231558799744,-0.29450494050979614,0,0
21,LEFT_EYE_INNER,0.6116250157356262,0.5237649083137512,-0.2833588719367981,0,0
21,LEFT_EYE,0.6127917170524597,0.5227445363998413,-0.2833718955516815,0,0
21,LEFT_EYE_OUTER,0.6139373779296875,0.5215318202972412,-0.28340986371040344,0,0
21,RIGHT_EYE_INNER,0.6065407395362854,0.5253406167030334,-0.29077082872390747,0,0
21,RIGHT_EYE,0.6040438413619995,0.525549054145813,-0.29082176089286804,0,0
21,RIGHT_EYE_OUTER,0.6014587879180908,0.5255001783370972,-0.2908436954021454,0,0
21,LEFT_EAR,0.6136417984962463,0.5186628699302673,-0.1965469866991043,0,0
21,RIGHT_EAR,0.5953177809715271,0.5263487100601196,-0.22985291481018066,0,0
21,MOUTH_LEFT,0.6128681302070618,0.5417430996894836,-0.25943273305892944,0,0
21,MOUTH_RIGHT,0.6073811054229736,0.5440865159034729,-0.2691520154476166,0,0
21,LEFT_SHOULDER,0.625820517539978,0.5466400384902954,-0.08524437993764877,0,0
21,RIGHT_SHOULDER,0.5829271674156189,0.5864856243133545,-0.18034705519676208,0,0
21,LEFT_ELBOW,0.6385260224342346,0.5795794129371643,0.028023753315210342,0,0
21,RIGHT_ELBOW,0.570361852645874,0.6692489385604858,-0.1838228404521942,0,0
21,LEFT_WRIST,0.6566075682640076,0.6354843974113464,0.052188318222761154,0,0
21,RIGHT_WRIST,0.55934739112854,0.7279227375984192,-0.21330203115940094,0,0
21,LEFT_PINKY,0.6651903390884399,0.6524355411529541,0.05756930261850357,0,0
21,RIGHT_PINKY,0.553202748298645,0.7453308701515198,-0.22887875139713287,0,0
21,LEFT_INDEX,0.6585908532142639,0.6504404544830322,0.0400543287396431,0,0
21,RIGHT_INDEX,0.554530918598175,0.7480416297912598,-0.25033530592918396,0,0
21,LEFT_THUMB,0.6592627167701721,0.6451039910316467,0.0471055768430233,0,0
21,RIGHT_THUMB,0.5579709410667419,0.7437108755111694,-0.2198675572872162,0,0
21,LEFT_HIP,0.6142779588699341,0.6698576807975769,0.03454066812992096,0,0
21,RIGHT_HIP,0.5873173475265503,0.6798205375671387,-0.03469318896532059,0,0
21,LEFT_KNEE,0.6378763318061829,0.7412137389183044,-0.056952763348817825,0,0
21,RIGHT_KNEE,0.5771511197090149,0.772003710269928,-0.11390090733766556,0,0
21,LEFT_ANKLE,0.6510137319564819,0.8347595930099487,0.027730349451303482,0,0
21,RIGHT_ANKLE,0.5611786246299744,0.8704168200492859,-0.047300755977630615,0,0
21,LEFT_HEEL,0.6446772217750549,0.8498682379722595,0.0327865332365036,0,0
21,RIGHT_HEEL,0.5562406182289124,0.8857890963554382,-0.04336453974246979,0,0
21,LEFT_FOOT_INDEX,0.67445969581604,0.8677364587783813,-0.02456706576049328,0,0
21,RIGHT_FOOT_INDEX,0.5731766819953918,0.9065845012664795,-0.12092392891645432,0,0
22,NOSE,0.6122556924819946,0.533593475818634,-0.2945215106010437,0,0
22,LEFT_EYE_INNER,0.6124378442764282,0.5230004191398621,-0.28312596678733826,0,0
22,LEFT_EYE,0.6136504411697388,0.5218734741210938,-0.2831310033798218,0,0
22,LEFT_EYE_OUTER,0.614879310131073,0.5205723643302917,-0.28316041827201843,0,0
22,RIGHT_EYE_INNER,0.6075016260147095,0.5249269604682922,-0.29038551449775696,0,0
22,RIGHT_EYE,0.6049401760101318,0.5252578258514404,-0.2904335856437683,0,0
22,RIGHT_EYE_OUTER,0.6023448705673218,0.5253509879112244,-0.29046738147735596,0,0
22,LEFT_EAR,0.6147197484970093,0.5176721215248108,-0.19602273404598236,0,0
22,RIGHT_EAR,0.5964565873146057,0.5268862247467041,-0.22850368916988373,0,0
22,MOUTH_LEFT,0.6141873002052307,0.5409442186355591,-0.25963321328163147,0,0
22,MOUTH_RIGHT,0.6087748408317566,0.5435393452644348,-0.26916736364364624,0,0
22,LEFT_SHOULDER,0.6259334683418274,0.5429209470748901,-0.08344963937997818,0,0
22,RIGHT_SHOULDER,0.5858784317970276,0.5867477059364319,-0.18461450934410095,0,0
22,LEFT_ELBOW,0.6357200145721436,0.5789992213249207,0.03007839433848858,0,0
22,RIGHT_ELBOW,0.5721184015274048,0.6698275208473206,-0.19985099136829376,0,0
22,LEFT_WRIST,0.6525202989578247,0.634842574596405,0.06075863540172577,0,0
22,RIGHT_WRIST,0.561217188835144,0.7312249541282654,-0.23603804409503937,0,0
22,LEFT_PINKY,0.6636261343955994,0.6507937908172607,0.06807012110948563,0,0
22,RIGHT_PINKY,0.555184006690979,0.747565507888794,-0.2497841864824295,0,0
22,LEFT_INDEX,0.6582730412483215,0.6478521823883057,0.050771236419677734,0,0
22,RIGHT_INDEX,0.5562078356742859,0.7495425939559937,-0.2687864303588867,0,0
22,LEFT_THUMB,0.6559537053108215,0.6427333354949951,0.05609188228845596,0,0
22,RIGHT_THUMB,0.5594367384910583,0.7458042502403259,-0.24256294965744019,0,0
22,LEFT_HIP,0.6140193939208984,0.6698861122131348,0.03486405313014984,0,0
22,RIGHT_HIP,0.588433027267456,0.6817837953567505,-0.03503551334142685,0,0
22,LEFT_KNEE,0.6384289860725403,0.7394956946372986,-0.08077686280012131,0,0
22,RIGHT_KNEE,0.5780202150344849,0.7741609811782837,-0.08905752748250961,0,0
22,LEFT_ANKLE,0.6520689129829407,0.8360989689826965,-0.021446654573082924,0,0
22,RIGHT_ANKLE,0.5608447194099426,0.8703020215034485,-0.012353679165244102,0,0
22,LEFT_HEEL,0.6462739706039429,0.8512338995933533,-0.018753807991743088,0,0
22,RIGHT_HEEL,0.5555633902549744,0.8856545686721802,-0.007492003496736288,0,0
22,LEFT_FOOT_INDEX,0.6763600707054138,0.8667699694633484,-0.08109733462333679,0,0
22,RIGHT_FOOT_INDEX,0.574077844619751,0.906682014465332,-0.08022696524858475,0,0
23,NOSE,0.6183305978775024,0.5313954949378967,-0.29511281847953796,0,0
23,LEFT_EYE_INNER,0.6169111728668213,0.5210447311401367,-0.28398382663726807,0,0
23,LEFT_EYE,0.6177804470062256,0.520136833190918,-0.28399571776390076,0,0
23,LEFT_EYE_OUTER,0.6186984777450562,0.5190845727920532,-0.2840234041213989,0,0
23,RIGHT_EYE_INNER,0.6126449108123779,0.5224868655204773,-0.29447704553604126,0,0
23,RIGHT_EYE,0.6102256178855896,0.522942066192627,-0.2945344150066376,0,0
23,RIGHT_EYE_OUTER,0.6077610850334167,0.5234391689300537,-0.2945774793624878,0,0
23,LEFT_EAR,0.616774320602417,0.5166377425193787,-0.20539569854736328,0,0
23,RIGHT_EAR,0.601539671421051,0.5263285636901855,-0.25272348523139954,0,0
23,MOUTH_LEFT,0.6199230551719666,0.5390579104423523,-0.26295262575149536,0,0
23,MOUTH_RIGHT,0.6150017380714417,0.5410239696502686,-0.276699036359787,0,0
23,LEFT_SHOULDER,0.6191409826278687,0.53923499584198,-0.08910743147134781,0,0
23,RIGHT_SHOULDER,0.5996124744415283,0.5915356874465942,-0.23320606350898743,0,0
23,LEFT_ELBOW,0.6266681551933289,0.5741433501243591,0.016561871394515038,0,0
23,RIGHT_ELBOW,0.6020278334617615,0.6732577085494995,-0.24682006239891052,0,0
23,LEFT_WRIST,0.6408104300498962,0.6246996521949768,0.06025725603103638,0,0
23,RIGHT_WRIST,0.6091018915176392,0.7473059892654419,-0.2574799656867981,0,0
23,LEFT_PINKY,0.6479912400245667,0.6375108957290649,0.06840973347425461,0,0
23,RIGHT_PINKY,0.6074535846710205,0.7677713632583618,-0.27492955327033997,0,0
23,LEFT_INDEX,0.6449626684188843,0.6370528340339661,0.05015372112393379,0,0
23,RIGHT_INDEX,0.6094272136688232,0.7676128149032593,-0.28831666707992554,0,0
23,LEFT_THUMB,0.6421701312065125,0.6338757276535034,0.05503954738378525,0,0
23,RIGHT_THUMB,0.6105767488479614,0.7609089016914368,-0.26214146614074707,0,0
23,LEFT_HIP,0.6127354502677917,0.6678650975227356,0.044210124760866165,0,0
23,RIGHT_HIP,0.5911484956741333,0.6827195882797241,-0.04426831379532814,0,0
23,LEFT_KNEE,0.6378086805343628,0.7292906045913696,-0.04987847059965134,0,0
23,RIGHT_KNEE,0.5831673741340637,0.7699756622314453,-0.10066830366849899,0,0
23,LEFT_ANKLE,0.6570723652839661,0.8270642757415771,-0.009531294927001,0,0
23,RIGHT_ANKLE,0.5612433552742004,0.8653889894485474,-0.04914052039384842,0,0
23,LEFT_HEEL,0.6533520221710205,0.8491547107696533,-0.008886364288628101,0,0
23,RIGHT_HEEL,0.5559850335121155,0.8792001008987427,-0.0466531366109848,0,0
23,LEFT_FOOT_INDEX,0.6880735754966736,0.8478975296020508,-0.05921073630452156,0,0
23,RIGHT_FOOT_INDEX,0.5730741620063782,0.9057179689407349,-0.10619398206472397,0,0
24,NOSE,0.6251249313354492,0.5296124219894409,-0.2586064040660858,0,0
24,LEFT_EYE_INNER,0.6230477690696716,0.5207507610321045,-0.24634452164173126,0,0
24,LEFT_EYE,0.6233494877815247,0.5197242498397827,-0.24636702239513397,0,0
24,LEFT_EYE_OUTER,0.623729407787323,0.5185374021530151,-0.24643252789974213,0,0
24,RIGHT_EYE_INNER,0.620576024055481,0.5216000080108643,-0.26361140608787537,0,0
24,RIGHT_EYE,0.6189187169075012,0.5215737819671631,-0.2636553943157196,0,0
24,RIGHT_EYE_OUTER,0.6172584295272827,0.5216947793960571,-0.26368796825408936,0,0
24,LEFT_EAR,0.6200388669967651,0.5160814523696899,-0.1797366738319397,0,0
24,RIGHT_EAR,0.6111383438110352,0.5238567590713501,-0.24011214077472687,0,0
24,MOUTH_LEFT,0.6251345872879028,0.5372629761695862,-0.23125939071178436,0,0
24,MOUTH_RIGHT,0.6222535967826843,0.5404564142227173,-0.25874224305152893,0,0
24,LEFT_SHOULDER,0.6121139526367188,0.5392998456954956,-0.06697434931993484,0,0
24,RIGHT_SHOULDER,0.6134421229362488,0.5867152810096741,-0.24069933593273163,0,0
24,LEFT_ELBOW,0.6125734448432922,0.5815615653991699,0.041243020445108414,0,0
24,RIGHT_ELBOW,0.6319450736045837,0.6629170775413513,-0.25987356901168823,0,0
24,LEFT_WRIST,0.6325970888137817,0.6125364899635315,0.09311265498399734,0,0
24,RIGHT_WRIST,0.6656872034072876,0.71612548828125,-0.261240154504776,0,0
24,LEFT_PINKY,0.6382941603660583,0.6146482229232788,0.10330613702535629,0,0
24,RIGHT_PINKY,0.6736171245574951,0.7301807403564453,-0.2828441560268402,0,0
24,LEFT_INDEX,0.6396560668945312,0.615598738193512,0.08514399081468582,0,0
24,RIGHT_INDEX,0.6764608025550842,0.7282969951629639,-0.2860361933708191,0,0
24,LEFT_THUMB,0.6373291611671448,0.6146659255027771,0.08704471588134766,0,0
24,RIGHT_THUMB,0.6738079190254211,0.7246910929679871,-0.26262691617012024,0,0
24,LEFT_HIP,0.6091275811195374,0.6651962399482727,0.04837791249155998,0,0
24,RIGHT_HIP,0.5968850255012512,0.68222576379776,-0.04849744588136673,0,0
24,LEFT_KNEE,0.6409911513328552,0.7317441701889038,0.011334598995745182,0,0
24,RIGHT_KNEE,0.5823075771331787,0.7697818279266357,-0.06433597952127457,0,0
24,LEFT_ANKLE,0.6589866280555725,0.8273702263832092,0.05219174921512604,0,0
24,RIGHT_ANKLE,0.5605173110961914,0.8656390905380249,-0.04335685074329376,0,0
24,LEFT_HEEL,0.654604971408844,0.8487495183944702,0.052592020481824875,0,0
24,RIGHT_HEEL,0.5532047152519226,0.8794960975646973,-0.04545469582080841,0,0
24,LEFT_FOOT_INDEX,0.6928669810295105,0.8200600147247314,0.02822427824139595,0,0
24,RIGHT_FOOT_INDEX,0.5743781328201294,0.9068230986595154,-0.09662669152021408,0,0
25,NOSE,0.6305582523345947,0.5222674608230591,-0.2745741009712219,0,0
25,LEFT_EYE_INNER,0.6277690529823303,0.5134531855583191,-0.26440197229385376,0,0
25,LEFT_EYE,0.627671480178833,0.5120657682418823,-0.2644149959087372,0,0
25,LEFT_EYE_OUTER,0.6276521682739258,0.5105173587799072,-0.26446855068206787,0,0
25,RIGHT_EYE_INNER,0.6264533400535583,0.5160815119743347,-0.28457435965538025,0,0
25,RIGHT_EYE,0.625347375869751,0.5169434547424316,-0.28464314341545105,0,0
25,RIGHT_EYE_OUTER,0.6242403388023376,0.5179710388183594,-0.28468766808509827,0,0
25,LEFT_EAR,0.6227080225944519,0.5128629803657532,-0.19707806408405304,0,0
25,RIGHT_EAR,0.618468165397644,0.5237724184989929,-0.27969199419021606,0,0
25,MOUTH_LEFT,0.6299404501914978,0.5283746123313904,-0.24673159420490265,0,0
25,MOUTH_RIGHT,0.6279503107070923,0.5327266454696655,-0.27300456166267395,0,0
25,LEFT_SHOULDER,0.6139010190963745,0.5352938771247864,-0.0805789902806282,0,0
25,RIGHT_SHOULDER,0.6173979640007019,0.5821328163146973,-0.2801704406738281,0,0
25,LEFT_ELBOW,0.6179307699203491,0.5868677496910095,0.012147055938839912,0,0
25,RIGHT_ELBOW,0.6481486558914185,0.6579128503799438,-0.3035050630569458,0,0
25,LEFT_WRIST,0.6278618574142456,0.6257292628288269,0.043885666877031326,0,0
25,RIGHT_WRIST,0.6939844489097595,0.6448968648910522,-0.3099983036518097,0,0
25,LEFT_PINKY,0.6287004947662354,0.6290913224220276,0.05152714625000954,0,0
25,RIGHT_PINKY,0.7061793208122253,0.6499640941619873,-0.33794957399368286,0,0
25,LEFT_INDEX,0.6311507821083069,0.6278430223464966,0.03152863681316376,0,0
25,RIGHT_INDEX,0.7077289819717407,0.6417710185050964,-0.3367348313331604,0,0
25,LEFT_THUMB,0.6312471032142639,0.627975583076477,0.03710567578673363,0,0
25,RIGHT_THUMB,0.703709602355957,0.6396750211715698,-0.30978915095329285,0,0
25,LEFT_HIP,0.6097734570503235,0.6633212566375732,0.055171504616737366,0,0
25,RIGHT_HIP,0.5977399349212646,0.6817000508308411,-0.055325284600257874,0,0
25,LEFT_KNEE,0.6445590257644653,0.726463258266449,0.07654433697462082,0,0
25,RIGHT_KNEE,0.5819212198257446,0.7696264386177063,-0.07519924640655518,0,0
25,LEFT_ANKLE,0.6556276082992554,0.8278192281723022,0.16928666830062866,0,0
25,RIGHT_ANKLE,0.560105562210083,0.86548912525177,-0.04232915863394737,0,0
25,LEFT_HEEL,0.6499819159507751,0.8491584658622742,0.17619961500167847,0,0
25,RIGHT_HEEL,0.5527686476707458,0.8796716928482056,-0.042697723954916,0,0
25,LEFT_FOOT_INDEX,0.6833082437515259,0.8369658589363098,0.1363551765680313,0,0
25,RIGHT_FOOT_INDEX,0.5747030973434448,0.9066195487976074,-0.10597287118434906,0,0
26,NOSE,0.6363764405250549,0.5205268263816833,-0.22926431894302368,0,0
26,LEFT_EYE_INNER,0.6341606378555298,0.5110625624656677,-0.21766765415668488,0,0
26,LEFT_EYE,0.6341193318367004,0.5094681978225708,-0.21769005060195923,0,0
26,LEFT_EYE_OUTER,0.6340972185134888,0.5076874494552612,-0.21773749589920044,0,0
26,RIGHT_EYE_INNER,0.632218599319458,0.5145072937011719,-0.23605257272720337,0,0
26,RIGHT_EYE,0.6307920217514038,0.5157361626625061,-0.23610782623291016,0,0
26,RIGHT_EYE_OUTER,0.629360556602478,0.517126202583313,-0.23614121973514557,0,0
26,LEFT_EAR,0.6282585859298706,0.5095714330673218,-0.14674735069274902,0,0
26,RIGHT_EAR,0.6233730316162109,0.5234196782112122,-0.25213444232940674,0,0
26,MOUTH_LEFT,0.6355614066123962,0.5259877443313599,-0.20029395818710327,0,0
26,MOUTH_RIGHT,0.6332171559333801,0.5304178595542908,-0.22485212981700897,0,0
26,LEFT_SHOULDER,0.6166206002235413,0.536365270614624,-0.037571098655462265,0,0
26,RIGHT_SHOULDER,0.6206737756729126,0.5792558789253235,-0.23251435160636902,0,0
26,LEFT_ELBOW,0.6217223405838013,0.5896161198616028,0.05787370726466179,0,0
26,RIGHT_ELBOW,0.6596589684486389,0.6125897169113159,-0.25573810935020447,0,0
26,LEFT_WRIST,0.632401704788208,0.624701976776123,0.07750111073255539,0,0
26,RIGHT_WRIST,0.6967421770095825,0.5811841487884521,-0.27427011728286743,0,0
26,LEFT_PINKY,0.6340867280960083,0.6300028562545776,0.08312221616506577,0,0
26,RIGHT_PINKY,0.7076699733734131,0.5808030962944031,-0.29296717047691345,0,0
26,LEFT_INDEX,0.6336660385131836,0.6270993947982788,0.0643228068947792,0,0
26,RIGHT_INDEX,0.7078254818916321,0.5734487771987915,-0.29629892110824585,0,0
26,LEFT_THUMB,0.6328971982002258,0.6259015202522278,0.07022186368703842,0,0
26,RIGHT_THUMB,0.7036876678466797,0.5735062956809998,-0.29107508063316345,0,0
26,LEFT_HIP,0.6138726472854614,0.664149820804596,0.05451901629567146,0,0
26,RIGHT_HIP,0.5999009013175964,0.6816236972808838,-0.054663002490997314,0,0
26,LEFT_KNEE,0.6472436189651489,0.7299625277519226,0.05980239808559418,0,0
26,RIGHT_KNEE,0.5863219499588013,0.768294095993042,-0.08400885760784149,0,0
26,LEFT_ANKLE,0.6525571942329407,0.8289542198181152,0.14200307428836823,0,0
26,RIGHT_ANKLE,0.5601552724838257,0.8641381859779358,-0.06791069358587265,0,0
26,LEFT_HEEL,0.6463548541069031,0.8507122993469238,0.1478903740644455,0,0
26,RIGHT_HEEL,0.5520707964897156,0.8781442642211914,-0.06879696995019913,0,0
26,LEFT_FOOT_INDEX,0.678748369216919,0.8610392212867737,0.11121667176485062,0,0
26,RIGHT_FOOT_INDEX,0.5748598575592041,0.9063671827316284,-0.13478347659111023,0,0
27,NOSE,0.6363216042518616,0.5190871357917786,-0.23245932161808014,0,0
27,LEFT_EYE_INNER,0.6346683502197266,0.5092380046844482,-0.21897292137145996,0,0
27,LEFT_EYE,0.6347628235816956,0.5077762603759766,-0.21897833049297333,0,0
27,LEFT_EYE_OUTER,0.6349095702171326,0.506169319152832,-0.21900932490825653,0,0
27,RIGHT_EYE_INNER,0.6325963139533997,0.5125665068626404,-0.23596665263175964,0,0
27,RIGHT_EYE,0.6311825513839722,0.5138090252876282,-0.23603098094463348,0,0
27,RIGHT_EYE_OUTER,0.6297401189804077,0.5152269005775452,-0.23606190085411072,0,0
27,LEFT_EAR,0.6293787360191345,0.5083606243133545,-0.1433413177728653,0,0
27,RIGHT_EAR,0.6239532828330994,0.5216959714889526,-0.23191919922828674,0,0
27,MOUTH_LEFT,0.6356143355369568,0.5250303149223328,-0.20236161351203918,0,0
27,MOUTH_RIGHT,0.6330856084823608,0.5287857055664062,-0.22500206530094147,0,0
27,LEFT_SHOULDER,0.6173651218414307,0.5338701605796814,-0.03887466341257095,0,0
27,RIGHT_SHOULDER,0.6202036738395691,0.5734548568725586,-0.23023781180381775,0,0
27,LEFT_ELBOW,0.6153324246406555,0.59175705909729,0.045272864401340485,0,0
27,RIGHT_ELBOW,0.6589022874832153,0.6036386489868164,-0.259528249502182,0,0
27,LEFT_WRIST,0.6188538670539856,0.6379382014274597,0.06171594560146332,0,0
27,RIGHT_WRIST,0.6969591379165649,0.5763633847236633,-0.26018741726875305,0,0
27,LEFT_PINKY,0.6181678175926208,0.6505627036094666,0.06590075045824051,0,0
27,RIGHT_PINKY,0.7077951431274414,0.5768022537231445,-0.2802587151527405,0,0
27,LEFT_INDEX,0.6181627511978149,0.6447377800941467,0.050565917044878006,0,0
27,RIGHT_INDEX,0.7085973024368286,0.5683644413948059,-0.2805003523826599,0,0
27,LEFT_THUMB,0.6189272999763489,0.6409180760383606,0.05584320053458214,0,0
27,RIGHT_THUMB,0.7044166326522827,0.5691851377487183,-0.2830699682235718,0,0
27,LEFT_HIP,0.6158535480499268,0.6644521355628967,0.05352487787604332,0,0
27,RIGHT_HIP,0.6002006530761719,0.6813426613807678,-0.053680166602134705,0,0
27,LEFT_KNEE,0.6481521725654602,0.7312713861465454,0.038343969732522964,0,0
27,RIGHT_KNEE,0.5872646570205688,0.7674194574356079,-0.09500227868556976,0,0
27,LEFT_ANKLE,0.6515454649925232,0.8319168090820312,0.11562191694974899,0,0
27,RIGHT_ANKLE,0.5602230429649353,0.8629668951034546,-0.0854000374674797,0,0
27,LEFT_HEEL,0.6448197960853577,0.852705180644989,0.12446938455104828,0,0
27,RIGHT_HEEL,0.5518923997879028,0.8771014213562012,-0.08738663047552109,0,0
27,LEFT_FOOT_INDEX,0.6774186491966248,0.8689417243003845,0.07304491847753525,0,0
27,RIGHT_FOOT_INDEX,0.5753783583641052,0.9062485694885254,-0.152354434132576,0,0
28,NOSE,0.6405449509620667,0.5134478211402893,-0.07329365611076355,0,0
28,LEFT_EYE_INNER,0.6390449404716492,0.5033771991729736,-0.06710536032915115,0,0
28,LEFT_EYE,0.6389005780220032,0.5021257400512695,-0.06711818277835846,0,0
28,LEFT_EYE_OUTER,0.6387396454811096,0.5007705092430115,-0.06713754683732986,0,0
28,RIGHT_EYE_INNER,0.6381087899208069,0.505443274974823,-0.08330706506967545,0,0
28,RIGHT_EYE,0.6373174786567688,0.505888044834137,-0.08333900570869446,0,0
28,RIGHT_EYE_OUTER,0.636475145816803,0.5064321160316467,-0.08340480923652649,0,0
28,LEFT_EAR,0.6335419416427612,0.5022051930427551,-0.02537299320101738,0,0
28,RIGHT_EAR,0.6313716173171997,0.5107265114784241,-0.09838003665208817,0,0
28,MOUTH_LEFT,0.6390970945358276,0.5194462537765503,-0.055011384189128876,0,0
28,MOUTH_RIGHT,0.6376446485519409,0.5219734311103821,-0.07647858560085297,0,0
28,LEFT_SHOULDER,0.615207850933075,0.5296054482460022,0.05144287645816803,0,0
28,RIGHT_SHOULDER,0.6300696730613708,0.5569524765014648,-0.13282938301563263,0,0
28,LEFT_ELBOW,0.6043521165847778,0.5439243316650391,0.2053460329771042,0,0
28,RIGHT_ELBOW,0.6675184965133667,0.5775893926620483,-0.15791009366512299,0,0
28,LEFT_WRIST,0.6057211756706238,0.5388463735580444,0.3431941270828247,0,0
28,RIGHT_WRIST,0.6954328417778015,0.5398939251899719,-0.14412012696266174,0,0
28,LEFT_PINKY,0.6058710813522339,0.536579430103302,0.3678300678730011,0,0
28,RIGHT_PINKY,0.7036333084106445,0.5345760583877563,-0.15875495970249176,0,0
28,LEFT_INDEX,0.6079145073890686,0.5347744822502136,0.3563683331012726,0,0
28,RIGHT_INDEX,0.702093243598938,0.527158796787262,-0.15999488532543182,0,0
28,LEFT_THUMB,0.6090883612632751,0.5360079407691956,0.3420807123184204,0,0
28,RIGHT_THUMB,0.6991631984710693,0.5291424989700317,-0.1441066563129425,0,0
28,LEFT_HIP,0.6206162571907043,0.6702877283096313,0.054833848029375076,0,0
28,RIGHT_HIP,0.6077159643173218,0.6815804243087769,-0.054995108395814896,0,0
28,LEFT_KNEE,0.6471495032310486,0.742757260799408,0.09177713841199875,0,0
28,RIGHT_KNEE,0.5933941006660461,0.7681004405021667,-0.07673116028308868,0,0
28,LEFT_ANKLE,0.6508135199546814,0.8444684147834778,0.1753460019826889,0,0
28,RIGHT_ANKLE,0.5607463717460632,0.8607271909713745,-0.06780881434679031,0,0
28,LEFT_HEEL,0.6437265276908875,0.8626723289489746,0.1819145679473877,0,0
28,RIGHT_HEEL,0.5519195795059204,0.8748065233230591,-0.0683513656258583,0,0
28,LEFT_FOOT_INDEX,0.6732706427574158,0.8803917765617371,0.15957899391651154,0,0
28,RIGHT_FOOT_INDEX,0.5753889083862305,0.9061163663864136,-0.10153991729021072,0,0
29,NOSE,0.6468935012817383,0.5078279972076416,0.002087717643007636,0,0
29,LEFT_EYE_INNER,0.6444420218467712,0.4976958632469177,0.0039019170217216015,0,0
29,LEFT_EYE,0.6435016393661499,0.49670490622520447,0.00389142706990242,0,0
29,LEFT_EYE_OUTER,0.6424594521522522,0.49558326601982117,0.003891240106895566,0,0
29,RIGHT_EYE_INNER,0.6453322172164917,0.49885186553001404,-0.012329816818237305,0,0
29,RIGHT_EYE,0.6451433897018433,0.4989222288131714,-0.01235985103994608,0,0
29,RIGHT_EYE_OUTER,0.6449028849601746,0.4990205466747284,-0.012412643991410732,0,0
29,LEFT_EAR,0.6358432173728943,0.4972490668296814,0.023002294823527336,0,0
29,RIGHT_EAR,0.6399075388908386,0.5020990371704102,-0.04940761625766754,0,0
29,MOUTH_LEFT,0.6442511677742004,0.5144277215003967,0.012288674712181091,0,0
29,MOUTH_RIGHT,0.6447670459747314,0.5159245133399963,-0.00900939293205738,0,0
29,LEFT_SHOULDER,0.6144882440567017,0.5299409627914429,0.07657063007354736,0,0
29,RIGHT_SHOULDER,0.6410787105560303,0.5505954623222351,-0.0949966162443161,0,0
29,LEFT_ELBOW,0.6043971180915833,0.5442566871643066,0.1972123086452484,0,0
29,RIGHT_ELBOW,0.6769435405731201,0.5671141743659973,-0.07237376272678375,0,0
29,LEFT_WRIST,0.6112540364265442,0.5381457805633545,0.29282674193382263,0,0
29,RIGHT_WRIST,0.6862622499465942,0.5226399898529053,0.021256137639284134,0,0
29,LEFT_PINKY,0.6126722693443298,0.5364323854446411,0.31154415011405945,0,0
29,RIGHT_PINKY,0.6903244256973267,0.5119044184684753,0.02102930098772049,0,0
29,LEFT_INDEX,0.6148748397827148,0.5353168249130249,0.3010180592536926,0,0
29,RIGHT_INDEX,0.6864456534385681,0.5049461722373962,0.018332188948988914,0,0
29,LEFT_THUMB,0.6155717372894287,0.5367524027824402,0.2904387414455414,0,0
29,RIGHT_THUMB,0.6836861371994019,0.5091498494148254,0.023570511490106583,0,0
29,LEFT_HIP,0.6243295073509216,0.6781954765319824,0.05755135044455528,0,0
29,RIGHT_HIP,0.618206262588501,0.6871200799942017,-0.0577174574136734,0,0
29,LEFT_KNEE,0.6467843651771545,0.7536737322807312,0.10801654309034348,0,0
29,RIGHT_KNEE,0.6012790203094482,0.7719454169273376,-0.07124965637922287,0,0
29,LEFT_ANKLE,0.6493456363677979,0.8528867363929749,0.1790231317281723,0,0
29,RIGHT_ANKLE,0.5614473223686218,0.85905522108078,-0.06158900633454323,0,0
29,LEFT_HEEL,0.6423959732055664,0.8714083433151245,0.1846431940793991,0,0
29,RIGHT_HEEL,0.5509656071662903,0.8704031109809875,-0.061709173023700714,0,0
29,LEFT_FOOT_INDEX,0.6703130602836609,0.8817533254623413,0.17322847247123718,0,0
29,RIGHT_FOOT_INDEX,0.5753163695335388,0.9061620235443115,-0.0963839739561081,0,0
30,NOSE,0.6502991318702698,0.5028647780418396,0.029276035726070404,0,0
30,LEFT_EYE_INNER,0.6478369235992432,0.49268200993537903,0.029123548418283463,0,0
30,LEFT_EYE,0.6469087600708008,0.49197840690612793,0.02911684848368168,0,0
30,LEFT_EYE_OUTER,0.6458389759063721,0.491230309009552,0.02911137230694294,0,0
30,RIGHT_EYE_INNER,0.6487836837768555,0.4935125410556793,0.01420345064252615,0,0
30,RIGHT_EYE,0.6486291289329529,0.49348336458206177,0.014173043891787529,0,0
30,RIGHT_EYE_OUTER,0.6484401822090149,0.4934881627559662,0.0141209801658988,0,0
30,LEFT_EAR,0.6385775804519653,0.4934559464454651,0.036918919533491135,0,0
30,RIGHT_EAR,0.643393874168396,0.49667951464653015,-0.030709441751241684,0,0
30,MOUTH_LEFT,0.6477267742156982,0.5101512670516968,0.034726858139038086,0,0
30,MOUTH_RIGHT,0.6484396457672119,0.510833203792572,0.01491471566259861,0,0
30,LEFT_SHOULDER,0.6153075695037842,0.5295384526252747,0.08010153472423553,0,0
30,RIGHT_SHOULDER,0.6475958228111267,0.5435441732406616,-0.08032889664173126,0,0
30,LEFT_ELBOW,0.6113183498382568,0.5537663102149963,0.1692623347043991,0,0
30,RIGHT_ELBOW,0.6782001256942749,0.5696222186088562,-0.05693747103214264,0,0
30,LEFT_WRIST,0.6207744479179382,0.5260269641876221,0.2346905618906021,0,0
30,RIGHT_WRIST,0.679276168346405,0.5343412160873413,0.04336382448673248,0,0
30,LEFT_PINKY,0.6242944002151489,0.5192622542381287,0.24719296395778656,0,0
30,RIGHT_PINKY,0.6810058355331421,0.5239495635032654,0.04709853231906891,0,0
30,LEFT_INDEX,0.6287654638290405,0.5172873735427856,0.24183465540409088,0,0
30,RIGHT_INDEX,0.6768423914909363,0.5196696519851685,0.0432085320353508,0,0
30,LEFT_THUMB,0.629220187664032,0.5202736258506775,0.23324252665042877,0,0
30,RIGHT_THUMB,0.6752951741218567,0.5228909850120544,0.04524831473827362,0,0
30,LEFT_HIP,0.6264329552650452,0.6782866716384888,0.057931456714868546,0,0
30,RIGHT_HIP,0.62777179479599,0.6879247426986694,-0.058057114481925964,0,0
30,LEFT_KNEE,0.6488305926322937,0.757233202457428,0.09617336094379425,0,0
30,RIGHT_KNEE,0.6112580895423889,0.7791159749031067,-0.07972948998212814,0,0
30,LEFT_ANKLE,0.6480556130409241,0.8573492765426636,0.15414637327194214,0,0
30,RIGHT_ANKLE,0.5632607340812683,0.8590573072433472,-0.09574894607067108,0,0
30,LEFT_HEEL,0.6408599615097046,0.8765785098075867,0.1584143489599228,0,0
30,RIGHT_HEEL,0.5512483716011047,0.8665918707847595,-0.09744413197040558,0,0
30,LEFT_FOOT_INDEX,0.6701422333717346,0.8832018375396729,0.14660054445266724,0,0
30,RIGHT_FOOT_INDEX,0.576455295085907,0.9068883657455444,-0.12548507750034332,0,0
31,NOSE,0.6549117565155029,0.49967294931411743,0.03115289844572544,0,0
31,LEFT_EYE_INNER,0.6518885493278503,0.4903145730495453,0.031683433800935745,0,0
31,LEFT_EYE,0.6509848833084106,0.4898441433906555,0.0316682904958725,0,0
31,LEFT_EYE_OUTER,0.6499230861663818,0.48935309052467346,0.03166896104812622,0,0
31,RIGHT_EYE_INNER,0.6524485945701599,0.49079087376594543,0.015033463947474957,0,0
31,RIGHT_EYE,0.6520704030990601,0.49069321155548096,0.01499263010919094,0,0
31,RIGHT_EYE_OUTER,0.6516322493553162,0.4906036853790283,0.014946498908102512,0,0
31,LEFT_EAR,0.6424020528793335,0.4922505021095276,0.04072051867842674,0,0
31,RIGHT_EAR,0.6459866166114807,0.4939131438732147,-0.034814540296792984,0,0
31,MOUTH_LEFT,0.6523851156234741,0.5076574087142944,0.03680550679564476,0,0
31,MOUTH_RIGHT,0.652654767036438,0.5079747438430786,0.014711792580783367,0,0
31,LEFT_SHOULDER,0.6187204122543335,0.5300977826118469,0.08430071920156479,0,0
31,RIGHT_SHOULDER,0.6486183404922485,0.5385280847549438,-0.0849168673157692,0,0
31,LEFT_ELBOW,0.63309246301651,0.5636309385299683,0.14809569716453552,0,0
31,RIGHT_ELBOW,0.6766155958175659,0.5700848698616028,-0.049298547208309174,0,0
31,LEFT_WRIST,0.6510823369026184,0.5503889322280884,0.18324784934520721,0,0
31,RIGHT_WRIST,0.6671621799468994,0.5406204462051392,0.0908459722995758,0,0
31,LEFT_PINKY,0.6567850708961487,0.5392605662345886,0.191867396235466,0,0
31,RIGHT_PINKY,0.6678682565689087,0.5326457619667053,0.10135932266712189,0,0
31,LEFT_INDEX,0.656116783618927,0.5429133772850037,0.18827612698078156,0,0
31,RIGHT_INDEX,0.6648684144020081,0.5312942862510681,0.09754938632249832,0,0
31,LEFT_THUMB,0.6554058790206909,0.5449028015136719,0.18131767213344574,0,0
31,RIGHT_THUMB,0.6640130281448364,0.5317633152008057,0.0936155840754509,0,0
31,LEFT_HIP,0.6271937489509583,0.680655300617218,0.05885099992156029,0,0
31,RIGHT_HIP,0.6327793002128601,0.6909836530685425,-0.05893763527274132,0,0
31,LEFT_KNEE,0.6507898569107056,0.7593943476676941,0.09987900406122208,0,0
31,RIGHT_KNEE,0.6209390163421631,0.7846840620040894,-0.08170817047357559,0,0
31,LEFT_ANKLE,0.6479062438011169,0.8599035739898682,0.15343014895915985,0,0
31,RIGHT_ANKLE,0.5664659142494202,0.8582500219345093,-0.08482756465673447,0,0
31,LEFT_HEEL,0.6406760811805725,0.8791518211364746,0.1568518579006195,0,0
31,RIGHT_HEEL,0.5546634793281555,0.8634157776832581,-0.08527987450361252,0,0
31,LEFT_FOOT_INDEX,0.6700699925422668,0.8838931322097778,0.14406080543994904,0,0
31,RIGHT_FOOT_INDEX,0.579861581325531,0.9074806571006775,-0.11946434527635574,0,0
32,NOSE,0.6608378887176514,0.49556487798690796,0.032937370240688324,0,0
32,LEFT_EYE_INNER,0.6579506993293762,0.48611778020858765,0.03343835845589638,0,0
32,LEFT_EYE,0.657118558883667,0.48575565218925476,0.03341110423207283,0,0
32,LEFT_EYE_OUTER,0.65619295835495,0.4853818118572235,0.03340309113264084,0,0
32,RIGHT_EYE_INNER,0.6583669185638428,0.4863106608390808,0.016375135630369186,0,0
32,RIGHT_EYE,0.6578587293624878,0.48613429069519043,0.016320431604981422,0,0
32,RIGHT_EYE_OUTER,0.6572290062904358,0.485954612493515,0.016268009319901466,0,0
32,LEFT_EAR,0.6481397747993469,0.48874545097351074,0.040072858333587646,0,0
32,RIGHT_EAR,0.6515014171600342,0.4889732003211975,-0.03708670288324356,0,0
32,MOUTH_LEFT,0.6581850647926331,0.5041235685348511,0.03743432089686394,0,0
32,MOUTH_RIGHT,0.6584075093269348,0.5043278336524963,0.015004989691078663,0,0
32,LEFT_SHOULDER,0.6239755153656006,0.5306369662284851,0.08024271577596664,0,0
32,RIGHT_SHOULDER,0.6556044220924377,0.5353472232818604,-0.09356553107500076,0,0
32,LEFT_ELBOW,0.6378583908081055,0.5838611721992493,0.13127943873405457,0,0
32,RIGHT_ELBOW,0.6742534637451172,0.5778945684432983,-0.061086226254701614,0,0
32,LEFT_WRIST,0.6630380153656006,0.5930971503257751,0.15199066698551178,0,0
32,RIGHT_WRIST,0.667022705078125,0.5601745843887329,0.07651836425065994,0,0
32,LEFT_PINKY,0.6705318689346313,0.6027117967605591,0.15835760533809662,0,0
32,RIGHT_PINKY,0.6731607913970947,0.5563159584999084,0.08579672127962112,0,0
32,LEFT_INDEX,0.6704517602920532,0.5983521342277527,0.15003268420696259,0,0
32,RIGHT_INDEX,0.669468879699707,0.5542954206466675,0.08238067477941513,0,0
32,LEFT_THUMB,0.668476402759552,0.596543550491333,0.14771465957164764,0,0
32,RIGHT_THUMB,0.6675337553024292,0.5543391108512878,0.07898297160863876,0,0
32,LEFT_HIP,0.628307580947876,0.6801319122314453,0.05913377180695534,0,0
32,RIGHT_HIP,0.6357909440994263,0.6903659105300903,-0.05917896702885628,0,0
32,LEFT_KNEE,0.6525171399116516,0.7597225904464722,0.08929979056119919,0,0
32,RIGHT_KNEE,0.6293370723724365,0.7836644053459167,-0.07637166976928711,0,0
32,LEFT_ANKLE,0.6478893160820007,0.8603108525276184,0.14608897268772125,0,0
32,RIGHT_ANKLE,0.5718715786933899,0.8561378717422485,-0.06420918554067612,0,0
32,LEFT_HEEL,0.640505850315094,0.8787597417831421,0.1507415771484375,0,0
32,RIGHT_HEEL,0.5609659552574158,0.8588608503341675,-0.062404241412878036,0,0
32,LEFT_FOOT_INDEX,0.6700783967971802,0.8851772546768188,0.12471384555101395,0,0
32,RIGHT_FOOT_INDEX,0.585204541683197,0.9074480533599854,-0.08400748670101166,0,0
33,NOSE,0.6609722375869751,0.4950658679008484,0.026187289506196976,0,0
33,LEFT_EYE_INNER,0.6583366990089417,0.48512381315231323,0.02719760499894619,0,0
33,LEFT_EYE,0.657471239566803,0.4847750663757324,0.027164706960320473,0,0
33,LEFT_EYE_OUTER,0.6564976572990417,0.48443150520324707,0.027153726667165756,0,0
33,RIGHT_EYE_INNER,0.6587789058685303,0.48520427942276,0.00935377273708582,0,0
33,RIGHT_EYE,0.6583335399627686,0.48494845628738403,0.009299324825406075,0,0
33,RIGHT_EYE_OUTER,0.6577951908111572,0.48468679189682007,0.009244803339242935,0,0
33,LEFT_EAR,0.6488057374954224,0.4876924157142639,0.036251250654459,0,0
33,RIGHT_EAR,0.6519656777381897,0.4874858260154724,-0.044227685779333115,0,0
33,MOUTH_LEFT,0.6583754420280457,0.5037591457366943,0.0316745899617672,0,0
33,MOUTH_RIGHT,0.658615231513977,0.5038474202156067,0.008280559442937374,0,0
33,LEFT_SHOULDER,0.6255837678909302,0.5312644839286804,0.07967893779277802,0,0
33,RIGHT_SHOULDER,0.6571857333183289,0.5354306697845459,-0.10000128298997879,0,0
33,LEFT_ELBOW,0.6404922604560852,0.5864930152893066,0.13018791377544403,0,0
33,RIGHT_ELBOW,0.6730796694755554,0.5795277953147888,-0.07074497640132904,0,0
33,LEFT_WRIST,0.6632125377655029,0.5927523374557495,0.14464402198791504,0,0
33,RIGHT_WRIST,0.6746532320976257,0.5667406320571899,0.06326243281364441,0,0
33,LEFT_PINKY,0.6704399585723877,0.6041976809501648,0.15008139610290527,0,0
33,RIGHT_PINKY,0.676577627658844,0.562380313873291,0.07073008269071579,0,0
33,LEFT_INDEX,0.6693203449249268,0.5967784523963928,0.14098452031612396,0,0
33,RIGHT_INDEX,0.6728830933570862,0.5566434264183044,0.06806724518537521,0,0
33,LEFT_THUMB,0.6675575971603394,0.5958777666091919,0.13974584639072418,0,0
33,RIGHT_THUMB,0.6705856323242188,0.5588240623474121,0.06595491617918015,0,0
33,LEFT_HIP,0.6284433007240295,0.6794388890266418,0.0598810575902462,0,0
33,RIGHT_HIP,0.6365667581558228,0.6896615624427795,-0.05991042032837868,0,0
33,LEFT_KNEE,0.6523249745368958,0.7599775195121765,0.09437096863985062,0,0
33,RIGHT_KNEE,0.6295052766799927,0.7842004299163818,-0.07006558775901794,0,0
33,LEFT_ANKLE,0.6477458477020264,0.8607458472251892,0.142804816365242,0,0
33,RIGHT_ANKLE,0.5739924907684326,0.8553366661071777,-0.046285226941108704,0,0
33,LEFT_HEEL,0.6401946544647217,0.8785717487335205,0.14588221907615662,0,0
33,RIGHT_HEEL,0.5629152059555054,0.8573511838912964,-0.04402446746826172,0,0
33,LEFT_FOOT_INDEX,0.6703382730484009,0.8852062225341797,0.12908925116062164,0,0
33,RIGHT_FOOT_INDEX,0.5861212015151978,0.9060248136520386,-0.0691610798239708,0,0
34,NOSE,0.6649332642555237,0.49341610074043274,0.03238300606608391,0,0
34,LEFT_EYE_INNER,0.6622954607009888,0.4824449419975281,0.03247637301683426,0,0
34,LEFT_EYE,0.6613057255744934,0.4821094572544098,0.03244872763752937,0,0
34,LEFT_EYE_OUTER,0.6601347327232361,0.4818226993083954,0.03243160992860794,0,0
34,RIGHT_EYE_INNER,0.6630731225013733,0.48249053955078125,0.01493507158011198,0,0
34,RIGHT_EYE,0.6627752780914307,0.48222312331199646,0.01487809605896473,0,0
34,RIGHT_EYE_OUTER,0.6623874306678772,0.48196443915367126,0.014796390198171139,0,0
34,LEFT_EAR,0.6519270539283752,0.4856756031513214,0.03614526614546776,0,0
34,RIGHT_EAR,0.6568391919136047,0.4846007227897644,-0.04283726587891579,0,0
34,MOUTH_LEFT,0.6620245575904846,0.5020526051521301,0.0359903983771801,0,0
34,MOUTH_RIGHT,0.6626732349395752,0.5017783045768738,0.012999773025512695,0,0
34,LEFT_SHOULDER,0.6274964809417725,0.530808687210083,0.07991722971200943,0,0
34,RIGHT_SHOULDER,0.6627357602119446,0.534159779548645,-0.1043386459350586,0,0
34,LEFT_ELBOW,0.6428065896034241,0.590628981590271,0.11879021674394608,0,0
34,RIGHT_ELBOW,0.6696111559867859,0.580469012260437,-0.07705840468406677,0,0
34,LEFT_WRIST,0.6649175882339478,0.6072486042976379,0.12690243124961853,0,0
34,RIGHT_WRIST,0.6719834804534912,0.6081488132476807,0.04449957236647606,0,0
34,LEFT_PINKY,0.672033965587616,0.6178653836250305,0.128958061337471,0,0
34,RIGHT_PINKY,0.6765128970146179,0.6129717826843262,0.04906773194670677,0,0
34,LEFT_INDEX,0.6738247275352478,0.6123387813568115,0.12046216428279877,0,0
34,RIGHT_INDEX,0.6750101447105408,0.612920343875885,0.04613744467496872,0,0
34,LEFT_THUMB,0.6715646982192993,0.6101992726325989,0.12091054767370224,0,0
34,RIGHT_THUMB,0.6734339594841003,0.6109074354171753,0.046548809856176376,0,0
34,LEFT_HIP,0.6277493238449097,0.6791390776634216,0.0631968230009079,0,0
34,RIGHT_HIP,0.6409265995025635,0.6884598731994629,-0.06326941400766373,0,0
34,LEFT_KNEE,0.6518956422805786,0.761709451675415,0.11003927886486053,0,0
34,RIGHT_KNEE,0.6389229893684387,0.7836043834686279,-0.07297064363956451,0,0
34,LEFT_ANKLE,0.6476587057113647,0.8604222536087036,0.16719645261764526,0,0
34,RIGHT_ANKLE,0.5797349214553833,0.8557679057121277,-0.041577354073524475,0,0
34,LEFT_HEEL,0.6401320695877075,0.878484845161438,0.17061278223991394,0,0
34,RIGHT_HEEL,0.5686427354812622,0.8593950867652893,-0.038690753281116486,0,0
34,LEFT_FOOT_INDEX,0.6704164147377014,0.8850316405296326,0.15545913577079773,0,0
34,RIGHT_FOOT_INDEX,0.5977802872657776,0.906402051448822,-0.0685429647564888,0,0
35,NOSE,0.6698811054229736,0.48625364899635315,0.018687408417463303,0,0
35,LEFT_EYE_INNER,0.6666074991226196,0.47538840770721436,0.02011093869805336,0,0
35,LEFT_EYE,0.66561359167099,0.4750738739967346,0.020083703100681305,0,0
35,LEFT_EYE_OUTER,0.6644509434700012,0.47485560178756714,0.020074987784028053,0,0
35,RIGHT_EYE_INNER,0.6672181487083435,0.4757366478443146,0.0014313382562249899,0,0
35,RIGHT_EYE,0.66680508852005,0.4756455719470978,0.0013771249214187264,0,0
35,RIGHT_EYE_OUTER,0.6663015484809875,0.4756154417991638,0.0012966477079316974,0,0
35,LEFT_EAR,0.6557907462120056,0.4802584648132324,0.02903038263320923,0,0
35,RIGHT_EAR,0.6602776050567627,0.47977307438850403,-0.05473470687866211,0,0
35,MOUTH_LEFT,0.6670606732368469,0.49596765637397766,0.02433396503329277,0,0
35,MOUTH_RIGHT,0.6674338579177856,0.4961961507797241,-8.006522693904117e-05,0,0
35,LEFT_SHOULDER,0.6310932040214539,0.5281645655632019,0.0776510164141655,0,0
35,RIGHT_SHOULDER,0.6668075323104858,0.5339300632476807,-0.11409952491521835,0,0
35,LEFT_ELBOW,0.6407301425933838,0.5887784361839294,0.11917190253734589,0,0
35,RIGHT_ELBOW,0.670978307723999,0.5890982151031494,-0.08938372135162354,0,0
35,LEFT_WRIST,0.665091335773468,0.6141709685325623,0.1270361840724945,0,0
35,RIGHT_WRIST,0.6754487752914429,0.6253081560134888,0.029384372755885124,0,0
35,LEFT_PINKY,0.6684903502464294,0.6198004484176636,0.13027097284793854,0,0
35,RIGHT_PINKY,0.6789721250534058,0.6354103088378906,0.032629601657390594,0,0
35,LEFT_INDEX,0.6708360314369202,0.6134454607963562,0.12066047638654709,0,0
35,RIGHT_INDEX,0.6793072819709778,0.6323765516281128,0.030970441177487373,0,0
35,LEFT_THUMB,0.6689302325248718,0.6119611263275146,0.12109475582838058,0,0
35,RIGHT_THUMB,0.6773258447647095,0.6268698573112488,0.03207774460315704,0,0
35,LEFT_HIP,0.6280361413955688,0.6749477386474609,0.06501627713441849,0,0
35,RIGHT_HIP,0.6435410380363464,0.6853016018867493,-0.06510922312736511,0,0
35,LEFT_KNEE,0.6516456007957458,0.7640374302864075,0.10874669998884201,0,0
35,RIGHT_KNEE,0.6439530849456787,0.7830684781074524,-0.06558592617511749,0,0
35,LEFT_ANKLE,0.6475251913070679,0.8613488078117371,0.1673898696899414,0,0
35,RIGHT_ANKLE,0.5921041369438171,0.8560587167739868,-0.012411078438162804,0,0
35,LEFT_HEEL,0.6400115489959717,0.8792856931686401,0.17099830508232117,0,0
35,RIGHT_HEEL,0.5782049894332886,0.8608055114746094,-0.0074341329745948315,0,0
35,LEFT_FOOT_INDEX,0.6706836819648743,0.8851538896560669,0.15393702685832977,0,0
35,RIGHT_FOOT_INDEX,0.6084674596786499,0.9070941805839539,-0.03755592182278633,0,0
36,NOSE,0.6729540228843689,0.4809721112251282,0.015591436065733433,0,0
36,LEFT_EYE_INNER,0.6696363687515259,0.47073033452033997,0.01698140613734722,0,0
36,LEFT_EYE,0.6685506701469421,0.4703262746334076,0.016957992687821388,0,0
36,LEFT_EYE_OUTER,0.6673133373260498,0.4699503779411316,0.016957800835371017,0,0
36,RIGHT_EYE_INNER,0.6703882813453674,0.47108668088912964,-0.0013101946096867323,0,0
36,RIGHT_EYE,0.6700187921524048,0.4709610044956207,-0.0013572946190834045,0,0
36,RIGHT_EYE_OUTER,0.6695443987846375,0.4708159565925598,-0.0014411424053832889,0,0
36,LEFT_EAR,0.6587934494018555,0.47446441650390625,0.027145911008119583,0,0
36,RIGHT_EAR,0.6633350253105164,0.4744185209274292,-0.054896995425224304,0,0
36,MOUTH_LEFT,0.6700460910797119,0.4903787672519684,0.02187936194241047,0,0
36,MOUTH_RIGHT,0.6705370545387268,0.49085426330566406,-0.0019146845443174243,0,0
36,LEFT_SHOULDER,0.6360782384872437,0.5232684016227722,0.07602909952402115,0,0
36,RIGHT_SHOULDER,0.6702873110771179,0.5324201583862305,-0.11672084778547287,0,0
36,LEFT_ELBOW,0.6413909792900085,0.5884478688240051,0.10809347778558731,0,0
36,RIGHT_ELBOW,0.6733428835868835,0.5976021885871887,-0.09088310599327087,0,0
36,LEFT_WRIST,0.6618407368659973,0.62281733751297,0.09112834930419922,0,0
36,RIGHT_WRIST,0.6755033135414124,0.6344885230064392,0.0269506573677063,0,0
36,LEFT_PINKY,0.6663967370986938,0.6310088038444519,0.09118208289146423,0,0
36,RIGHT_PINKY,0.6766850352287292,0.6457380056381226,0.029814699664711952,0,0
36,LEFT_INDEX,0.6690831780433655,0.6246811151504517,0.08243750035762787,0,0
36,RIGHT_INDEX,0.6771392822265625,0.6402331590652466,0.028383107855916023,0,0
36,LEFT_THUMB,0.6675114035606384,0.623138427734375,0.08509638905525208,0,0
36,RIGHT_THUMB,0.6759220957756042,0.6363670825958252,0.029705459251999855,0,0
36,LEFT_HIP,0.6290171146392822,0.6696714758872986,0.06632988154888153,0,0
36,RIGHT_HIP,0.6458101868629456,0.6795709729194641,-0.0664326623082161,0,0
36,LEFT_KNEE,0.6511251330375671,0.7654058933258057,0.12845221161842346,0,0
36,RIGHT_KNEE,0.6473370790481567,0.7825543880462646,-0.053857412189245224,0,0
36,LEFT_ANKLE,0.6474990248680115,0.8619667887687683,0.1969551295042038,0,0
36,RIGHT_ANKLE,0.602983295917511,0.8598220944404602,0.001742092426866293,0,0
36,LEFT_HEEL,0.6405344605445862,0.8796320557594299,0.20163244009017944,0,0
36,RIGHT_HEEL,0.5917386412620544,0.8661689758300781,0.006705285049974918,0,0
36,LEFT_FOOT_INDEX,0.6707103252410889,0.8854789733886719,0.18732672929763794,0,0
36,RIGHT_FOOT_INDEX,0.6212455630302429,0.9107587933540344,-0.024362927302718163,0,0
37,NOSE,0.6759475469589233,0.48108962178230286,0.03564351052045822,0,0
37,LEFT_EYE_INNER,0.6727292537689209,0.47020450234413147,0.0369001105427742,0,0
37,LEFT_EYE,0.6716678738594055,0.46977847814559937,0.036885444074869156,0,0
37,LEFT_EYE_OUTER,0.6704236268997192,0.46936073899269104,0.03689495846629143,0,0
37,RIGHT_EYE_INNER,0.6735788583755493,0.4705502688884735,0.019086528569459915,0,0
37,RIGHT_EYE,0.673265814781189,0.47039058804512024,0.0190447811037302,0,0
37,RIGHT_EYE_OUTER,0.6728591322898865,0.4702392816543579,0.018977848812937737,0,0
37,LEFT_EAR,0.6619522571563721,0.47287386655807495,0.045428480952978134,0,0
37,RIGHT_EAR,0.6663094162940979,0.47318676114082336,-0.03429144248366356,0,0
37,MOUTH_LEFT,0.6727297306060791,0.4903739094734192,0.04139716550707817,0,0
37,MOUTH_RIGHT,0.6732948422431946,0.4909897446632385,0.018194949254393578,0,0
37,LEFT_SHOULDER,0.6386843323707581,0.5215091705322266,0.08972978591918945,0,0
37,RIGHT_SHOULDER,0.6715589165687561,0.5312298536300659,-0.10025141388177872,0,0
37,LEFT_ELBOW,0.6393927931785583,0.5872718691825867,0.11362674087285995,0,0
37,RIGHT_ELBOW,0.6775134801864624,0.5990818738937378,-0.07221178710460663,0,0
37,LEFT_WRIST,0.6599162220954895,0.6238164305686951,0.1050860807299614,0,0
37,RIGHT_WRIST,0.6766459941864014,0.6371160745620728,0.04599670320749283,0,0
37,LEFT_PINKY,0.6649273633956909,0.6330066919326782,0.10725785046815872,0,0
37,RIGHT_PINKY,0.676801323890686,0.6499652862548828,0.051365721970796585,0,0
37,LEFT_INDEX,0.6657867431640625,0.629473090171814,0.09910885989665985,0,0
37,RIGHT_INDEX,0.6767743825912476,0.6464492082595825,0.050441183149814606,0,0
37,LEFT_THUMB,0.6658002734184265,0.6246792674064636,0.09980206191539764,0,0
37,RIGHT_THUMB,0.6757540106773376,0.6416668891906738,0.049386460334062576,0,0
37,LEFT_HIP,0.6295874714851379,0.6645540595054626,0.06777704507112503,0,0
37,RIGHT_HIP,0.6473816633224487,0.6702529788017273,-0.067893385887146,0,0
37,LEFT_KNEE,0.6522054672241211,0.7651548385620117,0.10266820341348648,0,0
37,RIGHT_KNEE,0.6508463621139526,0.7779291868209839,-0.09046487510204315,0,0
37,LEFT_ANKLE,0.647022545337677,0.8631283044815063,0.13315360248088837,0,0
37,RIGHT_ANKLE,0.6123172044754028,0.8685545921325684,-0.07919573038816452,0,0
37,LEFT_HEEL,0.6410362720489502,0.8802302479743958,0.13450267910957336,0,0
37,RIGHT_HEEL,0.6007257103919983,0.8796876668930054,-0.07912586629390717,0,0
37,LEFT_FOOT_INDEX,0.6709287166595459,0.8856337070465088,0.11845909804105759,0,0
37,RIGHT_FOOT_INDEX,0.6318391561508179,0.9151952862739563,-0.11242886632680893,0,0
38,NOSE,0.6764319539070129,0.4815043807029724,0.03487873449921608,0,0
38,LEFT_EYE_INNER,0.6732721328735352,0.4703005254268646,0.03581256791949272,0,0
38,LEFT_EYE,0.6721810698509216,0.46968740224838257,0.03579842299222946,0,0
38,LEFT_EYE_OUTER,0.6709709167480469,0.46911686658859253,0.03581614047288895,0,0
38,RIGHT_EYE_INNER,0.6741914749145508,0.4708021283149719,0.018165435642004013,0,0
38,RIGHT_EYE,0.673914909362793,0.4705944061279297,0.018123218789696693,0,0
38,RIGHT_EYE_OUTER,0.6735543012619019,0.47037163376808167,0.018047666177153587,0,0
38,LEFT_EAR,0.6633207201957703,0.4718594551086426,0.043604664504528046,0,0
38,RIGHT_EAR,0.6670483350753784,0.4726105034351349,-0.0354158990085125,0,0
38,MOUTH_LEFT,0.6730453372001648,0.49041104316711426,0.04040075093507767,0,0
38,MOUTH_RIGHT,0.6737556457519531,0.4911516606807709,0.017397640272974968,0,0
38,LEFT_SHOULDER,0.6397354602813721,0.520946204662323,0.08720680326223373,0,0
38,RIGHT_SHOULDER,0.6720848083496094,0.5308098196983337,-0.10075651854276657,0,0
38,LEFT_ELBOW,0.6382668614387512,0.5865769982337952,0.11216555535793304,0,0
38,RIGHT_ELBOW,0.6774166822433472,0.6003071069717407,-0.07620251923799515,0,0
38,LEFT_WRIST,0.6536111831665039,0.6230078339576721,0.10775136947631836,0,0
38,RIGHT_WRIST,0.6753823161125183,0.6439318656921387,0.03560061752796173,0,0
38,LEFT_PINKY,0.6620374917984009,0.6372586488723755,0.11059698462486267,0,0
38,RIGHT_PINKY,0.6755238175392151,0.6563930511474609,0.03998471423983574,0,0
38,LEFT_INDEX,0.6633573770523071,0.6342695951461792,0.10325268656015396,0,0
38,RIGHT_INDEX,0.6750256419181824,0.6535511016845703,0.03955129161477089,0,0
38,LEFT_THUMB,0.6650220155715942,0.6279163956642151,0.1028943583369255,0,0
38,RIGHT_THUMB,0.6740548014640808,0.6490211486816406,0.039032451808452606,0,0
38,LEFT_HIP,0.6300769448280334,0.6636679172515869,0.06853114813566208,0,0
38,RIGHT_HIP,0.6464556455612183,0.6693609952926636,-0.06866633147001266,0,0
38,LEFT_KNEE,0.6527841687202454,0.7641728520393372,0.09885850548744202,0,0
38,RIGHT_KNEE,0.6512802839279175,0.7762153744697571,-0.09253256767988205,0,0
38,LEFT_ANKLE,0.6464658975601196,0.8633356094360352,0.13489030301570892,0,0
38,RIGHT_ANKLE,0.6129322052001953,0.8710103631019592,-0.07763087749481201,0,0
38,LEFT_HEEL,0.6410702466964722,0.8799988627433777,0.13681598007678986,0,0
38,RIGHT_HEEL,0.6023008227348328,0.8822692036628723,-0.07734226435422897,0,0
38,LEFT_FOOT_INDEX,0.6709319353103638,0.8855248093605042,0.11935795098543167,0,0
38,RIGHT_FOOT_INDEX,0.6325967907905579,0.9163179993629456,-0.11279061436653137,0,0
39,NOSE,0.6784055233001709,0.4815274178981781,0.04067441448569298,0,0
39,LEFT_EYE_INNER,0.6753336191177368,0.46995213627815247,0.04241226986050606,0,0
39,LEFT_EYE,0.6742678284645081,0.46929672360420227,0.04239555448293686,0,0
39,LEFT_EYE_OUTER,0.6730868220329285,0.4686809778213501,0.04239758104085922,0,0
39,RIGHT_EYE_INNER,0.6763152480125427,0.47050973773002625,0.023984599858522415,0,0
39,RIGHT_EYE,0.6760819554328918,0.470306396484375,0.02394900470972061,0,0
39,RIGHT_EYE_OUTER,0.6757940649986267,0.47008711099624634,0.02388308383524418,0,0
39,LEFT_EAR,0.665354311466217,0.47123000025749207,0.05122796446084976,0,0
39,RIGHT_EAR,0.6691861748695374,0.4721395969390869,-0.030746519565582275,0,0
39,MOUTH_LEFT,0.6746609807014465,0.49059605598449707,0.04661934822797775,0,0
39,MOUTH_RIGHT,0.6754752993583679,0.49132341146469116,0.022699611261487007,0,0
39,LEFT_SHOULDER,0.6397610902786255,0.520925760269165,0.0959089919924736,0,0
39,RIGHT_SHOULDER,0.6725398302078247,0.5298717617988586,-0.09677251428365707,0,0
39,LEFT_ELBOW,0.6378978490829468,0.5865809917449951,0.12229470908641815,0,0
39,RIGHT_ELBOW,0.6785399317741394,0.60172438621521,-0.06748724728822708,0,0
39,LEFT_WRIST,0.655319333076477,0.6226667165756226,0.11523367464542389,0,0
39,RIGHT_WRIST,0.6799347400665283,0.6414936184883118,0.050375837832689285,0,0
39,LEFT_PINKY,0.6620972156524658,0.6328760981559753,0.11845248192548752,0,0
39,RIGHT_PINKY,0.6798043847084045,0.6528416275978088,0.05633007362484932,0,0
39,LEFT_INDEX,0.6636455059051514,0.6309851408004761,0.11266155540943146,0,0
39,RIGHT_INDEX,0.6793718934059143,0.6494609117507935,0.056748442351818085,0,0
39,LEFT_THUMB,0.6636813879013062,0.6279116272926331,0.1105937585234642,0,0
39,RIGHT_THUMB,0.6784847974777222,0.6449689269065857,0.054475728422403336,0,0
39,LEFT_HIP,0.6302750110626221,0.6616328954696655,0.06911541521549225,0,0
39,RIGHT_HIP,0.6483681797981262,0.6679432392120361,-0.06925507634878159,0,0
39,LEFT_KNEE,0.6524770259857178,0.7636733055114746,0.10304991155862808,0,0
39,RIGHT_KNEE,0.6518493890762329,0.7746512293815613,-0.07979880273342133,0,0
39,LEFT_ANKLE,0.6459258198738098,0.8630190491676331,0.14269326627254486,0,0
39,RIGHT_ANKLE,0.6243545413017273,0.877318263053894,-0.06508579105138779,0,0
39,LEFT_HEEL,0.641041100025177,0.879328727722168,0.14358435571193695,0,0
39,RIGHT_HEEL,0.6134185791015625,0.8892671465873718,-0.06421882659196854,0,0
39,LEFT_FOOT_INDEX,0.6709288358688354,0.8852155208587646,0.13569428026676178,0,0
39,RIGHT_FOOT_INDEX,0.6444749236106873,0.9155644178390503,-0.10270502418279648,0,0
40,NOSE,0.6792078018188477,0.4801259934902191,0.03281443938612938,0,0
40,LEFT_EYE_INNER,0.676207959651947,0.4685455560684204,0.03541434928774834,0,0
40,LEFT_EYE,0.6752229332923889,0.4679598808288574,0.03539978712797165,0,0
40,LEFT_EYE_OUTER,0.6741049885749817,0.4674224555492401,0.035399165004491806,0,0
40,RIGHT_EYE_INNER,0.6770716905593872,0.4691202938556671,0.016436751931905746,0,0
40,RIGHT_EYE,0.6767933368682861,0.4689479172229767,0.01639694906771183,0,0
40,RIGHT_EYE_OUTER,0.6764695048332214,0.46876949071884155,0.016331205144524574,0,0
40,LEFT_EAR,0.6665050983428955,0.4699403941631317,0.04669191688299179,0,0
40,RIGHT_EAR,0.6701316833496094,0.4709990620613098,-0.03768545016646385,0,0
40,MOUTH_LEFT,0.6754339337348938,0.48947256803512573,0.03957105800509453,0,0
40,MOUTH_RIGHT,0.6761741638183594,0.49012231826782227,0.01495006401091814,0,0
40,LEFT_SHOULDER,0.6415215730667114,0.51951664686203,0.09530504792928696,0,0
40,RIGHT_SHOULDER,0.6723127365112305,0.5286673903465271,-0.10107431560754776,0,0
40,LEFT_ELBOW,0.6421741843223572,0.5869767069816589,0.1195845752954483,0,0
40,RIGHT_ELBOW,0.6781875491142273,0.6015655398368835,-0.0756097063422203,0,0
40,LEFT_WRIST,0.6647650003433228,0.6255044341087341,0.10565543174743652,0,0
40,RIGHT_WRIST,0.6876954436302185,0.6440601944923401,0.038896337151527405,0,0
40,LEFT_PINKY,0.669751763343811,0.6339877843856812,0.10888014733791351,0,0
40,RIGHT_PINKY,0.6901148557662964,0.6543656587600708,0.04336487129330635,0,0
40,LEFT_INDEX,0.6735720038414001,0.631725549697876,0.10045519471168518,0,0
40,RIGHT_INDEX,0.6905367374420166,0.6516374945640564,0.044826067984104156,0,0
40,LEFT_THUMB,0.6710578799247742,0.6298168301582336,0.10006585717201233,0,0
40,RIGHT_THUMB,0.6889892816543579,0.6480389833450317,0.0432310551404953,0,0
40,LEFT_HIP,0.6315063238143921,0.6614965796470642,0.07013428956270218,0,0
40,RIGHT_HIP,0.6498280167579651,0.6681613922119141,-0.07029590755701065,0,0
40,LEFT_KNEE,0.6522197127342224,0.7607997059822083,0.12939152121543884,0,0
40,RIGHT_KNEE,0.6535568833351135,0.7743935585021973,-0.060503773391246796,0,0
40,LEFT_ANKLE,0.645925760269165,0.8627504110336304,0.19080527126789093,0,0
40,RIGHT_ANKLE,0.6351226568222046,0.8829648494720459,-0.04579566791653633,0,0
40,LEFT_HEEL,0.6414868235588074,0.8768201470375061,0.19491669535636902,0,0
40,RIGHT_HEEL,0.6285244226455688,0.8994432687759399,-0.046008214354515076,0,0
40,LEFT_FOOT_INDEX,0.6697564721107483,0.883201003074646,0.1864340603351593,0,0
40,RIGHT_FOOT_INDEX,0.6611039042472839,0.908998966217041,-0.07868336141109467,0,0
41,NOSE,0.6807237267494202,0.48050063848495483,0.019402693957090378,0,0
41,LEFT_EYE_INNER,0.678279459476471,0.4687778055667877,0.022122226655483246,0,0
41,LEFT_EYE,0.6773707270622253,0.4682222604751587,0.022107448428869247,0,0
41,LEFT_EYE_OUTER,0.6763610243797302,0.4676941931247711,0.02210756577551365,0,0
41,RIGHT_EYE_INNER,0.6789121627807617,0.4692043960094452,0.0036402223631739616,0,0
41,RIGHT_EYE,0.6785356402397156,0.4689677059650421,0.0036018898244947195,0,0
41,RIGHT_EYE_OUTER,0.6781263947486877,0.4687144160270691,0.003539251396432519,0,0
41,LEFT_EAR,0.6686086058616638,0.4696921706199646,0.03544921055436134,0,0
41,RIGHT_EAR,0.6717109680175781,0.47056424617767334,-0.04606800526380539,0,0
41,MOUTH_LEFT,0.6767129302024841,0.4899181127548218,0.026927907019853592,0,0
41,MOUTH_RIGHT,0.6772934794425964,0.4903973639011383,0.0029255549889057875,0,0
41,LEFT_SHOULDER,0.6426361799240112,0.5200303792953491,0.08487468212842941,0,0
41,RIGHT_SHOULDER,0.6724856495857239,0.5285816788673401,-0.1024928167462349,0,0
41,LEFT_ELBOW,0.6409346461296082,0.5882868766784668,0.10847482830286026,0,0
41,RIGHT_ELBOW,0.6777035593986511,0.6020171642303467,-0.08855713903903961,0,0
41,LEFT_WRIST,0.6624387502670288,0.6256848573684692,0.09234845638275146,0,0
41,RIGHT_WRIST,0.692669153213501,0.6500694155693054,0.007081892807036638,0,0
41,LEFT_PINKY,0.6666352152824402,0.6390811204910278,0.09516981244087219,0,0
41,RIGHT_PINKY,0.6966310143470764,0.6603136658668518,0.006108879577368498,0,0
41,LEFT_INDEX,0.6698220372200012,0.6369407176971436,0.08534474670886993,0,0
41,RIGHT_INDEX,0.6979588866233826,0.6573152542114258,0.011805239133536816,0,0
41,LEFT_THUMB,0.6685284972190857,0.6343188285827637,0.0864107757806778,0,0
41,RIGHT_THUMB,0.6960439682006836,0.6539788842201233,0.012240764684975147,0,0
41,LEFT_HIP,0.6330696940422058,0.662359893321991,0.06862778216600418,0,0
41,RIGHT_HIP,0.6508175134658813,0.6695222854614258,-0.06877584010362625,0,0
41,LEFT_KNEE,0.6522015333175659,0.7613935470581055,0.13608530163764954,0,0
41,RIGHT_KNEE,0.6549516320228577,0.775484561920166,-0.026837091892957687,0,0
41,LEFT_ANKLE,0.6465837359428406,0.8632087707519531,0.20706337690353394,0,0
41,RIGHT_ANKLE,0.6433194279670715,0.886692464351654,0.015101224184036255,0,0
41,LEFT_HEEL,0.6424448490142822,0.876680314540863,0.21247167885303497,0,0
41,RIGHT_HEEL,0.635845422744751,0.9072442650794983,0.017895657569169998,0,0
41,LEFT_FOOT_INDEX,0.6682928800582886,0.8814469575881958,0.2019774168729782,0,0
41,RIGHT_FOOT_INDEX,0.6679624915122986,0.904874324798584,-0.012393475510179996,0,0
42,NOSE,0.6814530491828918,0.481796532869339,0.024257870391011238,0,0
42,LEFT_EYE_INNER,0.6793633103370667,0.47021418809890747,0.02731403149664402,0,0
42,LEFT_EYE,0.6785017848014832,0.46965011954307556,0.027294768020510674,0,0
42,LEFT_EYE_OUTER,0.6775493025779724,0.4691031873226166,0.027290605008602142,0,0
42,RIGHT_EYE_INNER,0.6798055171966553,0.47064656019210815,0.009132644161581993,0,0
42,RIGHT_EYE,0.6793509721755981,0.470415323972702,0.009111843071877956,0,0
42,RIGHT_EYE_OUTER,0.6788707971572876,0.470164030790329,0.00905152689665556,0,0
42,LEFT_EAR,0.6696761250495911,0.4710148572921753,0.040288519114255905,0,0
42,RIGHT_EAR,0.6723520755767822,0.4718853831291199,-0.04058631509542465,0,0
42,MOUTH_LEFT,0.6776225566864014,0.491035521030426,0.03164546564221382,0,0
42,MOUTH_RIGHT,0.6780952215194702,0.4915848970413208,0.008014579303562641,0,0
42,LEFT_SHOULDER,0.6433523297309875,0.5201411843299866,0.08895137161016464,0,0
42,RIGHT_SHOULDER,0.6726967692375183,0.5281727910041809,-0.0990045890212059,0,0
42,LEFT_ELBOW,0.6400592923164368,0.5925259590148926,0.10864052921533585,0,0
42,RIGHT_ELBOW,0.6764557957649231,0.6040934920310974,-0.09827287495136261,0,0
42,LEFT_WRIST,0.6592585444450378,0.6335719227790833,0.09291359037160873,0,0
42,RIGHT_WRIST,0.6956276297569275,0.6567061543464661,-0.04542943090200424,0,0
42,LEFT_PINKY,0.6617160439491272,0.6503822207450867,0.09625335037708282,0,0
42,RIGHT_PINKY,0.6998340487480164,0.6687302589416504,-0.05270933732390404,0,0
42,LEFT_INDEX,0.6673350930213928,0.6493739485740662,0.08530759066343307,0,0
42,RIGHT_INDEX,0.7017815113067627,0.6657545566558838,-0.04772001877427101,0,0
42,LEFT_THUMB,0.6669524312019348,0.645880401134491,0.08676405996084213,0,0
42,RIGHT_THUMB,0.6998217701911926,0.6618130803108215,-0.04165039211511612,0,0
42,LEFT_HIP,0.6337743997573853,0.6627365350723267,0.06806578487157822,0,0
42,RIGHT_HIP,0.651290237903595,0.6703317761421204,-0.06820041686296463,0,0
42,LEFT_KNEE,0.6542432308197021,0.7620649337768555,0.12073631584644318,0,0
42,RIGHT_KNEE,0.658729612827301,0.7772013545036316,-0.0360322929918766,0,0
42,LEFT_ANKLE,0.648931086063385,0.8657023906707764,0.1822565495967865,0,0
42,RIGHT_ANKLE,0.6458902359008789,0.8887969255447388,-0.006292672362178564,0,0
42,LEFT_HEEL,0.6452142000198364,0.8775467276573181,0.18655318021774292,0,0
42,RIGHT_HEEL,0.6394535899162292,0.9096178412437439,-0.005128148477524519,0,0
42,LEFT_FOOT_INDEX,0.6683409810066223,0.8814719915390015,0.1720859557390213,0,0
42,RIGHT_FOOT_INDEX,0.6696466207504272,0.904705822467804,-0.038881417363882065,0,0
43,NOSE,0.682290256023407,0.48241594433784485,0.018086370080709457,0,0
43,LEFT_EYE_INNER,0.6801515817642212,0.4705536961555481,0.020968494936823845,0,0
43,LEFT_EYE,0.6792986989021301,0.4699811637401581,0.020948994904756546,0,0
43,LEFT_EYE_OUTER,0.6783488988876343,0.4694211483001709,0.02094518020749092,0,0
43,RIGHT_EYE_INNER,0.6805943250656128,0.47096922993659973,0.002930476563051343,0,0
43,RIGHT_EYE,0.6801342368125916,0.47072380781173706,0.002900493098422885,0,0
43,RIGHT_EYE_OUTER,0.6796348690986633,0.470451295375824,0.00283905491232872,0,0
43,LEFT_EAR,0.6703439950942993,0.4711204767227173,0.03529590740799904,0,0
43,RIGHT_EAR,0.6728845238685608,0.4719953238964081,-0.04501304775476456,0,0
43,MOUTH_LEFT,0.6784992218017578,0.49165576696395874,0.025893379002809525,0,0
43,MOUTH_RIGHT,0.6788733005523682,0.4920514225959778,0.002471656771376729,0,0
43,LEFT_SHOULDER,0.6435962319374084,0.5201891660690308,0.085625559091568,0,0
43,RIGHT_SHOULDER,0.6727139353752136,0.5285580158233643,-0.1014774814248085,0,0
43,LEFT_ELBOW,0.6400183439254761,0.594460666179657,0.10778303444385529,0,0
43,RIGHT_ELBOW,0.6759243607521057,0.6053867340087891,-0.10709845274686813,0,0
43,LEFT_WRIST,0.655153214931488,0.6348869204521179,0.09368719905614853,0,0
43,RIGHT_WRIST,0.6963891386985779,0.6575985550880432,-0.053857751190662384,0,0
43,LEFT_PINKY,0.6568220853805542,0.6500614285469055,0.09688740223646164,0,0
43,RIGHT_PINKY,0.7003174424171448,0.6697807312011719,-0.062001582235097885,0,0
43,LEFT_INDEX,0.6620834469795227,0.6488012075424194,0.08559273928403854,0,0
43,RIGHT_INDEX,0.7020940184593201,0.666908860206604,-0.057429708540439606,0,0
43,LEFT_THUMB,0.6620224118232727,0.6452689170837402,0.08746006339788437,0,0
43,RIGHT_THUMB,0.7003708481788635,0.6628801822662354,-0.0502563938498497,0,0
43,LEFT_HIP,0.6345424652099609,0.6635404229164124,0.06776604801416397,0,0
43,RIGHT_HIP,0.6513878107070923,0.6709927916526794,-0.06789600104093552,0,0
43,LEFT_KNEE,0.6547996401786804,0.7632057666778564,0.12298961728811264,0,0
43,RIGHT_KNEE,0.658889651298523,0.7789856195449829,-0.029991624876856804,0,0
43,LEFT_ANKLE,0.6496163606643677,0.8670304417610168,0.1879652887582779,0,0
43,RIGHT_ANKLE,0.646003007888794,0.889748215675354,0.008261192589998245,0,0
43,LEFT_HEEL,0.6456297636032104,0.8779869079589844,0.1923525184392929,0,0
43,RIGHT_HEEL,0.639687180519104,0.9104994535446167,0.010275842621922493,0,0
43,LEFT_FOOT_INDEX,0.6684200763702393,0.8819262385368347,0.1779278814792633,0,0
43,RIGHT_FOOT_INDEX,0.6699026226997375,0.9048884510993958,-0.023766469210386276,0,0
44,NOSE,0.6824396848678589,0.48470860719680786,0.016628524288535118,0,0
44,LEFT_EYE_INNER,0.6805776953697205,0.47287607192993164,0.01981985941529274,0,0
44,LEFT_EYE,0.6798816919326782,0.4724520444869995,0.01980830915272236,0,0
44,LEFT_EYE_OUTER,0.6791269779205322,0.4719851315021515,0.019815528765320778,0,0
44,RIGHT_EYE_INNER,0.6807268261909485,0.4730445444583893,0.0026677362620830536,0,0
44,RIGHT_EYE,0.6801756024360657,0.47274845838546753,0.0027100967708975077,0,0
44,RIGHT_EYE_OUTER,0.6795926690101624,0.47237497568130493,0.002680503996089101,0,0
44,LEFT_EAR,0.6716557145118713,0.4727044999599457,0.031239476054906845,0,0
44,RIGHT_EAR,0.6728534698486328,0.4731579124927521,-0.05237480252981186,0,0
44,MOUTH_LEFT,0.6786816120147705,0.49401962757110596,0.025673765689134598,0,0
44,MOUTH_RIGHT,0.6789130568504333,0.4941111207008362,0.0007737351697869599,0,0
44,LEFT_SHOULDER,0.6442559361457825,0.5248121619224548,0.08400259912014008,0,0
44,RIGHT_SHOULDER,0.6733303666114807,0.5303089022636414,-0.10943324863910675,0,0
44,LEFT_ELBOW,0.6384992599487305,0.5992169380187988,0.10524384677410126,0,0
44,RIGHT_ELBOW,0.6760949492454529,0.6125524044036865,-0.11948680877685547,0,0
44,LEFT_WRIST,0.6530352234840393,0.6413858532905579,0.09015560150146484,0,0
44,RIGHT_WRIST,0.7009989023208618,0.6656876802444458,-0.0787849947810173,0,0
44,LEFT_PINKY,0.6559730172157288,0.6557042598724365,0.09340708702802658,0,0
44,RIGHT_PINKY,0.7057837247848511,0.6778551340103149,-0.09041439741849899,0,0
44,LEFT_INDEX,0.6613269448280334,0.6545965671539307,0.0807691290974617,0,0
44,RIGHT_INDEX,0.7076079249382019,0.6740999817848206,-0.08429872989654541,0,0
44,LEFT_THUMB,0.6612757444381714,0.6513960957527161,0.08358132094144821,0,0
44,RIGHT_THUMB,0.7059577107429504,0.6704471707344055,-0.07503414899110794,0,0
44,LEFT_HIP,0.6355262398719788,0.6663982272148132,0.06800145655870438,0,0
44,RIGHT_HIP,0.6508210301399231,0.673837423324585,-0.06813839077949524,0,0
44,LEFT_KNEE,0.6578952074050903,0.7638886570930481,0.13671578466892242,0,0
44,RIGHT_KNEE,0.6607829332351685,0.7817551493644714,-0.03217816725373268,0,0
44,LEFT_ANKLE,0.6508480310440063,0.8672300577163696,0.21771341562271118,0,0
44,RIGHT_ANKLE,0.6452327370643616,0.8924618363380432,0.006334841717034578,0,0
44,LEFT_HEEL,0.6459171772003174,0.8781269788742065,0.22398021817207336,0,0
44,RIGHT_HEEL,0.6386206746101379,0.9121212363243103,0.008389556780457497,0,0
44,LEFT_FOOT_INDEX,0.6690402626991272,0.8843252062797546,0.21057270467281342,0,0
44,RIGHT_FOOT_INDEX,0.6707600355148315,0.9057430624961853,-0.027867073193192482,0,0
45,NOSE,0.6822386980056763,0.4895534813404083,-0.04868678003549576,0,0
45,LEFT_EYE_INNER,0.6810100674629211,0.4786989986896515,-0.0391249842941761,0,0
45,LEFT_EYE,0.6806638836860657,0.47851958870887756,-0.03913871571421623,0,0
45,LEFT_EYE_OUTER,0.6802744269371033,0.47833171486854553,-0.03914177045226097,0,0
45,RIGHT_EYE_INNER,0.6803002953529358,0.47827407717704773,-0.057823266834020615,0,0
45,RIGHT_EYE,0.6793769001960754,0.4778154194355011,-0.05782999470829964,0,0
45,RIGHT_EYE_OUTER,0.6783710718154907,0.4773362874984741,-0.0578499399125576,0,0
45,LEFT_EAR,0.6731658577919006,0.4788202941417694,0.004350775387138128,0,0
45,RIGHT_EAR,0.6713230013847351,0.47797197103500366,-0.07992666214704514,0,0
45,MOUTH_LEFT,0.678784191608429,0.49905577301979065,-0.030019717290997505,0,0
45,MOUTH_RIGHT,0.6782521605491638,0.4985417127609253,-0.05453158915042877,0,0
45,LEFT_SHOULDER,0.6457591652870178,0.5302039980888367,0.07831902801990509,0,0
45,RIGHT_SHOULDER,0.6720701456069946,0.5370771884918213,-0.12600664794445038,0,0
45,LEFT_ELBOW,0.6384855508804321,0.6082165837287903,0.09861547499895096,0,0
45,RIGHT_ELBOW,0.6759054660797119,0.619166910648346,-0.13961683213710785,0,0
45,LEFT_WRIST,0.6539661884307861,0.6543681621551514,0.06698441505432129,0,0
45,RIGHT_WRIST,0.7024746537208557,0.6698600053787231,-0.09692375361919403,0,0
45,LEFT_PINKY,0.6621962785720825,0.6742432713508606,0.06775804609060287,0,0
45,RIGHT_PINKY,0.7073010206222534,0.6829463839530945,-0.10955975204706192,0,0
45,LEFT_INDEX,0.6670173406600952,0.6725260019302368,0.05438357591629028,0,0
45,RIGHT_INDEX,0.709709882736206,0.679011344909668,-0.10362369567155838,0,0
45,LEFT_THUMB,0.6659148335456848,0.6687725782394409,0.059357110410928726,0,0
45,RIGHT_THUMB,0.7082248330116272,0.675241231918335,-0.0931306704878807,0,0
45,LEFT_HIP,0.6372401714324951,0.67140132188797,0.06779690831899643,0,0
45,RIGHT_HIP,0.6499629616737366,0.6789298057556152,-0.06792884320020676,0,0
45,LEFT_KNEE,0.6591966152191162,0.7637373208999634,0.13547517359256744,0,0
45,RIGHT_KNEE,0.6624225974082947,0.7836337089538574,-0.027834463864564896,0,0
45,LEFT_ANKLE,0.6519087553024292,0.8668144941329956,0.21635451912879944,0,0
45,RIGHT_ANKLE,0.6463941931724548,0.8930434584617615,0.020813263952732086,0,0
45,LEFT_HEEL,0.6462913751602173,0.8780695796012878,0.2224445790052414,0,0
45,RIGHT_HEEL,0.6395581960678101,0.9120187163352966,0.02343604899942875,0,0
45,LEFT_FOOT_INDEX,0.6702171564102173,0.8843091130256653,0.20972862839698792,0,0
45,RIGHT_FOOT_INDEX,0.6720324158668518,0.9061589241027832,-0.012665020301938057,0,0
46,NOSE,0.6824262142181396,0.49171334505081177,-0.07762808352708817,0,0
46,LEFT_EYE_INNER,0.6813236474990845,0.4811132848262787,-0.06973183900117874,0,0
46,LEFT_EYE,0.6811425089836121,0.48095402121543884,-0.06975346058607101,0,0
46,LEFT_EYE_OUTER,0.6809099316596985,0.4807957410812378,-0.06976024061441422,0,0
46,RIGHT_EYE_INNER,0.6801391243934631,0.48065704107284546,-0.09030699729919434,0,0
46,RIGHT_EYE,0.6790212988853455,0.4802148938179016,-0.09031925350427628,0,0
46,RIGHT_EYE_OUTER,0.677800178527832,0.4798203706741333,-0.09034299850463867,0,0
46,LEFT_EAR,0.6737187504768372,0.481961727142334,-0.025663547217845917,0,0
46,RIGHT_EAR,0.6705488562583923,0.4814467132091522,-0.11829741299152374,0,0
46,MOUTH_LEFT,0.6793965101242065,0.5015783905982971,-0.058285702019929886,0,0
46,MOUTH_RIGHT,0.6782161593437195,0.5009902119636536,-0.08521097153425217,0,0
46,LEFT_SHOULDER,0.6515052318572998,0.5346303582191467,0.052121374756097794,0,0
46,RIGHT_SHOULDER,0.6673799157142639,0.5414050817489624,-0.15755224227905273,0,0
46,LEFT_ELBOW,0.6524381041526794,0.620405912399292,0.07980875670909882,0,0
46,RIGHT_ELBOW,0.6712385416030884,0.623642086982727,-0.17606481909751892,0,0
46,LEFT_WRIST,0.6688687801361084,0.676877498626709,0.03882002457976341,0,0
46,RIGHT_WRIST,0.701903760433197,0.6706074476242065,-0.14905473589897156,0,0
46,LEFT_PINKY,0.6741195917129517,0.6915463209152222,0.037295978516340256,0,0
46,RIGHT_PINKY,0.7078248262405396,0.6831994652748108,-0.16798557341098785,0,0
46,LEFT_INDEX,0.6773897409439087,0.6903302669525146,0.020909449085593224,0,0
46,RIGHT_INDEX,0.7102413773536682,0.6792547106742859,-0.161943256855011,0,0
46,LEFT_THUMB,0.6753262281417847,0.6861186027526855,0.02971195988357067,0,0
46,RIGHT_THUMB,0.7083179950714111,0.6756885647773743,-0.14576175808906555,0,0
46,LEFT_HIP,0.6405017971992493,0.6778549551963806,0.06765486299991608,0,0
46,RIGHT_HIP,0.6493301391601562,0.6861042380332947,-0.06779693067073822,0,0
46,LEFT_KNEE,0.6651639938354492,0.7638288140296936,0.14292697608470917,0,0
46,RIGHT_KNEE,0.6648061275482178,0.7855875492095947,-0.01569017954170704,0,0
46,LEFT_ANKLE,0.6542894244194031,0.8664751052856445,0.2399209439754486,0,0
46,RIGHT_ANKLE,0.6470779776573181,0.8922774791717529,0.05433230847120285,0,0
46,LEFT_HEEL,0.6481667757034302,0.8780125975608826,0.24757038056850433,0,0
46,RIGHT_HEEL,0.6397066116333008,0.9101456999778748,0.0585356131196022,0,0
46,LEFT_FOOT_INDEX,0.672833263874054,0.8871216773986816,0.22873418033123016,0,0
46,RIGHT_FOOT_INDEX,0.6712028980255127,0.9072369933128357,0.015883898362517357,0,0
47,NOSE,0.6816976070404053,0.49237149953842163,-0.09976664930582047,0,0
47,LEFT_EYE_INNER,0.6806871294975281,0.48221561312675476,-0.08898582309484482,0,0
47,LEFT_EYE,0.6806344985961914,0.4821646213531494,-0.0889960303902626,0,0
47,LEFT_EYE_OUTER,0.6805607676506042,0.48210522532463074,-0.08900082856416702,0,0
47,RIGHT_EYE_INNER,0.6792364716529846,0.48155173659324646,-0.10715213418006897,0,0
47,RIGHT_EYE,0.6781430840492249,0.4810660481452942,-0.10716638714075089,0,0
47,RIGHT_EYE_OUTER,0.6770842671394348,0.4806194603443146,-0.10717155039310455,0,0
47,LEFT_EAR,0.6736225485801697,0.48335784673690796,-0.033228080719709396,0,0
47,RIGHT_EAR,0.670024573802948,0.4825493097305298,-0.1145804300904274,0,0
47,MOUTH_LEFT,0.6788240075111389,0.502604067325592,-0.0763491690158844,0,0
47,MOUTH_RIGHT,0.6773736476898193,0.5017812848091125,-0.09988130629062653,0,0
47,LEFT_SHOULDER,0.6509807109832764,0.5346240401268005,0.05289439111948013,0,0
47,RIGHT_SHOULDER,0.6637604236602783,0.541447639465332,-0.1509203463792801,0,0
47,LEFT_ELBOW,0.6507519483566284,0.6176901459693909,0.08125044405460358,0,0
47,RIGHT_ELBOW,0.6675153970718384,0.6221184134483337,-0.15830135345458984,0,0
47,LEFT_WRIST,0.6694869995117188,0.6619821786880493,0.036185238510370255,0,0
47,RIGHT_WRIST,0.6988773941993713,0.6675886511802673,-0.1192963570356369,0,0
47,LEFT_PINKY,0.673346221446991,0.67557293176651,0.03341573476791382,0,0
47,RIGHT_PINKY,0.7050975561141968,0.6803837418556213,-0.13388630747795105,0,0
47,LEFT_INDEX,0.6776906251907349,0.6717742085456848,0.01832009293138981,0,0
47,RIGHT_INDEX,0.7078912854194641,0.6766897439956665,-0.13119108974933624,0,0
47,LEFT_THUMB,0.6753044724464417,0.6682456731796265,0.02732793055474758,0,0
47,RIGHT_THUMB,0.7057210206985474,0.6731611490249634,-0.11670637875795364,0,0
47,LEFT_HIP,0.6409137845039368,0.6784500479698181,0.06672714650630951,0,0
47,RIGHT_HIP,0.649007260799408,0.6862457394599915,-0.06685854494571686,0,0
47,LEFT_KNEE,0.6664295196533203,0.7637333869934082,0.13977986574172974,0,0
47,RIGHT_KNEE,0.6647685766220093,0.7857333421707153,-0.02141123265028,0,0
47,LEFT_ANKLE,0.6549873948097229,0.8663409948348999,0.2305128276348114,0,0
47,RIGHT_ANKLE,0.6468559503555298,0.8918943405151367,0.040065471082925797,0,0
47,LEFT_HEEL,0.6489105224609375,0.8776882886886597,0.23740001022815704,0,0
47,RIGHT_HEEL,0.6398850679397583,0.9090001583099365,0.04370059445500374,0,0
47,LEFT_FOOT_INDEX,0.6749293804168701,0.8870201110839844,0.2217286080121994,0,0
47,RIGHT_FOOT_INDEX,0.6710869669914246,0.90754634141922,0.005432103294879198,0,0
48,NOSE,0.6811281442642212,0.4922840893268585,-0.10126345604658127,0,0
48,LEFT_EYE_INNER,0.6802538633346558,0.48188793659210205,-0.08953583240509033,0,0
48,LEFT_EYE,0.6803070902824402,0.4816845953464508,-0.08954771608114243,0,0
48,LEFT_EYE_OUTER,0.6803684830665588,0.48151588439941406,-0.08955245465040207,0,0
48,RIGHT_EYE_INNER,0.6786618828773499,0.48121559619903564,-0.10868258774280548,0,0
48,RIGHT_EYE,0.6776979565620422,0.48054787516593933,-0.10870064049959183,0,0
48,RIGHT_EYE_OUTER,0.6769724488258362,0.4799051284790039,-0.108718141913414,0,0
48,LEFT_EAR,0.6733956933021545,0.4829618036746979,-0.030249087139964104,0,0
48,RIGHT_EAR,0.6692344546318054,0.4817866086959839,-0.11539600789546967,0,0
48,MOUTH_LEFT,0.6783823370933533,0.5021775364875793,-0.07662507891654968,0,0
48,MOUTH_RIGHT,0.6769755482673645,0.5015964508056641,-0.10133817791938782,0,0
48,LEFT_SHOULDER,0.6522356867790222,0.5339446663856506,0.05710675194859505,0,0
48,RIGHT_SHOULDER,0.6600666642189026,0.5411258339881897,-0.152948796749115,0,0
48,LEFT_ELBOW,0.6507934331893921,0.6127818822860718,0.08805613219738007,0,0
48,RIGHT_ELBOW,0.6599105000495911,0.6195195913314819,-0.16370180249214172,0,0
48,LEFT_WRIST,0.6695537567138672,0.6550623178482056,0.04601796716451645,0,0
48,RIGHT_WRIST,0.6938989162445068,0.6636252999305725,-0.12621866166591644,0,0
48,LEFT_PINKY,0.6744490265846252,0.6685473918914795,0.04335150495171547,0,0
48,RIGHT_PINKY,0.7025983929634094,0.6756472587585449,-0.14088405668735504,0,0
48,LEFT_INDEX,0.6779466867446899,0.6652597784996033,0.029214439913630486,0,0
48,RIGHT_INDEX,0.7064379453659058,0.6719865202903748,-0.13887639343738556,0,0
48,LEFT_THUMB,0.6757478713989258,0.6619145274162292,0.03738981857895851,0,0
48,RIGHT_THUMB,0.7051986455917358,0.6686927676200867,-0.12386441975831985,0,0
48,LEFT_HIP,0.6422451138496399,0.677608072757721,0.06669869273900986,0,0
48,RIGHT_HIP,0.6487233638763428,0.6853293776512146,-0.0668259784579277,0,0
48,LEFT_KNEE,0.6659469604492188,0.7636606097221375,0.13835935294628143,0,0
48,RIGHT_KNEE,0.6627618074417114,0.7856259346008301,-0.02037249132990837,0,0
48,LEFT_ANKLE,0.6545743346214294,0.8652104139328003,0.22693781554698944,0,0
48,RIGHT_ANKLE,0.6473628282546997,0.8908339142799377,0.04197588190436363,0,0
48,LEFT_HEEL,0.6488926410675049,0.8770828247070312,0.2335810363292694,0,0
48,RIGHT_HEEL,0.6408642530441284,0.9078179001808167,0.04552866518497467,0,0
48,LEFT_FOOT_INDEX,0.6754167675971985,0.8868692517280579,0.21658839285373688,0,0
48,RIGHT_FOOT_INDEX,0.6723150610923767,0.9071580171585083,0.005418671760708094,0,0
49,NOSE,0.6808091998100281,0.49202632904052734,-0.09552251547574997,0,0
49,LEFT_EYE_INNER,0.6800839304924011,0.48154178261756897,-0.08424707502126694,0,0
49,LEFT_EYE,0.6801766753196716,0.4813612103462219,-0.08426202833652496,0,0
49,LEFT_EYE_OUTER,0.6802704334259033,0.48122110962867737,-0.08426608890295029,0,0
49,RIGHT_EYE_INNER,0.6783296465873718,0.4810115694999695,-0.10380228608846664,0,0
49,RIGHT_EYE,0.6773712635040283,0.48044726252555847,-0.10381773114204407,0,0
49,RIGHT_EYE_OUTER,0.6768988370895386,0.47981590032577515,-0.10383925586938858,0,0
49,LEFT_EAR,0.6730879545211792,0.4825974702835083,-0.026736075058579445,0,0
49,RIGHT_EAR,0.6686837673187256,0.48143672943115234,-0.11377860605716705,0,0
49,MOUTH_LEFT,0.6780489683151245,0.5019445419311523,-0.0715571716427803,0,0
49,MOUTH_RIGHT,0.6767622232437134,0.50136399269104,-0.09683406352996826,0,0
49,LEFT_SHOULDER,0.6524795293807983,0.5337972640991211,0.05996578186750412,0,0
49,RIGHT_SHOULDER,0.6588109731674194,0.5400906801223755,-0.15209977328777313,0,0
49,LEFT_ELBOW,0.6525262594223022,0.610467255115509,0.09067298471927643,0,0
49,RIGHT_ELBOW,0.6589752435684204,0.618161141872406,-0.16166044771671295,0,0
49,LEFT_WRIST,0.6702076196670532,0.6522811651229858,0.04863546043634415,0,0
49,RIGHT_WRIST,0.6922586560249329,0.6616593599319458,-0.12338641285896301,0,0
49,LEFT_PINKY,0.6788204908370972,0.6655128598213196,0.045730236917734146,0,0
49,RIGHT_PINKY,0.7023922801017761,0.6736634373664856,-0.13775691390037537,0,0
49,LEFT_INDEX,0.6820517778396606,0.6623835563659668,0.03130863234400749,0,0
49,RIGHT_INDEX,0.7046014666557312,0.6697282195091248,-0.13653551042079926,0,0
49,LEFT_THUMB,0.6796374917030334,0.6590958833694458,0.03982602432370186,0,0
49,RIGHT_THUMB,0.7041276097297668,0.6662790179252625,-0.12122603505849838,0,0
49,LEFT_HIP,0.642777144908905,0.6769022941589355,0.06699325144290924,0,0
49,RIGHT_HIP,0.6485986113548279,0.6848763823509216,-0.06711290776729584,0,0
49,LEFT_KNEE,0.6659703850746155,0.7634247541427612,0.139237642288208,0,0
49,RIGHT_KNEE,0.6621296405792236,0.7844738364219666,-0.025531897321343422,0,0
49,LEFT_ANKLE,0.6544590592384338,0.8636608719825745,0.22872377932071686,0,0
49,RIGHT_ANKLE,0.6471701264381409,0.8901776671409607,0.026409205049276352,0,0
49,LEFT_HEEL,0.6490705013275146,0.8761743903160095,0.23533543944358826,0,0
49,RIGHT_HEEL,0.6406878232955933,0.907058835029602,0.029323523864150047,0,0
49,LEFT_FOOT_INDEX,0.6755908727645874,0.8867586851119995,0.2179112285375595,0,0
49,RIGHT_FOOT_INDEX,0.6720598340034485,0.9070554375648499,-0.00590135483071208,0,0
50,NOSE,0.6806231141090393,0.48815035820007324,-0.09227513521909714,0,0
50,LEFT_EYE_INNER,0.6798785924911499,0.4783349931240082,-0.08192311972379684,0,0
50,LEFT_EYE,0.6799757480621338,0.4784221053123474,-0.08193274587392807,0,0
50,LEFT_EYE_OUTER,0.6800529360771179,0.47844886779785156,-0.081935815513134,0,0
50,RIGHT_EYE_INNER,0.6781086325645447,0.47699984908103943,-0.10178853571414948,0,0
50,RIGHT_EYE,0.6772314310073853,0.47629547119140625,-0.10180346667766571,0,0
50,RIGHT_EYE_OUTER,0.6765099167823792,0.47549137473106384,-0.10183556377887726,0,0
50,LEFT_EAR,0.6729106307029724,0.4793698787689209,-0.025601468980312347,0,0
50,RIGHT_EAR,0.668481171131134,0.4774586856365204,-0.11428088694810867,0,0
50,MOUTH_LEFT,0.6778444647789001,0.49806320667266846,-0.06856556981801987,0,0
50,MOUTH_RIGHT,0.6766144633293152,0.49690473079681396,-0.09431876987218857,0,0
50,LEFT_SHOULDER,0.6534279584884644,0.5299675464630127,0.06047648936510086,0,0
50,RIGHT_SHOULDER,0.6583951711654663,0.5325919389724731,-0.15172050893306732,0,0
50,LEFT_ELBOW,0.6512804627418518,0.6077061295509338,0.09095127880573273,0,0
50,RIGHT_ELBOW,0.6539884209632874,0.6133732795715332,-0.16668644547462463,0,0
50,LEFT_WRIST,0.6686843037605286,0.6519061326980591,0.05033336952328682,0,0
50,RIGHT_WRIST,0.6880269646644592,0.6562736630439758,-0.1409340351819992,0,0
50,LEFT_PINKY,0.677974283695221,0.6639358997344971,0.04727775976061821,0,0
50,RIGHT_PINKY,0.6974371671676636,0.6680241227149963,-0.15751753747463226,0,0
50,LEFT_INDEX,0.6811054348945618,0.6608195304870605,0.03218189254403114,0,0
50,RIGHT_INDEX,0.7006397843360901,0.6642918586730957,-0.15535637736320496,0,0
50,LEFT_THUMB,0.6787706613540649,0.6577663421630859,0.0412980392575264,0,0
50,RIGHT_THUMB,0.6994954347610474,0.6609165072441101,-0.1385318636894226,0,0
50,LEFT_HIP,0.6440861821174622,0.6759682297706604,0.06695744395256042,0,0
50,RIGHT_HIP,0.6482429504394531,0.6802220940589905,-0.06707528978586197,0,0
50,LEFT_KNEE,0.6648786664009094,0.7636167407035828,0.13165727257728577,0,0
50,RIGHT_KNEE,0.6620030999183655,0.7831428647041321,-0.028160685673356056,0,0
50,LEFT_ANKLE,0.654374361038208,0.8634518980979919,0.22207079827785492,0,0
50,RIGHT_ANKLE,0.6468104720115662,0.8904553651809692,0.023778313770890236,0,0
50,LEFT_HEEL,0.649223268032074,0.8757114410400391,0.22787734866142273,0,0
50,RIGHT_HEEL,0.6398912072181702,0.9077070951461792,0.026161465793848038,0,0
50,LEFT_FOOT_INDEX,0.6762937307357788,0.8866669535636902,0.19561392068862915,0,0
50,RIGHT_FOOT_INDEX,0.672511637210846,0.9073097705841064,-0.010061275213956833,0,0
51,NOSE,0.6805902123451233,0.48324403166770935,-0.11431262642145157,0,0
51,LEFT_EYE_INNER,0.6796314120292664,0.47309184074401855,-0.10219796746969223,0,0
51,LEFT_EYE,0.6797943711280823,0.473374605178833,-0.10219612717628479,0,0
51,LEFT_EYE_OUTER,0.680027425289154,0.47365203499794006,-0.10218767076730728,0,0
51,RIGHT_EYE_INNER,0.6772102117538452,0.47117677330970764,-0.11971685290336609,0,0
51,RIGHT_EYE,0.6754858493804932,0.4703259766101837,-0.1197364404797554,0,0
51,RIGHT_EYE_OUTER,0.6737147569656372,0.4695490598678589,-0.11976464837789536,0,0
51,LEFT_EAR,0.6731258034706116,0.47467994689941406,-0.03651975467801094,0,0
51,RIGHT_EAR,0.6663219332695007,0.47197607159614563,-0.11546667665243149,0,0
51,MOUTH_LEFT,0.6776639223098755,0.4937519133090973,-0.08734076470136642,0,0
51,MOUTH_RIGHT,0.6753283143043518,0.492195188999176,-0.11002231389284134,0,0
51,LEFT_SHOULDER,0.654344916343689,0.526282548904419,0.05581463873386383,0,0
51,RIGHT_SHOULDER,0.6564657688140869,0.5273383855819702,-0.14672471582889557,0,0
51,LEFT_ELBOW,0.6542953252792358,0.5998702645301819,0.09020796418190002,0,0
51,RIGHT_ELBOW,0.6475376486778259,0.60793536901474,-0.15960362553596497,0,0
51,LEFT_WRIST,0.6723086833953857,0.6399517059326172,0.037405893206596375,0,0
51,RIGHT_WRIST,0.6836320161819458,0.648003339767456,-0.13910339772701263,0,0
51,LEFT_PINKY,0.6830686926841736,0.6587970852851868,0.032459452748298645,0,0
51,RIGHT_PINKY,0.6924094557762146,0.6606236696243286,-0.1555737853050232,0,0
51,LEFT_INDEX,0.6857734322547913,0.6557577848434448,0.017350967973470688,0,0
51,RIGHT_INDEX,0.6954489946365356,0.6564341187477112,-0.1538870632648468,0,0
51,LEFT_THUMB,0.6829395294189453,0.6519209146499634,0.028247693553566933,0,0
51,RIGHT_THUMB,0.6934702396392822,0.6522699594497681,-0.1365935504436493,0,0
51,LEFT_HIP,0.6445388793945312,0.6715118288993835,0.06560618430376053,0,0
51,RIGHT_HIP,0.6481726765632629,0.6745699644088745,-0.06570782512426376,0,0
51,LEFT_KNEE,0.6631320714950562,0.7635824680328369,0.12139037996530533,0,0
51,RIGHT_KNEE,0.6602706909179688,0.7790369391441345,-0.01898517832159996,0,0
51,LEFT_ANKLE,0.6542312502861023,0.8633460402488708,0.19683970510959625,0,0
51,RIGHT_ANKLE,0.6473466157913208,0.890112042427063,0.04546346515417099,0,0
51,LEFT_HEEL,0.6490102410316467,0.8758461475372314,0.2014283984899521,0,0
51,RIGHT_HEEL,0.6405764818191528,0.9072974920272827,0.04905947297811508,0,0
51,LEFT_FOOT_INDEX,0.6759480834007263,0.8853024244308472,0.17226558923721313,0,0
51,RIGHT_FOOT_INDEX,0.6740540862083435,0.9065868258476257,0.0034737251698970795,0,0
52,NOSE,0.6800254583358765,0.47834303975105286,-0.13704071938991547,0,0
52,LEFT_EYE_INNER,0.6795457601547241,0.46769171953201294,-0.12416334450244904,0,0
52,LEFT_EYE,0.6795858144760132,0.46792072057724,-0.12416241317987442,0,0
52,LEFT_EYE_OUTER,0.6798524260520935,0.4681546092033386,-0.12415556609630585,0,0
52,RIGHT_EYE_INNER,0.6758603453636169,0.46575936675071716,-0.13973776996135712,0,0
52,RIGHT_EYE,0.6736076474189758,0.46493270993232727,-0.1397545486688614,0,0
52,RIGHT_EYE_OUTER,0.6711095571517944,0.46418219804763794,-0.13978344202041626,0,0
52,LEFT_EAR,0.6733313798904419,0.46917659044265747,-0.05290287360548973,0,0
52,RIGHT_EAR,0.6634998321533203,0.4669176936149597,-0.1229756698012352,0,0
52,MOUTH_LEFT,0.6775375604629517,0.4894181489944458,-0.1082204282283783,0,0
52,MOUTH_RIGHT,0.674087405204773,0.48767638206481934,-0.1284189522266388,0,0
52,LEFT_SHOULDER,0.661359965801239,0.5251258015632629,0.04297726973891258,0,0
52,RIGHT_SHOULDER,0.6503998637199402,0.521495521068573,-0.1441609114408493,0,0
52,LEFT_ELBOW,0.6589135527610779,0.5946347713470459,0.08861715346574783,0,0
52,RIGHT_ELBOW,0.6393404603004456,0.6014400720596313,-0.15778429806232452,0,0
52,LEFT_WRIST,0.6813376545906067,0.6329230070114136,0.03385363891720772,0,0
52,RIGHT_WRIST,0.6776594519615173,0.640454888343811,-0.16001224517822266,0,0
52,LEFT_PINKY,0.6889373064041138,0.642113208770752,0.026692334562540054,0,0
52,RIGHT_PINKY,0.6861522793769836,0.6537685394287109,-0.17911240458488464,0,0
52,LEFT_INDEX,0.6918376684188843,0.6377972960472107,0.010127331130206585,0,0
52,RIGHT_INDEX,0.6894317269325256,0.6481150388717651,-0.17864397168159485,0,0
52,LEFT_THUMB,0.688829243183136,0.6340325474739075,0.024389296770095825,0,0
52,RIGHT_THUMB,0.6867637038230896,0.6430606842041016,-0.1579534113407135,0,0
52,LEFT_HIP,0.6487864255905151,0.6700700521469116,0.060724057257175446,0,0
52,RIGHT_HIP,0.6448675394058228,0.6717890501022339,-0.06082095578312874,0,0
52,LEFT_KNEE,0.6619717478752136,0.7638203501701355,0.10451123118400574,0,0
52,RIGHT_KNEE,0.6578776836395264,0.7762036919593811,-0.018155330792069435,0,0
52,LEFT_ANKLE,0.6532463431358337,0.8652657866477966,0.17700496315956116,0,0
52,RIGHT_ANKLE,0.6475725173950195,0.8889169692993164,0.0530606172978878,0,0
52,LEFT_HEEL,0.6487513780593872,0.8791516423225403,0.1812707781791687,0,0
52,RIGHT_HEEL,0.6412220001220703,0.906538724899292,0.05771015211939812,0,0
52,LEFT_FOOT_INDEX,0.6741270422935486,0.8891645669937134,0.1483529508113861,0,0
52,RIGHT_FOOT_INDEX,0.6725144982337952,0.9074633121490479,0.008191151544451714,0,0
53,NOSE,0.6789430975914001,0.477588951587677,-0.13343872129917145,0,0
53,LEFT_EYE_INNER,0.67885422706604,0.4666959345340729,-0.1198665127158165,0,0
53,LEFT_EYE,0.6792564988136292,0.46679171919822693,-0.11986920982599258,0,0
53,LEFT_EYE_OUTER,0.6798149943351746,0.46683040261268616,-0.11986774951219559,0,0
53,RIGHT_EYE_INNER,0.6745842695236206,0.4651987552642822,-0.13577643036842346,0,0
53,RIGHT_EYE,0.6722854971885681,0.4644372761249542,-0.13578572869300842,0,0
53,RIGHT_EYE_OUTER,0.6696679592132568,0.46378782391548157,-0.13581086695194244,0,0
53,LEFT_EAR,0.6730619668960571,0.4682621359825134,-0.046742405742406845,0,0
53,RIGHT_EAR,0.6620855927467346,0.4666591286659241,-0.11816231906414032,0,0
53,MOUTH_LEFT,0.6772080659866333,0.48834946751594543,-0.1038791835308075,0,0
53,MOUTH_RIGHT,0.6730356216430664,0.48711520433425903,-0.12444703280925751,0,0
53,LEFT_SHOULDER,0.6630250215530396,0.5244183540344238,0.04923005402088165,0,0
53,RIGHT_SHOULDER,0.6480913758277893,0.5208578705787659,-0.14208994805812836,0,0
53,LEFT_ELBOW,0.6608874201774597,0.5911931991577148,0.09844117611646652,0,0
53,RIGHT_ELBOW,0.6355893611907959,0.5978333353996277,-0.16007345914840698,0,0
53,LEFT_WRIST,0.683998167514801,0.6262445449829102,0.044032786041498184,0,0
53,RIGHT_WRIST,0.6733213067054749,0.6386405825614929,-0.17643557488918304,0,0
53,LEFT_PINKY,0.6923010349273682,0.6315211653709412,0.03845471888780594,0,0
53,RIGHT_PINKY,0.6806973814964294,0.6504929065704346,-0.19768323004245758,0,0
53,LEFT_INDEX,0.6947115659713745,0.6261811852455139,0.021161003038287163,0,0
53,RIGHT_INDEX,0.6839880347251892,0.6433630585670471,-0.19722573459148407,0,0
53,LEFT_THUMB,0.6911166310310364,0.6245278716087341,0.034841474145650864,0,0
53,RIGHT_THUMB,0.6818152666091919,0.6386661529541016,-0.1746288388967514,0,0
53,LEFT_HIP,0.6494722962379456,0.668034553527832,0.0611119419336319,0,0
53,RIGHT_HIP,0.6426602602005005,0.6695024371147156,-0.06119877099990845,0,0
53,LEFT_KNEE,0.6592700481414795,0.7638063430786133,0.09576661139726639,0,0
53,RIGHT_KNEE,0.6572591066360474,0.7734948992729187,-0.03244100511074066,0,0
53,LEFT_ANKLE,0.650191605091095,0.8663344979286194,0.16242922842502594,0,0
53,RIGHT_ANKLE,0.6470563411712646,0.888214647769928,0.03032994084060192,0,0
53,LEFT_HEEL,0.6451564431190491,0.8827657699584961,0.16583874821662903,0,0
53,RIGHT_HEEL,0.6407134532928467,0.9065058827400208,0.03360452502965927,0,0
53,LEFT_FOOT_INDEX,0.6715930104255676,0.8927655220031738,0.13175737857818604,0,0
53,RIGHT_FOOT_INDEX,0.6720873117446899,0.9089609980583191,-0.02323419600725174,0,0
54,NOSE,0.6782749891281128,0.47781214118003845,-0.1353752315044403,0,0
54,LEFT_EYE_INNER,0.6784102320671082,0.4669082760810852,-0.12121549248695374,0,0
54,LEFT_EYE,0.6790418028831482,0.46700888872146606,-0.12121756374835968,0,0
54,LEFT_EYE_OUTER,0.6797745227813721,0.46702495217323303,-0.1212153211236,0,0
54,RIGHT_EYE_INNER,0.6739616394042969,0.465500146150589,-0.13638652861118317,0,0
54,RIGHT_EYE,0.6716428995132446,0.4647025167942047,-0.13639476895332336,0,0
54,RIGHT_EYE_OUTER,0.66901034116745,0.4639708995819092,-0.13641826808452606,0,0
54,LEFT_EAR,0.672980010509491,0.4684302508831024,-0.04556576907634735,0,0
54,RIGHT_EAR,0.6613028049468994,0.46652859449386597,-0.11430210620164871,0,0
54,MOUTH_LEFT,0.6770374178886414,0.48819535970687866,-0.1050194650888443,0,0
54,MOUTH_RIGHT,0.6725563406944275,0.4871766269207001,-0.12460479885339737,0,0
54,LEFT_SHOULDER,0.6644945740699768,0.5245266556739807,0.051804762333631516,0,0
54,RIGHT_SHOULDER,0.6468185186386108,0.5204516649246216,-0.13685916364192963,0,0
54,LEFT_ELBOW,0.662943959236145,0.5898929238319397,0.10201599448919296,0,0
54,RIGHT_ELBOW,0.6347459554672241,0.5961447358131409,-0.16042372584342957,0,0
54,LEFT_WRIST,0.685625433921814,0.6247454881668091,0.04703904688358307,0,0
54,RIGHT_WRIST,0.6728775501251221,0.6379673480987549,-0.181163027882576,0,0
54,LEFT_PINKY,0.69478440284729,0.6287040710449219,0.04069823771715164,0,0
54,RIGHT_PINKY,0.6799493432044983,0.6497576236724854,-0.20291869342327118,0,0
54,LEFT_INDEX,0.6969293355941772,0.6240302920341492,0.022529853507876396,0,0
54,RIGHT_INDEX,0.6834700107574463,0.6423057913780212,-0.20175407826900482,0,0
54,LEFT_THUMB,0.693345308303833,0.6227539777755737,0.03742942586541176,0,0
54,RIGHT_THUMB,0.6812193989753723,0.6375241875648499,-0.17914418876171112,0,0
54,LEFT_HIP,0.6500431299209595,0.6672465205192566,0.06115233898162842,0,0
54,RIGHT_HIP,0.6411088109016418,0.6680055856704712,-0.06123153865337372,0,0
54,LEFT_KNEE,0.6581422090530396,0.7637858390808105,0.09475727379322052,0,0
54,RIGHT_KNEE,0.6566445231437683,0.7724505066871643,-0.036700356751680374,0,0
54,LEFT_ANKLE,0.6490522027015686,0.867079496383667,0.16307251155376434,0,0
54,RIGHT_ANKLE,0.6468072533607483,0.8880046010017395,0.022545937448740005,0,0
54,LEFT_HEEL,0.6441081166267395,0.8840717077255249,0.16661006212234497,0,0
54,RIGHT_HEEL,0.6404990553855896,0.9063142538070679,0.025437988340854645,0,0
54,LEFT_FOOT_INDEX,0.6706364154815674,0.8946372270584106,0.1316937655210495,0,0
54,RIGHT_FOOT_INDEX,0.6716814637184143,0.910541296005249,-0.030696000903844833,0,0
55,NOSE,0.6766370534896851,0.47829538583755493,-0.1591094434261322,0,0
55,LEFT_EYE_INNER,0.677097737789154,0.46754583716392517,-0.14403051137924194,0,0
55,LEFT_EYE,0.6780361533164978,0.46762657165527344,-0.1440306007862091,0,0
55,LEFT_EYE_OUTER,0.679033100605011,0.4676383435726166,-0.1440294235944748,0,0
55,RIGHT_EYE_INNER,0.6722269654273987,0.4662873446941376,-0.1589067280292511,0,0
55,RIGHT_EYE,0.6696459054946899,0.4655456244945526,-0.15892913937568665,0,0
55,RIGHT_EYE_OUTER,0.6668211221694946,0.46484658122062683,-0.15895920991897583,0,0
55,LEFT_EAR,0.672858476638794,0.4692269563674927,-0.06365831941366196,0,0
55,RIGHT_EAR,0.6593840718269348,0.4674447178840637,-0.13006480038166046,0,0
55,MOUTH_LEFT,0.676240086555481,0.4885558485984802,-0.1272486299276352,0,0
55,MOUTH_RIGHT,0.6710860133171082,0.4876466989517212,-0.14646512269973755,0,0
55,LEFT_SHOULDER,0.6657723784446716,0.5247268676757812,0.03976960852742195,0,0
55,RIGHT_SHOULDER,0.643841028213501,0.5218783617019653,-0.1453811377286911,0,0
55,LEFT_ELBOW,0.6621952056884766,0.5897687077522278,0.0949791744351387,0,0
55,RIGHT_ELBOW,0.6311188340187073,0.5980392694473267,-0.16439929604530334,0,0
55,LEFT_WRIST,0.6830487847328186,0.6252565383911133,0.03897354379296303,0,0
55,RIGHT_WRIST,0.6675330996513367,0.6397900581359863,-0.17361359298229218,0,0
55,LEFT_PINKY,0.6913852691650391,0.6312804818153381,0.03170118108391762,0,0
55,RIGHT_PINKY,0.6754118204116821,0.6512815952301025,-0.19351892173290253,0,0
55,LEFT_INDEX,0.6943762898445129,0.6269630193710327,0.013440796174108982,0,0
55,RIGHT_INDEX,0.6791003942489624,0.6444893479347229,-0.19283850491046906,0,0
55,LEFT_THUMB,0.6906126737594604,0.6249673962593079,0.028900394216179848,0,0
55,RIGHT_THUMB,0.6771401166915894,0.6401234269142151,-0.1714521050453186,0,0
55,LEFT_HIP,0.6513931155204773,0.6673001050949097,0.061248429119586945,0,0
55,RIGHT_HIP,0.6399009823799133,0.6689068078994751,-0.06133636459708214,0,0
55,LEFT_KNEE,0.6567255854606628,0.7647668719291687,0.09915241599082947,0,0
55,RIGHT_KNEE,0.6560676693916321,0.772951066493988,-0.03176143392920494,0,0
55,LEFT_ANKLE,0.6485645174980164,0.8669692277908325,0.1862896978855133,0,0
55,RIGHT_ANKLE,0.6465381979942322,0.885888397693634,0.043322738260030746,0,0
55,LEFT_HEEL,0.6436707973480225,0.8834488987922668,0.19117134809494019,0,0
55,RIGHT_HEEL,0.6403045058250427,0.9039957523345947,0.048090334981679916,0,0
55,LEFT_FOOT_INDEX,0.6706221699714661,0.8971452116966248,0.14433620870113373,0,0
55,RIGHT_FOOT_INDEX,0.6713789105415344,0.9120236039161682,-0.007548692170530558,0,0
56,NOSE,0.6747265458106995,0.4805646538734436,-0.16202999651432037,0,0
56,LEFT_EYE_INNER,0.6756619215011597,0.4707995355129242,-0.14572305977344513,0,0
56,LEFT_EYE,0.6768439412117004,0.4710806906223297,-0.14574964344501495,0,0
56,LEFT_EYE_OUTER,0.6780394315719604,0.4713197946548462,-0.14574147760868073,0,0
56,RIGHT_EYE_INNER,0.670634388923645,0.4694744944572449,-0.15841756761074066,0,0
56,RIGHT_EYE,0.6680347323417664,0.46884459257125854,-0.1584336757659912,0,0
56,RIGHT_EYE_OUTER,0.6652162671089172,0.46810513734817505,-0.1584720015525818,0,0
56,LEFT_EAR,0.6727936267852783,0.47365471720695496,-0.05857061594724655,0,0
56,RIGHT_EAR,0.6579656600952148,0.47055333852767944,-0.1213281974196434,0,0
56,MOUTH_LEFT,0.6750729084014893,0.4908904433250427,-0.1279521882534027,0,0
56,MOUTH_RIGHT,0.6692920327186584,0.4895455837249756,-0.14433398842811584,0,0
56,LEFT_SHOULDER,0.6706127524375916,0.5286699533462524,0.03815912455320358,0,0
56,RIGHT_SHOULDER,0.6400781273841858,0.5240475535392761,-0.1255340725183487,0,0
56,LEFT_ELBOW,0.667461097240448,0.5907142162322998,0.061847809702157974,0,0
56,RIGHT_ELBOW,0.6247040033340454,0.5982300639152527,-0.14632974565029144,0,0
56,LEFT_WRIST,0.6835529208183289,0.6264575719833374,-0.04558169096708298,0,0
56,RIGHT_WRIST,0.6604883670806885,0.6403746604919434,-0.16808724403381348,0,0
56,LEFT_PINKY,0.689150869846344,0.6346503496170044,-0.0660463497042656,0,0
56,RIGHT_PINKY,0.6689257025718689,0.6529808044433594,-0.19085600972175598,0,0
56,LEFT_INDEX,0.6917676329612732,0.6305206418037415,-0.08415131270885468,0,0
56,RIGHT_INDEX,0.6733791828155518,0.645203173160553,-0.1937178075313568,0,0
56,LEFT_THUMB,0.6884034276008606,0.627960741519928,-0.05697992816567421,0,0
56,RIGHT_THUMB,0.6717817187309265,0.641438364982605,-0.16762539744377136,0,0
56,LEFT_HIP,0.6548318862915039,0.6709979176521301,0.05942733958363533,0,0
56,RIGHT_HIP,0.6376939415931702,0.6703847050666809,-0.059487245976924896,0,0
56,LEFT_KNEE,0.656765341758728,0.7691674828529358,0.08916302770376205,0,0
56,RIGHT_KNEE,0.6555694341659546,0.7730680704116821,-0.04383811727166176,0,0
56,LEFT_ANKLE,0.6486053466796875,0.8678250908851624,0.18157857656478882,0,0
56,RIGHT_ANKLE,0.6464604735374451,0.8833171129226685,0.040717851370573044,0,0
56,LEFT_HEEL,0.6432475447654724,0.8835419416427612,0.18698139488697052,0,0
56,RIGHT_HEEL,0.6401537656784058,0.8986375331878662,0.04612229764461517,0,0
56,LEFT_FOOT_INDEX,0.670758843421936,0.9000512361526489,0.14074864983558655,0,0
56,RIGHT_FOOT_INDEX,0.6714454293251038,0.9125600457191467,-0.01150938868522644,0,0
57,NOSE,0.6732281446456909,0.4840526878833771,-0.17470544576644897,0,0
57,LEFT_EYE_INNER,0.6741899251937866,0.47423863410949707,-0.1596609503030777,0,0
57,LEFT_EYE,0.675430178642273,0.4746219217777252,-0.15968942642211914,0,0
57,LEFT_EYE_OUTER,0.6766721606254578,0.47496548295021057,-0.1596933752298355,0,0
57,RIGHT_EYE_INNER,0.6692401766777039,0.4729782044887543,-0.17195892333984375,0,0
57,RIGHT_EYE,0.6666520833969116,0.47237545251846313,-0.17198726534843445,0,0
57,RIGHT_EYE_OUTER,0.6638431549072266,0.47189855575561523,-0.17202934622764587,0,0
57,LEFT_EAR,0.6725782155990601,0.4785498082637787,-0.07639893144369125,0,0
57,RIGHT_EAR,0.6561827063560486,0.47564905881881714,-0.13144740462303162,0,0
57,MOUTH_LEFT,0.6739914417266846,0.49452289938926697,-0.14230218529701233,0,0
57,MOUTH_RIGHT,0.6681004762649536,0.4929353594779968,-0.15813149511814117,0,0
57,LEFT_SHOULDER,0.6706792712211609,0.5336027145385742,0.01222027838230133,0,0
57,RIGHT_SHOULDER,0.6362826228141785,0.5320554971694946,-0.1287143975496292,0,0
57,LEFT_ELBOW,0.6674014329910278,0.5937483310699463,0.03825359046459198,0,0
57,RIGHT_ELBOW,0.6198999881744385,0.6069478988647461,-0.14737650752067566,0,0
57,LEFT_WRIST,0.683528482913971,0.6270077228546143,-0.055934224277734756,0,0
57,RIGHT_WRIST,0.6569768786430359,0.6455982327461243,-0.1715843826532364,0,0
57,LEFT_PINKY,0.6888232827186584,0.6363979578018188,-0.07535592466592789,0,0
57,RIGHT_PINKY,0.6651301980018616,0.6597379446029663,-0.19313174486160278,0,0
57,LEFT_INDEX,0.6906801462173462,0.6322429180145264,-0.09186937659978867,0,0
57,RIGHT_INDEX,0.6698949337005615,0.6476696729660034,-0.1966840624809265,0,0
57,LEFT_THUMB,0.6878052949905396,0.6296154856681824,-0.06652538478374481,0,0
57,RIGHT_THUMB,0.6679533123970032,0.643955647945404,-0.17157216370105743,0,0
57,LEFT_HIP,0.6550848484039307,0.6765865087509155,0.05178041011095047,0,0
57,RIGHT_HIP,0.6347946524620056,0.6758403778076172,-0.05181598290801048,0,0
57,LEFT_KNEE,0.6592473983764648,0.774010419845581,0.07243288308382034,0,0
57,RIGHT_KNEE,0.6518527269363403,0.7749284505844116,-0.03473732993006706,0,0
57,LEFT_ANKLE,0.6487482190132141,0.8681730628013611,0.16175977885723114,0,0
57,RIGHT_ANKLE,0.6465108394622803,0.8802879452705383,0.06096111610531807,0,0
57,LEFT_HEEL,0.6434407830238342,0.8833789229393005,0.16705432534217834,0,0
57,RIGHT_HEEL,0.6407507061958313,0.8947405815124512,0.06724836677312851,0,0
57,LEFT_FOOT_INDEX,0.6707894206047058,0.9021941423416138,0.1174745187163353,0,0
57,RIGHT_FOOT_INDEX,0.6713008284568787,0.9136916399002075,0.0018120757304131985,0,0
58,NOSE,0.671389639377594,0.48776572942733765,-0.18222251534461975,0,0
58,LEFT_EYE_INNER,0.6726527810096741,0.47766774892807007,-0.16862605512142181,0,0
58,LEFT_EYE,0.6739677786827087,0.4781051576137543,-0.1686592400074005,0,0
58,LEFT_EYE_OUTER,0.6752640604972839,0.478543758392334,-0.16865678131580353,0,0
58,RIGHT_EYE_INNER,0.6674171090126038,0.4764721989631653,-0.17868821322917938,0,0
58,RIGHT_EYE,0.6647070050239563,0.47597137093544006,-0.1787140667438507,0,0
58,RIGHT_EYE_OUTER,0.6619358062744141,0.4756409823894501,-0.1787542700767517,0,0
58,LEFT_EAR,0.6723738312721252,0.48269975185394287,-0.08712711185216904,0,0
58,RIGHT_EAR,0.6544520854949951,0.4796488881111145,-0.13210751116275787,0,0
58,MOUTH_LEFT,0.6724647283554077,0.4982789158821106,-0.15026052296161652,0,0
58,MOUTH_RIGHT,0.6663088202476501,0.49668917059898376,-0.16314823925495148,0,0
58,LEFT_SHOULDER,0.6734251379966736,0.5366560816764832,-0.004664363339543343,0,0
58,RIGHT_SHOULDER,0.631757378578186,0.5372151732444763,-0.12506994605064392,0,0
58,LEFT_ELBOW,0.6703706979751587,0.6006978154182434,0.005686082411557436,0,0
58,RIGHT_ELBOW,0.6169740557670593,0.6149693727493286,-0.1360490918159485,0,0
58,LEFT_WRIST,0.6822329163551331,0.635062038898468,-0.10924272984266281,0,0
58,RIGHT_WRIST,0.6534537672996521,0.6536564230918884,-0.16708232462406158,0,0
58,LEFT_PINKY,0.6879526972770691,0.6485080718994141,-0.13379758596420288,0,0
58,RIGHT_PINKY,0.6606625318527222,0.6685474514961243,-0.1888229250907898,0,0
58,LEFT_INDEX,0.6896778345108032,0.6408576965332031,-0.1497334986925125,0,0
58,RIGHT_INDEX,0.6654026508331299,0.6568244099617004,-0.1938999742269516,0,0
58,LEFT_THUMB,0.6859543323516846,0.6366233825683594,-0.12003600597381592,0,0
58,RIGHT_THUMB,0.6637060046195984,0.6528162360191345,-0.16783854365348816,0,0
58,LEFT_HIP,0.6561834812164307,0.6804596781730652,0.04359356313943863,0,0
58,RIGHT_HIP,0.6336738467216492,0.6803503632545471,-0.0436052642762661,0,0
58,LEFT_KNEE,0.6612036824226379,0.7762161493301392,0.07367169857025146,0,0
58,RIGHT_KNEE,0.6460500955581665,0.7775644659996033,-0.014171774499118328,0,0
58,LEFT_ANKLE,0.6479886174201965,0.8679117560386658,0.16354118287563324,0,0
58,RIGHT_ANKLE,0.6463015675544739,0.8789929151535034,0.07285834103822708,0,0
58,LEFT_HEEL,0.6419938206672668,0.8817739486694336,0.16892243921756744,0,0
58,RIGHT_HEEL,0.6404586434364319,0.8926390409469604,0.0780777707695961,0,0
58,LEFT_FOOT_INDEX,0.6678355932235718,0.9005330801010132,0.11624206602573395,0,0
58,RIGHT_FOOT_INDEX,0.6679666042327881,0.9135437607765198,0.007898380979895592,0,0
59,NOSE,0.6709412336349487,0.4890618324279785,-0.18389186263084412,0,0
59,LEFT_EYE_INNER,0.6721479296684265,0.4789780080318451,-0.16944363713264465,0,0
59,LEFT_EYE,0.6734659671783447,0.4794445335865021,-0.16947300732135773,0,0
59,LEFT_EYE_OUTER,0.6747379899024963,0.4799254834651947,-0.1694655567407608,0,0
59,RIGHT_EYE_INNER,0.6668363809585571,0.47763463854789734,-0.17934145033359528,0,0
59,RIGHT_EYE,0.6641892790794373,0.4770982563495636,-0.17936578392982483,0,0
59,RIGHT_EYE_OUTER,0.661419153213501,0.47677674889564514,-0.17940166592597961,0,0
59,LEFT_EAR,0.6721388101577759,0.48425209522247314,-0.08619094640016556,0,0
59,RIGHT_EAR,0.6540191769599915,0.48110175132751465,-0.13056281208992004,0,0
59,MOUTH_LEFT,0.6720604300498962,0.4997684061527252,-0.15150688588619232,0,0
59,MOUTH_RIGHT,0.6659008860588074,0.4981316924095154,-0.16418330371379852,0,0
59,LEFT_SHOULDER,0.6733219623565674,0.5377907752990723,-0.003469084855169058,0,0
59,RIGHT_SHOULDER,0.6314971446990967,0.5389136075973511,-0.12379550188779831,0,0
59,LEFT_ELBOW,0.6703246235847473,0.6024924516677856,0.010915359482169151,0,0
59,RIGHT_ELBOW,0.6164782643318176,0.6168438792228699,-0.13603359460830688,0,0
59,LEFT_WRIST,0.6815251708030701,0.6388586759567261,-0.09745825082063675,0,0
59,RIGHT_WRIST,0.6530542373657227,0.656061053276062,-0.16832035779953003,0,0
59,LEFT_PINKY,0.6878596544265747,0.6502171158790588,-0.12088575214147568,0,0
59,RIGHT_PINKY,0.6605024337768555,0.6705828905105591,-0.1903306394815445,0,0
59,LEFT_INDEX,0.6891366243362427,0.6442524194717407,-0.1367722600698471,0,0
59,RIGHT_INDEX,0.6650699377059937,0.6594707369804382,-0.19518665969371796,0,0
59,LEFT_THUMB,0.6851810216903687,0.6400356888771057,-0.10799896717071533,0,0
59,RIGHT_THUMB,0.6632649898529053,0.6553722620010376,-0.169117733836174,0,0
59,LEFT_HIP,0.656482458114624,0.6816814541816711,0.042720016092061996,0,0
59,RIGHT_HIP,0.6337881088256836,0.6818386316299438,-0.04274151474237442,0,0
59,LEFT_KNEE,0.6619770526885986,0.7778266072273254,0.07558444887399673,0,0
59,RIGHT_KNEE,0.6448603868484497,0.7787933349609375,-0.00653596967458725,0,0
59,LEFT_ANKLE,0.6473878026008606,0.8678321242332458,0.16582006216049194,0,0
59,RIGHT_ANKLE,0.645901620388031,0.8783276677131653,0.08399029076099396,0,0
59,LEFT_HEEL,0.6409937143325806,0.881395697593689,0.17121218144893646,0,0
59,RIGHT_HEEL,0.6402854919433594,0.8913160562515259,0.08966264873743057,0,0
59,LEFT_FOOT_INDEX,0.6669203042984009,0.9001065492630005,0.11792387068271637,0,0
59,RIGHT_FOOT_INDEX,0.6663148999214172,0.9134048223495483,0.0195784792304039,0,0
60,NOSE,0.6681481599807739,0.4908289611339569,-0.19795869290828705,0,0
60,LEFT_EYE_INNER,0.6697958707809448,0.48056989908218384,-0.18513821065425873,0,0
60,LEFT_EYE,0.6711878180503845,0.48102518916130066,-0.1851666122674942,0,0
60,LEFT_EYE_OUTER,0.6725146174430847,0.4815051555633545,-0.1851646453142166,0,0
60,RIGHT_EYE_INNER,0.6642884612083435,0.4791327118873596,-0.1936226636171341,0,0
60,RIGHT_EYE,0.6617233157157898,0.4785762131214142,-0.19364404678344727,0,0
60,RIGHT_EYE_OUTER,0.6589573621749878,0.4781349003314972,-0.193688303232193,0,0
60,LEFT_EAR,0.6708380579948425,0.48564594984054565,-0.10530716925859451,0,0
60,RIGHT_EAR,0.6518444418907166,0.48226210474967957,-0.14292994141578674,0,0
60,MOUTH_LEFT,0.6693527102470398,0.5015512108802795,-0.16674695909023285,0,0
60,MOUTH_RIGHT,0.6629063487052917,0.4996798038482666,-0.17765720188617706,0,0
60,LEFT_SHOULDER,0.6735443472862244,0.5387883186340332,-0.029100926592946053,0,0
60,RIGHT_SHOULDER,0.6273325085639954,0.5396525263786316,-0.12529301643371582,0,0
60,LEFT_ELBOW,0.6707299947738647,0.6064336895942688,-0.020037086680531502,0,0
60,RIGHT_ELBOW,0.6139410734176636,0.6171654462814331,-0.13525213301181793,0,0
60,LEFT_WRIST,0.6813551187515259,0.6389943957328796,-0.1283281296491623,0,0
60,RIGHT_WRIST,0.6481250524520874,0.6572737097740173,-0.16950218379497528,0,0
60,LEFT_PINKY,0.6860583424568176,0.6557027101516724,-0.1523299366235733,0,0
60,RIGHT_PINKY,0.655741274356842,0.6729102730751038,-0.1903240978717804,0,0
60,LEFT_INDEX,0.6832195520401001,0.6466490030288696,-0.16789241135120392,0,0
60,RIGHT_INDEX,0.6600270867347717,0.6622738242149353,-0.1971525400876999,0,0
60,LEFT_THUMB,0.6794584393501282,0.6422386765480042,-0.13849397003650665,0,0
60,RIGHT_THUMB,0.6584936380386353,0.6579959392547607,-0.1711864322423935,0,0
60,LEFT_HIP,0.6554832458496094,0.6814547777175903,0.034759096801280975,0,0
60,RIGHT_HIP,0.6302775740623474,0.6811924576759338,-0.0347762256860733,0,0
60,LEFT_KNEE,0.6618866324424744,0.7770549058914185,0.06889180839061737,0,0
60,RIGHT_KNEE,0.6390702724456787,0.7788485884666443,0.0038946790155023336,0,0
60,LEFT_ANKLE,0.6475556492805481,0.8678997159004211,0.15414036810398102,0,0
60,RIGHT_ANKLE,0.6392743587493896,0.8746099472045898,0.09601003676652908,0,0
60,LEFT_HEEL,0.6413497924804688,0.8811574578285217,0.15873204171657562,0,0
60,RIGHT_HEEL,0.635151207447052,0.8867901563644409,0.10118934512138367,0,0
60,LEFT_FOOT_INDEX,0.6666881442070007,0.901716411113739,0.09850510954856873,0,0
60,RIGHT_FOOT_INDEX,0.6535402536392212,0.9143748879432678,0.0278225839138031,0,0
61,NOSE,0.6653205156326294,0.4905048608779907,-0.17868223786354065,0,0
61,LEFT_EYE_INNER,0.6672418117523193,0.48036906123161316,-0.16629910469055176,0,0
61,LEFT_EYE,0.6686252951622009,0.4808160364627838,-0.16632841527462006,0,0
61,LEFT_EYE_OUTER,0.6697571873664856,0.4812665581703186,-0.1663171648979187,0,0
61,RIGHT_EYE_INNER,0.6621435284614563,0.47891372442245483,-0.17469172179698944,0,0
61,RIGHT_EYE,0.6596153378486633,0.4783021807670593,-0.17469866573810577,0,0
61,RIGHT_EYE_OUTER,0.6568838953971863,0.4778292179107666,-0.17473317682743073,0,0
61,LEFT_EAR,0.6687280535697937,0.4851270318031311,-0.08905375748872757,0,0
61,RIGHT_EAR,0.6496143937110901,0.4816771447658539,-0.13126438856124878,0,0
61,MOUTH_LEFT,0.6664151549339294,0.5010872483253479,-0.14845897257328033,0,0
61,MOUTH_RIGHT,0.6600423455238342,0.49929872155189514,-0.1594872921705246,0,0
61,LEFT_SHOULDER,0.6728687882423401,0.5387563705444336,-0.017025146633386612,0,0
61,RIGHT_SHOULDER,0.6244657635688782,0.5385957956314087,-0.10129109025001526,0,0
61,LEFT_ELBOW,0.671161949634552,0.6056916117668152,-0.02754278853535652,0,0
61,RIGHT_ELBOW,0.6109545230865479,0.6167357563972473,-0.10692808777093887,0,0
61,LEFT_WRIST,0.6826488375663757,0.6348556280136108,-0.16847512125968933,0,0
61,RIGHT_WRIST,0.6423144936561584,0.6567156314849854,-0.14914679527282715,0,0
61,LEFT_PINKY,0.6903610825538635,0.6535823345184326,-0.1981639713048935,0,0
61,RIGHT_PINKY,0.6493445634841919,0.6736564636230469,-0.16898317635059357,0,0
61,LEFT_INDEX,0.688917875289917,0.6445395946502686,-0.21412985026836395,0,0
61,RIGHT_INDEX,0.654489278793335,0.6631734371185303,-0.18026235699653625,0,0
61,LEFT_THUMB,0.6841323971748352,0.6397420763969421,-0.1794649213552475,0,0
61,RIGHT_THUMB,0.6535634994506836,0.6584842205047607,-0.15225113928318024,0,0
61,LEFT_HIP,0.6549031138420105,0.6806827187538147,0.03254051133990288,0,0
61,RIGHT_HIP,0.6284857988357544,0.6808549165725708,-0.03255293518304825,0,0
61,LEFT_KNEE,0.6605626940727234,0.7768630981445312,0.061388276517391205,0,0
61,RIGHT_KNEE,0.6338348984718323,0.7775746583938599,-0.000855877180583775,0,0
61,LEFT_ANKLE,0.6474348306655884,0.868138313293457,0.1513916403055191,0,0
61,RIGHT_ANKLE,0.6271421909332275,0.8728333115577698,0.0914759412407875,0,0
61,LEFT_HEEL,0.6409017443656921,0.8811367750167847,0.15641257166862488,0,0
61,RIGHT_HEEL,0.6252548098564148,0.8856191635131836,0.09667526930570602,0,0
61,LEFT_FOOT_INDEX,0.6661094427108765,0.9025017023086548,0.09842441231012344,0,0
61,RIGHT_FOOT_INDEX,0.6390851736068726,0.9186510443687439,0.024049872532486916,0,0
62,NOSE,0.6620728373527527,0.49018368124961853,-0.17596784234046936,0,0
62,LEFT_EYE_INNER,0.6640840172767639,0.4800037443637848,-0.16481879353523254,0,0
62,LEFT_EYE,0.6656238436698914,0.480427086353302,-0.164852574467659,0,0
62,LEFT_EYE_OUTER,0.6669513583183289,0.4808620810508728,-0.16484366357326508,0,0
62,RIGHT_EYE_INNER,0.659335196018219,0.47857365012168884,-0.17125435173511505,0,0
62,RIGHT_EYE,0.6567909121513367,0.4779599905014038,-0.1712551862001419,0,0
62,RIGHT_EYE_OUTER,0.6541481018066406,0.47747892141342163,-0.17128261923789978,0,0
62,LEFT_EAR,0.666383683681488,0.4844732880592346,-0.08992113918066025,0,0
62,RIGHT_EAR,0.6468711495399475,0.48124998807907104,-0.12160701304674149,0,0
62,MOUTH_LEFT,0.6629217863082886,0.5007582306861877,-0.1465516835451126,0,0
62,MOUTH_RIGHT,0.6564851403236389,0.49900251626968384,-0.1551963984966278,0,0
62,LEFT_SHOULDER,0.6723533868789673,0.5381202101707458,-0.02689746767282486,0,0
62,RIGHT_SHOULDER,0.6217679381370544,0.5373155474662781,-0.08734777569770813,0,0
62,LEFT_ELBOW,0.6705924868583679,0.6049343943595886,-0.04864378646016121,0,0
62,RIGHT_ELBOW,0.6072606444358826,0.6105979681015015,-0.08924202620983124,0,0
62,LEFT_WRIST,0.681753396987915,0.6339951157569885,-0.1988038718700409,0,0
62,RIGHT_WRIST,0.636819064617157,0.6563794612884521,-0.14136095345020294,0,0
62,LEFT_PINKY,0.6900627613067627,0.6498608589172363,-0.23094359040260315,0,0
62,RIGHT_PINKY,0.6436272263526917,0.6724599599838257,-0.16222333908081055,0,0
62,LEFT_INDEX,0.6874109506607056,0.6391898989677429,-0.2465013712644577,0,0
62,RIGHT_INDEX,0.6489017009735107,0.6624922752380371,-0.1719437688589096,0,0
62,LEFT_THUMB,0.682263970375061,0.6334940791130066,-0.20940041542053223,0,0
62,RIGHT_THUMB,0.6477031707763672,0.6577244400978088,-0.14427095651626587,0,0
62,LEFT_HIP,0.6545188426971436,0.6812390089035034,0.026763495057821274,0,0
62,RIGHT_HIP,0.6268614530563354,0.680496871471405,-0.0267629511654377,0,0
62,LEFT_KNEE,0.6578478217124939,0.7770813703536987,0.05032511055469513,0,0
62,RIGHT_KNEE,0.6256182789802551,0.7768512964248657,-0.006770918145775795,0,0
62,LEFT_ANKLE,0.6468880772590637,0.8690098524093628,0.1443946212530136,0,0
62,RIGHT_ANKLE,0.6149817109107971,0.8711115717887878,0.08629004657268524,0,0
62,LEFT_HEEL,0.6401901245117188,0.8824937343597412,0.14984644949436188,0,0
62,RIGHT_HEEL,0.6129236817359924,0.8828902244567871,0.09195096045732498,0,0
62,LEFT_FOOT_INDEX,0.6664993762969971,0.9035825133323669,0.0895547866821289,0,0
62,RIGHT_FOOT_INDEX,0.6228373646736145,0.9194313883781433,0.01972426101565361,0,0
63,NOSE,0.6597203016281128,0.4899563193321228,-0.17036032676696777,0,0
63,LEFT_EYE_INNER,0.6615543365478516,0.47980883717536926,-0.1589016169309616,0,0
63,LEFT_EYE,0.6629178524017334,0.4802324175834656,-0.15893010795116425,0,0
63,LEFT_EYE_OUTER,0.6642791628837585,0.4806421399116516,-0.15891902148723602,0,0
63,RIGHT_EYE_INNER,0.6569331884384155,0.47837305068969727,-0.1667024940252304,0,0
63,RIGHT_EYE,0.6544033885002136,0.477755069732666,-0.16671127080917358,0,0
63,RIGHT_EYE_OUTER,0.6517457962036133,0.4772835671901703,-0.16674645245075226,0,0
63,LEFT_EAR,0.6635647416114807,0.48439377546310425,-0.08352578431367874,0,0
63,RIGHT_EAR,0.6444957256317139,0.48100993037223816,-0.10956886410713196,0,0
63,MOUTH_LEFT,0.6601926684379578,0.5005024075508118,-0.14082342386245728,0,0
63,MOUTH_RIGHT,0.6540002226829529,0.4987978935241699,-0.1539306789636612,0,0
63,LEFT_SHOULDER,0.6718385815620422,0.5376896262168884,-0.015626726672053337,0,0
63,RIGHT_SHOULDER,0.6192129254341125,0.5350915789604187,-0.07704593986272812,0,0
63,LEFT_ELBOW,0.6708255410194397,0.6048195362091064,-0.029168589040637016,0,0
63,RIGHT_ELBOW,0.6014684438705444,0.6050965785980225,-0.08017705380916595,0,0
63,LEFT_WRIST,0.6767207980155945,0.6337753534317017,-0.17594565451145172,0,0
63,RIGHT_WRIST,0.6313384771347046,0.6551133394241333,-0.14237253367900848,0,0
63,LEFT_PINKY,0.6833627223968506,0.6495639681816101,-0.20720139145851135,0,0
63,RIGHT_PINKY,0.6376104354858398,0.671675980091095,-0.16408394277095795,0,0
63,LEFT_INDEX,0.6801344156265259,0.6388338804244995,-0.2236575484275818,0,0
63,RIGHT_INDEX,0.6429595947265625,0.6620325446128845,-0.17300055921077728,0,0
63,LEFT_THUMB,0.6763041019439697,0.6310113072395325,-0.1865881085395813,0,0
63,RIGHT_THUMB,0.6414629817008972,0.6576550006866455,-0.1452927440404892,0,0
63,LEFT_HIP,0.653906524181366,0.6817983388900757,0.029111577197909355,0,0
63,RIGHT_HIP,0.6246421337127686,0.6802711486816406,-0.029144369065761566,0,0
63,LEFT_KNEE,0.652194082736969,0.7813486456871033,0.06458085030317307,0,0
63,RIGHT_KNEE,0.6167879104614258,0.776900053024292,-0.04194383695721626,0,0
63,LEFT_ANKLE,0.6465739607810974,0.8698937296867371,0.17778290808200836,0,0
63,RIGHT_ANKLE,0.6032121777534485,0.8722986578941345,0.009521032683551311,0,0
63,LEFT_HEEL,0.6402159929275513,0.8838597536087036,0.1841655820608139,0,0
63,RIGHT_HEEL,0.6001724600791931,0.8842452764511108,0.010939721949398518,0,0
63,LEFT_FOOT_INDEX,0.6667700409889221,0.9041958451271057,0.12409275025129318,0,0
63,RIGHT_FOOT_INDEX,0.6093606948852539,0.9196436405181885,-0.0662853941321373,0,0
64,NOSE,0.6569384336471558,0.4898580014705658,-0.15455205738544464,0,0
64,LEFT_EYE_INNER,0.6586247086524963,0.47968190908432007,-0.14393194019794464,0,0
64,LEFT_EYE,0.6595782041549683,0.4800206422805786,-0.14396056532859802,0,0
64,LEFT_EYE_OUTER,0.6605377793312073,0.48030203580856323,-0.14394687116146088,0,0
64,RIGHT_EYE_INNER,0.6537889838218689,0.47827696800231934,-0.14854693412780762,0,0
64,RIGHT_EYE,0.651343047618866,0.47765931487083435,-0.1485561579465866,0,0
64,RIGHT_EYE_OUTER,0.6487076878547668,0.477231502532959,-0.14856240153312683,0,0
64,LEFT_EAR,0.6597374081611633,0.4831012785434723,-0.07056604325771332,0,0
64,RIGHT_EAR,0.6415428519248962,0.4805726110935211,-0.09346941113471985,0,0
64,MOUTH_LEFT,0.6574704051017761,0.5001789331436157,-0.12603692710399628,0,0
64,MOUTH_RIGHT,0.6512253880500793,0.4987315535545349,-0.13306830823421478,0,0
64,LEFT_SHOULDER,0.6714641451835632,0.5368944406509399,-0.0076059019193053246,0,0
64,RIGHT_SHOULDER,0.6155377626419067,0.5327613949775696,-0.06609596312046051,0,0
64,LEFT_ELBOW,0.6709645986557007,0.6045928597450256,-0.018703920766711235,0,0
64,RIGHT_ELBOW,0.5985511541366577,0.6021936535835266,-0.07876216620206833,0,0
64,LEFT_WRIST,0.6699806451797485,0.6344228386878967,-0.1509988009929657,0,0
64,RIGHT_WRIST,0.6260348558425903,0.654812753200531,-0.14496706426143646,0,0
64,LEFT_PINKY,0.6697614192962646,0.652836263179779,-0.1798282265663147,0,0
64,RIGHT_PINKY,0.6316858530044556,0.671377956867218,-0.16557975113391876,0,0
64,LEFT_INDEX,0.6676235795021057,0.6433268189430237,-0.19466619193553925,0,0
64,RIGHT_INDEX,0.6371534466743469,0.6618549823760986,-0.1779896765947342,0,0
64,LEFT_THUMB,0.6654872894287109,0.6361920833587646,-0.16050985455513,0,0
64,RIGHT_THUMB,0.6356744766235352,0.657421350479126,-0.1466015875339508,0,0
64,LEFT_HIP,0.6515381932258606,0.681427538394928,0.028131263330578804,0,0
64,RIGHT_HIP,0.6210929751396179,0.6791584491729736,-0.028161486610770226,0,0
64,LEFT_KNEE,0.6500595808029175,0.7802056670188904,0.06989430636167526,0,0
64,RIGHT_KNEE,0.608738362789154,0.7762542366981506,-0.04835808649659157,0,0
64,LEFT_ANKLE,0.6465256214141846,0.8697971701622009,0.17932914197444916,0,0
64,RIGHT_ANKLE,0.5941056609153748,0.8727121353149414,-0.006929381750524044,0,0
64,LEFT_HEEL,0.6403239965438843,0.8840417861938477,0.1854575127363205,0,0
64,RIGHT_HEEL,0.5918324589729309,0.8846387267112732,-0.006424479652196169,0,0
64,LEFT_FOOT_INDEX,0.6669518351554871,0.9041985869407654,0.12948216497898102,0,0
64,RIGHT_FOOT_INDEX,0.5969961881637573,0.9194134473800659,-0.08267095685005188,0,0
65,NOSE,0.6555225849151611,0.48980188369750977,-0.1649855077266693,0,0
65,LEFT_EYE_INNER,0.6572849750518799,0.47936928272247314,-0.15415450930595398,0,0
65,LEFT_EYE,0.6582702994346619,0.47958847880363464,-0.1541806012392044,0,0
65,LEFT_EYE_OUTER,0.6595075726509094,0.4797672927379608,-0.15416356921195984,0,0
65,RIGHT_EYE_INNER,0.6522838473320007,0.47804707288742065,-0.15742841362953186,0,0
65,RIGHT_EYE,0.649764358997345,0.4774255156517029,-0.157436802983284,0,0
65,RIGHT_EYE_OUTER,0.6469921469688416,0.47697171568870544,-0.15742413699626923,0,0
65,LEFT_EAR,0.6590227484703064,0.48202982544898987,-0.07681147009134293,0,0
65,RIGHT_EAR,0.6401199698448181,0.47999346256256104,-0.10162068903446198,0,0
65,MOUTH_LEFT,0.6562091708183289,0.5000937581062317,-0.13481129705905914,0,0
65,MOUTH_RIGHT,0.6497346758842468,0.49864649772644043,-0.1387983113527298,0,0
65,LEFT_SHOULDER,0.6712738871574402,0.5361196994781494,-0.009679458104074001,0,0
65,RIGHT_SHOULDER,0.6153696179389954,0.5316256880760193,-0.07167112082242966,0,0
65,LEFT_ELBOW,0.6704478859901428,0.6039870381355286,-0.01757683791220188,0,0
65,RIGHT_ELBOW,0.5967848896980286,0.6015163064002991,-0.08017770946025848,0,0
65,LEFT_WRIST,0.6685295104980469,0.6344865560531616,-0.1540495902299881,0,0
65,RIGHT_WRIST,0.6253281235694885,0.6539555788040161,-0.1467408537864685,0,0
65,LEFT_PINKY,0.667857825756073,0.6521894335746765,-0.18378488719463348,0,0
65,RIGHT_PINKY,0.6311866044998169,0.6710770726203918,-0.17064841091632843,0,0
65,LEFT_INDEX,0.6676458120346069,0.64304518699646,-0.20005549490451813,0,0
65,RIGHT_INDEX,0.6365013718605042,0.6608075499534607,-0.18229414522647858,0,0
65,LEFT_THUMB,0.6662147045135498,0.6356773376464844,-0.16407163441181183,0,0
65,RIGHT_THUMB,0.6349862813949585,0.6560338139533997,-0.15078423917293549,0,0
65,LEFT_HIP,0.6503409147262573,0.6813201904296875,0.029652608558535576,0,0
65,RIGHT_HIP,0.6205489039421082,0.6778953075408936,-0.029694734141230583,0,0
65,LEFT_KNEE,0.6492366194725037,0.7802401185035706,0.07743330299854279,0,0
65,RIGHT_KNEE,0.6088749170303345,0.7760398387908936,-0.05188228189945221,0,0
65,LEFT_ANKLE,0.6464443206787109,0.8697375059127808,0.1848907321691513,0,0
65,RIGHT_ANKLE,0.5936000347137451,0.8730617165565491,-0.007959396578371525,0,0
65,LEFT_HEEL,0.6403788328170776,0.8840147256851196,0.19118544459342957,0,0
65,RIGHT_HEEL,0.5914489030838013,0.8846552968025208,-0.0072168270125985146,0,0
65,LEFT_FOOT_INDEX,0.6670769453048706,0.9044387936592102,0.13571032881736755,0,0
65,RIGHT_FOOT_INDEX,0.5970208048820496,0.9192397594451904,-0.08449151366949081,0,0
66,NOSE,0.652218759059906,0.48965686559677124,-0.17179903388023376,0,0
66,LEFT_EYE_INNER,0.6543972492218018,0.47928959131240845,-0.16057412326335907,0,0
66,LEFT_EYE,0.6555764675140381,0.479518860578537,-0.1605861783027649,0,0
66,LEFT_EYE_OUTER,0.6564832925796509,0.47973331809043884,-0.16056442260742188,0,0
66,RIGHT_EYE_INNER,0.6492428183555603,0.4780134856700897,-0.16509602963924408,0,0
66,RIGHT_EYE,0.6466662287712097,0.4773881137371063,-0.16511353850364685,0,0
66,RIGHT_EYE_OUTER,0.6440937519073486,0.4769458472728729,-0.16509342193603516,0,0
66,LEFT_EAR,0.6558740139007568,0.4817354083061218,-0.08284012973308563,0,0
66,RIGHT_EAR,0.6375791430473328,0.4798855185508728,-0.10451335459947586,0,0
66,MOUTH_LEFT,0.6531545519828796,0.500054657459259,-0.14158186316490173,0,0
66,MOUTH_RIGHT,0.6464762091636658,0.49852848052978516,-0.14768971502780914,0,0
66,LEFT_SHOULDER,0.6682803630828857,0.5360370874404907,-0.01812172867357731,0,0
66,RIGHT_SHOULDER,0.6111589074134827,0.5312208533287048,-0.07720454782247543,0,0
66,LEFT_ELBOW,0.6701053977012634,0.6038820743560791,-0.027716288343071938,0,0
66,RIGHT_ELBOW,0.5942255854606628,0.6011843681335449,-0.09178910404443741,0,0
66,LEFT_WRIST,0.6652243137359619,0.6407234072685242,-0.16145992279052734,0,0
66,RIGHT_WRIST,0.61915123462677,0.6531810760498047,-0.17675599455833435,0,0
66,LEFT_PINKY,0.6633475422859192,0.657156229019165,-0.19209261238574982,0,0
66,RIGHT_PINKY,0.6245795488357544,0.6708186864852905,-0.20288391411304474,0,0
66,LEFT_INDEX,0.6607494950294495,0.6485922932624817,-0.20737504959106445,0,0
66,RIGHT_INDEX,0.6303909420967102,0.6603425741195679,-0.21247723698616028,0,0
66,LEFT_THUMB,0.6600761413574219,0.6420774459838867,-0.17041443288326263,0,0
66,RIGHT_THUMB,0.6295106410980225,0.6555787324905396,-0.1806197464466095,0,0
66,LEFT_HIP,0.6474370360374451,0.6811915040016174,0.028499938547611237,0,0
66,RIGHT_HIP,0.6166794300079346,0.676629364490509,-0.02855350822210312,0,0
66,LEFT_KNEE,0.648456335067749,0.7797544598579407,0.08590463548898697,0,0
66,RIGHT_KNEE,0.6019555330276489,0.7760423421859741,-0.05940927937626839,0,0
66,LEFT_ANKLE,0.6464120149612427,0.8696883320808411,0.18709196150302887,0,0
66,RIGHT_ANKLE,0.5844314694404602,0.8736771941184998,-0.030954713001847267,0,0
66,LEFT_HEEL,0.6404502987861633,0.88404780626297,0.19304302334785461,0,0
66,RIGHT_HEEL,0.5828575491905212,0.8852002024650574,-0.032091204077005386,0,0
66,LEFT_FOOT_INDEX,0.6670101881027222,0.904157817363739,0.13760896027088165,0,0
66,RIGHT_FOOT_INDEX,0.5858818888664246,0.9204432964324951,-0.11213596910238266,0,0
67,NOSE,0.6481117606163025,0.4896041452884674,-0.17800243198871613,0,0
67,LEFT_EYE_INNER,0.6506427526473999,0.47920307517051697,-0.1669536978006363,0,0
67,LEFT_EYE,0.6521358489990234,0.4794464111328125,-0.16697044670581818,0,0
67,LEFT_EYE_OUTER,0.6532918810844421,0.4796590805053711,-0.16695383191108704,0,0
67,RIGHT_EYE_INNER,0.645048201084137,0.4778890013694763,-0.1720140427350998,0,0
67,RIGHT_EYE,0.6424152851104736,0.47724732756614685,-0.17203818261623383,0,0
67,RIGHT_EYE_OUTER,0.6397348046302795,0.47678786516189575,-0.17202942073345184,0,0
67,LEFT_EAR,0.6527422070503235,0.48180797696113586,-0.08967377990484238,0,0
67,RIGHT_EAR,0.6333743929862976,0.4798162877559662,-0.112526535987854,0,0
67,MOUTH_LEFT,0.6493562459945679,0.5000134110450745,-0.14782704412937164,0,0
67,MOUTH_RIGHT,0.6420531868934631,0.4985193908214569,-0.15490269660949707,0,0
67,LEFT_SHOULDER,0.6637260317802429,0.536007285118103,-0.027345485985279083,0,0
67,RIGHT_SHOULDER,0.6060754060745239,0.5313138365745544,-0.08037301898002625,0,0
67,LEFT_ELBOW,0.6673857569694519,0.6037271022796631,-0.039996884763240814,0,0
67,RIGHT_ELBOW,0.5906317830085754,0.6016877889633179,-0.09522029012441635,0,0
67,LEFT_WRIST,0.6594057083129883,0.6452497839927673,-0.1747666746377945,0,0
67,RIGHT_WRIST,0.6129200458526611,0.653065025806427,-0.1826869547367096,0,0
67,LEFT_PINKY,0.6552021503448486,0.6636683344841003,-0.20537181198596954,0,0
67,RIGHT_PINKY,0.6185411214828491,0.6708593368530273,-0.208506777882576,0,0
67,LEFT_INDEX,0.6531855463981628,0.6535857915878296,-0.21977709233760834,0,0
67,RIGHT_INDEX,0.6243540048599243,0.6601880788803101,-0.21839746832847595,0,0
67,LEFT_THUMB,0.6536324620246887,0.6464967131614685,-0.1835220754146576,0,0
67,RIGHT_THUMB,0.6234549283981323,0.6553968787193298,-0.18677139282226562,0,0
67,LEFT_HIP,0.6439724564552307,0.6812026500701904,0.02504422888159752,0,0
67,RIGHT_HIP,0.6128566265106201,0.6767988204956055,-0.02509530819952488,0,0
67,LEFT_KNEE,0.647847056388855,0.7796347141265869,0.07963640987873077,0,0
67,RIGHT_KNEE,0.5951432585716248,0.7760694026947021,-0.05361323058605194,0,0
67,LEFT_ANKLE,0.6463997960090637,0.8696603775024414,0.18013742566108704,0,0
67,RIGHT_ANKLE,0.578190803527832,0.874220073223114,-0.014837213791906834,0,0
67,LEFT_HEEL,0.6404944062232971,0.8841601014137268,0.18608173727989197,0,0
67,RIGHT_HEEL,0.5758603811264038,0.8855512738227844,-0.014789505861699581,0,0
67,LEFT_FOOT_INDEX,0.6668702363967896,0.9043360352516174,0.12555254995822906,0,0
67,RIGHT_FOOT_INDEX,0.5813168883323669,0.9218665361404419,-0.0945991724729538,0,0
68,NOSE,0.6434412002563477,0.49207255244255066,-0.18763020634651184,0,0
68,LEFT_EYE_INNER,0.6460015177726746,0.48186713457107544,-0.1767861694097519,0,0
68,LEFT_EYE,0.6475560069084167,0.4821910858154297,-0.17680734395980835,0,0
68,LEFT_EYE_OUTER,0.6489018797874451,0.4824908673763275,-0.17680364847183228,0,0
68,RIGHT_EYE_INNER,0.640471339225769,0.4800223410129547,-0.18270844221115112,0,0
68,RIGHT_EYE,0.6379443407058716,0.4791170358657837,-0.18273401260375977,0,0
68,RIGHT_EYE_OUTER,0.6353687047958374,0.4782634675502777,-0.18272390961647034,0,0
68,LEFT_EAR,0.6482041478157043,0.484688937664032,-0.09891970455646515,0,0
68,RIGHT_EAR,0.6288715600967407,0.480195552110672,-0.12735794484615326,0,0
68,MOUTH_LEFT,0.6443623304367065,0.5019077062606812,-0.1570821851491928,0,0
68,MOUTH_RIGHT,0.637184739112854,0.5007074475288391,-0.16541782021522522,0,0
68,LEFT_SHOULDER,0.6583117246627808,0.536095917224884,-0.03528875112533569,0,0
68,RIGHT_SHOULDER,0.6005172729492188,0.5321652293205261,-0.08319543302059174,0,0
68,LEFT_ELBOW,0.664828896522522,0.603613018989563,-0.052420105785131454,0,0
68,RIGHT_ELBOW,0.5860018134117126,0.6025995016098022,-0.10311742126941681,0,0
68,LEFT_WRIST,0.656449019908905,0.6455911993980408,-0.19147640466690063,0,0
68,RIGHT_WRIST,0.6079440712928772,0.6542368531227112,-0.1947849839925766,0,0
68,LEFT_PINKY,0.6529456377029419,0.6637616753578186,-0.22332614660263062,0,0
68,RIGHT_PINKY,0.6144022345542908,0.671764612197876,-0.22158673405647278,0,0
68,LEFT_INDEX,0.6504865288734436,0.6530942916870117,-0.23664945363998413,0,0
68,RIGHT_INDEX,0.6193596720695496,0.6614869236946106,-0.2306521087884903,0,0
68,LEFT_THUMB,0.6508836150169373,0.6461403965950012,-0.19985221326351166,0,0
68,RIGHT_THUMB,0.6182993650436401,0.6565657258033752,-0.19852451980113983,0,0
68,LEFT_HIP,0.6399688720703125,0.681444525718689,0.02518758736550808,0,0
68,RIGHT_HIP,0.6087488532066345,0.6780242919921875,-0.02521556057035923,0,0
68,LEFT_KNEE,0.6478291749954224,0.7805761694908142,0.07695896178483963,0,0
68,RIGHT_KNEE,0.5898290276527405,0.7762956023216248,-0.059637267142534256,0,0
68,LEFT_ANKLE,0.646265983581543,0.8687701225280762,0.17736026644706726,0,0
68,RIGHT_ANKLE,0.5754216313362122,0.8767368793487549,-0.023381860926747322,0,0
68,LEFT_HEEL,0.6403868198394775,0.8838471174240112,0.18342362344264984,0,0
68,RIGHT_HEEL,0.5732862949371338,0.8880636692047119,-0.02376660518348217,0,0
68,LEFT_FOOT_INDEX,0.6669237017631531,0.9039435982704163,0.12379765510559082,0,0
68,RIGHT_FOOT_INDEX,0.5807234644889832,0.9218373894691467,-0.10439813137054443,0,0
69,NOSE,0.6422424912452698,0.49344930052757263,-0.18874303996562958,0,0
69,LEFT_EYE_INNER,0.6442214846611023,0.48314785957336426,-0.17824043333530426,0,0
69,LEFT_EYE,0.6454637050628662,0.48336061835289,-0.17825795710086823,0,0
69,LEFT_EYE_OUTER,0.6468601226806641,0.48355725407600403,-0.17824754118919373,0,0
69,RIGHT_EYE_INNER,0.6392334699630737,0.4813708961009979,-0.18391717970371246,0,0
69,RIGHT_EYE,0.6367716193199158,0.4804101586341858,-0.183938130736351,0,0
69,RIGHT_EYE_OUTER,0.6342710256576538,0.4794398546218872,-0.18393167853355408,0,0
69,LEFT_EAR,0.6464372873306274,0.4856240749359131,-0.09946618229150772,0,0
69,RIGHT_EAR,0.6273332238197327,0.48074352741241455,-0.1273864358663559,0,0
69,MOUTH_LEFT,0.6430860757827759,0.5031965970993042,-0.1574573963880539,0,0
69,MOUTH_RIGHT,0.6362969279289246,0.5020303130149841,-0.16553734242916107,0,0
69,LEFT_SHOULDER,0.6573906540870667,0.5365993976593018,-0.03426509350538254,0,0
69,RIGHT_SHOULDER,0.5997515320777893,0.5327720642089844,-0.08401593565940857,0,0
69,LEFT_ELBOW,0.6636591553688049,0.604590892791748,-0.047385916113853455,0,0
69,RIGHT_ELBOW,0.5853400826454163,0.6030292510986328,-0.09871828556060791,0,0
69,LEFT_WRIST,0.6550493836402893,0.647864043712616,-0.1875036507844925,0,0
69,RIGHT_WRIST,0.6073816418647766,0.6548396944999695,-0.18890787661075592,0,0
69,LEFT_PINKY,0.6519603133201599,0.666405975818634,-0.21944278478622437,0,0
69,RIGHT_PINKY,0.6134971380233765,0.6727563738822937,-0.21578672528266907,0,0
69,LEFT_INDEX,0.6495051980018616,0.6563220024108887,-0.23449301719665527,0,0
69,RIGHT_INDEX,0.6185930371284485,0.6621637940406799,-0.22578725218772888,0,0
69,LEFT_THUMB,0.6495453715324402,0.6493039131164551,-0.19644054770469666,0,0
69,RIGHT_THUMB,0.6178223490715027,0.6571215391159058,-0.19306640326976776,0,0
69,LEFT_HIP,0.6391333341598511,0.6819847822189331,0.024108082056045532,0,0
69,RIGHT_HIP,0.6075255274772644,0.6787630319595337,-0.024141566827893257,0,0
69,LEFT_KNEE,0.6475735306739807,0.7812011241912842,0.08192306011915207,0,0
69,RIGHT_KNEE,0.5889453291893005,0.7775307893753052,-0.052896834909915924,0,0
69,LEFT_ANKLE,0.6462422013282776,0.8681855797767639,0.18921296298503876,0,0
69,RIGHT_ANKLE,0.5749346613883972,0.878277063369751,-0.011378454975783825,0,0
69,LEFT_HEEL,0.6403078436851501,0.883665919303894,0.19605866074562073,0,0
69,RIGHT_HEEL,0.5731340646743774,0.8901517987251282,-0.011151937767863274,0,0
69,LEFT_FOOT_INDEX,0.6668510437011719,0.9038479328155518,0.13720567524433136,0,0
69,RIGHT_FOOT_INDEX,0.5811877846717834,0.9226539134979248,-0.09188471734523773,0,0
