frame_number,landmark,x,y,z,action,label
0,NOSE,0.5692994594573975,0.5239794850349426,0.09548355638980865,[],0
0,LEFT_EYE_INNER,0.5673154592514038,0.5144315958023071,0.09109435975551605,[],0
0,LEFT_EYE,0.565904438495636,0.5135012865066528,0.09109286218881607,[],0
0,LEFT_EYE_OUTER,0.5645222067832947,0.5126346349716187,0.09108231961727142,[],0
0,RIGHT_EYE_INNER,0.5698786377906799,0.5155086517333984,0.0781603530049324,[],0
0,RIGHT_EYE,0.5704402923583984,0.5153773427009583,0.07818419486284256,[],0
0,RIGHT_EYE_OUTER,0.5709494948387146,0.5152271389961243,0.07811864465475082,[],0
0,LEFT_EAR,0.5591629147529602,0.5135332942008972,0.07132267951965332,[],0
0,RIGHT_EAR,0.5683073401451111,0.517137885093689,0.013896094635128975,[],0
0,MOUTH_LEFT,0.5659778714179993,0.5296338200569153,0.09142065793275833,[],0
0,MOUTH_RIGHT,0.5682912468910217,0.5304970145225525,0.07466555386781693,[],0
0,LEFT_SHOULDER,0.5310875773429871,0.5520373582839966,0.09682393819093704,[],0
0,RIGHT_SHOULDER,0.5687602758407593,0.5584043860435486,-0.055691301822662354,[],0
0,LEFT_ELBOW,0.5303022861480713,0.6146786212921143,0.1384291648864746,[],0
0,RIGHT_ELBOW,0.5719923377037048,0.631179690361023,-0.058752331882715225,[],0
0,LEFT_WRIST,0.5457097291946411,0.6522525548934937,0.16534999012947083,[],0
0,RIGHT_WRIST,0.5728711485862732,0.6681914925575256,-0.009078419767320156,[],0
0,LEFT_PINKY,0.5482844710350037,0.6621647477149963,0.1732565015554428,[],0
0,RIGHT_PINKY,0.5723702311515808,0.6781132817268372,-0.010743479244410992,[],0
0,LEFT_INDEX,0.5523580312728882,0.6598268151283264,0.1665230095386505,[],0
0,RIGHT_INDEX,0.5720303654670715,0.6746626496315002,-0.008626643568277359,[],0
0,LEFT_THUMB,0.5522454380989075,0.6567619442939758,0.16241084039211273,[],0
0,RIGHT_THUMB,0.5710960030555725,0.6706422567367554,-0.006243982817977667,[],0
0,LEFT_HIP,0.5228416323661804,0.6834138631820679,0.053406503051519394,[],0
0,RIGHT_HIP,0.5455925464630127,0.68839031457901,-0.0534522645175457,[],0
0,LEFT_KNEE,0.5154550671577454,0.7677727937698364,0.05103954300284386,[],0
0,RIGHT_KNEE,0.5663700699806213,0.7682783007621765,0.0004509643476922065,[],0
0,LEFT_ANKLE,0.48850518465042114,0.8682222962379456,0.05176783725619316,[],0
0,RIGHT_ANKLE,0.5580971240997314,0.8756697177886963,0.02062845416367054,[],0
0,LEFT_HEEL,0.4849414825439453,0.8830045461654663,0.051713667809963226,[],0
0,RIGHT_HEEL,0.5495975017547607,0.8924911618232727,0.02340610884130001,[],0
0,LEFT_FOOT_INDEX,0.49497339129447937,0.881201982498169,0.04322652891278267,[],0
0,RIGHT_FOOT_INDEX,0.5770090222358704,0.8882689476013184,0.02008228562772274,[],0
1,NOSE,0.5692535042762756,0.5241720676422119,0.08325828611850739,0,0
1,LEFT_EYE_INNER,0.5672175288200378,0.5144471526145935,0.08122510462999344,0,0
1,LEFT_EYE,0.5657922625541687,0.5135022401809692,0.08121633529663086,0,0
1,LEFT_EYE_OUTER,0.5644006729125977,0.5126301646232605,0.08119858056306839,0,0
1,RIGHT_EYE_INNER,0.5698625445365906,0.5155917406082153,0.06676693260669708,0,0
1,RIGHT_EYE,0.5704342126846313,0.5154635310173035,0.06678128987550735,0,0
1,RIGHT_EYE_OUTER,0.5709492564201355,0.5153151750564575,0.06670861691236496,0,0
1,LEFT_EAR,0.5589223504066467,0.5133882164955139,0.07042417675256729,0,0
1,RIGHT_EAR,0.5682713389396667,0.5171278119087219,0.006532101891934872,0,0
1,MOUTH_LEFT,0.5658587217330933,0.5296440124511719,0.08229653537273407,0,0
1,MOUTH_RIGHT,0.5682744383811951,0.5306593775749207,0.06345471739768982,0,0
1,LEFT_SHOULDER,0.5309529900550842,0.5528838038444519,0.09783106297254562,0,0
1,RIGHT_SHOULDER,0.5682032704353333,0.5575382113456726,-0.05998462811112404,0,0
1,LEFT_ELBOW,0.5327292084693909,0.6148512959480286,0.141269251704216,0,0
1,RIGHT_ELBOW,0.5708652138710022,0.6296796202659607,-0.0795694887638092,0,0
1,LEFT_WRIST,0.5497775673866272,0.6445941925048828,0.16755524277687073,0,0
1,RIGHT_WRIST,0.5725578665733337,0.6686077117919922,-0.05556570738554001,0,0
1,LEFT_PINKY,0.5526146292686462,0.6524292826652527,0.17649763822555542,0,0
1,RIGHT_PINKY,0.5723534822463989,0.6793311834335327,-0.06202090531587601,0,0
1,LEFT_INDEX,0.5569561719894409,0.6487805247306824,0.16883565485477448,0,0
1,RIGHT_INDEX,0.571970522403717,0.6760560274124146,-0.05813400074839592,0,0
1,LEFT_THUMB,0.5569775104522705,0.6464238166809082,0.16420906782150269,0,0
1,RIGHT_THUMB,0.570962131023407,0.6720622181892395,-0.05284774675965309,0,0
1,LEFT_HIP,0.5228675007820129,0.6833674907684326,0.05359416455030441,0,0
1,RIGHT_HIP,0.5455966591835022,0.688086986541748,-0.053636010736227036,0,0
1,LEFT_KNEE,0.5154933333396912,0.7672280073165894,0.046361763030290604,0,0
1,RIGHT_KNEE,0.5663602352142334,0.7679027318954468,-0.02322126179933548,0,0
1,LEFT_ANKLE,0.4885517656803131,0.8673965930938721,0.04624997824430466,0,0
1,RIGHT_ANKLE,0.5577319264411926,0.875662624835968,-0.003376804990693927,0,0
1,LEFT_HEEL,0.48528388142585754,0.881949245929718,0.0453210212290287,0,0
1,RIGHT_HEEL,0.5497920513153076,0.8923870921134949,-0.0016065675299614668,0,0
1,LEFT_FOOT_INDEX,0.4934334456920624,0.8819857835769653,0.02908521518111229,0,0
1,RIGHT_FOOT_INDEX,0.5770303606987,0.8881780505180359,-0.015534741804003716,0,0
2,NOSE,0.5692878365516663,0.5241159200668335,0.0739419236779213,0,0
2,LEFT_EYE_INNER,0.5672236084938049,0.5142049789428711,0.07262014597654343,0,0
2,LEFT_EYE,0.5658004879951477,0.5132051706314087,0.07261039316654205,0,0
2,LEFT_EYE_OUTER,0.5644096732139587,0.5122805237770081,0.07259264588356018,0,0
2,RIGHT_EYE_INNER,0.5698944926261902,0.5154843926429749,0.057916197925806046,0,0
2,RIGHT_EYE,0.5704718232154846,0.5153882503509521,0.05792863294482231,0,0
2,RIGHT_EYE_OUTER,0.5709999799728394,0.5152691602706909,0.05785743147134781,0,0
2,LEFT_EAR,0.5589531660079956,0.5130151510238647,0.06425424665212631,0,0
2,RIGHT_EAR,0.5682864785194397,0.5169665217399597,-0.0016948558622971177,0,0
2,MOUTH_LEFT,0.5658601522445679,0.5294798016548157,0.07334934920072556,0,0
2,MOUTH_RIGHT,0.5683202147483826,0.530632734298706,0.054197922348976135,0,0
2,LEFT_SHOULDER,0.5312514901161194,0.5528693199157715,0.0958864614367485,0,0
2,RIGHT_SHOULDER,0.5671032071113586,0.5575425624847412,-0.06695429980754852,0,0
2,LEFT_ELBOW,0.5347647070884705,0.6152805089950562,0.12806731462478638,0,0
2,RIGHT_ELBOW,0.567849338054657,0.6284446120262146,-0.0837266817688942,0,0
2,LEFT_WRIST,0.5502219796180725,0.6491947174072266,0.1343352049589157,0,0
2,RIGHT_WRIST,0.572614848613739,0.6685693264007568,-0.05331440642476082,0,0
2,LEFT_PINKY,0.5524892807006836,0.6585702300071716,0.1405855119228363,0,0
2,RIGHT_PINKY,0.5732796788215637,0.679699718952179,-0.06092200428247452,0,0
2,LEFT_INDEX,0.5568039417266846,0.6558281183242798,0.13158079981803894,0,0
2,RIGHT_INDEX,0.5732540488243103,0.6769925355911255,-0.05602706968784332,0,0
2,LEFT_THUMB,0.556902289390564,0.6527891755104065,0.12983085215091705,0,0
2,RIGHT_THUMB,0.5720435380935669,0.672874391078949,-0.05025084316730499,0,0
2,LEFT_HIP,0.5224307179450989,0.6834201812744141,0.05411317199468613,0,0
2,RIGHT_HIP,0.5450772643089294,0.6877850294113159,-0.054154280573129654,0,0
2,LEFT_KNEE,0.5155167579650879,0.7667897939682007,0.047990307211875916,0,0
2,RIGHT_KNEE,0.5658429265022278,0.7678687572479248,-0.024537470191717148,0,0
2,LEFT_ANKLE,0.4887683093547821,0.8663945198059082,0.058726392686367035,0,0
2,RIGHT_ANKLE,0.5573769211769104,0.875744640827179,0.0009296275093220174,0,0
2,LEFT_HEEL,0.4855673909187317,0.8811286687850952,0.05861943960189819,0,0
2,RIGHT_HEEL,0.5498218536376953,0.8923869729042053,0.0029795016162097454,0,0
2,LEFT_FOOT_INDEX,0.4935095012187958,0.8817926645278931,0.03820593282580376,0,0
2,RIGHT_FOOT_INDEX,0.5770395994186401,0.888178288936615,-0.012690684758126736,0,0
3,NOSE,0.5701866149902344,0.5239113569259644,0.050158508121967316,0,0
3,LEFT_EYE_INNER,0.5679832696914673,0.51357102394104,0.05050869658589363,0,0
3,LEFT_EYE,0.5666893720626831,0.5124745965003967,0.050503481179475784,0,0
3,LEFT_EYE_OUTER,0.5654203295707703,0.51146399974823,0.05048563703894615,0,0
3,RIGHT_EYE_INNER,0.5703526139259338,0.5150513052940369,0.034528207033872604,0,0
3,RIGHT_EYE,0.5708013772964478,0.514983594417572,0.03455755487084389,0,0
3,RIGHT_EYE_OUTER,0.5712258219718933,0.5148951411247253,0.03451284393668175,0,0
3,LEFT_EAR,0.5598479509353638,0.5120954513549805,0.051498036831617355,0,0
3,RIGHT_EAR,0.5682653784751892,0.5163163542747498,-0.020240066573023796,0,0
3,MOUTH_LEFT,0.5664823055267334,0.529362142086029,0.05322953313589096,0,0
3,MOUTH_RIGHT,0.5686315894126892,0.5306211113929749,0.03238407522439957,0,0
3,LEFT_SHOULDER,0.5322331786155701,0.5522924065589905,0.0922374352812767,0,0
3,RIGHT_SHOULDER,0.5637339949607849,0.5574838519096375,-0.07777826488018036,0,0
3,LEFT_ELBOW,0.5395026803016663,0.6152779459953308,0.13021869957447052,0,0
3,RIGHT_ELBOW,0.564579427242279,0.6283622980117798,-0.09086750447750092,0,0
3,LEFT_WRIST,0.5566187500953674,0.645526647567749,0.14505526423454285,0,0
3,RIGHT_WRIST,0.5755342245101929,0.6683019399642944,-0.057867202907800674,0,0
3,LEFT_PINKY,0.5600702166557312,0.653559684753418,0.15139468014240265,0,0
3,RIGHT_PINKY,0.579814076423645,0.6794362664222717,-0.0677671805024147,0,0
3,LEFT_INDEX,0.5643938183784485,0.6497666239738464,0.140932098031044,0,0
3,RIGHT_INDEX,0.5805643200874329,0.675748348236084,-0.0634344220161438,0,0
3,LEFT_THUMB,0.5639327168464661,0.6475542783737183,0.14027322828769684,0,0
3,RIGHT_THUMB,0.5786018371582031,0.6716658473014832,-0.05496818199753761,0,0
3,LEFT_HIP,0.5199139714241028,0.6834216713905334,0.05491404980421066,0,0
3,RIGHT_HIP,0.5428276062011719,0.6877403259277344,-0.05496470630168915,0,0
3,LEFT_KNEE,0.5154462456703186,0.7664267420768738,0.08102855086326599,0,0
3,RIGHT_KNEE,0.5648705959320068,0.766937792301178,-0.018611405044794083,0,0
3,LEFT_ANKLE,0.48912763595581055,0.8644647002220154,0.11178210377693176,0,0
3,RIGHT_ANKLE,0.5572119355201721,0.8754594922065735,0.018360627815127373,0,0
3,LEFT_HEEL,0.4864685833454132,0.8794269561767578,0.11400452256202698,0,0
3,RIGHT_HEEL,0.5498301982879639,0.8918646574020386,0.022439081221818924,0,0
3,LEFT_FOOT_INDEX,0.49209654331207275,0.8820714354515076,0.10098543763160706,0,0
3,RIGHT_FOOT_INDEX,0.5770633816719055,0.8881743550300598,0.007516087032854557,0,0
4,NOSE,0.5707589983940125,0.5236396789550781,0.05275952070951462,0,0
4,LEFT_EYE_INNER,0.5684601068496704,0.513270914554596,0.05279214307665825,0,0
4,LEFT_EYE,0.5672478079795837,0.5121651887893677,0.052784573286771774,0,0
4,LEFT_EYE_OUTER,0.5660644173622131,0.5111579298973083,0.05276120826601982,0,0
4,RIGHT_EYE_INNER,0.5706072449684143,0.5147916674613953,0.037028152495622635,0,0
4,RIGHT_EYE,0.5709642767906189,0.5147371292114258,0.03705602511763573,0,0
4,RIGHT_EYE_OUTER,0.571318507194519,0.5146715641021729,0.03700908645987511,0,0
4,LEFT_EAR,0.5603640079498291,0.5117481350898743,0.052660081535577774,0,0
4,RIGHT_EAR,0.5682231187820435,0.5160314440727234,-0.01808820106089115,0,0
4,MOUTH_LEFT,0.5670341849327087,0.529268741607666,0.05547535791993141,0,0
4,MOUTH_RIGHT,0.5689043402671814,0.5305790901184082,0.0348515547811985,0,0
4,LEFT_SHOULDER,0.5323672294616699,0.552126944065094,0.09266768395900726,0,0
4,RIGHT_SHOULDER,0.5623079538345337,0.5572627782821655,-0.07562443614006042,0,0
4,LEFT_ELBOW,0.5407772064208984,0.6149771213531494,0.1399090588092804,0,0
4,RIGHT_ELBOW,0.5636206865310669,0.628171980381012,-0.09842541068792343,0,0
4,LEFT_WRIST,0.5573064684867859,0.6414705514907837,0.1554339975118637,0,0
4,RIGHT_WRIST,0.5766872763633728,0.6681830286979675,-0.08522722870111465,0,0
4,LEFT_PINKY,0.5605193972587585,0.6489467024803162,0.16290144622325897,0,0
4,RIGHT_PINKY,0.5808468461036682,0.6794135570526123,-0.09754776209592819,0,0
4,LEFT_INDEX,0.564843475818634,0.644466757774353,0.14684559404850006,0,0
4,RIGHT_INDEX,0.5817665457725525,0.6756125092506409,-0.09226153790950775,0,0
4,LEFT_THUMB,0.5645255446434021,0.6425530910491943,0.14943827688694,0,0
4,RIGHT_THUMB,0.5800046324729919,0.6713749766349792,-0.08241993933916092,0,0
4,LEFT_HIP,0.5188829302787781,0.6830321550369263,0.05513535439968109,0,0
4,RIGHT_HIP,0.5417672991752625,0.6873323321342468,-0.055177994072437286,0,0
4,LEFT_KNEE,0.5154433846473694,0.7662246823310852,0.07045712321996689,0,0
4,RIGHT_KNEE,0.5641300082206726,0.7666434049606323,-0.020887386053800583,0,0
4,LEFT_ANKLE,0.48913106322288513,0.8635543584823608,0.09578918665647507,0,0
4,RIGHT_ANKLE,0.556836724281311,0.8754615783691406,0.018269412219524384,0,0
4,LEFT_HEEL,0.4864322543144226,0.8785741925239563,0.09746647626161575,0,0
4,RIGHT_HEEL,0.5497158169746399,0.8918930292129517,0.02178877405822277,0,0
4,LEFT_FOOT_INDEX,0.492229163646698,0.882070779800415,0.08295097947120667,0,0
4,RIGHT_FOOT_INDEX,0.5769901275634766,0.8881497383117676,0.0058319177478551865,0,0
5,NOSE,0.571104884147644,0.523544192314148,0.04446398466825485,0,0
5,LEFT_EYE_INNER,0.568980872631073,0.513092577457428,0.04435991123318672,0,0
5,LEFT_EYE,0.5677929520606995,0.511916995048523,0.04437870532274246,0,0
5,LEFT_EYE_OUTER,0.5666152238845825,0.5108192563056946,0.044362012296915054,0,0
5,RIGHT_EYE_INNER,0.5709308385848999,0.5146374702453613,0.02771787717938423,0,0
5,RIGHT_EYE,0.5711936950683594,0.5145673751831055,0.02774764411151409,0,0
5,RIGHT_EYE_OUTER,0.5714583992958069,0.5144942998886108,0.027718113735318184,0,0
5,LEFT_EAR,0.5607014298439026,0.5108915567398071,0.04556833580136299,0,0
5,RIGHT_EAR,0.5680347681045532,0.5156121253967285,-0.02967698499560356,0,0
5,MOUTH_LEFT,0.5671213269233704,0.5291380882263184,0.04785406216979027,0,0
5,MOUTH_RIGHT,0.56891930103302,0.530529260635376,0.025829525664448738,0,0
5,LEFT_SHOULDER,0.5326353907585144,0.5492733716964722,0.08933330327272415,0,0
5,RIGHT_SHOULDER,0.5602576732635498,0.5570009350776672,-0.08223019540309906,0,0
5,LEFT_ELBOW,0.546800971031189,0.5970277786254883,0.159397691488266,0,0
5,RIGHT_ELBOW,0.5603269934654236,0.6275213956832886,-0.08776786178350449,0,0
5,LEFT_WRIST,0.5744276642799377,0.5857394337654114,0.20609617233276367,0,0
5,RIGHT_WRIST,0.5777438282966614,0.666087806224823,-0.04457741975784302,0,0
5,LEFT_PINKY,0.580363392829895,0.5809435844421387,0.21892230212688446,0,0
5,RIGHT_PINKY,0.5832605361938477,0.672629177570343,-0.04783133044838905,0,0
5,LEFT_INDEX,0.5845645666122437,0.5773450136184692,0.209974005818367,0,0
5,RIGHT_INDEX,0.5843063592910767,0.6657801866531372,-0.04728756472468376,0,0
5,LEFT_THUMB,0.583141565322876,0.5803935527801514,0.20289209485054016,0,0
5,RIGHT_THUMB,0.5824778079986572,0.6635794639587402,-0.04132616147398949,0,0
5,LEFT_HIP,0.5167526602745056,0.6825913786888123,0.05528577044606209,0,0
5,RIGHT_HIP,0.5397303104400635,0.6872389912605286,-0.05533389374613762,0,0
5,LEFT_KNEE,0.5152588486671448,0.7655066251754761,0.07472078502178192,0,0
5,RIGHT_KNEE,0.5628303289413452,0.7655898928642273,-0.02015574648976326,0,0
5,LEFT_ANKLE,0.48907482624053955,0.8635566234588623,0.10481321811676025,0,0
5,RIGHT_ANKLE,0.5562910437583923,0.8753662705421448,0.01847584918141365,0,0
5,LEFT_HEEL,0.48585832118988037,0.8786163926124573,0.10720532387495041,0,0
5,RIGHT_HEEL,0.5492661595344543,0.8919945955276489,0.022414173930883408,0,0
5,LEFT_FOOT_INDEX,0.4931058883666992,0.8823264241218567,0.09642428904771805,0,0
5,RIGHT_FOOT_INDEX,0.57709801197052,0.8883013725280762,0.011284096166491508,0,0
6,NOSE,0.5711660385131836,0.5231937170028687,0.04394572973251343,0,0
6,LEFT_EYE_INNER,0.5691360235214233,0.5126613974571228,0.04499544948339462,0,0
6,LEFT_EYE,0.5679386854171753,0.5114179253578186,0.045020874589681625,0,0
6,LEFT_EYE_OUTER,0.5667456984519958,0.5102571845054626,0.04499516636133194,0,0
6,RIGHT_EYE_INNER,0.571035623550415,0.5143266320228577,0.029177265241742134,0,0
6,RIGHT_EYE,0.5712561011314392,0.5142849683761597,0.02921719290316105,0,0
6,RIGHT_EYE_OUTER,0.57148277759552,0.5142446160316467,0.029206495732069016,0,0
6,LEFT_EAR,0.560725748538971,0.510172426700592,0.04845179244875908,0,0
6,RIGHT_EAR,0.5677362084388733,0.5152149796485901,-0.023230979219079018,0,0
6,MOUTH_LEFT,0.5669277906417847,0.5288794636726379,0.04805272817611694,0,0
6,MOUTH_RIGHT,0.5686484575271606,0.5303093791007996,0.026934172958135605,0,0
6,LEFT_SHOULDER,0.5337847471237183,0.5451821684837341,0.08873964101076126,0,0
6,RIGHT_SHOULDER,0.5561636090278625,0.5567681789398193,-0.07650252431631088,0,0
6,LEFT_ELBOW,0.5495722889900208,0.5832700729370117,0.17688001692295074,0,0
6,RIGHT_ELBOW,0.5562554597854614,0.6230438351631165,-0.08528272807598114,0,0
6,LEFT_WRIST,0.5817261934280396,0.5641254186630249,0.2456798553466797,0,0
6,RIGHT_WRIST,0.5802327394485474,0.6587173938751221,-0.05328989773988724,0,0
6,LEFT_PINKY,0.5809164643287659,0.5324545502662659,0.2620016634464264,0,0
6,RIGHT_PINKY,0.5877786874771118,0.6646318435668945,-0.05790043994784355,0,0
6,LEFT_INDEX,0.5829237699508667,0.5335099101066589,0.2524281144142151,0,0
6,RIGHT_INDEX,0.5896891355514526,0.6559606790542603,-0.05614285171031952,0,0
6,LEFT_THUMB,0.5908035039901733,0.5576392412185669,0.2430940717458725,0,0
6,RIGHT_THUMB,0.5873968601226807,0.6531273126602173,-0.050261240452528,0,0
6,LEFT_HIP,0.5144346356391907,0.6809737682342529,0.05277128517627716,0,0
6,RIGHT_HIP,0.5373737812042236,0.6866540312767029,-0.05283356457948685,0,0
6,LEFT_KNEE,0.5144917964935303,0.7644608020782471,0.07183679193258286,0,0
6,RIGHT_KNEE,0.5606676340103149,0.7640921473503113,-0.02868436835706234,0,0
6,LEFT_ANKLE,0.4889976382255554,0.8632446527481079,0.08900182694196701,0,0
6,RIGHT_ANKLE,0.5554206967353821,0.8736123442649841,-0.00636225426569581,0,0
6,LEFT_HEEL,0.4858476519584656,0.8782473802566528,0.09030459821224213,0,0
6,RIGHT_HEEL,0.5482370257377625,0.8908348083496094,-0.0036292520817369223,0,0
6,LEFT_FOOT_INDEX,0.493265300989151,0.8818917870521545,0.07890006899833679,0,0
6,RIGHT_FOOT_INDEX,0.5769744515419006,0.8881121873855591,-0.01239829882979393,0,0
7,NOSE,0.5729885697364807,0.5229665637016296,0.017806561663746834,0,0
7,LEFT_EYE_INNER,0.5706697702407837,0.5126314759254456,0.022538771852850914,0,0
7,LEFT_EYE,0.5696340799331665,0.5113969445228577,0.022555408999323845,0,0
7,LEFT_EYE_OUTER,0.5685034394264221,0.5102239847183228,0.022523680701851845,0,0
7,RIGHT_EYE_INNER,0.5717359781265259,0.5141940116882324,0.005341042764484882,0,0
7,RIGHT_EYE,0.5716232657432556,0.5140999555587769,0.005380474962294102,0,0
7,RIGHT_EYE_OUTER,0.5715863108634949,0.514007031917572,0.005372696090489626,0,0
7,LEFT_EAR,0.5618384480476379,0.5097593665122986,0.0428859107196331,0,0
7,RIGHT_EAR,0.5671354532241821,0.5146833658218384,-0.03519653528928757,0,0
7,MOUTH_LEFT,0.5679700374603271,0.5288113951683044,0.02777070552110672,0,0
7,MOUTH_RIGHT,0.5690037608146667,0.5298571586608887,0.004849081858992577,0,0
7,LEFT_SHOULDER,0.5347334742546082,0.5437514781951904,0.08897404372692108,0,0
7,RIGHT_SHOULDER,0.552531361579895,0.5541357398033142,-0.07842561602592468,0,0
7,LEFT_ELBOW,0.5466124415397644,0.5833121538162231,0.17955632507801056,0,0
7,RIGHT_ELBOW,0.5531997680664062,0.6201680898666382,-0.11507749557495117,0,0
7,LEFT_WRIST,0.5794507265090942,0.5674188733100891,0.24501895904541016,0,0
7,RIGHT_WRIST,0.5813831090927124,0.6501803994178772,-0.12188921868801117,0,0
7,LEFT_PINKY,0.5865000486373901,0.5597382187843323,0.2607708275318146,0,0
7,RIGHT_PINKY,0.5891934037208557,0.6605057716369629,-0.1328396201133728,0,0
7,LEFT_INDEX,0.5904847979545593,0.5558638572692871,0.24967072904109955,0,0
7,RIGHT_INDEX,0.5924034118652344,0.6499361991882324,-0.12926854193210602,0,0
7,LEFT_THUMB,0.5893007516860962,0.5607761740684509,0.24178257584571838,0,0
7,RIGHT_THUMB,0.5899327397346497,0.6455200910568237,-0.11920086294412613,0,0
7,LEFT_HIP,0.5124899744987488,0.6770488619804382,0.05205351114273071,0,0
7,RIGHT_HIP,0.5340458750724792,0.6826990246772766,-0.05208463594317436,0,0
7,LEFT_KNEE,0.5126908421516418,0.7631895542144775,0.059126708656549454,0,0
7,RIGHT_KNEE,0.5577462911605835,0.7591664791107178,-0.02979520708322525,0,0
7,LEFT_ANKLE,0.48860129714012146,0.8624446392059326,0.07803298532962799,0,0
7,RIGHT_ANKLE,0.5550431609153748,0.8707263469696045,-0.0035989009775221348,0,0
7,LEFT_HEEL,0.4853840172290802,0.8772866725921631,0.07875490933656693,0,0
7,RIGHT_HEEL,0.5482607483863831,0.8883047699928284,-0.0009285921696573496,0,0
7,LEFT_FOOT_INDEX,0.4933059811592102,0.880596399307251,0.06113208085298538,0,0
7,RIGHT_FOOT_INDEX,0.5771667957305908,0.8872560858726501,-0.01318868063390255,0,0
8,NOSE,0.5727656483650208,0.521210253238678,0.01619039475917816,0,0
8,LEFT_EYE_INNER,0.5706236958503723,0.5108214616775513,0.022063635289669037,0,0
8,LEFT_EYE,0.5695919394493103,0.5094889402389526,0.022076567634940147,0,0
8,LEFT_EYE_OUTER,0.5684760808944702,0.5081385970115662,0.02206423692405224,0,0
8,RIGHT_EYE_INNER,0.5716997385025024,0.5123019814491272,0.003604995785281062,0,0
8,RIGHT_EYE,0.5715764760971069,0.512090802192688,0.0036374139599502087,0,0
8,RIGHT_EYE_OUTER,0.5714138150215149,0.5118669867515564,0.0036397415678948164,0,0
8,LEFT_EAR,0.5618330836296082,0.5065270662307739,0.04636838287115097,0,0
8,RIGHT_EAR,0.5660925507545471,0.5113509297370911,-0.03694348782300949,0,0
8,MOUTH_LEFT,0.5679351091384888,0.5266954302787781,0.02771008387207985,0,0
8,MOUTH_RIGHT,0.5685004591941833,0.5272731781005859,0.0030261846259236336,0,0
8,LEFT_SHOULDER,0.5371970534324646,0.5371565818786621,0.08989550173282623,0,0
8,RIGHT_SHOULDER,0.54828941822052,0.5482190251350403,-0.08040114492177963,0,0
8,LEFT_ELBOW,0.5496392846107483,0.5811840891838074,0.17247231304645538,0,0
8,RIGHT_ELBOW,0.5479088425636292,0.611651599407196,-0.13424992561340332,0,0
8,LEFT_WRIST,0.5847636461257935,0.5847925543785095,0.21298235654830933,0,0
8,RIGHT_WRIST,0.5785308480262756,0.645046055316925,-0.16392278671264648,0,0
8,LEFT_PINKY,0.5937955379486084,0.5843833088874817,0.22455963492393494,0,0
8,RIGHT_PINKY,0.5872853398323059,0.659249484539032,-0.18040451407432556,0,0
8,LEFT_INDEX,0.5965967774391174,0.5801246762275696,0.21722158789634705,0,0
8,RIGHT_INDEX,0.5887148976325989,0.6513004899024963,-0.17588254809379578,0,0
8,LEFT_THUMB,0.5938184261322021,0.5822486877441406,0.20906220376491547,0,0
8,RIGHT_THUMB,0.5869616866111755,0.6465824246406555,-0.16135373711585999,0,0
8,LEFT_HIP,0.5117683410644531,0.6729714274406433,0.05212239548563957,0,0
8,RIGHT_HIP,0.5314838886260986,0.6781789660453796,-0.05214961618185043,0,0
8,LEFT_KNEE,0.5109183192253113,0.7608487010002136,0.05813419446349144,0,0
8,RIGHT_KNEE,0.5562348961830139,0.7556450963020325,-0.04393681511282921,0,0
8,LEFT_ANKLE,0.48859986662864685,0.8607739806175232,0.07210829108953476,0,0
8,RIGHT_ANKLE,0.5496713519096375,0.8670845627784729,-0.025375762954354286,0,0
8,LEFT_HEEL,0.4849807620048523,0.8762654662132263,0.07199521362781525,0,0
8,RIGHT_HEEL,0.541522741317749,0.8844356536865234,-0.023888474330306053,0,0
8,LEFT_FOOT_INDEX,0.4944149851799011,0.8778993487358093,0.05353080481290817,0,0
8,RIGHT_FOOT_INDEX,0.5728552341461182,0.8857448101043701,-0.038873206824064255,0,0
9,NOSE,0.5726867318153381,0.5204358696937561,0.01324642263352871,0,0
9,LEFT_EYE_INNER,0.570815920829773,0.510211169719696,0.01923133246600628,0,0
9,LEFT_EYE,0.5698532462120056,0.5088645815849304,0.019240673631429672,0,0
9,LEFT_EYE_OUTER,0.5687969326972961,0.507457435131073,0.01922852359712124,0,0
9,RIGHT_EYE_INNER,0.5717284679412842,0.5115551352500916,0.00019374115800019354,0,0
9,RIGHT_EYE,0.5715754628181458,0.5112589597702026,0.00022032133711036295,0,0
9,RIGHT_EYE_OUTER,0.5714025497436523,0.5109530687332153,0.00021835211373399943,0,0
9,LEFT_EAR,0.562133252620697,0.5053945779800415,0.04539665952324867,0,0
9,RIGHT_EAR,0.5658349394798279,0.510208249092102,-0.04155397415161133,0,0
9,MOUTH_LEFT,0.5678720474243164,0.5258392691612244,0.02513708360493183,0,0
9,MOUTH_RIGHT,0.5684342980384827,0.5261878967285156,-0.0003159346233587712,0,0
9,LEFT_SHOULDER,0.5396547913551331,0.5350074768066406,0.09025300294160843,0,0
9,RIGHT_SHOULDER,0.5471827983856201,0.5452368855476379,-0.08511462062597275,0,0
9,LEFT_ELBOW,0.550488293170929,0.5830389857292175,0.16741590201854706,0,0
9,RIGHT_ELBOW,0.5465306639671326,0.6092974543571472,-0.14085058867931366,0,0
9,LEFT_WRIST,0.5861619114875793,0.5916849970817566,0.19873890280723572,0,0
9,RIGHT_WRIST,0.5778340101242065,0.6446306109428406,-0.17337925732135773,0,0
9,LEFT_PINKY,0.5956908464431763,0.5928129553794861,0.20610208809375763,0,0
9,RIGHT_PINKY,0.585760772228241,0.6597123146057129,-0.19139541685581207,0,0
9,LEFT_INDEX,0.6010519862174988,0.5834503769874573,0.18913431465625763,0,0
9,RIGHT_INDEX,0.587489128112793,0.6520593762397766,-0.1867017298936844,0,0
9,LEFT_THUMB,0.597854495048523,0.5911385416984558,0.19143478572368622,0,0
9,RIGHT_THUMB,0.5862203240394592,0.6472128629684448,-0.17091406881809235,0,0
9,LEFT_HIP,0.5119708180427551,0.6712303161621094,0.05257010832428932,0,0
9,RIGHT_HIP,0.530913233757019,0.6766394972801208,-0.05259915813803673,0,0
9,LEFT_KNEE,0.510816216468811,0.7588903903961182,0.06063224375247955,0,0
9,RIGHT_KNEE,0.5553690791130066,0.7525569200515747,-0.047061488032341,0,0
9,LEFT_ANKLE,0.48901471495628357,0.8602108955383301,0.07771546393632889,0,0
9,RIGHT_ANKLE,0.547990083694458,0.865229070186615,-0.027452388778328896,0,0
9,LEFT_HEEL,0.4847792387008667,0.8760589361190796,0.0777537077665329,0,0
9,RIGHT_HEEL,0.5405669808387756,0.8823652267456055,-0.026164326816797256,0,0
9,LEFT_FOOT_INDEX,0.49611014127731323,0.8771079182624817,0.053932949900627136,0,0
9,RIGHT_FOOT_INDEX,0.5726915001869202,0.8837296366691589,-0.044448040425777435,0,0
10,NOSE,0.5728433132171631,0.5188012719154358,0.0033680982887744904,0,0
10,LEFT_EYE_INNER,0.5713956952095032,0.5089426040649414,0.010420755483210087,0,0
10,LEFT_EYE,0.5705695748329163,0.5077332258224487,0.010433247312903404,0,0
10,LEFT_EYE_OUTER,0.5696595311164856,0.5064622163772583,0.010446703992784023,0,0
10,RIGHT_EYE_INNER,0.5719753503799438,0.5099037289619446,-0.00867817085236311,0,0
10,RIGHT_EYE,0.5717087388038635,0.5094524025917053,-0.008656108751893044,0,0
10,RIGHT_EYE_OUTER,0.5714486241340637,0.508996844291687,-0.008676822297275066,0,0
10,LEFT_EAR,0.563217282295227,0.5035557150840759,0.04400872811675072,0,0
10,RIGHT_EAR,0.565900444984436,0.5073340535163879,-0.043101560324430466,0,0
10,MOUTH_LEFT,0.5685168504714966,0.5237666964530945,0.017983222380280495,0,0
10,MOUTH_RIGHT,0.56877201795578,0.5237556099891663,-0.007357973139733076,0,0
10,LEFT_SHOULDER,0.5462843775749207,0.5359896421432495,0.0966014564037323,0,0
10,RIGHT_SHOULDER,0.5456293821334839,0.5385656356811523,-0.08603949099779129,0,0
10,LEFT_ELBOW,0.5603030323982239,0.5866914987564087,0.16459693014621735,0,0
10,RIGHT_ELBOW,0.5372174978256226,0.5972307324409485,-0.14208738505840302,0,0
10,LEFT_WRIST,0.6006715893745422,0.6042203903198242,0.15840989351272583,0,0
10,RIGHT_WRIST,0.5694204568862915,0.6342920660972595,-0.17446185648441315,0,0
10,LEFT_PINKY,0.6099153161048889,0.6049426198005676,0.16173329949378967,0,0
10,RIGHT_PINKY,0.57752525806427,0.649279773235321,-0.19280849397182465,0,0
10,LEFT_INDEX,0.6111775636672974,0.5969235301017761,0.14470483362674713,0,0
10,RIGHT_INDEX,0.5823152661323547,0.642777681350708,-0.1886434406042099,0,0
10,LEFT_THUMB,0.6065599322319031,0.5987390875816345,0.15068069100379944,0,0
10,RIGHT_THUMB,0.5809810757637024,0.6376681327819824,-0.17190410196781158,0,0
10,LEFT_HIP,0.5141323804855347,0.6682334542274475,0.055159661918878555,0,0
10,RIGHT_HIP,0.5300695300102234,0.6728618144989014,-0.055180374532938004,0,0
10,LEFT_KNEE,0.5110539197921753,0.7570170760154724,0.05404699221253395,0,0
10,RIGHT_KNEE,0.5509147644042969,0.7538722157478333,-0.043590791523456573,0,0
10,LEFT_ANKLE,0.4894466996192932,0.8580267429351807,0.056539420038461685,0,0
10,RIGHT_ANKLE,0.5370274186134338,0.8635363578796387,-0.02025030367076397,0,0
10,LEFT_HEEL,0.48472100496292114,0.8754204511642456,0.05459040403366089,0,0
10,RIGHT_HEEL,0.526919960975647,0.879115104675293,-0.01882644183933735,0,0
10,LEFT_FOOT_INDEX,0.49727675318717957,0.8757638931274414,0.03182727470993996,0,0
10,RIGHT_FOOT_INDEX,0.5595402121543884,0.8816186785697937,-0.03872859105467796,0,0
11,NOSE,0.5731459259986877,0.518357515335083,-0.0013544218381866813,0,0
11,LEFT_EYE_INNER,0.5719183683395386,0.5083970427513123,0.006062587257474661,0,0
11,LEFT_EYE,0.5711280107498169,0.5072748064994812,0.006072144489735365,0,0
11,LEFT_EYE_OUTER,0.5702541470527649,0.5060913562774658,0.006087064277380705,0,0
11,RIGHT_EYE_INNER,0.5724316835403442,0.5092593431472778,-0.012799202464520931,0,0
11,RIGHT_EYE,0.5721297860145569,0.5088317394256592,-0.012792103923857212,0,0
11,RIGHT_EYE_OUTER,0.5718075633049011,0.5084080100059509,-0.012823260389268398,0,0
11,LEFT_EAR,0.5641222596168518,0.5035765767097473,0.041565533727407455,0,0
11,RIGHT_EAR,0.5663121342658997,0.5072484016418457,-0.0447268970310688,0,0
11,MOUTH_LEFT,0.5693143010139465,0.5234241485595703,0.013737669214606285,0,0
11,MOUTH_RIGHT,0.5694199800491333,0.5235264301300049,-0.011246305890381336,0,0
11,LEFT_SHOULDER,0.5499953627586365,0.5371959209442139,0.09607160091400146,0,0
11,RIGHT_SHOULDER,0.5447198152542114,0.5368229746818542,-0.08576548099517822,0,0
11,LEFT_ELBOW,0.5664799809455872,0.5884110331535339,0.15502142906188965,0,0
11,RIGHT_ELBOW,0.5318884253501892,0.5914331674575806,-0.1472359299659729,0,0
11,LEFT_WRIST,0.6032292246818542,0.6074097752571106,0.1406727135181427,0,0
11,RIGHT_WRIST,0.5645542144775391,0.6295943260192871,-0.1864272654056549,0,0
11,LEFT_PINKY,0.6126538515090942,0.6086550354957581,0.1425330638885498,0,0
11,RIGHT_PINKY,0.5709516406059265,0.641414999961853,-0.20514792203903198,0,0
11,LEFT_INDEX,0.6132655739784241,0.6019355654716492,0.12669086456298828,0,0
11,RIGHT_INDEX,0.5759093761444092,0.6355995535850525,-0.20059022307395935,0,0
11,LEFT_THUMB,0.6088648438453674,0.6005132794380188,0.1331964135169983,0,0
11,RIGHT_THUMB,0.5747084021568298,0.630723774433136,-0.1838773787021637,0,0
11,LEFT_HIP,0.5169010758399963,0.6689438819885254,0.055435724556446075,0,0
11,RIGHT_HIP,0.529484212398529,0.6733648777008057,-0.055445943027734756,0,0
11,LEFT_KNEE,0.5158013701438904,0.7553128600120544,0.05452124774456024,0,0
11,RIGHT_KNEE,0.5449218153953552,0.7548431754112244,-0.055692870169878006,0,0
11,LEFT_ANKLE,0.49043166637420654,0.8525447249412537,0.062324024736881256,0,0
11,RIGHT_ANKLE,0.5347961187362671,0.8640264272689819,-0.04163743555545807,0,0
11,LEFT_HEEL,0.4847235679626465,0.8687100410461426,0.0611567422747612,0,0
11,RIGHT_HEEL,0.5241619348526001,0.878954291343689,-0.04179932922124863,0,0
11,LEFT_FOOT_INDEX,0.4984361529350281,0.8754979372024536,0.03947822004556656,0,0
11,RIGHT_FOOT_INDEX,0.5586429834365845,0.8813346028327942,-0.07027187198400497,0,0
12,NOSE,0.5731174945831299,0.5179952383041382,0.0008854676852934062,0,0
12,LEFT_EYE_INNER,0.5720255374908447,0.5078745484352112,0.008508148603141308,0,0
12,LEFT_EYE,0.5712476968765259,0.506795346736908,0.008518864400684834,0,0
12,LEFT_EYE_OUTER,0.5703968405723572,0.5056689977645874,0.008533162996172905,0,0
12,RIGHT_EYE_INNER,0.5725662708282471,0.5087167620658875,-0.010276752524077892,0,0
12,RIGHT_EYE,0.5722801685333252,0.5083253383636475,-0.01026629563421011,0,0
12,RIGHT_EYE_OUTER,0.5719646215438843,0.5079500675201416,-0.010298620909452438,0,0
12,LEFT_EAR,0.5644826292991638,0.5033184289932251,0.0434645414352417,0,0
12,RIGHT_EAR,0.5666513442993164,0.5070292949676514,-0.04165801778435707,0,0
12,MOUTH_LEFT,0.5694385170936584,0.5230134725570679,0.016066312789916992,0,0
12,MOUTH_RIGHT,0.5695462822914124,0.5232284069061279,-0.00878419540822506,0,0
12,LEFT_SHOULDER,0.5509184002876282,0.5380541086196899,0.09748020768165588,0,0
12,RIGHT_SHOULDER,0.5443615317344666,0.5357187390327454,-0.0843217670917511,0,0
12,LEFT_ELBOW,0.5685803294181824,0.5893262624740601,0.15427497029304504,0,0
12,RIGHT_ELBOW,0.5311469435691833,0.5901674628257751,-0.1445896029472351,0,0
12,LEFT_WRIST,0.6039468050003052,0.6090515851974487,0.13986943662166595,0,0
12,RIGHT_WRIST,0.5639016628265381,0.6295903325080872,-0.1800585240125656,0,0
12,LEFT_PINKY,0.6132036447525024,0.61020427942276,0.14114755392074585,0,0
12,RIGHT_PINKY,0.5700629949569702,0.6409822702407837,-0.19835002720355988,0,0
12,LEFT_INDEX,0.613416850566864,0.6045811772346497,0.12572473287582397,0,0
12,RIGHT_INDEX,0.5748887658119202,0.6349912285804749,-0.1938776969909668,0,0
12,LEFT_THUMB,0.6090545058250427,0.6020134091377258,0.13252411782741547,0,0
12,RIGHT_THUMB,0.5736740231513977,0.6302255392074585,-0.17739233374595642,0,0
12,LEFT_HIP,0.5185889601707458,0.6688909530639648,0.05594465509057045,0,0
12,RIGHT_HIP,0.5292469263076782,0.6735169291496277,-0.05594663321971893,0,0
12,LEFT_KNEE,0.5178177952766418,0.7549471259117126,0.04892655834555626,0,0
12,RIGHT_KNEE,0.5445650815963745,0.7554617524147034,-0.057349447160959244,0,0
12,LEFT_ANKLE,0.4909936487674713,0.8511492609977722,0.05237467959523201,0,0
12,RIGHT_ANKLE,0.5343723297119141,0.8645040392875671,-0.044167254120111465,0,0
12,LEFT_HEEL,0.4848584830760956,0.8671441674232483,0.05037730932235718,0,0
12,RIGHT_HEEL,0.5236900448799133,0.8795276880264282,-0.044362351298332214,0,0
12,LEFT_FOOT_INDEX,0.49862340092658997,0.8755689263343811,0.026422424241900444,0,0
12,RIGHT_FOOT_INDEX,0.5583419799804688,0.8807598352432251,-0.07213664799928665,0,0
13,NOSE,0.5731703042984009,0.5179527997970581,-0.002470520557835698,0,0
13,LEFT_EYE_INNER,0.5721634030342102,0.5077167749404907,0.004431440494954586,0,0
13,LEFT_EYE,0.5713754296302795,0.5066284537315369,0.004443807993084192,0,0
13,LEFT_EYE_OUTER,0.5705111622810364,0.5055105686187744,0.004461998585611582,0,0
13,RIGHT_EYE_INNER,0.5727599263191223,0.508642852306366,-0.013970999978482723,0,0
13,RIGHT_EYE,0.5725094079971313,0.5082912445068359,-0.013968056067824364,0,0
13,RIGHT_EYE_OUTER,0.5722233057022095,0.5079600811004639,-0.014003844000399113,0,0
13,LEFT_EAR,0.5648258924484253,0.5033186674118042,0.0390000119805336,0,0
13,RIGHT_EAR,0.567352831363678,0.507183849811554,-0.04549277201294899,0,0
13,MOUTH_LEFT,0.5696576833724976,0.5228447914123535,0.012330910190939903,0,0
13,MOUTH_RIGHT,0.5698320269584656,0.5231605172157288,-0.012167691253125668,0,0
13,LEFT_SHOULDER,0.5508555769920349,0.5382145047187805,0.0911867767572403,0,0
13,RIGHT_SHOULDER,0.5451047420501709,0.5342217683792114,-0.08404441922903061,0,0
13,LEFT_ELBOW,0.5696104764938354,0.5867355465888977,0.14579921960830688,0,0
13,RIGHT_ELBOW,0.5295724272727966,0.5882882475852966,-0.15178567171096802,0,0
13,LEFT_WRIST,0.6076115369796753,0.6070398688316345,0.13475893437862396,0,0
13,RIGHT_WRIST,0.5610984563827515,0.6246069073677063,-0.20061896741390228,0,0
13,LEFT_PINKY,0.616977870464325,0.6094213128089905,0.13743583858013153,0,0
13,RIGHT_PINKY,0.5666879415512085,0.636116623878479,-0.21923786401748657,0,0
13,LEFT_INDEX,0.617570698261261,0.6033298373222351,0.12209180742502213,0,0
13,RIGHT_INDEX,0.5717038512229919,0.6290852427482605,-0.21413111686706543,0,0
13,LEFT_THUMB,0.6131436824798584,0.6015417575836182,0.12759079039096832,0,0
13,RIGHT_THUMB,0.570464551448822,0.6237717270851135,-0.1979667693376541,0,0
13,LEFT_HIP,0.5198850035667419,0.6695385575294495,0.05556688457727432,0,0
13,RIGHT_HIP,0.5301395654678345,0.6743141412734985,-0.05557161197066307,0,0
13,LEFT_KNEE,0.5222920179367065,0.7545850872993469,0.0573345348238945,0,0
13,RIGHT_KNEE,0.5424466729164124,0.7556011080741882,-0.053344037383794785,0,0
13,LEFT_ANKLE,0.49471867084503174,0.8437419533729553,0.0699787586927414,0,0
13,RIGHT_ANKLE,0.5336864590644836,0.8648664951324463,-0.04092899337410927,0,0
13,LEFT_HEEL,0.487208753824234,0.8585440516471863,0.06883038580417633,0,0
13,RIGHT_HEEL,0.5230804681777954,0.8799771666526794,-0.040955979377031326,0,0
13,LEFT_FOOT_INDEX,0.4998786747455597,0.8732022643089294,0.045769087970256805,0,0
13,RIGHT_FOOT_INDEX,0.5575862526893616,0.8808389902114868,-0.06901941448450089,0,0
14,NOSE,0.5752525329589844,0.5180935859680176,-0.008779901079833508,0,0
14,LEFT_EYE_INNER,0.5743264555931091,0.5079277753829956,-0.0007089551072567701,0,0
14,LEFT_EYE,0.5736456513404846,0.506953239440918,-0.0007053213776089251,0,0
14,LEFT_EYE_OUTER,0.5728501677513123,0.5059814453125,-0.0006828770856373012,0,0
14,RIGHT_EYE_INNER,0.5744627118110657,0.5087038278579712,-0.019059181213378906,0,0
14,RIGHT_EYE,0.5740413665771484,0.5084024667739868,-0.01905939355492592,0,0
14,RIGHT_EYE_OUTER,0.5735626220703125,0.5081004500389099,-0.01908942684531212,0,0
14,LEFT_EAR,0.5667694211006165,0.504060685634613,0.03762548044323921,0,0
14,RIGHT_EAR,0.5682888627052307,0.5074409246444702,-0.046382006257772446,0,0
14,MOUTH_LEFT,0.5720619559288025,0.5230635404586792,0.007217762991786003,0,0
14,MOUTH_RIGHT,0.5718620419502258,0.5232663750648499,-0.017160383984446526,0,0
14,LEFT_SHOULDER,0.5532153248786926,0.5389137268066406,0.08874797075986862,0,0
14,RIGHT_SHOULDER,0.545367956161499,0.5338090062141418,-0.08328443020582199,0,0
14,LEFT_ELBOW,0.5745058655738831,0.5862544775009155,0.13856714963912964,0,0
14,RIGHT_ELBOW,0.5280719995498657,0.5859657526016235,-0.14977531135082245,0,0
14,LEFT_WRIST,0.6087204813957214,0.6023194193840027,0.12348489463329315,0,0
14,RIGHT_WRIST,0.5568908452987671,0.6198500394821167,-0.194095641374588,0,0
14,LEFT_PINKY,0.6182875037193298,0.6035856008529663,0.12479808926582336,0,0
14,RIGHT_PINKY,0.5619919896125793,0.6302477121353149,-0.2121763378381729,0,0
14,LEFT_INDEX,0.6187199950218201,0.5969678163528442,0.10995636135339737,0,0
14,RIGHT_INDEX,0.5670726895332336,0.6232409477233887,-0.20796431601047516,0,0
14,LEFT_THUMB,0.6139237284660339,0.5976622104644775,0.11613974720239639,0,0
14,RIGHT_THUMB,0.5660878419876099,0.6186075210571289,-0.19198505580425262,0,0
14,LEFT_HIP,0.5225265622138977,0.6690975427627563,0.055071182548999786,0,0
14,RIGHT_HIP,0.5289451479911804,0.672895610332489,-0.05505616217851639,0,0
14,LEFT_KNEE,0.5294523239135742,0.7540913820266724,0.039555929601192474,0,0
14,RIGHT_KNEE,0.5388950109481812,0.7543838620185852,-0.07140031456947327,0,0
14,LEFT_ANKLE,0.49916431307792664,0.8369803428649902,0.041425738483667374,0,0
14,RIGHT_ANKLE,0.5307751893997192,0.8644677400588989,-0.065761037170887,0,0
14,LEFT_HEEL,0.4916427731513977,0.8500257730484009,0.03879598155617714,0,0
14,RIGHT_HEEL,0.5196377038955688,0.8746246099472046,-0.06693287938833237,0,0
14,LEFT_FOOT_INDEX,0.5179803967475891,0.8727940917015076,0.011236025020480156,0,0
14,RIGHT_FOOT_INDEX,0.5548539757728577,0.880693793296814,-0.10073069483041763,0,0
15,NOSE,0.5770050287246704,0.5209869146347046,-0.01234064344316721,0,0
15,LEFT_EYE_INNER,0.5761521458625793,0.5105840563774109,-0.003912965301424265,0,0
15,LEFT_EYE,0.5755614638328552,0.5096582770347595,-0.003909205086529255,0,0
15,LEFT_EYE_OUTER,0.5748411417007446,0.5087310075759888,-0.0038850721903145313,0,0
15,RIGHT_EYE_INNER,0.5760633945465088,0.5109781622886658,-0.02167023904621601,0,0
15,RIGHT_EYE,0.575524091720581,0.510454535484314,-0.021676667034626007,0,0
15,RIGHT_EYE_OUTER,0.5749101042747498,0.509958028793335,-0.02170371077954769,0,0
15,LEFT_EAR,0.568537712097168,0.5070850849151611,0.03605645149946213,0,0
15,RIGHT_EAR,0.569113552570343,0.5087743997573853,-0.0453517809510231,0,0
15,MOUTH_LEFT,0.5738906264305115,0.5258679389953613,0.0040780589915812016,0,0
15,MOUTH_RIGHT,0.5735097527503967,0.5256375074386597,-0.019452376291155815,0,0
15,LEFT_SHOULDER,0.5579892992973328,0.5457846522331238,0.0872763842344284,0,0
15,RIGHT_SHOULDER,0.5450133681297302,0.534674346446991,-0.08323673903942108,0,0
15,LEFT_ELBOW,0.5804270505905151,0.5867851972579956,0.13392533361911774,0,0
15,RIGHT_ELBOW,0.5279972553253174,0.5847596526145935,-0.1533036082983017,0,0
15,LEFT_WRIST,0.6121734380722046,0.6004723906517029,0.1228608712553978,0,0
15,RIGHT_WRIST,0.5535705089569092,0.6177682280540466,-0.20251861214637756,0,0
15,LEFT_PINKY,0.6215471029281616,0.6011826992034912,0.12587004899978638,0,0
15,RIGHT_PINKY,0.5580064654350281,0.6267473101615906,-0.2203950136899948,0,0
15,LEFT_INDEX,0.6222957968711853,0.5962164402008057,0.11209886521100998,0,0
15,RIGHT_INDEX,0.5626481771469116,0.6192665100097656,-0.21619321405887604,0,0
15,LEFT_THUMB,0.6176263093948364,0.5961477160453796,0.11603228002786636,0,0
15,RIGHT_THUMB,0.5620942711830139,0.6153302788734436,-0.2006981372833252,0,0
15,LEFT_HIP,0.5244207978248596,0.6687071919441223,0.054889436811208725,0,0
15,RIGHT_HIP,0.5281847715377808,0.6715126037597656,-0.054867248982191086,0,0
15,LEFT_KNEE,0.5315817594528198,0.7527623176574707,0.04341932758688927,0,0
15,RIGHT_KNEE,0.5405682325363159,0.7536410689353943,-0.07940831780433655,0,0
15,LEFT_ANKLE,0.5005180835723877,0.8275349140167236,0.047454431653022766,0,0
15,RIGHT_ANKLE,0.5324398279190063,0.8646770119667053,-0.076154425740242,0,0
15,LEFT_HEEL,0.4917560815811157,0.8383688926696777,0.045224059373140335,0,0
15,RIGHT_HEEL,0.5218454599380493,0.8778115510940552,-0.07742245495319366,0,0
15,LEFT_FOOT_INDEX,0.5126444697380066,0.868501603603363,0.020503485575318336,0,0
15,RIGHT_FOOT_INDEX,0.5561971068382263,0.8807277679443359,-0.10974337160587311,0,0
16,NOSE,0.5804065465927124,0.5223907828330994,-0.01915317215025425,0,0
16,LEFT_EYE_INNER,0.5789250731468201,0.5120615363121033,-0.010757780633866787,0,0
16,LEFT_EYE,0.5782715082168579,0.5111550092697144,-0.010751557536423206,0,0
16,LEFT_EYE_OUTER,0.5774903893470764,0.5102815628051758,-0.010730143636465073,0,0
16,RIGHT_EYE_INNER,0.5788261294364929,0.5125046372413635,-0.02792171947658062,0,0
16,RIGHT_EYE,0.578206479549408,0.5119895339012146,-0.027926236391067505,0,0
16,RIGHT_EYE_OUTER,0.5774931311607361,0.5115176439285278,-0.027936015278100967,0,0
16,LEFT_EAR,0.5708246827125549,0.5092821717262268,0.029409509152173996,0,0
16,RIGHT_EAR,0.5713454484939575,0.510527491569519,-0.04913729056715965,0,0
16,MOUTH_LEFT,0.5772778391838074,0.5274756550788879,-0.0027068452909588814,0,0
16,MOUTH_RIGHT,0.5768877863883972,0.5271178483963013,-0.02547597698867321,0,0
16,LEFT_SHOULDER,0.5618688464164734,0.5506570935249329,0.07956133782863617,0,0
16,RIGHT_SHOULDER,0.5450085997581482,0.5355157852172852,-0.08215563744306564,0,0
16,LEFT_ELBOW,0.5827439427375793,0.5871829986572266,0.12931951880455017,0,0
16,RIGHT_ELBOW,0.5273937582969666,0.581824541091919,-0.1510411947965622,0,0
16,LEFT_WRIST,0.614618182182312,0.600135862827301,0.12590380012989044,0,0
16,RIGHT_WRIST,0.5502950549125671,0.6148266196250916,-0.20424969494342804,0,0
16,LEFT_PINKY,0.6242177486419678,0.5990843772888184,0.1300981193780899,0,0
16,RIGHT_PINKY,0.553691029548645,0.6235604286193848,-0.22099372744560242,0,0
16,LEFT_INDEX,0.6249960660934448,0.5947249531745911,0.11647076904773712,0,0
16,RIGHT_INDEX,0.5583330392837524,0.6167575120925903,-0.2182617038488388,0,0
16,LEFT_THUMB,0.6209919452667236,0.595355749130249,0.11947917938232422,0,0
16,RIGHT_THUMB,0.5580275654792786,0.6129860877990723,-0.20293641090393066,0,0
16,LEFT_HIP,0.5246703624725342,0.6681239008903503,0.05394382402300835,0,0
16,RIGHT_HIP,0.5285013914108276,0.6716933846473694,-0.05393503978848457,0,0
16,LEFT_KNEE,0.5300379991531372,0.7517725825309753,0.08567354083061218,0,0
16,RIGHT_KNEE,0.5423617959022522,0.7540454864501953,-0.08396553993225098,0,0
16,LEFT_ANKLE,0.5022011995315552,0.8226721286773682,0.12143540382385254,0,0
16,RIGHT_ANKLE,0.5331637263298035,0.8647510409355164,-0.09091950207948685,0,0
16,LEFT_HEEL,0.49317091703414917,0.8301160931587219,0.12261760234832764,0,0
16,RIGHT_HEEL,0.5233105421066284,0.8802573680877686,-0.09328438341617584,0,0
16,LEFT_FOOT_INDEX,0.5088489055633545,0.8554384708404541,0.10688881576061249,0,0
16,RIGHT_FOOT_INDEX,0.5566679835319519,0.8815640807151794,-0.12754841148853302,0,0
17,NOSE,0.5803428888320923,0.5244964361190796,-0.007748241536319256,0,0
17,LEFT_EYE_INNER,0.5798275470733643,0.5144709348678589,-0.000355674943421036,0,0
17,LEFT_EYE,0.5791992545127869,0.513641893863678,-0.0003497667203191668,0,0
17,LEFT_EYE_OUTER,0.5784469246864319,0.5127273797988892,-0.0003355047956574708,0,0
17,RIGHT_EYE_INNER,0.5798346996307373,0.5146960616111755,-0.01785183697938919,0,0
17,RIGHT_EYE,0.5793207287788391,0.5141750574111938,-0.01785038597881794,0,0
17,RIGHT_EYE_OUTER,0.5787137746810913,0.5136157870292664,-0.01786557026207447,0,0
17,LEFT_EAR,0.5719133615493774,0.5106553435325623,0.030916450545191765,0,0
17,RIGHT_EAR,0.5722957849502563,0.5118346810340881,-0.0484248623251915,0,0
17,MOUTH_LEFT,0.576874852180481,0.5291798114776611,0.0069960192777216434,0,0
17,MOUTH_RIGHT,0.5766990184783936,0.5290355682373047,-0.01621287688612938,0,0
17,LEFT_SHOULDER,0.5611632466316223,0.5500401258468628,0.0822504386305809,0,0
17,RIGHT_SHOULDER,0.5455140471458435,0.5359818339347839,-0.07220649719238281,0,0
17,LEFT_ELBOW,0.582332968711853,0.5870325565338135,0.13513420522212982,0,0
17,RIGHT_ELBOW,0.5279282927513123,0.578427255153656,-0.14640218019485474,0,0
17,LEFT_WRIST,0.6153085827827454,0.5999345779418945,0.13357186317443848,0,0
17,RIGHT_WRIST,0.5460977554321289,0.6132606267929077,-0.19775965809822083,0,0
17,LEFT_PINKY,0.6248453259468079,0.5988860726356506,0.1383821964263916,0,0
17,RIGHT_PINKY,0.5492955446243286,0.6214640736579895,-0.2136668711900711,0,0
17,LEFT_INDEX,0.625619113445282,0.5945528745651245,0.12430587410926819,0,0
17,RIGHT_INDEX,0.5532176494598389,0.6153714656829834,-0.21151016652584076,0,0
17,LEFT_THUMB,0.6216630935668945,0.5951029062271118,0.1270672231912613,0,0
17,RIGHT_THUMB,0.552954375743866,0.6117904782295227,-0.19682364165782928,0,0
17,LEFT_HIP,0.524710476398468,0.6665267944335938,0.05366337671875954,0,0
17,RIGHT_HIP,0.5288657546043396,0.6708022356033325,-0.05366542562842369,0,0
17,LEFT_KNEE,0.5304311513900757,0.7515465021133423,0.09890227764844894,0,0
17,RIGHT_KNEE,0.5432658791542053,0.7558978199958801,-0.07379405200481415,0,0
17,LEFT_ANKLE,0.5045037269592285,0.8202835321426392,0.1452185958623886,0,0
17,RIGHT_ANKLE,0.5335485339164734,0.8651204109191895,-0.0856492817401886,0,0
17,LEFT_HEEL,0.49524131417274475,0.8277152180671692,0.14766213297843933,0,0
17,RIGHT_HEEL,0.524303674697876,0.8815453052520752,-0.08877796679735184,0,0
17,LEFT_FOOT_INDEX,0.5094268321990967,0.8466111421585083,0.13351155817508698,0,0
17,RIGHT_FOOT_INDEX,0.5578306317329407,0.8829485774040222,-0.12437742203474045,0,0
18,NOSE,0.5830453634262085,0.539446234703064,-0.022970618680119514,0,0
18,LEFT_EYE_INNER,0.5845741033554077,0.5293355584144592,-0.014785625971853733,0,0
18,LEFT_EYE,0.584446907043457,0.5285127758979797,-0.014780848287045956,0,0
18,LEFT_EYE_OUTER,0.5843307375907898,0.5277648568153381,-0.014769568108022213,0,0
18,RIGHT_EYE_INNER,0.5839117169380188,0.5292855501174927,-0.032822247594594955,0,0
18,RIGHT_EYE,0.5833786725997925,0.5285002589225769,-0.032830290496349335,0,0
18,RIGHT_EYE_OUTER,0.5828405022621155,0.5278121829032898,-0.032834555953741074,0,0
18,LEFT_EAR,0.5784253478050232,0.521643340587616,0.024779824540019035,0,0
18,RIGHT_EAR,0.5764803290367126,0.5211329460144043,-0.05818618834018707,0,0
18,MOUTH_LEFT,0.5791047811508179,0.5433735251426697,-0.006035009399056435,0,0
18,MOUTH_RIGHT,0.5785943269729614,0.5426862239837646,-0.030306397005915642,0,0
18,LEFT_SHOULDER,0.5627953410148621,0.5510087609291077,0.07356639206409454,0,0
18,RIGHT_SHOULDER,0.5458062887191772,0.5366915464401245,-0.08100287616252899,0,0
18,LEFT_ELBOW,0.5868330597877502,0.5872296094894409,0.1302325427532196,0,0
18,RIGHT_ELBOW,0.5280076861381531,0.5743520855903625,-0.15861430764198303,0,0
18,LEFT_WRIST,0.6169883608818054,0.6001692414283752,0.13638345897197723,0,0
18,RIGHT_WRIST,0.5369950532913208,0.6046095490455627,-0.22607803344726562,0,0
18,LEFT_PINKY,0.6266475915908813,0.5993729829788208,0.1426660418510437,0,0
18,RIGHT_PINKY,0.5378560423851013,0.6151320934295654,-0.24327413737773895,0,0
18,LEFT_INDEX,0.6275222301483154,0.5948136448860168,0.12834681570529938,0,0
18,RIGHT_INDEX,0.5417549014091492,0.6109082698822021,-0.2422647327184677,0,0
18,LEFT_THUMB,0.6236648559570312,0.5953118801116943,0.13005347549915314,0,0
18,RIGHT_THUMB,0.5420628786087036,0.6073190569877625,-0.22602997720241547,0,0
18,LEFT_HIP,0.5259178876876831,0.6658316850662231,0.05366992950439453,0,0
18,RIGHT_HIP,0.5290552973747253,0.6712517142295837,-0.05367109552025795,0,0
18,LEFT_KNEE,0.532350480556488,0.7495392560958862,0.13009296357631683,0,0
18,RIGHT_KNEE,0.5438176989555359,0.757980465888977,-0.07439810782670975,0,0
18,LEFT_ANKLE,0.5096603631973267,0.8214209675788879,0.20058292150497437,0,0
18,RIGHT_ANKLE,0.533025860786438,0.8652611970901489,-0.08249053359031677,0,0
18,LEFT_HEEL,0.5014117956161499,0.8308075666427612,0.2058923840522766,0,0
18,RIGHT_HEEL,0.5249406695365906,0.8816771507263184,-0.08493154495954514,0,0
18,LEFT_FOOT_INDEX,0.5200755000114441,0.8405846357345581,0.19752852618694305,0,0
18,RIGHT_FOOT_INDEX,0.5584425330162048,0.883949339389801,-0.1197870597243309,0,0
19,NOSE,0.5836767554283142,0.5462164878845215,-0.02217656746506691,0,0
19,LEFT_EYE_INNER,0.5852347016334534,0.535429835319519,-0.015675997361540794,0,0
19,LEFT_EYE,0.5852038860321045,0.5344268679618835,-0.015668343752622604,0,0
19,LEFT_EYE_OUTER,0.5851472616195679,0.5335197448730469,-0.015657462179660797,0,0
19,RIGHT_EYE_INNER,0.5845709443092346,0.5354668498039246,-0.03363403305411339,0,0
19,RIGHT_EYE,0.584141194820404,0.5345920920372009,-0.03364627808332443,0,0
19,RIGHT_EYE_OUTER,0.5837019681930542,0.5338924527168274,-0.03365342691540718,0,0
19,LEFT_EAR,0.5786744356155396,0.5243204832077026,0.01934160478413105,0,0
19,RIGHT_EAR,0.5777290463447571,0.525263249874115,-0.06381925195455551,0,0
19,MOUTH_LEFT,0.5796393752098083,0.5495247840881348,-0.0067646135576069355,0,0
19,MOUTH_RIGHT,0.5792140960693359,0.5485566258430481,-0.031071551144123077,0,0
19,LEFT_SHOULDER,0.5629217028617859,0.5504022240638733,0.0645332857966423,0,0
19,RIGHT_SHOULDER,0.5459148287773132,0.538463294506073,-0.08791255205869675,0,0
19,LEFT_ELBOW,0.5871099233627319,0.5868285298347473,0.1231665164232254,0,0
19,RIGHT_ELBOW,0.527628481388092,0.5730761289596558,-0.16600146889686584,0,0
19,LEFT_WRIST,0.6177552938461304,0.6005633473396301,0.13281068205833435,0,0
19,RIGHT_WRIST,0.5379714369773865,0.605491578578949,-0.2339066118001938,0,0
19,LEFT_PINKY,0.6279981732368469,0.5998334288597107,0.14108222723007202,0,0
19,RIGHT_PINKY,0.5383018255233765,0.6154370903968811,-0.2512036859989166,0,0
19,LEFT_INDEX,0.6287131905555725,0.5953946113586426,0.12556612491607666,0,0
19,RIGHT_INDEX,0.541980504989624,0.6112124919891357,-0.24976792931556702,0,0
19,LEFT_THUMB,0.6248000264167786,0.5956234931945801,0.12634055316448212,0,0
19,RIGHT_THUMB,0.5423232316970825,0.6079756021499634,-0.2337477058172226,0,0
19,LEFT_HIP,0.5252907872200012,0.6653240323066711,0.05364672839641571,0,0
19,RIGHT_HIP,0.5308740139007568,0.6714645624160767,-0.05365182086825371,0,0
19,LEFT_KNEE,0.5330155491828918,0.7475005984306335,0.13952477276325226,0,0
19,RIGHT_KNEE,0.5443168878555298,0.7584918737411499,-0.07324353605508804,0,0
19,LEFT_ANKLE,0.5108124613761902,0.8205212354660034,0.2181399017572403,0,0
19,RIGHT_ANKLE,0.5330564379692078,0.8653760552406311,-0.07813342660665512,0,0
19,LEFT_HEEL,0.5027696490287781,0.8309418559074402,0.22433987259864807,0,0
19,RIGHT_HEEL,0.5252998471260071,0.8817087411880493,-0.08019658178091049,0,0
19,LEFT_FOOT_INDEX,0.5225933194160461,0.8393832445144653,0.21623656153678894,0,0
19,RIGHT_FOOT_INDEX,0.5583803653717041,0.8841766715049744,-0.11547613143920898,0,0
20,NOSE,0.5824586153030396,0.5407102704048157,-0.014600906521081924,0,0
20,LEFT_EYE_INNER,0.5832055807113647,0.5302268266677856,-0.009200540371239185,0,0
20,LEFT_EYE,0.582965075969696,0.5291906595230103,-0.009201174601912498,0,0
20,LEFT_EYE_OUTER,0.5827040076255798,0.5281873941421509,-0.009197316132485867,0,0
20,RIGHT_EYE_INNER,0.5830835700035095,0.5307907462120056,-0.026042738929390907,0,0
20,RIGHT_EYE,0.5828362107276917,0.5302619338035583,-0.026049695909023285,0,0
20,RIGHT_EYE_OUTER,0.5826234817504883,0.5298483967781067,-0.026057768613100052,0,0
20,LEFT_EAR,0.5762549042701721,0.521988570690155,0.018121976405382156,0,0
20,RIGHT_EAR,0.5773857235908508,0.5252046585083008,-0.05725500360131264,0,0
20,MOUTH_LEFT,0.5785089135169983,0.5447191596031189,-0.0009408031473867595,0,0
20,MOUTH_RIGHT,0.5785671472549438,0.5447163581848145,-0.023874787613749504,0,0
20,LEFT_SHOULDER,0.5610224604606628,0.5511813163757324,0.05780291184782982,0,0
20,RIGHT_SHOULDER,0.5495545268058777,0.5451547503471375,-0.08654620498418808,0,0
20,LEFT_ELBOW,0.5846779942512512,0.5864110589027405,0.10143273323774338,0,0
20,RIGHT_ELBOW,0.5278891324996948,0.575440526008606,-0.1664620339870453,0,0
20,LEFT_WRIST,0.6163985729217529,0.6022354960441589,0.10384189337491989,0,0
20,RIGHT_WRIST,0.5366300940513611,0.6037145256996155,-0.24574251472949982,0,0
20,LEFT_PINKY,0.6254531741142273,0.6010009050369263,0.11047524958848953,0,0
20,RIGHT_PINKY,0.5345106720924377,0.6129544377326965,-0.2646055519580841,0,0
20,LEFT_INDEX,0.6264868378639221,0.5979933738708496,0.09521830081939697,0,0
20,RIGHT_INDEX,0.5383306741714478,0.6094850897789001,-0.2636983096599579,0,0
20,LEFT_THUMB,0.6228082180023193,0.5985533595085144,0.09741394966840744,0,0
20,RIGHT_THUMB,0.5391952395439148,0.6069002747535706,-0.2467748522758484,0,0
20,LEFT_HIP,0.5246796607971191,0.6653112769126892,0.05277310311794281,0,0
20,RIGHT_HIP,0.5326645970344543,0.6757258772850037,-0.05279066041111946,0,0
20,LEFT_KNEE,0.5327683091163635,0.7454022169113159,0.1478191763162613,0,0
20,RIGHT_KNEE,0.5450006723403931,0.7585650682449341,-0.07053276896476746,0,0
20,LEFT_ANKLE,0.5137654542922974,0.8217993974685669,0.22867533564567566,0,0
20,RIGHT_ANKLE,0.5331209301948547,0.8654607534408569,-0.07787741720676422,0,0
20,LEFT_HEEL,0.5076107382774353,0.8331190347671509,0.2352885901927948,0,0
20,RIGHT_HEEL,0.5255630612373352,0.8817108273506165,-0.0805380716919899,0,0
20,LEFT_FOOT_INDEX,0.5273694396018982,0.8329305648803711,0.2284681349992752,0,0
20,RIGHT_FOOT_INDEX,0.5586313605308533,0.8842069506645203,-0.1169193834066391,0,0
21,NOSE,0.5818279981613159,0.5390954613685608,0.015042051672935486,0,0
21,LEFT_EYE_INNER,0.5822306871414185,0.5285928845405579,0.014782690443098545,0,0
21,LEFT_EYE,0.5818185210227966,0.5273124575614929,0.01479334570467472,0,0
21,LEFT_EYE_OUTER,0.5815117955207825,0.5258162021636963,0.014800304546952248,0,0
21,RIGHT_EYE_INNER,0.5829986333847046,0.529878556728363,0.0014086143346503377,0,0
21,RIGHT_EYE,0.5830971002578735,0.5297304391860962,0.0013901719357818365,0,0
21,RIGHT_EYE_OUTER,0.5832322835922241,0.5295804142951965,0.0013935354072600603,0,0
21,LEFT_EAR,0.5750623941421509,0.5208991765975952,0.02348533272743225,0,0
21,RIGHT_EAR,0.5788660645484924,0.5235833525657654,-0.038902174681425095,0,0
21,MOUTH_LEFT,0.5779257416725159,0.5423892736434937,0.021308017894625664,0,0
21,MOUTH_RIGHT,0.5782305598258972,0.5441281795501709,0.0029429509304463863,0,0
21,LEFT_SHOULDER,0.5600822567939758,0.5505525469779968,0.06176399812102318,0,0
21,RIGHT_SHOULDER,0.5605140924453735,0.5489118099212646,-0.07197035104036331,0,0
21,LEFT_ELBOW,0.5825073719024658,0.5865675806999207,0.09531386196613312,0,0
21,RIGHT_ELBOW,0.532903790473938,0.5718916058540344,-0.13366642594337463,0,0
21,LEFT_WRIST,0.614554226398468,0.6068611145019531,0.08783850818872452,0,0
21,RIGHT_WRIST,0.5368340015411377,0.6012823581695557,-0.1860520988702774,0,0
21,LEFT_PINKY,0.6229696869850159,0.605955183506012,0.09361345320940018,0,0
21,RIGHT_PINKY,0.533948540687561,0.6096159815788269,-0.19953392446041107,0,0
21,LEFT_INDEX,0.6241553425788879,0.6031869649887085,0.07904243469238281,0,0
21,RIGHT_INDEX,0.5370355248451233,0.6082732677459717,-0.19800394773483276,0,0
21,LEFT_THUMB,0.6204770803451538,0.6033651828765869,0.081614188849926,0,0
21,RIGHT_THUMB,0.5381991267204285,0.6059518456459045,-0.1863650381565094,0,0
21,LEFT_HIP,0.5231862664222717,0.6650837659835815,0.051589902490377426,0,0
21,RIGHT_HIP,0.5353491902351379,0.6762564182281494,-0.05162492021918297,0,0
21,LEFT_KNEE,0.5317237377166748,0.7431870698928833,0.14997904002666473,0,0
21,RIGHT_KNEE,0.5459153056144714,0.758560836315155,-0.06231561675667763,0,0
21,LEFT_ANKLE,0.5180400609970093,0.8224194645881653,0.22844235599040985,0,0
21,RIGHT_ANKLE,0.5332736372947693,0.8653184771537781,-0.07373914122581482,0,0
21,LEFT_HEEL,0.5120320320129395,0.8356047868728638,0.23520149290561676,0,0
21,RIGHT_HEEL,0.5257341265678406,0.8815886974334717,-0.07631690800189972,0,0
21,LEFT_FOOT_INDEX,0.5331381559371948,0.8269725441932678,0.23189164698123932,0,0
21,RIGHT_FOOT_INDEX,0.5588042140007019,0.8840645551681519,-0.10947958379983902,0,0
22,NOSE,0.5869689583778381,0.5372004508972168,-0.0072171674109995365,0,0
22,LEFT_EYE_INNER,0.5873969197273254,0.526644229888916,-0.00012419105041772127,0,0
22,LEFT_EYE,0.5868356823921204,0.5254600048065186,-0.00013212683552410454,0,0
22,LEFT_EYE_OUTER,0.5861729383468628,0.5241285562515259,-0.00013007974484935403,0,0
22,RIGHT_EYE_INNER,0.5874083042144775,0.5277214050292969,-0.0185344610363245,0,0
22,RIGHT_EYE,0.5869674682617188,0.5275169014930725,-0.01854919083416462,0,0
22,RIGHT_EYE_OUTER,0.5864276885986328,0.5274182558059692,-0.018543273210525513,0,0
22,LEFT_EAR,0.5793110728263855,0.5198465585708618,0.027547935023903847,0,0
22,RIGHT_EAR,0.5802584290504456,0.5224672555923462,-0.049423862248659134,0,0
22,MOUTH_LEFT,0.5825982689857483,0.5412049293518066,0.00830102153122425,0,0
22,MOUTH_RIGHT,0.5823714137077332,0.5421368479728699,-0.016408290714025497,0,0
22,LEFT_SHOULDER,0.5624350905418396,0.5504968166351318,0.07352986186742783,0,0
22,RIGHT_SHOULDER,0.5571881532669067,0.5450742840766907,-0.07293520867824554,0,0
22,LEFT_ELBOW,0.5812657475471497,0.590892493724823,0.11785396933555603,0,0
22,RIGHT_ELBOW,0.5300770401954651,0.5634365081787109,-0.14426134526729584,0,0
22,LEFT_WRIST,0.6121311187744141,0.6203076243400574,0.10572721809148788,0,0
22,RIGHT_WRIST,0.528296709060669,0.6005634069442749,-0.2173633873462677,0,0
22,LEFT_PINKY,0.6199628114700317,0.6200692653656006,0.11361978948116302,0,0
22,RIGHT_PINKY,0.525255024433136,0.6125324964523315,-0.23594874143600464,0,0
22,LEFT_INDEX,0.6203675866127014,0.6184179782867432,0.10164954513311386,0,0
22,RIGHT_INDEX,0.5294621586799622,0.611214280128479,-0.23400260508060455,0,0
22,LEFT_THUMB,0.6165674328804016,0.6188533902168274,0.10217396914958954,0,0
22,RIGHT_THUMB,0.530997633934021,0.6081924438476562,-0.21741488575935364,0,0
22,LEFT_HIP,0.5265829563140869,0.6644556522369385,0.05172877386212349,0,0
22,RIGHT_HIP,0.5336105227470398,0.6720230579376221,-0.05176309123635292,0,0
22,LEFT_KNEE,0.5336331129074097,0.7439146041870117,0.12431271374225616,0,0
22,RIGHT_KNEE,0.5450774431228638,0.7591716051101685,-0.05300832539796829,0,0
22,LEFT_ANKLE,0.5271365642547607,0.8302657604217529,0.18777772784233093,0,0
22,RIGHT_ANKLE,0.5331540107727051,0.8652040958404541,-0.051336176693439484,0,0
22,LEFT_HEEL,0.5221740007400513,0.8520525097846985,0.1926226168870926,0,0
22,RIGHT_HEEL,0.5258031487464905,0.8811682462692261,-0.053667858242988586,0,0
22,LEFT_FOOT_INDEX,0.5453289747238159,0.8394209742546082,0.18067331612110138,0,0
22,RIGHT_FOOT_INDEX,0.5585907697677612,0.8840901851654053,-0.09383397549390793,0,0
23,NOSE,0.5881359577178955,0.5377232432365417,-0.01900646649301052,0,0
23,LEFT_EYE_INNER,0.5879862308502197,0.526777982711792,-0.010810078121721745,0,0
23,LEFT_EYE,0.5874055027961731,0.5256485342979431,-0.01082478929311037,0,0
23,LEFT_EYE_OUTER,0.5866997241973877,0.5243889689445496,-0.010831941850483418,0,0
23,RIGHT_EYE_INNER,0.587916910648346,0.527587890625,-0.028820933774113655,0,0
23,RIGHT_EYE,0.5874047875404358,0.5272190570831299,-0.028830204159021378,0,0
23,RIGHT_EYE_OUTER,0.5867510437965393,0.5268426537513733,-0.028827155008912086,0,0
23,LEFT_EAR,0.5800990462303162,0.5214977264404297,0.026418112218379974,0,0
23,RIGHT_EAR,0.580277681350708,0.5237993597984314,-0.05443062633275986,0,0
23,MOUTH_LEFT,0.5839284658432007,0.5421700477600098,-0.0023900377564132214,0,0
23,MOUTH_RIGHT,0.5836630463600159,0.5430142283439636,-0.02651626244187355,0,0
23,LEFT_SHOULDER,0.5634108185768127,0.5540512204170227,0.0708865076303482,0,0
23,RIGHT_SHOULDER,0.5556512475013733,0.5485999584197998,-0.07422135025262833,0,0
23,LEFT_ELBOW,0.5788405537605286,0.5967848896980286,0.12234403938055038,0,0
23,RIGHT_ELBOW,0.5209721326828003,0.5649082064628601,-0.1429089903831482,0,0
23,LEFT_WRIST,0.6048408150672913,0.6285200119018555,0.11853256076574326,0,0
23,RIGHT_WRIST,0.5240234732627869,0.5963456630706787,-0.211111918091774,0,0
23,LEFT_PINKY,0.6117050051689148,0.6294832229614258,0.1260320395231247,0,0
23,RIGHT_PINKY,0.5244230031967163,0.6107891798019409,-0.22864268720149994,0,0
23,LEFT_INDEX,0.612150251865387,0.6274017095565796,0.110045425593853,0,0
23,RIGHT_INDEX,0.5289601683616638,0.6078757643699646,-0.22615869343280792,0,0
23,LEFT_THUMB,0.6092338562011719,0.6271301507949829,0.1130390390753746,0,0
23,RIGHT_THUMB,0.5291607975959778,0.6042948365211487,-0.21067343652248383,0,0
23,LEFT_HIP,0.528120756149292,0.6644232869148254,0.04949395731091499,0,0
23,RIGHT_HIP,0.5335955023765564,0.6721739768981934,-0.049481406807899475,0,0
23,LEFT_KNEE,0.5350971817970276,0.7447003126144409,0.12484993785619736,0,0
23,RIGHT_KNEE,0.5434343218803406,0.7639995813369751,-0.04376215115189552,0,0
23,LEFT_ANKLE,0.5300822257995605,0.8045191168785095,0.20137128233909607,0,0
23,RIGHT_ANKLE,0.5330713391304016,0.8647351861000061,-0.03738187998533249,0,0
23,LEFT_HEEL,0.5233454704284668,0.8167262077331543,0.20757225155830383,0,0
23,RIGHT_HEEL,0.5259189009666443,0.8809967637062073,-0.03882306069135666,0,0
23,LEFT_FOOT_INDEX,0.5411733984947205,0.819801390171051,0.19679857790470123,0,0
23,RIGHT_FOOT_INDEX,0.5574119687080383,0.8840861916542053,-0.07867565751075745,0,0
24,NOSE,0.5887642502784729,0.537582516670227,-0.023341946303844452,0,0
24,LEFT_EYE_INNER,0.5884433388710022,0.5265331864356995,-0.014876265078783035,0,0
24,LEFT_EYE,0.5879137516021729,0.5254500508308411,-0.014892744831740856,0,0
24,LEFT_EYE_OUTER,0.5872890949249268,0.5242322087287903,-0.014902547933161259,0,0
24,RIGHT_EYE_INNER,0.588240385055542,0.5271079540252686,-0.033110667020082474,0,0
24,RIGHT_EYE,0.5876433253288269,0.5266076326370239,-0.03311806917190552,0,0
24,RIGHT_EYE_OUTER,0.5869027376174927,0.5260714888572693,-0.03311679884791374,0,0
24,LEFT_EAR,0.5807698369026184,0.5215895175933838,0.025025982409715652,0,0
24,RIGHT_EAR,0.5801907181739807,0.523262083530426,-0.05818659067153931,0,0
24,MOUTH_LEFT,0.5846414566040039,0.5420825481414795,-0.006376190576702356,0,0
24,MOUTH_RIGHT,0.5841947197914124,0.5426327586174011,-0.030743418261408806,0,0
24,LEFT_SHOULDER,0.5650905966758728,0.5550392270088196,0.07032566517591476,0,0
24,RIGHT_SHOULDER,0.555468738079071,0.547892689704895,-0.07452823966741562,0,0
24,LEFT_ELBOW,0.5774620175361633,0.5988603234291077,0.13080458343029022,0,0
24,RIGHT_ELBOW,0.5197210907936096,0.5665200352668762,-0.1435604989528656,0,0
24,LEFT_WRIST,0.6021890640258789,0.6309558153152466,0.1350434422492981,0,0
24,RIGHT_WRIST,0.5242161750793457,0.5985672473907471,-0.20969495177268982,0,0
24,LEFT_PINKY,0.6091445684432983,0.6319201588630676,0.1421535313129425,0,0
24,RIGHT_PINKY,0.5249342918395996,0.611991822719574,-0.2275228053331375,0,0
24,LEFT_INDEX,0.609946608543396,0.6298826336860657,0.12475796788930893,0,0
24,RIGHT_INDEX,0.5291602611541748,0.6075112223625183,-0.22439482808113098,0,0
24,LEFT_THUMB,0.6070653200149536,0.6296549439430237,0.1281917691230774,0,0
24,RIGHT_THUMB,0.5295344591140747,0.6043069362640381,-0.20911440253257751,0,0
24,LEFT_HIP,0.5308126211166382,0.6645545959472656,0.04920147359371185,0,0
24,RIGHT_HIP,0.5322678089141846,0.6721296906471252,-0.04917512461543083,0,0
24,LEFT_KNEE,0.5363672971725464,0.7450132369995117,0.12894876301288605,0,0
24,RIGHT_KNEE,0.5425085425376892,0.7649706602096558,-0.037067197263240814,0,0
24,LEFT_ANKLE,0.5307693481445312,0.8000934720039368,0.21149776875972748,0,0
24,RIGHT_ANKLE,0.5330281257629395,0.8645748496055603,-0.025033049285411835,0,0
24,LEFT_HEEL,0.5251820683479309,0.8125519752502441,0.21831147372722626,0,0
24,RIGHT_HEEL,0.5259923934936523,0.8808189034461975,-0.025894049555063248,0,0
24,LEFT_FOOT_INDEX,0.5407559275627136,0.8197233080863953,0.20738911628723145,0,0
24,RIGHT_FOOT_INDEX,0.5570294260978699,0.884052038192749,-0.06589265167713165,0,0
25,NOSE,0.5891181230545044,0.5383821725845337,-0.021017789840698242,0,0
25,LEFT_EYE_INNER,0.5888287425041199,0.5273505449295044,-0.014210502617061138,0,0
25,LEFT_EYE,0.5882875919342041,0.5262508988380432,-0.014244823716580868,0,0
25,LEFT_EYE_OUTER,0.5876501798629761,0.5250177383422852,-0.014271154068410397,0,0
25,RIGHT_EYE_INNER,0.5887073874473572,0.5279082655906677,-0.0318501740694046,0,0
25,RIGHT_EYE,0.5881581902503967,0.5273738503456116,-0.03185723349452019,0,0
25,RIGHT_EYE_OUTER,0.5874797701835632,0.5267816781997681,-0.03186628594994545,0,0
25,LEFT_EAR,0.5809798836708069,0.522377073764801,0.019228268414735794,0,0
25,RIGHT_EAR,0.5810118317604065,0.5245285630226135,-0.061020366847515106,0,0
25,MOUTH_LEFT,0.5849109888076782,0.5429224967956543,-0.006408638320863247,0,0
25,MOUTH_RIGHT,0.5845963358879089,0.54340660572052,-0.029849935322999954,0,0
25,LEFT_SHOULDER,0.5637881755828857,0.5549845695495605,0.060617584735155106,0,0
25,RIGHT_SHOULDER,0.5585758090019226,0.5568430423736572,-0.07927684485912323,0,0
25,LEFT_ELBOW,0.5717319846153259,0.5985759496688843,0.11523938179016113,0,0
25,RIGHT_ELBOW,0.5226035714149475,0.5863632559776306,-0.14705772697925568,0,0
25,LEFT_WRIST,0.594439685344696,0.6356712579727173,0.1233498826622963,0,0
25,RIGHT_WRIST,0.5250081419944763,0.5994265079498291,-0.21364597976207733,0,0
25,LEFT_PINKY,0.6006872057914734,0.6379324197769165,0.13063770532608032,0,0
25,RIGHT_PINKY,0.5212824940681458,0.6118993163108826,-0.23167580366134644,0,0
25,LEFT_INDEX,0.6013414263725281,0.6364018321037292,0.11476307362318039,0,0
25,RIGHT_INDEX,0.5273348093032837,0.6025987267494202,-0.23017047345638275,0,0
25,LEFT_THUMB,0.5986391305923462,0.6358253955841064,0.11702431738376617,0,0
25,RIGHT_THUMB,0.5279512405395508,0.601692795753479,-0.2144579440355301,0,0
25,LEFT_HIP,0.5294811129570007,0.6645106077194214,0.04885934665799141,0,0
25,RIGHT_HIP,0.5333614945411682,0.6745514273643494,-0.04882931709289551,0,0
25,LEFT_KNEE,0.5378896594047546,0.7434589862823486,0.1274719387292862,0,0
25,RIGHT_KNEE,0.5428663492202759,0.7671444416046143,-0.02651847153902054,0,0
25,LEFT_ANKLE,0.5328322052955627,0.7976187467575073,0.2051093429327011,0,0
25,RIGHT_ANKLE,0.5329691171646118,0.8648606538772583,-0.0019003511406481266,0,0
25,LEFT_HEEL,0.5275470018386841,0.7999185919761658,0.21129226684570312,0,0
25,RIGHT_HEEL,0.5259044766426086,0.8808735609054565,-0.0012792387278750539,0,0
25,LEFT_FOOT_INDEX,0.5433983206748962,0.8196471333503723,0.20138368010520935,0,0
25,RIGHT_FOOT_INDEX,0.5568468570709229,0.8841185569763184,-0.03724616765975952,0,0
26,NOSE,0.5887357592582703,0.5392588973045349,0.009301363490521908,0,0
26,LEFT_EYE_INNER,0.5883436799049377,0.5289213061332703,0.012349816039204597,0,0
26,LEFT_EYE,0.5876848101615906,0.527599573135376,0.0123173538595438,0,0
26,LEFT_EYE_OUTER,0.5869585275650024,0.5261995196342468,0.012300160713493824,0,0
26,RIGHT_EYE_INNER,0.588735044002533,0.5300834774971008,-0.004459246061742306,0,0
26,RIGHT_EYE,0.588438093662262,0.5297279357910156,-0.004471626598387957,0,0
26,RIGHT_EYE_OUTER,0.588054895401001,0.5292859673500061,-0.004511501174420118,0,0
26,LEFT_EAR,0.580844521522522,0.5238024592399597,0.026409778743982315,0,0
26,RIGHT_EAR,0.5828158855438232,0.5278697609901428,-0.04818471893668175,0,0
26,MOUTH_LEFT,0.584557294845581,0.5435031056404114,0.017470134422183037,0,0
26,MOUTH_RIGHT,0.5846198797225952,0.5445592403411865,-0.004519992973655462,0,0
26,LEFT_SHOULDER,0.5590828657150269,0.5535497665405273,0.07045771181583405,0,0
26,RIGHT_SHOULDER,0.5654029846191406,0.5603440403938293,-0.08160100132226944,0,0
26,LEFT_ELBOW,0.5402014255523682,0.5990051031112671,0.10744909197092056,0,0
26,RIGHT_ELBOW,0.551171600818634,0.602489709854126,-0.10346285998821259,0,0
26,LEFT_WRIST,0.555772602558136,0.6368654370307922,0.09619657695293427,0,0
26,RIGHT_WRIST,0.5660056471824646,0.6351879835128784,-0.08630107343196869,0,0
26,LEFT_PINKY,0.5595462322235107,0.6385173201560974,0.09948418289422989,0,0
26,RIGHT_PINKY,0.5715539455413818,0.6455148458480835,-0.09573111683130264,0,0
26,LEFT_INDEX,0.5655702352523804,0.639200747013092,0.08765709400177002,0,0
26,RIGHT_INDEX,0.5727704167366028,0.6413103342056274,-0.09068596363067627,0,0
26,LEFT_THUMB,0.5605520606040955,0.6358532905578613,0.0902089849114418,0,0
26,RIGHT_THUMB,0.5682229995727539,0.6373310685157776,-0.08309709280729294,0,0
26,LEFT_HIP,0.5262312293052673,0.6645622849464417,0.05312545225024223,0,0
26,RIGHT_HIP,0.5357746481895447,0.676389753818512,-0.05309828370809555,0,0
26,LEFT_KNEE,0.537941575050354,0.7342270612716675,0.144497811794281,0,0
26,RIGHT_KNEE,0.5440406203269958,0.7692795991897583,-0.03798769414424896,0,0
26,LEFT_ANKLE,0.5356141328811646,0.7886298894882202,0.23098520934581757,0,0
26,RIGHT_ANKLE,0.5329582095146179,0.8648788928985596,-0.017693977802991867,0,0
26,LEFT_HEEL,0.5316779613494873,0.7954064607620239,0.23799477517604828,0,0
26,RIGHT_HEEL,0.5255711078643799,0.8808814287185669,-0.01605903171002865,0,0
26,LEFT_FOOT_INDEX,0.5454628467559814,0.8084067106246948,0.23459333181381226,0,0
26,RIGHT_FOOT_INDEX,0.5570333003997803,0.884249210357666,-0.059428870677948,0,0
27,NOSE,0.5886155366897583,0.5390467047691345,0.022788239642977715,0,0
27,LEFT_EYE_INNER,0.5880556702613831,0.5287037491798401,0.025364495813846588,0,0
27,LEFT_EYE,0.5873511433601379,0.5273935794830322,0.025333169847726822,0,0
27,LEFT_EYE_OUTER,0.5865796208381653,0.5260217785835266,0.025313762947916985,0,0
27,RIGHT_EYE_INNER,0.5886669754981995,0.5300707221031189,0.00863630697131157,0,0
27,RIGHT_EYE,0.5884801745414734,0.5298493504524231,0.008622294291853905,0,0
27,RIGHT_EYE_OUTER,0.5882320404052734,0.5295911431312561,0.008578616194427013,0,0
27,LEFT_EAR,0.5807541012763977,0.5241149067878723,0.03699922934174538,0,0
27,RIGHT_EAR,0.5834073424339294,0.5289179682731628,-0.03724735602736473,0,0
27,MOUTH_LEFT,0.5845311880111694,0.5431204438209534,0.030103852972388268,0,0
27,MOUTH_RIGHT,0.5849381685256958,0.5442901253700256,0.008229457773268223,0,0
27,LEFT_SHOULDER,0.5566147565841675,0.5521787405014038,0.08109262585639954,0,0
27,RIGHT_SHOULDER,0.5676127672195435,0.5625628232955933,-0.08088553696870804,0,0
27,LEFT_ELBOW,0.5390666723251343,0.6010398864746094,0.11128232628107071,0,0
27,RIGHT_ELBOW,0.5581855177879333,0.6092302203178406,-0.10010825097560883,0,0
27,LEFT_WRIST,0.5491493940353394,0.638876736164093,0.1002325788140297,0,0
27,RIGHT_WRIST,0.5716449618339539,0.643947422504425,-0.0879196748137474,0,0
27,LEFT_PINKY,0.5494852662086487,0.6422498822212219,0.10394017398357391,0,0
27,RIGHT_PINKY,0.5762823224067688,0.6520687937736511,-0.09805044531822205,0,0
27,LEFT_INDEX,0.5511763691902161,0.6411562561988831,0.09298192709684372,0,0
27,RIGHT_INDEX,0.5774440765380859,0.6493042707443237,-0.0921497642993927,0,0
27,LEFT_THUMB,0.5518018007278442,0.6386224031448364,0.09471433609724045,0,0
27,RIGHT_THUMB,0.5750762224197388,0.646821916103363,-0.08440818637609482,0,0
27,LEFT_HIP,0.52394700050354,0.6643313765525818,0.05517168715596199,0,0
27,RIGHT_HIP,0.5371095538139343,0.6763074994087219,-0.05516999587416649,0,0
27,LEFT_KNEE,0.5370749235153198,0.7359669804573059,0.14443156123161316,0,0
27,RIGHT_KNEE,0.5453563332557678,0.7685736417770386,-0.041619524359703064,0,0
27,LEFT_ANKLE,0.5345057249069214,0.791476309299469,0.22971577942371368,0,0
27,RIGHT_ANKLE,0.5330157279968262,0.8649824857711792,-0.035594746470451355,0,0
27,LEFT_HEEL,0.5297820568084717,0.8004229068756104,0.23665447533130646,0,0
27,RIGHT_HEEL,0.5255168676376343,0.8808395862579346,-0.03671317547559738,0,0
27,LEFT_FOOT_INDEX,0.5435925722122192,0.808979868888855,0.23224925994873047,0,0
27,RIGHT_FOOT_INDEX,0.5570493936538696,0.8844016194343567,-0.0726589784026146,0,0
28,NOSE,0.5888211131095886,0.5386694669723511,0.051122840493917465,0,0
28,LEFT_EYE_INNER,0.5880664587020874,0.5282776951789856,0.05676001310348511,0,0
28,LEFT_EYE,0.587309718132019,0.5270021557807922,0.056729815900325775,0,0
28,LEFT_EYE_OUTER,0.5865060091018677,0.525663435459137,0.05672400817275047,0,0
28,RIGHT_EYE_INNER,0.5888500213623047,0.5295250415802002,0.039551641792058945,0,0
28,RIGHT_EYE,0.5887258052825928,0.5292537212371826,0.03954029083251953,0,0
28,RIGHT_EYE_OUTER,0.5885550379753113,0.5289448499679565,0.039483536034822464,0,0
28,LEFT_EAR,0.5809824466705322,0.5236505270004272,0.07552207261323929,0,0
28,RIGHT_EAR,0.5840416550636292,0.5280294418334961,-0.0013977910857647657,0,0
28,MOUTH_LEFT,0.5846843123435974,0.5429935455322266,0.059930846095085144,0,0
28,MOUTH_RIGHT,0.5853214859962463,0.5441627502441406,0.037331901490688324,0,0
28,LEFT_SHOULDER,0.556073784828186,0.5499882698059082,0.11674478650093079,0,0
28,RIGHT_SHOULDER,0.5680530667304993,0.5621811151504517,-0.0604473240673542,0,0
28,LEFT_ELBOW,0.5376412868499756,0.6017287969589233,0.1225748136639595,0,0
28,RIGHT_ELBOW,0.5538017153739929,0.6004547476768494,-0.11086032539606094,0,0
28,LEFT_WRIST,0.5408036112785339,0.6479431986808777,0.1023518517613411,0,0
28,RIGHT_WRIST,0.5594624876976013,0.641449511051178,-0.14014174044132233,0,0
28,LEFT_PINKY,0.5388817191123962,0.6581934690475464,0.10683178156614304,0,0
28,RIGHT_PINKY,0.5609974265098572,0.6535319089889526,-0.15495075285434723,0,0
28,LEFT_INDEX,0.5443280935287476,0.6548706889152527,0.09592607617378235,0,0
28,RIGHT_INDEX,0.5637398958206177,0.6526927351951599,-0.14681695401668549,0,0
28,LEFT_THUMB,0.545246422290802,0.6517507433891296,0.09666013717651367,0,0
28,RIGHT_THUMB,0.5624486207962036,0.6483322381973267,-0.13683772087097168,0,0
28,LEFT_HIP,0.523419201374054,0.6627126336097717,0.05949702486395836,0,0
28,RIGHT_HIP,0.5372758507728577,0.6687514185905457,-0.05952269956469536,0,0
28,LEFT_KNEE,0.5379464030265808,0.7372801303863525,0.11765191704034805,0,0
28,RIGHT_KNEE,0.5468037724494934,0.7634217739105225,-0.048394106328487396,0,0
28,LEFT_ANKLE,0.5352202653884888,0.808478593826294,0.1749129742383957,0,0
28,RIGHT_ANKLE,0.5330607295036316,0.8644734621047974,-0.05427170544862747,0,0
28,LEFT_HEEL,0.5296545624732971,0.8235154747962952,0.17852719128131866,0,0
28,RIGHT_HEEL,0.5253340005874634,0.8796214461326599,-0.0563683845102787,0,0
28,LEFT_FOOT_INDEX,0.5474149584770203,0.8158674240112305,0.16840581595897675,0,0
28,RIGHT_FOOT_INDEX,0.5571869015693665,0.8844403624534607,-0.0915091261267662,0,0
29,NOSE,0.5887283086776733,0.5392183661460876,0.02731650322675705,0,0
29,LEFT_EYE_INNER,0.5880081653594971,0.5288236141204834,0.031188806518912315,0,0
29,LEFT_EYE,0.587263286113739,0.5273536443710327,0.0311629306524992,0,0
29,LEFT_EYE_OUTER,0.5864511728286743,0.5258752703666687,0.031147824600338936,0,0
29,RIGHT_EYE_INNER,0.5885931253433228,0.5305631160736084,0.014511216431856155,0,0
29,RIGHT_EYE,0.5883724689483643,0.5304021239280701,0.014505555853247643,0,0
29,RIGHT_EYE_OUTER,0.5881122350692749,0.5302015542984009,0.014462828636169434,0,0
29,LEFT_EAR,0.5806590914726257,0.5234779119491577,0.05202073976397514,0,0
29,RIGHT_EAR,0.583337128162384,0.528827965259552,-0.02028762735426426,0,0
29,MOUTH_LEFT,0.584311842918396,0.5428406000137329,0.03593440726399422,0,0
29,MOUTH_RIGHT,0.5852498412132263,0.5442695021629333,0.013671224936842918,0,0
29,LEFT_SHOULDER,0.554546594619751,0.5444634556770325,0.09196408092975616,0,0
29,RIGHT_SHOULDER,0.5669042468070984,0.5634428858757019,-0.07588376849889755,0,0
29,LEFT_ELBOW,0.5410104990005493,0.588631808757782,0.1243043914437294,0,0
29,RIGHT_ELBOW,0.5558817386627197,0.6176541447639465,-0.10733605176210403,0,0
29,LEFT_WRIST,0.5458871126174927,0.622123658657074,0.14611436426639557,0,0
29,RIGHT_WRIST,0.5665576457977295,0.6696769595146179,-0.10121940076351166,0,0
29,LEFT_PINKY,0.5458729267120361,0.6317492723464966,0.15745700895786285,0,0
29,RIGHT_PINKY,0.5666224360466003,0.6828513145446777,-0.11180771887302399,0,0
29,LEFT_INDEX,0.5498673915863037,0.6325070261955261,0.1483394205570221,0,0
29,RIGHT_INDEX,0.5691969394683838,0.6814143061637878,-0.10426143556833267,0,0
29,LEFT_THUMB,0.550575852394104,0.6309325098991394,0.14278298616409302,0,0
29,RIGHT_THUMB,0.5687611699104309,0.6770514249801636,-0.09719838947057724,0,0
29,LEFT_HIP,0.524233877658844,0.6609088182449341,0.058156490325927734,0,0
29,RIGHT_HIP,0.5381402373313904,0.6694999933242798,-0.05815781280398369,0,0
29,LEFT_KNEE,0.5432752370834351,0.7348838448524475,0.11871302872896194,0,0
29,RIGHT_KNEE,0.5469666123390198,0.7634064555168152,-0.04647180065512657,0,0
29,LEFT_ANKLE,0.539103090763092,0.7984915375709534,0.18853150308132172,0,0
29,RIGHT_ANKLE,0.5331478714942932,0.8617110252380371,-0.04885832220315933,0,0
29,LEFT_HEEL,0.5337589383125305,0.8099235892295837,0.19410356879234314,0,0
29,RIGHT_HEEL,0.5253568887710571,0.8747234344482422,-0.05048716440796852,0,0
29,LEFT_FOOT_INDEX,0.5502786636352539,0.8175513744354248,0.19010433554649353,0,0
29,RIGHT_FOOT_INDEX,0.55690997838974,0.8844191431999207,-0.08060837537050247,0,0
30,NOSE,0.588396430015564,0.5395388603210449,0.02517261914908886,0,0
30,LEFT_EYE_INNER,0.587759256362915,0.5292451977729797,0.027936093509197235,0,0
30,LEFT_EYE,0.5870026350021362,0.5276704430580139,0.02790754660964012,0,0
30,LEFT_EYE_OUTER,0.5861943364143372,0.5260998606681824,0.02789079025387764,0,0
30,RIGHT_EYE_INNER,0.5885477066040039,0.5313107371330261,0.01176090631633997,0,0
30,RIGHT_EYE,0.5882081389427185,0.5312586426734924,0.011756512336432934,0,0
30,RIGHT_EYE_OUTER,0.5878525972366333,0.5311445593833923,0.01171136274933815,0,0
30,LEFT_EAR,0.5806034803390503,0.5234319567680359,0.04433128610253334,0,0
30,RIGHT_EAR,0.5829567313194275,0.529503345489502,-0.028686394914984703,0,0
30,MOUTH_LEFT,0.5838059782981873,0.542693555355072,0.03142957761883736,0,0
30,MOUTH_RIGHT,0.5850809216499329,0.5443586707115173,0.010044654831290245,0,0
30,LEFT_SHOULDER,0.5534256100654602,0.5425217747688293,0.08167514204978943,0,0
30,RIGHT_SHOULDER,0.5671809911727905,0.5653796195983887,-0.08022630959749222,0,0
30,LEFT_ELBOW,0.5367273688316345,0.5896307229995728,0.10960058122873306,0,0
30,RIGHT_ELBOW,0.5565208792686462,0.6207570433616638,-0.09743627160787582,0,0
30,LEFT_WRIST,0.5402243137359619,0.6270231604576111,0.11236222833395004,0,0
30,RIGHT_WRIST,0.5679789781570435,0.6724417805671692,-0.07414185255765915,0,0
30,LEFT_PINKY,0.541204035282135,0.6438155174255371,0.1200048178434372,0,0
30,RIGHT_PINKY,0.5680295825004578,0.6856428980827332,-0.08334457129240036,0,0
30,LEFT_INDEX,0.5441277623176575,0.640515148639679,0.11178992688655853,0,0
30,RIGHT_INDEX,0.5703359246253967,0.6840181946754456,-0.0763082280755043,0,0
30,LEFT_THUMB,0.5445013046264648,0.6382641792297363,0.10848654061555862,0,0
30,RIGHT_THUMB,0.5698694586753845,0.6796743273735046,-0.06993695348501205,0,0
30,LEFT_HIP,0.5242558717727661,0.6597232222557068,0.05734151601791382,0,0
30,RIGHT_HIP,0.5393320322036743,0.6699655652046204,-0.05734989419579506,0,0
30,LEFT_KNEE,0.5439091324806213,0.7267765998840332,0.12799374759197235,0,0
30,RIGHT_KNEE,0.5471957921981812,0.7621411681175232,-0.051116470247507095,0,0
30,LEFT_ANKLE,0.5400137305259705,0.7953959107398987,0.2091318964958191,0,0
30,RIGHT_ANKLE,0.5331785082817078,0.8596044778823853,-0.056657202541828156,0,0
30,LEFT_HEEL,0.5354059934616089,0.8043325543403625,0.2154988944530487,0,0
30,RIGHT_HEEL,0.5253793001174927,0.8723704218864441,-0.058782145380973816,0,0
30,LEFT_FOOT_INDEX,0.5522361397743225,0.817874014377594,0.210470512509346,0,0
30,RIGHT_FOOT_INDEX,0.5569351315498352,0.8839059472084045,-0.09133687615394592,0,0
31,NOSE,0.5882113575935364,0.5394022464752197,0.010268219746649265,0,0
31,LEFT_EYE_INNER,0.5875441431999207,0.5290858745574951,0.011759315617382526,0,0
31,LEFT_EYE,0.5867756605148315,0.5275436043739319,0.011729121208190918,0,0
31,LEFT_EYE_OUTER,0.5859699249267578,0.5260288715362549,0.011705761775374413,0,0
31,RIGHT_EYE_INNER,0.5882875919342041,0.5310609340667725,-0.004082509316504002,0,0
31,RIGHT_EYE,0.5879553556442261,0.5309775471687317,-0.004096052143722773,0,0
31,RIGHT_EYE_OUTER,0.5876222252845764,0.5308404564857483,-0.004150187596678734,0,0
31,LEFT_EAR,0.5803316235542297,0.5229653120040894,0.02174600586295128,0,0
31,RIGHT_EAR,0.5827915668487549,0.5293847918510437,-0.04935136064887047,0,0
31,MOUTH_LEFT,0.5835901498794556,0.5426701307296753,0.015559590421617031,0,0
31,MOUTH_RIGHT,0.5850223302841187,0.5442816615104675,-0.005227046087384224,0,0
31,LEFT_SHOULDER,0.5526316165924072,0.541944682598114,0.06346828490495682,0,0
31,RIGHT_SHOULDER,0.5673915147781372,0.5645124316215515,-0.09314730763435364,0,0
31,LEFT_ELBOW,0.5302401185035706,0.5846277475357056,0.11245577037334442,0,0
31,RIGHT_ELBOW,0.5619433522224426,0.623957097530365,-0.09855033457279205,0,0
31,LEFT_WRIST,0.5338960289955139,0.6180760264396667,0.15017901360988617,0,0
31,RIGHT_WRIST,0.5822907090187073,0.6744908094406128,-0.05618976801633835,0,0
31,LEFT_PINKY,0.5340558290481567,0.6286640763282776,0.16088424623012543,0,0
31,RIGHT_PINKY,0.5830400586128235,0.6894106864929199,-0.06249485909938812,0,0
31,LEFT_INDEX,0.5373237729072571,0.6283671259880066,0.15220358967781067,0,0
31,RIGHT_INDEX,0.5856024622917175,0.6879629492759705,-0.057695768773555756,0,0
31,LEFT_THUMB,0.5377168655395508,0.6266688108444214,0.1473081409931183,0,0
31,RIGHT_THUMB,0.5851741433143616,0.6831496357917786,-0.052196893841028214,0,0
31,LEFT_HIP,0.527648389339447,0.6599199771881104,0.055886410176754,0,0
31,RIGHT_HIP,0.5387382507324219,0.6701949238777161,-0.05592449754476547,0,0
31,LEFT_KNEE,0.5471419095993042,0.7220314145088196,0.14213140308856964,0,0
31,RIGHT_KNEE,0.5468413233757019,0.7619966864585876,-0.026999184861779213,0,0
31,LEFT_ANKLE,0.541331946849823,0.7875476479530334,0.2386719435453415,0,0
31,RIGHT_ANKLE,0.533492922782898,0.856415867805481,-0.0065972511656582355,0,0
31,LEFT_HEEL,0.5365211963653564,0.7936136722564697,0.24718141555786133,0,0
31,RIGHT_HEEL,0.5256378650665283,0.8689841032028198,-0.005370159633457661,0,0
31,LEFT_FOOT_INDEX,0.5521599650382996,0.8079348802566528,0.2464466691017151,0,0
31,RIGHT_FOOT_INDEX,0.5567147731781006,0.8822501301765442,-0.03270089253783226,0,0
32,NOSE,0.584208607673645,0.5375327467918396,0.024837851524353027,0,0
32,LEFT_EYE_INNER,0.5846330523490906,0.5276299118995667,0.02125963568687439,0,0
32,LEFT_EYE,0.5838890671730042,0.5258797407150269,0.021251315250992775,0,0
32,LEFT_EYE_OUTER,0.5830961465835571,0.524031937122345,0.021228520199656487,0,0
32,RIGHT_EYE_INNER,0.5856504440307617,0.5296078324317932,0.008181022480130196,0,0
32,RIGHT_EYE,0.5856620669364929,0.5294304490089417,0.008160687983036041,0,0
32,RIGHT_EYE_OUTER,0.5856428742408752,0.529188871383667,0.00811167061328888,0,0
32,LEFT_EAR,0.5776016116142273,0.5181317329406738,0.018921421840786934,0,0
32,RIGHT_EAR,0.5815418362617493,0.5262155532836914,-0.04818893224000931,0,0
32,MOUTH_LEFT,0.5800920128822327,0.5397688746452332,0.02482505328953266,0,0
32,MOUTH_RIGHT,0.5814222097396851,0.5413957834243774,0.007680412847548723,0,0
32,LEFT_SHOULDER,0.5442933440208435,0.5320960283279419,0.05072237178683281,0,0
32,RIGHT_SHOULDER,0.5705216526985168,0.5635098814964294,-0.08847953379154205,0,0
32,LEFT_ELBOW,0.5310909152030945,0.5654324889183044,0.12959334254264832,0,0
32,RIGHT_ELBOW,0.5737681984901428,0.622689962387085,-0.09259732067584991,0,0
32,LEFT_WRIST,0.535050094127655,0.5734363198280334,0.19601227343082428,0,0
32,RIGHT_WRIST,0.6039947867393494,0.6733777523040771,-0.0735156312584877,0,0
32,LEFT_PINKY,0.535784900188446,0.5754745006561279,0.20836010575294495,0,0
32,RIGHT_PINKY,0.6089807152748108,0.6796272397041321,-0.08166490495204926,0,0
32,LEFT_INDEX,0.5399210453033447,0.5720217823982239,0.20040756464004517,0,0
32,RIGHT_INDEX,0.610255777835846,0.677311897277832,-0.0786215290427208,0,0
32,LEFT_THUMB,0.5408053994178772,0.5724258422851562,0.19470956921577454,0,0
32,RIGHT_THUMB,0.6082834601402283,0.6786788105964661,-0.07056127488613129,0,0
32,LEFT_HIP,0.5273546576499939,0.6565124988555908,0.051475655287504196,0,0
32,RIGHT_HIP,0.5441330671310425,0.6680563688278198,-0.051457155495882034,0,0
32,LEFT_KNEE,0.5428469181060791,0.7255823612213135,0.14022479951381683,0,0
32,RIGHT_KNEE,0.5489800572395325,0.7527632117271423,-0.03208750858902931,0,0
32,LEFT_ANKLE,0.5391218662261963,0.7889636158943176,0.22952774167060852,0,0
32,RIGHT_ANKLE,0.5362818241119385,0.8462623953819275,-0.023192433640360832,0,0
32,LEFT_HEEL,0.5339913964271545,0.8001539707183838,0.2373327761888504,0,0
32,RIGHT_HEEL,0.5271917581558228,0.8581359386444092,-0.023118289187550545,0,0
32,LEFT_FOOT_INDEX,0.5501139163970947,0.8063794374465942,0.23431852459907532,0,0
32,RIGHT_FOOT_INDEX,0.5567262768745422,0.8790435791015625,-0.049408551305532455,0,0
33,NOSE,0.5824172496795654,0.5359377264976501,0.028120098635554314,0,0
33,LEFT_EYE_INNER,0.5830948948860168,0.5264405012130737,0.02310464344918728,0,0
33,LEFT_EYE,0.5823627710342407,0.5246180295944214,0.02309783734381199,0,0
33,LEFT_EYE_OUTER,0.5815878510475159,0.522687554359436,0.023076137527823448,0,0
33,RIGHT_EYE_INNER,0.584221601486206,0.5282947421073914,0.011217189952731133,0,0
33,RIGHT_EYE,0.5843664407730103,0.5280526280403137,0.01119737233966589,0,0
33,RIGHT_EYE_OUTER,0.5844878554344177,0.5277528762817383,0.011152563616633415,0,0
33,LEFT_EAR,0.5764500498771667,0.5163272023200989,0.012391907162964344,0,0
33,RIGHT_EAR,0.5807436108589172,0.5243703126907349,-0.04690023511648178,0,0
33,MOUTH_LEFT,0.5785554051399231,0.5379855036735535,0.02647739090025425,0,0
33,MOUTH_RIGHT,0.5797876119613647,0.5396267771720886,0.010913385078310966,0,0
33,LEFT_SHOULDER,0.5426731109619141,0.5301421880722046,0.04180533438920975,0,0
33,RIGHT_SHOULDER,0.5714426040649414,0.5631403923034668,-0.08681748807430267,0,0
33,LEFT_ELBOW,0.5285595655441284,0.5653008818626404,0.1273251324892044,0,0
33,RIGHT_ELBOW,0.5745994448661804,0.62445068359375,-0.08228710293769836,0,0
33,LEFT_WRIST,0.533369779586792,0.5779013633728027,0.18301011621952057,0,0
33,RIGHT_WRIST,0.6044625043869019,0.6728478670120239,-0.05388927087187767,0,0
33,LEFT_PINKY,0.5343004465103149,0.5805796384811401,0.1947726309299469,0,0
33,RIGHT_PINKY,0.6098189949989319,0.6755050420761108,-0.05972512438893318,0,0
33,LEFT_INDEX,0.5386970639228821,0.5773805975914001,0.18671926856040955,0,0
33,RIGHT_INDEX,0.6111866235733032,0.6731507778167725,-0.05745262652635574,0,0
33,LEFT_THUMB,0.5395516157150269,0.577486515045166,0.18164776265621185,0,0
33,RIGHT_THUMB,0.6091142296791077,0.6773368716239929,-0.05100579187273979,0,0
33,LEFT_HIP,0.5272853970527649,0.6561697125434875,0.04763982445001602,0,0
33,RIGHT_HIP,0.5455932021141052,0.6682307124137878,-0.04759999364614487,0,0
33,LEFT_KNEE,0.5421120524406433,0.724981963634491,0.13712355494499207,0,0
33,RIGHT_KNEE,0.5499529242515564,0.7514815330505371,-0.03304597735404968,0,0
33,LEFT_ANKLE,0.5387832522392273,0.7919353246688843,0.22211837768554688,0,0
33,RIGHT_ANKLE,0.5376031994819641,0.843991219997406,-0.029131300747394562,0,0
33,LEFT_HEEL,0.5337191224098206,0.8033276200294495,0.22954240441322327,0,0
33,RIGHT_HEEL,0.5281449556350708,0.8562890291213989,-0.029498305171728134,0,0
33,LEFT_FOOT_INDEX,0.550162672996521,0.8089713454246521,0.22759002447128296,0,0
33,RIGHT_FOOT_INDEX,0.5566771030426025,0.8787605166435242,-0.054357245564460754,0,0
34,NOSE,0.5813618302345276,0.5324699282646179,0.04163636267185211,0,0
34,LEFT_EYE_INNER,0.5820074677467346,0.5237205028533936,0.03527950868010521,0,0
34,LEFT_EYE,0.5812547206878662,0.5219336748123169,0.035280741751194,0,0
34,LEFT_EYE_OUTER,0.5804861187934875,0.5200943946838379,0.03527890890836716,0,0
34,RIGHT_EYE_INNER,0.5833570957183838,0.5256556272506714,0.02353496477007866,0,0
34,RIGHT_EYE,0.5836305618286133,0.525475800037384,0.023501811549067497,0,0
34,RIGHT_EYE_OUTER,0.5838760137557983,0.5252464413642883,0.023449433967471123,0,0
34,LEFT_EAR,0.5754147171974182,0.5137359499931335,0.01737726666033268,0,0
34,RIGHT_EAR,0.5805221796035767,0.5221450924873352,-0.038359589874744415,0,0
34,MOUTH_LEFT,0.577562153339386,0.5339952707290649,0.03771912679076195,0,0
34,MOUTH_RIGHT,0.5788271427154541,0.5359129905700684,0.0222735907882452,0,0
34,LEFT_SHOULDER,0.5419744253158569,0.5255147814750671,0.04396376386284828,0,0
34,RIGHT_SHOULDER,0.5733566284179688,0.5596243739128113,-0.07915154844522476,0,0
34,LEFT_ELBOW,0.5301820039749146,0.5596035718917847,0.12300033867359161,0,0
34,RIGHT_ELBOW,0.5749858617782593,0.6195889711380005,-0.06471903622150421,0,0
34,LEFT_WRIST,0.5345472097396851,0.5595315098762512,0.172932967543602,0,0
34,RIGHT_WRIST,0.5992839932441711,0.6235762238502502,-0.014282597228884697,0,0
34,LEFT_PINKY,0.5341694951057434,0.5604740381240845,0.18431347608566284,0,0
34,RIGHT_PINKY,0.6061846613883972,0.631215512752533,-0.014922460541129112,0,0
34,LEFT_INDEX,0.5382297039031982,0.5567721724510193,0.17746946215629578,0,0
34,RIGHT_INDEX,0.6059191226959229,0.6257188320159912,-0.011473610997200012,0,0
34,LEFT_THUMB,0.539631724357605,0.5569694638252258,0.17182756960391998,0,0
34,RIGHT_THUMB,0.6033399701118469,0.6236733794212341,-0.010267316363751888,0,0
34,LEFT_HIP,0.5285989046096802,0.6486178636550903,0.047973211854696274,0,0
34,RIGHT_HIP,0.5482064485549927,0.6586434841156006,-0.047978054732084274,0,0
34,LEFT_KNEE,0.5418680906295776,0.7222954630851746,0.12884947657585144,0,0
34,RIGHT_KNEE,0.5531134009361267,0.7415692806243896,-0.037550367414951324,0,0
34,LEFT_ANKLE,0.5390932559967041,0.7978271842002869,0.20901280641555786,0,0
34,RIGHT_ANKLE,0.5393855571746826,0.8366537094116211,-0.040242988616228104,0,0
34,LEFT_HEEL,0.5349816083908081,0.8130670785903931,0.21606630086898804,0,0
34,RIGHT_HEEL,0.5293015837669373,0.8490610718727112,-0.0408753864467144,0,0
34,LEFT_FOOT_INDEX,0.5496782064437866,0.8104976415634155,0.21221433579921722,0,0
34,RIGHT_FOOT_INDEX,0.5561160445213318,0.8745720982551575,-0.0627831369638443,0,0
35,NOSE,0.5816167593002319,0.5301883220672607,0.055459942668676376,0,0
35,LEFT_EYE_INNER,0.5820878744125366,0.5221395492553711,0.04832165688276291,0,0
35,LEFT_EYE,0.5813296437263489,0.5204128623008728,0.04833012819290161,0,0
35,LEFT_EYE_OUTER,0.5805090069770813,0.5186049342155457,0.04835836589336395,0,0
35,RIGHT_EYE_INNER,0.5834252238273621,0.5240938067436218,0.03633381798863411,0,0
35,RIGHT_EYE,0.5836993455886841,0.5239838361740112,0.036297474056482315,0,0
35,RIGHT_EYE_OUTER,0.5839352011680603,0.5238565802574158,0.036244120448827744,0,0
35,LEFT_EAR,0.5752561688423157,0.5125160813331604,0.021048767492175102,0,0
35,RIGHT_EAR,0.5806072950363159,0.5210959911346436,-0.028077157214283943,0,0
35,MOUTH_LEFT,0.5778206586837769,0.5314935445785522,0.050779394805431366,0,0
35,MOUTH_RIGHT,0.5790508389472961,0.5337057709693909,0.035102300345897675,0,0
35,LEFT_SHOULDER,0.5404878854751587,0.5228163599967957,0.04313208535313606,0,0
35,RIGHT_SHOULDER,0.5758727192878723,0.5532003045082092,-0.06505025178194046,0,0
35,LEFT_ELBOW,0.5275419354438782,0.5619298219680786,0.10780492424964905,0,0
35,RIGHT_ELBOW,0.57770836353302,0.6134750843048096,-0.024449430406093597,0,0
35,LEFT_WRIST,0.5349770188331604,0.5767974853515625,0.16462422907352448,0,0
35,RIGHT_WRIST,0.5889360308647156,0.588509738445282,0.07380738109350204,0,0
35,LEFT_PINKY,0.5367323160171509,0.580979585647583,0.17109258472919464,0,0
35,RIGHT_PINKY,0.5939386487007141,0.5856319665908813,0.08459733426570892,0,0
35,LEFT_INDEX,0.540505051612854,0.5788998603820801,0.16267205774784088,0,0
35,RIGHT_INDEX,0.5950479507446289,0.5800239443778992,0.0871099904179573,0,0
35,LEFT_THUMB,0.5408857464790344,0.5778367519378662,0.15869396924972534,0,0
35,RIGHT_THUMB,0.5938962697982788,0.579965353012085,0.07890816032886505,0,0
35,LEFT_HIP,0.528990626335144,0.6487855911254883,0.045782189816236496,0,0
35,RIGHT_HIP,0.5496522784233093,0.6573279500007629,-0.0458814837038517,0,0
35,LEFT_KNEE,0.5417996048927307,0.7228987812995911,0.1255643665790558,0,0
35,RIGHT_KNEE,0.5551539659500122,0.7409764528274536,-0.03806023299694061,0,0
35,LEFT_ANKLE,0.5422660112380981,0.8005310893058777,0.16982769966125488,0,0
35,RIGHT_ANKLE,0.5404240489006042,0.8344781398773193,-0.05658364295959473,0,0
35,LEFT_HEEL,0.5351914763450623,0.814017653465271,0.17333745956420898,0,0
35,RIGHT_HEEL,0.5306517481803894,0.8435689806938171,-0.05874481052160263,0,0
35,LEFT_FOOT_INDEX,0.5495455861091614,0.8113551139831543,0.17380569875240326,0,0
35,RIGHT_FOOT_INDEX,0.5560795068740845,0.8743051290512085,-0.07484088093042374,0,0
36,NOSE,0.5817040205001831,0.5254184603691101,0.09900616109371185,0,0
36,LEFT_EYE_INNER,0.5817038416862488,0.5178727507591248,0.09343434870243073,0,0
36,LEFT_EYE,0.5807945728302002,0.5162315368652344,0.09343866258859634,0,0
36,LEFT_EYE_OUTER,0.5798479914665222,0.5146028995513916,0.09346804022789001,0,0
36,RIGHT_EYE_INNER,0.583319365978241,0.5199910402297974,0.083771713078022,0,0
36,RIGHT_EYE,0.5836352109909058,0.5200203657150269,0.08374382555484772,0,0
36,RIGHT_EYE_OUTER,0.5839148759841919,0.5200503468513489,0.0836963802576065,0,0
36,LEFT_EAR,0.5745778679847717,0.509437620639801,0.06732823699712753,0,0
36,RIGHT_EAR,0.5807561278343201,0.518403172492981,0.023719483986496925,0,0
36,MOUTH_LEFT,0.5779915452003479,0.5267710089683533,0.09226066619157791,0,0
36,MOUTH_RIGHT,0.5792148113250732,0.5289289355278015,0.07925854623317719,0,0
36,LEFT_SHOULDER,0.5379047989845276,0.5227550268173218,0.050368718802928925,0,0
36,RIGHT_SHOULDER,0.5792856812477112,0.5489634275436401,-0.017053784802556038,0,0
36,LEFT_ELBOW,0.5225455164909363,0.5649805068969727,0.0533759705722332,0,0
36,RIGHT_ELBOW,0.5738434195518494,0.5849195718765259,-0.00018438058032188565,0,0
36,LEFT_WRIST,0.5293379426002502,0.5842087864875793,0.053586412221193314,0,0
36,RIGHT_WRIST,0.5670111179351807,0.5804003477096558,0.07854147255420685,0,0
36,LEFT_PINKY,0.5311119556427002,0.5976553559303284,0.058518461883068085,0,0
36,RIGHT_PINKY,0.5645884871482849,0.5797764658927917,0.09231972694396973,0,0
36,LEFT_INDEX,0.5360851883888245,0.5940132141113281,0.05861426517367363,0,0
36,RIGHT_INDEX,0.5613158345222473,0.5734086036682129,0.09698896110057831,0,0
36,LEFT_THUMB,0.536230206489563,0.5838068127632141,0.05341845005750656,0,0
36,RIGHT_THUMB,0.5610442757606506,0.5729179978370667,0.08349820226430893,0,0
36,LEFT_HIP,0.5293517708778381,0.6462288498878479,0.03843105584383011,0,0
36,RIGHT_HIP,0.55301433801651,0.6544192433357239,-0.03867252543568611,0,0
36,LEFT_KNEE,0.5393487215042114,0.7223169803619385,0.11494863778352737,0,0
36,RIGHT_KNEE,0.5571518540382385,0.7344768643379211,-0.02534106746315956,0,0
36,LEFT_ANKLE,0.5431215167045593,0.8008391261100769,0.08319297432899475,0,0
36,RIGHT_ANKLE,0.5428332090377808,0.8270752429962158,-0.09134938567876816,0,0
36,LEFT_HEEL,0.5371696949005127,0.8139601349830627,0.0798136442899704,0,0
36,RIGHT_HEEL,0.5355511903762817,0.836457371711731,-0.097848080098629,0,0
36,LEFT_FOOT_INDEX,0.5578985810279846,0.8163843154907227,0.08028843253850937,0,0
36,RIGHT_FOOT_INDEX,0.5561221241950989,0.8700860142707825,-0.10909967869520187,0,0
37,NOSE,0.5815449953079224,0.5221951007843018,0.08947303146123886,0,0
37,LEFT_EYE_INNER,0.5813720226287842,0.5145620703697205,0.08459343016147614,0,0
37,LEFT_EYE,0.5804242491722107,0.5130282640457153,0.08459698408842087,0,0
37,LEFT_EYE_OUTER,0.5794670581817627,0.5115274786949158,0.08461958914995193,0,0
37,RIGHT_EYE_INNER,0.5831278562545776,0.5165361166000366,0.0741179883480072,0,0
37,RIGHT_EYE,0.5834872722625732,0.5165290832519531,0.07409201562404633,0,0
37,RIGHT_EYE_OUTER,0.5838238596916199,0.5165519714355469,0.07406290620565414,0,0
37,LEFT_EAR,0.5743141174316406,0.5069058537483215,0.0632404163479805,0,0
37,RIGHT_EAR,0.5808122754096985,0.515519380569458,0.015765946358442307,0,0
37,MOUTH_LEFT,0.5779647827148438,0.5239236354827881,0.08449821919202805,0,0
37,MOUTH_RIGHT,0.5792911052703857,0.5259706974029541,0.07051350176334381,0,0
37,LEFT_SHOULDER,0.5371910929679871,0.5226232409477234,0.05133097991347313,0,0
37,RIGHT_SHOULDER,0.5797100067138672,0.5443929433822632,-0.02060876227915287,0,0
37,LEFT_ELBOW,0.5211464166641235,0.5661463737487793,0.06362268328666687,0,0
37,RIGHT_ELBOW,0.5737883448600769,0.5843032002449036,0.004008153919130564,0,0
37,LEFT_WRIST,0.5309435725212097,0.5897374749183655,0.07927074283361435,0,0
37,RIGHT_WRIST,0.5698444247245789,0.5600883960723877,0.09683564305305481,0,0
37,LEFT_PINKY,0.5326656103134155,0.6067626476287842,0.08746787160634995,0,0
37,RIGHT_PINKY,0.5697575211524963,0.5545569062232971,0.11197809875011444,0,0
37,LEFT_INDEX,0.5358790159225464,0.6025750637054443,0.08604412525892258,0,0
37,RIGHT_INDEX,0.5672322511672974,0.54953932762146,0.11784526705741882,0,0
37,LEFT_THUMB,0.5355585217475891,0.5952725410461426,0.07915336638689041,0,0
37,RIGHT_THUMB,0.56727534532547,0.5504325032234192,0.10260799527168274,0,0
37,LEFT_HIP,0.5297986268997192,0.6469210982322693,0.03724391758441925,0,0
37,RIGHT_HIP,0.5536812543869019,0.6548948884010315,-0.037510812282562256,0,0
37,LEFT_KNEE,0.5379365682601929,0.7222756743431091,0.10500697791576385,0,0
37,RIGHT_KNEE,0.5584467649459839,0.734072744846344,-0.013545501977205276,0,0
37,LEFT_ANKLE,0.5418566465377808,0.8010587692260742,0.060754191130399704,0,0
37,RIGHT_ANKLE,0.5441378355026245,0.8259086608886719,-0.0803021490573883,0,0
37,LEFT_HEEL,0.5369336605072021,0.815978467464447,0.05631009861826897,0,0
37,RIGHT_HEEL,0.5378599762916565,0.8352397680282593,-0.0858600065112114,0,0
37,LEFT_FOOT_INDEX,0.5565528273582458,0.8256363272666931,0.05440528690814972,0,0
37,RIGHT_FOOT_INDEX,0.5561486482620239,0.8674631714820862,-0.0945877954363823,0,0
38,NOSE,0.581031084060669,0.5147994160652161,0.0896385982632637,0,0
38,LEFT_EYE_INNER,0.5800382494926453,0.5066496133804321,0.08128083497285843,0,0
38,LEFT_EYE,0.5788041949272156,0.505179226398468,0.081283338367939,0,0
38,LEFT_EYE_OUTER,0.5775817036628723,0.5038577914237976,0.08129927515983582,0,0
38,RIGHT_EYE_INNER,0.5826089382171631,0.5089294910430908,0.07436396181583405,0,0
38,RIGHT_EYE,0.5831760168075562,0.5090595483779907,0.07433603703975677,0,0
38,RIGHT_EYE_OUTER,0.5836725831031799,0.5091776251792908,0.07431983947753906,0,0
38,LEFT_EAR,0.5728623270988464,0.5021345615386963,0.05164406821131706,0,0
38,RIGHT_EAR,0.5808690786361694,0.509797215461731,0.01683126948773861,0,0
38,MOUTH_LEFT,0.5773586630821228,0.5168514251708984,0.08083627372980118,0,0
38,MOUTH_RIGHT,0.5793421864509583,0.5197018384933472,0.07118687033653259,0,0
38,LEFT_SHOULDER,0.5376655459403992,0.522274374961853,0.038549698889255524,0,0
38,RIGHT_SHOULDER,0.5811347961425781,0.5395734906196594,-0.008983748964965343,0,0
38,LEFT_ELBOW,0.5203930735588074,0.5672776103019714,0.06948991864919662,0,0
38,RIGHT_ELBOW,0.5715327858924866,0.532481849193573,-0.011569930240511894,0,0
38,LEFT_WRIST,0.530278742313385,0.5918710231781006,0.10191886126995087,0,0
38,RIGHT_WRIST,0.5513883829116821,0.5019447803497314,0.019986148923635483,0,0
38,LEFT_PINKY,0.5311697125434875,0.6038690209388733,0.11113764345645905,0,0
38,RIGHT_PINKY,0.5480793118476868,0.4941101670265198,0.02408665046095848,0,0
38,LEFT_INDEX,0.5343186259269714,0.6019472479820251,0.10396616905927658,0,0
38,RIGHT_INDEX,0.5460413098335266,0.4958067238330841,0.02738506905734539,0,0
38,LEFT_THUMB,0.5348069071769714,0.5959427356719971,0.10038582235574722,0,0
38,RIGHT_THUMB,0.546618640422821,0.4986295998096466,0.022838717326521873,0,0
38,LEFT_HIP,0.5321177840232849,0.6481851935386658,0.026151908561587334,0,0
38,RIGHT_HIP,0.5571850538253784,0.6566038727760315,-0.026460519060492516,0,0
38,LEFT_KNEE,0.5373496413230896,0.7230957746505737,0.0700695738196373,0,0
38,RIGHT_KNEE,0.5616610050201416,0.7344726920127869,-0.006642546039074659,0,0
38,LEFT_ANKLE,0.5425645112991333,0.8073649406433105,0.000722841767128557,0,0
38,RIGHT_ANKLE,0.5483900308609009,0.819266140460968,-0.07113109529018402,0,0
38,LEFT_HEEL,0.5393674969673157,0.8212458491325378,-0.00583580182865262,0,0
38,RIGHT_HEEL,0.5442278981208801,0.8303142189979553,-0.0760340765118599,0,0
38,LEFT_FOOT_INDEX,0.5547020435333252,0.8405864238739014,-0.01843026652932167,0,0
38,RIGHT_FOOT_INDEX,0.5590148568153381,0.8627881407737732,-0.08994153141975403,0,0
39,NOSE,0.5784994959831238,0.5057514905929565,0.10394638031721115,0,0
39,LEFT_EYE_INNER,0.577012836933136,0.4980846345424652,0.0948086753487587,0,0
39,LEFT_EYE,0.5756103992462158,0.4968774914741516,0.09482378512620926,0,0
39,LEFT_EYE_OUTER,0.574271023273468,0.49587520956993103,0.0948273092508316,0,0
39,RIGHT_EYE_INNER,0.5805342197418213,0.5005414485931396,0.09041803330183029,0,0
39,RIGHT_EYE,0.5815051198005676,0.5009352564811707,0.09039779007434845,0,0
39,RIGHT_EYE_OUTER,0.5824219584465027,0.5013646483421326,0.09040925651788712,0,0
39,LEFT_EAR,0.5698604583740234,0.49601998925209045,0.05760139226913452,0,0
39,RIGHT_EAR,0.5803676247596741,0.503470242023468,0.03685905411839485,0,0
39,MOUTH_LEFT,0.5750691294670105,0.5083048939704895,0.09307756274938583,0,0
39,MOUTH_RIGHT,0.5782663226127625,0.5120303630828857,0.0868397131562233,0,0
39,LEFT_SHOULDER,0.5366914868354797,0.5238533020019531,0.04289976507425308,0,0
39,RIGHT_SHOULDER,0.5800373554229736,0.5340099334716797,0.017117010429501534,0,0
39,LEFT_ELBOW,0.5199609398841858,0.5749174952507019,0.09508942812681198,0,0
39,RIGHT_ELBOW,0.5641834139823914,0.5228291749954224,0.04484618827700615,0,0
39,LEFT_WRIST,0.5305638313293457,0.5875126123428345,0.1781996190547943,0,0
39,RIGHT_WRIST,0.5429930090904236,0.4959231913089752,0.10513100773096085,0,0
39,LEFT_PINKY,0.531456708908081,0.5956380367279053,0.19467684626579285,0,0
39,RIGHT_PINKY,0.5383144617080688,0.48699527978897095,0.11583969742059708,0,0
39,LEFT_INDEX,0.5347506403923035,0.5959653854370117,0.1857781857252121,0,0
39,RIGHT_INDEX,0.5367967486381531,0.4882217347621918,0.11707093566656113,0,0
39,LEFT_THUMB,0.5350196361541748,0.591192901134491,0.17768864333629608,0,0
39,RIGHT_THUMB,0.5374937057495117,0.4913018047809601,0.10771405696868896,0,0
39,LEFT_HIP,0.5342844128608704,0.6488602757453918,0.0152346296235919,0,0
39,RIGHT_HIP,0.559552788734436,0.6576244831085205,-0.015545537695288658,0,0
39,LEFT_KNEE,0.5370771288871765,0.7236035466194153,0.06632111221551895,0,0
39,RIGHT_KNEE,0.5641758441925049,0.7335509657859802,0.020032886415719986,0,0
39,LEFT_ANKLE,0.5432535409927368,0.8080115914344788,-0.020313553512096405,0,0
39,RIGHT_ANKLE,0.5524705648422241,0.8133953213691711,-0.0694364607334137,0,0
39,LEFT_HEEL,0.5419420003890991,0.8209550380706787,-0.028373878449201584,0,0
39,RIGHT_HEEL,0.549922525882721,0.8237887024879456,-0.07666119188070297,0,0
39,LEFT_FOOT_INDEX,0.5546419620513916,0.8392533659934998,-0.039630040526390076,0,0
39,RIGHT_FOOT_INDEX,0.5615281462669373,0.8560056090354919,-0.08799110352993011,0,0
40,NOSE,0.5735791325569153,0.4995605945587158,0.10542997717857361,0,0
40,LEFT_EYE_INNER,0.5722392201423645,0.49153104424476624,0.09433135390281677,0,0
40,LEFT_EYE,0.5707761645317078,0.49064868688583374,0.09434140473604202,0,0
40,LEFT_EYE_OUTER,0.5693417191505432,0.4899556040763855,0.09435255825519562,0,0
40,RIGHT_EYE_INNER,0.5760384202003479,0.49368298053741455,0.09206800907850266,0,0
40,RIGHT_EYE,0.5772373676300049,0.4942339360713959,0.0920335203409195,0,0
40,RIGHT_EYE_OUTER,0.5785330533981323,0.4948999583721161,0.09202183783054352,0,0
40,LEFT_EAR,0.5653581023216248,0.4919995367527008,0.05206364020705223,0,0
40,RIGHT_EAR,0.5779584646224976,0.4988536238670349,0.037995513528585434,0,0
40,MOUTH_LEFT,0.5703829526901245,0.5035260915756226,0.09184082597494125,0,0
40,MOUTH_RIGHT,0.5744562745094299,0.5071589350700378,0.08807429671287537,0,0
40,LEFT_SHOULDER,0.5366491079330444,0.5248087644577026,0.02564345858991146,0,0
40,RIGHT_SHOULDER,0.5800313949584961,0.5302620530128479,0.02397923544049263,0,0
40,LEFT_ELBOW,0.5210556387901306,0.5842462182044983,0.05707348883152008,0,0
40,RIGHT_ELBOW,0.5571542382240295,0.5206158757209778,0.03464379161596298,0,0
40,LEFT_WRIST,0.531029462814331,0.588520884513855,0.1136222630739212,0,0
40,RIGHT_WRIST,0.5332278609275818,0.4990445077419281,0.06767726689577103,0,0
40,LEFT_PINKY,0.5319984555244446,0.5973790884017944,0.126382514834404,0,0
40,RIGHT_PINKY,0.5301901698112488,0.4941633939743042,0.07549873739480972,0,0
40,LEFT_INDEX,0.5354336500167847,0.594621479511261,0.11854273825883865,0,0
40,RIGHT_INDEX,0.5283805131912231,0.49497953057289124,0.07828764617443085,0,0
40,LEFT_THUMB,0.5352914333343506,0.5918391346931458,0.11330117285251617,0,0
40,RIGHT_THUMB,0.5271192193031311,0.49942299723625183,0.06987417489290237,0,0
40,LEFT_HIP,0.5372042059898376,0.6496884226799011,0.0037652901373803616,0,0
40,RIGHT_HIP,0.5619690418243408,0.6579656600952148,-0.004071581177413464,0,0
40,LEFT_KNEE,0.5369130373001099,0.723893404006958,0.04159720614552498,0,0
40,RIGHT_KNEE,0.5652489066123962,0.7283790707588196,0.020338403061032295,0,0
40,LEFT_ANKLE,0.5431156754493713,0.8086482286453247,-0.048991672694683075,0,0
40,RIGHT_ANKLE,0.5571855902671814,0.8102577328681946,-0.07055926322937012,0,0
40,LEFT_HEEL,0.5437242388725281,0.8212830424308777,-0.057462651282548904,0,0
40,RIGHT_HEEL,0.5551170110702515,0.8204083442687988,-0.07881578058004379,0,0
40,LEFT_FOOT_INDEX,0.5475190877914429,0.8359852433204651,-0.07120469957590103,0,0
40,RIGHT_FOOT_INDEX,0.5639379024505615,0.8523672223091125,-0.09267297387123108,0,0
41,NOSE,0.5695514678955078,0.49275389313697815,0.09053590148687363,0,0
41,LEFT_EYE_INNER,0.5681703686714172,0.4845353364944458,0.07951958477497101,0,0
41,LEFT_EYE,0.5666110515594482,0.4842797815799713,0.0795290544629097,0,0
41,LEFT_EYE_OUTER,0.5650211572647095,0.48412567377090454,0.07953526079654694,0,0
41,RIGHT_EYE_INNER,0.5720945000648499,0.48524633049964905,0.0775061547756195,0,0
41,RIGHT_EYE,0.5733616352081299,0.4856172204017639,0.0774785503745079,0,0
41,RIGHT_EYE_OUTER,0.5748177170753479,0.48625144362449646,0.07747912406921387,0,0
41,LEFT_EAR,0.5614189505577087,0.48774459958076477,0.0326460562646389,0,0
41,RIGHT_EAR,0.5751398205757141,0.4915890097618103,0.0285319983959198,0,0
41,MOUTH_LEFT,0.566288411617279,0.4982162415981293,0.07869946956634521,0,0
41,MOUTH_RIGHT,0.5708152055740356,0.5007335543632507,0.07526663690805435,0,0
41,LEFT_SHOULDER,0.5362304449081421,0.5255312919616699,0.010038690641522408,0,0
41,RIGHT_SHOULDER,0.5793331861495972,0.52569979429245,0.02366749383509159,0,0
41,LEFT_ELBOW,0.522442102432251,0.5904228091239929,0.07087447494268417,0,0
41,RIGHT_ELBOW,0.5556437969207764,0.525726854801178,0.06879530847072601,0,0
41,LEFT_WRIST,0.5302156209945679,0.5839974284172058,0.16844405233860016,0,0
41,RIGHT_WRIST,0.5308882594108582,0.5020137429237366,0.13917367160320282,0,0
41,LEFT_PINKY,0.5300755500793457,0.5864665508270264,0.18585218489170074,0,0
41,RIGHT_PINKY,0.5258759260177612,0.49794068932533264,0.1542043387889862,0,0
41,LEFT_INDEX,0.532760739326477,0.583716094493866,0.17968815565109253,0,0
41,RIGHT_INDEX,0.524492084980011,0.5003468990325928,0.153306245803833,0,0
41,LEFT_THUMB,0.5339277386665344,0.5840028524398804,0.16998593509197235,0,0
41,RIGHT_THUMB,0.525342583656311,0.5034046769142151,0.14131022989749908,0,0
41,LEFT_HIP,0.5378929376602173,0.6519351601600647,-0.0020727769006043673,0,0
41,RIGHT_HIP,0.5632836222648621,0.6575433015823364,0.0017678735312074423,0,0
41,LEFT_KNEE,0.5369333624839783,0.7239905595779419,0.03887007385492325,0,0
41,RIGHT_KNEE,0.5665439367294312,0.7275474071502686,0.030168263241648674,0,0
41,LEFT_ANKLE,0.543569803237915,0.8096522092819214,-0.043880484998226166,0,0
41,RIGHT_ANKLE,0.5619566440582275,0.8111864328384399,-0.06752390414476395,0,0
41,LEFT_HEEL,0.5454463958740234,0.8228182196617126,-0.0509217195212841,0,0
41,RIGHT_HEEL,0.559447705745697,0.8220311403274536,-0.07404614984989166,0,0
41,LEFT_FOOT_INDEX,0.543940007686615,0.8342986702919006,-0.057269640266895294,0,0
41,RIGHT_FOOT_INDEX,0.5670226812362671,0.8437392115592957,-0.0835048034787178,0,0
42,NOSE,0.5657122731208801,0.4898051619529724,0.10475491732358932,0,0
42,LEFT_EYE_INNER,0.5637733340263367,0.48195332288742065,0.09004542231559753,0,0
42,LEFT_EYE,0.5619953274726868,0.4818296730518341,0.09005293250083923,0,0
42,LEFT_EYE_OUTER,0.5601369142532349,0.48178890347480774,0.09004993736743927,0,0
42,RIGHT_EYE_INNER,0.568261981010437,0.4823456406593323,0.08955531567335129,0,0
42,RIGHT_EYE,0.5696076154708862,0.48250919580459595,0.08952169120311737,0,0
42,RIGHT_EYE_OUTER,0.5711002349853516,0.4828387200832367,0.08949914574623108,0,0
42,LEFT_EAR,0.557171106338501,0.48564279079437256,0.0355440117418766,0,0
42,RIGHT_EAR,0.5728728771209717,0.4877093732357025,0.0328403078019619,0,0
42,MOUTH_LEFT,0.5625380277633667,0.4954252541065216,0.08840224891901016,0,0
42,MOUTH_RIGHT,0.5675531625747681,0.4968705475330353,0.08696846663951874,0,0
42,LEFT_SHOULDER,0.5365285277366638,0.5271306037902832,0.013549302704632282,0,0
42,RIGHT_SHOULDER,0.5799643993377686,0.524287760257721,0.015293991193175316,0,0
42,LEFT_ELBOW,0.5229939818382263,0.5884554982185364,0.049818940460681915,0,0
42,RIGHT_ELBOW,0.5571334362030029,0.5310521721839905,0.030142728239297867,0,0
42,LEFT_WRIST,0.5317015051841736,0.5845354199409485,0.11870012432336807,0,0
42,RIGHT_WRIST,0.5361781716346741,0.5059689283370972,0.06981267035007477,0,0
42,LEFT_PINKY,0.5318271517753601,0.5899193286895752,0.1305239349603653,0,0
42,RIGHT_PINKY,0.5322216749191284,0.49988651275634766,0.07786083966493607,0,0
42,LEFT_INDEX,0.5348759889602661,0.586868941783905,0.1254197210073471,0,0
42,RIGHT_INDEX,0.5295178294181824,0.5090643763542175,0.07949846237897873,0,0
42,LEFT_THUMB,0.5358400940895081,0.5860640406608582,0.11948394030332565,0,0
42,RIGHT_THUMB,0.5300037860870361,0.5003208518028259,0.07239265739917755,0,0
42,LEFT_HIP,0.5401005148887634,0.6520366668701172,0.006360430736094713,0,0
42,RIGHT_HIP,0.565852165222168,0.6560118794441223,-0.006634093821048737,0,0
42,LEFT_KNEE,0.5376231074333191,0.7236642837524414,0.04851685091853142,0,0
42,RIGHT_KNEE,0.5687814950942993,0.7281407713890076,0.028206778690218925,0,0
42,LEFT_ANKLE,0.5440347790718079,0.8101785182952881,-0.008837377652525902,0,0
42,RIGHT_ANKLE,0.5675031542778015,0.8138484358787537,-0.03807603567838669,0,0
42,LEFT_HEEL,0.5465757250785828,0.8238596320152283,-0.01368087437003851,0,0
42,RIGHT_HEEL,0.5626068115234375,0.8257097005844116,-0.043502077460289,0,0
42,LEFT_FOOT_INDEX,0.5442122220993042,0.8314019441604614,-0.021552113816142082,0,0
42,RIGHT_FOOT_INDEX,0.576531708240509,0.8421804904937744,-0.05322398245334625,0,0
43,NOSE,0.5619776248931885,0.4861826002597809,0.09521763026714325,0,0
43,LEFT_EYE_INNER,0.5596057772636414,0.479204922914505,0.08112125098705292,0,0
43,LEFT_EYE,0.5578430891036987,0.47943687438964844,0.08112599700689316,0,0
43,LEFT_EYE_OUTER,0.556176483631134,0.47972390055656433,0.08112721890211105,0,0
43,RIGHT_EYE_INNER,0.5646196603775024,0.47913384437561035,0.07971630990505219,0,0
43,RIGHT_EYE,0.566187858581543,0.4793785810470581,0.07969371974468231,0,0
43,RIGHT_EYE_OUTER,0.5677784085273743,0.47975125908851624,0.07966550439596176,0,0
43,LEFT_EAR,0.5541791915893555,0.48477789759635925,0.020699692890048027,0,0
43,RIGHT_EAR,0.5702364444732666,0.4853399693965912,0.024770744144916534,0,0
43,MOUTH_LEFT,0.5586114525794983,0.4927135407924652,0.08054456859827042,0,0
43,MOUTH_RIGHT,0.5640162229537964,0.4931115508079529,0.07852346450090408,0,0
43,LEFT_SHOULDER,0.5371123552322388,0.5312948822975159,1.7697710063657723e-05,0,0
43,RIGHT_SHOULDER,0.5799055695533752,0.5246375203132629,0.009771374985575676,0,0
43,LEFT_ELBOW,0.5238329172134399,0.5873218178749084,0.05371686443686485,0,0
43,RIGHT_ELBOW,0.5580560564994812,0.5339861512184143,0.0435454361140728,0,0
43,LEFT_WRIST,0.5270782113075256,0.586024284362793,0.13687725365161896,0,0
43,RIGHT_WRIST,0.5375185012817383,0.508089005947113,0.0984252318739891,0,0
43,LEFT_PINKY,0.5238715410232544,0.586545467376709,0.1490873247385025,0,0
43,RIGHT_PINKY,0.5339948534965515,0.501991331577301,0.10827755182981491,0,0
43,LEFT_INDEX,0.52513188123703,0.5829474925994873,0.14281031489372253,0,0
43,RIGHT_INDEX,0.53104567527771,0.5003675818443298,0.10681311041116714,0,0
43,LEFT_THUMB,0.5280150771141052,0.5828162431716919,0.13790367543697357,0,0
43,RIGHT_THUMB,0.5309024453163147,0.50189208984375,0.09948958456516266,0,0
43,LEFT_HIP,0.5425958633422852,0.6588741540908813,0.006040093954652548,0,0
43,RIGHT_HIP,0.5674304962158203,0.657059907913208,-0.006287348922342062,0,0
43,LEFT_KNEE,0.5381461977958679,0.7255342602729797,0.05367329344153404,0,0
43,RIGHT_KNEE,0.5703496932983398,0.7289532423019409,0.02886560745537281,0,0
43,LEFT_ANKLE,0.5438476204872131,0.8102003931999207,0.06262995302677155,0,0
43,RIGHT_ANKLE,0.5747403502464294,0.8161780834197998,0.01681547798216343,0,0
43,LEFT_HEEL,0.5469992160797119,0.8246613144874573,0.06639128923416138,0,0
43,RIGHT_HEEL,0.5695248246192932,0.8276051878929138,0.01706940308213234,0,0
43,LEFT_FOOT_INDEX,0.5446127653121948,0.8225308656692505,0.06560582667589188,0,0
43,RIGHT_FOOT_INDEX,0.5849484205245972,0.8369342684745789,0.009649978019297123,0,0
44,NOSE,0.5613842010498047,0.48596569895744324,0.09110822528600693,0,0
44,LEFT_EYE_INNER,0.5586639046669006,0.47924503684043884,0.07857123017311096,0,0
44,LEFT_EYE,0.5569092035293579,0.4794738292694092,0.07857850939035416,0,0
44,LEFT_EYE_OUTER,0.5552889108657837,0.4797598421573639,0.0785924568772316,0,0
44,RIGHT_EYE_INNER,0.5636624693870544,0.47905233502388,0.07556087523698807,0,0
44,RIGHT_EYE,0.5651734471321106,0.47920486330986023,0.07553382217884064,0,0
44,RIGHT_EYE_OUTER,0.5666916966438293,0.4794920086860657,0.07550768554210663,0,0
44,LEFT_EAR,0.5534876585006714,0.4846753180027008,0.017909906804561615,0,0
44,RIGHT_EAR,0.5691418051719666,0.48518288135528564,0.020977169275283813,0,0
44,MOUTH_LEFT,0.5584503412246704,0.4924713671207428,0.07847986370325089,0,0
44,MOUTH_RIGHT,0.5634130835533142,0.49276790022850037,0.07446606457233429,0,0
44,LEFT_SHOULDER,0.5373802781105042,0.5342369675636292,0.0008241568575613201,0,0
44,RIGHT_SHOULDER,0.5797998309135437,0.5259893536567688,0.0025615431368350983,0,0
44,LEFT_ELBOW,0.5242887139320374,0.5867061018943787,0.06364207714796066,0,0
44,RIGHT_ELBOW,0.5591930150985718,0.5569522976875305,0.03377385064959526,0,0
44,LEFT_WRIST,0.5278198719024658,0.5811891555786133,0.18208064138889313,0,0
44,RIGHT_WRIST,0.5402734279632568,0.5395601391792297,0.09054908156394958,0,0
44,LEFT_PINKY,0.5260803699493408,0.5810533761978149,0.1992432326078415,0,0
44,RIGHT_PINKY,0.533706784248352,0.5351145267486572,0.10310196131467819,0,0
44,LEFT_INDEX,0.5284656286239624,0.5772618055343628,0.19640985131263733,0,0
44,RIGHT_INDEX,0.532676100730896,0.5333569049835205,0.10241832584142685,0,0
44,LEFT_THUMB,0.5306970477104187,0.5778005123138428,0.18462376296520233,0,0
44,RIGHT_THUMB,0.5340049266815186,0.5327726602554321,0.09227501600980759,0,0
44,LEFT_HIP,0.5438221096992493,0.6638460159301758,0.006993674207478762,0,0
44,RIGHT_HIP,0.5688949227333069,0.6604558229446411,-0.007207914721220732,0,0
44,LEFT_KNEE,0.5405084490776062,0.7279145121574402,0.05125664547085762,0,0
44,RIGHT_KNEE,0.5716421604156494,0.7296333312988281,0.031567785888910294,0,0
44,LEFT_ANKLE,0.5440196990966797,0.8107591271400452,0.042829107493162155,0,0
44,RIGHT_ANKLE,0.5816959142684937,0.817616879940033,-0.0032787686213850975,0,0
44,LEFT_HEEL,0.5467721223831177,0.8262540102005005,0.04446841776371002,0,0
44,RIGHT_HEEL,0.5778095126152039,0.8304052352905273,-0.005209887400269508,0,0
44,LEFT_FOOT_INDEX,0.5449277758598328,0.8212688565254211,0.04546050727367401,0,0
44,RIGHT_FOOT_INDEX,0.5900244116783142,0.8341675996780396,-0.009685169905424118,0,0
45,NOSE,0.5578606724739075,0.48417380452156067,0.09567634016275406,0,0
45,LEFT_EYE_INNER,0.5551748871803284,0.4776613116264343,0.07946009933948517,0,0
45,LEFT_EYE,0.5537037253379822,0.47810137271881104,0.07944300025701523,0,0
45,LEFT_EYE_OUTER,0.5523704290390015,0.4785858690738678,0.07945272326469421,0,0
45,RIGHT_EYE_INNER,0.5602359771728516,0.4768812358379364,0.08225423842668533,0,0
45,RIGHT_EYE,0.5619409680366516,0.47686344385147095,0.08222946524620056,0,0
45,RIGHT_EYE_OUTER,0.5636966824531555,0.47695618867874146,0.08219768851995468,0,0
45,LEFT_EAR,0.5519354939460754,0.4841177463531494,0.01944589428603649,0,0
45,RIGHT_EAR,0.566667914390564,0.4833011329174042,0.03298918157815933,0,0
45,MOUTH_LEFT,0.5557717084884644,0.4912697672843933,0.07828176766633987,0,0
45,MOUTH_RIGHT,0.5607738494873047,0.4912671148777008,0.08091514557600021,0,0
45,LEFT_SHOULDER,0.5421445369720459,0.5344930291175842,-0.019013848155736923,0,0
45,RIGHT_SHOULDER,0.5780700445175171,0.5253680348396301,0.02748725935816765,0,0
45,LEFT_ELBOW,0.5355867147445679,0.5906360745429993,-0.0042649684473872185,0,0
45,RIGHT_ELBOW,0.5597705245018005,0.5665403008460999,0.054880622774362564,0,0
45,LEFT_WRIST,0.522953450679779,0.5920301675796509,0.04777276888489723,0,0
45,RIGHT_WRIST,0.5380056500434875,0.5582840442657471,0.09528589248657227,0,0
45,LEFT_PINKY,0.5171934962272644,0.5933953523635864,0.048706650733947754,0,0
45,RIGHT_PINKY,0.5302307605743408,0.5563674569129944,0.10352248698472977,0,0
45,LEFT_INDEX,0.5180341601371765,0.586631715297699,0.04834959656000137,0,0
45,RIGHT_INDEX,0.5298767685890198,0.5505123734474182,0.10070288926362991,0,0
45,LEFT_THUMB,0.5209472179412842,0.5868273377418518,0.04963018000125885,0,0
45,RIGHT_THUMB,0.531091570854187,0.5521549582481384,0.09502312541007996,0,0
45,LEFT_HIP,0.5468047261238098,0.6639155745506287,-0.007323207799345255,0,0
45,RIGHT_HIP,0.569875180721283,0.6605424284934998,0.007082286290824413,0,0
45,LEFT_KNEE,0.541770339012146,0.7283509373664856,0.043820273131132126,0,0
45,RIGHT_KNEE,0.5733004212379456,0.7303524613380432,0.05532087758183479,0,0
45,LEFT_ANKLE,0.5439321994781494,0.810819149017334,0.055570054799318314,0,0
45,RIGHT_ANKLE,0.5883384346961975,0.81768798828125,0.04436955600976944,0,0
45,LEFT_HEEL,0.5467894673347473,0.8265214562416077,0.05926845595240593,0,0
45,RIGHT_HEEL,0.5882060527801514,0.8336496353149414,0.04432491213083267,0,0
45,LEFT_FOOT_INDEX,0.5444018244743347,0.817364513874054,0.053638946264982224,0,0
45,RIGHT_FOOT_INDEX,0.5917001366615295,0.8318406343460083,0.034154605120420456,0,0
46,NOSE,0.5555849075317383,0.4831524193286896,0.06885790079832077,0,0
46,LEFT_EYE_INNER,0.5534533262252808,0.4776502251625061,0.053943853825330734,0,0
46,LEFT_EYE,0.5520539879798889,0.47819405794143677,0.05391336977481842,0,0
46,LEFT_EYE_OUTER,0.5507354736328125,0.47875547409057617,0.05393834039568901,0,0
46,RIGHT_EYE_INNER,0.5583335161209106,0.47648972272872925,0.062013234943151474,0,0
46,RIGHT_EYE,0.5600799918174744,0.47631558775901794,0.06201722100377083,0,0
46,RIGHT_EYE_OUTER,0.5618588924407959,0.4762378931045532,0.062001898884773254,0,0
46,LEFT_EAR,0.5506424307823181,0.48408427834510803,0.0025946209207177162,0,0
46,RIGHT_EAR,0.5650818347930908,0.48201724886894226,0.029608726501464844,0,0
46,MOUTH_LEFT,0.5537031888961792,0.4900408089160919,0.05249227583408356,0,0
46,MOUTH_RIGHT,0.5582775473594666,0.4893941879272461,0.06163857877254486,0,0
46,LEFT_SHOULDER,0.5461257696151733,0.53425133228302,-0.05590982362627983,0,0
46,RIGHT_SHOULDER,0.5759586095809937,0.5228569507598877,0.04814288392663002,0,0
46,LEFT_ELBOW,0.5515939593315125,0.5920846462249756,-0.10157077014446259,0,0
46,RIGHT_ELBOW,0.5640516877174377,0.5641312003135681,0.09979745000600815,0,0
46,LEFT_WRIST,0.5247244238853455,0.6008254289627075,-0.1171809658408165,0,0
46,RIGHT_WRIST,0.5333622694015503,0.5637045502662659,0.15178728103637695,0,0
46,LEFT_PINKY,0.5177997946739197,0.6049962639808655,-0.1275516152381897,0,0
46,RIGHT_PINKY,0.528657853603363,0.561428964138031,0.16451692581176758,0,0
46,LEFT_INDEX,0.5182250142097473,0.5980271100997925,-0.1252606362104416,0,0
46,RIGHT_INDEX,0.5283405184745789,0.5571315288543701,0.16249479353427887,0,0
46,LEFT_THUMB,0.5211547613143921,0.5965791940689087,-0.11548148095607758,0,0
46,RIGHT_THUMB,0.5296270251274109,0.5579479932785034,0.15255975723266602,0,0
46,LEFT_HIP,0.5500127077102661,0.6628884673118591,-0.02238604426383972,0,0
46,RIGHT_HIP,0.5710769891738892,0.6589235067367554,0.02211577631533146,0,0
46,LEFT_KNEE,0.5426164269447327,0.7281199097633362,0.028085850179195404,0,0
46,RIGHT_KNEE,0.5759826302528381,0.7302196025848389,0.05225178226828575,0,0
46,LEFT_ANKLE,0.5438066124916077,0.8114795088768005,0.06671343743801117,0,0
46,RIGHT_ANKLE,0.5943031907081604,0.8183314800262451,0.057099588215351105,0,0
46,LEFT_HEEL,0.5465641617774963,0.8270010352134705,0.07271747291088104,0,0
46,RIGHT_HEEL,0.5962187647819519,0.8339219689369202,0.05780063569545746,0,0
46,LEFT_FOOT_INDEX,0.541906476020813,0.8143370151519775,0.07058479636907578,0,0
46,RIGHT_FOOT_INDEX,0.593061625957489,0.8262872695922852,0.04961441084742546,0,0
47,NOSE,0.5541378855705261,0.4830814599990845,0.0706082135438919,0,0
47,LEFT_EYE_INNER,0.5520867109298706,0.47775331139564514,0.0594218410551548,0,0
47,LEFT_EYE,0.5507198572158813,0.47826921939849854,0.05942618101835251,0,0
47,LEFT_EYE_OUTER,0.549439013004303,0.47880908846855164,0.05944490432739258,0,0
47,RIGHT_EYE_INNER,0.5565889477729797,0.47672808170318604,0.07170420140028,0,0
47,RIGHT_EYE,0.558236837387085,0.476594477891922,0.0717104822397232,0,0
47,RIGHT_EYE_OUTER,0.5598973035812378,0.4765494465827942,0.0716857835650444,0,0
47,LEFT_EAR,0.5492650866508484,0.4837430715560913,0.014131901785731316,0,0
47,RIGHT_EAR,0.5632200241088867,0.482064813375473,0.049105431884527206,0,0
47,MOUTH_LEFT,0.5522820949554443,0.48973771929740906,0.059757594019174576,0,0
47,MOUTH_RIGHT,0.556784451007843,0.48925521969795227,0.07121752202510834,0,0
47,LEFT_SHOULDER,0.5468025207519531,0.5310644507408142,-0.043873369693756104,0,0
47,RIGHT_SHOULDER,0.5743620991706848,0.521885335445404,0.06410031765699387,0,0
47,LEFT_ELBOW,0.5543644428253174,0.5910845994949341,-0.10754959285259247,0,0
47,RIGHT_ELBOW,0.5627238154411316,0.563620388507843,0.0708201602101326,0,0
47,LEFT_WRIST,0.5260321497917175,0.6054036021232605,-0.14045636355876923,0,0
47,RIGHT_WRIST,0.5325964689254761,0.5671895742416382,0.05813862010836601,0,0
47,LEFT_PINKY,0.5197737216949463,0.6119048595428467,-0.15399178862571716,0,0
47,RIGHT_PINKY,0.5282161831855774,0.5668993592262268,0.06079753488302231,0,0
47,LEFT_INDEX,0.5198784470558167,0.6047475934028625,-0.14936791360378265,0,0
47,RIGHT_INDEX,0.5272720456123352,0.5647263526916504,0.05477627366781235,0,0
47,LEFT_THUMB,0.5226008296012878,0.6020181775093079,-0.13813742995262146,0,0
47,RIGHT_THUMB,0.528828501701355,0.5654258728027344,0.054810453206300735,0,0
47,LEFT_HIP,0.5513299703598022,0.6610965132713318,-0.022801246494054794,0,0
47,RIGHT_HIP,0.5723974108695984,0.6559745073318481,0.022635256871581078,0,0
47,LEFT_KNEE,0.5424326062202454,0.7274020910263062,0.010578633286058903,0,0
47,RIGHT_KNEE,0.5795906782150269,0.7291762232780457,0.043389942497015,0,0
47,LEFT_ANKLE,0.5426124930381775,0.8122313618659973,0.03306073322892189,0,0
47,RIGHT_ANKLE,0.6002997159957886,0.8179178833961487,0.014118739403784275,0,0
47,LEFT_HEEL,0.5453150868415833,0.8273919820785522,0.03632359579205513,0,0
47,RIGHT_HEEL,0.6035298109054565,0.8338875770568848,0.01226149033755064,0,0
47,LEFT_FOOT_INDEX,0.5409319400787354,0.8094918131828308,0.0256255641579628,0,0
47,RIGHT_FOOT_INDEX,0.59563148021698,0.8214299082756042,0.0011419986840337515,0,0
48,NOSE,0.5569193959236145,0.4860536456108093,0.05758710205554962,0,0
48,LEFT_EYE_INNER,0.5546172261238098,0.48003798723220825,0.042885925620794296,0,0
48,LEFT_EYE,0.5531232357025146,0.4803158938884735,0.042868442833423615,0,0
48,LEFT_EYE_OUTER,0.5516898036003113,0.4806419014930725,0.042883601039648056,0,0
48,RIGHT_EYE_INNER,0.5590396523475647,0.47946110367774963,0.052512843161821365,0,0
48,RIGHT_EYE,0.5604566931724548,0.47938892245292664,0.05251651257276535,0,0
48,RIGHT_EYE_OUTER,0.5618648529052734,0.47940921783447266,0.05249781161546707,0,0
48,LEFT_EAR,0.5509463548660278,0.4848654270172119,-0.006100427825003862,0,0
48,RIGHT_EAR,0.5642635226249695,0.48434650897979736,0.03891990706324577,0,0
48,MOUTH_LEFT,0.5548314452171326,0.4922424852848053,0.04260876029729843,0,0
48,MOUTH_RIGHT,0.5592222809791565,0.4922580420970917,0.0537562258541584,0,0
48,LEFT_SHOULDER,0.5487377643585205,0.5310759544372559,-0.06577371805906296,0,0
48,RIGHT_SHOULDER,0.5739076733589172,0.5231677293777466,0.052463751286268234,0,0
48,LEFT_ELBOW,0.5543272495269775,0.5921290516853333,-0.131149023771286,0,0
48,RIGHT_ELBOW,0.5632806420326233,0.563593327999115,0.07799939811229706,0,0
48,LEFT_WRIST,0.5261381268501282,0.6103355884552002,-0.17223361134529114,0,0
48,RIGHT_WRIST,0.5354622602462769,0.5619202852249146,0.0839252769947052,0,0
48,LEFT_PINKY,0.5213485360145569,0.6153934597969055,-0.18812359869480133,0,0
48,RIGHT_PINKY,0.5311791896820068,0.5613710880279541,0.08866111934185028,0,0
48,LEFT_INDEX,0.521687924861908,0.6087566018104553,-0.18525849282741547,0,0
48,RIGHT_INDEX,0.5304439663887024,0.559725284576416,0.07848014682531357,0,0
48,LEFT_THUMB,0.5241928100585938,0.6065421104431152,-0.17094536125659943,0,0
48,RIGHT_THUMB,0.531667947769165,0.560245931148529,0.08004070818424225,0,0
48,LEFT_HIP,0.553567111492157,0.6617671251296997,-0.030186153948307037,0,0
48,RIGHT_HIP,0.5748564600944519,0.6574023365974426,0.03002619743347168,0,0
48,LEFT_KNEE,0.5415394902229309,0.7249826192855835,0.01141609251499176,0,0
48,RIGHT_KNEE,0.5835493206977844,0.7295548319816589,0.05827790126204491,0,0
48,LEFT_ANKLE,0.5423061847686768,0.812431812286377,0.0331718809902668,0,0
48,RIGHT_ANKLE,0.604745626449585,0.815946638584137,0.04901239648461342,0,0
48,LEFT_HEEL,0.5451976656913757,0.8286914825439453,0.03668214753270149,0,0
48,RIGHT_HEEL,0.6111123561859131,0.8327646851539612,0.04854845628142357,0,0
48,LEFT_FOOT_INDEX,0.5350452661514282,0.8098076581954956,0.03060729242861271,0,0
48,RIGHT_FOOT_INDEX,0.5935229659080505,0.822910487651825,0.04074634239077568,0,0
49,NOSE,0.5586029291152954,0.4894873797893524,0.06154544651508331,0,0
49,LEFT_EYE_INNER,0.5561601519584656,0.48292621970176697,0.04676956683397293,0,0
49,LEFT_EYE,0.554572343826294,0.4832630157470703,0.04675603285431862,0,0
49,LEFT_EYE_OUTER,0.5530139207839966,0.48377764225006104,0.04677235707640648,0,0
49,RIGHT_EYE_INNER,0.5606037378311157,0.4821107089519501,0.05572177469730377,0,0
49,RIGHT_EYE,0.5619737505912781,0.48188120126724243,0.055721890181303024,0,0
49,RIGHT_EYE_OUTER,0.5633346438407898,0.48171883821487427,0.05570447817444801,0,0
49,LEFT_EAR,0.5517841577529907,0.48804977536201477,-0.0021219593472778797,0,0
49,RIGHT_EAR,0.5653257369995117,0.4859687089920044,0.03758751600980759,0,0
49,MOUTH_LEFT,0.5563358664512634,0.4960584342479706,0.04616699740290642,0,0
49,MOUTH_RIGHT,0.5606380105018616,0.4957555830478668,0.05671532452106476,0,0
49,LEFT_SHOULDER,0.5504557490348816,0.5373703241348267,-0.06332091242074966,0,0
49,RIGHT_SHOULDER,0.574006974697113,0.5260639190673828,0.061322763562202454,0,0
49,LEFT_ELBOW,0.5569565892219543,0.5941610932350159,-0.14254164695739746,0,0
49,RIGHT_ELBOW,0.5618442893028259,0.5609135627746582,0.09412750601768494,0,0
49,LEFT_WRIST,0.5292345285415649,0.6121007204055786,-0.19867534935474396,0,0
49,RIGHT_WRIST,0.5339986681938171,0.5593785643577576,0.10725299268960953,0,0
49,LEFT_PINKY,0.5221989154815674,0.6177922487258911,-0.21639199554920197,0,0
49,RIGHT_PINKY,0.5264891982078552,0.5584117770195007,0.11470853537321091,0,0
49,LEFT_INDEX,0.5231069922447205,0.6112788319587708,-0.21267291903495789,0,0
49,RIGHT_INDEX,0.5288880467414856,0.5570976734161377,0.10655004531145096,0,0
49,LEFT_THUMB,0.5254603624343872,0.6087390780448914,-0.1974179744720459,0,0
49,RIGHT_THUMB,0.5306147336959839,0.5571987628936768,0.10439470410346985,0,0
49,LEFT_HIP,0.5562084913253784,0.6663524508476257,-0.033969346433877945,0,0
49,RIGHT_HIP,0.5778824090957642,0.6640685200691223,0.03383086994290352,0,0
49,LEFT_KNEE,0.5394454598426819,0.725041925907135,-0.005925645120441914,0,0
49,RIGHT_KNEE,0.5867706537246704,0.7322707772254944,0.06144040822982788,0,0
49,LEFT_ANKLE,0.5400291681289673,0.8131580948829651,0.007665194105356932,0,0
49,RIGHT_ANKLE,0.6048368215560913,0.8164621591567993,0.04886370897293091,0,0
49,LEFT_HEEL,0.5434464812278748,0.8298095464706421,0.01028570719063282,0,0
49,RIGHT_HEEL,0.6112797260284424,0.8329727053642273,0.04812265560030937,0,0
49,LEFT_FOOT_INDEX,0.5209327340126038,0.8091065287590027,0.006753264460712671,0,0
49,RIGHT_FOOT_INDEX,0.5911807417869568,0.8240418434143066,0.04333898052573204,0,0
50,NOSE,0.5565914511680603,0.4956763982772827,0.06513294577598572,0,0
50,LEFT_EYE_INNER,0.5541054606437683,0.4891951382160187,0.04958541318774223,0,0
50,LEFT_EYE,0.5525500774383545,0.4895223081111908,0.04957707226276398,0,0
50,LEFT_EYE_OUTER,0.5510143637657166,0.4900027811527252,0.04958891123533249,0,0
50,RIGHT_EYE_INNER,0.5586469173431396,0.4880441129207611,0.057672787457704544,0,0
50,RIGHT_EYE,0.5600535273551941,0.4875698387622833,0.05766967311501503,0,0
50,RIGHT_EYE_OUTER,0.561447262763977,0.48713046312332153,0.057650987058877945,0,0
50,LEFT_EAR,0.5498616695404053,0.49405014514923096,-0.001873478409834206,0,0
50,RIGHT_EAR,0.5635232329368591,0.4904756247997284,0.03465602546930313,0,0
50,MOUTH_LEFT,0.5544811487197876,0.5019305944442749,0.04902265965938568,0,0
50,MOUTH_RIGHT,0.5586832761764526,0.5011754631996155,0.05851840227842331,0,0
50,LEFT_SHOULDER,0.5490230321884155,0.5433924794197083,-0.0636429488658905,0,0
50,RIGHT_SHOULDER,0.5738659501075745,0.5306136608123779,0.05343708023428917,0,0
50,LEFT_ELBOW,0.5563713908195496,0.5959392786026001,-0.15246066451072693,0,0
50,RIGHT_ELBOW,0.5589727163314819,0.5622357130050659,0.07350017130374908,0,0
50,LEFT_WRIST,0.5331907868385315,0.6111230254173279,-0.22232428193092346,0,0
50,RIGHT_WRIST,0.5297009348869324,0.5719718933105469,0.04196415841579437,0,0
50,LEFT_PINKY,0.5238491892814636,0.6178076267242432,-0.24311961233615875,0,0
50,RIGHT_PINKY,0.52250736951828,0.5746757984161377,0.04383878409862518,0,0
50,LEFT_INDEX,0.5232888460159302,0.6109232306480408,-0.23869308829307556,0,0
50,RIGHT_INDEX,0.5216109156608582,0.5743632912635803,0.03623555973172188,0,0
50,LEFT_THUMB,0.526508629322052,0.6082050800323486,-0.22157640755176544,0,0
50,RIGHT_THUMB,0.5229906439781189,0.575204074382782,0.038457904011011124,0,0
50,LEFT_HIP,0.5577458739280701,0.6709727644920349,-0.03670436888933182,0,0
50,RIGHT_HIP,0.57879239320755,0.6683085560798645,0.03659551218152046,0,0
50,LEFT_KNEE,0.5353374481201172,0.7234018445014954,-0.0019469051621854305,0,0
50,RIGHT_KNEE,0.586959719657898,0.7344667315483093,0.0773283988237381,0,0
50,LEFT_ANKLE,0.5375363230705261,0.8131356239318848,0.017018409445881844,0,0
50,RIGHT_ANKLE,0.6052407026290894,0.8171022534370422,0.07061907649040222,0,0
50,LEFT_HEEL,0.5423349738121033,0.8298999667167664,0.02022717334330082,0,0
50,RIGHT_HEEL,0.6102040410041809,0.8334550857543945,0.07061557471752167,0,0
50,LEFT_FOOT_INDEX,0.5139731764793396,0.8093352913856506,0.018265007063746452,0,0
50,RIGHT_FOOT_INDEX,0.5913209915161133,0.8254659175872803,0.06539057940244675,0,0
51,NOSE,0.5549404621124268,0.49760398268699646,0.04610484093427658,0,0
51,LEFT_EYE_INNER,0.5523495078086853,0.49160030484199524,0.030566437169909477,0,0
51,LEFT_EYE,0.5507566928863525,0.4920925498008728,0.030560916289687157,0,0
51,LEFT_EYE_OUTER,0.5491530299186707,0.49267616868019104,0.030583079904317856,0,0
51,RIGHT_EYE_INNER,0.5569474697113037,0.4900408685207367,0.03966590389609337,0,0
51,RIGHT_EYE,0.5583532452583313,0.4895130395889282,0.03966616466641426,0,0
51,RIGHT_EYE_OUTER,0.5597185492515564,0.48904797434806824,0.039656732231378555,0,0
51,LEFT_EAR,0.5480369329452515,0.496901273727417,-0.01877886988222599,0,0
51,RIGHT_EAR,0.5618932843208313,0.4927188456058502,0.02055566944181919,0,0
51,MOUTH_LEFT,0.5527095198631287,0.50434410572052,0.030116504058241844,0,0
51,MOUTH_RIGHT,0.5569661855697632,0.5031611919403076,0.04113161191344261,0,0
51,LEFT_SHOULDER,0.5483683347702026,0.5452121496200562,-0.08162084221839905,0,0
51,RIGHT_SHOULDER,0.5735016465187073,0.532772421836853,0.04725489765405655,0,0
51,LEFT_ELBOW,0.5565141439437866,0.5983285307884216,-0.1815090775489807,0,0
51,RIGHT_ELBOW,0.5567588210105896,0.553015947341919,0.0968760997056961,0,0
51,LEFT_WRIST,0.5336806178092957,0.6118731498718262,-0.2604781985282898,0,0
51,RIGHT_WRIST,0.5294057130813599,0.557449460029602,0.14070256054401398,0,0
51,LEFT_PINKY,0.5240768790245056,0.6171569228172302,-0.282194048166275,0,0
51,RIGHT_PINKY,0.5213663578033447,0.5598620176315308,0.15278087556362152,0,0
51,LEFT_INDEX,0.52398681640625,0.6103425621986389,-0.27861490845680237,0,0
51,RIGHT_INDEX,0.520438551902771,0.5607017874717712,0.14804498851299286,0,0
51,LEFT_THUMB,0.5268943905830383,0.608150839805603,-0.2606256902217865,0,0
51,RIGHT_THUMB,0.5214568972587585,0.5638718008995056,0.14031298458576202,0,0
51,LEFT_HIP,0.5591078996658325,0.6715032458305359,-0.04188856855034828,0,0
51,RIGHT_HIP,0.5796568989753723,0.669261634349823,0.04178600758314133,0,0
51,LEFT_KNEE,0.5308191180229187,0.7191279530525208,-0.01948460005223751,0,0
51,RIGHT_KNEE,0.5866568088531494,0.7353488206863403,0.07694870978593826,0,0
51,LEFT_ANKLE,0.5334436893463135,0.8130238652229309,0.006781289819628,0,0
51,RIGHT_ANKLE,0.6066392064094543,0.8187165260314941,0.07757636904716492,0,0
51,LEFT_HEEL,0.5391514301300049,0.8299473524093628,0.011093450710177422,0,0
51,RIGHT_HEEL,0.6120895743370056,0.8343485593795776,0.07788290083408356,0,0
51,LEFT_FOOT_INDEX,0.5109922289848328,0.8126353621482849,0.010434848256409168,0,0
51,RIGHT_FOOT_INDEX,0.5912960171699524,0.8263335227966309,0.07223614305257797,0,0
52,NOSE,0.552921712398529,0.49798017740249634,0.04708003252744675,0,0
52,LEFT_EYE_INNER,0.5505067110061646,0.4924045205116272,0.03215261921286583,0,0
52,LEFT_EYE,0.5490595102310181,0.49307018518447876,0.03214745968580246,0,0
52,LEFT_EYE_OUTER,0.5476590394973755,0.4938125014305115,0.03216947242617607,0,0
52,RIGHT_EYE_INNER,0.555008590221405,0.4905537962913513,0.042891714721918106,0,0
52,RIGHT_EYE,0.5564635396003723,0.489997535943985,0.042892441153526306,0,0
52,RIGHT_EYE_OUTER,0.5578643679618835,0.48950812220573425,0.042877379804849625,0,0
52,LEFT_EAR,0.5470443367958069,0.4983946681022644,-0.017314400523900986,0,0
52,RIGHT_EAR,0.560646653175354,0.4931817650794983,0.02602429874241352,0,0
52,MOUTH_LEFT,0.5510369539260864,0.5049992203712463,0.030694283545017242,0,0
52,MOUTH_RIGHT,0.5552552938461304,0.503456175327301,0.04391082376241684,0,0
52,LEFT_SHOULDER,0.5479974746704102,0.5472863912582397,-0.08085151761770248,0,0
52,RIGHT_SHOULDER,0.5730981230735779,0.5330067873001099,0.060654204338788986,0,0
52,LEFT_ELBOW,0.555764377117157,0.6009199023246765,-0.16760042309761047,0,0
52,RIGHT_ELBOW,0.5586103796958923,0.55356365442276,0.14668098092079163,0,0
52,LEFT_WRIST,0.5333765149116516,0.6127216815948486,-0.22433026134967804,0,0
52,RIGHT_WRIST,0.5358496308326721,0.555034339427948,0.2421628087759018,0,0
52,LEFT_PINKY,0.524120032787323,0.6174298524856567,-0.2402920126914978,0,0
52,RIGHT_PINKY,0.5310684442520142,0.553131639957428,0.26283562183380127,0,0
52,LEFT_INDEX,0.5241712927818298,0.6102518439292908,-0.23628734052181244,0,0
52,RIGHT_INDEX,0.528598964214325,0.5532796382904053,0.25982895493507385,0,0
52,LEFT_THUMB,0.5270035862922668,0.6083995699882507,-0.2232673168182373,0,0
52,RIGHT_THUMB,0.5283399820327759,0.5577306151390076,0.2438177615404129,0,0
52,LEFT_HIP,0.5586147308349609,0.6710772514343262,-0.04396236315369606,0,0
52,RIGHT_HIP,0.5792714953422546,0.6688827872276306,0.04382023960351944,0,0
52,LEFT_KNEE,0.5283364057540894,0.7193012237548828,-0.03520490229129791,0,0
52,RIGHT_KNEE,0.5857628583908081,0.7352806329727173,0.07138095051050186,0,0
52,LEFT_ANKLE,0.5302631855010986,0.8171240091323853,-0.022752972319722176,0,0
52,RIGHT_ANKLE,0.6068993210792542,0.8187509179115295,0.0638585165143013,0,0
52,LEFT_HEEL,0.5352007150650024,0.8357694745063782,-0.019444884732365608,0,0
52,RIGHT_HEEL,0.6124269962310791,0.8347353935241699,0.0633077397942543,0,0
52,LEFT_FOOT_INDEX,0.507416307926178,0.8177340626716614,-0.016113488003611565,0,0
52,RIGHT_FOOT_INDEX,0.5916026830673218,0.8261152505874634,0.062019430100917816,0,0
53,NOSE,0.5514351725578308,0.4992680251598358,0.06336750835180283,0,0
53,LEFT_EYE_INNER,0.5489709377288818,0.49378103017807007,0.046653345227241516,0,0
53,LEFT_EYE,0.5476660132408142,0.49441176652908325,0.04663446918129921,0,0
53,LEFT_EYE_OUTER,0.5464041829109192,0.4950833320617676,0.04664091765880585,0,0
53,RIGHT_EYE_INNER,0.5530761480331421,0.49186813831329346,0.061153385788202286,0,0
53,RIGHT_EYE,0.5545603036880493,0.4912321865558624,0.06115887686610222,0,0
53,RIGHT_EYE_OUTER,0.5560434460639954,0.4906372129917145,0.0611298531293869,0,0
53,LEFT_EAR,0.5458629131317139,0.49956485629081726,-0.009333652444183826,0,0
53,RIGHT_EAR,0.5594386458396912,0.4942109286785126,0.04530956596136093,0,0
53,MOUTH_LEFT,0.5499585866928101,0.5062608122825623,0.04236200079321861,0,0
53,MOUTH_RIGHT,0.5538237690925598,0.504646360874176,0.06141214072704315,0,0
53,LEFT_SHOULDER,0.5467665791511536,0.5483586192131042,-0.06744871288537979,0,0
53,RIGHT_SHOULDER,0.5730694532394409,0.5339250564575195,0.0746188685297966,0,0
53,LEFT_ELBOW,0.553534209728241,0.603547215461731,-0.13670460879802704,0,0
53,RIGHT_ELBOW,0.5673917531967163,0.555483341217041,0.16195209324359894,0,0
53,LEFT_WRIST,0.5317069888114929,0.6137772798538208,-0.16757725179195404,0,0
53,RIGHT_WRIST,0.555484414100647,0.5523802042007446,0.2688932418823242,0,0
53,LEFT_PINKY,0.5230606198310852,0.6174843311309814,-0.17905233800411224,0,0
53,RIGHT_PINKY,0.5543387532234192,0.5491037964820862,0.2917853891849518,0,0
53,LEFT_INDEX,0.5223562121391296,0.6107019782066345,-0.17438943684101105,0,0
53,RIGHT_INDEX,0.551875650882721,0.5477282404899597,0.29075396060943604,0,0
53,LEFT_THUMB,0.5251513123512268,0.6096200942993164,-0.16542603075504303,0,0
53,RIGHT_THUMB,0.5508215427398682,0.5513576865196228,0.271548867225647,0,0
53,LEFT_HIP,0.5576527118682861,0.6711264252662659,-0.043947041034698486,0,0
53,RIGHT_HIP,0.5785511136054993,0.6692696213722229,0.043773721903562546,0,0
53,LEFT_KNEE,0.5253971219062805,0.7194696068763733,-0.03988264501094818,0,0
53,RIGHT_KNEE,0.5847360491752625,0.735234260559082,0.0712614431977272,0,0
53,LEFT_ANKLE,0.5275837779045105,0.8222297430038452,-0.03824456408619881,0,0
53,RIGHT_ANKLE,0.6060357689857483,0.8189949989318848,0.05798124149441719,0,0
53,LEFT_HEEL,0.5331166386604309,0.8409281969070435,-0.03569228574633598,0,0
53,RIGHT_HEEL,0.611527681350708,0.835547685623169,0.057120565325021744,0,0
53,LEFT_FOOT_INDEX,0.5035126805305481,0.8284125328063965,-0.03313826769590378,0,0
53,RIGHT_FOOT_INDEX,0.5913915634155273,0.8260389566421509,0.05745832994580269,0,0
54,NOSE,0.5496253371238708,0.499726802110672,0.06140066310763359,0,0
54,LEFT_EYE_INNER,0.5472620129585266,0.4943660497665405,0.04441560432314873,0,0
54,LEFT_EYE,0.5460157990455627,0.4950546324253082,0.04439115151762962,0,0
54,LEFT_EYE_OUTER,0.5447788834571838,0.495805025100708,0.04438450187444687,0,0
54,RIGHT_EYE_INNER,0.5513906478881836,0.49239423871040344,0.05756824091076851,0,0
54,RIGHT_EYE,0.5529344081878662,0.4917644262313843,0.057580605149269104,0,0
54,RIGHT_EYE_OUTER,0.5544905066490173,0.49116578698158264,0.05755281448364258,0,0
54,LEFT_EAR,0.5439960360527039,0.500732958316803,-0.014329261146485806,0,0
54,RIGHT_EAR,0.5581669211387634,0.49482449889183044,0.0410713367164135,0,0
54,MOUTH_LEFT,0.5481837391853333,0.5069323778152466,0.041545569896698,0,0
54,MOUTH_RIGHT,0.5519586801528931,0.5051435828208923,0.057700350880622864,0,0
54,LEFT_SHOULDER,0.5438416004180908,0.5498340725898743,-0.07143509387969971,0,0
54,RIGHT_SHOULDER,0.5724173188209534,0.53470778465271,0.0630396157503128,0,0
54,LEFT_ELBOW,0.5532391667366028,0.6084038019180298,-0.13068024814128876,0,0
54,RIGHT_ELBOW,0.5736579298973083,0.543699324131012,0.15771692991256714,0,0
54,LEFT_WRIST,0.5272747874259949,0.6156250238418579,-0.08799144625663757,0,0
54,RIGHT_WRIST,0.5731979608535767,0.5201647281646729,0.27759918570518494,0,0
54,LEFT_PINKY,0.5191465020179749,0.6177937984466553,-0.09232132881879807,0,0
54,RIGHT_PINKY,0.5771977305412292,0.5218837261199951,0.30063188076019287,0,0
54,LEFT_INDEX,0.5186827182769775,0.6112930774688721,-0.092125304043293,0,0
54,RIGHT_INDEX,0.5759375095367432,0.5201425552368164,0.3017382323741913,0,0
54,LEFT_THUMB,0.5212728381156921,0.6107919812202454,-0.08590354025363922,0,0
54,RIGHT_THUMB,0.5711891055107117,0.5140764117240906,0.2812787592411041,0,0
54,LEFT_HIP,0.5567746758460999,0.672558069229126,-0.04134919121861458,0,0
54,RIGHT_HIP,0.577941358089447,0.671177864074707,0.041154757142066956,0,0
54,LEFT_KNEE,0.5242725610733032,0.7240648865699768,-0.03009713813662529,0,0
54,RIGHT_KNEE,0.5841896533966064,0.7354860901832581,0.07937920093536377,0,0
54,LEFT_ANKLE,0.5239585638046265,0.8261039853096008,-0.03287922963500023,0,0
54,RIGHT_ANKLE,0.6059101819992065,0.8193386197090149,0.06919487565755844,0,0
54,LEFT_HEEL,0.5306629538536072,0.8445201516151428,-0.030985984951257706,0,0
54,RIGHT_HEEL,0.6111921668052673,0.8358697295188904,0.06840837746858597,0,0
54,LEFT_FOOT_INDEX,0.5008863210678101,0.8418769836425781,-0.033903613686561584,0,0
54,RIGHT_FOOT_INDEX,0.5915224552154541,0.8260377049446106,0.06751750409603119,0,0
55,NOSE,0.5474417805671692,0.5011873841285706,0.0754946917295456,0,0
55,LEFT_EYE_INNER,0.545135498046875,0.4956815242767334,0.05706878378987312,0,0
55,LEFT_EYE,0.543942391872406,0.4962877035140991,0.05704188346862793,0,0
55,LEFT_EYE_OUTER,0.54271399974823,0.496951699256897,0.057046595960855484,0,0
55,RIGHT_EYE_INNER,0.549236536026001,0.4938473105430603,0.06858964264392853,0,0
55,RIGHT_EYE,0.5507888197898865,0.49324262142181396,0.06858024001121521,0,0
55,RIGHT_EYE_OUTER,0.5523932576179504,0.49268317222595215,0.06853296607732773,0,0
55,LEFT_EAR,0.5420610308647156,0.5016538500785828,-0.009557423181831837,0,0
55,RIGHT_EAR,0.5563455820083618,0.49646398425102234,0.041595619171857834,0,0
55,MOUTH_LEFT,0.5460777282714844,0.5082694292068481,0.05435201898217201,0,0
55,MOUTH_RIGHT,0.5498300790786743,0.5067340731620789,0.06842558085918427,0,0
55,LEFT_SHOULDER,0.5401660799980164,0.5508021712303162,-0.06452181190252304,0,0
55,RIGHT_SHOULDER,0.5717219114303589,0.5367730259895325,0.0675390288233757,0,0
55,LEFT_ELBOW,0.5462198257446289,0.6119438409805298,-0.06629814952611923,0,0
55,RIGHT_ELBOW,0.5619842410087585,0.5650867819786072,0.15028643608093262,0,0
55,LEFT_WRIST,0.5242196321487427,0.6162474155426025,-0.00737916911020875,0,0
55,RIGHT_WRIST,0.5375496745109558,0.5514259338378906,0.2424638271331787,0,0
55,LEFT_PINKY,0.5169548392295837,0.6172657012939453,-0.008300011977553368,0,0
55,RIGHT_PINKY,0.5329676866531372,0.5495296120643616,0.26188722252845764,0,0
55,LEFT_INDEX,0.51677405834198,0.6107301115989685,-0.007929216139018536,0,0
55,RIGHT_INDEX,0.529700517654419,0.5466785430908203,0.2571912407875061,0,0
55,LEFT_THUMB,0.5190431475639343,0.6103967428207397,-0.004666877910494804,0,0
55,RIGHT_THUMB,0.5298792719841003,0.5474170446395874,0.24264082312583923,0,0
55,LEFT_HIP,0.5563384294509888,0.6759673953056335,-0.039992332458496094,0,0
55,RIGHT_HIP,0.5777723789215088,0.6742464303970337,0.039838772267103195,0,0
55,LEFT_KNEE,0.5240666270256042,0.7319310307502747,-0.027028702199459076,0,0
55,RIGHT_KNEE,0.5836992263793945,0.7359877824783325,0.09521345794200897,0,0
55,LEFT_ANKLE,0.5206143856048584,0.8316348195075989,-0.03504176437854767,0,0
55,RIGHT_ANKLE,0.6059129238128662,0.8192810416221619,0.09682144969701767,0,0
55,LEFT_HEEL,0.5278211832046509,0.8490630984306335,-0.033887218683958054,0,0
55,RIGHT_HEEL,0.6115122437477112,0.8358648419380188,0.09790493547916412,0,0
55,LEFT_FOOT_INDEX,0.49836909770965576,0.850327730178833,-0.03844732046127319,0,0
55,RIGHT_FOOT_INDEX,0.5916627645492554,0.8249872326850891,0.0988905280828476,0,0
56,NOSE,0.5453882813453674,0.5026240944862366,0.07616246491670609,0,0
56,LEFT_EYE_INNER,0.5429989099502563,0.4970763623714447,0.056621138006448746,0,0
56,LEFT_EYE,0.5417553186416626,0.49768534302711487,0.05659108981490135,0,0
56,LEFT_EYE_OUTER,0.5404328107833862,0.49839794635772705,0.05658929422497749,0,0
56,RIGHT_EYE_INNER,0.5469655394554138,0.4951569139957428,0.06737945228815079,0,0
56,RIGHT_EYE,0.5484816431999207,0.4944869577884674,0.06737739592790604,0,0
56,RIGHT_EYE_OUTER,0.5501294732093811,0.4938620626926422,0.06733384728431702,0,0
56,LEFT_EAR,0.5396148562431335,0.5028925538063049,-0.012142759747803211,0,0
56,RIGHT_EAR,0.5545091032981873,0.49734723567962646,0.04082895815372467,0,0
56,MOUTH_LEFT,0.544162392616272,0.5095340013504028,0.05431971326470375,0,0
56,MOUTH_RIGHT,0.5477914810180664,0.5080100893974304,0.06756220012903214,0,0
56,LEFT_SHOULDER,0.5359643697738647,0.5504855513572693,-0.07030344754457474,0,0
56,RIGHT_SHOULDER,0.5716668367385864,0.5384660363197327,0.06079147756099701,0,0
56,LEFT_ELBOW,0.5399608612060547,0.6139464974403381,-0.07782827317714691,0,0
56,RIGHT_ELBOW,0.567093014717102,0.5674242377281189,0.14139516651630402,0,0
56,LEFT_WRIST,0.519932210445404,0.6151690483093262,-0.03874952718615532,0,0
56,RIGHT_WRIST,0.5573445558547974,0.5513801574707031,0.24208422005176544,0,0
56,LEFT_PINKY,0.5139737129211426,0.6171693801879883,-0.04186223819851875,0,0
56,RIGHT_PINKY,0.5570968389511108,0.5482579469680786,0.2617669999599457,0,0
56,LEFT_INDEX,0.5140821933746338,0.6103779673576355,-0.0411914624273777,0,0
56,RIGHT_INDEX,0.554689347743988,0.5448097586631775,0.26079505681991577,0,0
56,LEFT_THUMB,0.5160546898841858,0.6099549531936646,-0.0363452211022377,0,0
56,RIGHT_THUMB,0.5535239577293396,0.54656583070755,0.24426384270191193,0,0
56,LEFT_HIP,0.5540540814399719,0.6777536869049072,-0.041119590401649475,0,0
56,RIGHT_HIP,0.5764076113700867,0.6754762530326843,0.04095982760190964,0,0
56,LEFT_KNEE,0.5237888693809509,0.7441678643226624,-0.028343072161078453,0,0
56,RIGHT_KNEE,0.5838961005210876,0.7385857701301575,0.09850563108921051,0,0
56,LEFT_ANKLE,0.5192582607269287,0.843686044216156,-0.030142558738589287,0,0
56,RIGHT_ANKLE,0.6059789657592773,0.819295346736908,0.10806962847709656,0,0
56,LEFT_HEEL,0.5258088707923889,0.8596644997596741,-0.028602290898561478,0,0
56,RIGHT_HEEL,0.612224280834198,0.8360148072242737,0.10960301756858826,0,0
56,LEFT_FOOT_INDEX,0.49804505705833435,0.8554856181144714,-0.03684260696172714,0,0
56,RIGHT_FOOT_INDEX,0.5914798378944397,0.8254694938659668,0.10952682793140411,0,0
57,NOSE,0.5442701578140259,0.5027313828468323,0.1213553324341774,0,0
57,LEFT_EYE_INNER,0.5417361855506897,0.49693694710731506,0.1026386097073555,0,0
57,LEFT_EYE,0.5403636693954468,0.49747902154922485,0.10262179374694824,0,0
57,LEFT_EYE_OUTER,0.5388688445091248,0.49814775586128235,0.10259997844696045,0,0
57,RIGHT_EYE_INNER,0.5460056662559509,0.4952501058578491,0.11070271581411362,0,0
57,RIGHT_EYE,0.5475714802742004,0.4946509897708893,0.11069145053625107,0,0
57,RIGHT_EYE_OUTER,0.5492751002311707,0.49411407113075256,0.11064822226762772,0,0
57,LEFT_EAR,0.537409245967865,0.5029243230819702,0.03211638331413269,0,0
57,RIGHT_EAR,0.5532930493354797,0.4977467954158783,0.06769625842571259,0,0
57,MOUTH_LEFT,0.542557954788208,0.5096182823181152,0.09879710525274277,0,0
57,MOUTH_RIGHT,0.5466979146003723,0.5082802176475525,0.10854240506887436,0,0
57,LEFT_SHOULDER,0.5310428142547607,0.5501078367233276,-0.025176580995321274,0,0
57,RIGHT_SHOULDER,0.5710858106613159,0.5405311584472656,0.0812034085392952,0,0
57,LEFT_ELBOW,0.5347940921783447,0.6139593720436096,0.0035848021507263184,0,0
57,RIGHT_ELBOW,0.5697118639945984,0.5862223505973816,0.16333235800266266,0,0
57,LEFT_WRIST,0.5194339752197266,0.6144568920135498,0.09417781978845596,0,0
57,RIGHT_WRIST,0.5608314275741577,0.5713427662849426,0.2783600091934204,0,0
57,LEFT_PINKY,0.5129144191741943,0.6170236468315125,0.10194484144449234,0,0
57,RIGHT_PINKY,0.5601538419723511,0.5689398646354675,0.29918545484542847,0,0
57,LEFT_INDEX,0.5134610533714294,0.6102586388587952,0.10249792039394379,0,0
57,RIGHT_INDEX,0.5579137206077576,0.5656459331512451,0.30013856291770935,0,0
57,LEFT_THUMB,0.5157797336578369,0.6095386743545532,0.09811477363109589,0,0
57,RIGHT_THUMB,0.5571984648704529,0.5666816830635071,0.2814432978630066,0,0
57,LEFT_HIP,0.5505925416946411,0.6774860620498657,-0.03939510136842728,0,0
57,RIGHT_HIP,0.5747302770614624,0.6745643615722656,0.03923980891704559,0,0
57,LEFT_KNEE,0.5233530402183533,0.7484428882598877,-0.025849787518382072,0,0
57,RIGHT_KNEE,0.5837228894233704,0.7387738227844238,0.09329602867364883,0,0
57,LEFT_ANKLE,0.5195706486701965,0.8485801219940186,-0.051924366503953934,0,0
57,RIGHT_ANKLE,0.6053003668785095,0.818840742111206,0.0813824012875557,0,0
57,LEFT_HEEL,0.5256621241569519,0.8645340800285339,-0.052929554134607315,0,0
57,RIGHT_HEEL,0.6109952330589294,0.8359057903289795,0.08148740977048874,0,0
57,LEFT_FOOT_INDEX,0.49761122465133667,0.8579054474830627,-0.061111923307180405,0,0
57,RIGHT_FOOT_INDEX,0.5924481153488159,0.8256438374519348,0.07953470200300217,0,0
58,NOSE,0.5415279865264893,0.5027899742126465,0.11420919746160507,0,0
58,LEFT_EYE_INNER,0.5393144488334656,0.49670082330703735,0.09471223503351212,0,0
58,LEFT_EYE,0.5378784537315369,0.497181236743927,0.09470641613006592,0,0
58,LEFT_EYE_OUTER,0.5363652110099792,0.49778956174850464,0.09468134492635727,0,0
58,RIGHT_EYE_INNER,0.5438016057014465,0.4951916038990021,0.10125940293073654,0,0
58,RIGHT_EYE,0.5455042719841003,0.4946371614933014,0.10124680399894714,0,0
58,RIGHT_EYE_OUTER,0.5473520159721375,0.49416327476501465,0.1012066900730133,0,0
58,LEFT_EAR,0.5350078344345093,0.5024073123931885,0.026085233315825462,0,0
58,RIGHT_EAR,0.5515022277832031,0.4977641999721527,0.05492011457681656,0,0
58,MOUTH_LEFT,0.5396395325660706,0.5094496011734009,0.09272576123476028,0,0
58,MOUTH_RIGHT,0.5439398884773254,0.5085411071777344,0.10044143348932266,0,0
58,LEFT_SHOULDER,0.5269018411636353,0.5494382977485657,-0.02429880015552044,0,0
58,RIGHT_SHOULDER,0.5708500146865845,0.543664813041687,0.07014384120702744,0,0
58,LEFT_ELBOW,0.5278806686401367,0.6133579611778259,0.026709288358688354,0,0
58,RIGHT_ELBOW,0.5746936798095703,0.6003424525260925,0.1403803825378418,0,0
58,LEFT_WRIST,0.52112877368927,0.6137880682945251,0.14549994468688965,0,0
58,RIGHT_WRIST,0.5577182173728943,0.5990115404129028,0.24457186460494995,0,0
58,LEFT_PINKY,0.5141727924346924,0.6149776577949524,0.1576807051897049,0,0
58,RIGHT_PINKY,0.5547090768814087,0.5969159603118896,0.26398876309394836,0,0
58,LEFT_INDEX,0.5162268877029419,0.6072298884391785,0.1595650315284729,0,0
58,RIGHT_INDEX,0.5529635548591614,0.5977226495742798,0.26496005058288574,0,0
58,LEFT_THUMB,0.5182783007621765,0.6068218946456909,0.15001103281974792,0,0
58,RIGHT_THUMB,0.5530001521110535,0.5981200933456421,0.2474251240491867,0,0
58,LEFT_HIP,0.5457496047019958,0.6789625883102417,-0.038034215569496155,0,0
58,RIGHT_HIP,0.5725765228271484,0.6746505498886108,0.03785230964422226,0,0
58,LEFT_KNEE,0.5222734808921814,0.7483488917350769,-0.013078135438263416,0,0
58,RIGHT_KNEE,0.5835729241371155,0.738579511642456,0.10287289321422577,0,0
58,LEFT_ANKLE,0.519223153591156,0.8494969010353088,-0.03672470152378082,0,0
58,RIGHT_ANKLE,0.6044047474861145,0.8174790740013123,0.10953107476234436,0,0
58,LEFT_HEEL,0.5253150463104248,0.8660662770271301,-0.03638787567615509,0,0
58,RIGHT_HEEL,0.6098160147666931,0.8350213170051575,0.11160896718502045,0,0
58,LEFT_FOOT_INDEX,0.49787798523902893,0.8584775924682617,-0.02535267360508442,0,0
58,RIGHT_FOOT_INDEX,0.5936071276664734,0.8254059553146362,0.12040504813194275,0,0
59,NOSE,0.5407378077507019,0.5025877356529236,0.10452280193567276,0,0
59,LEFT_EYE_INNER,0.5384142398834229,0.4964542090892792,0.08471035957336426,0,0
59,LEFT_EYE,0.5370485782623291,0.49692031741142273,0.08469689637422562,0,0
59,LEFT_EYE_OUTER,0.5355895161628723,0.49751943349838257,0.08467117697000504,0,0
59,RIGHT_EYE_INNER,0.5427634716033936,0.4950181841850281,0.09049328416585922,0,0
59,RIGHT_EYE,0.5443276762962341,0.49448874592781067,0.09049320220947266,0,0
59,RIGHT_EYE_OUTER,0.5460434556007385,0.49404653906822205,0.09045180678367615,0,0
59,LEFT_EAR,0.5337463617324829,0.5021829605102539,0.017518414184451103,0,0
59,RIGHT_EAR,0.5498520135879517,0.49764642119407654,0.04327801614999771,0,0
59,MOUTH_LEFT,0.5386123657226562,0.5091893672943115,0.08347870409488678,0,0
59,MOUTH_RIGHT,0.5430145263671875,0.5083115100860596,0.09022590517997742,0,0
59,LEFT_SHOULDER,0.5226342678070068,0.549088180065155,-0.03002276085317135,0,0
59,RIGHT_SHOULDER,0.5699971318244934,0.5438913702964783,0.04315740615129471,0,0
59,LEFT_ELBOW,0.5212854146957397,0.6133785843849182,0.02188713289797306,0,0
59,RIGHT_ELBOW,0.5758537650108337,0.6038287878036499,0.10761724412441254,0,0
59,LEFT_WRIST,0.5193226933479309,0.6051823496818542,0.13709741830825806,0,0
59,RIGHT_WRIST,0.5566387176513672,0.6016997694969177,0.21766138076782227,0,0
59,LEFT_PINKY,0.515438437461853,0.6032131910324097,0.1488921195268631,0,0
59,RIGHT_PINKY,0.5527440309524536,0.5979288220405579,0.23849961161613464,0,0
59,LEFT_INDEX,0.5167810320854187,0.5952662229537964,0.15178151428699493,0,0
59,RIGHT_INDEX,0.551017701625824,0.5988909602165222,0.25369992852211,0,0
59,LEFT_THUMB,0.5187709927558899,0.59584641456604,0.14188829064369202,0,0
59,RIGHT_THUMB,0.5513976812362671,0.5996474027633667,0.2244548499584198,0,0
59,LEFT_HIP,0.5406726598739624,0.6814830899238586,-0.029391992837190628,0,0
59,RIGHT_HIP,0.5698182582855225,0.6759092807769775,0.029275139793753624,0,0
59,LEFT_KNEE,0.5195156335830688,0.7480550408363342,0.013850463554263115,0,0
59,RIGHT_KNEE,0.5835187435150146,0.7384433746337891,0.11183610558509827,0,0
59,LEFT_ANKLE,0.5189427733421326,0.8491741418838501,0.008961833082139492,0,0
59,RIGHT_ANKLE,0.6026001572608948,0.8168764710426331,0.1234220638871193,0,0
59,LEFT_HEEL,0.5251860022544861,0.8661082983016968,0.01095426082611084,0,0
59,RIGHT_HEEL,0.6046159267425537,0.833855152130127,0.12612752616405487,0,0
59,LEFT_FOOT_INDEX,0.4981042146682739,0.8580871224403381,0.018359260633587837,0,0
59,RIGHT_FOOT_INDEX,0.5962847471237183,0.8255283236503601,0.1377788633108139,0,0
60,NOSE,0.5402381420135498,0.5009565353393555,0.11311967670917511,0,0
60,LEFT_EYE_INNER,0.5378333330154419,0.49488723278045654,0.095718152821064,0,0
60,LEFT_EYE,0.5363433361053467,0.49518314003944397,0.09572135657072067,0,0
60,LEFT_EYE_OUTER,0.5348399877548218,0.4956406056880951,0.09568381309509277,0,0
60,RIGHT_EYE_INNER,0.542327344417572,0.493853360414505,0.09780583530664444,0,0
60,RIGHT_EYE,0.5439222455024719,0.49346092343330383,0.0978151485323906,0,0
60,RIGHT_EYE_OUTER,0.5455126166343689,0.49317672848701477,0.09777512401342392,0,0
60,LEFT_EAR,0.5329200029373169,0.4998844265937805,0.035628996789455414,0,0
60,RIGHT_EAR,0.5491872429847717,0.4972737729549408,0.04373813793063164,0,0
60,MOUTH_LEFT,0.5378909707069397,0.5076088905334473,0.0950421467423439,0,0
60,MOUTH_RIGHT,0.5427150130271912,0.5069636702537537,0.09699474275112152,0,0
60,LEFT_SHOULDER,0.5188420414924622,0.5468199253082275,-0.003406823379918933,0,0
60,RIGHT_SHOULDER,0.5687143206596375,0.543377697467804,0.03932519257068634,0,0
60,LEFT_ELBOW,0.51683109998703,0.6123714447021484,0.05502919480204582,0,0
60,RIGHT_ELBOW,0.57652348279953,0.6035740971565247,0.10065465420484543,0,0
60,LEFT_WRIST,0.5284087061882019,0.6052708625793457,0.16828562319278717,0,0
60,RIGHT_WRIST,0.5578020215034485,0.6015331745147705,0.21165314316749573,0,0
60,LEFT_PINKY,0.5354748964309692,0.5975465178489685,0.1812538504600525,0,0
60,RIGHT_PINKY,0.5534943342208862,0.600515604019165,0.23217593133449554,0,0
60,LEFT_INDEX,0.5355162024497986,0.5972881317138672,0.182490274310112,0,0
60,RIGHT_INDEX,0.5516977906227112,0.5963826775550842,0.24283570051193237,0,0
60,LEFT_THUMB,0.5362446308135986,0.5974135994911194,0.17187954485416412,0,0
60,RIGHT_THUMB,0.5524766445159912,0.596727192401886,0.2220108062028885,0,0
60,LEFT_HIP,0.5374626517295837,0.6804129481315613,-0.02052546851336956,0,0
60,RIGHT_HIP,0.5670362114906311,0.6756131052970886,0.02049240656197071,0,0
60,LEFT_KNEE,0.5179835557937622,0.7497228980064392,0.018176820129156113,0,0
60,RIGHT_KNEE,0.5822528004646301,0.7378572821617126,0.10225382447242737,0,0
60,LEFT_ANKLE,0.5193741321563721,0.849400520324707,0.02907247096300125,0,0
60,RIGHT_ANKLE,0.5995276570320129,0.816800594329834,0.13417915999889374,0,0
60,LEFT_HEEL,0.5251834392547607,0.8667400479316711,0.032537877559661865,0,0
60,RIGHT_HEEL,0.6008167266845703,0.8330931663513184,0.1391962468624115,0,0
60,LEFT_FOOT_INDEX,0.4986601769924164,0.8576250672340393,0.039727844297885895,0,0
60,RIGHT_FOOT_INDEX,0.5953419804573059,0.8252589702606201,0.1516851931810379,0,0
61,NOSE,0.5400110483169556,0.4973166584968567,0.1163494884967804,0,0
61,LEFT_EYE_INNER,0.5378089547157288,0.49139049649238586,0.09859523922204971,0,0
61,LEFT_EYE,0.5362861156463623,0.4915074110031128,0.0985979363322258,0,0
61,LEFT_EYE_OUTER,0.534758985042572,0.4917656183242798,0.09856058657169342,0,0
61,RIGHT_EYE_INNER,0.5423306226730347,0.4906769394874573,0.10041778534650803,0,0
61,RIGHT_EYE,0.5438390374183655,0.4903467893600464,0.10043282806873322,0,0
61,RIGHT_EYE_OUTER,0.5454175472259521,0.4901248514652252,0.10039247572422028,0,0
61,LEFT_EAR,0.5326178669929504,0.49516239762306213,0.036965109407901764,0,0
61,RIGHT_EAR,0.5489955544471741,0.4945800304412842,0.043803922832012177,0,0
61,MOUTH_LEFT,0.537504255771637,0.5029306411743164,0.09789843112230301,0,0
61,MOUTH_RIGHT,0.5424862504005432,0.5025333762168884,0.09954219311475754,0,0
61,LEFT_SHOULDER,0.5183337330818176,0.5417675375938416,-0.0018860944546759129,0,0
61,RIGHT_SHOULDER,0.5678967237472534,0.5428128838539124,0.0353400744497776,0,0
61,LEFT_ELBOW,0.5140056610107422,0.6116913557052612,0.05673082172870636,0,0
61,RIGHT_ELBOW,0.5771356225013733,0.6056873202323914,0.09363937377929688,0,0
61,LEFT_WRIST,0.5281055569648743,0.6018781661987305,0.16660572588443756,0,0
61,RIGHT_WRIST,0.5568923950195312,0.5993214249610901,0.1945771723985672,0,0
61,LEFT_PINKY,0.5341518521308899,0.5903124809265137,0.18014083802700043,0,0
61,RIGHT_PINKY,0.552535355091095,0.5969277620315552,0.21137642860412598,0,0
61,LEFT_INDEX,0.5352382659912109,0.5862599015235901,0.18128365278244019,0,0
61,RIGHT_INDEX,0.5508338809013367,0.5951126217842102,0.21684414148330688,0,0
61,LEFT_THUMB,0.534633219242096,0.5871968269348145,0.17029446363449097,0,0
61,RIGHT_THUMB,0.5515082478523254,0.593196451663971,0.20001031458377838,0,0
61,LEFT_HIP,0.5345944762229919,0.679755687713623,-0.016541043296456337,0,0
61,RIGHT_HIP,0.5641230344772339,0.6741571426391602,0.0165229681879282,0,0
61,LEFT_KNEE,0.5169805884361267,0.749862790107727,0.016484249383211136,0,0
61,RIGHT_KNEE,0.5796838402748108,0.7366418838500977,0.09633208811283112,0,0
61,LEFT_ANKLE,0.519748330116272,0.8493145108222961,0.027686506509780884,0,0
61,RIGHT_ANKLE,0.5972877144813538,0.8201785087585449,0.12151067703962326,0,0
61,LEFT_HEEL,0.5254176259040833,0.8667956590652466,0.03115024045109749,0,0
61,RIGHT_HEEL,0.5975351333618164,0.8371685743331909,0.12585705518722534,0,0
61,LEFT_FOOT_INDEX,0.49886688590049744,0.8590822815895081,0.03971916809678078,0,0
61,RIGHT_FOOT_INDEX,0.5970048904418945,0.8255992531776428,0.13779963552951813,0,0
62,NOSE,0.5403698682785034,0.4930150806903839,0.11806934326887131,0,0
62,LEFT_EYE_INNER,0.5382563471794128,0.48691508173942566,0.1001458466053009,0,0
62,LEFT_EYE,0.5366793870925903,0.486957848072052,0.10014437884092331,0,0
62,LEFT_EYE_OUTER,0.5350658297538757,0.4871841371059418,0.10010779649019241,0,0
62,RIGHT_EYE_INNER,0.5426080822944641,0.4866162836551666,0.10164062678813934,0,0
62,RIGHT_EYE,0.5440590977668762,0.4863864481449127,0.10165701061487198,0,0
62,RIGHT_EYE_OUTER,0.545541524887085,0.48626142740249634,0.10160931944847107,0,0
62,LEFT_EAR,0.5327081680297852,0.49104875326156616,0.03833208233118057,0,0
62,RIGHT_EAR,0.5491247177124023,0.4906157851219177,0.043881937861442566,0,0
62,MOUTH_LEFT,0.5378434658050537,0.49852171540260315,0.09966454654932022,0,0
62,MOUTH_RIGHT,0.5428897738456726,0.49822917580604553,0.10100205987691879,0,0
62,LEFT_SHOULDER,0.5168777108192444,0.5368316173553467,0.0035905393306165934,0,0
62,RIGHT_SHOULDER,0.568033754825592,0.5359207987785339,0.03119288943707943,0,0
62,LEFT_ELBOW,0.5112192630767822,0.6095560193061829,0.06350770592689514,0,0
62,RIGHT_ELBOW,0.5780089497566223,0.6008995771408081,0.09180507063865662,0,0
62,LEFT_WRIST,0.5245386362075806,0.5942448973655701,0.17655430734157562,0,0
62,RIGHT_WRIST,0.5569347143173218,0.5930757522583008,0.19742725789546967,0,0
62,LEFT_PINKY,0.5307253003120422,0.5810873508453369,0.1923486590385437,0,0
62,RIGHT_PINKY,0.5522585511207581,0.5909677743911743,0.2148095965385437,0,0
62,LEFT_INDEX,0.5317975878715515,0.5811046957969666,0.19446752965450287,0,0
62,RIGHT_INDEX,0.5506522059440613,0.5878376960754395,0.21777059137821198,0,0
62,LEFT_THUMB,0.5322262644767761,0.5825335383415222,0.18088236451148987,0,0
62,RIGHT_THUMB,0.5514770150184631,0.5869728326797485,0.20188704133033752,0,0
62,LEFT_HIP,0.5333350300788879,0.673646867275238,-0.010503208264708519,0,0
62,RIGHT_HIP,0.5626742839813232,0.6668176651000977,0.010471200570464134,0,0
62,LEFT_KNEE,0.5170029401779175,0.7480558156967163,0.009580210782587528,0,0
62,RIGHT_KNEE,0.5771205425262451,0.7354912757873535,0.06805543601512909,0,0
62,LEFT_ANKLE,0.5194427371025085,0.8481259346008301,0.015058446675539017,0,0
62,RIGHT_ANKLE,0.5939844846725464,0.8257129192352295,0.08236303925514221,0,0
62,LEFT_HEEL,0.5249906182289124,0.8654264807701111,0.01767764426767826,0,0
62,RIGHT_HEEL,0.5925003290176392,0.8434655666351318,0.08555062860250473,0,0
62,LEFT_FOOT_INDEX,0.4987318813800812,0.8583904504776001,0.023750552907586098,0,0
62,RIGHT_FOOT_INDEX,0.59752357006073,0.8302041292190552,0.10033202171325684,0,0
63,NOSE,0.5401022434234619,0.48946627974510193,0.12953084707260132,0,0
63,LEFT_EYE_INNER,0.538148045539856,0.48331931233406067,0.11046257615089417,0,0
63,LEFT_EYE,0.5365384221076965,0.48338550329208374,0.11047390103340149,0,0
63,LEFT_EYE_OUTER,0.5348672270774841,0.48360303044319153,0.11044728010892868,0,0
63,RIGHT_EYE_INNER,0.5424031019210815,0.4831558167934418,0.11354969441890717,0,0
63,RIGHT_EYE,0.5438306927680969,0.4830321669578552,0.11356432735919952,0,0
63,RIGHT_EYE_OUTER,0.5452964901924133,0.4829969108104706,0.11351855099201202,0,0
63,LEFT_EAR,0.5326858162879944,0.4876101315021515,0.04407452791929245,0,0
63,RIGHT_EAR,0.5489986538887024,0.4873717129230499,0.05595169961452484,0,0
63,MOUTH_LEFT,0.5375446677207947,0.4950185716152191,0.10938683897256851,0,0
63,MOUTH_RIGHT,0.5425325632095337,0.4948297142982483,0.11271321028470993,0,0
63,LEFT_SHOULDER,0.5170923471450806,0.5318683385848999,0.002778783440589905,0,0
63,RIGHT_SHOULDER,0.567895770072937,0.5333952307701111,0.03229810670018196,0,0
63,LEFT_ELBOW,0.5108000040054321,0.6020390391349792,0.06118986755609512,0,0
63,RIGHT_ELBOW,0.5787647366523743,0.5992169380187988,0.09801389276981354,0,0
63,LEFT_WRIST,0.5221956968307495,0.5968799591064453,0.17197586596012115,0,0
63,RIGHT_WRIST,0.5564119219779968,0.6001853942871094,0.20433899760246277,0,0
63,LEFT_PINKY,0.5270497798919678,0.5835882425308228,0.186200812458992,0,0
63,RIGHT_PINKY,0.5518769025802612,0.6009830832481384,0.22294101119041443,0,0
63,LEFT_INDEX,0.530424177646637,0.5858657956123352,0.18810223042964935,0,0
63,RIGHT_INDEX,0.5503007173538208,0.5952997207641602,0.2248731404542923,0,0
63,LEFT_THUMB,0.5313899517059326,0.5868515968322754,0.1761280745267868,0,0
63,RIGHT_THUMB,0.5510997176170349,0.594078004360199,0.20835334062576294,0,0
63,LEFT_HIP,0.5321556925773621,0.669527530670166,-0.014657502993941307,0,0
63,RIGHT_HIP,0.5615952014923096,0.6635213494300842,0.014590559527277946,0,0
63,LEFT_KNEE,0.5159476399421692,0.7469763159751892,0.009035078808665276,0,0
63,RIGHT_KNEE,0.5746816992759705,0.7351201176643372,0.06687653064727783,0,0
63,LEFT_ANKLE,0.5189853310585022,0.8476617336273193,0.00913568027317524,0,0
63,RIGHT_ANKLE,0.5891772508621216,0.8316417336463928,0.06741829961538315,0,0
63,LEFT_HEEL,0.5241692662239075,0.8645422458648682,0.011597811244428158,0,0
63,RIGHT_HEEL,0.5869712233543396,0.8493344187736511,0.06883945316076279,0,0
63,LEFT_FOOT_INDEX,0.49863317608833313,0.8581522107124329,0.017254360020160675,0,0
63,RIGHT_FOOT_INDEX,0.5926281809806824,0.8380801677703857,0.07966463267803192,0,0
64,NOSE,0.5407426357269287,0.4858192801475525,0.12802079319953918,0,0
64,LEFT_EYE_INNER,0.5387411713600159,0.4796861410140991,0.10982823371887207,0,0
64,LEFT_EYE,0.5371952652931213,0.4798144996166229,0.1098434254527092,0,0
64,LEFT_EYE_OUTER,0.5355693697929382,0.48009464144706726,0.10981998592615128,0,0
64,RIGHT_EYE_INNER,0.5429826974868774,0.4792279899120331,0.11205682158470154,0,0
64,RIGHT_EYE,0.5444092154502869,0.47900113463401794,0.11207396537065506,0,0
64,RIGHT_EYE_OUTER,0.5459356307983398,0.478818416595459,0.11203456670045853,0,0
64,LEFT_EAR,0.5333932638168335,0.48428136110305786,0.04561424255371094,0,0
64,RIGHT_EAR,0.5494556427001953,0.48302894830703735,0.054622527211904526,0,0
64,MOUTH_LEFT,0.5383861660957336,0.49179038405418396,0.10863608866930008,0,0
64,MOUTH_RIGHT,0.5432477593421936,0.4913466274738312,0.1110241487622261,0,0
64,LEFT_SHOULDER,0.5169606804847717,0.5293856859207153,0.0106090372428298,0,0
64,RIGHT_SHOULDER,0.5679790377616882,0.5308981537818909,0.03362276405096054,0,0
64,LEFT_ELBOW,0.5097449421882629,0.5989602208137512,0.07035066932439804,0,0
64,RIGHT_ELBOW,0.5793179869651794,0.5982398390769958,0.09373971819877625,0,0
64,LEFT_WRIST,0.5233272314071655,0.5982730984687805,0.17930220067501068,0,0
64,RIGHT_WRIST,0.556873619556427,0.5971194505691528,0.19863924384117126,0,0
64,LEFT_PINKY,0.5282526612281799,0.590717613697052,0.19585789740085602,0,0
64,RIGHT_PINKY,0.5518971085548401,0.5971418023109436,0.21739646792411804,0,0
64,LEFT_INDEX,0.5329115390777588,0.5886615514755249,0.19634149968624115,0,0
64,RIGHT_INDEX,0.5508149266242981,0.5911979675292969,0.2194717526435852,0,0
64,LEFT_THUMB,0.5333442091941833,0.588325560092926,0.18288551270961761,0,0
64,RIGHT_THUMB,0.5518710017204285,0.590267539024353,0.20254220068454742,0,0
64,LEFT_HIP,0.5300948619842529,0.666695237159729,-0.006433948874473572,0,0
64,RIGHT_HIP,0.5599930286407471,0.6614797115325928,0.0063414620235562325,0,0
64,LEFT_KNEE,0.5146493315696716,0.7451450824737549,0.015587794594466686,0,0
64,RIGHT_KNEE,0.5730333924293518,0.7346709370613098,0.056415993720293045,0,0
64,LEFT_ANKLE,0.5169758796691895,0.8454647064208984,0.007660388480871916,0,0
64,RIGHT_ANKLE,0.5838409662246704,0.837554395198822,0.039151839911937714,0,0
64,LEFT_HEEL,0.5229535102844238,0.8624534606933594,0.010289167985320091,0,0
64,RIGHT_HEEL,0.5806294083595276,0.8548879027366638,0.038566287606954575,0,0
64,LEFT_FOOT_INDEX,0.4981387257575989,0.85797119140625,0.015158388763666153,0,0
64,RIGHT_FOOT_INDEX,0.5922796130180359,0.8516485095024109,0.046162329614162445,0,0
65,NOSE,0.5411813855171204,0.48557043075561523,0.13479289412498474,0,0
65,LEFT_EYE_INNER,0.5391452312469482,0.4795095920562744,0.11724016070365906,0,0
65,LEFT_EYE,0.5376135110855103,0.4796058237552643,0.11726431548595428,0,0
65,LEFT_EYE_OUTER,0.5360020399093628,0.47985437512397766,0.11724445223808289,0,0
65,RIGHT_EYE_INNER,0.5433988571166992,0.4789929986000061,0.11929094046354294,0,0
65,RIGHT_EYE,0.544838547706604,0.4786692261695862,0.11930306255817413,0,0
65,RIGHT_EYE_OUTER,0.5463756322860718,0.47837868332862854,0.11926169693470001,0,0
65,LEFT_EAR,0.5337703227996826,0.48371854424476624,0.0530591644346714,0,0
65,RIGHT_EAR,0.5498691201210022,0.48228996992111206,0.06144925579428673,0,0
65,MOUTH_LEFT,0.5388825535774231,0.49176737666130066,0.11522737145423889,0,0
65,MOUTH_RIGHT,0.5436796545982361,0.491383820772171,0.11753185093402863,0,0
65,LEFT_SHOULDER,0.5171749591827393,0.527237594127655,0.019797515124082565,0,0
65,RIGHT_SHOULDER,0.568137526512146,0.5295854210853577,0.03682694211602211,0,0
65,LEFT_ELBOW,0.5105413198471069,0.5994736552238464,0.07854988425970078,0,0
65,RIGHT_ELBOW,0.5792182087898254,0.5982949137687683,0.09776825457811356,0,0
65,LEFT_WRIST,0.525676429271698,0.5994802117347717,0.19003692269325256,0,0
65,RIGHT_WRIST,0.5566473007202148,0.5985673666000366,0.20264315605163574,0,0
65,LEFT_PINKY,0.5349252223968506,0.5932275652885437,0.20763768255710602,0,0
65,RIGHT_PINKY,0.5517364144325256,0.6021570563316345,0.22294208407402039,0,0
65,LEFT_INDEX,0.537311315536499,0.5902132987976074,0.20841017365455627,0,0
65,RIGHT_INDEX,0.550581157207489,0.5955340266227722,0.2241046279668808,0,0
65,LEFT_THUMB,0.5356327295303345,0.5900188684463501,0.19378520548343658,0,0
65,RIGHT_THUMB,0.5515276789665222,0.5941042900085449,0.20645245909690857,0,0
65,LEFT_HIP,0.5297666192054749,0.6642221808433533,-0.0030522027518600225,0,0
65,RIGHT_HIP,0.5599945187568665,0.6614103317260742,0.002938853343948722,0,0
65,LEFT_KNEE,0.5118697881698608,0.740490198135376,0.024146415293216705,0,0
65,RIGHT_KNEE,0.5710455775260925,0.7350606322288513,0.04957547038793564,0,0
65,LEFT_ANKLE,0.5130072832107544,0.8428325057029724,-0.012806282378733158,0,0
65,RIGHT_ANKLE,0.5774106383323669,0.8421176671981812,-0.0004894295707345009,0,0
65,LEFT_HEEL,0.5186125040054321,0.8607109189033508,-0.015213564969599247,0,0
65,RIGHT_HEEL,0.5743506550788879,0.8582412600517273,-0.0047190990298986435,0,0
65,LEFT_FOOT_INDEX,0.4973495602607727,0.8577606081962585,-0.00953069981187582,0,0
65,RIGHT_FOOT_INDEX,0.5881339907646179,0.8630245923995972,-0.0025745907332748175,0,0
66,NOSE,0.5413529276847839,0.48554903268814087,0.1491716504096985,0,0
66,LEFT_EYE_INNER,0.5392201542854309,0.47905251383781433,0.13257881999015808,0,0
66,LEFT_EYE,0.5377401113510132,0.4791087508201599,0.13259917497634888,0,0
66,LEFT_EYE_OUTER,0.536162793636322,0.47932785749435425,0.13258318603038788,0,0
66,RIGHT_EYE_INNER,0.5434292554855347,0.4787551760673523,0.13397596776485443,0,0
66,RIGHT_EYE,0.544944167137146,0.47855302691459656,0.13398613035678864,0,0
66,RIGHT_EYE_OUTER,0.546566367149353,0.478379487991333,0.1339416354894638,0,0
66,LEFT_EAR,0.5340560078620911,0.483303040266037,0.07014842331409454,0,0
66,RIGHT_EAR,0.5500982403755188,0.48257583379745483,0.07592283934354782,0,0
66,MOUTH_LEFT,0.5391066670417786,0.4916784167289734,0.1301828771829605,0,0
66,MOUTH_RIGHT,0.5437642335891724,0.4916362166404724,0.13170309364795685,0,0
66,LEFT_SHOULDER,0.5174458622932434,0.5271247625350952,0.03952153027057648,0,0
66,RIGHT_SHOULDER,0.5681638121604919,0.5302608609199524,0.043413084000349045,0,0
66,LEFT_ELBOW,0.5100945830345154,0.5999412536621094,0.09622441232204437,0,0
66,RIGHT_ELBOW,0.57890784740448,0.6005319952964783,0.10301565378904343,0,0
66,LEFT_WRIST,0.5255168080329895,0.5997899770736694,0.2026907354593277,0,0
66,RIGHT_WRIST,0.5565704703330994,0.6003819108009338,0.21292953193187714,0,0
66,LEFT_PINKY,0.5338121056556702,0.5969405770301819,0.22127996385097504,0,0
66,RIGHT_PINKY,0.5517023801803589,0.6034643650054932,0.2331947684288025,0,0
66,LEFT_INDEX,0.5349652767181396,0.5921637415885925,0.22070790827274323,0,0
66,RIGHT_INDEX,0.5505020022392273,0.5978168249130249,0.23451103270053864,0,0
66,LEFT_THUMB,0.5344530344009399,0.5919989347457886,0.20604649186134338,0,0
66,RIGHT_THUMB,0.5513809323310852,0.5963236689567566,0.21692878007888794,0,0
66,LEFT_HIP,0.5281217694282532,0.6642926335334778,0.003378217341378331,0,0
66,RIGHT_HIP,0.5597470998764038,0.6621739268302917,-0.003547490108758211,0,0
66,LEFT_KNEE,0.509456217288971,0.7341873645782471,0.034726936370134354,0,0
66,RIGHT_KNEE,0.569033682346344,0.7356441020965576,0.044994618743658066,0,0
66,LEFT_ANKLE,0.5072565674781799,0.8405069708824158,-0.023292379453778267,0,0
66,RIGHT_ANKLE,0.5714741945266724,0.847434401512146,-0.029577789828181267,0,0
66,LEFT_HEEL,0.5108473896980286,0.8597539663314819,-0.02804175764322281,0,0
66,RIGHT_HEEL,0.567173421382904,0.8616120219230652,-0.036634936928749084,0,0
66,LEFT_FOOT_INDEX,0.49749019742012024,0.855893075466156,-0.019730014726519585,0,0
66,RIGHT_FOOT_INDEX,0.5822809338569641,0.8726668953895569,-0.03533841297030449,0,0
67,NOSE,0.543225109577179,0.4863850772380829,0.1512380689382553,0,0
67,LEFT_EYE_INNER,0.5412262678146362,0.4795549809932709,0.13514043390750885,0,0
67,LEFT_EYE,0.5397059321403503,0.4795437157154083,0.13515301048755646,0,0
67,LEFT_EYE_OUTER,0.5380344390869141,0.47969913482666016,0.13512848317623138,0,0
67,RIGHT_EYE_INNER,0.5458043813705444,0.47943058609962463,0.13608883321285248,0,0
67,RIGHT_EYE,0.5475098490715027,0.47927579283714294,0.1361013799905777,0,0
67,RIGHT_EYE_OUTER,0.5494000911712646,0.47913858294487,0.13606329262256622,0,0
67,LEFT_EAR,0.535331130027771,0.48393696546554565,0.0735039934515953,0,0
67,RIGHT_EAR,0.5518282651901245,0.4835038483142853,0.07763992995023727,0,0
67,MOUTH_LEFT,0.5410058498382568,0.49248719215393066,0.13249386847019196,0,0
67,MOUTH_RIGHT,0.5460906624794006,0.4925786852836609,0.13356469571590424,0,0
67,LEFT_SHOULDER,0.5174219608306885,0.5287562012672424,0.047408659011125565,0,0
67,RIGHT_SHOULDER,0.5696499347686768,0.5308006405830383,0.044023867696523666,0,0
67,LEFT_ELBOW,0.5108835697174072,0.600731372833252,0.10889498144388199,0,0
67,RIGHT_ELBOW,0.5784168243408203,0.6054199934005737,0.10559461265802383,0,0
67,LEFT_WRIST,0.5262508988380432,0.601184606552124,0.21910406649112701,0,0
67,RIGHT_WRIST,0.5561767220497131,0.6063757538795471,0.2186674326658249,0,0
67,LEFT_PINKY,0.5320799946784973,0.6005502939224243,0.23813913762569427,0,0
67,RIGHT_PINKY,0.5513594746589661,0.6087878942489624,0.23834213614463806,0,0
67,LEFT_INDEX,0.5357164740562439,0.5952621102333069,0.23685108125209808,0,0
67,RIGHT_INDEX,0.5501107573509216,0.6034339666366577,0.23969969153404236,0,0
67,LEFT_THUMB,0.535647988319397,0.5953971147537231,0.22223757207393646,0,0
67,RIGHT_THUMB,0.5510236024856567,0.6021279096603394,0.2226472944021225,0,0
67,LEFT_HIP,0.5262554883956909,0.6645751595497131,0.008367004804313183,0,0
67,RIGHT_HIP,0.559326708316803,0.6674203872680664,-0.008542925119400024,0,0
67,LEFT_KNEE,0.507080614566803,0.7351118922233582,0.048596806824207306,0,0
67,RIGHT_KNEE,0.5679019093513489,0.740056574344635,0.05467591807246208,0,0
67,LEFT_ANKLE,0.5012544989585876,0.840197741985321,-0.015879763290286064,0,0
67,RIGHT_ANKLE,0.5680873394012451,0.8542870283126831,-0.007059675641357899,0,0
67,LEFT_HEEL,0.5018174648284912,0.8599717020988464,-0.015710754320025444,0,0
67,RIGHT_HEEL,0.5627627968788147,0.8689383864402771,-0.012809754349291325,0,0
67,LEFT_FOOT_INDEX,0.4976140558719635,0.8511795997619629,-0.010837172158062458,0,0
67,RIGHT_FOOT_INDEX,0.5809013843536377,0.8773816823959351,-0.0069617643021047115,0,0
68,NOSE,0.5448532700538635,0.489755243062973,0.16497357189655304,0,0
68,LEFT_EYE_INNER,0.5429716110229492,0.4823399782180786,0.14907391369342804,0,0
68,LEFT_EYE,0.5415642261505127,0.4819272756576538,0.14909188449382782,0,0
68,LEFT_EYE_OUTER,0.5400301814079285,0.4816588759422302,0.14906994998455048,0,0
68,RIGHT_EYE_INNER,0.5473365783691406,0.48315683007240295,0.14944958686828613,0,0
68,RIGHT_EYE,0.5489480495452881,0.4832826256752014,0.14946086704730988,0,0
68,RIGHT_EYE_OUTER,0.5507766008377075,0.48336854577064514,0.14942972362041473,0,0
68,LEFT_EAR,0.5373117923736572,0.48570358753204346,0.08540957421064377,0,0
68,RIGHT_EAR,0.5530377626419067,0.48711061477661133,0.08714623749256134,0,0
68,MOUTH_LEFT,0.5429931282997131,0.49516433477401733,0.14524425566196442,0,0
68,MOUTH_RIGHT,0.5477328896522522,0.4966137409210205,0.14565856754779816,0,0
68,LEFT_SHOULDER,0.5180714726448059,0.5324721336364746,0.06070428714156151,0,0
68,RIGHT_SHOULDER,0.5710496306419373,0.5350724458694458,0.04458998888731003,0,0
68,LEFT_ELBOW,0.5116338133811951,0.6053810119628906,0.11578146368265152,0,0
68,RIGHT_ELBOW,0.5781629085540771,0.6102439761161804,0.10414435714483261,0,0
68,LEFT_WRIST,0.5273153781890869,0.6129257678985596,0.21246005594730377,0,0
68,RIGHT_WRIST,0.5556814074516296,0.6145116686820984,0.20975875854492188,0,0
68,LEFT_PINKY,0.5318821668624878,0.6154659390449524,0.22857624292373657,0,0
68,RIGHT_PINKY,0.5506207346916199,0.6164482831954956,0.22516296803951263,0,0
68,LEFT_INDEX,0.5368866324424744,0.6104225516319275,0.22609585523605347,0,0
68,RIGHT_INDEX,0.5494197010993958,0.6127914786338806,0.2249949723482132,0,0
68,LEFT_THUMB,0.5364295244216919,0.6033536791801453,0.21432271599769592,0,0
68,RIGHT_THUMB,0.5502216219902039,0.6113400459289551,0.21266314387321472,0,0
68,LEFT_HIP,0.5255812406539917,0.6678310632705688,0.014112836681306362,0,0
68,RIGHT_HIP,0.5581172108650208,0.6733854413032532,-0.014258905313909054,0,0
68,LEFT_KNEE,0.5048972964286804,0.73759526014328,0.04243866726756096,0,0
68,RIGHT_KNEE,0.5670545697212219,0.7476761937141418,0.04194819554686546,0,0
68,LEFT_ANKLE,0.49435800313949585,0.841840922832489,-0.011548439040780067,0,0
68,RIGHT_ANKLE,0.5671891570091248,0.8613724708557129,-0.014962304383516312,0,0
68,LEFT_HEEL,0.4954838454723358,0.8622678518295288,-0.01352855283766985,0,0
68,RIGHT_HEEL,0.5623979568481445,0.8784074783325195,-0.020021239295601845,0,0
68,LEFT_FOOT_INDEX,0.49149858951568604,0.8525418639183044,-0.007947222329676151,0,0
68,RIGHT_FOOT_INDEX,0.5821253061294556,0.8782707452774048,-0.01668151095509529,0,0
69,NOSE,0.5464295148849487,0.4949757754802704,0.1789979487657547,0,0
69,LEFT_EYE_INNER,0.544512927532196,0.48726794123649597,0.16287310421466827,0,0
69,LEFT_EYE,0.5431285500526428,0.48670536279678345,0.1628984808921814,0,0
69,LEFT_EYE_OUTER,0.5416721105575562,0.4862559139728546,0.16287419199943542,0,0
69,RIGHT_EYE_INNER,0.5488755702972412,0.48855844140052795,0.16311073303222656,0,0
69,RIGHT_EYE,0.5504434108734131,0.48881062865257263,0.16312573850154877,0,0
69,RIGHT_EYE_OUTER,0.55219566822052,0.4890466332435608,0.16309881210327148,0,0
69,LEFT_EAR,0.5392440557479858,0.490828275680542,0.09836231172084808,0,0
69,RIGHT_EAR,0.5540066957473755,0.49254071712493896,0.09981796890497208,0,0
69,MOUTH_LEFT,0.5446732640266418,0.5007445216178894,0.1591898500919342,0,0
69,MOUTH_RIGHT,0.549292266368866,0.5027989745140076,0.15950186550617218,0,0
69,LEFT_SHOULDER,0.5185325145721436,0.5371378064155579,0.07856699824333191,0,0
69,RIGHT_SHOULDER,0.571672797203064,0.5405877828598022,0.04923196882009506,0,0
69,LEFT_ELBOW,0.5119202733039856,0.6093748807907104,0.13207896053791046,0,0
69,RIGHT_ELBOW,0.578119158744812,0.619101881980896,0.104091577231884,0,0
69,LEFT_WRIST,0.5272164940834045,0.6228816509246826,0.22352290153503418,0,0
69,RIGHT_WRIST,0.5558946132659912,0.6282728314399719,0.19922862946987152,0,0
69,LEFT_PINKY,0.5312834978103638,0.6275407075881958,0.23955605924129486,0,0
69,RIGHT_PINKY,0.5506437420845032,0.634354293346405,0.21235427260398865,0,0
69,LEFT_INDEX,0.5361796617507935,0.62309330701828,0.23738016188144684,0,0
69,RIGHT_INDEX,0.5492830872535706,0.627806544303894,0.21195220947265625,0,0
69,LEFT_THUMB,0.5361647009849548,0.6200371980667114,0.2252885401248932,0,0
69,RIGHT_THUMB,0.5501759052276611,0.6253342032432556,0.20168893039226532,0,0
69,LEFT_HIP,0.5238789916038513,0.6720388531684875,0.018551016226410866,0,0
69,RIGHT_HIP,0.5558425784111023,0.6775710582733154,-0.018680162727832794,0,0
69,LEFT_KNEE,0.503220796585083,0.7467849254608154,0.03682516887784004,0,0
69,RIGHT_KNEE,0.566436231136322,0.7522258162498474,0.025334298610687256,0,0
69,LEFT_ANKLE,0.4867422878742218,0.848375141620636,-0.013833543285727501,0,0
69,RIGHT_ANKLE,0.5662319660186768,0.8634425401687622,-0.025166252627968788,0,0
69,LEFT_HEEL,0.48688796162605286,0.8666864633560181,-0.017605425789952278,0,0
69,RIGHT_HEEL,0.5611591935157776,0.8810953497886658,-0.029462838545441628,0,0
69,LEFT_FOOT_INDEX,0.4869764745235443,0.8573514819145203,-0.01377561129629612,0,0
69,RIGHT_FOOT_INDEX,0.5826237797737122,0.8791605830192566,-0.026229161769151688,0,0
70,NOSE,0.5480190515518188,0.5017440915107727,0.17785046994686127,0,0
70,LEFT_EYE_INNER,0.546026349067688,0.4943975508213043,0.16209669411182404,0,0
70,LEFT_EYE,0.5445522665977478,0.493959903717041,0.16211669147014618,0,0
70,LEFT_EYE_OUTER,0.5430189371109009,0.49369022250175476,0.1620941460132599,0,0
70,RIGHT_EYE_INNER,0.5504420399665833,0.4955049753189087,0.1613394320011139,0,0
70,RIGHT_EYE,0.5519620180130005,0.4957648515701294,0.16136516630649567,0,0
70,RIGHT_EYE_OUTER,0.5536237359046936,0.4959944486618042,0.16134017705917358,0,0
70,LEFT_EAR,0.5403547286987305,0.4976334273815155,0.09928859770298004,0,0
70,RIGHT_EAR,0.554801881313324,0.4986569881439209,0.09613755345344543,0,0
70,MOUTH_LEFT,0.5458722710609436,0.5076724290847778,0.1584661304950714,0,0
70,MOUTH_RIGHT,0.5505198836326599,0.5093972682952881,0.15750737488269806,0,0
70,LEFT_SHOULDER,0.5186706185340881,0.5445743799209595,0.08000516891479492,0,0
70,RIGHT_SHOULDER,0.5716021656990051,0.5467354655265808,0.04483385384082794,0,0
70,LEFT_ELBOW,0.5120471715927124,0.6102356910705566,0.11399352550506592,0,0
70,RIGHT_ELBOW,0.5762007832527161,0.6245051622390747,0.07211438566446304,0,0
70,LEFT_WRIST,0.5274630188941956,0.630439817905426,0.20948776602745056,0,0
70,RIGHT_WRIST,0.5560694932937622,0.6358569264411926,0.12347950786352158,0,0
70,LEFT_PINKY,0.5312687754631042,0.6369577050209045,0.20020262897014618,0,0
70,RIGHT_PINKY,0.5506948828697205,0.6437586545944214,0.12849706411361694,0,0
70,LEFT_INDEX,0.5369657874107361,0.6322822570800781,0.1960831731557846,0,0
70,RIGHT_INDEX,0.5492169857025146,0.6369383931159973,0.12789197266101837,0,0
70,LEFT_THUMB,0.5371599793434143,0.6291391849517822,0.19688360393047333,0,0
70,RIGHT_THUMB,0.5501299500465393,0.6347552537918091,0.12437503784894943,0,0
70,LEFT_HIP,0.521358847618103,0.6755235195159912,0.027283500880002975,0,0
70,RIGHT_HIP,0.5525070428848267,0.6796790957450867,-0.027331143617630005,0,0
70,LEFT_KNEE,0.5035014152526855,0.7550345063209534,0.03274066001176834,0,0
70,RIGHT_KNEE,0.5657848715782166,0.7583625912666321,-0.004190980922430754,0,0
70,LEFT_ANKLE,0.4811062514781952,0.8542908430099487,0.009208409115672112,0,0
70,RIGHT_ANKLE,0.5647847056388855,0.8687416315078735,-0.021540921181440353,0,0
70,LEFT_HEEL,0.4801473021507263,0.8709747195243835,0.008009592071175575,0,0
70,RIGHT_HEEL,0.5592829585075378,0.8875840902328491,-0.02275797352194786,0,0
70,LEFT_FOOT_INDEX,0.4834764897823334,0.8624752163887024,0.00538260443136096,0,0
70,RIGHT_FOOT_INDEX,0.5828702449798584,0.8800522089004517,-0.023873919621109962,0,0
71,NOSE,0.5496934652328491,0.5065580010414124,0.16377656161785126,0,0
71,LEFT_EYE_INNER,0.5474609732627869,0.49925315380096436,0.1484810709953308,0,0
71,LEFT_EYE,0.5459322333335876,0.49879366159439087,0.14849533140659332,0,0
71,LEFT_EYE_OUTER,0.5444005131721497,0.4984661638736725,0.14847978949546814,0,0
71,RIGHT_EYE_INNER,0.5517227053642273,0.5005677938461304,0.1467197835445404,0,0
71,RIGHT_EYE,0.5531737804412842,0.500983476638794,0.1467340886592865,0,0
71,RIGHT_EYE_OUTER,0.5546959042549133,0.5013611912727356,0.1466975212097168,0,0
71,LEFT_EAR,0.5413511991500854,0.5021806359291077,0.08906624466180801,0,0
71,RIGHT_EAR,0.55533766746521,0.5042902231216431,0.08116139471530914,0,0
71,MOUTH_LEFT,0.5473067164421082,0.5121656656265259,0.14543680846691132,0,0
71,MOUTH_RIGHT,0.551902174949646,0.5140113234519958,0.14342202246189117,0,0
71,LEFT_SHOULDER,0.5188459157943726,0.5487882494926453,0.07549218833446503,0,0
71,RIGHT_SHOULDER,0.5707134008407593,0.55037921667099,0.015130829066038132,0,0
71,LEFT_ELBOW,0.5128023624420166,0.6104262471199036,0.10297106206417084,0,0
71,RIGHT_ELBOW,0.5737918615341187,0.6281629800796509,0.040998637676239014,0,0
71,LEFT_WRIST,0.52799391746521,0.6335210800170898,0.1428968906402588,0,0
71,RIGHT_WRIST,0.5582236647605896,0.6432831287384033,0.10374460369348526,0,0
71,LEFT_PINKY,0.531321108341217,0.6407762169837952,0.14706529676914215,0,0
71,RIGHT_PINKY,0.5533362030982971,0.6519469022750854,0.10920703411102295,0,0
71,LEFT_INDEX,0.5368210077285767,0.6365405321121216,0.14433540403842926,0,0
71,RIGHT_INDEX,0.5509889125823975,0.6460800766944885,0.1082780584692955,0,0
71,LEFT_THUMB,0.537190854549408,0.6333511471748352,0.1409931629896164,0,0
71,RIGHT_THUMB,0.5521637797355652,0.6436824202537537,0.10496003925800323,0,0
71,LEFT_HIP,0.5209105014801025,0.6790786385536194,0.0322086438536644,0,0
71,RIGHT_HIP,0.5499069094657898,0.6829821467399597,-0.03224535658955574,0,0
71,LEFT_KNEE,0.5051370859146118,0.756505012512207,0.030948927626013756,0,0
71,RIGHT_KNEE,0.5651996731758118,0.7631728053092957,-0.0036935224197804928,0,0
71,LEFT_ANKLE,0.47936683893203735,0.8569661974906921,0.017543375492095947,0,0
71,RIGHT_ANKLE,0.5646076202392578,0.8723684549331665,-0.00865832157433033,0,0
71,LEFT_HEEL,0.47811299562454224,0.8728408217430115,0.017183711752295494,0,0
71,RIGHT_HEEL,0.5592411756515503,0.8910003900527954,-0.008799214847385883,0,0
71,LEFT_FOOT_INDEX,0.4813023805618286,0.867563784122467,0.012557408772408962,0,0
71,RIGHT_FOOT_INDEX,0.5832730531692505,0.8810368776321411,-0.011168243363499641,0,0
72,NOSE,0.5535960793495178,0.5100409388542175,0.10844714939594269,0,0
72,LEFT_EYE_INNER,0.5505850315093994,0.5017564296722412,0.09588214010000229,0,0
72,LEFT_EYE,0.5489654541015625,0.5011510848999023,0.09589359164237976,0,0
72,LEFT_EYE_OUTER,0.5473926067352295,0.500681459903717,0.0958935096859932,0,0
72,RIGHT_EYE_INNER,0.5547978281974792,0.503360390663147,0.09006661921739578,0,0
72,RIGHT_EYE,0.5559633374214172,0.5037620067596436,0.09007563441991806,0,0
72,RIGHT_EYE_OUTER,0.5571301579475403,0.5041694641113281,0.09002485126256943,0,0
72,LEFT_EAR,0.5435556769371033,0.5041972994804382,0.05083704739809036,0,0
72,RIGHT_EAR,0.5563195943832397,0.5072941780090332,0.024195512756705284,0,0
72,MOUTH_LEFT,0.5506855249404907,0.5158747434616089,0.09579071402549744,0,0
72,MOUTH_RIGHT,0.5548447370529175,0.5177475810050964,0.0881650522351265,0,0
72,LEFT_SHOULDER,0.518696665763855,0.5526924729347229,0.058452919125556946,0,0
72,RIGHT_SHOULDER,0.5691783428192139,0.5535240173339844,-0.02762504667043686,0,0
72,LEFT_ELBOW,0.5129317045211792,0.6141751408576965,0.09697961062192917,0,0
72,RIGHT_ELBOW,0.5724107623100281,0.6328867077827454,0.00659539457410574,0,0
72,LEFT_WRIST,0.5301497578620911,0.6385176181793213,0.12745578587055206,0,0
72,RIGHT_WRIST,0.55991131067276,0.6548754572868347,0.08390972763299942,0,0
72,LEFT_PINKY,0.5332896113395691,0.6446807980537415,0.13417460024356842,0,0
72,RIGHT_PINKY,0.5558053255081177,0.664452075958252,0.09001991152763367,0,0
72,LEFT_INDEX,0.5386532545089722,0.6403364539146423,0.1296067237854004,0,0
72,RIGHT_INDEX,0.5539513230323792,0.660999059677124,0.0898822620511055,0,0
72,LEFT_THUMB,0.5390958786010742,0.6378642320632935,0.12605564296245575,0,0
72,RIGHT_THUMB,0.554840087890625,0.6561721563339233,0.08628613501787186,0,0
72,LEFT_HIP,0.5196011662483215,0.6843798756599426,0.033584438264369965,0,0
72,RIGHT_HIP,0.5484330654144287,0.6874220967292786,-0.03363869711756706,0,0
72,LEFT_KNEE,0.5050070881843567,0.7608474493026733,0.04764484241604805,0,0
72,RIGHT_KNEE,0.5644943118095398,0.7648978233337402,0.017091965302824974,0,0
72,LEFT_ANKLE,0.4811078608036041,0.8629619479179382,0.0553424097597599,0,0
72,RIGHT_ANKLE,0.5655285716056824,0.8705077171325684,0.04380253329873085,0,0
72,LEFT_HEEL,0.4805273711681366,0.8800102472305298,0.056883979588747025,0,0
72,RIGHT_HEEL,0.5598140358924866,0.8878921866416931,0.04757305607199669,0,0
72,LEFT_FOOT_INDEX,0.4805053472518921,0.8731749057769775,0.0541347973048687,0,0
72,RIGHT_FOOT_INDEX,0.5835503339767456,0.8810866475105286,0.047400910407304764,0,0
73,NOSE,0.5538251399993896,0.5140266418457031,0.08002308756113052,0,0
73,LEFT_EYE_INNER,0.5510768890380859,0.5054119825363159,0.07030515372753143,0,0
73,LEFT_EYE,0.5494304299354553,0.50478196144104,0.07031182199716568,0,0
73,LEFT_EYE_OUTER,0.5478057265281677,0.5042941570281982,0.07030047476291656,0,0
73,RIGHT_EYE_INNER,0.5552552938461304,0.5068218111991882,0.06224806234240532,0,0
73,RIGHT_EYE,0.5563877820968628,0.5071017146110535,0.062262117862701416,0,0
73,RIGHT_EYE_OUTER,0.5574986338615417,0.5074002742767334,0.06221330165863037,0,0
73,LEFT_EAR,0.5436574816703796,0.5072861909866333,0.0382159948348999,0,0
73,RIGHT_EAR,0.5564192533493042,0.5104407072067261,0.0021187260281294584,0,0
73,MOUTH_LEFT,0.5507509708404541,0.5195974707603455,0.07220124453306198,0,0
73,MOUTH_RIGHT,0.5548493266105652,0.5211899876594543,0.061719831079244614,0,0
73,LEFT_SHOULDER,0.5187916159629822,0.5549634099006653,0.057470206171274185,0,0
73,RIGHT_SHOULDER,0.5658197999000549,0.556388258934021,-0.05033283680677414,0,0
73,LEFT_ELBOW,0.5155214071273804,0.614785373210907,0.10787218064069748,0,0
73,RIGHT_ELBOW,0.5698559880256653,0.6324511766433716,-0.0359589084982872,0,0
73,LEFT_WRIST,0.5317245125770569,0.633062481880188,0.1293485313653946,0,0
73,RIGHT_WRIST,0.5609484910964966,0.6632481217384338,0.01733144372701645,0,0
73,LEFT_PINKY,0.5340387225151062,0.6372861862182617,0.14268988370895386,0,0
73,RIGHT_PINKY,0.5584171414375305,0.6742419004440308,0.01829424500465393,0,0
73,LEFT_INDEX,0.5391145348548889,0.6329978108406067,0.15015651285648346,0,0
73,RIGHT_INDEX,0.556572675704956,0.6719608306884766,0.020020462572574615,0,0
73,LEFT_THUMB,0.5398078560829163,0.6312565803527832,0.13977952301502228,0,0
73,RIGHT_THUMB,0.5566036701202393,0.6668490767478943,0.020051559433341026,0,0
73,LEFT_HIP,0.5172938704490662,0.685360848903656,0.03862860053777695,0,0
73,RIGHT_HIP,0.5452650785446167,0.6878432035446167,-0.038683243095874786,0,0
73,LEFT_KNEE,0.5051072835922241,0.7618641257286072,0.04556062072515488,0,0
73,RIGHT_KNEE,0.5630306601524353,0.7648623585700989,0.017911246046423912,0,0
73,LEFT_ANKLE,0.4810853600502014,0.8641931414604187,0.05333111062645912,0,0
73,RIGHT_ANKLE,0.565026581287384,0.8711402416229248,0.050324901938438416,0,0
73,LEFT_HEEL,0.4804299473762512,0.8821043372154236,0.05454107001423836,0,0
73,RIGHT_HEEL,0.5595881938934326,0.8883714079856873,0.054476503282785416,0,0
73,LEFT_FOOT_INDEX,0.4801673889160156,0.8741849064826965,0.04803190380334854,0,0
73,RIGHT_FOOT_INDEX,0.5835264325141907,0.8816525340080261,0.05168967694044113,0,0
74,NOSE,0.5553920269012451,0.5179808735847473,0.07277214527130127,0,0
74,LEFT_EYE_INNER,0.5528978109359741,0.5093369483947754,0.06679997593164444,0,0
74,LEFT_EYE,0.5513059496879578,0.5085239410400391,0.06680314987897873,0,0
74,LEFT_EYE_OUTER,0.549810528755188,0.507795512676239,0.06678863614797592,0,0
74,RIGHT_EYE_INNER,0.5564973950386047,0.5106185078620911,0.0557563416659832,0,0
74,RIGHT_EYE,0.5574195384979248,0.5107008218765259,0.05576677992939949,0,0
74,RIGHT_EYE_OUTER,0.5583277940750122,0.5108072757720947,0.055703576654195786,0,0
74,LEFT_EAR,0.5453016757965088,0.5093872547149658,0.04476494342088699,0,0
74,RIGHT_EAR,0.5566334128379822,0.5130676031112671,-0.0038933008909225464,0,0
74,MOUTH_LEFT,0.5522910952568054,0.523283839225769,0.06827840209007263,0,0
74,MOUTH_RIGHT,0.555846631526947,0.5245909094810486,0.0538666807115078,0,0
74,LEFT_SHOULDER,0.5191282629966736,0.5546444058418274,0.06797235459089279,0,0
74,RIGHT_SHOULDER,0.5619485974311829,0.5564091801643372,-0.06041611358523369,0,0
74,LEFT_ELBOW,0.5228277444839478,0.6168062090873718,0.1073044091463089,0,0
74,RIGHT_ELBOW,0.5677173137664795,0.6304821372032166,-0.06790207326412201,0,0
74,LEFT_WRIST,0.5372201204299927,0.6371861100196838,0.13003890216350555,0,0
74,RIGHT_WRIST,0.5643722414970398,0.6635480523109436,-0.03803103417158127,0,0
74,LEFT_PINKY,0.5390556454658508,0.6432594060897827,0.1367991417646408,0,0
74,RIGHT_PINKY,0.5643625855445862,0.6749402284622192,-0.04361284524202347,0,0
74,LEFT_INDEX,0.5433852076530457,0.6393178105354309,0.13137634098529816,0,0
74,RIGHT_INDEX,0.562684178352356,0.6709463596343994,-0.04121192917227745,0,0
74,LEFT_THUMB,0.5441410541534424,0.6372641324996948,0.12850405275821686,0,0
74,RIGHT_THUMB,0.5614170432090759,0.6666602492332458,-0.03586689382791519,0,0
74,LEFT_HIP,0.5167184472084045,0.6845334768295288,0.04461459815502167,0,0
74,RIGHT_HIP,0.5427840352058411,0.6868965029716492,-0.044665463268756866,0,0
74,LEFT_KNEE,0.5052980780601501,0.7637040019035339,0.053125057369470596,0,0
74,RIGHT_KNEE,0.5614493489265442,0.7667726874351501,0.00749007286503911,0,0
74,LEFT_ANKLE,0.4805942177772522,0.8659387230873108,0.06845902651548386,0,0
74,RIGHT_ANKLE,0.5647909641265869,0.8719242811203003,0.04463794082403183,0,0
74,LEFT_HEEL,0.4805566370487213,0.8829622864723206,0.06964421272277832,0,0
74,RIGHT_HEEL,0.558925449848175,0.8877959847450256,0.04839985445141792,0,0
74,LEFT_FOOT_INDEX,0.4785965383052826,0.8773553967475891,0.05463776737451553,0,0
74,RIGHT_FOOT_INDEX,0.5833889245986938,0.8820916414260864,0.03844081610441208,0,0
